target_index,t-100,t-99,t-98,t-97,t-96,t-95,t-94,t-93,t-92,t-91,t-90,t-89,t-88,t-87,t-86,t-85,t-84,t-83,t-82,t-81,t-80,t-79,t-78,t-77,t-76,t-75,t-74,t-73,t-72,t-71,t-70,t-69,t-68,t-67,t-66,t-65,t-64,t-63,t-62,t-61,t-60,t-59,t-58,t-57,t-56,t-55,t-54,t-53,t-52,t-51,t-50,t-49,t-48,t-47,t-46,t-45,t-44,t-43,t-42,t-41,t-40,t-39,t-38,t-37,t-36,t-35,t-34,t-33,t-32,t-31,t-30,t-29,t-28,t-27,t-26,t-25,t-24,t-23,t-22,t-21,t-20,t-19,t-18,t-17,t-16,t-15,t-14,t-13,t-12,t-11,t-10,t-9,t-8,t-7,t-6,t-5,t-4,t-3,t-2,t-1,target
100,1000,1005,1006,1014,1017,1021,1024,1029,1034,1040,1047,1050,1055,1061,1065,1083,1086,1090,1093,1097,1107,1110,1117,1118,1130,1133,1137,1150,1156,1161,1170,1175,1183,1189,1195,1199,1217,1222,1227,1244,1255,1264,1274,1281,1296,1305,1313,1318,1334,1340,1346,1393,1404,1409,1418,1426,1444,1450,1455,1459,1471,1476,1480,1497,1503,1509,1514,1519,1531,1535,1537,1541,1550,1554,1561,1576,1582,1587,1591,1595,1605,1611,1615,1617,1624,1626,1629,1641,1645,1648,1653,1658,1665,1673,1676,1680,1683,1688,1691,1701,1708
101,1005,1006,1014,1017,1021,1024,1029,1034,1040,1047,1050,1055,1061,1065,1083,1086,1090,1093,1097,1107,1110,1117,1118,1130,1133,1137,1150,1156,1161,1170,1175,1183,1189,1195,1199,1217,1222,1227,1244,1255,1264,1274,1281,1296,1305,1313,1318,1334,1340,1346,1393,1404,1409,1418,1426,1444,1450,1455,1459,1471,1476,1480,1497,1503,1509,1514,1519,1531,1535,1537,1541,1550,1554,1561,1576,1582,1587,1591,1595,1605,1611,1615,1617,1624,1626,1629,1641,1645,1648,1653,1658,1665,1673,1676,1680,1683,1688,1691,1701,1708,1712
102,1006,1014,1017,1021,1024,1029,1034,1040,1047,1050,1055,1061,1065,1083,1086,1090,1093,1097,1107,1110,1117,1118,1130,1133,1137,1150,1156,1161,1170,1175,1183,1189,1195,1199,1217,1222,1227,1244,1255,1264,1274,1281,1296,1305,1313,1318,1334,1340,1346,1393,1404,1409,1418,1426,1444,1450,1455,1459,1471,1476,1480,1497,1503,1509,1514,1519,1531,1535,1537,1541,1550,1554,1561,1576,1582,1587,1591,1595,1605,1611,1615,1617,1624,1626,1629,1641,1645,1648,1653,1658,1665,1673,1676,1680,1683,1688,1691,1701,1708,1712,1716
103,1014,1017,1021,1024,1029,1034,1040,1047,1050,1055,1061,1065,1083,1086,1090,1093,1097,1107,1110,1117,1118,1130,1133,1137,1150,1156,1161,1170,1175,1183,1189,1195,1199,1217,1222,1227,1244,1255,1264,1274,1281,1296,1305,1313,1318,1334,1340,1346,1393,1404,1409,1418,1426,1444,1450,1455,1459,1471,1476,1480,1497,1503,1509,1514,1519,1531,1535,1537,1541,1550,1554,1561,1576,1582,1587,1591,1595,1605,1611,1615,1617,1624,1626,1629,1641,1645,1648,1653,1658,1665,1673,1676,1680,1683,1688,1691,1701,1708,1712,1716,1722
104,1017,1021,1024,1029,1034,1040,1047,1050,1055,1061,1065,1083,1086,1090,1093,1097,1107,1110,1117,1118,1130,1133,1137,1150,1156,1161,1170,1175,1183,1189,1195,1199,1217,1222,1227,1244,1255,1264,1274,1281,1296,1305,1313,1318,1334,1340,1346,1393,1404,1409,1418,1426,1444,1450,1455,1459,1471,1476,1480,1497,1503,1509,1514,1519,1531,1535,1537,1541,1550,1554,1561,1576,1582,1587,1591,1595,1605,1611,1615,1617,1624,1626,1629,1641,1645,1648,1653,1658,1665,1673,1676,1680,1683,1688,1691,1701,1708,1712,1716,1722,1731
105,1021,1024,1029,1034,1040,1047,1050,1055,1061,1065,1083,1086,1090,1093,1097,1107,1110,1117,1118,1130,1133,1137,1150,1156,1161,1170,1175,1183,1189,1195,1199,1217,1222,1227,1244,1255,1264,1274,1281,1296,1305,1313,1318,1334,1340,1346,1393,1404,1409,1418,1426,1444,1450,1455,1459,1471,1476,1480,1497,1503,1509,1514,1519,1531,1535,1537,1541,1550,1554,1561,1576,1582,1587,1591,1595,1605,1611,1615,1617,1624,1626,1629,1641,1645,1648,1653,1658,1665,1673,1676,1680,1683,1688,1691,1701,1708,1712,1716,1722,1731,1736
106,1024,1029,1034,1040,1047,1050,1055,1061,1065,1083,1086,1090,1093,1097,1107,1110,1117,1118,1130,1133,1137,1150,1156,1161,1170,1175,1183,1189,1195,1199,1217,1222,1227,1244,1255,1264,1274,1281,1296,1305,1313,1318,1334,1340,1346,1393,1404,1409,1418,1426,1444,1450,1455,1459,1471,1476,1480,1497,1503,1509,1514,1519,1531,1535,1537,1541,1550,1554,1561,1576,1582,1587,1591,1595,1605,1611,1615,1617,1624,1626,1629,1641,1645,1648,1653,1658,1665,1673,1676,1680,1683,1688,1691,1701,1708,1712,1716,1722,1731,1736,1740
107,1029,1034,1040,1047,1050,1055,1061,1065,1083,1086,1090,1093,1097,1107,1110,1117,1118,1130,1133,1137,1150,1156,1161,1170,1175,1183,1189,1195,1199,1217,1222,1227,1244,1255,1264,1274,1281,1296,1305,1313,1318,1334,1340,1346,1393,1404,1409,1418,1426,1444,1450,1455,1459,1471,1476,1480,1497,1503,1509,1514,1519,1531,1535,1537,1541,1550,1554,1561,1576,1582,1587,1591,1595,1605,1611,1615,1617,1624,1626,1629,1641,1645,1648,1653,1658,1665,1673,1676,1680,1683,1688,1691,1701,1708,1712,1716,1722,1731,1736,1740,1742
108,1034,1040,1047,1050,1055,1061,1065,1083,1086,1090,1093,1097,1107,1110,1117,1118,1130,1133,1137,1150,1156,1161,1170,1175,1183,1189,1195,1199,1217,1222,1227,1244,1255,1264,1274,1281,1296,1305,1313,1318,1334,1340,1346,1393,1404,1409,1418,1426,1444,1450,1455,1459,1471,1476,1480,1497,1503,1509,1514,1519,1531,1535,1537,1541,1550,1554,1561,1576,1582,1587,1591,1595,1605,1611,1615,1617,1624,1626,1629,1641,1645,1648,1653,1658,1665,1673,1676,1680,1683,1688,1691,1701,1708,1712,1716,1722,1731,1736,1740,1742,1751
109,1040,1047,1050,1055,1061,1065,1083,1086,1090,1093,1097,1107,1110,1117,1118,1130,1133,1137,1150,1156,1161,1170,1175,1183,1189,1195,1199,1217,1222,1227,1244,1255,1264,1274,1281,1296,1305,1313,1318,1334,1340,1346,1393,1404,1409,1418,1426,1444,1450,1455,1459,1471,1476,1480,1497,1503,1509,1514,1519,1531,1535,1537,1541,1550,1554,1561,1576,1582,1587,1591,1595,1605,1611,1615,1617,1624,1626,1629,1641,1645,1648,1653,1658,1665,1673,1676,1680,1683,1688,1691,1701,1708,1712,1716,1722,1731,1736,1740,1742,1751,1754
110,1047,1050,1055,1061,1065,1083,1086,1090,1093,1097,1107,1110,1117,1118,1130,1133,1137,1150,1156,1161,1170,1175,1183,1189,1195,1199,1217,1222,1227,1244,1255,1264,1274,1281,1296,1305,1313,1318,1334,1340,1346,1393,1404,1409,1418,1426,1444,1450,1455,1459,1471,1476,1480,1497,1503,1509,1514,1519,1531,1535,1537,1541,1550,1554,1561,1576,1582,1587,1591,1595,1605,1611,1615,1617,1624,1626,1629,1641,1645,1648,1653,1658,1665,1673,1676,1680,1683,1688,1691,1701,1708,1712,1716,1722,1731,1736,1740,1742,1751,1754,1757
111,1050,1055,1061,1065,1083,1086,1090,1093,1097,1107,1110,1117,1118,1130,1133,1137,1150,1156,1161,1170,1175,1183,1189,1195,1199,1217,1222,1227,1244,1255,1264,1274,1281,1296,1305,1313,1318,1334,1340,1346,1393,1404,1409,1418,1426,1444,1450,1455,1459,1471,1476,1480,1497,1503,1509,1514,1519,1531,1535,1537,1541,1550,1554,1561,1576,1582,1587,1591,1595,1605,1611,1615,1617,1624,1626,1629,1641,1645,1648,1653,1658,1665,1673,1676,1680,1683,1688,1691,1701,1708,1712,1716,1722,1731,1736,1740,1742,1751,1754,1757,1767
112,1055,1061,1065,1083,1086,1090,1093,1097,1107,1110,1117,1118,1130,1133,1137,1150,1156,1161,1170,1175,1183,1189,1195,1199,1217,1222,1227,1244,1255,1264,1274,1281,1296,1305,1313,1318,1334,1340,1346,1393,1404,1409,1418,1426,1444,1450,1455,1459,1471,1476,1480,1497,1503,1509,1514,1519,1531,1535,1537,1541,1550,1554,1561,1576,1582,1587,1591,1595,1605,1611,1615,1617,1624,1626,1629,1641,1645,1648,1653,1658,1665,1673,1676,1680,1683,1688,1691,1701,1708,1712,1716,1722,1731,1736,1740,1742,1751,1754,1757,1767,1773
113,1061,1065,1083,1086,1090,1093,1097,1107,1110,1117,1118,1130,1133,1137,1150,1156,1161,1170,1175,1183,1189,1195,1199,1217,1222,1227,1244,1255,1264,1274,1281,1296,1305,1313,1318,1334,1340,1346,1393,1404,1409,1418,1426,1444,1450,1455,1459,1471,1476,1480,1497,1503,1509,1514,1519,1531,1535,1537,1541,1550,1554,1561,1576,1582,1587,1591,1595,1605,1611,1615,1617,1624,1626,1629,1641,1645,1648,1653,1658,1665,1673,1676,1680,1683,1688,1691,1701,1708,1712,1716,1722,1731,1736,1740,1742,1751,1754,1757,1767,1773,1779
114,1065,1083,1086,1090,1093,1097,1107,1110,1117,1118,1130,1133,1137,1150,1156,1161,1170,1175,1183,1189,1195,1199,1217,1222,1227,1244,1255,1264,1274,1281,1296,1305,1313,1318,1334,1340,1346,1393,1404,1409,1418,1426,1444,1450,1455,1459,1471,1476,1480,1497,1503,1509,1514,1519,1531,1535,1537,1541,1550,1554,1561,1576,1582,1587,1591,1595,1605,1611,1615,1617,1624,1626,1629,1641,1645,1648,1653,1658,1665,1673,1676,1680,1683,1688,1691,1701,1708,1712,1716,1722,1731,1736,1740,1742,1751,1754,1757,1767,1773,1779,1790
115,1083,1086,1090,1093,1097,1107,1110,1117,1118,1130,1133,1137,1150,1156,1161,1170,1175,1183,1189,1195,1199,1217,1222,1227,1244,1255,1264,1274,1281,1296,1305,1313,1318,1334,1340,1346,1393,1404,1409,1418,1426,1444,1450,1455,1459,1471,1476,1480,1497,1503,1509,1514,1519,1531,1535,1537,1541,1550,1554,1561,1576,1582,1587,1591,1595,1605,1611,1615,1617,1624,1626,1629,1641,1645,1648,1653,1658,1665,1673,1676,1680,1683,1688,1691,1701,1708,1712,1716,1722,1731,1736,1740,1742,1751,1754,1757,1767,1773,1779,1790,1795
116,1086,1090,1093,1097,1107,1110,1117,1118,1130,1133,1137,1150,1156,1161,1170,1175,1183,1189,1195,1199,1217,1222,1227,1244,1255,1264,1274,1281,1296,1305,1313,1318,1334,1340,1346,1393,1404,1409,1418,1426,1444,1450,1455,1459,1471,1476,1480,1497,1503,1509,1514,1519,1531,1535,1537,1541,1550,1554,1561,1576,1582,1587,1591,1595,1605,1611,1615,1617,1624,1626,1629,1641,1645,1648,1653,1658,1665,1673,1676,1680,1683,1688,1691,1701,1708,1712,1716,1722,1731,1736,1740,1742,1751,1754,1757,1767,1773,1779,1790,1795,1803
117,1090,1093,1097,1107,1110,1117,1118,1130,1133,1137,1150,1156,1161,1170,1175,1183,1189,1195,1199,1217,1222,1227,1244,1255,1264,1274,1281,1296,1305,1313,1318,1334,1340,1346,1393,1404,1409,1418,1426,1444,1450,1455,1459,1471,1476,1480,1497,1503,1509,1514,1519,1531,1535,1537,1541,1550,1554,1561,1576,1582,1587,1591,1595,1605,1611,1615,1617,1624,1626,1629,1641,1645,1648,1653,1658,1665,1673,1676,1680,1683,1688,1691,1701,1708,1712,1716,1722,1731,1736,1740,1742,1751,1754,1757,1767,1773,1779,1790,1795,1803,1811
118,1093,1097,1107,1110,1117,1118,1130,1133,1137,1150,1156,1161,1170,1175,1183,1189,1195,1199,1217,1222,1227,1244,1255,1264,1274,1281,1296,1305,1313,1318,1334,1340,1346,1393,1404,1409,1418,1426,1444,1450,1455,1459,1471,1476,1480,1497,1503,1509,1514,1519,1531,1535,1537,1541,1550,1554,1561,1576,1582,1587,1591,1595,1605,1611,1615,1617,1624,1626,1629,1641,1645,1648,1653,1658,1665,1673,1676,1680,1683,1688,1691,1701,1708,1712,1716,1722,1731,1736,1740,1742,1751,1754,1757,1767,1773,1779,1790,1795,1803,1811,1815
119,1097,1107,1110,1117,1118,1130,1133,1137,1150,1156,1161,1170,1175,1183,1189,1195,1199,1217,1222,1227,1244,1255,1264,1274,1281,1296,1305,1313,1318,1334,1340,1346,1393,1404,1409,1418,1426,1444,1450,1455,1459,1471,1476,1480,1497,1503,1509,1514,1519,1531,1535,1537,1541,1550,1554,1561,1576,1582,1587,1591,1595,1605,1611,1615,1617,1624,1626,1629,1641,1645,1648,1653,1658,1665,1673,1676,1680,1683,1688,1691,1701,1708,1712,1716,1722,1731,1736,1740,1742,1751,1754,1757,1767,1773,1779,1790,1795,1803,1811,1815,1821
120,1107,1110,1117,1118,1130,1133,1137,1150,1156,1161,1170,1175,1183,1189,1195,1199,1217,1222,1227,1244,1255,1264,1274,1281,1296,1305,1313,1318,1334,1340,1346,1393,1404,1409,1418,1426,1444,1450,1455,1459,1471,1476,1480,1497,1503,1509,1514,1519,1531,1535,1537,1541,1550,1554,1561,1576,1582,1587,1591,1595,1605,1611,1615,1617,1624,1626,1629,1641,1645,1648,1653,1658,1665,1673,1676,1680,1683,1688,1691,1701,1708,1712,1716,1722,1731,1736,1740,1742,1751,1754,1757,1767,1773,1779,1790,1795,1803,1811,1815,1821,1834
121,1110,1117,1118,1130,1133,1137,1150,1156,1161,1170,1175,1183,1189,1195,1199,1217,1222,1227,1244,1255,1264,1274,1281,1296,1305,1313,1318,1334,1340,1346,1393,1404,1409,1418,1426,1444,1450,1455,1459,1471,1476,1480,1497,1503,1509,1514,1519,1531,1535,1537,1541,1550,1554,1561,1576,1582,1587,1591,1595,1605,1611,1615,1617,1624,1626,1629,1641,1645,1648,1653,1658,1665,1673,1676,1680,1683,1688,1691,1701,1708,1712,1716,1722,1731,1736,1740,1742,1751,1754,1757,1767,1773,1779,1790,1795,1803,1811,1815,1821,1834,1839
122,1117,1118,1130,1133,1137,1150,1156,1161,1170,1175,1183,1189,1195,1199,1217,1222,1227,1244,1255,1264,1274,1281,1296,1305,1313,1318,1334,1340,1346,1393,1404,1409,1418,1426,1444,1450,1455,1459,1471,1476,1480,1497,1503,1509,1514,1519,1531,1535,1537,1541,1550,1554,1561,1576,1582,1587,1591,1595,1605,1611,1615,1617,1624,1626,1629,1641,1645,1648,1653,1658,1665,1673,1676,1680,1683,1688,1691,1701,1708,1712,1716,1722,1731,1736,1740,1742,1751,1754,1757,1767,1773,1779,1790,1795,1803,1811,1815,1821,1834,1839,1841
123,1118,1130,1133,1137,1150,1156,1161,1170,1175,1183,1189,1195,1199,1217,1222,1227,1244,1255,1264,1274,1281,1296,1305,1313,1318,1334,1340,1346,1393,1404,1409,1418,1426,1444,1450,1455,1459,1471,1476,1480,1497,1503,1509,1514,1519,1531,1535,1537,1541,1550,1554,1561,1576,1582,1587,1591,1595,1605,1611,1615,1617,1624,1626,1629,1641,1645,1648,1653,1658,1665,1673,1676,1680,1683,1688,1691,1701,1708,1712,1716,1722,1731,1736,1740,1742,1751,1754,1757,1767,1773,1779,1790,1795,1803,1811,1815,1821,1834,1839,1841,1855
124,1130,1133,1137,1150,1156,1161,1170,1175,1183,1189,1195,1199,1217,1222,1227,1244,1255,1264,1274,1281,1296,1305,1313,1318,1334,1340,1346,1393,1404,1409,1418,1426,1444,1450,1455,1459,1471,1476,1480,1497,1503,1509,1514,1519,1531,1535,1537,1541,1550,1554,1561,1576,1582,1587,1591,1595,1605,1611,1615,1617,1624,1626,1629,1641,1645,1648,1653,1658,1665,1673,1676,1680,1683,1688,1691,1701,1708,1712,1716,1722,1731,1736,1740,1742,1751,1754,1757,1767,1773,1779,1790,1795,1803,1811,1815,1821,1834,1839,1841,1855,1861
125,1133,1137,1150,1156,1161,1170,1175,1183,1189,1195,1199,1217,1222,1227,1244,1255,1264,1274,1281,1296,1305,1313,1318,1334,1340,1346,1393,1404,1409,1418,1426,1444,1450,1455,1459,1471,1476,1480,1497,1503,1509,1514,1519,1531,1535,1537,1541,1550,1554,1561,1576,1582,1587,1591,1595,1605,1611,1615,1617,1624,1626,1629,1641,1645,1648,1653,1658,1665,1673,1676,1680,1683,1688,1691,1701,1708,1712,1716,1722,1731,1736,1740,1742,1751,1754,1757,1767,1773,1779,1790,1795,1803,1811,1815,1821,1834,1839,1841,1855,1861,1867
126,1137,1150,1156,1161,1170,1175,1183,1189,1195,1199,1217,1222,1227,1244,1255,1264,1274,1281,1296,1305,1313,1318,1334,1340,1346,1393,1404,1409,1418,1426,1444,1450,1455,1459,1471,1476,1480,1497,1503,1509,1514,1519,1531,1535,1537,1541,1550,1554,1561,1576,1582,1587,1591,1595,1605,1611,1615,1617,1624,1626,1629,1641,1645,1648,1653,1658,1665,1673,1676,1680,1683,1688,1691,1701,1708,1712,1716,1722,1731,1736,1740,1742,1751,1754,1757,1767,1773,1779,1790,1795,1803,1811,1815,1821,1834,1839,1841,1855,1861,1867,1871
127,1150,1156,1161,1170,1175,1183,1189,1195,1199,1217,1222,1227,1244,1255,1264,1274,1281,1296,1305,1313,1318,1334,1340,1346,1393,1404,1409,1418,1426,1444,1450,1455,1459,1471,1476,1480,1497,1503,1509,1514,1519,1531,1535,1537,1541,1550,1554,1561,1576,1582,1587,1591,1595,1605,1611,1615,1617,1624,1626,1629,1641,1645,1648,1653,1658,1665,1673,1676,1680,1683,1688,1691,1701,1708,1712,1716,1722,1731,1736,1740,1742,1751,1754,1757,1767,1773,1779,1790,1795,1803,1811,1815,1821,1834,1839,1841,1855,1861,1867,1871,1876
128,1156,1161,1170,1175,1183,1189,1195,1199,1217,1222,1227,1244,1255,1264,1274,1281,1296,1305,1313,1318,1334,1340,1346,1393,1404,1409,1418,1426,1444,1450,1455,1459,1471,1476,1480,1497,1503,1509,1514,1519,1531,1535,1537,1541,1550,1554,1561,1576,1582,1587,1591,1595,1605,1611,1615,1617,1624,1626,1629,1641,1645,1648,1653,1658,1665,1673,1676,1680,1683,1688,1691,1701,1708,1712,1716,1722,1731,1736,1740,1742,1751,1754,1757,1767,1773,1779,1790,1795,1803,1811,1815,1821,1834,1839,1841,1855,1861,1867,1871,1876,1883
129,1161,1170,1175,1183,1189,1195,1199,1217,1222,1227,1244,1255,1264,1274,1281,1296,1305,1313,1318,1334,1340,1346,1393,1404,1409,1418,1426,1444,1450,1455,1459,1471,1476,1480,1497,1503,1509,1514,1519,1531,1535,1537,1541,1550,1554,1561,1576,1582,1587,1591,1595,1605,1611,1615,1617,1624,1626,1629,1641,1645,1648,1653,1658,1665,1673,1676,1680,1683,1688,1691,1701,1708,1712,1716,1722,1731,1736,1740,1742,1751,1754,1757,1767,1773,1779,1790,1795,1803,1811,1815,1821,1834,1839,1841,1855,1861,1867,1871,1876,1883,1892
130,1170,1175,1183,1189,1195,1199,1217,1222,1227,1244,1255,1264,1274,1281,1296,1305,1313,1318,1334,1340,1346,1393,1404,1409,1418,1426,1444,1450,1455,1459,1471,1476,1480,1497,1503,1509,1514,1519,1531,1535,1537,1541,1550,1554,1561,1576,1582,1587,1591,1595,1605,1611,1615,1617,1624,1626,1629,1641,1645,1648,1653,1658,1665,1673,1676,1680,1683,1688,1691,1701,1708,1712,1716,1722,1731,1736,1740,1742,1751,1754,1757,1767,1773,1779,1790,1795,1803,1811,1815,1821,1834,1839,1841,1855,1861,1867,1871,1876,1883,1892,1898
131,1175,1183,1189,1195,1199,1217,1222,1227,1244,1255,1264,1274,1281,1296,1305,1313,1318,1334,1340,1346,1393,1404,1409,1418,1426,1444,1450,1455,1459,1471,1476,1480,1497,1503,1509,1514,1519,1531,1535,1537,1541,1550,1554,1561,1576,1582,1587,1591,1595,1605,1611,1615,1617,1624,1626,1629,1641,1645,1648,1653,1658,1665,1673,1676,1680,1683,1688,1691,1701,1708,1712,1716,1722,1731,1736,1740,1742,1751,1754,1757,1767,1773,1779,1790,1795,1803,1811,1815,1821,1834,1839,1841,1855,1861,1867,1871,1876,1883,1892,1898,1901
132,1183,1189,1195,1199,1217,1222,1227,1244,1255,1264,1274,1281,1296,1305,1313,1318,1334,1340,1346,1393,1404,1409,1418,1426,1444,1450,1455,1459,1471,1476,1480,1497,1503,1509,1514,1519,1531,1535,1537,1541,1550,1554,1561,1576,1582,1587,1591,1595,1605,1611,1615,1617,1624,1626,1629,1641,1645,1648,1653,1658,1665,1673,1676,1680,1683,1688,1691,1701,1708,1712,1716,1722,1731,1736,1740,1742,1751,1754,1757,1767,1773,1779,1790,1795,1803,1811,1815,1821,1834,1839,1841,1855,1861,1867,1871,1876,1883,1892,1898,1901,1911
133,1189,1195,1199,1217,1222,1227,1244,1255,1264,1274,1281,1296,1305,1313,1318,1334,1340,1346,1393,1404,1409,1418,1426,1444,1450,1455,1459,1471,1476,1480,1497,1503,1509,1514,1519,1531,1535,1537,1541,1550,1554,1561,1576,1582,1587,1591,1595,1605,1611,1615,1617,1624,1626,1629,1641,1645,1648,1653,1658,1665,1673,1676,1680,1683,1688,1691,1701,1708,1712,1716,1722,1731,1736,1740,1742,1751,1754,1757,1767,1773,1779,1790,1795,1803,1811,1815,1821,1834,1839,1841,1855,1861,1867,1871,1876,1883,1892,1898,1901,1911,1916
134,1195,1199,1217,1222,1227,1244,1255,1264,1274,1281,1296,1305,1313,1318,1334,1340,1346,1393,1404,1409,1418,1426,1444,1450,1455,1459,1471,1476,1480,1497,1503,1509,1514,1519,1531,1535,1537,1541,1550,1554,1561,1576,1582,1587,1591,1595,1605,1611,1615,1617,1624,1626,1629,1641,1645,1648,1653,1658,1665,1673,1676,1680,1683,1688,1691,1701,1708,1712,1716,1722,1731,1736,1740,1742,1751,1754,1757,1767,1773,1779,1790,1795,1803,1811,1815,1821,1834,1839,1841,1855,1861,1867,1871,1876,1883,1892,1898,1901,1911,1916,1919
135,1199,1217,1222,1227,1244,1255,1264,1274,1281,1296,1305,1313,1318,1334,1340,1346,1393,1404,1409,1418,1426,1444,1450,1455,1459,1471,1476,1480,1497,1503,1509,1514,1519,1531,1535,1537,1541,1550,1554,1561,1576,1582,1587,1591,1595,1605,1611,1615,1617,1624,1626,1629,1641,1645,1648,1653,1658,1665,1673,1676,1680,1683,1688,1691,1701,1708,1712,1716,1722,1731,1736,1740,1742,1751,1754,1757,1767,1773,1779,1790,1795,1803,1811,1815,1821,1834,1839,1841,1855,1861,1867,1871,1876,1883,1892,1898,1901,1911,1916,1919,1937
136,1217,1222,1227,1244,1255,1264,1274,1281,1296,1305,1313,1318,1334,1340,1346,1393,1404,1409,1418,1426,1444,1450,1455,1459,1471,1476,1480,1497,1503,1509,1514,1519,1531,1535,1537,1541,1550,1554,1561,1576,1582,1587,1591,1595,1605,1611,1615,1617,1624,1626,1629,1641,1645,1648,1653,1658,1665,1673,1676,1680,1683,1688,1691,1701,1708,1712,1716,1722,1731,1736,1740,1742,1751,1754,1757,1767,1773,1779,1790,1795,1803,1811,1815,1821,1834,1839,1841,1855,1861,1867,1871,1876,1883,1892,1898,1901,1911,1916,1919,1937,1947
137,1222,1227,1244,1255,1264,1274,1281,1296,1305,1313,1318,1334,1340,1346,1393,1404,1409,1418,1426,1444,1450,1455,1459,1471,1476,1480,1497,1503,1509,1514,1519,1531,1535,1537,1541,1550,1554,1561,1576,1582,1587,1591,1595,1605,1611,1615,1617,1624,1626,1629,1641,1645,1648,1653,1658,1665,1673,1676,1680,1683,1688,1691,1701,1708,1712,1716,1722,1731,1736,1740,1742,1751,1754,1757,1767,1773,1779,1790,1795,1803,1811,1815,1821,1834,1839,1841,1855,1861,1867,1871,1876,1883,1892,1898,1901,1911,1916,1919,1937,1947,1952
138,1227,1244,1255,1264,1274,1281,1296,1305,1313,1318,1334,1340,1346,1393,1404,1409,1418,1426,1444,1450,1455,1459,1471,1476,1480,1497,1503,1509,1514,1519,1531,1535,1537,1541,1550,1554,1561,1576,1582,1587,1591,1595,1605,1611,1615,1617,1624,1626,1629,1641,1645,1648,1653,1658,1665,1673,1676,1680,1683,1688,1691,1701,1708,1712,1716,1722,1731,1736,1740,1742,1751,1754,1757,1767,1773,1779,1790,1795,1803,1811,1815,1821,1834,1839,1841,1855,1861,1867,1871,1876,1883,1892,1898,1901,1911,1916,1919,1937,1947,1952,1956
139,1244,1255,1264,1274,1281,1296,1305,1313,1318,1334,1340,1346,1393,1404,1409,1418,1426,1444,1450,1455,1459,1471,1476,1480,1497,1503,1509,1514,1519,1531,1535,1537,1541,1550,1554,1561,1576,1582,1587,1591,1595,1605,1611,1615,1617,1624,1626,1629,1641,1645,1648,1653,1658,1665,1673,1676,1680,1683,1688,1691,1701,1708,1712,1716,1722,1731,1736,1740,1742,1751,1754,1757,1767,1773,1779,1790,1795,1803,1811,1815,1821,1834,1839,1841,1855,1861,1867,1871,1876,1883,1892,1898,1901,1911,1916,1919,1937,1947,1952,1956,1966
140,1255,1264,1274,1281,1296,1305,1313,1318,1334,1340,1346,1393,1404,1409,1418,1426,1444,1450,1455,1459,1471,1476,1480,1497,1503,1509,1514,1519,1531,1535,1537,1541,1550,1554,1561,1576,1582,1587,1591,1595,1605,1611,1615,1617,1624,1626,1629,1641,1645,1648,1653,1658,1665,1673,1676,1680,1683,1688,1691,1701,1708,1712,1716,1722,1731,1736,1740,1742,1751,1754,1757,1767,1773,1779,1790,1795,1803,1811,1815,1821,1834,1839,1841,1855,1861,1867,1871,1876,1883,1892,1898,1901,1911,1916,1919,1937,1947,1952,1956,1966,1974
141,1264,1274,1281,1296,1305,1313,1318,1334,1340,1346,1393,1404,1409,1418,1426,1444,1450,1455,1459,1471,1476,1480,1497,1503,1509,1514,1519,1531,1535,1537,1541,1550,1554,1561,1576,1582,1587,1591,1595,1605,1611,1615,1617,1624,1626,1629,1641,1645,1648,1653,1658,1665,1673,1676,1680,1683,1688,1691,1701,1708,1712,1716,1722,1731,1736,1740,1742,1751,1754,1757,1767,1773,1779,1790,1795,1803,1811,1815,1821,1834,1839,1841,1855,1861,1867,1871,1876,1883,1892,1898,1901,1911,1916,1919,1937,1947,1952,1956,1966,1974,1983
142,1274,1281,1296,1305,1313,1318,1334,1340,1346,1393,1404,1409,1418,1426,1444,1450,1455,1459,1471,1476,1480,1497,1503,1509,1514,1519,1531,1535,1537,1541,1550,1554,1561,1576,1582,1587,1591,1595,1605,1611,1615,1617,1624,1626,1629,1641,1645,1648,1653,1658,1665,1673,1676,1680,1683,1688,1691,1701,1708,1712,1716,1722,1731,1736,1740,1742,1751,1754,1757,1767,1773,1779,1790,1795,1803,1811,1815,1821,1834,1839,1841,1855,1861,1867,1871,1876,1883,1892,1898,1901,1911,1916,1919,1937,1947,1952,1956,1966,1974,1983,1986
143,1281,1296,1305,1313,1318,1334,1340,1346,1393,1404,1409,1418,1426,1444,1450,1455,1459,1471,1476,1480,1497,1503,1509,1514,1519,1531,1535,1537,1541,1550,1554,1561,1576,1582,1587,1591,1595,1605,1611,1615,1617,1624,1626,1629,1641,1645,1648,1653,1658,1665,1673,1676,1680,1683,1688,1691,1701,1708,1712,1716,1722,1731,1736,1740,1742,1751,1754,1757,1767,1773,1779,1790,1795,1803,1811,1815,1821,1834,1839,1841,1855,1861,1867,1871,1876,1883,1892,1898,1901,1911,1916,1919,1937,1947,1952,1956,1966,1974,1983,1986,1990
144,1296,1305,1313,1318,1334,1340,1346,1393,1404,1409,1418,1426,1444,1450,1455,1459,1471,1476,1480,1497,1503,1509,1514,1519,1531,1535,1537,1541,1550,1554,1561,1576,1582,1587,1591,1595,1605,1611,1615,1617,1624,1626,1629,1641,1645,1648,1653,1658,1665,1673,1676,1680,1683,1688,1691,1701,1708,1712,1716,1722,1731,1736,1740,1742,1751,1754,1757,1767,1773,1779,1790,1795,1803,1811,1815,1821,1834,1839,1841,1855,1861,1867,1871,1876,1883,1892,1898,1901,1911,1916,1919,1937,1947,1952,1956,1966,1974,1983,1986,1990,1997
145,1305,1313,1318,1334,1340,1346,1393,1404,1409,1418,1426,1444,1450,1455,1459,1471,1476,1480,1497,1503,1509,1514,1519,1531,1535,1537,1541,1550,1554,1561,1576,1582,1587,1591,1595,1605,1611,1615,1617,1624,1626,1629,1641,1645,1648,1653,1658,1665,1673,1676,1680,1683,1688,1691,1701,1708,1712,1716,1722,1731,1736,1740,1742,1751,1754,1757,1767,1773,1779,1790,1795,1803,1811,1815,1821,1834,1839,1841,1855,1861,1867,1871,1876,1883,1892,1898,1901,1911,1916,1919,1937,1947,1952,1956,1966,1974,1983,1986,1990,1997,2001
146,1313,1318,1334,1340,1346,1393,1404,1409,1418,1426,1444,1450,1455,1459,1471,1476,1480,1497,1503,1509,1514,1519,1531,1535,1537,1541,1550,1554,1561,1576,1582,1587,1591,1595,1605,1611,1615,1617,1624,1626,1629,1641,1645,1648,1653,1658,1665,1673,1676,1680,1683,1688,1691,1701,1708,1712,1716,1722,1731,1736,1740,1742,1751,1754,1757,1767,1773,1779,1790,1795,1803,1811,1815,1821,1834,1839,1841,1855,1861,1867,1871,1876,1883,1892,1898,1901,1911,1916,1919,1937,1947,1952,1956,1966,1974,1983,1986,1990,1997,2001,2007
147,1318,1334,1340,1346,1393,1404,1409,1418,1426,1444,1450,1455,1459,1471,1476,1480,1497,1503,1509,1514,1519,1531,1535,1537,1541,1550,1554,1561,1576,1582,1587,1591,1595,1605,1611,1615,1617,1624,1626,1629,1641,1645,1648,1653,1658,1665,1673,1676,1680,1683,1688,1691,1701,1708,1712,1716,1722,1731,1736,1740,1742,1751,1754,1757,1767,1773,1779,1790,1795,1803,1811,1815,1821,1834,1839,1841,1855,1861,1867,1871,1876,1883,1892,1898,1901,1911,1916,1919,1937,1947,1952,1956,1966,1974,1983,1986,1990,1997,2001,2007,2026
148,1334,1340,1346,1393,1404,1409,1418,1426,1444,1450,1455,1459,1471,1476,1480,1497,1503,1509,1514,1519,1531,1535,1537,1541,1550,1554,1561,1576,1582,1587,1591,1595,1605,1611,1615,1617,1624,1626,1629,1641,1645,1648,1653,1658,1665,1673,1676,1680,1683,1688,1691,1701,1708,1712,1716,1722,1731,1736,1740,1742,1751,1754,1757,1767,1773,1779,1790,1795,1803,1811,1815,1821,1834,1839,1841,1855,1861,1867,1871,1876,1883,1892,1898,1901,1911,1916,1919,1937,1947,1952,1956,1966,1974,1983,1986,1990,1997,2001,2007,2026,2033
149,1340,1346,1393,1404,1409,1418,1426,1444,1450,1455,1459,1471,1476,1480,1497,1503,1509,1514,1519,1531,1535,1537,1541,1550,1554,1561,1576,1582,1587,1591,1595,1605,1611,1615,1617,1624,1626,1629,1641,1645,1648,1653,1658,1665,1673,1676,1680,1683,1688,1691,1701,1708,1712,1716,1722,1731,1736,1740,1742,1751,1754,1757,1767,1773,1779,1790,1795,1803,1811,1815,1821,1834,1839,1841,1855,1861,1867,1871,1876,1883,1892,1898,1901,1911,1916,1919,1937,1947,1952,1956,1966,1974,1983,1986,1990,1997,2001,2007,2026,2033,2038
150,1346,1393,1404,1409,1418,1426,1444,1450,1455,1459,1471,1476,1480,1497,1503,1509,1514,1519,1531,1535,1537,1541,1550,1554,1561,1576,1582,1587,1591,1595,1605,1611,1615,1617,1624,1626,1629,1641,1645,1648,1653,1658,1665,1673,1676,1680,1683,1688,1691,1701,1708,1712,1716,1722,1731,1736,1740,1742,1751,1754,1757,1767,1773,1779,1790,1795,1803,1811,1815,1821,1834,1839,1841,1855,1861,1867,1871,1876,1883,1892,1898,1901,1911,1916,1919,1937,1947,1952,1956,1966,1974,1983,1986,1990,1997,2001,2007,2026,2033,2038,2044
151,1393,1404,1409,1418,1426,1444,1450,1455,1459,1471,1476,1480,1497,1503,1509,1514,1519,1531,1535,1537,1541,1550,1554,1561,1576,1582,1587,1591,1595,1605,1611,1615,1617,1624,1626,1629,1641,1645,1648,1653,1658,1665,1673,1676,1680,1683,1688,1691,1701,1708,1712,1716,1722,1731,1736,1740,1742,1751,1754,1757,1767,1773,1779,1790,1795,1803,1811,1815,1821,1834,1839,1841,1855,1861,1867,1871,1876,1883,1892,1898,1901,1911,1916,1919,1937,1947,1952,1956,1966,1974,1983,1986,1990,1997,2001,2007,2026,2033,2038,2044,2048
152,1404,1409,1418,1426,1444,1450,1455,1459,1471,1476,1480,1497,1503,1509,1514,1519,1531,1535,1537,1541,1550,1554,1561,1576,1582,1587,1591,1595,1605,1611,1615,1617,1624,1626,1629,1641,1645,1648,1653,1658,1665,1673,1676,1680,1683,1688,1691,1701,1708,1712,1716,1722,1731,1736,1740,1742,1751,1754,1757,1767,1773,1779,1790,1795,1803,1811,1815,1821,1834,1839,1841,1855,1861,1867,1871,1876,1883,1892,1898,1901,1911,1916,1919,1937,1947,1952,1956,1966,1974,1983,1986,1990,1997,2001,2007,2026,2033,2038,2044,2048,2057
153,1409,1418,1426,1444,1450,1455,1459,1471,1476,1480,1497,1503,1509,1514,1519,1531,1535,1537,1541,1550,1554,1561,1576,1582,1587,1591,1595,1605,1611,1615,1617,1624,1626,1629,1641,1645,1648,1653,1658,1665,1673,1676,1680,1683,1688,1691,1701,1708,1712,1716,1722,1731,1736,1740,1742,1751,1754,1757,1767,1773,1779,1790,1795,1803,1811,1815,1821,1834,1839,1841,1855,1861,1867,1871,1876,1883,1892,1898,1901,1911,1916,1919,1937,1947,1952,1956,1966,1974,1983,1986,1990,1997,2001,2007,2026,2033,2038,2044,2048,2057,2066
154,1418,1426,1444,1450,1455,1459,1471,1476,1480,1497,1503,1509,1514,1519,1531,1535,1537,1541,1550,1554,1561,1576,1582,1587,1591,1595,1605,1611,1615,1617,1624,1626,1629,1641,1645,1648,1653,1658,1665,1673,1676,1680,1683,1688,1691,1701,1708,1712,1716,1722,1731,1736,1740,1742,1751,1754,1757,1767,1773,1779,1790,1795,1803,1811,1815,1821,1834,1839,1841,1855,1861,1867,1871,1876,1883,1892,1898,1901,1911,1916,1919,1937,1947,1952,1956,1966,1974,1983,1986,1990,1997,2001,2007,2026,2033,2038,2044,2048,2057,2066,2072
155,1426,1444,1450,1455,1459,1471,1476,1480,1497,1503,1509,1514,1519,1531,1535,1537,1541,1550,1554,1561,1576,1582,1587,1591,1595,1605,1611,1615,1617,1624,1626,1629,1641,1645,1648,1653,1658,1665,1673,1676,1680,1683,1688,1691,1701,1708,1712,1716,1722,1731,1736,1740,1742,1751,1754,1757,1767,1773,1779,1790,1795,1803,1811,1815,1821,1834,1839,1841,1855,1861,1867,1871,1876,1883,1892,1898,1901,1911,1916,1919,1937,1947,1952,1956,1966,1974,1983,1986,1990,1997,2001,2007,2026,2033,2038,2044,2048,2057,2066,2072,2075
156,1444,1450,1455,1459,1471,1476,1480,1497,1503,1509,1514,1519,1531,1535,1537,1541,1550,1554,1561,1576,1582,1587,1591,1595,1605,1611,1615,1617,1624,1626,1629,1641,1645,1648,1653,1658,1665,1673,1676,1680,1683,1688,1691,1701,1708,1712,1716,1722,1731,1736,1740,1742,1751,1754,1757,1767,1773,1779,1790,1795,1803,1811,1815,1821,1834,1839,1841,1855,1861,1867,1871,1876,1883,1892,1898,1901,1911,1916,1919,1937,1947,1952,1956,1966,1974,1983,1986,1990,1997,2001,2007,2026,2033,2038,2044,2048,2057,2066,2072,2075,2085
157,1450,1455,1459,1471,1476,1480,1497,1503,1509,1514,1519,1531,1535,1537,1541,1550,1554,1561,1576,1582,1587,1591,1595,1605,1611,1615,1617,1624,1626,1629,1641,1645,1648,1653,1658,1665,1673,1676,1680,1683,1688,1691,1701,1708,1712,1716,1722,1731,1736,1740,1742,1751,1754,1757,1767,1773,1779,1790,1795,1803,1811,1815,1821,1834,1839,1841,1855,1861,1867,1871,1876,1883,1892,1898,1901,1911,1916,1919,1937,1947,1952,1956,1966,1974,1983,1986,1990,1997,2001,2007,2026,2033,2038,2044,2048,2057,2066,2072,2075,2085,2093
158,1455,1459,1471,1476,1480,1497,1503,1509,1514,1519,1531,1535,1537,1541,1550,1554,1561,1576,1582,1587,1591,1595,1605,1611,1615,1617,1624,1626,1629,1641,1645,1648,1653,1658,1665,1673,1676,1680,1683,1688,1691,1701,1708,1712,1716,1722,1731,1736,1740,1742,1751,1754,1757,1767,1773,1779,1790,1795,1803,1811,1815,1821,1834,1839,1841,1855,1861,1867,1871,1876,1883,1892,1898,1901,1911,1916,1919,1937,1947,1952,1956,1966,1974,1983,1986,1990,1997,2001,2007,2026,2033,2038,2044,2048,2057,2066,2072,2075,2085,2093,2098
159,1459,1471,1476,1480,1497,1503,1509,1514,1519,1531,1535,1537,1541,1550,1554,1561,1576,1582,1587,1591,1595,1605,1611,1615,1617,1624,1626,1629,1641,1645,1648,1653,1658,1665,1673,1676,1680,1683,1688,1691,1701,1708,1712,1716,1722,1731,1736,1740,1742,1751,1754,1757,1767,1773,1779,1790,1795,1803,1811,1815,1821,1834,1839,1841,1855,1861,1867,1871,1876,1883,1892,1898,1901,1911,1916,1919,1937,1947,1952,1956,1966,1974,1983,1986,1990,1997,2001,2007,2026,2033,2038,2044,2048,2057,2066,2072,2075,2085,2093,2098,2109
160,1471,1476,1480,1497,1503,1509,1514,1519,1531,1535,1537,1541,1550,1554,1561,1576,1582,1587,1591,1595,1605,1611,1615,1617,1624,1626,1629,1641,1645,1648,1653,1658,1665,1673,1676,1680,1683,1688,1691,1701,1708,1712,1716,1722,1731,1736,1740,1742,1751,1754,1757,1767,1773,1779,1790,1795,1803,1811,1815,1821,1834,1839,1841,1855,1861,1867,1871,1876,1883,1892,1898,1901,1911,1916,1919,1937,1947,1952,1956,1966,1974,1983,1986,1990,1997,2001,2007,2026,2033,2038,2044,2048,2057,2066,2072,2075,2085,2093,2098,2109,2121
161,1476,1480,1497,1503,1509,1514,1519,1531,1535,1537,1541,1550,1554,1561,1576,1582,1587,1591,1595,1605,1611,1615,1617,1624,1626,1629,1641,1645,1648,1653,1658,1665,1673,1676,1680,1683,1688,1691,1701,1708,1712,1716,1722,1731,1736,1740,1742,1751,1754,1757,1767,1773,1779,1790,1795,1803,1811,1815,1821,1834,1839,1841,1855,1861,1867,1871,1876,1883,1892,1898,1901,1911,1916,1919,1937,1947,1952,1956,1966,1974,1983,1986,1990,1997,2001,2007,2026,2033,2038,2044,2048,2057,2066,2072,2075,2085,2093,2098,2109,2121,2125
162,1480,1497,1503,1509,1514,1519,1531,1535,1537,1541,1550,1554,1561,1576,1582,1587,1591,1595,1605,1611,1615,1617,1624,1626,1629,1641,1645,1648,1653,1658,1665,1673,1676,1680,1683,1688,1691,1701,1708,1712,1716,1722,1731,1736,1740,1742,1751,1754,1757,1767,1773,1779,1790,1795,1803,1811,1815,1821,1834,1839,1841,1855,1861,1867,1871,1876,1883,1892,1898,1901,1911,1916,1919,1937,1947,1952,1956,1966,1974,1983,1986,1990,1997,2001,2007,2026,2033,2038,2044,2048,2057,2066,2072,2075,2085,2093,2098,2109,2121,2125,2132
163,1497,1503,1509,1514,1519,1531,1535,1537,1541,1550,1554,1561,1576,1582,1587,1591,1595,1605,1611,1615,1617,1624,1626,1629,1641,1645,1648,1653,1658,1665,1673,1676,1680,1683,1688,1691,1701,1708,1712,1716,1722,1731,1736,1740,1742,1751,1754,1757,1767,1773,1779,1790,1795,1803,1811,1815,1821,1834,1839,1841,1855,1861,1867,1871,1876,1883,1892,1898,1901,1911,1916,1919,1937,1947,1952,1956,1966,1974,1983,1986,1990,1997,2001,2007,2026,2033,2038,2044,2048,2057,2066,2072,2075,2085,2093,2098,2109,2121,2125,2132,2137
164,1503,1509,1514,1519,1531,1535,1537,1541,1550,1554,1561,1576,1582,1587,1591,1595,1605,1611,1615,1617,1624,1626,1629,1641,1645,1648,1653,1658,1665,1673,1676,1680,1683,1688,1691,1701,1708,1712,1716,1722,1731,1736,1740,1742,1751,1754,1757,1767,1773,1779,1790,1795,1803,1811,1815,1821,1834,1839,1841,1855,1861,1867,1871,1876,1883,1892,1898,1901,1911,1916,1919,1937,1947,1952,1956,1966,1974,1983,1986,1990,1997,2001,2007,2026,2033,2038,2044,2048,2057,2066,2072,2075,2085,2093,2098,2109,2121,2125,2132,2137,2149
165,1509,1514,1519,1531,1535,1537,1541,1550,1554,1561,1576,1582,1587,1591,1595,1605,1611,1615,1617,1624,1626,1629,1641,1645,1648,1653,1658,1665,1673,1676,1680,1683,1688,1691,1701,1708,1712,1716,1722,1731,1736,1740,1742,1751,1754,1757,1767,1773,1779,1790,1795,1803,1811,1815,1821,1834,1839,1841,1855,1861,1867,1871,1876,1883,1892,1898,1901,1911,1916,1919,1937,1947,1952,1956,1966,1974,1983,1986,1990,1997,2001,2007,2026,2033,2038,2044,2048,2057,2066,2072,2075,2085,2093,2098,2109,2121,2125,2132,2137,2149,2153
166,1514,1519,1531,1535,1537,1541,1550,1554,1561,1576,1582,1587,1591,1595,1605,1611,1615,1617,1624,1626,1629,1641,1645,1648,1653,1658,1665,1673,1676,1680,1683,1688,1691,1701,1708,1712,1716,1722,1731,1736,1740,1742,1751,1754,1757,1767,1773,1779,1790,1795,1803,1811,1815,1821,1834,1839,1841,1855,1861,1867,1871,1876,1883,1892,1898,1901,1911,1916,1919,1937,1947,1952,1956,1966,1974,1983,1986,1990,1997,2001,2007,2026,2033,2038,2044,2048,2057,2066,2072,2075,2085,2093,2098,2109,2121,2125,2132,2137,2149,2153,2153
167,1519,1531,1535,1537,1541,1550,1554,1561,1576,1582,1587,1591,1595,1605,1611,1615,1617,1624,1626,1629,1641,1645,1648,1653,1658,1665,1673,1676,1680,1683,1688,1691,1701,1708,1712,1716,1722,1731,1736,1740,1742,1751,1754,1757,1767,1773,1779,1790,1795,1803,1811,1815,1821,1834,1839,1841,1855,1861,1867,1871,1876,1883,1892,1898,1901,1911,1916,1919,1937,1947,1952,1956,1966,1974,1983,1986,1990,1997,2001,2007,2026,2033,2038,2044,2048,2057,2066,2072,2075,2085,2093,2098,2109,2121,2125,2132,2137,2149,2153,2153,2158
168,1531,1535,1537,1541,1550,1554,1561,1576,1582,1587,1591,1595,1605,1611,1615,1617,1624,1626,1629,1641,1645,1648,1653,1658,1665,1673,1676,1680,1683,1688,1691,1701,1708,1712,1716,1722,1731,1736,1740,1742,1751,1754,1757,1767,1773,1779,1790,1795,1803,1811,1815,1821,1834,1839,1841,1855,1861,1867,1871,1876,1883,1892,1898,1901,1911,1916,1919,1937,1947,1952,1956,1966,1974,1983,1986,1990,1997,2001,2007,2026,2033,2038,2044,2048,2057,2066,2072,2075,2085,2093,2098,2109,2121,2125,2132,2137,2149,2153,2153,2158,2170
169,1535,1537,1541,1550,1554,1561,1576,1582,1587,1591,1595,1605,1611,1615,1617,1624,1626,1629,1641,1645,1648,1653,1658,1665,1673,1676,1680,1683,1688,1691,1701,1708,1712,1716,1722,1731,1736,1740,1742,1751,1754,1757,1767,1773,1779,1790,1795,1803,1811,1815,1821,1834,1839,1841,1855,1861,1867,1871,1876,1883,1892,1898,1901,1911,1916,1919,1937,1947,1952,1956,1966,1974,1983,1986,1990,1997,2001,2007,2026,2033,2038,2044,2048,2057,2066,2072,2075,2085,2093,2098,2109,2121,2125,2132,2137,2149,2153,2153,2158,2170,2179
170,1537,1541,1550,1554,1561,1576,1582,1587,1591,1595,1605,1611,1615,1617,1624,1626,1629,1641,1645,1648,1653,1658,1665,1673,1676,1680,1683,1688,1691,1701,1708,1712,1716,1722,1731,1736,1740,1742,1751,1754,1757,1767,1773,1779,1790,1795,1803,1811,1815,1821,1834,1839,1841,1855,1861,1867,1871,1876,1883,1892,1898,1901,1911,1916,1919,1937,1947,1952,1956,1966,1974,1983,1986,1990,1997,2001,2007,2026,2033,2038,2044,2048,2057,2066,2072,2075,2085,2093,2098,2109,2121,2125,2132,2137,2149,2153,2153,2158,2170,2179,2184
171,1541,1550,1554,1561,1576,1582,1587,1591,1595,1605,1611,1615,1617,1624,1626,1629,1641,1645,1648,1653,1658,1665,1673,1676,1680,1683,1688,1691,1701,1708,1712,1716,1722,1731,1736,1740,1742,1751,1754,1757,1767,1773,1779,1790,1795,1803,1811,1815,1821,1834,1839,1841,1855,1861,1867,1871,1876,1883,1892,1898,1901,1911,1916,1919,1937,1947,1952,1956,1966,1974,1983,1986,1990,1997,2001,2007,2026,2033,2038,2044,2048,2057,2066,2072,2075,2085,2093,2098,2109,2121,2125,2132,2137,2149,2153,2153,2158,2170,2179,2184,2207
172,1550,1554,1561,1576,1582,1587,1591,1595,1605,1611,1615,1617,1624,1626,1629,1641,1645,1648,1653,1658,1665,1673,1676,1680,1683,1688,1691,1701,1708,1712,1716,1722,1731,1736,1740,1742,1751,1754,1757,1767,1773,1779,1790,1795,1803,1811,1815,1821,1834,1839,1841,1855,1861,1867,1871,1876,1883,1892,1898,1901,1911,1916,1919,1937,1947,1952,1956,1966,1974,1983,1986,1990,1997,2001,2007,2026,2033,2038,2044,2048,2057,2066,2072,2075,2085,2093,2098,2109,2121,2125,2132,2137,2149,2153,2153,2158,2170,2179,2184,2207,2215
173,1554,1561,1576,1582,1587,1591,1595,1605,1611,1615,1617,1624,1626,1629,1641,1645,1648,1653,1658,1665,1673,1676,1680,1683,1688,1691,1701,1708,1712,1716,1722,1731,1736,1740,1742,1751,1754,1757,1767,1773,1779,1790,1795,1803,1811,1815,1821,1834,1839,1841,1855,1861,1867,1871,1876,1883,1892,1898,1901,1911,1916,1919,1937,1947,1952,1956,1966,1974,1983,1986,1990,1997,2001,2007,2026,2033,2038,2044,2048,2057,2066,2072,2075,2085,2093,2098,2109,2121,2125,2132,2137,2149,2153,2153,2158,2170,2179,2184,2207,2215,2225
174,1561,1576,1582,1587,1591,1595,1605,1611,1615,1617,1624,1626,1629,1641,1645,1648,1653,1658,1665,1673,1676,1680,1683,1688,1691,1701,1708,1712,1716,1722,1731,1736,1740,1742,1751,1754,1757,1767,1773,1779,1790,1795,1803,1811,1815,1821,1834,1839,1841,1855,1861,1867,1871,1876,1883,1892,1898,1901,1911,1916,1919,1937,1947,1952,1956,1966,1974,1983,1986,1990,1997,2001,2007,2026,2033,2038,2044,2048,2057,2066,2072,2075,2085,2093,2098,2109,2121,2125,2132,2137,2149,2153,2153,2158,2170,2179,2184,2207,2215,2225,2237
175,1576,1582,1587,1591,1595,1605,1611,1615,1617,1624,1626,1629,1641,1645,1648,1653,1658,1665,1673,1676,1680,1683,1688,1691,1701,1708,1712,1716,1722,1731,1736,1740,1742,1751,1754,1757,1767,1773,1779,1790,1795,1803,1811,1815,1821,1834,1839,1841,1855,1861,1867,1871,1876,1883,1892,1898,1901,1911,1916,1919,1937,1947,1952,1956,1966,1974,1983,1986,1990,1997,2001,2007,2026,2033,2038,2044,2048,2057,2066,2072,2075,2085,2093,2098,2109,2121,2125,2132,2137,2149,2153,2153,2158,2170,2179,2184,2207,2215,2225,2237,2243
176,1582,1587,1591,1595,1605,1611,1615,1617,1624,1626,1629,1641,1645,1648,1653,1658,1665,1673,1676,1680,1683,1688,1691,1701,1708,1712,1716,1722,1731,1736,1740,1742,1751,1754,1757,1767,1773,1779,1790,1795,1803,1811,1815,1821,1834,1839,1841,1855,1861,1867,1871,1876,1883,1892,1898,1901,1911,1916,1919,1937,1947,1952,1956,1966,1974,1983,1986,1990,1997,2001,2007,2026,2033,2038,2044,2048,2057,2066,2072,2075,2085,2093,2098,2109,2121,2125,2132,2137,2149,2153,2153,2158,2170,2179,2184,2207,2215,2225,2237,2243,2248
177,1587,1591,1595,1605,1611,1615,1617,1624,1626,1629,1641,1645,1648,1653,1658,1665,1673,1676,1680,1683,1688,1691,1701,1708,1712,1716,1722,1731,1736,1740,1742,1751,1754,1757,1767,1773,1779,1790,1795,1803,1811,1815,1821,1834,1839,1841,1855,1861,1867,1871,1876,1883,1892,1898,1901,1911,1916,1919,1937,1947,1952,1956,1966,1974,1983,1986,1990,1997,2001,2007,2026,2033,2038,2044,2048,2057,2066,2072,2075,2085,2093,2098,2109,2121,2125,2132,2137,2149,2153,2153,2158,2170,2179,2184,2207,2215,2225,2237,2243,2248,2259
178,1591,1595,1605,1611,1615,1617,1624,1626,1629,1641,1645,1648,1653,1658,1665,1673,1676,1680,1683,1688,1691,1701,1708,1712,1716,1722,1731,1736,1740,1742,1751,1754,1757,1767,1773,1779,1790,1795,1803,1811,1815,1821,1834,1839,1841,1855,1861,1867,1871,1876,1883,1892,1898,1901,1911,1916,1919,1937,1947,1952,1956,1966,1974,1983,1986,1990,1997,2001,2007,2026,2033,2038,2044,2048,2057,2066,2072,2075,2085,2093,2098,2109,2121,2125,2132,2137,2149,2153,2153,2158,2170,2179,2184,2207,2215,2225,2237,2243,2248,2259,2263
179,1595,1605,1611,1615,1617,1624,1626,1629,1641,1645,1648,1653,1658,1665,1673,1676,1680,1683,1688,1691,1701,1708,1712,1716,1722,1731,1736,1740,1742,1751,1754,1757,1767,1773,1779,1790,1795,1803,1811,1815,1821,1834,1839,1841,1855,1861,1867,1871,1876,1883,1892,1898,1901,1911,1916,1919,1937,1947,1952,1956,1966,1974,1983,1986,1990,1997,2001,2007,2026,2033,2038,2044,2048,2057,2066,2072,2075,2085,2093,2098,2109,2121,2125,2132,2137,2149,2153,2153,2158,2170,2179,2184,2207,2215,2225,2237,2243,2248,2259,2263,2269
180,1605,1611,1615,1617,1624,1626,1629,1641,1645,1648,1653,1658,1665,1673,1676,1680,1683,1688,1691,1701,1708,1712,1716,1722,1731,1736,1740,1742,1751,1754,1757,1767,1773,1779,1790,1795,1803,1811,1815,1821,1834,1839,1841,1855,1861,1867,1871,1876,1883,1892,1898,1901,1911,1916,1919,1937,1947,1952,1956,1966,1974,1983,1986,1990,1997,2001,2007,2026,2033,2038,2044,2048,2057,2066,2072,2075,2085,2093,2098,2109,2121,2125,2132,2137,2149,2153,2153,2158,2170,2179,2184,2207,2215,2225,2237,2243,2248,2259,2263,2269,2296
181,1611,1615,1617,1624,1626,1629,1641,1645,1648,1653,1658,1665,1673,1676,1680,1683,1688,1691,1701,1708,1712,1716,1722,1731,1736,1740,1742,1751,1754,1757,1767,1773,1779,1790,1795,1803,1811,1815,1821,1834,1839,1841,1855,1861,1867,1871,1876,1883,1892,1898,1901,1911,1916,1919,1937,1947,1952,1956,1966,1974,1983,1986,1990,1997,2001,2007,2026,2033,2038,2044,2048,2057,2066,2072,2075,2085,2093,2098,2109,2121,2125,2132,2137,2149,2153,2153,2158,2170,2179,2184,2207,2215,2225,2237,2243,2248,2259,2263,2269,2296,2298
182,1615,1617,1624,1626,1629,1641,1645,1648,1653,1658,1665,1673,1676,1680,1683,1688,1691,1701,1708,1712,1716,1722,1731,1736,1740,1742,1751,1754,1757,1767,1773,1779,1790,1795,1803,1811,1815,1821,1834,1839,1841,1855,1861,1867,1871,1876,1883,1892,1898,1901,1911,1916,1919,1937,1947,1952,1956,1966,1974,1983,1986,1990,1997,2001,2007,2026,2033,2038,2044,2048,2057,2066,2072,2075,2085,2093,2098,2109,2121,2125,2132,2137,2149,2153,2153,2158,2170,2179,2184,2207,2215,2225,2237,2243,2248,2259,2263,2269,2296,2298,2305
183,1617,1624,1626,1629,1641,1645,1648,1653,1658,1665,1673,1676,1680,1683,1688,1691,1701,1708,1712,1716,1722,1731,1736,1740,1742,1751,1754,1757,1767,1773,1779,1790,1795,1803,1811,1815,1821,1834,1839,1841,1855,1861,1867,1871,1876,1883,1892,1898,1901,1911,1916,1919,1937,1947,1952,1956,1966,1974,1983,1986,1990,1997,2001,2007,2026,2033,2038,2044,2048,2057,2066,2072,2075,2085,2093,2098,2109,2121,2125,2132,2137,2149,2153,2153,2158,2170,2179,2184,2207,2215,2225,2237,2243,2248,2259,2263,2269,2296,2298,2305,2332
184,1624,1626,1629,1641,1645,1648,1653,1658,1665,1673,1676,1680,1683,1688,1691,1701,1708,1712,1716,1722,1731,1736,1740,1742,1751,1754,1757,1767,1773,1779,1790,1795,1803,1811,1815,1821,1834,1839,1841,1855,1861,1867,1871,1876,1883,1892,1898,1901,1911,1916,1919,1937,1947,1952,1956,1966,1974,1983,1986,1990,1997,2001,2007,2026,2033,2038,2044,2048,2057,2066,2072,2075,2085,2093,2098,2109,2121,2125,2132,2137,2149,2153,2153,2158,2170,2179,2184,2207,2215,2225,2237,2243,2248,2259,2263,2269,2296,2298,2305,2332,2341
185,1626,1629,1641,1645,1648,1653,1658,1665,1673,1676,1680,1683,1688,1691,1701,1708,1712,1716,1722,1731,1736,1740,1742,1751,1754,1757,1767,1773,1779,1790,1795,1803,1811,1815,1821,1834,1839,1841,1855,1861,1867,1871,1876,1883,1892,1898,1901,1911,1916,1919,1937,1947,1952,1956,1966,1974,1983,1986,1990,1997,2001,2007,2026,2033,2038,2044,2048,2057,2066,2072,2075,2085,2093,2098,2109,2121,2125,2132,2137,2149,2153,2153,2158,2170,2179,2184,2207,2215,2225,2237,2243,2248,2259,2263,2269,2296,2298,2305,2332,2341,2347
186,1629,1641,1645,1648,1653,1658,1665,1673,1676,1680,1683,1688,1691,1701,1708,1712,1716,1722,1731,1736,1740,1742,1751,1754,1757,1767,1773,1779,1790,1795,1803,1811,1815,1821,1834,1839,1841,1855,1861,1867,1871,1876,1883,1892,1898,1901,1911,1916,1919,1937,1947,1952,1956,1966,1974,1983,1986,1990,1997,2001,2007,2026,2033,2038,2044,2048,2057,2066,2072,2075,2085,2093,2098,2109,2121,2125,2132,2137,2149,2153,2153,2158,2170,2179,2184,2207,2215,2225,2237,2243,2248,2259,2263,2269,2296,2298,2305,2332,2341,2347,2351
187,1641,1645,1648,1653,1658,1665,1673,1676,1680,1683,1688,1691,1701,1708,1712,1716,1722,1731,1736,1740,1742,1751,1754,1757,1767,1773,1779,1790,1795,1803,1811,1815,1821,1834,1839,1841,1855,1861,1867,1871,1876,1883,1892,1898,1901,1911,1916,1919,1937,1947,1952,1956,1966,1974,1983,1986,1990,1997,2001,2007,2026,2033,2038,2044,2048,2057,2066,2072,2075,2085,2093,2098,2109,2121,2125,2132,2137,2149,2153,2153,2158,2170,2179,2184,2207,2215,2225,2237,2243,2248,2259,2263,2269,2296,2298,2305,2332,2341,2347,2351,2363
188,1645,1648,1653,1658,1665,1673,1676,1680,1683,1688,1691,1701,1708,1712,1716,1722,1731,1736,1740,1742,1751,1754,1757,1767,1773,1779,1790,1795,1803,1811,1815,1821,1834,1839,1841,1855,1861,1867,1871,1876,1883,1892,1898,1901,1911,1916,1919,1937,1947,1952,1956,1966,1974,1983,1986,1990,1997,2001,2007,2026,2033,2038,2044,2048,2057,2066,2072,2075,2085,2093,2098,2109,2121,2125,2132,2137,2149,2153,2153,2158,2170,2179,2184,2207,2215,2225,2237,2243,2248,2259,2263,2269,2296,2298,2305,2332,2341,2347,2351,2363,2374
189,1648,1653,1658,1665,1673,1676,1680,1683,1688,1691,1701,1708,1712,1716,1722,1731,1736,1740,1742,1751,1754,1757,1767,1773,1779,1790,1795,1803,1811,1815,1821,1834,1839,1841,1855,1861,1867,1871,1876,1883,1892,1898,1901,1911,1916,1919,1937,1947,1952,1956,1966,1974,1983,1986,1990,1997,2001,2007,2026,2033,2038,2044,2048,2057,2066,2072,2075,2085,2093,2098,2109,2121,2125,2132,2137,2149,2153,2153,2158,2170,2179,2184,2207,2215,2225,2237,2243,2248,2259,2263,2269,2296,2298,2305,2332,2341,2347,2351,2363,2374,2377
190,1653,1658,1665,1673,1676,1680,1683,1688,1691,1701,1708,1712,1716,1722,1731,1736,1740,1742,1751,1754,1757,1767,1773,1779,1790,1795,1803,1811,1815,1821,1834,1839,1841,1855,1861,1867,1871,1876,1883,1892,1898,1901,1911,1916,1919,1937,1947,1952,1956,1966,1974,1983,1986,1990,1997,2001,2007,2026,2033,2038,2044,2048,2057,2066,2072,2075,2085,2093,2098,2109,2121,2125,2132,2137,2149,2153,2153,2158,2170,2179,2184,2207,2215,2225,2237,2243,2248,2259,2263,2269,2296,2298,2305,2332,2341,2347,2351,2363,2374,2377,2384
191,1658,1665,1673,1676,1680,1683,1688,1691,1701,1708,1712,1716,1722,1731,1736,1740,1742,1751,1754,1757,1767,1773,1779,1790,1795,1803,1811,1815,1821,1834,1839,1841,1855,1861,1867,1871,1876,1883,1892,1898,1901,1911,1916,1919,1937,1947,1952,1956,1966,1974,1983,1986,1990,1997,2001,2007,2026,2033,2038,2044,2048,2057,2066,2072,2075,2085,2093,2098,2109,2121,2125,2132,2137,2149,2153,2153,2158,2170,2179,2184,2207,2215,2225,2237,2243,2248,2259,2263,2269,2296,2298,2305,2332,2341,2347,2351,2363,2374,2377,2384,2391
192,1665,1673,1676,1680,1683,1688,1691,1701,1708,1712,1716,1722,1731,1736,1740,1742,1751,1754,1757,1767,1773,1779,1790,1795,1803,1811,1815,1821,1834,1839,1841,1855,1861,1867,1871,1876,1883,1892,1898,1901,1911,1916,1919,1937,1947,1952,1956,1966,1974,1983,1986,1990,1997,2001,2007,2026,2033,2038,2044,2048,2057,2066,2072,2075,2085,2093,2098,2109,2121,2125,2132,2137,2149,2153,2153,2158,2170,2179,2184,2207,2215,2225,2237,2243,2248,2259,2263,2269,2296,2298,2305,2332,2341,2347,2351,2363,2374,2377,2384,2391,2411
193,1673,1676,1680,1683,1688,1691,1701,1708,1712,1716,1722,1731,1736,1740,1742,1751,1754,1757,1767,1773,1779,1790,1795,1803,1811,1815,1821,1834,1839,1841,1855,1861,1867,1871,1876,1883,1892,1898,1901,1911,1916,1919,1937,1947,1952,1956,1966,1974,1983,1986,1990,1997,2001,2007,2026,2033,2038,2044,2048,2057,2066,2072,2075,2085,2093,2098,2109,2121,2125,2132,2137,2149,2153,2153,2158,2170,2179,2184,2207,2215,2225,2237,2243,2248,2259,2263,2269,2296,2298,2305,2332,2341,2347,2351,2363,2374,2377,2384,2391,2411,2415
194,1676,1680,1683,1688,1691,1701,1708,1712,1716,1722,1731,1736,1740,1742,1751,1754,1757,1767,1773,1779,1790,1795,1803,1811,1815,1821,1834,1839,1841,1855,1861,1867,1871,1876,1883,1892,1898,1901,1911,1916,1919,1937,1947,1952,1956,1966,1974,1983,1986,1990,1997,2001,2007,2026,2033,2038,2044,2048,2057,2066,2072,2075,2085,2093,2098,2109,2121,2125,2132,2137,2149,2153,2153,2158,2170,2179,2184,2207,2215,2225,2237,2243,2248,2259,2263,2269,2296,2298,2305,2332,2341,2347,2351,2363,2374,2377,2384,2391,2411,2415,2419
195,1680,1683,1688,1691,1701,1708,1712,1716,1722,1731,1736,1740,1742,1751,1754,1757,1767,1773,1779,1790,1795,1803,1811,1815,1821,1834,1839,1841,1855,1861,1867,1871,1876,1883,1892,1898,1901,1911,1916,1919,1937,1947,1952,1956,1966,1974,1983,1986,1990,1997,2001,2007,2026,2033,2038,2044,2048,2057,2066,2072,2075,2085,2093,2098,2109,2121,2125,2132,2137,2149,2153,2153,2158,2170,2179,2184,2207,2215,2225,2237,2243,2248,2259,2263,2269,2296,2298,2305,2332,2341,2347,2351,2363,2374,2377,2384,2391,2411,2415,2419,2430
196,1683,1688,1691,1701,1708,1712,1716,1722,1731,1736,1740,1742,1751,1754,1757,1767,1773,1779,1790,1795,1803,1811,1815,1821,1834,1839,1841,1855,1861,1867,1871,1876,1883,1892,1898,1901,1911,1916,1919,1937,1947,1952,1956,1966,1974,1983,1986,1990,1997,2001,2007,2026,2033,2038,2044,2048,2057,2066,2072,2075,2085,2093,2098,2109,2121,2125,2132,2137,2149,2153,2153,2158,2170,2179,2184,2207,2215,2225,2237,2243,2248,2259,2263,2269,2296,2298,2305,2332,2341,2347,2351,2363,2374,2377,2384,2391,2411,2415,2419,2430,2435
197,1688,1691,1701,1708,1712,1716,1722,1731,1736,1740,1742,1751,1754,1757,1767,1773,1779,1790,1795,1803,1811,1815,1821,1834,1839,1841,1855,1861,1867,1871,1876,1883,1892,1898,1901,1911,1916,1919,1937,1947,1952,1956,1966,1974,1983,1986,1990,1997,2001,2007,2026,2033,2038,2044,2048,2057,2066,2072,2075,2085,2093,2098,2109,2121,2125,2132,2137,2149,2153,2153,2158,2170,2179,2184,2207,2215,2225,2237,2243,2248,2259,2263,2269,2296,2298,2305,2332,2341,2347,2351,2363,2374,2377,2384,2391,2411,2415,2419,2430,2435,2445
198,1691,1701,1708,1712,1716,1722,1731,1736,1740,1742,1751,1754,1757,1767,1773,1779,1790,1795,1803,1811,1815,1821,1834,1839,1841,1855,1861,1867,1871,1876,1883,1892,1898,1901,1911,1916,1919,1937,1947,1952,1956,1966,1974,1983,1986,1990,1997,2001,2007,2026,2033,2038,2044,2048,2057,2066,2072,2075,2085,2093,2098,2109,2121,2125,2132,2137,2149,2153,2153,2158,2170,2179,2184,2207,2215,2225,2237,2243,2248,2259,2263,2269,2296,2298,2305,2332,2341,2347,2351,2363,2374,2377,2384,2391,2411,2415,2419,2430,2435,2445,2453
199,1701,1708,1712,1716,1722,1731,1736,1740,1742,1751,1754,1757,1767,1773,1779,1790,1795,1803,1811,1815,1821,1834,1839,1841,1855,1861,1867,1871,1876,1883,1892,1898,1901,1911,1916,1919,1937,1947,1952,1956,1966,1974,1983,1986,1990,1997,2001,2007,2026,2033,2038,2044,2048,2057,2066,2072,2075,2085,2093,2098,2109,2121,2125,2132,2137,2149,2153,2153,2158,2170,2179,2184,2207,2215,2225,2237,2243,2248,2259,2263,2269,2296,2298,2305,2332,2341,2347,2351,2363,2374,2377,2384,2391,2411,2415,2419,2430,2435,2445,2453,2458
200,1708,1712,1716,1722,1731,1736,1740,1742,1751,1754,1757,1767,1773,1779,1790,1795,1803,1811,1815,1821,1834,1839,1841,1855,1861,1867,1871,1876,1883,1892,1898,1901,1911,1916,1919,1937,1947,1952,1956,1966,1974,1983,1986,1990,1997,2001,2007,2026,2033,2038,2044,2048,2057,2066,2072,2075,2085,2093,2098,2109,2121,2125,2132,2137,2149,2153,2153,2158,2170,2179,2184,2207,2215,2225,2237,2243,2248,2259,2263,2269,2296,2298,2305,2332,2341,2347,2351,2363,2374,2377,2384,2391,2411,2415,2419,2430,2435,2445,2453,2458,2470
201,1712,1716,1722,1731,1736,1740,1742,1751,1754,1757,1767,1773,1779,1790,1795,1803,1811,1815,1821,1834,1839,1841,1855,1861,1867,1871,1876,1883,1892,1898,1901,1911,1916,1919,1937,1947,1952,1956,1966,1974,1983,1986,1990,1997,2001,2007,2026,2033,2038,2044,2048,2057,2066,2072,2075,2085,2093,2098,2109,2121,2125,2132,2137,2149,2153,2153,2158,2170,2179,2184,2207,2215,2225,2237,2243,2248,2259,2263,2269,2296,2298,2305,2332,2341,2347,2351,2363,2374,2377,2384,2391,2411,2415,2419,2430,2435,2445,2453,2458,2470,2480
202,1716,1722,1731,1736,1740,1742,1751,1754,1757,1767,1773,1779,1790,1795,1803,1811,1815,1821,1834,1839,1841,1855,1861,1867,1871,1876,1883,1892,1898,1901,1911,1916,1919,1937,1947,1952,1956,1966,1974,1983,1986,1990,1997,2001,2007,2026,2033,2038,2044,2048,2057,2066,2072,2075,2085,2093,2098,2109,2121,2125,2132,2137,2149,2153,2153,2158,2170,2179,2184,2207,2215,2225,2237,2243,2248,2259,2263,2269,2296,2298,2305,2332,2341,2347,2351,2363,2374,2377,2384,2391,2411,2415,2419,2430,2435,2445,2453,2458,2470,2480,2486
203,1722,1731,1736,1740,1742,1751,1754,1757,1767,1773,1779,1790,1795,1803,1811,1815,1821,1834,1839,1841,1855,1861,1867,1871,1876,1883,1892,1898,1901,1911,1916,1919,1937,1947,1952,1956,1966,1974,1983,1986,1990,1997,2001,2007,2026,2033,2038,2044,2048,2057,2066,2072,2075,2085,2093,2098,2109,2121,2125,2132,2137,2149,2153,2153,2158,2170,2179,2184,2207,2215,2225,2237,2243,2248,2259,2263,2269,2296,2298,2305,2332,2341,2347,2351,2363,2374,2377,2384,2391,2411,2415,2419,2430,2435,2445,2453,2458,2470,2480,2486,2489
204,1731,1736,1740,1742,1751,1754,1757,1767,1773,1779,1790,1795,1803,1811,1815,1821,1834,1839,1841,1855,1861,1867,1871,1876,1883,1892,1898,1901,1911,1916,1919,1937,1947,1952,1956,1966,1974,1983,1986,1990,1997,2001,2007,2026,2033,2038,2044,2048,2057,2066,2072,2075,2085,2093,2098,2109,2121,2125,2132,2137,2149,2153,2153,2158,2170,2179,2184,2207,2215,2225,2237,2243,2248,2259,2263,2269,2296,2298,2305,2332,2341,2347,2351,2363,2374,2377,2384,2391,2411,2415,2419,2430,2435,2445,2453,2458,2470,2480,2486,2489,2502
205,1736,1740,1742,1751,1754,1757,1767,1773,1779,1790,1795,1803,1811,1815,1821,1834,1839,1841,1855,1861,1867,1871,1876,1883,1892,1898,1901,1911,1916,1919,1937,1947,1952,1956,1966,1974,1983,1986,1990,1997,2001,2007,2026,2033,2038,2044,2048,2057,2066,2072,2075,2085,2093,2098,2109,2121,2125,2132,2137,2149,2153,2153,2158,2170,2179,2184,2207,2215,2225,2237,2243,2248,2259,2263,2269,2296,2298,2305,2332,2341,2347,2351,2363,2374,2377,2384,2391,2411,2415,2419,2430,2435,2445,2453,2458,2470,2480,2486,2489,2502,2507
206,1740,1742,1751,1754,1757,1767,1773,1779,1790,1795,1803,1811,1815,1821,1834,1839,1841,1855,1861,1867,1871,1876,1883,1892,1898,1901,1911,1916,1919,1937,1947,1952,1956,1966,1974,1983,1986,1990,1997,2001,2007,2026,2033,2038,2044,2048,2057,2066,2072,2075,2085,2093,2098,2109,2121,2125,2132,2137,2149,2153,2153,2158,2170,2179,2184,2207,2215,2225,2237,2243,2248,2259,2263,2269,2296,2298,2305,2332,2341,2347,2351,2363,2374,2377,2384,2391,2411,2415,2419,2430,2435,2445,2453,2458,2470,2480,2486,2489,2502,2507,2512
207,1742,1751,1754,1757,1767,1773,1779,1790,1795,1803,1811,1815,1821,1834,1839,1841,1855,1861,1867,1871,1876,1883,1892,1898,1901,1911,1916,1919,1937,1947,1952,1956,1966,1974,1983,1986,1990,1997,2001,2007,2026,2033,2038,2044,2048,2057,2066,2072,2075,2085,2093,2098,2109,2121,2125,2132,2137,2149,2153,2153,2158,2170,2179,2184,2207,2215,2225,2237,2243,2248,2259,2263,2269,2296,2298,2305,2332,2341,2347,2351,2363,2374,2377,2384,2391,2411,2415,2419,2430,2435,2445,2453,2458,2470,2480,2486,2489,2502,2507,2512,2529
208,1751,1754,1757,1767,1773,1779,1790,1795,1803,1811,1815,1821,1834,1839,1841,1855,1861,1867,1871,1876,1883,1892,1898,1901,1911,1916,1919,1937,1947,1952,1956,1966,1974,1983,1986,1990,1997,2001,2007,2026,2033,2038,2044,2048,2057,2066,2072,2075,2085,2093,2098,2109,2121,2125,2132,2137,2149,2153,2153,2158,2170,2179,2184,2207,2215,2225,2237,2243,2248,2259,2263,2269,2296,2298,2305,2332,2341,2347,2351,2363,2374,2377,2384,2391,2411,2415,2419,2430,2435,2445,2453,2458,2470,2480,2486,2489,2502,2507,2512,2529,2538
209,1754,1757,1767,1773,1779,1790,1795,1803,1811,1815,1821,1834,1839,1841,1855,1861,1867,1871,1876,1883,1892,1898,1901,1911,1916,1919,1937,1947,1952,1956,1966,1974,1983,1986,1990,1997,2001,2007,2026,2033,2038,2044,2048,2057,2066,2072,2075,2085,2093,2098,2109,2121,2125,2132,2137,2149,2153,2153,2158,2170,2179,2184,2207,2215,2225,2237,2243,2248,2259,2263,2269,2296,2298,2305,2332,2341,2347,2351,2363,2374,2377,2384,2391,2411,2415,2419,2430,2435,2445,2453,2458,2470,2480,2486,2489,2502,2507,2512,2529,2538,2544
210,1757,1767,1773,1779,1790,1795,1803,1811,1815,1821,1834,1839,1841,1855,1861,1867,1871,1876,1883,1892,1898,1901,1911,1916,1919,1937,1947,1952,1956,1966,1974,1983,1986,1990,1997,2001,2007,2026,2033,2038,2044,2048,2057,2066,2072,2075,2085,2093,2098,2109,2121,2125,2132,2137,2149,2153,2153,2158,2170,2179,2184,2207,2215,2225,2237,2243,2248,2259,2263,2269,2296,2298,2305,2332,2341,2347,2351,2363,2374,2377,2384,2391,2411,2415,2419,2430,2435,2445,2453,2458,2470,2480,2486,2489,2502,2507,2512,2529,2538,2544,2555
211,1767,1773,1779,1790,1795,1803,1811,1815,1821,1834,1839,1841,1855,1861,1867,1871,1876,1883,1892,1898,1901,1911,1916,1919,1937,1947,1952,1956,1966,1974,1983,1986,1990,1997,2001,2007,2026,2033,2038,2044,2048,2057,2066,2072,2075,2085,2093,2098,2109,2121,2125,2132,2137,2149,2153,2153,2158,2170,2179,2184,2207,2215,2225,2237,2243,2248,2259,2263,2269,2296,2298,2305,2332,2341,2347,2351,2363,2374,2377,2384,2391,2411,2415,2419,2430,2435,2445,2453,2458,2470,2480,2486,2489,2502,2507,2512,2529,2538,2544,2555,2563
212,1773,1779,1790,1795,1803,1811,1815,1821,1834,1839,1841,1855,1861,1867,1871,1876,1883,1892,1898,1901,1911,1916,1919,1937,1947,1952,1956,1966,1974,1983,1986,1990,1997,2001,2007,2026,2033,2038,2044,2048,2057,2066,2072,2075,2085,2093,2098,2109,2121,2125,2132,2137,2149,2153,2153,2158,2170,2179,2184,2207,2215,2225,2237,2243,2248,2259,2263,2269,2296,2298,2305,2332,2341,2347,2351,2363,2374,2377,2384,2391,2411,2415,2419,2430,2435,2445,2453,2458,2470,2480,2486,2489,2502,2507,2512,2529,2538,2544,2555,2563,2572
213,1779,1790,1795,1803,1811,1815,1821,1834,1839,1841,1855,1861,1867,1871,1876,1883,1892,1898,1901,1911,1916,1919,1937,1947,1952,1956,1966,1974,1983,1986,1990,1997,2001,2007,2026,2033,2038,2044,2048,2057,2066,2072,2075,2085,2093,2098,2109,2121,2125,2132,2137,2149,2153,2153,2158,2170,2179,2184,2207,2215,2225,2237,2243,2248,2259,2263,2269,2296,2298,2305,2332,2341,2347,2351,2363,2374,2377,2384,2391,2411,2415,2419,2430,2435,2445,2453,2458,2470,2480,2486,2489,2502,2507,2512,2529,2538,2544,2555,2563,2572,2578
214,1790,1795,1803,1811,1815,1821,1834,1839,1841,1855,1861,1867,1871,1876,1883,1892,1898,1901,1911,1916,1919,1937,1947,1952,1956,1966,1974,1983,1986,1990,1997,2001,2007,2026,2033,2038,2044,2048,2057,2066,2072,2075,2085,2093,2098,2109,2121,2125,2132,2137,2149,2153,2153,2158,2170,2179,2184,2207,2215,2225,2237,2243,2248,2259,2263,2269,2296,2298,2305,2332,2341,2347,2351,2363,2374,2377,2384,2391,2411,2415,2419,2430,2435,2445,2453,2458,2470,2480,2486,2489,2502,2507,2512,2529,2538,2544,2555,2563,2572,2578,2585
215,1795,1803,1811,1815,1821,1834,1839,1841,1855,1861,1867,1871,1876,1883,1892,1898,1901,1911,1916,1919,1937,1947,1952,1956,1966,1974,1983,1986,1990,1997,2001,2007,2026,2033,2038,2044,2048,2057,2066,2072,2075,2085,2093,2098,2109,2121,2125,2132,2137,2149,2153,2153,2158,2170,2179,2184,2207,2215,2225,2237,2243,2248,2259,2263,2269,2296,2298,2305,2332,2341,2347,2351,2363,2374,2377,2384,2391,2411,2415,2419,2430,2435,2445,2453,2458,2470,2480,2486,2489,2502,2507,2512,2529,2538,2544,2555,2563,2572,2578,2585,2592
216,1803,1811,1815,1821,1834,1839,1841,1855,1861,1867,1871,1876,1883,1892,1898,1901,1911,1916,1919,1937,1947,1952,1956,1966,1974,1983,1986,1990,1997,2001,2007,2026,2033,2038,2044,2048,2057,2066,2072,2075,2085,2093,2098,2109,2121,2125,2132,2137,2149,2153,2153,2158,2170,2179,2184,2207,2215,2225,2237,2243,2248,2259,2263,2269,2296,2298,2305,2332,2341,2347,2351,2363,2374,2377,2384,2391,2411,2415,2419,2430,2435,2445,2453,2458,2470,2480,2486,2489,2502,2507,2512,2529,2538,2544,2555,2563,2572,2578,2585,2592,2608
217,1811,1815,1821,1834,1839,1841,1855,1861,1867,1871,1876,1883,1892,1898,1901,1911,1916,1919,1937,1947,1952,1956,1966,1974,1983,1986,1990,1997,2001,2007,2026,2033,2038,2044,2048,2057,2066,2072,2075,2085,2093,2098,2109,2121,2125,2132,2137,2149,2153,2153,2158,2170,2179,2184,2207,2215,2225,2237,2243,2248,2259,2263,2269,2296,2298,2305,2332,2341,2347,2351,2363,2374,2377,2384,2391,2411,2415,2419,2430,2435,2445,2453,2458,2470,2480,2486,2489,2502,2507,2512,2529,2538,2544,2555,2563,2572,2578,2585,2592,2608,2614
218,1815,1821,1834,1839,1841,1855,1861,1867,1871,1876,1883,1892,1898,1901,1911,1916,1919,1937,1947,1952,1956,1966,1974,1983,1986,1990,1997,2001,2007,2026,2033,2038,2044,2048,2057,2066,2072,2075,2085,2093,2098,2109,2121,2125,2132,2137,2149,2153,2153,2158,2170,2179,2184,2207,2215,2225,2237,2243,2248,2259,2263,2269,2296,2298,2305,2332,2341,2347,2351,2363,2374,2377,2384,2391,2411,2415,2419,2430,2435,2445,2453,2458,2470,2480,2486,2489,2502,2507,2512,2529,2538,2544,2555,2563,2572,2578,2585,2592,2608,2614,2621
219,1821,1834,1839,1841,1855,1861,1867,1871,1876,1883,1892,1898,1901,1911,1916,1919,1937,1947,1952,1956,1966,1974,1983,1986,1990,1997,2001,2007,2026,2033,2038,2044,2048,2057,2066,2072,2075,2085,2093,2098,2109,2121,2125,2132,2137,2149,2153,2153,2158,2170,2179,2184,2207,2215,2225,2237,2243,2248,2259,2263,2269,2296,2298,2305,2332,2341,2347,2351,2363,2374,2377,2384,2391,2411,2415,2419,2430,2435,2445,2453,2458,2470,2480,2486,2489,2502,2507,2512,2529,2538,2544,2555,2563,2572,2578,2585,2592,2608,2614,2621,2637
220,1834,1839,1841,1855,1861,1867,1871,1876,1883,1892,1898,1901,1911,1916,1919,1937,1947,1952,1956,1966,1974,1983,1986,1990,1997,2001,2007,2026,2033,2038,2044,2048,2057,2066,2072,2075,2085,2093,2098,2109,2121,2125,2132,2137,2149,2153,2153,2158,2170,2179,2184,2207,2215,2225,2237,2243,2248,2259,2263,2269,2296,2298,2305,2332,2341,2347,2351,2363,2374,2377,2384,2391,2411,2415,2419,2430,2435,2445,2453,2458,2470,2480,2486,2489,2502,2507,2512,2529,2538,2544,2555,2563,2572,2578,2585,2592,2608,2614,2621,2637,2647
221,1839,1841,1855,1861,1867,1871,1876,1883,1892,1898,1901,1911,1916,1919,1937,1947,1952,1956,1966,1974,1983,1986,1990,1997,2001,2007,2026,2033,2038,2044,2048,2057,2066,2072,2075,2085,2093,2098,2109,2121,2125,2132,2137,2149,2153,2153,2158,2170,2179,2184,2207,2215,2225,2237,2243,2248,2259,2263,2269,2296,2298,2305,2332,2341,2347,2351,2363,2374,2377,2384,2391,2411,2415,2419,2430,2435,2445,2453,2458,2470,2480,2486,2489,2502,2507,2512,2529,2538,2544,2555,2563,2572,2578,2585,2592,2608,2614,2621,2637,2647,2653
222,1841,1855,1861,1867,1871,1876,1883,1892,1898,1901,1911,1916,1919,1937,1947,1952,1956,1966,1974,1983,1986,1990,1997,2001,2007,2026,2033,2038,2044,2048,2057,2066,2072,2075,2085,2093,2098,2109,2121,2125,2132,2137,2149,2153,2153,2158,2170,2179,2184,2207,2215,2225,2237,2243,2248,2259,2263,2269,2296,2298,2305,2332,2341,2347,2351,2363,2374,2377,2384,2391,2411,2415,2419,2430,2435,2445,2453,2458,2470,2480,2486,2489,2502,2507,2512,2529,2538,2544,2555,2563,2572,2578,2585,2592,2608,2614,2621,2637,2647,2653,2664
223,1855,1861,1867,1871,1876,1883,1892,1898,1901,1911,1916,1919,1937,1947,1952,1956,1966,1974,1983,1986,1990,1997,2001,2007,2026,2033,2038,2044,2048,2057,2066,2072,2075,2085,2093,2098,2109,2121,2125,2132,2137,2149,2153,2153,2158,2170,2179,2184,2207,2215,2225,2237,2243,2248,2259,2263,2269,2296,2298,2305,2332,2341,2347,2351,2363,2374,2377,2384,2391,2411,2415,2419,2430,2435,2445,2453,2458,2470,2480,2486,2489,2502,2507,2512,2529,2538,2544,2555,2563,2572,2578,2585,2592,2608,2614,2621,2637,2647,2653,2664,2669
224,1861,1867,1871,1876,1883,1892,1898,1901,1911,1916,1919,1937,1947,1952,1956,1966,1974,1983,1986,1990,1997,2001,2007,2026,2033,2038,2044,2048,2057,2066,2072,2075,2085,2093,2098,2109,2121,2125,2132,2137,2149,2153,2153,2158,2170,2179,2184,2207,2215,2225,2237,2243,2248,2259,2263,2269,2296,2298,2305,2332,2341,2347,2351,2363,2374,2377,2384,2391,2411,2415,2419,2430,2435,2445,2453,2458,2470,2480,2486,2489,2502,2507,2512,2529,2538,2544,2555,2563,2572,2578,2585,2592,2608,2614,2621,2637,2647,2653,2664,2669,2685
225,1867,1871,1876,1883,1892,1898,1901,1911,1916,1919,1937,1947,1952,1956,1966,1974,1983,1986,1990,1997,2001,2007,2026,2033,2038,2044,2048,2057,2066,2072,2075,2085,2093,2098,2109,2121,2125,2132,2137,2149,2153,2153,2158,2170,2179,2184,2207,2215,2225,2237,2243,2248,2259,2263,2269,2296,2298,2305,2332,2341,2347,2351,2363,2374,2377,2384,2391,2411,2415,2419,2430,2435,2445,2453,2458,2470,2480,2486,2489,2502,2507,2512,2529,2538,2544,2555,2563,2572,2578,2585,2592,2608,2614,2621,2637,2647,2653,2664,2669,2685,2695
226,1871,1876,1883,1892,1898,1901,1911,1916,1919,1937,1947,1952,1956,1966,1974,1983,1986,1990,1997,2001,2007,2026,2033,2038,2044,2048,2057,2066,2072,2075,2085,2093,2098,2109,2121,2125,2132,2137,2149,2153,2153,2158,2170,2179,2184,2207,2215,2225,2237,2243,2248,2259,2263,2269,2296,2298,2305,2332,2341,2347,2351,2363,2374,2377,2384,2391,2411,2415,2419,2430,2435,2445,2453,2458,2470,2480,2486,2489,2502,2507,2512,2529,2538,2544,2555,2563,2572,2578,2585,2592,2608,2614,2621,2637,2647,2653,2664,2669,2685,2695,2703
227,1876,1883,1892,1898,1901,1911,1916,1919,1937,1947,1952,1956,1966,1974,1983,1986,1990,1997,2001,2007,2026,2033,2038,2044,2048,2057,2066,2072,2075,2085,2093,2098,2109,2121,2125,2132,2137,2149,2153,2153,2158,2170,2179,2184,2207,2215,2225,2237,2243,2248,2259,2263,2269,2296,2298,2305,2332,2341,2347,2351,2363,2374,2377,2384,2391,2411,2415,2419,2430,2435,2445,2453,2458,2470,2480,2486,2489,2502,2507,2512,2529,2538,2544,2555,2563,2572,2578,2585,2592,2608,2614,2621,2637,2647,2653,2664,2669,2685,2695,2703,2712
228,1883,1892,1898,1901,1911,1916,1919,1937,1947,1952,1956,1966,1974,1983,1986,1990,1997,2001,2007,2026,2033,2038,2044,2048,2057,2066,2072,2075,2085,2093,2098,2109,2121,2125,2132,2137,2149,2153,2153,2158,2170,2179,2184,2207,2215,2225,2237,2243,2248,2259,2263,2269,2296,2298,2305,2332,2341,2347,2351,2363,2374,2377,2384,2391,2411,2415,2419,2430,2435,2445,2453,2458,2470,2480,2486,2489,2502,2507,2512,2529,2538,2544,2555,2563,2572,2578,2585,2592,2608,2614,2621,2637,2647,2653,2664,2669,2685,2695,2703,2712,2721
229,1892,1898,1901,1911,1916,1919,1937,1947,1952,1956,1966,1974,1983,1986,1990,1997,2001,2007,2026,2033,2038,2044,2048,2057,2066,2072,2075,2085,2093,2098,2109,2121,2125,2132,2137,2149,2153,2153,2158,2170,2179,2184,2207,2215,2225,2237,2243,2248,2259,2263,2269,2296,2298,2305,2332,2341,2347,2351,2363,2374,2377,2384,2391,2411,2415,2419,2430,2435,2445,2453,2458,2470,2480,2486,2489,2502,2507,2512,2529,2538,2544,2555,2563,2572,2578,2585,2592,2608,2614,2621,2637,2647,2653,2664,2669,2685,2695,2703,2712,2721,2725
230,1898,1901,1911,1916,1919,1937,1947,1952,1956,1966,1974,1983,1986,1990,1997,2001,2007,2026,2033,2038,2044,2048,2057,2066,2072,2075,2085,2093,2098,2109,2121,2125,2132,2137,2149,2153,2153,2158,2170,2179,2184,2207,2215,2225,2237,2243,2248,2259,2263,2269,2296,2298,2305,2332,2341,2347,2351,2363,2374,2377,2384,2391,2411,2415,2419,2430,2435,2445,2453,2458,2470,2480,2486,2489,2502,2507,2512,2529,2538,2544,2555,2563,2572,2578,2585,2592,2608,2614,2621,2637,2647,2653,2664,2669,2685,2695,2703,2712,2721,2725,2728
231,1901,1911,1916,1919,1937,1947,1952,1956,1966,1974,1983,1986,1990,1997,2001,2007,2026,2033,2038,2044,2048,2057,2066,2072,2075,2085,2093,2098,2109,2121,2125,2132,2137,2149,2153,2153,2158,2170,2179,2184,2207,2215,2225,2237,2243,2248,2259,2263,2269,2296,2298,2305,2332,2341,2347,2351,2363,2374,2377,2384,2391,2411,2415,2419,2430,2435,2445,2453,2458,2470,2480,2486,2489,2502,2507,2512,2529,2538,2544,2555,2563,2572,2578,2585,2592,2608,2614,2621,2637,2647,2653,2664,2669,2685,2695,2703,2712,2721,2725,2728,2748
232,1911,1916,1919,1937,1947,1952,1956,1966,1974,1983,1986,1990,1997,2001,2007,2026,2033,2038,2044,2048,2057,2066,2072,2075,2085,2093,2098,2109,2121,2125,2132,2137,2149,2153,2153,2158,2170,2179,2184,2207,2215,2225,2237,2243,2248,2259,2263,2269,2296,2298,2305,2332,2341,2347,2351,2363,2374,2377,2384,2391,2411,2415,2419,2430,2435,2445,2453,2458,2470,2480,2486,2489,2502,2507,2512,2529,2538,2544,2555,2563,2572,2578,2585,2592,2608,2614,2621,2637,2647,2653,2664,2669,2685,2695,2703,2712,2721,2725,2728,2748,2756
233,1916,1919,1937,1947,1952,1956,1966,1974,1983,1986,1990,1997,2001,2007,2026,2033,2038,2044,2048,2057,2066,2072,2075,2085,2093,2098,2109,2121,2125,2132,2137,2149,2153,2153,2158,2170,2179,2184,2207,2215,2225,2237,2243,2248,2259,2263,2269,2296,2298,2305,2332,2341,2347,2351,2363,2374,2377,2384,2391,2411,2415,2419,2430,2435,2445,2453,2458,2470,2480,2486,2489,2502,2507,2512,2529,2538,2544,2555,2563,2572,2578,2585,2592,2608,2614,2621,2637,2647,2653,2664,2669,2685,2695,2703,2712,2721,2725,2728,2748,2756,2763
234,1919,1937,1947,1952,1956,1966,1974,1983,1986,1990,1997,2001,2007,2026,2033,2038,2044,2048,2057,2066,2072,2075,2085,2093,2098,2109,2121,2125,2132,2137,2149,2153,2153,2158,2170,2179,2184,2207,2215,2225,2237,2243,2248,2259,2263,2269,2296,2298,2305,2332,2341,2347,2351,2363,2374,2377,2384,2391,2411,2415,2419,2430,2435,2445,2453,2458,2470,2480,2486,2489,2502,2507,2512,2529,2538,2544,2555,2563,2572,2578,2585,2592,2608,2614,2621,2637,2647,2653,2664,2669,2685,2695,2703,2712,2721,2725,2728,2748,2756,2763,2774
235,1937,1947,1952,1956,1966,1974,1983,1986,1990,1997,2001,2007,2026,2033,2038,2044,2048,2057,2066,2072,2075,2085,2093,2098,2109,2121,2125,2132,2137,2149,2153,2153,2158,2170,2179,2184,2207,2215,2225,2237,2243,2248,2259,2263,2269,2296,2298,2305,2332,2341,2347,2351,2363,2374,2377,2384,2391,2411,2415,2419,2430,2435,2445,2453,2458,2470,2480,2486,2489,2502,2507,2512,2529,2538,2544,2555,2563,2572,2578,2585,2592,2608,2614,2621,2637,2647,2653,2664,2669,2685,2695,2703,2712,2721,2725,2728,2748,2756,2763,2774,2776
236,1947,1952,1956,1966,1974,1983,1986,1990,1997,2001,2007,2026,2033,2038,2044,2048,2057,2066,2072,2075,2085,2093,2098,2109,2121,2125,2132,2137,2149,2153,2153,2158,2170,2179,2184,2207,2215,2225,2237,2243,2248,2259,2263,2269,2296,2298,2305,2332,2341,2347,2351,2363,2374,2377,2384,2391,2411,2415,2419,2430,2435,2445,2453,2458,2470,2480,2486,2489,2502,2507,2512,2529,2538,2544,2555,2563,2572,2578,2585,2592,2608,2614,2621,2637,2647,2653,2664,2669,2685,2695,2703,2712,2721,2725,2728,2748,2756,2763,2774,2776,2792
237,1952,1956,1966,1974,1983,1986,1990,1997,2001,2007,2026,2033,2038,2044,2048,2057,2066,2072,2075,2085,2093,2098,2109,2121,2125,2132,2137,2149,2153,2153,2158,2170,2179,2184,2207,2215,2225,2237,2243,2248,2259,2263,2269,2296,2298,2305,2332,2341,2347,2351,2363,2374,2377,2384,2391,2411,2415,2419,2430,2435,2445,2453,2458,2470,2480,2486,2489,2502,2507,2512,2529,2538,2544,2555,2563,2572,2578,2585,2592,2608,2614,2621,2637,2647,2653,2664,2669,2685,2695,2703,2712,2721,2725,2728,2748,2756,2763,2774,2776,2792,2807
238,1956,1966,1974,1983,1986,1990,1997,2001,2007,2026,2033,2038,2044,2048,2057,2066,2072,2075,2085,2093,2098,2109,2121,2125,2132,2137,2149,2153,2153,2158,2170,2179,2184,2207,2215,2225,2237,2243,2248,2259,2263,2269,2296,2298,2305,2332,2341,2347,2351,2363,2374,2377,2384,2391,2411,2415,2419,2430,2435,2445,2453,2458,2470,2480,2486,2489,2502,2507,2512,2529,2538,2544,2555,2563,2572,2578,2585,2592,2608,2614,2621,2637,2647,2653,2664,2669,2685,2695,2703,2712,2721,2725,2728,2748,2756,2763,2774,2776,2792,2807,2813
239,1966,1974,1983,1986,1990,1997,2001,2007,2026,2033,2038,2044,2048,2057,2066,2072,2075,2085,2093,2098,2109,2121,2125,2132,2137,2149,2153,2153,2158,2170,2179,2184,2207,2215,2225,2237,2243,2248,2259,2263,2269,2296,2298,2305,2332,2341,2347,2351,2363,2374,2377,2384,2391,2411,2415,2419,2430,2435,2445,2453,2458,2470,2480,2486,2489,2502,2507,2512,2529,2538,2544,2555,2563,2572,2578,2585,2592,2608,2614,2621,2637,2647,2653,2664,2669,2685,2695,2703,2712,2721,2725,2728,2748,2756,2763,2774,2776,2792,2807,2813,2822
240,1974,1983,1986,1990,1997,2001,2007,2026,2033,2038,2044,2048,2057,2066,2072,2075,2085,2093,2098,2109,2121,2125,2132,2137,2149,2153,2153,2158,2170,2179,2184,2207,2215,2225,2237,2243,2248,2259,2263,2269,2296,2298,2305,2332,2341,2347,2351,2363,2374,2377,2384,2391,2411,2415,2419,2430,2435,2445,2453,2458,2470,2480,2486,2489,2502,2507,2512,2529,2538,2544,2555,2563,2572,2578,2585,2592,2608,2614,2621,2637,2647,2653,2664,2669,2685,2695,2703,2712,2721,2725,2728,2748,2756,2763,2774,2776,2792,2807,2813,2822,2835
241,1983,1986,1990,1997,2001,2007,2026,2033,2038,2044,2048,2057,2066,2072,2075,2085,2093,2098,2109,2121,2125,2132,2137,2149,2153,2153,2158,2170,2179,2184,2207,2215,2225,2237,2243,2248,2259,2263,2269,2296,2298,2305,2332,2341,2347,2351,2363,2374,2377,2384,2391,2411,2415,2419,2430,2435,2445,2453,2458,2470,2480,2486,2489,2502,2507,2512,2529,2538,2544,2555,2563,2572,2578,2585,2592,2608,2614,2621,2637,2647,2653,2664,2669,2685,2695,2703,2712,2721,2725,2728,2748,2756,2763,2774,2776,2792,2807,2813,2822,2835,2841
242,1986,1990,1997,2001,2007,2026,2033,2038,2044,2048,2057,2066,2072,2075,2085,2093,2098,2109,2121,2125,2132,2137,2149,2153,2153,2158,2170,2179,2184,2207,2215,2225,2237,2243,2248,2259,2263,2269,2296,2298,2305,2332,2341,2347,2351,2363,2374,2377,2384,2391,2411,2415,2419,2430,2435,2445,2453,2458,2470,2480,2486,2489,2502,2507,2512,2529,2538,2544,2555,2563,2572,2578,2585,2592,2608,2614,2621,2637,2647,2653,2664,2669,2685,2695,2703,2712,2721,2725,2728,2748,2756,2763,2774,2776,2792,2807,2813,2822,2835,2841,2848
243,1990,1997,2001,2007,2026,2033,2038,2044,2048,2057,2066,2072,2075,2085,2093,2098,2109,2121,2125,2132,2137,2149,2153,2153,2158,2170,2179,2184,2207,2215,2225,2237,2243,2248,2259,2263,2269,2296,2298,2305,2332,2341,2347,2351,2363,2374,2377,2384,2391,2411,2415,2419,2430,2435,2445,2453,2458,2470,2480,2486,2489,2502,2507,2512,2529,2538,2544,2555,2563,2572,2578,2585,2592,2608,2614,2621,2637,2647,2653,2664,2669,2685,2695,2703,2712,2721,2725,2728,2748,2756,2763,2774,2776,2792,2807,2813,2822,2835,2841,2848,2861
244,1997,2001,2007,2026,2033,2038,2044,2048,2057,2066,2072,2075,2085,2093,2098,2109,2121,2125,2132,2137,2149,2153,2153,2158,2170,2179,2184,2207,2215,2225,2237,2243,2248,2259,2263,2269,2296,2298,2305,2332,2341,2347,2351,2363,2374,2377,2384,2391,2411,2415,2419,2430,2435,2445,2453,2458,2470,2480,2486,2489,2502,2507,2512,2529,2538,2544,2555,2563,2572,2578,2585,2592,2608,2614,2621,2637,2647,2653,2664,2669,2685,2695,2703,2712,2721,2725,2728,2748,2756,2763,2774,2776,2792,2807,2813,2822,2835,2841,2848,2861,2869
245,2001,2007,2026,2033,2038,2044,2048,2057,2066,2072,2075,2085,2093,2098,2109,2121,2125,2132,2137,2149,2153,2153,2158,2170,2179,2184,2207,2215,2225,2237,2243,2248,2259,2263,2269,2296,2298,2305,2332,2341,2347,2351,2363,2374,2377,2384,2391,2411,2415,2419,2430,2435,2445,2453,2458,2470,2480,2486,2489,2502,2507,2512,2529,2538,2544,2555,2563,2572,2578,2585,2592,2608,2614,2621,2637,2647,2653,2664,2669,2685,2695,2703,2712,2721,2725,2728,2748,2756,2763,2774,2776,2792,2807,2813,2822,2835,2841,2848,2861,2869,2880
246,2007,2026,2033,2038,2044,2048,2057,2066,2072,2075,2085,2093,2098,2109,2121,2125,2132,2137,2149,2153,2153,2158,2170,2179,2184,2207,2215,2225,2237,2243,2248,2259,2263,2269,2296,2298,2305,2332,2341,2347,2351,2363,2374,2377,2384,2391,2411,2415,2419,2430,2435,2445,2453,2458,2470,2480,2486,2489,2502,2507,2512,2529,2538,2544,2555,2563,2572,2578,2585,2592,2608,2614,2621,2637,2647,2653,2664,2669,2685,2695,2703,2712,2721,2725,2728,2748,2756,2763,2774,2776,2792,2807,2813,2822,2835,2841,2848,2861,2869,2880,2883
247,2026,2033,2038,2044,2048,2057,2066,2072,2075,2085,2093,2098,2109,2121,2125,2132,2137,2149,2153,2153,2158,2170,2179,2184,2207,2215,2225,2237,2243,2248,2259,2263,2269,2296,2298,2305,2332,2341,2347,2351,2363,2374,2377,2384,2391,2411,2415,2419,2430,2435,2445,2453,2458,2470,2480,2486,2489,2502,2507,2512,2529,2538,2544,2555,2563,2572,2578,2585,2592,2608,2614,2621,2637,2647,2653,2664,2669,2685,2695,2703,2712,2721,2725,2728,2748,2756,2763,2774,2776,2792,2807,2813,2822,2835,2841,2848,2861,2869,2880,2883,2893
248,2033,2038,2044,2048,2057,2066,2072,2075,2085,2093,2098,2109,2121,2125,2132,2137,2149,2153,2153,2158,2170,2179,2184,2207,2215,2225,2237,2243,2248,2259,2263,2269,2296,2298,2305,2332,2341,2347,2351,2363,2374,2377,2384,2391,2411,2415,2419,2430,2435,2445,2453,2458,2470,2480,2486,2489,2502,2507,2512,2529,2538,2544,2555,2563,2572,2578,2585,2592,2608,2614,2621,2637,2647,2653,2664,2669,2685,2695,2703,2712,2721,2725,2728,2748,2756,2763,2774,2776,2792,2807,2813,2822,2835,2841,2848,2861,2869,2880,2883,2893,2907
249,2038,2044,2048,2057,2066,2072,2075,2085,2093,2098,2109,2121,2125,2132,2137,2149,2153,2153,2158,2170,2179,2184,2207,2215,2225,2237,2243,2248,2259,2263,2269,2296,2298,2305,2332,2341,2347,2351,2363,2374,2377,2384,2391,2411,2415,2419,2430,2435,2445,2453,2458,2470,2480,2486,2489,2502,2507,2512,2529,2538,2544,2555,2563,2572,2578,2585,2592,2608,2614,2621,2637,2647,2653,2664,2669,2685,2695,2703,2712,2721,2725,2728,2748,2756,2763,2774,2776,2792,2807,2813,2822,2835,2841,2848,2861,2869,2880,2883,2893,2907,2922
250,2044,2048,2057,2066,2072,2075,2085,2093,2098,2109,2121,2125,2132,2137,2149,2153,2153,2158,2170,2179,2184,2207,2215,2225,2237,2243,2248,2259,2263,2269,2296,2298,2305,2332,2341,2347,2351,2363,2374,2377,2384,2391,2411,2415,2419,2430,2435,2445,2453,2458,2470,2480,2486,2489,2502,2507,2512,2529,2538,2544,2555,2563,2572,2578,2585,2592,2608,2614,2621,2637,2647,2653,2664,2669,2685,2695,2703,2712,2721,2725,2728,2748,2756,2763,2774,2776,2792,2807,2813,2822,2835,2841,2848,2861,2869,2880,2883,2893,2907,2922,2930
251,2048,2057,2066,2072,2075,2085,2093,2098,2109,2121,2125,2132,2137,2149,2153,2153,2158,2170,2179,2184,2207,2215,2225,2237,2243,2248,2259,2263,2269,2296,2298,2305,2332,2341,2347,2351,2363,2374,2377,2384,2391,2411,2415,2419,2430,2435,2445,2453,2458,2470,2480,2486,2489,2502,2507,2512,2529,2538,2544,2555,2563,2572,2578,2585,2592,2608,2614,2621,2637,2647,2653,2664,2669,2685,2695,2703,2712,2721,2725,2728,2748,2756,2763,2774,2776,2792,2807,2813,2822,2835,2841,2848,2861,2869,2880,2883,2893,2907,2922,2930,2937
252,2057,2066,2072,2075,2085,2093,2098,2109,2121,2125,2132,2137,2149,2153,2153,2158,2170,2179,2184,2207,2215,2225,2237,2243,2248,2259,2263,2269,2296,2298,2305,2332,2341,2347,2351,2363,2374,2377,2384,2391,2411,2415,2419,2430,2435,2445,2453,2458,2470,2480,2486,2489,2502,2507,2512,2529,2538,2544,2555,2563,2572,2578,2585,2592,2608,2614,2621,2637,2647,2653,2664,2669,2685,2695,2703,2712,2721,2725,2728,2748,2756,2763,2774,2776,2792,2807,2813,2822,2835,2841,2848,2861,2869,2880,2883,2893,2907,2922,2930,2937,2953
253,2066,2072,2075,2085,2093,2098,2109,2121,2125,2132,2137,2149,2153,2153,2158,2170,2179,2184,2207,2215,2225,2237,2243,2248,2259,2263,2269,2296,2298,2305,2332,2341,2347,2351,2363,2374,2377,2384,2391,2411,2415,2419,2430,2435,2445,2453,2458,2470,2480,2486,2489,2502,2507,2512,2529,2538,2544,2555,2563,2572,2578,2585,2592,2608,2614,2621,2637,2647,2653,2664,2669,2685,2695,2703,2712,2721,2725,2728,2748,2756,2763,2774,2776,2792,2807,2813,2822,2835,2841,2848,2861,2869,2880,2883,2893,2907,2922,2930,2937,2953,2959
254,2072,2075,2085,2093,2098,2109,2121,2125,2132,2137,2149,2153,2153,2158,2170,2179,2184,2207,2215,2225,2237,2243,2248,2259,2263,2269,2296,2298,2305,2332,2341,2347,2351,2363,2374,2377,2384,2391,2411,2415,2419,2430,2435,2445,2453,2458,2470,2480,2486,2489,2502,2507,2512,2529,2538,2544,2555,2563,2572,2578,2585,2592,2608,2614,2621,2637,2647,2653,2664,2669,2685,2695,2703,2712,2721,2725,2728,2748,2756,2763,2774,2776,2792,2807,2813,2822,2835,2841,2848,2861,2869,2880,2883,2893,2907,2922,2930,2937,2953,2959,2966
255,2075,2085,2093,2098,2109,2121,2125,2132,2137,2149,2153,2153,2158,2170,2179,2184,2207,2215,2225,2237,2243,2248,2259,2263,2269,2296,2298,2305,2332,2341,2347,2351,2363,2374,2377,2384,2391,2411,2415,2419,2430,2435,2445,2453,2458,2470,2480,2486,2489,2502,2507,2512,2529,2538,2544,2555,2563,2572,2578,2585,2592,2608,2614,2621,2637,2647,2653,2664,2669,2685,2695,2703,2712,2721,2725,2728,2748,2756,2763,2774,2776,2792,2807,2813,2822,2835,2841,2848,2861,2869,2880,2883,2893,2907,2922,2930,2937,2953,2959,2966,2986
256,2085,2093,2098,2109,2121,2125,2132,2137,2149,2153,2153,2158,2170,2179,2184,2207,2215,2225,2237,2243,2248,2259,2263,2269,2296,2298,2305,2332,2341,2347,2351,2363,2374,2377,2384,2391,2411,2415,2419,2430,2435,2445,2453,2458,2470,2480,2486,2489,2502,2507,2512,2529,2538,2544,2555,2563,2572,2578,2585,2592,2608,2614,2621,2637,2647,2653,2664,2669,2685,2695,2703,2712,2721,2725,2728,2748,2756,2763,2774,2776,2792,2807,2813,2822,2835,2841,2848,2861,2869,2880,2883,2893,2907,2922,2930,2937,2953,2959,2966,2986,2996
257,2093,2098,2109,2121,2125,2132,2137,2149,2153,2153,2158,2170,2179,2184,2207,2215,2225,2237,2243,2248,2259,2263,2269,2296,2298,2305,2332,2341,2347,2351,2363,2374,2377,2384,2391,2411,2415,2419,2430,2435,2445,2453,2458,2470,2480,2486,2489,2502,2507,2512,2529,2538,2544,2555,2563,2572,2578,2585,2592,2608,2614,2621,2637,2647,2653,2664,2669,2685,2695,2703,2712,2721,2725,2728,2748,2756,2763,2774,2776,2792,2807,2813,2822,2835,2841,2848,2861,2869,2880,2883,2893,2907,2922,2930,2937,2953,2959,2966,2986,2996,3005
258,2098,2109,2121,2125,2132,2137,2149,2153,2153,2158,2170,2179,2184,2207,2215,2225,2237,2243,2248,2259,2263,2269,2296,2298,2305,2332,2341,2347,2351,2363,2374,2377,2384,2391,2411,2415,2419,2430,2435,2445,2453,2458,2470,2480,2486,2489,2502,2507,2512,2529,2538,2544,2555,2563,2572,2578,2585,2592,2608,2614,2621,2637,2647,2653,2664,2669,2685,2695,2703,2712,2721,2725,2728,2748,2756,2763,2774,2776,2792,2807,2813,2822,2835,2841,2848,2861,2869,2880,2883,2893,2907,2922,2930,2937,2953,2959,2966,2986,2996,3005,3019
259,2109,2121,2125,2132,2137,2149,2153,2153,2158,2170,2179,2184,2207,2215,2225,2237,2243,2248,2259,2263,2269,2296,2298,2305,2332,2341,2347,2351,2363,2374,2377,2384,2391,2411,2415,2419,2430,2435,2445,2453,2458,2470,2480,2486,2489,2502,2507,2512,2529,2538,2544,2555,2563,2572,2578,2585,2592,2608,2614,2621,2637,2647,2653,2664,2669,2685,2695,2703,2712,2721,2725,2728,2748,2756,2763,2774,2776,2792,2807,2813,2822,2835,2841,2848,2861,2869,2880,2883,2893,2907,2922,2930,2937,2953,2959,2966,2986,2996,3005,3019,3028
260,2121,2125,2132,2137,2149,2153,2153,2158,2170,2179,2184,2207,2215,2225,2237,2243,2248,2259,2263,2269,2296,2298,2305,2332,2341,2347,2351,2363,2374,2377,2384,2391,2411,2415,2419,2430,2435,2445,2453,2458,2470,2480,2486,2489,2502,2507,2512,2529,2538,2544,2555,2563,2572,2578,2585,2592,2608,2614,2621,2637,2647,2653,2664,2669,2685,2695,2703,2712,2721,2725,2728,2748,2756,2763,2774,2776,2792,2807,2813,2822,2835,2841,2848,2861,2869,2880,2883,2893,2907,2922,2930,2937,2953,2959,2966,2986,2996,3005,3019,3028,3048
261,2125,2132,2137,2149,2153,2153,2158,2170,2179,2184,2207,2215,2225,2237,2243,2248,2259,2263,2269,2296,2298,2305,2332,2341,2347,2351,2363,2374,2377,2384,2391,2411,2415,2419,2430,2435,2445,2453,2458,2470,2480,2486,2489,2502,2507,2512,2529,2538,2544,2555,2563,2572,2578,2585,2592,2608,2614,2621,2637,2647,2653,2664,2669,2685,2695,2703,2712,2721,2725,2728,2748,2756,2763,2774,2776,2792,2807,2813,2822,2835,2841,2848,2861,2869,2880,2883,2893,2907,2922,2930,2937,2953,2959,2966,2986,2996,3005,3019,3028,3048,3059
262,2132,2137,2149,2153,2153,2158,2170,2179,2184,2207,2215,2225,2237,2243,2248,2259,2263,2269,2296,2298,2305,2332,2341,2347,2351,2363,2374,2377,2384,2391,2411,2415,2419,2430,2435,2445,2453,2458,2470,2480,2486,2489,2502,2507,2512,2529,2538,2544,2555,2563,2572,2578,2585,2592,2608,2614,2621,2637,2647,2653,2664,2669,2685,2695,2703,2712,2721,2725,2728,2748,2756,2763,2774,2776,2792,2807,2813,2822,2835,2841,2848,2861,2869,2880,2883,2893,2907,2922,2930,2937,2953,2959,2966,2986,2996,3005,3019,3028,3048,3059,3066
263,2137,2149,2153,2153,2158,2170,2179,2184,2207,2215,2225,2237,2243,2248,2259,2263,2269,2296,2298,2305,2332,2341,2347,2351,2363,2374,2377,2384,2391,2411,2415,2419,2430,2435,2445,2453,2458,2470,2480,2486,2489,2502,2507,2512,2529,2538,2544,2555,2563,2572,2578,2585,2592,2608,2614,2621,2637,2647,2653,2664,2669,2685,2695,2703,2712,2721,2725,2728,2748,2756,2763,2774,2776,2792,2807,2813,2822,2835,2841,2848,2861,2869,2880,2883,2893,2907,2922,2930,2937,2953,2959,2966,2986,2996,3005,3019,3028,3048,3059,3066,3059
264,2149,2153,2153,2158,2170,2179,2184,2207,2215,2225,2237,2243,2248,2259,2263,2269,2296,2298,2305,2332,2341,2347,2351,2363,2374,2377,2384,2391,2411,2415,2419,2430,2435,2445,2453,2458,2470,2480,2486,2489,2502,2507,2512,2529,2538,2544,2555,2563,2572,2578,2585,2592,2608,2614,2621,2637,2647,2653,2664,2669,2685,2695,2703,2712,2721,2725,2728,2748,2756,2763,2774,2776,2792,2807,2813,2822,2835,2841,2848,2861,2869,2880,2883,2893,2907,2922,2930,2937,2953,2959,2966,2986,2996,3005,3019,3028,3048,3059,3066,3059,3063
265,2153,2153,2158,2170,2179,2184,2207,2215,2225,2237,2243,2248,2259,2263,2269,2296,2298,2305,2332,2341,2347,2351,2363,2374,2377,2384,2391,2411,2415,2419,2430,2435,2445,2453,2458,2470,2480,2486,2489,2502,2507,2512,2529,2538,2544,2555,2563,2572,2578,2585,2592,2608,2614,2621,2637,2647,2653,2664,2669,2685,2695,2703,2712,2721,2725,2728,2748,2756,2763,2774,2776,2792,2807,2813,2822,2835,2841,2848,2861,2869,2880,2883,2893,2907,2922,2930,2937,2953,2959,2966,2986,2996,3005,3019,3028,3048,3059,3066,3059,3063,3071
266,2153,2158,2170,2179,2184,2207,2215,2225,2237,2243,2248,2259,2263,2269,2296,2298,2305,2332,2341,2347,2351,2363,2374,2377,2384,2391,2411,2415,2419,2430,2435,2445,2453,2458,2470,2480,2486,2489,2502,2507,2512,2529,2538,2544,2555,2563,2572,2578,2585,2592,2608,2614,2621,2637,2647,2653,2664,2669,2685,2695,2703,2712,2721,2725,2728,2748,2756,2763,2774,2776,2792,2807,2813,2822,2835,2841,2848,2861,2869,2880,2883,2893,2907,2922,2930,2937,2953,2959,2966,2986,2996,3005,3019,3028,3048,3059,3066,3059,3063,3071,3074
267,2158,2170,2179,2184,2207,2215,2225,2237,2243,2248,2259,2263,2269,2296,2298,2305,2332,2341,2347,2351,2363,2374,2377,2384,2391,2411,2415,2419,2430,2435,2445,2453,2458,2470,2480,2486,2489,2502,2507,2512,2529,2538,2544,2555,2563,2572,2578,2585,2592,2608,2614,2621,2637,2647,2653,2664,2669,2685,2695,2703,2712,2721,2725,2728,2748,2756,2763,2774,2776,2792,2807,2813,2822,2835,2841,2848,2861,2869,2880,2883,2893,2907,2922,2930,2937,2953,2959,2966,2986,2996,3005,3019,3028,3048,3059,3066,3059,3063,3071,3074,3087
268,2170,2179,2184,2207,2215,2225,2237,2243,2248,2259,2263,2269,2296,2298,2305,2332,2341,2347,2351,2363,2374,2377,2384,2391,2411,2415,2419,2430,2435,2445,2453,2458,2470,2480,2486,2489,2502,2507,2512,2529,2538,2544,2555,2563,2572,2578,2585,2592,2608,2614,2621,2637,2647,2653,2664,2669,2685,2695,2703,2712,2721,2725,2728,2748,2756,2763,2774,2776,2792,2807,2813,2822,2835,2841,2848,2861,2869,2880,2883,2893,2907,2922,2930,2937,2953,2959,2966,2986,2996,3005,3019,3028,3048,3059,3066,3059,3063,3071,3074,3087,3092
269,2179,2184,2207,2215,2225,2237,2243,2248,2259,2263,2269,2296,2298,2305,2332,2341,2347,2351,2363,2374,2377,2384,2391,2411,2415,2419,2430,2435,2445,2453,2458,2470,2480,2486,2489,2502,2507,2512,2529,2538,2544,2555,2563,2572,2578,2585,2592,2608,2614,2621,2637,2647,2653,2664,2669,2685,2695,2703,2712,2721,2725,2728,2748,2756,2763,2774,2776,2792,2807,2813,2822,2835,2841,2848,2861,2869,2880,2883,2893,2907,2922,2930,2937,2953,2959,2966,2986,2996,3005,3019,3028,3048,3059,3066,3059,3063,3071,3074,3087,3092,3096
270,2184,2207,2215,2225,2237,2243,2248,2259,2263,2269,2296,2298,2305,2332,2341,2347,2351,2363,2374,2377,2384,2391,2411,2415,2419,2430,2435,2445,2453,2458,2470,2480,2486,2489,2502,2507,2512,2529,2538,2544,2555,2563,2572,2578,2585,2592,2608,2614,2621,2637,2647,2653,2664,2669,2685,2695,2703,2712,2721,2725,2728,2748,2756,2763,2774,2776,2792,2807,2813,2822,2835,2841,2848,2861,2869,2880,2883,2893,2907,2922,2930,2937,2953,2959,2966,2986,2996,3005,3019,3028,3048,3059,3066,3059,3063,3071,3074,3087,3092,3096,3104
271,2207,2215,2225,2237,2243,2248,2259,2263,2269,2296,2298,2305,2332,2341,2347,2351,2363,2374,2377,2384,2391,2411,2415,2419,2430,2435,2445,2453,2458,2470,2480,2486,2489,2502,2507,2512,2529,2538,2544,2555,2563,2572,2578,2585,2592,2608,2614,2621,2637,2647,2653,2664,2669,2685,2695,2703,2712,2721,2725,2728,2748,2756,2763,2774,2776,2792,2807,2813,2822,2835,2841,2848,2861,2869,2880,2883,2893,2907,2922,2930,2937,2953,2959,2966,2986,2996,3005,3019,3028,3048,3059,3066,3059,3063,3071,3074,3087,3092,3096,3104,3108
272,2215,2225,2237,2243,2248,2259,2263,2269,2296,2298,2305,2332,2341,2347,2351,2363,2374,2377,2384,2391,2411,2415,2419,2430,2435,2445,2453,2458,2470,2480,2486,2489,2502,2507,2512,2529,2538,2544,2555,2563,2572,2578,2585,2592,2608,2614,2621,2637,2647,2653,2664,2669,2685,2695,2703,2712,2721,2725,2728,2748,2756,2763,2774,2776,2792,2807,2813,2822,2835,2841,2848,2861,2869,2880,2883,2893,2907,2922,2930,2937,2953,2959,2966,2986,2996,3005,3019,3028,3048,3059,3066,3059,3063,3071,3074,3087,3092,3096,3104,3108,3116
273,2225,2237,2243,2248,2259,2263,2269,2296,2298,2305,2332,2341,2347,2351,2363,2374,2377,2384,2391,2411,2415,2419,2430,2435,2445,2453,2458,2470,2480,2486,2489,2502,2507,2512,2529,2538,2544,2555,2563,2572,2578,2585,2592,2608,2614,2621,2637,2647,2653,2664,2669,2685,2695,2703,2712,2721,2725,2728,2748,2756,2763,2774,2776,2792,2807,2813,2822,2835,2841,2848,2861,2869,2880,2883,2893,2907,2922,2930,2937,2953,2959,2966,2986,2996,3005,3019,3028,3048,3059,3066,3059,3063,3071,3074,3087,3092,3096,3104,3108,3116,3124
274,2237,2243,2248,2259,2263,2269,2296,2298,2305,2332,2341,2347,2351,2363,2374,2377,2384,2391,2411,2415,2419,2430,2435,2445,2453,2458,2470,2480,2486,2489,2502,2507,2512,2529,2538,2544,2555,2563,2572,2578,2585,2592,2608,2614,2621,2637,2647,2653,2664,2669,2685,2695,2703,2712,2721,2725,2728,2748,2756,2763,2774,2776,2792,2807,2813,2822,2835,2841,2848,2861,2869,2880,2883,2893,2907,2922,2930,2937,2953,2959,2966,2986,2996,3005,3019,3028,3048,3059,3066,3059,3063,3071,3074,3087,3092,3096,3104,3108,3116,3124,3129
275,2243,2248,2259,2263,2269,2296,2298,2305,2332,2341,2347,2351,2363,2374,2377,2384,2391,2411,2415,2419,2430,2435,2445,2453,2458,2470,2480,2486,2489,2502,2507,2512,2529,2538,2544,2555,2563,2572,2578,2585,2592,2608,2614,2621,2637,2647,2653,2664,2669,2685,2695,2703,2712,2721,2725,2728,2748,2756,2763,2774,2776,2792,2807,2813,2822,2835,2841,2848,2861,2869,2880,2883,2893,2907,2922,2930,2937,2953,2959,2966,2986,2996,3005,3019,3028,3048,3059,3066,3059,3063,3071,3074,3087,3092,3096,3104,3108,3116,3124,3129,3132
276,2248,2259,2263,2269,2296,2298,2305,2332,2341,2347,2351,2363,2374,2377,2384,2391,2411,2415,2419,2430,2435,2445,2453,2458,2470,2480,2486,2489,2502,2507,2512,2529,2538,2544,2555,2563,2572,2578,2585,2592,2608,2614,2621,2637,2647,2653,2664,2669,2685,2695,2703,2712,2721,2725,2728,2748,2756,2763,2774,2776,2792,2807,2813,2822,2835,2841,2848,2861,2869,2880,2883,2893,2907,2922,2930,2937,2953,2959,2966,2986,2996,3005,3019,3028,3048,3059,3066,3059,3063,3071,3074,3087,3092,3096,3104,3108,3116,3124,3129,3132,3165
277,2259,2263,2269,2296,2298,2305,2332,2341,2347,2351,2363,2374,2377,2384,2391,2411,2415,2419,2430,2435,2445,2453,2458,2470,2480,2486,2489,2502,2507,2512,2529,2538,2544,2555,2563,2572,2578,2585,2592,2608,2614,2621,2637,2647,2653,2664,2669,2685,2695,2703,2712,2721,2725,2728,2748,2756,2763,2774,2776,2792,2807,2813,2822,2835,2841,2848,2861,2869,2880,2883,2893,2907,2922,2930,2937,2953,2959,2966,2986,2996,3005,3019,3028,3048,3059,3066,3059,3063,3071,3074,3087,3092,3096,3104,3108,3116,3124,3129,3132,3165,3170
278,2263,2269,2296,2298,2305,2332,2341,2347,2351,2363,2374,2377,2384,2391,2411,2415,2419,2430,2435,2445,2453,2458,2470,2480,2486,2489,2502,2507,2512,2529,2538,2544,2555,2563,2572,2578,2585,2592,2608,2614,2621,2637,2647,2653,2664,2669,2685,2695,2703,2712,2721,2725,2728,2748,2756,2763,2774,2776,2792,2807,2813,2822,2835,2841,2848,2861,2869,2880,2883,2893,2907,2922,2930,2937,2953,2959,2966,2986,2996,3005,3019,3028,3048,3059,3066,3059,3063,3071,3074,3087,3092,3096,3104,3108,3116,3124,3129,3132,3165,3170,3173
279,2269,2296,2298,2305,2332,2341,2347,2351,2363,2374,2377,2384,2391,2411,2415,2419,2430,2435,2445,2453,2458,2470,2480,2486,2489,2502,2507,2512,2529,2538,2544,2555,2563,2572,2578,2585,2592,2608,2614,2621,2637,2647,2653,2664,2669,2685,2695,2703,2712,2721,2725,2728,2748,2756,2763,2774,2776,2792,2807,2813,2822,2835,2841,2848,2861,2869,2880,2883,2893,2907,2922,2930,2937,2953,2959,2966,2986,2996,3005,3019,3028,3048,3059,3066,3059,3063,3071,3074,3087,3092,3096,3104,3108,3116,3124,3129,3132,3165,3170,3173,3191
280,2296,2298,2305,2332,2341,2347,2351,2363,2374,2377,2384,2391,2411,2415,2419,2430,2435,2445,2453,2458,2470,2480,2486,2489,2502,2507,2512,2529,2538,2544,2555,2563,2572,2578,2585,2592,2608,2614,2621,2637,2647,2653,2664,2669,2685,2695,2703,2712,2721,2725,2728,2748,2756,2763,2774,2776,2792,2807,2813,2822,2835,2841,2848,2861,2869,2880,2883,2893,2907,2922,2930,2937,2953,2959,2966,2986,2996,3005,3019,3028,3048,3059,3066,3059,3063,3071,3074,3087,3092,3096,3104,3108,3116,3124,3129,3132,3165,3170,3173,3191,3199
281,2298,2305,2332,2341,2347,2351,2363,2374,2377,2384,2391,2411,2415,2419,2430,2435,2445,2453,2458,2470,2480,2486,2489,2502,2507,2512,2529,2538,2544,2555,2563,2572,2578,2585,2592,2608,2614,2621,2637,2647,2653,2664,2669,2685,2695,2703,2712,2721,2725,2728,2748,2756,2763,2774,2776,2792,2807,2813,2822,2835,2841,2848,2861,2869,2880,2883,2893,2907,2922,2930,2937,2953,2959,2966,2986,2996,3005,3019,3028,3048,3059,3066,3059,3063,3071,3074,3087,3092,3096,3104,3108,3116,3124,3129,3132,3165,3170,3173,3191,3199,3200
282,2305,2332,2341,2347,2351,2363,2374,2377,2384,2391,2411,2415,2419,2430,2435,2445,2453,2458,2470,2480,2486,2489,2502,2507,2512,2529,2538,2544,2555,2563,2572,2578,2585,2592,2608,2614,2621,2637,2647,2653,2664,2669,2685,2695,2703,2712,2721,2725,2728,2748,2756,2763,2774,2776,2792,2807,2813,2822,2835,2841,2848,2861,2869,2880,2883,2893,2907,2922,2930,2937,2953,2959,2966,2986,2996,3005,3019,3028,3048,3059,3066,3059,3063,3071,3074,3087,3092,3096,3104,3108,3116,3124,3129,3132,3165,3170,3173,3191,3199,3200,3208
283,2332,2341,2347,2351,2363,2374,2377,2384,2391,2411,2415,2419,2430,2435,2445,2453,2458,2470,2480,2486,2489,2502,2507,2512,2529,2538,2544,2555,2563,2572,2578,2585,2592,2608,2614,2621,2637,2647,2653,2664,2669,2685,2695,2703,2712,2721,2725,2728,2748,2756,2763,2774,2776,2792,2807,2813,2822,2835,2841,2848,2861,2869,2880,2883,2893,2907,2922,2930,2937,2953,2959,2966,2986,2996,3005,3019,3028,3048,3059,3066,3059,3063,3071,3074,3087,3092,3096,3104,3108,3116,3124,3129,3132,3165,3170,3173,3191,3199,3200,3208,3215
284,2341,2347,2351,2363,2374,2377,2384,2391,2411,2415,2419,2430,2435,2445,2453,2458,2470,2480,2486,2489,2502,2507,2512,2529,2538,2544,2555,2563,2572,2578,2585,2592,2608,2614,2621,2637,2647,2653,2664,2669,2685,2695,2703,2712,2721,2725,2728,2748,2756,2763,2774,2776,2792,2807,2813,2822,2835,2841,2848,2861,2869,2880,2883,2893,2907,2922,2930,2937,2953,2959,2966,2986,2996,3005,3019,3028,3048,3059,3066,3059,3063,3071,3074,3087,3092,3096,3104,3108,3116,3124,3129,3132,3165,3170,3173,3191,3199,3200,3208,3215,3230
285,2347,2351,2363,2374,2377,2384,2391,2411,2415,2419,2430,2435,2445,2453,2458,2470,2480,2486,2489,2502,2507,2512,2529,2538,2544,2555,2563,2572,2578,2585,2592,2608,2614,2621,2637,2647,2653,2664,2669,2685,2695,2703,2712,2721,2725,2728,2748,2756,2763,2774,2776,2792,2807,2813,2822,2835,2841,2848,2861,2869,2880,2883,2893,2907,2922,2930,2937,2953,2959,2966,2986,2996,3005,3019,3028,3048,3059,3066,3059,3063,3071,3074,3087,3092,3096,3104,3108,3116,3124,3129,3132,3165,3170,3173,3191,3199,3200,3208,3215,3230,3244
286,2351,2363,2374,2377,2384,2391,2411,2415,2419,2430,2435,2445,2453,2458,2470,2480,2486,2489,2502,2507,2512,2529,2538,2544,2555,2563,2572,2578,2585,2592,2608,2614,2621,2637,2647,2653,2664,2669,2685,2695,2703,2712,2721,2725,2728,2748,2756,2763,2774,2776,2792,2807,2813,2822,2835,2841,2848,2861,2869,2880,2883,2893,2907,2922,2930,2937,2953,2959,2966,2986,2996,3005,3019,3028,3048,3059,3066,3059,3063,3071,3074,3087,3092,3096,3104,3108,3116,3124,3129,3132,3165,3170,3173,3191,3199,3200,3208,3215,3230,3244,3248
287,2363,2374,2377,2384,2391,2411,2415,2419,2430,2435,2445,2453,2458,2470,2480,2486,2489,2502,2507,2512,2529,2538,2544,2555,2563,2572,2578,2585,2592,2608,2614,2621,2637,2647,2653,2664,2669,2685,2695,2703,2712,2721,2725,2728,2748,2756,2763,2774,2776,2792,2807,2813,2822,2835,2841,2848,2861,2869,2880,2883,2893,2907,2922,2930,2937,2953,2959,2966,2986,2996,3005,3019,3028,3048,3059,3066,3059,3063,3071,3074,3087,3092,3096,3104,3108,3116,3124,3129,3132,3165,3170,3173,3191,3199,3200,3208,3215,3230,3244,3248,3251
288,2374,2377,2384,2391,2411,2415,2419,2430,2435,2445,2453,2458,2470,2480,2486,2489,2502,2507,2512,2529,2538,2544,2555,2563,2572,2578,2585,2592,2608,2614,2621,2637,2647,2653,2664,2669,2685,2695,2703,2712,2721,2725,2728,2748,2756,2763,2774,2776,2792,2807,2813,2822,2835,2841,2848,2861,2869,2880,2883,2893,2907,2922,2930,2937,2953,2959,2966,2986,2996,3005,3019,3028,3048,3059,3066,3059,3063,3071,3074,3087,3092,3096,3104,3108,3116,3124,3129,3132,3165,3170,3173,3191,3199,3200,3208,3215,3230,3244,3248,3251,3291
289,2377,2384,2391,2411,2415,2419,2430,2435,2445,2453,2458,2470,2480,2486,2489,2502,2507,2512,2529,2538,2544,2555,2563,2572,2578,2585,2592,2608,2614,2621,2637,2647,2653,2664,2669,2685,2695,2703,2712,2721,2725,2728,2748,2756,2763,2774,2776,2792,2807,2813,2822,2835,2841,2848,2861,2869,2880,2883,2893,2907,2922,2930,2937,2953,2959,2966,2986,2996,3005,3019,3028,3048,3059,3066,3059,3063,3071,3074,3087,3092,3096,3104,3108,3116,3124,3129,3132,3165,3170,3173,3191,3199,3200,3208,3215,3230,3244,3248,3251,3291,3298
290,2384,2391,2411,2415,2419,2430,2435,2445,2453,2458,2470,2480,2486,2489,2502,2507,2512,2529,2538,2544,2555,2563,2572,2578,2585,2592,2608,2614,2621,2637,2647,2653,2664,2669,2685,2695,2703,2712,2721,2725,2728,2748,2756,2763,2774,2776,2792,2807,2813,2822,2835,2841,2848,2861,2869,2880,2883,2893,2907,2922,2930,2937,2953,2959,2966,2986,2996,3005,3019,3028,3048,3059,3066,3059,3063,3071,3074,3087,3092,3096,3104,3108,3116,3124,3129,3132,3165,3170,3173,3191,3199,3200,3208,3215,3230,3244,3248,3251,3291,3298,3303
291,2391,2411,2415,2419,2430,2435,2445,2453,2458,2470,2480,2486,2489,2502,2507,2512,2529,2538,2544,2555,2563,2572,2578,2585,2592,2608,2614,2621,2637,2647,2653,2664,2669,2685,2695,2703,2712,2721,2725,2728,2748,2756,2763,2774,2776,2792,2807,2813,2822,2835,2841,2848,2861,2869,2880,2883,2893,2907,2922,2930,2937,2953,2959,2966,2986,2996,3005,3019,3028,3048,3059,3066,3059,3063,3071,3074,3087,3092,3096,3104,3108,3116,3124,3129,3132,3165,3170,3173,3191,3199,3200,3208,3215,3230,3244,3248,3251,3291,3298,3303,3318
292,2411,2415,2419,2430,2435,2445,2453,2458,2470,2480,2486,2489,2502,2507,2512,2529,2538,2544,2555,2563,2572,2578,2585,2592,2608,2614,2621,2637,2647,2653,2664,2669,2685,2695,2703,2712,2721,2725,2728,2748,2756,2763,2774,2776,2792,2807,2813,2822,2835,2841,2848,2861,2869,2880,2883,2893,2907,2922,2930,2937,2953,2959,2966,2986,2996,3005,3019,3028,3048,3059,3066,3059,3063,3071,3074,3087,3092,3096,3104,3108,3116,3124,3129,3132,3165,3170,3173,3191,3199,3200,3208,3215,3230,3244,3248,3251,3291,3298,3303,3318,3325
293,2415,2419,2430,2435,2445,2453,2458,2470,2480,2486,2489,2502,2507,2512,2529,2538,2544,2555,2563,2572,2578,2585,2592,2608,2614,2621,2637,2647,2653,2664,2669,2685,2695,2703,2712,2721,2725,2728,2748,2756,2763,2774,2776,2792,2807,2813,2822,2835,2841,2848,2861,2869,2880,2883,2893,2907,2922,2930,2937,2953,2959,2966,2986,2996,3005,3019,3028,3048,3059,3066,3059,3063,3071,3074,3087,3092,3096,3104,3108,3116,3124,3129,3132,3165,3170,3173,3191,3199,3200,3208,3215,3230,3244,3248,3251,3291,3298,3303,3318,3325,3332
294,2419,2430,2435,2445,2453,2458,2470,2480,2486,2489,2502,2507,2512,2529,2538,2544,2555,2563,2572,2578,2585,2592,2608,2614,2621,2637,2647,2653,2664,2669,2685,2695,2703,2712,2721,2725,2728,2748,2756,2763,2774,2776,2792,2807,2813,2822,2835,2841,2848,2861,2869,2880,2883,2893,2907,2922,2930,2937,2953,2959,2966,2986,2996,3005,3019,3028,3048,3059,3066,3059,3063,3071,3074,3087,3092,3096,3104,3108,3116,3124,3129,3132,3165,3170,3173,3191,3199,3200,3208,3215,3230,3244,3248,3251,3291,3298,3303,3318,3325,3332,3338
295,2430,2435,2445,2453,2458,2470,2480,2486,2489,2502,2507,2512,2529,2538,2544,2555,2563,2572,2578,2585,2592,2608,2614,2621,2637,2647,2653,2664,2669,2685,2695,2703,2712,2721,2725,2728,2748,2756,2763,2774,2776,2792,2807,2813,2822,2835,2841,2848,2861,2869,2880,2883,2893,2907,2922,2930,2937,2953,2959,2966,2986,2996,3005,3019,3028,3048,3059,3066,3059,3063,3071,3074,3087,3092,3096,3104,3108,3116,3124,3129,3132,3165,3170,3173,3191,3199,3200,3208,3215,3230,3244,3248,3251,3291,3298,3303,3318,3325,3332,3338,3345
296,2435,2445,2453,2458,2470,2480,2486,2489,2502,2507,2512,2529,2538,2544,2555,2563,2572,2578,2585,2592,2608,2614,2621,2637,2647,2653,2664,2669,2685,2695,2703,2712,2721,2725,2728,2748,2756,2763,2774,2776,2792,2807,2813,2822,2835,2841,2848,2861,2869,2880,2883,2893,2907,2922,2930,2937,2953,2959,2966,2986,2996,3005,3019,3028,3048,3059,3066,3059,3063,3071,3074,3087,3092,3096,3104,3108,3116,3124,3129,3132,3165,3170,3173,3191,3199,3200,3208,3215,3230,3244,3248,3251,3291,3298,3303,3318,3325,3332,3338,3345,3356
297,2445,2453,2458,2470,2480,2486,2489,2502,2507,2512,2529,2538,2544,2555,2563,2572,2578,2585,2592,2608,2614,2621,2637,2647,2653,2664,2669,2685,2695,2703,2712,2721,2725,2728,2748,2756,2763,2774,2776,2792,2807,2813,2822,2835,2841,2848,2861,2869,2880,2883,2893,2907,2922,2930,2937,2953,2959,2966,2986,2996,3005,3019,3028,3048,3059,3066,3059,3063,3071,3074,3087,3092,3096,3104,3108,3116,3124,3129,3132,3165,3170,3173,3191,3199,3200,3208,3215,3230,3244,3248,3251,3291,3298,3303,3318,3325,3332,3338,3345,3356,3365
298,2453,2458,2470,2480,2486,2489,2502,2507,2512,2529,2538,2544,2555,2563,2572,2578,2585,2592,2608,2614,2621,2637,2647,2653,2664,2669,2685,2695,2703,2712,2721,2725,2728,2748,2756,2763,2774,2776,2792,2807,2813,2822,2835,2841,2848,2861,2869,2880,2883,2893,2907,2922,2930,2937,2953,2959,2966,2986,2996,3005,3019,3028,3048,3059,3066,3059,3063,3071,3074,3087,3092,3096,3104,3108,3116,3124,3129,3132,3165,3170,3173,3191,3199,3200,3208,3215,3230,3244,3248,3251,3291,3298,3303,3318,3325,3332,3338,3345,3356,3365,3370
299,2458,2470,2480,2486,2489,2502,2507,2512,2529,2538,2544,2555,2563,2572,2578,2585,2592,2608,2614,2621,2637,2647,2653,2664,2669,2685,2695,2703,2712,2721,2725,2728,2748,2756,2763,2774,2776,2792,2807,2813,2822,2835,2841,2848,2861,2869,2880,2883,2893,2907,2922,2930,2937,2953,2959,2966,2986,2996,3005,3019,3028,3048,3059,3066,3059,3063,3071,3074,3087,3092,3096,3104,3108,3116,3124,3129,3132,3165,3170,3173,3191,3199,3200,3208,3215,3230,3244,3248,3251,3291,3298,3303,3318,3325,3332,3338,3345,3356,3365,3370,3374
300,2470,2480,2486,2489,2502,2507,2512,2529,2538,2544,2555,2563,2572,2578,2585,2592,2608,2614,2621,2637,2647,2653,2664,2669,2685,2695,2703,2712,2721,2725,2728,2748,2756,2763,2774,2776,2792,2807,2813,2822,2835,2841,2848,2861,2869,2880,2883,2893,2907,2922,2930,2937,2953,2959,2966,2986,2996,3005,3019,3028,3048,3059,3066,3059,3063,3071,3074,3087,3092,3096,3104,3108,3116,3124,3129,3132,3165,3170,3173,3191,3199,3200,3208,3215,3230,3244,3248,3251,3291,3298,3303,3318,3325,3332,3338,3345,3356,3365,3370,3374,3378
301,2480,2486,2489,2502,2507,2512,2529,2538,2544,2555,2563,2572,2578,2585,2592,2608,2614,2621,2637,2647,2653,2664,2669,2685,2695,2703,2712,2721,2725,2728,2748,2756,2763,2774,2776,2792,2807,2813,2822,2835,2841,2848,2861,2869,2880,2883,2893,2907,2922,2930,2937,2953,2959,2966,2986,2996,3005,3019,3028,3048,3059,3066,3059,3063,3071,3074,3087,3092,3096,3104,3108,3116,3124,3129,3132,3165,3170,3173,3191,3199,3200,3208,3215,3230,3244,3248,3251,3291,3298,3303,3318,3325,3332,3338,3345,3356,3365,3370,3374,3378,3384
302,2486,2489,2502,2507,2512,2529,2538,2544,2555,2563,2572,2578,2585,2592,2608,2614,2621,2637,2647,2653,2664,2669,2685,2695,2703,2712,2721,2725,2728,2748,2756,2763,2774,2776,2792,2807,2813,2822,2835,2841,2848,2861,2869,2880,2883,2893,2907,2922,2930,2937,2953,2959,2966,2986,2996,3005,3019,3028,3048,3059,3066,3059,3063,3071,3074,3087,3092,3096,3104,3108,3116,3124,3129,3132,3165,3170,3173,3191,3199,3200,3208,3215,3230,3244,3248,3251,3291,3298,3303,3318,3325,3332,3338,3345,3356,3365,3370,3374,3378,3384,3389
303,2489,2502,2507,2512,2529,2538,2544,2555,2563,2572,2578,2585,2592,2608,2614,2621,2637,2647,2653,2664,2669,2685,2695,2703,2712,2721,2725,2728,2748,2756,2763,2774,2776,2792,2807,2813,2822,2835,2841,2848,2861,2869,2880,2883,2893,2907,2922,2930,2937,2953,2959,2966,2986,2996,3005,3019,3028,3048,3059,3066,3059,3063,3071,3074,3087,3092,3096,3104,3108,3116,3124,3129,3132,3165,3170,3173,3191,3199,3200,3208,3215,3230,3244,3248,3251,3291,3298,3303,3318,3325,3332,3338,3345,3356,3365,3370,3374,3378,3384,3389,3407
304,2502,2507,2512,2529,2538,2544,2555,2563,2572,2578,2585,2592,2608,2614,2621,2637,2647,2653,2664,2669,2685,2695,2703,2712,2721,2725,2728,2748,2756,2763,2774,2776,2792,2807,2813,2822,2835,2841,2848,2861,2869,2880,2883,2893,2907,2922,2930,2937,2953,2959,2966,2986,2996,3005,3019,3028,3048,3059,3066,3059,3063,3071,3074,3087,3092,3096,3104,3108,3116,3124,3129,3132,3165,3170,3173,3191,3199,3200,3208,3215,3230,3244,3248,3251,3291,3298,3303,3318,3325,3332,3338,3345,3356,3365,3370,3374,3378,3384,3389,3407,3412
305,2507,2512,2529,2538,2544,2555,2563,2572,2578,2585,2592,2608,2614,2621,2637,2647,2653,2664,2669,2685,2695,2703,2712,2721,2725,2728,2748,2756,2763,2774,2776,2792,2807,2813,2822,2835,2841,2848,2861,2869,2880,2883,2893,2907,2922,2930,2937,2953,2959,2966,2986,2996,3005,3019,3028,3048,3059,3066,3059,3063,3071,3074,3087,3092,3096,3104,3108,3116,3124,3129,3132,3165,3170,3173,3191,3199,3200,3208,3215,3230,3244,3248,3251,3291,3298,3303,3318,3325,3332,3338,3345,3356,3365,3370,3374,3378,3384,3389,3407,3412,3416
306,2512,2529,2538,2544,2555,2563,2572,2578,2585,2592,2608,2614,2621,2637,2647,2653,2664,2669,2685,2695,2703,2712,2721,2725,2728,2748,2756,2763,2774,2776,2792,2807,2813,2822,2835,2841,2848,2861,2869,2880,2883,2893,2907,2922,2930,2937,2953,2959,2966,2986,2996,3005,3019,3028,3048,3059,3066,3059,3063,3071,3074,3087,3092,3096,3104,3108,3116,3124,3129,3132,3165,3170,3173,3191,3199,3200,3208,3215,3230,3244,3248,3251,3291,3298,3303,3318,3325,3332,3338,3345,3356,3365,3370,3374,3378,3384,3389,3407,3412,3416,3423
307,2529,2538,2544,2555,2563,2572,2578,2585,2592,2608,2614,2621,2637,2647,2653,2664,2669,2685,2695,2703,2712,2721,2725,2728,2748,2756,2763,2774,2776,2792,2807,2813,2822,2835,2841,2848,2861,2869,2880,2883,2893,2907,2922,2930,2937,2953,2959,2966,2986,2996,3005,3019,3028,3048,3059,3066,3059,3063,3071,3074,3087,3092,3096,3104,3108,3116,3124,3129,3132,3165,3170,3173,3191,3199,3200,3208,3215,3230,3244,3248,3251,3291,3298,3303,3318,3325,3332,3338,3345,3356,3365,3370,3374,3378,3384,3389,3407,3412,3416,3423,3425
308,2538,2544,2555,2563,2572,2578,2585,2592,2608,2614,2621,2637,2647,2653,2664,2669,2685,2695,2703,2712,2721,2725,2728,2748,2756,2763,2774,2776,2792,2807,2813,2822,2835,2841,2848,2861,2869,2880,2883,2893,2907,2922,2930,2937,2953,2959,2966,2986,2996,3005,3019,3028,3048,3059,3066,3059,3063,3071,3074,3087,3092,3096,3104,3108,3116,3124,3129,3132,3165,3170,3173,3191,3199,3200,3208,3215,3230,3244,3248,3251,3291,3298,3303,3318,3325,3332,3338,3345,3356,3365,3370,3374,3378,3384,3389,3407,3412,3416,3423,3425,3441
309,2544,2555,2563,2572,2578,2585,2592,2608,2614,2621,2637,2647,2653,2664,2669,2685,2695,2703,2712,2721,2725,2728,2748,2756,2763,2774,2776,2792,2807,2813,2822,2835,2841,2848,2861,2869,2880,2883,2893,2907,2922,2930,2937,2953,2959,2966,2986,2996,3005,3019,3028,3048,3059,3066,3059,3063,3071,3074,3087,3092,3096,3104,3108,3116,3124,3129,3132,3165,3170,3173,3191,3199,3200,3208,3215,3230,3244,3248,3251,3291,3298,3303,3318,3325,3332,3338,3345,3356,3365,3370,3374,3378,3384,3389,3407,3412,3416,3423,3425,3441,3451
310,2555,2563,2572,2578,2585,2592,2608,2614,2621,2637,2647,2653,2664,2669,2685,2695,2703,2712,2721,2725,2728,2748,2756,2763,2774,2776,2792,2807,2813,2822,2835,2841,2848,2861,2869,2880,2883,2893,2907,2922,2930,2937,2953,2959,2966,2986,2996,3005,3019,3028,3048,3059,3066,3059,3063,3071,3074,3087,3092,3096,3104,3108,3116,3124,3129,3132,3165,3170,3173,3191,3199,3200,3208,3215,3230,3244,3248,3251,3291,3298,3303,3318,3325,3332,3338,3345,3356,3365,3370,3374,3378,3384,3389,3407,3412,3416,3423,3425,3441,3451,3459
311,2563,2572,2578,2585,2592,2608,2614,2621,2637,2647,2653,2664,2669,2685,2695,2703,2712,2721,2725,2728,2748,2756,2763,2774,2776,2792,2807,2813,2822,2835,2841,2848,2861,2869,2880,2883,2893,2907,2922,2930,2937,2953,2959,2966,2986,2996,3005,3019,3028,3048,3059,3066,3059,3063,3071,3074,3087,3092,3096,3104,3108,3116,3124,3129,3132,3165,3170,3173,3191,3199,3200,3208,3215,3230,3244,3248,3251,3291,3298,3303,3318,3325,3332,3338,3345,3356,3365,3370,3374,3378,3384,3389,3407,3412,3416,3423,3425,3441,3451,3459,3457
312,2572,2578,2585,2592,2608,2614,2621,2637,2647,2653,2664,2669,2685,2695,2703,2712,2721,2725,2728,2748,2756,2763,2774,2776,2792,2807,2813,2822,2835,2841,2848,2861,2869,2880,2883,2893,2907,2922,2930,2937,2953,2959,2966,2986,2996,3005,3019,3028,3048,3059,3066,3059,3063,3071,3074,3087,3092,3096,3104,3108,3116,3124,3129,3132,3165,3170,3173,3191,3199,3200,3208,3215,3230,3244,3248,3251,3291,3298,3303,3318,3325,3332,3338,3345,3356,3365,3370,3374,3378,3384,3389,3407,3412,3416,3423,3425,3441,3451,3459,3457,3462
313,2578,2585,2592,2608,2614,2621,2637,2647,2653,2664,2669,2685,2695,2703,2712,2721,2725,2728,2748,2756,2763,2774,2776,2792,2807,2813,2822,2835,2841,2848,2861,2869,2880,2883,2893,2907,2922,2930,2937,2953,2959,2966,2986,2996,3005,3019,3028,3048,3059,3066,3059,3063,3071,3074,3087,3092,3096,3104,3108,3116,3124,3129,3132,3165,3170,3173,3191,3199,3200,3208,3215,3230,3244,3248,3251,3291,3298,3303,3318,3325,3332,3338,3345,3356,3365,3370,3374,3378,3384,3389,3407,3412,3416,3423,3425,3441,3451,3459,3457,3462,3469
314,2585,2592,2608,2614,2621,2637,2647,2653,2664,2669,2685,2695,2703,2712,2721,2725,2728,2748,2756,2763,2774,2776,2792,2807,2813,2822,2835,2841,2848,2861,2869,2880,2883,2893,2907,2922,2930,2937,2953,2959,2966,2986,2996,3005,3019,3028,3048,3059,3066,3059,3063,3071,3074,3087,3092,3096,3104,3108,3116,3124,3129,3132,3165,3170,3173,3191,3199,3200,3208,3215,3230,3244,3248,3251,3291,3298,3303,3318,3325,3332,3338,3345,3356,3365,3370,3374,3378,3384,3389,3407,3412,3416,3423,3425,3441,3451,3459,3457,3462,3469,3475
315,2592,2608,2614,2621,2637,2647,2653,2664,2669,2685,2695,2703,2712,2721,2725,2728,2748,2756,2763,2774,2776,2792,2807,2813,2822,2835,2841,2848,2861,2869,2880,2883,2893,2907,2922,2930,2937,2953,2959,2966,2986,2996,3005,3019,3028,3048,3059,3066,3059,3063,3071,3074,3087,3092,3096,3104,3108,3116,3124,3129,3132,3165,3170,3173,3191,3199,3200,3208,3215,3230,3244,3248,3251,3291,3298,3303,3318,3325,3332,3338,3345,3356,3365,3370,3374,3378,3384,3389,3407,3412,3416,3423,3425,3441,3451,3459,3457,3462,3469,3475,3495
316,2608,2614,2621,2637,2647,2653,2664,2669,2685,2695,2703,2712,2721,2725,2728,2748,2756,2763,2774,2776,2792,2807,2813,2822,2835,2841,2848,2861,2869,2880,2883,2893,2907,2922,2930,2937,2953,2959,2966,2986,2996,3005,3019,3028,3048,3059,3066,3059,3063,3071,3074,3087,3092,3096,3104,3108,3116,3124,3129,3132,3165,3170,3173,3191,3199,3200,3208,3215,3230,3244,3248,3251,3291,3298,3303,3318,3325,3332,3338,3345,3356,3365,3370,3374,3378,3384,3389,3407,3412,3416,3423,3425,3441,3451,3459,3457,3462,3469,3475,3495,3501
317,2614,2621,2637,2647,2653,2664,2669,2685,2695,2703,2712,2721,2725,2728,2748,2756,2763,2774,2776,2792,2807,2813,2822,2835,2841,2848,2861,2869,2880,2883,2893,2907,2922,2930,2937,2953,2959,2966,2986,2996,3005,3019,3028,3048,3059,3066,3059,3063,3071,3074,3087,3092,3096,3104,3108,3116,3124,3129,3132,3165,3170,3173,3191,3199,3200,3208,3215,3230,3244,3248,3251,3291,3298,3303,3318,3325,3332,3338,3345,3356,3365,3370,3374,3378,3384,3389,3407,3412,3416,3423,3425,3441,3451,3459,3457,3462,3469,3475,3495,3501,3508
318,2621,2637,2647,2653,2664,2669,2685,2695,2703,2712,2721,2725,2728,2748,2756,2763,2774,2776,2792,2807,2813,2822,2835,2841,2848,2861,2869,2880,2883,2893,2907,2922,2930,2937,2953,2959,2966,2986,2996,3005,3019,3028,3048,3059,3066,3059,3063,3071,3074,3087,3092,3096,3104,3108,3116,3124,3129,3132,3165,3170,3173,3191,3199,3200,3208,3215,3230,3244,3248,3251,3291,3298,3303,3318,3325,3332,3338,3345,3356,3365,3370,3374,3378,3384,3389,3407,3412,3416,3423,3425,3441,3451,3459,3457,3462,3469,3475,3495,3501,3508,3513
319,2637,2647,2653,2664,2669,2685,2695,2703,2712,2721,2725,2728,2748,2756,2763,2774,2776,2792,2807,2813,2822,2835,2841,2848,2861,2869,2880,2883,2893,2907,2922,2930,2937,2953,2959,2966,2986,2996,3005,3019,3028,3048,3059,3066,3059,3063,3071,3074,3087,3092,3096,3104,3108,3116,3124,3129,3132,3165,3170,3173,3191,3199,3200,3208,3215,3230,3244,3248,3251,3291,3298,3303,3318,3325,3332,3338,3345,3356,3365,3370,3374,3378,3384,3389,3407,3412,3416,3423,3425,3441,3451,3459,3457,3462,3469,3475,3495,3501,3508,3513,3518
320,2647,2653,2664,2669,2685,2695,2703,2712,2721,2725,2728,2748,2756,2763,2774,2776,2792,2807,2813,2822,2835,2841,2848,2861,2869,2880,2883,2893,2907,2922,2930,2937,2953,2959,2966,2986,2996,3005,3019,3028,3048,3059,3066,3059,3063,3071,3074,3087,3092,3096,3104,3108,3116,3124,3129,3132,3165,3170,3173,3191,3199,3200,3208,3215,3230,3244,3248,3251,3291,3298,3303,3318,3325,3332,3338,3345,3356,3365,3370,3374,3378,3384,3389,3407,3412,3416,3423,3425,3441,3451,3459,3457,3462,3469,3475,3495,3501,3508,3513,3518,3526
321,2653,2664,2669,2685,2695,2703,2712,2721,2725,2728,2748,2756,2763,2774,2776,2792,2807,2813,2822,2835,2841,2848,2861,2869,2880,2883,2893,2907,2922,2930,2937,2953,2959,2966,2986,2996,3005,3019,3028,3048,3059,3066,3059,3063,3071,3074,3087,3092,3096,3104,3108,3116,3124,3129,3132,3165,3170,3173,3191,3199,3200,3208,3215,3230,3244,3248,3251,3291,3298,3303,3318,3325,3332,3338,3345,3356,3365,3370,3374,3378,3384,3389,3407,3412,3416,3423,3425,3441,3451,3459,3457,3462,3469,3475,3495,3501,3508,3513,3518,3526,3534
322,2664,2669,2685,2695,2703,2712,2721,2725,2728,2748,2756,2763,2774,2776,2792,2807,2813,2822,2835,2841,2848,2861,2869,2880,2883,2893,2907,2922,2930,2937,2953,2959,2966,2986,2996,3005,3019,3028,3048,3059,3066,3059,3063,3071,3074,3087,3092,3096,3104,3108,3116,3124,3129,3132,3165,3170,3173,3191,3199,3200,3208,3215,3230,3244,3248,3251,3291,3298,3303,3318,3325,3332,3338,3345,3356,3365,3370,3374,3378,3384,3389,3407,3412,3416,3423,3425,3441,3451,3459,3457,3462,3469,3475,3495,3501,3508,3513,3518,3526,3534,3537
323,2669,2685,2695,2703,2712,2721,2725,2728,2748,2756,2763,2774,2776,2792,2807,2813,2822,2835,2841,2848,2861,2869,2880,2883,2893,2907,2922,2930,2937,2953,2959,2966,2986,2996,3005,3019,3028,3048,3059,3066,3059,3063,3071,3074,3087,3092,3096,3104,3108,3116,3124,3129,3132,3165,3170,3173,3191,3199,3200,3208,3215,3230,3244,3248,3251,3291,3298,3303,3318,3325,3332,3338,3345,3356,3365,3370,3374,3378,3384,3389,3407,3412,3416,3423,3425,3441,3451,3459,3457,3462,3469,3475,3495,3501,3508,3513,3518,3526,3534,3537,3541
324,2685,2695,2703,2712,2721,2725,2728,2748,2756,2763,2774,2776,2792,2807,2813,2822,2835,2841,2848,2861,2869,2880,2883,2893,2907,2922,2930,2937,2953,2959,2966,2986,2996,3005,3019,3028,3048,3059,3066,3059,3063,3071,3074,3087,3092,3096,3104,3108,3116,3124,3129,3132,3165,3170,3173,3191,3199,3200,3208,3215,3230,3244,3248,3251,3291,3298,3303,3318,3325,3332,3338,3345,3356,3365,3370,3374,3378,3384,3389,3407,3412,3416,3423,3425,3441,3451,3459,3457,3462,3469,3475,3495,3501,3508,3513,3518,3526,3534,3537,3541,3545
325,2695,2703,2712,2721,2725,2728,2748,2756,2763,2774,2776,2792,2807,2813,2822,2835,2841,2848,2861,2869,2880,2883,2893,2907,2922,2930,2937,2953,2959,2966,2986,2996,3005,3019,3028,3048,3059,3066,3059,3063,3071,3074,3087,3092,3096,3104,3108,3116,3124,3129,3132,3165,3170,3173,3191,3199,3200,3208,3215,3230,3244,3248,3251,3291,3298,3303,3318,3325,3332,3338,3345,3356,3365,3370,3374,3378,3384,3389,3407,3412,3416,3423,3425,3441,3451,3459,3457,3462,3469,3475,3495,3501,3508,3513,3518,3526,3534,3537,3541,3545,3550
326,2703,2712,2721,2725,2728,2748,2756,2763,2774,2776,2792,2807,2813,2822,2835,2841,2848,2861,2869,2880,2883,2893,2907,2922,2930,2937,2953,2959,2966,2986,2996,3005,3019,3028,3048,3059,3066,3059,3063,3071,3074,3087,3092,3096,3104,3108,3116,3124,3129,3132,3165,3170,3173,3191,3199,3200,3208,3215,3230,3244,3248,3251,3291,3298,3303,3318,3325,3332,3338,3345,3356,3365,3370,3374,3378,3384,3389,3407,3412,3416,3423,3425,3441,3451,3459,3457,3462,3469,3475,3495,3501,3508,3513,3518,3526,3534,3537,3541,3545,3550,3557
327,2712,2721,2725,2728,2748,2756,2763,2774,2776,2792,2807,2813,2822,2835,2841,2848,2861,2869,2880,2883,2893,2907,2922,2930,2937,2953,2959,2966,2986,2996,3005,3019,3028,3048,3059,3066,3059,3063,3071,3074,3087,3092,3096,3104,3108,3116,3124,3129,3132,3165,3170,3173,3191,3199,3200,3208,3215,3230,3244,3248,3251,3291,3298,3303,3318,3325,3332,3338,3345,3356,3365,3370,3374,3378,3384,3389,3407,3412,3416,3423,3425,3441,3451,3459,3457,3462,3469,3475,3495,3501,3508,3513,3518,3526,3534,3537,3541,3545,3550,3557,3574
328,2721,2725,2728,2748,2756,2763,2774,2776,2792,2807,2813,2822,2835,2841,2848,2861,2869,2880,2883,2893,2907,2922,2930,2937,2953,2959,2966,2986,2996,3005,3019,3028,3048,3059,3066,3059,3063,3071,3074,3087,3092,3096,3104,3108,3116,3124,3129,3132,3165,3170,3173,3191,3199,3200,3208,3215,3230,3244,3248,3251,3291,3298,3303,3318,3325,3332,3338,3345,3356,3365,3370,3374,3378,3384,3389,3407,3412,3416,3423,3425,3441,3451,3459,3457,3462,3469,3475,3495,3501,3508,3513,3518,3526,3534,3537,3541,3545,3550,3557,3574,3579
329,2725,2728,2748,2756,2763,2774,2776,2792,2807,2813,2822,2835,2841,2848,2861,2869,2880,2883,2893,2907,2922,2930,2937,2953,2959,2966,2986,2996,3005,3019,3028,3048,3059,3066,3059,3063,3071,3074,3087,3092,3096,3104,3108,3116,3124,3129,3132,3165,3170,3173,3191,3199,3200,3208,3215,3230,3244,3248,3251,3291,3298,3303,3318,3325,3332,3338,3345,3356,3365,3370,3374,3378,3384,3389,3407,3412,3416,3423,3425,3441,3451,3459,3457,3462,3469,3475,3495,3501,3508,3513,3518,3526,3534,3537,3541,3545,3550,3557,3574,3579,3587
330,2728,2748,2756,2763,2774,2776,2792,2807,2813,2822,2835,2841,2848,2861,2869,2880,2883,2893,2907,2922,2930,2937,2953,2959,2966,2986,2996,3005,3019,3028,3048,3059,3066,3059,3063,3071,3074,3087,3092,3096,3104,3108,3116,3124,3129,3132,3165,3170,3173,3191,3199,3200,3208,3215,3230,3244,3248,3251,3291,3298,3303,3318,3325,3332,3338,3345,3356,3365,3370,3374,3378,3384,3389,3407,3412,3416,3423,3425,3441,3451,3459,3457,3462,3469,3475,3495,3501,3508,3513,3518,3526,3534,3537,3541,3545,3550,3557,3574,3579,3587,3596
331,2748,2756,2763,2774,2776,2792,2807,2813,2822,2835,2841,2848,2861,2869,2880,2883,2893,2907,2922,2930,2937,2953,2959,2966,2986,2996,3005,3019,3028,3048,3059,3066,3059,3063,3071,3074,3087,3092,3096,3104,3108,3116,3124,3129,3132,3165,3170,3173,3191,3199,3200,3208,3215,3230,3244,3248,3251,3291,3298,3303,3318,3325,3332,3338,3345,3356,3365,3370,3374,3378,3384,3389,3407,3412,3416,3423,3425,3441,3451,3459,3457,3462,3469,3475,3495,3501,3508,3513,3518,3526,3534,3537,3541,3545,3550,3557,3574,3579,3587,3596,3601
332,2756,2763,2774,2776,2792,2807,2813,2822,2835,2841,2848,2861,2869,2880,2883,2893,2907,2922,2930,2937,2953,2959,2966,2986,2996,3005,3019,3028,3048,3059,3066,3059,3063,3071,3074,3087,3092,3096,3104,3108,3116,3124,3129,3132,3165,3170,3173,3191,3199,3200,3208,3215,3230,3244,3248,3251,3291,3298,3303,3318,3325,3332,3338,3345,3356,3365,3370,3374,3378,3384,3389,3407,3412,3416,3423,3425,3441,3451,3459,3457,3462,3469,3475,3495,3501,3508,3513,3518,3526,3534,3537,3541,3545,3550,3557,3574,3579,3587,3596,3601,3609
333,2763,2774,2776,2792,2807,2813,2822,2835,2841,2848,2861,2869,2880,2883,2893,2907,2922,2930,2937,2953,2959,2966,2986,2996,3005,3019,3028,3048,3059,3066,3059,3063,3071,3074,3087,3092,3096,3104,3108,3116,3124,3129,3132,3165,3170,3173,3191,3199,3200,3208,3215,3230,3244,3248,3251,3291,3298,3303,3318,3325,3332,3338,3345,3356,3365,3370,3374,3378,3384,3389,3407,3412,3416,3423,3425,3441,3451,3459,3457,3462,3469,3475,3495,3501,3508,3513,3518,3526,3534,3537,3541,3545,3550,3557,3574,3579,3587,3596,3601,3609,3615
334,2774,2776,2792,2807,2813,2822,2835,2841,2848,2861,2869,2880,2883,2893,2907,2922,2930,2937,2953,2959,2966,2986,2996,3005,3019,3028,3048,3059,3066,3059,3063,3071,3074,3087,3092,3096,3104,3108,3116,3124,3129,3132,3165,3170,3173,3191,3199,3200,3208,3215,3230,3244,3248,3251,3291,3298,3303,3318,3325,3332,3338,3345,3356,3365,3370,3374,3378,3384,3389,3407,3412,3416,3423,3425,3441,3451,3459,3457,3462,3469,3475,3495,3501,3508,3513,3518,3526,3534,3537,3541,3545,3550,3557,3574,3579,3587,3596,3601,3609,3615,3620
335,2776,2792,2807,2813,2822,2835,2841,2848,2861,2869,2880,2883,2893,2907,2922,2930,2937,2953,2959,2966,2986,2996,3005,3019,3028,3048,3059,3066,3059,3063,3071,3074,3087,3092,3096,3104,3108,3116,3124,3129,3132,3165,3170,3173,3191,3199,3200,3208,3215,3230,3244,3248,3251,3291,3298,3303,3318,3325,3332,3338,3345,3356,3365,3370,3374,3378,3384,3389,3407,3412,3416,3423,3425,3441,3451,3459,3457,3462,3469,3475,3495,3501,3508,3513,3518,3526,3534,3537,3541,3545,3550,3557,3574,3579,3587,3596,3601,3609,3615,3620,3623
336,2792,2807,2813,2822,2835,2841,2848,2861,2869,2880,2883,2893,2907,2922,2930,2937,2953,2959,2966,2986,2996,3005,3019,3028,3048,3059,3066,3059,3063,3071,3074,3087,3092,3096,3104,3108,3116,3124,3129,3132,3165,3170,3173,3191,3199,3200,3208,3215,3230,3244,3248,3251,3291,3298,3303,3318,3325,3332,3338,3345,3356,3365,3370,3374,3378,3384,3389,3407,3412,3416,3423,3425,3441,3451,3459,3457,3462,3469,3475,3495,3501,3508,3513,3518,3526,3534,3537,3541,3545,3550,3557,3574,3579,3587,3596,3601,3609,3615,3620,3623,3621
337,2807,2813,2822,2835,2841,2848,2861,2869,2880,2883,2893,2907,2922,2930,2937,2953,2959,2966,2986,2996,3005,3019,3028,3048,3059,3066,3059,3063,3071,3074,3087,3092,3096,3104,3108,3116,3124,3129,3132,3165,3170,3173,3191,3199,3200,3208,3215,3230,3244,3248,3251,3291,3298,3303,3318,3325,3332,3338,3345,3356,3365,3370,3374,3378,3384,3389,3407,3412,3416,3423,3425,3441,3451,3459,3457,3462,3469,3475,3495,3501,3508,3513,3518,3526,3534,3537,3541,3545,3550,3557,3574,3579,3587,3596,3601,3609,3615,3620,3623,3621,3627
338,2813,2822,2835,2841,2848,2861,2869,2880,2883,2893,2907,2922,2930,2937,2953,2959,2966,2986,2996,3005,3019,3028,3048,3059,3066,3059,3063,3071,3074,3087,3092,3096,3104,3108,3116,3124,3129,3132,3165,3170,3173,3191,3199,3200,3208,3215,3230,3244,3248,3251,3291,3298,3303,3318,3325,3332,3338,3345,3356,3365,3370,3374,3378,3384,3389,3407,3412,3416,3423,3425,3441,3451,3459,3457,3462,3469,3475,3495,3501,3508,3513,3518,3526,3534,3537,3541,3545,3550,3557,3574,3579,3587,3596,3601,3609,3615,3620,3623,3621,3627,3633
339,2822,2835,2841,2848,2861,2869,2880,2883,2893,2907,2922,2930,2937,2953,2959,2966,2986,2996,3005,3019,3028,3048,3059,3066,3059,3063,3071,3074,3087,3092,3096,3104,3108,3116,3124,3129,3132,3165,3170,3173,3191,3199,3200,3208,3215,3230,3244,3248,3251,3291,3298,3303,3318,3325,3332,3338,3345,3356,3365,3370,3374,3378,3384,3389,3407,3412,3416,3423,3425,3441,3451,3459,3457,3462,3469,3475,3495,3501,3508,3513,3518,3526,3534,3537,3541,3545,3550,3557,3574,3579,3587,3596,3601,3609,3615,3620,3623,3621,3627,3633,3652
340,2835,2841,2848,2861,2869,2880,2883,2893,2907,2922,2930,2937,2953,2959,2966,2986,2996,3005,3019,3028,3048,3059,3066,3059,3063,3071,3074,3087,3092,3096,3104,3108,3116,3124,3129,3132,3165,3170,3173,3191,3199,3200,3208,3215,3230,3244,3248,3251,3291,3298,3303,3318,3325,3332,3338,3345,3356,3365,3370,3374,3378,3384,3389,3407,3412,3416,3423,3425,3441,3451,3459,3457,3462,3469,3475,3495,3501,3508,3513,3518,3526,3534,3537,3541,3545,3550,3557,3574,3579,3587,3596,3601,3609,3615,3620,3623,3621,3627,3633,3652,3658
341,2841,2848,2861,2869,2880,2883,2893,2907,2922,2930,2937,2953,2959,2966,2986,2996,3005,3019,3028,3048,3059,3066,3059,3063,3071,3074,3087,3092,3096,3104,3108,3116,3124,3129,3132,3165,3170,3173,3191,3199,3200,3208,3215,3230,3244,3248,3251,3291,3298,3303,3318,3325,3332,3338,3345,3356,3365,3370,3374,3378,3384,3389,3407,3412,3416,3423,3425,3441,3451,3459,3457,3462,3469,3475,3495,3501,3508,3513,3518,3526,3534,3537,3541,3545,3550,3557,3574,3579,3587,3596,3601,3609,3615,3620,3623,3621,3627,3633,3652,3658,3669
342,2848,2861,2869,2880,2883,2893,2907,2922,2930,2937,2953,2959,2966,2986,2996,3005,3019,3028,3048,3059,3066,3059,3063,3071,3074,3087,3092,3096,3104,3108,3116,3124,3129,3132,3165,3170,3173,3191,3199,3200,3208,3215,3230,3244,3248,3251,3291,3298,3303,3318,3325,3332,3338,3345,3356,3365,3370,3374,3378,3384,3389,3407,3412,3416,3423,3425,3441,3451,3459,3457,3462,3469,3475,3495,3501,3508,3513,3518,3526,3534,3537,3541,3545,3550,3557,3574,3579,3587,3596,3601,3609,3615,3620,3623,3621,3627,3633,3652,3658,3669,3674
343,2861,2869,2880,2883,2893,2907,2922,2930,2937,2953,2959,2966,2986,2996,3005,3019,3028,3048,3059,3066,3059,3063,3071,3074,3087,3092,3096,3104,3108,3116,3124,3129,3132,3165,3170,3173,3191,3199,3200,3208,3215,3230,3244,3248,3251,3291,3298,3303,3318,3325,3332,3338,3345,3356,3365,3370,3374,3378,3384,3389,3407,3412,3416,3423,3425,3441,3451,3459,3457,3462,3469,3475,3495,3501,3508,3513,3518,3526,3534,3537,3541,3545,3550,3557,3574,3579,3587,3596,3601,3609,3615,3620,3623,3621,3627,3633,3652,3658,3669,3674,3676
344,2869,2880,2883,2893,2907,2922,2930,2937,2953,2959,2966,2986,2996,3005,3019,3028,3048,3059,3066,3059,3063,3071,3074,3087,3092,3096,3104,3108,3116,3124,3129,3132,3165,3170,3173,3191,3199,3200,3208,3215,3230,3244,3248,3251,3291,3298,3303,3318,3325,3332,3338,3345,3356,3365,3370,3374,3378,3384,3389,3407,3412,3416,3423,3425,3441,3451,3459,3457,3462,3469,3475,3495,3501,3508,3513,3518,3526,3534,3537,3541,3545,3550,3557,3574,3579,3587,3596,3601,3609,3615,3620,3623,3621,3627,3633,3652,3658,3669,3674,3676,3687
345,2880,2883,2893,2907,2922,2930,2937,2953,2959,2966,2986,2996,3005,3019,3028,3048,3059,3066,3059,3063,3071,3074,3087,3092,3096,3104,3108,3116,3124,3129,3132,3165,3170,3173,3191,3199,3200,3208,3215,3230,3244,3248,3251,3291,3298,3303,3318,3325,3332,3338,3345,3356,3365,3370,3374,3378,3384,3389,3407,3412,3416,3423,3425,3441,3451,3459,3457,3462,3469,3475,3495,3501,3508,3513,3518,3526,3534,3537,3541,3545,3550,3557,3574,3579,3587,3596,3601,3609,3615,3620,3623,3621,3627,3633,3652,3658,3669,3674,3676,3687,3688
346,2883,2893,2907,2922,2930,2937,2953,2959,2966,2986,2996,3005,3019,3028,3048,3059,3066,3059,3063,3071,3074,3087,3092,3096,3104,3108,3116,3124,3129,3132,3165,3170,3173,3191,3199,3200,3208,3215,3230,3244,3248,3251,3291,3298,3303,3318,3325,3332,3338,3345,3356,3365,3370,3374,3378,3384,3389,3407,3412,3416,3423,3425,3441,3451,3459,3457,3462,3469,3475,3495,3501,3508,3513,3518,3526,3534,3537,3541,3545,3550,3557,3574,3579,3587,3596,3601,3609,3615,3620,3623,3621,3627,3633,3652,3658,3669,3674,3676,3687,3688,3694
347,2893,2907,2922,2930,2937,2953,2959,2966,2986,2996,3005,3019,3028,3048,3059,3066,3059,3063,3071,3074,3087,3092,3096,3104,3108,3116,3124,3129,3132,3165,3170,3173,3191,3199,3200,3208,3215,3230,3244,3248,3251,3291,3298,3303,3318,3325,3332,3338,3345,3356,3365,3370,3374,3378,3384,3389,3407,3412,3416,3423,3425,3441,3451,3459,3457,3462,3469,3475,3495,3501,3508,3513,3518,3526,3534,3537,3541,3545,3550,3557,3574,3579,3587,3596,3601,3609,3615,3620,3623,3621,3627,3633,3652,3658,3669,3674,3676,3687,3688,3694,3700
348,2907,2922,2930,2937,2953,2959,2966,2986,2996,3005,3019,3028,3048,3059,3066,3059,3063,3071,3074,3087,3092,3096,3104,3108,3116,3124,3129,3132,3165,3170,3173,3191,3199,3200,3208,3215,3230,3244,3248,3251,3291,3298,3303,3318,3325,3332,3338,3345,3356,3365,3370,3374,3378,3384,3389,3407,3412,3416,3423,3425,3441,3451,3459,3457,3462,3469,3475,3495,3501,3508,3513,3518,3526,3534,3537,3541,3545,3550,3557,3574,3579,3587,3596,3601,3609,3615,3620,3623,3621,3627,3633,3652,3658,3669,3674,3676,3687,3688,3694,3700,3700
349,2922,2930,2937,2953,2959,2966,2986,2996,3005,3019,3028,3048,3059,3066,3059,3063,3071,3074,3087,3092,3096,3104,3108,3116,3124,3129,3132,3165,3170,3173,3191,3199,3200,3208,3215,3230,3244,3248,3251,3291,3298,3303,3318,3325,3332,3338,3345,3356,3365,3370,3374,3378,3384,3389,3407,3412,3416,3423,3425,3441,3451,3459,3457,3462,3469,3475,3495,3501,3508,3513,3518,3526,3534,3537,3541,3545,3550,3557,3574,3579,3587,3596,3601,3609,3615,3620,3623,3621,3627,3633,3652,3658,3669,3674,3676,3687,3688,3694,3700,3700,3708
350,2930,2937,2953,2959,2966,2986,2996,3005,3019,3028,3048,3059,3066,3059,3063,3071,3074,3087,3092,3096,3104,3108,3116,3124,3129,3132,3165,3170,3173,3191,3199,3200,3208,3215,3230,3244,3248,3251,3291,3298,3303,3318,3325,3332,3338,3345,3356,3365,3370,3374,3378,3384,3389,3407,3412,3416,3423,3425,3441,3451,3459,3457,3462,3469,3475,3495,3501,3508,3513,3518,3526,3534,3537,3541,3545,3550,3557,3574,3579,3587,3596,3601,3609,3615,3620,3623,3621,3627,3633,3652,3658,3669,3674,3676,3687,3688,3694,3700,3700,3708,3715
351,2937,2953,2959,2966,2986,2996,3005,3019,3028,3048,3059,3066,3059,3063,3071,3074,3087,3092,3096,3104,3108,3116,3124,3129,3132,3165,3170,3173,3191,3199,3200,3208,3215,3230,3244,3248,3251,3291,3298,3303,3318,3325,3332,3338,3345,3356,3365,3370,3374,3378,3384,3389,3407,3412,3416,3423,3425,3441,3451,3459,3457,3462,3469,3475,3495,3501,3508,3513,3518,3526,3534,3537,3541,3545,3550,3557,3574,3579,3587,3596,3601,3609,3615,3620,3623,3621,3627,3633,3652,3658,3669,3674,3676,3687,3688,3694,3700,3700,3708,3715,3738
352,2953,2959,2966,2986,2996,3005,3019,3028,3048,3059,3066,3059,3063,3071,3074,3087,3092,3096,3104,3108,3116,3124,3129,3132,3165,3170,3173,3191,3199,3200,3208,3215,3230,3244,3248,3251,3291,3298,3303,3318,3325,3332,3338,3345,3356,3365,3370,3374,3378,3384,3389,3407,3412,3416,3423,3425,3441,3451,3459,3457,3462,3469,3475,3495,3501,3508,3513,3518,3526,3534,3537,3541,3545,3550,3557,3574,3579,3587,3596,3601,3609,3615,3620,3623,3621,3627,3633,3652,3658,3669,3674,3676,3687,3688,3694,3700,3700,3708,3715,3738,3746
353,2959,2966,2986,2996,3005,3019,3028,3048,3059,3066,3059,3063,3071,3074,3087,3092,3096,3104,3108,3116,3124,3129,3132,3165,3170,3173,3191,3199,3200,3208,3215,3230,3244,3248,3251,3291,3298,3303,3318,3325,3332,3338,3345,3356,3365,3370,3374,3378,3384,3389,3407,3412,3416,3423,3425,3441,3451,3459,3457,3462,3469,3475,3495,3501,3508,3513,3518,3526,3534,3537,3541,3545,3550,3557,3574,3579,3587,3596,3601,3609,3615,3620,3623,3621,3627,3633,3652,3658,3669,3674,3676,3687,3688,3694,3700,3700,3708,3715,3738,3746,3764
354,2966,2986,2996,3005,3019,3028,3048,3059,3066,3059,3063,3071,3074,3087,3092,3096,3104,3108,3116,3124,3129,3132,3165,3170,3173,3191,3199,3200,3208,3215,3230,3244,3248,3251,3291,3298,3303,3318,3325,3332,3338,3345,3356,3365,3370,3374,3378,3384,3389,3407,3412,3416,3423,3425,3441,3451,3459,3457,3462,3469,3475,3495,3501,3508,3513,3518,3526,3534,3537,3541,3545,3550,3557,3574,3579,3587,3596,3601,3609,3615,3620,3623,3621,3627,3633,3652,3658,3669,3674,3676,3687,3688,3694,3700,3700,3708,3715,3738,3746,3764,3768
355,2986,2996,3005,3019,3028,3048,3059,3066,3059,3063,3071,3074,3087,3092,3096,3104,3108,3116,3124,3129,3132,3165,3170,3173,3191,3199,3200,3208,3215,3230,3244,3248,3251,3291,3298,3303,3318,3325,3332,3338,3345,3356,3365,3370,3374,3378,3384,3389,3407,3412,3416,3423,3425,3441,3451,3459,3457,3462,3469,3475,3495,3501,3508,3513,3518,3526,3534,3537,3541,3545,3550,3557,3574,3579,3587,3596,3601,3609,3615,3620,3623,3621,3627,3633,3652,3658,3669,3674,3676,3687,3688,3694,3700,3700,3708,3715,3738,3746,3764,3768,3773
356,2996,3005,3019,3028,3048,3059,3066,3059,3063,3071,3074,3087,3092,3096,3104,3108,3116,3124,3129,3132,3165,3170,3173,3191,3199,3200,3208,3215,3230,3244,3248,3251,3291,3298,3303,3318,3325,3332,3338,3345,3356,3365,3370,3374,3378,3384,3389,3407,3412,3416,3423,3425,3441,3451,3459,3457,3462,3469,3475,3495,3501,3508,3513,3518,3526,3534,3537,3541,3545,3550,3557,3574,3579,3587,3596,3601,3609,3615,3620,3623,3621,3627,3633,3652,3658,3669,3674,3676,3687,3688,3694,3700,3700,3708,3715,3738,3746,3764,3768,3773,3783
357,3005,3019,3028,3048,3059,3066,3059,3063,3071,3074,3087,3092,3096,3104,3108,3116,3124,3129,3132,3165,3170,3173,3191,3199,3200,3208,3215,3230,3244,3248,3251,3291,3298,3303,3318,3325,3332,3338,3345,3356,3365,3370,3374,3378,3384,3389,3407,3412,3416,3423,3425,3441,3451,3459,3457,3462,3469,3475,3495,3501,3508,3513,3518,3526,3534,3537,3541,3545,3550,3557,3574,3579,3587,3596,3601,3609,3615,3620,3623,3621,3627,3633,3652,3658,3669,3674,3676,3687,3688,3694,3700,3700,3708,3715,3738,3746,3764,3768,3773,3783,3788
358,3019,3028,3048,3059,3066,3059,3063,3071,3074,3087,3092,3096,3104,3108,3116,3124,3129,3132,3165,3170,3173,3191,3199,3200,3208,3215,3230,3244,3248,3251,3291,3298,3303,3318,3325,3332,3338,3345,3356,3365,3370,3374,3378,3384,3389,3407,3412,3416,3423,3425,3441,3451,3459,3457,3462,3469,3475,3495,3501,3508,3513,3518,3526,3534,3537,3541,3545,3550,3557,3574,3579,3587,3596,3601,3609,3615,3620,3623,3621,3627,3633,3652,3658,3669,3674,3676,3687,3688,3694,3700,3700,3708,3715,3738,3746,3764,3768,3773,3783,3788,3796
359,3028,3048,3059,3066,3059,3063,3071,3074,3087,3092,3096,3104,3108,3116,3124,3129,3132,3165,3170,3173,3191,3199,3200,3208,3215,3230,3244,3248,3251,3291,3298,3303,3318,3325,3332,3338,3345,3356,3365,3370,3374,3378,3384,3389,3407,3412,3416,3423,3425,3441,3451,3459,3457,3462,3469,3475,3495,3501,3508,3513,3518,3526,3534,3537,3541,3545,3550,3557,3574,3579,3587,3596,3601,3609,3615,3620,3623,3621,3627,3633,3652,3658,3669,3674,3676,3687,3688,3694,3700,3700,3708,3715,3738,3746,3764,3768,3773,3783,3788,3796,3802
360,3048,3059,3066,3059,3063,3071,3074,3087,3092,3096,3104,3108,3116,3124,3129,3132,3165,3170,3173,3191,3199,3200,3208,3215,3230,3244,3248,3251,3291,3298,3303,3318,3325,3332,3338,3345,3356,3365,3370,3374,3378,3384,3389,3407,3412,3416,3423,3425,3441,3451,3459,3457,3462,3469,3475,3495,3501,3508,3513,3518,3526,3534,3537,3541,3545,3550,3557,3574,3579,3587,3596,3601,3609,3615,3620,3623,3621,3627,3633,3652,3658,3669,3674,3676,3687,3688,3694,3700,3700,3708,3715,3738,3746,3764,3768,3773,3783,3788,3796,3802,3797
361,3059,3066,3059,3063,3071,3074,3087,3092,3096,3104,3108,3116,3124,3129,3132,3165,3170,3173,3191,3199,3200,3208,3215,3230,3244,3248,3251,3291,3298,3303,3318,3325,3332,3338,3345,3356,3365,3370,3374,3378,3384,3389,3407,3412,3416,3423,3425,3441,3451,3459,3457,3462,3469,3475,3495,3501,3508,3513,3518,3526,3534,3537,3541,3545,3550,3557,3574,3579,3587,3596,3601,3609,3615,3620,3623,3621,3627,3633,3652,3658,3669,3674,3676,3687,3688,3694,3700,3700,3708,3715,3738,3746,3764,3768,3773,3783,3788,3796,3802,3797,3808
362,3066,3059,3063,3071,3074,3087,3092,3096,3104,3108,3116,3124,3129,3132,3165,3170,3173,3191,3199,3200,3208,3215,3230,3244,3248,3251,3291,3298,3303,3318,3325,3332,3338,3345,3356,3365,3370,3374,3378,3384,3389,3407,3412,3416,3423,3425,3441,3451,3459,3457,3462,3469,3475,3495,3501,3508,3513,3518,3526,3534,3537,3541,3545,3550,3557,3574,3579,3587,3596,3601,3609,3615,3620,3623,3621,3627,3633,3652,3658,3669,3674,3676,3687,3688,3694,3700,3700,3708,3715,3738,3746,3764,3768,3773,3783,3788,3796,3802,3797,3808,3814
363,3059,3063,3071,3074,3087,3092,3096,3104,3108,3116,3124,3129,3132,3165,3170,3173,3191,3199,3200,3208,3215,3230,3244,3248,3251,3291,3298,3303,3318,3325,3332,3338,3345,3356,3365,3370,3374,3378,3384,3389,3407,3412,3416,3423,3425,3441,3451,3459,3457,3462,3469,3475,3495,3501,3508,3513,3518,3526,3534,3537,3541,3545,3550,3557,3574,3579,3587,3596,3601,3609,3615,3620,3623,3621,3627,3633,3652,3658,3669,3674,3676,3687,3688,3694,3700,3700,3708,3715,3738,3746,3764,3768,3773,3783,3788,3796,3802,3797,3808,3814,3841
364,3063,3071,3074,3087,3092,3096,3104,3108,3116,3124,3129,3132,3165,3170,3173,3191,3199,3200,3208,3215,3230,3244,3248,3251,3291,3298,3303,3318,3325,3332,3338,3345,3356,3365,3370,3374,3378,3384,3389,3407,3412,3416,3423,3425,3441,3451,3459,3457,3462,3469,3475,3495,3501,3508,3513,3518,3526,3534,3537,3541,3545,3550,3557,3574,3579,3587,3596,3601,3609,3615,3620,3623,3621,3627,3633,3652,3658,3669,3674,3676,3687,3688,3694,3700,3700,3708,3715,3738,3746,3764,3768,3773,3783,3788,3796,3802,3797,3808,3814,3841,3850
365,3071,3074,3087,3092,3096,3104,3108,3116,3124,3129,3132,3165,3170,3173,3191,3199,3200,3208,3215,3230,3244,3248,3251,3291,3298,3303,3318,3325,3332,3338,3345,3356,3365,3370,3374,3378,3384,3389,3407,3412,3416,3423,3425,3441,3451,3459,3457,3462,3469,3475,3495,3501,3508,3513,3518,3526,3534,3537,3541,3545,3550,3557,3574,3579,3587,3596,3601,3609,3615,3620,3623,3621,3627,3633,3652,3658,3669,3674,3676,3687,3688,3694,3700,3700,3708,3715,3738,3746,3764,3768,3773,3783,3788,3796,3802,3797,3808,3814,3841,3850,3857
366,3074,3087,3092,3096,3104,3108,3116,3124,3129,3132,3165,3170,3173,3191,3199,3200,3208,3215,3230,3244,3248,3251,3291,3298,3303,3318,3325,3332,3338,3345,3356,3365,3370,3374,3378,3384,3389,3407,3412,3416,3423,3425,3441,3451,3459,3457,3462,3469,3475,3495,3501,3508,3513,3518,3526,3534,3537,3541,3545,3550,3557,3574,3579,3587,3596,3601,3609,3615,3620,3623,3621,3627,3633,3652,3658,3669,3674,3676,3687,3688,3694,3700,3700,3708,3715,3738,3746,3764,3768,3773,3783,3788,3796,3802,3797,3808,3814,3841,3850,3857,3864
367,3087,3092,3096,3104,3108,3116,3124,3129,3132,3165,3170,3173,3191,3199,3200,3208,3215,3230,3244,3248,3251,3291,3298,3303,3318,3325,3332,3338,3345,3356,3365,3370,3374,3378,3384,3389,3407,3412,3416,3423,3425,3441,3451,3459,3457,3462,3469,3475,3495,3501,3508,3513,3518,3526,3534,3537,3541,3545,3550,3557,3574,3579,3587,3596,3601,3609,3615,3620,3623,3621,3627,3633,3652,3658,3669,3674,3676,3687,3688,3694,3700,3700,3708,3715,3738,3746,3764,3768,3773,3783,3788,3796,3802,3797,3808,3814,3841,3850,3857,3864,3873
368,3092,3096,3104,3108,3116,3124,3129,3132,3165,3170,3173,3191,3199,3200,3208,3215,3230,3244,3248,3251,3291,3298,3303,3318,3325,3332,3338,3345,3356,3365,3370,3374,3378,3384,3389,3407,3412,3416,3423,3425,3441,3451,3459,3457,3462,3469,3475,3495,3501,3508,3513,3518,3526,3534,3537,3541,3545,3550,3557,3574,3579,3587,3596,3601,3609,3615,3620,3623,3621,3627,3633,3652,3658,3669,3674,3676,3687,3688,3694,3700,3700,3708,3715,3738,3746,3764,3768,3773,3783,3788,3796,3802,3797,3808,3814,3841,3850,3857,3864,3873,1000
369,3096,3104,3108,3116,3124,3129,3132,3165,3170,3173,3191,3199,3200,3208,3215,3230,3244,3248,3251,3291,3298,3303,3318,3325,3332,3338,3345,3356,3365,3370,3374,3378,3384,3389,3407,3412,3416,3423,3425,3441,3451,3459,3457,3462,3469,3475,3495,3501,3508,3513,3518,3526,3534,3537,3541,3545,3550,3557,3574,3579,3587,3596,3601,3609,3615,3620,3623,3621,3627,3633,3652,3658,3669,3674,3676,3687,3688,3694,3700,3700,3708,3715,3738,3746,3764,3768,3773,3783,3788,3796,3802,3797,3808,3814,3841,3850,3857,3864,3873,1000,1002
370,3104,3108,3116,3124,3129,3132,3165,3170,3173,3191,3199,3200,3208,3215,3230,3244,3248,3251,3291,3298,3303,3318,3325,3332,3338,3345,3356,3365,3370,3374,3378,3384,3389,3407,3412,3416,3423,3425,3441,3451,3459,3457,3462,3469,3475,3495,3501,3508,3513,3518,3526,3534,3537,3541,3545,3550,3557,3574,3579,3587,3596,3601,3609,3615,3620,3623,3621,3627,3633,3652,3658,3669,3674,3676,3687,3688,3694,3700,3700,3708,3715,3738,3746,3764,3768,3773,3783,3788,3796,3802,3797,3808,3814,3841,3850,3857,3864,3873,1000,1002,1003
371,3108,3116,3124,3129,3132,3165,3170,3173,3191,3199,3200,3208,3215,3230,3244,3248,3251,3291,3298,3303,3318,3325,3332,3338,3345,3356,3365,3370,3374,3378,3384,3389,3407,3412,3416,3423,3425,3441,3451,3459,3457,3462,3469,3475,3495,3501,3508,3513,3518,3526,3534,3537,3541,3545,3550,3557,3574,3579,3587,3596,3601,3609,3615,3620,3623,3621,3627,3633,3652,3658,3669,3674,3676,3687,3688,3694,3700,3700,3708,3715,3738,3746,3764,3768,3773,3783,3788,3796,3802,3797,3808,3814,3841,3850,3857,3864,3873,1000,1002,1003,1015
372,3116,3124,3129,3132,3165,3170,3173,3191,3199,3200,3208,3215,3230,3244,3248,3251,3291,3298,3303,3318,3325,3332,3338,3345,3356,3365,3370,3374,3378,3384,3389,3407,3412,3416,3423,3425,3441,3451,3459,3457,3462,3469,3475,3495,3501,3508,3513,3518,3526,3534,3537,3541,3545,3550,3557,3574,3579,3587,3596,3601,3609,3615,3620,3623,3621,3627,3633,3652,3658,3669,3674,3676,3687,3688,3694,3700,3700,3708,3715,3738,3746,3764,3768,3773,3783,3788,3796,3802,3797,3808,3814,3841,3850,3857,3864,3873,1000,1002,1003,1015,1019
373,3124,3129,3132,3165,3170,3173,3191,3199,3200,3208,3215,3230,3244,3248,3251,3291,3298,3303,3318,3325,3332,3338,3345,3356,3365,3370,3374,3378,3384,3389,3407,3412,3416,3423,3425,3441,3451,3459,3457,3462,3469,3475,3495,3501,3508,3513,3518,3526,3534,3537,3541,3545,3550,3557,3574,3579,3587,3596,3601,3609,3615,3620,3623,3621,3627,3633,3652,3658,3669,3674,3676,3687,3688,3694,3700,3700,3708,3715,3738,3746,3764,3768,3773,3783,3788,3796,3802,3797,3808,3814,3841,3850,3857,3864,3873,1000,1002,1003,1015,1019,1021
374,3129,3132,3165,3170,3173,3191,3199,3200,3208,3215,3230,3244,3248,3251,3291,3298,3303,3318,3325,3332,3338,3345,3356,3365,3370,3374,3378,3384,3389,3407,3412,3416,3423,3425,3441,3451,3459,3457,3462,3469,3475,3495,3501,3508,3513,3518,3526,3534,3537,3541,3545,3550,3557,3574,3579,3587,3596,3601,3609,3615,3620,3623,3621,3627,3633,3652,3658,3669,3674,3676,3687,3688,3694,3700,3700,3708,3715,3738,3746,3764,3768,3773,3783,3788,3796,3802,3797,3808,3814,3841,3850,3857,3864,3873,1000,1002,1003,1015,1019,1021,1025
375,3132,3165,3170,3173,3191,3199,3200,3208,3215,3230,3244,3248,3251,3291,3298,3303,3318,3325,3332,3338,3345,3356,3365,3370,3374,3378,3384,3389,3407,3412,3416,3423,3425,3441,3451,3459,3457,3462,3469,3475,3495,3501,3508,3513,3518,3526,3534,3537,3541,3545,3550,3557,3574,3579,3587,3596,3601,3609,3615,3620,3623,3621,3627,3633,3652,3658,3669,3674,3676,3687,3688,3694,3700,3700,3708,3715,3738,3746,3764,3768,3773,3783,3788,3796,3802,3797,3808,3814,3841,3850,3857,3864,3873,1000,1002,1003,1015,1019,1021,1025,1027
376,3165,3170,3173,3191,3199,3200,3208,3215,3230,3244,3248,3251,3291,3298,3303,3318,3325,3332,3338,3345,3356,3365,3370,3374,3378,3384,3389,3407,3412,3416,3423,3425,3441,3451,3459,3457,3462,3469,3475,3495,3501,3508,3513,3518,3526,3534,3537,3541,3545,3550,3557,3574,3579,3587,3596,3601,3609,3615,3620,3623,3621,3627,3633,3652,3658,3669,3674,3676,3687,3688,3694,3700,3700,3708,3715,3738,3746,3764,3768,3773,3783,3788,3796,3802,3797,3808,3814,3841,3850,3857,3864,3873,1000,1002,1003,1015,1019,1021,1025,1027,1029
377,3170,3173,3191,3199,3200,3208,3215,3230,3244,3248,3251,3291,3298,3303,3318,3325,3332,3338,3345,3356,3365,3370,3374,3378,3384,3389,3407,3412,3416,3423,3425,3441,3451,3459,3457,3462,3469,3475,3495,3501,3508,3513,3518,3526,3534,3537,3541,3545,3550,3557,3574,3579,3587,3596,3601,3609,3615,3620,3623,3621,3627,3633,3652,3658,3669,3674,3676,3687,3688,3694,3700,3700,3708,3715,3738,3746,3764,3768,3773,3783,3788,3796,3802,3797,3808,3814,3841,3850,3857,3864,3873,1000,1002,1003,1015,1019,1021,1025,1027,1029,1033
378,3173,3191,3199,3200,3208,3215,3230,3244,3248,3251,3291,3298,3303,3318,3325,3332,3338,3345,3356,3365,3370,3374,3378,3384,3389,3407,3412,3416,3423,3425,3441,3451,3459,3457,3462,3469,3475,3495,3501,3508,3513,3518,3526,3534,3537,3541,3545,3550,3557,3574,3579,3587,3596,3601,3609,3615,3620,3623,3621,3627,3633,3652,3658,3669,3674,3676,3687,3688,3694,3700,3700,3708,3715,3738,3746,3764,3768,3773,3783,3788,3796,3802,3797,3808,3814,3841,3850,3857,3864,3873,1000,1002,1003,1015,1019,1021,1025,1027,1029,1033,1039
379,3191,3199,3200,3208,3215,3230,3244,3248,3251,3291,3298,3303,3318,3325,3332,3338,3345,3356,3365,3370,3374,3378,3384,3389,3407,3412,3416,3423,3425,3441,3451,3459,3457,3462,3469,3475,3495,3501,3508,3513,3518,3526,3534,3537,3541,3545,3550,3557,3574,3579,3587,3596,3601,3609,3615,3620,3623,3621,3627,3633,3652,3658,3669,3674,3676,3687,3688,3694,3700,3700,3708,3715,3738,3746,3764,3768,3773,3783,3788,3796,3802,3797,3808,3814,3841,3850,3857,3864,3873,1000,1002,1003,1015,1019,1021,1025,1027,1029,1033,1039,1040
380,3199,3200,3208,3215,3230,3244,3248,3251,3291,3298,3303,3318,3325,3332,3338,3345,3356,3365,3370,3374,3378,3384,3389,3407,3412,3416,3423,3425,3441,3451,3459,3457,3462,3469,3475,3495,3501,3508,3513,3518,3526,3534,3537,3541,3545,3550,3557,3574,3579,3587,3596,3601,3609,3615,3620,3623,3621,3627,3633,3652,3658,3669,3674,3676,3687,3688,3694,3700,3700,3708,3715,3738,3746,3764,3768,3773,3783,3788,3796,3802,3797,3808,3814,3841,3850,3857,3864,3873,1000,1002,1003,1015,1019,1021,1025,1027,1029,1033,1039,1040,1048
381,3200,3208,3215,3230,3244,3248,3251,3291,3298,3303,3318,3325,3332,3338,3345,3356,3365,3370,3374,3378,3384,3389,3407,3412,3416,3423,3425,3441,3451,3459,3457,3462,3469,3475,3495,3501,3508,3513,3518,3526,3534,3537,3541,3545,3550,3557,3574,3579,3587,3596,3601,3609,3615,3620,3623,3621,3627,3633,3652,3658,3669,3674,3676,3687,3688,3694,3700,3700,3708,3715,3738,3746,3764,3768,3773,3783,3788,3796,3802,3797,3808,3814,3841,3850,3857,3864,3873,1000,1002,1003,1015,1019,1021,1025,1027,1029,1033,1039,1040,1048,1052
382,3208,3215,3230,3244,3248,3251,3291,3298,3303,3318,3325,3332,3338,3345,3356,3365,3370,3374,3378,3384,3389,3407,3412,3416,3423,3425,3441,3451,3459,3457,3462,3469,3475,3495,3501,3508,3513,3518,3526,3534,3537,3541,3545,3550,3557,3574,3579,3587,3596,3601,3609,3615,3620,3623,3621,3627,3633,3652,3658,3669,3674,3676,3687,3688,3694,3700,3700,3708,3715,3738,3746,3764,3768,3773,3783,3788,3796,3802,3797,3808,3814,3841,3850,3857,3864,3873,1000,1002,1003,1015,1019,1021,1025,1027,1029,1033,1039,1040,1048,1052,1054
383,3215,3230,3244,3248,3251,3291,3298,3303,3318,3325,3332,3338,3345,3356,3365,3370,3374,3378,3384,3389,3407,3412,3416,3423,3425,3441,3451,3459,3457,3462,3469,3475,3495,3501,3508,3513,3518,3526,3534,3537,3541,3545,3550,3557,3574,3579,3587,3596,3601,3609,3615,3620,3623,3621,3627,3633,3652,3658,3669,3674,3676,3687,3688,3694,3700,3700,3708,3715,3738,3746,3764,3768,3773,3783,3788,3796,3802,3797,3808,3814,3841,3850,3857,3864,3873,1000,1002,1003,1015,1019,1021,1025,1027,1029,1033,1039,1040,1048,1052,1054,1074
384,3230,3244,3248,3251,3291,3298,3303,3318,3325,3332,3338,3345,3356,3365,3370,3374,3378,3384,3389,3407,3412,3416,3423,3425,3441,3451,3459,3457,3462,3469,3475,3495,3501,3508,3513,3518,3526,3534,3537,3541,3545,3550,3557,3574,3579,3587,3596,3601,3609,3615,3620,3623,3621,3627,3633,3652,3658,3669,3674,3676,3687,3688,3694,3700,3700,3708,3715,3738,3746,3764,3768,3773,3783,3788,3796,3802,3797,3808,3814,3841,3850,3857,3864,3873,1000,1002,1003,1015,1019,1021,1025,1027,1029,1033,1039,1040,1048,1052,1054,1074,1081
385,3244,3248,3251,3291,3298,3303,3318,3325,3332,3338,3345,3356,3365,3370,3374,3378,3384,3389,3407,3412,3416,3423,3425,3441,3451,3459,3457,3462,3469,3475,3495,3501,3508,3513,3518,3526,3534,3537,3541,3545,3550,3557,3574,3579,3587,3596,3601,3609,3615,3620,3623,3621,3627,3633,3652,3658,3669,3674,3676,3687,3688,3694,3700,3700,3708,3715,3738,3746,3764,3768,3773,3783,3788,3796,3802,3797,3808,3814,3841,3850,3857,3864,3873,1000,1002,1003,1015,1019,1021,1025,1027,1029,1033,1039,1040,1048,1052,1054,1074,1081,1088
386,3248,3251,3291,3298,3303,3318,3325,3332,3338,3345,3356,3365,3370,3374,3378,3384,3389,3407,3412,3416,3423,3425,3441,3451,3459,3457,3462,3469,3475,3495,3501,3508,3513,3518,3526,3534,3537,3541,3545,3550,3557,3574,3579,3587,3596,3601,3609,3615,3620,3623,3621,3627,3633,3652,3658,3669,3674,3676,3687,3688,3694,3700,3700,3708,3715,3738,3746,3764,3768,3773,3783,3788,3796,3802,3797,3808,3814,3841,3850,3857,3864,3873,1000,1002,1003,1015,1019,1021,1025,1027,1029,1033,1039,1040,1048,1052,1054,1074,1081,1088,1096
387,3251,3291,3298,3303,3318,3325,3332,3338,3345,3356,3365,3370,3374,3378,3384,3389,3407,3412,3416,3423,3425,3441,3451,3459,3457,3462,3469,3475,3495,3501,3508,3513,3518,3526,3534,3537,3541,3545,3550,3557,3574,3579,3587,3596,3601,3609,3615,3620,3623,3621,3627,3633,3652,3658,3669,3674,3676,3687,3688,3694,3700,3700,3708,3715,3738,3746,3764,3768,3773,3783,3788,3796,3802,3797,3808,3814,3841,3850,3857,3864,3873,1000,1002,1003,1015,1019,1021,1025,1027,1029,1033,1039,1040,1048,1052,1054,1074,1081,1088,1096,1099
388,3291,3298,3303,3318,3325,3332,3338,3345,3356,3365,3370,3374,3378,3384,3389,3407,3412,3416,3423,3425,3441,3451,3459,3457,3462,3469,3475,3495,3501,3508,3513,3518,3526,3534,3537,3541,3545,3550,3557,3574,3579,3587,3596,3601,3609,3615,3620,3623,3621,3627,3633,3652,3658,3669,3674,3676,3687,3688,3694,3700,3700,3708,3715,3738,3746,3764,3768,3773,3783,3788,3796,3802,3797,3808,3814,3841,3850,3857,3864,3873,1000,1002,1003,1015,1019,1021,1025,1027,1029,1033,1039,1040,1048,1052,1054,1074,1081,1088,1096,1099,1104
389,3298,3303,3318,3325,3332,3338,3345,3356,3365,3370,3374,3378,3384,3389,3407,3412,3416,3423,3425,3441,3451,3459,3457,3462,3469,3475,3495,3501,3508,3513,3518,3526,3534,3537,3541,3545,3550,3557,3574,3579,3587,3596,3601,3609,3615,3620,3623,3621,3627,3633,3652,3658,3669,3674,3676,3687,3688,3694,3700,3700,3708,3715,3738,3746,3764,3768,3773,3783,3788,3796,3802,3797,3808,3814,3841,3850,3857,3864,3873,1000,1002,1003,1015,1019,1021,1025,1027,1029,1033,1039,1040,1048,1052,1054,1074,1081,1088,1096,1099,1104,1108
390,3303,3318,3325,3332,3338,3345,3356,3365,3370,3374,3378,3384,3389,3407,3412,3416,3423,3425,3441,3451,3459,3457,3462,3469,3475,3495,3501,3508,3513,3518,3526,3534,3537,3541,3545,3550,3557,3574,3579,3587,3596,3601,3609,3615,3620,3623,3621,3627,3633,3652,3658,3669,3674,3676,3687,3688,3694,3700,3700,3708,3715,3738,3746,3764,3768,3773,3783,3788,3796,3802,3797,3808,3814,3841,3850,3857,3864,3873,1000,1002,1003,1015,1019,1021,1025,1027,1029,1033,1039,1040,1048,1052,1054,1074,1081,1088,1096,1099,1104,1108,1114
391,3318,3325,3332,3338,3345,3356,3365,3370,3374,3378,3384,3389,3407,3412,3416,3423,3425,3441,3451,3459,3457,3462,3469,3475,3495,3501,3508,3513,3518,3526,3534,3537,3541,3545,3550,3557,3574,3579,3587,3596,3601,3609,3615,3620,3623,3621,3627,3633,3652,3658,3669,3674,3676,3687,3688,3694,3700,3700,3708,3715,3738,3746,3764,3768,3773,3783,3788,3796,3802,3797,3808,3814,3841,3850,3857,3864,3873,1000,1002,1003,1015,1019,1021,1025,1027,1029,1033,1039,1040,1048,1052,1054,1074,1081,1088,1096,1099,1104,1108,1114,1115
392,3325,3332,3338,3345,3356,3365,3370,3374,3378,3384,3389,3407,3412,3416,3423,3425,3441,3451,3459,3457,3462,3469,3475,3495,3501,3508,3513,3518,3526,3534,3537,3541,3545,3550,3557,3574,3579,3587,3596,3601,3609,3615,3620,3623,3621,3627,3633,3652,3658,3669,3674,3676,3687,3688,3694,3700,3700,3708,3715,3738,3746,3764,3768,3773,3783,3788,3796,3802,3797,3808,3814,3841,3850,3857,3864,3873,1000,1002,1003,1015,1019,1021,1025,1027,1029,1033,1039,1040,1048,1052,1054,1074,1081,1088,1096,1099,1104,1108,1114,1115,1130
393,3332,3338,3345,3356,3365,3370,3374,3378,3384,3389,3407,3412,3416,3423,3425,3441,3451,3459,3457,3462,3469,3475,3495,3501,3508,3513,3518,3526,3534,3537,3541,3545,3550,3557,3574,3579,3587,3596,3601,3609,3615,3620,3623,3621,3627,3633,3652,3658,3669,3674,3676,3687,3688,3694,3700,3700,3708,3715,3738,3746,3764,3768,3773,3783,3788,3796,3802,3797,3808,3814,3841,3850,3857,3864,3873,1000,1002,1003,1015,1019,1021,1025,1027,1029,1033,1039,1040,1048,1052,1054,1074,1081,1088,1096,1099,1104,1108,1114,1115,1130,1132
394,3338,3345,3356,3365,3370,3374,3378,3384,3389,3407,3412,3416,3423,3425,3441,3451,3459,3457,3462,3469,3475,3495,3501,3508,3513,3518,3526,3534,3537,3541,3545,3550,3557,3574,3579,3587,3596,3601,3609,3615,3620,3623,3621,3627,3633,3652,3658,3669,3674,3676,3687,3688,3694,3700,3700,3708,3715,3738,3746,3764,3768,3773,3783,3788,3796,3802,3797,3808,3814,3841,3850,3857,3864,3873,1000,1002,1003,1015,1019,1021,1025,1027,1029,1033,1039,1040,1048,1052,1054,1074,1081,1088,1096,1099,1104,1108,1114,1115,1130,1132,1134
395,3345,3356,3365,3370,3374,3378,3384,3389,3407,3412,3416,3423,3425,3441,3451,3459,3457,3462,3469,3475,3495,3501,3508,3513,3518,3526,3534,3537,3541,3545,3550,3557,3574,3579,3587,3596,3601,3609,3615,3620,3623,3621,3627,3633,3652,3658,3669,3674,3676,3687,3688,3694,3700,3700,3708,3715,3738,3746,3764,3768,3773,3783,3788,3796,3802,3797,3808,3814,3841,3850,3857,3864,3873,1000,1002,1003,1015,1019,1021,1025,1027,1029,1033,1039,1040,1048,1052,1054,1074,1081,1088,1096,1099,1104,1108,1114,1115,1130,1132,1134,1156
396,3356,3365,3370,3374,3378,3384,3389,3407,3412,3416,3423,3425,3441,3451,3459,3457,3462,3469,3475,3495,3501,3508,3513,3518,3526,3534,3537,3541,3545,3550,3557,3574,3579,3587,3596,3601,3609,3615,3620,3623,3621,3627,3633,3652,3658,3669,3674,3676,3687,3688,3694,3700,3700,3708,3715,3738,3746,3764,3768,3773,3783,3788,3796,3802,3797,3808,3814,3841,3850,3857,3864,3873,1000,1002,1003,1015,1019,1021,1025,1027,1029,1033,1039,1040,1048,1052,1054,1074,1081,1088,1096,1099,1104,1108,1114,1115,1130,1132,1134,1156,1162
397,3365,3370,3374,3378,3384,3389,3407,3412,3416,3423,3425,3441,3451,3459,3457,3462,3469,3475,3495,3501,3508,3513,3518,3526,3534,3537,3541,3545,3550,3557,3574,3579,3587,3596,3601,3609,3615,3620,3623,3621,3627,3633,3652,3658,3669,3674,3676,3687,3688,3694,3700,3700,3708,3715,3738,3746,3764,3768,3773,3783,3788,3796,3802,3797,3808,3814,3841,3850,3857,3864,3873,1000,1002,1003,1015,1019,1021,1025,1027,1029,1033,1039,1040,1048,1052,1054,1074,1081,1088,1096,1099,1104,1108,1114,1115,1130,1132,1134,1156,1162,1168
398,3370,3374,3378,3384,3389,3407,3412,3416,3423,3425,3441,3451,3459,3457,3462,3469,3475,3495,3501,3508,3513,3518,3526,3534,3537,3541,3545,3550,3557,3574,3579,3587,3596,3601,3609,3615,3620,3623,3621,3627,3633,3652,3658,3669,3674,3676,3687,3688,3694,3700,3700,3708,3715,3738,3746,3764,3768,3773,3783,3788,3796,3802,3797,3808,3814,3841,3850,3857,3864,3873,1000,1002,1003,1015,1019,1021,1025,1027,1029,1033,1039,1040,1048,1052,1054,1074,1081,1088,1096,1099,1104,1108,1114,1115,1130,1132,1134,1156,1162,1168,1176
399,3374,3378,3384,3389,3407,3412,3416,3423,3425,3441,3451,3459,3457,3462,3469,3475,3495,3501,3508,3513,3518,3526,3534,3537,3541,3545,3550,3557,3574,3579,3587,3596,3601,3609,3615,3620,3623,3621,3627,3633,3652,3658,3669,3674,3676,3687,3688,3694,3700,3700,3708,3715,3738,3746,3764,3768,3773,3783,3788,3796,3802,3797,3808,3814,3841,3850,3857,3864,3873,1000,1002,1003,1015,1019,1021,1025,1027,1029,1033,1039,1040,1048,1052,1054,1074,1081,1088,1096,1099,1104,1108,1114,1115,1130,1132,1134,1156,1162,1168,1176,1178
400,3378,3384,3389,3407,3412,3416,3423,3425,3441,3451,3459,3457,3462,3469,3475,3495,3501,3508,3513,3518,3526,3534,3537,3541,3545,3550,3557,3574,3579,3587,3596,3601,3609,3615,3620,3623,3621,3627,3633,3652,3658,3669,3674,3676,3687,3688,3694,3700,3700,3708,3715,3738,3746,3764,3768,3773,3783,3788,3796,3802,3797,3808,3814,3841,3850,3857,3864,3873,1000,1002,1003,1015,1019,1021,1025,1027,1029,1033,1039,1040,1048,1052,1054,1074,1081,1088,1096,1099,1104,1108,1114,1115,1130,1132,1134,1156,1162,1168,1176,1178,1183
401,3384,3389,3407,3412,3416,3423,3425,3441,3451,3459,3457,3462,3469,3475,3495,3501,3508,3513,3518,3526,3534,3537,3541,3545,3550,3557,3574,3579,3587,3596,3601,3609,3615,3620,3623,3621,3627,3633,3652,3658,3669,3674,3676,3687,3688,3694,3700,3700,3708,3715,3738,3746,3764,3768,3773,3783,3788,3796,3802,3797,3808,3814,3841,3850,3857,3864,3873,1000,1002,1003,1015,1019,1021,1025,1027,1029,1033,1039,1040,1048,1052,1054,1074,1081,1088,1096,1099,1104,1108,1114,1115,1130,1132,1134,1156,1162,1168,1176,1178,1183,1189
402,3389,3407,3412,3416,3423,3425,3441,3451,3459,3457,3462,3469,3475,3495,3501,3508,3513,3518,3526,3534,3537,3541,3545,3550,3557,3574,3579,3587,3596,3601,3609,3615,3620,3623,3621,3627,3633,3652,3658,3669,3674,3676,3687,3688,3694,3700,3700,3708,3715,3738,3746,3764,3768,3773,3783,3788,3796,3802,3797,3808,3814,3841,3850,3857,3864,3873,1000,1002,1003,1015,1019,1021,1025,1027,1029,1033,1039,1040,1048,1052,1054,1074,1081,1088,1096,1099,1104,1108,1114,1115,1130,1132,1134,1156,1162,1168,1176,1178,1183,1189,1193
403,3407,3412,3416,3423,3425,3441,3451,3459,3457,3462,3469,3475,3495,3501,3508,3513,3518,3526,3534,3537,3541,3545,3550,3557,3574,3579,3587,3596,3601,3609,3615,3620,3623,3621,3627,3633,3652,3658,3669,3674,3676,3687,3688,3694,3700,3700,3708,3715,3738,3746,3764,3768,3773,3783,3788,3796,3802,3797,3808,3814,3841,3850,3857,3864,3873,1000,1002,1003,1015,1019,1021,1025,1027,1029,1033,1039,1040,1048,1052,1054,1074,1081,1088,1096,1099,1104,1108,1114,1115,1130,1132,1134,1156,1162,1168,1176,1178,1183,1189,1193,1195
404,3412,3416,3423,3425,3441,3451,3459,3457,3462,3469,3475,3495,3501,3508,3513,3518,3526,3534,3537,3541,3545,3550,3557,3574,3579,3587,3596,3601,3609,3615,3620,3623,3621,3627,3633,3652,3658,3669,3674,3676,3687,3688,3694,3700,3700,3708,3715,3738,3746,3764,3768,3773,3783,3788,3796,3802,3797,3808,3814,3841,3850,3857,3864,3873,1000,1002,1003,1015,1019,1021,1025,1027,1029,1033,1039,1040,1048,1052,1054,1074,1081,1088,1096,1099,1104,1108,1114,1115,1130,1132,1134,1156,1162,1168,1176,1178,1183,1189,1193,1195,1206
405,3416,3423,3425,3441,3451,3459,3457,3462,3469,3475,3495,3501,3508,3513,3518,3526,3534,3537,3541,3545,3550,3557,3574,3579,3587,3596,3601,3609,3615,3620,3623,3621,3627,3633,3652,3658,3669,3674,3676,3687,3688,3694,3700,3700,3708,3715,3738,3746,3764,3768,3773,3783,3788,3796,3802,3797,3808,3814,3841,3850,3857,3864,3873,1000,1002,1003,1015,1019,1021,1025,1027,1029,1033,1039,1040,1048,1052,1054,1074,1081,1088,1096,1099,1104,1108,1114,1115,1130,1132,1134,1156,1162,1168,1176,1178,1183,1189,1193,1195,1206,1212
406,3423,3425,3441,3451,3459,3457,3462,3469,3475,3495,3501,3508,3513,3518,3526,3534,3537,3541,3545,3550,3557,3574,3579,3587,3596,3601,3609,3615,3620,3623,3621,3627,3633,3652,3658,3669,3674,3676,3687,3688,3694,3700,3700,3708,3715,3738,3746,3764,3768,3773,3783,3788,3796,3802,3797,3808,3814,3841,3850,3857,3864,3873,1000,1002,1003,1015,1019,1021,1025,1027,1029,1033,1039,1040,1048,1052,1054,1074,1081,1088,1096,1099,1104,1108,1114,1115,1130,1132,1134,1156,1162,1168,1176,1178,1183,1189,1193,1195,1206,1212,1216
407,3425,3441,3451,3459,3457,3462,3469,3475,3495,3501,3508,3513,3518,3526,3534,3537,3541,3545,3550,3557,3574,3579,3587,3596,3601,3609,3615,3620,3623,3621,3627,3633,3652,3658,3669,3674,3676,3687,3688,3694,3700,3700,3708,3715,3738,3746,3764,3768,3773,3783,3788,3796,3802,3797,3808,3814,3841,3850,3857,3864,3873,1000,1002,1003,1015,1019,1021,1025,1027,1029,1033,1039,1040,1048,1052,1054,1074,1081,1088,1096,1099,1104,1108,1114,1115,1130,1132,1134,1156,1162,1168,1176,1178,1183,1189,1193,1195,1206,1212,1216,1242
408,3441,3451,3459,3457,3462,3469,3475,3495,3501,3508,3513,3518,3526,3534,3537,3541,3545,3550,3557,3574,3579,3587,3596,3601,3609,3615,3620,3623,3621,3627,3633,3652,3658,3669,3674,3676,3687,3688,3694,3700,3700,3708,3715,3738,3746,3764,3768,3773,3783,3788,3796,3802,3797,3808,3814,3841,3850,3857,3864,3873,1000,1002,1003,1015,1019,1021,1025,1027,1029,1033,1039,1040,1048,1052,1054,1074,1081,1088,1096,1099,1104,1108,1114,1115,1130,1132,1134,1156,1162,1168,1176,1178,1183,1189,1193,1195,1206,1212,1216,1242,1254
409,3451,3459,3457,3462,3469,3475,3495,3501,3508,3513,3518,3526,3534,3537,3541,3545,3550,3557,3574,3579,3587,3596,3601,3609,3615,3620,3623,3621,3627,3633,3652,3658,3669,3674,3676,3687,3688,3694,3700,3700,3708,3715,3738,3746,3764,3768,3773,3783,3788,3796,3802,3797,3808,3814,3841,3850,3857,3864,3873,1000,1002,1003,1015,1019,1021,1025,1027,1029,1033,1039,1040,1048,1052,1054,1074,1081,1088,1096,1099,1104,1108,1114,1115,1130,1132,1134,1156,1162,1168,1176,1178,1183,1189,1193,1195,1206,1212,1216,1242,1254,1263
410,3459,3457,3462,3469,3475,3495,3501,3508,3513,3518,3526,3534,3537,3541,3545,3550,3557,3574,3579,3587,3596,3601,3609,3615,3620,3623,3621,3627,3633,3652,3658,3669,3674,3676,3687,3688,3694,3700,3700,3708,3715,3738,3746,3764,3768,3773,3783,3788,3796,3802,3797,3808,3814,3841,3850,3857,3864,3873,1000,1002,1003,1015,1019,1021,1025,1027,1029,1033,1039,1040,1048,1052,1054,1074,1081,1088,1096,1099,1104,1108,1114,1115,1130,1132,1134,1156,1162,1168,1176,1178,1183,1189,1193,1195,1206,1212,1216,1242,1254,1263,1275
411,3457,3462,3469,3475,3495,3501,3508,3513,3518,3526,3534,3537,3541,3545,3550,3557,3574,3579,3587,3596,3601,3609,3615,3620,3623,3621,3627,3633,3652,3658,3669,3674,3676,3687,3688,3694,3700,3700,3708,3715,3738,3746,3764,3768,3773,3783,3788,3796,3802,3797,3808,3814,3841,3850,3857,3864,3873,1000,1002,1003,1015,1019,1021,1025,1027,1029,1033,1039,1040,1048,1052,1054,1074,1081,1088,1096,1099,1104,1108,1114,1115,1130,1132,1134,1156,1162,1168,1176,1178,1183,1189,1193,1195,1206,1212,1216,1242,1254,1263,1275,1279
412,3462,3469,3475,3495,3501,3508,3513,3518,3526,3534,3537,3541,3545,3550,3557,3574,3579,3587,3596,3601,3609,3615,3620,3623,3621,3627,3633,3652,3658,3669,3674,3676,3687,3688,3694,3700,3700,3708,3715,3738,3746,3764,3768,3773,3783,3788,3796,3802,3797,3808,3814,3841,3850,3857,3864,3873,1000,1002,1003,1015,1019,1021,1025,1027,1029,1033,1039,1040,1048,1052,1054,1074,1081,1088,1096,1099,1104,1108,1114,1115,1130,1132,1134,1156,1162,1168,1176,1178,1183,1189,1193,1195,1206,1212,1216,1242,1254,1263,1275,1279,1289
413,3469,3475,3495,3501,3508,3513,3518,3526,3534,3537,3541,3545,3550,3557,3574,3579,3587,3596,3601,3609,3615,3620,3623,3621,3627,3633,3652,3658,3669,3674,3676,3687,3688,3694,3700,3700,3708,3715,3738,3746,3764,3768,3773,3783,3788,3796,3802,3797,3808,3814,3841,3850,3857,3864,3873,1000,1002,1003,1015,1019,1021,1025,1027,1029,1033,1039,1040,1048,1052,1054,1074,1081,1088,1096,1099,1104,1108,1114,1115,1130,1132,1134,1156,1162,1168,1176,1178,1183,1189,1193,1195,1206,1212,1216,1242,1254,1263,1275,1279,1289,1298
414,3475,3495,3501,3508,3513,3518,3526,3534,3537,3541,3545,3550,3557,3574,3579,3587,3596,3601,3609,3615,3620,3623,3621,3627,3633,3652,3658,3669,3674,3676,3687,3688,3694,3700,3700,3708,3715,3738,3746,3764,3768,3773,3783,3788,3796,3802,3797,3808,3814,3841,3850,3857,3864,3873,1000,1002,1003,1015,1019,1021,1025,1027,1029,1033,1039,1040,1048,1052,1054,1074,1081,1088,1096,1099,1104,1108,1114,1115,1130,1132,1134,1156,1162,1168,1176,1178,1183,1189,1193,1195,1206,1212,1216,1242,1254,1263,1275,1279,1289,1298,1302
415,3495,3501,3508,3513,3518,3526,3534,3537,3541,3545,3550,3557,3574,3579,3587,3596,3601,3609,3615,3620,3623,3621,3627,3633,3652,3658,3669,3674,3676,3687,3688,3694,3700,3700,3708,3715,3738,3746,3764,3768,3773,3783,3788,3796,3802,3797,3808,3814,3841,3850,3857,3864,3873,1000,1002,1003,1015,1019,1021,1025,1027,1029,1033,1039,1040,1048,1052,1054,1074,1081,1088,1096,1099,1104,1108,1114,1115,1130,1132,1134,1156,1162,1168,1176,1178,1183,1189,1193,1195,1206,1212,1216,1242,1254,1263,1275,1279,1289,1298,1302,1306
416,3501,3508,3513,3518,3526,3534,3537,3541,3545,3550,3557,3574,3579,3587,3596,3601,3609,3615,3620,3623,3621,3627,3633,3652,3658,3669,3674,3676,3687,3688,3694,3700,3700,3708,3715,3738,3746,3764,3768,3773,3783,3788,3796,3802,3797,3808,3814,3841,3850,3857,3864,3873,1000,1002,1003,1015,1019,1021,1025,1027,1029,1033,1039,1040,1048,1052,1054,1074,1081,1088,1096,1099,1104,1108,1114,1115,1130,1132,1134,1156,1162,1168,1176,1178,1183,1189,1193,1195,1206,1212,1216,1242,1254,1263,1275,1279,1289,1298,1302,1306,1322
417,3508,3513,3518,3526,3534,3537,3541,3545,3550,3557,3574,3579,3587,3596,3601,3609,3615,3620,3623,3621,3627,3633,3652,3658,3669,3674,3676,3687,3688,3694,3700,3700,3708,3715,3738,3746,3764,3768,3773,3783,3788,3796,3802,3797,3808,3814,3841,3850,3857,3864,3873,1000,1002,1003,1015,1019,1021,1025,1027,1029,1033,1039,1040,1048,1052,1054,1074,1081,1088,1096,1099,1104,1108,1114,1115,1130,1132,1134,1156,1162,1168,1176,1178,1183,1189,1193,1195,1206,1212,1216,1242,1254,1263,1275,1279,1289,1298,1302,1306,1322,1326
418,3513,3518,3526,3534,3537,3541,3545,3550,3557,3574,3579,3587,3596,3601,3609,3615,3620,3623,3621,3627,3633,3652,3658,3669,3674,3676,3687,3688,3694,3700,3700,3708,3715,3738,3746,3764,3768,3773,3783,3788,3796,3802,3797,3808,3814,3841,3850,3857,3864,3873,1000,1002,1003,1015,1019,1021,1025,1027,1029,1033,1039,1040,1048,1052,1054,1074,1081,1088,1096,1099,1104,1108,1114,1115,1130,1132,1134,1156,1162,1168,1176,1178,1183,1189,1193,1195,1206,1212,1216,1242,1254,1263,1275,1279,1289,1298,1302,1306,1322,1326,1330
419,3518,3526,3534,3537,3541,3545,3550,3557,3574,3579,3587,3596,3601,3609,3615,3620,3623,3621,3627,3633,3652,3658,3669,3674,3676,3687,3688,3694,3700,3700,3708,3715,3738,3746,3764,3768,3773,3783,3788,3796,3802,3797,3808,3814,3841,3850,3857,3864,3873,1000,1002,1003,1015,1019,1021,1025,1027,1029,1033,1039,1040,1048,1052,1054,1074,1081,1088,1096,1099,1104,1108,1114,1115,1130,1132,1134,1156,1162,1168,1176,1178,1183,1189,1193,1195,1206,1212,1216,1242,1254,1263,1275,1279,1289,1298,1302,1306,1322,1326,1330,1380
420,3526,3534,3537,3541,3545,3550,3557,3574,3579,3587,3596,3601,3609,3615,3620,3623,3621,3627,3633,3652,3658,3669,3674,3676,3687,3688,3694,3700,3700,3708,3715,3738,3746,3764,3768,3773,3783,3788,3796,3802,3797,3808,3814,3841,3850,3857,3864,3873,1000,1002,1003,1015,1019,1021,1025,1027,1029,1033,1039,1040,1048,1052,1054,1074,1081,1088,1096,1099,1104,1108,1114,1115,1130,1132,1134,1156,1162,1168,1176,1178,1183,1189,1193,1195,1206,1212,1216,1242,1254,1263,1275,1279,1289,1298,1302,1306,1322,1326,1330,1380,1391
421,3534,3537,3541,3545,3550,3557,3574,3579,3587,3596,3601,3609,3615,3620,3623,3621,3627,3633,3652,3658,3669,3674,3676,3687,3688,3694,3700,3700,3708,3715,3738,3746,3764,3768,3773,3783,3788,3796,3802,3797,3808,3814,3841,3850,3857,3864,3873,1000,1002,1003,1015,1019,1021,1025,1027,1029,1033,1039,1040,1048,1052,1054,1074,1081,1088,1096,1099,1104,1108,1114,1115,1130,1132,1134,1156,1162,1168,1176,1178,1183,1189,1193,1195,1206,1212,1216,1242,1254,1263,1275,1279,1289,1298,1302,1306,1322,1326,1330,1380,1391,1399
422,3537,3541,3545,3550,3557,3574,3579,3587,3596,3601,3609,3615,3620,3623,3621,3627,3633,3652,3658,3669,3674,3676,3687,3688,3694,3700,3700,3708,3715,3738,3746,3764,3768,3773,3783,3788,3796,3802,3797,3808,3814,3841,3850,3857,3864,3873,1000,1002,1003,1015,1019,1021,1025,1027,1029,1033,1039,1040,1048,1052,1054,1074,1081,1088,1096,1099,1104,1108,1114,1115,1130,1132,1134,1156,1162,1168,1176,1178,1183,1189,1193,1195,1206,1212,1216,1242,1254,1263,1275,1279,1289,1298,1302,1306,1322,1326,1330,1380,1391,1399,1412
423,3541,3545,3550,3557,3574,3579,3587,3596,3601,3609,3615,3620,3623,3621,3627,3633,3652,3658,3669,3674,3676,3687,3688,3694,3700,3700,3708,3715,3738,3746,3764,3768,3773,3783,3788,3796,3802,3797,3808,3814,3841,3850,3857,3864,3873,1000,1002,1003,1015,1019,1021,1025,1027,1029,1033,1039,1040,1048,1052,1054,1074,1081,1088,1096,1099,1104,1108,1114,1115,1130,1132,1134,1156,1162,1168,1176,1178,1183,1189,1193,1195,1206,1212,1216,1242,1254,1263,1275,1279,1289,1298,1302,1306,1322,1326,1330,1380,1391,1399,1412,1416
424,3545,3550,3557,3574,3579,3587,3596,3601,3609,3615,3620,3623,3621,3627,3633,3652,3658,3669,3674,3676,3687,3688,3694,3700,3700,3708,3715,3738,3746,3764,3768,3773,3783,3788,3796,3802,3797,3808,3814,3841,3850,3857,3864,3873,1000,1002,1003,1015,1019,1021,1025,1027,1029,1033,1039,1040,1048,1052,1054,1074,1081,1088,1096,1099,1104,1108,1114,1115,1130,1132,1134,1156,1162,1168,1176,1178,1183,1189,1193,1195,1206,1212,1216,1242,1254,1263,1275,1279,1289,1298,1302,1306,1322,1326,1330,1380,1391,1399,1412,1416,1425
425,3550,3557,3574,3579,3587,3596,3601,3609,3615,3620,3623,3621,3627,3633,3652,3658,3669,3674,3676,3687,3688,3694,3700,3700,3708,3715,3738,3746,3764,3768,3773,3783,3788,3796,3802,3797,3808,3814,3841,3850,3857,3864,3873,1000,1002,1003,1015,1019,1021,1025,1027,1029,1033,1039,1040,1048,1052,1054,1074,1081,1088,1096,1099,1104,1108,1114,1115,1130,1132,1134,1156,1162,1168,1176,1178,1183,1189,1193,1195,1206,1212,1216,1242,1254,1263,1275,1279,1289,1298,1302,1306,1322,1326,1330,1380,1391,1399,1412,1416,1425,1436
426,3557,3574,3579,3587,3596,3601,3609,3615,3620,3623,3621,3627,3633,3652,3658,3669,3674,3676,3687,3688,3694,3700,3700,3708,3715,3738,3746,3764,3768,3773,3783,3788,3796,3802,3797,3808,3814,3841,3850,3857,3864,3873,1000,1002,1003,1015,1019,1021,1025,1027,1029,1033,1039,1040,1048,1052,1054,1074,1081,1088,1096,1099,1104,1108,1114,1115,1130,1132,1134,1156,1162,1168,1176,1178,1183,1189,1193,1195,1206,1212,1216,1242,1254,1263,1275,1279,1289,1298,1302,1306,1322,1326,1330,1380,1391,1399,1412,1416,1425,1436,1440
427,3574,3579,3587,3596,3601,3609,3615,3620,3623,3621,3627,3633,3652,3658,3669,3674,3676,3687,3688,3694,3700,3700,3708,3715,3738,3746,3764,3768,3773,3783,3788,3796,3802,3797,3808,3814,3841,3850,3857,3864,3873,1000,1002,1003,1015,1019,1021,1025,1027,1029,1033,1039,1040,1048,1052,1054,1074,1081,1088,1096,1099,1104,1108,1114,1115,1130,1132,1134,1156,1162,1168,1176,1178,1183,1189,1193,1195,1206,1212,1216,1242,1254,1263,1275,1279,1289,1298,1302,1306,1322,1326,1330,1380,1391,1399,1412,1416,1425,1436,1440,1440
428,3579,3587,3596,3601,3609,3615,3620,3623,3621,3627,3633,3652,3658,3669,3674,3676,3687,3688,3694,3700,3700,3708,3715,3738,3746,3764,3768,3773,3783,3788,3796,3802,3797,3808,3814,3841,3850,3857,3864,3873,1000,1002,1003,1015,1019,1021,1025,1027,1029,1033,1039,1040,1048,1052,1054,1074,1081,1088,1096,1099,1104,1108,1114,1115,1130,1132,1134,1156,1162,1168,1176,1178,1183,1189,1193,1195,1206,1212,1216,1242,1254,1263,1275,1279,1289,1298,1302,1306,1322,1326,1330,1380,1391,1399,1412,1416,1425,1436,1440,1440,1455
429,3587,3596,3601,3609,3615,3620,3623,3621,3627,3633,3652,3658,3669,3674,3676,3687,3688,3694,3700,3700,3708,3715,3738,3746,3764,3768,3773,3783,3788,3796,3802,3797,3808,3814,3841,3850,3857,3864,3873,1000,1002,1003,1015,1019,1021,1025,1027,1029,1033,1039,1040,1048,1052,1054,1074,1081,1088,1096,1099,1104,1108,1114,1115,1130,1132,1134,1156,1162,1168,1176,1178,1183,1189,1193,1195,1206,1212,1216,1242,1254,1263,1275,1279,1289,1298,1302,1306,1322,1326,1330,1380,1391,1399,1412,1416,1425,1436,1440,1440,1455,1458
430,3596,3601,3609,3615,3620,3623,3621,3627,3633,3652,3658,3669,3674,3676,3687,3688,3694,3700,3700,3708,3715,3738,3746,3764,3768,3773,3783,3788,3796,3802,3797,3808,3814,3841,3850,3857,3864,3873,1000,1002,1003,1015,1019,1021,1025,1027,1029,1033,1039,1040,1048,1052,1054,1074,1081,1088,1096,1099,1104,1108,1114,1115,1130,1132,1134,1156,1162,1168,1176,1178,1183,1189,1193,1195,1206,1212,1216,1242,1254,1263,1275,1279,1289,1298,1302,1306,1322,1326,1330,1380,1391,1399,1412,1416,1425,1436,1440,1440,1455,1458,1460
431,3601,3609,3615,3620,3623,3621,3627,3633,3652,3658,3669,3674,3676,3687,3688,3694,3700,3700,3708,3715,3738,3746,3764,3768,3773,3783,3788,3796,3802,3797,3808,3814,3841,3850,3857,3864,3873,1000,1002,1003,1015,1019,1021,1025,1027,1029,1033,1039,1040,1048,1052,1054,1074,1081,1088,1096,1099,1104,1108,1114,1115,1130,1132,1134,1156,1162,1168,1176,1178,1183,1189,1193,1195,1206,1212,1216,1242,1254,1263,1275,1279,1289,1298,1302,1306,1322,1326,1330,1380,1391,1399,1412,1416,1425,1436,1440,1440,1455,1458,1460,1491
432,3609,3615,3620,3623,3621,3627,3633,3652,3658,3669,3674,3676,3687,3688,3694,3700,3700,3708,3715,3738,3746,3764,3768,3773,3783,3788,3796,3802,3797,3808,3814,3841,3850,3857,3864,3873,1000,1002,1003,1015,1019,1021,1025,1027,1029,1033,1039,1040,1048,1052,1054,1074,1081,1088,1096,1099,1104,1108,1114,1115,1130,1132,1134,1156,1162,1168,1176,1178,1183,1189,1193,1195,1206,1212,1216,1242,1254,1263,1275,1279,1289,1298,1302,1306,1322,1326,1330,1380,1391,1399,1412,1416,1425,1436,1440,1440,1455,1458,1460,1491,1495
433,3615,3620,3623,3621,3627,3633,3652,3658,3669,3674,3676,3687,3688,3694,3700,3700,3708,3715,3738,3746,3764,3768,3773,3783,3788,3796,3802,3797,3808,3814,3841,3850,3857,3864,3873,1000,1002,1003,1015,1019,1021,1025,1027,1029,1033,1039,1040,1048,1052,1054,1074,1081,1088,1096,1099,1104,1108,1114,1115,1130,1132,1134,1156,1162,1168,1176,1178,1183,1189,1193,1195,1206,1212,1216,1242,1254,1263,1275,1279,1289,1298,1302,1306,1322,1326,1330,1380,1391,1399,1412,1416,1425,1436,1440,1440,1455,1458,1460,1491,1495,1499
434,3620,3623,3621,3627,3633,3652,3658,3669,3674,3676,3687,3688,3694,3700,3700,3708,3715,3738,3746,3764,3768,3773,3783,3788,3796,3802,3797,3808,3814,3841,3850,3857,3864,3873,1000,1002,1003,1015,1019,1021,1025,1027,1029,1033,1039,1040,1048,1052,1054,1074,1081,1088,1096,1099,1104,1108,1114,1115,1130,1132,1134,1156,1162,1168,1176,1178,1183,1189,1193,1195,1206,1212,1216,1242,1254,1263,1275,1279,1289,1298,1302,1306,1322,1326,1330,1380,1391,1399,1412,1416,1425,1436,1440,1440,1455,1458,1460,1491,1495,1499,1507
435,3623,3621,3627,3633,3652,3658,3669,3674,3676,3687,3688,3694,3700,3700,3708,3715,3738,3746,3764,3768,3773,3783,3788,3796,3802,3797,3808,3814,3841,3850,3857,3864,3873,1000,1002,1003,1015,1019,1021,1025,1027,1029,1033,1039,1040,1048,1052,1054,1074,1081,1088,1096,1099,1104,1108,1114,1115,1130,1132,1134,1156,1162,1168,1176,1178,1183,1189,1193,1195,1206,1212,1216,1242,1254,1263,1275,1279,1289,1298,1302,1306,1322,1326,1330,1380,1391,1399,1412,1416,1425,1436,1440,1440,1455,1458,1460,1491,1495,1499,1507,1508
436,3621,3627,3633,3652,3658,3669,3674,3676,3687,3688,3694,3700,3700,3708,3715,3738,3746,3764,3768,3773,3783,3788,3796,3802,3797,3808,3814,3841,3850,3857,3864,3873,1000,1002,1003,1015,1019,1021,1025,1027,1029,1033,1039,1040,1048,1052,1054,1074,1081,1088,1096,1099,1104,1108,1114,1115,1130,1132,1134,1156,1162,1168,1176,1178,1183,1189,1193,1195,1206,1212,1216,1242,1254,1263,1275,1279,1289,1298,1302,1306,1322,1326,1330,1380,1391,1399,1412,1416,1425,1436,1440,1440,1455,1458,1460,1491,1495,1499,1507,1508,1512
437,3627,3633,3652,3658,3669,3674,3676,3687,3688,3694,3700,3700,3708,3715,3738,3746,3764,3768,3773,3783,3788,3796,3802,3797,3808,3814,3841,3850,3857,3864,3873,1000,1002,1003,1015,1019,1021,1025,1027,1029,1033,1039,1040,1048,1052,1054,1074,1081,1088,1096,1099,1104,1108,1114,1115,1130,1132,1134,1156,1162,1168,1176,1178,1183,1189,1193,1195,1206,1212,1216,1242,1254,1263,1275,1279,1289,1298,1302,1306,1322,1326,1330,1380,1391,1399,1412,1416,1425,1436,1440,1440,1455,1458,1460,1491,1495,1499,1507,1508,1512,1518
438,3633,3652,3658,3669,3674,3676,3687,3688,3694,3700,3700,3708,3715,3738,3746,3764,3768,3773,3783,3788,3796,3802,3797,3808,3814,3841,3850,3857,3864,3873,1000,1002,1003,1015,1019,1021,1025,1027,1029,1033,1039,1040,1048,1052,1054,1074,1081,1088,1096,1099,1104,1108,1114,1115,1130,1132,1134,1156,1162,1168,1176,1178,1183,1189,1193,1195,1206,1212,1216,1242,1254,1263,1275,1279,1289,1298,1302,1306,1322,1326,1330,1380,1391,1399,1412,1416,1425,1436,1440,1440,1455,1458,1460,1491,1495,1499,1507,1508,1512,1518,1520
439,3652,3658,3669,3674,3676,3687,3688,3694,3700,3700,3708,3715,3738,3746,3764,3768,3773,3783,3788,3796,3802,3797,3808,3814,3841,3850,3857,3864,3873,1000,1002,1003,1015,1019,1021,1025,1027,1029,1033,1039,1040,1048,1052,1054,1074,1081,1088,1096,1099,1104,1108,1114,1115,1130,1132,1134,1156,1162,1168,1176,1178,1183,1189,1193,1195,1206,1212,1216,1242,1254,1263,1275,1279,1289,1298,1302,1306,1322,1326,1330,1380,1391,1399,1412,1416,1425,1436,1440,1440,1455,1458,1460,1491,1495,1499,1507,1508,1512,1518,1520,1520
440,3658,3669,3674,3676,3687,3688,3694,3700,3700,3708,3715,3738,3746,3764,3768,3773,3783,3788,3796,3802,3797,3808,3814,3841,3850,3857,3864,3873,1000,1002,1003,1015,1019,1021,1025,1027,1029,1033,1039,1040,1048,1052,1054,1074,1081,1088,1096,1099,1104,1108,1114,1115,1130,1132,1134,1156,1162,1168,1176,1178,1183,1189,1193,1195,1206,1212,1216,1242,1254,1263,1275,1279,1289,1298,1302,1306,1322,1326,1330,1380,1391,1399,1412,1416,1425,1436,1440,1440,1455,1458,1460,1491,1495,1499,1507,1508,1512,1518,1520,1520,1530
441,3669,3674,3676,3687,3688,3694,3700,3700,3708,3715,3738,3746,3764,3768,3773,3783,3788,3796,3802,3797,3808,3814,3841,3850,3857,3864,3873,1000,1002,1003,1015,1019,1021,1025,1027,1029,1033,1039,1040,1048,1052,1054,1074,1081,1088,1096,1099,1104,1108,1114,1115,1130,1132,1134,1156,1162,1168,1176,1178,1183,1189,1193,1195,1206,1212,1216,1242,1254,1263,1275,1279,1289,1298,1302,1306,1322,1326,1330,1380,1391,1399,1412,1416,1425,1436,1440,1440,1455,1458,1460,1491,1495,1499,1507,1508,1512,1518,1520,1520,1530,1533
442,3674,3676,3687,3688,3694,3700,3700,3708,3715,3738,3746,3764,3768,3773,3783,3788,3796,3802,3797,3808,3814,3841,3850,3857,3864,3873,1000,1002,1003,1015,1019,1021,1025,1027,1029,1033,1039,1040,1048,1052,1054,1074,1081,1088,1096,1099,1104,1108,1114,1115,1130,1132,1134,1156,1162,1168,1176,1178,1183,1189,1193,1195,1206,1212,1216,1242,1254,1263,1275,1279,1289,1298,1302,1306,1322,1326,1330,1380,1391,1399,1412,1416,1425,1436,1440,1440,1455,1458,1460,1491,1495,1499,1507,1508,1512,1518,1520,1520,1530,1533,1537
443,3676,3687,3688,3694,3700,3700,3708,3715,3738,3746,3764,3768,3773,3783,3788,3796,3802,3797,3808,3814,3841,3850,3857,3864,3873,1000,1002,1003,1015,1019,1021,1025,1027,1029,1033,1039,1040,1048,1052,1054,1074,1081,1088,1096,1099,1104,1108,1114,1115,1130,1132,1134,1156,1162,1168,1176,1178,1183,1189,1193,1195,1206,1212,1216,1242,1254,1263,1275,1279,1289,1298,1302,1306,1322,1326,1330,1380,1391,1399,1412,1416,1425,1436,1440,1440,1455,1458,1460,1491,1495,1499,1507,1508,1512,1518,1520,1520,1530,1533,1537,1567
444,3687,3688,3694,3700,3700,3708,3715,3738,3746,3764,3768,3773,3783,3788,3796,3802,3797,3808,3814,3841,3850,3857,3864,3873,1000,1002,1003,1015,1019,1021,1025,1027,1029,1033,1039,1040,1048,1052,1054,1074,1081,1088,1096,1099,1104,1108,1114,1115,1130,1132,1134,1156,1162,1168,1176,1178,1183,1189,1193,1195,1206,1212,1216,1242,1254,1263,1275,1279,1289,1298,1302,1306,1322,1326,1330,1380,1391,1399,1412,1416,1425,1436,1440,1440,1455,1458,1460,1491,1495,1499,1507,1508,1512,1518,1520,1520,1530,1533,1537,1567,1569
445,3688,3694,3700,3700,3708,3715,3738,3746,3764,3768,3773,3783,3788,3796,3802,3797,3808,3814,3841,3850,3857,3864,3873,1000,1002,1003,1015,1019,1021,1025,1027,1029,1033,1039,1040,1048,1052,1054,1074,1081,1088,1096,1099,1104,1108,1114,1115,1130,1132,1134,1156,1162,1168,1176,1178,1183,1189,1193,1195,1206,1212,1216,1242,1254,1263,1275,1279,1289,1298,1302,1306,1322,1326,1330,1380,1391,1399,1412,1416,1425,1436,1440,1440,1455,1458,1460,1491,1495,1499,1507,1508,1512,1518,1520,1520,1530,1533,1537,1567,1569,1569
446,3694,3700,3700,3708,3715,3738,3746,3764,3768,3773,3783,3788,3796,3802,3797,3808,3814,3841,3850,3857,3864,3873,1000,1002,1003,1015,1019,1021,1025,1027,1029,1033,1039,1040,1048,1052,1054,1074,1081,1088,1096,1099,1104,1108,1114,1115,1130,1132,1134,1156,1162,1168,1176,1178,1183,1189,1193,1195,1206,1212,1216,1242,1254,1263,1275,1279,1289,1298,1302,1306,1322,1326,1330,1380,1391,1399,1412,1416,1425,1436,1440,1440,1455,1458,1460,1491,1495,1499,1507,1508,1512,1518,1520,1520,1530,1533,1537,1567,1569,1569,1574
447,3700,3700,3708,3715,3738,3746,3764,3768,3773,3783,3788,3796,3802,3797,3808,3814,3841,3850,3857,3864,3873,1000,1002,1003,1015,1019,1021,1025,1027,1029,1033,1039,1040,1048,1052,1054,1074,1081,1088,1096,1099,1104,1108,1114,1115,1130,1132,1134,1156,1162,1168,1176,1178,1183,1189,1193,1195,1206,1212,1216,1242,1254,1263,1275,1279,1289,1298,1302,1306,1322,1326,1330,1380,1391,1399,1412,1416,1425,1436,1440,1440,1455,1458,1460,1491,1495,1499,1507,1508,1512,1518,1520,1520,1530,1533,1537,1567,1569,1569,1574,1577
448,3700,3708,3715,3738,3746,3764,3768,3773,3783,3788,3796,3802,3797,3808,3814,3841,3850,3857,3864,3873,1000,1002,1003,1015,1019,1021,1025,1027,1029,1033,1039,1040,1048,1052,1054,1074,1081,1088,1096,1099,1104,1108,1114,1115,1130,1132,1134,1156,1162,1168,1176,1178,1183,1189,1193,1195,1206,1212,1216,1242,1254,1263,1275,1279,1289,1298,1302,1306,1322,1326,1330,1380,1391,1399,1412,1416,1425,1436,1440,1440,1455,1458,1460,1491,1495,1499,1507,1508,1512,1518,1520,1520,1530,1533,1537,1567,1569,1569,1574,1577,1582
449,3708,3715,3738,3746,3764,3768,3773,3783,3788,3796,3802,3797,3808,3814,3841,3850,3857,3864,3873,1000,1002,1003,1015,1019,1021,1025,1027,1029,1033,1039,1040,1048,1052,1054,1074,1081,1088,1096,1099,1104,1108,1114,1115,1130,1132,1134,1156,1162,1168,1176,1178,1183,1189,1193,1195,1206,1212,1216,1242,1254,1263,1275,1279,1289,1298,1302,1306,1322,1326,1330,1380,1391,1399,1412,1416,1425,1436,1440,1440,1455,1458,1460,1491,1495,1499,1507,1508,1512,1518,1520,1520,1530,1533,1537,1567,1569,1569,1574,1577,1582,1585
450,3715,3738,3746,3764,3768,3773,3783,3788,3796,3802,3797,3808,3814,3841,3850,3857,3864,3873,1000,1002,1003,1015,1019,1021,1025,1027,1029,1033,1039,1040,1048,1052,1054,1074,1081,1088,1096,1099,1104,1108,1114,1115,1130,1132,1134,1156,1162,1168,1176,1178,1183,1189,1193,1195,1206,1212,1216,1242,1254,1263,1275,1279,1289,1298,1302,1306,1322,1326,1330,1380,1391,1399,1412,1416,1425,1436,1440,1440,1455,1458,1460,1491,1495,1499,1507,1508,1512,1518,1520,1520,1530,1533,1537,1567,1569,1569,1574,1577,1582,1585,1587
451,3738,3746,3764,3768,3773,3783,3788,3796,3802,3797,3808,3814,3841,3850,3857,3864,3873,1000,1002,1003,1015,1019,1021,1025,1027,1029,1033,1039,1040,1048,1052,1054,1074,1081,1088,1096,1099,1104,1108,1114,1115,1130,1132,1134,1156,1162,1168,1176,1178,1183,1189,1193,1195,1206,1212,1216,1242,1254,1263,1275,1279,1289,1298,1302,1306,1322,1326,1330,1380,1391,1399,1412,1416,1425,1436,1440,1440,1455,1458,1460,1491,1495,1499,1507,1508,1512,1518,1520,1520,1530,1533,1537,1567,1569,1569,1574,1577,1582,1585,1587,1589
452,3746,3764,3768,3773,3783,3788,3796,3802,3797,3808,3814,3841,3850,3857,3864,3873,1000,1002,1003,1015,1019,1021,1025,1027,1029,1033,1039,1040,1048,1052,1054,1074,1081,1088,1096,1099,1104,1108,1114,1115,1130,1132,1134,1156,1162,1168,1176,1178,1183,1189,1193,1195,1206,1212,1216,1242,1254,1263,1275,1279,1289,1298,1302,1306,1322,1326,1330,1380,1391,1399,1412,1416,1425,1436,1440,1440,1455,1458,1460,1491,1495,1499,1507,1508,1512,1518,1520,1520,1530,1533,1537,1567,1569,1569,1574,1577,1582,1585,1587,1589,1591
453,3764,3768,3773,3783,3788,3796,3802,3797,3808,3814,3841,3850,3857,3864,3873,1000,1002,1003,1015,1019,1021,1025,1027,1029,1033,1039,1040,1048,1052,1054,1074,1081,1088,1096,1099,1104,1108,1114,1115,1130,1132,1134,1156,1162,1168,1176,1178,1183,1189,1193,1195,1206,1212,1216,1242,1254,1263,1275,1279,1289,1298,1302,1306,1322,1326,1330,1380,1391,1399,1412,1416,1425,1436,1440,1440,1455,1458,1460,1491,1495,1499,1507,1508,1512,1518,1520,1520,1530,1533,1537,1567,1569,1569,1574,1577,1582,1585,1587,1589,1591,1592
454,3768,3773,3783,3788,3796,3802,3797,3808,3814,3841,3850,3857,3864,3873,1000,1002,1003,1015,1019,1021,1025,1027,1029,1033,1039,1040,1048,1052,1054,1074,1081,1088,1096,1099,1104,1108,1114,1115,1130,1132,1134,1156,1162,1168,1176,1178,1183,1189,1193,1195,1206,1212,1216,1242,1254,1263,1275,1279,1289,1298,1302,1306,1322,1326,1330,1380,1391,1399,1412,1416,1425,1436,1440,1440,1455,1458,1460,1491,1495,1499,1507,1508,1512,1518,1520,1520,1530,1533,1537,1567,1569,1569,1574,1577,1582,1585,1587,1589,1591,1592,1592
455,3773,3783,3788,3796,3802,3797,3808,3814,3841,3850,3857,3864,3873,1000,1002,1003,1015,1019,1021,1025,1027,1029,1033,1039,1040,1048,1052,1054,1074,1081,1088,1096,1099,1104,1108,1114,1115,1130,1132,1134,1156,1162,1168,1176,1178,1183,1189,1193,1195,1206,1212,1216,1242,1254,1263,1275,1279,1289,1298,1302,1306,1322,1326,1330,1380,1391,1399,1412,1416,1425,1436,1440,1440,1455,1458,1460,1491,1495,1499,1507,1508,1512,1518,1520,1520,1530,1533,1537,1567,1569,1569,1574,1577,1582,1585,1587,1589,1591,1592,1592,1623
456,3783,3788,3796,3802,3797,3808,3814,3841,3850,3857,3864,3873,1000,1002,1003,1015,1019,1021,1025,1027,1029,1033,1039,1040,1048,1052,1054,1074,1081,1088,1096,1099,1104,1108,1114,1115,1130,1132,1134,1156,1162,1168,1176,1178,1183,1189,1193,1195,1206,1212,1216,1242,1254,1263,1275,1279,1289,1298,1302,1306,1322,1326,1330,1380,1391,1399,1412,1416,1425,1436,1440,1440,1455,1458,1460,1491,1495,1499,1507,1508,1512,1518,1520,1520,1530,1533,1537,1567,1569,1569,1574,1577,1582,1585,1587,1589,1591,1592,1592,1623,1625
457,3788,3796,3802,3797,3808,3814,3841,3850,3857,3864,3873,1000,1002,1003,1015,1019,1021,1025,1027,1029,1033,1039,1040,1048,1052,1054,1074,1081,1088,1096,1099,1104,1108,1114,1115,1130,1132,1134,1156,1162,1168,1176,1178,1183,1189,1193,1195,1206,1212,1216,1242,1254,1263,1275,1279,1289,1298,1302,1306,1322,1326,1330,1380,1391,1399,1412,1416,1425,1436,1440,1440,1455,1458,1460,1491,1495,1499,1507,1508,1512,1518,1520,1520,1530,1533,1537,1567,1569,1569,1574,1577,1582,1585,1587,1589,1591,1592,1592,1623,1625,1627
458,3796,3802,3797,3808,3814,3841,3850,3857,3864,3873,1000,1002,1003,1015,1019,1021,1025,1027,1029,1033,1039,1040,1048,1052,1054,1074,1081,1088,1096,1099,1104,1108,1114,1115,1130,1132,1134,1156,1162,1168,1176,1178,1183,1189,1193,1195,1206,1212,1216,1242,1254,1263,1275,1279,1289,1298,1302,1306,1322,1326,1330,1380,1391,1399,1412,1416,1425,1436,1440,1440,1455,1458,1460,1491,1495,1499,1507,1508,1512,1518,1520,1520,1530,1533,1537,1567,1569,1569,1574,1577,1582,1585,1587,1589,1591,1592,1592,1623,1625,1627,1629
459,3802,3797,3808,3814,3841,3850,3857,3864,3873,1000,1002,1003,1015,1019,1021,1025,1027,1029,1033,1039,1040,1048,1052,1054,1074,1081,1088,1096,1099,1104,1108,1114,1115,1130,1132,1134,1156,1162,1168,1176,1178,1183,1189,1193,1195,1206,1212,1216,1242,1254,1263,1275,1279,1289,1298,1302,1306,1322,1326,1330,1380,1391,1399,1412,1416,1425,1436,1440,1440,1455,1458,1460,1491,1495,1499,1507,1508,1512,1518,1520,1520,1530,1533,1537,1567,1569,1569,1574,1577,1582,1585,1587,1589,1591,1592,1592,1623,1625,1627,1629,1632
460,3797,3808,3814,3841,3850,3857,3864,3873,1000,1002,1003,1015,1019,1021,1025,1027,1029,1033,1039,1040,1048,1052,1054,1074,1081,1088,1096,1099,1104,1108,1114,1115,1130,1132,1134,1156,1162,1168,1176,1178,1183,1189,1193,1195,1206,1212,1216,1242,1254,1263,1275,1279,1289,1298,1302,1306,1322,1326,1330,1380,1391,1399,1412,1416,1425,1436,1440,1440,1455,1458,1460,1491,1495,1499,1507,1508,1512,1518,1520,1520,1530,1533,1537,1567,1569,1569,1574,1577,1582,1585,1587,1589,1591,1592,1592,1623,1625,1627,1629,1632,1635
461,3808,3814,3841,3850,3857,3864,3873,1000,1002,1003,1015,1019,1021,1025,1027,1029,1033,1039,1040,1048,1052,1054,1074,1081,1088,1096,1099,1104,1108,1114,1115,1130,1132,1134,1156,1162,1168,1176,1178,1183,1189,1193,1195,1206,1212,1216,1242,1254,1263,1275,1279,1289,1298,1302,1306,1322,1326,1330,1380,1391,1399,1412,1416,1425,1436,1440,1440,1455,1458,1460,1491,1495,1499,1507,1508,1512,1518,1520,1520,1530,1533,1537,1567,1569,1569,1574,1577,1582,1585,1587,1589,1591,1592,1592,1623,1625,1627,1629,1632,1635,1637
462,3814,3841,3850,3857,3864,3873,1000,1002,1003,1015,1019,1021,1025,1027,1029,1033,1039,1040,1048,1052,1054,1074,1081,1088,1096,1099,1104,1108,1114,1115,1130,1132,1134,1156,1162,1168,1176,1178,1183,1189,1193,1195,1206,1212,1216,1242,1254,1263,1275,1279,1289,1298,1302,1306,1322,1326,1330,1380,1391,1399,1412,1416,1425,1436,1440,1440,1455,1458,1460,1491,1495,1499,1507,1508,1512,1518,1520,1520,1530,1533,1537,1567,1569,1569,1574,1577,1582,1585,1587,1589,1591,1592,1592,1623,1625,1627,1629,1632,1635,1637,1637
463,3841,3850,3857,3864,3873,1000,1002,1003,1015,1019,1021,1025,1027,1029,1033,1039,1040,1048,1052,1054,1074,1081,1088,1096,1099,1104,1108,1114,1115,1130,1132,1134,1156,1162,1168,1176,1178,1183,1189,1193,1195,1206,1212,1216,1242,1254,1263,1275,1279,1289,1298,1302,1306,1322,1326,1330,1380,1391,1399,1412,1416,1425,1436,1440,1440,1455,1458,1460,1491,1495,1499,1507,1508,1512,1518,1520,1520,1530,1533,1537,1567,1569,1569,1574,1577,1582,1585,1587,1589,1591,1592,1592,1623,1625,1627,1629,1632,1635,1637,1637,1641
464,3850,3857,3864,3873,1000,1002,1003,1015,1019,1021,1025,1027,1029,1033,1039,1040,1048,1052,1054,1074,1081,1088,1096,1099,1104,1108,1114,1115,1130,1132,1134,1156,1162,1168,1176,1178,1183,1189,1193,1195,1206,1212,1216,1242,1254,1263,1275,1279,1289,1298,1302,1306,1322,1326,1330,1380,1391,1399,1412,1416,1425,1436,1440,1440,1455,1458,1460,1491,1495,1499,1507,1508,1512,1518,1520,1520,1530,1533,1537,1567,1569,1569,1574,1577,1582,1585,1587,1589,1591,1592,1592,1623,1625,1627,1629,1632,1635,1637,1637,1641,1643
465,3857,3864,3873,1000,1002,1003,1015,1019,1021,1025,1027,1029,1033,1039,1040,1048,1052,1054,1074,1081,1088,1096,1099,1104,1108,1114,1115,1130,1132,1134,1156,1162,1168,1176,1178,1183,1189,1193,1195,1206,1212,1216,1242,1254,1263,1275,1279,1289,1298,1302,1306,1322,1326,1330,1380,1391,1399,1412,1416,1425,1436,1440,1440,1455,1458,1460,1491,1495,1499,1507,1508,1512,1518,1520,1520,1530,1533,1537,1567,1569,1569,1574,1577,1582,1585,1587,1589,1591,1592,1592,1623,1625,1627,1629,1632,1635,1637,1637,1641,1643,1646
466,3864,3873,1000,1002,1003,1015,1019,1021,1025,1027,1029,1033,1039,1040,1048,1052,1054,1074,1081,1088,1096,1099,1104,1108,1114,1115,1130,1132,1134,1156,1162,1168,1176,1178,1183,1189,1193,1195,1206,1212,1216,1242,1254,1263,1275,1279,1289,1298,1302,1306,1322,1326,1330,1380,1391,1399,1412,1416,1425,1436,1440,1440,1455,1458,1460,1491,1495,1499,1507,1508,1512,1518,1520,1520,1530,1533,1537,1567,1569,1569,1574,1577,1582,1585,1587,1589,1591,1592,1592,1623,1625,1627,1629,1632,1635,1637,1637,1641,1643,1646,1647
467,3873,1000,1002,1003,1015,1019,1021,1025,1027,1029,1033,1039,1040,1048,1052,1054,1074,1081,1088,1096,1099,1104,1108,1114,1115,1130,1132,1134,1156,1162,1168,1176,1178,1183,1189,1193,1195,1206,1212,1216,1242,1254,1263,1275,1279,1289,1298,1302,1306,1322,1326,1330,1380,1391,1399,1412,1416,1425,1436,1440,1440,1455,1458,1460,1491,1495,1499,1507,1508,1512,1518,1520,1520,1530,1533,1537,1567,1569,1569,1574,1577,1582,1585,1587,1589,1591,1592,1592,1623,1625,1627,1629,1632,1635,1637,1637,1641,1643,1646,1647,1663
468,1000,1002,1003,1015,1019,1021,1025,1027,1029,1033,1039,1040,1048,1052,1054,1074,1081,1088,1096,1099,1104,1108,1114,1115,1130,1132,1134,1156,1162,1168,1176,1178,1183,1189,1193,1195,1206,1212,1216,1242,1254,1263,1275,1279,1289,1298,1302,1306,1322,1326,1330,1380,1391,1399,1412,1416,1425,1436,1440,1440,1455,1458,1460,1491,1495,1499,1507,1508,1512,1518,1520,1520,1530,1533,1537,1567,1569,1569,1574,1577,1582,1585,1587,1589,1591,1592,1592,1623,1625,1627,1629,1632,1635,1637,1637,1641,1643,1646,1647,1663,1666
469,1002,1003,1015,1019,1021,1025,1027,1029,1033,1039,1040,1048,1052,1054,1074,1081,1088,1096,1099,1104,1108,1114,1115,1130,1132,1134,1156,1162,1168,1176,1178,1183,1189,1193,1195,1206,1212,1216,1242,1254,1263,1275,1279,1289,1298,1302,1306,1322,1326,1330,1380,1391,1399,1412,1416,1425,1436,1440,1440,1455,1458,1460,1491,1495,1499,1507,1508,1512,1518,1520,1520,1530,1533,1537,1567,1569,1569,1574,1577,1582,1585,1587,1589,1591,1592,1592,1623,1625,1627,1629,1632,1635,1637,1637,1641,1643,1646,1647,1663,1666,1668
470,1003,1015,1019,1021,1025,1027,1029,1033,1039,1040,1048,1052,1054,1074,1081,1088,1096,1099,1104,1108,1114,1115,1130,1132,1134,1156,1162,1168,1176,1178,1183,1189,1193,1195,1206,1212,1216,1242,1254,1263,1275,1279,1289,1298,1302,1306,1322,1326,1330,1380,1391,1399,1412,1416,1425,1436,1440,1440,1455,1458,1460,1491,1495,1499,1507,1508,1512,1518,1520,1520,1530,1533,1537,1567,1569,1569,1574,1577,1582,1585,1587,1589,1591,1592,1592,1623,1625,1627,1629,1632,1635,1637,1637,1641,1643,1646,1647,1663,1666,1668,1667
471,1015,1019,1021,1025,1027,1029,1033,1039,1040,1048,1052,1054,1074,1081,1088,1096,1099,1104,1108,1114,1115,1130,1132,1134,1156,1162,1168,1176,1178,1183,1189,1193,1195,1206,1212,1216,1242,1254,1263,1275,1279,1289,1298,1302,1306,1322,1326,1330,1380,1391,1399,1412,1416,1425,1436,1440,1440,1455,1458,1460,1491,1495,1499,1507,1508,1512,1518,1520,1520,1530,1533,1537,1567,1569,1569,1574,1577,1582,1585,1587,1589,1591,1592,1592,1623,1625,1627,1629,1632,1635,1637,1637,1641,1643,1646,1647,1663,1666,1668,1667,1671
472,1019,1021,1025,1027,1029,1033,1039,1040,1048,1052,1054,1074,1081,1088,1096,1099,1104,1108,1114,1115,1130,1132,1134,1156,1162,1168,1176,1178,1183,1189,1193,1195,1206,1212,1216,1242,1254,1263,1275,1279,1289,1298,1302,1306,1322,1326,1330,1380,1391,1399,1412,1416,1425,1436,1440,1440,1455,1458,1460,1491,1495,1499,1507,1508,1512,1518,1520,1520,1530,1533,1537,1567,1569,1569,1574,1577,1582,1585,1587,1589,1591,1592,1592,1623,1625,1627,1629,1632,1635,1637,1637,1641,1643,1646,1647,1663,1666,1668,1667,1671,1676
473,1021,1025,1027,1029,1033,1039,1040,1048,1052,1054,1074,1081,1088,1096,1099,1104,1108,1114,1115,1130,1132,1134,1156,1162,1168,1176,1178,1183,1189,1193,1195,1206,1212,1216,1242,1254,1263,1275,1279,1289,1298,1302,1306,1322,1326,1330,1380,1391,1399,1412,1416,1425,1436,1440,1440,1455,1458,1460,1491,1495,1499,1507,1508,1512,1518,1520,1520,1530,1533,1537,1567,1569,1569,1574,1577,1582,1585,1587,1589,1591,1592,1592,1623,1625,1627,1629,1632,1635,1637,1637,1641,1643,1646,1647,1663,1666,1668,1667,1671,1676,1672
474,1025,1027,1029,1033,1039,1040,1048,1052,1054,1074,1081,1088,1096,1099,1104,1108,1114,1115,1130,1132,1134,1156,1162,1168,1176,1178,1183,1189,1193,1195,1206,1212,1216,1242,1254,1263,1275,1279,1289,1298,1302,1306,1322,1326,1330,1380,1391,1399,1412,1416,1425,1436,1440,1440,1455,1458,1460,1491,1495,1499,1507,1508,1512,1518,1520,1520,1530,1533,1537,1567,1569,1569,1574,1577,1582,1585,1587,1589,1591,1592,1592,1623,1625,1627,1629,1632,1635,1637,1637,1641,1643,1646,1647,1663,1666,1668,1667,1671,1676,1672,1674
475,1027,1029,1033,1039,1040,1048,1052,1054,1074,1081,1088,1096,1099,1104,1108,1114,1115,1130,1132,1134,1156,1162,1168,1176,1178,1183,1189,1193,1195,1206,1212,1216,1242,1254,1263,1275,1279,1289,1298,1302,1306,1322,1326,1330,1380,1391,1399,1412,1416,1425,1436,1440,1440,1455,1458,1460,1491,1495,1499,1507,1508,1512,1518,1520,1520,1530,1533,1537,1567,1569,1569,1574,1577,1582,1585,1587,1589,1591,1592,1592,1623,1625,1627,1629,1632,1635,1637,1637,1641,1643,1646,1647,1663,1666,1668,1667,1671,1676,1672,1674,1676
476,1029,1033,1039,1040,1048,1052,1054,1074,1081,1088,1096,1099,1104,1108,1114,1115,1130,1132,1134,1156,1162,1168,1176,1178,1183,1189,1193,1195,1206,1212,1216,1242,1254,1263,1275,1279,1289,1298,1302,1306,1322,1326,1330,1380,1391,1399,1412,1416,1425,1436,1440,1440,1455,1458,1460,1491,1495,1499,1507,1508,1512,1518,1520,1520,1530,1533,1537,1567,1569,1569,1574,1577,1582,1585,1587,1589,1591,1592,1592,1623,1625,1627,1629,1632,1635,1637,1637,1641,1643,1646,1647,1663,1666,1668,1667,1671,1676,1672,1674,1676,1680
477,1033,1039,1040,1048,1052,1054,1074,1081,1088,1096,1099,1104,1108,1114,1115,1130,1132,1134,1156,1162,1168,1176,1178,1183,1189,1193,1195,1206,1212,1216,1242,1254,1263,1275,1279,1289,1298,1302,1306,1322,1326,1330,1380,1391,1399,1412,1416,1425,1436,1440,1440,1455,1458,1460,1491,1495,1499,1507,1508,1512,1518,1520,1520,1530,1533,1537,1567,1569,1569,1574,1577,1582,1585,1587,1589,1591,1592,1592,1623,1625,1627,1629,1632,1635,1637,1637,1641,1643,1646,1647,1663,1666,1668,1667,1671,1676,1672,1674,1676,1680,1681
478,1039,1040,1048,1052,1054,1074,1081,1088,1096,1099,1104,1108,1114,1115,1130,1132,1134,1156,1162,1168,1176,1178,1183,1189,1193,1195,1206,1212,1216,1242,1254,1263,1275,1279,1289,1298,1302,1306,1322,1326,1330,1380,1391,1399,1412,1416,1425,1436,1440,1440,1455,1458,1460,1491,1495,1499,1507,1508,1512,1518,1520,1520,1530,1533,1537,1567,1569,1569,1574,1577,1582,1585,1587,1589,1591,1592,1592,1623,1625,1627,1629,1632,1635,1637,1637,1641,1643,1646,1647,1663,1666,1668,1667,1671,1676,1672,1674,1676,1680,1681,1683
479,1040,1048,1052,1054,1074,1081,1088,1096,1099,1104,1108,1114,1115,1130,1132,1134,1156,1162,1168,1176,1178,1183,1189,1193,1195,1206,1212,1216,1242,1254,1263,1275,1279,1289,1298,1302,1306,1322,1326,1330,1380,1391,1399,1412,1416,1425,1436,1440,1440,1455,1458,1460,1491,1495,1499,1507,1508,1512,1518,1520,1520,1530,1533,1537,1567,1569,1569,1574,1577,1582,1585,1587,1589,1591,1592,1592,1623,1625,1627,1629,1632,1635,1637,1637,1641,1643,1646,1647,1663,1666,1668,1667,1671,1676,1672,1674,1676,1680,1681,1683,1696
480,1048,1052,1054,1074,1081,1088,1096,1099,1104,1108,1114,1115,1130,1132,1134,1156,1162,1168,1176,1178,1183,1189,1193,1195,1206,1212,1216,1242,1254,1263,1275,1279,1289,1298,1302,1306,1322,1326,1330,1380,1391,1399,1412,1416,1425,1436,1440,1440,1455,1458,1460,1491,1495,1499,1507,1508,1512,1518,1520,1520,1530,1533,1537,1567,1569,1569,1574,1577,1582,1585,1587,1589,1591,1592,1592,1623,1625,1627,1629,1632,1635,1637,1637,1641,1643,1646,1647,1663,1666,1668,1667,1671,1676,1672,1674,1676,1680,1681,1683,1696,1700
481,1052,1054,1074,1081,1088,1096,1099,1104,1108,1114,1115,1130,1132,1134,1156,1162,1168,1176,1178,1183,1189,1193,1195,1206,1212,1216,1242,1254,1263,1275,1279,1289,1298,1302,1306,1322,1326,1330,1380,1391,1399,1412,1416,1425,1436,1440,1440,1455,1458,1460,1491,1495,1499,1507,1508,1512,1518,1520,1520,1530,1533,1537,1567,1569,1569,1574,1577,1582,1585,1587,1589,1591,1592,1592,1623,1625,1627,1629,1632,1635,1637,1637,1641,1643,1646,1647,1663,1666,1668,1667,1671,1676,1672,1674,1676,1680,1681,1683,1696,1700,1704
482,1054,1074,1081,1088,1096,1099,1104,1108,1114,1115,1130,1132,1134,1156,1162,1168,1176,1178,1183,1189,1193,1195,1206,1212,1216,1242,1254,1263,1275,1279,1289,1298,1302,1306,1322,1326,1330,1380,1391,1399,1412,1416,1425,1436,1440,1440,1455,1458,1460,1491,1495,1499,1507,1508,1512,1518,1520,1520,1530,1533,1537,1567,1569,1569,1574,1577,1582,1585,1587,1589,1591,1592,1592,1623,1625,1627,1629,1632,1635,1637,1637,1641,1643,1646,1647,1663,1666,1668,1667,1671,1676,1672,1674,1676,1680,1681,1683,1696,1700,1704,1710
483,1074,1081,1088,1096,1099,1104,1108,1114,1115,1130,1132,1134,1156,1162,1168,1176,1178,1183,1189,1193,1195,1206,1212,1216,1242,1254,1263,1275,1279,1289,1298,1302,1306,1322,1326,1330,1380,1391,1399,1412,1416,1425,1436,1440,1440,1455,1458,1460,1491,1495,1499,1507,1508,1512,1518,1520,1520,1530,1533,1537,1567,1569,1569,1574,1577,1582,1585,1587,1589,1591,1592,1592,1623,1625,1627,1629,1632,1635,1637,1637,1641,1643,1646,1647,1663,1666,1668,1667,1671,1676,1672,1674,1676,1680,1681,1683,1696,1700,1704,1710,1712
484,1081,1088,1096,1099,1104,1108,1114,1115,1130,1132,1134,1156,1162,1168,1176,1178,1183,1189,1193,1195,1206,1212,1216,1242,1254,1263,1275,1279,1289,1298,1302,1306,1322,1326,1330,1380,1391,1399,1412,1416,1425,1436,1440,1440,1455,1458,1460,1491,1495,1499,1507,1508,1512,1518,1520,1520,1530,1533,1537,1567,1569,1569,1574,1577,1582,1585,1587,1589,1591,1592,1592,1623,1625,1627,1629,1632,1635,1637,1637,1641,1643,1646,1647,1663,1666,1668,1667,1671,1676,1672,1674,1676,1680,1681,1683,1696,1700,1704,1710,1712,1717
485,1088,1096,1099,1104,1108,1114,1115,1130,1132,1134,1156,1162,1168,1176,1178,1183,1189,1193,1195,1206,1212,1216,1242,1254,1263,1275,1279,1289,1298,1302,1306,1322,1326,1330,1380,1391,1399,1412,1416,1425,1436,1440,1440,1455,1458,1460,1491,1495,1499,1507,1508,1512,1518,1520,1520,1530,1533,1537,1567,1569,1569,1574,1577,1582,1585,1587,1589,1591,1592,1592,1623,1625,1627,1629,1632,1635,1637,1637,1641,1643,1646,1647,1663,1666,1668,1667,1671,1676,1672,1674,1676,1680,1681,1683,1696,1700,1704,1710,1712,1717,1720
486,1096,1099,1104,1108,1114,1115,1130,1132,1134,1156,1162,1168,1176,1178,1183,1189,1193,1195,1206,1212,1216,1242,1254,1263,1275,1279,1289,1298,1302,1306,1322,1326,1330,1380,1391,1399,1412,1416,1425,1436,1440,1440,1455,1458,1460,1491,1495,1499,1507,1508,1512,1518,1520,1520,1530,1533,1537,1567,1569,1569,1574,1577,1582,1585,1587,1589,1591,1592,1592,1623,1625,1627,1629,1632,1635,1637,1637,1641,1643,1646,1647,1663,1666,1668,1667,1671,1676,1672,1674,1676,1680,1681,1683,1696,1700,1704,1710,1712,1717,1720,1721
487,1099,1104,1108,1114,1115,1130,1132,1134,1156,1162,1168,1176,1178,1183,1189,1193,1195,1206,1212,1216,1242,1254,1263,1275,1279,1289,1298,1302,1306,1322,1326,1330,1380,1391,1399,1412,1416,1425,1436,1440,1440,1455,1458,1460,1491,1495,1499,1507,1508,1512,1518,1520,1520,1530,1533,1537,1567,1569,1569,1574,1577,1582,1585,1587,1589,1591,1592,1592,1623,1625,1627,1629,1632,1635,1637,1637,1641,1643,1646,1647,1663,1666,1668,1667,1671,1676,1672,1674,1676,1680,1681,1683,1696,1700,1704,1710,1712,1717,1720,1721,1725
488,1104,1108,1114,1115,1130,1132,1134,1156,1162,1168,1176,1178,1183,1189,1193,1195,1206,1212,1216,1242,1254,1263,1275,1279,1289,1298,1302,1306,1322,1326,1330,1380,1391,1399,1412,1416,1425,1436,1440,1440,1455,1458,1460,1491,1495,1499,1507,1508,1512,1518,1520,1520,1530,1533,1537,1567,1569,1569,1574,1577,1582,1585,1587,1589,1591,1592,1592,1623,1625,1627,1629,1632,1635,1637,1637,1641,1643,1646,1647,1663,1666,1668,1667,1671,1676,1672,1674,1676,1680,1681,1683,1696,1700,1704,1710,1712,1717,1720,1721,1725,1733
489,1108,1114,1115,1130,1132,1134,1156,1162,1168,1176,1178,1183,1189,1193,1195,1206,1212,1216,1242,1254,1263,1275,1279,1289,1298,1302,1306,1322,1326,1330,1380,1391,1399,1412,1416,1425,1436,1440,1440,1455,1458,1460,1491,1495,1499,1507,1508,1512,1518,1520,1520,1530,1533,1537,1567,1569,1569,1574,1577,1582,1585,1587,1589,1591,1592,1592,1623,1625,1627,1629,1632,1635,1637,1637,1641,1643,1646,1647,1663,1666,1668,1667,1671,1676,1672,1674,1676,1680,1681,1683,1696,1700,1704,1710,1712,1717,1720,1721,1725,1733,1736
490,1114,1115,1130,1132,1134,1156,1162,1168,1176,1178,1183,1189,1193,1195,1206,1212,1216,1242,1254,1263,1275,1279,1289,1298,1302,1306,1322,1326,1330,1380,1391,1399,1412,1416,1425,1436,1440,1440,1455,1458,1460,1491,1495,1499,1507,1508,1512,1518,1520,1520,1530,1533,1537,1567,1569,1569,1574,1577,1582,1585,1587,1589,1591,1592,1592,1623,1625,1627,1629,1632,1635,1637,1637,1641,1643,1646,1647,1663,1666,1668,1667,1671,1676,1672,1674,1676,1680,1681,1683,1696,1700,1704,1710,1712,1717,1720,1721,1725,1733,1736,1738
491,1115,1130,1132,1134,1156,1162,1168,1176,1178,1183,1189,1193,1195,1206,1212,1216,1242,1254,1263,1275,1279,1289,1298,1302,1306,1322,1326,1330,1380,1391,1399,1412,1416,1425,1436,1440,1440,1455,1458,1460,1491,1495,1499,1507,1508,1512,1518,1520,1520,1530,1533,1537,1567,1569,1569,1574,1577,1582,1585,1587,1589,1591,1592,1592,1623,1625,1627,1629,1632,1635,1637,1637,1641,1643,1646,1647,1663,1666,1668,1667,1671,1676,1672,1674,1676,1680,1681,1683,1696,1700,1704,1710,1712,1717,1720,1721,1725,1733,1736,1738,1752
492,1130,1132,1134,1156,1162,1168,1176,1178,1183,1189,1193,1195,1206,1212,1216,1242,1254,1263,1275,1279,1289,1298,1302,1306,1322,1326,1330,1380,1391,1399,1412,1416,1425,1436,1440,1440,1455,1458,1460,1491,1495,1499,1507,1508,1512,1518,1520,1520,1530,1533,1537,1567,1569,1569,1574,1577,1582,1585,1587,1589,1591,1592,1592,1623,1625,1627,1629,1632,1635,1637,1637,1641,1643,1646,1647,1663,1666,1668,1667,1671,1676,1672,1674,1676,1680,1681,1683,1696,1700,1704,1710,1712,1717,1720,1721,1725,1733,1736,1738,1752,1756
493,1132,1134,1156,1162,1168,1176,1178,1183,1189,1193,1195,1206,1212,1216,1242,1254,1263,1275,1279,1289,1298,1302,1306,1322,1326,1330,1380,1391,1399,1412,1416,1425,1436,1440,1440,1455,1458,1460,1491,1495,1499,1507,1508,1512,1518,1520,1520,1530,1533,1537,1567,1569,1569,1574,1577,1582,1585,1587,1589,1591,1592,1592,1623,1625,1627,1629,1632,1635,1637,1637,1641,1643,1646,1647,1663,1666,1668,1667,1671,1676,1672,1674,1676,1680,1681,1683,1696,1700,1704,1710,1712,1717,1720,1721,1725,1733,1736,1738,1752,1756,1758
494,1134,1156,1162,1168,1176,1178,1183,1189,1193,1195,1206,1212,1216,1242,1254,1263,1275,1279,1289,1298,1302,1306,1322,1326,1330,1380,1391,1399,1412,1416,1425,1436,1440,1440,1455,1458,1460,1491,1495,1499,1507,1508,1512,1518,1520,1520,1530,1533,1537,1567,1569,1569,1574,1577,1582,1585,1587,1589,1591,1592,1592,1623,1625,1627,1629,1632,1635,1637,1637,1641,1643,1646,1647,1663,1666,1668,1667,1671,1676,1672,1674,1676,1680,1681,1683,1696,1700,1704,1710,1712,1717,1720,1721,1725,1733,1736,1738,1752,1756,1758,1759
495,1156,1162,1168,1176,1178,1183,1189,1193,1195,1206,1212,1216,1242,1254,1263,1275,1279,1289,1298,1302,1306,1322,1326,1330,1380,1391,1399,1412,1416,1425,1436,1440,1440,1455,1458,1460,1491,1495,1499,1507,1508,1512,1518,1520,1520,1530,1533,1537,1567,1569,1569,1574,1577,1582,1585,1587,1589,1591,1592,1592,1623,1625,1627,1629,1632,1635,1637,1637,1641,1643,1646,1647,1663,1666,1668,1667,1671,1676,1672,1674,1676,1680,1681,1683,1696,1700,1704,1710,1712,1717,1720,1721,1725,1733,1736,1738,1752,1756,1758,1759,1764
496,1162,1168,1176,1178,1183,1189,1193,1195,1206,1212,1216,1242,1254,1263,1275,1279,1289,1298,1302,1306,1322,1326,1330,1380,1391,1399,1412,1416,1425,1436,1440,1440,1455,1458,1460,1491,1495,1499,1507,1508,1512,1518,1520,1520,1530,1533,1537,1567,1569,1569,1574,1577,1582,1585,1587,1589,1591,1592,1592,1623,1625,1627,1629,1632,1635,1637,1637,1641,1643,1646,1647,1663,1666,1668,1667,1671,1676,1672,1674,1676,1680,1681,1683,1696,1700,1704,1710,1712,1717,1720,1721,1725,1733,1736,1738,1752,1756,1758,1759,1764,1766
497,1168,1176,1178,1183,1189,1193,1195,1206,1212,1216,1242,1254,1263,1275,1279,1289,1298,1302,1306,1322,1326,1330,1380,1391,1399,1412,1416,1425,1436,1440,1440,1455,1458,1460,1491,1495,1499,1507,1508,1512,1518,1520,1520,1530,1533,1537,1567,1569,1569,1574,1577,1582,1585,1587,1589,1591,1592,1592,1623,1625,1627,1629,1632,1635,1637,1637,1641,1643,1646,1647,1663,1666,1668,1667,1671,1676,1672,1674,1676,1680,1681,1683,1696,1700,1704,1710,1712,1717,1720,1721,1725,1733,1736,1738,1752,1756,1758,1759,1764,1766,1773
498,1176,1178,1183,1189,1193,1195,1206,1212,1216,1242,1254,1263,1275,1279,1289,1298,1302,1306,1322,1326,1330,1380,1391,1399,1412,1416,1425,1436,1440,1440,1455,1458,1460,1491,1495,1499,1507,1508,1512,1518,1520,1520,1530,1533,1537,1567,1569,1569,1574,1577,1582,1585,1587,1589,1591,1592,1592,1623,1625,1627,1629,1632,1635,1637,1637,1641,1643,1646,1647,1663,1666,1668,1667,1671,1676,1672,1674,1676,1680,1681,1683,1696,1700,1704,1710,1712,1717,1720,1721,1725,1733,1736,1738,1752,1756,1758,1759,1764,1766,1773,1774
499,1178,1183,1189,1193,1195,1206,1212,1216,1242,1254,1263,1275,1279,1289,1298,1302,1306,1322,1326,1330,1380,1391,1399,1412,1416,1425,1436,1440,1440,1455,1458,1460,1491,1495,1499,1507,1508,1512,1518,1520,1520,1530,1533,1537,1567,1569,1569,1574,1577,1582,1585,1587,1589,1591,1592,1592,1623,1625,1627,1629,1632,1635,1637,1637,1641,1643,1646,1647,1663,1666,1668,1667,1671,1676,1672,1674,1676,1680,1681,1683,1696,1700,1704,1710,1712,1717,1720,1721,1725,1733,1736,1738,1752,1756,1758,1759,1764,1766,1773,1774,1776
500,1183,1189,1193,1195,1206,1212,1216,1242,1254,1263,1275,1279,1289,1298,1302,1306,1322,1326,1330,1380,1391,1399,1412,1416,1425,1436,1440,1440,1455,1458,1460,1491,1495,1499,1507,1508,1512,1518,1520,1520,1530,1533,1537,1567,1569,1569,1574,1577,1582,1585,1587,1589,1591,1592,1592,1623,1625,1627,1629,1632,1635,1637,1637,1641,1643,1646,1647,1663,1666,1668,1667,1671,1676,1672,1674,1676,1680,1681,1683,1696,1700,1704,1710,1712,1717,1720,1721,1725,1733,1736,1738,1752,1756,1758,1759,1764,1766,1773,1774,1776,1784
501,1189,1193,1195,1206,1212,1216,1242,1254,1263,1275,1279,1289,1298,1302,1306,1322,1326,1330,1380,1391,1399,1412,1416,1425,1436,1440,1440,1455,1458,1460,1491,1495,1499,1507,1508,1512,1518,1520,1520,1530,1533,1537,1567,1569,1569,1574,1577,1582,1585,1587,1589,1591,1592,1592,1623,1625,1627,1629,1632,1635,1637,1637,1641,1643,1646,1647,1663,1666,1668,1667,1671,1676,1672,1674,1676,1680,1681,1683,1696,1700,1704,1710,1712,1717,1720,1721,1725,1733,1736,1738,1752,1756,1758,1759,1764,1766,1773,1774,1776,1784,1787
502,1193,1195,1206,1212,1216,1242,1254,1263,1275,1279,1289,1298,1302,1306,1322,1326,1330,1380,1391,1399,1412,1416,1425,1436,1440,1440,1455,1458,1460,1491,1495,1499,1507,1508,1512,1518,1520,1520,1530,1533,1537,1567,1569,1569,1574,1577,1582,1585,1587,1589,1591,1592,1592,1623,1625,1627,1629,1632,1635,1637,1637,1641,1643,1646,1647,1663,1666,1668,1667,1671,1676,1672,1674,1676,1680,1681,1683,1696,1700,1704,1710,1712,1717,1720,1721,1725,1733,1736,1738,1752,1756,1758,1759,1764,1766,1773,1774,1776,1784,1787,1790
503,1195,1206,1212,1216,1242,1254,1263,1275,1279,1289,1298,1302,1306,1322,1326,1330,1380,1391,1399,1412,1416,1425,1436,1440,1440,1455,1458,1460,1491,1495,1499,1507,1508,1512,1518,1520,1520,1530,1533,1537,1567,1569,1569,1574,1577,1582,1585,1587,1589,1591,1592,1592,1623,1625,1627,1629,1632,1635,1637,1637,1641,1643,1646,1647,1663,1666,1668,1667,1671,1676,1672,1674,1676,1680,1681,1683,1696,1700,1704,1710,1712,1717,1720,1721,1725,1733,1736,1738,1752,1756,1758,1759,1764,1766,1773,1774,1776,1784,1787,1790,1808
504,1206,1212,1216,1242,1254,1263,1275,1279,1289,1298,1302,1306,1322,1326,1330,1380,1391,1399,1412,1416,1425,1436,1440,1440,1455,1458,1460,1491,1495,1499,1507,1508,1512,1518,1520,1520,1530,1533,1537,1567,1569,1569,1574,1577,1582,1585,1587,1589,1591,1592,1592,1623,1625,1627,1629,1632,1635,1637,1637,1641,1643,1646,1647,1663,1666,1668,1667,1671,1676,1672,1674,1676,1680,1681,1683,1696,1700,1704,1710,1712,1717,1720,1721,1725,1733,1736,1738,1752,1756,1758,1759,1764,1766,1773,1774,1776,1784,1787,1790,1808,1812
505,1212,1216,1242,1254,1263,1275,1279,1289,1298,1302,1306,1322,1326,1330,1380,1391,1399,1412,1416,1425,1436,1440,1440,1455,1458,1460,1491,1495,1499,1507,1508,1512,1518,1520,1520,1530,1533,1537,1567,1569,1569,1574,1577,1582,1585,1587,1589,1591,1592,1592,1623,1625,1627,1629,1632,1635,1637,1637,1641,1643,1646,1647,1663,1666,1668,1667,1671,1676,1672,1674,1676,1680,1681,1683,1696,1700,1704,1710,1712,1717,1720,1721,1725,1733,1736,1738,1752,1756,1758,1759,1764,1766,1773,1774,1776,1784,1787,1790,1808,1812,1814
506,1216,1242,1254,1263,1275,1279,1289,1298,1302,1306,1322,1326,1330,1380,1391,1399,1412,1416,1425,1436,1440,1440,1455,1458,1460,1491,1495,1499,1507,1508,1512,1518,1520,1520,1530,1533,1537,1567,1569,1569,1574,1577,1582,1585,1587,1589,1591,1592,1592,1623,1625,1627,1629,1632,1635,1637,1637,1641,1643,1646,1647,1663,1666,1668,1667,1671,1676,1672,1674,1676,1680,1681,1683,1696,1700,1704,1710,1712,1717,1720,1721,1725,1733,1736,1738,1752,1756,1758,1759,1764,1766,1773,1774,1776,1784,1787,1790,1808,1812,1814,1817
507,1242,1254,1263,1275,1279,1289,1298,1302,1306,1322,1326,1330,1380,1391,1399,1412,1416,1425,1436,1440,1440,1455,1458,1460,1491,1495,1499,1507,1508,1512,1518,1520,1520,1530,1533,1537,1567,1569,1569,1574,1577,1582,1585,1587,1589,1591,1592,1592,1623,1625,1627,1629,1632,1635,1637,1637,1641,1643,1646,1647,1663,1666,1668,1667,1671,1676,1672,1674,1676,1680,1681,1683,1696,1700,1704,1710,1712,1717,1720,1721,1725,1733,1736,1738,1752,1756,1758,1759,1764,1766,1773,1774,1776,1784,1787,1790,1808,1812,1814,1817,1821
508,1254,1263,1275,1279,1289,1298,1302,1306,1322,1326,1330,1380,1391,1399,1412,1416,1425,1436,1440,1440,1455,1458,1460,1491,1495,1499,1507,1508,1512,1518,1520,1520,1530,1533,1537,1567,1569,1569,1574,1577,1582,1585,1587,1589,1591,1592,1592,1623,1625,1627,1629,1632,1635,1637,1637,1641,1643,1646,1647,1663,1666,1668,1667,1671,1676,1672,1674,1676,1680,1681,1683,1696,1700,1704,1710,1712,1717,1720,1721,1725,1733,1736,1738,1752,1756,1758,1759,1764,1766,1773,1774,1776,1784,1787,1790,1808,1812,1814,1817,1821,1828
509,1263,1275,1279,1289,1298,1302,1306,1322,1326,1330,1380,1391,1399,1412,1416,1425,1436,1440,1440,1455,1458,1460,1491,1495,1499,1507,1508,1512,1518,1520,1520,1530,1533,1537,1567,1569,1569,1574,1577,1582,1585,1587,1589,1591,1592,1592,1623,1625,1627,1629,1632,1635,1637,1637,1641,1643,1646,1647,1663,1666,1668,1667,1671,1676,1672,1674,1676,1680,1681,1683,1696,1700,1704,1710,1712,1717,1720,1721,1725,1733,1736,1738,1752,1756,1758,1759,1764,1766,1773,1774,1776,1784,1787,1790,1808,1812,1814,1817,1821,1828,1834
510,1275,1279,1289,1298,1302,1306,1322,1326,1330,1380,1391,1399,1412,1416,1425,1436,1440,1440,1455,1458,1460,1491,1495,1499,1507,1508,1512,1518,1520,1520,1530,1533,1537,1567,1569,1569,1574,1577,1582,1585,1587,1589,1591,1592,1592,1623,1625,1627,1629,1632,1635,1637,1637,1641,1643,1646,1647,1663,1666,1668,1667,1671,1676,1672,1674,1676,1680,1681,1683,1696,1700,1704,1710,1712,1717,1720,1721,1725,1733,1736,1738,1752,1756,1758,1759,1764,1766,1773,1774,1776,1784,1787,1790,1808,1812,1814,1817,1821,1828,1834,1836
511,1279,1289,1298,1302,1306,1322,1326,1330,1380,1391,1399,1412,1416,1425,1436,1440,1440,1455,1458,1460,1491,1495,1499,1507,1508,1512,1518,1520,1520,1530,1533,1537,1567,1569,1569,1574,1577,1582,1585,1587,1589,1591,1592,1592,1623,1625,1627,1629,1632,1635,1637,1637,1641,1643,1646,1647,1663,1666,1668,1667,1671,1676,1672,1674,1676,1680,1681,1683,1696,1700,1704,1710,1712,1717,1720,1721,1725,1733,1736,1738,1752,1756,1758,1759,1764,1766,1773,1774,1776,1784,1787,1790,1808,1812,1814,1817,1821,1828,1834,1836,1838
512,1289,1298,1302,1306,1322,1326,1330,1380,1391,1399,1412,1416,1425,1436,1440,1440,1455,1458,1460,1491,1495,1499,1507,1508,1512,1518,1520,1520,1530,1533,1537,1567,1569,1569,1574,1577,1582,1585,1587,1589,1591,1592,1592,1623,1625,1627,1629,1632,1635,1637,1637,1641,1643,1646,1647,1663,1666,1668,1667,1671,1676,1672,1674,1676,1680,1681,1683,1696,1700,1704,1710,1712,1717,1720,1721,1725,1733,1736,1738,1752,1756,1758,1759,1764,1766,1773,1774,1776,1784,1787,1790,1808,1812,1814,1817,1821,1828,1834,1836,1838,1844
513,1298,1302,1306,1322,1326,1330,1380,1391,1399,1412,1416,1425,1436,1440,1440,1455,1458,1460,1491,1495,1499,1507,1508,1512,1518,1520,1520,1530,1533,1537,1567,1569,1569,1574,1577,1582,1585,1587,1589,1591,1592,1592,1623,1625,1627,1629,1632,1635,1637,1637,1641,1643,1646,1647,1663,1666,1668,1667,1671,1676,1672,1674,1676,1680,1681,1683,1696,1700,1704,1710,1712,1717,1720,1721,1725,1733,1736,1738,1752,1756,1758,1759,1764,1766,1773,1774,1776,1784,1787,1790,1808,1812,1814,1817,1821,1828,1834,1836,1838,1844,1846
514,1302,1306,1322,1326,1330,1380,1391,1399,1412,1416,1425,1436,1440,1440,1455,1458,1460,1491,1495,1499,1507,1508,1512,1518,1520,1520,1530,1533,1537,1567,1569,1569,1574,1577,1582,1585,1587,1589,1591,1592,1592,1623,1625,1627,1629,1632,1635,1637,1637,1641,1643,1646,1647,1663,1666,1668,1667,1671,1676,1672,1674,1676,1680,1681,1683,1696,1700,1704,1710,1712,1717,1720,1721,1725,1733,1736,1738,1752,1756,1758,1759,1764,1766,1773,1774,1776,1784,1787,1790,1808,1812,1814,1817,1821,1828,1834,1836,1838,1844,1846,1850
515,1306,1322,1326,1330,1380,1391,1399,1412,1416,1425,1436,1440,1440,1455,1458,1460,1491,1495,1499,1507,1508,1512,1518,1520,1520,1530,1533,1537,1567,1569,1569,1574,1577,1582,1585,1587,1589,1591,1592,1592,1623,1625,1627,1629,1632,1635,1637,1637,1641,1643,1646,1647,1663,1666,1668,1667,1671,1676,1672,1674,1676,1680,1681,1683,1696,1700,1704,1710,1712,1717,1720,1721,1725,1733,1736,1738,1752,1756,1758,1759,1764,1766,1773,1774,1776,1784,1787,1790,1808,1812,1814,1817,1821,1828,1834,1836,1838,1844,1846,1850,1867
516,1322,1326,1330,1380,1391,1399,1412,1416,1425,1436,1440,1440,1455,1458,1460,1491,1495,1499,1507,1508,1512,1518,1520,1520,1530,1533,1537,1567,1569,1569,1574,1577,1582,1585,1587,1589,1591,1592,1592,1623,1625,1627,1629,1632,1635,1637,1637,1641,1643,1646,1647,1663,1666,1668,1667,1671,1676,1672,1674,1676,1680,1681,1683,1696,1700,1704,1710,1712,1717,1720,1721,1725,1733,1736,1738,1752,1756,1758,1759,1764,1766,1773,1774,1776,1784,1787,1790,1808,1812,1814,1817,1821,1828,1834,1836,1838,1844,1846,1850,1867,1871
517,1326,1330,1380,1391,1399,1412,1416,1425,1436,1440,1440,1455,1458,1460,1491,1495,1499,1507,1508,1512,1518,1520,1520,1530,1533,1537,1567,1569,1569,1574,1577,1582,1585,1587,1589,1591,1592,1592,1623,1625,1627,1629,1632,1635,1637,1637,1641,1643,1646,1647,1663,1666,1668,1667,1671,1676,1672,1674,1676,1680,1681,1683,1696,1700,1704,1710,1712,1717,1720,1721,1725,1733,1736,1738,1752,1756,1758,1759,1764,1766,1773,1774,1776,1784,1787,1790,1808,1812,1814,1817,1821,1828,1834,1836,1838,1844,1846,1850,1867,1871,1873
518,1330,1380,1391,1399,1412,1416,1425,1436,1440,1440,1455,1458,1460,1491,1495,1499,1507,1508,1512,1518,1520,1520,1530,1533,1537,1567,1569,1569,1574,1577,1582,1585,1587,1589,1591,1592,1592,1623,1625,1627,1629,1632,1635,1637,1637,1641,1643,1646,1647,1663,1666,1668,1667,1671,1676,1672,1674,1676,1680,1681,1683,1696,1700,1704,1710,1712,1717,1720,1721,1725,1733,1736,1738,1752,1756,1758,1759,1764,1766,1773,1774,1776,1784,1787,1790,1808,1812,1814,1817,1821,1828,1834,1836,1838,1844,1846,1850,1867,1871,1873,1882
519,1380,1391,1399,1412,1416,1425,1436,1440,1440,1455,1458,1460,1491,1495,1499,1507,1508,1512,1518,1520,1520,1530,1533,1537,1567,1569,1569,1574,1577,1582,1585,1587,1589,1591,1592,1592,1623,1625,1627,1629,1632,1635,1637,1637,1641,1643,1646,1647,1663,1666,1668,1667,1671,1676,1672,1674,1676,1680,1681,1683,1696,1700,1704,1710,1712,1717,1720,1721,1725,1733,1736,1738,1752,1756,1758,1759,1764,1766,1773,1774,1776,1784,1787,1790,1808,1812,1814,1817,1821,1828,1834,1836,1838,1844,1846,1850,1867,1871,1873,1882,1886
520,1391,1399,1412,1416,1425,1436,1440,1440,1455,1458,1460,1491,1495,1499,1507,1508,1512,1518,1520,1520,1530,1533,1537,1567,1569,1569,1574,1577,1582,1585,1587,1589,1591,1592,1592,1623,1625,1627,1629,1632,1635,1637,1637,1641,1643,1646,1647,1663,1666,1668,1667,1671,1676,1672,1674,1676,1680,1681,1683,1696,1700,1704,1710,1712,1717,1720,1721,1725,1733,1736,1738,1752,1756,1758,1759,1764,1766,1773,1774,1776,1784,1787,1790,1808,1812,1814,1817,1821,1828,1834,1836,1838,1844,1846,1850,1867,1871,1873,1882,1886,1894
521,1399,1412,1416,1425,1436,1440,1440,1455,1458,1460,1491,1495,1499,1507,1508,1512,1518,1520,1520,1530,1533,1537,1567,1569,1569,1574,1577,1582,1585,1587,1589,1591,1592,1592,1623,1625,1627,1629,1632,1635,1637,1637,1641,1643,1646,1647,1663,1666,1668,1667,1671,1676,1672,1674,1676,1680,1681,1683,1696,1700,1704,1710,1712,1717,1720,1721,1725,1733,1736,1738,1752,1756,1758,1759,1764,1766,1773,1774,1776,1784,1787,1790,1808,1812,1814,1817,1821,1828,1834,1836,1838,1844,1846,1850,1867,1871,1873,1882,1886,1894,1905
522,1412,1416,1425,1436,1440,1440,1455,1458,1460,1491,1495,1499,1507,1508,1512,1518,1520,1520,1530,1533,1537,1567,1569,1569,1574,1577,1582,1585,1587,1589,1591,1592,1592,1623,1625,1627,1629,1632,1635,1637,1637,1641,1643,1646,1647,1663,1666,1668,1667,1671,1676,1672,1674,1676,1680,1681,1683,1696,1700,1704,1710,1712,1717,1720,1721,1725,1733,1736,1738,1752,1756,1758,1759,1764,1766,1773,1774,1776,1784,1787,1790,1808,1812,1814,1817,1821,1828,1834,1836,1838,1844,1846,1850,1867,1871,1873,1882,1886,1894,1905,1908
523,1416,1425,1436,1440,1440,1455,1458,1460,1491,1495,1499,1507,1508,1512,1518,1520,1520,1530,1533,1537,1567,1569,1569,1574,1577,1582,1585,1587,1589,1591,1592,1592,1623,1625,1627,1629,1632,1635,1637,1637,1641,1643,1646,1647,1663,1666,1668,1667,1671,1676,1672,1674,1676,1680,1681,1683,1696,1700,1704,1710,1712,1717,1720,1721,1725,1733,1736,1738,1752,1756,1758,1759,1764,1766,1773,1774,1776,1784,1787,1790,1808,1812,1814,1817,1821,1828,1834,1836,1838,1844,1846,1850,1867,1871,1873,1882,1886,1894,1905,1908,1910
524,1425,1436,1440,1440,1455,1458,1460,1491,1495,1499,1507,1508,1512,1518,1520,1520,1530,1533,1537,1567,1569,1569,1574,1577,1582,1585,1587,1589,1591,1592,1592,1623,1625,1627,1629,1632,1635,1637,1637,1641,1643,1646,1647,1663,1666,1668,1667,1671,1676,1672,1674,1676,1680,1681,1683,1696,1700,1704,1710,1712,1717,1720,1721,1725,1733,1736,1738,1752,1756,1758,1759,1764,1766,1773,1774,1776,1784,1787,1790,1808,1812,1814,1817,1821,1828,1834,1836,1838,1844,1846,1850,1867,1871,1873,1882,1886,1894,1905,1908,1910,1921
525,1436,1440,1440,1455,1458,1460,1491,1495,1499,1507,1508,1512,1518,1520,1520,1530,1533,1537,1567,1569,1569,1574,1577,1582,1585,1587,1589,1591,1592,1592,1623,1625,1627,1629,1632,1635,1637,1637,1641,1643,1646,1647,1663,1666,1668,1667,1671,1676,1672,1674,1676,1680,1681,1683,1696,1700,1704,1710,1712,1717,1720,1721,1725,1733,1736,1738,1752,1756,1758,1759,1764,1766,1773,1774,1776,1784,1787,1790,1808,1812,1814,1817,1821,1828,1834,1836,1838,1844,1846,1850,1867,1871,1873,1882,1886,1894,1905,1908,1910,1921,1923
526,1440,1440,1455,1458,1460,1491,1495,1499,1507,1508,1512,1518,1520,1520,1530,1533,1537,1567,1569,1569,1574,1577,1582,1585,1587,1589,1591,1592,1592,1623,1625,1627,1629,1632,1635,1637,1637,1641,1643,1646,1647,1663,1666,1668,1667,1671,1676,1672,1674,1676,1680,1681,1683,1696,1700,1704,1710,1712,1717,1720,1721,1725,1733,1736,1738,1752,1756,1758,1759,1764,1766,1773,1774,1776,1784,1787,1790,1808,1812,1814,1817,1821,1828,1834,1836,1838,1844,1846,1850,1867,1871,1873,1882,1886,1894,1905,1908,1910,1921,1923,1928
527,1440,1455,1458,1460,1491,1495,1499,1507,1508,1512,1518,1520,1520,1530,1533,1537,1567,1569,1569,1574,1577,1582,1585,1587,1589,1591,1592,1592,1623,1625,1627,1629,1632,1635,1637,1637,1641,1643,1646,1647,1663,1666,1668,1667,1671,1676,1672,1674,1676,1680,1681,1683,1696,1700,1704,1710,1712,1717,1720,1721,1725,1733,1736,1738,1752,1756,1758,1759,1764,1766,1773,1774,1776,1784,1787,1790,1808,1812,1814,1817,1821,1828,1834,1836,1838,1844,1846,1850,1867,1871,1873,1882,1886,1894,1905,1908,1910,1921,1923,1928,1930
528,1455,1458,1460,1491,1495,1499,1507,1508,1512,1518,1520,1520,1530,1533,1537,1567,1569,1569,1574,1577,1582,1585,1587,1589,1591,1592,1592,1623,1625,1627,1629,1632,1635,1637,1637,1641,1643,1646,1647,1663,1666,1668,1667,1671,1676,1672,1674,1676,1680,1681,1683,1696,1700,1704,1710,1712,1717,1720,1721,1725,1733,1736,1738,1752,1756,1758,1759,1764,1766,1773,1774,1776,1784,1787,1790,1808,1812,1814,1817,1821,1828,1834,1836,1838,1844,1846,1850,1867,1871,1873,1882,1886,1894,1905,1908,1910,1921,1923,1928,1930,1935
529,1458,1460,1491,1495,1499,1507,1508,1512,1518,1520,1520,1530,1533,1537,1567,1569,1569,1574,1577,1582,1585,1587,1589,1591,1592,1592,1623,1625,1627,1629,1632,1635,1637,1637,1641,1643,1646,1647,1663,1666,1668,1667,1671,1676,1672,1674,1676,1680,1681,1683,1696,1700,1704,1710,1712,1717,1720,1721,1725,1733,1736,1738,1752,1756,1758,1759,1764,1766,1773,1774,1776,1784,1787,1790,1808,1812,1814,1817,1821,1828,1834,1836,1838,1844,1846,1850,1867,1871,1873,1882,1886,1894,1905,1908,1910,1921,1923,1928,1930,1935,1939
530,1460,1491,1495,1499,1507,1508,1512,1518,1520,1520,1530,1533,1537,1567,1569,1569,1574,1577,1582,1585,1587,1589,1591,1592,1592,1623,1625,1627,1629,1632,1635,1637,1637,1641,1643,1646,1647,1663,1666,1668,1667,1671,1676,1672,1674,1676,1680,1681,1683,1696,1700,1704,1710,1712,1717,1720,1721,1725,1733,1736,1738,1752,1756,1758,1759,1764,1766,1773,1774,1776,1784,1787,1790,1808,1812,1814,1817,1821,1828,1834,1836,1838,1844,1846,1850,1867,1871,1873,1882,1886,1894,1905,1908,1910,1921,1923,1928,1930,1935,1939,1945
531,1491,1495,1499,1507,1508,1512,1518,1520,1520,1530,1533,1537,1567,1569,1569,1574,1577,1582,1585,1587,1589,1591,1592,1592,1623,1625,1627,1629,1632,1635,1637,1637,1641,1643,1646,1647,1663,1666,1668,1667,1671,1676,1672,1674,1676,1680,1681,1683,1696,1700,1704,1710,1712,1717,1720,1721,1725,1733,1736,1738,1752,1756,1758,1759,1764,1766,1773,1774,1776,1784,1787,1790,1808,1812,1814,1817,1821,1828,1834,1836,1838,1844,1846,1850,1867,1871,1873,1882,1886,1894,1905,1908,1910,1921,1923,1928,1930,1935,1939,1945,1948
532,1495,1499,1507,1508,1512,1518,1520,1520,1530,1533,1537,1567,1569,1569,1574,1577,1582,1585,1587,1589,1591,1592,1592,1623,1625,1627,1629,1632,1635,1637,1637,1641,1643,1646,1647,1663,1666,1668,1667,1671,1676,1672,1674,1676,1680,1681,1683,1696,1700,1704,1710,1712,1717,1720,1721,1725,1733,1736,1738,1752,1756,1758,1759,1764,1766,1773,1774,1776,1784,1787,1790,1808,1812,1814,1817,1821,1828,1834,1836,1838,1844,1846,1850,1867,1871,1873,1882,1886,1894,1905,1908,1910,1921,1923,1928,1930,1935,1939,1945,1948,1959
533,1499,1507,1508,1512,1518,1520,1520,1530,1533,1537,1567,1569,1569,1574,1577,1582,1585,1587,1589,1591,1592,1592,1623,1625,1627,1629,1632,1635,1637,1637,1641,1643,1646,1647,1663,1666,1668,1667,1671,1676,1672,1674,1676,1680,1681,1683,1696,1700,1704,1710,1712,1717,1720,1721,1725,1733,1736,1738,1752,1756,1758,1759,1764,1766,1773,1774,1776,1784,1787,1790,1808,1812,1814,1817,1821,1828,1834,1836,1838,1844,1846,1850,1867,1871,1873,1882,1886,1894,1905,1908,1910,1921,1923,1928,1930,1935,1939,1945,1948,1959,1964
534,1507,1508,1512,1518,1520,1520,1530,1533,1537,1567,1569,1569,1574,1577,1582,1585,1587,1589,1591,1592,1592,1623,1625,1627,1629,1632,1635,1637,1637,1641,1643,1646,1647,1663,1666,1668,1667,1671,1676,1672,1674,1676,1680,1681,1683,1696,1700,1704,1710,1712,1717,1720,1721,1725,1733,1736,1738,1752,1756,1758,1759,1764,1766,1773,1774,1776,1784,1787,1790,1808,1812,1814,1817,1821,1828,1834,1836,1838,1844,1846,1850,1867,1871,1873,1882,1886,1894,1905,1908,1910,1921,1923,1928,1930,1935,1939,1945,1948,1959,1964,1968
535,1508,1512,1518,1520,1520,1530,1533,1537,1567,1569,1569,1574,1577,1582,1585,1587,1589,1591,1592,1592,1623,1625,1627,1629,1632,1635,1637,1637,1641,1643,1646,1647,1663,1666,1668,1667,1671,1676,1672,1674,1676,1680,1681,1683,1696,1700,1704,1710,1712,1717,1720,1721,1725,1733,1736,1738,1752,1756,1758,1759,1764,1766,1773,1774,1776,1784,1787,1790,1808,1812,1814,1817,1821,1828,1834,1836,1838,1844,1846,1850,1867,1871,1873,1882,1886,1894,1905,1908,1910,1921,1923,1928,1930,1935,1939,1945,1948,1959,1964,1968,1971
536,1512,1518,1520,1520,1530,1533,1537,1567,1569,1569,1574,1577,1582,1585,1587,1589,1591,1592,1592,1623,1625,1627,1629,1632,1635,1637,1637,1641,1643,1646,1647,1663,1666,1668,1667,1671,1676,1672,1674,1676,1680,1681,1683,1696,1700,1704,1710,1712,1717,1720,1721,1725,1733,1736,1738,1752,1756,1758,1759,1764,1766,1773,1774,1776,1784,1787,1790,1808,1812,1814,1817,1821,1828,1834,1836,1838,1844,1846,1850,1867,1871,1873,1882,1886,1894,1905,1908,1910,1921,1923,1928,1930,1935,1939,1945,1948,1959,1964,1968,1971,1976
537,1518,1520,1520,1530,1533,1537,1567,1569,1569,1574,1577,1582,1585,1587,1589,1591,1592,1592,1623,1625,1627,1629,1632,1635,1637,1637,1641,1643,1646,1647,1663,1666,1668,1667,1671,1676,1672,1674,1676,1680,1681,1683,1696,1700,1704,1710,1712,1717,1720,1721,1725,1733,1736,1738,1752,1756,1758,1759,1764,1766,1773,1774,1776,1784,1787,1790,1808,1812,1814,1817,1821,1828,1834,1836,1838,1844,1846,1850,1867,1871,1873,1882,1886,1894,1905,1908,1910,1921,1923,1928,1930,1935,1939,1945,1948,1959,1964,1968,1971,1976,1980
538,1520,1520,1530,1533,1537,1567,1569,1569,1574,1577,1582,1585,1587,1589,1591,1592,1592,1623,1625,1627,1629,1632,1635,1637,1637,1641,1643,1646,1647,1663,1666,1668,1667,1671,1676,1672,1674,1676,1680,1681,1683,1696,1700,1704,1710,1712,1717,1720,1721,1725,1733,1736,1738,1752,1756,1758,1759,1764,1766,1773,1774,1776,1784,1787,1790,1808,1812,1814,1817,1821,1828,1834,1836,1838,1844,1846,1850,1867,1871,1873,1882,1886,1894,1905,1908,1910,1921,1923,1928,1930,1935,1939,1945,1948,1959,1964,1968,1971,1976,1980,1982
539,1520,1530,1533,1537,1567,1569,1569,1574,1577,1582,1585,1587,1589,1591,1592,1592,1623,1625,1627,1629,1632,1635,1637,1637,1641,1643,1646,1647,1663,1666,1668,1667,1671,1676,1672,1674,1676,1680,1681,1683,1696,1700,1704,1710,1712,1717,1720,1721,1725,1733,1736,1738,1752,1756,1758,1759,1764,1766,1773,1774,1776,1784,1787,1790,1808,1812,1814,1817,1821,1828,1834,1836,1838,1844,1846,1850,1867,1871,1873,1882,1886,1894,1905,1908,1910,1921,1923,1928,1930,1935,1939,1945,1948,1959,1964,1968,1971,1976,1980,1982,2004
540,1530,1533,1537,1567,1569,1569,1574,1577,1582,1585,1587,1589,1591,1592,1592,1623,1625,1627,1629,1632,1635,1637,1637,1641,1643,1646,1647,1663,1666,1668,1667,1671,1676,1672,1674,1676,1680,1681,1683,1696,1700,1704,1710,1712,1717,1720,1721,1725,1733,1736,1738,1752,1756,1758,1759,1764,1766,1773,1774,1776,1784,1787,1790,1808,1812,1814,1817,1821,1828,1834,1836,1838,1844,1846,1850,1867,1871,1873,1882,1886,1894,1905,1908,1910,1921,1923,1928,1930,1935,1939,1945,1948,1959,1964,1968,1971,1976,1980,1982,2004,2012
541,1533,1537,1567,1569,1569,1574,1577,1582,1585,1587,1589,1591,1592,1592,1623,1625,1627,1629,1632,1635,1637,1637,1641,1643,1646,1647,1663,1666,1668,1667,1671,1676,1672,1674,1676,1680,1681,1683,1696,1700,1704,1710,1712,1717,1720,1721,1725,1733,1736,1738,1752,1756,1758,1759,1764,1766,1773,1774,1776,1784,1787,1790,1808,1812,1814,1817,1821,1828,1834,1836,1838,1844,1846,1850,1867,1871,1873,1882,1886,1894,1905,1908,1910,1921,1923,1928,1930,1935,1939,1945,1948,1959,1964,1968,1971,1976,1980,1982,2004,2012,2017
542,1537,1567,1569,1569,1574,1577,1582,1585,1587,1589,1591,1592,1592,1623,1625,1627,1629,1632,1635,1637,1637,1641,1643,1646,1647,1663,1666,1668,1667,1671,1676,1672,1674,1676,1680,1681,1683,1696,1700,1704,1710,1712,1717,1720,1721,1725,1733,1736,1738,1752,1756,1758,1759,1764,1766,1773,1774,1776,1784,1787,1790,1808,1812,1814,1817,1821,1828,1834,1836,1838,1844,1846,1850,1867,1871,1873,1882,1886,1894,1905,1908,1910,1921,1923,1928,1930,1935,1939,1945,1948,1959,1964,1968,1971,1976,1980,1982,2004,2012,2017,2022
543,1567,1569,1569,1574,1577,1582,1585,1587,1589,1591,1592,1592,1623,1625,1627,1629,1632,1635,1637,1637,1641,1643,1646,1647,1663,1666,1668,1667,1671,1676,1672,1674,1676,1680,1681,1683,1696,1700,1704,1710,1712,1717,1720,1721,1725,1733,1736,1738,1752,1756,1758,1759,1764,1766,1773,1774,1776,1784,1787,1790,1808,1812,1814,1817,1821,1828,1834,1836,1838,1844,1846,1850,1867,1871,1873,1882,1886,1894,1905,1908,1910,1921,1923,1928,1930,1935,1939,1945,1948,1959,1964,1968,1971,1976,1980,1982,2004,2012,2017,2022,2029
544,1569,1569,1574,1577,1582,1585,1587,1589,1591,1592,1592,1623,1625,1627,1629,1632,1635,1637,1637,1641,1643,1646,1647,1663,1666,1668,1667,1671,1676,1672,1674,1676,1680,1681,1683,1696,1700,1704,1710,1712,1717,1720,1721,1725,1733,1736,1738,1752,1756,1758,1759,1764,1766,1773,1774,1776,1784,1787,1790,1808,1812,1814,1817,1821,1828,1834,1836,1838,1844,1846,1850,1867,1871,1873,1882,1886,1894,1905,1908,1910,1921,1923,1928,1930,1935,1939,1945,1948,1959,1964,1968,1971,1976,1980,1982,2004,2012,2017,2022,2029,2035
545,1569,1574,1577,1582,1585,1587,1589,1591,1592,1592,1623,1625,1627,1629,1632,1635,1637,1637,1641,1643,1646,1647,1663,1666,1668,1667,1671,1676,1672,1674,1676,1680,1681,1683,1696,1700,1704,1710,1712,1717,1720,1721,1725,1733,1736,1738,1752,1756,1758,1759,1764,1766,1773,1774,1776,1784,1787,1790,1808,1812,1814,1817,1821,1828,1834,1836,1838,1844,1846,1850,1867,1871,1873,1882,1886,1894,1905,1908,1910,1921,1923,1928,1930,1935,1939,1945,1948,1959,1964,1968,1971,1976,1980,1982,2004,2012,2017,2022,2029,2035,2043
546,1574,1577,1582,1585,1587,1589,1591,1592,1592,1623,1625,1627,1629,1632,1635,1637,1637,1641,1643,1646,1647,1663,1666,1668,1667,1671,1676,1672,1674,1676,1680,1681,1683,1696,1700,1704,1710,1712,1717,1720,1721,1725,1733,1736,1738,1752,1756,1758,1759,1764,1766,1773,1774,1776,1784,1787,1790,1808,1812,1814,1817,1821,1828,1834,1836,1838,1844,1846,1850,1867,1871,1873,1882,1886,1894,1905,1908,1910,1921,1923,1928,1930,1935,1939,1945,1948,1959,1964,1968,1971,1976,1980,1982,2004,2012,2017,2022,2029,2035,2043,2047
547,1577,1582,1585,1587,1589,1591,1592,1592,1623,1625,1627,1629,1632,1635,1637,1637,1641,1643,1646,1647,1663,1666,1668,1667,1671,1676,1672,1674,1676,1680,1681,1683,1696,1700,1704,1710,1712,1717,1720,1721,1725,1733,1736,1738,1752,1756,1758,1759,1764,1766,1773,1774,1776,1784,1787,1790,1808,1812,1814,1817,1821,1828,1834,1836,1838,1844,1846,1850,1867,1871,1873,1882,1886,1894,1905,1908,1910,1921,1923,1928,1930,1935,1939,1945,1948,1959,1964,1968,1971,1976,1980,1982,2004,2012,2017,2022,2029,2035,2043,2047,2051
548,1582,1585,1587,1589,1591,1592,1592,1623,1625,1627,1629,1632,1635,1637,1637,1641,1643,1646,1647,1663,1666,1668,1667,1671,1676,1672,1674,1676,1680,1681,1683,1696,1700,1704,1710,1712,1717,1720,1721,1725,1733,1736,1738,1752,1756,1758,1759,1764,1766,1773,1774,1776,1784,1787,1790,1808,1812,1814,1817,1821,1828,1834,1836,1838,1844,1846,1850,1867,1871,1873,1882,1886,1894,1905,1908,1910,1921,1923,1928,1930,1935,1939,1945,1948,1959,1964,1968,1971,1976,1980,1982,2004,2012,2017,2022,2029,2035,2043,2047,2051,2066
549,1585,1587,1589,1591,1592,1592,1623,1625,1627,1629,1632,1635,1637,1637,1641,1643,1646,1647,1663,1666,1668,1667,1671,1676,1672,1674,1676,1680,1681,1683,1696,1700,1704,1710,1712,1717,1720,1721,1725,1733,1736,1738,1752,1756,1758,1759,1764,1766,1773,1774,1776,1784,1787,1790,1808,1812,1814,1817,1821,1828,1834,1836,1838,1844,1846,1850,1867,1871,1873,1882,1886,1894,1905,1908,1910,1921,1923,1928,1930,1935,1939,1945,1948,1959,1964,1968,1971,1976,1980,1982,2004,2012,2017,2022,2029,2035,2043,2047,2051,2066,2070
550,1587,1589,1591,1592,1592,1623,1625,1627,1629,1632,1635,1637,1637,1641,1643,1646,1647,1663,1666,1668,1667,1671,1676,1672,1674,1676,1680,1681,1683,1696,1700,1704,1710,1712,1717,1720,1721,1725,1733,1736,1738,1752,1756,1758,1759,1764,1766,1773,1774,1776,1784,1787,1790,1808,1812,1814,1817,1821,1828,1834,1836,1838,1844,1846,1850,1867,1871,1873,1882,1886,1894,1905,1908,1910,1921,1923,1928,1930,1935,1939,1945,1948,1959,1964,1968,1971,1976,1980,1982,2004,2012,2017,2022,2029,2035,2043,2047,2051,2066,2070,2073
551,1589,1591,1592,1592,1623,1625,1627,1629,1632,1635,1637,1637,1641,1643,1646,1647,1663,1666,1668,1667,1671,1676,1672,1674,1676,1680,1681,1683,1696,1700,1704,1710,1712,1717,1720,1721,1725,1733,1736,1738,1752,1756,1758,1759,1764,1766,1773,1774,1776,1784,1787,1790,1808,1812,1814,1817,1821,1828,1834,1836,1838,1844,1846,1850,1867,1871,1873,1882,1886,1894,1905,1908,1910,1921,1923,1928,1930,1935,1939,1945,1948,1959,1964,1968,1971,1976,1980,1982,2004,2012,2017,2022,2029,2035,2043,2047,2051,2066,2070,2073,2095
552,1591,1592,1592,1623,1625,1627,1629,1632,1635,1637,1637,1641,1643,1646,1647,1663,1666,1668,1667,1671,1676,1672,1674,1676,1680,1681,1683,1696,1700,1704,1710,1712,1717,1720,1721,1725,1733,1736,1738,1752,1756,1758,1759,1764,1766,1773,1774,1776,1784,1787,1790,1808,1812,1814,1817,1821,1828,1834,1836,1838,1844,1846,1850,1867,1871,1873,1882,1886,1894,1905,1908,1910,1921,1923,1928,1930,1935,1939,1945,1948,1959,1964,1968,1971,1976,1980,1982,2004,2012,2017,2022,2029,2035,2043,2047,2051,2066,2070,2073,2095,2102
553,1592,1592,1623,1625,1627,1629,1632,1635,1637,1637,1641,1643,1646,1647,1663,1666,1668,1667,1671,1676,1672,1674,1676,1680,1681,1683,1696,1700,1704,1710,1712,1717,1720,1721,1725,1733,1736,1738,1752,1756,1758,1759,1764,1766,1773,1774,1776,1784,1787,1790,1808,1812,1814,1817,1821,1828,1834,1836,1838,1844,1846,1850,1867,1871,1873,1882,1886,1894,1905,1908,1910,1921,1923,1928,1930,1935,1939,1945,1948,1959,1964,1968,1971,1976,1980,1982,2004,2012,2017,2022,2029,2035,2043,2047,2051,2066,2070,2073,2095,2102,2107
554,1592,1623,1625,1627,1629,1632,1635,1637,1637,1641,1643,1646,1647,1663,1666,1668,1667,1671,1676,1672,1674,1676,1680,1681,1683,1696,1700,1704,1710,1712,1717,1720,1721,1725,1733,1736,1738,1752,1756,1758,1759,1764,1766,1773,1774,1776,1784,1787,1790,1808,1812,1814,1817,1821,1828,1834,1836,1838,1844,1846,1850,1867,1871,1873,1882,1886,1894,1905,1908,1910,1921,1923,1928,1930,1935,1939,1945,1948,1959,1964,1968,1971,1976,1980,1982,2004,2012,2017,2022,2029,2035,2043,2047,2051,2066,2070,2073,2095,2102,2107,2113
555,1623,1625,1627,1629,1632,1635,1637,1637,1641,1643,1646,1647,1663,1666,1668,1667,1671,1676,1672,1674,1676,1680,1681,1683,1696,1700,1704,1710,1712,1717,1720,1721,1725,1733,1736,1738,1752,1756,1758,1759,1764,1766,1773,1774,1776,1784,1787,1790,1808,1812,1814,1817,1821,1828,1834,1836,1838,1844,1846,1850,1867,1871,1873,1882,1886,1894,1905,1908,1910,1921,1923,1928,1930,1935,1939,1945,1948,1959,1964,1968,1971,1976,1980,1982,2004,2012,2017,2022,2029,2035,2043,2047,2051,2066,2070,2073,2095,2102,2107,2113,2122
556,1625,1627,1629,1632,1635,1637,1637,1641,1643,1646,1647,1663,1666,1668,1667,1671,1676,1672,1674,1676,1680,1681,1683,1696,1700,1704,1710,1712,1717,1720,1721,1725,1733,1736,1738,1752,1756,1758,1759,1764,1766,1773,1774,1776,1784,1787,1790,1808,1812,1814,1817,1821,1828,1834,1836,1838,1844,1846,1850,1867,1871,1873,1882,1886,1894,1905,1908,1910,1921,1923,1928,1930,1935,1939,1945,1948,1959,1964,1968,1971,1976,1980,1982,2004,2012,2017,2022,2029,2035,2043,2047,2051,2066,2070,2073,2095,2102,2107,2113,2122,2132
557,1627,1629,1632,1635,1637,1637,1641,1643,1646,1647,1663,1666,1668,1667,1671,1676,1672,1674,1676,1680,1681,1683,1696,1700,1704,1710,1712,1717,1720,1721,1725,1733,1736,1738,1752,1756,1758,1759,1764,1766,1773,1774,1776,1784,1787,1790,1808,1812,1814,1817,1821,1828,1834,1836,1838,1844,1846,1850,1867,1871,1873,1882,1886,1894,1905,1908,1910,1921,1923,1928,1930,1935,1939,1945,1948,1959,1964,1968,1971,1976,1980,1982,2004,2012,2017,2022,2029,2035,2043,2047,2051,2066,2070,2073,2095,2102,2107,2113,2122,2132,2141
558,1629,1632,1635,1637,1637,1641,1643,1646,1647,1663,1666,1668,1667,1671,1676,1672,1674,1676,1680,1681,1683,1696,1700,1704,1710,1712,1717,1720,1721,1725,1733,1736,1738,1752,1756,1758,1759,1764,1766,1773,1774,1776,1784,1787,1790,1808,1812,1814,1817,1821,1828,1834,1836,1838,1844,1846,1850,1867,1871,1873,1882,1886,1894,1905,1908,1910,1921,1923,1928,1930,1935,1939,1945,1948,1959,1964,1968,1971,1976,1980,1982,2004,2012,2017,2022,2029,2035,2043,2047,2051,2066,2070,2073,2095,2102,2107,2113,2122,2132,2141,2145
559,1632,1635,1637,1637,1641,1643,1646,1647,1663,1666,1668,1667,1671,1676,1672,1674,1676,1680,1681,1683,1696,1700,1704,1710,1712,1717,1720,1721,1725,1733,1736,1738,1752,1756,1758,1759,1764,1766,1773,1774,1776,1784,1787,1790,1808,1812,1814,1817,1821,1828,1834,1836,1838,1844,1846,1850,1867,1871,1873,1882,1886,1894,1905,1908,1910,1921,1923,1928,1930,1935,1939,1945,1948,1959,1964,1968,1971,1976,1980,1982,2004,2012,2017,2022,2029,2035,2043,2047,2051,2066,2070,2073,2095,2102,2107,2113,2122,2132,2141,2145,2149
560,1635,1637,1637,1641,1643,1646,1647,1663,1666,1668,1667,1671,1676,1672,1674,1676,1680,1681,1683,1696,1700,1704,1710,1712,1717,1720,1721,1725,1733,1736,1738,1752,1756,1758,1759,1764,1766,1773,1774,1776,1784,1787,1790,1808,1812,1814,1817,1821,1828,1834,1836,1838,1844,1846,1850,1867,1871,1873,1882,1886,1894,1905,1908,1910,1921,1923,1928,1930,1935,1939,1945,1948,1959,1964,1968,1971,1976,1980,1982,2004,2012,2017,2022,2029,2035,2043,2047,2051,2066,2070,2073,2095,2102,2107,2113,2122,2132,2141,2145,2149,2161
561,1637,1637,1641,1643,1646,1647,1663,1666,1668,1667,1671,1676,1672,1674,1676,1680,1681,1683,1696,1700,1704,1710,1712,1717,1720,1721,1725,1733,1736,1738,1752,1756,1758,1759,1764,1766,1773,1774,1776,1784,1787,1790,1808,1812,1814,1817,1821,1828,1834,1836,1838,1844,1846,1850,1867,1871,1873,1882,1886,1894,1905,1908,1910,1921,1923,1928,1930,1935,1939,1945,1948,1959,1964,1968,1971,1976,1980,1982,2004,2012,2017,2022,2029,2035,2043,2047,2051,2066,2070,2073,2095,2102,2107,2113,2122,2132,2141,2145,2149,2161,2164
562,1637,1641,1643,1646,1647,1663,1666,1668,1667,1671,1676,1672,1674,1676,1680,1681,1683,1696,1700,1704,1710,1712,1717,1720,1721,1725,1733,1736,1738,1752,1756,1758,1759,1764,1766,1773,1774,1776,1784,1787,1790,1808,1812,1814,1817,1821,1828,1834,1836,1838,1844,1846,1850,1867,1871,1873,1882,1886,1894,1905,1908,1910,1921,1923,1928,1930,1935,1939,1945,1948,1959,1964,1968,1971,1976,1980,1982,2004,2012,2017,2022,2029,2035,2043,2047,2051,2066,2070,2073,2095,2102,2107,2113,2122,2132,2141,2145,2149,2161,2164,2167
563,1641,1643,1646,1647,1663,1666,1668,1667,1671,1676,1672,1674,1676,1680,1681,1683,1696,1700,1704,1710,1712,1717,1720,1721,1725,1733,1736,1738,1752,1756,1758,1759,1764,1766,1773,1774,1776,1784,1787,1790,1808,1812,1814,1817,1821,1828,1834,1836,1838,1844,1846,1850,1867,1871,1873,1882,1886,1894,1905,1908,1910,1921,1923,1928,1930,1935,1939,1945,1948,1959,1964,1968,1971,1976,1980,1982,2004,2012,2017,2022,2029,2035,2043,2047,2051,2066,2070,2073,2095,2102,2107,2113,2122,2132,2141,2145,2149,2161,2164,2167,2184
564,1643,1646,1647,1663,1666,1668,1667,1671,1676,1672,1674,1676,1680,1681,1683,1696,1700,1704,1710,1712,1717,1720,1721,1725,1733,1736,1738,1752,1756,1758,1759,1764,1766,1773,1774,1776,1784,1787,1790,1808,1812,1814,1817,1821,1828,1834,1836,1838,1844,1846,1850,1867,1871,1873,1882,1886,1894,1905,1908,1910,1921,1923,1928,1930,1935,1939,1945,1948,1959,1964,1968,1971,1976,1980,1982,2004,2012,2017,2022,2029,2035,2043,2047,2051,2066,2070,2073,2095,2102,2107,2113,2122,2132,2141,2145,2149,2161,2164,2167,2184,2188
565,1646,1647,1663,1666,1668,1667,1671,1676,1672,1674,1676,1680,1681,1683,1696,1700,1704,1710,1712,1717,1720,1721,1725,1733,1736,1738,1752,1756,1758,1759,1764,1766,1773,1774,1776,1784,1787,1790,1808,1812,1814,1817,1821,1828,1834,1836,1838,1844,1846,1850,1867,1871,1873,1882,1886,1894,1905,1908,1910,1921,1923,1928,1930,1935,1939,1945,1948,1959,1964,1968,1971,1976,1980,1982,2004,2012,2017,2022,2029,2035,2043,2047,2051,2066,2070,2073,2095,2102,2107,2113,2122,2132,2141,2145,2149,2161,2164,2167,2184,2188,2191
566,1647,1663,1666,1668,1667,1671,1676,1672,1674,1676,1680,1681,1683,1696,1700,1704,1710,1712,1717,1720,1721,1725,1733,1736,1738,1752,1756,1758,1759,1764,1766,1773,1774,1776,1784,1787,1790,1808,1812,1814,1817,1821,1828,1834,1836,1838,1844,1846,1850,1867,1871,1873,1882,1886,1894,1905,1908,1910,1921,1923,1928,1930,1935,1939,1945,1948,1959,1964,1968,1971,1976,1980,1982,2004,2012,2017,2022,2029,2035,2043,2047,2051,2066,2070,2073,2095,2102,2107,2113,2122,2132,2141,2145,2149,2161,2164,2167,2184,2188,2191,2202
567,1663,1666,1668,1667,1671,1676,1672,1674,1676,1680,1681,1683,1696,1700,1704,1710,1712,1717,1720,1721,1725,1733,1736,1738,1752,1756,1758,1759,1764,1766,1773,1774,1776,1784,1787,1790,1808,1812,1814,1817,1821,1828,1834,1836,1838,1844,1846,1850,1867,1871,1873,1882,1886,1894,1905,1908,1910,1921,1923,1928,1930,1935,1939,1945,1948,1959,1964,1968,1971,1976,1980,1982,2004,2012,2017,2022,2029,2035,2043,2047,2051,2066,2070,2073,2095,2102,2107,2113,2122,2132,2141,2145,2149,2161,2164,2167,2184,2188,2191,2202,2206
568,1666,1668,1667,1671,1676,1672,1674,1676,1680,1681,1683,1696,1700,1704,1710,1712,1717,1720,1721,1725,1733,1736,1738,1752,1756,1758,1759,1764,1766,1773,1774,1776,1784,1787,1790,1808,1812,1814,1817,1821,1828,1834,1836,1838,1844,1846,1850,1867,1871,1873,1882,1886,1894,1905,1908,1910,1921,1923,1928,1930,1935,1939,1945,1948,1959,1964,1968,1971,1976,1980,1982,2004,2012,2017,2022,2029,2035,2043,2047,2051,2066,2070,2073,2095,2102,2107,2113,2122,2132,2141,2145,2149,2161,2164,2167,2184,2188,2191,2202,2206,2209
569,1668,1667,1671,1676,1672,1674,1676,1680,1681,1683,1696,1700,1704,1710,1712,1717,1720,1721,1725,1733,1736,1738,1752,1756,1758,1759,1764,1766,1773,1774,1776,1784,1787,1790,1808,1812,1814,1817,1821,1828,1834,1836,1838,1844,1846,1850,1867,1871,1873,1882,1886,1894,1905,1908,1910,1921,1923,1928,1930,1935,1939,1945,1948,1959,1964,1968,1971,1976,1980,1982,2004,2012,2017,2022,2029,2035,2043,2047,2051,2066,2070,2073,2095,2102,2107,2113,2122,2132,2141,2145,2149,2161,2164,2167,2184,2188,2191,2202,2206,2209,2213
570,1667,1671,1676,1672,1674,1676,1680,1681,1683,1696,1700,1704,1710,1712,1717,1720,1721,1725,1733,1736,1738,1752,1756,1758,1759,1764,1766,1773,1774,1776,1784,1787,1790,1808,1812,1814,1817,1821,1828,1834,1836,1838,1844,1846,1850,1867,1871,1873,1882,1886,1894,1905,1908,1910,1921,1923,1928,1930,1935,1939,1945,1948,1959,1964,1968,1971,1976,1980,1982,2004,2012,2017,2022,2029,2035,2043,2047,2051,2066,2070,2073,2095,2102,2107,2113,2122,2132,2141,2145,2149,2161,2164,2167,2184,2188,2191,2202,2206,2209,2213,2210
571,1671,1676,1672,1674,1676,1680,1681,1683,1696,1700,1704,1710,1712,1717,1720,1721,1725,1733,1736,1738,1752,1756,1758,1759,1764,1766,1773,1774,1776,1784,1787,1790,1808,1812,1814,1817,1821,1828,1834,1836,1838,1844,1846,1850,1867,1871,1873,1882,1886,1894,1905,1908,1910,1921,1923,1928,1930,1935,1939,1945,1948,1959,1964,1968,1971,1976,1980,1982,2004,2012,2017,2022,2029,2035,2043,2047,2051,2066,2070,2073,2095,2102,2107,2113,2122,2132,2141,2145,2149,2161,2164,2167,2184,2188,2191,2202,2206,2209,2213,2210,2219
572,1676,1672,1674,1676,1680,1681,1683,1696,1700,1704,1710,1712,1717,1720,1721,1725,1733,1736,1738,1752,1756,1758,1759,1764,1766,1773,1774,1776,1784,1787,1790,1808,1812,1814,1817,1821,1828,1834,1836,1838,1844,1846,1850,1867,1871,1873,1882,1886,1894,1905,1908,1910,1921,1923,1928,1930,1935,1939,1945,1948,1959,1964,1968,1971,1976,1980,1982,2004,2012,2017,2022,2029,2035,2043,2047,2051,2066,2070,2073,2095,2102,2107,2113,2122,2132,2141,2145,2149,2161,2164,2167,2184,2188,2191,2202,2206,2209,2213,2210,2219,2223
573,1672,1674,1676,1680,1681,1683,1696,1700,1704,1710,1712,1717,1720,1721,1725,1733,1736,1738,1752,1756,1758,1759,1764,1766,1773,1774,1776,1784,1787,1790,1808,1812,1814,1817,1821,1828,1834,1836,1838,1844,1846,1850,1867,1871,1873,1882,1886,1894,1905,1908,1910,1921,1923,1928,1930,1935,1939,1945,1948,1959,1964,1968,1971,1976,1980,1982,2004,2012,2017,2022,2029,2035,2043,2047,2051,2066,2070,2073,2095,2102,2107,2113,2122,2132,2141,2145,2149,2161,2164,2167,2184,2188,2191,2202,2206,2209,2213,2210,2219,2223,2230
574,1674,1676,1680,1681,1683,1696,1700,1704,1710,1712,1717,1720,1721,1725,1733,1736,1738,1752,1756,1758,1759,1764,1766,1773,1774,1776,1784,1787,1790,1808,1812,1814,1817,1821,1828,1834,1836,1838,1844,1846,1850,1867,1871,1873,1882,1886,1894,1905,1908,1910,1921,1923,1928,1930,1935,1939,1945,1948,1959,1964,1968,1971,1976,1980,1982,2004,2012,2017,2022,2029,2035,2043,2047,2051,2066,2070,2073,2095,2102,2107,2113,2122,2132,2141,2145,2149,2161,2164,2167,2184,2188,2191,2202,2206,2209,2213,2210,2219,2223,2230,2234
575,1676,1680,1681,1683,1696,1700,1704,1710,1712,1717,1720,1721,1725,1733,1736,1738,1752,1756,1758,1759,1764,1766,1773,1774,1776,1784,1787,1790,1808,1812,1814,1817,1821,1828,1834,1836,1838,1844,1846,1850,1867,1871,1873,1882,1886,1894,1905,1908,1910,1921,1923,1928,1930,1935,1939,1945,1948,1959,1964,1968,1971,1976,1980,1982,2004,2012,2017,2022,2029,2035,2043,2047,2051,2066,2070,2073,2095,2102,2107,2113,2122,2132,2141,2145,2149,2161,2164,2167,2184,2188,2191,2202,2206,2209,2213,2210,2219,2223,2230,2234,2251
576,1680,1681,1683,1696,1700,1704,1710,1712,1717,1720,1721,1725,1733,1736,1738,1752,1756,1758,1759,1764,1766,1773,1774,1776,1784,1787,1790,1808,1812,1814,1817,1821,1828,1834,1836,1838,1844,1846,1850,1867,1871,1873,1882,1886,1894,1905,1908,1910,1921,1923,1928,1930,1935,1939,1945,1948,1959,1964,1968,1971,1976,1980,1982,2004,2012,2017,2022,2029,2035,2043,2047,2051,2066,2070,2073,2095,2102,2107,2113,2122,2132,2141,2145,2149,2161,2164,2167,2184,2188,2191,2202,2206,2209,2213,2210,2219,2223,2230,2234,2251,2256
577,1681,1683,1696,1700,1704,1710,1712,1717,1720,1721,1725,1733,1736,1738,1752,1756,1758,1759,1764,1766,1773,1774,1776,1784,1787,1790,1808,1812,1814,1817,1821,1828,1834,1836,1838,1844,1846,1850,1867,1871,1873,1882,1886,1894,1905,1908,1910,1921,1923,1928,1930,1935,1939,1945,1948,1959,1964,1968,1971,1976,1980,1982,2004,2012,2017,2022,2029,2035,2043,2047,2051,2066,2070,2073,2095,2102,2107,2113,2122,2132,2141,2145,2149,2161,2164,2167,2184,2188,2191,2202,2206,2209,2213,2210,2219,2223,2230,2234,2251,2256,2261
578,1683,1696,1700,1704,1710,1712,1717,1720,1721,1725,1733,1736,1738,1752,1756,1758,1759,1764,1766,1773,1774,1776,1784,1787,1790,1808,1812,1814,1817,1821,1828,1834,1836,1838,1844,1846,1850,1867,1871,1873,1882,1886,1894,1905,1908,1910,1921,1923,1928,1930,1935,1939,1945,1948,1959,1964,1968,1971,1976,1980,1982,2004,2012,2017,2022,2029,2035,2043,2047,2051,2066,2070,2073,2095,2102,2107,2113,2122,2132,2141,2145,2149,2161,2164,2167,2184,2188,2191,2202,2206,2209,2213,2210,2219,2223,2230,2234,2251,2256,2261,2275
579,1696,1700,1704,1710,1712,1717,1720,1721,1725,1733,1736,1738,1752,1756,1758,1759,1764,1766,1773,1774,1776,1784,1787,1790,1808,1812,1814,1817,1821,1828,1834,1836,1838,1844,1846,1850,1867,1871,1873,1882,1886,1894,1905,1908,1910,1921,1923,1928,1930,1935,1939,1945,1948,1959,1964,1968,1971,1976,1980,1982,2004,2012,2017,2022,2029,2035,2043,2047,2051,2066,2070,2073,2095,2102,2107,2113,2122,2132,2141,2145,2149,2161,2164,2167,2184,2188,2191,2202,2206,2209,2213,2210,2219,2223,2230,2234,2251,2256,2261,2275,2282
580,1700,1704,1710,1712,1717,1720,1721,1725,1733,1736,1738,1752,1756,1758,1759,1764,1766,1773,1774,1776,1784,1787,1790,1808,1812,1814,1817,1821,1828,1834,1836,1838,1844,1846,1850,1867,1871,1873,1882,1886,1894,1905,1908,1910,1921,1923,1928,1930,1935,1939,1945,1948,1959,1964,1968,1971,1976,1980,1982,2004,2012,2017,2022,2029,2035,2043,2047,2051,2066,2070,2073,2095,2102,2107,2113,2122,2132,2141,2145,2149,2161,2164,2167,2184,2188,2191,2202,2206,2209,2213,2210,2219,2223,2230,2234,2251,2256,2261,2275,2282,2279
581,1704,1710,1712,1717,1720,1721,1725,1733,1736,1738,1752,1756,1758,1759,1764,1766,1773,1774,1776,1784,1787,1790,1808,1812,1814,1817,1821,1828,1834,1836,1838,1844,1846,1850,1867,1871,1873,1882,1886,1894,1905,1908,1910,1921,1923,1928,1930,1935,1939,1945,1948,1959,1964,1968,1971,1976,1980,1982,2004,2012,2017,2022,2029,2035,2043,2047,2051,2066,2070,2073,2095,2102,2107,2113,2122,2132,2141,2145,2149,2161,2164,2167,2184,2188,2191,2202,2206,2209,2213,2210,2219,2223,2230,2234,2251,2256,2261,2275,2282,2279,2286
582,1710,1712,1717,1720,1721,1725,1733,1736,1738,1752,1756,1758,1759,1764,1766,1773,1774,1776,1784,1787,1790,1808,1812,1814,1817,1821,1828,1834,1836,1838,1844,1846,1850,1867,1871,1873,1882,1886,1894,1905,1908,1910,1921,1923,1928,1930,1935,1939,1945,1948,1959,1964,1968,1971,1976,1980,1982,2004,2012,2017,2022,2029,2035,2043,2047,2051,2066,2070,2073,2095,2102,2107,2113,2122,2132,2141,2145,2149,2161,2164,2167,2184,2188,2191,2202,2206,2209,2213,2210,2219,2223,2230,2234,2251,2256,2261,2275,2282,2279,2286,2292
583,1712,1717,1720,1721,1725,1733,1736,1738,1752,1756,1758,1759,1764,1766,1773,1774,1776,1784,1787,1790,1808,1812,1814,1817,1821,1828,1834,1836,1838,1844,1846,1850,1867,1871,1873,1882,1886,1894,1905,1908,1910,1921,1923,1928,1930,1935,1939,1945,1948,1959,1964,1968,1971,1976,1980,1982,2004,2012,2017,2022,2029,2035,2043,2047,2051,2066,2070,2073,2095,2102,2107,2113,2122,2132,2141,2145,2149,2161,2164,2167,2184,2188,2191,2202,2206,2209,2213,2210,2219,2223,2230,2234,2251,2256,2261,2275,2282,2279,2286,2292,2311
584,1717,1720,1721,1725,1733,1736,1738,1752,1756,1758,1759,1764,1766,1773,1774,1776,1784,1787,1790,1808,1812,1814,1817,1821,1828,1834,1836,1838,1844,1846,1850,1867,1871,1873,1882,1886,1894,1905,1908,1910,1921,1923,1928,1930,1935,1939,1945,1948,1959,1964,1968,1971,1976,1980,1982,2004,2012,2017,2022,2029,2035,2043,2047,2051,2066,2070,2073,2095,2102,2107,2113,2122,2132,2141,2145,2149,2161,2164,2167,2184,2188,2191,2202,2206,2209,2213,2210,2219,2223,2230,2234,2251,2256,2261,2275,2282,2279,2286,2292,2311,2312
585,1720,1721,1725,1733,1736,1738,1752,1756,1758,1759,1764,1766,1773,1774,1776,1784,1787,1790,1808,1812,1814,1817,1821,1828,1834,1836,1838,1844,1846,1850,1867,1871,1873,1882,1886,1894,1905,1908,1910,1921,1923,1928,1930,1935,1939,1945,1948,1959,1964,1968,1971,1976,1980,1982,2004,2012,2017,2022,2029,2035,2043,2047,2051,2066,2070,2073,2095,2102,2107,2113,2122,2132,2141,2145,2149,2161,2164,2167,2184,2188,2191,2202,2206,2209,2213,2210,2219,2223,2230,2234,2251,2256,2261,2275,2282,2279,2286,2292,2311,2312,2315
586,1721,1725,1733,1736,1738,1752,1756,1758,1759,1764,1766,1773,1774,1776,1784,1787,1790,1808,1812,1814,1817,1821,1828,1834,1836,1838,1844,1846,1850,1867,1871,1873,1882,1886,1894,1905,1908,1910,1921,1923,1928,1930,1935,1939,1945,1948,1959,1964,1968,1971,1976,1980,1982,2004,2012,2017,2022,2029,2035,2043,2047,2051,2066,2070,2073,2095,2102,2107,2113,2122,2132,2141,2145,2149,2161,2164,2167,2184,2188,2191,2202,2206,2209,2213,2210,2219,2223,2230,2234,2251,2256,2261,2275,2282,2279,2286,2292,2311,2312,2315,2319
587,1725,1733,1736,1738,1752,1756,1758,1759,1764,1766,1773,1774,1776,1784,1787,1790,1808,1812,1814,1817,1821,1828,1834,1836,1838,1844,1846,1850,1867,1871,1873,1882,1886,1894,1905,1908,1910,1921,1923,1928,1930,1935,1939,1945,1948,1959,1964,1968,1971,1976,1980,1982,2004,2012,2017,2022,2029,2035,2043,2047,2051,2066,2070,2073,2095,2102,2107,2113,2122,2132,2141,2145,2149,2161,2164,2167,2184,2188,2191,2202,2206,2209,2213,2210,2219,2223,2230,2234,2251,2256,2261,2275,2282,2279,2286,2292,2311,2312,2315,2319,2341
588,1733,1736,1738,1752,1756,1758,1759,1764,1766,1773,1774,1776,1784,1787,1790,1808,1812,1814,1817,1821,1828,1834,1836,1838,1844,1846,1850,1867,1871,1873,1882,1886,1894,1905,1908,1910,1921,1923,1928,1930,1935,1939,1945,1948,1959,1964,1968,1971,1976,1980,1982,2004,2012,2017,2022,2029,2035,2043,2047,2051,2066,2070,2073,2095,2102,2107,2113,2122,2132,2141,2145,2149,2161,2164,2167,2184,2188,2191,2202,2206,2209,2213,2210,2219,2223,2230,2234,2251,2256,2261,2275,2282,2279,2286,2292,2311,2312,2315,2319,2341,2348
589,1736,1738,1752,1756,1758,1759,1764,1766,1773,1774,1776,1784,1787,1790,1808,1812,1814,1817,1821,1828,1834,1836,1838,1844,1846,1850,1867,1871,1873,1882,1886,1894,1905,1908,1910,1921,1923,1928,1930,1935,1939,1945,1948,1959,1964,1968,1971,1976,1980,1982,2004,2012,2017,2022,2029,2035,2043,2047,2051,2066,2070,2073,2095,2102,2107,2113,2122,2132,2141,2145,2149,2161,2164,2167,2184,2188,2191,2202,2206,2209,2213,2210,2219,2223,2230,2234,2251,2256,2261,2275,2282,2279,2286,2292,2311,2312,2315,2319,2341,2348,2351
590,1738,1752,1756,1758,1759,1764,1766,1773,1774,1776,1784,1787,1790,1808,1812,1814,1817,1821,1828,1834,1836,1838,1844,1846,1850,1867,1871,1873,1882,1886,1894,1905,1908,1910,1921,1923,1928,1930,1935,1939,1945,1948,1959,1964,1968,1971,1976,1980,1982,2004,2012,2017,2022,2029,2035,2043,2047,2051,2066,2070,2073,2095,2102,2107,2113,2122,2132,2141,2145,2149,2161,2164,2167,2184,2188,2191,2202,2206,2209,2213,2210,2219,2223,2230,2234,2251,2256,2261,2275,2282,2279,2286,2292,2311,2312,2315,2319,2341,2348,2351,2366
591,1752,1756,1758,1759,1764,1766,1773,1774,1776,1784,1787,1790,1808,1812,1814,1817,1821,1828,1834,1836,1838,1844,1846,1850,1867,1871,1873,1882,1886,1894,1905,1908,1910,1921,1923,1928,1930,1935,1939,1945,1948,1959,1964,1968,1971,1976,1980,1982,2004,2012,2017,2022,2029,2035,2043,2047,2051,2066,2070,2073,2095,2102,2107,2113,2122,2132,2141,2145,2149,2161,2164,2167,2184,2188,2191,2202,2206,2209,2213,2210,2219,2223,2230,2234,2251,2256,2261,2275,2282,2279,2286,2292,2311,2312,2315,2319,2341,2348,2351,2366,2367
592,1756,1758,1759,1764,1766,1773,1774,1776,1784,1787,1790,1808,1812,1814,1817,1821,1828,1834,1836,1838,1844,1846,1850,1867,1871,1873,1882,1886,1894,1905,1908,1910,1921,1923,1928,1930,1935,1939,1945,1948,1959,1964,1968,1971,1976,1980,1982,2004,2012,2017,2022,2029,2035,2043,2047,2051,2066,2070,2073,2095,2102,2107,2113,2122,2132,2141,2145,2149,2161,2164,2167,2184,2188,2191,2202,2206,2209,2213,2210,2219,2223,2230,2234,2251,2256,2261,2275,2282,2279,2286,2292,2311,2312,2315,2319,2341,2348,2351,2366,2367,2369
593,1758,1759,1764,1766,1773,1774,1776,1784,1787,1790,1808,1812,1814,1817,1821,1828,1834,1836,1838,1844,1846,1850,1867,1871,1873,1882,1886,1894,1905,1908,1910,1921,1923,1928,1930,1935,1939,1945,1948,1959,1964,1968,1971,1976,1980,1982,2004,2012,2017,2022,2029,2035,2043,2047,2051,2066,2070,2073,2095,2102,2107,2113,2122,2132,2141,2145,2149,2161,2164,2167,2184,2188,2191,2202,2206,2209,2213,2210,2219,2223,2230,2234,2251,2256,2261,2275,2282,2279,2286,2292,2311,2312,2315,2319,2341,2348,2351,2366,2367,2369,2380
594,1759,1764,1766,1773,1774,1776,1784,1787,1790,1808,1812,1814,1817,1821,1828,1834,1836,1838,1844,1846,1850,1867,1871,1873,1882,1886,1894,1905,1908,1910,1921,1923,1928,1930,1935,1939,1945,1948,1959,1964,1968,1971,1976,1980,1982,2004,2012,2017,2022,2029,2035,2043,2047,2051,2066,2070,2073,2095,2102,2107,2113,2122,2132,2141,2145,2149,2161,2164,2167,2184,2188,2191,2202,2206,2209,2213,2210,2219,2223,2230,2234,2251,2256,2261,2275,2282,2279,2286,2292,2311,2312,2315,2319,2341,2348,2351,2366,2367,2369,2380,2386
595,1764,1766,1773,1774,1776,1784,1787,1790,1808,1812,1814,1817,1821,1828,1834,1836,1838,1844,1846,1850,1867,1871,1873,1882,1886,1894,1905,1908,1910,1921,1923,1928,1930,1935,1939,1945,1948,1959,1964,1968,1971,1976,1980,1982,2004,2012,2017,2022,2029,2035,2043,2047,2051,2066,2070,2073,2095,2102,2107,2113,2122,2132,2141,2145,2149,2161,2164,2167,2184,2188,2191,2202,2206,2209,2213,2210,2219,2223,2230,2234,2251,2256,2261,2275,2282,2279,2286,2292,2311,2312,2315,2319,2341,2348,2351,2366,2367,2369,2380,2386,2396
596,1766,1773,1774,1776,1784,1787,1790,1808,1812,1814,1817,1821,1828,1834,1836,1838,1844,1846,1850,1867,1871,1873,1882,1886,1894,1905,1908,1910,1921,1923,1928,1930,1935,1939,1945,1948,1959,1964,1968,1971,1976,1980,1982,2004,2012,2017,2022,2029,2035,2043,2047,2051,2066,2070,2073,2095,2102,2107,2113,2122,2132,2141,2145,2149,2161,2164,2167,2184,2188,2191,2202,2206,2209,2213,2210,2219,2223,2230,2234,2251,2256,2261,2275,2282,2279,2286,2292,2311,2312,2315,2319,2341,2348,2351,2366,2367,2369,2380,2386,2396,2400
597,1773,1774,1776,1784,1787,1790,1808,1812,1814,1817,1821,1828,1834,1836,1838,1844,1846,1850,1867,1871,1873,1882,1886,1894,1905,1908,1910,1921,1923,1928,1930,1935,1939,1945,1948,1959,1964,1968,1971,1976,1980,1982,2004,2012,2017,2022,2029,2035,2043,2047,2051,2066,2070,2073,2095,2102,2107,2113,2122,2132,2141,2145,2149,2161,2164,2167,2184,2188,2191,2202,2206,2209,2213,2210,2219,2223,2230,2234,2251,2256,2261,2275,2282,2279,2286,2292,2311,2312,2315,2319,2341,2348,2351,2366,2367,2369,2380,2386,2396,2400,2402
598,1774,1776,1784,1787,1790,1808,1812,1814,1817,1821,1828,1834,1836,1838,1844,1846,1850,1867,1871,1873,1882,1886,1894,1905,1908,1910,1921,1923,1928,1930,1935,1939,1945,1948,1959,1964,1968,1971,1976,1980,1982,2004,2012,2017,2022,2029,2035,2043,2047,2051,2066,2070,2073,2095,2102,2107,2113,2122,2132,2141,2145,2149,2161,2164,2167,2184,2188,2191,2202,2206,2209,2213,2210,2219,2223,2230,2234,2251,2256,2261,2275,2282,2279,2286,2292,2311,2312,2315,2319,2341,2348,2351,2366,2367,2369,2380,2386,2396,2400,2402,2413
599,1776,1784,1787,1790,1808,1812,1814,1817,1821,1828,1834,1836,1838,1844,1846,1850,1867,1871,1873,1882,1886,1894,1905,1908,1910,1921,1923,1928,1930,1935,1939,1945,1948,1959,1964,1968,1971,1976,1980,1982,2004,2012,2017,2022,2029,2035,2043,2047,2051,2066,2070,2073,2095,2102,2107,2113,2122,2132,2141,2145,2149,2161,2164,2167,2184,2188,2191,2202,2206,2209,2213,2210,2219,2223,2230,2234,2251,2256,2261,2275,2282,2279,2286,2292,2311,2312,2315,2319,2341,2348,2351,2366,2367,2369,2380,2386,2396,2400,2402,2413,2448
600,1784,1787,1790,1808,1812,1814,1817,1821,1828,1834,1836,1838,1844,1846,1850,1867,1871,1873,1882,1886,1894,1905,1908,1910,1921,1923,1928,1930,1935,1939,1945,1948,1959,1964,1968,1971,1976,1980,1982,2004,2012,2017,2022,2029,2035,2043,2047,2051,2066,2070,2073,2095,2102,2107,2113,2122,2132,2141,2145,2149,2161,2164,2167,2184,2188,2191,2202,2206,2209,2213,2210,2219,2223,2230,2234,2251,2256,2261,2275,2282,2279,2286,2292,2311,2312,2315,2319,2341,2348,2351,2366,2367,2369,2380,2386,2396,2400,2402,2413,2448,2457
601,1787,1790,1808,1812,1814,1817,1821,1828,1834,1836,1838,1844,1846,1850,1867,1871,1873,1882,1886,1894,1905,1908,1910,1921,1923,1928,1930,1935,1939,1945,1948,1959,1964,1968,1971,1976,1980,1982,2004,2012,2017,2022,2029,2035,2043,2047,2051,2066,2070,2073,2095,2102,2107,2113,2122,2132,2141,2145,2149,2161,2164,2167,2184,2188,2191,2202,2206,2209,2213,2210,2219,2223,2230,2234,2251,2256,2261,2275,2282,2279,2286,2292,2311,2312,2315,2319,2341,2348,2351,2366,2367,2369,2380,2386,2396,2400,2402,2413,2448,2457,2468
602,1790,1808,1812,1814,1817,1821,1828,1834,1836,1838,1844,1846,1850,1867,1871,1873,1882,1886,1894,1905,1908,1910,1921,1923,1928,1930,1935,1939,1945,1948,1959,1964,1968,1971,1976,1980,1982,2004,2012,2017,2022,2029,2035,2043,2047,2051,2066,2070,2073,2095,2102,2107,2113,2122,2132,2141,2145,2149,2161,2164,2167,2184,2188,2191,2202,2206,2209,2213,2210,2219,2223,2230,2234,2251,2256,2261,2275,2282,2279,2286,2292,2311,2312,2315,2319,2341,2348,2351,2366,2367,2369,2380,2386,2396,2400,2402,2413,2448,2457,2468,2485
603,1808,1812,1814,1817,1821,1828,1834,1836,1838,1844,1846,1850,1867,1871,1873,1882,1886,1894,1905,1908,1910,1921,1923,1928,1930,1935,1939,1945,1948,1959,1964,1968,1971,1976,1980,1982,2004,2012,2017,2022,2029,2035,2043,2047,2051,2066,2070,2073,2095,2102,2107,2113,2122,2132,2141,2145,2149,2161,2164,2167,2184,2188,2191,2202,2206,2209,2213,2210,2219,2223,2230,2234,2251,2256,2261,2275,2282,2279,2286,2292,2311,2312,2315,2319,2341,2348,2351,2366,2367,2369,2380,2386,2396,2400,2402,2413,2448,2457,2468,2485,2488
604,1812,1814,1817,1821,1828,1834,1836,1838,1844,1846,1850,1867,1871,1873,1882,1886,1894,1905,1908,1910,1921,1923,1928,1930,1935,1939,1945,1948,1959,1964,1968,1971,1976,1980,1982,2004,2012,2017,2022,2029,2035,2043,2047,2051,2066,2070,2073,2095,2102,2107,2113,2122,2132,2141,2145,2149,2161,2164,2167,2184,2188,2191,2202,2206,2209,2213,2210,2219,2223,2230,2234,2251,2256,2261,2275,2282,2279,2286,2292,2311,2312,2315,2319,2341,2348,2351,2366,2367,2369,2380,2386,2396,2400,2402,2413,2448,2457,2468,2485,2488,2495
605,1814,1817,1821,1828,1834,1836,1838,1844,1846,1850,1867,1871,1873,1882,1886,1894,1905,1908,1910,1921,1923,1928,1930,1935,1939,1945,1948,1959,1964,1968,1971,1976,1980,1982,2004,2012,2017,2022,2029,2035,2043,2047,2051,2066,2070,2073,2095,2102,2107,2113,2122,2132,2141,2145,2149,2161,2164,2167,2184,2188,2191,2202,2206,2209,2213,2210,2219,2223,2230,2234,2251,2256,2261,2275,2282,2279,2286,2292,2311,2312,2315,2319,2341,2348,2351,2366,2367,2369,2380,2386,2396,2400,2402,2413,2448,2457,2468,2485,2488,2495,2519
606,1817,1821,1828,1834,1836,1838,1844,1846,1850,1867,1871,1873,1882,1886,1894,1905,1908,1910,1921,1923,1928,1930,1935,1939,1945,1948,1959,1964,1968,1971,1976,1980,1982,2004,2012,2017,2022,2029,2035,2043,2047,2051,2066,2070,2073,2095,2102,2107,2113,2122,2132,2141,2145,2149,2161,2164,2167,2184,2188,2191,2202,2206,2209,2213,2210,2219,2223,2230,2234,2251,2256,2261,2275,2282,2279,2286,2292,2311,2312,2315,2319,2341,2348,2351,2366,2367,2369,2380,2386,2396,2400,2402,2413,2448,2457,2468,2485,2488,2495,2519,2530
607,1821,1828,1834,1836,1838,1844,1846,1850,1867,1871,1873,1882,1886,1894,1905,1908,1910,1921,1923,1928,1930,1935,1939,1945,1948,1959,1964,1968,1971,1976,1980,1982,2004,2012,2017,2022,2029,2035,2043,2047,2051,2066,2070,2073,2095,2102,2107,2113,2122,2132,2141,2145,2149,2161,2164,2167,2184,2188,2191,2202,2206,2209,2213,2210,2219,2223,2230,2234,2251,2256,2261,2275,2282,2279,2286,2292,2311,2312,2315,2319,2341,2348,2351,2366,2367,2369,2380,2386,2396,2400,2402,2413,2448,2457,2468,2485,2488,2495,2519,2530,2541
608,1828,1834,1836,1838,1844,1846,1850,1867,1871,1873,1882,1886,1894,1905,1908,1910,1921,1923,1928,1930,1935,1939,1945,1948,1959,1964,1968,1971,1976,1980,1982,2004,2012,2017,2022,2029,2035,2043,2047,2051,2066,2070,2073,2095,2102,2107,2113,2122,2132,2141,2145,2149,2161,2164,2167,2184,2188,2191,2202,2206,2209,2213,2210,2219,2223,2230,2234,2251,2256,2261,2275,2282,2279,2286,2292,2311,2312,2315,2319,2341,2348,2351,2366,2367,2369,2380,2386,2396,2400,2402,2413,2448,2457,2468,2485,2488,2495,2519,2530,2541,2547
609,1834,1836,1838,1844,1846,1850,1867,1871,1873,1882,1886,1894,1905,1908,1910,1921,1923,1928,1930,1935,1939,1945,1948,1959,1964,1968,1971,1976,1980,1982,2004,2012,2017,2022,2029,2035,2043,2047,2051,2066,2070,2073,2095,2102,2107,2113,2122,2132,2141,2145,2149,2161,2164,2167,2184,2188,2191,2202,2206,2209,2213,2210,2219,2223,2230,2234,2251,2256,2261,2275,2282,2279,2286,2292,2311,2312,2315,2319,2341,2348,2351,2366,2367,2369,2380,2386,2396,2400,2402,2413,2448,2457,2468,2485,2488,2495,2519,2530,2541,2547,2554
610,1836,1838,1844,1846,1850,1867,1871,1873,1882,1886,1894,1905,1908,1910,1921,1923,1928,1930,1935,1939,1945,1948,1959,1964,1968,1971,1976,1980,1982,2004,2012,2017,2022,2029,2035,2043,2047,2051,2066,2070,2073,2095,2102,2107,2113,2122,2132,2141,2145,2149,2161,2164,2167,2184,2188,2191,2202,2206,2209,2213,2210,2219,2223,2230,2234,2251,2256,2261,2275,2282,2279,2286,2292,2311,2312,2315,2319,2341,2348,2351,2366,2367,2369,2380,2386,2396,2400,2402,2413,2448,2457,2468,2485,2488,2495,2519,2530,2541,2547,2554,2556
611,1838,1844,1846,1850,1867,1871,1873,1882,1886,1894,1905,1908,1910,1921,1923,1928,1930,1935,1939,1945,1948,1959,1964,1968,1971,1976,1980,1982,2004,2012,2017,2022,2029,2035,2043,2047,2051,2066,2070,2073,2095,2102,2107,2113,2122,2132,2141,2145,2149,2161,2164,2167,2184,2188,2191,2202,2206,2209,2213,2210,2219,2223,2230,2234,2251,2256,2261,2275,2282,2279,2286,2292,2311,2312,2315,2319,2341,2348,2351,2366,2367,2369,2380,2386,2396,2400,2402,2413,2448,2457,2468,2485,2488,2495,2519,2530,2541,2547,2554,2556,2568
612,1844,1846,1850,1867,1871,1873,1882,1886,1894,1905,1908,1910,1921,1923,1928,1930,1935,1939,1945,1948,1959,1964,1968,1971,1976,1980,1982,2004,2012,2017,2022,2029,2035,2043,2047,2051,2066,2070,2073,2095,2102,2107,2113,2122,2132,2141,2145,2149,2161,2164,2167,2184,2188,2191,2202,2206,2209,2213,2210,2219,2223,2230,2234,2251,2256,2261,2275,2282,2279,2286,2292,2311,2312,2315,2319,2341,2348,2351,2366,2367,2369,2380,2386,2396,2400,2402,2413,2448,2457,2468,2485,2488,2495,2519,2530,2541,2547,2554,2556,2568,2569
613,1846,1850,1867,1871,1873,1882,1886,1894,1905,1908,1910,1921,1923,1928,1930,1935,1939,1945,1948,1959,1964,1968,1971,1976,1980,1982,2004,2012,2017,2022,2029,2035,2043,2047,2051,2066,2070,2073,2095,2102,2107,2113,2122,2132,2141,2145,2149,2161,2164,2167,2184,2188,2191,2202,2206,2209,2213,2210,2219,2223,2230,2234,2251,2256,2261,2275,2282,2279,2286,2292,2311,2312,2315,2319,2341,2348,2351,2366,2367,2369,2380,2386,2396,2400,2402,2413,2448,2457,2468,2485,2488,2495,2519,2530,2541,2547,2554,2556,2568,2569,2570
614,1850,1867,1871,1873,1882,1886,1894,1905,1908,1910,1921,1923,1928,1930,1935,1939,1945,1948,1959,1964,1968,1971,1976,1980,1982,2004,2012,2017,2022,2029,2035,2043,2047,2051,2066,2070,2073,2095,2102,2107,2113,2122,2132,2141,2145,2149,2161,2164,2167,2184,2188,2191,2202,2206,2209,2213,2210,2219,2223,2230,2234,2251,2256,2261,2275,2282,2279,2286,2292,2311,2312,2315,2319,2341,2348,2351,2366,2367,2369,2380,2386,2396,2400,2402,2413,2448,2457,2468,2485,2488,2495,2519,2530,2541,2547,2554,2556,2568,2569,2570,2578
615,1867,1871,1873,1882,1886,1894,1905,1908,1910,1921,1923,1928,1930,1935,1939,1945,1948,1959,1964,1968,1971,1976,1980,1982,2004,2012,2017,2022,2029,2035,2043,2047,2051,2066,2070,2073,2095,2102,2107,2113,2122,2132,2141,2145,2149,2161,2164,2167,2184,2188,2191,2202,2206,2209,2213,2210,2219,2223,2230,2234,2251,2256,2261,2275,2282,2279,2286,2292,2311,2312,2315,2319,2341,2348,2351,2366,2367,2369,2380,2386,2396,2400,2402,2413,2448,2457,2468,2485,2488,2495,2519,2530,2541,2547,2554,2556,2568,2569,2570,2578,2588
616,1871,1873,1882,1886,1894,1905,1908,1910,1921,1923,1928,1930,1935,1939,1945,1948,1959,1964,1968,1971,1976,1980,1982,2004,2012,2017,2022,2029,2035,2043,2047,2051,2066,2070,2073,2095,2102,2107,2113,2122,2132,2141,2145,2149,2161,2164,2167,2184,2188,2191,2202,2206,2209,2213,2210,2219,2223,2230,2234,2251,2256,2261,2275,2282,2279,2286,2292,2311,2312,2315,2319,2341,2348,2351,2366,2367,2369,2380,2386,2396,2400,2402,2413,2448,2457,2468,2485,2488,2495,2519,2530,2541,2547,2554,2556,2568,2569,2570,2578,2588,2584
617,1873,1882,1886,1894,1905,1908,1910,1921,1923,1928,1930,1935,1939,1945,1948,1959,1964,1968,1971,1976,1980,1982,2004,2012,2017,2022,2029,2035,2043,2047,2051,2066,2070,2073,2095,2102,2107,2113,2122,2132,2141,2145,2149,2161,2164,2167,2184,2188,2191,2202,2206,2209,2213,2210,2219,2223,2230,2234,2251,2256,2261,2275,2282,2279,2286,2292,2311,2312,2315,2319,2341,2348,2351,2366,2367,2369,2380,2386,2396,2400,2402,2413,2448,2457,2468,2485,2488,2495,2519,2530,2541,2547,2554,2556,2568,2569,2570,2578,2588,2584,2599
618,1882,1886,1894,1905,1908,1910,1921,1923,1928,1930,1935,1939,1945,1948,1959,1964,1968,1971,1976,1980,1982,2004,2012,2017,2022,2029,2035,2043,2047,2051,2066,2070,2073,2095,2102,2107,2113,2122,2132,2141,2145,2149,2161,2164,2167,2184,2188,2191,2202,2206,2209,2213,2210,2219,2223,2230,2234,2251,2256,2261,2275,2282,2279,2286,2292,2311,2312,2315,2319,2341,2348,2351,2366,2367,2369,2380,2386,2396,2400,2402,2413,2448,2457,2468,2485,2488,2495,2519,2530,2541,2547,2554,2556,2568,2569,2570,2578,2588,2584,2599,2599
619,1886,1894,1905,1908,1910,1921,1923,1928,1930,1935,1939,1945,1948,1959,1964,1968,1971,1976,1980,1982,2004,2012,2017,2022,2029,2035,2043,2047,2051,2066,2070,2073,2095,2102,2107,2113,2122,2132,2141,2145,2149,2161,2164,2167,2184,2188,2191,2202,2206,2209,2213,2210,2219,2223,2230,2234,2251,2256,2261,2275,2282,2279,2286,2292,2311,2312,2315,2319,2341,2348,2351,2366,2367,2369,2380,2386,2396,2400,2402,2413,2448,2457,2468,2485,2488,2495,2519,2530,2541,2547,2554,2556,2568,2569,2570,2578,2588,2584,2599,2599,2612
620,1894,1905,1908,1910,1921,1923,1928,1930,1935,1939,1945,1948,1959,1964,1968,1971,1976,1980,1982,2004,2012,2017,2022,2029,2035,2043,2047,2051,2066,2070,2073,2095,2102,2107,2113,2122,2132,2141,2145,2149,2161,2164,2167,2184,2188,2191,2202,2206,2209,2213,2210,2219,2223,2230,2234,2251,2256,2261,2275,2282,2279,2286,2292,2311,2312,2315,2319,2341,2348,2351,2366,2367,2369,2380,2386,2396,2400,2402,2413,2448,2457,2468,2485,2488,2495,2519,2530,2541,2547,2554,2556,2568,2569,2570,2578,2588,2584,2599,2599,2612,2619
621,1905,1908,1910,1921,1923,1928,1930,1935,1939,1945,1948,1959,1964,1968,1971,1976,1980,1982,2004,2012,2017,2022,2029,2035,2043,2047,2051,2066,2070,2073,2095,2102,2107,2113,2122,2132,2141,2145,2149,2161,2164,2167,2184,2188,2191,2202,2206,2209,2213,2210,2219,2223,2230,2234,2251,2256,2261,2275,2282,2279,2286,2292,2311,2312,2315,2319,2341,2348,2351,2366,2367,2369,2380,2386,2396,2400,2402,2413,2448,2457,2468,2485,2488,2495,2519,2530,2541,2547,2554,2556,2568,2569,2570,2578,2588,2584,2599,2599,2612,2619,2646
622,1908,1910,1921,1923,1928,1930,1935,1939,1945,1948,1959,1964,1968,1971,1976,1980,1982,2004,2012,2017,2022,2029,2035,2043,2047,2051,2066,2070,2073,2095,2102,2107,2113,2122,2132,2141,2145,2149,2161,2164,2167,2184,2188,2191,2202,2206,2209,2213,2210,2219,2223,2230,2234,2251,2256,2261,2275,2282,2279,2286,2292,2311,2312,2315,2319,2341,2348,2351,2366,2367,2369,2380,2386,2396,2400,2402,2413,2448,2457,2468,2485,2488,2495,2519,2530,2541,2547,2554,2556,2568,2569,2570,2578,2588,2584,2599,2599,2612,2619,2646,2652
623,1910,1921,1923,1928,1930,1935,1939,1945,1948,1959,1964,1968,1971,1976,1980,1982,2004,2012,2017,2022,2029,2035,2043,2047,2051,2066,2070,2073,2095,2102,2107,2113,2122,2132,2141,2145,2149,2161,2164,2167,2184,2188,2191,2202,2206,2209,2213,2210,2219,2223,2230,2234,2251,2256,2261,2275,2282,2279,2286,2292,2311,2312,2315,2319,2341,2348,2351,2366,2367,2369,2380,2386,2396,2400,2402,2413,2448,2457,2468,2485,2488,2495,2519,2530,2541,2547,2554,2556,2568,2569,2570,2578,2588,2584,2599,2599,2612,2619,2646,2652,2679
624,1921,1923,1928,1930,1935,1939,1945,1948,1959,1964,1968,1971,1976,1980,1982,2004,2012,2017,2022,2029,2035,2043,2047,2051,2066,2070,2073,2095,2102,2107,2113,2122,2132,2141,2145,2149,2161,2164,2167,2184,2188,2191,2202,2206,2209,2213,2210,2219,2223,2230,2234,2251,2256,2261,2275,2282,2279,2286,2292,2311,2312,2315,2319,2341,2348,2351,2366,2367,2369,2380,2386,2396,2400,2402,2413,2448,2457,2468,2485,2488,2495,2519,2530,2541,2547,2554,2556,2568,2569,2570,2578,2588,2584,2599,2599,2612,2619,2646,2652,2679,2690
625,1923,1928,1930,1935,1939,1945,1948,1959,1964,1968,1971,1976,1980,1982,2004,2012,2017,2022,2029,2035,2043,2047,2051,2066,2070,2073,2095,2102,2107,2113,2122,2132,2141,2145,2149,2161,2164,2167,2184,2188,2191,2202,2206,2209,2213,2210,2219,2223,2230,2234,2251,2256,2261,2275,2282,2279,2286,2292,2311,2312,2315,2319,2341,2348,2351,2366,2367,2369,2380,2386,2396,2400,2402,2413,2448,2457,2468,2485,2488,2495,2519,2530,2541,2547,2554,2556,2568,2569,2570,2578,2588,2584,2599,2599,2612,2619,2646,2652,2679,2690,2696
626,1928,1930,1935,1939,1945,1948,1959,1964,1968,1971,1976,1980,1982,2004,2012,2017,2022,2029,2035,2043,2047,2051,2066,2070,2073,2095,2102,2107,2113,2122,2132,2141,2145,2149,2161,2164,2167,2184,2188,2191,2202,2206,2209,2213,2210,2219,2223,2230,2234,2251,2256,2261,2275,2282,2279,2286,2292,2311,2312,2315,2319,2341,2348,2351,2366,2367,2369,2380,2386,2396,2400,2402,2413,2448,2457,2468,2485,2488,2495,2519,2530,2541,2547,2554,2556,2568,2569,2570,2578,2588,2584,2599,2599,2612,2619,2646,2652,2679,2690,2696,2710
627,1930,1935,1939,1945,1948,1959,1964,1968,1971,1976,1980,1982,2004,2012,2017,2022,2029,2035,2043,2047,2051,2066,2070,2073,2095,2102,2107,2113,2122,2132,2141,2145,2149,2161,2164,2167,2184,2188,2191,2202,2206,2209,2213,2210,2219,2223,2230,2234,2251,2256,2261,2275,2282,2279,2286,2292,2311,2312,2315,2319,2341,2348,2351,2366,2367,2369,2380,2386,2396,2400,2402,2413,2448,2457,2468,2485,2488,2495,2519,2530,2541,2547,2554,2556,2568,2569,2570,2578,2588,2584,2599,2599,2612,2619,2646,2652,2679,2690,2696,2710,2742
628,1935,1939,1945,1948,1959,1964,1968,1971,1976,1980,1982,2004,2012,2017,2022,2029,2035,2043,2047,2051,2066,2070,2073,2095,2102,2107,2113,2122,2132,2141,2145,2149,2161,2164,2167,2184,2188,2191,2202,2206,2209,2213,2210,2219,2223,2230,2234,2251,2256,2261,2275,2282,2279,2286,2292,2311,2312,2315,2319,2341,2348,2351,2366,2367,2369,2380,2386,2396,2400,2402,2413,2448,2457,2468,2485,2488,2495,2519,2530,2541,2547,2554,2556,2568,2569,2570,2578,2588,2584,2599,2599,2612,2619,2646,2652,2679,2690,2696,2710,2742,2780
629,1939,1945,1948,1959,1964,1968,1971,1976,1980,1982,2004,2012,2017,2022,2029,2035,2043,2047,2051,2066,2070,2073,2095,2102,2107,2113,2122,2132,2141,2145,2149,2161,2164,2167,2184,2188,2191,2202,2206,2209,2213,2210,2219,2223,2230,2234,2251,2256,2261,2275,2282,2279,2286,2292,2311,2312,2315,2319,2341,2348,2351,2366,2367,2369,2380,2386,2396,2400,2402,2413,2448,2457,2468,2485,2488,2495,2519,2530,2541,2547,2554,2556,2568,2569,2570,2578,2588,2584,2599,2599,2612,2619,2646,2652,2679,2690,2696,2710,2742,2780,2791
630,1945,1948,1959,1964,1968,1971,1976,1980,1982,2004,2012,2017,2022,2029,2035,2043,2047,2051,2066,2070,2073,2095,2102,2107,2113,2122,2132,2141,2145,2149,2161,2164,2167,2184,2188,2191,2202,2206,2209,2213,2210,2219,2223,2230,2234,2251,2256,2261,2275,2282,2279,2286,2292,2311,2312,2315,2319,2341,2348,2351,2366,2367,2369,2380,2386,2396,2400,2402,2413,2448,2457,2468,2485,2488,2495,2519,2530,2541,2547,2554,2556,2568,2569,2570,2578,2588,2584,2599,2599,2612,2619,2646,2652,2679,2690,2696,2710,2742,2780,2791,2794
631,1948,1959,1964,1968,1971,1976,1980,1982,2004,2012,2017,2022,2029,2035,2043,2047,2051,2066,2070,2073,2095,2102,2107,2113,2122,2132,2141,2145,2149,2161,2164,2167,2184,2188,2191,2202,2206,2209,2213,2210,2219,2223,2230,2234,2251,2256,2261,2275,2282,2279,2286,2292,2311,2312,2315,2319,2341,2348,2351,2366,2367,2369,2380,2386,2396,2400,2402,2413,2448,2457,2468,2485,2488,2495,2519,2530,2541,2547,2554,2556,2568,2569,2570,2578,2588,2584,2599,2599,2612,2619,2646,2652,2679,2690,2696,2710,2742,2780,2791,2794,2804
632,1959,1964,1968,1971,1976,1980,1982,2004,2012,2017,2022,2029,2035,2043,2047,2051,2066,2070,2073,2095,2102,2107,2113,2122,2132,2141,2145,2149,2161,2164,2167,2184,2188,2191,2202,2206,2209,2213,2210,2219,2223,2230,2234,2251,2256,2261,2275,2282,2279,2286,2292,2311,2312,2315,2319,2341,2348,2351,2366,2367,2369,2380,2386,2396,2400,2402,2413,2448,2457,2468,2485,2488,2495,2519,2530,2541,2547,2554,2556,2568,2569,2570,2578,2588,2584,2599,2599,2612,2619,2646,2652,2679,2690,2696,2710,2742,2780,2791,2794,2804,2799
633,1964,1968,1971,1976,1980,1982,2004,2012,2017,2022,2029,2035,2043,2047,2051,2066,2070,2073,2095,2102,2107,2113,2122,2132,2141,2145,2149,2161,2164,2167,2184,2188,2191,2202,2206,2209,2213,2210,2219,2223,2230,2234,2251,2256,2261,2275,2282,2279,2286,2292,2311,2312,2315,2319,2341,2348,2351,2366,2367,2369,2380,2386,2396,2400,2402,2413,2448,2457,2468,2485,2488,2495,2519,2530,2541,2547,2554,2556,2568,2569,2570,2578,2588,2584,2599,2599,2612,2619,2646,2652,2679,2690,2696,2710,2742,2780,2791,2794,2804,2799,2806
634,1968,1971,1976,1980,1982,2004,2012,2017,2022,2029,2035,2043,2047,2051,2066,2070,2073,2095,2102,2107,2113,2122,2132,2141,2145,2149,2161,2164,2167,2184,2188,2191,2202,2206,2209,2213,2210,2219,2223,2230,2234,2251,2256,2261,2275,2282,2279,2286,2292,2311,2312,2315,2319,2341,2348,2351,2366,2367,2369,2380,2386,2396,2400,2402,2413,2448,2457,2468,2485,2488,2495,2519,2530,2541,2547,2554,2556,2568,2569,2570,2578,2588,2584,2599,2599,2612,2619,2646,2652,2679,2690,2696,2710,2742,2780,2791,2794,2804,2799,2806,2803
635,1971,1976,1980,1982,2004,2012,2017,2022,2029,2035,2043,2047,2051,2066,2070,2073,2095,2102,2107,2113,2122,2132,2141,2145,2149,2161,2164,2167,2184,2188,2191,2202,2206,2209,2213,2210,2219,2223,2230,2234,2251,2256,2261,2275,2282,2279,2286,2292,2311,2312,2315,2319,2341,2348,2351,2366,2367,2369,2380,2386,2396,2400,2402,2413,2448,2457,2468,2485,2488,2495,2519,2530,2541,2547,2554,2556,2568,2569,2570,2578,2588,2584,2599,2599,2612,2619,2646,2652,2679,2690,2696,2710,2742,2780,2791,2794,2804,2799,2806,2803,2811
636,1976,1980,1982,2004,2012,2017,2022,2029,2035,2043,2047,2051,2066,2070,2073,2095,2102,2107,2113,2122,2132,2141,2145,2149,2161,2164,2167,2184,2188,2191,2202,2206,2209,2213,2210,2219,2223,2230,2234,2251,2256,2261,2275,2282,2279,2286,2292,2311,2312,2315,2319,2341,2348,2351,2366,2367,2369,2380,2386,2396,2400,2402,2413,2448,2457,2468,2485,2488,2495,2519,2530,2541,2547,2554,2556,2568,2569,2570,2578,2588,2584,2599,2599,2612,2619,2646,2652,2679,2690,2696,2710,2742,2780,2791,2794,2804,2799,2806,2803,2811,2820
637,1980,1982,2004,2012,2017,2022,2029,2035,2043,2047,2051,2066,2070,2073,2095,2102,2107,2113,2122,2132,2141,2145,2149,2161,2164,2167,2184,2188,2191,2202,2206,2209,2213,2210,2219,2223,2230,2234,2251,2256,2261,2275,2282,2279,2286,2292,2311,2312,2315,2319,2341,2348,2351,2366,2367,2369,2380,2386,2396,2400,2402,2413,2448,2457,2468,2485,2488,2495,2519,2530,2541,2547,2554,2556,2568,2569,2570,2578,2588,2584,2599,2599,2612,2619,2646,2652,2679,2690,2696,2710,2742,2780,2791,2794,2804,2799,2806,2803,2811,2820,2815
638,1982,2004,2012,2017,2022,2029,2035,2043,2047,2051,2066,2070,2073,2095,2102,2107,2113,2122,2132,2141,2145,2149,2161,2164,2167,2184,2188,2191,2202,2206,2209,2213,2210,2219,2223,2230,2234,2251,2256,2261,2275,2282,2279,2286,2292,2311,2312,2315,2319,2341,2348,2351,2366,2367,2369,2380,2386,2396,2400,2402,2413,2448,2457,2468,2485,2488,2495,2519,2530,2541,2547,2554,2556,2568,2569,2570,2578,2588,2584,2599,2599,2612,2619,2646,2652,2679,2690,2696,2710,2742,2780,2791,2794,2804,2799,2806,2803,2811,2820,2815,2832
639,2004,2012,2017,2022,2029,2035,2043,2047,2051,2066,2070,2073,2095,2102,2107,2113,2122,2132,2141,2145,2149,2161,2164,2167,2184,2188,2191,2202,2206,2209,2213,2210,2219,2223,2230,2234,2251,2256,2261,2275,2282,2279,2286,2292,2311,2312,2315,2319,2341,2348,2351,2366,2367,2369,2380,2386,2396,2400,2402,2413,2448,2457,2468,2485,2488,2495,2519,2530,2541,2547,2554,2556,2568,2569,2570,2578,2588,2584,2599,2599,2612,2619,2646,2652,2679,2690,2696,2710,2742,2780,2791,2794,2804,2799,2806,2803,2811,2820,2815,2832,2841
640,2012,2017,2022,2029,2035,2043,2047,2051,2066,2070,2073,2095,2102,2107,2113,2122,2132,2141,2145,2149,2161,2164,2167,2184,2188,2191,2202,2206,2209,2213,2210,2219,2223,2230,2234,2251,2256,2261,2275,2282,2279,2286,2292,2311,2312,2315,2319,2341,2348,2351,2366,2367,2369,2380,2386,2396,2400,2402,2413,2448,2457,2468,2485,2488,2495,2519,2530,2541,2547,2554,2556,2568,2569,2570,2578,2588,2584,2599,2599,2612,2619,2646,2652,2679,2690,2696,2710,2742,2780,2791,2794,2804,2799,2806,2803,2811,2820,2815,2832,2841,2838
641,2017,2022,2029,2035,2043,2047,2051,2066,2070,2073,2095,2102,2107,2113,2122,2132,2141,2145,2149,2161,2164,2167,2184,2188,2191,2202,2206,2209,2213,2210,2219,2223,2230,2234,2251,2256,2261,2275,2282,2279,2286,2292,2311,2312,2315,2319,2341,2348,2351,2366,2367,2369,2380,2386,2396,2400,2402,2413,2448,2457,2468,2485,2488,2495,2519,2530,2541,2547,2554,2556,2568,2569,2570,2578,2588,2584,2599,2599,2612,2619,2646,2652,2679,2690,2696,2710,2742,2780,2791,2794,2804,2799,2806,2803,2811,2820,2815,2832,2841,2838,2851
642,2022,2029,2035,2043,2047,2051,2066,2070,2073,2095,2102,2107,2113,2122,2132,2141,2145,2149,2161,2164,2167,2184,2188,2191,2202,2206,2209,2213,2210,2219,2223,2230,2234,2251,2256,2261,2275,2282,2279,2286,2292,2311,2312,2315,2319,2341,2348,2351,2366,2367,2369,2380,2386,2396,2400,2402,2413,2448,2457,2468,2485,2488,2495,2519,2530,2541,2547,2554,2556,2568,2569,2570,2578,2588,2584,2599,2599,2612,2619,2646,2652,2679,2690,2696,2710,2742,2780,2791,2794,2804,2799,2806,2803,2811,2820,2815,2832,2841,2838,2851,2852
643,2029,2035,2043,2047,2051,2066,2070,2073,2095,2102,2107,2113,2122,2132,2141,2145,2149,2161,2164,2167,2184,2188,2191,2202,2206,2209,2213,2210,2219,2223,2230,2234,2251,2256,2261,2275,2282,2279,2286,2292,2311,2312,2315,2319,2341,2348,2351,2366,2367,2369,2380,2386,2396,2400,2402,2413,2448,2457,2468,2485,2488,2495,2519,2530,2541,2547,2554,2556,2568,2569,2570,2578,2588,2584,2599,2599,2612,2619,2646,2652,2679,2690,2696,2710,2742,2780,2791,2794,2804,2799,2806,2803,2811,2820,2815,2832,2841,2838,2851,2852,2882
644,2035,2043,2047,2051,2066,2070,2073,2095,2102,2107,2113,2122,2132,2141,2145,2149,2161,2164,2167,2184,2188,2191,2202,2206,2209,2213,2210,2219,2223,2230,2234,2251,2256,2261,2275,2282,2279,2286,2292,2311,2312,2315,2319,2341,2348,2351,2366,2367,2369,2380,2386,2396,2400,2402,2413,2448,2457,2468,2485,2488,2495,2519,2530,2541,2547,2554,2556,2568,2569,2570,2578,2588,2584,2599,2599,2612,2619,2646,2652,2679,2690,2696,2710,2742,2780,2791,2794,2804,2799,2806,2803,2811,2820,2815,2832,2841,2838,2851,2852,2882,2886
645,2043,2047,2051,2066,2070,2073,2095,2102,2107,2113,2122,2132,2141,2145,2149,2161,2164,2167,2184,2188,2191,2202,2206,2209,2213,2210,2219,2223,2230,2234,2251,2256,2261,2275,2282,2279,2286,2292,2311,2312,2315,2319,2341,2348,2351,2366,2367,2369,2380,2386,2396,2400,2402,2413,2448,2457,2468,2485,2488,2495,2519,2530,2541,2547,2554,2556,2568,2569,2570,2578,2588,2584,2599,2599,2612,2619,2646,2652,2679,2690,2696,2710,2742,2780,2791,2794,2804,2799,2806,2803,2811,2820,2815,2832,2841,2838,2851,2852,2882,2886,2888
646,2047,2051,2066,2070,2073,2095,2102,2107,2113,2122,2132,2141,2145,2149,2161,2164,2167,2184,2188,2191,2202,2206,2209,2213,2210,2219,2223,2230,2234,2251,2256,2261,2275,2282,2279,2286,2292,2311,2312,2315,2319,2341,2348,2351,2366,2367,2369,2380,2386,2396,2400,2402,2413,2448,2457,2468,2485,2488,2495,2519,2530,2541,2547,2554,2556,2568,2569,2570,2578,2588,2584,2599,2599,2612,2619,2646,2652,2679,2690,2696,2710,2742,2780,2791,2794,2804,2799,2806,2803,2811,2820,2815,2832,2841,2838,2851,2852,2882,2886,2888,2894
647,2051,2066,2070,2073,2095,2102,2107,2113,2122,2132,2141,2145,2149,2161,2164,2167,2184,2188,2191,2202,2206,2209,2213,2210,2219,2223,2230,2234,2251,2256,2261,2275,2282,2279,2286,2292,2311,2312,2315,2319,2341,2348,2351,2366,2367,2369,2380,2386,2396,2400,2402,2413,2448,2457,2468,2485,2488,2495,2519,2530,2541,2547,2554,2556,2568,2569,2570,2578,2588,2584,2599,2599,2612,2619,2646,2652,2679,2690,2696,2710,2742,2780,2791,2794,2804,2799,2806,2803,2811,2820,2815,2832,2841,2838,2851,2852,2882,2886,2888,2894,2924
648,2066,2070,2073,2095,2102,2107,2113,2122,2132,2141,2145,2149,2161,2164,2167,2184,2188,2191,2202,2206,2209,2213,2210,2219,2223,2230,2234,2251,2256,2261,2275,2282,2279,2286,2292,2311,2312,2315,2319,2341,2348,2351,2366,2367,2369,2380,2386,2396,2400,2402,2413,2448,2457,2468,2485,2488,2495,2519,2530,2541,2547,2554,2556,2568,2569,2570,2578,2588,2584,2599,2599,2612,2619,2646,2652,2679,2690,2696,2710,2742,2780,2791,2794,2804,2799,2806,2803,2811,2820,2815,2832,2841,2838,2851,2852,2882,2886,2888,2894,2924,2932
649,2070,2073,2095,2102,2107,2113,2122,2132,2141,2145,2149,2161,2164,2167,2184,2188,2191,2202,2206,2209,2213,2210,2219,2223,2230,2234,2251,2256,2261,2275,2282,2279,2286,2292,2311,2312,2315,2319,2341,2348,2351,2366,2367,2369,2380,2386,2396,2400,2402,2413,2448,2457,2468,2485,2488,2495,2519,2530,2541,2547,2554,2556,2568,2569,2570,2578,2588,2584,2599,2599,2612,2619,2646,2652,2679,2690,2696,2710,2742,2780,2791,2794,2804,2799,2806,2803,2811,2820,2815,2832,2841,2838,2851,2852,2882,2886,2888,2894,2924,2932,2951
650,2073,2095,2102,2107,2113,2122,2132,2141,2145,2149,2161,2164,2167,2184,2188,2191,2202,2206,2209,2213,2210,2219,2223,2230,2234,2251,2256,2261,2275,2282,2279,2286,2292,2311,2312,2315,2319,2341,2348,2351,2366,2367,2369,2380,2386,2396,2400,2402,2413,2448,2457,2468,2485,2488,2495,2519,2530,2541,2547,2554,2556,2568,2569,2570,2578,2588,2584,2599,2599,2612,2619,2646,2652,2679,2690,2696,2710,2742,2780,2791,2794,2804,2799,2806,2803,2811,2820,2815,2832,2841,2838,2851,2852,2882,2886,2888,2894,2924,2932,2951,2957
651,2095,2102,2107,2113,2122,2132,2141,2145,2149,2161,2164,2167,2184,2188,2191,2202,2206,2209,2213,2210,2219,2223,2230,2234,2251,2256,2261,2275,2282,2279,2286,2292,2311,2312,2315,2319,2341,2348,2351,2366,2367,2369,2380,2386,2396,2400,2402,2413,2448,2457,2468,2485,2488,2495,2519,2530,2541,2547,2554,2556,2568,2569,2570,2578,2588,2584,2599,2599,2612,2619,2646,2652,2679,2690,2696,2710,2742,2780,2791,2794,2804,2799,2806,2803,2811,2820,2815,2832,2841,2838,2851,2852,2882,2886,2888,2894,2924,2932,2951,2957,2977
652,2102,2107,2113,2122,2132,2141,2145,2149,2161,2164,2167,2184,2188,2191,2202,2206,2209,2213,2210,2219,2223,2230,2234,2251,2256,2261,2275,2282,2279,2286,2292,2311,2312,2315,2319,2341,2348,2351,2366,2367,2369,2380,2386,2396,2400,2402,2413,2448,2457,2468,2485,2488,2495,2519,2530,2541,2547,2554,2556,2568,2569,2570,2578,2588,2584,2599,2599,2612,2619,2646,2652,2679,2690,2696,2710,2742,2780,2791,2794,2804,2799,2806,2803,2811,2820,2815,2832,2841,2838,2851,2852,2882,2886,2888,2894,2924,2932,2951,2957,2977,2974
653,2107,2113,2122,2132,2141,2145,2149,2161,2164,2167,2184,2188,2191,2202,2206,2209,2213,2210,2219,2223,2230,2234,2251,2256,2261,2275,2282,2279,2286,2292,2311,2312,2315,2319,2341,2348,2351,2366,2367,2369,2380,2386,2396,2400,2402,2413,2448,2457,2468,2485,2488,2495,2519,2530,2541,2547,2554,2556,2568,2569,2570,2578,2588,2584,2599,2599,2612,2619,2646,2652,2679,2690,2696,2710,2742,2780,2791,2794,2804,2799,2806,2803,2811,2820,2815,2832,2841,2838,2851,2852,2882,2886,2888,2894,2924,2932,2951,2957,2977,2974,2985
654,2113,2122,2132,2141,2145,2149,2161,2164,2167,2184,2188,2191,2202,2206,2209,2213,2210,2219,2223,2230,2234,2251,2256,2261,2275,2282,2279,2286,2292,2311,2312,2315,2319,2341,2348,2351,2366,2367,2369,2380,2386,2396,2400,2402,2413,2448,2457,2468,2485,2488,2495,2519,2530,2541,2547,2554,2556,2568,2569,2570,2578,2588,2584,2599,2599,2612,2619,2646,2652,2679,2690,2696,2710,2742,2780,2791,2794,2804,2799,2806,2803,2811,2820,2815,2832,2841,2838,2851,2852,2882,2886,2888,2894,2924,2932,2951,2957,2977,2974,2985,2988
655,2122,2132,2141,2145,2149,2161,2164,2167,2184,2188,2191,2202,2206,2209,2213,2210,2219,2223,2230,2234,2251,2256,2261,2275,2282,2279,2286,2292,2311,2312,2315,2319,2341,2348,2351,2366,2367,2369,2380,2386,2396,2400,2402,2413,2448,2457,2468,2485,2488,2495,2519,2530,2541,2547,2554,2556,2568,2569,2570,2578,2588,2584,2599,2599,2612,2619,2646,2652,2679,2690,2696,2710,2742,2780,2791,2794,2804,2799,2806,2803,2811,2820,2815,2832,2841,2838,2851,2852,2882,2886,2888,2894,2924,2932,2951,2957,2977,2974,2985,2988,3018
656,2132,2141,2145,2149,2161,2164,2167,2184,2188,2191,2202,2206,2209,2213,2210,2219,2223,2230,2234,2251,2256,2261,2275,2282,2279,2286,2292,2311,2312,2315,2319,2341,2348,2351,2366,2367,2369,2380,2386,2396,2400,2402,2413,2448,2457,2468,2485,2488,2495,2519,2530,2541,2547,2554,2556,2568,2569,2570,2578,2588,2584,2599,2599,2612,2619,2646,2652,2679,2690,2696,2710,2742,2780,2791,2794,2804,2799,2806,2803,2811,2820,2815,2832,2841,2838,2851,2852,2882,2886,2888,2894,2924,2932,2951,2957,2977,2974,2985,2988,3018,3022
657,2141,2145,2149,2161,2164,2167,2184,2188,2191,2202,2206,2209,2213,2210,2219,2223,2230,2234,2251,2256,2261,2275,2282,2279,2286,2292,2311,2312,2315,2319,2341,2348,2351,2366,2367,2369,2380,2386,2396,2400,2402,2413,2448,2457,2468,2485,2488,2495,2519,2530,2541,2547,2554,2556,2568,2569,2570,2578,2588,2584,2599,2599,2612,2619,2646,2652,2679,2690,2696,2710,2742,2780,2791,2794,2804,2799,2806,2803,2811,2820,2815,2832,2841,2838,2851,2852,2882,2886,2888,2894,2924,2932,2951,2957,2977,2974,2985,2988,3018,3022,3037
658,2145,2149,2161,2164,2167,2184,2188,2191,2202,2206,2209,2213,2210,2219,2223,2230,2234,2251,2256,2261,2275,2282,2279,2286,2292,2311,2312,2315,2319,2341,2348,2351,2366,2367,2369,2380,2386,2396,2400,2402,2413,2448,2457,2468,2485,2488,2495,2519,2530,2541,2547,2554,2556,2568,2569,2570,2578,2588,2584,2599,2599,2612,2619,2646,2652,2679,2690,2696,2710,2742,2780,2791,2794,2804,2799,2806,2803,2811,2820,2815,2832,2841,2838,2851,2852,2882,2886,2888,2894,2924,2932,2951,2957,2977,2974,2985,2988,3018,3022,3037,3049
659,2149,2161,2164,2167,2184,2188,2191,2202,2206,2209,2213,2210,2219,2223,2230,2234,2251,2256,2261,2275,2282,2279,2286,2292,2311,2312,2315,2319,2341,2348,2351,2366,2367,2369,2380,2386,2396,2400,2402,2413,2448,2457,2468,2485,2488,2495,2519,2530,2541,2547,2554,2556,2568,2569,2570,2578,2588,2584,2599,2599,2612,2619,2646,2652,2679,2690,2696,2710,2742,2780,2791,2794,2804,2799,2806,2803,2811,2820,2815,2832,2841,2838,2851,2852,2882,2886,2888,2894,2924,2932,2951,2957,2977,2974,2985,2988,3018,3022,3037,3049,3080
660,2161,2164,2167,2184,2188,2191,2202,2206,2209,2213,2210,2219,2223,2230,2234,2251,2256,2261,2275,2282,2279,2286,2292,2311,2312,2315,2319,2341,2348,2351,2366,2367,2369,2380,2386,2396,2400,2402,2413,2448,2457,2468,2485,2488,2495,2519,2530,2541,2547,2554,2556,2568,2569,2570,2578,2588,2584,2599,2599,2612,2619,2646,2652,2679,2690,2696,2710,2742,2780,2791,2794,2804,2799,2806,2803,2811,2820,2815,2832,2841,2838,2851,2852,2882,2886,2888,2894,2924,2932,2951,2957,2977,2974,2985,2988,3018,3022,3037,3049,3080,3084
661,2164,2167,2184,2188,2191,2202,2206,2209,2213,2210,2219,2223,2230,2234,2251,2256,2261,2275,2282,2279,2286,2292,2311,2312,2315,2319,2341,2348,2351,2366,2367,2369,2380,2386,2396,2400,2402,2413,2448,2457,2468,2485,2488,2495,2519,2530,2541,2547,2554,2556,2568,2569,2570,2578,2588,2584,2599,2599,2612,2619,2646,2652,2679,2690,2696,2710,2742,2780,2791,2794,2804,2799,2806,2803,2811,2820,2815,2832,2841,2838,2851,2852,2882,2886,2888,2894,2924,2932,2951,2957,2977,2974,2985,2988,3018,3022,3037,3049,3080,3084,3093
662,2167,2184,2188,2191,2202,2206,2209,2213,2210,2219,2223,2230,2234,2251,2256,2261,2275,2282,2279,2286,2292,2311,2312,2315,2319,2341,2348,2351,2366,2367,2369,2380,2386,2396,2400,2402,2413,2448,2457,2468,2485,2488,2495,2519,2530,2541,2547,2554,2556,2568,2569,2570,2578,2588,2584,2599,2599,2612,2619,2646,2652,2679,2690,2696,2710,2742,2780,2791,2794,2804,2799,2806,2803,2811,2820,2815,2832,2841,2838,2851,2852,2882,2886,2888,2894,2924,2932,2951,2957,2977,2974,2985,2988,3018,3022,3037,3049,3080,3084,3093,3105
663,2184,2188,2191,2202,2206,2209,2213,2210,2219,2223,2230,2234,2251,2256,2261,2275,2282,2279,2286,2292,2311,2312,2315,2319,2341,2348,2351,2366,2367,2369,2380,2386,2396,2400,2402,2413,2448,2457,2468,2485,2488,2495,2519,2530,2541,2547,2554,2556,2568,2569,2570,2578,2588,2584,2599,2599,2612,2619,2646,2652,2679,2690,2696,2710,2742,2780,2791,2794,2804,2799,2806,2803,2811,2820,2815,2832,2841,2838,2851,2852,2882,2886,2888,2894,2924,2932,2951,2957,2977,2974,2985,2988,3018,3022,3037,3049,3080,3084,3093,3105,3121
664,2188,2191,2202,2206,2209,2213,2210,2219,2223,2230,2234,2251,2256,2261,2275,2282,2279,2286,2292,2311,2312,2315,2319,2341,2348,2351,2366,2367,2369,2380,2386,2396,2400,2402,2413,2448,2457,2468,2485,2488,2495,2519,2530,2541,2547,2554,2556,2568,2569,2570,2578,2588,2584,2599,2599,2612,2619,2646,2652,2679,2690,2696,2710,2742,2780,2791,2794,2804,2799,2806,2803,2811,2820,2815,2832,2841,2838,2851,2852,2882,2886,2888,2894,2924,2932,2951,2957,2977,2974,2985,2988,3018,3022,3037,3049,3080,3084,3093,3105,3121,3147
665,2191,2202,2206,2209,2213,2210,2219,2223,2230,2234,2251,2256,2261,2275,2282,2279,2286,2292,2311,2312,2315,2319,2341,2348,2351,2366,2367,2369,2380,2386,2396,2400,2402,2413,2448,2457,2468,2485,2488,2495,2519,2530,2541,2547,2554,2556,2568,2569,2570,2578,2588,2584,2599,2599,2612,2619,2646,2652,2679,2690,2696,2710,2742,2780,2791,2794,2804,2799,2806,2803,2811,2820,2815,2832,2841,2838,2851,2852,2882,2886,2888,2894,2924,2932,2951,2957,2977,2974,2985,2988,3018,3022,3037,3049,3080,3084,3093,3105,3121,3147,3156
666,2202,2206,2209,2213,2210,2219,2223,2230,2234,2251,2256,2261,2275,2282,2279,2286,2292,2311,2312,2315,2319,2341,2348,2351,2366,2367,2369,2380,2386,2396,2400,2402,2413,2448,2457,2468,2485,2488,2495,2519,2530,2541,2547,2554,2556,2568,2569,2570,2578,2588,2584,2599,2599,2612,2619,2646,2652,2679,2690,2696,2710,2742,2780,2791,2794,2804,2799,2806,2803,2811,2820,2815,2832,2841,2838,2851,2852,2882,2886,2888,2894,2924,2932,2951,2957,2977,2974,2985,2988,3018,3022,3037,3049,3080,3084,3093,3105,3121,3147,3156,3161
667,2206,2209,2213,2210,2219,2223,2230,2234,2251,2256,2261,2275,2282,2279,2286,2292,2311,2312,2315,2319,2341,2348,2351,2366,2367,2369,2380,2386,2396,2400,2402,2413,2448,2457,2468,2485,2488,2495,2519,2530,2541,2547,2554,2556,2568,2569,2570,2578,2588,2584,2599,2599,2612,2619,2646,2652,2679,2690,2696,2710,2742,2780,2791,2794,2804,2799,2806,2803,2811,2820,2815,2832,2841,2838,2851,2852,2882,2886,2888,2894,2924,2932,2951,2957,2977,2974,2985,2988,3018,3022,3037,3049,3080,3084,3093,3105,3121,3147,3156,3161,3193
668,2209,2213,2210,2219,2223,2230,2234,2251,2256,2261,2275,2282,2279,2286,2292,2311,2312,2315,2319,2341,2348,2351,2366,2367,2369,2380,2386,2396,2400,2402,2413,2448,2457,2468,2485,2488,2495,2519,2530,2541,2547,2554,2556,2568,2569,2570,2578,2588,2584,2599,2599,2612,2619,2646,2652,2679,2690,2696,2710,2742,2780,2791,2794,2804,2799,2806,2803,2811,2820,2815,2832,2841,2838,2851,2852,2882,2886,2888,2894,2924,2932,2951,2957,2977,2974,2985,2988,3018,3022,3037,3049,3080,3084,3093,3105,3121,3147,3156,3161,3193,3173
669,2213,2210,2219,2223,2230,2234,2251,2256,2261,2275,2282,2279,2286,2292,2311,2312,2315,2319,2341,2348,2351,2366,2367,2369,2380,2386,2396,2400,2402,2413,2448,2457,2468,2485,2488,2495,2519,2530,2541,2547,2554,2556,2568,2569,2570,2578,2588,2584,2599,2599,2612,2619,2646,2652,2679,2690,2696,2710,2742,2780,2791,2794,2804,2799,2806,2803,2811,2820,2815,2832,2841,2838,2851,2852,2882,2886,2888,2894,2924,2932,2951,2957,2977,2974,2985,2988,3018,3022,3037,3049,3080,3084,3093,3105,3121,3147,3156,3161,3193,3173,3172
670,2210,2219,2223,2230,2234,2251,2256,2261,2275,2282,2279,2286,2292,2311,2312,2315,2319,2341,2348,2351,2366,2367,2369,2380,2386,2396,2400,2402,2413,2448,2457,2468,2485,2488,2495,2519,2530,2541,2547,2554,2556,2568,2569,2570,2578,2588,2584,2599,2599,2612,2619,2646,2652,2679,2690,2696,2710,2742,2780,2791,2794,2804,2799,2806,2803,2811,2820,2815,2832,2841,2838,2851,2852,2882,2886,2888,2894,2924,2932,2951,2957,2977,2974,2985,2988,3018,3022,3037,3049,3080,3084,3093,3105,3121,3147,3156,3161,3193,3173,3172,3175
671,2219,2223,2230,2234,2251,2256,2261,2275,2282,2279,2286,2292,2311,2312,2315,2319,2341,2348,2351,2366,2367,2369,2380,2386,2396,2400,2402,2413,2448,2457,2468,2485,2488,2495,2519,2530,2541,2547,2554,2556,2568,2569,2570,2578,2588,2584,2599,2599,2612,2619,2646,2652,2679,2690,2696,2710,2742,2780,2791,2794,2804,2799,2806,2803,2811,2820,2815,2832,2841,2838,2851,2852,2882,2886,2888,2894,2924,2932,2951,2957,2977,2974,2985,2988,3018,3022,3037,3049,3080,3084,3093,3105,3121,3147,3156,3161,3193,3173,3172,3175,3205
672,2223,2230,2234,2251,2256,2261,2275,2282,2279,2286,2292,2311,2312,2315,2319,2341,2348,2351,2366,2367,2369,2380,2386,2396,2400,2402,2413,2448,2457,2468,2485,2488,2495,2519,2530,2541,2547,2554,2556,2568,2569,2570,2578,2588,2584,2599,2599,2612,2619,2646,2652,2679,2690,2696,2710,2742,2780,2791,2794,2804,2799,2806,2803,2811,2820,2815,2832,2841,2838,2851,2852,2882,2886,2888,2894,2924,2932,2951,2957,2977,2974,2985,2988,3018,3022,3037,3049,3080,3084,3093,3105,3121,3147,3156,3161,3193,3173,3172,3175,3205,3209
673,2230,2234,2251,2256,2261,2275,2282,2279,2286,2292,2311,2312,2315,2319,2341,2348,2351,2366,2367,2369,2380,2386,2396,2400,2402,2413,2448,2457,2468,2485,2488,2495,2519,2530,2541,2547,2554,2556,2568,2569,2570,2578,2588,2584,2599,2599,2612,2619,2646,2652,2679,2690,2696,2710,2742,2780,2791,2794,2804,2799,2806,2803,2811,2820,2815,2832,2841,2838,2851,2852,2882,2886,2888,2894,2924,2932,2951,2957,2977,2974,2985,2988,3018,3022,3037,3049,3080,3084,3093,3105,3121,3147,3156,3161,3193,3173,3172,3175,3205,3209,3218
674,2234,2251,2256,2261,2275,2282,2279,2286,2292,2311,2312,2315,2319,2341,2348,2351,2366,2367,2369,2380,2386,2396,2400,2402,2413,2448,2457,2468,2485,2488,2495,2519,2530,2541,2547,2554,2556,2568,2569,2570,2578,2588,2584,2599,2599,2612,2619,2646,2652,2679,2690,2696,2710,2742,2780,2791,2794,2804,2799,2806,2803,2811,2820,2815,2832,2841,2838,2851,2852,2882,2886,2888,2894,2924,2932,2951,2957,2977,2974,2985,2988,3018,3022,3037,3049,3080,3084,3093,3105,3121,3147,3156,3161,3193,3173,3172,3175,3205,3209,3218,3238
675,2251,2256,2261,2275,2282,2279,2286,2292,2311,2312,2315,2319,2341,2348,2351,2366,2367,2369,2380,2386,2396,2400,2402,2413,2448,2457,2468,2485,2488,2495,2519,2530,2541,2547,2554,2556,2568,2569,2570,2578,2588,2584,2599,2599,2612,2619,2646,2652,2679,2690,2696,2710,2742,2780,2791,2794,2804,2799,2806,2803,2811,2820,2815,2832,2841,2838,2851,2852,2882,2886,2888,2894,2924,2932,2951,2957,2977,2974,2985,2988,3018,3022,3037,3049,3080,3084,3093,3105,3121,3147,3156,3161,3193,3173,3172,3175,3205,3209,3218,3238,3245
676,2256,2261,2275,2282,2279,2286,2292,2311,2312,2315,2319,2341,2348,2351,2366,2367,2369,2380,2386,2396,2400,2402,2413,2448,2457,2468,2485,2488,2495,2519,2530,2541,2547,2554,2556,2568,2569,2570,2578,2588,2584,2599,2599,2612,2619,2646,2652,2679,2690,2696,2710,2742,2780,2791,2794,2804,2799,2806,2803,2811,2820,2815,2832,2841,2838,2851,2852,2882,2886,2888,2894,2924,2932,2951,2957,2977,2974,2985,2988,3018,3022,3037,3049,3080,3084,3093,3105,3121,3147,3156,3161,3193,3173,3172,3175,3205,3209,3218,3238,3245,3235
677,2261,2275,2282,2279,2286,2292,2311,2312,2315,2319,2341,2348,2351,2366,2367,2369,2380,2386,2396,2400,2402,2413,2448,2457,2468,2485,2488,2495,2519,2530,2541,2547,2554,2556,2568,2569,2570,2578,2588,2584,2599,2599,2612,2619,2646,2652,2679,2690,2696,2710,2742,2780,2791,2794,2804,2799,2806,2803,2811,2820,2815,2832,2841,2838,2851,2852,2882,2886,2888,2894,2924,2932,2951,2957,2977,2974,2985,2988,3018,3022,3037,3049,3080,3084,3093,3105,3121,3147,3156,3161,3193,3173,3172,3175,3205,3209,3218,3238,3245,3235,3262
678,2275,2282,2279,2286,2292,2311,2312,2315,2319,2341,2348,2351,2366,2367,2369,2380,2386,2396,2400,2402,2413,2448,2457,2468,2485,2488,2495,2519,2530,2541,2547,2554,2556,2568,2569,2570,2578,2588,2584,2599,2599,2612,2619,2646,2652,2679,2690,2696,2710,2742,2780,2791,2794,2804,2799,2806,2803,2811,2820,2815,2832,2841,2838,2851,2852,2882,2886,2888,2894,2924,2932,2951,2957,2977,2974,2985,2988,3018,3022,3037,3049,3080,3084,3093,3105,3121,3147,3156,3161,3193,3173,3172,3175,3205,3209,3218,3238,3245,3235,3262,3265
679,2282,2279,2286,2292,2311,2312,2315,2319,2341,2348,2351,2366,2367,2369,2380,2386,2396,2400,2402,2413,2448,2457,2468,2485,2488,2495,2519,2530,2541,2547,2554,2556,2568,2569,2570,2578,2588,2584,2599,2599,2612,2619,2646,2652,2679,2690,2696,2710,2742,2780,2791,2794,2804,2799,2806,2803,2811,2820,2815,2832,2841,2838,2851,2852,2882,2886,2888,2894,2924,2932,2951,2957,2977,2974,2985,2988,3018,3022,3037,3049,3080,3084,3093,3105,3121,3147,3156,3161,3193,3173,3172,3175,3205,3209,3218,3238,3245,3235,3262,3265,3300
680,2279,2286,2292,2311,2312,2315,2319,2341,2348,2351,2366,2367,2369,2380,2386,2396,2400,2402,2413,2448,2457,2468,2485,2488,2495,2519,2530,2541,2547,2554,2556,2568,2569,2570,2578,2588,2584,2599,2599,2612,2619,2646,2652,2679,2690,2696,2710,2742,2780,2791,2794,2804,2799,2806,2803,2811,2820,2815,2832,2841,2838,2851,2852,2882,2886,2888,2894,2924,2932,2951,2957,2977,2974,2985,2988,3018,3022,3037,3049,3080,3084,3093,3105,3121,3147,3156,3161,3193,3173,3172,3175,3205,3209,3218,3238,3245,3235,3262,3265,3300,3289
681,2286,2292,2311,2312,2315,2319,2341,2348,2351,2366,2367,2369,2380,2386,2396,2400,2402,2413,2448,2457,2468,2485,2488,2495,2519,2530,2541,2547,2554,2556,2568,2569,2570,2578,2588,2584,2599,2599,2612,2619,2646,2652,2679,2690,2696,2710,2742,2780,2791,2794,2804,2799,2806,2803,2811,2820,2815,2832,2841,2838,2851,2852,2882,2886,2888,2894,2924,2932,2951,2957,2977,2974,2985,2988,3018,3022,3037,3049,3080,3084,3093,3105,3121,3147,3156,3161,3193,3173,3172,3175,3205,3209,3218,3238,3245,3235,3262,3265,3300,3289,3297
682,2292,2311,2312,2315,2319,2341,2348,2351,2366,2367,2369,2380,2386,2396,2400,2402,2413,2448,2457,2468,2485,2488,2495,2519,2530,2541,2547,2554,2556,2568,2569,2570,2578,2588,2584,2599,2599,2612,2619,2646,2652,2679,2690,2696,2710,2742,2780,2791,2794,2804,2799,2806,2803,2811,2820,2815,2832,2841,2838,2851,2852,2882,2886,2888,2894,2924,2932,2951,2957,2977,2974,2985,2988,3018,3022,3037,3049,3080,3084,3093,3105,3121,3147,3156,3161,3193,3173,3172,3175,3205,3209,3218,3238,3245,3235,3262,3265,3300,3289,3297,3310
683,2311,2312,2315,2319,2341,2348,2351,2366,2367,2369,2380,2386,2396,2400,2402,2413,2448,2457,2468,2485,2488,2495,2519,2530,2541,2547,2554,2556,2568,2569,2570,2578,2588,2584,2599,2599,2612,2619,2646,2652,2679,2690,2696,2710,2742,2780,2791,2794,2804,2799,2806,2803,2811,2820,2815,2832,2841,2838,2851,2852,2882,2886,2888,2894,2924,2932,2951,2957,2977,2974,2985,2988,3018,3022,3037,3049,3080,3084,3093,3105,3121,3147,3156,3161,3193,3173,3172,3175,3205,3209,3218,3238,3245,3235,3262,3265,3300,3289,3297,3310,3327
684,2312,2315,2319,2341,2348,2351,2366,2367,2369,2380,2386,2396,2400,2402,2413,2448,2457,2468,2485,2488,2495,2519,2530,2541,2547,2554,2556,2568,2569,2570,2578,2588,2584,2599,2599,2612,2619,2646,2652,2679,2690,2696,2710,2742,2780,2791,2794,2804,2799,2806,2803,2811,2820,2815,2832,2841,2838,2851,2852,2882,2886,2888,2894,2924,2932,2951,2957,2977,2974,2985,2988,3018,3022,3037,3049,3080,3084,3093,3105,3121,3147,3156,3161,3193,3173,3172,3175,3205,3209,3218,3238,3245,3235,3262,3265,3300,3289,3297,3310,3327,3337
685,2315,2319,2341,2348,2351,2366,2367,2369,2380,2386,2396,2400,2402,2413,2448,2457,2468,2485,2488,2495,2519,2530,2541,2547,2554,2556,2568,2569,2570,2578,2588,2584,2599,2599,2612,2619,2646,2652,2679,2690,2696,2710,2742,2780,2791,2794,2804,2799,2806,2803,2811,2820,2815,2832,2841,2838,2851,2852,2882,2886,2888,2894,2924,2932,2951,2957,2977,2974,2985,2988,3018,3022,3037,3049,3080,3084,3093,3105,3121,3147,3156,3161,3193,3173,3172,3175,3205,3209,3218,3238,3245,3235,3262,3265,3300,3289,3297,3310,3327,3337,3339
686,2319,2341,2348,2351,2366,2367,2369,2380,2386,2396,2400,2402,2413,2448,2457,2468,2485,2488,2495,2519,2530,2541,2547,2554,2556,2568,2569,2570,2578,2588,2584,2599,2599,2612,2619,2646,2652,2679,2690,2696,2710,2742,2780,2791,2794,2804,2799,2806,2803,2811,2820,2815,2832,2841,2838,2851,2852,2882,2886,2888,2894,2924,2932,2951,2957,2977,2974,2985,2988,3018,3022,3037,3049,3080,3084,3093,3105,3121,3147,3156,3161,3193,3173,3172,3175,3205,3209,3218,3238,3245,3235,3262,3265,3300,3289,3297,3310,3327,3337,3339,3353
687,2341,2348,2351,2366,2367,2369,2380,2386,2396,2400,2402,2413,2448,2457,2468,2485,2488,2495,2519,2530,2541,2547,2554,2556,2568,2569,2570,2578,2588,2584,2599,2599,2612,2619,2646,2652,2679,2690,2696,2710,2742,2780,2791,2794,2804,2799,2806,2803,2811,2820,2815,2832,2841,2838,2851,2852,2882,2886,2888,2894,2924,2932,2951,2957,2977,2974,2985,2988,3018,3022,3037,3049,3080,3084,3093,3105,3121,3147,3156,3161,3193,3173,3172,3175,3205,3209,3218,3238,3245,3235,3262,3265,3300,3289,3297,3310,3327,3337,3339,3353,3360
688,2348,2351,2366,2367,2369,2380,2386,2396,2400,2402,2413,2448,2457,2468,2485,2488,2495,2519,2530,2541,2547,2554,2556,2568,2569,2570,2578,2588,2584,2599,2599,2612,2619,2646,2652,2679,2690,2696,2710,2742,2780,2791,2794,2804,2799,2806,2803,2811,2820,2815,2832,2841,2838,2851,2852,2882,2886,2888,2894,2924,2932,2951,2957,2977,2974,2985,2988,3018,3022,3037,3049,3080,3084,3093,3105,3121,3147,3156,3161,3193,3173,3172,3175,3205,3209,3218,3238,3245,3235,3262,3265,3300,3289,3297,3310,3327,3337,3339,3353,3360,3355
689,2351,2366,2367,2369,2380,2386,2396,2400,2402,2413,2448,2457,2468,2485,2488,2495,2519,2530,2541,2547,2554,2556,2568,2569,2570,2578,2588,2584,2599,2599,2612,2619,2646,2652,2679,2690,2696,2710,2742,2780,2791,2794,2804,2799,2806,2803,2811,2820,2815,2832,2841,2838,2851,2852,2882,2886,2888,2894,2924,2932,2951,2957,2977,2974,2985,2988,3018,3022,3037,3049,3080,3084,3093,3105,3121,3147,3156,3161,3193,3173,3172,3175,3205,3209,3218,3238,3245,3235,3262,3265,3300,3289,3297,3310,3327,3337,3339,3353,3360,3355,3363
690,2366,2367,2369,2380,2386,2396,2400,2402,2413,2448,2457,2468,2485,2488,2495,2519,2530,2541,2547,2554,2556,2568,2569,2570,2578,2588,2584,2599,2599,2612,2619,2646,2652,2679,2690,2696,2710,2742,2780,2791,2794,2804,2799,2806,2803,2811,2820,2815,2832,2841,2838,2851,2852,2882,2886,2888,2894,2924,2932,2951,2957,2977,2974,2985,2988,3018,3022,3037,3049,3080,3084,3093,3105,3121,3147,3156,3161,3193,3173,3172,3175,3205,3209,3218,3238,3245,3235,3262,3265,3300,3289,3297,3310,3327,3337,3339,3353,3360,3355,3363,3365
691,2367,2369,2380,2386,2396,2400,2402,2413,2448,2457,2468,2485,2488,2495,2519,2530,2541,2547,2554,2556,2568,2569,2570,2578,2588,2584,2599,2599,2612,2619,2646,2652,2679,2690,2696,2710,2742,2780,2791,2794,2804,2799,2806,2803,2811,2820,2815,2832,2841,2838,2851,2852,2882,2886,2888,2894,2924,2932,2951,2957,2977,2974,2985,2988,3018,3022,3037,3049,3080,3084,3093,3105,3121,3147,3156,3161,3193,3173,3172,3175,3205,3209,3218,3238,3245,3235,3262,3265,3300,3289,3297,3310,3327,3337,3339,3353,3360,3355,3363,3365,3398
692,2369,2380,2386,2396,2400,2402,2413,2448,2457,2468,2485,2488,2495,2519,2530,2541,2547,2554,2556,2568,2569,2570,2578,2588,2584,2599,2599,2612,2619,2646,2652,2679,2690,2696,2710,2742,2780,2791,2794,2804,2799,2806,2803,2811,2820,2815,2832,2841,2838,2851,2852,2882,2886,2888,2894,2924,2932,2951,2957,2977,2974,2985,2988,3018,3022,3037,3049,3080,3084,3093,3105,3121,3147,3156,3161,3193,3173,3172,3175,3205,3209,3218,3238,3245,3235,3262,3265,3300,3289,3297,3310,3327,3337,3339,3353,3360,3355,3363,3365,3398,3392
693,2380,2386,2396,2400,2402,2413,2448,2457,2468,2485,2488,2495,2519,2530,2541,2547,2554,2556,2568,2569,2570,2578,2588,2584,2599,2599,2612,2619,2646,2652,2679,2690,2696,2710,2742,2780,2791,2794,2804,2799,2806,2803,2811,2820,2815,2832,2841,2838,2851,2852,2882,2886,2888,2894,2924,2932,2951,2957,2977,2974,2985,2988,3018,3022,3037,3049,3080,3084,3093,3105,3121,3147,3156,3161,3193,3173,3172,3175,3205,3209,3218,3238,3245,3235,3262,3265,3300,3289,3297,3310,3327,3337,3339,3353,3360,3355,3363,3365,3398,3392,3401
694,2386,2396,2400,2402,2413,2448,2457,2468,2485,2488,2495,2519,2530,2541,2547,2554,2556,2568,2569,2570,2578,2588,2584,2599,2599,2612,2619,2646,2652,2679,2690,2696,2710,2742,2780,2791,2794,2804,2799,2806,2803,2811,2820,2815,2832,2841,2838,2851,2852,2882,2886,2888,2894,2924,2932,2951,2957,2977,2974,2985,2988,3018,3022,3037,3049,3080,3084,3093,3105,3121,3147,3156,3161,3193,3173,3172,3175,3205,3209,3218,3238,3245,3235,3262,3265,3300,3289,3297,3310,3327,3337,3339,3353,3360,3355,3363,3365,3398,3392,3401,3404
695,2396,2400,2402,2413,2448,2457,2468,2485,2488,2495,2519,2530,2541,2547,2554,2556,2568,2569,2570,2578,2588,2584,2599,2599,2612,2619,2646,2652,2679,2690,2696,2710,2742,2780,2791,2794,2804,2799,2806,2803,2811,2820,2815,2832,2841,2838,2851,2852,2882,2886,2888,2894,2924,2932,2951,2957,2977,2974,2985,2988,3018,3022,3037,3049,3080,3084,3093,3105,3121,3147,3156,3161,3193,3173,3172,3175,3205,3209,3218,3238,3245,3235,3262,3265,3300,3289,3297,3310,3327,3337,3339,3353,3360,3355,3363,3365,3398,3392,3401,3404,3428
696,2400,2402,2413,2448,2457,2468,2485,2488,2495,2519,2530,2541,2547,2554,2556,2568,2569,2570,2578,2588,2584,2599,2599,2612,2619,2646,2652,2679,2690,2696,2710,2742,2780,2791,2794,2804,2799,2806,2803,2811,2820,2815,2832,2841,2838,2851,2852,2882,2886,2888,2894,2924,2932,2951,2957,2977,2974,2985,2988,3018,3022,3037,3049,3080,3084,3093,3105,3121,3147,3156,3161,3193,3173,3172,3175,3205,3209,3218,3238,3245,3235,3262,3265,3300,3289,3297,3310,3327,3337,3339,3353,3360,3355,3363,3365,3398,3392,3401,3404,3428,3426
697,2402,2413,2448,2457,2468,2485,2488,2495,2519,2530,2541,2547,2554,2556,2568,2569,2570,2578,2588,2584,2599,2599,2612,2619,2646,2652,2679,2690,2696,2710,2742,2780,2791,2794,2804,2799,2806,2803,2811,2820,2815,2832,2841,2838,2851,2852,2882,2886,2888,2894,2924,2932,2951,2957,2977,2974,2985,2988,3018,3022,3037,3049,3080,3084,3093,3105,3121,3147,3156,3161,3193,3173,3172,3175,3205,3209,3218,3238,3245,3235,3262,3265,3300,3289,3297,3310,3327,3337,3339,3353,3360,3355,3363,3365,3398,3392,3401,3404,3428,3426,3431
698,2413,2448,2457,2468,2485,2488,2495,2519,2530,2541,2547,2554,2556,2568,2569,2570,2578,2588,2584,2599,2599,2612,2619,2646,2652,2679,2690,2696,2710,2742,2780,2791,2794,2804,2799,2806,2803,2811,2820,2815,2832,2841,2838,2851,2852,2882,2886,2888,2894,2924,2932,2951,2957,2977,2974,2985,2988,3018,3022,3037,3049,3080,3084,3093,3105,3121,3147,3156,3161,3193,3173,3172,3175,3205,3209,3218,3238,3245,3235,3262,3265,3300,3289,3297,3310,3327,3337,3339,3353,3360,3355,3363,3365,3398,3392,3401,3404,3428,3426,3431,3448
699,2448,2457,2468,2485,2488,2495,2519,2530,2541,2547,2554,2556,2568,2569,2570,2578,2588,2584,2599,2599,2612,2619,2646,2652,2679,2690,2696,2710,2742,2780,2791,2794,2804,2799,2806,2803,2811,2820,2815,2832,2841,2838,2851,2852,2882,2886,2888,2894,2924,2932,2951,2957,2977,2974,2985,2988,3018,3022,3037,3049,3080,3084,3093,3105,3121,3147,3156,3161,3193,3173,3172,3175,3205,3209,3218,3238,3245,3235,3262,3265,3300,3289,3297,3310,3327,3337,3339,3353,3360,3355,3363,3365,3398,3392,3401,3404,3428,3426,3431,3448,3458
700,2457,2468,2485,2488,2495,2519,2530,2541,2547,2554,2556,2568,2569,2570,2578,2588,2584,2599,2599,2612,2619,2646,2652,2679,2690,2696,2710,2742,2780,2791,2794,2804,2799,2806,2803,2811,2820,2815,2832,2841,2838,2851,2852,2882,2886,2888,2894,2924,2932,2951,2957,2977,2974,2985,2988,3018,3022,3037,3049,3080,3084,3093,3105,3121,3147,3156,3161,3193,3173,3172,3175,3205,3209,3218,3238,3245,3235,3262,3265,3300,3289,3297,3310,3327,3337,3339,3353,3360,3355,3363,3365,3398,3392,3401,3404,3428,3426,3431,3448,3458,3452
701,2468,2485,2488,2495,2519,2530,2541,2547,2554,2556,2568,2569,2570,2578,2588,2584,2599,2599,2612,2619,2646,2652,2679,2690,2696,2710,2742,2780,2791,2794,2804,2799,2806,2803,2811,2820,2815,2832,2841,2838,2851,2852,2882,2886,2888,2894,2924,2932,2951,2957,2977,2974,2985,2988,3018,3022,3037,3049,3080,3084,3093,3105,3121,3147,3156,3161,3193,3173,3172,3175,3205,3209,3218,3238,3245,3235,3262,3265,3300,3289,3297,3310,3327,3337,3339,3353,3360,3355,3363,3365,3398,3392,3401,3404,3428,3426,3431,3448,3458,3452,3462
702,2485,2488,2495,2519,2530,2541,2547,2554,2556,2568,2569,2570,2578,2588,2584,2599,2599,2612,2619,2646,2652,2679,2690,2696,2710,2742,2780,2791,2794,2804,2799,2806,2803,2811,2820,2815,2832,2841,2838,2851,2852,2882,2886,2888,2894,2924,2932,2951,2957,2977,2974,2985,2988,3018,3022,3037,3049,3080,3084,3093,3105,3121,3147,3156,3161,3193,3173,3172,3175,3205,3209,3218,3238,3245,3235,3262,3265,3300,3289,3297,3310,3327,3337,3339,3353,3360,3355,3363,3365,3398,3392,3401,3404,3428,3426,3431,3448,3458,3452,3462,3459
703,2488,2495,2519,2530,2541,2547,2554,2556,2568,2569,2570,2578,2588,2584,2599,2599,2612,2619,2646,2652,2679,2690,2696,2710,2742,2780,2791,2794,2804,2799,2806,2803,2811,2820,2815,2832,2841,2838,2851,2852,2882,2886,2888,2894,2924,2932,2951,2957,2977,2974,2985,2988,3018,3022,3037,3049,3080,3084,3093,3105,3121,3147,3156,3161,3193,3173,3172,3175,3205,3209,3218,3238,3245,3235,3262,3265,3300,3289,3297,3310,3327,3337,3339,3353,3360,3355,3363,3365,3398,3392,3401,3404,3428,3426,3431,3448,3458,3452,3462,3459,3471
704,2495,2519,2530,2541,2547,2554,2556,2568,2569,2570,2578,2588,2584,2599,2599,2612,2619,2646,2652,2679,2690,2696,2710,2742,2780,2791,2794,2804,2799,2806,2803,2811,2820,2815,2832,2841,2838,2851,2852,2882,2886,2888,2894,2924,2932,2951,2957,2977,2974,2985,2988,3018,3022,3037,3049,3080,3084,3093,3105,3121,3147,3156,3161,3193,3173,3172,3175,3205,3209,3218,3238,3245,3235,3262,3265,3300,3289,3297,3310,3327,3337,3339,3353,3360,3355,3363,3365,3398,3392,3401,3404,3428,3426,3431,3448,3458,3452,3462,3459,3471,3460
705,2519,2530,2541,2547,2554,2556,2568,2569,2570,2578,2588,2584,2599,2599,2612,2619,2646,2652,2679,2690,2696,2710,2742,2780,2791,2794,2804,2799,2806,2803,2811,2820,2815,2832,2841,2838,2851,2852,2882,2886,2888,2894,2924,2932,2951,2957,2977,2974,2985,2988,3018,3022,3037,3049,3080,3084,3093,3105,3121,3147,3156,3161,3193,3173,3172,3175,3205,3209,3218,3238,3245,3235,3262,3265,3300,3289,3297,3310,3327,3337,3339,3353,3360,3355,3363,3365,3398,3392,3401,3404,3428,3426,3431,3448,3458,3452,3462,3459,3471,3460,3471
706,2530,2541,2547,2554,2556,2568,2569,2570,2578,2588,2584,2599,2599,2612,2619,2646,2652,2679,2690,2696,2710,2742,2780,2791,2794,2804,2799,2806,2803,2811,2820,2815,2832,2841,2838,2851,2852,2882,2886,2888,2894,2924,2932,2951,2957,2977,2974,2985,2988,3018,3022,3037,3049,3080,3084,3093,3105,3121,3147,3156,3161,3193,3173,3172,3175,3205,3209,3218,3238,3245,3235,3262,3265,3300,3289,3297,3310,3327,3337,3339,3353,3360,3355,3363,3365,3398,3392,3401,3404,3428,3426,3431,3448,3458,3452,3462,3459,3471,3460,3471,3471
707,2541,2547,2554,2556,2568,2569,2570,2578,2588,2584,2599,2599,2612,2619,2646,2652,2679,2690,2696,2710,2742,2780,2791,2794,2804,2799,2806,2803,2811,2820,2815,2832,2841,2838,2851,2852,2882,2886,2888,2894,2924,2932,2951,2957,2977,2974,2985,2988,3018,3022,3037,3049,3080,3084,3093,3105,3121,3147,3156,3161,3193,3173,3172,3175,3205,3209,3218,3238,3245,3235,3262,3265,3300,3289,3297,3310,3327,3337,3339,3353,3360,3355,3363,3365,3398,3392,3401,3404,3428,3426,3431,3448,3458,3452,3462,3459,3471,3460,3471,3471,3489
708,2547,2554,2556,2568,2569,2570,2578,2588,2584,2599,2599,2612,2619,2646,2652,2679,2690,2696,2710,2742,2780,2791,2794,2804,2799,2806,2803,2811,2820,2815,2832,2841,2838,2851,2852,2882,2886,2888,2894,2924,2932,2951,2957,2977,2974,2985,2988,3018,3022,3037,3049,3080,3084,3093,3105,3121,3147,3156,3161,3193,3173,3172,3175,3205,3209,3218,3238,3245,3235,3262,3265,3300,3289,3297,3310,3327,3337,3339,3353,3360,3355,3363,3365,3398,3392,3401,3404,3428,3426,3431,3448,3458,3452,3462,3459,3471,3460,3471,3471,3489,3497
709,2554,2556,2568,2569,2570,2578,2588,2584,2599,2599,2612,2619,2646,2652,2679,2690,2696,2710,2742,2780,2791,2794,2804,2799,2806,2803,2811,2820,2815,2832,2841,2838,2851,2852,2882,2886,2888,2894,2924,2932,2951,2957,2977,2974,2985,2988,3018,3022,3037,3049,3080,3084,3093,3105,3121,3147,3156,3161,3193,3173,3172,3175,3205,3209,3218,3238,3245,3235,3262,3265,3300,3289,3297,3310,3327,3337,3339,3353,3360,3355,3363,3365,3398,3392,3401,3404,3428,3426,3431,3448,3458,3452,3462,3459,3471,3460,3471,3471,3489,3497,3503
710,2556,2568,2569,2570,2578,2588,2584,2599,2599,2612,2619,2646,2652,2679,2690,2696,2710,2742,2780,2791,2794,2804,2799,2806,2803,2811,2820,2815,2832,2841,2838,2851,2852,2882,2886,2888,2894,2924,2932,2951,2957,2977,2974,2985,2988,3018,3022,3037,3049,3080,3084,3093,3105,3121,3147,3156,3161,3193,3173,3172,3175,3205,3209,3218,3238,3245,3235,3262,3265,3300,3289,3297,3310,3327,3337,3339,3353,3360,3355,3363,3365,3398,3392,3401,3404,3428,3426,3431,3448,3458,3452,3462,3459,3471,3460,3471,3471,3489,3497,3503,3530
711,2568,2569,2570,2578,2588,2584,2599,2599,2612,2619,2646,2652,2679,2690,2696,2710,2742,2780,2791,2794,2804,2799,2806,2803,2811,2820,2815,2832,2841,2838,2851,2852,2882,2886,2888,2894,2924,2932,2951,2957,2977,2974,2985,2988,3018,3022,3037,3049,3080,3084,3093,3105,3121,3147,3156,3161,3193,3173,3172,3175,3205,3209,3218,3238,3245,3235,3262,3265,3300,3289,3297,3310,3327,3337,3339,3353,3360,3355,3363,3365,3398,3392,3401,3404,3428,3426,3431,3448,3458,3452,3462,3459,3471,3460,3471,3471,3489,3497,3503,3530,3547
712,2569,2570,2578,2588,2584,2599,2599,2612,2619,2646,2652,2679,2690,2696,2710,2742,2780,2791,2794,2804,2799,2806,2803,2811,2820,2815,2832,2841,2838,2851,2852,2882,2886,2888,2894,2924,2932,2951,2957,2977,2974,2985,2988,3018,3022,3037,3049,3080,3084,3093,3105,3121,3147,3156,3161,3193,3173,3172,3175,3205,3209,3218,3238,3245,3235,3262,3265,3300,3289,3297,3310,3327,3337,3339,3353,3360,3355,3363,3365,3398,3392,3401,3404,3428,3426,3431,3448,3458,3452,3462,3459,3471,3460,3471,3471,3489,3497,3503,3530,3547,3534
713,2570,2578,2588,2584,2599,2599,2612,2619,2646,2652,2679,2690,2696,2710,2742,2780,2791,2794,2804,2799,2806,2803,2811,2820,2815,2832,2841,2838,2851,2852,2882,2886,2888,2894,2924,2932,2951,2957,2977,2974,2985,2988,3018,3022,3037,3049,3080,3084,3093,3105,3121,3147,3156,3161,3193,3173,3172,3175,3205,3209,3218,3238,3245,3235,3262,3265,3300,3289,3297,3310,3327,3337,3339,3353,3360,3355,3363,3365,3398,3392,3401,3404,3428,3426,3431,3448,3458,3452,3462,3459,3471,3460,3471,3471,3489,3497,3503,3530,3547,3534,3533
714,2578,2588,2584,2599,2599,2612,2619,2646,2652,2679,2690,2696,2710,2742,2780,2791,2794,2804,2799,2806,2803,2811,2820,2815,2832,2841,2838,2851,2852,2882,2886,2888,2894,2924,2932,2951,2957,2977,2974,2985,2988,3018,3022,3037,3049,3080,3084,3093,3105,3121,3147,3156,3161,3193,3173,3172,3175,3205,3209,3218,3238,3245,3235,3262,3265,3300,3289,3297,3310,3327,3337,3339,3353,3360,3355,3363,3365,3398,3392,3401,3404,3428,3426,3431,3448,3458,3452,3462,3459,3471,3460,3471,3471,3489,3497,3503,3530,3547,3534,3533,3537
715,2588,2584,2599,2599,2612,2619,2646,2652,2679,2690,2696,2710,2742,2780,2791,2794,2804,2799,2806,2803,2811,2820,2815,2832,2841,2838,2851,2852,2882,2886,2888,2894,2924,2932,2951,2957,2977,2974,2985,2988,3018,3022,3037,3049,3080,3084,3093,3105,3121,3147,3156,3161,3193,3173,3172,3175,3205,3209,3218,3238,3245,3235,3262,3265,3300,3289,3297,3310,3327,3337,3339,3353,3360,3355,3363,3365,3398,3392,3401,3404,3428,3426,3431,3448,3458,3452,3462,3459,3471,3460,3471,3471,3489,3497,3503,3530,3547,3534,3533,3537,3571
716,2584,2599,2599,2612,2619,2646,2652,2679,2690,2696,2710,2742,2780,2791,2794,2804,2799,2806,2803,2811,2820,2815,2832,2841,2838,2851,2852,2882,2886,2888,2894,2924,2932,2951,2957,2977,2974,2985,2988,3018,3022,3037,3049,3080,3084,3093,3105,3121,3147,3156,3161,3193,3173,3172,3175,3205,3209,3218,3238,3245,3235,3262,3265,3300,3289,3297,3310,3327,3337,3339,3353,3360,3355,3363,3365,3398,3392,3401,3404,3428,3426,3431,3448,3458,3452,3462,3459,3471,3460,3471,3471,3489,3497,3503,3530,3547,3534,3533,3537,3571,3542
717,2599,2599,2612,2619,2646,2652,2679,2690,2696,2710,2742,2780,2791,2794,2804,2799,2806,2803,2811,2820,2815,2832,2841,2838,2851,2852,2882,2886,2888,2894,2924,2932,2951,2957,2977,2974,2985,2988,3018,3022,3037,3049,3080,3084,3093,3105,3121,3147,3156,3161,3193,3173,3172,3175,3205,3209,3218,3238,3245,3235,3262,3265,3300,3289,3297,3310,3327,3337,3339,3353,3360,3355,3363,3365,3398,3392,3401,3404,3428,3426,3431,3448,3458,3452,3462,3459,3471,3460,3471,3471,3489,3497,3503,3530,3547,3534,3533,3537,3571,3542,3555
718,2599,2612,2619,2646,2652,2679,2690,2696,2710,2742,2780,2791,2794,2804,2799,2806,2803,2811,2820,2815,2832,2841,2838,2851,2852,2882,2886,2888,2894,2924,2932,2951,2957,2977,2974,2985,2988,3018,3022,3037,3049,3080,3084,3093,3105,3121,3147,3156,3161,3193,3173,3172,3175,3205,3209,3218,3238,3245,3235,3262,3265,3300,3289,3297,3310,3327,3337,3339,3353,3360,3355,3363,3365,3398,3392,3401,3404,3428,3426,3431,3448,3458,3452,3462,3459,3471,3460,3471,3471,3489,3497,3503,3530,3547,3534,3533,3537,3571,3542,3555,3572
719,2612,2619,2646,2652,2679,2690,2696,2710,2742,2780,2791,2794,2804,2799,2806,2803,2811,2820,2815,2832,2841,2838,2851,2852,2882,2886,2888,2894,2924,2932,2951,2957,2977,2974,2985,2988,3018,3022,3037,3049,3080,3084,3093,3105,3121,3147,3156,3161,3193,3173,3172,3175,3205,3209,3218,3238,3245,3235,3262,3265,3300,3289,3297,3310,3327,3337,3339,3353,3360,3355,3363,3365,3398,3392,3401,3404,3428,3426,3431,3448,3458,3452,3462,3459,3471,3460,3471,3471,3489,3497,3503,3530,3547,3534,3533,3537,3571,3542,3555,3572,3567
720,2619,2646,2652,2679,2690,2696,2710,2742,2780,2791,2794,2804,2799,2806,2803,2811,2820,2815,2832,2841,2838,2851,2852,2882,2886,2888,2894,2924,2932,2951,2957,2977,2974,2985,2988,3018,3022,3037,3049,3080,3084,3093,3105,3121,3147,3156,3161,3193,3173,3172,3175,3205,3209,3218,3238,3245,3235,3262,3265,3300,3289,3297,3310,3327,3337,3339,3353,3360,3355,3363,3365,3398,3392,3401,3404,3428,3426,3431,3448,3458,3452,3462,3459,3471,3460,3471,3471,3489,3497,3503,3530,3547,3534,3533,3537,3571,3542,3555,3572,3567,3581
721,2646,2652,2679,2690,2696,2710,2742,2780,2791,2794,2804,2799,2806,2803,2811,2820,2815,2832,2841,2838,2851,2852,2882,2886,2888,2894,2924,2932,2951,2957,2977,2974,2985,2988,3018,3022,3037,3049,3080,3084,3093,3105,3121,3147,3156,3161,3193,3173,3172,3175,3205,3209,3218,3238,3245,3235,3262,3265,3300,3289,3297,3310,3327,3337,3339,3353,3360,3355,3363,3365,3398,3392,3401,3404,3428,3426,3431,3448,3458,3452,3462,3459,3471,3460,3471,3471,3489,3497,3503,3530,3547,3534,3533,3537,3571,3542,3555,3572,3567,3581,3602
722,2652,2679,2690,2696,2710,2742,2780,2791,2794,2804,2799,2806,2803,2811,2820,2815,2832,2841,2838,2851,2852,2882,2886,2888,2894,2924,2932,2951,2957,2977,2974,2985,2988,3018,3022,3037,3049,3080,3084,3093,3105,3121,3147,3156,3161,3193,3173,3172,3175,3205,3209,3218,3238,3245,3235,3262,3265,3300,3289,3297,3310,3327,3337,3339,3353,3360,3355,3363,3365,3398,3392,3401,3404,3428,3426,3431,3448,3458,3452,3462,3459,3471,3460,3471,3471,3489,3497,3503,3530,3547,3534,3533,3537,3571,3542,3555,3572,3567,3581,3602,3627
723,2679,2690,2696,2710,2742,2780,2791,2794,2804,2799,2806,2803,2811,2820,2815,2832,2841,2838,2851,2852,2882,2886,2888,2894,2924,2932,2951,2957,2977,2974,2985,2988,3018,3022,3037,3049,3080,3084,3093,3105,3121,3147,3156,3161,3193,3173,3172,3175,3205,3209,3218,3238,3245,3235,3262,3265,3300,3289,3297,3310,3327,3337,3339,3353,3360,3355,3363,3365,3398,3392,3401,3404,3428,3426,3431,3448,3458,3452,3462,3459,3471,3460,3471,3471,3489,3497,3503,3530,3547,3534,3533,3537,3571,3542,3555,3572,3567,3581,3602,3627,3649
724,2690,2696,2710,2742,2780,2791,2794,2804,2799,2806,2803,2811,2820,2815,2832,2841,2838,2851,2852,2882,2886,2888,2894,2924,2932,2951,2957,2977,2974,2985,2988,3018,3022,3037,3049,3080,3084,3093,3105,3121,3147,3156,3161,3193,3173,3172,3175,3205,3209,3218,3238,3245,3235,3262,3265,3300,3289,3297,3310,3327,3337,3339,3353,3360,3355,3363,3365,3398,3392,3401,3404,3428,3426,3431,3448,3458,3452,3462,3459,3471,3460,3471,3471,3489,3497,3503,3530,3547,3534,3533,3537,3571,3542,3555,3572,3567,3581,3602,3627,3649,3627
725,2696,2710,2742,2780,2791,2794,2804,2799,2806,2803,2811,2820,2815,2832,2841,2838,2851,2852,2882,2886,2888,2894,2924,2932,2951,2957,2977,2974,2985,2988,3018,3022,3037,3049,3080,3084,3093,3105,3121,3147,3156,3161,3193,3173,3172,3175,3205,3209,3218,3238,3245,3235,3262,3265,3300,3289,3297,3310,3327,3337,3339,3353,3360,3355,3363,3365,3398,3392,3401,3404,3428,3426,3431,3448,3458,3452,3462,3459,3471,3460,3471,3471,3489,3497,3503,3530,3547,3534,3533,3537,3571,3542,3555,3572,3567,3581,3602,3627,3649,3627,3624
726,2710,2742,2780,2791,2794,2804,2799,2806,2803,2811,2820,2815,2832,2841,2838,2851,2852,2882,2886,2888,2894,2924,2932,2951,2957,2977,2974,2985,2988,3018,3022,3037,3049,3080,3084,3093,3105,3121,3147,3156,3161,3193,3173,3172,3175,3205,3209,3218,3238,3245,3235,3262,3265,3300,3289,3297,3310,3327,3337,3339,3353,3360,3355,3363,3365,3398,3392,3401,3404,3428,3426,3431,3448,3458,3452,3462,3459,3471,3460,3471,3471,3489,3497,3503,3530,3547,3534,3533,3537,3571,3542,3555,3572,3567,3581,3602,3627,3649,3627,3624,3621
727,2742,2780,2791,2794,2804,2799,2806,2803,2811,2820,2815,2832,2841,2838,2851,2852,2882,2886,2888,2894,2924,2932,2951,2957,2977,2974,2985,2988,3018,3022,3037,3049,3080,3084,3093,3105,3121,3147,3156,3161,3193,3173,3172,3175,3205,3209,3218,3238,3245,3235,3262,3265,3300,3289,3297,3310,3327,3337,3339,3353,3360,3355,3363,3365,3398,3392,3401,3404,3428,3426,3431,3448,3458,3452,3462,3459,3471,3460,3471,3471,3489,3497,3503,3530,3547,3534,3533,3537,3571,3542,3555,3572,3567,3581,3602,3627,3649,3627,3624,3621,3666
728,2780,2791,2794,2804,2799,2806,2803,2811,2820,2815,2832,2841,2838,2851,2852,2882,2886,2888,2894,2924,2932,2951,2957,2977,2974,2985,2988,3018,3022,3037,3049,3080,3084,3093,3105,3121,3147,3156,3161,3193,3173,3172,3175,3205,3209,3218,3238,3245,3235,3262,3265,3300,3289,3297,3310,3327,3337,3339,3353,3360,3355,3363,3365,3398,3392,3401,3404,3428,3426,3431,3448,3458,3452,3462,3459,3471,3460,3471,3471,3489,3497,3503,3530,3547,3534,3533,3537,3571,3542,3555,3572,3567,3581,3602,3627,3649,3627,3624,3621,3666,3624
729,2791,2794,2804,2799,2806,2803,2811,2820,2815,2832,2841,2838,2851,2852,2882,2886,2888,2894,2924,2932,2951,2957,2977,2974,2985,2988,3018,3022,3037,3049,3080,3084,3093,3105,3121,3147,3156,3161,3193,3173,3172,3175,3205,3209,3218,3238,3245,3235,3262,3265,3300,3289,3297,3310,3327,3337,3339,3353,3360,3355,3363,3365,3398,3392,3401,3404,3428,3426,3431,3448,3458,3452,3462,3459,3471,3460,3471,3471,3489,3497,3503,3530,3547,3534,3533,3537,3571,3542,3555,3572,3567,3581,3602,3627,3649,3627,3624,3621,3666,3624,3648
730,2794,2804,2799,2806,2803,2811,2820,2815,2832,2841,2838,2851,2852,2882,2886,2888,2894,2924,2932,2951,2957,2977,2974,2985,2988,3018,3022,3037,3049,3080,3084,3093,3105,3121,3147,3156,3161,3193,3173,3172,3175,3205,3209,3218,3238,3245,3235,3262,3265,3300,3289,3297,3310,3327,3337,3339,3353,3360,3355,3363,3365,3398,3392,3401,3404,3428,3426,3431,3448,3458,3452,3462,3459,3471,3460,3471,3471,3489,3497,3503,3530,3547,3534,3533,3537,3571,3542,3555,3572,3567,3581,3602,3627,3649,3627,3624,3621,3666,3624,3648,3652
731,2804,2799,2806,2803,2811,2820,2815,2832,2841,2838,2851,2852,2882,2886,2888,2894,2924,2932,2951,2957,2977,2974,2985,2988,3018,3022,3037,3049,3080,3084,3093,3105,3121,3147,3156,3161,3193,3173,3172,3175,3205,3209,3218,3238,3245,3235,3262,3265,3300,3289,3297,3310,3327,3337,3339,3353,3360,3355,3363,3365,3398,3392,3401,3404,3428,3426,3431,3448,3458,3452,3462,3459,3471,3460,3471,3471,3489,3497,3503,3530,3547,3534,3533,3537,3571,3542,3555,3572,3567,3581,3602,3627,3649,3627,3624,3621,3666,3624,3648,3652,3694
732,2799,2806,2803,2811,2820,2815,2832,2841,2838,2851,2852,2882,2886,2888,2894,2924,2932,2951,2957,2977,2974,2985,2988,3018,3022,3037,3049,3080,3084,3093,3105,3121,3147,3156,3161,3193,3173,3172,3175,3205,3209,3218,3238,3245,3235,3262,3265,3300,3289,3297,3310,3327,3337,3339,3353,3360,3355,3363,3365,3398,3392,3401,3404,3428,3426,3431,3448,3458,3452,3462,3459,3471,3460,3471,3471,3489,3497,3503,3530,3547,3534,3533,3537,3571,3542,3555,3572,3567,3581,3602,3627,3649,3627,3624,3621,3666,3624,3648,3652,3694,3705
733,2806,2803,2811,2820,2815,2832,2841,2838,2851,2852,2882,2886,2888,2894,2924,2932,2951,2957,2977,2974,2985,2988,3018,3022,3037,3049,3080,3084,3093,3105,3121,3147,3156,3161,3193,3173,3172,3175,3205,3209,3218,3238,3245,3235,3262,3265,3300,3289,3297,3310,3327,3337,3339,3353,3360,3355,3363,3365,3398,3392,3401,3404,3428,3426,3431,3448,3458,3452,3462,3459,3471,3460,3471,3471,3489,3497,3503,3530,3547,3534,3533,3537,3571,3542,3555,3572,3567,3581,3602,3627,3649,3627,3624,3621,3666,3624,3648,3652,3694,3705,3730
734,2803,2811,2820,2815,2832,2841,2838,2851,2852,2882,2886,2888,2894,2924,2932,2951,2957,2977,2974,2985,2988,3018,3022,3037,3049,3080,3084,3093,3105,3121,3147,3156,3161,3193,3173,3172,3175,3205,3209,3218,3238,3245,3235,3262,3265,3300,3289,3297,3310,3327,3337,3339,3353,3360,3355,3363,3365,3398,3392,3401,3404,3428,3426,3431,3448,3458,3452,3462,3459,3471,3460,3471,3471,3489,3497,3503,3530,3547,3534,3533,3537,3571,3542,3555,3572,3567,3581,3602,3627,3649,3627,3624,3621,3666,3624,3648,3652,3694,3705,3730,3767
735,2811,2820,2815,2832,2841,2838,2851,2852,2882,2886,2888,2894,2924,2932,2951,2957,2977,2974,2985,2988,3018,3022,3037,3049,3080,3084,3093,3105,3121,3147,3156,3161,3193,3173,3172,3175,3205,3209,3218,3238,3245,3235,3262,3265,3300,3289,3297,3310,3327,3337,3339,3353,3360,3355,3363,3365,3398,3392,3401,3404,3428,3426,3431,3448,3458,3452,3462,3459,3471,3460,3471,3471,3489,3497,3503,3530,3547,3534,3533,3537,3571,3542,3555,3572,3567,3581,3602,3627,3649,3627,3624,3621,3666,3624,3648,3652,3694,3705,3730,3767,3796
736,2820,2815,2832,2841,2838,2851,2852,2882,2886,2888,2894,2924,2932,2951,2957,2977,2974,2985,2988,3018,3022,3037,3049,3080,3084,3093,3105,3121,3147,3156,3161,3193,3173,3172,3175,3205,3209,3218,3238,3245,3235,3262,3265,3300,3289,3297,3310,3327,3337,3339,3353,3360,3355,3363,3365,3398,3392,3401,3404,3428,3426,3431,3448,3458,3452,3462,3459,3471,3460,3471,3471,3489,3497,3503,3530,3547,3534,3533,3537,3571,3542,3555,3572,3567,3581,3602,3627,3649,3627,3624,3621,3666,3624,3648,3652,3694,3705,3730,3767,3796,1000
737,2815,2832,2841,2838,2851,2852,2882,2886,2888,2894,2924,2932,2951,2957,2977,2974,2985,2988,3018,3022,3037,3049,3080,3084,3093,3105,3121,3147,3156,3161,3193,3173,3172,3175,3205,3209,3218,3238,3245,3235,3262,3265,3300,3289,3297,3310,3327,3337,3339,3353,3360,3355,3363,3365,3398,3392,3401,3404,3428,3426,3431,3448,3458,3452,3462,3459,3471,3460,3471,3471,3489,3497,3503,3530,3547,3534,3533,3537,3571,3542,3555,3572,3567,3581,3602,3627,3649,3627,3624,3621,3666,3624,3648,3652,3694,3705,3730,3767,3796,1000,1000
738,2832,2841,2838,2851,2852,2882,2886,2888,2894,2924,2932,2951,2957,2977,2974,2985,2988,3018,3022,3037,3049,3080,3084,3093,3105,3121,3147,3156,3161,3193,3173,3172,3175,3205,3209,3218,3238,3245,3235,3262,3265,3300,3289,3297,3310,3327,3337,3339,3353,3360,3355,3363,3365,3398,3392,3401,3404,3428,3426,3431,3448,3458,3452,3462,3459,3471,3460,3471,3471,3489,3497,3503,3530,3547,3534,3533,3537,3571,3542,3555,3572,3567,3581,3602,3627,3649,3627,3624,3621,3666,3624,3648,3652,3694,3705,3730,3767,3796,1000,1000,1001
739,2841,2838,2851,2852,2882,2886,2888,2894,2924,2932,2951,2957,2977,2974,2985,2988,3018,3022,3037,3049,3080,3084,3093,3105,3121,3147,3156,3161,3193,3173,3172,3175,3205,3209,3218,3238,3245,3235,3262,3265,3300,3289,3297,3310,3327,3337,3339,3353,3360,3355,3363,3365,3398,3392,3401,3404,3428,3426,3431,3448,3458,3452,3462,3459,3471,3460,3471,3471,3489,3497,3503,3530,3547,3534,3533,3537,3571,3542,3555,3572,3567,3581,3602,3627,3649,3627,3624,3621,3666,3624,3648,3652,3694,3705,3730,3767,3796,1000,1000,1001,1017
740,2838,2851,2852,2882,2886,2888,2894,2924,2932,2951,2957,2977,2974,2985,2988,3018,3022,3037,3049,3080,3084,3093,3105,3121,3147,3156,3161,3193,3173,3172,3175,3205,3209,3218,3238,3245,3235,3262,3265,3300,3289,3297,3310,3327,3337,3339,3353,3360,3355,3363,3365,3398,3392,3401,3404,3428,3426,3431,3448,3458,3452,3462,3459,3471,3460,3471,3471,3489,3497,3503,3530,3547,3534,3533,3537,3571,3542,3555,3572,3567,3581,3602,3627,3649,3627,3624,3621,3666,3624,3648,3652,3694,3705,3730,3767,3796,1000,1000,1001,1017,1027
741,2851,2852,2882,2886,2888,2894,2924,2932,2951,2957,2977,2974,2985,2988,3018,3022,3037,3049,3080,3084,3093,3105,3121,3147,3156,3161,3193,3173,3172,3175,3205,3209,3218,3238,3245,3235,3262,3265,3300,3289,3297,3310,3327,3337,3339,3353,3360,3355,3363,3365,3398,3392,3401,3404,3428,3426,3431,3448,3458,3452,3462,3459,3471,3460,3471,3471,3489,3497,3503,3530,3547,3534,3533,3537,3571,3542,3555,3572,3567,3581,3602,3627,3649,3627,3624,3621,3666,3624,3648,3652,3694,3705,3730,3767,3796,1000,1000,1001,1017,1027,1031
742,2852,2882,2886,2888,2894,2924,2932,2951,2957,2977,2974,2985,2988,3018,3022,3037,3049,3080,3084,3093,3105,3121,3147,3156,3161,3193,3173,3172,3175,3205,3209,3218,3238,3245,3235,3262,3265,3300,3289,3297,3310,3327,3337,3339,3353,3360,3355,3363,3365,3398,3392,3401,3404,3428,3426,3431,3448,3458,3452,3462,3459,3471,3460,3471,3471,3489,3497,3503,3530,3547,3534,3533,3537,3571,3542,3555,3572,3567,3581,3602,3627,3649,3627,3624,3621,3666,3624,3648,3652,3694,3705,3730,3767,3796,1000,1000,1001,1017,1027,1031,1046
743,2882,2886,2888,2894,2924,2932,2951,2957,2977,2974,2985,2988,3018,3022,3037,3049,3080,3084,3093,3105,3121,3147,3156,3161,3193,3173,3172,3175,3205,3209,3218,3238,3245,3235,3262,3265,3300,3289,3297,3310,3327,3337,3339,3353,3360,3355,3363,3365,3398,3392,3401,3404,3428,3426,3431,3448,3458,3452,3462,3459,3471,3460,3471,3471,3489,3497,3503,3530,3547,3534,3533,3537,3571,3542,3555,3572,3567,3581,3602,3627,3649,3627,3624,3621,3666,3624,3648,3652,3694,3705,3730,3767,3796,1000,1000,1001,1017,1027,1031,1046,1052
744,2886,2888,2894,2924,2932,2951,2957,2977,2974,2985,2988,3018,3022,3037,3049,3080,3084,3093,3105,3121,3147,3156,3161,3193,3173,3172,3175,3205,3209,3218,3238,3245,3235,3262,3265,3300,3289,3297,3310,3327,3337,3339,3353,3360,3355,3363,3365,3398,3392,3401,3404,3428,3426,3431,3448,3458,3452,3462,3459,3471,3460,3471,3471,3489,3497,3503,3530,3547,3534,3533,3537,3571,3542,3555,3572,3567,3581,3602,3627,3649,3627,3624,3621,3666,3624,3648,3652,3694,3705,3730,3767,3796,1000,1000,1001,1017,1027,1031,1046,1052,1056
745,2888,2894,2924,2932,2951,2957,2977,2974,2985,2988,3018,3022,3037,3049,3080,3084,3093,3105,3121,3147,3156,3161,3193,3173,3172,3175,3205,3209,3218,3238,3245,3235,3262,3265,3300,3289,3297,3310,3327,3337,3339,3353,3360,3355,3363,3365,3398,3392,3401,3404,3428,3426,3431,3448,3458,3452,3462,3459,3471,3460,3471,3471,3489,3497,3503,3530,3547,3534,3533,3537,3571,3542,3555,3572,3567,3581,3602,3627,3649,3627,3624,3621,3666,3624,3648,3652,3694,3705,3730,3767,3796,1000,1000,1001,1017,1027,1031,1046,1052,1056,1066
746,2894,2924,2932,2951,2957,2977,2974,2985,2988,3018,3022,3037,3049,3080,3084,3093,3105,3121,3147,3156,3161,3193,3173,3172,3175,3205,3209,3218,3238,3245,3235,3262,3265,3300,3289,3297,3310,3327,3337,3339,3353,3360,3355,3363,3365,3398,3392,3401,3404,3428,3426,3431,3448,3458,3452,3462,3459,3471,3460,3471,3471,3489,3497,3503,3530,3547,3534,3533,3537,3571,3542,3555,3572,3567,3581,3602,3627,3649,3627,3624,3621,3666,3624,3648,3652,3694,3705,3730,3767,3796,1000,1000,1001,1017,1027,1031,1046,1052,1056,1066,1072
747,2924,2932,2951,2957,2977,2974,2985,2988,3018,3022,3037,3049,3080,3084,3093,3105,3121,3147,3156,3161,3193,3173,3172,3175,3205,3209,3218,3238,3245,3235,3262,3265,3300,3289,3297,3310,3327,3337,3339,3353,3360,3355,3363,3365,3398,3392,3401,3404,3428,3426,3431,3448,3458,3452,3462,3459,3471,3460,3471,3471,3489,3497,3503,3530,3547,3534,3533,3537,3571,3542,3555,3572,3567,3581,3602,3627,3649,3627,3624,3621,3666,3624,3648,3652,3694,3705,3730,3767,3796,1000,1000,1001,1017,1027,1031,1046,1052,1056,1066,1072,1074
748,2932,2951,2957,2977,2974,2985,2988,3018,3022,3037,3049,3080,3084,3093,3105,3121,3147,3156,3161,3193,3173,3172,3175,3205,3209,3218,3238,3245,3235,3262,3265,3300,3289,3297,3310,3327,3337,3339,3353,3360,3355,3363,3365,3398,3392,3401,3404,3428,3426,3431,3448,3458,3452,3462,3459,3471,3460,3471,3471,3489,3497,3503,3530,3547,3534,3533,3537,3571,3542,3555,3572,3567,3581,3602,3627,3649,3627,3624,3621,3666,3624,3648,3652,3694,3705,3730,3767,3796,1000,1000,1001,1017,1027,1031,1046,1052,1056,1066,1072,1074,1092
749,2951,2957,2977,2974,2985,2988,3018,3022,3037,3049,3080,3084,3093,3105,3121,3147,3156,3161,3193,3173,3172,3175,3205,3209,3218,3238,3245,3235,3262,3265,3300,3289,3297,3310,3327,3337,3339,3353,3360,3355,3363,3365,3398,3392,3401,3404,3428,3426,3431,3448,3458,3452,3462,3459,3471,3460,3471,3471,3489,3497,3503,3530,3547,3534,3533,3537,3571,3542,3555,3572,3567,3581,3602,3627,3649,3627,3624,3621,3666,3624,3648,3652,3694,3705,3730,3767,3796,1000,1000,1001,1017,1027,1031,1046,1052,1056,1066,1072,1074,1092,1101
750,2957,2977,2974,2985,2988,3018,3022,3037,3049,3080,3084,3093,3105,3121,3147,3156,3161,3193,3173,3172,3175,3205,3209,3218,3238,3245,3235,3262,3265,3300,3289,3297,3310,3327,3337,3339,3353,3360,3355,3363,3365,3398,3392,3401,3404,3428,3426,3431,3448,3458,3452,3462,3459,3471,3460,3471,3471,3489,3497,3503,3530,3547,3534,3533,3537,3571,3542,3555,3572,3567,3581,3602,3627,3649,3627,3624,3621,3666,3624,3648,3652,3694,3705,3730,3767,3796,1000,1000,1001,1017,1027,1031,1046,1052,1056,1066,1072,1074,1092,1101,1103
751,2977,2974,2985,2988,3018,3022,3037,3049,3080,3084,3093,3105,3121,3147,3156,3161,3193,3173,3172,3175,3205,3209,3218,3238,3245,3235,3262,3265,3300,3289,3297,3310,3327,3337,3339,3353,3360,3355,3363,3365,3398,3392,3401,3404,3428,3426,3431,3448,3458,3452,3462,3459,3471,3460,3471,3471,3489,3497,3503,3530,3547,3534,3533,3537,3571,3542,3555,3572,3567,3581,3602,3627,3649,3627,3624,3621,3666,3624,3648,3652,3694,3705,3730,3767,3796,1000,1000,1001,1017,1027,1031,1046,1052,1056,1066,1072,1074,1092,1101,1103,1111
752,2974,2985,2988,3018,3022,3037,3049,3080,3084,3093,3105,3121,3147,3156,3161,3193,3173,3172,3175,3205,3209,3218,3238,3245,3235,3262,3265,3300,3289,3297,3310,3327,3337,3339,3353,3360,3355,3363,3365,3398,3392,3401,3404,3428,3426,3431,3448,3458,3452,3462,3459,3471,3460,3471,3471,3489,3497,3503,3530,3547,3534,3533,3537,3571,3542,3555,3572,3567,3581,3602,3627,3649,3627,3624,3621,3666,3624,3648,3652,3694,3705,3730,3767,3796,1000,1000,1001,1017,1027,1031,1046,1052,1056,1066,1072,1074,1092,1101,1103,1111,1120
753,2985,2988,3018,3022,3037,3049,3080,3084,3093,3105,3121,3147,3156,3161,3193,3173,3172,3175,3205,3209,3218,3238,3245,3235,3262,3265,3300,3289,3297,3310,3327,3337,3339,3353,3360,3355,3363,3365,3398,3392,3401,3404,3428,3426,3431,3448,3458,3452,3462,3459,3471,3460,3471,3471,3489,3497,3503,3530,3547,3534,3533,3537,3571,3542,3555,3572,3567,3581,3602,3627,3649,3627,3624,3621,3666,3624,3648,3652,3694,3705,3730,3767,3796,1000,1000,1001,1017,1027,1031,1046,1052,1056,1066,1072,1074,1092,1101,1103,1111,1120,1123
754,2988,3018,3022,3037,3049,3080,3084,3093,3105,3121,3147,3156,3161,3193,3173,3172,3175,3205,3209,3218,3238,3245,3235,3262,3265,3300,3289,3297,3310,3327,3337,3339,3353,3360,3355,3363,3365,3398,3392,3401,3404,3428,3426,3431,3448,3458,3452,3462,3459,3471,3460,3471,3471,3489,3497,3503,3530,3547,3534,3533,3537,3571,3542,3555,3572,3567,3581,3602,3627,3649,3627,3624,3621,3666,3624,3648,3652,3694,3705,3730,3767,3796,1000,1000,1001,1017,1027,1031,1046,1052,1056,1066,1072,1074,1092,1101,1103,1111,1120,1123,1143
755,3018,3022,3037,3049,3080,3084,3093,3105,3121,3147,3156,3161,3193,3173,3172,3175,3205,3209,3218,3238,3245,3235,3262,3265,3300,3289,3297,3310,3327,3337,3339,3353,3360,3355,3363,3365,3398,3392,3401,3404,3428,3426,3431,3448,3458,3452,3462,3459,3471,3460,3471,3471,3489,3497,3503,3530,3547,3534,3533,3537,3571,3542,3555,3572,3567,3581,3602,3627,3649,3627,3624,3621,3666,3624,3648,3652,3694,3705,3730,3767,3796,1000,1000,1001,1017,1027,1031,1046,1052,1056,1066,1072,1074,1092,1101,1103,1111,1120,1123,1143,1153
756,3022,3037,3049,3080,3084,3093,3105,3121,3147,3156,3161,3193,3173,3172,3175,3205,3209,3218,3238,3245,3235,3262,3265,3300,3289,3297,3310,3327,3337,3339,3353,3360,3355,3363,3365,3398,3392,3401,3404,3428,3426,3431,3448,3458,3452,3462,3459,3471,3460,3471,3471,3489,3497,3503,3530,3547,3534,3533,3537,3571,3542,3555,3572,3567,3581,3602,3627,3649,3627,3624,3621,3666,3624,3648,3652,3694,3705,3730,3767,3796,1000,1000,1001,1017,1027,1031,1046,1052,1056,1066,1072,1074,1092,1101,1103,1111,1120,1123,1143,1153,1154
757,3037,3049,3080,3084,3093,3105,3121,3147,3156,3161,3193,3173,3172,3175,3205,3209,3218,3238,3245,3235,3262,3265,3300,3289,3297,3310,3327,3337,3339,3353,3360,3355,3363,3365,3398,3392,3401,3404,3428,3426,3431,3448,3458,3452,3462,3459,3471,3460,3471,3471,3489,3497,3503,3530,3547,3534,3533,3537,3571,3542,3555,3572,3567,3581,3602,3627,3649,3627,3624,3621,3666,3624,3648,3652,3694,3705,3730,3767,3796,1000,1000,1001,1017,1027,1031,1046,1052,1056,1066,1072,1074,1092,1101,1103,1111,1120,1123,1143,1153,1154,1164
758,3049,3080,3084,3093,3105,3121,3147,3156,3161,3193,3173,3172,3175,3205,3209,3218,3238,3245,3235,3262,3265,3300,3289,3297,3310,3327,3337,3339,3353,3360,3355,3363,3365,3398,3392,3401,3404,3428,3426,3431,3448,3458,3452,3462,3459,3471,3460,3471,3471,3489,3497,3503,3530,3547,3534,3533,3537,3571,3542,3555,3572,3567,3581,3602,3627,3649,3627,3624,3621,3666,3624,3648,3652,3694,3705,3730,3767,3796,1000,1000,1001,1017,1027,1031,1046,1052,1056,1066,1072,1074,1092,1101,1103,1111,1120,1123,1143,1153,1154,1164,1180
759,3080,3084,3093,3105,3121,3147,3156,3161,3193,3173,3172,3175,3205,3209,3218,3238,3245,3235,3262,3265,3300,3289,3297,3310,3327,3337,3339,3353,3360,3355,3363,3365,3398,3392,3401,3404,3428,3426,3431,3448,3458,3452,3462,3459,3471,3460,3471,3471,3489,3497,3503,3530,3547,3534,3533,3537,3571,3542,3555,3572,3567,3581,3602,3627,3649,3627,3624,3621,3666,3624,3648,3652,3694,3705,3730,3767,3796,1000,1000,1001,1017,1027,1031,1046,1052,1056,1066,1072,1074,1092,1101,1103,1111,1120,1123,1143,1153,1154,1164,1180,1181
760,3084,3093,3105,3121,3147,3156,3161,3193,3173,3172,3175,3205,3209,3218,3238,3245,3235,3262,3265,3300,3289,3297,3310,3327,3337,3339,3353,3360,3355,3363,3365,3398,3392,3401,3404,3428,3426,3431,3448,3458,3452,3462,3459,3471,3460,3471,3471,3489,3497,3503,3530,3547,3534,3533,3537,3571,3542,3555,3572,3567,3581,3602,3627,3649,3627,3624,3621,3666,3624,3648,3652,3694,3705,3730,3767,3796,1000,1000,1001,1017,1027,1031,1046,1052,1056,1066,1072,1074,1092,1101,1103,1111,1120,1123,1143,1153,1154,1164,1180,1181,1218
761,3093,3105,3121,3147,3156,3161,3193,3173,3172,3175,3205,3209,3218,3238,3245,3235,3262,3265,3300,3289,3297,3310,3327,3337,3339,3353,3360,3355,3363,3365,3398,3392,3401,3404,3428,3426,3431,3448,3458,3452,3462,3459,3471,3460,3471,3471,3489,3497,3503,3530,3547,3534,3533,3537,3571,3542,3555,3572,3567,3581,3602,3627,3649,3627,3624,3621,3666,3624,3648,3652,3694,3705,3730,3767,3796,1000,1000,1001,1017,1027,1031,1046,1052,1056,1066,1072,1074,1092,1101,1103,1111,1120,1123,1143,1153,1154,1164,1180,1181,1218,1224
762,3105,3121,3147,3156,3161,3193,3173,3172,3175,3205,3209,3218,3238,3245,3235,3262,3265,3300,3289,3297,3310,3327,3337,3339,3353,3360,3355,3363,3365,3398,3392,3401,3404,3428,3426,3431,3448,3458,3452,3462,3459,3471,3460,3471,3471,3489,3497,3503,3530,3547,3534,3533,3537,3571,3542,3555,3572,3567,3581,3602,3627,3649,3627,3624,3621,3666,3624,3648,3652,3694,3705,3730,3767,3796,1000,1000,1001,1017,1027,1031,1046,1052,1056,1066,1072,1074,1092,1101,1103,1111,1120,1123,1143,1153,1154,1164,1180,1181,1218,1224,1225
763,3121,3147,3156,3161,3193,3173,3172,3175,3205,3209,3218,3238,3245,3235,3262,3265,3300,3289,3297,3310,3327,3337,3339,3353,3360,3355,3363,3365,3398,3392,3401,3404,3428,3426,3431,3448,3458,3452,3462,3459,3471,3460,3471,3471,3489,3497,3503,3530,3547,3534,3533,3537,3571,3542,3555,3572,3567,3581,3602,3627,3649,3627,3624,3621,3666,3624,3648,3652,3694,3705,3730,3767,3796,1000,1000,1001,1017,1027,1031,1046,1052,1056,1066,1072,1074,1092,1101,1103,1111,1120,1123,1143,1153,1154,1164,1180,1181,1218,1224,1225,1235
764,3147,3156,3161,3193,3173,3172,3175,3205,3209,3218,3238,3245,3235,3262,3265,3300,3289,3297,3310,3327,3337,3339,3353,3360,3355,3363,3365,3398,3392,3401,3404,3428,3426,3431,3448,3458,3452,3462,3459,3471,3460,3471,3471,3489,3497,3503,3530,3547,3534,3533,3537,3571,3542,3555,3572,3567,3581,3602,3627,3649,3627,3624,3621,3666,3624,3648,3652,3694,3705,3730,3767,3796,1000,1000,1001,1017,1027,1031,1046,1052,1056,1066,1072,1074,1092,1101,1103,1111,1120,1123,1143,1153,1154,1164,1180,1181,1218,1224,1225,1235,1241
765,3156,3161,3193,3173,3172,3175,3205,3209,3218,3238,3245,3235,3262,3265,3300,3289,3297,3310,3327,3337,3339,3353,3360,3355,3363,3365,3398,3392,3401,3404,3428,3426,3431,3448,3458,3452,3462,3459,3471,3460,3471,3471,3489,3497,3503,3530,3547,3534,3533,3537,3571,3542,3555,3572,3567,3581,3602,3627,3649,3627,3624,3621,3666,3624,3648,3652,3694,3705,3730,3767,3796,1000,1000,1001,1017,1027,1031,1046,1052,1056,1066,1072,1074,1092,1101,1103,1111,1120,1123,1143,1153,1154,1164,1180,1181,1218,1224,1225,1235,1241,1244
766,3161,3193,3173,3172,3175,3205,3209,3218,3238,3245,3235,3262,3265,3300,3289,3297,3310,3327,3337,3339,3353,3360,3355,3363,3365,3398,3392,3401,3404,3428,3426,3431,3448,3458,3452,3462,3459,3471,3460,3471,3471,3489,3497,3503,3530,3547,3534,3533,3537,3571,3542,3555,3572,3567,3581,3602,3627,3649,3627,3624,3621,3666,3624,3648,3652,3694,3705,3730,3767,3796,1000,1000,1001,1017,1027,1031,1046,1052,1056,1066,1072,1074,1092,1101,1103,1111,1120,1123,1143,1153,1154,1164,1180,1181,1218,1224,1225,1235,1241,1244,1253
767,3193,3173,3172,3175,3205,3209,3218,3238,3245,3235,3262,3265,3300,3289,3297,3310,3327,3337,3339,3353,3360,3355,3363,3365,3398,3392,3401,3404,3428,3426,3431,3448,3458,3452,3462,3459,3471,3460,3471,3471,3489,3497,3503,3530,3547,3534,3533,3537,3571,3542,3555,3572,3567,3581,3602,3627,3649,3627,3624,3621,3666,3624,3648,3652,3694,3705,3730,3767,3796,1000,1000,1001,1017,1027,1031,1046,1052,1056,1066,1072,1074,1092,1101,1103,1111,1120,1123,1143,1153,1154,1164,1180,1181,1218,1224,1225,1235,1241,1244,1253,1256
768,3173,3172,3175,3205,3209,3218,3238,3245,3235,3262,3265,3300,3289,3297,3310,3327,3337,3339,3353,3360,3355,3363,3365,3398,3392,3401,3404,3428,3426,3431,3448,3458,3452,3462,3459,3471,3460,3471,3471,3489,3497,3503,3530,3547,3534,3533,3537,3571,3542,3555,3572,3567,3581,3602,3627,3649,3627,3624,3621,3666,3624,3648,3652,3694,3705,3730,3767,3796,1000,1000,1001,1017,1027,1031,1046,1052,1056,1066,1072,1074,1092,1101,1103,1111,1120,1123,1143,1153,1154,1164,1180,1181,1218,1224,1225,1235,1241,1244,1253,1256,1257
769,3172,3175,3205,3209,3218,3238,3245,3235,3262,3265,3300,3289,3297,3310,3327,3337,3339,3353,3360,3355,3363,3365,3398,3392,3401,3404,3428,3426,3431,3448,3458,3452,3462,3459,3471,3460,3471,3471,3489,3497,3503,3530,3547,3534,3533,3537,3571,3542,3555,3572,3567,3581,3602,3627,3649,3627,3624,3621,3666,3624,3648,3652,3694,3705,3730,3767,3796,1000,1000,1001,1017,1027,1031,1046,1052,1056,1066,1072,1074,1092,1101,1103,1111,1120,1123,1143,1153,1154,1164,1180,1181,1218,1224,1225,1235,1241,1244,1253,1256,1257,1264
770,3175,3205,3209,3218,3238,3245,3235,3262,3265,3300,3289,3297,3310,3327,3337,3339,3353,3360,3355,3363,3365,3398,3392,3401,3404,3428,3426,3431,3448,3458,3452,3462,3459,3471,3460,3471,3471,3489,3497,3503,3530,3547,3534,3533,3537,3571,3542,3555,3572,3567,3581,3602,3627,3649,3627,3624,3621,3666,3624,3648,3652,3694,3705,3730,3767,3796,1000,1000,1001,1017,1027,1031,1046,1052,1056,1066,1072,1074,1092,1101,1103,1111,1120,1123,1143,1153,1154,1164,1180,1181,1218,1224,1225,1235,1241,1244,1253,1256,1257,1264,1270
771,3205,3209,3218,3238,3245,3235,3262,3265,3300,3289,3297,3310,3327,3337,3339,3353,3360,3355,3363,3365,3398,3392,3401,3404,3428,3426,3431,3448,3458,3452,3462,3459,3471,3460,3471,3471,3489,3497,3503,3530,3547,3534,3533,3537,3571,3542,3555,3572,3567,3581,3602,3627,3649,3627,3624,3621,3666,3624,3648,3652,3694,3705,3730,3767,3796,1000,1000,1001,1017,1027,1031,1046,1052,1056,1066,1072,1074,1092,1101,1103,1111,1120,1123,1143,1153,1154,1164,1180,1181,1218,1224,1225,1235,1241,1244,1253,1256,1257,1264,1270,1269
772,3209,3218,3238,3245,3235,3262,3265,3300,3289,3297,3310,3327,3337,3339,3353,3360,3355,3363,3365,3398,3392,3401,3404,3428,3426,3431,3448,3458,3452,3462,3459,3471,3460,3471,3471,3489,3497,3503,3530,3547,3534,3533,3537,3571,3542,3555,3572,3567,3581,3602,3627,3649,3627,3624,3621,3666,3624,3648,3652,3694,3705,3730,3767,3796,1000,1000,1001,1017,1027,1031,1046,1052,1056,1066,1072,1074,1092,1101,1103,1111,1120,1123,1143,1153,1154,1164,1180,1181,1218,1224,1225,1235,1241,1244,1253,1256,1257,1264,1270,1269,1280
773,3218,3238,3245,3235,3262,3265,3300,3289,3297,3310,3327,3337,3339,3353,3360,3355,3363,3365,3398,3392,3401,3404,3428,3426,3431,3448,3458,3452,3462,3459,3471,3460,3471,3471,3489,3497,3503,3530,3547,3534,3533,3537,3571,3542,3555,3572,3567,3581,3602,3627,3649,3627,3624,3621,3666,3624,3648,3652,3694,3705,3730,3767,3796,1000,1000,1001,1017,1027,1031,1046,1052,1056,1066,1072,1074,1092,1101,1103,1111,1120,1123,1143,1153,1154,1164,1180,1181,1218,1224,1225,1235,1241,1244,1253,1256,1257,1264,1270,1269,1280,1286
774,3238,3245,3235,3262,3265,3300,3289,3297,3310,3327,3337,3339,3353,3360,3355,3363,3365,3398,3392,3401,3404,3428,3426,3431,3448,3458,3452,3462,3459,3471,3460,3471,3471,3489,3497,3503,3530,3547,3534,3533,3537,3571,3542,3555,3572,3567,3581,3602,3627,3649,3627,3624,3621,3666,3624,3648,3652,3694,3705,3730,3767,3796,1000,1000,1001,1017,1027,1031,1046,1052,1056,1066,1072,1074,1092,1101,1103,1111,1120,1123,1143,1153,1154,1164,1180,1181,1218,1224,1225,1235,1241,1244,1253,1256,1257,1264,1270,1269,1280,1286,1286
775,3245,3235,3262,3265,3300,3289,3297,3310,3327,3337,3339,3353,3360,3355,3363,3365,3398,3392,3401,3404,3428,3426,3431,3448,3458,3452,3462,3459,3471,3460,3471,3471,3489,3497,3503,3530,3547,3534,3533,3537,3571,3542,3555,3572,3567,3581,3602,3627,3649,3627,3624,3621,3666,3624,3648,3652,3694,3705,3730,3767,3796,1000,1000,1001,1017,1027,1031,1046,1052,1056,1066,1072,1074,1092,1101,1103,1111,1120,1123,1143,1153,1154,1164,1180,1181,1218,1224,1225,1235,1241,1244,1253,1256,1257,1264,1270,1269,1280,1286,1286,1290
776,3235,3262,3265,3300,3289,3297,3310,3327,3337,3339,3353,3360,3355,3363,3365,3398,3392,3401,3404,3428,3426,3431,3448,3458,3452,3462,3459,3471,3460,3471,3471,3489,3497,3503,3530,3547,3534,3533,3537,3571,3542,3555,3572,3567,3581,3602,3627,3649,3627,3624,3621,3666,3624,3648,3652,3694,3705,3730,3767,3796,1000,1000,1001,1017,1027,1031,1046,1052,1056,1066,1072,1074,1092,1101,1103,1111,1120,1123,1143,1153,1154,1164,1180,1181,1218,1224,1225,1235,1241,1244,1253,1256,1257,1264,1270,1269,1280,1286,1286,1290,1295
777,3262,3265,3300,3289,3297,3310,3327,3337,3339,3353,3360,3355,3363,3365,3398,3392,3401,3404,3428,3426,3431,3448,3458,3452,3462,3459,3471,3460,3471,3471,3489,3497,3503,3530,3547,3534,3533,3537,3571,3542,3555,3572,3567,3581,3602,3627,3649,3627,3624,3621,3666,3624,3648,3652,3694,3705,3730,3767,3796,1000,1000,1001,1017,1027,1031,1046,1052,1056,1066,1072,1074,1092,1101,1103,1111,1120,1123,1143,1153,1154,1164,1180,1181,1218,1224,1225,1235,1241,1244,1253,1256,1257,1264,1270,1269,1280,1286,1286,1290,1295,1304
778,3265,3300,3289,3297,3310,3327,3337,3339,3353,3360,3355,3363,3365,3398,3392,3401,3404,3428,3426,3431,3448,3458,3452,3462,3459,3471,3460,3471,3471,3489,3497,3503,3530,3547,3534,3533,3537,3571,3542,3555,3572,3567,3581,3602,3627,3649,3627,3624,3621,3666,3624,3648,3652,3694,3705,3730,3767,3796,1000,1000,1001,1017,1027,1031,1046,1052,1056,1066,1072,1074,1092,1101,1103,1111,1120,1123,1143,1153,1154,1164,1180,1181,1218,1224,1225,1235,1241,1244,1253,1256,1257,1264,1270,1269,1280,1286,1286,1290,1295,1304,1324
779,3300,3289,3297,3310,3327,3337,3339,3353,3360,3355,3363,3365,3398,3392,3401,3404,3428,3426,3431,3448,3458,3452,3462,3459,3471,3460,3471,3471,3489,3497,3503,3530,3547,3534,3533,3537,3571,3542,3555,3572,3567,3581,3602,3627,3649,3627,3624,3621,3666,3624,3648,3652,3694,3705,3730,3767,3796,1000,1000,1001,1017,1027,1031,1046,1052,1056,1066,1072,1074,1092,1101,1103,1111,1120,1123,1143,1153,1154,1164,1180,1181,1218,1224,1225,1235,1241,1244,1253,1256,1257,1264,1270,1269,1280,1286,1286,1290,1295,1304,1324,1327
780,3289,3297,3310,3327,3337,3339,3353,3360,3355,3363,3365,3398,3392,3401,3404,3428,3426,3431,3448,3458,3452,3462,3459,3471,3460,3471,3471,3489,3497,3503,3530,3547,3534,3533,3537,3571,3542,3555,3572,3567,3581,3602,3627,3649,3627,3624,3621,3666,3624,3648,3652,3694,3705,3730,3767,3796,1000,1000,1001,1017,1027,1031,1046,1052,1056,1066,1072,1074,1092,1101,1103,1111,1120,1123,1143,1153,1154,1164,1180,1181,1218,1224,1225,1235,1241,1244,1253,1256,1257,1264,1270,1269,1280,1286,1286,1290,1295,1304,1324,1327,1326
781,3297,3310,3327,3337,3339,3353,3360,3355,3363,3365,3398,3392,3401,3404,3428,3426,3431,3448,3458,3452,3462,3459,3471,3460,3471,3471,3489,3497,3503,3530,3547,3534,3533,3537,3571,3542,3555,3572,3567,3581,3602,3627,3649,3627,3624,3621,3666,3624,3648,3652,3694,3705,3730,3767,3796,1000,1000,1001,1017,1027,1031,1046,1052,1056,1066,1072,1074,1092,1101,1103,1111,1120,1123,1143,1153,1154,1164,1180,1181,1218,1224,1225,1235,1241,1244,1253,1256,1257,1264,1270,1269,1280,1286,1286,1290,1295,1304,1324,1327,1326,1339
782,3310,3327,3337,3339,3353,3360,3355,3363,3365,3398,3392,3401,3404,3428,3426,3431,3448,3458,3452,3462,3459,3471,3460,3471,3471,3489,3497,3503,3530,3547,3534,3533,3537,3571,3542,3555,3572,3567,3581,3602,3627,3649,3627,3624,3621,3666,3624,3648,3652,3694,3705,3730,3767,3796,1000,1000,1001,1017,1027,1031,1046,1052,1056,1066,1072,1074,1092,1101,1103,1111,1120,1123,1143,1153,1154,1164,1180,1181,1218,1224,1225,1235,1241,1244,1253,1256,1257,1264,1270,1269,1280,1286,1286,1290,1295,1304,1324,1327,1326,1339,1338
783,3327,3337,3339,3353,3360,3355,3363,3365,3398,3392,3401,3404,3428,3426,3431,3448,3458,3452,3462,3459,3471,3460,3471,3471,3489,3497,3503,3530,3547,3534,3533,3537,3571,3542,3555,3572,3567,3581,3602,3627,3649,3627,3624,3621,3666,3624,3648,3652,3694,3705,3730,3767,3796,1000,1000,1001,1017,1027,1031,1046,1052,1056,1066,1072,1074,1092,1101,1103,1111,1120,1123,1143,1153,1154,1164,1180,1181,1218,1224,1225,1235,1241,1244,1253,1256,1257,1264,1270,1269,1280,1286,1286,1290,1295,1304,1324,1327,1326,1339,1338,1337
784,3337,3339,3353,3360,3355,3363,3365,3398,3392,3401,3404,3428,3426,3431,3448,3458,3452,3462,3459,3471,3460,3471,3471,3489,3497,3503,3530,3547,3534,3533,3537,3571,3542,3555,3572,3567,3581,3602,3627,3649,3627,3624,3621,3666,3624,3648,3652,3694,3705,3730,3767,3796,1000,1000,1001,1017,1027,1031,1046,1052,1056,1066,1072,1074,1092,1101,1103,1111,1120,1123,1143,1153,1154,1164,1180,1181,1218,1224,1225,1235,1241,1244,1253,1256,1257,1264,1270,1269,1280,1286,1286,1290,1295,1304,1324,1327,1326,1339,1338,1337,1367
785,3339,3353,3360,3355,3363,3365,3398,3392,3401,3404,3428,3426,3431,3448,3458,3452,3462,3459,3471,3460,3471,3471,3489,3497,3503,3530,3547,3534,3533,3537,3571,3542,3555,3572,3567,3581,3602,3627,3649,3627,3624,3621,3666,3624,3648,3652,3694,3705,3730,3767,3796,1000,1000,1001,1017,1027,1031,1046,1052,1056,1066,1072,1074,1092,1101,1103,1111,1120,1123,1143,1153,1154,1164,1180,1181,1218,1224,1225,1235,1241,1244,1253,1256,1257,1264,1270,1269,1280,1286,1286,1290,1295,1304,1324,1327,1326,1339,1338,1337,1367,1371
786,3353,3360,3355,3363,3365,3398,3392,3401,3404,3428,3426,3431,3448,3458,3452,3462,3459,3471,3460,3471,3471,3489,3497,3503,3530,3547,3534,3533,3537,3571,3542,3555,3572,3567,3581,3602,3627,3649,3627,3624,3621,3666,3624,3648,3652,3694,3705,3730,3767,3796,1000,1000,1001,1017,1027,1031,1046,1052,1056,1066,1072,1074,1092,1101,1103,1111,1120,1123,1143,1153,1154,1164,1180,1181,1218,1224,1225,1235,1241,1244,1253,1256,1257,1264,1270,1269,1280,1286,1286,1290,1295,1304,1324,1327,1326,1339,1338,1337,1367,1371,1375
787,3360,3355,3363,3365,3398,3392,3401,3404,3428,3426,3431,3448,3458,3452,3462,3459,3471,3460,3471,3471,3489,3497,3503,3530,3547,3534,3533,3537,3571,3542,3555,3572,3567,3581,3602,3627,3649,3627,3624,3621,3666,3624,3648,3652,3694,3705,3730,3767,3796,1000,1000,1001,1017,1027,1031,1046,1052,1056,1066,1072,1074,1092,1101,1103,1111,1120,1123,1143,1153,1154,1164,1180,1181,1218,1224,1225,1235,1241,1244,1253,1256,1257,1264,1270,1269,1280,1286,1286,1290,1295,1304,1324,1327,1326,1339,1338,1337,1367,1371,1375,1407
788,3355,3363,3365,3398,3392,3401,3404,3428,3426,3431,3448,3458,3452,3462,3459,3471,3460,3471,3471,3489,3497,3503,3530,3547,3534,3533,3537,3571,3542,3555,3572,3567,3581,3602,3627,3649,3627,3624,3621,3666,3624,3648,3652,3694,3705,3730,3767,3796,1000,1000,1001,1017,1027,1031,1046,1052,1056,1066,1072,1074,1092,1101,1103,1111,1120,1123,1143,1153,1154,1164,1180,1181,1218,1224,1225,1235,1241,1244,1253,1256,1257,1264,1270,1269,1280,1286,1286,1290,1295,1304,1324,1327,1326,1339,1338,1337,1367,1371,1375,1407,1412
789,3363,3365,3398,3392,3401,3404,3428,3426,3431,3448,3458,3452,3462,3459,3471,3460,3471,3471,3489,3497,3503,3530,3547,3534,3533,3537,3571,3542,3555,3572,3567,3581,3602,3627,3649,3627,3624,3621,3666,3624,3648,3652,3694,3705,3730,3767,3796,1000,1000,1001,1017,1027,1031,1046,1052,1056,1066,1072,1074,1092,1101,1103,1111,1120,1123,1143,1153,1154,1164,1180,1181,1218,1224,1225,1235,1241,1244,1253,1256,1257,1264,1270,1269,1280,1286,1286,1290,1295,1304,1324,1327,1326,1339,1338,1337,1367,1371,1375,1407,1412,1417
790,3365,3398,3392,3401,3404,3428,3426,3431,3448,3458,3452,3462,3459,3471,3460,3471,3471,3489,3497,3503,3530,3547,3534,3533,3537,3571,3542,3555,3572,3567,3581,3602,3627,3649,3627,3624,3621,3666,3624,3648,3652,3694,3705,3730,3767,3796,1000,1000,1001,1017,1027,1031,1046,1052,1056,1066,1072,1074,1092,1101,1103,1111,1120,1123,1143,1153,1154,1164,1180,1181,1218,1224,1225,1235,1241,1244,1253,1256,1257,1264,1270,1269,1280,1286,1286,1290,1295,1304,1324,1327,1326,1339,1338,1337,1367,1371,1375,1407,1412,1417,1448
791,3398,3392,3401,3404,3428,3426,3431,3448,3458,3452,3462,3459,3471,3460,3471,3471,3489,3497,3503,3530,3547,3534,3533,3537,3571,3542,3555,3572,3567,3581,3602,3627,3649,3627,3624,3621,3666,3624,3648,3652,3694,3705,3730,3767,3796,1000,1000,1001,1017,1027,1031,1046,1052,1056,1066,1072,1074,1092,1101,1103,1111,1120,1123,1143,1153,1154,1164,1180,1181,1218,1224,1225,1235,1241,1244,1253,1256,1257,1264,1270,1269,1280,1286,1286,1290,1295,1304,1324,1327,1326,1339,1338,1337,1367,1371,1375,1407,1412,1417,1448,1449
792,3392,3401,3404,3428,3426,3431,3448,3458,3452,3462,3459,3471,3460,3471,3471,3489,3497,3503,3530,3547,3534,3533,3537,3571,3542,3555,3572,3567,3581,3602,3627,3649,3627,3624,3621,3666,3624,3648,3652,3694,3705,3730,3767,3796,1000,1000,1001,1017,1027,1031,1046,1052,1056,1066,1072,1074,1092,1101,1103,1111,1120,1123,1143,1153,1154,1164,1180,1181,1218,1224,1225,1235,1241,1244,1253,1256,1257,1264,1270,1269,1280,1286,1286,1290,1295,1304,1324,1327,1326,1339,1338,1337,1367,1371,1375,1407,1412,1417,1448,1449,1450
793,3401,3404,3428,3426,3431,3448,3458,3452,3462,3459,3471,3460,3471,3471,3489,3497,3503,3530,3547,3534,3533,3537,3571,3542,3555,3572,3567,3581,3602,3627,3649,3627,3624,3621,3666,3624,3648,3652,3694,3705,3730,3767,3796,1000,1000,1001,1017,1027,1031,1046,1052,1056,1066,1072,1074,1092,1101,1103,1111,1120,1123,1143,1153,1154,1164,1180,1181,1218,1224,1225,1235,1241,1244,1253,1256,1257,1264,1270,1269,1280,1286,1286,1290,1295,1304,1324,1327,1326,1339,1338,1337,1367,1371,1375,1407,1412,1417,1448,1449,1450,1482
794,3404,3428,3426,3431,3448,3458,3452,3462,3459,3471,3460,3471,3471,3489,3497,3503,3530,3547,3534,3533,3537,3571,3542,3555,3572,3567,3581,3602,3627,3649,3627,3624,3621,3666,3624,3648,3652,3694,3705,3730,3767,3796,1000,1000,1001,1017,1027,1031,1046,1052,1056,1066,1072,1074,1092,1101,1103,1111,1120,1123,1143,1153,1154,1164,1180,1181,1218,1224,1225,1235,1241,1244,1253,1256,1257,1264,1270,1269,1280,1286,1286,1290,1295,1304,1324,1327,1326,1339,1338,1337,1367,1371,1375,1407,1412,1417,1448,1449,1450,1482,1485
795,3428,3426,3431,3448,3458,3452,3462,3459,3471,3460,3471,3471,3489,3497,3503,3530,3547,3534,3533,3537,3571,3542,3555,3572,3567,3581,3602,3627,3649,3627,3624,3621,3666,3624,3648,3652,3694,3705,3730,3767,3796,1000,1000,1001,1017,1027,1031,1046,1052,1056,1066,1072,1074,1092,1101,1103,1111,1120,1123,1143,1153,1154,1164,1180,1181,1218,1224,1225,1235,1241,1244,1253,1256,1257,1264,1270,1269,1280,1286,1286,1290,1295,1304,1324,1327,1326,1339,1338,1337,1367,1371,1375,1407,1412,1417,1448,1449,1450,1482,1485,1480
796,3426,3431,3448,3458,3452,3462,3459,3471,3460,3471,3471,3489,3497,3503,3530,3547,3534,3533,3537,3571,3542,3555,3572,3567,3581,3602,3627,3649,3627,3624,3621,3666,3624,3648,3652,3694,3705,3730,3767,3796,1000,1000,1001,1017,1027,1031,1046,1052,1056,1066,1072,1074,1092,1101,1103,1111,1120,1123,1143,1153,1154,1164,1180,1181,1218,1224,1225,1235,1241,1244,1253,1256,1257,1264,1270,1269,1280,1286,1286,1290,1295,1304,1324,1327,1326,1339,1338,1337,1367,1371,1375,1407,1412,1417,1448,1449,1450,1482,1485,1480,1516
797,3431,3448,3458,3452,3462,3459,3471,3460,3471,3471,3489,3497,3503,3530,3547,3534,3533,3537,3571,3542,3555,3572,3567,3581,3602,3627,3649,3627,3624,3621,3666,3624,3648,3652,3694,3705,3730,3767,3796,1000,1000,1001,1017,1027,1031,1046,1052,1056,1066,1072,1074,1092,1101,1103,1111,1120,1123,1143,1153,1154,1164,1180,1181,1218,1224,1225,1235,1241,1244,1253,1256,1257,1264,1270,1269,1280,1286,1286,1290,1295,1304,1324,1327,1326,1339,1338,1337,1367,1371,1375,1407,1412,1417,1448,1449,1450,1482,1485,1480,1516,1517
798,3448,3458,3452,3462,3459,3471,3460,3471,3471,3489,3497,3503,3530,3547,3534,3533,3537,3571,3542,3555,3572,3567,3581,3602,3627,3649,3627,3624,3621,3666,3624,3648,3652,3694,3705,3730,3767,3796,1000,1000,1001,1017,1027,1031,1046,1052,1056,1066,1072,1074,1092,1101,1103,1111,1120,1123,1143,1153,1154,1164,1180,1181,1218,1224,1225,1235,1241,1244,1253,1256,1257,1264,1270,1269,1280,1286,1286,1290,1295,1304,1324,1327,1326,1339,1338,1337,1367,1371,1375,1407,1412,1417,1448,1449,1450,1482,1485,1480,1516,1517,1518
799,3458,3452,3462,3459,3471,3460,3471,3471,3489,3497,3503,3530,3547,3534,3533,3537,3571,3542,3555,3572,3567,3581,3602,3627,3649,3627,3624,3621,3666,3624,3648,3652,3694,3705,3730,3767,3796,1000,1000,1001,1017,1027,1031,1046,1052,1056,1066,1072,1074,1092,1101,1103,1111,1120,1123,1143,1153,1154,1164,1180,1181,1218,1224,1225,1235,1241,1244,1253,1256,1257,1264,1270,1269,1280,1286,1286,1290,1295,1304,1324,1327,1326,1339,1338,1337,1367,1371,1375,1407,1412,1417,1448,1449,1450,1482,1485,1480,1516,1517,1518,1561
800,3452,3462,3459,3471,3460,3471,3471,3489,3497,3503,3530,3547,3534,3533,3537,3571,3542,3555,3572,3567,3581,3602,3627,3649,3627,3624,3621,3666,3624,3648,3652,3694,3705,3730,3767,3796,1000,1000,1001,1017,1027,1031,1046,1052,1056,1066,1072,1074,1092,1101,1103,1111,1120,1123,1143,1153,1154,1164,1180,1181,1218,1224,1225,1235,1241,1244,1253,1256,1257,1264,1270,1269,1280,1286,1286,1290,1295,1304,1324,1327,1326,1339,1338,1337,1367,1371,1375,1407,1412,1417,1448,1449,1450,1482,1485,1480,1516,1517,1518,1561,1561
801,3462,3459,3471,3460,3471,3471,3489,3497,3503,3530,3547,3534,3533,3537,3571,3542,3555,3572,3567,3581,3602,3627,3649,3627,3624,3621,3666,3624,3648,3652,3694,3705,3730,3767,3796,1000,1000,1001,1017,1027,1031,1046,1052,1056,1066,1072,1074,1092,1101,1103,1111,1120,1123,1143,1153,1154,1164,1180,1181,1218,1224,1225,1235,1241,1244,1253,1256,1257,1264,1270,1269,1280,1286,1286,1290,1295,1304,1324,1327,1326,1339,1338,1337,1367,1371,1375,1407,1412,1417,1448,1449,1450,1482,1485,1480,1516,1517,1518,1561,1561,1569
802,3459,3471,3460,3471,3471,3489,3497,3503,3530,3547,3534,3533,3537,3571,3542,3555,3572,3567,3581,3602,3627,3649,3627,3624,3621,3666,3624,3648,3652,3694,3705,3730,3767,3796,1000,1000,1001,1017,1027,1031,1046,1052,1056,1066,1072,1074,1092,1101,1103,1111,1120,1123,1143,1153,1154,1164,1180,1181,1218,1224,1225,1235,1241,1244,1253,1256,1257,1264,1270,1269,1280,1286,1286,1290,1295,1304,1324,1327,1326,1339,1338,1337,1367,1371,1375,1407,1412,1417,1448,1449,1450,1482,1485,1480,1516,1517,1518,1561,1561,1569,1592
803,3471,3460,3471,3471,3489,3497,3503,3530,3547,3534,3533,3537,3571,3542,3555,3572,3567,3581,3602,3627,3649,3627,3624,3621,3666,3624,3648,3652,3694,3705,3730,3767,3796,1000,1000,1001,1017,1027,1031,1046,1052,1056,1066,1072,1074,1092,1101,1103,1111,1120,1123,1143,1153,1154,1164,1180,1181,1218,1224,1225,1235,1241,1244,1253,1256,1257,1264,1270,1269,1280,1286,1286,1290,1295,1304,1324,1327,1326,1339,1338,1337,1367,1371,1375,1407,1412,1417,1448,1449,1450,1482,1485,1480,1516,1517,1518,1561,1561,1569,1592,1590
804,3460,3471,3471,3489,3497,3503,3530,3547,3534,3533,3537,3571,3542,3555,3572,3567,3581,3602,3627,3649,3627,3624,3621,3666,3624,3648,3652,3694,3705,3730,3767,3796,1000,1000,1001,1017,1027,1031,1046,1052,1056,1066,1072,1074,1092,1101,1103,1111,1120,1123,1143,1153,1154,1164,1180,1181,1218,1224,1225,1235,1241,1244,1253,1256,1257,1264,1270,1269,1280,1286,1286,1290,1295,1304,1324,1327,1326,1339,1338,1337,1367,1371,1375,1407,1412,1417,1448,1449,1450,1482,1485,1480,1516,1517,1518,1561,1561,1569,1592,1590,1588
805,3471,3471,3489,3497,3503,3530,3547,3534,3533,3537,3571,3542,3555,3572,3567,3581,3602,3627,3649,3627,3624,3621,3666,3624,3648,3652,3694,3705,3730,3767,3796,1000,1000,1001,1017,1027,1031,1046,1052,1056,1066,1072,1074,1092,1101,1103,1111,1120,1123,1143,1153,1154,1164,1180,1181,1218,1224,1225,1235,1241,1244,1253,1256,1257,1264,1270,1269,1280,1286,1286,1290,1295,1304,1324,1327,1326,1339,1338,1337,1367,1371,1375,1407,1412,1417,1448,1449,1450,1482,1485,1480,1516,1517,1518,1561,1561,1569,1592,1590,1588,1609
806,3471,3489,3497,3503,3530,3547,3534,3533,3537,3571,3542,3555,3572,3567,3581,3602,3627,3649,3627,3624,3621,3666,3624,3648,3652,3694,3705,3730,3767,3796,1000,1000,1001,1017,1027,1031,1046,1052,1056,1066,1072,1074,1092,1101,1103,1111,1120,1123,1143,1153,1154,1164,1180,1181,1218,1224,1225,1235,1241,1244,1253,1256,1257,1264,1270,1269,1280,1286,1286,1290,1295,1304,1324,1327,1326,1339,1338,1337,1367,1371,1375,1407,1412,1417,1448,1449,1450,1482,1485,1480,1516,1517,1518,1561,1561,1569,1592,1590,1588,1609,1614
807,3489,3497,3503,3530,3547,3534,3533,3537,3571,3542,3555,3572,3567,3581,3602,3627,3649,3627,3624,3621,3666,3624,3648,3652,3694,3705,3730,3767,3796,1000,1000,1001,1017,1027,1031,1046,1052,1056,1066,1072,1074,1092,1101,1103,1111,1120,1123,1143,1153,1154,1164,1180,1181,1218,1224,1225,1235,1241,1244,1253,1256,1257,1264,1270,1269,1280,1286,1286,1290,1295,1304,1324,1327,1326,1339,1338,1337,1367,1371,1375,1407,1412,1417,1448,1449,1450,1482,1485,1480,1516,1517,1518,1561,1561,1569,1592,1590,1588,1609,1614,1608
808,3497,3503,3530,3547,3534,3533,3537,3571,3542,3555,3572,3567,3581,3602,3627,3649,3627,3624,3621,3666,3624,3648,3652,3694,3705,3730,3767,3796,1000,1000,1001,1017,1027,1031,1046,1052,1056,1066,1072,1074,1092,1101,1103,1111,1120,1123,1143,1153,1154,1164,1180,1181,1218,1224,1225,1235,1241,1244,1253,1256,1257,1264,1270,1269,1280,1286,1286,1290,1295,1304,1324,1327,1326,1339,1338,1337,1367,1371,1375,1407,1412,1417,1448,1449,1450,1482,1485,1480,1516,1517,1518,1561,1561,1569,1592,1590,1588,1609,1614,1608,1629
809,3503,3530,3547,3534,3533,3537,3571,3542,3555,3572,3567,3581,3602,3627,3649,3627,3624,3621,3666,3624,3648,3652,3694,3705,3730,3767,3796,1000,1000,1001,1017,1027,1031,1046,1052,1056,1066,1072,1074,1092,1101,1103,1111,1120,1123,1143,1153,1154,1164,1180,1181,1218,1224,1225,1235,1241,1244,1253,1256,1257,1264,1270,1269,1280,1286,1286,1290,1295,1304,1324,1327,1326,1339,1338,1337,1367,1371,1375,1407,1412,1417,1448,1449,1450,1482,1485,1480,1516,1517,1518,1561,1561,1569,1592,1590,1588,1609,1614,1608,1629,1634
810,3530,3547,3534,3533,3537,3571,3542,3555,3572,3567,3581,3602,3627,3649,3627,3624,3621,3666,3624,3648,3652,3694,3705,3730,3767,3796,1000,1000,1001,1017,1027,1031,1046,1052,1056,1066,1072,1074,1092,1101,1103,1111,1120,1123,1143,1153,1154,1164,1180,1181,1218,1224,1225,1235,1241,1244,1253,1256,1257,1264,1270,1269,1280,1286,1286,1290,1295,1304,1324,1327,1326,1339,1338,1337,1367,1371,1375,1407,1412,1417,1448,1449,1450,1482,1485,1480,1516,1517,1518,1561,1561,1569,1592,1590,1588,1609,1614,1608,1629,1634,1638
811,3547,3534,3533,3537,3571,3542,3555,3572,3567,3581,3602,3627,3649,3627,3624,3621,3666,3624,3648,3652,3694,3705,3730,3767,3796,1000,1000,1001,1017,1027,1031,1046,1052,1056,1066,1072,1074,1092,1101,1103,1111,1120,1123,1143,1153,1154,1164,1180,1181,1218,1224,1225,1235,1241,1244,1253,1256,1257,1264,1270,1269,1280,1286,1286,1290,1295,1304,1324,1327,1326,1339,1338,1337,1367,1371,1375,1407,1412,1417,1448,1449,1450,1482,1485,1480,1516,1517,1518,1561,1561,1569,1592,1590,1588,1609,1614,1608,1629,1634,1638,1674
812,3534,3533,3537,3571,3542,3555,3572,3567,3581,3602,3627,3649,3627,3624,3621,3666,3624,3648,3652,3694,3705,3730,3767,3796,1000,1000,1001,1017,1027,1031,1046,1052,1056,1066,1072,1074,1092,1101,1103,1111,1120,1123,1143,1153,1154,1164,1180,1181,1218,1224,1225,1235,1241,1244,1253,1256,1257,1264,1270,1269,1280,1286,1286,1290,1295,1304,1324,1327,1326,1339,1338,1337,1367,1371,1375,1407,1412,1417,1448,1449,1450,1482,1485,1480,1516,1517,1518,1561,1561,1569,1592,1590,1588,1609,1614,1608,1629,1634,1638,1674,1675
813,3533,3537,3571,3542,3555,3572,3567,3581,3602,3627,3649,3627,3624,3621,3666,3624,3648,3652,3694,3705,3730,3767,3796,1000,1000,1001,1017,1027,1031,1046,1052,1056,1066,1072,1074,1092,1101,1103,1111,1120,1123,1143,1153,1154,1164,1180,1181,1218,1224,1225,1235,1241,1244,1253,1256,1257,1264,1270,1269,1280,1286,1286,1290,1295,1304,1324,1327,1326,1339,1338,1337,1367,1371,1375,1407,1412,1417,1448,1449,1450,1482,1485,1480,1516,1517,1518,1561,1561,1569,1592,1590,1588,1609,1614,1608,1629,1634,1638,1674,1675,1677
814,3537,3571,3542,3555,3572,3567,3581,3602,3627,3649,3627,3624,3621,3666,3624,3648,3652,3694,3705,3730,3767,3796,1000,1000,1001,1017,1027,1031,1046,1052,1056,1066,1072,1074,1092,1101,1103,1111,1120,1123,1143,1153,1154,1164,1180,1181,1218,1224,1225,1235,1241,1244,1253,1256,1257,1264,1270,1269,1280,1286,1286,1290,1295,1304,1324,1327,1326,1339,1338,1337,1367,1371,1375,1407,1412,1417,1448,1449,1450,1482,1485,1480,1516,1517,1518,1561,1561,1569,1592,1590,1588,1609,1614,1608,1629,1634,1638,1674,1675,1677,1685
815,3571,3542,3555,3572,3567,3581,3602,3627,3649,3627,3624,3621,3666,3624,3648,3652,3694,3705,3730,3767,3796,1000,1000,1001,1017,1027,1031,1046,1052,1056,1066,1072,1074,1092,1101,1103,1111,1120,1123,1143,1153,1154,1164,1180,1181,1218,1224,1225,1235,1241,1244,1253,1256,1257,1264,1270,1269,1280,1286,1286,1290,1295,1304,1324,1327,1326,1339,1338,1337,1367,1371,1375,1407,1412,1417,1448,1449,1450,1482,1485,1480,1516,1517,1518,1561,1561,1569,1592,1590,1588,1609,1614,1608,1629,1634,1638,1674,1675,1677,1685,1691
816,3542,3555,3572,3567,3581,3602,3627,3649,3627,3624,3621,3666,3624,3648,3652,3694,3705,3730,3767,3796,1000,1000,1001,1017,1027,1031,1046,1052,1056,1066,1072,1074,1092,1101,1103,1111,1120,1123,1143,1153,1154,1164,1180,1181,1218,1224,1225,1235,1241,1244,1253,1256,1257,1264,1270,1269,1280,1286,1286,1290,1295,1304,1324,1327,1326,1339,1338,1337,1367,1371,1375,1407,1412,1417,1448,1449,1450,1482,1485,1480,1516,1517,1518,1561,1561,1569,1592,1590,1588,1609,1614,1608,1629,1634,1638,1674,1675,1677,1685,1691,1693
817,3555,3572,3567,3581,3602,3627,3649,3627,3624,3621,3666,3624,3648,3652,3694,3705,3730,3767,3796,1000,1000,1001,1017,1027,1031,1046,1052,1056,1066,1072,1074,1092,1101,1103,1111,1120,1123,1143,1153,1154,1164,1180,1181,1218,1224,1225,1235,1241,1244,1253,1256,1257,1264,1270,1269,1280,1286,1286,1290,1295,1304,1324,1327,1326,1339,1338,1337,1367,1371,1375,1407,1412,1417,1448,1449,1450,1482,1485,1480,1516,1517,1518,1561,1561,1569,1592,1590,1588,1609,1614,1608,1629,1634,1638,1674,1675,1677,1685,1691,1693,1695
818,3572,3567,3581,3602,3627,3649,3627,3624,3621,3666,3624,3648,3652,3694,3705,3730,3767,3796,1000,1000,1001,1017,1027,1031,1046,1052,1056,1066,1072,1074,1092,1101,1103,1111,1120,1123,1143,1153,1154,1164,1180,1181,1218,1224,1225,1235,1241,1244,1253,1256,1257,1264,1270,1269,1280,1286,1286,1290,1295,1304,1324,1327,1326,1339,1338,1337,1367,1371,1375,1407,1412,1417,1448,1449,1450,1482,1485,1480,1516,1517,1518,1561,1561,1569,1592,1590,1588,1609,1614,1608,1629,1634,1638,1674,1675,1677,1685,1691,1693,1695,1695
819,3567,3581,3602,3627,3649,3627,3624,3621,3666,3624,3648,3652,3694,3705,3730,3767,3796,1000,1000,1001,1017,1027,1031,1046,1052,1056,1066,1072,1074,1092,1101,1103,1111,1120,1123,1143,1153,1154,1164,1180,1181,1218,1224,1225,1235,1241,1244,1253,1256,1257,1264,1270,1269,1280,1286,1286,1290,1295,1304,1324,1327,1326,1339,1338,1337,1367,1371,1375,1407,1412,1417,1448,1449,1450,1482,1485,1480,1516,1517,1518,1561,1561,1569,1592,1590,1588,1609,1614,1608,1629,1634,1638,1674,1675,1677,1685,1691,1693,1695,1695,1699
820,3581,3602,3627,3649,3627,3624,3621,3666,3624,3648,3652,3694,3705,3730,3767,3796,1000,1000,1001,1017,1027,1031,1046,1052,1056,1066,1072,1074,1092,1101,1103,1111,1120,1123,1143,1153,1154,1164,1180,1181,1218,1224,1225,1235,1241,1244,1253,1256,1257,1264,1270,1269,1280,1286,1286,1290,1295,1304,1324,1327,1326,1339,1338,1337,1367,1371,1375,1407,1412,1417,1448,1449,1450,1482,1485,1480,1516,1517,1518,1561,1561,1569,1592,1590,1588,1609,1614,1608,1629,1634,1638,1674,1675,1677,1685,1691,1693,1695,1695,1699,1702
821,3602,3627,3649,3627,3624,3621,3666,3624,3648,3652,3694,3705,3730,3767,3796,1000,1000,1001,1017,1027,1031,1046,1052,1056,1066,1072,1074,1092,1101,1103,1111,1120,1123,1143,1153,1154,1164,1180,1181,1218,1224,1225,1235,1241,1244,1253,1256,1257,1264,1270,1269,1280,1286,1286,1290,1295,1304,1324,1327,1326,1339,1338,1337,1367,1371,1375,1407,1412,1417,1448,1449,1450,1482,1485,1480,1516,1517,1518,1561,1561,1569,1592,1590,1588,1609,1614,1608,1629,1634,1638,1674,1675,1677,1685,1691,1693,1695,1695,1699,1702,1706
822,3627,3649,3627,3624,3621,3666,3624,3648,3652,3694,3705,3730,3767,3796,1000,1000,1001,1017,1027,1031,1046,1052,1056,1066,1072,1074,1092,1101,1103,1111,1120,1123,1143,1153,1154,1164,1180,1181,1218,1224,1225,1235,1241,1244,1253,1256,1257,1264,1270,1269,1280,1286,1286,1290,1295,1304,1324,1327,1326,1339,1338,1337,1367,1371,1375,1407,1412,1417,1448,1449,1450,1482,1485,1480,1516,1517,1518,1561,1561,1569,1592,1590,1588,1609,1614,1608,1629,1634,1638,1674,1675,1677,1685,1691,1693,1695,1695,1699,1702,1706,1710
823,3649,3627,3624,3621,3666,3624,3648,3652,3694,3705,3730,3767,3796,1000,1000,1001,1017,1027,1031,1046,1052,1056,1066,1072,1074,1092,1101,1103,1111,1120,1123,1143,1153,1154,1164,1180,1181,1218,1224,1225,1235,1241,1244,1253,1256,1257,1264,1270,1269,1280,1286,1286,1290,1295,1304,1324,1327,1326,1339,1338,1337,1367,1371,1375,1407,1412,1417,1448,1449,1450,1482,1485,1480,1516,1517,1518,1561,1561,1569,1592,1590,1588,1609,1614,1608,1629,1634,1638,1674,1675,1677,1685,1691,1693,1695,1695,1699,1702,1706,1710,1713
824,3627,3624,3621,3666,3624,3648,3652,3694,3705,3730,3767,3796,1000,1000,1001,1017,1027,1031,1046,1052,1056,1066,1072,1074,1092,1101,1103,1111,1120,1123,1143,1153,1154,1164,1180,1181,1218,1224,1225,1235,1241,1244,1253,1256,1257,1264,1270,1269,1280,1286,1286,1290,1295,1304,1324,1327,1326,1339,1338,1337,1367,1371,1375,1407,1412,1417,1448,1449,1450,1482,1485,1480,1516,1517,1518,1561,1561,1569,1592,1590,1588,1609,1614,1608,1629,1634,1638,1674,1675,1677,1685,1691,1693,1695,1695,1699,1702,1706,1710,1713,1716
825,3624,3621,3666,3624,3648,3652,3694,3705,3730,3767,3796,1000,1000,1001,1017,1027,1031,1046,1052,1056,1066,1072,1074,1092,1101,1103,1111,1120,1123,1143,1153,1154,1164,1180,1181,1218,1224,1225,1235,1241,1244,1253,1256,1257,1264,1270,1269,1280,1286,1286,1290,1295,1304,1324,1327,1326,1339,1338,1337,1367,1371,1375,1407,1412,1417,1448,1449,1450,1482,1485,1480,1516,1517,1518,1561,1561,1569,1592,1590,1588,1609,1614,1608,1629,1634,1638,1674,1675,1677,1685,1691,1693,1695,1695,1699,1702,1706,1710,1713,1716,1719
826,3621,3666,3624,3648,3652,3694,3705,3730,3767,3796,1000,1000,1001,1017,1027,1031,1046,1052,1056,1066,1072,1074,1092,1101,1103,1111,1120,1123,1143,1153,1154,1164,1180,1181,1218,1224,1225,1235,1241,1244,1253,1256,1257,1264,1270,1269,1280,1286,1286,1290,1295,1304,1324,1327,1326,1339,1338,1337,1367,1371,1375,1407,1412,1417,1448,1449,1450,1482,1485,1480,1516,1517,1518,1561,1561,1569,1592,1590,1588,1609,1614,1608,1629,1634,1638,1674,1675,1677,1685,1691,1693,1695,1695,1699,1702,1706,1710,1713,1716,1719,1716
827,3666,3624,3648,3652,3694,3705,3730,3767,3796,1000,1000,1001,1017,1027,1031,1046,1052,1056,1066,1072,1074,1092,1101,1103,1111,1120,1123,1143,1153,1154,1164,1180,1181,1218,1224,1225,1235,1241,1244,1253,1256,1257,1264,1270,1269,1280,1286,1286,1290,1295,1304,1324,1327,1326,1339,1338,1337,1367,1371,1375,1407,1412,1417,1448,1449,1450,1482,1485,1480,1516,1517,1518,1561,1561,1569,1592,1590,1588,1609,1614,1608,1629,1634,1638,1674,1675,1677,1685,1691,1693,1695,1695,1699,1702,1706,1710,1713,1716,1719,1716,1718
828,3624,3648,3652,3694,3705,3730,3767,3796,1000,1000,1001,1017,1027,1031,1046,1052,1056,1066,1072,1074,1092,1101,1103,1111,1120,1123,1143,1153,1154,1164,1180,1181,1218,1224,1225,1235,1241,1244,1253,1256,1257,1264,1270,1269,1280,1286,1286,1290,1295,1304,1324,1327,1326,1339,1338,1337,1367,1371,1375,1407,1412,1417,1448,1449,1450,1482,1485,1480,1516,1517,1518,1561,1561,1569,1592,1590,1588,1609,1614,1608,1629,1634,1638,1674,1675,1677,1685,1691,1693,1695,1695,1699,1702,1706,1710,1713,1716,1719,1716,1718,1722
829,3648,3652,3694,3705,3730,3767,3796,1000,1000,1001,1017,1027,1031,1046,1052,1056,1066,1072,1074,1092,1101,1103,1111,1120,1123,1143,1153,1154,1164,1180,1181,1218,1224,1225,1235,1241,1244,1253,1256,1257,1264,1270,1269,1280,1286,1286,1290,1295,1304,1324,1327,1326,1339,1338,1337,1367,1371,1375,1407,1412,1417,1448,1449,1450,1482,1485,1480,1516,1517,1518,1561,1561,1569,1592,1590,1588,1609,1614,1608,1629,1634,1638,1674,1675,1677,1685,1691,1693,1695,1695,1699,1702,1706,1710,1713,1716,1719,1716,1718,1722,1724
830,3652,3694,3705,3730,3767,3796,1000,1000,1001,1017,1027,1031,1046,1052,1056,1066,1072,1074,1092,1101,1103,1111,1120,1123,1143,1153,1154,1164,1180,1181,1218,1224,1225,1235,1241,1244,1253,1256,1257,1264,1270,1269,1280,1286,1286,1290,1295,1304,1324,1327,1326,1339,1338,1337,1367,1371,1375,1407,1412,1417,1448,1449,1450,1482,1485,1480,1516,1517,1518,1561,1561,1569,1592,1590,1588,1609,1614,1608,1629,1634,1638,1674,1675,1677,1685,1691,1693,1695,1695,1699,1702,1706,1710,1713,1716,1719,1716,1718,1722,1724,1723
831,3694,3705,3730,3767,3796,1000,1000,1001,1017,1027,1031,1046,1052,1056,1066,1072,1074,1092,1101,1103,1111,1120,1123,1143,1153,1154,1164,1180,1181,1218,1224,1225,1235,1241,1244,1253,1256,1257,1264,1270,1269,1280,1286,1286,1290,1295,1304,1324,1327,1326,1339,1338,1337,1367,1371,1375,1407,1412,1417,1448,1449,1450,1482,1485,1480,1516,1517,1518,1561,1561,1569,1592,1590,1588,1609,1614,1608,1629,1634,1638,1674,1675,1677,1685,1691,1693,1695,1695,1699,1702,1706,1710,1713,1716,1719,1716,1718,1722,1724,1723,1731
832,3705,3730,3767,3796,1000,1000,1001,1017,1027,1031,1046,1052,1056,1066,1072,1074,1092,1101,1103,1111,1120,1123,1143,1153,1154,1164,1180,1181,1218,1224,1225,1235,1241,1244,1253,1256,1257,1264,1270,1269,1280,1286,1286,1290,1295,1304,1324,1327,1326,1339,1338,1337,1367,1371,1375,1407,1412,1417,1448,1449,1450,1482,1485,1480,1516,1517,1518,1561,1561,1569,1592,1590,1588,1609,1614,1608,1629,1634,1638,1674,1675,1677,1685,1691,1693,1695,1695,1699,1702,1706,1710,1713,1716,1719,1716,1718,1722,1724,1723,1731,1729
833,3730,3767,3796,1000,1000,1001,1017,1027,1031,1046,1052,1056,1066,1072,1074,1092,1101,1103,1111,1120,1123,1143,1153,1154,1164,1180,1181,1218,1224,1225,1235,1241,1244,1253,1256,1257,1264,1270,1269,1280,1286,1286,1290,1295,1304,1324,1327,1326,1339,1338,1337,1367,1371,1375,1407,1412,1417,1448,1449,1450,1482,1485,1480,1516,1517,1518,1561,1561,1569,1592,1590,1588,1609,1614,1608,1629,1634,1638,1674,1675,1677,1685,1691,1693,1695,1695,1699,1702,1706,1710,1713,1716,1719,1716,1718,1722,1724,1723,1731,1729,1729
834,3767,3796,1000,1000,1001,1017,1027,1031,1046,1052,1056,1066,1072,1074,1092,1101,1103,1111,1120,1123,1143,1153,1154,1164,1180,1181,1218,1224,1225,1235,1241,1244,1253,1256,1257,1264,1270,1269,1280,1286,1286,1290,1295,1304,1324,1327,1326,1339,1338,1337,1367,1371,1375,1407,1412,1417,1448,1449,1450,1482,1485,1480,1516,1517,1518,1561,1561,1569,1592,1590,1588,1609,1614,1608,1629,1634,1638,1674,1675,1677,1685,1691,1693,1695,1695,1699,1702,1706,1710,1713,1716,1719,1716,1718,1722,1724,1723,1731,1729,1729,1728
835,3796,1000,1000,1001,1017,1027,1031,1046,1052,1056,1066,1072,1074,1092,1101,1103,1111,1120,1123,1143,1153,1154,1164,1180,1181,1218,1224,1225,1235,1241,1244,1253,1256,1257,1264,1270,1269,1280,1286,1286,1290,1295,1304,1324,1327,1326,1339,1338,1337,1367,1371,1375,1407,1412,1417,1448,1449,1450,1482,1485,1480,1516,1517,1518,1561,1561,1569,1592,1590,1588,1609,1614,1608,1629,1634,1638,1674,1675,1677,1685,1691,1693,1695,1695,1699,1702,1706,1710,1713,1716,1719,1716,1718,1722,1724,1723,1731,1729,1729,1728,1723
836,1000,1000,1001,1017,1027,1031,1046,1052,1056,1066,1072,1074,1092,1101,1103,1111,1120,1123,1143,1153,1154,1164,1180,1181,1218,1224,1225,1235,1241,1244,1253,1256,1257,1264,1270,1269,1280,1286,1286,1290,1295,1304,1324,1327,1326,1339,1338,1337,1367,1371,1375,1407,1412,1417,1448,1449,1450,1482,1485,1480,1516,1517,1518,1561,1561,1569,1592,1590,1588,1609,1614,1608,1629,1634,1638,1674,1675,1677,1685,1691,1693,1695,1695,1699,1702,1706,1710,1713,1716,1719,1716,1718,1722,1724,1723,1731,1729,1729,1728,1723,1724
837,1000,1001,1017,1027,1031,1046,1052,1056,1066,1072,1074,1092,1101,1103,1111,1120,1123,1143,1153,1154,1164,1180,1181,1218,1224,1225,1235,1241,1244,1253,1256,1257,1264,1270,1269,1280,1286,1286,1290,1295,1304,1324,1327,1326,1339,1338,1337,1367,1371,1375,1407,1412,1417,1448,1449,1450,1482,1485,1480,1516,1517,1518,1561,1561,1569,1592,1590,1588,1609,1614,1608,1629,1634,1638,1674,1675,1677,1685,1691,1693,1695,1695,1699,1702,1706,1710,1713,1716,1719,1716,1718,1722,1724,1723,1731,1729,1729,1728,1723,1724,1726
838,1001,1017,1027,1031,1046,1052,1056,1066,1072,1074,1092,1101,1103,1111,1120,1123,1143,1153,1154,1164,1180,1181,1218,1224,1225,1235,1241,1244,1253,1256,1257,1264,1270,1269,1280,1286,1286,1290,1295,1304,1324,1327,1326,1339,1338,1337,1367,1371,1375,1407,1412,1417,1448,1449,1450,1482,1485,1480,1516,1517,1518,1561,1561,1569,1592,1590,1588,1609,1614,1608,1629,1634,1638,1674,1675,1677,1685,1691,1693,1695,1695,1699,1702,1706,1710,1713,1716,1719,1716,1718,1722,1724,1723,1731,1729,1729,1728,1723,1724,1726,1725
839,1017,1027,1031,1046,1052,1056,1066,1072,1074,1092,1101,1103,1111,1120,1123,1143,1153,1154,1164,1180,1181,1218,1224,1225,1235,1241,1244,1253,1256,1257,1264,1270,1269,1280,1286,1286,1290,1295,1304,1324,1327,1326,1339,1338,1337,1367,1371,1375,1407,1412,1417,1448,1449,1450,1482,1485,1480,1516,1517,1518,1561,1561,1569,1592,1590,1588,1609,1614,1608,1629,1634,1638,1674,1675,1677,1685,1691,1693,1695,1695,1699,1702,1706,1710,1713,1716,1719,1716,1718,1722,1724,1723,1731,1729,1729,1728,1723,1724,1726,1725,1731
840,1027,1031,1046,1052,1056,1066,1072,1074,1092,1101,1103,1111,1120,1123,1143,1153,1154,1164,1180,1181,1218,1224,1225,1235,1241,1244,1253,1256,1257,1264,1270,1269,1280,1286,1286,1290,1295,1304,1324,1327,1326,1339,1338,1337,1367,1371,1375,1407,1412,1417,1448,1449,1450,1482,1485,1480,1516,1517,1518,1561,1561,1569,1592,1590,1588,1609,1614,1608,1629,1634,1638,1674,1675,1677,1685,1691,1693,1695,1695,1699,1702,1706,1710,1713,1716,1719,1716,1718,1722,1724,1723,1731,1729,1729,1728,1723,1724,1726,1725,1731,1734
841,1031,1046,1052,1056,1066,1072,1074,1092,1101,1103,1111,1120,1123,1143,1153,1154,1164,1180,1181,1218,1224,1225,1235,1241,1244,1253,1256,1257,1264,1270,1269,1280,1286,1286,1290,1295,1304,1324,1327,1326,1339,1338,1337,1367,1371,1375,1407,1412,1417,1448,1449,1450,1482,1485,1480,1516,1517,1518,1561,1561,1569,1592,1590,1588,1609,1614,1608,1629,1634,1638,1674,1675,1677,1685,1691,1693,1695,1695,1699,1702,1706,1710,1713,1716,1719,1716,1718,1722,1724,1723,1731,1729,1729,1728,1723,1724,1726,1725,1731,1734,1711
842,1046,1052,1056,1066,1072,1074,1092,1101,1103,1111,1120,1123,1143,1153,1154,1164,1180,1181,1218,1224,1225,1235,1241,1244,1253,1256,1257,1264,1270,1269,1280,1286,1286,1290,1295,1304,1324,1327,1326,1339,1338,1337,1367,1371,1375,1407,1412,1417,1448,1449,1450,1482,1485,1480,1516,1517,1518,1561,1561,1569,1592,1590,1588,1609,1614,1608,1629,1634,1638,1674,1675,1677,1685,1691,1693,1695,1695,1699,1702,1706,1710,1713,1716,1719,1716,1718,1722,1724,1723,1731,1729,1729,1728,1723,1724,1726,1725,1731,1734,1711,1712
843,1052,1056,1066,1072,1074,1092,1101,1103,1111,1120,1123,1143,1153,1154,1164,1180,1181,1218,1224,1225,1235,1241,1244,1253,1256,1257,1264,1270,1269,1280,1286,1286,1290,1295,1304,1324,1327,1326,1339,1338,1337,1367,1371,1375,1407,1412,1417,1448,1449,1450,1482,1485,1480,1516,1517,1518,1561,1561,1569,1592,1590,1588,1609,1614,1608,1629,1634,1638,1674,1675,1677,1685,1691,1693,1695,1695,1699,1702,1706,1710,1713,1716,1719,1716,1718,1722,1724,1723,1731,1729,1729,1728,1723,1724,1726,1725,1731,1734,1711,1712,1718
844,1056,1066,1072,1074,1092,1101,1103,1111,1120,1123,1143,1153,1154,1164,1180,1181,1218,1224,1225,1235,1241,1244,1253,1256,1257,1264,1270,1269,1280,1286,1286,1290,1295,1304,1324,1327,1326,1339,1338,1337,1367,1371,1375,1407,1412,1417,1448,1449,1450,1482,1485,1480,1516,1517,1518,1561,1561,1569,1592,1590,1588,1609,1614,1608,1629,1634,1638,1674,1675,1677,1685,1691,1693,1695,1695,1699,1702,1706,1710,1713,1716,1719,1716,1718,1722,1724,1723,1731,1729,1729,1728,1723,1724,1726,1725,1731,1734,1711,1712,1718,1713
845,1066,1072,1074,1092,1101,1103,1111,1120,1123,1143,1153,1154,1164,1180,1181,1218,1224,1225,1235,1241,1244,1253,1256,1257,1264,1270,1269,1280,1286,1286,1290,1295,1304,1324,1327,1326,1339,1338,1337,1367,1371,1375,1407,1412,1417,1448,1449,1450,1482,1485,1480,1516,1517,1518,1561,1561,1569,1592,1590,1588,1609,1614,1608,1629,1634,1638,1674,1675,1677,1685,1691,1693,1695,1695,1699,1702,1706,1710,1713,1716,1719,1716,1718,1722,1724,1723,1731,1729,1729,1728,1723,1724,1726,1725,1731,1734,1711,1712,1718,1713,1716
846,1072,1074,1092,1101,1103,1111,1120,1123,1143,1153,1154,1164,1180,1181,1218,1224,1225,1235,1241,1244,1253,1256,1257,1264,1270,1269,1280,1286,1286,1290,1295,1304,1324,1327,1326,1339,1338,1337,1367,1371,1375,1407,1412,1417,1448,1449,1450,1482,1485,1480,1516,1517,1518,1561,1561,1569,1592,1590,1588,1609,1614,1608,1629,1634,1638,1674,1675,1677,1685,1691,1693,1695,1695,1699,1702,1706,1710,1713,1716,1719,1716,1718,1722,1724,1723,1731,1729,1729,1728,1723,1724,1726,1725,1731,1734,1711,1712,1718,1713,1716,1717
847,1074,1092,1101,1103,1111,1120,1123,1143,1153,1154,1164,1180,1181,1218,1224,1225,1235,1241,1244,1253,1256,1257,1264,1270,1269,1280,1286,1286,1290,1295,1304,1324,1327,1326,1339,1338,1337,1367,1371,1375,1407,1412,1417,1448,1449,1450,1482,1485,1480,1516,1517,1518,1561,1561,1569,1592,1590,1588,1609,1614,1608,1629,1634,1638,1674,1675,1677,1685,1691,1693,1695,1695,1699,1702,1706,1710,1713,1716,1719,1716,1718,1722,1724,1723,1731,1729,1729,1728,1723,1724,1726,1725,1731,1734,1711,1712,1718,1713,1716,1717,1719
848,1092,1101,1103,1111,1120,1123,1143,1153,1154,1164,1180,1181,1218,1224,1225,1235,1241,1244,1253,1256,1257,1264,1270,1269,1280,1286,1286,1290,1295,1304,1324,1327,1326,1339,1338,1337,1367,1371,1375,1407,1412,1417,1448,1449,1450,1482,1485,1480,1516,1517,1518,1561,1561,1569,1592,1590,1588,1609,1614,1608,1629,1634,1638,1674,1675,1677,1685,1691,1693,1695,1695,1699,1702,1706,1710,1713,1716,1719,1716,1718,1722,1724,1723,1731,1729,1729,1728,1723,1724,1726,1725,1731,1734,1711,1712,1718,1713,1716,1717,1719,1723
849,1101,1103,1111,1120,1123,1143,1153,1154,1164,1180,1181,1218,1224,1225,1235,1241,1244,1253,1256,1257,1264,1270,1269,1280,1286,1286,1290,1295,1304,1324,1327,1326,1339,1338,1337,1367,1371,1375,1407,1412,1417,1448,1449,1450,1482,1485,1480,1516,1517,1518,1561,1561,1569,1592,1590,1588,1609,1614,1608,1629,1634,1638,1674,1675,1677,1685,1691,1693,1695,1695,1699,1702,1706,1710,1713,1716,1719,1716,1718,1722,1724,1723,1731,1729,1729,1728,1723,1724,1726,1725,1731,1734,1711,1712,1718,1713,1716,1717,1719,1723,1724
850,1103,1111,1120,1123,1143,1153,1154,1164,1180,1181,1218,1224,1225,1235,1241,1244,1253,1256,1257,1264,1270,1269,1280,1286,1286,1290,1295,1304,1324,1327,1326,1339,1338,1337,1367,1371,1375,1407,1412,1417,1448,1449,1450,1482,1485,1480,1516,1517,1518,1561,1561,1569,1592,1590,1588,1609,1614,1608,1629,1634,1638,1674,1675,1677,1685,1691,1693,1695,1695,1699,1702,1706,1710,1713,1716,1719,1716,1718,1722,1724,1723,1731,1729,1729,1728,1723,1724,1726,1725,1731,1734,1711,1712,1718,1713,1716,1717,1719,1723,1724,1731
851,1111,1120,1123,1143,1153,1154,1164,1180,1181,1218,1224,1225,1235,1241,1244,1253,1256,1257,1264,1270,1269,1280,1286,1286,1290,1295,1304,1324,1327,1326,1339,1338,1337,1367,1371,1375,1407,1412,1417,1448,1449,1450,1482,1485,1480,1516,1517,1518,1561,1561,1569,1592,1590,1588,1609,1614,1608,1629,1634,1638,1674,1675,1677,1685,1691,1693,1695,1695,1699,1702,1706,1710,1713,1716,1719,1716,1718,1722,1724,1723,1731,1729,1729,1728,1723,1724,1726,1725,1731,1734,1711,1712,1718,1713,1716,1717,1719,1723,1724,1731,1734
852,1120,1123,1143,1153,1154,1164,1180,1181,1218,1224,1225,1235,1241,1244,1253,1256,1257,1264,1270,1269,1280,1286,1286,1290,1295,1304,1324,1327,1326,1339,1338,1337,1367,1371,1375,1407,1412,1417,1448,1449,1450,1482,1485,1480,1516,1517,1518,1561,1561,1569,1592,1590,1588,1609,1614,1608,1629,1634,1638,1674,1675,1677,1685,1691,1693,1695,1695,1699,1702,1706,1710,1713,1716,1719,1716,1718,1722,1724,1723,1731,1729,1729,1728,1723,1724,1726,1725,1731,1734,1711,1712,1718,1713,1716,1717,1719,1723,1724,1731,1734,1741
853,1123,1143,1153,1154,1164,1180,1181,1218,1224,1225,1235,1241,1244,1253,1256,1257,1264,1270,1269,1280,1286,1286,1290,1295,1304,1324,1327,1326,1339,1338,1337,1367,1371,1375,1407,1412,1417,1448,1449,1450,1482,1485,1480,1516,1517,1518,1561,1561,1569,1592,1590,1588,1609,1614,1608,1629,1634,1638,1674,1675,1677,1685,1691,1693,1695,1695,1699,1702,1706,1710,1713,1716,1719,1716,1718,1722,1724,1723,1731,1729,1729,1728,1723,1724,1726,1725,1731,1734,1711,1712,1718,1713,1716,1717,1719,1723,1724,1731,1734,1741,1749
854,1143,1153,1154,1164,1180,1181,1218,1224,1225,1235,1241,1244,1253,1256,1257,1264,1270,1269,1280,1286,1286,1290,1295,1304,1324,1327,1326,1339,1338,1337,1367,1371,1375,1407,1412,1417,1448,1449,1450,1482,1485,1480,1516,1517,1518,1561,1561,1569,1592,1590,1588,1609,1614,1608,1629,1634,1638,1674,1675,1677,1685,1691,1693,1695,1695,1699,1702,1706,1710,1713,1716,1719,1716,1718,1722,1724,1723,1731,1729,1729,1728,1723,1724,1726,1725,1731,1734,1711,1712,1718,1713,1716,1717,1719,1723,1724,1731,1734,1741,1749,1751
855,1153,1154,1164,1180,1181,1218,1224,1225,1235,1241,1244,1253,1256,1257,1264,1270,1269,1280,1286,1286,1290,1295,1304,1324,1327,1326,1339,1338,1337,1367,1371,1375,1407,1412,1417,1448,1449,1450,1482,1485,1480,1516,1517,1518,1561,1561,1569,1592,1590,1588,1609,1614,1608,1629,1634,1638,1674,1675,1677,1685,1691,1693,1695,1695,1699,1702,1706,1710,1713,1716,1719,1716,1718,1722,1724,1723,1731,1729,1729,1728,1723,1724,1726,1725,1731,1734,1711,1712,1718,1713,1716,1717,1719,1723,1724,1731,1734,1741,1749,1751,1760
856,1154,1164,1180,1181,1218,1224,1225,1235,1241,1244,1253,1256,1257,1264,1270,1269,1280,1286,1286,1290,1295,1304,1324,1327,1326,1339,1338,1337,1367,1371,1375,1407,1412,1417,1448,1449,1450,1482,1485,1480,1516,1517,1518,1561,1561,1569,1592,1590,1588,1609,1614,1608,1629,1634,1638,1674,1675,1677,1685,1691,1693,1695,1695,1699,1702,1706,1710,1713,1716,1719,1716,1718,1722,1724,1723,1731,1729,1729,1728,1723,1724,1726,1725,1731,1734,1711,1712,1718,1713,1716,1717,1719,1723,1724,1731,1734,1741,1749,1751,1760,1772
857,1164,1180,1181,1218,1224,1225,1235,1241,1244,1253,1256,1257,1264,1270,1269,1280,1286,1286,1290,1295,1304,1324,1327,1326,1339,1338,1337,1367,1371,1375,1407,1412,1417,1448,1449,1450,1482,1485,1480,1516,1517,1518,1561,1561,1569,1592,1590,1588,1609,1614,1608,1629,1634,1638,1674,1675,1677,1685,1691,1693,1695,1695,1699,1702,1706,1710,1713,1716,1719,1716,1718,1722,1724,1723,1731,1729,1729,1728,1723,1724,1726,1725,1731,1734,1711,1712,1718,1713,1716,1717,1719,1723,1724,1731,1734,1741,1749,1751,1760,1772,1776
858,1180,1181,1218,1224,1225,1235,1241,1244,1253,1256,1257,1264,1270,1269,1280,1286,1286,1290,1295,1304,1324,1327,1326,1339,1338,1337,1367,1371,1375,1407,1412,1417,1448,1449,1450,1482,1485,1480,1516,1517,1518,1561,1561,1569,1592,1590,1588,1609,1614,1608,1629,1634,1638,1674,1675,1677,1685,1691,1693,1695,1695,1699,1702,1706,1710,1713,1716,1719,1716,1718,1722,1724,1723,1731,1729,1729,1728,1723,1724,1726,1725,1731,1734,1711,1712,1718,1713,1716,1717,1719,1723,1724,1731,1734,1741,1749,1751,1760,1772,1776,1778
859,1181,1218,1224,1225,1235,1241,1244,1253,1256,1257,1264,1270,1269,1280,1286,1286,1290,1295,1304,1324,1327,1326,1339,1338,1337,1367,1371,1375,1407,1412,1417,1448,1449,1450,1482,1485,1480,1516,1517,1518,1561,1561,1569,1592,1590,1588,1609,1614,1608,1629,1634,1638,1674,1675,1677,1685,1691,1693,1695,1695,1699,1702,1706,1710,1713,1716,1719,1716,1718,1722,1724,1723,1731,1729,1729,1728,1723,1724,1726,1725,1731,1734,1711,1712,1718,1713,1716,1717,1719,1723,1724,1731,1734,1741,1749,1751,1760,1772,1776,1778,1789
860,1218,1224,1225,1235,1241,1244,1253,1256,1257,1264,1270,1269,1280,1286,1286,1290,1295,1304,1324,1327,1326,1339,1338,1337,1367,1371,1375,1407,1412,1417,1448,1449,1450,1482,1485,1480,1516,1517,1518,1561,1561,1569,1592,1590,1588,1609,1614,1608,1629,1634,1638,1674,1675,1677,1685,1691,1693,1695,1695,1699,1702,1706,1710,1713,1716,1719,1716,1718,1722,1724,1723,1731,1729,1729,1728,1723,1724,1726,1725,1731,1734,1711,1712,1718,1713,1716,1717,1719,1723,1724,1731,1734,1741,1749,1751,1760,1772,1776,1778,1789,1795
861,1224,1225,1235,1241,1244,1253,1256,1257,1264,1270,1269,1280,1286,1286,1290,1295,1304,1324,1327,1326,1339,1338,1337,1367,1371,1375,1407,1412,1417,1448,1449,1450,1482,1485,1480,1516,1517,1518,1561,1561,1569,1592,1590,1588,1609,1614,1608,1629,1634,1638,1674,1675,1677,1685,1691,1693,1695,1695,1699,1702,1706,1710,1713,1716,1719,1716,1718,1722,1724,1723,1731,1729,1729,1728,1723,1724,1726,1725,1731,1734,1711,1712,1718,1713,1716,1717,1719,1723,1724,1731,1734,1741,1749,1751,1760,1772,1776,1778,1789,1795,1799
862,1225,1235,1241,1244,1253,1256,1257,1264,1270,1269,1280,1286,1286,1290,1295,1304,1324,1327,1326,1339,1338,1337,1367,1371,1375,1407,1412,1417,1448,1449,1450,1482,1485,1480,1516,1517,1518,1561,1561,1569,1592,1590,1588,1609,1614,1608,1629,1634,1638,1674,1675,1677,1685,1691,1693,1695,1695,1699,1702,1706,1710,1713,1716,1719,1716,1718,1722,1724,1723,1731,1729,1729,1728,1723,1724,1726,1725,1731,1734,1711,1712,1718,1713,1716,1717,1719,1723,1724,1731,1734,1741,1749,1751,1760,1772,1776,1778,1789,1795,1799,1801
863,1235,1241,1244,1253,1256,1257,1264,1270,1269,1280,1286,1286,1290,1295,1304,1324,1327,1326,1339,1338,1337,1367,1371,1375,1407,1412,1417,1448,1449,1450,1482,1485,1480,1516,1517,1518,1561,1561,1569,1592,1590,1588,1609,1614,1608,1629,1634,1638,1674,1675,1677,1685,1691,1693,1695,1695,1699,1702,1706,1710,1713,1716,1719,1716,1718,1722,1724,1723,1731,1729,1729,1728,1723,1724,1726,1725,1731,1734,1711,1712,1718,1713,1716,1717,1719,1723,1724,1731,1734,1741,1749,1751,1760,1772,1776,1778,1789,1795,1799,1801,1810
864,1241,1244,1253,1256,1257,1264,1270,1269,1280,1286,1286,1290,1295,1304,1324,1327,1326,1339,1338,1337,1367,1371,1375,1407,1412,1417,1448,1449,1450,1482,1485,1480,1516,1517,1518,1561,1561,1569,1592,1590,1588,1609,1614,1608,1629,1634,1638,1674,1675,1677,1685,1691,1693,1695,1695,1699,1702,1706,1710,1713,1716,1719,1716,1718,1722,1724,1723,1731,1729,1729,1728,1723,1724,1726,1725,1731,1734,1711,1712,1718,1713,1716,1717,1719,1723,1724,1731,1734,1741,1749,1751,1760,1772,1776,1778,1789,1795,1799,1801,1810,1822
865,1244,1253,1256,1257,1264,1270,1269,1280,1286,1286,1290,1295,1304,1324,1327,1326,1339,1338,1337,1367,1371,1375,1407,1412,1417,1448,1449,1450,1482,1485,1480,1516,1517,1518,1561,1561,1569,1592,1590,1588,1609,1614,1608,1629,1634,1638,1674,1675,1677,1685,1691,1693,1695,1695,1699,1702,1706,1710,1713,1716,1719,1716,1718,1722,1724,1723,1731,1729,1729,1728,1723,1724,1726,1725,1731,1734,1711,1712,1718,1713,1716,1717,1719,1723,1724,1731,1734,1741,1749,1751,1760,1772,1776,1778,1789,1795,1799,1801,1810,1822,1836
866,1253,1256,1257,1264,1270,1269,1280,1286,1286,1290,1295,1304,1324,1327,1326,1339,1338,1337,1367,1371,1375,1407,1412,1417,1448,1449,1450,1482,1485,1480,1516,1517,1518,1561,1561,1569,1592,1590,1588,1609,1614,1608,1629,1634,1638,1674,1675,1677,1685,1691,1693,1695,1695,1699,1702,1706,1710,1713,1716,1719,1716,1718,1722,1724,1723,1731,1729,1729,1728,1723,1724,1726,1725,1731,1734,1711,1712,1718,1713,1716,1717,1719,1723,1724,1731,1734,1741,1749,1751,1760,1772,1776,1778,1789,1795,1799,1801,1810,1822,1836,1836
867,1256,1257,1264,1270,1269,1280,1286,1286,1290,1295,1304,1324,1327,1326,1339,1338,1337,1367,1371,1375,1407,1412,1417,1448,1449,1450,1482,1485,1480,1516,1517,1518,1561,1561,1569,1592,1590,1588,1609,1614,1608,1629,1634,1638,1674,1675,1677,1685,1691,1693,1695,1695,1699,1702,1706,1710,1713,1716,1719,1716,1718,1722,1724,1723,1731,1729,1729,1728,1723,1724,1726,1725,1731,1734,1711,1712,1718,1713,1716,1717,1719,1723,1724,1731,1734,1741,1749,1751,1760,1772,1776,1778,1789,1795,1799,1801,1810,1822,1836,1836,1841
868,1257,1264,1270,1269,1280,1286,1286,1290,1295,1304,1324,1327,1326,1339,1338,1337,1367,1371,1375,1407,1412,1417,1448,1449,1450,1482,1485,1480,1516,1517,1518,1561,1561,1569,1592,1590,1588,1609,1614,1608,1629,1634,1638,1674,1675,1677,1685,1691,1693,1695,1695,1699,1702,1706,1710,1713,1716,1719,1716,1718,1722,1724,1723,1731,1729,1729,1728,1723,1724,1726,1725,1731,1734,1711,1712,1718,1713,1716,1717,1719,1723,1724,1731,1734,1741,1749,1751,1760,1772,1776,1778,1789,1795,1799,1801,1810,1822,1836,1836,1841,1858
869,1264,1270,1269,1280,1286,1286,1290,1295,1304,1324,1327,1326,1339,1338,1337,1367,1371,1375,1407,1412,1417,1448,1449,1450,1482,1485,1480,1516,1517,1518,1561,1561,1569,1592,1590,1588,1609,1614,1608,1629,1634,1638,1674,1675,1677,1685,1691,1693,1695,1695,1699,1702,1706,1710,1713,1716,1719,1716,1718,1722,1724,1723,1731,1729,1729,1728,1723,1724,1726,1725,1731,1734,1711,1712,1718,1713,1716,1717,1719,1723,1724,1731,1734,1741,1749,1751,1760,1772,1776,1778,1789,1795,1799,1801,1810,1822,1836,1836,1841,1858,1861
870,1270,1269,1280,1286,1286,1290,1295,1304,1324,1327,1326,1339,1338,1337,1367,1371,1375,1407,1412,1417,1448,1449,1450,1482,1485,1480,1516,1517,1518,1561,1561,1569,1592,1590,1588,1609,1614,1608,1629,1634,1638,1674,1675,1677,1685,1691,1693,1695,1695,1699,1702,1706,1710,1713,1716,1719,1716,1718,1722,1724,1723,1731,1729,1729,1728,1723,1724,1726,1725,1731,1734,1711,1712,1718,1713,1716,1717,1719,1723,1724,1731,1734,1741,1749,1751,1760,1772,1776,1778,1789,1795,1799,1801,1810,1822,1836,1836,1841,1858,1861,1863
871,1269,1280,1286,1286,1290,1295,1304,1324,1327,1326,1339,1338,1337,1367,1371,1375,1407,1412,1417,1448,1449,1450,1482,1485,1480,1516,1517,1518,1561,1561,1569,1592,1590,1588,1609,1614,1608,1629,1634,1638,1674,1675,1677,1685,1691,1693,1695,1695,1699,1702,1706,1710,1713,1716,1719,1716,1718,1722,1724,1723,1731,1729,1729,1728,1723,1724,1726,1725,1731,1734,1711,1712,1718,1713,1716,1717,1719,1723,1724,1731,1734,1741,1749,1751,1760,1772,1776,1778,1789,1795,1799,1801,1810,1822,1836,1836,1841,1858,1861,1863,1880
872,1280,1286,1286,1290,1295,1304,1324,1327,1326,1339,1338,1337,1367,1371,1375,1407,1412,1417,1448,1449,1450,1482,1485,1480,1516,1517,1518,1561,1561,1569,1592,1590,1588,1609,1614,1608,1629,1634,1638,1674,1675,1677,1685,1691,1693,1695,1695,1699,1702,1706,1710,1713,1716,1719,1716,1718,1722,1724,1723,1731,1729,1729,1728,1723,1724,1726,1725,1731,1734,1711,1712,1718,1713,1716,1717,1719,1723,1724,1731,1734,1741,1749,1751,1760,1772,1776,1778,1789,1795,1799,1801,1810,1822,1836,1836,1841,1858,1861,1863,1880,1884
873,1286,1286,1290,1295,1304,1324,1327,1326,1339,1338,1337,1367,1371,1375,1407,1412,1417,1448,1449,1450,1482,1485,1480,1516,1517,1518,1561,1561,1569,1592,1590,1588,1609,1614,1608,1629,1634,1638,1674,1675,1677,1685,1691,1693,1695,1695,1699,1702,1706,1710,1713,1716,1719,1716,1718,1722,1724,1723,1731,1729,1729,1728,1723,1724,1726,1725,1731,1734,1711,1712,1718,1713,1716,1717,1719,1723,1724,1731,1734,1741,1749,1751,1760,1772,1776,1778,1789,1795,1799,1801,1810,1822,1836,1836,1841,1858,1861,1863,1880,1884,1888
874,1286,1290,1295,1304,1324,1327,1326,1339,1338,1337,1367,1371,1375,1407,1412,1417,1448,1449,1450,1482,1485,1480,1516,1517,1518,1561,1561,1569,1592,1590,1588,1609,1614,1608,1629,1634,1638,1674,1675,1677,1685,1691,1693,1695,1695,1699,1702,1706,1710,1713,1716,1719,1716,1718,1722,1724,1723,1731,1729,1729,1728,1723,1724,1726,1725,1731,1734,1711,1712,1718,1713,1716,1717,1719,1723,1724,1731,1734,1741,1749,1751,1760,1772,1776,1778,1789,1795,1799,1801,1810,1822,1836,1836,1841,1858,1861,1863,1880,1884,1888,1894
875,1290,1295,1304,1324,1327,1326,1339,1338,1337,1367,1371,1375,1407,1412,1417,1448,1449,1450,1482,1485,1480,1516,1517,1518,1561,1561,1569,1592,1590,1588,1609,1614,1608,1629,1634,1638,1674,1675,1677,1685,1691,1693,1695,1695,1699,1702,1706,1710,1713,1716,1719,1716,1718,1722,1724,1723,1731,1729,1729,1728,1723,1724,1726,1725,1731,1734,1711,1712,1718,1713,1716,1717,1719,1723,1724,1731,1734,1741,1749,1751,1760,1772,1776,1778,1789,1795,1799,1801,1810,1822,1836,1836,1841,1858,1861,1863,1880,1884,1888,1894,1896
876,1295,1304,1324,1327,1326,1339,1338,1337,1367,1371,1375,1407,1412,1417,1448,1449,1450,1482,1485,1480,1516,1517,1518,1561,1561,1569,1592,1590,1588,1609,1614,1608,1629,1634,1638,1674,1675,1677,1685,1691,1693,1695,1695,1699,1702,1706,1710,1713,1716,1719,1716,1718,1722,1724,1723,1731,1729,1729,1728,1723,1724,1726,1725,1731,1734,1711,1712,1718,1713,1716,1717,1719,1723,1724,1731,1734,1741,1749,1751,1760,1772,1776,1778,1789,1795,1799,1801,1810,1822,1836,1836,1841,1858,1861,1863,1880,1884,1888,1894,1896,1910
877,1304,1324,1327,1326,1339,1338,1337,1367,1371,1375,1407,1412,1417,1448,1449,1450,1482,1485,1480,1516,1517,1518,1561,1561,1569,1592,1590,1588,1609,1614,1608,1629,1634,1638,1674,1675,1677,1685,1691,1693,1695,1695,1699,1702,1706,1710,1713,1716,1719,1716,1718,1722,1724,1723,1731,1729,1729,1728,1723,1724,1726,1725,1731,1734,1711,1712,1718,1713,1716,1717,1719,1723,1724,1731,1734,1741,1749,1751,1760,1772,1776,1778,1789,1795,1799,1801,1810,1822,1836,1836,1841,1858,1861,1863,1880,1884,1888,1894,1896,1910,1917
878,1324,1327,1326,1339,1338,1337,1367,1371,1375,1407,1412,1417,1448,1449,1450,1482,1485,1480,1516,1517,1518,1561,1561,1569,1592,1590,1588,1609,1614,1608,1629,1634,1638,1674,1675,1677,1685,1691,1693,1695,1695,1699,1702,1706,1710,1713,1716,1719,1716,1718,1722,1724,1723,1731,1729,1729,1728,1723,1724,1726,1725,1731,1734,1711,1712,1718,1713,1716,1717,1719,1723,1724,1731,1734,1741,1749,1751,1760,1772,1776,1778,1789,1795,1799,1801,1810,1822,1836,1836,1841,1858,1861,1863,1880,1884,1888,1894,1896,1910,1917,1918
879,1327,1326,1339,1338,1337,1367,1371,1375,1407,1412,1417,1448,1449,1450,1482,1485,1480,1516,1517,1518,1561,1561,1569,1592,1590,1588,1609,1614,1608,1629,1634,1638,1674,1675,1677,1685,1691,1693,1695,1695,1699,1702,1706,1710,1713,1716,1719,1716,1718,1722,1724,1723,1731,1729,1729,1728,1723,1724,1726,1725,1731,1734,1711,1712,1718,1713,1716,1717,1719,1723,1724,1731,1734,1741,1749,1751,1760,1772,1776,1778,1789,1795,1799,1801,1810,1822,1836,1836,1841,1858,1861,1863,1880,1884,1888,1894,1896,1910,1917,1918,1920
880,1326,1339,1338,1337,1367,1371,1375,1407,1412,1417,1448,1449,1450,1482,1485,1480,1516,1517,1518,1561,1561,1569,1592,1590,1588,1609,1614,1608,1629,1634,1638,1674,1675,1677,1685,1691,1693,1695,1695,1699,1702,1706,1710,1713,1716,1719,1716,1718,1722,1724,1723,1731,1729,1729,1728,1723,1724,1726,1725,1731,1734,1711,1712,1718,1713,1716,1717,1719,1723,1724,1731,1734,1741,1749,1751,1760,1772,1776,1778,1789,1795,1799,1801,1810,1822,1836,1836,1841,1858,1861,1863,1880,1884,1888,1894,1896,1910,1917,1918,1920,1932
881,1339,1338,1337,1367,1371,1375,1407,1412,1417,1448,1449,1450,1482,1485,1480,1516,1517,1518,1561,1561,1569,1592,1590,1588,1609,1614,1608,1629,1634,1638,1674,1675,1677,1685,1691,1693,1695,1695,1699,1702,1706,1710,1713,1716,1719,1716,1718,1722,1724,1723,1731,1729,1729,1728,1723,1724,1726,1725,1731,1734,1711,1712,1718,1713,1716,1717,1719,1723,1724,1731,1734,1741,1749,1751,1760,1772,1776,1778,1789,1795,1799,1801,1810,1822,1836,1836,1841,1858,1861,1863,1880,1884,1888,1894,1896,1910,1917,1918,1920,1932,1934
882,1338,1337,1367,1371,1375,1407,1412,1417,1448,1449,1450,1482,1485,1480,1516,1517,1518,1561,1561,1569,1592,1590,1588,1609,1614,1608,1629,1634,1638,1674,1675,1677,1685,1691,1693,1695,1695,1699,1702,1706,1710,1713,1716,1719,1716,1718,1722,1724,1723,1731,1729,1729,1728,1723,1724,1726,1725,1731,1734,1711,1712,1718,1713,1716,1717,1719,1723,1724,1731,1734,1741,1749,1751,1760,1772,1776,1778,1789,1795,1799,1801,1810,1822,1836,1836,1841,1858,1861,1863,1880,1884,1888,1894,1896,1910,1917,1918,1920,1932,1934,1940
883,1337,1367,1371,1375,1407,1412,1417,1448,1449,1450,1482,1485,1480,1516,1517,1518,1561,1561,1569,1592,1590,1588,1609,1614,1608,1629,1634,1638,1674,1675,1677,1685,1691,1693,1695,1695,1699,1702,1706,1710,1713,1716,1719,1716,1718,1722,1724,1723,1731,1729,1729,1728,1723,1724,1726,1725,1731,1734,1711,1712,1718,1713,1716,1717,1719,1723,1724,1731,1734,1741,1749,1751,1760,1772,1776,1778,1789,1795,1799,1801,1810,1822,1836,1836,1841,1858,1861,1863,1880,1884,1888,1894,1896,1910,1917,1918,1920,1932,1934,1940,1955
884,1367,1371,1375,1407,1412,1417,1448,1449,1450,1482,1485,1480,1516,1517,1518,1561,1561,1569,1592,1590,1588,1609,1614,1608,1629,1634,1638,1674,1675,1677,1685,1691,1693,1695,1695,1699,1702,1706,1710,1713,1716,1719,1716,1718,1722,1724,1723,1731,1729,1729,1728,1723,1724,1726,1725,1731,1734,1711,1712,1718,1713,1716,1717,1719,1723,1724,1731,1734,1741,1749,1751,1760,1772,1776,1778,1789,1795,1799,1801,1810,1822,1836,1836,1841,1858,1861,1863,1880,1884,1888,1894,1896,1910,1917,1918,1920,1932,1934,1940,1955,1963
885,1371,1375,1407,1412,1417,1448,1449,1450,1482,1485,1480,1516,1517,1518,1561,1561,1569,1592,1590,1588,1609,1614,1608,1629,1634,1638,1674,1675,1677,1685,1691,1693,1695,1695,1699,1702,1706,1710,1713,1716,1719,1716,1718,1722,1724,1723,1731,1729,1729,1728,1723,1724,1726,1725,1731,1734,1711,1712,1718,1713,1716,1717,1719,1723,1724,1731,1734,1741,1749,1751,1760,1772,1776,1778,1789,1795,1799,1801,1810,1822,1836,1836,1841,1858,1861,1863,1880,1884,1888,1894,1896,1910,1917,1918,1920,1932,1934,1940,1955,1963,1966
886,1375,1407,1412,1417,1448,1449,1450,1482,1485,1480,1516,1517,1518,1561,1561,1569,1592,1590,1588,1609,1614,1608,1629,1634,1638,1674,1675,1677,1685,1691,1693,1695,1695,1699,1702,1706,1710,1713,1716,1719,1716,1718,1722,1724,1723,1731,1729,1729,1728,1723,1724,1726,1725,1731,1734,1711,1712,1718,1713,1716,1717,1719,1723,1724,1731,1734,1741,1749,1751,1760,1772,1776,1778,1789,1795,1799,1801,1810,1822,1836,1836,1841,1858,1861,1863,1880,1884,1888,1894,1896,1910,1917,1918,1920,1932,1934,1940,1955,1963,1966,1989
887,1407,1412,1417,1448,1449,1450,1482,1485,1480,1516,1517,1518,1561,1561,1569,1592,1590,1588,1609,1614,1608,1629,1634,1638,1674,1675,1677,1685,1691,1693,1695,1695,1699,1702,1706,1710,1713,1716,1719,1716,1718,1722,1724,1723,1731,1729,1729,1728,1723,1724,1726,1725,1731,1734,1711,1712,1718,1713,1716,1717,1719,1723,1724,1731,1734,1741,1749,1751,1760,1772,1776,1778,1789,1795,1799,1801,1810,1822,1836,1836,1841,1858,1861,1863,1880,1884,1888,1894,1896,1910,1917,1918,1920,1932,1934,1940,1955,1963,1966,1989,1996
888,1412,1417,1448,1449,1450,1482,1485,1480,1516,1517,1518,1561,1561,1569,1592,1590,1588,1609,1614,1608,1629,1634,1638,1674,1675,1677,1685,1691,1693,1695,1695,1699,1702,1706,1710,1713,1716,1719,1716,1718,1722,1724,1723,1731,1729,1729,1728,1723,1724,1726,1725,1731,1734,1711,1712,1718,1713,1716,1717,1719,1723,1724,1731,1734,1741,1749,1751,1760,1772,1776,1778,1789,1795,1799,1801,1810,1822,1836,1836,1841,1858,1861,1863,1880,1884,1888,1894,1896,1910,1917,1918,1920,1932,1934,1940,1955,1963,1966,1989,1996,2012
889,1417,1448,1449,1450,1482,1485,1480,1516,1517,1518,1561,1561,1569,1592,1590,1588,1609,1614,1608,1629,1634,1638,1674,1675,1677,1685,1691,1693,1695,1695,1699,1702,1706,1710,1713,1716,1719,1716,1718,1722,1724,1723,1731,1729,1729,1728,1723,1724,1726,1725,1731,1734,1711,1712,1718,1713,1716,1717,1719,1723,1724,1731,1734,1741,1749,1751,1760,1772,1776,1778,1789,1795,1799,1801,1810,1822,1836,1836,1841,1858,1861,1863,1880,1884,1888,1894,1896,1910,1917,1918,1920,1932,1934,1940,1955,1963,1966,1989,1996,2012,2046
890,1448,1449,1450,1482,1485,1480,1516,1517,1518,1561,1561,1569,1592,1590,1588,1609,1614,1608,1629,1634,1638,1674,1675,1677,1685,1691,1693,1695,1695,1699,1702,1706,1710,1713,1716,1719,1716,1718,1722,1724,1723,1731,1729,1729,1728,1723,1724,1726,1725,1731,1734,1711,1712,1718,1713,1716,1717,1719,1723,1724,1731,1734,1741,1749,1751,1760,1772,1776,1778,1789,1795,1799,1801,1810,1822,1836,1836,1841,1858,1861,1863,1880,1884,1888,1894,1896,1910,1917,1918,1920,1932,1934,1940,1955,1963,1966,1989,1996,2012,2046,2047
891,1449,1450,1482,1485,1480,1516,1517,1518,1561,1561,1569,1592,1590,1588,1609,1614,1608,1629,1634,1638,1674,1675,1677,1685,1691,1693,1695,1695,1699,1702,1706,1710,1713,1716,1719,1716,1718,1722,1724,1723,1731,1729,1729,1728,1723,1724,1726,1725,1731,1734,1711,1712,1718,1713,1716,1717,1719,1723,1724,1731,1734,1741,1749,1751,1760,1772,1776,1778,1789,1795,1799,1801,1810,1822,1836,1836,1841,1858,1861,1863,1880,1884,1888,1894,1896,1910,1917,1918,1920,1932,1934,1940,1955,1963,1966,1989,1996,2012,2046,2047,2048
892,1450,1482,1485,1480,1516,1517,1518,1561,1561,1569,1592,1590,1588,1609,1614,1608,1629,1634,1638,1674,1675,1677,1685,1691,1693,1695,1695,1699,1702,1706,1710,1713,1716,1719,1716,1718,1722,1724,1723,1731,1729,1729,1728,1723,1724,1726,1725,1731,1734,1711,1712,1718,1713,1716,1717,1719,1723,1724,1731,1734,1741,1749,1751,1760,1772,1776,1778,1789,1795,1799,1801,1810,1822,1836,1836,1841,1858,1861,1863,1880,1884,1888,1894,1896,1910,1917,1918,1920,1932,1934,1940,1955,1963,1966,1989,1996,2012,2046,2047,2048,2070
893,1482,1485,1480,1516,1517,1518,1561,1561,1569,1592,1590,1588,1609,1614,1608,1629,1634,1638,1674,1675,1677,1685,1691,1693,1695,1695,1699,1702,1706,1710,1713,1716,1719,1716,1718,1722,1724,1723,1731,1729,1729,1728,1723,1724,1726,1725,1731,1734,1711,1712,1718,1713,1716,1717,1719,1723,1724,1731,1734,1741,1749,1751,1760,1772,1776,1778,1789,1795,1799,1801,1810,1822,1836,1836,1841,1858,1861,1863,1880,1884,1888,1894,1896,1910,1917,1918,1920,1932,1934,1940,1955,1963,1966,1989,1996,2012,2046,2047,2048,2070,2071
894,1485,1480,1516,1517,1518,1561,1561,1569,1592,1590,1588,1609,1614,1608,1629,1634,1638,1674,1675,1677,1685,1691,1693,1695,1695,1699,1702,1706,1710,1713,1716,1719,1716,1718,1722,1724,1723,1731,1729,1729,1728,1723,1724,1726,1725,1731,1734,1711,1712,1718,1713,1716,1717,1719,1723,1724,1731,1734,1741,1749,1751,1760,1772,1776,1778,1789,1795,1799,1801,1810,1822,1836,1836,1841,1858,1861,1863,1880,1884,1888,1894,1896,1910,1917,1918,1920,1932,1934,1940,1955,1963,1966,1989,1996,2012,2046,2047,2048,2070,2071,2082
895,1480,1516,1517,1518,1561,1561,1569,1592,1590,1588,1609,1614,1608,1629,1634,1638,1674,1675,1677,1685,1691,1693,1695,1695,1699,1702,1706,1710,1713,1716,1719,1716,1718,1722,1724,1723,1731,1729,1729,1728,1723,1724,1726,1725,1731,1734,1711,1712,1718,1713,1716,1717,1719,1723,1724,1731,1734,1741,1749,1751,1760,1772,1776,1778,1789,1795,1799,1801,1810,1822,1836,1836,1841,1858,1861,1863,1880,1884,1888,1894,1896,1910,1917,1918,1920,1932,1934,1940,1955,1963,1966,1989,1996,2012,2046,2047,2048,2070,2071,2082,2093
896,1516,1517,1518,1561,1561,1569,1592,1590,1588,1609,1614,1608,1629,1634,1638,1674,1675,1677,1685,1691,1693,1695,1695,1699,1702,1706,1710,1713,1716,1719,1716,1718,1722,1724,1723,1731,1729,1729,1728,1723,1724,1726,1725,1731,1734,1711,1712,1718,1713,1716,1717,1719,1723,1724,1731,1734,1741,1749,1751,1760,1772,1776,1778,1789,1795,1799,1801,1810,1822,1836,1836,1841,1858,1861,1863,1880,1884,1888,1894,1896,1910,1917,1918,1920,1932,1934,1940,1955,1963,1966,1989,1996,2012,2046,2047,2048,2070,2071,2082,2093,2099
897,1517,1518,1561,1561,1569,1592,1590,1588,1609,1614,1608,1629,1634,1638,1674,1675,1677,1685,1691,1693,1695,1695,1699,1702,1706,1710,1713,1716,1719,1716,1718,1722,1724,1723,1731,1729,1729,1728,1723,1724,1726,1725,1731,1734,1711,1712,1718,1713,1716,1717,1719,1723,1724,1731,1734,1741,1749,1751,1760,1772,1776,1778,1789,1795,1799,1801,1810,1822,1836,1836,1841,1858,1861,1863,1880,1884,1888,1894,1896,1910,1917,1918,1920,1932,1934,1940,1955,1963,1966,1989,1996,2012,2046,2047,2048,2070,2071,2082,2093,2099,2109
898,1518,1561,1561,1569,1592,1590,1588,1609,1614,1608,1629,1634,1638,1674,1675,1677,1685,1691,1693,1695,1695,1699,1702,1706,1710,1713,1716,1719,1716,1718,1722,1724,1723,1731,1729,1729,1728,1723,1724,1726,1725,1731,1734,1711,1712,1718,1713,1716,1717,1719,1723,1724,1731,1734,1741,1749,1751,1760,1772,1776,1778,1789,1795,1799,1801,1810,1822,1836,1836,1841,1858,1861,1863,1880,1884,1888,1894,1896,1910,1917,1918,1920,1932,1934,1940,1955,1963,1966,1989,1996,2012,2046,2047,2048,2070,2071,2082,2093,2099,2109,2117
899,1561,1561,1569,1592,1590,1588,1609,1614,1608,1629,1634,1638,1674,1675,1677,1685,1691,1693,1695,1695,1699,1702,1706,1710,1713,1716,1719,1716,1718,1722,1724,1723,1731,1729,1729,1728,1723,1724,1726,1725,1731,1734,1711,1712,1718,1713,1716,1717,1719,1723,1724,1731,1734,1741,1749,1751,1760,1772,1776,1778,1789,1795,1799,1801,1810,1822,1836,1836,1841,1858,1861,1863,1880,1884,1888,1894,1896,1910,1917,1918,1920,1932,1934,1940,1955,1963,1966,1989,1996,2012,2046,2047,2048,2070,2071,2082,2093,2099,2109,2117,2130
900,1561,1569,1592,1590,1588,1609,1614,1608,1629,1634,1638,1674,1675,1677,1685,1691,1693,1695,1695,1699,1702,1706,1710,1713,1716,1719,1716,1718,1722,1724,1723,1731,1729,1729,1728,1723,1724,1726,1725,1731,1734,1711,1712,1718,1713,1716,1717,1719,1723,1724,1731,1734,1741,1749,1751,1760,1772,1776,1778,1789,1795,1799,1801,1810,1822,1836,1836,1841,1858,1861,1863,1880,1884,1888,1894,1896,1910,1917,1918,1920,1932,1934,1940,1955,1963,1966,1989,1996,2012,2046,2047,2048,2070,2071,2082,2093,2099,2109,2117,2130,2156
901,1569,1592,1590,1588,1609,1614,1608,1629,1634,1638,1674,1675,1677,1685,1691,1693,1695,1695,1699,1702,1706,1710,1713,1716,1719,1716,1718,1722,1724,1723,1731,1729,1729,1728,1723,1724,1726,1725,1731,1734,1711,1712,1718,1713,1716,1717,1719,1723,1724,1731,1734,1741,1749,1751,1760,1772,1776,1778,1789,1795,1799,1801,1810,1822,1836,1836,1841,1858,1861,1863,1880,1884,1888,1894,1896,1910,1917,1918,1920,1932,1934,1940,1955,1963,1966,1989,1996,2012,2046,2047,2048,2070,2071,2082,2093,2099,2109,2117,2130,2156,2168
902,1592,1590,1588,1609,1614,1608,1629,1634,1638,1674,1675,1677,1685,1691,1693,1695,1695,1699,1702,1706,1710,1713,1716,1719,1716,1718,1722,1724,1723,1731,1729,1729,1728,1723,1724,1726,1725,1731,1734,1711,1712,1718,1713,1716,1717,1719,1723,1724,1731,1734,1741,1749,1751,1760,1772,1776,1778,1789,1795,1799,1801,1810,1822,1836,1836,1841,1858,1861,1863,1880,1884,1888,1894,1896,1910,1917,1918,1920,1932,1934,1940,1955,1963,1966,1989,1996,2012,2046,2047,2048,2070,2071,2082,2093,2099,2109,2117,2130,2156,2168,2177
903,1590,1588,1609,1614,1608,1629,1634,1638,1674,1675,1677,1685,1691,1693,1695,1695,1699,1702,1706,1710,1713,1716,1719,1716,1718,1722,1724,1723,1731,1729,1729,1728,1723,1724,1726,1725,1731,1734,1711,1712,1718,1713,1716,1717,1719,1723,1724,1731,1734,1741,1749,1751,1760,1772,1776,1778,1789,1795,1799,1801,1810,1822,1836,1836,1841,1858,1861,1863,1880,1884,1888,1894,1896,1910,1917,1918,1920,1932,1934,1940,1955,1963,1966,1989,1996,2012,2046,2047,2048,2070,2071,2082,2093,2099,2109,2117,2130,2156,2168,2177,2184
904,1588,1609,1614,1608,1629,1634,1638,1674,1675,1677,1685,1691,1693,1695,1695,1699,1702,1706,1710,1713,1716,1719,1716,1718,1722,1724,1723,1731,1729,1729,1728,1723,1724,1726,1725,1731,1734,1711,1712,1718,1713,1716,1717,1719,1723,1724,1731,1734,1741,1749,1751,1760,1772,1776,1778,1789,1795,1799,1801,1810,1822,1836,1836,1841,1858,1861,1863,1880,1884,1888,1894,1896,1910,1917,1918,1920,1932,1934,1940,1955,1963,1966,1989,1996,2012,2046,2047,2048,2070,2071,2082,2093,2099,2109,2117,2130,2156,2168,2177,2184,2194
905,1609,1614,1608,1629,1634,1638,1674,1675,1677,1685,1691,1693,1695,1695,1699,1702,1706,1710,1713,1716,1719,1716,1718,1722,1724,1723,1731,1729,1729,1728,1723,1724,1726,1725,1731,1734,1711,1712,1718,1713,1716,1717,1719,1723,1724,1731,1734,1741,1749,1751,1760,1772,1776,1778,1789,1795,1799,1801,1810,1822,1836,1836,1841,1858,1861,1863,1880,1884,1888,1894,1896,1910,1917,1918,1920,1932,1934,1940,1955,1963,1966,1989,1996,2012,2046,2047,2048,2070,2071,2082,2093,2099,2109,2117,2130,2156,2168,2177,2184,2194,2202
906,1614,1608,1629,1634,1638,1674,1675,1677,1685,1691,1693,1695,1695,1699,1702,1706,1710,1713,1716,1719,1716,1718,1722,1724,1723,1731,1729,1729,1728,1723,1724,1726,1725,1731,1734,1711,1712,1718,1713,1716,1717,1719,1723,1724,1731,1734,1741,1749,1751,1760,1772,1776,1778,1789,1795,1799,1801,1810,1822,1836,1836,1841,1858,1861,1863,1880,1884,1888,1894,1896,1910,1917,1918,1920,1932,1934,1940,1955,1963,1966,1989,1996,2012,2046,2047,2048,2070,2071,2082,2093,2099,2109,2117,2130,2156,2168,2177,2184,2194,2202,2209
907,1608,1629,1634,1638,1674,1675,1677,1685,1691,1693,1695,1695,1699,1702,1706,1710,1713,1716,1719,1716,1718,1722,1724,1723,1731,1729,1729,1728,1723,1724,1726,1725,1731,1734,1711,1712,1718,1713,1716,1717,1719,1723,1724,1731,1734,1741,1749,1751,1760,1772,1776,1778,1789,1795,1799,1801,1810,1822,1836,1836,1841,1858,1861,1863,1880,1884,1888,1894,1896,1910,1917,1918,1920,1932,1934,1940,1955,1963,1966,1989,1996,2012,2046,2047,2048,2070,2071,2082,2093,2099,2109,2117,2130,2156,2168,2177,2184,2194,2202,2209,2220
908,1629,1634,1638,1674,1675,1677,1685,1691,1693,1695,1695,1699,1702,1706,1710,1713,1716,1719,1716,1718,1722,1724,1723,1731,1729,1729,1728,1723,1724,1726,1725,1731,1734,1711,1712,1718,1713,1716,1717,1719,1723,1724,1731,1734,1741,1749,1751,1760,1772,1776,1778,1789,1795,1799,1801,1810,1822,1836,1836,1841,1858,1861,1863,1880,1884,1888,1894,1896,1910,1917,1918,1920,1932,1934,1940,1955,1963,1966,1989,1996,2012,2046,2047,2048,2070,2071,2082,2093,2099,2109,2117,2130,2156,2168,2177,2184,2194,2202,2209,2220,2235
909,1634,1638,1674,1675,1677,1685,1691,1693,1695,1695,1699,1702,1706,1710,1713,1716,1719,1716,1718,1722,1724,1723,1731,1729,1729,1728,1723,1724,1726,1725,1731,1734,1711,1712,1718,1713,1716,1717,1719,1723,1724,1731,1734,1741,1749,1751,1760,1772,1776,1778,1789,1795,1799,1801,1810,1822,1836,1836,1841,1858,1861,1863,1880,1884,1888,1894,1896,1910,1917,1918,1920,1932,1934,1940,1955,1963,1966,1989,1996,2012,2046,2047,2048,2070,2071,2082,2093,2099,2109,2117,2130,2156,2168,2177,2184,2194,2202,2209,2220,2235,2242
910,1638,1674,1675,1677,1685,1691,1693,1695,1695,1699,1702,1706,1710,1713,1716,1719,1716,1718,1722,1724,1723,1731,1729,1729,1728,1723,1724,1726,1725,1731,1734,1711,1712,1718,1713,1716,1717,1719,1723,1724,1731,1734,1741,1749,1751,1760,1772,1776,1778,1789,1795,1799,1801,1810,1822,1836,1836,1841,1858,1861,1863,1880,1884,1888,1894,1896,1910,1917,1918,1920,1932,1934,1940,1955,1963,1966,1989,1996,2012,2046,2047,2048,2070,2071,2082,2093,2099,2109,2117,2130,2156,2168,2177,2184,2194,2202,2209,2220,2235,2242,2238
911,1674,1675,1677,1685,1691,1693,1695,1695,1699,1702,1706,1710,1713,1716,1719,1716,1718,1722,1724,1723,1731,1729,1729,1728,1723,1724,1726,1725,1731,1734,1711,1712,1718,1713,1716,1717,1719,1723,1724,1731,1734,1741,1749,1751,1760,1772,1776,1778,1789,1795,1799,1801,1810,1822,1836,1836,1841,1858,1861,1863,1880,1884,1888,1894,1896,1910,1917,1918,1920,1932,1934,1940,1955,1963,1966,1989,1996,2012,2046,2047,2048,2070,2071,2082,2093,2099,2109,2117,2130,2156,2168,2177,2184,2194,2202,2209,2220,2235,2242,2238,2249
912,1675,1677,1685,1691,1693,1695,1695,1699,1702,1706,1710,1713,1716,1719,1716,1718,1722,1724,1723,1731,1729,1729,1728,1723,1724,1726,1725,1731,1734,1711,1712,1718,1713,1716,1717,1719,1723,1724,1731,1734,1741,1749,1751,1760,1772,1776,1778,1789,1795,1799,1801,1810,1822,1836,1836,1841,1858,1861,1863,1880,1884,1888,1894,1896,1910,1917,1918,1920,1932,1934,1940,1955,1963,1966,1989,1996,2012,2046,2047,2048,2070,2071,2082,2093,2099,2109,2117,2130,2156,2168,2177,2184,2194,2202,2209,2220,2235,2242,2238,2249,2263
913,1677,1685,1691,1693,1695,1695,1699,1702,1706,1710,1713,1716,1719,1716,1718,1722,1724,1723,1731,1729,1729,1728,1723,1724,1726,1725,1731,1734,1711,1712,1718,1713,1716,1717,1719,1723,1724,1731,1734,1741,1749,1751,1760,1772,1776,1778,1789,1795,1799,1801,1810,1822,1836,1836,1841,1858,1861,1863,1880,1884,1888,1894,1896,1910,1917,1918,1920,1932,1934,1940,1955,1963,1966,1989,1996,2012,2046,2047,2048,2070,2071,2082,2093,2099,2109,2117,2130,2156,2168,2177,2184,2194,2202,2209,2220,2235,2242,2238,2249,2263,2274
914,1685,1691,1693,1695,1695,1699,1702,1706,1710,1713,1716,1719,1716,1718,1722,1724,1723,1731,1729,1729,1728,1723,1724,1726,1725,1731,1734,1711,1712,1718,1713,1716,1717,1719,1723,1724,1731,1734,1741,1749,1751,1760,1772,1776,1778,1789,1795,1799,1801,1810,1822,1836,1836,1841,1858,1861,1863,1880,1884,1888,1894,1896,1910,1917,1918,1920,1932,1934,1940,1955,1963,1966,1989,1996,2012,2046,2047,2048,2070,2071,2082,2093,2099,2109,2117,2130,2156,2168,2177,2184,2194,2202,2209,2220,2235,2242,2238,2249,2263,2274,2282
915,1691,1693,1695,1695,1699,1702,1706,1710,1713,1716,1719,1716,1718,1722,1724,1723,1731,1729,1729,1728,1723,1724,1726,1725,1731,1734,1711,1712,1718,1713,1716,1717,1719,1723,1724,1731,1734,1741,1749,1751,1760,1772,1776,1778,1789,1795,1799,1801,1810,1822,1836,1836,1841,1858,1861,1863,1880,1884,1888,1894,1896,1910,1917,1918,1920,1932,1934,1940,1955,1963,1966,1989,1996,2012,2046,2047,2048,2070,2071,2082,2093,2099,2109,2117,2130,2156,2168,2177,2184,2194,2202,2209,2220,2235,2242,2238,2249,2263,2274,2282,2287
916,1693,1695,1695,1699,1702,1706,1710,1713,1716,1719,1716,1718,1722,1724,1723,1731,1729,1729,1728,1723,1724,1726,1725,1731,1734,1711,1712,1718,1713,1716,1717,1719,1723,1724,1731,1734,1741,1749,1751,1760,1772,1776,1778,1789,1795,1799,1801,1810,1822,1836,1836,1841,1858,1861,1863,1880,1884,1888,1894,1896,1910,1917,1918,1920,1932,1934,1940,1955,1963,1966,1989,1996,2012,2046,2047,2048,2070,2071,2082,2093,2099,2109,2117,2130,2156,2168,2177,2184,2194,2202,2209,2220,2235,2242,2238,2249,2263,2274,2282,2287,2292
917,1695,1695,1699,1702,1706,1710,1713,1716,1719,1716,1718,1722,1724,1723,1731,1729,1729,1728,1723,1724,1726,1725,1731,1734,1711,1712,1718,1713,1716,1717,1719,1723,1724,1731,1734,1741,1749,1751,1760,1772,1776,1778,1789,1795,1799,1801,1810,1822,1836,1836,1841,1858,1861,1863,1880,1884,1888,1894,1896,1910,1917,1918,1920,1932,1934,1940,1955,1963,1966,1989,1996,2012,2046,2047,2048,2070,2071,2082,2093,2099,2109,2117,2130,2156,2168,2177,2184,2194,2202,2209,2220,2235,2242,2238,2249,2263,2274,2282,2287,2292,2303
918,1695,1699,1702,1706,1710,1713,1716,1719,1716,1718,1722,1724,1723,1731,1729,1729,1728,1723,1724,1726,1725,1731,1734,1711,1712,1718,1713,1716,1717,1719,1723,1724,1731,1734,1741,1749,1751,1760,1772,1776,1778,1789,1795,1799,1801,1810,1822,1836,1836,1841,1858,1861,1863,1880,1884,1888,1894,1896,1910,1917,1918,1920,1932,1934,1940,1955,1963,1966,1989,1996,2012,2046,2047,2048,2070,2071,2082,2093,2099,2109,2117,2130,2156,2168,2177,2184,2194,2202,2209,2220,2235,2242,2238,2249,2263,2274,2282,2287,2292,2303,2310
919,1699,1702,1706,1710,1713,1716,1719,1716,1718,1722,1724,1723,1731,1729,1729,1728,1723,1724,1726,1725,1731,1734,1711,1712,1718,1713,1716,1717,1719,1723,1724,1731,1734,1741,1749,1751,1760,1772,1776,1778,1789,1795,1799,1801,1810,1822,1836,1836,1841,1858,1861,1863,1880,1884,1888,1894,1896,1910,1917,1918,1920,1932,1934,1940,1955,1963,1966,1989,1996,2012,2046,2047,2048,2070,2071,2082,2093,2099,2109,2117,2130,2156,2168,2177,2184,2194,2202,2209,2220,2235,2242,2238,2249,2263,2274,2282,2287,2292,2303,2310,2331
920,1702,1706,1710,1713,1716,1719,1716,1718,1722,1724,1723,1731,1729,1729,1728,1723,1724,1726,1725,1731,1734,1711,1712,1718,1713,1716,1717,1719,1723,1724,1731,1734,1741,1749,1751,1760,1772,1776,1778,1789,1795,1799,1801,1810,1822,1836,1836,1841,1858,1861,1863,1880,1884,1888,1894,1896,1910,1917,1918,1920,1932,1934,1940,1955,1963,1966,1989,1996,2012,2046,2047,2048,2070,2071,2082,2093,2099,2109,2117,2130,2156,2168,2177,2184,2194,2202,2209,2220,2235,2242,2238,2249,2263,2274,2282,2287,2292,2303,2310,2331,2346
921,1706,1710,1713,1716,1719,1716,1718,1722,1724,1723,1731,1729,1729,1728,1723,1724,1726,1725,1731,1734,1711,1712,1718,1713,1716,1717,1719,1723,1724,1731,1734,1741,1749,1751,1760,1772,1776,1778,1789,1795,1799,1801,1810,1822,1836,1836,1841,1858,1861,1863,1880,1884,1888,1894,1896,1910,1917,1918,1920,1932,1934,1940,1955,1963,1966,1989,1996,2012,2046,2047,2048,2070,2071,2082,2093,2099,2109,2117,2130,2156,2168,2177,2184,2194,2202,2209,2220,2235,2242,2238,2249,2263,2274,2282,2287,2292,2303,2310,2331,2346,2354
922,1710,1713,1716,1719,1716,1718,1722,1724,1723,1731,1729,1729,1728,1723,1724,1726,1725,1731,1734,1711,1712,1718,1713,1716,1717,1719,1723,1724,1731,1734,1741,1749,1751,1760,1772,1776,1778,1789,1795,1799,1801,1810,1822,1836,1836,1841,1858,1861,1863,1880,1884,1888,1894,1896,1910,1917,1918,1920,1932,1934,1940,1955,1963,1966,1989,1996,2012,2046,2047,2048,2070,2071,2082,2093,2099,2109,2117,2130,2156,2168,2177,2184,2194,2202,2209,2220,2235,2242,2238,2249,2263,2274,2282,2287,2292,2303,2310,2331,2346,2354,2371
923,1713,1716,1719,1716,1718,1722,1724,1723,1731,1729,1729,1728,1723,1724,1726,1725,1731,1734,1711,1712,1718,1713,1716,1717,1719,1723,1724,1731,1734,1741,1749,1751,1760,1772,1776,1778,1789,1795,1799,1801,1810,1822,1836,1836,1841,1858,1861,1863,1880,1884,1888,1894,1896,1910,1917,1918,1920,1932,1934,1940,1955,1963,1966,1989,1996,2012,2046,2047,2048,2070,2071,2082,2093,2099,2109,2117,2130,2156,2168,2177,2184,2194,2202,2209,2220,2235,2242,2238,2249,2263,2274,2282,2287,2292,2303,2310,2331,2346,2354,2371,2387
924,1716,1719,1716,1718,1722,1724,1723,1731,1729,1729,1728,1723,1724,1726,1725,1731,1734,1711,1712,1718,1713,1716,1717,1719,1723,1724,1731,1734,1741,1749,1751,1760,1772,1776,1778,1789,1795,1799,1801,1810,1822,1836,1836,1841,1858,1861,1863,1880,1884,1888,1894,1896,1910,1917,1918,1920,1932,1934,1940,1955,1963,1966,1989,1996,2012,2046,2047,2048,2070,2071,2082,2093,2099,2109,2117,2130,2156,2168,2177,2184,2194,2202,2209,2220,2235,2242,2238,2249,2263,2274,2282,2287,2292,2303,2310,2331,2346,2354,2371,2387,2408
925,1719,1716,1718,1722,1724,1723,1731,1729,1729,1728,1723,1724,1726,1725,1731,1734,1711,1712,1718,1713,1716,1717,1719,1723,1724,1731,1734,1741,1749,1751,1760,1772,1776,1778,1789,1795,1799,1801,1810,1822,1836,1836,1841,1858,1861,1863,1880,1884,1888,1894,1896,1910,1917,1918,1920,1932,1934,1940,1955,1963,1966,1989,1996,2012,2046,2047,2048,2070,2071,2082,2093,2099,2109,2117,2130,2156,2168,2177,2184,2194,2202,2209,2220,2235,2242,2238,2249,2263,2274,2282,2287,2292,2303,2310,2331,2346,2354,2371,2387,2408,2435
926,1716,1718,1722,1724,1723,1731,1729,1729,1728,1723,1724,1726,1725,1731,1734,1711,1712,1718,1713,1716,1717,1719,1723,1724,1731,1734,1741,1749,1751,1760,1772,1776,1778,1789,1795,1799,1801,1810,1822,1836,1836,1841,1858,1861,1863,1880,1884,1888,1894,1896,1910,1917,1918,1920,1932,1934,1940,1955,1963,1966,1989,1996,2012,2046,2047,2048,2070,2071,2082,2093,2099,2109,2117,2130,2156,2168,2177,2184,2194,2202,2209,2220,2235,2242,2238,2249,2263,2274,2282,2287,2292,2303,2310,2331,2346,2354,2371,2387,2408,2435,2438
927,1718,1722,1724,1723,1731,1729,1729,1728,1723,1724,1726,1725,1731,1734,1711,1712,1718,1713,1716,1717,1719,1723,1724,1731,1734,1741,1749,1751,1760,1772,1776,1778,1789,1795,1799,1801,1810,1822,1836,1836,1841,1858,1861,1863,1880,1884,1888,1894,1896,1910,1917,1918,1920,1932,1934,1940,1955,1963,1966,1989,1996,2012,2046,2047,2048,2070,2071,2082,2093,2099,2109,2117,2130,2156,2168,2177,2184,2194,2202,2209,2220,2235,2242,2238,2249,2263,2274,2282,2287,2292,2303,2310,2331,2346,2354,2371,2387,2408,2435,2438,2444
928,1722,1724,1723,1731,1729,1729,1728,1723,1724,1726,1725,1731,1734,1711,1712,1718,1713,1716,1717,1719,1723,1724,1731,1734,1741,1749,1751,1760,1772,1776,1778,1789,1795,1799,1801,1810,1822,1836,1836,1841,1858,1861,1863,1880,1884,1888,1894,1896,1910,1917,1918,1920,1932,1934,1940,1955,1963,1966,1989,1996,2012,2046,2047,2048,2070,2071,2082,2093,2099,2109,2117,2130,2156,2168,2177,2184,2194,2202,2209,2220,2235,2242,2238,2249,2263,2274,2282,2287,2292,2303,2310,2331,2346,2354,2371,2387,2408,2435,2438,2444,2463
929,1724,1723,1731,1729,1729,1728,1723,1724,1726,1725,1731,1734,1711,1712,1718,1713,1716,1717,1719,1723,1724,1731,1734,1741,1749,1751,1760,1772,1776,1778,1789,1795,1799,1801,1810,1822,1836,1836,1841,1858,1861,1863,1880,1884,1888,1894,1896,1910,1917,1918,1920,1932,1934,1940,1955,1963,1966,1989,1996,2012,2046,2047,2048,2070,2071,2082,2093,2099,2109,2117,2130,2156,2168,2177,2184,2194,2202,2209,2220,2235,2242,2238,2249,2263,2274,2282,2287,2292,2303,2310,2331,2346,2354,2371,2387,2408,2435,2438,2444,2463,2470
930,1723,1731,1729,1729,1728,1723,1724,1726,1725,1731,1734,1711,1712,1718,1713,1716,1717,1719,1723,1724,1731,1734,1741,1749,1751,1760,1772,1776,1778,1789,1795,1799,1801,1810,1822,1836,1836,1841,1858,1861,1863,1880,1884,1888,1894,1896,1910,1917,1918,1920,1932,1934,1940,1955,1963,1966,1989,1996,2012,2046,2047,2048,2070,2071,2082,2093,2099,2109,2117,2130,2156,2168,2177,2184,2194,2202,2209,2220,2235,2242,2238,2249,2263,2274,2282,2287,2292,2303,2310,2331,2346,2354,2371,2387,2408,2435,2438,2444,2463,2470,2478
931,1731,1729,1729,1728,1723,1724,1726,1725,1731,1734,1711,1712,1718,1713,1716,1717,1719,1723,1724,1731,1734,1741,1749,1751,1760,1772,1776,1778,1789,1795,1799,1801,1810,1822,1836,1836,1841,1858,1861,1863,1880,1884,1888,1894,1896,1910,1917,1918,1920,1932,1934,1940,1955,1963,1966,1989,1996,2012,2046,2047,2048,2070,2071,2082,2093,2099,2109,2117,2130,2156,2168,2177,2184,2194,2202,2209,2220,2235,2242,2238,2249,2263,2274,2282,2287,2292,2303,2310,2331,2346,2354,2371,2387,2408,2435,2438,2444,2463,2470,2478,2503
932,1729,1729,1728,1723,1724,1726,1725,1731,1734,1711,1712,1718,1713,1716,1717,1719,1723,1724,1731,1734,1741,1749,1751,1760,1772,1776,1778,1789,1795,1799,1801,1810,1822,1836,1836,1841,1858,1861,1863,1880,1884,1888,1894,1896,1910,1917,1918,1920,1932,1934,1940,1955,1963,1966,1989,1996,2012,2046,2047,2048,2070,2071,2082,2093,2099,2109,2117,2130,2156,2168,2177,2184,2194,2202,2209,2220,2235,2242,2238,2249,2263,2274,2282,2287,2292,2303,2310,2331,2346,2354,2371,2387,2408,2435,2438,2444,2463,2470,2478,2503,2507
933,1729,1728,1723,1724,1726,1725,1731,1734,1711,1712,1718,1713,1716,1717,1719,1723,1724,1731,1734,1741,1749,1751,1760,1772,1776,1778,1789,1795,1799,1801,1810,1822,1836,1836,1841,1858,1861,1863,1880,1884,1888,1894,1896,1910,1917,1918,1920,1932,1934,1940,1955,1963,1966,1989,1996,2012,2046,2047,2048,2070,2071,2082,2093,2099,2109,2117,2130,2156,2168,2177,2184,2194,2202,2209,2220,2235,2242,2238,2249,2263,2274,2282,2287,2292,2303,2310,2331,2346,2354,2371,2387,2408,2435,2438,2444,2463,2470,2478,2503,2507,2506
934,1728,1723,1724,1726,1725,1731,1734,1711,1712,1718,1713,1716,1717,1719,1723,1724,1731,1734,1741,1749,1751,1760,1772,1776,1778,1789,1795,1799,1801,1810,1822,1836,1836,1841,1858,1861,1863,1880,1884,1888,1894,1896,1910,1917,1918,1920,1932,1934,1940,1955,1963,1966,1989,1996,2012,2046,2047,2048,2070,2071,2082,2093,2099,2109,2117,2130,2156,2168,2177,2184,2194,2202,2209,2220,2235,2242,2238,2249,2263,2274,2282,2287,2292,2303,2310,2331,2346,2354,2371,2387,2408,2435,2438,2444,2463,2470,2478,2503,2507,2506,2527
935,1723,1724,1726,1725,1731,1734,1711,1712,1718,1713,1716,1717,1719,1723,1724,1731,1734,1741,1749,1751,1760,1772,1776,1778,1789,1795,1799,1801,1810,1822,1836,1836,1841,1858,1861,1863,1880,1884,1888,1894,1896,1910,1917,1918,1920,1932,1934,1940,1955,1963,1966,1989,1996,2012,2046,2047,2048,2070,2071,2082,2093,2099,2109,2117,2130,2156,2168,2177,2184,2194,2202,2209,2220,2235,2242,2238,2249,2263,2274,2282,2287,2292,2303,2310,2331,2346,2354,2371,2387,2408,2435,2438,2444,2463,2470,2478,2503,2507,2506,2527,2532
936,1724,1726,1725,1731,1734,1711,1712,1718,1713,1716,1717,1719,1723,1724,1731,1734,1741,1749,1751,1760,1772,1776,1778,1789,1795,1799,1801,1810,1822,1836,1836,1841,1858,1861,1863,1880,1884,1888,1894,1896,1910,1917,1918,1920,1932,1934,1940,1955,1963,1966,1989,1996,2012,2046,2047,2048,2070,2071,2082,2093,2099,2109,2117,2130,2156,2168,2177,2184,2194,2202,2209,2220,2235,2242,2238,2249,2263,2274,2282,2287,2292,2303,2310,2331,2346,2354,2371,2387,2408,2435,2438,2444,2463,2470,2478,2503,2507,2506,2527,2532,2522
937,1726,1725,1731,1734,1711,1712,1718,1713,1716,1717,1719,1723,1724,1731,1734,1741,1749,1751,1760,1772,1776,1778,1789,1795,1799,1801,1810,1822,1836,1836,1841,1858,1861,1863,1880,1884,1888,1894,1896,1910,1917,1918,1920,1932,1934,1940,1955,1963,1966,1989,1996,2012,2046,2047,2048,2070,2071,2082,2093,2099,2109,2117,2130,2156,2168,2177,2184,2194,2202,2209,2220,2235,2242,2238,2249,2263,2274,2282,2287,2292,2303,2310,2331,2346,2354,2371,2387,2408,2435,2438,2444,2463,2470,2478,2503,2507,2506,2527,2532,2522,2525
938,1725,1731,1734,1711,1712,1718,1713,1716,1717,1719,1723,1724,1731,1734,1741,1749,1751,1760,1772,1776,1778,1789,1795,1799,1801,1810,1822,1836,1836,1841,1858,1861,1863,1880,1884,1888,1894,1896,1910,1917,1918,1920,1932,1934,1940,1955,1963,1966,1989,1996,2012,2046,2047,2048,2070,2071,2082,2093,2099,2109,2117,2130,2156,2168,2177,2184,2194,2202,2209,2220,2235,2242,2238,2249,2263,2274,2282,2287,2292,2303,2310,2331,2346,2354,2371,2387,2408,2435,2438,2444,2463,2470,2478,2503,2507,2506,2527,2532,2522,2525,2509
939,1731,1734,1711,1712,1718,1713,1716,1717,1719,1723,1724,1731,1734,1741,1749,1751,1760,1772,1776,1778,1789,1795,1799,1801,1810,1822,1836,1836,1841,1858,1861,1863,1880,1884,1888,1894,1896,1910,1917,1918,1920,1932,1934,1940,1955,1963,1966,1989,1996,2012,2046,2047,2048,2070,2071,2082,2093,2099,2109,2117,2130,2156,2168,2177,2184,2194,2202,2209,2220,2235,2242,2238,2249,2263,2274,2282,2287,2292,2303,2310,2331,2346,2354,2371,2387,2408,2435,2438,2444,2463,2470,2478,2503,2507,2506,2527,2532,2522,2525,2509,2537
940,1734,1711,1712,1718,1713,1716,1717,1719,1723,1724,1731,1734,1741,1749,1751,1760,1772,1776,1778,1789,1795,1799,1801,1810,1822,1836,1836,1841,1858,1861,1863,1880,1884,1888,1894,1896,1910,1917,1918,1920,1932,1934,1940,1955,1963,1966,1989,1996,2012,2046,2047,2048,2070,2071,2082,2093,2099,2109,2117,2130,2156,2168,2177,2184,2194,2202,2209,2220,2235,2242,2238,2249,2263,2274,2282,2287,2292,2303,2310,2331,2346,2354,2371,2387,2408,2435,2438,2444,2463,2470,2478,2503,2507,2506,2527,2532,2522,2525,2509,2537,2529
941,1711,1712,1718,1713,1716,1717,1719,1723,1724,1731,1734,1741,1749,1751,1760,1772,1776,1778,1789,1795,1799,1801,1810,1822,1836,1836,1841,1858,1861,1863,1880,1884,1888,1894,1896,1910,1917,1918,1920,1932,1934,1940,1955,1963,1966,1989,1996,2012,2046,2047,2048,2070,2071,2082,2093,2099,2109,2117,2130,2156,2168,2177,2184,2194,2202,2209,2220,2235,2242,2238,2249,2263,2274,2282,2287,2292,2303,2310,2331,2346,2354,2371,2387,2408,2435,2438,2444,2463,2470,2478,2503,2507,2506,2527,2532,2522,2525,2509,2537,2529,2537
942,1712,1718,1713,1716,1717,1719,1723,1724,1731,1734,1741,1749,1751,1760,1772,1776,1778,1789,1795,1799,1801,1810,1822,1836,1836,1841,1858,1861,1863,1880,1884,1888,1894,1896,1910,1917,1918,1920,1932,1934,1940,1955,1963,1966,1989,1996,2012,2046,2047,2048,2070,2071,2082,2093,2099,2109,2117,2130,2156,2168,2177,2184,2194,2202,2209,2220,2235,2242,2238,2249,2263,2274,2282,2287,2292,2303,2310,2331,2346,2354,2371,2387,2408,2435,2438,2444,2463,2470,2478,2503,2507,2506,2527,2532,2522,2525,2509,2537,2529,2537,2536
943,1718,1713,1716,1717,1719,1723,1724,1731,1734,1741,1749,1751,1760,1772,1776,1778,1789,1795,1799,1801,1810,1822,1836,1836,1841,1858,1861,1863,1880,1884,1888,1894,1896,1910,1917,1918,1920,1932,1934,1940,1955,1963,1966,1989,1996,2012,2046,2047,2048,2070,2071,2082,2093,2099,2109,2117,2130,2156,2168,2177,2184,2194,2202,2209,2220,2235,2242,2238,2249,2263,2274,2282,2287,2292,2303,2310,2331,2346,2354,2371,2387,2408,2435,2438,2444,2463,2470,2478,2503,2507,2506,2527,2532,2522,2525,2509,2537,2529,2537,2536,2541
944,1713,1716,1717,1719,1723,1724,1731,1734,1741,1749,1751,1760,1772,1776,1778,1789,1795,1799,1801,1810,1822,1836,1836,1841,1858,1861,1863,1880,1884,1888,1894,1896,1910,1917,1918,1920,1932,1934,1940,1955,1963,1966,1989,1996,2012,2046,2047,2048,2070,2071,2082,2093,2099,2109,2117,2130,2156,2168,2177,2184,2194,2202,2209,2220,2235,2242,2238,2249,2263,2274,2282,2287,2292,2303,2310,2331,2346,2354,2371,2387,2408,2435,2438,2444,2463,2470,2478,2503,2507,2506,2527,2532,2522,2525,2509,2537,2529,2537,2536,2541,2546
945,1716,1717,1719,1723,1724,1731,1734,1741,1749,1751,1760,1772,1776,1778,1789,1795,1799,1801,1810,1822,1836,1836,1841,1858,1861,1863,1880,1884,1888,1894,1896,1910,1917,1918,1920,1932,1934,1940,1955,1963,1966,1989,1996,2012,2046,2047,2048,2070,2071,2082,2093,2099,2109,2117,2130,2156,2168,2177,2184,2194,2202,2209,2220,2235,2242,2238,2249,2263,2274,2282,2287,2292,2303,2310,2331,2346,2354,2371,2387,2408,2435,2438,2444,2463,2470,2478,2503,2507,2506,2527,2532,2522,2525,2509,2537,2529,2537,2536,2541,2546,2554
946,1717,1719,1723,1724,1731,1734,1741,1749,1751,1760,1772,1776,1778,1789,1795,1799,1801,1810,1822,1836,1836,1841,1858,1861,1863,1880,1884,1888,1894,1896,1910,1917,1918,1920,1932,1934,1940,1955,1963,1966,1989,1996,2012,2046,2047,2048,2070,2071,2082,2093,2099,2109,2117,2130,2156,2168,2177,2184,2194,2202,2209,2220,2235,2242,2238,2249,2263,2274,2282,2287,2292,2303,2310,2331,2346,2354,2371,2387,2408,2435,2438,2444,2463,2470,2478,2503,2507,2506,2527,2532,2522,2525,2509,2537,2529,2537,2536,2541,2546,2554,2591
947,1719,1723,1724,1731,1734,1741,1749,1751,1760,1772,1776,1778,1789,1795,1799,1801,1810,1822,1836,1836,1841,1858,1861,1863,1880,1884,1888,1894,1896,1910,1917,1918,1920,1932,1934,1940,1955,1963,1966,1989,1996,2012,2046,2047,2048,2070,2071,2082,2093,2099,2109,2117,2130,2156,2168,2177,2184,2194,2202,2209,2220,2235,2242,2238,2249,2263,2274,2282,2287,2292,2303,2310,2331,2346,2354,2371,2387,2408,2435,2438,2444,2463,2470,2478,2503,2507,2506,2527,2532,2522,2525,2509,2537,2529,2537,2536,2541,2546,2554,2591,2606
948,1723,1724,1731,1734,1741,1749,1751,1760,1772,1776,1778,1789,1795,1799,1801,1810,1822,1836,1836,1841,1858,1861,1863,1880,1884,1888,1894,1896,1910,1917,1918,1920,1932,1934,1940,1955,1963,1966,1989,1996,2012,2046,2047,2048,2070,2071,2082,2093,2099,2109,2117,2130,2156,2168,2177,2184,2194,2202,2209,2220,2235,2242,2238,2249,2263,2274,2282,2287,2292,2303,2310,2331,2346,2354,2371,2387,2408,2435,2438,2444,2463,2470,2478,2503,2507,2506,2527,2532,2522,2525,2509,2537,2529,2537,2536,2541,2546,2554,2591,2606,2586
949,1724,1731,1734,1741,1749,1751,1760,1772,1776,1778,1789,1795,1799,1801,1810,1822,1836,1836,1841,1858,1861,1863,1880,1884,1888,1894,1896,1910,1917,1918,1920,1932,1934,1940,1955,1963,1966,1989,1996,2012,2046,2047,2048,2070,2071,2082,2093,2099,2109,2117,2130,2156,2168,2177,2184,2194,2202,2209,2220,2235,2242,2238,2249,2263,2274,2282,2287,2292,2303,2310,2331,2346,2354,2371,2387,2408,2435,2438,2444,2463,2470,2478,2503,2507,2506,2527,2532,2522,2525,2509,2537,2529,2537,2536,2541,2546,2554,2591,2606,2586,2591
950,1731,1734,1741,1749,1751,1760,1772,1776,1778,1789,1795,1799,1801,1810,1822,1836,1836,1841,1858,1861,1863,1880,1884,1888,1894,1896,1910,1917,1918,1920,1932,1934,1940,1955,1963,1966,1989,1996,2012,2046,2047,2048,2070,2071,2082,2093,2099,2109,2117,2130,2156,2168,2177,2184,2194,2202,2209,2220,2235,2242,2238,2249,2263,2274,2282,2287,2292,2303,2310,2331,2346,2354,2371,2387,2408,2435,2438,2444,2463,2470,2478,2503,2507,2506,2527,2532,2522,2525,2509,2537,2529,2537,2536,2541,2546,2554,2591,2606,2586,2591,2587
951,1734,1741,1749,1751,1760,1772,1776,1778,1789,1795,1799,1801,1810,1822,1836,1836,1841,1858,1861,1863,1880,1884,1888,1894,1896,1910,1917,1918,1920,1932,1934,1940,1955,1963,1966,1989,1996,2012,2046,2047,2048,2070,2071,2082,2093,2099,2109,2117,2130,2156,2168,2177,2184,2194,2202,2209,2220,2235,2242,2238,2249,2263,2274,2282,2287,2292,2303,2310,2331,2346,2354,2371,2387,2408,2435,2438,2444,2463,2470,2478,2503,2507,2506,2527,2532,2522,2525,2509,2537,2529,2537,2536,2541,2546,2554,2591,2606,2586,2591,2587,2631
952,1741,1749,1751,1760,1772,1776,1778,1789,1795,1799,1801,1810,1822,1836,1836,1841,1858,1861,1863,1880,1884,1888,1894,1896,1910,1917,1918,1920,1932,1934,1940,1955,1963,1966,1989,1996,2012,2046,2047,2048,2070,2071,2082,2093,2099,2109,2117,2130,2156,2168,2177,2184,2194,2202,2209,2220,2235,2242,2238,2249,2263,2274,2282,2287,2292,2303,2310,2331,2346,2354,2371,2387,2408,2435,2438,2444,2463,2470,2478,2503,2507,2506,2527,2532,2522,2525,2509,2537,2529,2537,2536,2541,2546,2554,2591,2606,2586,2591,2587,2631,2598
953,1749,1751,1760,1772,1776,1778,1789,1795,1799,1801,1810,1822,1836,1836,1841,1858,1861,1863,1880,1884,1888,1894,1896,1910,1917,1918,1920,1932,1934,1940,1955,1963,1966,1989,1996,2012,2046,2047,2048,2070,2071,2082,2093,2099,2109,2117,2130,2156,2168,2177,2184,2194,2202,2209,2220,2235,2242,2238,2249,2263,2274,2282,2287,2292,2303,2310,2331,2346,2354,2371,2387,2408,2435,2438,2444,2463,2470,2478,2503,2507,2506,2527,2532,2522,2525,2509,2537,2529,2537,2536,2541,2546,2554,2591,2606,2586,2591,2587,2631,2598,2595
954,1751,1760,1772,1776,1778,1789,1795,1799,1801,1810,1822,1836,1836,1841,1858,1861,1863,1880,1884,1888,1894,1896,1910,1917,1918,1920,1932,1934,1940,1955,1963,1966,1989,1996,2012,2046,2047,2048,2070,2071,2082,2093,2099,2109,2117,2130,2156,2168,2177,2184,2194,2202,2209,2220,2235,2242,2238,2249,2263,2274,2282,2287,2292,2303,2310,2331,2346,2354,2371,2387,2408,2435,2438,2444,2463,2470,2478,2503,2507,2506,2527,2532,2522,2525,2509,2537,2529,2537,2536,2541,2546,2554,2591,2606,2586,2591,2587,2631,2598,2595,2601
955,1760,1772,1776,1778,1789,1795,1799,1801,1810,1822,1836,1836,1841,1858,1861,1863,1880,1884,1888,1894,1896,1910,1917,1918,1920,1932,1934,1940,1955,1963,1966,1989,1996,2012,2046,2047,2048,2070,2071,2082,2093,2099,2109,2117,2130,2156,2168,2177,2184,2194,2202,2209,2220,2235,2242,2238,2249,2263,2274,2282,2287,2292,2303,2310,2331,2346,2354,2371,2387,2408,2435,2438,2444,2463,2470,2478,2503,2507,2506,2527,2532,2522,2525,2509,2537,2529,2537,2536,2541,2546,2554,2591,2606,2586,2591,2587,2631,2598,2595,2601,2609
956,1772,1776,1778,1789,1795,1799,1801,1810,1822,1836,1836,1841,1858,1861,1863,1880,1884,1888,1894,1896,1910,1917,1918,1920,1932,1934,1940,1955,1963,1966,1989,1996,2012,2046,2047,2048,2070,2071,2082,2093,2099,2109,2117,2130,2156,2168,2177,2184,2194,2202,2209,2220,2235,2242,2238,2249,2263,2274,2282,2287,2292,2303,2310,2331,2346,2354,2371,2387,2408,2435,2438,2444,2463,2470,2478,2503,2507,2506,2527,2532,2522,2525,2509,2537,2529,2537,2536,2541,2546,2554,2591,2606,2586,2591,2587,2631,2598,2595,2601,2609,2623
957,1776,1778,1789,1795,1799,1801,1810,1822,1836,1836,1841,1858,1861,1863,1880,1884,1888,1894,1896,1910,1917,1918,1920,1932,1934,1940,1955,1963,1966,1989,1996,2012,2046,2047,2048,2070,2071,2082,2093,2099,2109,2117,2130,2156,2168,2177,2184,2194,2202,2209,2220,2235,2242,2238,2249,2263,2274,2282,2287,2292,2303,2310,2331,2346,2354,2371,2387,2408,2435,2438,2444,2463,2470,2478,2503,2507,2506,2527,2532,2522,2525,2509,2537,2529,2537,2536,2541,2546,2554,2591,2606,2586,2591,2587,2631,2598,2595,2601,2609,2623,2623
958,1778,1789,1795,1799,1801,1810,1822,1836,1836,1841,1858,1861,1863,1880,1884,1888,1894,1896,1910,1917,1918,1920,1932,1934,1940,1955,1963,1966,1989,1996,2012,2046,2047,2048,2070,2071,2082,2093,2099,2109,2117,2130,2156,2168,2177,2184,2194,2202,2209,2220,2235,2242,2238,2249,2263,2274,2282,2287,2292,2303,2310,2331,2346,2354,2371,2387,2408,2435,2438,2444,2463,2470,2478,2503,2507,2506,2527,2532,2522,2525,2509,2537,2529,2537,2536,2541,2546,2554,2591,2606,2586,2591,2587,2631,2598,2595,2601,2609,2623,2623,2662
959,1789,1795,1799,1801,1810,1822,1836,1836,1841,1858,1861,1863,1880,1884,1888,1894,1896,1910,1917,1918,1920,1932,1934,1940,1955,1963,1966,1989,1996,2012,2046,2047,2048,2070,2071,2082,2093,2099,2109,2117,2130,2156,2168,2177,2184,2194,2202,2209,2220,2235,2242,2238,2249,2263,2274,2282,2287,2292,2303,2310,2331,2346,2354,2371,2387,2408,2435,2438,2444,2463,2470,2478,2503,2507,2506,2527,2532,2522,2525,2509,2537,2529,2537,2536,2541,2546,2554,2591,2606,2586,2591,2587,2631,2598,2595,2601,2609,2623,2623,2662,2659
960,1795,1799,1801,1810,1822,1836,1836,1841,1858,1861,1863,1880,1884,1888,1894,1896,1910,1917,1918,1920,1932,1934,1940,1955,1963,1966,1989,1996,2012,2046,2047,2048,2070,2071,2082,2093,2099,2109,2117,2130,2156,2168,2177,2184,2194,2202,2209,2220,2235,2242,2238,2249,2263,2274,2282,2287,2292,2303,2310,2331,2346,2354,2371,2387,2408,2435,2438,2444,2463,2470,2478,2503,2507,2506,2527,2532,2522,2525,2509,2537,2529,2537,2536,2541,2546,2554,2591,2606,2586,2591,2587,2631,2598,2595,2601,2609,2623,2623,2662,2659,2637
961,1799,1801,1810,1822,1836,1836,1841,1858,1861,1863,1880,1884,1888,1894,1896,1910,1917,1918,1920,1932,1934,1940,1955,1963,1966,1989,1996,2012,2046,2047,2048,2070,2071,2082,2093,2099,2109,2117,2130,2156,2168,2177,2184,2194,2202,2209,2220,2235,2242,2238,2249,2263,2274,2282,2287,2292,2303,2310,2331,2346,2354,2371,2387,2408,2435,2438,2444,2463,2470,2478,2503,2507,2506,2527,2532,2522,2525,2509,2537,2529,2537,2536,2541,2546,2554,2591,2606,2586,2591,2587,2631,2598,2595,2601,2609,2623,2623,2662,2659,2637,2645
962,1801,1810,1822,1836,1836,1841,1858,1861,1863,1880,1884,1888,1894,1896,1910,1917,1918,1920,1932,1934,1940,1955,1963,1966,1989,1996,2012,2046,2047,2048,2070,2071,2082,2093,2099,2109,2117,2130,2156,2168,2177,2184,2194,2202,2209,2220,2235,2242,2238,2249,2263,2274,2282,2287,2292,2303,2310,2331,2346,2354,2371,2387,2408,2435,2438,2444,2463,2470,2478,2503,2507,2506,2527,2532,2522,2525,2509,2537,2529,2537,2536,2541,2546,2554,2591,2606,2586,2591,2587,2631,2598,2595,2601,2609,2623,2623,2662,2659,2637,2645,2634
963,1810,1822,1836,1836,1841,1858,1861,1863,1880,1884,1888,1894,1896,1910,1917,1918,1920,1932,1934,1940,1955,1963,1966,1989,1996,2012,2046,2047,2048,2070,2071,2082,2093,2099,2109,2117,2130,2156,2168,2177,2184,2194,2202,2209,2220,2235,2242,2238,2249,2263,2274,2282,2287,2292,2303,2310,2331,2346,2354,2371,2387,2408,2435,2438,2444,2463,2470,2478,2503,2507,2506,2527,2532,2522,2525,2509,2537,2529,2537,2536,2541,2546,2554,2591,2606,2586,2591,2587,2631,2598,2595,2601,2609,2623,2623,2662,2659,2637,2645,2634,2647
964,1822,1836,1836,1841,1858,1861,1863,1880,1884,1888,1894,1896,1910,1917,1918,1920,1932,1934,1940,1955,1963,1966,1989,1996,2012,2046,2047,2048,2070,2071,2082,2093,2099,2109,2117,2130,2156,2168,2177,2184,2194,2202,2209,2220,2235,2242,2238,2249,2263,2274,2282,2287,2292,2303,2310,2331,2346,2354,2371,2387,2408,2435,2438,2444,2463,2470,2478,2503,2507,2506,2527,2532,2522,2525,2509,2537,2529,2537,2536,2541,2546,2554,2591,2606,2586,2591,2587,2631,2598,2595,2601,2609,2623,2623,2662,2659,2637,2645,2634,2647,2633
965,1836,1836,1841,1858,1861,1863,1880,1884,1888,1894,1896,1910,1917,1918,1920,1932,1934,1940,1955,1963,1966,1989,1996,2012,2046,2047,2048,2070,2071,2082,2093,2099,2109,2117,2130,2156,2168,2177,2184,2194,2202,2209,2220,2235,2242,2238,2249,2263,2274,2282,2287,2292,2303,2310,2331,2346,2354,2371,2387,2408,2435,2438,2444,2463,2470,2478,2503,2507,2506,2527,2532,2522,2525,2509,2537,2529,2537,2536,2541,2546,2554,2591,2606,2586,2591,2587,2631,2598,2595,2601,2609,2623,2623,2662,2659,2637,2645,2634,2647,2633,2627
966,1836,1841,1858,1861,1863,1880,1884,1888,1894,1896,1910,1917,1918,1920,1932,1934,1940,1955,1963,1966,1989,1996,2012,2046,2047,2048,2070,2071,2082,2093,2099,2109,2117,2130,2156,2168,2177,2184,2194,2202,2209,2220,2235,2242,2238,2249,2263,2274,2282,2287,2292,2303,2310,2331,2346,2354,2371,2387,2408,2435,2438,2444,2463,2470,2478,2503,2507,2506,2527,2532,2522,2525,2509,2537,2529,2537,2536,2541,2546,2554,2591,2606,2586,2591,2587,2631,2598,2595,2601,2609,2623,2623,2662,2659,2637,2645,2634,2647,2633,2627,2644
967,1841,1858,1861,1863,1880,1884,1888,1894,1896,1910,1917,1918,1920,1932,1934,1940,1955,1963,1966,1989,1996,2012,2046,2047,2048,2070,2071,2082,2093,2099,2109,2117,2130,2156,2168,2177,2184,2194,2202,2209,2220,2235,2242,2238,2249,2263,2274,2282,2287,2292,2303,2310,2331,2346,2354,2371,2387,2408,2435,2438,2444,2463,2470,2478,2503,2507,2506,2527,2532,2522,2525,2509,2537,2529,2537,2536,2541,2546,2554,2591,2606,2586,2591,2587,2631,2598,2595,2601,2609,2623,2623,2662,2659,2637,2645,2634,2647,2633,2627,2644,2670
968,1858,1861,1863,1880,1884,1888,1894,1896,1910,1917,1918,1920,1932,1934,1940,1955,1963,1966,1989,1996,2012,2046,2047,2048,2070,2071,2082,2093,2099,2109,2117,2130,2156,2168,2177,2184,2194,2202,2209,2220,2235,2242,2238,2249,2263,2274,2282,2287,2292,2303,2310,2331,2346,2354,2371,2387,2408,2435,2438,2444,2463,2470,2478,2503,2507,2506,2527,2532,2522,2525,2509,2537,2529,2537,2536,2541,2546,2554,2591,2606,2586,2591,2587,2631,2598,2595,2601,2609,2623,2623,2662,2659,2637,2645,2634,2647,2633,2627,2644,2670,2662
969,1861,1863,1880,1884,1888,1894,1896,1910,1917,1918,1920,1932,1934,1940,1955,1963,1966,1989,1996,2012,2046,2047,2048,2070,2071,2082,2093,2099,2109,2117,2130,2156,2168,2177,2184,2194,2202,2209,2220,2235,2242,2238,2249,2263,2274,2282,2287,2292,2303,2310,2331,2346,2354,2371,2387,2408,2435,2438,2444,2463,2470,2478,2503,2507,2506,2527,2532,2522,2525,2509,2537,2529,2537,2536,2541,2546,2554,2591,2606,2586,2591,2587,2631,2598,2595,2601,2609,2623,2623,2662,2659,2637,2645,2634,2647,2633,2627,2644,2670,2662,2671
970,1863,1880,1884,1888,1894,1896,1910,1917,1918,1920,1932,1934,1940,1955,1963,1966,1989,1996,2012,2046,2047,2048,2070,2071,2082,2093,2099,2109,2117,2130,2156,2168,2177,2184,2194,2202,2209,2220,2235,2242,2238,2249,2263,2274,2282,2287,2292,2303,2310,2331,2346,2354,2371,2387,2408,2435,2438,2444,2463,2470,2478,2503,2507,2506,2527,2532,2522,2525,2509,2537,2529,2537,2536,2541,2546,2554,2591,2606,2586,2591,2587,2631,2598,2595,2601,2609,2623,2623,2662,2659,2637,2645,2634,2647,2633,2627,2644,2670,2662,2671,2702
971,1880,1884,1888,1894,1896,1910,1917,1918,1920,1932,1934,1940,1955,1963,1966,1989,1996,2012,2046,2047,2048,2070,2071,2082,2093,2099,2109,2117,2130,2156,2168,2177,2184,2194,2202,2209,2220,2235,2242,2238,2249,2263,2274,2282,2287,2292,2303,2310,2331,2346,2354,2371,2387,2408,2435,2438,2444,2463,2470,2478,2503,2507,2506,2527,2532,2522,2525,2509,2537,2529,2537,2536,2541,2546,2554,2591,2606,2586,2591,2587,2631,2598,2595,2601,2609,2623,2623,2662,2659,2637,2645,2634,2647,2633,2627,2644,2670,2662,2671,2702,2705
972,1884,1888,1894,1896,1910,1917,1918,1920,1932,1934,1940,1955,1963,1966,1989,1996,2012,2046,2047,2048,2070,2071,2082,2093,2099,2109,2117,2130,2156,2168,2177,2184,2194,2202,2209,2220,2235,2242,2238,2249,2263,2274,2282,2287,2292,2303,2310,2331,2346,2354,2371,2387,2408,2435,2438,2444,2463,2470,2478,2503,2507,2506,2527,2532,2522,2525,2509,2537,2529,2537,2536,2541,2546,2554,2591,2606,2586,2591,2587,2631,2598,2595,2601,2609,2623,2623,2662,2659,2637,2645,2634,2647,2633,2627,2644,2670,2662,2671,2702,2705,2698
973,1888,1894,1896,1910,1917,1918,1920,1932,1934,1940,1955,1963,1966,1989,1996,2012,2046,2047,2048,2070,2071,2082,2093,2099,2109,2117,2130,2156,2168,2177,2184,2194,2202,2209,2220,2235,2242,2238,2249,2263,2274,2282,2287,2292,2303,2310,2331,2346,2354,2371,2387,2408,2435,2438,2444,2463,2470,2478,2503,2507,2506,2527,2532,2522,2525,2509,2537,2529,2537,2536,2541,2546,2554,2591,2606,2586,2591,2587,2631,2598,2595,2601,2609,2623,2623,2662,2659,2637,2645,2634,2647,2633,2627,2644,2670,2662,2671,2702,2705,2698,2732
974,1894,1896,1910,1917,1918,1920,1932,1934,1940,1955,1963,1966,1989,1996,2012,2046,2047,2048,2070,2071,2082,2093,2099,2109,2117,2130,2156,2168,2177,2184,2194,2202,2209,2220,2235,2242,2238,2249,2263,2274,2282,2287,2292,2303,2310,2331,2346,2354,2371,2387,2408,2435,2438,2444,2463,2470,2478,2503,2507,2506,2527,2532,2522,2525,2509,2537,2529,2537,2536,2541,2546,2554,2591,2606,2586,2591,2587,2631,2598,2595,2601,2609,2623,2623,2662,2659,2637,2645,2634,2647,2633,2627,2644,2670,2662,2671,2702,2705,2698,2732,2737
975,1896,1910,1917,1918,1920,1932,1934,1940,1955,1963,1966,1989,1996,2012,2046,2047,2048,2070,2071,2082,2093,2099,2109,2117,2130,2156,2168,2177,2184,2194,2202,2209,2220,2235,2242,2238,2249,2263,2274,2282,2287,2292,2303,2310,2331,2346,2354,2371,2387,2408,2435,2438,2444,2463,2470,2478,2503,2507,2506,2527,2532,2522,2525,2509,2537,2529,2537,2536,2541,2546,2554,2591,2606,2586,2591,2587,2631,2598,2595,2601,2609,2623,2623,2662,2659,2637,2645,2634,2647,2633,2627,2644,2670,2662,2671,2702,2705,2698,2732,2737,2753
976,1910,1917,1918,1920,1932,1934,1940,1955,1963,1966,1989,1996,2012,2046,2047,2048,2070,2071,2082,2093,2099,2109,2117,2130,2156,2168,2177,2184,2194,2202,2209,2220,2235,2242,2238,2249,2263,2274,2282,2287,2292,2303,2310,2331,2346,2354,2371,2387,2408,2435,2438,2444,2463,2470,2478,2503,2507,2506,2527,2532,2522,2525,2509,2537,2529,2537,2536,2541,2546,2554,2591,2606,2586,2591,2587,2631,2598,2595,2601,2609,2623,2623,2662,2659,2637,2645,2634,2647,2633,2627,2644,2670,2662,2671,2702,2705,2698,2732,2737,2753,2753
977,1917,1918,1920,1932,1934,1940,1955,1963,1966,1989,1996,2012,2046,2047,2048,2070,2071,2082,2093,2099,2109,2117,2130,2156,2168,2177,2184,2194,2202,2209,2220,2235,2242,2238,2249,2263,2274,2282,2287,2292,2303,2310,2331,2346,2354,2371,2387,2408,2435,2438,2444,2463,2470,2478,2503,2507,2506,2527,2532,2522,2525,2509,2537,2529,2537,2536,2541,2546,2554,2591,2606,2586,2591,2587,2631,2598,2595,2601,2609,2623,2623,2662,2659,2637,2645,2634,2647,2633,2627,2644,2670,2662,2671,2702,2705,2698,2732,2737,2753,2753,2770
978,1918,1920,1932,1934,1940,1955,1963,1966,1989,1996,2012,2046,2047,2048,2070,2071,2082,2093,2099,2109,2117,2130,2156,2168,2177,2184,2194,2202,2209,2220,2235,2242,2238,2249,2263,2274,2282,2287,2292,2303,2310,2331,2346,2354,2371,2387,2408,2435,2438,2444,2463,2470,2478,2503,2507,2506,2527,2532,2522,2525,2509,2537,2529,2537,2536,2541,2546,2554,2591,2606,2586,2591,2587,2631,2598,2595,2601,2609,2623,2623,2662,2659,2637,2645,2634,2647,2633,2627,2644,2670,2662,2671,2702,2705,2698,2732,2737,2753,2753,2770,2770
979,1920,1932,1934,1940,1955,1963,1966,1989,1996,2012,2046,2047,2048,2070,2071,2082,2093,2099,2109,2117,2130,2156,2168,2177,2184,2194,2202,2209,2220,2235,2242,2238,2249,2263,2274,2282,2287,2292,2303,2310,2331,2346,2354,2371,2387,2408,2435,2438,2444,2463,2470,2478,2503,2507,2506,2527,2532,2522,2525,2509,2537,2529,2537,2536,2541,2546,2554,2591,2606,2586,2591,2587,2631,2598,2595,2601,2609,2623,2623,2662,2659,2637,2645,2634,2647,2633,2627,2644,2670,2662,2671,2702,2705,2698,2732,2737,2753,2753,2770,2770,2782
980,1932,1934,1940,1955,1963,1966,1989,1996,2012,2046,2047,2048,2070,2071,2082,2093,2099,2109,2117,2130,2156,2168,2177,2184,2194,2202,2209,2220,2235,2242,2238,2249,2263,2274,2282,2287,2292,2303,2310,2331,2346,2354,2371,2387,2408,2435,2438,2444,2463,2470,2478,2503,2507,2506,2527,2532,2522,2525,2509,2537,2529,2537,2536,2541,2546,2554,2591,2606,2586,2591,2587,2631,2598,2595,2601,2609,2623,2623,2662,2659,2637,2645,2634,2647,2633,2627,2644,2670,2662,2671,2702,2705,2698,2732,2737,2753,2753,2770,2770,2782,2799
981,1934,1940,1955,1963,1966,1989,1996,2012,2046,2047,2048,2070,2071,2082,2093,2099,2109,2117,2130,2156,2168,2177,2184,2194,2202,2209,2220,2235,2242,2238,2249,2263,2274,2282,2287,2292,2303,2310,2331,2346,2354,2371,2387,2408,2435,2438,2444,2463,2470,2478,2503,2507,2506,2527,2532,2522,2525,2509,2537,2529,2537,2536,2541,2546,2554,2591,2606,2586,2591,2587,2631,2598,2595,2601,2609,2623,2623,2662,2659,2637,2645,2634,2647,2633,2627,2644,2670,2662,2671,2702,2705,2698,2732,2737,2753,2753,2770,2770,2782,2799,2805
982,1940,1955,1963,1966,1989,1996,2012,2046,2047,2048,2070,2071,2082,2093,2099,2109,2117,2130,2156,2168,2177,2184,2194,2202,2209,2220,2235,2242,2238,2249,2263,2274,2282,2287,2292,2303,2310,2331,2346,2354,2371,2387,2408,2435,2438,2444,2463,2470,2478,2503,2507,2506,2527,2532,2522,2525,2509,2537,2529,2537,2536,2541,2546,2554,2591,2606,2586,2591,2587,2631,2598,2595,2601,2609,2623,2623,2662,2659,2637,2645,2634,2647,2633,2627,2644,2670,2662,2671,2702,2705,2698,2732,2737,2753,2753,2770,2770,2782,2799,2805,2841
983,1955,1963,1966,1989,1996,2012,2046,2047,2048,2070,2071,2082,2093,2099,2109,2117,2130,2156,2168,2177,2184,2194,2202,2209,2220,2235,2242,2238,2249,2263,2274,2282,2287,2292,2303,2310,2331,2346,2354,2371,2387,2408,2435,2438,2444,2463,2470,2478,2503,2507,2506,2527,2532,2522,2525,2509,2537,2529,2537,2536,2541,2546,2554,2591,2606,2586,2591,2587,2631,2598,2595,2601,2609,2623,2623,2662,2659,2637,2645,2634,2647,2633,2627,2644,2670,2662,2671,2702,2705,2698,2732,2737,2753,2753,2770,2770,2782,2799,2805,2841,2862
984,1963,1966,1989,1996,2012,2046,2047,2048,2070,2071,2082,2093,2099,2109,2117,2130,2156,2168,2177,2184,2194,2202,2209,2220,2235,2242,2238,2249,2263,2274,2282,2287,2292,2303,2310,2331,2346,2354,2371,2387,2408,2435,2438,2444,2463,2470,2478,2503,2507,2506,2527,2532,2522,2525,2509,2537,2529,2537,2536,2541,2546,2554,2591,2606,2586,2591,2587,2631,2598,2595,2601,2609,2623,2623,2662,2659,2637,2645,2634,2647,2633,2627,2644,2670,2662,2671,2702,2705,2698,2732,2737,2753,2753,2770,2770,2782,2799,2805,2841,2862,2834
985,1966,1989,1996,2012,2046,2047,2048,2070,2071,2082,2093,2099,2109,2117,2130,2156,2168,2177,2184,2194,2202,2209,2220,2235,2242,2238,2249,2263,2274,2282,2287,2292,2303,2310,2331,2346,2354,2371,2387,2408,2435,2438,2444,2463,2470,2478,2503,2507,2506,2527,2532,2522,2525,2509,2537,2529,2537,2536,2541,2546,2554,2591,2606,2586,2591,2587,2631,2598,2595,2601,2609,2623,2623,2662,2659,2637,2645,2634,2647,2633,2627,2644,2670,2662,2671,2702,2705,2698,2732,2737,2753,2753,2770,2770,2782,2799,2805,2841,2862,2834,2872
986,1989,1996,2012,2046,2047,2048,2070,2071,2082,2093,2099,2109,2117,2130,2156,2168,2177,2184,2194,2202,2209,2220,2235,2242,2238,2249,2263,2274,2282,2287,2292,2303,2310,2331,2346,2354,2371,2387,2408,2435,2438,2444,2463,2470,2478,2503,2507,2506,2527,2532,2522,2525,2509,2537,2529,2537,2536,2541,2546,2554,2591,2606,2586,2591,2587,2631,2598,2595,2601,2609,2623,2623,2662,2659,2637,2645,2634,2647,2633,2627,2644,2670,2662,2671,2702,2705,2698,2732,2737,2753,2753,2770,2770,2782,2799,2805,2841,2862,2834,2872,2859
987,1996,2012,2046,2047,2048,2070,2071,2082,2093,2099,2109,2117,2130,2156,2168,2177,2184,2194,2202,2209,2220,2235,2242,2238,2249,2263,2274,2282,2287,2292,2303,2310,2331,2346,2354,2371,2387,2408,2435,2438,2444,2463,2470,2478,2503,2507,2506,2527,2532,2522,2525,2509,2537,2529,2537,2536,2541,2546,2554,2591,2606,2586,2591,2587,2631,2598,2595,2601,2609,2623,2623,2662,2659,2637,2645,2634,2647,2633,2627,2644,2670,2662,2671,2702,2705,2698,2732,2737,2753,2753,2770,2770,2782,2799,2805,2841,2862,2834,2872,2859,2898
988,2012,2046,2047,2048,2070,2071,2082,2093,2099,2109,2117,2130,2156,2168,2177,2184,2194,2202,2209,2220,2235,2242,2238,2249,2263,2274,2282,2287,2292,2303,2310,2331,2346,2354,2371,2387,2408,2435,2438,2444,2463,2470,2478,2503,2507,2506,2527,2532,2522,2525,2509,2537,2529,2537,2536,2541,2546,2554,2591,2606,2586,2591,2587,2631,2598,2595,2601,2609,2623,2623,2662,2659,2637,2645,2634,2647,2633,2627,2644,2670,2662,2671,2702,2705,2698,2732,2737,2753,2753,2770,2770,2782,2799,2805,2841,2862,2834,2872,2859,2898,2891
989,2046,2047,2048,2070,2071,2082,2093,2099,2109,2117,2130,2156,2168,2177,2184,2194,2202,2209,2220,2235,2242,2238,2249,2263,2274,2282,2287,2292,2303,2310,2331,2346,2354,2371,2387,2408,2435,2438,2444,2463,2470,2478,2503,2507,2506,2527,2532,2522,2525,2509,2537,2529,2537,2536,2541,2546,2554,2591,2606,2586,2591,2587,2631,2598,2595,2601,2609,2623,2623,2662,2659,2637,2645,2634,2647,2633,2627,2644,2670,2662,2671,2702,2705,2698,2732,2737,2753,2753,2770,2770,2782,2799,2805,2841,2862,2834,2872,2859,2898,2891,2901
990,2047,2048,2070,2071,2082,2093,2099,2109,2117,2130,2156,2168,2177,2184,2194,2202,2209,2220,2235,2242,2238,2249,2263,2274,2282,2287,2292,2303,2310,2331,2346,2354,2371,2387,2408,2435,2438,2444,2463,2470,2478,2503,2507,2506,2527,2532,2522,2525,2509,2537,2529,2537,2536,2541,2546,2554,2591,2606,2586,2591,2587,2631,2598,2595,2601,2609,2623,2623,2662,2659,2637,2645,2634,2647,2633,2627,2644,2670,2662,2671,2702,2705,2698,2732,2737,2753,2753,2770,2770,2782,2799,2805,2841,2862,2834,2872,2859,2898,2891,2901,2918
991,2048,2070,2071,2082,2093,2099,2109,2117,2130,2156,2168,2177,2184,2194,2202,2209,2220,2235,2242,2238,2249,2263,2274,2282,2287,2292,2303,2310,2331,2346,2354,2371,2387,2408,2435,2438,2444,2463,2470,2478,2503,2507,2506,2527,2532,2522,2525,2509,2537,2529,2537,2536,2541,2546,2554,2591,2606,2586,2591,2587,2631,2598,2595,2601,2609,2623,2623,2662,2659,2637,2645,2634,2647,2633,2627,2644,2670,2662,2671,2702,2705,2698,2732,2737,2753,2753,2770,2770,2782,2799,2805,2841,2862,2834,2872,2859,2898,2891,2901,2918,2928
992,2070,2071,2082,2093,2099,2109,2117,2130,2156,2168,2177,2184,2194,2202,2209,2220,2235,2242,2238,2249,2263,2274,2282,2287,2292,2303,2310,2331,2346,2354,2371,2387,2408,2435,2438,2444,2463,2470,2478,2503,2507,2506,2527,2532,2522,2525,2509,2537,2529,2537,2536,2541,2546,2554,2591,2606,2586,2591,2587,2631,2598,2595,2601,2609,2623,2623,2662,2659,2637,2645,2634,2647,2633,2627,2644,2670,2662,2671,2702,2705,2698,2732,2737,2753,2753,2770,2770,2782,2799,2805,2841,2862,2834,2872,2859,2898,2891,2901,2918,2928,2954
993,2071,2082,2093,2099,2109,2117,2130,2156,2168,2177,2184,2194,2202,2209,2220,2235,2242,2238,2249,2263,2274,2282,2287,2292,2303,2310,2331,2346,2354,2371,2387,2408,2435,2438,2444,2463,2470,2478,2503,2507,2506,2527,2532,2522,2525,2509,2537,2529,2537,2536,2541,2546,2554,2591,2606,2586,2591,2587,2631,2598,2595,2601,2609,2623,2623,2662,2659,2637,2645,2634,2647,2633,2627,2644,2670,2662,2671,2702,2705,2698,2732,2737,2753,2753,2770,2770,2782,2799,2805,2841,2862,2834,2872,2859,2898,2891,2901,2918,2928,2954,2962
994,2082,2093,2099,2109,2117,2130,2156,2168,2177,2184,2194,2202,2209,2220,2235,2242,2238,2249,2263,2274,2282,2287,2292,2303,2310,2331,2346,2354,2371,2387,2408,2435,2438,2444,2463,2470,2478,2503,2507,2506,2527,2532,2522,2525,2509,2537,2529,2537,2536,2541,2546,2554,2591,2606,2586,2591,2587,2631,2598,2595,2601,2609,2623,2623,2662,2659,2637,2645,2634,2647,2633,2627,2644,2670,2662,2671,2702,2705,2698,2732,2737,2753,2753,2770,2770,2782,2799,2805,2841,2862,2834,2872,2859,2898,2891,2901,2918,2928,2954,2962,3000
995,2093,2099,2109,2117,2130,2156,2168,2177,2184,2194,2202,2209,2220,2235,2242,2238,2249,2263,2274,2282,2287,2292,2303,2310,2331,2346,2354,2371,2387,2408,2435,2438,2444,2463,2470,2478,2503,2507,2506,2527,2532,2522,2525,2509,2537,2529,2537,2536,2541,2546,2554,2591,2606,2586,2591,2587,2631,2598,2595,2601,2609,2623,2623,2662,2659,2637,2645,2634,2647,2633,2627,2644,2670,2662,2671,2702,2705,2698,2732,2737,2753,2753,2770,2770,2782,2799,2805,2841,2862,2834,2872,2859,2898,2891,2901,2918,2928,2954,2962,3000,3036
996,2099,2109,2117,2130,2156,2168,2177,2184,2194,2202,2209,2220,2235,2242,2238,2249,2263,2274,2282,2287,2292,2303,2310,2331,2346,2354,2371,2387,2408,2435,2438,2444,2463,2470,2478,2503,2507,2506,2527,2532,2522,2525,2509,2537,2529,2537,2536,2541,2546,2554,2591,2606,2586,2591,2587,2631,2598,2595,2601,2609,2623,2623,2662,2659,2637,2645,2634,2647,2633,2627,2644,2670,2662,2671,2702,2705,2698,2732,2737,2753,2753,2770,2770,2782,2799,2805,2841,2862,2834,2872,2859,2898,2891,2901,2918,2928,2954,2962,3000,3036,3030
997,2109,2117,2130,2156,2168,2177,2184,2194,2202,2209,2220,2235,2242,2238,2249,2263,2274,2282,2287,2292,2303,2310,2331,2346,2354,2371,2387,2408,2435,2438,2444,2463,2470,2478,2503,2507,2506,2527,2532,2522,2525,2509,2537,2529,2537,2536,2541,2546,2554,2591,2606,2586,2591,2587,2631,2598,2595,2601,2609,2623,2623,2662,2659,2637,2645,2634,2647,2633,2627,2644,2670,2662,2671,2702,2705,2698,2732,2737,2753,2753,2770,2770,2782,2799,2805,2841,2862,2834,2872,2859,2898,2891,2901,2918,2928,2954,2962,3000,3036,3030,3039
998,2117,2130,2156,2168,2177,2184,2194,2202,2209,2220,2235,2242,2238,2249,2263,2274,2282,2287,2292,2303,2310,2331,2346,2354,2371,2387,2408,2435,2438,2444,2463,2470,2478,2503,2507,2506,2527,2532,2522,2525,2509,2537,2529,2537,2536,2541,2546,2554,2591,2606,2586,2591,2587,2631,2598,2595,2601,2609,2623,2623,2662,2659,2637,2645,2634,2647,2633,2627,2644,2670,2662,2671,2702,2705,2698,2732,2737,2753,2753,2770,2770,2782,2799,2805,2841,2862,2834,2872,2859,2898,2891,2901,2918,2928,2954,2962,3000,3036,3030,3039,3033
999,2130,2156,2168,2177,2184,2194,2202,2209,2220,2235,2242,2238,2249,2263,2274,2282,2287,2292,2303,2310,2331,2346,2354,2371,2387,2408,2435,2438,2444,2463,2470,2478,2503,2507,2506,2527,2532,2522,2525,2509,2537,2529,2537,2536,2541,2546,2554,2591,2606,2586,2591,2587,2631,2598,2595,2601,2609,2623,2623,2662,2659,2637,2645,2634,2647,2633,2627,2644,2670,2662,2671,2702,2705,2698,2732,2737,2753,2753,2770,2770,2782,2799,2805,2841,2862,2834,2872,2859,2898,2891,2901,2918,2928,2954,2962,3000,3036,3030,3039,3033,3086
1000,2156,2168,2177,2184,2194,2202,2209,2220,2235,2242,2238,2249,2263,2274,2282,2287,2292,2303,2310,2331,2346,2354,2371,2387,2408,2435,2438,2444,2463,2470,2478,2503,2507,2506,2527,2532,2522,2525,2509,2537,2529,2537,2536,2541,2546,2554,2591,2606,2586,2591,2587,2631,2598,2595,2601,2609,2623,2623,2662,2659,2637,2645,2634,2647,2633,2627,2644,2670,2662,2671,2702,2705,2698,2732,2737,2753,2753,2770,2770,2782,2799,2805,2841,2862,2834,2872,2859,2898,2891,2901,2918,2928,2954,2962,3000,3036,3030,3039,3033,3086,3057
1001,2168,2177,2184,2194,2202,2209,2220,2235,2242,2238,2249,2263,2274,2282,2287,2292,2303,2310,2331,2346,2354,2371,2387,2408,2435,2438,2444,2463,2470,2478,2503,2507,2506,2527,2532,2522,2525,2509,2537,2529,2537,2536,2541,2546,2554,2591,2606,2586,2591,2587,2631,2598,2595,2601,2609,2623,2623,2662,2659,2637,2645,2634,2647,2633,2627,2644,2670,2662,2671,2702,2705,2698,2732,2737,2753,2753,2770,2770,2782,2799,2805,2841,2862,2834,2872,2859,2898,2891,2901,2918,2928,2954,2962,3000,3036,3030,3039,3033,3086,3057,3076
1002,2177,2184,2194,2202,2209,2220,2235,2242,2238,2249,2263,2274,2282,2287,2292,2303,2310,2331,2346,2354,2371,2387,2408,2435,2438,2444,2463,2470,2478,2503,2507,2506,2527,2532,2522,2525,2509,2537,2529,2537,2536,2541,2546,2554,2591,2606,2586,2591,2587,2631,2598,2595,2601,2609,2623,2623,2662,2659,2637,2645,2634,2647,2633,2627,2644,2670,2662,2671,2702,2705,2698,2732,2737,2753,2753,2770,2770,2782,2799,2805,2841,2862,2834,2872,2859,2898,2891,2901,2918,2928,2954,2962,3000,3036,3030,3039,3033,3086,3057,3076,3092
1003,2184,2194,2202,2209,2220,2235,2242,2238,2249,2263,2274,2282,2287,2292,2303,2310,2331,2346,2354,2371,2387,2408,2435,2438,2444,2463,2470,2478,2503,2507,2506,2527,2532,2522,2525,2509,2537,2529,2537,2536,2541,2546,2554,2591,2606,2586,2591,2587,2631,2598,2595,2601,2609,2623,2623,2662,2659,2637,2645,2634,2647,2633,2627,2644,2670,2662,2671,2702,2705,2698,2732,2737,2753,2753,2770,2770,2782,2799,2805,2841,2862,2834,2872,2859,2898,2891,2901,2918,2928,2954,2962,3000,3036,3030,3039,3033,3086,3057,3076,3092,3105
1004,2194,2202,2209,2220,2235,2242,2238,2249,2263,2274,2282,2287,2292,2303,2310,2331,2346,2354,2371,2387,2408,2435,2438,2444,2463,2470,2478,2503,2507,2506,2527,2532,2522,2525,2509,2537,2529,2537,2536,2541,2546,2554,2591,2606,2586,2591,2587,2631,2598,2595,2601,2609,2623,2623,2662,2659,2637,2645,2634,2647,2633,2627,2644,2670,2662,2671,2702,2705,2698,2732,2737,2753,2753,2770,2770,2782,2799,2805,2841,2862,2834,2872,2859,2898,2891,2901,2918,2928,2954,2962,3000,3036,3030,3039,3033,3086,3057,3076,3092,3105,3147
1005,2202,2209,2220,2235,2242,2238,2249,2263,2274,2282,2287,2292,2303,2310,2331,2346,2354,2371,2387,2408,2435,2438,2444,2463,2470,2478,2503,2507,2506,2527,2532,2522,2525,2509,2537,2529,2537,2536,2541,2546,2554,2591,2606,2586,2591,2587,2631,2598,2595,2601,2609,2623,2623,2662,2659,2637,2645,2634,2647,2633,2627,2644,2670,2662,2671,2702,2705,2698,2732,2737,2753,2753,2770,2770,2782,2799,2805,2841,2862,2834,2872,2859,2898,2891,2901,2918,2928,2954,2962,3000,3036,3030,3039,3033,3086,3057,3076,3092,3105,3147,3128
1006,2209,2220,2235,2242,2238,2249,2263,2274,2282,2287,2292,2303,2310,2331,2346,2354,2371,2387,2408,2435,2438,2444,2463,2470,2478,2503,2507,2506,2527,2532,2522,2525,2509,2537,2529,2537,2536,2541,2546,2554,2591,2606,2586,2591,2587,2631,2598,2595,2601,2609,2623,2623,2662,2659,2637,2645,2634,2647,2633,2627,2644,2670,2662,2671,2702,2705,2698,2732,2737,2753,2753,2770,2770,2782,2799,2805,2841,2862,2834,2872,2859,2898,2891,2901,2918,2928,2954,2962,3000,3036,3030,3039,3033,3086,3057,3076,3092,3105,3147,3128,3168
1007,2220,2235,2242,2238,2249,2263,2274,2282,2287,2292,2303,2310,2331,2346,2354,2371,2387,2408,2435,2438,2444,2463,2470,2478,2503,2507,2506,2527,2532,2522,2525,2509,2537,2529,2537,2536,2541,2546,2554,2591,2606,2586,2591,2587,2631,2598,2595,2601,2609,2623,2623,2662,2659,2637,2645,2634,2647,2633,2627,2644,2670,2662,2671,2702,2705,2698,2732,2737,2753,2753,2770,2770,2782,2799,2805,2841,2862,2834,2872,2859,2898,2891,2901,2918,2928,2954,2962,3000,3036,3030,3039,3033,3086,3057,3076,3092,3105,3147,3128,3168,3201
1008,2235,2242,2238,2249,2263,2274,2282,2287,2292,2303,2310,2331,2346,2354,2371,2387,2408,2435,2438,2444,2463,2470,2478,2503,2507,2506,2527,2532,2522,2525,2509,2537,2529,2537,2536,2541,2546,2554,2591,2606,2586,2591,2587,2631,2598,2595,2601,2609,2623,2623,2662,2659,2637,2645,2634,2647,2633,2627,2644,2670,2662,2671,2702,2705,2698,2732,2737,2753,2753,2770,2770,2782,2799,2805,2841,2862,2834,2872,2859,2898,2891,2901,2918,2928,2954,2962,3000,3036,3030,3039,3033,3086,3057,3076,3092,3105,3147,3128,3168,3201,3181
1009,2242,2238,2249,2263,2274,2282,2287,2292,2303,2310,2331,2346,2354,2371,2387,2408,2435,2438,2444,2463,2470,2478,2503,2507,2506,2527,2532,2522,2525,2509,2537,2529,2537,2536,2541,2546,2554,2591,2606,2586,2591,2587,2631,2598,2595,2601,2609,2623,2623,2662,2659,2637,2645,2634,2647,2633,2627,2644,2670,2662,2671,2702,2705,2698,2732,2737,2753,2753,2770,2770,2782,2799,2805,2841,2862,2834,2872,2859,2898,2891,2901,2918,2928,2954,2962,3000,3036,3030,3039,3033,3086,3057,3076,3092,3105,3147,3128,3168,3201,3181,3214
1010,2238,2249,2263,2274,2282,2287,2292,2303,2310,2331,2346,2354,2371,2387,2408,2435,2438,2444,2463,2470,2478,2503,2507,2506,2527,2532,2522,2525,2509,2537,2529,2537,2536,2541,2546,2554,2591,2606,2586,2591,2587,2631,2598,2595,2601,2609,2623,2623,2662,2659,2637,2645,2634,2647,2633,2627,2644,2670,2662,2671,2702,2705,2698,2732,2737,2753,2753,2770,2770,2782,2799,2805,2841,2862,2834,2872,2859,2898,2891,2901,2918,2928,2954,2962,3000,3036,3030,3039,3033,3086,3057,3076,3092,3105,3147,3128,3168,3201,3181,3214,3215
1011,2249,2263,2274,2282,2287,2292,2303,2310,2331,2346,2354,2371,2387,2408,2435,2438,2444,2463,2470,2478,2503,2507,2506,2527,2532,2522,2525,2509,2537,2529,2537,2536,2541,2546,2554,2591,2606,2586,2591,2587,2631,2598,2595,2601,2609,2623,2623,2662,2659,2637,2645,2634,2647,2633,2627,2644,2670,2662,2671,2702,2705,2698,2732,2737,2753,2753,2770,2770,2782,2799,2805,2841,2862,2834,2872,2859,2898,2891,2901,2918,2928,2954,2962,3000,3036,3030,3039,3033,3086,3057,3076,3092,3105,3147,3128,3168,3201,3181,3214,3215,3322
1012,2263,2274,2282,2287,2292,2303,2310,2331,2346,2354,2371,2387,2408,2435,2438,2444,2463,2470,2478,2503,2507,2506,2527,2532,2522,2525,2509,2537,2529,2537,2536,2541,2546,2554,2591,2606,2586,2591,2587,2631,2598,2595,2601,2609,2623,2623,2662,2659,2637,2645,2634,2647,2633,2627,2644,2670,2662,2671,2702,2705,2698,2732,2737,2753,2753,2770,2770,2782,2799,2805,2841,2862,2834,2872,2859,2898,2891,2901,2918,2928,2954,2962,3000,3036,3030,3039,3033,3086,3057,3076,3092,3105,3147,3128,3168,3201,3181,3214,3215,3322,3284
1013,2274,2282,2287,2292,2303,2310,2331,2346,2354,2371,2387,2408,2435,2438,2444,2463,2470,2478,2503,2507,2506,2527,2532,2522,2525,2509,2537,2529,2537,2536,2541,2546,2554,2591,2606,2586,2591,2587,2631,2598,2595,2601,2609,2623,2623,2662,2659,2637,2645,2634,2647,2633,2627,2644,2670,2662,2671,2702,2705,2698,2732,2737,2753,2753,2770,2770,2782,2799,2805,2841,2862,2834,2872,2859,2898,2891,2901,2918,2928,2954,2962,3000,3036,3030,3039,3033,3086,3057,3076,3092,3105,3147,3128,3168,3201,3181,3214,3215,3322,3284,3295
1014,2282,2287,2292,2303,2310,2331,2346,2354,2371,2387,2408,2435,2438,2444,2463,2470,2478,2503,2507,2506,2527,2532,2522,2525,2509,2537,2529,2537,2536,2541,2546,2554,2591,2606,2586,2591,2587,2631,2598,2595,2601,2609,2623,2623,2662,2659,2637,2645,2634,2647,2633,2627,2644,2670,2662,2671,2702,2705,2698,2732,2737,2753,2753,2770,2770,2782,2799,2805,2841,2862,2834,2872,2859,2898,2891,2901,2918,2928,2954,2962,3000,3036,3030,3039,3033,3086,3057,3076,3092,3105,3147,3128,3168,3201,3181,3214,3215,3322,3284,3295,3316
1015,2287,2292,2303,2310,2331,2346,2354,2371,2387,2408,2435,2438,2444,2463,2470,2478,2503,2507,2506,2527,2532,2522,2525,2509,2537,2529,2537,2536,2541,2546,2554,2591,2606,2586,2591,2587,2631,2598,2595,2601,2609,2623,2623,2662,2659,2637,2645,2634,2647,2633,2627,2644,2670,2662,2671,2702,2705,2698,2732,2737,2753,2753,2770,2770,2782,2799,2805,2841,2862,2834,2872,2859,2898,2891,2901,2918,2928,2954,2962,3000,3036,3030,3039,3033,3086,3057,3076,3092,3105,3147,3128,3168,3201,3181,3214,3215,3322,3284,3295,3316,3395
1016,2292,2303,2310,2331,2346,2354,2371,2387,2408,2435,2438,2444,2463,2470,2478,2503,2507,2506,2527,2532,2522,2525,2509,2537,2529,2537,2536,2541,2546,2554,2591,2606,2586,2591,2587,2631,2598,2595,2601,2609,2623,2623,2662,2659,2637,2645,2634,2647,2633,2627,2644,2670,2662,2671,2702,2705,2698,2732,2737,2753,2753,2770,2770,2782,2799,2805,2841,2862,2834,2872,2859,2898,2891,2901,2918,2928,2954,2962,3000,3036,3030,3039,3033,3086,3057,3076,3092,3105,3147,3128,3168,3201,3181,3214,3215,3322,3284,3295,3316,3395,3417
1017,2303,2310,2331,2346,2354,2371,2387,2408,2435,2438,2444,2463,2470,2478,2503,2507,2506,2527,2532,2522,2525,2509,2537,2529,2537,2536,2541,2546,2554,2591,2606,2586,2591,2587,2631,2598,2595,2601,2609,2623,2623,2662,2659,2637,2645,2634,2647,2633,2627,2644,2670,2662,2671,2702,2705,2698,2732,2737,2753,2753,2770,2770,2782,2799,2805,2841,2862,2834,2872,2859,2898,2891,2901,2918,2928,2954,2962,3000,3036,3030,3039,3033,3086,3057,3076,3092,3105,3147,3128,3168,3201,3181,3214,3215,3322,3284,3295,3316,3395,3417,3484
1018,2310,2331,2346,2354,2371,2387,2408,2435,2438,2444,2463,2470,2478,2503,2507,2506,2527,2532,2522,2525,2509,2537,2529,2537,2536,2541,2546,2554,2591,2606,2586,2591,2587,2631,2598,2595,2601,2609,2623,2623,2662,2659,2637,2645,2634,2647,2633,2627,2644,2670,2662,2671,2702,2705,2698,2732,2737,2753,2753,2770,2770,2782,2799,2805,2841,2862,2834,2872,2859,2898,2891,2901,2918,2928,2954,2962,3000,3036,3030,3039,3033,3086,3057,3076,3092,3105,3147,3128,3168,3201,3181,3214,3215,3322,3284,3295,3316,3395,3417,3484,3497
1019,2331,2346,2354,2371,2387,2408,2435,2438,2444,2463,2470,2478,2503,2507,2506,2527,2532,2522,2525,2509,2537,2529,2537,2536,2541,2546,2554,2591,2606,2586,2591,2587,2631,2598,2595,2601,2609,2623,2623,2662,2659,2637,2645,2634,2647,2633,2627,2644,2670,2662,2671,2702,2705,2698,2732,2737,2753,2753,2770,2770,2782,2799,2805,2841,2862,2834,2872,2859,2898,2891,2901,2918,2928,2954,2962,3000,3036,3030,3039,3033,3086,3057,3076,3092,3105,3147,3128,3168,3201,3181,3214,3215,3322,3284,3295,3316,3395,3417,3484,3497,3574
1020,2346,2354,2371,2387,2408,2435,2438,2444,2463,2470,2478,2503,2507,2506,2527,2532,2522,2525,2509,2537,2529,2537,2536,2541,2546,2554,2591,2606,2586,2591,2587,2631,2598,2595,2601,2609,2623,2623,2662,2659,2637,2645,2634,2647,2633,2627,2644,2670,2662,2671,2702,2705,2698,2732,2737,2753,2753,2770,2770,2782,2799,2805,2841,2862,2834,2872,2859,2898,2891,2901,2918,2928,2954,2962,3000,3036,3030,3039,3033,3086,3057,3076,3092,3105,3147,3128,3168,3201,3181,3214,3215,3322,3284,3295,3316,3395,3417,3484,3497,3574,3549
1021,2354,2371,2387,2408,2435,2438,2444,2463,2470,2478,2503,2507,2506,2527,2532,2522,2525,2509,2537,2529,2537,2536,2541,2546,2554,2591,2606,2586,2591,2587,2631,2598,2595,2601,2609,2623,2623,2662,2659,2637,2645,2634,2647,2633,2627,2644,2670,2662,2671,2702,2705,2698,2732,2737,2753,2753,2770,2770,2782,2799,2805,2841,2862,2834,2872,2859,2898,2891,2901,2918,2928,2954,2962,3000,3036,3030,3039,3033,3086,3057,3076,3092,3105,3147,3128,3168,3201,3181,3214,3215,3322,3284,3295,3316,3395,3417,3484,3497,3574,3549,3573
1022,2371,2387,2408,2435,2438,2444,2463,2470,2478,2503,2507,2506,2527,2532,2522,2525,2509,2537,2529,2537,2536,2541,2546,2554,2591,2606,2586,2591,2587,2631,2598,2595,2601,2609,2623,2623,2662,2659,2637,2645,2634,2647,2633,2627,2644,2670,2662,2671,2702,2705,2698,2732,2737,2753,2753,2770,2770,2782,2799,2805,2841,2862,2834,2872,2859,2898,2891,2901,2918,2928,2954,2962,3000,3036,3030,3039,3033,3086,3057,3076,3092,3105,3147,3128,3168,3201,3181,3214,3215,3322,3284,3295,3316,3395,3417,3484,3497,3574,3549,3573,3576
1023,2387,2408,2435,2438,2444,2463,2470,2478,2503,2507,2506,2527,2532,2522,2525,2509,2537,2529,2537,2536,2541,2546,2554,2591,2606,2586,2591,2587,2631,2598,2595,2601,2609,2623,2623,2662,2659,2637,2645,2634,2647,2633,2627,2644,2670,2662,2671,2702,2705,2698,2732,2737,2753,2753,2770,2770,2782,2799,2805,2841,2862,2834,2872,2859,2898,2891,2901,2918,2928,2954,2962,3000,3036,3030,3039,3033,3086,3057,3076,3092,3105,3147,3128,3168,3201,3181,3214,3215,3322,3284,3295,3316,3395,3417,3484,3497,3574,3549,3573,3576,3667
1024,2408,2435,2438,2444,2463,2470,2478,2503,2507,2506,2527,2532,2522,2525,2509,2537,2529,2537,2536,2541,2546,2554,2591,2606,2586,2591,2587,2631,2598,2595,2601,2609,2623,2623,2662,2659,2637,2645,2634,2647,2633,2627,2644,2670,2662,2671,2702,2705,2698,2732,2737,2753,2753,2770,2770,2782,2799,2805,2841,2862,2834,2872,2859,2898,2891,2901,2918,2928,2954,2962,3000,3036,3030,3039,3033,3086,3057,3076,3092,3105,3147,3128,3168,3201,3181,3214,3215,3322,3284,3295,3316,3395,3417,3484,3497,3574,3549,3573,3576,3667,3598
1025,2435,2438,2444,2463,2470,2478,2503,2507,2506,2527,2532,2522,2525,2509,2537,2529,2537,2536,2541,2546,2554,2591,2606,2586,2591,2587,2631,2598,2595,2601,2609,2623,2623,2662,2659,2637,2645,2634,2647,2633,2627,2644,2670,2662,2671,2702,2705,2698,2732,2737,2753,2753,2770,2770,2782,2799,2805,2841,2862,2834,2872,2859,2898,2891,2901,2918,2928,2954,2962,3000,3036,3030,3039,3033,3086,3057,3076,3092,3105,3147,3128,3168,3201,3181,3214,3215,3322,3284,3295,3316,3395,3417,3484,3497,3574,3549,3573,3576,3667,3598,3629
1026,2438,2444,2463,2470,2478,2503,2507,2506,2527,2532,2522,2525,2509,2537,2529,2537,2536,2541,2546,2554,2591,2606,2586,2591,2587,2631,2598,2595,2601,2609,2623,2623,2662,2659,2637,2645,2634,2647,2633,2627,2644,2670,2662,2671,2702,2705,2698,2732,2737,2753,2753,2770,2770,2782,2799,2805,2841,2862,2834,2872,2859,2898,2891,2901,2918,2928,2954,2962,3000,3036,3030,3039,3033,3086,3057,3076,3092,3105,3147,3128,3168,3201,3181,3214,3215,3322,3284,3295,3316,3395,3417,3484,3497,3574,3549,3573,3576,3667,3598,3629,3663
1027,2444,2463,2470,2478,2503,2507,2506,2527,2532,2522,2525,2509,2537,2529,2537,2536,2541,2546,2554,2591,2606,2586,2591,2587,2631,2598,2595,2601,2609,2623,2623,2662,2659,2637,2645,2634,2647,2633,2627,2644,2670,2662,2671,2702,2705,2698,2732,2737,2753,2753,2770,2770,2782,2799,2805,2841,2862,2834,2872,2859,2898,2891,2901,2918,2928,2954,2962,3000,3036,3030,3039,3033,3086,3057,3076,3092,3105,3147,3128,3168,3201,3181,3214,3215,3322,3284,3295,3316,3395,3417,3484,3497,3574,3549,3573,3576,3667,3598,3629,3663,3718
1028,2463,2470,2478,2503,2507,2506,2527,2532,2522,2525,2509,2537,2529,2537,2536,2541,2546,2554,2591,2606,2586,2591,2587,2631,2598,2595,2601,2609,2623,2623,2662,2659,2637,2645,2634,2647,2633,2627,2644,2670,2662,2671,2702,2705,2698,2732,2737,2753,2753,2770,2770,2782,2799,2805,2841,2862,2834,2872,2859,2898,2891,2901,2918,2928,2954,2962,3000,3036,3030,3039,3033,3086,3057,3076,3092,3105,3147,3128,3168,3201,3181,3214,3215,3322,3284,3295,3316,3395,3417,3484,3497,3574,3549,3573,3576,3667,3598,3629,3663,3718,3719
1029,2470,2478,2503,2507,2506,2527,2532,2522,2525,2509,2537,2529,2537,2536,2541,2546,2554,2591,2606,2586,2591,2587,2631,2598,2595,2601,2609,2623,2623,2662,2659,2637,2645,2634,2647,2633,2627,2644,2670,2662,2671,2702,2705,2698,2732,2737,2753,2753,2770,2770,2782,2799,2805,2841,2862,2834,2872,2859,2898,2891,2901,2918,2928,2954,2962,3000,3036,3030,3039,3033,3086,3057,3076,3092,3105,3147,3128,3168,3201,3181,3214,3215,3322,3284,3295,3316,3395,3417,3484,3497,3574,3549,3573,3576,3667,3598,3629,3663,3718,3719,3757
1030,2478,2503,2507,2506,2527,2532,2522,2525,2509,2537,2529,2537,2536,2541,2546,2554,2591,2606,2586,2591,2587,2631,2598,2595,2601,2609,2623,2623,2662,2659,2637,2645,2634,2647,2633,2627,2644,2670,2662,2671,2702,2705,2698,2732,2737,2753,2753,2770,2770,2782,2799,2805,2841,2862,2834,2872,2859,2898,2891,2901,2918,2928,2954,2962,3000,3036,3030,3039,3033,3086,3057,3076,3092,3105,3147,3128,3168,3201,3181,3214,3215,3322,3284,3295,3316,3395,3417,3484,3497,3574,3549,3573,3576,3667,3598,3629,3663,3718,3719,3757,3774
1031,2503,2507,2506,2527,2532,2522,2525,2509,2537,2529,2537,2536,2541,2546,2554,2591,2606,2586,2591,2587,2631,2598,2595,2601,2609,2623,2623,2662,2659,2637,2645,2634,2647,2633,2627,2644,2670,2662,2671,2702,2705,2698,2732,2737,2753,2753,2770,2770,2782,2799,2805,2841,2862,2834,2872,2859,2898,2891,2901,2918,2928,2954,2962,3000,3036,3030,3039,3033,3086,3057,3076,3092,3105,3147,3128,3168,3201,3181,3214,3215,3322,3284,3295,3316,3395,3417,3484,3497,3574,3549,3573,3576,3667,3598,3629,3663,3718,3719,3757,3774,3817
1032,2507,2506,2527,2532,2522,2525,2509,2537,2529,2537,2536,2541,2546,2554,2591,2606,2586,2591,2587,2631,2598,2595,2601,2609,2623,2623,2662,2659,2637,2645,2634,2647,2633,2627,2644,2670,2662,2671,2702,2705,2698,2732,2737,2753,2753,2770,2770,2782,2799,2805,2841,2862,2834,2872,2859,2898,2891,2901,2918,2928,2954,2962,3000,3036,3030,3039,3033,3086,3057,3076,3092,3105,3147,3128,3168,3201,3181,3214,3215,3322,3284,3295,3316,3395,3417,3484,3497,3574,3549,3573,3576,3667,3598,3629,3663,3718,3719,3757,3774,3817,3773
1033,2506,2527,2532,2522,2525,2509,2537,2529,2537,2536,2541,2546,2554,2591,2606,2586,2591,2587,2631,2598,2595,2601,2609,2623,2623,2662,2659,2637,2645,2634,2647,2633,2627,2644,2670,2662,2671,2702,2705,2698,2732,2737,2753,2753,2770,2770,2782,2799,2805,2841,2862,2834,2872,2859,2898,2891,2901,2918,2928,2954,2962,3000,3036,3030,3039,3033,3086,3057,3076,3092,3105,3147,3128,3168,3201,3181,3214,3215,3322,3284,3295,3316,3395,3417,3484,3497,3574,3549,3573,3576,3667,3598,3629,3663,3718,3719,3757,3774,3817,3773,3776
1034,2527,2532,2522,2525,2509,2537,2529,2537,2536,2541,2546,2554,2591,2606,2586,2591,2587,2631,2598,2595,2601,2609,2623,2623,2662,2659,2637,2645,2634,2647,2633,2627,2644,2670,2662,2671,2702,2705,2698,2732,2737,2753,2753,2770,2770,2782,2799,2805,2841,2862,2834,2872,2859,2898,2891,2901,2918,2928,2954,2962,3000,3036,3030,3039,3033,3086,3057,3076,3092,3105,3147,3128,3168,3201,3181,3214,3215,3322,3284,3295,3316,3395,3417,3484,3497,3574,3549,3573,3576,3667,3598,3629,3663,3718,3719,3757,3774,3817,3773,3776,3785
1035,2532,2522,2525,2509,2537,2529,2537,2536,2541,2546,2554,2591,2606,2586,2591,2587,2631,2598,2595,2601,2609,2623,2623,2662,2659,2637,2645,2634,2647,2633,2627,2644,2670,2662,2671,2702,2705,2698,2732,2737,2753,2753,2770,2770,2782,2799,2805,2841,2862,2834,2872,2859,2898,2891,2901,2918,2928,2954,2962,3000,3036,3030,3039,3033,3086,3057,3076,3092,3105,3147,3128,3168,3201,3181,3214,3215,3322,3284,3295,3316,3395,3417,3484,3497,3574,3549,3573,3576,3667,3598,3629,3663,3718,3719,3757,3774,3817,3773,3776,3785,3897
1036,2522,2525,2509,2537,2529,2537,2536,2541,2546,2554,2591,2606,2586,2591,2587,2631,2598,2595,2601,2609,2623,2623,2662,2659,2637,2645,2634,2647,2633,2627,2644,2670,2662,2671,2702,2705,2698,2732,2737,2753,2753,2770,2770,2782,2799,2805,2841,2862,2834,2872,2859,2898,2891,2901,2918,2928,2954,2962,3000,3036,3030,3039,3033,3086,3057,3076,3092,3105,3147,3128,3168,3201,3181,3214,3215,3322,3284,3295,3316,3395,3417,3484,3497,3574,3549,3573,3576,3667,3598,3629,3663,3718,3719,3757,3774,3817,3773,3776,3785,3897,3789
1037,2525,2509,2537,2529,2537,2536,2541,2546,2554,2591,2606,2586,2591,2587,2631,2598,2595,2601,2609,2623,2623,2662,2659,2637,2645,2634,2647,2633,2627,2644,2670,2662,2671,2702,2705,2698,2732,2737,2753,2753,2770,2770,2782,2799,2805,2841,2862,2834,2872,2859,2898,2891,2901,2918,2928,2954,2962,3000,3036,3030,3039,3033,3086,3057,3076,3092,3105,3147,3128,3168,3201,3181,3214,3215,3322,3284,3295,3316,3395,3417,3484,3497,3574,3549,3573,3576,3667,3598,3629,3663,3718,3719,3757,3774,3817,3773,3776,3785,3897,3789,3785
1038,2509,2537,2529,2537,2536,2541,2546,2554,2591,2606,2586,2591,2587,2631,2598,2595,2601,2609,2623,2623,2662,2659,2637,2645,2634,2647,2633,2627,2644,2670,2662,2671,2702,2705,2698,2732,2737,2753,2753,2770,2770,2782,2799,2805,2841,2862,2834,2872,2859,2898,2891,2901,2918,2928,2954,2962,3000,3036,3030,3039,3033,3086,3057,3076,3092,3105,3147,3128,3168,3201,3181,3214,3215,3322,3284,3295,3316,3395,3417,3484,3497,3574,3549,3573,3576,3667,3598,3629,3663,3718,3719,3757,3774,3817,3773,3776,3785,3897,3789,3785,3797
1039,2537,2529,2537,2536,2541,2546,2554,2591,2606,2586,2591,2587,2631,2598,2595,2601,2609,2623,2623,2662,2659,2637,2645,2634,2647,2633,2627,2644,2670,2662,2671,2702,2705,2698,2732,2737,2753,2753,2770,2770,2782,2799,2805,2841,2862,2834,2872,2859,2898,2891,2901,2918,2928,2954,2962,3000,3036,3030,3039,3033,3086,3057,3076,3092,3105,3147,3128,3168,3201,3181,3214,3215,3322,3284,3295,3316,3395,3417,3484,3497,3574,3549,3573,3576,3667,3598,3629,3663,3718,3719,3757,3774,3817,3773,3776,3785,3897,3789,3785,3797,3841
1040,2529,2537,2536,2541,2546,2554,2591,2606,2586,2591,2587,2631,2598,2595,2601,2609,2623,2623,2662,2659,2637,2645,2634,2647,2633,2627,2644,2670,2662,2671,2702,2705,2698,2732,2737,2753,2753,2770,2770,2782,2799,2805,2841,2862,2834,2872,2859,2898,2891,2901,2918,2928,2954,2962,3000,3036,3030,3039,3033,3086,3057,3076,3092,3105,3147,3128,3168,3201,3181,3214,3215,3322,3284,3295,3316,3395,3417,3484,3497,3574,3549,3573,3576,3667,3598,3629,3663,3718,3719,3757,3774,3817,3773,3776,3785,3897,3789,3785,3797,3841,3842
1041,2537,2536,2541,2546,2554,2591,2606,2586,2591,2587,2631,2598,2595,2601,2609,2623,2623,2662,2659,2637,2645,2634,2647,2633,2627,2644,2670,2662,2671,2702,2705,2698,2732,2737,2753,2753,2770,2770,2782,2799,2805,2841,2862,2834,2872,2859,2898,2891,2901,2918,2928,2954,2962,3000,3036,3030,3039,3033,3086,3057,3076,3092,3105,3147,3128,3168,3201,3181,3214,3215,3322,3284,3295,3316,3395,3417,3484,3497,3574,3549,3573,3576,3667,3598,3629,3663,3718,3719,3757,3774,3817,3773,3776,3785,3897,3789,3785,3797,3841,3842,3872
1042,2536,2541,2546,2554,2591,2606,2586,2591,2587,2631,2598,2595,2601,2609,2623,2623,2662,2659,2637,2645,2634,2647,2633,2627,2644,2670,2662,2671,2702,2705,2698,2732,2737,2753,2753,2770,2770,2782,2799,2805,2841,2862,2834,2872,2859,2898,2891,2901,2918,2928,2954,2962,3000,3036,3030,3039,3033,3086,3057,3076,3092,3105,3147,3128,3168,3201,3181,3214,3215,3322,3284,3295,3316,3395,3417,3484,3497,3574,3549,3573,3576,3667,3598,3629,3663,3718,3719,3757,3774,3817,3773,3776,3785,3897,3789,3785,3797,3841,3842,3872,3921
1043,2541,2546,2554,2591,2606,2586,2591,2587,2631,2598,2595,2601,2609,2623,2623,2662,2659,2637,2645,2634,2647,2633,2627,2644,2670,2662,2671,2702,2705,2698,2732,2737,2753,2753,2770,2770,2782,2799,2805,2841,2862,2834,2872,2859,2898,2891,2901,2918,2928,2954,2962,3000,3036,3030,3039,3033,3086,3057,3076,3092,3105,3147,3128,3168,3201,3181,3214,3215,3322,3284,3295,3316,3395,3417,3484,3497,3574,3549,3573,3576,3667,3598,3629,3663,3718,3719,3757,3774,3817,3773,3776,3785,3897,3789,3785,3797,3841,3842,3872,3921,3946
1044,2546,2554,2591,2606,2586,2591,2587,2631,2598,2595,2601,2609,2623,2623,2662,2659,2637,2645,2634,2647,2633,2627,2644,2670,2662,2671,2702,2705,2698,2732,2737,2753,2753,2770,2770,2782,2799,2805,2841,2862,2834,2872,2859,2898,2891,2901,2918,2928,2954,2962,3000,3036,3030,3039,3033,3086,3057,3076,3092,3105,3147,3128,3168,3201,3181,3214,3215,3322,3284,3295,3316,3395,3417,3484,3497,3574,3549,3573,3576,3667,3598,3629,3663,3718,3719,3757,3774,3817,3773,3776,3785,3897,3789,3785,3797,3841,3842,3872,3921,3946,3885
1045,2554,2591,2606,2586,2591,2587,2631,2598,2595,2601,2609,2623,2623,2662,2659,2637,2645,2634,2647,2633,2627,2644,2670,2662,2671,2702,2705,2698,2732,2737,2753,2753,2770,2770,2782,2799,2805,2841,2862,2834,2872,2859,2898,2891,2901,2918,2928,2954,2962,3000,3036,3030,3039,3033,3086,3057,3076,3092,3105,3147,3128,3168,3201,3181,3214,3215,3322,3284,3295,3316,3395,3417,3484,3497,3574,3549,3573,3576,3667,3598,3629,3663,3718,3719,3757,3774,3817,3773,3776,3785,3897,3789,3785,3797,3841,3842,3872,3921,3946,3885,3973
1046,2591,2606,2586,2591,2587,2631,2598,2595,2601,2609,2623,2623,2662,2659,2637,2645,2634,2647,2633,2627,2644,2670,2662,2671,2702,2705,2698,2732,2737,2753,2753,2770,2770,2782,2799,2805,2841,2862,2834,2872,2859,2898,2891,2901,2918,2928,2954,2962,3000,3036,3030,3039,3033,3086,3057,3076,3092,3105,3147,3128,3168,3201,3181,3214,3215,3322,3284,3295,3316,3395,3417,3484,3497,3574,3549,3573,3576,3667,3598,3629,3663,3718,3719,3757,3774,3817,3773,3776,3785,3897,3789,3785,3797,3841,3842,3872,3921,3946,3885,3973,3953
1047,2606,2586,2591,2587,2631,2598,2595,2601,2609,2623,2623,2662,2659,2637,2645,2634,2647,2633,2627,2644,2670,2662,2671,2702,2705,2698,2732,2737,2753,2753,2770,2770,2782,2799,2805,2841,2862,2834,2872,2859,2898,2891,2901,2918,2928,2954,2962,3000,3036,3030,3039,3033,3086,3057,3076,3092,3105,3147,3128,3168,3201,3181,3214,3215,3322,3284,3295,3316,3395,3417,3484,3497,3574,3549,3573,3576,3667,3598,3629,3663,3718,3719,3757,3774,3817,3773,3776,3785,3897,3789,3785,3797,3841,3842,3872,3921,3946,3885,3973,3953,4026
1048,2586,2591,2587,2631,2598,2595,2601,2609,2623,2623,2662,2659,2637,2645,2634,2647,2633,2627,2644,2670,2662,2671,2702,2705,2698,2732,2737,2753,2753,2770,2770,2782,2799,2805,2841,2862,2834,2872,2859,2898,2891,2901,2918,2928,2954,2962,3000,3036,3030,3039,3033,3086,3057,3076,3092,3105,3147,3128,3168,3201,3181,3214,3215,3322,3284,3295,3316,3395,3417,3484,3497,3574,3549,3573,3576,3667,3598,3629,3663,3718,3719,3757,3774,3817,3773,3776,3785,3897,3789,3785,3797,3841,3842,3872,3921,3946,3885,3973,3953,4026,3962
1049,2591,2587,2631,2598,2595,2601,2609,2623,2623,2662,2659,2637,2645,2634,2647,2633,2627,2644,2670,2662,2671,2702,2705,2698,2732,2737,2753,2753,2770,2770,2782,2799,2805,2841,2862,2834,2872,2859,2898,2891,2901,2918,2928,2954,2962,3000,3036,3030,3039,3033,3086,3057,3076,3092,3105,3147,3128,3168,3201,3181,3214,3215,3322,3284,3295,3316,3395,3417,3484,3497,3574,3549,3573,3576,3667,3598,3629,3663,3718,3719,3757,3774,3817,3773,3776,3785,3897,3789,3785,3797,3841,3842,3872,3921,3946,3885,3973,3953,4026,3962,3962
1050,2587,2631,2598,2595,2601,2609,2623,2623,2662,2659,2637,2645,2634,2647,2633,2627,2644,2670,2662,2671,2702,2705,2698,2732,2737,2753,2753,2770,2770,2782,2799,2805,2841,2862,2834,2872,2859,2898,2891,2901,2918,2928,2954,2962,3000,3036,3030,3039,3033,3086,3057,3076,3092,3105,3147,3128,3168,3201,3181,3214,3215,3322,3284,3295,3316,3395,3417,3484,3497,3574,3549,3573,3576,3667,3598,3629,3663,3718,3719,3757,3774,3817,3773,3776,3785,3897,3789,3785,3797,3841,3842,3872,3921,3946,3885,3973,3953,4026,3962,3962,4012
1051,2631,2598,2595,2601,2609,2623,2623,2662,2659,2637,2645,2634,2647,2633,2627,2644,2670,2662,2671,2702,2705,2698,2732,2737,2753,2753,2770,2770,2782,2799,2805,2841,2862,2834,2872,2859,2898,2891,2901,2918,2928,2954,2962,3000,3036,3030,3039,3033,3086,3057,3076,3092,3105,3147,3128,3168,3201,3181,3214,3215,3322,3284,3295,3316,3395,3417,3484,3497,3574,3549,3573,3576,3667,3598,3629,3663,3718,3719,3757,3774,3817,3773,3776,3785,3897,3789,3785,3797,3841,3842,3872,3921,3946,3885,3973,3953,4026,3962,3962,4012,4010
1052,2598,2595,2601,2609,2623,2623,2662,2659,2637,2645,2634,2647,2633,2627,2644,2670,2662,2671,2702,2705,2698,2732,2737,2753,2753,2770,2770,2782,2799,2805,2841,2862,2834,2872,2859,2898,2891,2901,2918,2928,2954,2962,3000,3036,3030,3039,3033,3086,3057,3076,3092,3105,3147,3128,3168,3201,3181,3214,3215,3322,3284,3295,3316,3395,3417,3484,3497,3574,3549,3573,3576,3667,3598,3629,3663,3718,3719,3757,3774,3817,3773,3776,3785,3897,3789,3785,3797,3841,3842,3872,3921,3946,3885,3973,3953,4026,3962,3962,4012,4010,4039
1053,2595,2601,2609,2623,2623,2662,2659,2637,2645,2634,2647,2633,2627,2644,2670,2662,2671,2702,2705,2698,2732,2737,2753,2753,2770,2770,2782,2799,2805,2841,2862,2834,2872,2859,2898,2891,2901,2918,2928,2954,2962,3000,3036,3030,3039,3033,3086,3057,3076,3092,3105,3147,3128,3168,3201,3181,3214,3215,3322,3284,3295,3316,3395,3417,3484,3497,3574,3549,3573,3576,3667,3598,3629,3663,3718,3719,3757,3774,3817,3773,3776,3785,3897,3789,3785,3797,3841,3842,3872,3921,3946,3885,3973,3953,4026,3962,3962,4012,4010,4039,4032
1054,2601,2609,2623,2623,2662,2659,2637,2645,2634,2647,2633,2627,2644,2670,2662,2671,2702,2705,2698,2732,2737,2753,2753,2770,2770,2782,2799,2805,2841,2862,2834,2872,2859,2898,2891,2901,2918,2928,2954,2962,3000,3036,3030,3039,3033,3086,3057,3076,3092,3105,3147,3128,3168,3201,3181,3214,3215,3322,3284,3295,3316,3395,3417,3484,3497,3574,3549,3573,3576,3667,3598,3629,3663,3718,3719,3757,3774,3817,3773,3776,3785,3897,3789,3785,3797,3841,3842,3872,3921,3946,3885,3973,3953,4026,3962,3962,4012,4010,4039,4032,4062
1055,2609,2623,2623,2662,2659,2637,2645,2634,2647,2633,2627,2644,2670,2662,2671,2702,2705,2698,2732,2737,2753,2753,2770,2770,2782,2799,2805,2841,2862,2834,2872,2859,2898,2891,2901,2918,2928,2954,2962,3000,3036,3030,3039,3033,3086,3057,3076,3092,3105,3147,3128,3168,3201,3181,3214,3215,3322,3284,3295,3316,3395,3417,3484,3497,3574,3549,3573,3576,3667,3598,3629,3663,3718,3719,3757,3774,3817,3773,3776,3785,3897,3789,3785,3797,3841,3842,3872,3921,3946,3885,3973,3953,4026,3962,3962,4012,4010,4039,4032,4062,4085
1056,2623,2623,2662,2659,2637,2645,2634,2647,2633,2627,2644,2670,2662,2671,2702,2705,2698,2732,2737,2753,2753,2770,2770,2782,2799,2805,2841,2862,2834,2872,2859,2898,2891,2901,2918,2928,2954,2962,3000,3036,3030,3039,3033,3086,3057,3076,3092,3105,3147,3128,3168,3201,3181,3214,3215,3322,3284,3295,3316,3395,3417,3484,3497,3574,3549,3573,3576,3667,3598,3629,3663,3718,3719,3757,3774,3817,3773,3776,3785,3897,3789,3785,3797,3841,3842,3872,3921,3946,3885,3973,3953,4026,3962,3962,4012,4010,4039,4032,4062,4085,4053
1057,2623,2662,2659,2637,2645,2634,2647,2633,2627,2644,2670,2662,2671,2702,2705,2698,2732,2737,2753,2753,2770,2770,2782,2799,2805,2841,2862,2834,2872,2859,2898,2891,2901,2918,2928,2954,2962,3000,3036,3030,3039,3033,3086,3057,3076,3092,3105,3147,3128,3168,3201,3181,3214,3215,3322,3284,3295,3316,3395,3417,3484,3497,3574,3549,3573,3576,3667,3598,3629,3663,3718,3719,3757,3774,3817,3773,3776,3785,3897,3789,3785,3797,3841,3842,3872,3921,3946,3885,3973,3953,4026,3962,3962,4012,4010,4039,4032,4062,4085,4053,4077
1058,2662,2659,2637,2645,2634,2647,2633,2627,2644,2670,2662,2671,2702,2705,2698,2732,2737,2753,2753,2770,2770,2782,2799,2805,2841,2862,2834,2872,2859,2898,2891,2901,2918,2928,2954,2962,3000,3036,3030,3039,3033,3086,3057,3076,3092,3105,3147,3128,3168,3201,3181,3214,3215,3322,3284,3295,3316,3395,3417,3484,3497,3574,3549,3573,3576,3667,3598,3629,3663,3718,3719,3757,3774,3817,3773,3776,3785,3897,3789,3785,3797,3841,3842,3872,3921,3946,3885,3973,3953,4026,3962,3962,4012,4010,4039,4032,4062,4085,4053,4077,4075
1059,2659,2637,2645,2634,2647,2633,2627,2644,2670,2662,2671,2702,2705,2698,2732,2737,2753,2753,2770,2770,2782,2799,2805,2841,2862,2834,2872,2859,2898,2891,2901,2918,2928,2954,2962,3000,3036,3030,3039,3033,3086,3057,3076,3092,3105,3147,3128,3168,3201,3181,3214,3215,3322,3284,3295,3316,3395,3417,3484,3497,3574,3549,3573,3576,3667,3598,3629,3663,3718,3719,3757,3774,3817,3773,3776,3785,3897,3789,3785,3797,3841,3842,3872,3921,3946,3885,3973,3953,4026,3962,3962,4012,4010,4039,4032,4062,4085,4053,4077,4075,4115
1060,2637,2645,2634,2647,2633,2627,2644,2670,2662,2671,2702,2705,2698,2732,2737,2753,2753,2770,2770,2782,2799,2805,2841,2862,2834,2872,2859,2898,2891,2901,2918,2928,2954,2962,3000,3036,3030,3039,3033,3086,3057,3076,3092,3105,3147,3128,3168,3201,3181,3214,3215,3322,3284,3295,3316,3395,3417,3484,3497,3574,3549,3573,3576,3667,3598,3629,3663,3718,3719,3757,3774,3817,3773,3776,3785,3897,3789,3785,3797,3841,3842,3872,3921,3946,3885,3973,3953,4026,3962,3962,4012,4010,4039,4032,4062,4085,4053,4077,4075,4115,4083
1061,2645,2634,2647,2633,2627,2644,2670,2662,2671,2702,2705,2698,2732,2737,2753,2753,2770,2770,2782,2799,2805,2841,2862,2834,2872,2859,2898,2891,2901,2918,2928,2954,2962,3000,3036,3030,3039,3033,3086,3057,3076,3092,3105,3147,3128,3168,3201,3181,3214,3215,3322,3284,3295,3316,3395,3417,3484,3497,3574,3549,3573,3576,3667,3598,3629,3663,3718,3719,3757,3774,3817,3773,3776,3785,3897,3789,3785,3797,3841,3842,3872,3921,3946,3885,3973,3953,4026,3962,3962,4012,4010,4039,4032,4062,4085,4053,4077,4075,4115,4083,4100
1062,2634,2647,2633,2627,2644,2670,2662,2671,2702,2705,2698,2732,2737,2753,2753,2770,2770,2782,2799,2805,2841,2862,2834,2872,2859,2898,2891,2901,2918,2928,2954,2962,3000,3036,3030,3039,3033,3086,3057,3076,3092,3105,3147,3128,3168,3201,3181,3214,3215,3322,3284,3295,3316,3395,3417,3484,3497,3574,3549,3573,3576,3667,3598,3629,3663,3718,3719,3757,3774,3817,3773,3776,3785,3897,3789,3785,3797,3841,3842,3872,3921,3946,3885,3973,3953,4026,3962,3962,4012,4010,4039,4032,4062,4085,4053,4077,4075,4115,4083,4100,4111
1063,2647,2633,2627,2644,2670,2662,2671,2702,2705,2698,2732,2737,2753,2753,2770,2770,2782,2799,2805,2841,2862,2834,2872,2859,2898,2891,2901,2918,2928,2954,2962,3000,3036,3030,3039,3033,3086,3057,3076,3092,3105,3147,3128,3168,3201,3181,3214,3215,3322,3284,3295,3316,3395,3417,3484,3497,3574,3549,3573,3576,3667,3598,3629,3663,3718,3719,3757,3774,3817,3773,3776,3785,3897,3789,3785,3797,3841,3842,3872,3921,3946,3885,3973,3953,4026,3962,3962,4012,4010,4039,4032,4062,4085,4053,4077,4075,4115,4083,4100,4111,4152
1064,2633,2627,2644,2670,2662,2671,2702,2705,2698,2732,2737,2753,2753,2770,2770,2782,2799,2805,2841,2862,2834,2872,2859,2898,2891,2901,2918,2928,2954,2962,3000,3036,3030,3039,3033,3086,3057,3076,3092,3105,3147,3128,3168,3201,3181,3214,3215,3322,3284,3295,3316,3395,3417,3484,3497,3574,3549,3573,3576,3667,3598,3629,3663,3718,3719,3757,3774,3817,3773,3776,3785,3897,3789,3785,3797,3841,3842,3872,3921,3946,3885,3973,3953,4026,3962,3962,4012,4010,4039,4032,4062,4085,4053,4077,4075,4115,4083,4100,4111,4152,4142
1065,2627,2644,2670,2662,2671,2702,2705,2698,2732,2737,2753,2753,2770,2770,2782,2799,2805,2841,2862,2834,2872,2859,2898,2891,2901,2918,2928,2954,2962,3000,3036,3030,3039,3033,3086,3057,3076,3092,3105,3147,3128,3168,3201,3181,3214,3215,3322,3284,3295,3316,3395,3417,3484,3497,3574,3549,3573,3576,3667,3598,3629,3663,3718,3719,3757,3774,3817,3773,3776,3785,3897,3789,3785,3797,3841,3842,3872,3921,3946,3885,3973,3953,4026,3962,3962,4012,4010,4039,4032,4062,4085,4053,4077,4075,4115,4083,4100,4111,4152,4142,4150
1066,2644,2670,2662,2671,2702,2705,2698,2732,2737,2753,2753,2770,2770,2782,2799,2805,2841,2862,2834,2872,2859,2898,2891,2901,2918,2928,2954,2962,3000,3036,3030,3039,3033,3086,3057,3076,3092,3105,3147,3128,3168,3201,3181,3214,3215,3322,3284,3295,3316,3395,3417,3484,3497,3574,3549,3573,3576,3667,3598,3629,3663,3718,3719,3757,3774,3817,3773,3776,3785,3897,3789,3785,3797,3841,3842,3872,3921,3946,3885,3973,3953,4026,3962,3962,4012,4010,4039,4032,4062,4085,4053,4077,4075,4115,4083,4100,4111,4152,4142,4150,4192
1067,2670,2662,2671,2702,2705,2698,2732,2737,2753,2753,2770,2770,2782,2799,2805,2841,2862,2834,2872,2859,2898,2891,2901,2918,2928,2954,2962,3000,3036,3030,3039,3033,3086,3057,3076,3092,3105,3147,3128,3168,3201,3181,3214,3215,3322,3284,3295,3316,3395,3417,3484,3497,3574,3549,3573,3576,3667,3598,3629,3663,3718,3719,3757,3774,3817,3773,3776,3785,3897,3789,3785,3797,3841,3842,3872,3921,3946,3885,3973,3953,4026,3962,3962,4012,4010,4039,4032,4062,4085,4053,4077,4075,4115,4083,4100,4111,4152,4142,4150,4192,4231
1068,2662,2671,2702,2705,2698,2732,2737,2753,2753,2770,2770,2782,2799,2805,2841,2862,2834,2872,2859,2898,2891,2901,2918,2928,2954,2962,3000,3036,3030,3039,3033,3086,3057,3076,3092,3105,3147,3128,3168,3201,3181,3214,3215,3322,3284,3295,3316,3395,3417,3484,3497,3574,3549,3573,3576,3667,3598,3629,3663,3718,3719,3757,3774,3817,3773,3776,3785,3897,3789,3785,3797,3841,3842,3872,3921,3946,3885,3973,3953,4026,3962,3962,4012,4010,4039,4032,4062,4085,4053,4077,4075,4115,4083,4100,4111,4152,4142,4150,4192,4231,4192
1069,2671,2702,2705,2698,2732,2737,2753,2753,2770,2770,2782,2799,2805,2841,2862,2834,2872,2859,2898,2891,2901,2918,2928,2954,2962,3000,3036,3030,3039,3033,3086,3057,3076,3092,3105,3147,3128,3168,3201,3181,3214,3215,3322,3284,3295,3316,3395,3417,3484,3497,3574,3549,3573,3576,3667,3598,3629,3663,3718,3719,3757,3774,3817,3773,3776,3785,3897,3789,3785,3797,3841,3842,3872,3921,3946,3885,3973,3953,4026,3962,3962,4012,4010,4039,4032,4062,4085,4053,4077,4075,4115,4083,4100,4111,4152,4142,4150,4192,4231,4192,4217
1070,2702,2705,2698,2732,2737,2753,2753,2770,2770,2782,2799,2805,2841,2862,2834,2872,2859,2898,2891,2901,2918,2928,2954,2962,3000,3036,3030,3039,3033,3086,3057,3076,3092,3105,3147,3128,3168,3201,3181,3214,3215,3322,3284,3295,3316,3395,3417,3484,3497,3574,3549,3573,3576,3667,3598,3629,3663,3718,3719,3757,3774,3817,3773,3776,3785,3897,3789,3785,3797,3841,3842,3872,3921,3946,3885,3973,3953,4026,3962,3962,4012,4010,4039,4032,4062,4085,4053,4077,4075,4115,4083,4100,4111,4152,4142,4150,4192,4231,4192,4217,4195
1071,2705,2698,2732,2737,2753,2753,2770,2770,2782,2799,2805,2841,2862,2834,2872,2859,2898,2891,2901,2918,2928,2954,2962,3000,3036,3030,3039,3033,3086,3057,3076,3092,3105,3147,3128,3168,3201,3181,3214,3215,3322,3284,3295,3316,3395,3417,3484,3497,3574,3549,3573,3576,3667,3598,3629,3663,3718,3719,3757,3774,3817,3773,3776,3785,3897,3789,3785,3797,3841,3842,3872,3921,3946,3885,3973,3953,4026,3962,3962,4012,4010,4039,4032,4062,4085,4053,4077,4075,4115,4083,4100,4111,4152,4142,4150,4192,4231,4192,4217,4195,4233
1072,2698,2732,2737,2753,2753,2770,2770,2782,2799,2805,2841,2862,2834,2872,2859,2898,2891,2901,2918,2928,2954,2962,3000,3036,3030,3039,3033,3086,3057,3076,3092,3105,3147,3128,3168,3201,3181,3214,3215,3322,3284,3295,3316,3395,3417,3484,3497,3574,3549,3573,3576,3667,3598,3629,3663,3718,3719,3757,3774,3817,3773,3776,3785,3897,3789,3785,3797,3841,3842,3872,3921,3946,3885,3973,3953,4026,3962,3962,4012,4010,4039,4032,4062,4085,4053,4077,4075,4115,4083,4100,4111,4152,4142,4150,4192,4231,4192,4217,4195,4233,4185
1073,2732,2737,2753,2753,2770,2770,2782,2799,2805,2841,2862,2834,2872,2859,2898,2891,2901,2918,2928,2954,2962,3000,3036,3030,3039,3033,3086,3057,3076,3092,3105,3147,3128,3168,3201,3181,3214,3215,3322,3284,3295,3316,3395,3417,3484,3497,3574,3549,3573,3576,3667,3598,3629,3663,3718,3719,3757,3774,3817,3773,3776,3785,3897,3789,3785,3797,3841,3842,3872,3921,3946,3885,3973,3953,4026,3962,3962,4012,4010,4039,4032,4062,4085,4053,4077,4075,4115,4083,4100,4111,4152,4142,4150,4192,4231,4192,4217,4195,4233,4185,4215
1074,2737,2753,2753,2770,2770,2782,2799,2805,2841,2862,2834,2872,2859,2898,2891,2901,2918,2928,2954,2962,3000,3036,3030,3039,3033,3086,3057,3076,3092,3105,3147,3128,3168,3201,3181,3214,3215,3322,3284,3295,3316,3395,3417,3484,3497,3574,3549,3573,3576,3667,3598,3629,3663,3718,3719,3757,3774,3817,3773,3776,3785,3897,3789,3785,3797,3841,3842,3872,3921,3946,3885,3973,3953,4026,3962,3962,4012,4010,4039,4032,4062,4085,4053,4077,4075,4115,4083,4100,4111,4152,4142,4150,4192,4231,4192,4217,4195,4233,4185,4215,4223
1075,2753,2753,2770,2770,2782,2799,2805,2841,2862,2834,2872,2859,2898,2891,2901,2918,2928,2954,2962,3000,3036,3030,3039,3033,3086,3057,3076,3092,3105,3147,3128,3168,3201,3181,3214,3215,3322,3284,3295,3316,3395,3417,3484,3497,3574,3549,3573,3576,3667,3598,3629,3663,3718,3719,3757,3774,3817,3773,3776,3785,3897,3789,3785,3797,3841,3842,3872,3921,3946,3885,3973,3953,4026,3962,3962,4012,4010,4039,4032,4062,4085,4053,4077,4075,4115,4083,4100,4111,4152,4142,4150,4192,4231,4192,4217,4195,4233,4185,4215,4223,4252
1076,2753,2770,2770,2782,2799,2805,2841,2862,2834,2872,2859,2898,2891,2901,2918,2928,2954,2962,3000,3036,3030,3039,3033,3086,3057,3076,3092,3105,3147,3128,3168,3201,3181,3214,3215,3322,3284,3295,3316,3395,3417,3484,3497,3574,3549,3573,3576,3667,3598,3629,3663,3718,3719,3757,3774,3817,3773,3776,3785,3897,3789,3785,3797,3841,3842,3872,3921,3946,3885,3973,3953,4026,3962,3962,4012,4010,4039,4032,4062,4085,4053,4077,4075,4115,4083,4100,4111,4152,4142,4150,4192,4231,4192,4217,4195,4233,4185,4215,4223,4252,4283
1077,2770,2770,2782,2799,2805,2841,2862,2834,2872,2859,2898,2891,2901,2918,2928,2954,2962,3000,3036,3030,3039,3033,3086,3057,3076,3092,3105,3147,3128,3168,3201,3181,3214,3215,3322,3284,3295,3316,3395,3417,3484,3497,3574,3549,3573,3576,3667,3598,3629,3663,3718,3719,3757,3774,3817,3773,3776,3785,3897,3789,3785,3797,3841,3842,3872,3921,3946,3885,3973,3953,4026,3962,3962,4012,4010,4039,4032,4062,4085,4053,4077,4075,4115,4083,4100,4111,4152,4142,4150,4192,4231,4192,4217,4195,4233,4185,4215,4223,4252,4283,4292
1078,2770,2782,2799,2805,2841,2862,2834,2872,2859,2898,2891,2901,2918,2928,2954,2962,3000,3036,3030,3039,3033,3086,3057,3076,3092,3105,3147,3128,3168,3201,3181,3214,3215,3322,3284,3295,3316,3395,3417,3484,3497,3574,3549,3573,3576,3667,3598,3629,3663,3718,3719,3757,3774,3817,3773,3776,3785,3897,3789,3785,3797,3841,3842,3872,3921,3946,3885,3973,3953,4026,3962,3962,4012,4010,4039,4032,4062,4085,4053,4077,4075,4115,4083,4100,4111,4152,4142,4150,4192,4231,4192,4217,4195,4233,4185,4215,4223,4252,4283,4292,4377
1079,2782,2799,2805,2841,2862,2834,2872,2859,2898,2891,2901,2918,2928,2954,2962,3000,3036,3030,3039,3033,3086,3057,3076,3092,3105,3147,3128,3168,3201,3181,3214,3215,3322,3284,3295,3316,3395,3417,3484,3497,3574,3549,3573,3576,3667,3598,3629,3663,3718,3719,3757,3774,3817,3773,3776,3785,3897,3789,3785,3797,3841,3842,3872,3921,3946,3885,3973,3953,4026,3962,3962,4012,4010,4039,4032,4062,4085,4053,4077,4075,4115,4083,4100,4111,4152,4142,4150,4192,4231,4192,4217,4195,4233,4185,4215,4223,4252,4283,4292,4377,4443
1080,2799,2805,2841,2862,2834,2872,2859,2898,2891,2901,2918,2928,2954,2962,3000,3036,3030,3039,3033,3086,3057,3076,3092,3105,3147,3128,3168,3201,3181,3214,3215,3322,3284,3295,3316,3395,3417,3484,3497,3574,3549,3573,3576,3667,3598,3629,3663,3718,3719,3757,3774,3817,3773,3776,3785,3897,3789,3785,3797,3841,3842,3872,3921,3946,3885,3973,3953,4026,3962,3962,4012,4010,4039,4032,4062,4085,4053,4077,4075,4115,4083,4100,4111,4152,4142,4150,4192,4231,4192,4217,4195,4233,4185,4215,4223,4252,4283,4292,4377,4443,4382
1081,2805,2841,2862,2834,2872,2859,2898,2891,2901,2918,2928,2954,2962,3000,3036,3030,3039,3033,3086,3057,3076,3092,3105,3147,3128,3168,3201,3181,3214,3215,3322,3284,3295,3316,3395,3417,3484,3497,3574,3549,3573,3576,3667,3598,3629,3663,3718,3719,3757,3774,3817,3773,3776,3785,3897,3789,3785,3797,3841,3842,3872,3921,3946,3885,3973,3953,4026,3962,3962,4012,4010,4039,4032,4062,4085,4053,4077,4075,4115,4083,4100,4111,4152,4142,4150,4192,4231,4192,4217,4195,4233,4185,4215,4223,4252,4283,4292,4377,4443,4382,4364
1082,2841,2862,2834,2872,2859,2898,2891,2901,2918,2928,2954,2962,3000,3036,3030,3039,3033,3086,3057,3076,3092,3105,3147,3128,3168,3201,3181,3214,3215,3322,3284,3295,3316,3395,3417,3484,3497,3574,3549,3573,3576,3667,3598,3629,3663,3718,3719,3757,3774,3817,3773,3776,3785,3897,3789,3785,3797,3841,3842,3872,3921,3946,3885,3973,3953,4026,3962,3962,4012,4010,4039,4032,4062,4085,4053,4077,4075,4115,4083,4100,4111,4152,4142,4150,4192,4231,4192,4217,4195,4233,4185,4215,4223,4252,4283,4292,4377,4443,4382,4364,4365
1083,2862,2834,2872,2859,2898,2891,2901,2918,2928,2954,2962,3000,3036,3030,3039,3033,3086,3057,3076,3092,3105,3147,3128,3168,3201,3181,3214,3215,3322,3284,3295,3316,3395,3417,3484,3497,3574,3549,3573,3576,3667,3598,3629,3663,3718,3719,3757,3774,3817,3773,3776,3785,3897,3789,3785,3797,3841,3842,3872,3921,3946,3885,3973,3953,4026,3962,3962,4012,4010,4039,4032,4062,4085,4053,4077,4075,4115,4083,4100,4111,4152,4142,4150,4192,4231,4192,4217,4195,4233,4185,4215,4223,4252,4283,4292,4377,4443,4382,4364,4365,4491
1084,2834,2872,2859,2898,2891,2901,2918,2928,2954,2962,3000,3036,3030,3039,3033,3086,3057,3076,3092,3105,3147,3128,3168,3201,3181,3214,3215,3322,3284,3295,3316,3395,3417,3484,3497,3574,3549,3573,3576,3667,3598,3629,3663,3718,3719,3757,3774,3817,3773,3776,3785,3897,3789,3785,3797,3841,3842,3872,3921,3946,3885,3973,3953,4026,3962,3962,4012,4010,4039,4032,4062,4085,4053,4077,4075,4115,4083,4100,4111,4152,4142,4150,4192,4231,4192,4217,4195,4233,4185,4215,4223,4252,4283,4292,4377,4443,4382,4364,4365,4491,4368
1085,2872,2859,2898,2891,2901,2918,2928,2954,2962,3000,3036,3030,3039,3033,3086,3057,3076,3092,3105,3147,3128,3168,3201,3181,3214,3215,3322,3284,3295,3316,3395,3417,3484,3497,3574,3549,3573,3576,3667,3598,3629,3663,3718,3719,3757,3774,3817,3773,3776,3785,3897,3789,3785,3797,3841,3842,3872,3921,3946,3885,3973,3953,4026,3962,3962,4012,4010,4039,4032,4062,4085,4053,4077,4075,4115,4083,4100,4111,4152,4142,4150,4192,4231,4192,4217,4195,4233,4185,4215,4223,4252,4283,4292,4377,4443,4382,4364,4365,4491,4368,4406
1086,2859,2898,2891,2901,2918,2928,2954,2962,3000,3036,3030,3039,3033,3086,3057,3076,3092,3105,3147,3128,3168,3201,3181,3214,3215,3322,3284,3295,3316,3395,3417,3484,3497,3574,3549,3573,3576,3667,3598,3629,3663,3718,3719,3757,3774,3817,3773,3776,3785,3897,3789,3785,3797,3841,3842,3872,3921,3946,3885,3973,3953,4026,3962,3962,4012,4010,4039,4032,4062,4085,4053,4077,4075,4115,4083,4100,4111,4152,4142,4150,4192,4231,4192,4217,4195,4233,4185,4215,4223,4252,4283,4292,4377,4443,4382,4364,4365,4491,4368,4406,4482
1087,2898,2891,2901,2918,2928,2954,2962,3000,3036,3030,3039,3033,3086,3057,3076,3092,3105,3147,3128,3168,3201,3181,3214,3215,3322,3284,3295,3316,3395,3417,3484,3497,3574,3549,3573,3576,3667,3598,3629,3663,3718,3719,3757,3774,3817,3773,3776,3785,3897,3789,3785,3797,3841,3842,3872,3921,3946,3885,3973,3953,4026,3962,3962,4012,4010,4039,4032,4062,4085,4053,4077,4075,4115,4083,4100,4111,4152,4142,4150,4192,4231,4192,4217,4195,4233,4185,4215,4223,4252,4283,4292,4377,4443,4382,4364,4365,4491,4368,4406,4482,4436
1088,2891,2901,2918,2928,2954,2962,3000,3036,3030,3039,3033,3086,3057,3076,3092,3105,3147,3128,3168,3201,3181,3214,3215,3322,3284,3295,3316,3395,3417,3484,3497,3574,3549,3573,3576,3667,3598,3629,3663,3718,3719,3757,3774,3817,3773,3776,3785,3897,3789,3785,3797,3841,3842,3872,3921,3946,3885,3973,3953,4026,3962,3962,4012,4010,4039,4032,4062,4085,4053,4077,4075,4115,4083,4100,4111,4152,4142,4150,4192,4231,4192,4217,4195,4233,4185,4215,4223,4252,4283,4292,4377,4443,4382,4364,4365,4491,4368,4406,4482,4436,4479
1089,2901,2918,2928,2954,2962,3000,3036,3030,3039,3033,3086,3057,3076,3092,3105,3147,3128,3168,3201,3181,3214,3215,3322,3284,3295,3316,3395,3417,3484,3497,3574,3549,3573,3576,3667,3598,3629,3663,3718,3719,3757,3774,3817,3773,3776,3785,3897,3789,3785,3797,3841,3842,3872,3921,3946,3885,3973,3953,4026,3962,3962,4012,4010,4039,4032,4062,4085,4053,4077,4075,4115,4083,4100,4111,4152,4142,4150,4192,4231,4192,4217,4195,4233,4185,4215,4223,4252,4283,4292,4377,4443,4382,4364,4365,4491,4368,4406,4482,4436,4479,4540
1090,2918,2928,2954,2962,3000,3036,3030,3039,3033,3086,3057,3076,3092,3105,3147,3128,3168,3201,3181,3214,3215,3322,3284,3295,3316,3395,3417,3484,3497,3574,3549,3573,3576,3667,3598,3629,3663,3718,3719,3757,3774,3817,3773,3776,3785,3897,3789,3785,3797,3841,3842,3872,3921,3946,3885,3973,3953,4026,3962,3962,4012,4010,4039,4032,4062,4085,4053,4077,4075,4115,4083,4100,4111,4152,4142,4150,4192,4231,4192,4217,4195,4233,4185,4215,4223,4252,4283,4292,4377,4443,4382,4364,4365,4491,4368,4406,4482,4436,4479,4540,4623
1091,2928,2954,2962,3000,3036,3030,3039,3033,3086,3057,3076,3092,3105,3147,3128,3168,3201,3181,3214,3215,3322,3284,3295,3316,3395,3417,3484,3497,3574,3549,3573,3576,3667,3598,3629,3663,3718,3719,3757,3774,3817,3773,3776,3785,3897,3789,3785,3797,3841,3842,3872,3921,3946,3885,3973,3953,4026,3962,3962,4012,4010,4039,4032,4062,4085,4053,4077,4075,4115,4083,4100,4111,4152,4142,4150,4192,4231,4192,4217,4195,4233,4185,4215,4223,4252,4283,4292,4377,4443,4382,4364,4365,4491,4368,4406,4482,4436,4479,4540,4623,4707
1092,2954,2962,3000,3036,3030,3039,3033,3086,3057,3076,3092,3105,3147,3128,3168,3201,3181,3214,3215,3322,3284,3295,3316,3395,3417,3484,3497,3574,3549,3573,3576,3667,3598,3629,3663,3718,3719,3757,3774,3817,3773,3776,3785,3897,3789,3785,3797,3841,3842,3872,3921,3946,3885,3973,3953,4026,3962,3962,4012,4010,4039,4032,4062,4085,4053,4077,4075,4115,4083,4100,4111,4152,4142,4150,4192,4231,4192,4217,4195,4233,4185,4215,4223,4252,4283,4292,4377,4443,4382,4364,4365,4491,4368,4406,4482,4436,4479,4540,4623,4707,4601
1093,2962,3000,3036,3030,3039,3033,3086,3057,3076,3092,3105,3147,3128,3168,3201,3181,3214,3215,3322,3284,3295,3316,3395,3417,3484,3497,3574,3549,3573,3576,3667,3598,3629,3663,3718,3719,3757,3774,3817,3773,3776,3785,3897,3789,3785,3797,3841,3842,3872,3921,3946,3885,3973,3953,4026,3962,3962,4012,4010,4039,4032,4062,4085,4053,4077,4075,4115,4083,4100,4111,4152,4142,4150,4192,4231,4192,4217,4195,4233,4185,4215,4223,4252,4283,4292,4377,4443,4382,4364,4365,4491,4368,4406,4482,4436,4479,4540,4623,4707,4601,4577
1094,3000,3036,3030,3039,3033,3086,3057,3076,3092,3105,3147,3128,3168,3201,3181,3214,3215,3322,3284,3295,3316,3395,3417,3484,3497,3574,3549,3573,3576,3667,3598,3629,3663,3718,3719,3757,3774,3817,3773,3776,3785,3897,3789,3785,3797,3841,3842,3872,3921,3946,3885,3973,3953,4026,3962,3962,4012,4010,4039,4032,4062,4085,4053,4077,4075,4115,4083,4100,4111,4152,4142,4150,4192,4231,4192,4217,4195,4233,4185,4215,4223,4252,4283,4292,4377,4443,4382,4364,4365,4491,4368,4406,4482,4436,4479,4540,4623,4707,4601,4577,4548
1095,3036,3030,3039,3033,3086,3057,3076,3092,3105,3147,3128,3168,3201,3181,3214,3215,3322,3284,3295,3316,3395,3417,3484,3497,3574,3549,3573,3576,3667,3598,3629,3663,3718,3719,3757,3774,3817,3773,3776,3785,3897,3789,3785,3797,3841,3842,3872,3921,3946,3885,3973,3953,4026,3962,3962,4012,4010,4039,4032,4062,4085,4053,4077,4075,4115,4083,4100,4111,4152,4142,4150,4192,4231,4192,4217,4195,4233,4185,4215,4223,4252,4283,4292,4377,4443,4382,4364,4365,4491,4368,4406,4482,4436,4479,4540,4623,4707,4601,4577,4548,4728
1096,3030,3039,3033,3086,3057,3076,3092,3105,3147,3128,3168,3201,3181,3214,3215,3322,3284,3295,3316,3395,3417,3484,3497,3574,3549,3573,3576,3667,3598,3629,3663,3718,3719,3757,3774,3817,3773,3776,3785,3897,3789,3785,3797,3841,3842,3872,3921,3946,3885,3973,3953,4026,3962,3962,4012,4010,4039,4032,4062,4085,4053,4077,4075,4115,4083,4100,4111,4152,4142,4150,4192,4231,4192,4217,4195,4233,4185,4215,4223,4252,4283,4292,4377,4443,4382,4364,4365,4491,4368,4406,4482,4436,4479,4540,4623,4707,4601,4577,4548,4728,4549
1097,3039,3033,3086,3057,3076,3092,3105,3147,3128,3168,3201,3181,3214,3215,3322,3284,3295,3316,3395,3417,3484,3497,3574,3549,3573,3576,3667,3598,3629,3663,3718,3719,3757,3774,3817,3773,3776,3785,3897,3789,3785,3797,3841,3842,3872,3921,3946,3885,3973,3953,4026,3962,3962,4012,4010,4039,4032,4062,4085,4053,4077,4075,4115,4083,4100,4111,4152,4142,4150,4192,4231,4192,4217,4195,4233,4185,4215,4223,4252,4283,4292,4377,4443,4382,4364,4365,4491,4368,4406,4482,4436,4479,4540,4623,4707,4601,4577,4548,4728,4549,4619
1098,3033,3086,3057,3076,3092,3105,3147,3128,3168,3201,3181,3214,3215,3322,3284,3295,3316,3395,3417,3484,3497,3574,3549,3573,3576,3667,3598,3629,3663,3718,3719,3757,3774,3817,3773,3776,3785,3897,3789,3785,3797,3841,3842,3872,3921,3946,3885,3973,3953,4026,3962,3962,4012,4010,4039,4032,4062,4085,4053,4077,4075,4115,4083,4100,4111,4152,4142,4150,4192,4231,4192,4217,4195,4233,4185,4215,4223,4252,4283,4292,4377,4443,4382,4364,4365,4491,4368,4406,4482,4436,4479,4540,4623,4707,4601,4577,4548,4728,4549,4619,4621
1099,3086,3057,3076,3092,3105,3147,3128,3168,3201,3181,3214,3215,3322,3284,3295,3316,3395,3417,3484,3497,3574,3549,3573,3576,3667,3598,3629,3663,3718,3719,3757,3774,3817,3773,3776,3785,3897,3789,3785,3797,3841,3842,3872,3921,3946,3885,3973,3953,4026,3962,3962,4012,4010,4039,4032,4062,4085,4053,4077,4075,4115,4083,4100,4111,4152,4142,4150,4192,4231,4192,4217,4195,4233,4185,4215,4223,4252,4283,4292,4377,4443,4382,4364,4365,4491,4368,4406,4482,4436,4479,4540,4623,4707,4601,4577,4548,4728,4549,4619,4621,4756
1100,3057,3076,3092,3105,3147,3128,3168,3201,3181,3214,3215,3322,3284,3295,3316,3395,3417,3484,3497,3574,3549,3573,3576,3667,3598,3629,3663,3718,3719,3757,3774,3817,3773,3776,3785,3897,3789,3785,3797,3841,3842,3872,3921,3946,3885,3973,3953,4026,3962,3962,4012,4010,4039,4032,4062,4085,4053,4077,4075,4115,4083,4100,4111,4152,4142,4150,4192,4231,4192,4217,4195,4233,4185,4215,4223,4252,4283,4292,4377,4443,4382,4364,4365,4491,4368,4406,4482,4436,4479,4540,4623,4707,4601,4577,4548,4728,4549,4619,4621,4756,4749
1101,3076,3092,3105,3147,3128,3168,3201,3181,3214,3215,3322,3284,3295,3316,3395,3417,3484,3497,3574,3549,3573,3576,3667,3598,3629,3663,3718,3719,3757,3774,3817,3773,3776,3785,3897,3789,3785,3797,3841,3842,3872,3921,3946,3885,3973,3953,4026,3962,3962,4012,4010,4039,4032,4062,4085,4053,4077,4075,4115,4083,4100,4111,4152,4142,4150,4192,4231,4192,4217,4195,4233,4185,4215,4223,4252,4283,4292,4377,4443,4382,4364,4365,4491,4368,4406,4482,4436,4479,4540,4623,4707,4601,4577,4548,4728,4549,4619,4621,4756,4749,4840
1102,3092,3105,3147,3128,3168,3201,3181,3214,3215,3322,3284,3295,3316,3395,3417,3484,3497,3574,3549,3573,3576,3667,3598,3629,3663,3718,3719,3757,3774,3817,3773,3776,3785,3897,3789,3785,3797,3841,3842,3872,3921,3946,3885,3973,3953,4026,3962,3962,4012,4010,4039,4032,4062,4085,4053,4077,4075,4115,4083,4100,4111,4152,4142,4150,4192,4231,4192,4217,4195,4233,4185,4215,4223,4252,4283,4292,4377,4443,4382,4364,4365,4491,4368,4406,4482,4436,4479,4540,4623,4707,4601,4577,4548,4728,4549,4619,4621,4756,4749,4840,4972
1103,3105,3147,3128,3168,3201,3181,3214,3215,3322,3284,3295,3316,3395,3417,3484,3497,3574,3549,3573,3576,3667,3598,3629,3663,3718,3719,3757,3774,3817,3773,3776,3785,3897,3789,3785,3797,3841,3842,3872,3921,3946,3885,3973,3953,4026,3962,3962,4012,4010,4039,4032,4062,4085,4053,4077,4075,4115,4083,4100,4111,4152,4142,4150,4192,4231,4192,4217,4195,4233,4185,4215,4223,4252,4283,4292,4377,4443,4382,4364,4365,4491,4368,4406,4482,4436,4479,4540,4623,4707,4601,4577,4548,4728,4549,4619,4621,4756,4749,4840,4972,5068
