target_index,t-100,t-99,t-98,t-97,t-96,t-95,t-94,t-93,t-92,t-91,t-90,t-89,t-88,t-87,t-86,t-85,t-84,t-83,t-82,t-81,t-80,t-79,t-78,t-77,t-76,t-75,t-74,t-73,t-72,t-71,t-70,t-69,t-68,t-67,t-66,t-65,t-64,t-63,t-62,t-61,t-60,t-59,t-58,t-57,t-56,t-55,t-54,t-53,t-52,t-51,t-50,t-49,t-48,t-47,t-46,t-45,t-44,t-43,t-42,t-41,t-40,t-39,t-38,t-37,t-36,t-35,t-34,t-33,t-32,t-31,t-30,t-29,t-28,t-27,t-26,t-25,t-24,t-23,t-22,t-21,t-20,t-19,t-18,t-17,t-16,t-15,t-14,t-13,t-12,t-11,t-10,t-9,t-8,t-7,t-6,t-5,t-4,t-3,t-2,t-1,target
101,-46.316,3.63,-43.17,22.592,-16.895,10.919,-25.74,24.17,-18.625,28.543,19.182,24.35,-52.028,-9.787,6.139,-21.889,56.671,-24.76,33.889,-32.065,37.551,-14.958,20.463,-25.18,18.154,8.218,21.835,-1.886,-24.393,26.609,-25.021,18.755,-24.05,19.051,-21.219,23.332,-12.102,-12.653,17.379,-19.394,27.172,-27.871,48.737,-6.434,34.405,1.749,33.092,42.955,111.855,71.43,-1.391,-48.782,-71.278,12.626,-50.781,13.648,-5.391,-1.428,-23.05,18.517,-20.622,17.184,-23.651,-2.498,40.202,31.789,-46.401,-45.41,56.673,-15.936,31.693,-31.015,42.164,-17.226,13.406,-14.369,-10.003,31.035,9.548,13.946,-45.104,32.143,-13.647,22.787,-30.214,11.623,-10.892,0.918,17.79,-41.927,39.217,-23.537,33.123,-37.787,55.377,-12.097,31.858,5.058,10.298,58.225,117.9
102,3.63,-43.17,22.592,-16.895,10.919,-25.74,24.17,-18.625,28.543,19.182,24.35,-52.028,-9.787,6.139,-21.889,56.671,-24.76,33.889,-32.065,37.551,-14.958,20.463,-25.18,18.154,8.218,21.835,-1.886,-24.393,26.609,-25.021,18.755,-24.05,19.051,-21.219,23.332,-12.102,-12.653,17.379,-19.394,27.172,-27.871,48.737,-6.434,34.405,1.749,33.092,42.955,111.855,71.43,-1.391,-48.782,-71.278,12.626,-50.781,13.648,-5.391,-1.428,-23.05,18.517,-20.622,17.184,-23.651,-2.498,40.202,31.789,-46.401,-45.41,56.673,-15.936,31.693,-31.015,42.164,-17.226,13.406,-14.369,-10.003,31.035,9.548,13.946,-45.104,32.143,-13.647,22.787,-30.214,11.623,-10.892,0.918,17.79,-41.927,39.217,-23.537,33.123,-37.787,55.377,-12.097,31.858,5.058,10.298,58.225,117.9,118.347
103,-43.17,22.592,-16.895,10.919,-25.74,24.17,-18.625,28.543,19.182,24.35,-52.028,-9.787,6.139,-21.889,56.671,-24.76,33.889,-32.065,37.551,-14.958,20.463,-25.18,18.154,8.218,21.835,-1.886,-24.393,26.609,-25.021,18.755,-24.05,19.051,-21.219,23.332,-12.102,-12.653,17.379,-19.394,27.172,-27.871,48.737,-6.434,34.405,1.749,33.092,42.955,111.855,71.43,-1.391,-48.782,-71.278,12.626,-50.781,13.648,-5.391,-1.428,-23.05,18.517,-20.622,17.184,-23.651,-2.498,40.202,31.789,-46.401,-45.41,56.673,-15.936,31.693,-31.015,42.164,-17.226,13.406,-14.369,-10.003,31.035,9.548,13.946,-45.104,32.143,-13.647,22.787,-30.214,11.623,-10.892,0.918,17.79,-41.927,39.217,-23.537,33.123,-37.787,55.377,-12.097,31.858,5.058,10.298,58.225,117.9,118.347,-3.882
104,22.592,-16.895,10.919,-25.74,24.17,-18.625,28.543,19.182,24.35,-52.028,-9.787,6.139,-21.889,56.671,-24.76,33.889,-32.065,37.551,-14.958,20.463,-25.18,18.154,8.218,21.835,-1.886,-24.393,26.609,-25.021,18.755,-24.05,19.051,-21.219,23.332,-12.102,-12.653,17.379,-19.394,27.172,-27.871,48.737,-6.434,34.405,1.749,33.092,42.955,111.855,71.43,-1.391,-48.782,-71.278,12.626,-50.781,13.648,-5.391,-1.428,-23.05,18.517,-20.622,17.184,-23.651,-2.498,40.202,31.789,-46.401,-45.41,56.673,-15.936,31.693,-31.015,42.164,-17.226,13.406,-14.369,-10.003,31.035,9.548,13.946,-45.104,32.143,-13.647,22.787,-30.214,11.623,-10.892,0.918,17.79,-41.927,39.217,-23.537,33.123,-37.787,55.377,-12.097,31.858,5.058,10.298,58.225,117.9,118.347,-3.882,-60.364
105,-16.895,10.919,-25.74,24.17,-18.625,28.543,19.182,24.35,-52.028,-9.787,6.139,-21.889,56.671,-24.76,33.889,-32.065,37.551,-14.958,20.463,-25.18,18.154,8.218,21.835,-1.886,-24.393,26.609,-25.021,18.755,-24.05,19.051,-21.219,23.332,-12.102,-12.653,17.379,-19.394,27.172,-27.871,48.737,-6.434,34.405,1.749,33.092,42.955,111.855,71.43,-1.391,-48.782,-71.278,12.626,-50.781,13.648,-5.391,-1.428,-23.05,18.517,-20.622,17.184,-23.651,-2.498,40.202,31.789,-46.401,-45.41,56.673,-15.936,31.693,-31.015,42.164,-17.226,13.406,-14.369,-10.003,31.035,9.548,13.946,-45.104,32.143,-13.647,22.787,-30.214,11.623,-10.892,0.918,17.79,-41.927,39.217,-23.537,33.123,-37.787,55.377,-12.097,31.858,5.058,10.298,58.225,117.9,118.347,-3.882,-60.364,-78.813
106,10.919,-25.74,24.17,-18.625,28.543,19.182,24.35,-52.028,-9.787,6.139,-21.889,56.671,-24.76,33.889,-32.065,37.551,-14.958,20.463,-25.18,18.154,8.218,21.835,-1.886,-24.393,26.609,-25.021,18.755,-24.05,19.051,-21.219,23.332,-12.102,-12.653,17.379,-19.394,27.172,-27.871,48.737,-6.434,34.405,1.749,33.092,42.955,111.855,71.43,-1.391,-48.782,-71.278,12.626,-50.781,13.648,-5.391,-1.428,-23.05,18.517,-20.622,17.184,-23.651,-2.498,40.202,31.789,-46.401,-45.41,56.673,-15.936,31.693,-31.015,42.164,-17.226,13.406,-14.369,-10.003,31.035,9.548,13.946,-45.104,32.143,-13.647,22.787,-30.214,11.623,-10.892,0.918,17.79,-41.927,39.217,-23.537,33.123,-37.787,55.377,-12.097,31.858,5.058,10.298,58.225,117.9,118.347,-3.882,-60.364,-78.813,10.613
107,-25.74,24.17,-18.625,28.543,19.182,24.35,-52.028,-9.787,6.139,-21.889,56.671,-24.76,33.889,-32.065,37.551,-14.958,20.463,-25.18,18.154,8.218,21.835,-1.886,-24.393,26.609,-25.021,18.755,-24.05,19.051,-21.219,23.332,-12.102,-12.653,17.379,-19.394,27.172,-27.871,48.737,-6.434,34.405,1.749,33.092,42.955,111.855,71.43,-1.391,-48.782,-71.278,12.626,-50.781,13.648,-5.391,-1.428,-23.05,18.517,-20.622,17.184,-23.651,-2.498,40.202,31.789,-46.401,-45.41,56.673,-15.936,31.693,-31.015,42.164,-17.226,13.406,-14.369,-10.003,31.035,9.548,13.946,-45.104,32.143,-13.647,22.787,-30.214,11.623,-10.892,0.918,17.79,-41.927,39.217,-23.537,33.123,-37.787,55.377,-12.097,31.858,5.058,10.298,58.225,117.9,118.347,-3.882,-60.364,-78.813,10.613,-49.293
108,24.17,-18.625,28.543,19.182,24.35,-52.028,-9.787,6.139,-21.889,56.671,-24.76,33.889,-32.065,37.551,-14.958,20.463,-25.18,18.154,8.218,21.835,-1.886,-24.393,26.609,-25.021,18.755,-24.05,19.051,-21.219,23.332,-12.102,-12.653,17.379,-19.394,27.172,-27.871,48.737,-6.434,34.405,1.749,33.092,42.955,111.855,71.43,-1.391,-48.782,-71.278,12.626,-50.781,13.648,-5.391,-1.428,-23.05,18.517,-20.622,17.184,-23.651,-2.498,40.202,31.789,-46.401,-45.41,56.673,-15.936,31.693,-31.015,42.164,-17.226,13.406,-14.369,-10.003,31.035,9.548,13.946,-45.104,32.143,-13.647,22.787,-30.214,11.623,-10.892,0.918,17.79,-41.927,39.217,-23.537,33.123,-37.787,55.377,-12.097,31.858,5.058,10.298,58.225,117.9,118.347,-3.882,-60.364,-78.813,10.613,-49.293,18.19
109,-18.625,28.543,19.182,24.35,-52.028,-9.787,6.139,-21.889,56.671,-24.76,33.889,-32.065,37.551,-14.958,20.463,-25.18,18.154,8.218,21.835,-1.886,-24.393,26.609,-25.021,18.755,-24.05,19.051,-21.219,23.332,-12.102,-12.653,17.379,-19.394,27.172,-27.871,48.737,-6.434,34.405,1.749,33.092,42.955,111.855,71.43,-1.391,-48.782,-71.278,12.626,-50.781,13.648,-5.391,-1.428,-23.05,18.517,-20.622,17.184,-23.651,-2.498,40.202,31.789,-46.401,-45.41,56.673,-15.936,31.693,-31.015,42.164,-17.226,13.406,-14.369,-10.003,31.035,9.548,13.946,-45.104,32.143,-13.647,22.787,-30.214,11.623,-10.892,0.918,17.79,-41.927,39.217,-23.537,33.123,-37.787,55.377,-12.097,31.858,5.058,10.298,58.225,117.9,118.347,-3.882,-60.364,-78.813,10.613,-49.293,18.19,-8.122
110,28.543,19.182,24.35,-52.028,-9.787,6.139,-21.889,56.671,-24.76,33.889,-32.065,37.551,-14.958,20.463,-25.18,18.154,8.218,21.835,-1.886,-24.393,26.609,-25.021,18.755,-24.05,19.051,-21.219,23.332,-12.102,-12.653,17.379,-19.394,27.172,-27.871,48.737,-6.434,34.405,1.749,33.092,42.955,111.855,71.43,-1.391,-48.782,-71.278,12.626,-50.781,13.648,-5.391,-1.428,-23.05,18.517,-20.622,17.184,-23.651,-2.498,40.202,31.789,-46.401,-45.41,56.673,-15.936,31.693,-31.015,42.164,-17.226,13.406,-14.369,-10.003,31.035,9.548,13.946,-45.104,32.143,-13.647,22.787,-30.214,11.623,-10.892,0.918,17.79,-41.927,39.217,-23.537,33.123,-37.787,55.377,-12.097,31.858,5.058,10.298,58.225,117.9,118.347,-3.882,-60.364,-78.813,10.613,-49.293,18.19,-8.122,-14.06
111,19.182,24.35,-52.028,-9.787,6.139,-21.889,56.671,-24.76,33.889,-32.065,37.551,-14.958,20.463,-25.18,18.154,8.218,21.835,-1.886,-24.393,26.609,-25.021,18.755,-24.05,19.051,-21.219,23.332,-12.102,-12.653,17.379,-19.394,27.172,-27.871,48.737,-6.434,34.405,1.749,33.092,42.955,111.855,71.43,-1.391,-48.782,-71.278,12.626,-50.781,13.648,-5.391,-1.428,-23.05,18.517,-20.622,17.184,-23.651,-2.498,40.202,31.789,-46.401,-45.41,56.673,-15.936,31.693,-31.015,42.164,-17.226,13.406,-14.369,-10.003,31.035,9.548,13.946,-45.104,32.143,-13.647,22.787,-30.214,11.623,-10.892,0.918,17.79,-41.927,39.217,-23.537,33.123,-37.787,55.377,-12.097,31.858,5.058,10.298,58.225,117.9,118.347,-3.882,-60.364,-78.813,10.613,-49.293,18.19,-8.122,-14.06,-26.41
112,24.35,-52.028,-9.787,6.139,-21.889,56.671,-24.76,33.889,-32.065,37.551,-14.958,20.463,-25.18,18.154,8.218,21.835,-1.886,-24.393,26.609,-25.021,18.755,-24.05,19.051,-21.219,23.332,-12.102,-12.653,17.379,-19.394,27.172,-27.871,48.737,-6.434,34.405,1.749,33.092,42.955,111.855,71.43,-1.391,-48.782,-71.278,12.626,-50.781,13.648,-5.391,-1.428,-23.05,18.517,-20.622,17.184,-23.651,-2.498,40.202,31.789,-46.401,-45.41,56.673,-15.936,31.693,-31.015,42.164,-17.226,13.406,-14.369,-10.003,31.035,9.548,13.946,-45.104,32.143,-13.647,22.787,-30.214,11.623,-10.892,0.918,17.79,-41.927,39.217,-23.537,33.123,-37.787,55.377,-12.097,31.858,5.058,10.298,58.225,117.9,118.347,-3.882,-60.364,-78.813,10.613,-49.293,18.19,-8.122,-14.06,-26.41,20.423
113,-52.028,-9.787,6.139,-21.889,56.671,-24.76,33.889,-32.065,37.551,-14.958,20.463,-25.18,18.154,8.218,21.835,-1.886,-24.393,26.609,-25.021,18.755,-24.05,19.051,-21.219,23.332,-12.102,-12.653,17.379,-19.394,27.172,-27.871,48.737,-6.434,34.405,1.749,33.092,42.955,111.855,71.43,-1.391,-48.782,-71.278,12.626,-50.781,13.648,-5.391,-1.428,-23.05,18.517,-20.622,17.184,-23.651,-2.498,40.202,31.789,-46.401,-45.41,56.673,-15.936,31.693,-31.015,42.164,-17.226,13.406,-14.369,-10.003,31.035,9.548,13.946,-45.104,32.143,-13.647,22.787,-30.214,11.623,-10.892,0.918,17.79,-41.927,39.217,-23.537,33.123,-37.787,55.377,-12.097,31.858,5.058,10.298,58.225,117.9,118.347,-3.882,-60.364,-78.813,10.613,-49.293,18.19,-8.122,-14.06,-26.41,20.423,-21.383
114,-9.787,6.139,-21.889,56.671,-24.76,33.889,-32.065,37.551,-14.958,20.463,-25.18,18.154,8.218,21.835,-1.886,-24.393,26.609,-25.021,18.755,-24.05,19.051,-21.219,23.332,-12.102,-12.653,17.379,-19.394,27.172,-27.871,48.737,-6.434,34.405,1.749,33.092,42.955,111.855,71.43,-1.391,-48.782,-71.278,12.626,-50.781,13.648,-5.391,-1.428,-23.05,18.517,-20.622,17.184,-23.651,-2.498,40.202,31.789,-46.401,-45.41,56.673,-15.936,31.693,-31.015,42.164,-17.226,13.406,-14.369,-10.003,31.035,9.548,13.946,-45.104,32.143,-13.647,22.787,-30.214,11.623,-10.892,0.918,17.79,-41.927,39.217,-23.537,33.123,-37.787,55.377,-12.097,31.858,5.058,10.298,58.225,117.9,118.347,-3.882,-60.364,-78.813,10.613,-49.293,18.19,-8.122,-14.06,-26.41,20.423,-21.383,8.629
115,6.139,-21.889,56.671,-24.76,33.889,-32.065,37.551,-14.958,20.463,-25.18,18.154,8.218,21.835,-1.886,-24.393,26.609,-25.021,18.755,-24.05,19.051,-21.219,23.332,-12.102,-12.653,17.379,-19.394,27.172,-27.871,48.737,-6.434,34.405,1.749,33.092,42.955,111.855,71.43,-1.391,-48.782,-71.278,12.626,-50.781,13.648,-5.391,-1.428,-23.05,18.517,-20.622,17.184,-23.651,-2.498,40.202,31.789,-46.401,-45.41,56.673,-15.936,31.693,-31.015,42.164,-17.226,13.406,-14.369,-10.003,31.035,9.548,13.946,-45.104,32.143,-13.647,22.787,-30.214,11.623,-10.892,0.918,17.79,-41.927,39.217,-23.537,33.123,-37.787,55.377,-12.097,31.858,5.058,10.298,58.225,117.9,118.347,-3.882,-60.364,-78.813,10.613,-49.293,18.19,-8.122,-14.06,-26.41,20.423,-21.383,8.629,-19.309
116,-21.889,56.671,-24.76,33.889,-32.065,37.551,-14.958,20.463,-25.18,18.154,8.218,21.835,-1.886,-24.393,26.609,-25.021,18.755,-24.05,19.051,-21.219,23.332,-12.102,-12.653,17.379,-19.394,27.172,-27.871,48.737,-6.434,34.405,1.749,33.092,42.955,111.855,71.43,-1.391,-48.782,-71.278,12.626,-50.781,13.648,-5.391,-1.428,-23.05,18.517,-20.622,17.184,-23.651,-2.498,40.202,31.789,-46.401,-45.41,56.673,-15.936,31.693,-31.015,42.164,-17.226,13.406,-14.369,-10.003,31.035,9.548,13.946,-45.104,32.143,-13.647,22.787,-30.214,11.623,-10.892,0.918,17.79,-41.927,39.217,-23.537,33.123,-37.787,55.377,-12.097,31.858,5.058,10.298,58.225,117.9,118.347,-3.882,-60.364,-78.813,10.613,-49.293,18.19,-8.122,-14.06,-26.41,20.423,-21.383,8.629,-19.309,27.356
117,56.671,-24.76,33.889,-32.065,37.551,-14.958,20.463,-25.18,18.154,8.218,21.835,-1.886,-24.393,26.609,-25.021,18.755,-24.05,19.051,-21.219,23.332,-12.102,-12.653,17.379,-19.394,27.172,-27.871,48.737,-6.434,34.405,1.749,33.092,42.955,111.855,71.43,-1.391,-48.782,-71.278,12.626,-50.781,13.648,-5.391,-1.428,-23.05,18.517,-20.622,17.184,-23.651,-2.498,40.202,31.789,-46.401,-45.41,56.673,-15.936,31.693,-31.015,42.164,-17.226,13.406,-14.369,-10.003,31.035,9.548,13.946,-45.104,32.143,-13.647,22.787,-30.214,11.623,-10.892,0.918,17.79,-41.927,39.217,-23.537,33.123,-37.787,55.377,-12.097,31.858,5.058,10.298,58.225,117.9,118.347,-3.882,-60.364,-78.813,10.613,-49.293,18.19,-8.122,-14.06,-26.41,20.423,-21.383,8.629,-19.309,27.356,63.345
118,-24.76,33.889,-32.065,37.551,-14.958,20.463,-25.18,18.154,8.218,21.835,-1.886,-24.393,26.609,-25.021,18.755,-24.05,19.051,-21.219,23.332,-12.102,-12.653,17.379,-19.394,27.172,-27.871,48.737,-6.434,34.405,1.749,33.092,42.955,111.855,71.43,-1.391,-48.782,-71.278,12.626,-50.781,13.648,-5.391,-1.428,-23.05,18.517,-20.622,17.184,-23.651,-2.498,40.202,31.789,-46.401,-45.41,56.673,-15.936,31.693,-31.015,42.164,-17.226,13.406,-14.369,-10.003,31.035,9.548,13.946,-45.104,32.143,-13.647,22.787,-30.214,11.623,-10.892,0.918,17.79,-41.927,39.217,-23.537,33.123,-37.787,55.377,-12.097,31.858,5.058,10.298,58.225,117.9,118.347,-3.882,-60.364,-78.813,10.613,-49.293,18.19,-8.122,-14.06,-26.41,20.423,-21.383,8.629,-19.309,27.356,63.345,-89.244
119,33.889,-32.065,37.551,-14.958,20.463,-25.18,18.154,8.218,21.835,-1.886,-24.393,26.609,-25.021,18.755,-24.05,19.051,-21.219,23.332,-12.102,-12.653,17.379,-19.394,27.172,-27.871,48.737,-6.434,34.405,1.749,33.092,42.955,111.855,71.43,-1.391,-48.782,-71.278,12.626,-50.781,13.648,-5.391,-1.428,-23.05,18.517,-20.622,17.184,-23.651,-2.498,40.202,31.789,-46.401,-45.41,56.673,-15.936,31.693,-31.015,42.164,-17.226,13.406,-14.369,-10.003,31.035,9.548,13.946,-45.104,32.143,-13.647,22.787,-30.214,11.623,-10.892,0.918,17.79,-41.927,39.217,-23.537,33.123,-37.787,55.377,-12.097,31.858,5.058,10.298,58.225,117.9,118.347,-3.882,-60.364,-78.813,10.613,-49.293,18.19,-8.122,-14.06,-26.41,20.423,-21.383,8.629,-19.309,27.356,63.345,-89.244,24.941
120,-32.065,37.551,-14.958,20.463,-25.18,18.154,8.218,21.835,-1.886,-24.393,26.609,-25.021,18.755,-24.05,19.051,-21.219,23.332,-12.102,-12.653,17.379,-19.394,27.172,-27.871,48.737,-6.434,34.405,1.749,33.092,42.955,111.855,71.43,-1.391,-48.782,-71.278,12.626,-50.781,13.648,-5.391,-1.428,-23.05,18.517,-20.622,17.184,-23.651,-2.498,40.202,31.789,-46.401,-45.41,56.673,-15.936,31.693,-31.015,42.164,-17.226,13.406,-14.369,-10.003,31.035,9.548,13.946,-45.104,32.143,-13.647,22.787,-30.214,11.623,-10.892,0.918,17.79,-41.927,39.217,-23.537,33.123,-37.787,55.377,-12.097,31.858,5.058,10.298,58.225,117.9,118.347,-3.882,-60.364,-78.813,10.613,-49.293,18.19,-8.122,-14.06,-26.41,20.423,-21.383,8.629,-19.309,27.356,63.345,-89.244,24.941,-50.307
121,37.551,-14.958,20.463,-25.18,18.154,8.218,21.835,-1.886,-24.393,26.609,-25.021,18.755,-24.05,19.051,-21.219,23.332,-12.102,-12.653,17.379,-19.394,27.172,-27.871,48.737,-6.434,34.405,1.749,33.092,42.955,111.855,71.43,-1.391,-48.782,-71.278,12.626,-50.781,13.648,-5.391,-1.428,-23.05,18.517,-20.622,17.184,-23.651,-2.498,40.202,31.789,-46.401,-45.41,56.673,-15.936,31.693,-31.015,42.164,-17.226,13.406,-14.369,-10.003,31.035,9.548,13.946,-45.104,32.143,-13.647,22.787,-30.214,11.623,-10.892,0.918,17.79,-41.927,39.217,-23.537,33.123,-37.787,55.377,-12.097,31.858,5.058,10.298,58.225,117.9,118.347,-3.882,-60.364,-78.813,10.613,-49.293,18.19,-8.122,-14.06,-26.41,20.423,-21.383,8.629,-19.309,27.356,63.345,-89.244,24.941,-50.307,50.705
122,-14.958,20.463,-25.18,18.154,8.218,21.835,-1.886,-24.393,26.609,-25.021,18.755,-24.05,19.051,-21.219,23.332,-12.102,-12.653,17.379,-19.394,27.172,-27.871,48.737,-6.434,34.405,1.749,33.092,42.955,111.855,71.43,-1.391,-48.782,-71.278,12.626,-50.781,13.648,-5.391,-1.428,-23.05,18.517,-20.622,17.184,-23.651,-2.498,40.202,31.789,-46.401,-45.41,56.673,-15.936,31.693,-31.015,42.164,-17.226,13.406,-14.369,-10.003,31.035,9.548,13.946,-45.104,32.143,-13.647,22.787,-30.214,11.623,-10.892,0.918,17.79,-41.927,39.217,-23.537,33.123,-37.787,55.377,-12.097,31.858,5.058,10.298,58.225,117.9,118.347,-3.882,-60.364,-78.813,10.613,-49.293,18.19,-8.122,-14.06,-26.41,20.423,-21.383,8.629,-19.309,27.356,63.345,-89.244,24.941,-50.307,50.705,3.709
123,20.463,-25.18,18.154,8.218,21.835,-1.886,-24.393,26.609,-25.021,18.755,-24.05,19.051,-21.219,23.332,-12.102,-12.653,17.379,-19.394,27.172,-27.871,48.737,-6.434,34.405,1.749,33.092,42.955,111.855,71.43,-1.391,-48.782,-71.278,12.626,-50.781,13.648,-5.391,-1.428,-23.05,18.517,-20.622,17.184,-23.651,-2.498,40.202,31.789,-46.401,-45.41,56.673,-15.936,31.693,-31.015,42.164,-17.226,13.406,-14.369,-10.003,31.035,9.548,13.946,-45.104,32.143,-13.647,22.787,-30.214,11.623,-10.892,0.918,17.79,-41.927,39.217,-23.537,33.123,-37.787,55.377,-12.097,31.858,5.058,10.298,58.225,117.9,118.347,-3.882,-60.364,-78.813,10.613,-49.293,18.19,-8.122,-14.06,-26.41,20.423,-21.383,8.629,-19.309,27.356,63.345,-89.244,24.941,-50.307,50.705,3.709,33.581
124,-25.18,18.154,8.218,21.835,-1.886,-24.393,26.609,-25.021,18.755,-24.05,19.051,-21.219,23.332,-12.102,-12.653,17.379,-19.394,27.172,-27.871,48.737,-6.434,34.405,1.749,33.092,42.955,111.855,71.43,-1.391,-48.782,-71.278,12.626,-50.781,13.648,-5.391,-1.428,-23.05,18.517,-20.622,17.184,-23.651,-2.498,40.202,31.789,-46.401,-45.41,56.673,-15.936,31.693,-31.015,42.164,-17.226,13.406,-14.369,-10.003,31.035,9.548,13.946,-45.104,32.143,-13.647,22.787,-30.214,11.623,-10.892,0.918,17.79,-41.927,39.217,-23.537,33.123,-37.787,55.377,-12.097,31.858,5.058,10.298,58.225,117.9,118.347,-3.882,-60.364,-78.813,10.613,-49.293,18.19,-8.122,-14.06,-26.41,20.423,-21.383,8.629,-19.309,27.356,63.345,-89.244,24.941,-50.307,50.705,3.709,33.581,-29.241
125,18.154,8.218,21.835,-1.886,-24.393,26.609,-25.021,18.755,-24.05,19.051,-21.219,23.332,-12.102,-12.653,17.379,-19.394,27.172,-27.871,48.737,-6.434,34.405,1.749,33.092,42.955,111.855,71.43,-1.391,-48.782,-71.278,12.626,-50.781,13.648,-5.391,-1.428,-23.05,18.517,-20.622,17.184,-23.651,-2.498,40.202,31.789,-46.401,-45.41,56.673,-15.936,31.693,-31.015,42.164,-17.226,13.406,-14.369,-10.003,31.035,9.548,13.946,-45.104,32.143,-13.647,22.787,-30.214,11.623,-10.892,0.918,17.79,-41.927,39.217,-23.537,33.123,-37.787,55.377,-12.097,31.858,5.058,10.298,58.225,117.9,118.347,-3.882,-60.364,-78.813,10.613,-49.293,18.19,-8.122,-14.06,-26.41,20.423,-21.383,8.629,-19.309,27.356,63.345,-89.244,24.941,-50.307,50.705,3.709,33.581,-29.241,38.965
126,8.218,21.835,-1.886,-24.393,26.609,-25.021,18.755,-24.05,19.051,-21.219,23.332,-12.102,-12.653,17.379,-19.394,27.172,-27.871,48.737,-6.434,34.405,1.749,33.092,42.955,111.855,71.43,-1.391,-48.782,-71.278,12.626,-50.781,13.648,-5.391,-1.428,-23.05,18.517,-20.622,17.184,-23.651,-2.498,40.202,31.789,-46.401,-45.41,56.673,-15.936,31.693,-31.015,42.164,-17.226,13.406,-14.369,-10.003,31.035,9.548,13.946,-45.104,32.143,-13.647,22.787,-30.214,11.623,-10.892,0.918,17.79,-41.927,39.217,-23.537,33.123,-37.787,55.377,-12.097,31.858,5.058,10.298,58.225,117.9,118.347,-3.882,-60.364,-78.813,10.613,-49.293,18.19,-8.122,-14.06,-26.41,20.423,-21.383,8.629,-19.309,27.356,63.345,-89.244,24.941,-50.307,50.705,3.709,33.581,-29.241,38.965,-0.174
127,21.835,-1.886,-24.393,26.609,-25.021,18.755,-24.05,19.051,-21.219,23.332,-12.102,-12.653,17.379,-19.394,27.172,-27.871,48.737,-6.434,34.405,1.749,33.092,42.955,111.855,71.43,-1.391,-48.782,-71.278,12.626,-50.781,13.648,-5.391,-1.428,-23.05,18.517,-20.622,17.184,-23.651,-2.498,40.202,31.789,-46.401,-45.41,56.673,-15.936,31.693,-31.015,42.164,-17.226,13.406,-14.369,-10.003,31.035,9.548,13.946,-45.104,32.143,-13.647,22.787,-30.214,11.623,-10.892,0.918,17.79,-41.927,39.217,-23.537,33.123,-37.787,55.377,-12.097,31.858,5.058,10.298,58.225,117.9,118.347,-3.882,-60.364,-78.813,10.613,-49.293,18.19,-8.122,-14.06,-26.41,20.423,-21.383,8.629,-19.309,27.356,63.345,-89.244,24.941,-50.307,50.705,3.709,33.581,-29.241,38.965,-0.174,-6.201
128,-1.886,-24.393,26.609,-25.021,18.755,-24.05,19.051,-21.219,23.332,-12.102,-12.653,17.379,-19.394,27.172,-27.871,48.737,-6.434,34.405,1.749,33.092,42.955,111.855,71.43,-1.391,-48.782,-71.278,12.626,-50.781,13.648,-5.391,-1.428,-23.05,18.517,-20.622,17.184,-23.651,-2.498,40.202,31.789,-46.401,-45.41,56.673,-15.936,31.693,-31.015,42.164,-17.226,13.406,-14.369,-10.003,31.035,9.548,13.946,-45.104,32.143,-13.647,22.787,-30.214,11.623,-10.892,0.918,17.79,-41.927,39.217,-23.537,33.123,-37.787,55.377,-12.097,31.858,5.058,10.298,58.225,117.9,118.347,-3.882,-60.364,-78.813,10.613,-49.293,18.19,-8.122,-14.06,-26.41,20.423,-21.383,8.629,-19.309,27.356,63.345,-89.244,24.941,-50.307,50.705,3.709,33.581,-29.241,38.965,-0.174,-6.201,9.03
129,-24.393,26.609,-25.021,18.755,-24.05,19.051,-21.219,23.332,-12.102,-12.653,17.379,-19.394,27.172,-27.871,48.737,-6.434,34.405,1.749,33.092,42.955,111.855,71.43,-1.391,-48.782,-71.278,12.626,-50.781,13.648,-5.391,-1.428,-23.05,18.517,-20.622,17.184,-23.651,-2.498,40.202,31.789,-46.401,-45.41,56.673,-15.936,31.693,-31.015,42.164,-17.226,13.406,-14.369,-10.003,31.035,9.548,13.946,-45.104,32.143,-13.647,22.787,-30.214,11.623,-10.892,0.918,17.79,-41.927,39.217,-23.537,33.123,-37.787,55.377,-12.097,31.858,5.058,10.298,58.225,117.9,118.347,-3.882,-60.364,-78.813,10.613,-49.293,18.19,-8.122,-14.06,-26.41,20.423,-21.383,8.629,-19.309,27.356,63.345,-89.244,24.941,-50.307,50.705,3.709,33.581,-29.241,38.965,-0.174,-6.201,9.03,-36.458
130,26.609,-25.021,18.755,-24.05,19.051,-21.219,23.332,-12.102,-12.653,17.379,-19.394,27.172,-27.871,48.737,-6.434,34.405,1.749,33.092,42.955,111.855,71.43,-1.391,-48.782,-71.278,12.626,-50.781,13.648,-5.391,-1.428,-23.05,18.517,-20.622,17.184,-23.651,-2.498,40.202,31.789,-46.401,-45.41,56.673,-15.936,31.693,-31.015,42.164,-17.226,13.406,-14.369,-10.003,31.035,9.548,13.946,-45.104,32.143,-13.647,22.787,-30.214,11.623,-10.892,0.918,17.79,-41.927,39.217,-23.537,33.123,-37.787,55.377,-12.097,31.858,5.058,10.298,58.225,117.9,118.347,-3.882,-60.364,-78.813,10.613,-49.293,18.19,-8.122,-14.06,-26.41,20.423,-21.383,8.629,-19.309,27.356,63.345,-89.244,24.941,-50.307,50.705,3.709,33.581,-29.241,38.965,-0.174,-6.201,9.03,-36.458,63.996
131,-25.021,18.755,-24.05,19.051,-21.219,23.332,-12.102,-12.653,17.379,-19.394,27.172,-27.871,48.737,-6.434,34.405,1.749,33.092,42.955,111.855,71.43,-1.391,-48.782,-71.278,12.626,-50.781,13.648,-5.391,-1.428,-23.05,18.517,-20.622,17.184,-23.651,-2.498,40.202,31.789,-46.401,-45.41,56.673,-15.936,31.693,-31.015,42.164,-17.226,13.406,-14.369,-10.003,31.035,9.548,13.946,-45.104,32.143,-13.647,22.787,-30.214,11.623,-10.892,0.918,17.79,-41.927,39.217,-23.537,33.123,-37.787,55.377,-12.097,31.858,5.058,10.298,58.225,117.9,118.347,-3.882,-60.364,-78.813,10.613,-49.293,18.19,-8.122,-14.06,-26.41,20.423,-21.383,8.629,-19.309,27.356,63.345,-89.244,24.941,-50.307,50.705,3.709,33.581,-29.241,38.965,-0.174,-6.201,9.03,-36.458,63.996,0.198
132,18.755,-24.05,19.051,-21.219,23.332,-12.102,-12.653,17.379,-19.394,27.172,-27.871,48.737,-6.434,34.405,1.749,33.092,42.955,111.855,71.43,-1.391,-48.782,-71.278,12.626,-50.781,13.648,-5.391,-1.428,-23.05,18.517,-20.622,17.184,-23.651,-2.498,40.202,31.789,-46.401,-45.41,56.673,-15.936,31.693,-31.015,42.164,-17.226,13.406,-14.369,-10.003,31.035,9.548,13.946,-45.104,32.143,-13.647,22.787,-30.214,11.623,-10.892,0.918,17.79,-41.927,39.217,-23.537,33.123,-37.787,55.377,-12.097,31.858,5.058,10.298,58.225,117.9,118.347,-3.882,-60.364,-78.813,10.613,-49.293,18.19,-8.122,-14.06,-26.41,20.423,-21.383,8.629,-19.309,27.356,63.345,-89.244,24.941,-50.307,50.705,3.709,33.581,-29.241,38.965,-0.174,-6.201,9.03,-36.458,63.996,0.198,25.313
133,-24.05,19.051,-21.219,23.332,-12.102,-12.653,17.379,-19.394,27.172,-27.871,48.737,-6.434,34.405,1.749,33.092,42.955,111.855,71.43,-1.391,-48.782,-71.278,12.626,-50.781,13.648,-5.391,-1.428,-23.05,18.517,-20.622,17.184,-23.651,-2.498,40.202,31.789,-46.401,-45.41,56.673,-15.936,31.693,-31.015,42.164,-17.226,13.406,-14.369,-10.003,31.035,9.548,13.946,-45.104,32.143,-13.647,22.787,-30.214,11.623,-10.892,0.918,17.79,-41.927,39.217,-23.537,33.123,-37.787,55.377,-12.097,31.858,5.058,10.298,58.225,117.9,118.347,-3.882,-60.364,-78.813,10.613,-49.293,18.19,-8.122,-14.06,-26.41,20.423,-21.383,8.629,-19.309,27.356,63.345,-89.244,24.941,-50.307,50.705,3.709,33.581,-29.241,38.965,-0.174,-6.201,9.03,-36.458,63.996,0.198,25.313,-47.991
134,19.051,-21.219,23.332,-12.102,-12.653,17.379,-19.394,27.172,-27.871,48.737,-6.434,34.405,1.749,33.092,42.955,111.855,71.43,-1.391,-48.782,-71.278,12.626,-50.781,13.648,-5.391,-1.428,-23.05,18.517,-20.622,17.184,-23.651,-2.498,40.202,31.789,-46.401,-45.41,56.673,-15.936,31.693,-31.015,42.164,-17.226,13.406,-14.369,-10.003,31.035,9.548,13.946,-45.104,32.143,-13.647,22.787,-30.214,11.623,-10.892,0.918,17.79,-41.927,39.217,-23.537,33.123,-37.787,55.377,-12.097,31.858,5.058,10.298,58.225,117.9,118.347,-3.882,-60.364,-78.813,10.613,-49.293,18.19,-8.122,-14.06,-26.41,20.423,-21.383,8.629,-19.309,27.356,63.345,-89.244,24.941,-50.307,50.705,3.709,33.581,-29.241,38.965,-0.174,-6.201,9.03,-36.458,63.996,0.198,25.313,-47.991,35.51
135,-21.219,23.332,-12.102,-12.653,17.379,-19.394,27.172,-27.871,48.737,-6.434,34.405,1.749,33.092,42.955,111.855,71.43,-1.391,-48.782,-71.278,12.626,-50.781,13.648,-5.391,-1.428,-23.05,18.517,-20.622,17.184,-23.651,-2.498,40.202,31.789,-46.401,-45.41,56.673,-15.936,31.693,-31.015,42.164,-17.226,13.406,-14.369,-10.003,31.035,9.548,13.946,-45.104,32.143,-13.647,22.787,-30.214,11.623,-10.892,0.918,17.79,-41.927,39.217,-23.537,33.123,-37.787,55.377,-12.097,31.858,5.058,10.298,58.225,117.9,118.347,-3.882,-60.364,-78.813,10.613,-49.293,18.19,-8.122,-14.06,-26.41,20.423,-21.383,8.629,-19.309,27.356,63.345,-89.244,24.941,-50.307,50.705,3.709,33.581,-29.241,38.965,-0.174,-6.201,9.03,-36.458,63.996,0.198,25.313,-47.991,35.51,-4.608
136,23.332,-12.102,-12.653,17.379,-19.394,27.172,-27.871,48.737,-6.434,34.405,1.749,33.092,42.955,111.855,71.43,-1.391,-48.782,-71.278,12.626,-50.781,13.648,-5.391,-1.428,-23.05,18.517,-20.622,17.184,-23.651,-2.498,40.202,31.789,-46.401,-45.41,56.673,-15.936,31.693,-31.015,42.164,-17.226,13.406,-14.369,-10.003,31.035,9.548,13.946,-45.104,32.143,-13.647,22.787,-30.214,11.623,-10.892,0.918,17.79,-41.927,39.217,-23.537,33.123,-37.787,55.377,-12.097,31.858,5.058,10.298,58.225,117.9,118.347,-3.882,-60.364,-78.813,10.613,-49.293,18.19,-8.122,-14.06,-26.41,20.423,-21.383,8.629,-19.309,27.356,63.345,-89.244,24.941,-50.307,50.705,3.709,33.581,-29.241,38.965,-0.174,-6.201,9.03,-36.458,63.996,0.198,25.313,-47.991,35.51,-4.608,20.441
137,-12.102,-12.653,17.379,-19.394,27.172,-27.871,48.737,-6.434,34.405,1.749,33.092,42.955,111.855,71.43,-1.391,-48.782,-71.278,12.626,-50.781,13.648,-5.391,-1.428,-23.05,18.517,-20.622,17.184,-23.651,-2.498,40.202,31.789,-46.401,-45.41,56.673,-15.936,31.693,-31.015,42.164,-17.226,13.406,-14.369,-10.003,31.035,9.548,13.946,-45.104,32.143,-13.647,22.787,-30.214,11.623,-10.892,0.918,17.79,-41.927,39.217,-23.537,33.123,-37.787,55.377,-12.097,31.858,5.058,10.298,58.225,117.9,118.347,-3.882,-60.364,-78.813,10.613,-49.293,18.19,-8.122,-14.06,-26.41,20.423,-21.383,8.629,-19.309,27.356,63.345,-89.244,24.941,-50.307,50.705,3.709,33.581,-29.241,38.965,-0.174,-6.201,9.03,-36.458,63.996,0.198,25.313,-47.991,35.51,-4.608,20.441,-27.902
138,-12.653,17.379,-19.394,27.172,-27.871,48.737,-6.434,34.405,1.749,33.092,42.955,111.855,71.43,-1.391,-48.782,-71.278,12.626,-50.781,13.648,-5.391,-1.428,-23.05,18.517,-20.622,17.184,-23.651,-2.498,40.202,31.789,-46.401,-45.41,56.673,-15.936,31.693,-31.015,42.164,-17.226,13.406,-14.369,-10.003,31.035,9.548,13.946,-45.104,32.143,-13.647,22.787,-30.214,11.623,-10.892,0.918,17.79,-41.927,39.217,-23.537,33.123,-37.787,55.377,-12.097,31.858,5.058,10.298,58.225,117.9,118.347,-3.882,-60.364,-78.813,10.613,-49.293,18.19,-8.122,-14.06,-26.41,20.423,-21.383,8.629,-19.309,27.356,63.345,-89.244,24.941,-50.307,50.705,3.709,33.581,-29.241,38.965,-0.174,-6.201,9.03,-36.458,63.996,0.198,25.313,-47.991,35.51,-4.608,20.441,-27.902,-13.288
139,17.379,-19.394,27.172,-27.871,48.737,-6.434,34.405,1.749,33.092,42.955,111.855,71.43,-1.391,-48.782,-71.278,12.626,-50.781,13.648,-5.391,-1.428,-23.05,18.517,-20.622,17.184,-23.651,-2.498,40.202,31.789,-46.401,-45.41,56.673,-15.936,31.693,-31.015,42.164,-17.226,13.406,-14.369,-10.003,31.035,9.548,13.946,-45.104,32.143,-13.647,22.787,-30.214,11.623,-10.892,0.918,17.79,-41.927,39.217,-23.537,33.123,-37.787,55.377,-12.097,31.858,5.058,10.298,58.225,117.9,118.347,-3.882,-60.364,-78.813,10.613,-49.293,18.19,-8.122,-14.06,-26.41,20.423,-21.383,8.629,-19.309,27.356,63.345,-89.244,24.941,-50.307,50.705,3.709,33.581,-29.241,38.965,-0.174,-6.201,9.03,-36.458,63.996,0.198,25.313,-47.991,35.51,-4.608,20.441,-27.902,-13.288,24.036
140,-19.394,27.172,-27.871,48.737,-6.434,34.405,1.749,33.092,42.955,111.855,71.43,-1.391,-48.782,-71.278,12.626,-50.781,13.648,-5.391,-1.428,-23.05,18.517,-20.622,17.184,-23.651,-2.498,40.202,31.789,-46.401,-45.41,56.673,-15.936,31.693,-31.015,42.164,-17.226,13.406,-14.369,-10.003,31.035,9.548,13.946,-45.104,32.143,-13.647,22.787,-30.214,11.623,-10.892,0.918,17.79,-41.927,39.217,-23.537,33.123,-37.787,55.377,-12.097,31.858,5.058,10.298,58.225,117.9,118.347,-3.882,-60.364,-78.813,10.613,-49.293,18.19,-8.122,-14.06,-26.41,20.423,-21.383,8.629,-19.309,27.356,63.345,-89.244,24.941,-50.307,50.705,3.709,33.581,-29.241,38.965,-0.174,-6.201,9.03,-36.458,63.996,0.198,25.313,-47.991,35.51,-4.608,20.441,-27.902,-13.288,24.036,-20.671
141,27.172,-27.871,48.737,-6.434,34.405,1.749,33.092,42.955,111.855,71.43,-1.391,-48.782,-71.278,12.626,-50.781,13.648,-5.391,-1.428,-23.05,18.517,-20.622,17.184,-23.651,-2.498,40.202,31.789,-46.401,-45.41,56.673,-15.936,31.693,-31.015,42.164,-17.226,13.406,-14.369,-10.003,31.035,9.548,13.946,-45.104,32.143,-13.647,22.787,-30.214,11.623,-10.892,0.918,17.79,-41.927,39.217,-23.537,33.123,-37.787,55.377,-12.097,31.858,5.058,10.298,58.225,117.9,118.347,-3.882,-60.364,-78.813,10.613,-49.293,18.19,-8.122,-14.06,-26.41,20.423,-21.383,8.629,-19.309,27.356,63.345,-89.244,24.941,-50.307,50.705,3.709,33.581,-29.241,38.965,-0.174,-6.201,9.03,-36.458,63.996,0.198,25.313,-47.991,35.51,-4.608,20.441,-27.902,-13.288,24.036,-20.671,60.475
142,-27.871,48.737,-6.434,34.405,1.749,33.092,42.955,111.855,71.43,-1.391,-48.782,-71.278,12.626,-50.781,13.648,-5.391,-1.428,-23.05,18.517,-20.622,17.184,-23.651,-2.498,40.202,31.789,-46.401,-45.41,56.673,-15.936,31.693,-31.015,42.164,-17.226,13.406,-14.369,-10.003,31.035,9.548,13.946,-45.104,32.143,-13.647,22.787,-30.214,11.623,-10.892,0.918,17.79,-41.927,39.217,-23.537,33.123,-37.787,55.377,-12.097,31.858,5.058,10.298,58.225,117.9,118.347,-3.882,-60.364,-78.813,10.613,-49.293,18.19,-8.122,-14.06,-26.41,20.423,-21.383,8.629,-19.309,27.356,63.345,-89.244,24.941,-50.307,50.705,3.709,33.581,-29.241,38.965,-0.174,-6.201,9.03,-36.458,63.996,0.198,25.313,-47.991,35.51,-4.608,20.441,-27.902,-13.288,24.036,-20.671,60.475,-66.722
143,48.737,-6.434,34.405,1.749,33.092,42.955,111.855,71.43,-1.391,-48.782,-71.278,12.626,-50.781,13.648,-5.391,-1.428,-23.05,18.517,-20.622,17.184,-23.651,-2.498,40.202,31.789,-46.401,-45.41,56.673,-15.936,31.693,-31.015,42.164,-17.226,13.406,-14.369,-10.003,31.035,9.548,13.946,-45.104,32.143,-13.647,22.787,-30.214,11.623,-10.892,0.918,17.79,-41.927,39.217,-23.537,33.123,-37.787,55.377,-12.097,31.858,5.058,10.298,58.225,117.9,118.347,-3.882,-60.364,-78.813,10.613,-49.293,18.19,-8.122,-14.06,-26.41,20.423,-21.383,8.629,-19.309,27.356,63.345,-89.244,24.941,-50.307,50.705,3.709,33.581,-29.241,38.965,-0.174,-6.201,9.03,-36.458,63.996,0.198,25.313,-47.991,35.51,-4.608,20.441,-27.902,-13.288,24.036,-20.671,60.475,-66.722,47.437
144,-6.434,34.405,1.749,33.092,42.955,111.855,71.43,-1.391,-48.782,-71.278,12.626,-50.781,13.648,-5.391,-1.428,-23.05,18.517,-20.622,17.184,-23.651,-2.498,40.202,31.789,-46.401,-45.41,56.673,-15.936,31.693,-31.015,42.164,-17.226,13.406,-14.369,-10.003,31.035,9.548,13.946,-45.104,32.143,-13.647,22.787,-30.214,11.623,-10.892,0.918,17.79,-41.927,39.217,-23.537,33.123,-37.787,55.377,-12.097,31.858,5.058,10.298,58.225,117.9,118.347,-3.882,-60.364,-78.813,10.613,-49.293,18.19,-8.122,-14.06,-26.41,20.423,-21.383,8.629,-19.309,27.356,63.345,-89.244,24.941,-50.307,50.705,3.709,33.581,-29.241,38.965,-0.174,-6.201,9.03,-36.458,63.996,0.198,25.313,-47.991,35.51,-4.608,20.441,-27.902,-13.288,24.036,-20.671,60.475,-66.722,47.437,-17.572
145,34.405,1.749,33.092,42.955,111.855,71.43,-1.391,-48.782,-71.278,12.626,-50.781,13.648,-5.391,-1.428,-23.05,18.517,-20.622,17.184,-23.651,-2.498,40.202,31.789,-46.401,-45.41,56.673,-15.936,31.693,-31.015,42.164,-17.226,13.406,-14.369,-10.003,31.035,9.548,13.946,-45.104,32.143,-13.647,22.787,-30.214,11.623,-10.892,0.918,17.79,-41.927,39.217,-23.537,33.123,-37.787,55.377,-12.097,31.858,5.058,10.298,58.225,117.9,118.347,-3.882,-60.364,-78.813,10.613,-49.293,18.19,-8.122,-14.06,-26.41,20.423,-21.383,8.629,-19.309,27.356,63.345,-89.244,24.941,-50.307,50.705,3.709,33.581,-29.241,38.965,-0.174,-6.201,9.03,-36.458,63.996,0.198,25.313,-47.991,35.51,-4.608,20.441,-27.902,-13.288,24.036,-20.671,60.475,-66.722,47.437,-17.572,33.516
146,1.749,33.092,42.955,111.855,71.43,-1.391,-48.782,-71.278,12.626,-50.781,13.648,-5.391,-1.428,-23.05,18.517,-20.622,17.184,-23.651,-2.498,40.202,31.789,-46.401,-45.41,56.673,-15.936,31.693,-31.015,42.164,-17.226,13.406,-14.369,-10.003,31.035,9.548,13.946,-45.104,32.143,-13.647,22.787,-30.214,11.623,-10.892,0.918,17.79,-41.927,39.217,-23.537,33.123,-37.787,55.377,-12.097,31.858,5.058,10.298,58.225,117.9,118.347,-3.882,-60.364,-78.813,10.613,-49.293,18.19,-8.122,-14.06,-26.41,20.423,-21.383,8.629,-19.309,27.356,63.345,-89.244,24.941,-50.307,50.705,3.709,33.581,-29.241,38.965,-0.174,-6.201,9.03,-36.458,63.996,0.198,25.313,-47.991,35.51,-4.608,20.441,-27.902,-13.288,24.036,-20.671,60.475,-66.722,47.437,-17.572,33.516,-24.233
147,33.092,42.955,111.855,71.43,-1.391,-48.782,-71.278,12.626,-50.781,13.648,-5.391,-1.428,-23.05,18.517,-20.622,17.184,-23.651,-2.498,40.202,31.789,-46.401,-45.41,56.673,-15.936,31.693,-31.015,42.164,-17.226,13.406,-14.369,-10.003,31.035,9.548,13.946,-45.104,32.143,-13.647,22.787,-30.214,11.623,-10.892,0.918,17.79,-41.927,39.217,-23.537,33.123,-37.787,55.377,-12.097,31.858,5.058,10.298,58.225,117.9,118.347,-3.882,-60.364,-78.813,10.613,-49.293,18.19,-8.122,-14.06,-26.41,20.423,-21.383,8.629,-19.309,27.356,63.345,-89.244,24.941,-50.307,50.705,3.709,33.581,-29.241,38.965,-0.174,-6.201,9.03,-36.458,63.996,0.198,25.313,-47.991,35.51,-4.608,20.441,-27.902,-13.288,24.036,-20.671,60.475,-66.722,47.437,-17.572,33.516,-24.233,56.733
148,42.955,111.855,71.43,-1.391,-48.782,-71.278,12.626,-50.781,13.648,-5.391,-1.428,-23.05,18.517,-20.622,17.184,-23.651,-2.498,40.202,31.789,-46.401,-45.41,56.673,-15.936,31.693,-31.015,42.164,-17.226,13.406,-14.369,-10.003,31.035,9.548,13.946,-45.104,32.143,-13.647,22.787,-30.214,11.623,-10.892,0.918,17.79,-41.927,39.217,-23.537,33.123,-37.787,55.377,-12.097,31.858,5.058,10.298,58.225,117.9,118.347,-3.882,-60.364,-78.813,10.613,-49.293,18.19,-8.122,-14.06,-26.41,20.423,-21.383,8.629,-19.309,27.356,63.345,-89.244,24.941,-50.307,50.705,3.709,33.581,-29.241,38.965,-0.174,-6.201,9.03,-36.458,63.996,0.198,25.313,-47.991,35.51,-4.608,20.441,-27.902,-13.288,24.036,-20.671,60.475,-66.722,47.437,-17.572,33.516,-24.233,56.733,3.224
149,111.855,71.43,-1.391,-48.782,-71.278,12.626,-50.781,13.648,-5.391,-1.428,-23.05,18.517,-20.622,17.184,-23.651,-2.498,40.202,31.789,-46.401,-45.41,56.673,-15.936,31.693,-31.015,42.164,-17.226,13.406,-14.369,-10.003,31.035,9.548,13.946,-45.104,32.143,-13.647,22.787,-30.214,11.623,-10.892,0.918,17.79,-41.927,39.217,-23.537,33.123,-37.787,55.377,-12.097,31.858,5.058,10.298,58.225,117.9,118.347,-3.882,-60.364,-78.813,10.613,-49.293,18.19,-8.122,-14.06,-26.41,20.423,-21.383,8.629,-19.309,27.356,63.345,-89.244,24.941,-50.307,50.705,3.709,33.581,-29.241,38.965,-0.174,-6.201,9.03,-36.458,63.996,0.198,25.313,-47.991,35.51,-4.608,20.441,-27.902,-13.288,24.036,-20.671,60.475,-66.722,47.437,-17.572,33.516,-24.233,56.733,3.224,20.585
150,71.43,-1.391,-48.782,-71.278,12.626,-50.781,13.648,-5.391,-1.428,-23.05,18.517,-20.622,17.184,-23.651,-2.498,40.202,31.789,-46.401,-45.41,56.673,-15.936,31.693,-31.015,42.164,-17.226,13.406,-14.369,-10.003,31.035,9.548,13.946,-45.104,32.143,-13.647,22.787,-30.214,11.623,-10.892,0.918,17.79,-41.927,39.217,-23.537,33.123,-37.787,55.377,-12.097,31.858,5.058,10.298,58.225,117.9,118.347,-3.882,-60.364,-78.813,10.613,-49.293,18.19,-8.122,-14.06,-26.41,20.423,-21.383,8.629,-19.309,27.356,63.345,-89.244,24.941,-50.307,50.705,3.709,33.581,-29.241,38.965,-0.174,-6.201,9.03,-36.458,63.996,0.198,25.313,-47.991,35.51,-4.608,20.441,-27.902,-13.288,24.036,-20.671,60.475,-66.722,47.437,-17.572,33.516,-24.233,56.733,3.224,20.585,3.695
151,-1.391,-48.782,-71.278,12.626,-50.781,13.648,-5.391,-1.428,-23.05,18.517,-20.622,17.184,-23.651,-2.498,40.202,31.789,-46.401,-45.41,56.673,-15.936,31.693,-31.015,42.164,-17.226,13.406,-14.369,-10.003,31.035,9.548,13.946,-45.104,32.143,-13.647,22.787,-30.214,11.623,-10.892,0.918,17.79,-41.927,39.217,-23.537,33.123,-37.787,55.377,-12.097,31.858,5.058,10.298,58.225,117.9,118.347,-3.882,-60.364,-78.813,10.613,-49.293,18.19,-8.122,-14.06,-26.41,20.423,-21.383,8.629,-19.309,27.356,63.345,-89.244,24.941,-50.307,50.705,3.709,33.581,-29.241,38.965,-0.174,-6.201,9.03,-36.458,63.996,0.198,25.313,-47.991,35.51,-4.608,20.441,-27.902,-13.288,24.036,-20.671,60.475,-66.722,47.437,-17.572,33.516,-24.233,56.733,3.224,20.585,3.695,5.798
152,-48.782,-71.278,12.626,-50.781,13.648,-5.391,-1.428,-23.05,18.517,-20.622,17.184,-23.651,-2.498,40.202,31.789,-46.401,-45.41,56.673,-15.936,31.693,-31.015,42.164,-17.226,13.406,-14.369,-10.003,31.035,9.548,13.946,-45.104,32.143,-13.647,22.787,-30.214,11.623,-10.892,0.918,17.79,-41.927,39.217,-23.537,33.123,-37.787,55.377,-12.097,31.858,5.058,10.298,58.225,117.9,118.347,-3.882,-60.364,-78.813,10.613,-49.293,18.19,-8.122,-14.06,-26.41,20.423,-21.383,8.629,-19.309,27.356,63.345,-89.244,24.941,-50.307,50.705,3.709,33.581,-29.241,38.965,-0.174,-6.201,9.03,-36.458,63.996,0.198,25.313,-47.991,35.51,-4.608,20.441,-27.902,-13.288,24.036,-20.671,60.475,-66.722,47.437,-17.572,33.516,-24.233,56.733,3.224,20.585,3.695,5.798,101.319
153,-71.278,12.626,-50.781,13.648,-5.391,-1.428,-23.05,18.517,-20.622,17.184,-23.651,-2.498,40.202,31.789,-46.401,-45.41,56.673,-15.936,31.693,-31.015,42.164,-17.226,13.406,-14.369,-10.003,31.035,9.548,13.946,-45.104,32.143,-13.647,22.787,-30.214,11.623,-10.892,0.918,17.79,-41.927,39.217,-23.537,33.123,-37.787,55.377,-12.097,31.858,5.058,10.298,58.225,117.9,118.347,-3.882,-60.364,-78.813,10.613,-49.293,18.19,-8.122,-14.06,-26.41,20.423,-21.383,8.629,-19.309,27.356,63.345,-89.244,24.941,-50.307,50.705,3.709,33.581,-29.241,38.965,-0.174,-6.201,9.03,-36.458,63.996,0.198,25.313,-47.991,35.51,-4.608,20.441,-27.902,-13.288,24.036,-20.671,60.475,-66.722,47.437,-17.572,33.516,-24.233,56.733,3.224,20.585,3.695,5.798,101.319,114.704
154,12.626,-50.781,13.648,-5.391,-1.428,-23.05,18.517,-20.622,17.184,-23.651,-2.498,40.202,31.789,-46.401,-45.41,56.673,-15.936,31.693,-31.015,42.164,-17.226,13.406,-14.369,-10.003,31.035,9.548,13.946,-45.104,32.143,-13.647,22.787,-30.214,11.623,-10.892,0.918,17.79,-41.927,39.217,-23.537,33.123,-37.787,55.377,-12.097,31.858,5.058,10.298,58.225,117.9,118.347,-3.882,-60.364,-78.813,10.613,-49.293,18.19,-8.122,-14.06,-26.41,20.423,-21.383,8.629,-19.309,27.356,63.345,-89.244,24.941,-50.307,50.705,3.709,33.581,-29.241,38.965,-0.174,-6.201,9.03,-36.458,63.996,0.198,25.313,-47.991,35.51,-4.608,20.441,-27.902,-13.288,24.036,-20.671,60.475,-66.722,47.437,-17.572,33.516,-24.233,56.733,3.224,20.585,3.695,5.798,101.319,114.704,206.331
155,-50.781,13.648,-5.391,-1.428,-23.05,18.517,-20.622,17.184,-23.651,-2.498,40.202,31.789,-46.401,-45.41,56.673,-15.936,31.693,-31.015,42.164,-17.226,13.406,-14.369,-10.003,31.035,9.548,13.946,-45.104,32.143,-13.647,22.787,-30.214,11.623,-10.892,0.918,17.79,-41.927,39.217,-23.537,33.123,-37.787,55.377,-12.097,31.858,5.058,10.298,58.225,117.9,118.347,-3.882,-60.364,-78.813,10.613,-49.293,18.19,-8.122,-14.06,-26.41,20.423,-21.383,8.629,-19.309,27.356,63.345,-89.244,24.941,-50.307,50.705,3.709,33.581,-29.241,38.965,-0.174,-6.201,9.03,-36.458,63.996,0.198,25.313,-47.991,35.51,-4.608,20.441,-27.902,-13.288,24.036,-20.671,60.475,-66.722,47.437,-17.572,33.516,-24.233,56.733,3.224,20.585,3.695,5.798,101.319,114.704,206.331,44.393
156,13.648,-5.391,-1.428,-23.05,18.517,-20.622,17.184,-23.651,-2.498,40.202,31.789,-46.401,-45.41,56.673,-15.936,31.693,-31.015,42.164,-17.226,13.406,-14.369,-10.003,31.035,9.548,13.946,-45.104,32.143,-13.647,22.787,-30.214,11.623,-10.892,0.918,17.79,-41.927,39.217,-23.537,33.123,-37.787,55.377,-12.097,31.858,5.058,10.298,58.225,117.9,118.347,-3.882,-60.364,-78.813,10.613,-49.293,18.19,-8.122,-14.06,-26.41,20.423,-21.383,8.629,-19.309,27.356,63.345,-89.244,24.941,-50.307,50.705,3.709,33.581,-29.241,38.965,-0.174,-6.201,9.03,-36.458,63.996,0.198,25.313,-47.991,35.51,-4.608,20.441,-27.902,-13.288,24.036,-20.671,60.475,-66.722,47.437,-17.572,33.516,-24.233,56.733,3.224,20.585,3.695,5.798,101.319,114.704,206.331,44.393,46.713
157,-5.391,-1.428,-23.05,18.517,-20.622,17.184,-23.651,-2.498,40.202,31.789,-46.401,-45.41,56.673,-15.936,31.693,-31.015,42.164,-17.226,13.406,-14.369,-10.003,31.035,9.548,13.946,-45.104,32.143,-13.647,22.787,-30.214,11.623,-10.892,0.918,17.79,-41.927,39.217,-23.537,33.123,-37.787,55.377,-12.097,31.858,5.058,10.298,58.225,117.9,118.347,-3.882,-60.364,-78.813,10.613,-49.293,18.19,-8.122,-14.06,-26.41,20.423,-21.383,8.629,-19.309,27.356,63.345,-89.244,24.941,-50.307,50.705,3.709,33.581,-29.241,38.965,-0.174,-6.201,9.03,-36.458,63.996,0.198,25.313,-47.991,35.51,-4.608,20.441,-27.902,-13.288,24.036,-20.671,60.475,-66.722,47.437,-17.572,33.516,-24.233,56.733,3.224,20.585,3.695,5.798,101.319,114.704,206.331,44.393,46.713,-164.061
158,-1.428,-23.05,18.517,-20.622,17.184,-23.651,-2.498,40.202,31.789,-46.401,-45.41,56.673,-15.936,31.693,-31.015,42.164,-17.226,13.406,-14.369,-10.003,31.035,9.548,13.946,-45.104,32.143,-13.647,22.787,-30.214,11.623,-10.892,0.918,17.79,-41.927,39.217,-23.537,33.123,-37.787,55.377,-12.097,31.858,5.058,10.298,58.225,117.9,118.347,-3.882,-60.364,-78.813,10.613,-49.293,18.19,-8.122,-14.06,-26.41,20.423,-21.383,8.629,-19.309,27.356,63.345,-89.244,24.941,-50.307,50.705,3.709,33.581,-29.241,38.965,-0.174,-6.201,9.03,-36.458,63.996,0.198,25.313,-47.991,35.51,-4.608,20.441,-27.902,-13.288,24.036,-20.671,60.475,-66.722,47.437,-17.572,33.516,-24.233,56.733,3.224,20.585,3.695,5.798,101.319,114.704,206.331,44.393,46.713,-164.061,-38.805
159,-23.05,18.517,-20.622,17.184,-23.651,-2.498,40.202,31.789,-46.401,-45.41,56.673,-15.936,31.693,-31.015,42.164,-17.226,13.406,-14.369,-10.003,31.035,9.548,13.946,-45.104,32.143,-13.647,22.787,-30.214,11.623,-10.892,0.918,17.79,-41.927,39.217,-23.537,33.123,-37.787,55.377,-12.097,31.858,5.058,10.298,58.225,117.9,118.347,-3.882,-60.364,-78.813,10.613,-49.293,18.19,-8.122,-14.06,-26.41,20.423,-21.383,8.629,-19.309,27.356,63.345,-89.244,24.941,-50.307,50.705,3.709,33.581,-29.241,38.965,-0.174,-6.201,9.03,-36.458,63.996,0.198,25.313,-47.991,35.51,-4.608,20.441,-27.902,-13.288,24.036,-20.671,60.475,-66.722,47.437,-17.572,33.516,-24.233,56.733,3.224,20.585,3.695,5.798,101.319,114.704,206.331,44.393,46.713,-164.061,-38.805,-92.036
160,18.517,-20.622,17.184,-23.651,-2.498,40.202,31.789,-46.401,-45.41,56.673,-15.936,31.693,-31.015,42.164,-17.226,13.406,-14.369,-10.003,31.035,9.548,13.946,-45.104,32.143,-13.647,22.787,-30.214,11.623,-10.892,0.918,17.79,-41.927,39.217,-23.537,33.123,-37.787,55.377,-12.097,31.858,5.058,10.298,58.225,117.9,118.347,-3.882,-60.364,-78.813,10.613,-49.293,18.19,-8.122,-14.06,-26.41,20.423,-21.383,8.629,-19.309,27.356,63.345,-89.244,24.941,-50.307,50.705,3.709,33.581,-29.241,38.965,-0.174,-6.201,9.03,-36.458,63.996,0.198,25.313,-47.991,35.51,-4.608,20.441,-27.902,-13.288,24.036,-20.671,60.475,-66.722,47.437,-17.572,33.516,-24.233,56.733,3.224,20.585,3.695,5.798,101.319,114.704,206.331,44.393,46.713,-164.061,-38.805,-92.036,-9.754
161,-20.622,17.184,-23.651,-2.498,40.202,31.789,-46.401,-45.41,56.673,-15.936,31.693,-31.015,42.164,-17.226,13.406,-14.369,-10.003,31.035,9.548,13.946,-45.104,32.143,-13.647,22.787,-30.214,11.623,-10.892,0.918,17.79,-41.927,39.217,-23.537,33.123,-37.787,55.377,-12.097,31.858,5.058,10.298,58.225,117.9,118.347,-3.882,-60.364,-78.813,10.613,-49.293,18.19,-8.122,-14.06,-26.41,20.423,-21.383,8.629,-19.309,27.356,63.345,-89.244,24.941,-50.307,50.705,3.709,33.581,-29.241,38.965,-0.174,-6.201,9.03,-36.458,63.996,0.198,25.313,-47.991,35.51,-4.608,20.441,-27.902,-13.288,24.036,-20.671,60.475,-66.722,47.437,-17.572,33.516,-24.233,56.733,3.224,20.585,3.695,5.798,101.319,114.704,206.331,44.393,46.713,-164.061,-38.805,-92.036,-9.754,-16.302
162,17.184,-23.651,-2.498,40.202,31.789,-46.401,-45.41,56.673,-15.936,31.693,-31.015,42.164,-17.226,13.406,-14.369,-10.003,31.035,9.548,13.946,-45.104,32.143,-13.647,22.787,-30.214,11.623,-10.892,0.918,17.79,-41.927,39.217,-23.537,33.123,-37.787,55.377,-12.097,31.858,5.058,10.298,58.225,117.9,118.347,-3.882,-60.364,-78.813,10.613,-49.293,18.19,-8.122,-14.06,-26.41,20.423,-21.383,8.629,-19.309,27.356,63.345,-89.244,24.941,-50.307,50.705,3.709,33.581,-29.241,38.965,-0.174,-6.201,9.03,-36.458,63.996,0.198,25.313,-47.991,35.51,-4.608,20.441,-27.902,-13.288,24.036,-20.671,60.475,-66.722,47.437,-17.572,33.516,-24.233,56.733,3.224,20.585,3.695,5.798,101.319,114.704,206.331,44.393,46.713,-164.061,-38.805,-92.036,-9.754,-16.302,-26.638
163,-23.651,-2.498,40.202,31.789,-46.401,-45.41,56.673,-15.936,31.693,-31.015,42.164,-17.226,13.406,-14.369,-10.003,31.035,9.548,13.946,-45.104,32.143,-13.647,22.787,-30.214,11.623,-10.892,0.918,17.79,-41.927,39.217,-23.537,33.123,-37.787,55.377,-12.097,31.858,5.058,10.298,58.225,117.9,118.347,-3.882,-60.364,-78.813,10.613,-49.293,18.19,-8.122,-14.06,-26.41,20.423,-21.383,8.629,-19.309,27.356,63.345,-89.244,24.941,-50.307,50.705,3.709,33.581,-29.241,38.965,-0.174,-6.201,9.03,-36.458,63.996,0.198,25.313,-47.991,35.51,-4.608,20.441,-27.902,-13.288,24.036,-20.671,60.475,-66.722,47.437,-17.572,33.516,-24.233,56.733,3.224,20.585,3.695,5.798,101.319,114.704,206.331,44.393,46.713,-164.061,-38.805,-92.036,-9.754,-16.302,-26.638,-7.581
164,-2.498,40.202,31.789,-46.401,-45.41,56.673,-15.936,31.693,-31.015,42.164,-17.226,13.406,-14.369,-10.003,31.035,9.548,13.946,-45.104,32.143,-13.647,22.787,-30.214,11.623,-10.892,0.918,17.79,-41.927,39.217,-23.537,33.123,-37.787,55.377,-12.097,31.858,5.058,10.298,58.225,117.9,118.347,-3.882,-60.364,-78.813,10.613,-49.293,18.19,-8.122,-14.06,-26.41,20.423,-21.383,8.629,-19.309,27.356,63.345,-89.244,24.941,-50.307,50.705,3.709,33.581,-29.241,38.965,-0.174,-6.201,9.03,-36.458,63.996,0.198,25.313,-47.991,35.51,-4.608,20.441,-27.902,-13.288,24.036,-20.671,60.475,-66.722,47.437,-17.572,33.516,-24.233,56.733,3.224,20.585,3.695,5.798,101.319,114.704,206.331,44.393,46.713,-164.061,-38.805,-92.036,-9.754,-16.302,-26.638,-7.581,-27.687
165,40.202,31.789,-46.401,-45.41,56.673,-15.936,31.693,-31.015,42.164,-17.226,13.406,-14.369,-10.003,31.035,9.548,13.946,-45.104,32.143,-13.647,22.787,-30.214,11.623,-10.892,0.918,17.79,-41.927,39.217,-23.537,33.123,-37.787,55.377,-12.097,31.858,5.058,10.298,58.225,117.9,118.347,-3.882,-60.364,-78.813,10.613,-49.293,18.19,-8.122,-14.06,-26.41,20.423,-21.383,8.629,-19.309,27.356,63.345,-89.244,24.941,-50.307,50.705,3.709,33.581,-29.241,38.965,-0.174,-6.201,9.03,-36.458,63.996,0.198,25.313,-47.991,35.51,-4.608,20.441,-27.902,-13.288,24.036,-20.671,60.475,-66.722,47.437,-17.572,33.516,-24.233,56.733,3.224,20.585,3.695,5.798,101.319,114.704,206.331,44.393,46.713,-164.061,-38.805,-92.036,-9.754,-16.302,-26.638,-7.581,-27.687,20.279
166,31.789,-46.401,-45.41,56.673,-15.936,31.693,-31.015,42.164,-17.226,13.406,-14.369,-10.003,31.035,9.548,13.946,-45.104,32.143,-13.647,22.787,-30.214,11.623,-10.892,0.918,17.79,-41.927,39.217,-23.537,33.123,-37.787,55.377,-12.097,31.858,5.058,10.298,58.225,117.9,118.347,-3.882,-60.364,-78.813,10.613,-49.293,18.19,-8.122,-14.06,-26.41,20.423,-21.383,8.629,-19.309,27.356,63.345,-89.244,24.941,-50.307,50.705,3.709,33.581,-29.241,38.965,-0.174,-6.201,9.03,-36.458,63.996,0.198,25.313,-47.991,35.51,-4.608,20.441,-27.902,-13.288,24.036,-20.671,60.475,-66.722,47.437,-17.572,33.516,-24.233,56.733,3.224,20.585,3.695,5.798,101.319,114.704,206.331,44.393,46.713,-164.061,-38.805,-92.036,-9.754,-16.302,-26.638,-7.581,-27.687,20.279,-34.522
167,-46.401,-45.41,56.673,-15.936,31.693,-31.015,42.164,-17.226,13.406,-14.369,-10.003,31.035,9.548,13.946,-45.104,32.143,-13.647,22.787,-30.214,11.623,-10.892,0.918,17.79,-41.927,39.217,-23.537,33.123,-37.787,55.377,-12.097,31.858,5.058,10.298,58.225,117.9,118.347,-3.882,-60.364,-78.813,10.613,-49.293,18.19,-8.122,-14.06,-26.41,20.423,-21.383,8.629,-19.309,27.356,63.345,-89.244,24.941,-50.307,50.705,3.709,33.581,-29.241,38.965,-0.174,-6.201,9.03,-36.458,63.996,0.198,25.313,-47.991,35.51,-4.608,20.441,-27.902,-13.288,24.036,-20.671,60.475,-66.722,47.437,-17.572,33.516,-24.233,56.733,3.224,20.585,3.695,5.798,101.319,114.704,206.331,44.393,46.713,-164.061,-38.805,-92.036,-9.754,-16.302,-26.638,-7.581,-27.687,20.279,-34.522,39.724
168,-45.41,56.673,-15.936,31.693,-31.015,42.164,-17.226,13.406,-14.369,-10.003,31.035,9.548,13.946,-45.104,32.143,-13.647,22.787,-30.214,11.623,-10.892,0.918,17.79,-41.927,39.217,-23.537,33.123,-37.787,55.377,-12.097,31.858,5.058,10.298,58.225,117.9,118.347,-3.882,-60.364,-78.813,10.613,-49.293,18.19,-8.122,-14.06,-26.41,20.423,-21.383,8.629,-19.309,27.356,63.345,-89.244,24.941,-50.307,50.705,3.709,33.581,-29.241,38.965,-0.174,-6.201,9.03,-36.458,63.996,0.198,25.313,-47.991,35.51,-4.608,20.441,-27.902,-13.288,24.036,-20.671,60.475,-66.722,47.437,-17.572,33.516,-24.233,56.733,3.224,20.585,3.695,5.798,101.319,114.704,206.331,44.393,46.713,-164.061,-38.805,-92.036,-9.754,-16.302,-26.638,-7.581,-27.687,20.279,-34.522,39.724,-43.93
169,56.673,-15.936,31.693,-31.015,42.164,-17.226,13.406,-14.369,-10.003,31.035,9.548,13.946,-45.104,32.143,-13.647,22.787,-30.214,11.623,-10.892,0.918,17.79,-41.927,39.217,-23.537,33.123,-37.787,55.377,-12.097,31.858,5.058,10.298,58.225,117.9,118.347,-3.882,-60.364,-78.813,10.613,-49.293,18.19,-8.122,-14.06,-26.41,20.423,-21.383,8.629,-19.309,27.356,63.345,-89.244,24.941,-50.307,50.705,3.709,33.581,-29.241,38.965,-0.174,-6.201,9.03,-36.458,63.996,0.198,25.313,-47.991,35.51,-4.608,20.441,-27.902,-13.288,24.036,-20.671,60.475,-66.722,47.437,-17.572,33.516,-24.233,56.733,3.224,20.585,3.695,5.798,101.319,114.704,206.331,44.393,46.713,-164.061,-38.805,-92.036,-9.754,-16.302,-26.638,-7.581,-27.687,20.279,-34.522,39.724,-43.93,44.079
170,-15.936,31.693,-31.015,42.164,-17.226,13.406,-14.369,-10.003,31.035,9.548,13.946,-45.104,32.143,-13.647,22.787,-30.214,11.623,-10.892,0.918,17.79,-41.927,39.217,-23.537,33.123,-37.787,55.377,-12.097,31.858,5.058,10.298,58.225,117.9,118.347,-3.882,-60.364,-78.813,10.613,-49.293,18.19,-8.122,-14.06,-26.41,20.423,-21.383,8.629,-19.309,27.356,63.345,-89.244,24.941,-50.307,50.705,3.709,33.581,-29.241,38.965,-0.174,-6.201,9.03,-36.458,63.996,0.198,25.313,-47.991,35.51,-4.608,20.441,-27.902,-13.288,24.036,-20.671,60.475,-66.722,47.437,-17.572,33.516,-24.233,56.733,3.224,20.585,3.695,5.798,101.319,114.704,206.331,44.393,46.713,-164.061,-38.805,-92.036,-9.754,-16.302,-26.638,-7.581,-27.687,20.279,-34.522,39.724,-43.93,44.079,-11.871
171,31.693,-31.015,42.164,-17.226,13.406,-14.369,-10.003,31.035,9.548,13.946,-45.104,32.143,-13.647,22.787,-30.214,11.623,-10.892,0.918,17.79,-41.927,39.217,-23.537,33.123,-37.787,55.377,-12.097,31.858,5.058,10.298,58.225,117.9,118.347,-3.882,-60.364,-78.813,10.613,-49.293,18.19,-8.122,-14.06,-26.41,20.423,-21.383,8.629,-19.309,27.356,63.345,-89.244,24.941,-50.307,50.705,3.709,33.581,-29.241,38.965,-0.174,-6.201,9.03,-36.458,63.996,0.198,25.313,-47.991,35.51,-4.608,20.441,-27.902,-13.288,24.036,-20.671,60.475,-66.722,47.437,-17.572,33.516,-24.233,56.733,3.224,20.585,3.695,5.798,101.319,114.704,206.331,44.393,46.713,-164.061,-38.805,-92.036,-9.754,-16.302,-26.638,-7.581,-27.687,20.279,-34.522,39.724,-43.93,44.079,-11.871,75.274
172,-31.015,42.164,-17.226,13.406,-14.369,-10.003,31.035,9.548,13.946,-45.104,32.143,-13.647,22.787,-30.214,11.623,-10.892,0.918,17.79,-41.927,39.217,-23.537,33.123,-37.787,55.377,-12.097,31.858,5.058,10.298,58.225,117.9,118.347,-3.882,-60.364,-78.813,10.613,-49.293,18.19,-8.122,-14.06,-26.41,20.423,-21.383,8.629,-19.309,27.356,63.345,-89.244,24.941,-50.307,50.705,3.709,33.581,-29.241,38.965,-0.174,-6.201,9.03,-36.458,63.996,0.198,25.313,-47.991,35.51,-4.608,20.441,-27.902,-13.288,24.036,-20.671,60.475,-66.722,47.437,-17.572,33.516,-24.233,56.733,3.224,20.585,3.695,5.798,101.319,114.704,206.331,44.393,46.713,-164.061,-38.805,-92.036,-9.754,-16.302,-26.638,-7.581,-27.687,20.279,-34.522,39.724,-43.93,44.079,-11.871,75.274,58.252
173,42.164,-17.226,13.406,-14.369,-10.003,31.035,9.548,13.946,-45.104,32.143,-13.647,22.787,-30.214,11.623,-10.892,0.918,17.79,-41.927,39.217,-23.537,33.123,-37.787,55.377,-12.097,31.858,5.058,10.298,58.225,117.9,118.347,-3.882,-60.364,-78.813,10.613,-49.293,18.19,-8.122,-14.06,-26.41,20.423,-21.383,8.629,-19.309,27.356,63.345,-89.244,24.941,-50.307,50.705,3.709,33.581,-29.241,38.965,-0.174,-6.201,9.03,-36.458,63.996,0.198,25.313,-47.991,35.51,-4.608,20.441,-27.902,-13.288,24.036,-20.671,60.475,-66.722,47.437,-17.572,33.516,-24.233,56.733,3.224,20.585,3.695,5.798,101.319,114.704,206.331,44.393,46.713,-164.061,-38.805,-92.036,-9.754,-16.302,-26.638,-7.581,-27.687,20.279,-34.522,39.724,-43.93,44.079,-11.871,75.274,58.252,-62.561
174,-17.226,13.406,-14.369,-10.003,31.035,9.548,13.946,-45.104,32.143,-13.647,22.787,-30.214,11.623,-10.892,0.918,17.79,-41.927,39.217,-23.537,33.123,-37.787,55.377,-12.097,31.858,5.058,10.298,58.225,117.9,118.347,-3.882,-60.364,-78.813,10.613,-49.293,18.19,-8.122,-14.06,-26.41,20.423,-21.383,8.629,-19.309,27.356,63.345,-89.244,24.941,-50.307,50.705,3.709,33.581,-29.241,38.965,-0.174,-6.201,9.03,-36.458,63.996,0.198,25.313,-47.991,35.51,-4.608,20.441,-27.902,-13.288,24.036,-20.671,60.475,-66.722,47.437,-17.572,33.516,-24.233,56.733,3.224,20.585,3.695,5.798,101.319,114.704,206.331,44.393,46.713,-164.061,-38.805,-92.036,-9.754,-16.302,-26.638,-7.581,-27.687,20.279,-34.522,39.724,-43.93,44.079,-11.871,75.274,58.252,-62.561,-3.031
175,13.406,-14.369,-10.003,31.035,9.548,13.946,-45.104,32.143,-13.647,22.787,-30.214,11.623,-10.892,0.918,17.79,-41.927,39.217,-23.537,33.123,-37.787,55.377,-12.097,31.858,5.058,10.298,58.225,117.9,118.347,-3.882,-60.364,-78.813,10.613,-49.293,18.19,-8.122,-14.06,-26.41,20.423,-21.383,8.629,-19.309,27.356,63.345,-89.244,24.941,-50.307,50.705,3.709,33.581,-29.241,38.965,-0.174,-6.201,9.03,-36.458,63.996,0.198,25.313,-47.991,35.51,-4.608,20.441,-27.902,-13.288,24.036,-20.671,60.475,-66.722,47.437,-17.572,33.516,-24.233,56.733,3.224,20.585,3.695,5.798,101.319,114.704,206.331,44.393,46.713,-164.061,-38.805,-92.036,-9.754,-16.302,-26.638,-7.581,-27.687,20.279,-34.522,39.724,-43.93,44.079,-11.871,75.274,58.252,-62.561,-3.031,11.055
176,-14.369,-10.003,31.035,9.548,13.946,-45.104,32.143,-13.647,22.787,-30.214,11.623,-10.892,0.918,17.79,-41.927,39.217,-23.537,33.123,-37.787,55.377,-12.097,31.858,5.058,10.298,58.225,117.9,118.347,-3.882,-60.364,-78.813,10.613,-49.293,18.19,-8.122,-14.06,-26.41,20.423,-21.383,8.629,-19.309,27.356,63.345,-89.244,24.941,-50.307,50.705,3.709,33.581,-29.241,38.965,-0.174,-6.201,9.03,-36.458,63.996,0.198,25.313,-47.991,35.51,-4.608,20.441,-27.902,-13.288,24.036,-20.671,60.475,-66.722,47.437,-17.572,33.516,-24.233,56.733,3.224,20.585,3.695,5.798,101.319,114.704,206.331,44.393,46.713,-164.061,-38.805,-92.036,-9.754,-16.302,-26.638,-7.581,-27.687,20.279,-34.522,39.724,-43.93,44.079,-11.871,75.274,58.252,-62.561,-3.031,11.055,-17.866
177,-10.003,31.035,9.548,13.946,-45.104,32.143,-13.647,22.787,-30.214,11.623,-10.892,0.918,17.79,-41.927,39.217,-23.537,33.123,-37.787,55.377,-12.097,31.858,5.058,10.298,58.225,117.9,118.347,-3.882,-60.364,-78.813,10.613,-49.293,18.19,-8.122,-14.06,-26.41,20.423,-21.383,8.629,-19.309,27.356,63.345,-89.244,24.941,-50.307,50.705,3.709,33.581,-29.241,38.965,-0.174,-6.201,9.03,-36.458,63.996,0.198,25.313,-47.991,35.51,-4.608,20.441,-27.902,-13.288,24.036,-20.671,60.475,-66.722,47.437,-17.572,33.516,-24.233,56.733,3.224,20.585,3.695,5.798,101.319,114.704,206.331,44.393,46.713,-164.061,-38.805,-92.036,-9.754,-16.302,-26.638,-7.581,-27.687,20.279,-34.522,39.724,-43.93,44.079,-11.871,75.274,58.252,-62.561,-3.031,11.055,-17.866,-16.668
178,31.035,9.548,13.946,-45.104,32.143,-13.647,22.787,-30.214,11.623,-10.892,0.918,17.79,-41.927,39.217,-23.537,33.123,-37.787,55.377,-12.097,31.858,5.058,10.298,58.225,117.9,118.347,-3.882,-60.364,-78.813,10.613,-49.293,18.19,-8.122,-14.06,-26.41,20.423,-21.383,8.629,-19.309,27.356,63.345,-89.244,24.941,-50.307,50.705,3.709,33.581,-29.241,38.965,-0.174,-6.201,9.03,-36.458,63.996,0.198,25.313,-47.991,35.51,-4.608,20.441,-27.902,-13.288,24.036,-20.671,60.475,-66.722,47.437,-17.572,33.516,-24.233,56.733,3.224,20.585,3.695,5.798,101.319,114.704,206.331,44.393,46.713,-164.061,-38.805,-92.036,-9.754,-16.302,-26.638,-7.581,-27.687,20.279,-34.522,39.724,-43.93,44.079,-11.871,75.274,58.252,-62.561,-3.031,11.055,-17.866,-16.668,53.197
179,9.548,13.946,-45.104,32.143,-13.647,22.787,-30.214,11.623,-10.892,0.918,17.79,-41.927,39.217,-23.537,33.123,-37.787,55.377,-12.097,31.858,5.058,10.298,58.225,117.9,118.347,-3.882,-60.364,-78.813,10.613,-49.293,18.19,-8.122,-14.06,-26.41,20.423,-21.383,8.629,-19.309,27.356,63.345,-89.244,24.941,-50.307,50.705,3.709,33.581,-29.241,38.965,-0.174,-6.201,9.03,-36.458,63.996,0.198,25.313,-47.991,35.51,-4.608,20.441,-27.902,-13.288,24.036,-20.671,60.475,-66.722,47.437,-17.572,33.516,-24.233,56.733,3.224,20.585,3.695,5.798,101.319,114.704,206.331,44.393,46.713,-164.061,-38.805,-92.036,-9.754,-16.302,-26.638,-7.581,-27.687,20.279,-34.522,39.724,-43.93,44.079,-11.871,75.274,58.252,-62.561,-3.031,11.055,-17.866,-16.668,53.197,-30.098
180,13.946,-45.104,32.143,-13.647,22.787,-30.214,11.623,-10.892,0.918,17.79,-41.927,39.217,-23.537,33.123,-37.787,55.377,-12.097,31.858,5.058,10.298,58.225,117.9,118.347,-3.882,-60.364,-78.813,10.613,-49.293,18.19,-8.122,-14.06,-26.41,20.423,-21.383,8.629,-19.309,27.356,63.345,-89.244,24.941,-50.307,50.705,3.709,33.581,-29.241,38.965,-0.174,-6.201,9.03,-36.458,63.996,0.198,25.313,-47.991,35.51,-4.608,20.441,-27.902,-13.288,24.036,-20.671,60.475,-66.722,47.437,-17.572,33.516,-24.233,56.733,3.224,20.585,3.695,5.798,101.319,114.704,206.331,44.393,46.713,-164.061,-38.805,-92.036,-9.754,-16.302,-26.638,-7.581,-27.687,20.279,-34.522,39.724,-43.93,44.079,-11.871,75.274,58.252,-62.561,-3.031,11.055,-17.866,-16.668,53.197,-30.098,60.72
181,-45.104,32.143,-13.647,22.787,-30.214,11.623,-10.892,0.918,17.79,-41.927,39.217,-23.537,33.123,-37.787,55.377,-12.097,31.858,5.058,10.298,58.225,117.9,118.347,-3.882,-60.364,-78.813,10.613,-49.293,18.19,-8.122,-14.06,-26.41,20.423,-21.383,8.629,-19.309,27.356,63.345,-89.244,24.941,-50.307,50.705,3.709,33.581,-29.241,38.965,-0.174,-6.201,9.03,-36.458,63.996,0.198,25.313,-47.991,35.51,-4.608,20.441,-27.902,-13.288,24.036,-20.671,60.475,-66.722,47.437,-17.572,33.516,-24.233,56.733,3.224,20.585,3.695,5.798,101.319,114.704,206.331,44.393,46.713,-164.061,-38.805,-92.036,-9.754,-16.302,-26.638,-7.581,-27.687,20.279,-34.522,39.724,-43.93,44.079,-11.871,75.274,58.252,-62.561,-3.031,11.055,-17.866,-16.668,53.197,-30.098,60.72,-54.355
182,32.143,-13.647,22.787,-30.214,11.623,-10.892,0.918,17.79,-41.927,39.217,-23.537,33.123,-37.787,55.377,-12.097,31.858,5.058,10.298,58.225,117.9,118.347,-3.882,-60.364,-78.813,10.613,-49.293,18.19,-8.122,-14.06,-26.41,20.423,-21.383,8.629,-19.309,27.356,63.345,-89.244,24.941,-50.307,50.705,3.709,33.581,-29.241,38.965,-0.174,-6.201,9.03,-36.458,63.996,0.198,25.313,-47.991,35.51,-4.608,20.441,-27.902,-13.288,24.036,-20.671,60.475,-66.722,47.437,-17.572,33.516,-24.233,56.733,3.224,20.585,3.695,5.798,101.319,114.704,206.331,44.393,46.713,-164.061,-38.805,-92.036,-9.754,-16.302,-26.638,-7.581,-27.687,20.279,-34.522,39.724,-43.93,44.079,-11.871,75.274,58.252,-62.561,-3.031,11.055,-17.866,-16.668,53.197,-30.098,60.72,-54.355,63.299
183,-13.647,22.787,-30.214,11.623,-10.892,0.918,17.79,-41.927,39.217,-23.537,33.123,-37.787,55.377,-12.097,31.858,5.058,10.298,58.225,117.9,118.347,-3.882,-60.364,-78.813,10.613,-49.293,18.19,-8.122,-14.06,-26.41,20.423,-21.383,8.629,-19.309,27.356,63.345,-89.244,24.941,-50.307,50.705,3.709,33.581,-29.241,38.965,-0.174,-6.201,9.03,-36.458,63.996,0.198,25.313,-47.991,35.51,-4.608,20.441,-27.902,-13.288,24.036,-20.671,60.475,-66.722,47.437,-17.572,33.516,-24.233,56.733,3.224,20.585,3.695,5.798,101.319,114.704,206.331,44.393,46.713,-164.061,-38.805,-92.036,-9.754,-16.302,-26.638,-7.581,-27.687,20.279,-34.522,39.724,-43.93,44.079,-11.871,75.274,58.252,-62.561,-3.031,11.055,-17.866,-16.668,53.197,-30.098,60.72,-54.355,63.299,1.649
184,22.787,-30.214,11.623,-10.892,0.918,17.79,-41.927,39.217,-23.537,33.123,-37.787,55.377,-12.097,31.858,5.058,10.298,58.225,117.9,118.347,-3.882,-60.364,-78.813,10.613,-49.293,18.19,-8.122,-14.06,-26.41,20.423,-21.383,8.629,-19.309,27.356,63.345,-89.244,24.941,-50.307,50.705,3.709,33.581,-29.241,38.965,-0.174,-6.201,9.03,-36.458,63.996,0.198,25.313,-47.991,35.51,-4.608,20.441,-27.902,-13.288,24.036,-20.671,60.475,-66.722,47.437,-17.572,33.516,-24.233,56.733,3.224,20.585,3.695,5.798,101.319,114.704,206.331,44.393,46.713,-164.061,-38.805,-92.036,-9.754,-16.302,-26.638,-7.581,-27.687,20.279,-34.522,39.724,-43.93,44.079,-11.871,75.274,58.252,-62.561,-3.031,11.055,-17.866,-16.668,53.197,-30.098,60.72,-54.355,63.299,1.649,6.331
185,-30.214,11.623,-10.892,0.918,17.79,-41.927,39.217,-23.537,33.123,-37.787,55.377,-12.097,31.858,5.058,10.298,58.225,117.9,118.347,-3.882,-60.364,-78.813,10.613,-49.293,18.19,-8.122,-14.06,-26.41,20.423,-21.383,8.629,-19.309,27.356,63.345,-89.244,24.941,-50.307,50.705,3.709,33.581,-29.241,38.965,-0.174,-6.201,9.03,-36.458,63.996,0.198,25.313,-47.991,35.51,-4.608,20.441,-27.902,-13.288,24.036,-20.671,60.475,-66.722,47.437,-17.572,33.516,-24.233,56.733,3.224,20.585,3.695,5.798,101.319,114.704,206.331,44.393,46.713,-164.061,-38.805,-92.036,-9.754,-16.302,-26.638,-7.581,-27.687,20.279,-34.522,39.724,-43.93,44.079,-11.871,75.274,58.252,-62.561,-3.031,11.055,-17.866,-16.668,53.197,-30.098,60.72,-54.355,63.299,1.649,6.331,-41.508
186,11.623,-10.892,0.918,17.79,-41.927,39.217,-23.537,33.123,-37.787,55.377,-12.097,31.858,5.058,10.298,58.225,117.9,118.347,-3.882,-60.364,-78.813,10.613,-49.293,18.19,-8.122,-14.06,-26.41,20.423,-21.383,8.629,-19.309,27.356,63.345,-89.244,24.941,-50.307,50.705,3.709,33.581,-29.241,38.965,-0.174,-6.201,9.03,-36.458,63.996,0.198,25.313,-47.991,35.51,-4.608,20.441,-27.902,-13.288,24.036,-20.671,60.475,-66.722,47.437,-17.572,33.516,-24.233,56.733,3.224,20.585,3.695,5.798,101.319,114.704,206.331,44.393,46.713,-164.061,-38.805,-92.036,-9.754,-16.302,-26.638,-7.581,-27.687,20.279,-34.522,39.724,-43.93,44.079,-11.871,75.274,58.252,-62.561,-3.031,11.055,-17.866,-16.668,53.197,-30.098,60.72,-54.355,63.299,1.649,6.331,-41.508,12.922
187,-10.892,0.918,17.79,-41.927,39.217,-23.537,33.123,-37.787,55.377,-12.097,31.858,5.058,10.298,58.225,117.9,118.347,-3.882,-60.364,-78.813,10.613,-49.293,18.19,-8.122,-14.06,-26.41,20.423,-21.383,8.629,-19.309,27.356,63.345,-89.244,24.941,-50.307,50.705,3.709,33.581,-29.241,38.965,-0.174,-6.201,9.03,-36.458,63.996,0.198,25.313,-47.991,35.51,-4.608,20.441,-27.902,-13.288,24.036,-20.671,60.475,-66.722,47.437,-17.572,33.516,-24.233,56.733,3.224,20.585,3.695,5.798,101.319,114.704,206.331,44.393,46.713,-164.061,-38.805,-92.036,-9.754,-16.302,-26.638,-7.581,-27.687,20.279,-34.522,39.724,-43.93,44.079,-11.871,75.274,58.252,-62.561,-3.031,11.055,-17.866,-16.668,53.197,-30.098,60.72,-54.355,63.299,1.649,6.331,-41.508,12.922,-8.058
188,0.918,17.79,-41.927,39.217,-23.537,33.123,-37.787,55.377,-12.097,31.858,5.058,10.298,58.225,117.9,118.347,-3.882,-60.364,-78.813,10.613,-49.293,18.19,-8.122,-14.06,-26.41,20.423,-21.383,8.629,-19.309,27.356,63.345,-89.244,24.941,-50.307,50.705,3.709,33.581,-29.241,38.965,-0.174,-6.201,9.03,-36.458,63.996,0.198,25.313,-47.991,35.51,-4.608,20.441,-27.902,-13.288,24.036,-20.671,60.475,-66.722,47.437,-17.572,33.516,-24.233,56.733,3.224,20.585,3.695,5.798,101.319,114.704,206.331,44.393,46.713,-164.061,-38.805,-92.036,-9.754,-16.302,-26.638,-7.581,-27.687,20.279,-34.522,39.724,-43.93,44.079,-11.871,75.274,58.252,-62.561,-3.031,11.055,-17.866,-16.668,53.197,-30.098,60.72,-54.355,63.299,1.649,6.331,-41.508,12.922,-8.058,-3.243
189,17.79,-41.927,39.217,-23.537,33.123,-37.787,55.377,-12.097,31.858,5.058,10.298,58.225,117.9,118.347,-3.882,-60.364,-78.813,10.613,-49.293,18.19,-8.122,-14.06,-26.41,20.423,-21.383,8.629,-19.309,27.356,63.345,-89.244,24.941,-50.307,50.705,3.709,33.581,-29.241,38.965,-0.174,-6.201,9.03,-36.458,63.996,0.198,25.313,-47.991,35.51,-4.608,20.441,-27.902,-13.288,24.036,-20.671,60.475,-66.722,47.437,-17.572,33.516,-24.233,56.733,3.224,20.585,3.695,5.798,101.319,114.704,206.331,44.393,46.713,-164.061,-38.805,-92.036,-9.754,-16.302,-26.638,-7.581,-27.687,20.279,-34.522,39.724,-43.93,44.079,-11.871,75.274,58.252,-62.561,-3.031,11.055,-17.866,-16.668,53.197,-30.098,60.72,-54.355,63.299,1.649,6.331,-41.508,12.922,-8.058,-3.243,-3.551
190,-41.927,39.217,-23.537,33.123,-37.787,55.377,-12.097,31.858,5.058,10.298,58.225,117.9,118.347,-3.882,-60.364,-78.813,10.613,-49.293,18.19,-8.122,-14.06,-26.41,20.423,-21.383,8.629,-19.309,27.356,63.345,-89.244,24.941,-50.307,50.705,3.709,33.581,-29.241,38.965,-0.174,-6.201,9.03,-36.458,63.996,0.198,25.313,-47.991,35.51,-4.608,20.441,-27.902,-13.288,24.036,-20.671,60.475,-66.722,47.437,-17.572,33.516,-24.233,56.733,3.224,20.585,3.695,5.798,101.319,114.704,206.331,44.393,46.713,-164.061,-38.805,-92.036,-9.754,-16.302,-26.638,-7.581,-27.687,20.279,-34.522,39.724,-43.93,44.079,-11.871,75.274,58.252,-62.561,-3.031,11.055,-17.866,-16.668,53.197,-30.098,60.72,-54.355,63.299,1.649,6.331,-41.508,12.922,-8.058,-3.243,-3.551,-59.029
191,39.217,-23.537,33.123,-37.787,55.377,-12.097,31.858,5.058,10.298,58.225,117.9,118.347,-3.882,-60.364,-78.813,10.613,-49.293,18.19,-8.122,-14.06,-26.41,20.423,-21.383,8.629,-19.309,27.356,63.345,-89.244,24.941,-50.307,50.705,3.709,33.581,-29.241,38.965,-0.174,-6.201,9.03,-36.458,63.996,0.198,25.313,-47.991,35.51,-4.608,20.441,-27.902,-13.288,24.036,-20.671,60.475,-66.722,47.437,-17.572,33.516,-24.233,56.733,3.224,20.585,3.695,5.798,101.319,114.704,206.331,44.393,46.713,-164.061,-38.805,-92.036,-9.754,-16.302,-26.638,-7.581,-27.687,20.279,-34.522,39.724,-43.93,44.079,-11.871,75.274,58.252,-62.561,-3.031,11.055,-17.866,-16.668,53.197,-30.098,60.72,-54.355,63.299,1.649,6.331,-41.508,12.922,-8.058,-3.243,-3.551,-59.029,35.748
192,-23.537,33.123,-37.787,55.377,-12.097,31.858,5.058,10.298,58.225,117.9,118.347,-3.882,-60.364,-78.813,10.613,-49.293,18.19,-8.122,-14.06,-26.41,20.423,-21.383,8.629,-19.309,27.356,63.345,-89.244,24.941,-50.307,50.705,3.709,33.581,-29.241,38.965,-0.174,-6.201,9.03,-36.458,63.996,0.198,25.313,-47.991,35.51,-4.608,20.441,-27.902,-13.288,24.036,-20.671,60.475,-66.722,47.437,-17.572,33.516,-24.233,56.733,3.224,20.585,3.695,5.798,101.319,114.704,206.331,44.393,46.713,-164.061,-38.805,-92.036,-9.754,-16.302,-26.638,-7.581,-27.687,20.279,-34.522,39.724,-43.93,44.079,-11.871,75.274,58.252,-62.561,-3.031,11.055,-17.866,-16.668,53.197,-30.098,60.72,-54.355,63.299,1.649,6.331,-41.508,12.922,-8.058,-3.243,-3.551,-59.029,35.748,-36.584
193,33.123,-37.787,55.377,-12.097,31.858,5.058,10.298,58.225,117.9,118.347,-3.882,-60.364,-78.813,10.613,-49.293,18.19,-8.122,-14.06,-26.41,20.423,-21.383,8.629,-19.309,27.356,63.345,-89.244,24.941,-50.307,50.705,3.709,33.581,-29.241,38.965,-0.174,-6.201,9.03,-36.458,63.996,0.198,25.313,-47.991,35.51,-4.608,20.441,-27.902,-13.288,24.036,-20.671,60.475,-66.722,47.437,-17.572,33.516,-24.233,56.733,3.224,20.585,3.695,5.798,101.319,114.704,206.331,44.393,46.713,-164.061,-38.805,-92.036,-9.754,-16.302,-26.638,-7.581,-27.687,20.279,-34.522,39.724,-43.93,44.079,-11.871,75.274,58.252,-62.561,-3.031,11.055,-17.866,-16.668,53.197,-30.098,60.72,-54.355,63.299,1.649,6.331,-41.508,12.922,-8.058,-3.243,-3.551,-59.029,35.748,-36.584,56.268
194,-37.787,55.377,-12.097,31.858,5.058,10.298,58.225,117.9,118.347,-3.882,-60.364,-78.813,10.613,-49.293,18.19,-8.122,-14.06,-26.41,20.423,-21.383,8.629,-19.309,27.356,63.345,-89.244,24.941,-50.307,50.705,3.709,33.581,-29.241,38.965,-0.174,-6.201,9.03,-36.458,63.996,0.198,25.313,-47.991,35.51,-4.608,20.441,-27.902,-13.288,24.036,-20.671,60.475,-66.722,47.437,-17.572,33.516,-24.233,56.733,3.224,20.585,3.695,5.798,101.319,114.704,206.331,44.393,46.713,-164.061,-38.805,-92.036,-9.754,-16.302,-26.638,-7.581,-27.687,20.279,-34.522,39.724,-43.93,44.079,-11.871,75.274,58.252,-62.561,-3.031,11.055,-17.866,-16.668,53.197,-30.098,60.72,-54.355,63.299,1.649,6.331,-41.508,12.922,-8.058,-3.243,-3.551,-59.029,35.748,-36.584,56.268,-46.759
195,55.377,-12.097,31.858,5.058,10.298,58.225,117.9,118.347,-3.882,-60.364,-78.813,10.613,-49.293,18.19,-8.122,-14.06,-26.41,20.423,-21.383,8.629,-19.309,27.356,63.345,-89.244,24.941,-50.307,50.705,3.709,33.581,-29.241,38.965,-0.174,-6.201,9.03,-36.458,63.996,0.198,25.313,-47.991,35.51,-4.608,20.441,-27.902,-13.288,24.036,-20.671,60.475,-66.722,47.437,-17.572,33.516,-24.233,56.733,3.224,20.585,3.695,5.798,101.319,114.704,206.331,44.393,46.713,-164.061,-38.805,-92.036,-9.754,-16.302,-26.638,-7.581,-27.687,20.279,-34.522,39.724,-43.93,44.079,-11.871,75.274,58.252,-62.561,-3.031,11.055,-17.866,-16.668,53.197,-30.098,60.72,-54.355,63.299,1.649,6.331,-41.508,12.922,-8.058,-3.243,-3.551,-59.029,35.748,-36.584,56.268,-46.759,44.513
196,-12.097,31.858,5.058,10.298,58.225,117.9,118.347,-3.882,-60.364,-78.813,10.613,-49.293,18.19,-8.122,-14.06,-26.41,20.423,-21.383,8.629,-19.309,27.356,63.345,-89.244,24.941,-50.307,50.705,3.709,33.581,-29.241,38.965,-0.174,-6.201,9.03,-36.458,63.996,0.198,25.313,-47.991,35.51,-4.608,20.441,-27.902,-13.288,24.036,-20.671,60.475,-66.722,47.437,-17.572,33.516,-24.233,56.733,3.224,20.585,3.695,5.798,101.319,114.704,206.331,44.393,46.713,-164.061,-38.805,-92.036,-9.754,-16.302,-26.638,-7.581,-27.687,20.279,-34.522,39.724,-43.93,44.079,-11.871,75.274,58.252,-62.561,-3.031,11.055,-17.866,-16.668,53.197,-30.098,60.72,-54.355,63.299,1.649,6.331,-41.508,12.922,-8.058,-3.243,-3.551,-59.029,35.748,-36.584,56.268,-46.759,44.513,-17.312
197,31.858,5.058,10.298,58.225,117.9,118.347,-3.882,-60.364,-78.813,10.613,-49.293,18.19,-8.122,-14.06,-26.41,20.423,-21.383,8.629,-19.309,27.356,63.345,-89.244,24.941,-50.307,50.705,3.709,33.581,-29.241,38.965,-0.174,-6.201,9.03,-36.458,63.996,0.198,25.313,-47.991,35.51,-4.608,20.441,-27.902,-13.288,24.036,-20.671,60.475,-66.722,47.437,-17.572,33.516,-24.233,56.733,3.224,20.585,3.695,5.798,101.319,114.704,206.331,44.393,46.713,-164.061,-38.805,-92.036,-9.754,-16.302,-26.638,-7.581,-27.687,20.279,-34.522,39.724,-43.93,44.079,-11.871,75.274,58.252,-62.561,-3.031,11.055,-17.866,-16.668,53.197,-30.098,60.72,-54.355,63.299,1.649,6.331,-41.508,12.922,-8.058,-3.243,-3.551,-59.029,35.748,-36.584,56.268,-46.759,44.513,-17.312,33.508
198,5.058,10.298,58.225,117.9,118.347,-3.882,-60.364,-78.813,10.613,-49.293,18.19,-8.122,-14.06,-26.41,20.423,-21.383,8.629,-19.309,27.356,63.345,-89.244,24.941,-50.307,50.705,3.709,33.581,-29.241,38.965,-0.174,-6.201,9.03,-36.458,63.996,0.198,25.313,-47.991,35.51,-4.608,20.441,-27.902,-13.288,24.036,-20.671,60.475,-66.722,47.437,-17.572,33.516,-24.233,56.733,3.224,20.585,3.695,5.798,101.319,114.704,206.331,44.393,46.713,-164.061,-38.805,-92.036,-9.754,-16.302,-26.638,-7.581,-27.687,20.279,-34.522,39.724,-43.93,44.079,-11.871,75.274,58.252,-62.561,-3.031,11.055,-17.866,-16.668,53.197,-30.098,60.72,-54.355,63.299,1.649,6.331,-41.508,12.922,-8.058,-3.243,-3.551,-59.029,35.748,-36.584,56.268,-46.759,44.513,-17.312,33.508,-30.513
199,10.298,58.225,117.9,118.347,-3.882,-60.364,-78.813,10.613,-49.293,18.19,-8.122,-14.06,-26.41,20.423,-21.383,8.629,-19.309,27.356,63.345,-89.244,24.941,-50.307,50.705,3.709,33.581,-29.241,38.965,-0.174,-6.201,9.03,-36.458,63.996,0.198,25.313,-47.991,35.51,-4.608,20.441,-27.902,-13.288,24.036,-20.671,60.475,-66.722,47.437,-17.572,33.516,-24.233,56.733,3.224,20.585,3.695,5.798,101.319,114.704,206.331,44.393,46.713,-164.061,-38.805,-92.036,-9.754,-16.302,-26.638,-7.581,-27.687,20.279,-34.522,39.724,-43.93,44.079,-11.871,75.274,58.252,-62.561,-3.031,11.055,-17.866,-16.668,53.197,-30.098,60.72,-54.355,63.299,1.649,6.331,-41.508,12.922,-8.058,-3.243,-3.551,-59.029,35.748,-36.584,56.268,-46.759,44.513,-17.312,33.508,-30.513,4.47
200,58.225,117.9,118.347,-3.882,-60.364,-78.813,10.613,-49.293,18.19,-8.122,-14.06,-26.41,20.423,-21.383,8.629,-19.309,27.356,63.345,-89.244,24.941,-50.307,50.705,3.709,33.581,-29.241,38.965,-0.174,-6.201,9.03,-36.458,63.996,0.198,25.313,-47.991,35.51,-4.608,20.441,-27.902,-13.288,24.036,-20.671,60.475,-66.722,47.437,-17.572,33.516,-24.233,56.733,3.224,20.585,3.695,5.798,101.319,114.704,206.331,44.393,46.713,-164.061,-38.805,-92.036,-9.754,-16.302,-26.638,-7.581,-27.687,20.279,-34.522,39.724,-43.93,44.079,-11.871,75.274,58.252,-62.561,-3.031,11.055,-17.866,-16.668,53.197,-30.098,60.72,-54.355,63.299,1.649,6.331,-41.508,12.922,-8.058,-3.243,-3.551,-59.029,35.748,-36.584,56.268,-46.759,44.513,-17.312,33.508,-30.513,4.47,67.865
201,117.9,118.347,-3.882,-60.364,-78.813,10.613,-49.293,18.19,-8.122,-14.06,-26.41,20.423,-21.383,8.629,-19.309,27.356,63.345,-89.244,24.941,-50.307,50.705,3.709,33.581,-29.241,38.965,-0.174,-6.201,9.03,-36.458,63.996,0.198,25.313,-47.991,35.51,-4.608,20.441,-27.902,-13.288,24.036,-20.671,60.475,-66.722,47.437,-17.572,33.516,-24.233,56.733,3.224,20.585,3.695,5.798,101.319,114.704,206.331,44.393,46.713,-164.061,-38.805,-92.036,-9.754,-16.302,-26.638,-7.581,-27.687,20.279,-34.522,39.724,-43.93,44.079,-11.871,75.274,58.252,-62.561,-3.031,11.055,-17.866,-16.668,53.197,-30.098,60.72,-54.355,63.299,1.649,6.331,-41.508,12.922,-8.058,-3.243,-3.551,-59.029,35.748,-36.584,56.268,-46.759,44.513,-17.312,33.508,-30.513,4.47,67.865,-51.628
202,118.347,-3.882,-60.364,-78.813,10.613,-49.293,18.19,-8.122,-14.06,-26.41,20.423,-21.383,8.629,-19.309,27.356,63.345,-89.244,24.941,-50.307,50.705,3.709,33.581,-29.241,38.965,-0.174,-6.201,9.03,-36.458,63.996,0.198,25.313,-47.991,35.51,-4.608,20.441,-27.902,-13.288,24.036,-20.671,60.475,-66.722,47.437,-17.572,33.516,-24.233,56.733,3.224,20.585,3.695,5.798,101.319,114.704,206.331,44.393,46.713,-164.061,-38.805,-92.036,-9.754,-16.302,-26.638,-7.581,-27.687,20.279,-34.522,39.724,-43.93,44.079,-11.871,75.274,58.252,-62.561,-3.031,11.055,-17.866,-16.668,53.197,-30.098,60.72,-54.355,63.299,1.649,6.331,-41.508,12.922,-8.058,-3.243,-3.551,-59.029,35.748,-36.584,56.268,-46.759,44.513,-17.312,33.508,-30.513,4.47,67.865,-51.628,65.572
203,-3.882,-60.364,-78.813,10.613,-49.293,18.19,-8.122,-14.06,-26.41,20.423,-21.383,8.629,-19.309,27.356,63.345,-89.244,24.941,-50.307,50.705,3.709,33.581,-29.241,38.965,-0.174,-6.201,9.03,-36.458,63.996,0.198,25.313,-47.991,35.51,-4.608,20.441,-27.902,-13.288,24.036,-20.671,60.475,-66.722,47.437,-17.572,33.516,-24.233,56.733,3.224,20.585,3.695,5.798,101.319,114.704,206.331,44.393,46.713,-164.061,-38.805,-92.036,-9.754,-16.302,-26.638,-7.581,-27.687,20.279,-34.522,39.724,-43.93,44.079,-11.871,75.274,58.252,-62.561,-3.031,11.055,-17.866,-16.668,53.197,-30.098,60.72,-54.355,63.299,1.649,6.331,-41.508,12.922,-8.058,-3.243,-3.551,-59.029,35.748,-36.584,56.268,-46.759,44.513,-17.312,33.508,-30.513,4.47,67.865,-51.628,65.572,-55.157
204,-60.364,-78.813,10.613,-49.293,18.19,-8.122,-14.06,-26.41,20.423,-21.383,8.629,-19.309,27.356,63.345,-89.244,24.941,-50.307,50.705,3.709,33.581,-29.241,38.965,-0.174,-6.201,9.03,-36.458,63.996,0.198,25.313,-47.991,35.51,-4.608,20.441,-27.902,-13.288,24.036,-20.671,60.475,-66.722,47.437,-17.572,33.516,-24.233,56.733,3.224,20.585,3.695,5.798,101.319,114.704,206.331,44.393,46.713,-164.061,-38.805,-92.036,-9.754,-16.302,-26.638,-7.581,-27.687,20.279,-34.522,39.724,-43.93,44.079,-11.871,75.274,58.252,-62.561,-3.031,11.055,-17.866,-16.668,53.197,-30.098,60.72,-54.355,63.299,1.649,6.331,-41.508,12.922,-8.058,-3.243,-3.551,-59.029,35.748,-36.584,56.268,-46.759,44.513,-17.312,33.508,-30.513,4.47,67.865,-51.628,65.572,-55.157,120.324
205,-78.813,10.613,-49.293,18.19,-8.122,-14.06,-26.41,20.423,-21.383,8.629,-19.309,27.356,63.345,-89.244,24.941,-50.307,50.705,3.709,33.581,-29.241,38.965,-0.174,-6.201,9.03,-36.458,63.996,0.198,25.313,-47.991,35.51,-4.608,20.441,-27.902,-13.288,24.036,-20.671,60.475,-66.722,47.437,-17.572,33.516,-24.233,56.733,3.224,20.585,3.695,5.798,101.319,114.704,206.331,44.393,46.713,-164.061,-38.805,-92.036,-9.754,-16.302,-26.638,-7.581,-27.687,20.279,-34.522,39.724,-43.93,44.079,-11.871,75.274,58.252,-62.561,-3.031,11.055,-17.866,-16.668,53.197,-30.098,60.72,-54.355,63.299,1.649,6.331,-41.508,12.922,-8.058,-3.243,-3.551,-59.029,35.748,-36.584,56.268,-46.759,44.513,-17.312,33.508,-30.513,4.47,67.865,-51.628,65.572,-55.157,120.324,92.492
206,10.613,-49.293,18.19,-8.122,-14.06,-26.41,20.423,-21.383,8.629,-19.309,27.356,63.345,-89.244,24.941,-50.307,50.705,3.709,33.581,-29.241,38.965,-0.174,-6.201,9.03,-36.458,63.996,0.198,25.313,-47.991,35.51,-4.608,20.441,-27.902,-13.288,24.036,-20.671,60.475,-66.722,47.437,-17.572,33.516,-24.233,56.733,3.224,20.585,3.695,5.798,101.319,114.704,206.331,44.393,46.713,-164.061,-38.805,-92.036,-9.754,-16.302,-26.638,-7.581,-27.687,20.279,-34.522,39.724,-43.93,44.079,-11.871,75.274,58.252,-62.561,-3.031,11.055,-17.866,-16.668,53.197,-30.098,60.72,-54.355,63.299,1.649,6.331,-41.508,12.922,-8.058,-3.243,-3.551,-59.029,35.748,-36.584,56.268,-46.759,44.513,-17.312,33.508,-30.513,4.47,67.865,-51.628,65.572,-55.157,120.324,92.492,220.551
207,-49.293,18.19,-8.122,-14.06,-26.41,20.423,-21.383,8.629,-19.309,27.356,63.345,-89.244,24.941,-50.307,50.705,3.709,33.581,-29.241,38.965,-0.174,-6.201,9.03,-36.458,63.996,0.198,25.313,-47.991,35.51,-4.608,20.441,-27.902,-13.288,24.036,-20.671,60.475,-66.722,47.437,-17.572,33.516,-24.233,56.733,3.224,20.585,3.695,5.798,101.319,114.704,206.331,44.393,46.713,-164.061,-38.805,-92.036,-9.754,-16.302,-26.638,-7.581,-27.687,20.279,-34.522,39.724,-43.93,44.079,-11.871,75.274,58.252,-62.561,-3.031,11.055,-17.866,-16.668,53.197,-30.098,60.72,-54.355,63.299,1.649,6.331,-41.508,12.922,-8.058,-3.243,-3.551,-59.029,35.748,-36.584,56.268,-46.759,44.513,-17.312,33.508,-30.513,4.47,67.865,-51.628,65.572,-55.157,120.324,92.492,220.551,108.228
208,18.19,-8.122,-14.06,-26.41,20.423,-21.383,8.629,-19.309,27.356,63.345,-89.244,24.941,-50.307,50.705,3.709,33.581,-29.241,38.965,-0.174,-6.201,9.03,-36.458,63.996,0.198,25.313,-47.991,35.51,-4.608,20.441,-27.902,-13.288,24.036,-20.671,60.475,-66.722,47.437,-17.572,33.516,-24.233,56.733,3.224,20.585,3.695,5.798,101.319,114.704,206.331,44.393,46.713,-164.061,-38.805,-92.036,-9.754,-16.302,-26.638,-7.581,-27.687,20.279,-34.522,39.724,-43.93,44.079,-11.871,75.274,58.252,-62.561,-3.031,11.055,-17.866,-16.668,53.197,-30.098,60.72,-54.355,63.299,1.649,6.331,-41.508,12.922,-8.058,-3.243,-3.551,-59.029,35.748,-36.584,56.268,-46.759,44.513,-17.312,33.508,-30.513,4.47,67.865,-51.628,65.572,-55.157,120.324,92.492,220.551,108.228,-82.963
209,-8.122,-14.06,-26.41,20.423,-21.383,8.629,-19.309,27.356,63.345,-89.244,24.941,-50.307,50.705,3.709,33.581,-29.241,38.965,-0.174,-6.201,9.03,-36.458,63.996,0.198,25.313,-47.991,35.51,-4.608,20.441,-27.902,-13.288,24.036,-20.671,60.475,-66.722,47.437,-17.572,33.516,-24.233,56.733,3.224,20.585,3.695,5.798,101.319,114.704,206.331,44.393,46.713,-164.061,-38.805,-92.036,-9.754,-16.302,-26.638,-7.581,-27.687,20.279,-34.522,39.724,-43.93,44.079,-11.871,75.274,58.252,-62.561,-3.031,11.055,-17.866,-16.668,53.197,-30.098,60.72,-54.355,63.299,1.649,6.331,-41.508,12.922,-8.058,-3.243,-3.551,-59.029,35.748,-36.584,56.268,-46.759,44.513,-17.312,33.508,-30.513,4.47,67.865,-51.628,65.572,-55.157,120.324,92.492,220.551,108.228,-82.963,-125.889
210,-14.06,-26.41,20.423,-21.383,8.629,-19.309,27.356,63.345,-89.244,24.941,-50.307,50.705,3.709,33.581,-29.241,38.965,-0.174,-6.201,9.03,-36.458,63.996,0.198,25.313,-47.991,35.51,-4.608,20.441,-27.902,-13.288,24.036,-20.671,60.475,-66.722,47.437,-17.572,33.516,-24.233,56.733,3.224,20.585,3.695,5.798,101.319,114.704,206.331,44.393,46.713,-164.061,-38.805,-92.036,-9.754,-16.302,-26.638,-7.581,-27.687,20.279,-34.522,39.724,-43.93,44.079,-11.871,75.274,58.252,-62.561,-3.031,11.055,-17.866,-16.668,53.197,-30.098,60.72,-54.355,63.299,1.649,6.331,-41.508,12.922,-8.058,-3.243,-3.551,-59.029,35.748,-36.584,56.268,-46.759,44.513,-17.312,33.508,-30.513,4.47,67.865,-51.628,65.572,-55.157,120.324,92.492,220.551,108.228,-82.963,-125.889,-20.537
211,-26.41,20.423,-21.383,8.629,-19.309,27.356,63.345,-89.244,24.941,-50.307,50.705,3.709,33.581,-29.241,38.965,-0.174,-6.201,9.03,-36.458,63.996,0.198,25.313,-47.991,35.51,-4.608,20.441,-27.902,-13.288,24.036,-20.671,60.475,-66.722,47.437,-17.572,33.516,-24.233,56.733,3.224,20.585,3.695,5.798,101.319,114.704,206.331,44.393,46.713,-164.061,-38.805,-92.036,-9.754,-16.302,-26.638,-7.581,-27.687,20.279,-34.522,39.724,-43.93,44.079,-11.871,75.274,58.252,-62.561,-3.031,11.055,-17.866,-16.668,53.197,-30.098,60.72,-54.355,63.299,1.649,6.331,-41.508,12.922,-8.058,-3.243,-3.551,-59.029,35.748,-36.584,56.268,-46.759,44.513,-17.312,33.508,-30.513,4.47,67.865,-51.628,65.572,-55.157,120.324,92.492,220.551,108.228,-82.963,-125.889,-20.537,-53.773
212,20.423,-21.383,8.629,-19.309,27.356,63.345,-89.244,24.941,-50.307,50.705,3.709,33.581,-29.241,38.965,-0.174,-6.201,9.03,-36.458,63.996,0.198,25.313,-47.991,35.51,-4.608,20.441,-27.902,-13.288,24.036,-20.671,60.475,-66.722,47.437,-17.572,33.516,-24.233,56.733,3.224,20.585,3.695,5.798,101.319,114.704,206.331,44.393,46.713,-164.061,-38.805,-92.036,-9.754,-16.302,-26.638,-7.581,-27.687,20.279,-34.522,39.724,-43.93,44.079,-11.871,75.274,58.252,-62.561,-3.031,11.055,-17.866,-16.668,53.197,-30.098,60.72,-54.355,63.299,1.649,6.331,-41.508,12.922,-8.058,-3.243,-3.551,-59.029,35.748,-36.584,56.268,-46.759,44.513,-17.312,33.508,-30.513,4.47,67.865,-51.628,65.572,-55.157,120.324,92.492,220.551,108.228,-82.963,-125.889,-20.537,-53.773,-66.246
213,-21.383,8.629,-19.309,27.356,63.345,-89.244,24.941,-50.307,50.705,3.709,33.581,-29.241,38.965,-0.174,-6.201,9.03,-36.458,63.996,0.198,25.313,-47.991,35.51,-4.608,20.441,-27.902,-13.288,24.036,-20.671,60.475,-66.722,47.437,-17.572,33.516,-24.233,56.733,3.224,20.585,3.695,5.798,101.319,114.704,206.331,44.393,46.713,-164.061,-38.805,-92.036,-9.754,-16.302,-26.638,-7.581,-27.687,20.279,-34.522,39.724,-43.93,44.079,-11.871,75.274,58.252,-62.561,-3.031,11.055,-17.866,-16.668,53.197,-30.098,60.72,-54.355,63.299,1.649,6.331,-41.508,12.922,-8.058,-3.243,-3.551,-59.029,35.748,-36.584,56.268,-46.759,44.513,-17.312,33.508,-30.513,4.47,67.865,-51.628,65.572,-55.157,120.324,92.492,220.551,108.228,-82.963,-125.889,-20.537,-53.773,-66.246,37.975
214,8.629,-19.309,27.356,63.345,-89.244,24.941,-50.307,50.705,3.709,33.581,-29.241,38.965,-0.174,-6.201,9.03,-36.458,63.996,0.198,25.313,-47.991,35.51,-4.608,20.441,-27.902,-13.288,24.036,-20.671,60.475,-66.722,47.437,-17.572,33.516,-24.233,56.733,3.224,20.585,3.695,5.798,101.319,114.704,206.331,44.393,46.713,-164.061,-38.805,-92.036,-9.754,-16.302,-26.638,-7.581,-27.687,20.279,-34.522,39.724,-43.93,44.079,-11.871,75.274,58.252,-62.561,-3.031,11.055,-17.866,-16.668,53.197,-30.098,60.72,-54.355,63.299,1.649,6.331,-41.508,12.922,-8.058,-3.243,-3.551,-59.029,35.748,-36.584,56.268,-46.759,44.513,-17.312,33.508,-30.513,4.47,67.865,-51.628,65.572,-55.157,120.324,92.492,220.551,108.228,-82.963,-125.889,-20.537,-53.773,-66.246,37.975,-67.984
215,-19.309,27.356,63.345,-89.244,24.941,-50.307,50.705,3.709,33.581,-29.241,38.965,-0.174,-6.201,9.03,-36.458,63.996,0.198,25.313,-47.991,35.51,-4.608,20.441,-27.902,-13.288,24.036,-20.671,60.475,-66.722,47.437,-17.572,33.516,-24.233,56.733,3.224,20.585,3.695,5.798,101.319,114.704,206.331,44.393,46.713,-164.061,-38.805,-92.036,-9.754,-16.302,-26.638,-7.581,-27.687,20.279,-34.522,39.724,-43.93,44.079,-11.871,75.274,58.252,-62.561,-3.031,11.055,-17.866,-16.668,53.197,-30.098,60.72,-54.355,63.299,1.649,6.331,-41.508,12.922,-8.058,-3.243,-3.551,-59.029,35.748,-36.584,56.268,-46.759,44.513,-17.312,33.508,-30.513,4.47,67.865,-51.628,65.572,-55.157,120.324,92.492,220.551,108.228,-82.963,-125.889,-20.537,-53.773,-66.246,37.975,-67.984,22.096
216,27.356,63.345,-89.244,24.941,-50.307,50.705,3.709,33.581,-29.241,38.965,-0.174,-6.201,9.03,-36.458,63.996,0.198,25.313,-47.991,35.51,-4.608,20.441,-27.902,-13.288,24.036,-20.671,60.475,-66.722,47.437,-17.572,33.516,-24.233,56.733,3.224,20.585,3.695,5.798,101.319,114.704,206.331,44.393,46.713,-164.061,-38.805,-92.036,-9.754,-16.302,-26.638,-7.581,-27.687,20.279,-34.522,39.724,-43.93,44.079,-11.871,75.274,58.252,-62.561,-3.031,11.055,-17.866,-16.668,53.197,-30.098,60.72,-54.355,63.299,1.649,6.331,-41.508,12.922,-8.058,-3.243,-3.551,-59.029,35.748,-36.584,56.268,-46.759,44.513,-17.312,33.508,-30.513,4.47,67.865,-51.628,65.572,-55.157,120.324,92.492,220.551,108.228,-82.963,-125.889,-20.537,-53.773,-66.246,37.975,-67.984,22.096,-53.611
217,63.345,-89.244,24.941,-50.307,50.705,3.709,33.581,-29.241,38.965,-0.174,-6.201,9.03,-36.458,63.996,0.198,25.313,-47.991,35.51,-4.608,20.441,-27.902,-13.288,24.036,-20.671,60.475,-66.722,47.437,-17.572,33.516,-24.233,56.733,3.224,20.585,3.695,5.798,101.319,114.704,206.331,44.393,46.713,-164.061,-38.805,-92.036,-9.754,-16.302,-26.638,-7.581,-27.687,20.279,-34.522,39.724,-43.93,44.079,-11.871,75.274,58.252,-62.561,-3.031,11.055,-17.866,-16.668,53.197,-30.098,60.72,-54.355,63.299,1.649,6.331,-41.508,12.922,-8.058,-3.243,-3.551,-59.029,35.748,-36.584,56.268,-46.759,44.513,-17.312,33.508,-30.513,4.47,67.865,-51.628,65.572,-55.157,120.324,92.492,220.551,108.228,-82.963,-125.889,-20.537,-53.773,-66.246,37.975,-67.984,22.096,-53.611,37.868
218,-89.244,24.941,-50.307,50.705,3.709,33.581,-29.241,38.965,-0.174,-6.201,9.03,-36.458,63.996,0.198,25.313,-47.991,35.51,-4.608,20.441,-27.902,-13.288,24.036,-20.671,60.475,-66.722,47.437,-17.572,33.516,-24.233,56.733,3.224,20.585,3.695,5.798,101.319,114.704,206.331,44.393,46.713,-164.061,-38.805,-92.036,-9.754,-16.302,-26.638,-7.581,-27.687,20.279,-34.522,39.724,-43.93,44.079,-11.871,75.274,58.252,-62.561,-3.031,11.055,-17.866,-16.668,53.197,-30.098,60.72,-54.355,63.299,1.649,6.331,-41.508,12.922,-8.058,-3.243,-3.551,-59.029,35.748,-36.584,56.268,-46.759,44.513,-17.312,33.508,-30.513,4.47,67.865,-51.628,65.572,-55.157,120.324,92.492,220.551,108.228,-82.963,-125.889,-20.537,-53.773,-66.246,37.975,-67.984,22.096,-53.611,37.868,-52.195
219,24.941,-50.307,50.705,3.709,33.581,-29.241,38.965,-0.174,-6.201,9.03,-36.458,63.996,0.198,25.313,-47.991,35.51,-4.608,20.441,-27.902,-13.288,24.036,-20.671,60.475,-66.722,47.437,-17.572,33.516,-24.233,56.733,3.224,20.585,3.695,5.798,101.319,114.704,206.331,44.393,46.713,-164.061,-38.805,-92.036,-9.754,-16.302,-26.638,-7.581,-27.687,20.279,-34.522,39.724,-43.93,44.079,-11.871,75.274,58.252,-62.561,-3.031,11.055,-17.866,-16.668,53.197,-30.098,60.72,-54.355,63.299,1.649,6.331,-41.508,12.922,-8.058,-3.243,-3.551,-59.029,35.748,-36.584,56.268,-46.759,44.513,-17.312,33.508,-30.513,4.47,67.865,-51.628,65.572,-55.157,120.324,92.492,220.551,108.228,-82.963,-125.889,-20.537,-53.773,-66.246,37.975,-67.984,22.096,-53.611,37.868,-52.195,37.393
220,-50.307,50.705,3.709,33.581,-29.241,38.965,-0.174,-6.201,9.03,-36.458,63.996,0.198,25.313,-47.991,35.51,-4.608,20.441,-27.902,-13.288,24.036,-20.671,60.475,-66.722,47.437,-17.572,33.516,-24.233,56.733,3.224,20.585,3.695,5.798,101.319,114.704,206.331,44.393,46.713,-164.061,-38.805,-92.036,-9.754,-16.302,-26.638,-7.581,-27.687,20.279,-34.522,39.724,-43.93,44.079,-11.871,75.274,58.252,-62.561,-3.031,11.055,-17.866,-16.668,53.197,-30.098,60.72,-54.355,63.299,1.649,6.331,-41.508,12.922,-8.058,-3.243,-3.551,-59.029,35.748,-36.584,56.268,-46.759,44.513,-17.312,33.508,-30.513,4.47,67.865,-51.628,65.572,-55.157,120.324,92.492,220.551,108.228,-82.963,-125.889,-20.537,-53.773,-66.246,37.975,-67.984,22.096,-53.611,37.868,-52.195,37.393,-42.321
221,50.705,3.709,33.581,-29.241,38.965,-0.174,-6.201,9.03,-36.458,63.996,0.198,25.313,-47.991,35.51,-4.608,20.441,-27.902,-13.288,24.036,-20.671,60.475,-66.722,47.437,-17.572,33.516,-24.233,56.733,3.224,20.585,3.695,5.798,101.319,114.704,206.331,44.393,46.713,-164.061,-38.805,-92.036,-9.754,-16.302,-26.638,-7.581,-27.687,20.279,-34.522,39.724,-43.93,44.079,-11.871,75.274,58.252,-62.561,-3.031,11.055,-17.866,-16.668,53.197,-30.098,60.72,-54.355,63.299,1.649,6.331,-41.508,12.922,-8.058,-3.243,-3.551,-59.029,35.748,-36.584,56.268,-46.759,44.513,-17.312,33.508,-30.513,4.47,67.865,-51.628,65.572,-55.157,120.324,92.492,220.551,108.228,-82.963,-125.889,-20.537,-53.773,-66.246,37.975,-67.984,22.096,-53.611,37.868,-52.195,37.393,-42.321,18.892
222,3.709,33.581,-29.241,38.965,-0.174,-6.201,9.03,-36.458,63.996,0.198,25.313,-47.991,35.51,-4.608,20.441,-27.902,-13.288,24.036,-20.671,60.475,-66.722,47.437,-17.572,33.516,-24.233,56.733,3.224,20.585,3.695,5.798,101.319,114.704,206.331,44.393,46.713,-164.061,-38.805,-92.036,-9.754,-16.302,-26.638,-7.581,-27.687,20.279,-34.522,39.724,-43.93,44.079,-11.871,75.274,58.252,-62.561,-3.031,11.055,-17.866,-16.668,53.197,-30.098,60.72,-54.355,63.299,1.649,6.331,-41.508,12.922,-8.058,-3.243,-3.551,-59.029,35.748,-36.584,56.268,-46.759,44.513,-17.312,33.508,-30.513,4.47,67.865,-51.628,65.572,-55.157,120.324,92.492,220.551,108.228,-82.963,-125.889,-20.537,-53.773,-66.246,37.975,-67.984,22.096,-53.611,37.868,-52.195,37.393,-42.321,18.892,42.099
223,33.581,-29.241,38.965,-0.174,-6.201,9.03,-36.458,63.996,0.198,25.313,-47.991,35.51,-4.608,20.441,-27.902,-13.288,24.036,-20.671,60.475,-66.722,47.437,-17.572,33.516,-24.233,56.733,3.224,20.585,3.695,5.798,101.319,114.704,206.331,44.393,46.713,-164.061,-38.805,-92.036,-9.754,-16.302,-26.638,-7.581,-27.687,20.279,-34.522,39.724,-43.93,44.079,-11.871,75.274,58.252,-62.561,-3.031,11.055,-17.866,-16.668,53.197,-30.098,60.72,-54.355,63.299,1.649,6.331,-41.508,12.922,-8.058,-3.243,-3.551,-59.029,35.748,-36.584,56.268,-46.759,44.513,-17.312,33.508,-30.513,4.47,67.865,-51.628,65.572,-55.157,120.324,92.492,220.551,108.228,-82.963,-125.889,-20.537,-53.773,-66.246,37.975,-67.984,22.096,-53.611,37.868,-52.195,37.393,-42.321,18.892,42.099,74.894
224,-29.241,38.965,-0.174,-6.201,9.03,-36.458,63.996,0.198,25.313,-47.991,35.51,-4.608,20.441,-27.902,-13.288,24.036,-20.671,60.475,-66.722,47.437,-17.572,33.516,-24.233,56.733,3.224,20.585,3.695,5.798,101.319,114.704,206.331,44.393,46.713,-164.061,-38.805,-92.036,-9.754,-16.302,-26.638,-7.581,-27.687,20.279,-34.522,39.724,-43.93,44.079,-11.871,75.274,58.252,-62.561,-3.031,11.055,-17.866,-16.668,53.197,-30.098,60.72,-54.355,63.299,1.649,6.331,-41.508,12.922,-8.058,-3.243,-3.551,-59.029,35.748,-36.584,56.268,-46.759,44.513,-17.312,33.508,-30.513,4.47,67.865,-51.628,65.572,-55.157,120.324,92.492,220.551,108.228,-82.963,-125.889,-20.537,-53.773,-66.246,37.975,-67.984,22.096,-53.611,37.868,-52.195,37.393,-42.321,18.892,42.099,74.894,-145.591
225,38.965,-0.174,-6.201,9.03,-36.458,63.996,0.198,25.313,-47.991,35.51,-4.608,20.441,-27.902,-13.288,24.036,-20.671,60.475,-66.722,47.437,-17.572,33.516,-24.233,56.733,3.224,20.585,3.695,5.798,101.319,114.704,206.331,44.393,46.713,-164.061,-38.805,-92.036,-9.754,-16.302,-26.638,-7.581,-27.687,20.279,-34.522,39.724,-43.93,44.079,-11.871,75.274,58.252,-62.561,-3.031,11.055,-17.866,-16.668,53.197,-30.098,60.72,-54.355,63.299,1.649,6.331,-41.508,12.922,-8.058,-3.243,-3.551,-59.029,35.748,-36.584,56.268,-46.759,44.513,-17.312,33.508,-30.513,4.47,67.865,-51.628,65.572,-55.157,120.324,92.492,220.551,108.228,-82.963,-125.889,-20.537,-53.773,-66.246,37.975,-67.984,22.096,-53.611,37.868,-52.195,37.393,-42.321,18.892,42.099,74.894,-145.591,7.704
226,-0.174,-6.201,9.03,-36.458,63.996,0.198,25.313,-47.991,35.51,-4.608,20.441,-27.902,-13.288,24.036,-20.671,60.475,-66.722,47.437,-17.572,33.516,-24.233,56.733,3.224,20.585,3.695,5.798,101.319,114.704,206.331,44.393,46.713,-164.061,-38.805,-92.036,-9.754,-16.302,-26.638,-7.581,-27.687,20.279,-34.522,39.724,-43.93,44.079,-11.871,75.274,58.252,-62.561,-3.031,11.055,-17.866,-16.668,53.197,-30.098,60.72,-54.355,63.299,1.649,6.331,-41.508,12.922,-8.058,-3.243,-3.551,-59.029,35.748,-36.584,56.268,-46.759,44.513,-17.312,33.508,-30.513,4.47,67.865,-51.628,65.572,-55.157,120.324,92.492,220.551,108.228,-82.963,-125.889,-20.537,-53.773,-66.246,37.975,-67.984,22.096,-53.611,37.868,-52.195,37.393,-42.321,18.892,42.099,74.894,-145.591,7.704,30.25
227,-6.201,9.03,-36.458,63.996,0.198,25.313,-47.991,35.51,-4.608,20.441,-27.902,-13.288,24.036,-20.671,60.475,-66.722,47.437,-17.572,33.516,-24.233,56.733,3.224,20.585,3.695,5.798,101.319,114.704,206.331,44.393,46.713,-164.061,-38.805,-92.036,-9.754,-16.302,-26.638,-7.581,-27.687,20.279,-34.522,39.724,-43.93,44.079,-11.871,75.274,58.252,-62.561,-3.031,11.055,-17.866,-16.668,53.197,-30.098,60.72,-54.355,63.299,1.649,6.331,-41.508,12.922,-8.058,-3.243,-3.551,-59.029,35.748,-36.584,56.268,-46.759,44.513,-17.312,33.508,-30.513,4.47,67.865,-51.628,65.572,-55.157,120.324,92.492,220.551,108.228,-82.963,-125.889,-20.537,-53.773,-66.246,37.975,-67.984,22.096,-53.611,37.868,-52.195,37.393,-42.321,18.892,42.099,74.894,-145.591,7.704,30.25,13.739
228,9.03,-36.458,63.996,0.198,25.313,-47.991,35.51,-4.608,20.441,-27.902,-13.288,24.036,-20.671,60.475,-66.722,47.437,-17.572,33.516,-24.233,56.733,3.224,20.585,3.695,5.798,101.319,114.704,206.331,44.393,46.713,-164.061,-38.805,-92.036,-9.754,-16.302,-26.638,-7.581,-27.687,20.279,-34.522,39.724,-43.93,44.079,-11.871,75.274,58.252,-62.561,-3.031,11.055,-17.866,-16.668,53.197,-30.098,60.72,-54.355,63.299,1.649,6.331,-41.508,12.922,-8.058,-3.243,-3.551,-59.029,35.748,-36.584,56.268,-46.759,44.513,-17.312,33.508,-30.513,4.47,67.865,-51.628,65.572,-55.157,120.324,92.492,220.551,108.228,-82.963,-125.889,-20.537,-53.773,-66.246,37.975,-67.984,22.096,-53.611,37.868,-52.195,37.393,-42.321,18.892,42.099,74.894,-145.591,7.704,30.25,13.739,4.38
229,-36.458,63.996,0.198,25.313,-47.991,35.51,-4.608,20.441,-27.902,-13.288,24.036,-20.671,60.475,-66.722,47.437,-17.572,33.516,-24.233,56.733,3.224,20.585,3.695,5.798,101.319,114.704,206.331,44.393,46.713,-164.061,-38.805,-92.036,-9.754,-16.302,-26.638,-7.581,-27.687,20.279,-34.522,39.724,-43.93,44.079,-11.871,75.274,58.252,-62.561,-3.031,11.055,-17.866,-16.668,53.197,-30.098,60.72,-54.355,63.299,1.649,6.331,-41.508,12.922,-8.058,-3.243,-3.551,-59.029,35.748,-36.584,56.268,-46.759,44.513,-17.312,33.508,-30.513,4.47,67.865,-51.628,65.572,-55.157,120.324,92.492,220.551,108.228,-82.963,-125.889,-20.537,-53.773,-66.246,37.975,-67.984,22.096,-53.611,37.868,-52.195,37.393,-42.321,18.892,42.099,74.894,-145.591,7.704,30.25,13.739,4.38,-48.877
230,63.996,0.198,25.313,-47.991,35.51,-4.608,20.441,-27.902,-13.288,24.036,-20.671,60.475,-66.722,47.437,-17.572,33.516,-24.233,56.733,3.224,20.585,3.695,5.798,101.319,114.704,206.331,44.393,46.713,-164.061,-38.805,-92.036,-9.754,-16.302,-26.638,-7.581,-27.687,20.279,-34.522,39.724,-43.93,44.079,-11.871,75.274,58.252,-62.561,-3.031,11.055,-17.866,-16.668,53.197,-30.098,60.72,-54.355,63.299,1.649,6.331,-41.508,12.922,-8.058,-3.243,-3.551,-59.029,35.748,-36.584,56.268,-46.759,44.513,-17.312,33.508,-30.513,4.47,67.865,-51.628,65.572,-55.157,120.324,92.492,220.551,108.228,-82.963,-125.889,-20.537,-53.773,-66.246,37.975,-67.984,22.096,-53.611,37.868,-52.195,37.393,-42.321,18.892,42.099,74.894,-145.591,7.704,30.25,13.739,4.38,-48.877,65.757
231,0.198,25.313,-47.991,35.51,-4.608,20.441,-27.902,-13.288,24.036,-20.671,60.475,-66.722,47.437,-17.572,33.516,-24.233,56.733,3.224,20.585,3.695,5.798,101.319,114.704,206.331,44.393,46.713,-164.061,-38.805,-92.036,-9.754,-16.302,-26.638,-7.581,-27.687,20.279,-34.522,39.724,-43.93,44.079,-11.871,75.274,58.252,-62.561,-3.031,11.055,-17.866,-16.668,53.197,-30.098,60.72,-54.355,63.299,1.649,6.331,-41.508,12.922,-8.058,-3.243,-3.551,-59.029,35.748,-36.584,56.268,-46.759,44.513,-17.312,33.508,-30.513,4.47,67.865,-51.628,65.572,-55.157,120.324,92.492,220.551,108.228,-82.963,-125.889,-20.537,-53.773,-66.246,37.975,-67.984,22.096,-53.611,37.868,-52.195,37.393,-42.321,18.892,42.099,74.894,-145.591,7.704,30.25,13.739,4.38,-48.877,65.757,-43.405
232,25.313,-47.991,35.51,-4.608,20.441,-27.902,-13.288,24.036,-20.671,60.475,-66.722,47.437,-17.572,33.516,-24.233,56.733,3.224,20.585,3.695,5.798,101.319,114.704,206.331,44.393,46.713,-164.061,-38.805,-92.036,-9.754,-16.302,-26.638,-7.581,-27.687,20.279,-34.522,39.724,-43.93,44.079,-11.871,75.274,58.252,-62.561,-3.031,11.055,-17.866,-16.668,53.197,-30.098,60.72,-54.355,63.299,1.649,6.331,-41.508,12.922,-8.058,-3.243,-3.551,-59.029,35.748,-36.584,56.268,-46.759,44.513,-17.312,33.508,-30.513,4.47,67.865,-51.628,65.572,-55.157,120.324,92.492,220.551,108.228,-82.963,-125.889,-20.537,-53.773,-66.246,37.975,-67.984,22.096,-53.611,37.868,-52.195,37.393,-42.321,18.892,42.099,74.894,-145.591,7.704,30.25,13.739,4.38,-48.877,65.757,-43.405,41.818
233,-47.991,35.51,-4.608,20.441,-27.902,-13.288,24.036,-20.671,60.475,-66.722,47.437,-17.572,33.516,-24.233,56.733,3.224,20.585,3.695,5.798,101.319,114.704,206.331,44.393,46.713,-164.061,-38.805,-92.036,-9.754,-16.302,-26.638,-7.581,-27.687,20.279,-34.522,39.724,-43.93,44.079,-11.871,75.274,58.252,-62.561,-3.031,11.055,-17.866,-16.668,53.197,-30.098,60.72,-54.355,63.299,1.649,6.331,-41.508,12.922,-8.058,-3.243,-3.551,-59.029,35.748,-36.584,56.268,-46.759,44.513,-17.312,33.508,-30.513,4.47,67.865,-51.628,65.572,-55.157,120.324,92.492,220.551,108.228,-82.963,-125.889,-20.537,-53.773,-66.246,37.975,-67.984,22.096,-53.611,37.868,-52.195,37.393,-42.321,18.892,42.099,74.894,-145.591,7.704,30.25,13.739,4.38,-48.877,65.757,-43.405,41.818,-51.581
234,35.51,-4.608,20.441,-27.902,-13.288,24.036,-20.671,60.475,-66.722,47.437,-17.572,33.516,-24.233,56.733,3.224,20.585,3.695,5.798,101.319,114.704,206.331,44.393,46.713,-164.061,-38.805,-92.036,-9.754,-16.302,-26.638,-7.581,-27.687,20.279,-34.522,39.724,-43.93,44.079,-11.871,75.274,58.252,-62.561,-3.031,11.055,-17.866,-16.668,53.197,-30.098,60.72,-54.355,63.299,1.649,6.331,-41.508,12.922,-8.058,-3.243,-3.551,-59.029,35.748,-36.584,56.268,-46.759,44.513,-17.312,33.508,-30.513,4.47,67.865,-51.628,65.572,-55.157,120.324,92.492,220.551,108.228,-82.963,-125.889,-20.537,-53.773,-66.246,37.975,-67.984,22.096,-53.611,37.868,-52.195,37.393,-42.321,18.892,42.099,74.894,-145.591,7.704,30.25,13.739,4.38,-48.877,65.757,-43.405,41.818,-51.581,55.053
235,-4.608,20.441,-27.902,-13.288,24.036,-20.671,60.475,-66.722,47.437,-17.572,33.516,-24.233,56.733,3.224,20.585,3.695,5.798,101.319,114.704,206.331,44.393,46.713,-164.061,-38.805,-92.036,-9.754,-16.302,-26.638,-7.581,-27.687,20.279,-34.522,39.724,-43.93,44.079,-11.871,75.274,58.252,-62.561,-3.031,11.055,-17.866,-16.668,53.197,-30.098,60.72,-54.355,63.299,1.649,6.331,-41.508,12.922,-8.058,-3.243,-3.551,-59.029,35.748,-36.584,56.268,-46.759,44.513,-17.312,33.508,-30.513,4.47,67.865,-51.628,65.572,-55.157,120.324,92.492,220.551,108.228,-82.963,-125.889,-20.537,-53.773,-66.246,37.975,-67.984,22.096,-53.611,37.868,-52.195,37.393,-42.321,18.892,42.099,74.894,-145.591,7.704,30.25,13.739,4.38,-48.877,65.757,-43.405,41.818,-51.581,55.053,24.493
236,20.441,-27.902,-13.288,24.036,-20.671,60.475,-66.722,47.437,-17.572,33.516,-24.233,56.733,3.224,20.585,3.695,5.798,101.319,114.704,206.331,44.393,46.713,-164.061,-38.805,-92.036,-9.754,-16.302,-26.638,-7.581,-27.687,20.279,-34.522,39.724,-43.93,44.079,-11.871,75.274,58.252,-62.561,-3.031,11.055,-17.866,-16.668,53.197,-30.098,60.72,-54.355,63.299,1.649,6.331,-41.508,12.922,-8.058,-3.243,-3.551,-59.029,35.748,-36.584,56.268,-46.759,44.513,-17.312,33.508,-30.513,4.47,67.865,-51.628,65.572,-55.157,120.324,92.492,220.551,108.228,-82.963,-125.889,-20.537,-53.773,-66.246,37.975,-67.984,22.096,-53.611,37.868,-52.195,37.393,-42.321,18.892,42.099,74.894,-145.591,7.704,30.25,13.739,4.38,-48.877,65.757,-43.405,41.818,-51.581,55.053,24.493,20.924
237,-27.902,-13.288,24.036,-20.671,60.475,-66.722,47.437,-17.572,33.516,-24.233,56.733,3.224,20.585,3.695,5.798,101.319,114.704,206.331,44.393,46.713,-164.061,-38.805,-92.036,-9.754,-16.302,-26.638,-7.581,-27.687,20.279,-34.522,39.724,-43.93,44.079,-11.871,75.274,58.252,-62.561,-3.031,11.055,-17.866,-16.668,53.197,-30.098,60.72,-54.355,63.299,1.649,6.331,-41.508,12.922,-8.058,-3.243,-3.551,-59.029,35.748,-36.584,56.268,-46.759,44.513,-17.312,33.508,-30.513,4.47,67.865,-51.628,65.572,-55.157,120.324,92.492,220.551,108.228,-82.963,-125.889,-20.537,-53.773,-66.246,37.975,-67.984,22.096,-53.611,37.868,-52.195,37.393,-42.321,18.892,42.099,74.894,-145.591,7.704,30.25,13.739,4.38,-48.877,65.757,-43.405,41.818,-51.581,55.053,24.493,20.924,-42.344
238,-13.288,24.036,-20.671,60.475,-66.722,47.437,-17.572,33.516,-24.233,56.733,3.224,20.585,3.695,5.798,101.319,114.704,206.331,44.393,46.713,-164.061,-38.805,-92.036,-9.754,-16.302,-26.638,-7.581,-27.687,20.279,-34.522,39.724,-43.93,44.079,-11.871,75.274,58.252,-62.561,-3.031,11.055,-17.866,-16.668,53.197,-30.098,60.72,-54.355,63.299,1.649,6.331,-41.508,12.922,-8.058,-3.243,-3.551,-59.029,35.748,-36.584,56.268,-46.759,44.513,-17.312,33.508,-30.513,4.47,67.865,-51.628,65.572,-55.157,120.324,92.492,220.551,108.228,-82.963,-125.889,-20.537,-53.773,-66.246,37.975,-67.984,22.096,-53.611,37.868,-52.195,37.393,-42.321,18.892,42.099,74.894,-145.591,7.704,30.25,13.739,4.38,-48.877,65.757,-43.405,41.818,-51.581,55.053,24.493,20.924,-42.344,-12.168
239,24.036,-20.671,60.475,-66.722,47.437,-17.572,33.516,-24.233,56.733,3.224,20.585,3.695,5.798,101.319,114.704,206.331,44.393,46.713,-164.061,-38.805,-92.036,-9.754,-16.302,-26.638,-7.581,-27.687,20.279,-34.522,39.724,-43.93,44.079,-11.871,75.274,58.252,-62.561,-3.031,11.055,-17.866,-16.668,53.197,-30.098,60.72,-54.355,63.299,1.649,6.331,-41.508,12.922,-8.058,-3.243,-3.551,-59.029,35.748,-36.584,56.268,-46.759,44.513,-17.312,33.508,-30.513,4.47,67.865,-51.628,65.572,-55.157,120.324,92.492,220.551,108.228,-82.963,-125.889,-20.537,-53.773,-66.246,37.975,-67.984,22.096,-53.611,37.868,-52.195,37.393,-42.321,18.892,42.099,74.894,-145.591,7.704,30.25,13.739,4.38,-48.877,65.757,-43.405,41.818,-51.581,55.053,24.493,20.924,-42.344,-12.168,14.169
240,-20.671,60.475,-66.722,47.437,-17.572,33.516,-24.233,56.733,3.224,20.585,3.695,5.798,101.319,114.704,206.331,44.393,46.713,-164.061,-38.805,-92.036,-9.754,-16.302,-26.638,-7.581,-27.687,20.279,-34.522,39.724,-43.93,44.079,-11.871,75.274,58.252,-62.561,-3.031,11.055,-17.866,-16.668,53.197,-30.098,60.72,-54.355,63.299,1.649,6.331,-41.508,12.922,-8.058,-3.243,-3.551,-59.029,35.748,-36.584,56.268,-46.759,44.513,-17.312,33.508,-30.513,4.47,67.865,-51.628,65.572,-55.157,120.324,92.492,220.551,108.228,-82.963,-125.889,-20.537,-53.773,-66.246,37.975,-67.984,22.096,-53.611,37.868,-52.195,37.393,-42.321,18.892,42.099,74.894,-145.591,7.704,30.25,13.739,4.38,-48.877,65.757,-43.405,41.818,-51.581,55.053,24.493,20.924,-42.344,-12.168,14.169,-20.857
241,60.475,-66.722,47.437,-17.572,33.516,-24.233,56.733,3.224,20.585,3.695,5.798,101.319,114.704,206.331,44.393,46.713,-164.061,-38.805,-92.036,-9.754,-16.302,-26.638,-7.581,-27.687,20.279,-34.522,39.724,-43.93,44.079,-11.871,75.274,58.252,-62.561,-3.031,11.055,-17.866,-16.668,53.197,-30.098,60.72,-54.355,63.299,1.649,6.331,-41.508,12.922,-8.058,-3.243,-3.551,-59.029,35.748,-36.584,56.268,-46.759,44.513,-17.312,33.508,-30.513,4.47,67.865,-51.628,65.572,-55.157,120.324,92.492,220.551,108.228,-82.963,-125.889,-20.537,-53.773,-66.246,37.975,-67.984,22.096,-53.611,37.868,-52.195,37.393,-42.321,18.892,42.099,74.894,-145.591,7.704,30.25,13.739,4.38,-48.877,65.757,-43.405,41.818,-51.581,55.053,24.493,20.924,-42.344,-12.168,14.169,-20.857,27.513
242,-66.722,47.437,-17.572,33.516,-24.233,56.733,3.224,20.585,3.695,5.798,101.319,114.704,206.331,44.393,46.713,-164.061,-38.805,-92.036,-9.754,-16.302,-26.638,-7.581,-27.687,20.279,-34.522,39.724,-43.93,44.079,-11.871,75.274,58.252,-62.561,-3.031,11.055,-17.866,-16.668,53.197,-30.098,60.72,-54.355,63.299,1.649,6.331,-41.508,12.922,-8.058,-3.243,-3.551,-59.029,35.748,-36.584,56.268,-46.759,44.513,-17.312,33.508,-30.513,4.47,67.865,-51.628,65.572,-55.157,120.324,92.492,220.551,108.228,-82.963,-125.889,-20.537,-53.773,-66.246,37.975,-67.984,22.096,-53.611,37.868,-52.195,37.393,-42.321,18.892,42.099,74.894,-145.591,7.704,30.25,13.739,4.38,-48.877,65.757,-43.405,41.818,-51.581,55.053,24.493,20.924,-42.344,-12.168,14.169,-20.857,27.513,-74.367
243,47.437,-17.572,33.516,-24.233,56.733,3.224,20.585,3.695,5.798,101.319,114.704,206.331,44.393,46.713,-164.061,-38.805,-92.036,-9.754,-16.302,-26.638,-7.581,-27.687,20.279,-34.522,39.724,-43.93,44.079,-11.871,75.274,58.252,-62.561,-3.031,11.055,-17.866,-16.668,53.197,-30.098,60.72,-54.355,63.299,1.649,6.331,-41.508,12.922,-8.058,-3.243,-3.551,-59.029,35.748,-36.584,56.268,-46.759,44.513,-17.312,33.508,-30.513,4.47,67.865,-51.628,65.572,-55.157,120.324,92.492,220.551,108.228,-82.963,-125.889,-20.537,-53.773,-66.246,37.975,-67.984,22.096,-53.611,37.868,-52.195,37.393,-42.321,18.892,42.099,74.894,-145.591,7.704,30.25,13.739,4.38,-48.877,65.757,-43.405,41.818,-51.581,55.053,24.493,20.924,-42.344,-12.168,14.169,-20.857,27.513,-74.367,44.935
244,-17.572,33.516,-24.233,56.733,3.224,20.585,3.695,5.798,101.319,114.704,206.331,44.393,46.713,-164.061,-38.805,-92.036,-9.754,-16.302,-26.638,-7.581,-27.687,20.279,-34.522,39.724,-43.93,44.079,-11.871,75.274,58.252,-62.561,-3.031,11.055,-17.866,-16.668,53.197,-30.098,60.72,-54.355,63.299,1.649,6.331,-41.508,12.922,-8.058,-3.243,-3.551,-59.029,35.748,-36.584,56.268,-46.759,44.513,-17.312,33.508,-30.513,4.47,67.865,-51.628,65.572,-55.157,120.324,92.492,220.551,108.228,-82.963,-125.889,-20.537,-53.773,-66.246,37.975,-67.984,22.096,-53.611,37.868,-52.195,37.393,-42.321,18.892,42.099,74.894,-145.591,7.704,30.25,13.739,4.38,-48.877,65.757,-43.405,41.818,-51.581,55.053,24.493,20.924,-42.344,-12.168,14.169,-20.857,27.513,-74.367,44.935,-27.563
245,33.516,-24.233,56.733,3.224,20.585,3.695,5.798,101.319,114.704,206.331,44.393,46.713,-164.061,-38.805,-92.036,-9.754,-16.302,-26.638,-7.581,-27.687,20.279,-34.522,39.724,-43.93,44.079,-11.871,75.274,58.252,-62.561,-3.031,11.055,-17.866,-16.668,53.197,-30.098,60.72,-54.355,63.299,1.649,6.331,-41.508,12.922,-8.058,-3.243,-3.551,-59.029,35.748,-36.584,56.268,-46.759,44.513,-17.312,33.508,-30.513,4.47,67.865,-51.628,65.572,-55.157,120.324,92.492,220.551,108.228,-82.963,-125.889,-20.537,-53.773,-66.246,37.975,-67.984,22.096,-53.611,37.868,-52.195,37.393,-42.321,18.892,42.099,74.894,-145.591,7.704,30.25,13.739,4.38,-48.877,65.757,-43.405,41.818,-51.581,55.053,24.493,20.924,-42.344,-12.168,14.169,-20.857,27.513,-74.367,44.935,-27.563,57.876
246,-24.233,56.733,3.224,20.585,3.695,5.798,101.319,114.704,206.331,44.393,46.713,-164.061,-38.805,-92.036,-9.754,-16.302,-26.638,-7.581,-27.687,20.279,-34.522,39.724,-43.93,44.079,-11.871,75.274,58.252,-62.561,-3.031,11.055,-17.866,-16.668,53.197,-30.098,60.72,-54.355,63.299,1.649,6.331,-41.508,12.922,-8.058,-3.243,-3.551,-59.029,35.748,-36.584,56.268,-46.759,44.513,-17.312,33.508,-30.513,4.47,67.865,-51.628,65.572,-55.157,120.324,92.492,220.551,108.228,-82.963,-125.889,-20.537,-53.773,-66.246,37.975,-67.984,22.096,-53.611,37.868,-52.195,37.393,-42.321,18.892,42.099,74.894,-145.591,7.704,30.25,13.739,4.38,-48.877,65.757,-43.405,41.818,-51.581,55.053,24.493,20.924,-42.344,-12.168,14.169,-20.857,27.513,-74.367,44.935,-27.563,57.876,-40.75
247,56.733,3.224,20.585,3.695,5.798,101.319,114.704,206.331,44.393,46.713,-164.061,-38.805,-92.036,-9.754,-16.302,-26.638,-7.581,-27.687,20.279,-34.522,39.724,-43.93,44.079,-11.871,75.274,58.252,-62.561,-3.031,11.055,-17.866,-16.668,53.197,-30.098,60.72,-54.355,63.299,1.649,6.331,-41.508,12.922,-8.058,-3.243,-3.551,-59.029,35.748,-36.584,56.268,-46.759,44.513,-17.312,33.508,-30.513,4.47,67.865,-51.628,65.572,-55.157,120.324,92.492,220.551,108.228,-82.963,-125.889,-20.537,-53.773,-66.246,37.975,-67.984,22.096,-53.611,37.868,-52.195,37.393,-42.321,18.892,42.099,74.894,-145.591,7.704,30.25,13.739,4.38,-48.877,65.757,-43.405,41.818,-51.581,55.053,24.493,20.924,-42.344,-12.168,14.169,-20.857,27.513,-74.367,44.935,-27.563,57.876,-40.75,42.678
248,3.224,20.585,3.695,5.798,101.319,114.704,206.331,44.393,46.713,-164.061,-38.805,-92.036,-9.754,-16.302,-26.638,-7.581,-27.687,20.279,-34.522,39.724,-43.93,44.079,-11.871,75.274,58.252,-62.561,-3.031,11.055,-17.866,-16.668,53.197,-30.098,60.72,-54.355,63.299,1.649,6.331,-41.508,12.922,-8.058,-3.243,-3.551,-59.029,35.748,-36.584,56.268,-46.759,44.513,-17.312,33.508,-30.513,4.47,67.865,-51.628,65.572,-55.157,120.324,92.492,220.551,108.228,-82.963,-125.889,-20.537,-53.773,-66.246,37.975,-67.984,22.096,-53.611,37.868,-52.195,37.393,-42.321,18.892,42.099,74.894,-145.591,7.704,30.25,13.739,4.38,-48.877,65.757,-43.405,41.818,-51.581,55.053,24.493,20.924,-42.344,-12.168,14.169,-20.857,27.513,-74.367,44.935,-27.563,57.876,-40.75,42.678,-10.098
249,20.585,3.695,5.798,101.319,114.704,206.331,44.393,46.713,-164.061,-38.805,-92.036,-9.754,-16.302,-26.638,-7.581,-27.687,20.279,-34.522,39.724,-43.93,44.079,-11.871,75.274,58.252,-62.561,-3.031,11.055,-17.866,-16.668,53.197,-30.098,60.72,-54.355,63.299,1.649,6.331,-41.508,12.922,-8.058,-3.243,-3.551,-59.029,35.748,-36.584,56.268,-46.759,44.513,-17.312,33.508,-30.513,4.47,67.865,-51.628,65.572,-55.157,120.324,92.492,220.551,108.228,-82.963,-125.889,-20.537,-53.773,-66.246,37.975,-67.984,22.096,-53.611,37.868,-52.195,37.393,-42.321,18.892,42.099,74.894,-145.591,7.704,30.25,13.739,4.38,-48.877,65.757,-43.405,41.818,-51.581,55.053,24.493,20.924,-42.344,-12.168,14.169,-20.857,27.513,-74.367,44.935,-27.563,57.876,-40.75,42.678,-10.098,25.085
250,3.695,5.798,101.319,114.704,206.331,44.393,46.713,-164.061,-38.805,-92.036,-9.754,-16.302,-26.638,-7.581,-27.687,20.279,-34.522,39.724,-43.93,44.079,-11.871,75.274,58.252,-62.561,-3.031,11.055,-17.866,-16.668,53.197,-30.098,60.72,-54.355,63.299,1.649,6.331,-41.508,12.922,-8.058,-3.243,-3.551,-59.029,35.748,-36.584,56.268,-46.759,44.513,-17.312,33.508,-30.513,4.47,67.865,-51.628,65.572,-55.157,120.324,92.492,220.551,108.228,-82.963,-125.889,-20.537,-53.773,-66.246,37.975,-67.984,22.096,-53.611,37.868,-52.195,37.393,-42.321,18.892,42.099,74.894,-145.591,7.704,30.25,13.739,4.38,-48.877,65.757,-43.405,41.818,-51.581,55.053,24.493,20.924,-42.344,-12.168,14.169,-20.857,27.513,-74.367,44.935,-27.563,57.876,-40.75,42.678,-10.098,25.085,-24.877
251,5.798,101.319,114.704,206.331,44.393,46.713,-164.061,-38.805,-92.036,-9.754,-16.302,-26.638,-7.581,-27.687,20.279,-34.522,39.724,-43.93,44.079,-11.871,75.274,58.252,-62.561,-3.031,11.055,-17.866,-16.668,53.197,-30.098,60.72,-54.355,63.299,1.649,6.331,-41.508,12.922,-8.058,-3.243,-3.551,-59.029,35.748,-36.584,56.268,-46.759,44.513,-17.312,33.508,-30.513,4.47,67.865,-51.628,65.572,-55.157,120.324,92.492,220.551,108.228,-82.963,-125.889,-20.537,-53.773,-66.246,37.975,-67.984,22.096,-53.611,37.868,-52.195,37.393,-42.321,18.892,42.099,74.894,-145.591,7.704,30.25,13.739,4.38,-48.877,65.757,-43.405,41.818,-51.581,55.053,24.493,20.924,-42.344,-12.168,14.169,-20.857,27.513,-74.367,44.935,-27.563,57.876,-40.75,42.678,-10.098,25.085,-24.877,-33.485
252,101.319,114.704,206.331,44.393,46.713,-164.061,-38.805,-92.036,-9.754,-16.302,-26.638,-7.581,-27.687,20.279,-34.522,39.724,-43.93,44.079,-11.871,75.274,58.252,-62.561,-3.031,11.055,-17.866,-16.668,53.197,-30.098,60.72,-54.355,63.299,1.649,6.331,-41.508,12.922,-8.058,-3.243,-3.551,-59.029,35.748,-36.584,56.268,-46.759,44.513,-17.312,33.508,-30.513,4.47,67.865,-51.628,65.572,-55.157,120.324,92.492,220.551,108.228,-82.963,-125.889,-20.537,-53.773,-66.246,37.975,-67.984,22.096,-53.611,37.868,-52.195,37.393,-42.321,18.892,42.099,74.894,-145.591,7.704,30.25,13.739,4.38,-48.877,65.757,-43.405,41.818,-51.581,55.053,24.493,20.924,-42.344,-12.168,14.169,-20.857,27.513,-74.367,44.935,-27.563,57.876,-40.75,42.678,-10.098,25.085,-24.877,-33.485,86.05
253,114.704,206.331,44.393,46.713,-164.061,-38.805,-92.036,-9.754,-16.302,-26.638,-7.581,-27.687,20.279,-34.522,39.724,-43.93,44.079,-11.871,75.274,58.252,-62.561,-3.031,11.055,-17.866,-16.668,53.197,-30.098,60.72,-54.355,63.299,1.649,6.331,-41.508,12.922,-8.058,-3.243,-3.551,-59.029,35.748,-36.584,56.268,-46.759,44.513,-17.312,33.508,-30.513,4.47,67.865,-51.628,65.572,-55.157,120.324,92.492,220.551,108.228,-82.963,-125.889,-20.537,-53.773,-66.246,37.975,-67.984,22.096,-53.611,37.868,-52.195,37.393,-42.321,18.892,42.099,74.894,-145.591,7.704,30.25,13.739,4.38,-48.877,65.757,-43.405,41.818,-51.581,55.053,24.493,20.924,-42.344,-12.168,14.169,-20.857,27.513,-74.367,44.935,-27.563,57.876,-40.75,42.678,-10.098,25.085,-24.877,-33.485,86.05,-49.292
254,206.331,44.393,46.713,-164.061,-38.805,-92.036,-9.754,-16.302,-26.638,-7.581,-27.687,20.279,-34.522,39.724,-43.93,44.079,-11.871,75.274,58.252,-62.561,-3.031,11.055,-17.866,-16.668,53.197,-30.098,60.72,-54.355,63.299,1.649,6.331,-41.508,12.922,-8.058,-3.243,-3.551,-59.029,35.748,-36.584,56.268,-46.759,44.513,-17.312,33.508,-30.513,4.47,67.865,-51.628,65.572,-55.157,120.324,92.492,220.551,108.228,-82.963,-125.889,-20.537,-53.773,-66.246,37.975,-67.984,22.096,-53.611,37.868,-52.195,37.393,-42.321,18.892,42.099,74.894,-145.591,7.704,30.25,13.739,4.38,-48.877,65.757,-43.405,41.818,-51.581,55.053,24.493,20.924,-42.344,-12.168,14.169,-20.857,27.513,-74.367,44.935,-27.563,57.876,-40.75,42.678,-10.098,25.085,-24.877,-33.485,86.05,-49.292,67.345
255,44.393,46.713,-164.061,-38.805,-92.036,-9.754,-16.302,-26.638,-7.581,-27.687,20.279,-34.522,39.724,-43.93,44.079,-11.871,75.274,58.252,-62.561,-3.031,11.055,-17.866,-16.668,53.197,-30.098,60.72,-54.355,63.299,1.649,6.331,-41.508,12.922,-8.058,-3.243,-3.551,-59.029,35.748,-36.584,56.268,-46.759,44.513,-17.312,33.508,-30.513,4.47,67.865,-51.628,65.572,-55.157,120.324,92.492,220.551,108.228,-82.963,-125.889,-20.537,-53.773,-66.246,37.975,-67.984,22.096,-53.611,37.868,-52.195,37.393,-42.321,18.892,42.099,74.894,-145.591,7.704,30.25,13.739,4.38,-48.877,65.757,-43.405,41.818,-51.581,55.053,24.493,20.924,-42.344,-12.168,14.169,-20.857,27.513,-74.367,44.935,-27.563,57.876,-40.75,42.678,-10.098,25.085,-24.877,-33.485,86.05,-49.292,67.345,-43.463
256,46.713,-164.061,-38.805,-92.036,-9.754,-16.302,-26.638,-7.581,-27.687,20.279,-34.522,39.724,-43.93,44.079,-11.871,75.274,58.252,-62.561,-3.031,11.055,-17.866,-16.668,53.197,-30.098,60.72,-54.355,63.299,1.649,6.331,-41.508,12.922,-8.058,-3.243,-3.551,-59.029,35.748,-36.584,56.268,-46.759,44.513,-17.312,33.508,-30.513,4.47,67.865,-51.628,65.572,-55.157,120.324,92.492,220.551,108.228,-82.963,-125.889,-20.537,-53.773,-66.246,37.975,-67.984,22.096,-53.611,37.868,-52.195,37.393,-42.321,18.892,42.099,74.894,-145.591,7.704,30.25,13.739,4.38,-48.877,65.757,-43.405,41.818,-51.581,55.053,24.493,20.924,-42.344,-12.168,14.169,-20.857,27.513,-74.367,44.935,-27.563,57.876,-40.75,42.678,-10.098,25.085,-24.877,-33.485,86.05,-49.292,67.345,-43.463,99.778
257,-164.061,-38.805,-92.036,-9.754,-16.302,-26.638,-7.581,-27.687,20.279,-34.522,39.724,-43.93,44.079,-11.871,75.274,58.252,-62.561,-3.031,11.055,-17.866,-16.668,53.197,-30.098,60.72,-54.355,63.299,1.649,6.331,-41.508,12.922,-8.058,-3.243,-3.551,-59.029,35.748,-36.584,56.268,-46.759,44.513,-17.312,33.508,-30.513,4.47,67.865,-51.628,65.572,-55.157,120.324,92.492,220.551,108.228,-82.963,-125.889,-20.537,-53.773,-66.246,37.975,-67.984,22.096,-53.611,37.868,-52.195,37.393,-42.321,18.892,42.099,74.894,-145.591,7.704,30.25,13.739,4.38,-48.877,65.757,-43.405,41.818,-51.581,55.053,24.493,20.924,-42.344,-12.168,14.169,-20.857,27.513,-74.367,44.935,-27.563,57.876,-40.75,42.678,-10.098,25.085,-24.877,-33.485,86.05,-49.292,67.345,-43.463,99.778,103.294
258,-38.805,-92.036,-9.754,-16.302,-26.638,-7.581,-27.687,20.279,-34.522,39.724,-43.93,44.079,-11.871,75.274,58.252,-62.561,-3.031,11.055,-17.866,-16.668,53.197,-30.098,60.72,-54.355,63.299,1.649,6.331,-41.508,12.922,-8.058,-3.243,-3.551,-59.029,35.748,-36.584,56.268,-46.759,44.513,-17.312,33.508,-30.513,4.47,67.865,-51.628,65.572,-55.157,120.324,92.492,220.551,108.228,-82.963,-125.889,-20.537,-53.773,-66.246,37.975,-67.984,22.096,-53.611,37.868,-52.195,37.393,-42.321,18.892,42.099,74.894,-145.591,7.704,30.25,13.739,4.38,-48.877,65.757,-43.405,41.818,-51.581,55.053,24.493,20.924,-42.344,-12.168,14.169,-20.857,27.513,-74.367,44.935,-27.563,57.876,-40.75,42.678,-10.098,25.085,-24.877,-33.485,86.05,-49.292,67.345,-43.463,99.778,103.294,229.151
259,-92.036,-9.754,-16.302,-26.638,-7.581,-27.687,20.279,-34.522,39.724,-43.93,44.079,-11.871,75.274,58.252,-62.561,-3.031,11.055,-17.866,-16.668,53.197,-30.098,60.72,-54.355,63.299,1.649,6.331,-41.508,12.922,-8.058,-3.243,-3.551,-59.029,35.748,-36.584,56.268,-46.759,44.513,-17.312,33.508,-30.513,4.47,67.865,-51.628,65.572,-55.157,120.324,92.492,220.551,108.228,-82.963,-125.889,-20.537,-53.773,-66.246,37.975,-67.984,22.096,-53.611,37.868,-52.195,37.393,-42.321,18.892,42.099,74.894,-145.591,7.704,30.25,13.739,4.38,-48.877,65.757,-43.405,41.818,-51.581,55.053,24.493,20.924,-42.344,-12.168,14.169,-20.857,27.513,-74.367,44.935,-27.563,57.876,-40.75,42.678,-10.098,25.085,-24.877,-33.485,86.05,-49.292,67.345,-43.463,99.778,103.294,229.151,93.915
260,-9.754,-16.302,-26.638,-7.581,-27.687,20.279,-34.522,39.724,-43.93,44.079,-11.871,75.274,58.252,-62.561,-3.031,11.055,-17.866,-16.668,53.197,-30.098,60.72,-54.355,63.299,1.649,6.331,-41.508,12.922,-8.058,-3.243,-3.551,-59.029,35.748,-36.584,56.268,-46.759,44.513,-17.312,33.508,-30.513,4.47,67.865,-51.628,65.572,-55.157,120.324,92.492,220.551,108.228,-82.963,-125.889,-20.537,-53.773,-66.246,37.975,-67.984,22.096,-53.611,37.868,-52.195,37.393,-42.321,18.892,42.099,74.894,-145.591,7.704,30.25,13.739,4.38,-48.877,65.757,-43.405,41.818,-51.581,55.053,24.493,20.924,-42.344,-12.168,14.169,-20.857,27.513,-74.367,44.935,-27.563,57.876,-40.75,42.678,-10.098,25.085,-24.877,-33.485,86.05,-49.292,67.345,-43.463,99.778,103.294,229.151,93.915,-70.599
261,-16.302,-26.638,-7.581,-27.687,20.279,-34.522,39.724,-43.93,44.079,-11.871,75.274,58.252,-62.561,-3.031,11.055,-17.866,-16.668,53.197,-30.098,60.72,-54.355,63.299,1.649,6.331,-41.508,12.922,-8.058,-3.243,-3.551,-59.029,35.748,-36.584,56.268,-46.759,44.513,-17.312,33.508,-30.513,4.47,67.865,-51.628,65.572,-55.157,120.324,92.492,220.551,108.228,-82.963,-125.889,-20.537,-53.773,-66.246,37.975,-67.984,22.096,-53.611,37.868,-52.195,37.393,-42.321,18.892,42.099,74.894,-145.591,7.704,30.25,13.739,4.38,-48.877,65.757,-43.405,41.818,-51.581,55.053,24.493,20.924,-42.344,-12.168,14.169,-20.857,27.513,-74.367,44.935,-27.563,57.876,-40.75,42.678,-10.098,25.085,-24.877,-33.485,86.05,-49.292,67.345,-43.463,99.778,103.294,229.151,93.915,-70.599,-98.926
262,-26.638,-7.581,-27.687,20.279,-34.522,39.724,-43.93,44.079,-11.871,75.274,58.252,-62.561,-3.031,11.055,-17.866,-16.668,53.197,-30.098,60.72,-54.355,63.299,1.649,6.331,-41.508,12.922,-8.058,-3.243,-3.551,-59.029,35.748,-36.584,56.268,-46.759,44.513,-17.312,33.508,-30.513,4.47,67.865,-51.628,65.572,-55.157,120.324,92.492,220.551,108.228,-82.963,-125.889,-20.537,-53.773,-66.246,37.975,-67.984,22.096,-53.611,37.868,-52.195,37.393,-42.321,18.892,42.099,74.894,-145.591,7.704,30.25,13.739,4.38,-48.877,65.757,-43.405,41.818,-51.581,55.053,24.493,20.924,-42.344,-12.168,14.169,-20.857,27.513,-74.367,44.935,-27.563,57.876,-40.75,42.678,-10.098,25.085,-24.877,-33.485,86.05,-49.292,67.345,-43.463,99.778,103.294,229.151,93.915,-70.599,-98.926,-61.552
263,-7.581,-27.687,20.279,-34.522,39.724,-43.93,44.079,-11.871,75.274,58.252,-62.561,-3.031,11.055,-17.866,-16.668,53.197,-30.098,60.72,-54.355,63.299,1.649,6.331,-41.508,12.922,-8.058,-3.243,-3.551,-59.029,35.748,-36.584,56.268,-46.759,44.513,-17.312,33.508,-30.513,4.47,67.865,-51.628,65.572,-55.157,120.324,92.492,220.551,108.228,-82.963,-125.889,-20.537,-53.773,-66.246,37.975,-67.984,22.096,-53.611,37.868,-52.195,37.393,-42.321,18.892,42.099,74.894,-145.591,7.704,30.25,13.739,4.38,-48.877,65.757,-43.405,41.818,-51.581,55.053,24.493,20.924,-42.344,-12.168,14.169,-20.857,27.513,-74.367,44.935,-27.563,57.876,-40.75,42.678,-10.098,25.085,-24.877,-33.485,86.05,-49.292,67.345,-43.463,99.778,103.294,229.151,93.915,-70.599,-98.926,-61.552,-2.697
264,-27.687,20.279,-34.522,39.724,-43.93,44.079,-11.871,75.274,58.252,-62.561,-3.031,11.055,-17.866,-16.668,53.197,-30.098,60.72,-54.355,63.299,1.649,6.331,-41.508,12.922,-8.058,-3.243,-3.551,-59.029,35.748,-36.584,56.268,-46.759,44.513,-17.312,33.508,-30.513,4.47,67.865,-51.628,65.572,-55.157,120.324,92.492,220.551,108.228,-82.963,-125.889,-20.537,-53.773,-66.246,37.975,-67.984,22.096,-53.611,37.868,-52.195,37.393,-42.321,18.892,42.099,74.894,-145.591,7.704,30.25,13.739,4.38,-48.877,65.757,-43.405,41.818,-51.581,55.053,24.493,20.924,-42.344,-12.168,14.169,-20.857,27.513,-74.367,44.935,-27.563,57.876,-40.75,42.678,-10.098,25.085,-24.877,-33.485,86.05,-49.292,67.345,-43.463,99.778,103.294,229.151,93.915,-70.599,-98.926,-61.552,-2.697,-84.906
265,20.279,-34.522,39.724,-43.93,44.079,-11.871,75.274,58.252,-62.561,-3.031,11.055,-17.866,-16.668,53.197,-30.098,60.72,-54.355,63.299,1.649,6.331,-41.508,12.922,-8.058,-3.243,-3.551,-59.029,35.748,-36.584,56.268,-46.759,44.513,-17.312,33.508,-30.513,4.47,67.865,-51.628,65.572,-55.157,120.324,92.492,220.551,108.228,-82.963,-125.889,-20.537,-53.773,-66.246,37.975,-67.984,22.096,-53.611,37.868,-52.195,37.393,-42.321,18.892,42.099,74.894,-145.591,7.704,30.25,13.739,4.38,-48.877,65.757,-43.405,41.818,-51.581,55.053,24.493,20.924,-42.344,-12.168,14.169,-20.857,27.513,-74.367,44.935,-27.563,57.876,-40.75,42.678,-10.098,25.085,-24.877,-33.485,86.05,-49.292,67.345,-43.463,99.778,103.294,229.151,93.915,-70.599,-98.926,-61.552,-2.697,-84.906,40.794
266,-34.522,39.724,-43.93,44.079,-11.871,75.274,58.252,-62.561,-3.031,11.055,-17.866,-16.668,53.197,-30.098,60.72,-54.355,63.299,1.649,6.331,-41.508,12.922,-8.058,-3.243,-3.551,-59.029,35.748,-36.584,56.268,-46.759,44.513,-17.312,33.508,-30.513,4.47,67.865,-51.628,65.572,-55.157,120.324,92.492,220.551,108.228,-82.963,-125.889,-20.537,-53.773,-66.246,37.975,-67.984,22.096,-53.611,37.868,-52.195,37.393,-42.321,18.892,42.099,74.894,-145.591,7.704,30.25,13.739,4.38,-48.877,65.757,-43.405,41.818,-51.581,55.053,24.493,20.924,-42.344,-12.168,14.169,-20.857,27.513,-74.367,44.935,-27.563,57.876,-40.75,42.678,-10.098,25.085,-24.877,-33.485,86.05,-49.292,67.345,-43.463,99.778,103.294,229.151,93.915,-70.599,-98.926,-61.552,-2.697,-84.906,40.794,-46.054
267,39.724,-43.93,44.079,-11.871,75.274,58.252,-62.561,-3.031,11.055,-17.866,-16.668,53.197,-30.098,60.72,-54.355,63.299,1.649,6.331,-41.508,12.922,-8.058,-3.243,-3.551,-59.029,35.748,-36.584,56.268,-46.759,44.513,-17.312,33.508,-30.513,4.47,67.865,-51.628,65.572,-55.157,120.324,92.492,220.551,108.228,-82.963,-125.889,-20.537,-53.773,-66.246,37.975,-67.984,22.096,-53.611,37.868,-52.195,37.393,-42.321,18.892,42.099,74.894,-145.591,7.704,30.25,13.739,4.38,-48.877,65.757,-43.405,41.818,-51.581,55.053,24.493,20.924,-42.344,-12.168,14.169,-20.857,27.513,-74.367,44.935,-27.563,57.876,-40.75,42.678,-10.098,25.085,-24.877,-33.485,86.05,-49.292,67.345,-43.463,99.778,103.294,229.151,93.915,-70.599,-98.926,-61.552,-2.697,-84.906,40.794,-46.054,17.584
268,-43.93,44.079,-11.871,75.274,58.252,-62.561,-3.031,11.055,-17.866,-16.668,53.197,-30.098,60.72,-54.355,63.299,1.649,6.331,-41.508,12.922,-8.058,-3.243,-3.551,-59.029,35.748,-36.584,56.268,-46.759,44.513,-17.312,33.508,-30.513,4.47,67.865,-51.628,65.572,-55.157,120.324,92.492,220.551,108.228,-82.963,-125.889,-20.537,-53.773,-66.246,37.975,-67.984,22.096,-53.611,37.868,-52.195,37.393,-42.321,18.892,42.099,74.894,-145.591,7.704,30.25,13.739,4.38,-48.877,65.757,-43.405,41.818,-51.581,55.053,24.493,20.924,-42.344,-12.168,14.169,-20.857,27.513,-74.367,44.935,-27.563,57.876,-40.75,42.678,-10.098,25.085,-24.877,-33.485,86.05,-49.292,67.345,-43.463,99.778,103.294,229.151,93.915,-70.599,-98.926,-61.552,-2.697,-84.906,40.794,-46.054,17.584,-63.644
269,44.079,-11.871,75.274,58.252,-62.561,-3.031,11.055,-17.866,-16.668,53.197,-30.098,60.72,-54.355,63.299,1.649,6.331,-41.508,12.922,-8.058,-3.243,-3.551,-59.029,35.748,-36.584,56.268,-46.759,44.513,-17.312,33.508,-30.513,4.47,67.865,-51.628,65.572,-55.157,120.324,92.492,220.551,108.228,-82.963,-125.889,-20.537,-53.773,-66.246,37.975,-67.984,22.096,-53.611,37.868,-52.195,37.393,-42.321,18.892,42.099,74.894,-145.591,7.704,30.25,13.739,4.38,-48.877,65.757,-43.405,41.818,-51.581,55.053,24.493,20.924,-42.344,-12.168,14.169,-20.857,27.513,-74.367,44.935,-27.563,57.876,-40.75,42.678,-10.098,25.085,-24.877,-33.485,86.05,-49.292,67.345,-43.463,99.778,103.294,229.151,93.915,-70.599,-98.926,-61.552,-2.697,-84.906,40.794,-46.054,17.584,-63.644,53.647
270,-11.871,75.274,58.252,-62.561,-3.031,11.055,-17.866,-16.668,53.197,-30.098,60.72,-54.355,63.299,1.649,6.331,-41.508,12.922,-8.058,-3.243,-3.551,-59.029,35.748,-36.584,56.268,-46.759,44.513,-17.312,33.508,-30.513,4.47,67.865,-51.628,65.572,-55.157,120.324,92.492,220.551,108.228,-82.963,-125.889,-20.537,-53.773,-66.246,37.975,-67.984,22.096,-53.611,37.868,-52.195,37.393,-42.321,18.892,42.099,74.894,-145.591,7.704,30.25,13.739,4.38,-48.877,65.757,-43.405,41.818,-51.581,55.053,24.493,20.924,-42.344,-12.168,14.169,-20.857,27.513,-74.367,44.935,-27.563,57.876,-40.75,42.678,-10.098,25.085,-24.877,-33.485,86.05,-49.292,67.345,-43.463,99.778,103.294,229.151,93.915,-70.599,-98.926,-61.552,-2.697,-84.906,40.794,-46.054,17.584,-63.644,53.647,-50.985
271,75.274,58.252,-62.561,-3.031,11.055,-17.866,-16.668,53.197,-30.098,60.72,-54.355,63.299,1.649,6.331,-41.508,12.922,-8.058,-3.243,-3.551,-59.029,35.748,-36.584,56.268,-46.759,44.513,-17.312,33.508,-30.513,4.47,67.865,-51.628,65.572,-55.157,120.324,92.492,220.551,108.228,-82.963,-125.889,-20.537,-53.773,-66.246,37.975,-67.984,22.096,-53.611,37.868,-52.195,37.393,-42.321,18.892,42.099,74.894,-145.591,7.704,30.25,13.739,4.38,-48.877,65.757,-43.405,41.818,-51.581,55.053,24.493,20.924,-42.344,-12.168,14.169,-20.857,27.513,-74.367,44.935,-27.563,57.876,-40.75,42.678,-10.098,25.085,-24.877,-33.485,86.05,-49.292,67.345,-43.463,99.778,103.294,229.151,93.915,-70.599,-98.926,-61.552,-2.697,-84.906,40.794,-46.054,17.584,-63.644,53.647,-50.985,54.479
272,58.252,-62.561,-3.031,11.055,-17.866,-16.668,53.197,-30.098,60.72,-54.355,63.299,1.649,6.331,-41.508,12.922,-8.058,-3.243,-3.551,-59.029,35.748,-36.584,56.268,-46.759,44.513,-17.312,33.508,-30.513,4.47,67.865,-51.628,65.572,-55.157,120.324,92.492,220.551,108.228,-82.963,-125.889,-20.537,-53.773,-66.246,37.975,-67.984,22.096,-53.611,37.868,-52.195,37.393,-42.321,18.892,42.099,74.894,-145.591,7.704,30.25,13.739,4.38,-48.877,65.757,-43.405,41.818,-51.581,55.053,24.493,20.924,-42.344,-12.168,14.169,-20.857,27.513,-74.367,44.935,-27.563,57.876,-40.75,42.678,-10.098,25.085,-24.877,-33.485,86.05,-49.292,67.345,-43.463,99.778,103.294,229.151,93.915,-70.599,-98.926,-61.552,-2.697,-84.906,40.794,-46.054,17.584,-63.644,53.647,-50.985,54.479,42.525
273,-62.561,-3.031,11.055,-17.866,-16.668,53.197,-30.098,60.72,-54.355,63.299,1.649,6.331,-41.508,12.922,-8.058,-3.243,-3.551,-59.029,35.748,-36.584,56.268,-46.759,44.513,-17.312,33.508,-30.513,4.47,67.865,-51.628,65.572,-55.157,120.324,92.492,220.551,108.228,-82.963,-125.889,-20.537,-53.773,-66.246,37.975,-67.984,22.096,-53.611,37.868,-52.195,37.393,-42.321,18.892,42.099,74.894,-145.591,7.704,30.25,13.739,4.38,-48.877,65.757,-43.405,41.818,-51.581,55.053,24.493,20.924,-42.344,-12.168,14.169,-20.857,27.513,-74.367,44.935,-27.563,57.876,-40.75,42.678,-10.098,25.085,-24.877,-33.485,86.05,-49.292,67.345,-43.463,99.778,103.294,229.151,93.915,-70.599,-98.926,-61.552,-2.697,-84.906,40.794,-46.054,17.584,-63.644,53.647,-50.985,54.479,42.525,68.139
274,-3.031,11.055,-17.866,-16.668,53.197,-30.098,60.72,-54.355,63.299,1.649,6.331,-41.508,12.922,-8.058,-3.243,-3.551,-59.029,35.748,-36.584,56.268,-46.759,44.513,-17.312,33.508,-30.513,4.47,67.865,-51.628,65.572,-55.157,120.324,92.492,220.551,108.228,-82.963,-125.889,-20.537,-53.773,-66.246,37.975,-67.984,22.096,-53.611,37.868,-52.195,37.393,-42.321,18.892,42.099,74.894,-145.591,7.704,30.25,13.739,4.38,-48.877,65.757,-43.405,41.818,-51.581,55.053,24.493,20.924,-42.344,-12.168,14.169,-20.857,27.513,-74.367,44.935,-27.563,57.876,-40.75,42.678,-10.098,25.085,-24.877,-33.485,86.05,-49.292,67.345,-43.463,99.778,103.294,229.151,93.915,-70.599,-98.926,-61.552,-2.697,-84.906,40.794,-46.054,17.584,-63.644,53.647,-50.985,54.479,42.525,68.139,-145.037
275,11.055,-17.866,-16.668,53.197,-30.098,60.72,-54.355,63.299,1.649,6.331,-41.508,12.922,-8.058,-3.243,-3.551,-59.029,35.748,-36.584,56.268,-46.759,44.513,-17.312,33.508,-30.513,4.47,67.865,-51.628,65.572,-55.157,120.324,92.492,220.551,108.228,-82.963,-125.889,-20.537,-53.773,-66.246,37.975,-67.984,22.096,-53.611,37.868,-52.195,37.393,-42.321,18.892,42.099,74.894,-145.591,7.704,30.25,13.739,4.38,-48.877,65.757,-43.405,41.818,-51.581,55.053,24.493,20.924,-42.344,-12.168,14.169,-20.857,27.513,-74.367,44.935,-27.563,57.876,-40.75,42.678,-10.098,25.085,-24.877,-33.485,86.05,-49.292,67.345,-43.463,99.778,103.294,229.151,93.915,-70.599,-98.926,-61.552,-2.697,-84.906,40.794,-46.054,17.584,-63.644,53.647,-50.985,54.479,42.525,68.139,-145.037,-1.363
276,-17.866,-16.668,53.197,-30.098,60.72,-54.355,63.299,1.649,6.331,-41.508,12.922,-8.058,-3.243,-3.551,-59.029,35.748,-36.584,56.268,-46.759,44.513,-17.312,33.508,-30.513,4.47,67.865,-51.628,65.572,-55.157,120.324,92.492,220.551,108.228,-82.963,-125.889,-20.537,-53.773,-66.246,37.975,-67.984,22.096,-53.611,37.868,-52.195,37.393,-42.321,18.892,42.099,74.894,-145.591,7.704,30.25,13.739,4.38,-48.877,65.757,-43.405,41.818,-51.581,55.053,24.493,20.924,-42.344,-12.168,14.169,-20.857,27.513,-74.367,44.935,-27.563,57.876,-40.75,42.678,-10.098,25.085,-24.877,-33.485,86.05,-49.292,67.345,-43.463,99.778,103.294,229.151,93.915,-70.599,-98.926,-61.552,-2.697,-84.906,40.794,-46.054,17.584,-63.644,53.647,-50.985,54.479,42.525,68.139,-145.037,-1.363,-17.339
277,-16.668,53.197,-30.098,60.72,-54.355,63.299,1.649,6.331,-41.508,12.922,-8.058,-3.243,-3.551,-59.029,35.748,-36.584,56.268,-46.759,44.513,-17.312,33.508,-30.513,4.47,67.865,-51.628,65.572,-55.157,120.324,92.492,220.551,108.228,-82.963,-125.889,-20.537,-53.773,-66.246,37.975,-67.984,22.096,-53.611,37.868,-52.195,37.393,-42.321,18.892,42.099,74.894,-145.591,7.704,30.25,13.739,4.38,-48.877,65.757,-43.405,41.818,-51.581,55.053,24.493,20.924,-42.344,-12.168,14.169,-20.857,27.513,-74.367,44.935,-27.563,57.876,-40.75,42.678,-10.098,25.085,-24.877,-33.485,86.05,-49.292,67.345,-43.463,99.778,103.294,229.151,93.915,-70.599,-98.926,-61.552,-2.697,-84.906,40.794,-46.054,17.584,-63.644,53.647,-50.985,54.479,42.525,68.139,-145.037,-1.363,-17.339,-14.234
278,53.197,-30.098,60.72,-54.355,63.299,1.649,6.331,-41.508,12.922,-8.058,-3.243,-3.551,-59.029,35.748,-36.584,56.268,-46.759,44.513,-17.312,33.508,-30.513,4.47,67.865,-51.628,65.572,-55.157,120.324,92.492,220.551,108.228,-82.963,-125.889,-20.537,-53.773,-66.246,37.975,-67.984,22.096,-53.611,37.868,-52.195,37.393,-42.321,18.892,42.099,74.894,-145.591,7.704,30.25,13.739,4.38,-48.877,65.757,-43.405,41.818,-51.581,55.053,24.493,20.924,-42.344,-12.168,14.169,-20.857,27.513,-74.367,44.935,-27.563,57.876,-40.75,42.678,-10.098,25.085,-24.877,-33.485,86.05,-49.292,67.345,-43.463,99.778,103.294,229.151,93.915,-70.599,-98.926,-61.552,-2.697,-84.906,40.794,-46.054,17.584,-63.644,53.647,-50.985,54.479,42.525,68.139,-145.037,-1.363,-17.339,-14.234,55.593
279,-30.098,60.72,-54.355,63.299,1.649,6.331,-41.508,12.922,-8.058,-3.243,-3.551,-59.029,35.748,-36.584,56.268,-46.759,44.513,-17.312,33.508,-30.513,4.47,67.865,-51.628,65.572,-55.157,120.324,92.492,220.551,108.228,-82.963,-125.889,-20.537,-53.773,-66.246,37.975,-67.984,22.096,-53.611,37.868,-52.195,37.393,-42.321,18.892,42.099,74.894,-145.591,7.704,30.25,13.739,4.38,-48.877,65.757,-43.405,41.818,-51.581,55.053,24.493,20.924,-42.344,-12.168,14.169,-20.857,27.513,-74.367,44.935,-27.563,57.876,-40.75,42.678,-10.098,25.085,-24.877,-33.485,86.05,-49.292,67.345,-43.463,99.778,103.294,229.151,93.915,-70.599,-98.926,-61.552,-2.697,-84.906,40.794,-46.054,17.584,-63.644,53.647,-50.985,54.479,42.525,68.139,-145.037,-1.363,-17.339,-14.234,55.593,-10.911
280,60.72,-54.355,63.299,1.649,6.331,-41.508,12.922,-8.058,-3.243,-3.551,-59.029,35.748,-36.584,56.268,-46.759,44.513,-17.312,33.508,-30.513,4.47,67.865,-51.628,65.572,-55.157,120.324,92.492,220.551,108.228,-82.963,-125.889,-20.537,-53.773,-66.246,37.975,-67.984,22.096,-53.611,37.868,-52.195,37.393,-42.321,18.892,42.099,74.894,-145.591,7.704,30.25,13.739,4.38,-48.877,65.757,-43.405,41.818,-51.581,55.053,24.493,20.924,-42.344,-12.168,14.169,-20.857,27.513,-74.367,44.935,-27.563,57.876,-40.75,42.678,-10.098,25.085,-24.877,-33.485,86.05,-49.292,67.345,-43.463,99.778,103.294,229.151,93.915,-70.599,-98.926,-61.552,-2.697,-84.906,40.794,-46.054,17.584,-63.644,53.647,-50.985,54.479,42.525,68.139,-145.037,-1.363,-17.339,-14.234,55.593,-10.911,54.069
281,-54.355,63.299,1.649,6.331,-41.508,12.922,-8.058,-3.243,-3.551,-59.029,35.748,-36.584,56.268,-46.759,44.513,-17.312,33.508,-30.513,4.47,67.865,-51.628,65.572,-55.157,120.324,92.492,220.551,108.228,-82.963,-125.889,-20.537,-53.773,-66.246,37.975,-67.984,22.096,-53.611,37.868,-52.195,37.393,-42.321,18.892,42.099,74.894,-145.591,7.704,30.25,13.739,4.38,-48.877,65.757,-43.405,41.818,-51.581,55.053,24.493,20.924,-42.344,-12.168,14.169,-20.857,27.513,-74.367,44.935,-27.563,57.876,-40.75,42.678,-10.098,25.085,-24.877,-33.485,86.05,-49.292,67.345,-43.463,99.778,103.294,229.151,93.915,-70.599,-98.926,-61.552,-2.697,-84.906,40.794,-46.054,17.584,-63.644,53.647,-50.985,54.479,42.525,68.139,-145.037,-1.363,-17.339,-14.234,55.593,-10.911,54.069,-66.354
282,63.299,1.649,6.331,-41.508,12.922,-8.058,-3.243,-3.551,-59.029,35.748,-36.584,56.268,-46.759,44.513,-17.312,33.508,-30.513,4.47,67.865,-51.628,65.572,-55.157,120.324,92.492,220.551,108.228,-82.963,-125.889,-20.537,-53.773,-66.246,37.975,-67.984,22.096,-53.611,37.868,-52.195,37.393,-42.321,18.892,42.099,74.894,-145.591,7.704,30.25,13.739,4.38,-48.877,65.757,-43.405,41.818,-51.581,55.053,24.493,20.924,-42.344,-12.168,14.169,-20.857,27.513,-74.367,44.935,-27.563,57.876,-40.75,42.678,-10.098,25.085,-24.877,-33.485,86.05,-49.292,67.345,-43.463,99.778,103.294,229.151,93.915,-70.599,-98.926,-61.552,-2.697,-84.906,40.794,-46.054,17.584,-63.644,53.647,-50.985,54.479,42.525,68.139,-145.037,-1.363,-17.339,-14.234,55.593,-10.911,54.069,-66.354,75.78
283,1.649,6.331,-41.508,12.922,-8.058,-3.243,-3.551,-59.029,35.748,-36.584,56.268,-46.759,44.513,-17.312,33.508,-30.513,4.47,67.865,-51.628,65.572,-55.157,120.324,92.492,220.551,108.228,-82.963,-125.889,-20.537,-53.773,-66.246,37.975,-67.984,22.096,-53.611,37.868,-52.195,37.393,-42.321,18.892,42.099,74.894,-145.591,7.704,30.25,13.739,4.38,-48.877,65.757,-43.405,41.818,-51.581,55.053,24.493,20.924,-42.344,-12.168,14.169,-20.857,27.513,-74.367,44.935,-27.563,57.876,-40.75,42.678,-10.098,25.085,-24.877,-33.485,86.05,-49.292,67.345,-43.463,99.778,103.294,229.151,93.915,-70.599,-98.926,-61.552,-2.697,-84.906,40.794,-46.054,17.584,-63.644,53.647,-50.985,54.479,42.525,68.139,-145.037,-1.363,-17.339,-14.234,55.593,-10.911,54.069,-66.354,75.78,-22.602
284,6.331,-41.508,12.922,-8.058,-3.243,-3.551,-59.029,35.748,-36.584,56.268,-46.759,44.513,-17.312,33.508,-30.513,4.47,67.865,-51.628,65.572,-55.157,120.324,92.492,220.551,108.228,-82.963,-125.889,-20.537,-53.773,-66.246,37.975,-67.984,22.096,-53.611,37.868,-52.195,37.393,-42.321,18.892,42.099,74.894,-145.591,7.704,30.25,13.739,4.38,-48.877,65.757,-43.405,41.818,-51.581,55.053,24.493,20.924,-42.344,-12.168,14.169,-20.857,27.513,-74.367,44.935,-27.563,57.876,-40.75,42.678,-10.098,25.085,-24.877,-33.485,86.05,-49.292,67.345,-43.463,99.778,103.294,229.151,93.915,-70.599,-98.926,-61.552,-2.697,-84.906,40.794,-46.054,17.584,-63.644,53.647,-50.985,54.479,42.525,68.139,-145.037,-1.363,-17.339,-14.234,55.593,-10.911,54.069,-66.354,75.78,-22.602,35.579
285,-41.508,12.922,-8.058,-3.243,-3.551,-59.029,35.748,-36.584,56.268,-46.759,44.513,-17.312,33.508,-30.513,4.47,67.865,-51.628,65.572,-55.157,120.324,92.492,220.551,108.228,-82.963,-125.889,-20.537,-53.773,-66.246,37.975,-67.984,22.096,-53.611,37.868,-52.195,37.393,-42.321,18.892,42.099,74.894,-145.591,7.704,30.25,13.739,4.38,-48.877,65.757,-43.405,41.818,-51.581,55.053,24.493,20.924,-42.344,-12.168,14.169,-20.857,27.513,-74.367,44.935,-27.563,57.876,-40.75,42.678,-10.098,25.085,-24.877,-33.485,86.05,-49.292,67.345,-43.463,99.778,103.294,229.151,93.915,-70.599,-98.926,-61.552,-2.697,-84.906,40.794,-46.054,17.584,-63.644,53.647,-50.985,54.479,42.525,68.139,-145.037,-1.363,-17.339,-14.234,55.593,-10.911,54.069,-66.354,75.78,-22.602,35.579,-44.672
286,12.922,-8.058,-3.243,-3.551,-59.029,35.748,-36.584,56.268,-46.759,44.513,-17.312,33.508,-30.513,4.47,67.865,-51.628,65.572,-55.157,120.324,92.492,220.551,108.228,-82.963,-125.889,-20.537,-53.773,-66.246,37.975,-67.984,22.096,-53.611,37.868,-52.195,37.393,-42.321,18.892,42.099,74.894,-145.591,7.704,30.25,13.739,4.38,-48.877,65.757,-43.405,41.818,-51.581,55.053,24.493,20.924,-42.344,-12.168,14.169,-20.857,27.513,-74.367,44.935,-27.563,57.876,-40.75,42.678,-10.098,25.085,-24.877,-33.485,86.05,-49.292,67.345,-43.463,99.778,103.294,229.151,93.915,-70.599,-98.926,-61.552,-2.697,-84.906,40.794,-46.054,17.584,-63.644,53.647,-50.985,54.479,42.525,68.139,-145.037,-1.363,-17.339,-14.234,55.593,-10.911,54.069,-66.354,75.78,-22.602,35.579,-44.672,57.332
287,-8.058,-3.243,-3.551,-59.029,35.748,-36.584,56.268,-46.759,44.513,-17.312,33.508,-30.513,4.47,67.865,-51.628,65.572,-55.157,120.324,92.492,220.551,108.228,-82.963,-125.889,-20.537,-53.773,-66.246,37.975,-67.984,22.096,-53.611,37.868,-52.195,37.393,-42.321,18.892,42.099,74.894,-145.591,7.704,30.25,13.739,4.38,-48.877,65.757,-43.405,41.818,-51.581,55.053,24.493,20.924,-42.344,-12.168,14.169,-20.857,27.513,-74.367,44.935,-27.563,57.876,-40.75,42.678,-10.098,25.085,-24.877,-33.485,86.05,-49.292,67.345,-43.463,99.778,103.294,229.151,93.915,-70.599,-98.926,-61.552,-2.697,-84.906,40.794,-46.054,17.584,-63.644,53.647,-50.985,54.479,42.525,68.139,-145.037,-1.363,-17.339,-14.234,55.593,-10.911,54.069,-66.354,75.78,-22.602,35.579,-44.672,57.332,37.244
288,-3.243,-3.551,-59.029,35.748,-36.584,56.268,-46.759,44.513,-17.312,33.508,-30.513,4.47,67.865,-51.628,65.572,-55.157,120.324,92.492,220.551,108.228,-82.963,-125.889,-20.537,-53.773,-66.246,37.975,-67.984,22.096,-53.611,37.868,-52.195,37.393,-42.321,18.892,42.099,74.894,-145.591,7.704,30.25,13.739,4.38,-48.877,65.757,-43.405,41.818,-51.581,55.053,24.493,20.924,-42.344,-12.168,14.169,-20.857,27.513,-74.367,44.935,-27.563,57.876,-40.75,42.678,-10.098,25.085,-24.877,-33.485,86.05,-49.292,67.345,-43.463,99.778,103.294,229.151,93.915,-70.599,-98.926,-61.552,-2.697,-84.906,40.794,-46.054,17.584,-63.644,53.647,-50.985,54.479,42.525,68.139,-145.037,-1.363,-17.339,-14.234,55.593,-10.911,54.069,-66.354,75.78,-22.602,35.579,-44.672,57.332,37.244,5.379
289,-3.551,-59.029,35.748,-36.584,56.268,-46.759,44.513,-17.312,33.508,-30.513,4.47,67.865,-51.628,65.572,-55.157,120.324,92.492,220.551,108.228,-82.963,-125.889,-20.537,-53.773,-66.246,37.975,-67.984,22.096,-53.611,37.868,-52.195,37.393,-42.321,18.892,42.099,74.894,-145.591,7.704,30.25,13.739,4.38,-48.877,65.757,-43.405,41.818,-51.581,55.053,24.493,20.924,-42.344,-12.168,14.169,-20.857,27.513,-74.367,44.935,-27.563,57.876,-40.75,42.678,-10.098,25.085,-24.877,-33.485,86.05,-49.292,67.345,-43.463,99.778,103.294,229.151,93.915,-70.599,-98.926,-61.552,-2.697,-84.906,40.794,-46.054,17.584,-63.644,53.647,-50.985,54.479,42.525,68.139,-145.037,-1.363,-17.339,-14.234,55.593,-10.911,54.069,-66.354,75.78,-22.602,35.579,-44.672,57.332,37.244,5.379,-25.45
290,-59.029,35.748,-36.584,56.268,-46.759,44.513,-17.312,33.508,-30.513,4.47,67.865,-51.628,65.572,-55.157,120.324,92.492,220.551,108.228,-82.963,-125.889,-20.537,-53.773,-66.246,37.975,-67.984,22.096,-53.611,37.868,-52.195,37.393,-42.321,18.892,42.099,74.894,-145.591,7.704,30.25,13.739,4.38,-48.877,65.757,-43.405,41.818,-51.581,55.053,24.493,20.924,-42.344,-12.168,14.169,-20.857,27.513,-74.367,44.935,-27.563,57.876,-40.75,42.678,-10.098,25.085,-24.877,-33.485,86.05,-49.292,67.345,-43.463,99.778,103.294,229.151,93.915,-70.599,-98.926,-61.552,-2.697,-84.906,40.794,-46.054,17.584,-63.644,53.647,-50.985,54.479,42.525,68.139,-145.037,-1.363,-17.339,-14.234,55.593,-10.911,54.069,-66.354,75.78,-22.602,35.579,-44.672,57.332,37.244,5.379,-25.45,-32.947
291,35.748,-36.584,56.268,-46.759,44.513,-17.312,33.508,-30.513,4.47,67.865,-51.628,65.572,-55.157,120.324,92.492,220.551,108.228,-82.963,-125.889,-20.537,-53.773,-66.246,37.975,-67.984,22.096,-53.611,37.868,-52.195,37.393,-42.321,18.892,42.099,74.894,-145.591,7.704,30.25,13.739,4.38,-48.877,65.757,-43.405,41.818,-51.581,55.053,24.493,20.924,-42.344,-12.168,14.169,-20.857,27.513,-74.367,44.935,-27.563,57.876,-40.75,42.678,-10.098,25.085,-24.877,-33.485,86.05,-49.292,67.345,-43.463,99.778,103.294,229.151,93.915,-70.599,-98.926,-61.552,-2.697,-84.906,40.794,-46.054,17.584,-63.644,53.647,-50.985,54.479,42.525,68.139,-145.037,-1.363,-17.339,-14.234,55.593,-10.911,54.069,-66.354,75.78,-22.602,35.579,-44.672,57.332,37.244,5.379,-25.45,-32.947,29.814
292,-36.584,56.268,-46.759,44.513,-17.312,33.508,-30.513,4.47,67.865,-51.628,65.572,-55.157,120.324,92.492,220.551,108.228,-82.963,-125.889,-20.537,-53.773,-66.246,37.975,-67.984,22.096,-53.611,37.868,-52.195,37.393,-42.321,18.892,42.099,74.894,-145.591,7.704,30.25,13.739,4.38,-48.877,65.757,-43.405,41.818,-51.581,55.053,24.493,20.924,-42.344,-12.168,14.169,-20.857,27.513,-74.367,44.935,-27.563,57.876,-40.75,42.678,-10.098,25.085,-24.877,-33.485,86.05,-49.292,67.345,-43.463,99.778,103.294,229.151,93.915,-70.599,-98.926,-61.552,-2.697,-84.906,40.794,-46.054,17.584,-63.644,53.647,-50.985,54.479,42.525,68.139,-145.037,-1.363,-17.339,-14.234,55.593,-10.911,54.069,-66.354,75.78,-22.602,35.579,-44.672,57.332,37.244,5.379,-25.45,-32.947,29.814,-26.693
293,56.268,-46.759,44.513,-17.312,33.508,-30.513,4.47,67.865,-51.628,65.572,-55.157,120.324,92.492,220.551,108.228,-82.963,-125.889,-20.537,-53.773,-66.246,37.975,-67.984,22.096,-53.611,37.868,-52.195,37.393,-42.321,18.892,42.099,74.894,-145.591,7.704,30.25,13.739,4.38,-48.877,65.757,-43.405,41.818,-51.581,55.053,24.493,20.924,-42.344,-12.168,14.169,-20.857,27.513,-74.367,44.935,-27.563,57.876,-40.75,42.678,-10.098,25.085,-24.877,-33.485,86.05,-49.292,67.345,-43.463,99.778,103.294,229.151,93.915,-70.599,-98.926,-61.552,-2.697,-84.906,40.794,-46.054,17.584,-63.644,53.647,-50.985,54.479,42.525,68.139,-145.037,-1.363,-17.339,-14.234,55.593,-10.911,54.069,-66.354,75.78,-22.602,35.579,-44.672,57.332,37.244,5.379,-25.45,-32.947,29.814,-26.693,36.517
294,-46.759,44.513,-17.312,33.508,-30.513,4.47,67.865,-51.628,65.572,-55.157,120.324,92.492,220.551,108.228,-82.963,-125.889,-20.537,-53.773,-66.246,37.975,-67.984,22.096,-53.611,37.868,-52.195,37.393,-42.321,18.892,42.099,74.894,-145.591,7.704,30.25,13.739,4.38,-48.877,65.757,-43.405,41.818,-51.581,55.053,24.493,20.924,-42.344,-12.168,14.169,-20.857,27.513,-74.367,44.935,-27.563,57.876,-40.75,42.678,-10.098,25.085,-24.877,-33.485,86.05,-49.292,67.345,-43.463,99.778,103.294,229.151,93.915,-70.599,-98.926,-61.552,-2.697,-84.906,40.794,-46.054,17.584,-63.644,53.647,-50.985,54.479,42.525,68.139,-145.037,-1.363,-17.339,-14.234,55.593,-10.911,54.069,-66.354,75.78,-22.602,35.579,-44.672,57.332,37.244,5.379,-25.45,-32.947,29.814,-26.693,36.517,-73.972
295,44.513,-17.312,33.508,-30.513,4.47,67.865,-51.628,65.572,-55.157,120.324,92.492,220.551,108.228,-82.963,-125.889,-20.537,-53.773,-66.246,37.975,-67.984,22.096,-53.611,37.868,-52.195,37.393,-42.321,18.892,42.099,74.894,-145.591,7.704,30.25,13.739,4.38,-48.877,65.757,-43.405,41.818,-51.581,55.053,24.493,20.924,-42.344,-12.168,14.169,-20.857,27.513,-74.367,44.935,-27.563,57.876,-40.75,42.678,-10.098,25.085,-24.877,-33.485,86.05,-49.292,67.345,-43.463,99.778,103.294,229.151,93.915,-70.599,-98.926,-61.552,-2.697,-84.906,40.794,-46.054,17.584,-63.644,53.647,-50.985,54.479,42.525,68.139,-145.037,-1.363,-17.339,-14.234,55.593,-10.911,54.069,-66.354,75.78,-22.602,35.579,-44.672,57.332,37.244,5.379,-25.45,-32.947,29.814,-26.693,36.517,-73.972,33.842
296,-17.312,33.508,-30.513,4.47,67.865,-51.628,65.572,-55.157,120.324,92.492,220.551,108.228,-82.963,-125.889,-20.537,-53.773,-66.246,37.975,-67.984,22.096,-53.611,37.868,-52.195,37.393,-42.321,18.892,42.099,74.894,-145.591,7.704,30.25,13.739,4.38,-48.877,65.757,-43.405,41.818,-51.581,55.053,24.493,20.924,-42.344,-12.168,14.169,-20.857,27.513,-74.367,44.935,-27.563,57.876,-40.75,42.678,-10.098,25.085,-24.877,-33.485,86.05,-49.292,67.345,-43.463,99.778,103.294,229.151,93.915,-70.599,-98.926,-61.552,-2.697,-84.906,40.794,-46.054,17.584,-63.644,53.647,-50.985,54.479,42.525,68.139,-145.037,-1.363,-17.339,-14.234,55.593,-10.911,54.069,-66.354,75.78,-22.602,35.579,-44.672,57.332,37.244,5.379,-25.45,-32.947,29.814,-26.693,36.517,-73.972,33.842,-20.518
297,33.508,-30.513,4.47,67.865,-51.628,65.572,-55.157,120.324,92.492,220.551,108.228,-82.963,-125.889,-20.537,-53.773,-66.246,37.975,-67.984,22.096,-53.611,37.868,-52.195,37.393,-42.321,18.892,42.099,74.894,-145.591,7.704,30.25,13.739,4.38,-48.877,65.757,-43.405,41.818,-51.581,55.053,24.493,20.924,-42.344,-12.168,14.169,-20.857,27.513,-74.367,44.935,-27.563,57.876,-40.75,42.678,-10.098,25.085,-24.877,-33.485,86.05,-49.292,67.345,-43.463,99.778,103.294,229.151,93.915,-70.599,-98.926,-61.552,-2.697,-84.906,40.794,-46.054,17.584,-63.644,53.647,-50.985,54.479,42.525,68.139,-145.037,-1.363,-17.339,-14.234,55.593,-10.911,54.069,-66.354,75.78,-22.602,35.579,-44.672,57.332,37.244,5.379,-25.45,-32.947,29.814,-26.693,36.517,-73.972,33.842,-20.518,75.211
298,-30.513,4.47,67.865,-51.628,65.572,-55.157,120.324,92.492,220.551,108.228,-82.963,-125.889,-20.537,-53.773,-66.246,37.975,-67.984,22.096,-53.611,37.868,-52.195,37.393,-42.321,18.892,42.099,74.894,-145.591,7.704,30.25,13.739,4.38,-48.877,65.757,-43.405,41.818,-51.581,55.053,24.493,20.924,-42.344,-12.168,14.169,-20.857,27.513,-74.367,44.935,-27.563,57.876,-40.75,42.678,-10.098,25.085,-24.877,-33.485,86.05,-49.292,67.345,-43.463,99.778,103.294,229.151,93.915,-70.599,-98.926,-61.552,-2.697,-84.906,40.794,-46.054,17.584,-63.644,53.647,-50.985,54.479,42.525,68.139,-145.037,-1.363,-17.339,-14.234,55.593,-10.911,54.069,-66.354,75.78,-22.602,35.579,-44.672,57.332,37.244,5.379,-25.45,-32.947,29.814,-26.693,36.517,-73.972,33.842,-20.518,75.211,-61.335
299,4.47,67.865,-51.628,65.572,-55.157,120.324,92.492,220.551,108.228,-82.963,-125.889,-20.537,-53.773,-66.246,37.975,-67.984,22.096,-53.611,37.868,-52.195,37.393,-42.321,18.892,42.099,74.894,-145.591,7.704,30.25,13.739,4.38,-48.877,65.757,-43.405,41.818,-51.581,55.053,24.493,20.924,-42.344,-12.168,14.169,-20.857,27.513,-74.367,44.935,-27.563,57.876,-40.75,42.678,-10.098,25.085,-24.877,-33.485,86.05,-49.292,67.345,-43.463,99.778,103.294,229.151,93.915,-70.599,-98.926,-61.552,-2.697,-84.906,40.794,-46.054,17.584,-63.644,53.647,-50.985,54.479,42.525,68.139,-145.037,-1.363,-17.339,-14.234,55.593,-10.911,54.069,-66.354,75.78,-22.602,35.579,-44.672,57.332,37.244,5.379,-25.45,-32.947,29.814,-26.693,36.517,-73.972,33.842,-20.518,75.211,-61.335,22.625
300,67.865,-51.628,65.572,-55.157,120.324,92.492,220.551,108.228,-82.963,-125.889,-20.537,-53.773,-66.246,37.975,-67.984,22.096,-53.611,37.868,-52.195,37.393,-42.321,18.892,42.099,74.894,-145.591,7.704,30.25,13.739,4.38,-48.877,65.757,-43.405,41.818,-51.581,55.053,24.493,20.924,-42.344,-12.168,14.169,-20.857,27.513,-74.367,44.935,-27.563,57.876,-40.75,42.678,-10.098,25.085,-24.877,-33.485,86.05,-49.292,67.345,-43.463,99.778,103.294,229.151,93.915,-70.599,-98.926,-61.552,-2.697,-84.906,40.794,-46.054,17.584,-63.644,53.647,-50.985,54.479,42.525,68.139,-145.037,-1.363,-17.339,-14.234,55.593,-10.911,54.069,-66.354,75.78,-22.602,35.579,-44.672,57.332,37.244,5.379,-25.45,-32.947,29.814,-26.693,36.517,-73.972,33.842,-20.518,75.211,-61.335,22.625,13.855
301,-51.628,65.572,-55.157,120.324,92.492,220.551,108.228,-82.963,-125.889,-20.537,-53.773,-66.246,37.975,-67.984,22.096,-53.611,37.868,-52.195,37.393,-42.321,18.892,42.099,74.894,-145.591,7.704,30.25,13.739,4.38,-48.877,65.757,-43.405,41.818,-51.581,55.053,24.493,20.924,-42.344,-12.168,14.169,-20.857,27.513,-74.367,44.935,-27.563,57.876,-40.75,42.678,-10.098,25.085,-24.877,-33.485,86.05,-49.292,67.345,-43.463,99.778,103.294,229.151,93.915,-70.599,-98.926,-61.552,-2.697,-84.906,40.794,-46.054,17.584,-63.644,53.647,-50.985,54.479,42.525,68.139,-145.037,-1.363,-17.339,-14.234,55.593,-10.911,54.069,-66.354,75.78,-22.602,35.579,-44.672,57.332,37.244,5.379,-25.45,-32.947,29.814,-26.693,36.517,-73.972,33.842,-20.518,75.211,-61.335,22.625,13.855,-17.895
302,65.572,-55.157,120.324,92.492,220.551,108.228,-82.963,-125.889,-20.537,-53.773,-66.246,37.975,-67.984,22.096,-53.611,37.868,-52.195,37.393,-42.321,18.892,42.099,74.894,-145.591,7.704,30.25,13.739,4.38,-48.877,65.757,-43.405,41.818,-51.581,55.053,24.493,20.924,-42.344,-12.168,14.169,-20.857,27.513,-74.367,44.935,-27.563,57.876,-40.75,42.678,-10.098,25.085,-24.877,-33.485,86.05,-49.292,67.345,-43.463,99.778,103.294,229.151,93.915,-70.599,-98.926,-61.552,-2.697,-84.906,40.794,-46.054,17.584,-63.644,53.647,-50.985,54.479,42.525,68.139,-145.037,-1.363,-17.339,-14.234,55.593,-10.911,54.069,-66.354,75.78,-22.602,35.579,-44.672,57.332,37.244,5.379,-25.45,-32.947,29.814,-26.693,36.517,-73.972,33.842,-20.518,75.211,-61.335,22.625,13.855,-17.895,12.767
303,-55.157,120.324,92.492,220.551,108.228,-82.963,-125.889,-20.537,-53.773,-66.246,37.975,-67.984,22.096,-53.611,37.868,-52.195,37.393,-42.321,18.892,42.099,74.894,-145.591,7.704,30.25,13.739,4.38,-48.877,65.757,-43.405,41.818,-51.581,55.053,24.493,20.924,-42.344,-12.168,14.169,-20.857,27.513,-74.367,44.935,-27.563,57.876,-40.75,42.678,-10.098,25.085,-24.877,-33.485,86.05,-49.292,67.345,-43.463,99.778,103.294,229.151,93.915,-70.599,-98.926,-61.552,-2.697,-84.906,40.794,-46.054,17.584,-63.644,53.647,-50.985,54.479,42.525,68.139,-145.037,-1.363,-17.339,-14.234,55.593,-10.911,54.069,-66.354,75.78,-22.602,35.579,-44.672,57.332,37.244,5.379,-25.45,-32.947,29.814,-26.693,36.517,-73.972,33.842,-20.518,75.211,-61.335,22.625,13.855,-17.895,12.767,-55.175
304,120.324,92.492,220.551,108.228,-82.963,-125.889,-20.537,-53.773,-66.246,37.975,-67.984,22.096,-53.611,37.868,-52.195,37.393,-42.321,18.892,42.099,74.894,-145.591,7.704,30.25,13.739,4.38,-48.877,65.757,-43.405,41.818,-51.581,55.053,24.493,20.924,-42.344,-12.168,14.169,-20.857,27.513,-74.367,44.935,-27.563,57.876,-40.75,42.678,-10.098,25.085,-24.877,-33.485,86.05,-49.292,67.345,-43.463,99.778,103.294,229.151,93.915,-70.599,-98.926,-61.552,-2.697,-84.906,40.794,-46.054,17.584,-63.644,53.647,-50.985,54.479,42.525,68.139,-145.037,-1.363,-17.339,-14.234,55.593,-10.911,54.069,-66.354,75.78,-22.602,35.579,-44.672,57.332,37.244,5.379,-25.45,-32.947,29.814,-26.693,36.517,-73.972,33.842,-20.518,75.211,-61.335,22.625,13.855,-17.895,12.767,-55.175,97.714
305,92.492,220.551,108.228,-82.963,-125.889,-20.537,-53.773,-66.246,37.975,-67.984,22.096,-53.611,37.868,-52.195,37.393,-42.321,18.892,42.099,74.894,-145.591,7.704,30.25,13.739,4.38,-48.877,65.757,-43.405,41.818,-51.581,55.053,24.493,20.924,-42.344,-12.168,14.169,-20.857,27.513,-74.367,44.935,-27.563,57.876,-40.75,42.678,-10.098,25.085,-24.877,-33.485,86.05,-49.292,67.345,-43.463,99.778,103.294,229.151,93.915,-70.599,-98.926,-61.552,-2.697,-84.906,40.794,-46.054,17.584,-63.644,53.647,-50.985,54.479,42.525,68.139,-145.037,-1.363,-17.339,-14.234,55.593,-10.911,54.069,-66.354,75.78,-22.602,35.579,-44.672,57.332,37.244,5.379,-25.45,-32.947,29.814,-26.693,36.517,-73.972,33.842,-20.518,75.211,-61.335,22.625,13.855,-17.895,12.767,-55.175,97.714,-25.458
306,220.551,108.228,-82.963,-125.889,-20.537,-53.773,-66.246,37.975,-67.984,22.096,-53.611,37.868,-52.195,37.393,-42.321,18.892,42.099,74.894,-145.591,7.704,30.25,13.739,4.38,-48.877,65.757,-43.405,41.818,-51.581,55.053,24.493,20.924,-42.344,-12.168,14.169,-20.857,27.513,-74.367,44.935,-27.563,57.876,-40.75,42.678,-10.098,25.085,-24.877,-33.485,86.05,-49.292,67.345,-43.463,99.778,103.294,229.151,93.915,-70.599,-98.926,-61.552,-2.697,-84.906,40.794,-46.054,17.584,-63.644,53.647,-50.985,54.479,42.525,68.139,-145.037,-1.363,-17.339,-14.234,55.593,-10.911,54.069,-66.354,75.78,-22.602,35.579,-44.672,57.332,37.244,5.379,-25.45,-32.947,29.814,-26.693,36.517,-73.972,33.842,-20.518,75.211,-61.335,22.625,13.855,-17.895,12.767,-55.175,97.714,-25.458,61.742
307,108.228,-82.963,-125.889,-20.537,-53.773,-66.246,37.975,-67.984,22.096,-53.611,37.868,-52.195,37.393,-42.321,18.892,42.099,74.894,-145.591,7.704,30.25,13.739,4.38,-48.877,65.757,-43.405,41.818,-51.581,55.053,24.493,20.924,-42.344,-12.168,14.169,-20.857,27.513,-74.367,44.935,-27.563,57.876,-40.75,42.678,-10.098,25.085,-24.877,-33.485,86.05,-49.292,67.345,-43.463,99.778,103.294,229.151,93.915,-70.599,-98.926,-61.552,-2.697,-84.906,40.794,-46.054,17.584,-63.644,53.647,-50.985,54.479,42.525,68.139,-145.037,-1.363,-17.339,-14.234,55.593,-10.911,54.069,-66.354,75.78,-22.602,35.579,-44.672,57.332,37.244,5.379,-25.45,-32.947,29.814,-26.693,36.517,-73.972,33.842,-20.518,75.211,-61.335,22.625,13.855,-17.895,12.767,-55.175,97.714,-25.458,61.742,-16.548
308,-82.963,-125.889,-20.537,-53.773,-66.246,37.975,-67.984,22.096,-53.611,37.868,-52.195,37.393,-42.321,18.892,42.099,74.894,-145.591,7.704,30.25,13.739,4.38,-48.877,65.757,-43.405,41.818,-51.581,55.053,24.493,20.924,-42.344,-12.168,14.169,-20.857,27.513,-74.367,44.935,-27.563,57.876,-40.75,42.678,-10.098,25.085,-24.877,-33.485,86.05,-49.292,67.345,-43.463,99.778,103.294,229.151,93.915,-70.599,-98.926,-61.552,-2.697,-84.906,40.794,-46.054,17.584,-63.644,53.647,-50.985,54.479,42.525,68.139,-145.037,-1.363,-17.339,-14.234,55.593,-10.911,54.069,-66.354,75.78,-22.602,35.579,-44.672,57.332,37.244,5.379,-25.45,-32.947,29.814,-26.693,36.517,-73.972,33.842,-20.518,75.211,-61.335,22.625,13.855,-17.895,12.767,-55.175,97.714,-25.458,61.742,-16.548,84.921
309,-125.889,-20.537,-53.773,-66.246,37.975,-67.984,22.096,-53.611,37.868,-52.195,37.393,-42.321,18.892,42.099,74.894,-145.591,7.704,30.25,13.739,4.38,-48.877,65.757,-43.405,41.818,-51.581,55.053,24.493,20.924,-42.344,-12.168,14.169,-20.857,27.513,-74.367,44.935,-27.563,57.876,-40.75,42.678,-10.098,25.085,-24.877,-33.485,86.05,-49.292,67.345,-43.463,99.778,103.294,229.151,93.915,-70.599,-98.926,-61.552,-2.697,-84.906,40.794,-46.054,17.584,-63.644,53.647,-50.985,54.479,42.525,68.139,-145.037,-1.363,-17.339,-14.234,55.593,-10.911,54.069,-66.354,75.78,-22.602,35.579,-44.672,57.332,37.244,5.379,-25.45,-32.947,29.814,-26.693,36.517,-73.972,33.842,-20.518,75.211,-61.335,22.625,13.855,-17.895,12.767,-55.175,97.714,-25.458,61.742,-16.548,84.921,82.295
310,-20.537,-53.773,-66.246,37.975,-67.984,22.096,-53.611,37.868,-52.195,37.393,-42.321,18.892,42.099,74.894,-145.591,7.704,30.25,13.739,4.38,-48.877,65.757,-43.405,41.818,-51.581,55.053,24.493,20.924,-42.344,-12.168,14.169,-20.857,27.513,-74.367,44.935,-27.563,57.876,-40.75,42.678,-10.098,25.085,-24.877,-33.485,86.05,-49.292,67.345,-43.463,99.778,103.294,229.151,93.915,-70.599,-98.926,-61.552,-2.697,-84.906,40.794,-46.054,17.584,-63.644,53.647,-50.985,54.479,42.525,68.139,-145.037,-1.363,-17.339,-14.234,55.593,-10.911,54.069,-66.354,75.78,-22.602,35.579,-44.672,57.332,37.244,5.379,-25.45,-32.947,29.814,-26.693,36.517,-73.972,33.842,-20.518,75.211,-61.335,22.625,13.855,-17.895,12.767,-55.175,97.714,-25.458,61.742,-16.548,84.921,82.295,247.02
311,-53.773,-66.246,37.975,-67.984,22.096,-53.611,37.868,-52.195,37.393,-42.321,18.892,42.099,74.894,-145.591,7.704,30.25,13.739,4.38,-48.877,65.757,-43.405,41.818,-51.581,55.053,24.493,20.924,-42.344,-12.168,14.169,-20.857,27.513,-74.367,44.935,-27.563,57.876,-40.75,42.678,-10.098,25.085,-24.877,-33.485,86.05,-49.292,67.345,-43.463,99.778,103.294,229.151,93.915,-70.599,-98.926,-61.552,-2.697,-84.906,40.794,-46.054,17.584,-63.644,53.647,-50.985,54.479,42.525,68.139,-145.037,-1.363,-17.339,-14.234,55.593,-10.911,54.069,-66.354,75.78,-22.602,35.579,-44.672,57.332,37.244,5.379,-25.45,-32.947,29.814,-26.693,36.517,-73.972,33.842,-20.518,75.211,-61.335,22.625,13.855,-17.895,12.767,-55.175,97.714,-25.458,61.742,-16.548,84.921,82.295,247.02,151.153
312,-66.246,37.975,-67.984,22.096,-53.611,37.868,-52.195,37.393,-42.321,18.892,42.099,74.894,-145.591,7.704,30.25,13.739,4.38,-48.877,65.757,-43.405,41.818,-51.581,55.053,24.493,20.924,-42.344,-12.168,14.169,-20.857,27.513,-74.367,44.935,-27.563,57.876,-40.75,42.678,-10.098,25.085,-24.877,-33.485,86.05,-49.292,67.345,-43.463,99.778,103.294,229.151,93.915,-70.599,-98.926,-61.552,-2.697,-84.906,40.794,-46.054,17.584,-63.644,53.647,-50.985,54.479,42.525,68.139,-145.037,-1.363,-17.339,-14.234,55.593,-10.911,54.069,-66.354,75.78,-22.602,35.579,-44.672,57.332,37.244,5.379,-25.45,-32.947,29.814,-26.693,36.517,-73.972,33.842,-20.518,75.211,-61.335,22.625,13.855,-17.895,12.767,-55.175,97.714,-25.458,61.742,-16.548,84.921,82.295,247.02,151.153,-24.908
313,37.975,-67.984,22.096,-53.611,37.868,-52.195,37.393,-42.321,18.892,42.099,74.894,-145.591,7.704,30.25,13.739,4.38,-48.877,65.757,-43.405,41.818,-51.581,55.053,24.493,20.924,-42.344,-12.168,14.169,-20.857,27.513,-74.367,44.935,-27.563,57.876,-40.75,42.678,-10.098,25.085,-24.877,-33.485,86.05,-49.292,67.345,-43.463,99.778,103.294,229.151,93.915,-70.599,-98.926,-61.552,-2.697,-84.906,40.794,-46.054,17.584,-63.644,53.647,-50.985,54.479,42.525,68.139,-145.037,-1.363,-17.339,-14.234,55.593,-10.911,54.069,-66.354,75.78,-22.602,35.579,-44.672,57.332,37.244,5.379,-25.45,-32.947,29.814,-26.693,36.517,-73.972,33.842,-20.518,75.211,-61.335,22.625,13.855,-17.895,12.767,-55.175,97.714,-25.458,61.742,-16.548,84.921,82.295,247.02,151.153,-24.908,-122.234
314,-67.984,22.096,-53.611,37.868,-52.195,37.393,-42.321,18.892,42.099,74.894,-145.591,7.704,30.25,13.739,4.38,-48.877,65.757,-43.405,41.818,-51.581,55.053,24.493,20.924,-42.344,-12.168,14.169,-20.857,27.513,-74.367,44.935,-27.563,57.876,-40.75,42.678,-10.098,25.085,-24.877,-33.485,86.05,-49.292,67.345,-43.463,99.778,103.294,229.151,93.915,-70.599,-98.926,-61.552,-2.697,-84.906,40.794,-46.054,17.584,-63.644,53.647,-50.985,54.479,42.525,68.139,-145.037,-1.363,-17.339,-14.234,55.593,-10.911,54.069,-66.354,75.78,-22.602,35.579,-44.672,57.332,37.244,5.379,-25.45,-32.947,29.814,-26.693,36.517,-73.972,33.842,-20.518,75.211,-61.335,22.625,13.855,-17.895,12.767,-55.175,97.714,-25.458,61.742,-16.548,84.921,82.295,247.02,151.153,-24.908,-122.234,-108.069
315,22.096,-53.611,37.868,-52.195,37.393,-42.321,18.892,42.099,74.894,-145.591,7.704,30.25,13.739,4.38,-48.877,65.757,-43.405,41.818,-51.581,55.053,24.493,20.924,-42.344,-12.168,14.169,-20.857,27.513,-74.367,44.935,-27.563,57.876,-40.75,42.678,-10.098,25.085,-24.877,-33.485,86.05,-49.292,67.345,-43.463,99.778,103.294,229.151,93.915,-70.599,-98.926,-61.552,-2.697,-84.906,40.794,-46.054,17.584,-63.644,53.647,-50.985,54.479,42.525,68.139,-145.037,-1.363,-17.339,-14.234,55.593,-10.911,54.069,-66.354,75.78,-22.602,35.579,-44.672,57.332,37.244,5.379,-25.45,-32.947,29.814,-26.693,36.517,-73.972,33.842,-20.518,75.211,-61.335,22.625,13.855,-17.895,12.767,-55.175,97.714,-25.458,61.742,-16.548,84.921,82.295,247.02,151.153,-24.908,-122.234,-108.069,16.736
316,-53.611,37.868,-52.195,37.393,-42.321,18.892,42.099,74.894,-145.591,7.704,30.25,13.739,4.38,-48.877,65.757,-43.405,41.818,-51.581,55.053,24.493,20.924,-42.344,-12.168,14.169,-20.857,27.513,-74.367,44.935,-27.563,57.876,-40.75,42.678,-10.098,25.085,-24.877,-33.485,86.05,-49.292,67.345,-43.463,99.778,103.294,229.151,93.915,-70.599,-98.926,-61.552,-2.697,-84.906,40.794,-46.054,17.584,-63.644,53.647,-50.985,54.479,42.525,68.139,-145.037,-1.363,-17.339,-14.234,55.593,-10.911,54.069,-66.354,75.78,-22.602,35.579,-44.672,57.332,37.244,5.379,-25.45,-32.947,29.814,-26.693,36.517,-73.972,33.842,-20.518,75.211,-61.335,22.625,13.855,-17.895,12.767,-55.175,97.714,-25.458,61.742,-16.548,84.921,82.295,247.02,151.153,-24.908,-122.234,-108.069,16.736,-89.624
317,37.868,-52.195,37.393,-42.321,18.892,42.099,74.894,-145.591,7.704,30.25,13.739,4.38,-48.877,65.757,-43.405,41.818,-51.581,55.053,24.493,20.924,-42.344,-12.168,14.169,-20.857,27.513,-74.367,44.935,-27.563,57.876,-40.75,42.678,-10.098,25.085,-24.877,-33.485,86.05,-49.292,67.345,-43.463,99.778,103.294,229.151,93.915,-70.599,-98.926,-61.552,-2.697,-84.906,40.794,-46.054,17.584,-63.644,53.647,-50.985,54.479,42.525,68.139,-145.037,-1.363,-17.339,-14.234,55.593,-10.911,54.069,-66.354,75.78,-22.602,35.579,-44.672,57.332,37.244,5.379,-25.45,-32.947,29.814,-26.693,36.517,-73.972,33.842,-20.518,75.211,-61.335,22.625,13.855,-17.895,12.767,-55.175,97.714,-25.458,61.742,-16.548,84.921,82.295,247.02,151.153,-24.908,-122.234,-108.069,16.736,-89.624,34.084
318,-52.195,37.393,-42.321,18.892,42.099,74.894,-145.591,7.704,30.25,13.739,4.38,-48.877,65.757,-43.405,41.818,-51.581,55.053,24.493,20.924,-42.344,-12.168,14.169,-20.857,27.513,-74.367,44.935,-27.563,57.876,-40.75,42.678,-10.098,25.085,-24.877,-33.485,86.05,-49.292,67.345,-43.463,99.778,103.294,229.151,93.915,-70.599,-98.926,-61.552,-2.697,-84.906,40.794,-46.054,17.584,-63.644,53.647,-50.985,54.479,42.525,68.139,-145.037,-1.363,-17.339,-14.234,55.593,-10.911,54.069,-66.354,75.78,-22.602,35.579,-44.672,57.332,37.244,5.379,-25.45,-32.947,29.814,-26.693,36.517,-73.972,33.842,-20.518,75.211,-61.335,22.625,13.855,-17.895,12.767,-55.175,97.714,-25.458,61.742,-16.548,84.921,82.295,247.02,151.153,-24.908,-122.234,-108.069,16.736,-89.624,34.084,-15.805
319,37.393,-42.321,18.892,42.099,74.894,-145.591,7.704,30.25,13.739,4.38,-48.877,65.757,-43.405,41.818,-51.581,55.053,24.493,20.924,-42.344,-12.168,14.169,-20.857,27.513,-74.367,44.935,-27.563,57.876,-40.75,42.678,-10.098,25.085,-24.877,-33.485,86.05,-49.292,67.345,-43.463,99.778,103.294,229.151,93.915,-70.599,-98.926,-61.552,-2.697,-84.906,40.794,-46.054,17.584,-63.644,53.647,-50.985,54.479,42.525,68.139,-145.037,-1.363,-17.339,-14.234,55.593,-10.911,54.069,-66.354,75.78,-22.602,35.579,-44.672,57.332,37.244,5.379,-25.45,-32.947,29.814,-26.693,36.517,-73.972,33.842,-20.518,75.211,-61.335,22.625,13.855,-17.895,12.767,-55.175,97.714,-25.458,61.742,-16.548,84.921,82.295,247.02,151.153,-24.908,-122.234,-108.069,16.736,-89.624,34.084,-15.805,-5.678
320,-42.321,18.892,42.099,74.894,-145.591,7.704,30.25,13.739,4.38,-48.877,65.757,-43.405,41.818,-51.581,55.053,24.493,20.924,-42.344,-12.168,14.169,-20.857,27.513,-74.367,44.935,-27.563,57.876,-40.75,42.678,-10.098,25.085,-24.877,-33.485,86.05,-49.292,67.345,-43.463,99.778,103.294,229.151,93.915,-70.599,-98.926,-61.552,-2.697,-84.906,40.794,-46.054,17.584,-63.644,53.647,-50.985,54.479,42.525,68.139,-145.037,-1.363,-17.339,-14.234,55.593,-10.911,54.069,-66.354,75.78,-22.602,35.579,-44.672,57.332,37.244,5.379,-25.45,-32.947,29.814,-26.693,36.517,-73.972,33.842,-20.518,75.211,-61.335,22.625,13.855,-17.895,12.767,-55.175,97.714,-25.458,61.742,-16.548,84.921,82.295,247.02,151.153,-24.908,-122.234,-108.069,16.736,-89.624,34.084,-15.805,-5.678,-59.637
321,18.892,42.099,74.894,-145.591,7.704,30.25,13.739,4.38,-48.877,65.757,-43.405,41.818,-51.581,55.053,24.493,20.924,-42.344,-12.168,14.169,-20.857,27.513,-74.367,44.935,-27.563,57.876,-40.75,42.678,-10.098,25.085,-24.877,-33.485,86.05,-49.292,67.345,-43.463,99.778,103.294,229.151,93.915,-70.599,-98.926,-61.552,-2.697,-84.906,40.794,-46.054,17.584,-63.644,53.647,-50.985,54.479,42.525,68.139,-145.037,-1.363,-17.339,-14.234,55.593,-10.911,54.069,-66.354,75.78,-22.602,35.579,-44.672,57.332,37.244,5.379,-25.45,-32.947,29.814,-26.693,36.517,-73.972,33.842,-20.518,75.211,-61.335,22.625,13.855,-17.895,12.767,-55.175,97.714,-25.458,61.742,-16.548,84.921,82.295,247.02,151.153,-24.908,-122.234,-108.069,16.736,-89.624,34.084,-15.805,-5.678,-59.637,34.802
322,42.099,74.894,-145.591,7.704,30.25,13.739,4.38,-48.877,65.757,-43.405,41.818,-51.581,55.053,24.493,20.924,-42.344,-12.168,14.169,-20.857,27.513,-74.367,44.935,-27.563,57.876,-40.75,42.678,-10.098,25.085,-24.877,-33.485,86.05,-49.292,67.345,-43.463,99.778,103.294,229.151,93.915,-70.599,-98.926,-61.552,-2.697,-84.906,40.794,-46.054,17.584,-63.644,53.647,-50.985,54.479,42.525,68.139,-145.037,-1.363,-17.339,-14.234,55.593,-10.911,54.069,-66.354,75.78,-22.602,35.579,-44.672,57.332,37.244,5.379,-25.45,-32.947,29.814,-26.693,36.517,-73.972,33.842,-20.518,75.211,-61.335,22.625,13.855,-17.895,12.767,-55.175,97.714,-25.458,61.742,-16.548,84.921,82.295,247.02,151.153,-24.908,-122.234,-108.069,16.736,-89.624,34.084,-15.805,-5.678,-59.637,34.802,-24.616
323,74.894,-145.591,7.704,30.25,13.739,4.38,-48.877,65.757,-43.405,41.818,-51.581,55.053,24.493,20.924,-42.344,-12.168,14.169,-20.857,27.513,-74.367,44.935,-27.563,57.876,-40.75,42.678,-10.098,25.085,-24.877,-33.485,86.05,-49.292,67.345,-43.463,99.778,103.294,229.151,93.915,-70.599,-98.926,-61.552,-2.697,-84.906,40.794,-46.054,17.584,-63.644,53.647,-50.985,54.479,42.525,68.139,-145.037,-1.363,-17.339,-14.234,55.593,-10.911,54.069,-66.354,75.78,-22.602,35.579,-44.672,57.332,37.244,5.379,-25.45,-32.947,29.814,-26.693,36.517,-73.972,33.842,-20.518,75.211,-61.335,22.625,13.855,-17.895,12.767,-55.175,97.714,-25.458,61.742,-16.548,84.921,82.295,247.02,151.153,-24.908,-122.234,-108.069,16.736,-89.624,34.084,-15.805,-5.678,-59.637,34.802,-24.616,22.242
324,-145.591,7.704,30.25,13.739,4.38,-48.877,65.757,-43.405,41.818,-51.581,55.053,24.493,20.924,-42.344,-12.168,14.169,-20.857,27.513,-74.367,44.935,-27.563,57.876,-40.75,42.678,-10.098,25.085,-24.877,-33.485,86.05,-49.292,67.345,-43.463,99.778,103.294,229.151,93.915,-70.599,-98.926,-61.552,-2.697,-84.906,40.794,-46.054,17.584,-63.644,53.647,-50.985,54.479,42.525,68.139,-145.037,-1.363,-17.339,-14.234,55.593,-10.911,54.069,-66.354,75.78,-22.602,35.579,-44.672,57.332,37.244,5.379,-25.45,-32.947,29.814,-26.693,36.517,-73.972,33.842,-20.518,75.211,-61.335,22.625,13.855,-17.895,12.767,-55.175,97.714,-25.458,61.742,-16.548,84.921,82.295,247.02,151.153,-24.908,-122.234,-108.069,16.736,-89.624,34.084,-15.805,-5.678,-59.637,34.802,-24.616,22.242,5.243
325,7.704,30.25,13.739,4.38,-48.877,65.757,-43.405,41.818,-51.581,55.053,24.493,20.924,-42.344,-12.168,14.169,-20.857,27.513,-74.367,44.935,-27.563,57.876,-40.75,42.678,-10.098,25.085,-24.877,-33.485,86.05,-49.292,67.345,-43.463,99.778,103.294,229.151,93.915,-70.599,-98.926,-61.552,-2.697,-84.906,40.794,-46.054,17.584,-63.644,53.647,-50.985,54.479,42.525,68.139,-145.037,-1.363,-17.339,-14.234,55.593,-10.911,54.069,-66.354,75.78,-22.602,35.579,-44.672,57.332,37.244,5.379,-25.45,-32.947,29.814,-26.693,36.517,-73.972,33.842,-20.518,75.211,-61.335,22.625,13.855,-17.895,12.767,-55.175,97.714,-25.458,61.742,-16.548,84.921,82.295,247.02,151.153,-24.908,-122.234,-108.069,16.736,-89.624,34.084,-15.805,-5.678,-59.637,34.802,-24.616,22.242,5.243,-26.517
326,30.25,13.739,4.38,-48.877,65.757,-43.405,41.818,-51.581,55.053,24.493,20.924,-42.344,-12.168,14.169,-20.857,27.513,-74.367,44.935,-27.563,57.876,-40.75,42.678,-10.098,25.085,-24.877,-33.485,86.05,-49.292,67.345,-43.463,99.778,103.294,229.151,93.915,-70.599,-98.926,-61.552,-2.697,-84.906,40.794,-46.054,17.584,-63.644,53.647,-50.985,54.479,42.525,68.139,-145.037,-1.363,-17.339,-14.234,55.593,-10.911,54.069,-66.354,75.78,-22.602,35.579,-44.672,57.332,37.244,5.379,-25.45,-32.947,29.814,-26.693,36.517,-73.972,33.842,-20.518,75.211,-61.335,22.625,13.855,-17.895,12.767,-55.175,97.714,-25.458,61.742,-16.548,84.921,82.295,247.02,151.153,-24.908,-122.234,-108.069,16.736,-89.624,34.084,-15.805,-5.678,-59.637,34.802,-24.616,22.242,5.243,-26.517,5.842
327,13.739,4.38,-48.877,65.757,-43.405,41.818,-51.581,55.053,24.493,20.924,-42.344,-12.168,14.169,-20.857,27.513,-74.367,44.935,-27.563,57.876,-40.75,42.678,-10.098,25.085,-24.877,-33.485,86.05,-49.292,67.345,-43.463,99.778,103.294,229.151,93.915,-70.599,-98.926,-61.552,-2.697,-84.906,40.794,-46.054,17.584,-63.644,53.647,-50.985,54.479,42.525,68.139,-145.037,-1.363,-17.339,-14.234,55.593,-10.911,54.069,-66.354,75.78,-22.602,35.579,-44.672,57.332,37.244,5.379,-25.45,-32.947,29.814,-26.693,36.517,-73.972,33.842,-20.518,75.211,-61.335,22.625,13.855,-17.895,12.767,-55.175,97.714,-25.458,61.742,-16.548,84.921,82.295,247.02,151.153,-24.908,-122.234,-108.069,16.736,-89.624,34.084,-15.805,-5.678,-59.637,34.802,-24.616,22.242,5.243,-26.517,5.842,29.599
328,4.38,-48.877,65.757,-43.405,41.818,-51.581,55.053,24.493,20.924,-42.344,-12.168,14.169,-20.857,27.513,-74.367,44.935,-27.563,57.876,-40.75,42.678,-10.098,25.085,-24.877,-33.485,86.05,-49.292,67.345,-43.463,99.778,103.294,229.151,93.915,-70.599,-98.926,-61.552,-2.697,-84.906,40.794,-46.054,17.584,-63.644,53.647,-50.985,54.479,42.525,68.139,-145.037,-1.363,-17.339,-14.234,55.593,-10.911,54.069,-66.354,75.78,-22.602,35.579,-44.672,57.332,37.244,5.379,-25.45,-32.947,29.814,-26.693,36.517,-73.972,33.842,-20.518,75.211,-61.335,22.625,13.855,-17.895,12.767,-55.175,97.714,-25.458,61.742,-16.548,84.921,82.295,247.02,151.153,-24.908,-122.234,-108.069,16.736,-89.624,34.084,-15.805,-5.678,-59.637,34.802,-24.616,22.242,5.243,-26.517,5.842,29.599,128.353
329,-48.877,65.757,-43.405,41.818,-51.581,55.053,24.493,20.924,-42.344,-12.168,14.169,-20.857,27.513,-74.367,44.935,-27.563,57.876,-40.75,42.678,-10.098,25.085,-24.877,-33.485,86.05,-49.292,67.345,-43.463,99.778,103.294,229.151,93.915,-70.599,-98.926,-61.552,-2.697,-84.906,40.794,-46.054,17.584,-63.644,53.647,-50.985,54.479,42.525,68.139,-145.037,-1.363,-17.339,-14.234,55.593,-10.911,54.069,-66.354,75.78,-22.602,35.579,-44.672,57.332,37.244,5.379,-25.45,-32.947,29.814,-26.693,36.517,-73.972,33.842,-20.518,75.211,-61.335,22.625,13.855,-17.895,12.767,-55.175,97.714,-25.458,61.742,-16.548,84.921,82.295,247.02,151.153,-24.908,-122.234,-108.069,16.736,-89.624,34.084,-15.805,-5.678,-59.637,34.802,-24.616,22.242,5.243,-26.517,5.842,29.599,128.353,-155.558
330,65.757,-43.405,41.818,-51.581,55.053,24.493,20.924,-42.344,-12.168,14.169,-20.857,27.513,-74.367,44.935,-27.563,57.876,-40.75,42.678,-10.098,25.085,-24.877,-33.485,86.05,-49.292,67.345,-43.463,99.778,103.294,229.151,93.915,-70.599,-98.926,-61.552,-2.697,-84.906,40.794,-46.054,17.584,-63.644,53.647,-50.985,54.479,42.525,68.139,-145.037,-1.363,-17.339,-14.234,55.593,-10.911,54.069,-66.354,75.78,-22.602,35.579,-44.672,57.332,37.244,5.379,-25.45,-32.947,29.814,-26.693,36.517,-73.972,33.842,-20.518,75.211,-61.335,22.625,13.855,-17.895,12.767,-55.175,97.714,-25.458,61.742,-16.548,84.921,82.295,247.02,151.153,-24.908,-122.234,-108.069,16.736,-89.624,34.084,-15.805,-5.678,-59.637,34.802,-24.616,22.242,5.243,-26.517,5.842,29.599,128.353,-155.558,55.408
331,-43.405,41.818,-51.581,55.053,24.493,20.924,-42.344,-12.168,14.169,-20.857,27.513,-74.367,44.935,-27.563,57.876,-40.75,42.678,-10.098,25.085,-24.877,-33.485,86.05,-49.292,67.345,-43.463,99.778,103.294,229.151,93.915,-70.599,-98.926,-61.552,-2.697,-84.906,40.794,-46.054,17.584,-63.644,53.647,-50.985,54.479,42.525,68.139,-145.037,-1.363,-17.339,-14.234,55.593,-10.911,54.069,-66.354,75.78,-22.602,35.579,-44.672,57.332,37.244,5.379,-25.45,-32.947,29.814,-26.693,36.517,-73.972,33.842,-20.518,75.211,-61.335,22.625,13.855,-17.895,12.767,-55.175,97.714,-25.458,61.742,-16.548,84.921,82.295,247.02,151.153,-24.908,-122.234,-108.069,16.736,-89.624,34.084,-15.805,-5.678,-59.637,34.802,-24.616,22.242,5.243,-26.517,5.842,29.599,128.353,-155.558,55.408,-49.091
332,41.818,-51.581,55.053,24.493,20.924,-42.344,-12.168,14.169,-20.857,27.513,-74.367,44.935,-27.563,57.876,-40.75,42.678,-10.098,25.085,-24.877,-33.485,86.05,-49.292,67.345,-43.463,99.778,103.294,229.151,93.915,-70.599,-98.926,-61.552,-2.697,-84.906,40.794,-46.054,17.584,-63.644,53.647,-50.985,54.479,42.525,68.139,-145.037,-1.363,-17.339,-14.234,55.593,-10.911,54.069,-66.354,75.78,-22.602,35.579,-44.672,57.332,37.244,5.379,-25.45,-32.947,29.814,-26.693,36.517,-73.972,33.842,-20.518,75.211,-61.335,22.625,13.855,-17.895,12.767,-55.175,97.714,-25.458,61.742,-16.548,84.921,82.295,247.02,151.153,-24.908,-122.234,-108.069,16.736,-89.624,34.084,-15.805,-5.678,-59.637,34.802,-24.616,22.242,5.243,-26.517,5.842,29.599,128.353,-155.558,55.408,-49.091,60.272
333,-51.581,55.053,24.493,20.924,-42.344,-12.168,14.169,-20.857,27.513,-74.367,44.935,-27.563,57.876,-40.75,42.678,-10.098,25.085,-24.877,-33.485,86.05,-49.292,67.345,-43.463,99.778,103.294,229.151,93.915,-70.599,-98.926,-61.552,-2.697,-84.906,40.794,-46.054,17.584,-63.644,53.647,-50.985,54.479,42.525,68.139,-145.037,-1.363,-17.339,-14.234,55.593,-10.911,54.069,-66.354,75.78,-22.602,35.579,-44.672,57.332,37.244,5.379,-25.45,-32.947,29.814,-26.693,36.517,-73.972,33.842,-20.518,75.211,-61.335,22.625,13.855,-17.895,12.767,-55.175,97.714,-25.458,61.742,-16.548,84.921,82.295,247.02,151.153,-24.908,-122.234,-108.069,16.736,-89.624,34.084,-15.805,-5.678,-59.637,34.802,-24.616,22.242,5.243,-26.517,5.842,29.599,128.353,-155.558,55.408,-49.091,60.272,-58.106
334,55.053,24.493,20.924,-42.344,-12.168,14.169,-20.857,27.513,-74.367,44.935,-27.563,57.876,-40.75,42.678,-10.098,25.085,-24.877,-33.485,86.05,-49.292,67.345,-43.463,99.778,103.294,229.151,93.915,-70.599,-98.926,-61.552,-2.697,-84.906,40.794,-46.054,17.584,-63.644,53.647,-50.985,54.479,42.525,68.139,-145.037,-1.363,-17.339,-14.234,55.593,-10.911,54.069,-66.354,75.78,-22.602,35.579,-44.672,57.332,37.244,5.379,-25.45,-32.947,29.814,-26.693,36.517,-73.972,33.842,-20.518,75.211,-61.335,22.625,13.855,-17.895,12.767,-55.175,97.714,-25.458,61.742,-16.548,84.921,82.295,247.02,151.153,-24.908,-122.234,-108.069,16.736,-89.624,34.084,-15.805,-5.678,-59.637,34.802,-24.616,22.242,5.243,-26.517,5.842,29.599,128.353,-155.558,55.408,-49.091,60.272,-58.106,55.79
335,24.493,20.924,-42.344,-12.168,14.169,-20.857,27.513,-74.367,44.935,-27.563,57.876,-40.75,42.678,-10.098,25.085,-24.877,-33.485,86.05,-49.292,67.345,-43.463,99.778,103.294,229.151,93.915,-70.599,-98.926,-61.552,-2.697,-84.906,40.794,-46.054,17.584,-63.644,53.647,-50.985,54.479,42.525,68.139,-145.037,-1.363,-17.339,-14.234,55.593,-10.911,54.069,-66.354,75.78,-22.602,35.579,-44.672,57.332,37.244,5.379,-25.45,-32.947,29.814,-26.693,36.517,-73.972,33.842,-20.518,75.211,-61.335,22.625,13.855,-17.895,12.767,-55.175,97.714,-25.458,61.742,-16.548,84.921,82.295,247.02,151.153,-24.908,-122.234,-108.069,16.736,-89.624,34.084,-15.805,-5.678,-59.637,34.802,-24.616,22.242,5.243,-26.517,5.842,29.599,128.353,-155.558,55.408,-49.091,60.272,-58.106,55.79,-16.657
336,20.924,-42.344,-12.168,14.169,-20.857,27.513,-74.367,44.935,-27.563,57.876,-40.75,42.678,-10.098,25.085,-24.877,-33.485,86.05,-49.292,67.345,-43.463,99.778,103.294,229.151,93.915,-70.599,-98.926,-61.552,-2.697,-84.906,40.794,-46.054,17.584,-63.644,53.647,-50.985,54.479,42.525,68.139,-145.037,-1.363,-17.339,-14.234,55.593,-10.911,54.069,-66.354,75.78,-22.602,35.579,-44.672,57.332,37.244,5.379,-25.45,-32.947,29.814,-26.693,36.517,-73.972,33.842,-20.518,75.211,-61.335,22.625,13.855,-17.895,12.767,-55.175,97.714,-25.458,61.742,-16.548,84.921,82.295,247.02,151.153,-24.908,-122.234,-108.069,16.736,-89.624,34.084,-15.805,-5.678,-59.637,34.802,-24.616,22.242,5.243,-26.517,5.842,29.599,128.353,-155.558,55.408,-49.091,60.272,-58.106,55.79,-16.657,28.849
337,-42.344,-12.168,14.169,-20.857,27.513,-74.367,44.935,-27.563,57.876,-40.75,42.678,-10.098,25.085,-24.877,-33.485,86.05,-49.292,67.345,-43.463,99.778,103.294,229.151,93.915,-70.599,-98.926,-61.552,-2.697,-84.906,40.794,-46.054,17.584,-63.644,53.647,-50.985,54.479,42.525,68.139,-145.037,-1.363,-17.339,-14.234,55.593,-10.911,54.069,-66.354,75.78,-22.602,35.579,-44.672,57.332,37.244,5.379,-25.45,-32.947,29.814,-26.693,36.517,-73.972,33.842,-20.518,75.211,-61.335,22.625,13.855,-17.895,12.767,-55.175,97.714,-25.458,61.742,-16.548,84.921,82.295,247.02,151.153,-24.908,-122.234,-108.069,16.736,-89.624,34.084,-15.805,-5.678,-59.637,34.802,-24.616,22.242,5.243,-26.517,5.842,29.599,128.353,-155.558,55.408,-49.091,60.272,-58.106,55.79,-16.657,28.849,-63.361
338,-12.168,14.169,-20.857,27.513,-74.367,44.935,-27.563,57.876,-40.75,42.678,-10.098,25.085,-24.877,-33.485,86.05,-49.292,67.345,-43.463,99.778,103.294,229.151,93.915,-70.599,-98.926,-61.552,-2.697,-84.906,40.794,-46.054,17.584,-63.644,53.647,-50.985,54.479,42.525,68.139,-145.037,-1.363,-17.339,-14.234,55.593,-10.911,54.069,-66.354,75.78,-22.602,35.579,-44.672,57.332,37.244,5.379,-25.45,-32.947,29.814,-26.693,36.517,-73.972,33.842,-20.518,75.211,-61.335,22.625,13.855,-17.895,12.767,-55.175,97.714,-25.458,61.742,-16.548,84.921,82.295,247.02,151.153,-24.908,-122.234,-108.069,16.736,-89.624,34.084,-15.805,-5.678,-59.637,34.802,-24.616,22.242,5.243,-26.517,5.842,29.599,128.353,-155.558,55.408,-49.091,60.272,-58.106,55.79,-16.657,28.849,-63.361,-1.529
339,14.169,-20.857,27.513,-74.367,44.935,-27.563,57.876,-40.75,42.678,-10.098,25.085,-24.877,-33.485,86.05,-49.292,67.345,-43.463,99.778,103.294,229.151,93.915,-70.599,-98.926,-61.552,-2.697,-84.906,40.794,-46.054,17.584,-63.644,53.647,-50.985,54.479,42.525,68.139,-145.037,-1.363,-17.339,-14.234,55.593,-10.911,54.069,-66.354,75.78,-22.602,35.579,-44.672,57.332,37.244,5.379,-25.45,-32.947,29.814,-26.693,36.517,-73.972,33.842,-20.518,75.211,-61.335,22.625,13.855,-17.895,12.767,-55.175,97.714,-25.458,61.742,-16.548,84.921,82.295,247.02,151.153,-24.908,-122.234,-108.069,16.736,-89.624,34.084,-15.805,-5.678,-59.637,34.802,-24.616,22.242,5.243,-26.517,5.842,29.599,128.353,-155.558,55.408,-49.091,60.272,-58.106,55.79,-16.657,28.849,-63.361,-1.529,48.406
340,-20.857,27.513,-74.367,44.935,-27.563,57.876,-40.75,42.678,-10.098,25.085,-24.877,-33.485,86.05,-49.292,67.345,-43.463,99.778,103.294,229.151,93.915,-70.599,-98.926,-61.552,-2.697,-84.906,40.794,-46.054,17.584,-63.644,53.647,-50.985,54.479,42.525,68.139,-145.037,-1.363,-17.339,-14.234,55.593,-10.911,54.069,-66.354,75.78,-22.602,35.579,-44.672,57.332,37.244,5.379,-25.45,-32.947,29.814,-26.693,36.517,-73.972,33.842,-20.518,75.211,-61.335,22.625,13.855,-17.895,12.767,-55.175,97.714,-25.458,61.742,-16.548,84.921,82.295,247.02,151.153,-24.908,-122.234,-108.069,16.736,-89.624,34.084,-15.805,-5.678,-59.637,34.802,-24.616,22.242,5.243,-26.517,5.842,29.599,128.353,-155.558,55.408,-49.091,60.272,-58.106,55.79,-16.657,28.849,-63.361,-1.529,48.406,-17.847
341,27.513,-74.367,44.935,-27.563,57.876,-40.75,42.678,-10.098,25.085,-24.877,-33.485,86.05,-49.292,67.345,-43.463,99.778,103.294,229.151,93.915,-70.599,-98.926,-61.552,-2.697,-84.906,40.794,-46.054,17.584,-63.644,53.647,-50.985,54.479,42.525,68.139,-145.037,-1.363,-17.339,-14.234,55.593,-10.911,54.069,-66.354,75.78,-22.602,35.579,-44.672,57.332,37.244,5.379,-25.45,-32.947,29.814,-26.693,36.517,-73.972,33.842,-20.518,75.211,-61.335,22.625,13.855,-17.895,12.767,-55.175,97.714,-25.458,61.742,-16.548,84.921,82.295,247.02,151.153,-24.908,-122.234,-108.069,16.736,-89.624,34.084,-15.805,-5.678,-59.637,34.802,-24.616,22.242,5.243,-26.517,5.842,29.599,128.353,-155.558,55.408,-49.091,60.272,-58.106,55.79,-16.657,28.849,-63.361,-1.529,48.406,-17.847,7.528
342,-74.367,44.935,-27.563,57.876,-40.75,42.678,-10.098,25.085,-24.877,-33.485,86.05,-49.292,67.345,-43.463,99.778,103.294,229.151,93.915,-70.599,-98.926,-61.552,-2.697,-84.906,40.794,-46.054,17.584,-63.644,53.647,-50.985,54.479,42.525,68.139,-145.037,-1.363,-17.339,-14.234,55.593,-10.911,54.069,-66.354,75.78,-22.602,35.579,-44.672,57.332,37.244,5.379,-25.45,-32.947,29.814,-26.693,36.517,-73.972,33.842,-20.518,75.211,-61.335,22.625,13.855,-17.895,12.767,-55.175,97.714,-25.458,61.742,-16.548,84.921,82.295,247.02,151.153,-24.908,-122.234,-108.069,16.736,-89.624,34.084,-15.805,-5.678,-59.637,34.802,-24.616,22.242,5.243,-26.517,5.842,29.599,128.353,-155.558,55.408,-49.091,60.272,-58.106,55.79,-16.657,28.849,-63.361,-1.529,48.406,-17.847,7.528,-52.126
343,44.935,-27.563,57.876,-40.75,42.678,-10.098,25.085,-24.877,-33.485,86.05,-49.292,67.345,-43.463,99.778,103.294,229.151,93.915,-70.599,-98.926,-61.552,-2.697,-84.906,40.794,-46.054,17.584,-63.644,53.647,-50.985,54.479,42.525,68.139,-145.037,-1.363,-17.339,-14.234,55.593,-10.911,54.069,-66.354,75.78,-22.602,35.579,-44.672,57.332,37.244,5.379,-25.45,-32.947,29.814,-26.693,36.517,-73.972,33.842,-20.518,75.211,-61.335,22.625,13.855,-17.895,12.767,-55.175,97.714,-25.458,61.742,-16.548,84.921,82.295,247.02,151.153,-24.908,-122.234,-108.069,16.736,-89.624,34.084,-15.805,-5.678,-59.637,34.802,-24.616,22.242,5.243,-26.517,5.842,29.599,128.353,-155.558,55.408,-49.091,60.272,-58.106,55.79,-16.657,28.849,-63.361,-1.529,48.406,-17.847,7.528,-52.126,45.493
344,-27.563,57.876,-40.75,42.678,-10.098,25.085,-24.877,-33.485,86.05,-49.292,67.345,-43.463,99.778,103.294,229.151,93.915,-70.599,-98.926,-61.552,-2.697,-84.906,40.794,-46.054,17.584,-63.644,53.647,-50.985,54.479,42.525,68.139,-145.037,-1.363,-17.339,-14.234,55.593,-10.911,54.069,-66.354,75.78,-22.602,35.579,-44.672,57.332,37.244,5.379,-25.45,-32.947,29.814,-26.693,36.517,-73.972,33.842,-20.518,75.211,-61.335,22.625,13.855,-17.895,12.767,-55.175,97.714,-25.458,61.742,-16.548,84.921,82.295,247.02,151.153,-24.908,-122.234,-108.069,16.736,-89.624,34.084,-15.805,-5.678,-59.637,34.802,-24.616,22.242,5.243,-26.517,5.842,29.599,128.353,-155.558,55.408,-49.091,60.272,-58.106,55.79,-16.657,28.849,-63.361,-1.529,48.406,-17.847,7.528,-52.126,45.493,-27.924
345,57.876,-40.75,42.678,-10.098,25.085,-24.877,-33.485,86.05,-49.292,67.345,-43.463,99.778,103.294,229.151,93.915,-70.599,-98.926,-61.552,-2.697,-84.906,40.794,-46.054,17.584,-63.644,53.647,-50.985,54.479,42.525,68.139,-145.037,-1.363,-17.339,-14.234,55.593,-10.911,54.069,-66.354,75.78,-22.602,35.579,-44.672,57.332,37.244,5.379,-25.45,-32.947,29.814,-26.693,36.517,-73.972,33.842,-20.518,75.211,-61.335,22.625,13.855,-17.895,12.767,-55.175,97.714,-25.458,61.742,-16.548,84.921,82.295,247.02,151.153,-24.908,-122.234,-108.069,16.736,-89.624,34.084,-15.805,-5.678,-59.637,34.802,-24.616,22.242,5.243,-26.517,5.842,29.599,128.353,-155.558,55.408,-49.091,60.272,-58.106,55.79,-16.657,28.849,-63.361,-1.529,48.406,-17.847,7.528,-52.126,45.493,-27.924,49.981
346,-40.75,42.678,-10.098,25.085,-24.877,-33.485,86.05,-49.292,67.345,-43.463,99.778,103.294,229.151,93.915,-70.599,-98.926,-61.552,-2.697,-84.906,40.794,-46.054,17.584,-63.644,53.647,-50.985,54.479,42.525,68.139,-145.037,-1.363,-17.339,-14.234,55.593,-10.911,54.069,-66.354,75.78,-22.602,35.579,-44.672,57.332,37.244,5.379,-25.45,-32.947,29.814,-26.693,36.517,-73.972,33.842,-20.518,75.211,-61.335,22.625,13.855,-17.895,12.767,-55.175,97.714,-25.458,61.742,-16.548,84.921,82.295,247.02,151.153,-24.908,-122.234,-108.069,16.736,-89.624,34.084,-15.805,-5.678,-59.637,34.802,-24.616,22.242,5.243,-26.517,5.842,29.599,128.353,-155.558,55.408,-49.091,60.272,-58.106,55.79,-16.657,28.849,-63.361,-1.529,48.406,-17.847,7.528,-52.126,45.493,-27.924,49.981,-65.721
347,42.678,-10.098,25.085,-24.877,-33.485,86.05,-49.292,67.345,-43.463,99.778,103.294,229.151,93.915,-70.599,-98.926,-61.552,-2.697,-84.906,40.794,-46.054,17.584,-63.644,53.647,-50.985,54.479,42.525,68.139,-145.037,-1.363,-17.339,-14.234,55.593,-10.911,54.069,-66.354,75.78,-22.602,35.579,-44.672,57.332,37.244,5.379,-25.45,-32.947,29.814,-26.693,36.517,-73.972,33.842,-20.518,75.211,-61.335,22.625,13.855,-17.895,12.767,-55.175,97.714,-25.458,61.742,-16.548,84.921,82.295,247.02,151.153,-24.908,-122.234,-108.069,16.736,-89.624,34.084,-15.805,-5.678,-59.637,34.802,-24.616,22.242,5.243,-26.517,5.842,29.599,128.353,-155.558,55.408,-49.091,60.272,-58.106,55.79,-16.657,28.849,-63.361,-1.529,48.406,-17.847,7.528,-52.126,45.493,-27.924,49.981,-65.721,25.699
348,-10.098,25.085,-24.877,-33.485,86.05,-49.292,67.345,-43.463,99.778,103.294,229.151,93.915,-70.599,-98.926,-61.552,-2.697,-84.906,40.794,-46.054,17.584,-63.644,53.647,-50.985,54.479,42.525,68.139,-145.037,-1.363,-17.339,-14.234,55.593,-10.911,54.069,-66.354,75.78,-22.602,35.579,-44.672,57.332,37.244,5.379,-25.45,-32.947,29.814,-26.693,36.517,-73.972,33.842,-20.518,75.211,-61.335,22.625,13.855,-17.895,12.767,-55.175,97.714,-25.458,61.742,-16.548,84.921,82.295,247.02,151.153,-24.908,-122.234,-108.069,16.736,-89.624,34.084,-15.805,-5.678,-59.637,34.802,-24.616,22.242,5.243,-26.517,5.842,29.599,128.353,-155.558,55.408,-49.091,60.272,-58.106,55.79,-16.657,28.849,-63.361,-1.529,48.406,-17.847,7.528,-52.126,45.493,-27.924,49.981,-65.721,25.699,-20.511
349,25.085,-24.877,-33.485,86.05,-49.292,67.345,-43.463,99.778,103.294,229.151,93.915,-70.599,-98.926,-61.552,-2.697,-84.906,40.794,-46.054,17.584,-63.644,53.647,-50.985,54.479,42.525,68.139,-145.037,-1.363,-17.339,-14.234,55.593,-10.911,54.069,-66.354,75.78,-22.602,35.579,-44.672,57.332,37.244,5.379,-25.45,-32.947,29.814,-26.693,36.517,-73.972,33.842,-20.518,75.211,-61.335,22.625,13.855,-17.895,12.767,-55.175,97.714,-25.458,61.742,-16.548,84.921,82.295,247.02,151.153,-24.908,-122.234,-108.069,16.736,-89.624,34.084,-15.805,-5.678,-59.637,34.802,-24.616,22.242,5.243,-26.517,5.842,29.599,128.353,-155.558,55.408,-49.091,60.272,-58.106,55.79,-16.657,28.849,-63.361,-1.529,48.406,-17.847,7.528,-52.126,45.493,-27.924,49.981,-65.721,25.699,-20.511,40.487
350,-24.877,-33.485,86.05,-49.292,67.345,-43.463,99.778,103.294,229.151,93.915,-70.599,-98.926,-61.552,-2.697,-84.906,40.794,-46.054,17.584,-63.644,53.647,-50.985,54.479,42.525,68.139,-145.037,-1.363,-17.339,-14.234,55.593,-10.911,54.069,-66.354,75.78,-22.602,35.579,-44.672,57.332,37.244,5.379,-25.45,-32.947,29.814,-26.693,36.517,-73.972,33.842,-20.518,75.211,-61.335,22.625,13.855,-17.895,12.767,-55.175,97.714,-25.458,61.742,-16.548,84.921,82.295,247.02,151.153,-24.908,-122.234,-108.069,16.736,-89.624,34.084,-15.805,-5.678,-59.637,34.802,-24.616,22.242,5.243,-26.517,5.842,29.599,128.353,-155.558,55.408,-49.091,60.272,-58.106,55.79,-16.657,28.849,-63.361,-1.529,48.406,-17.847,7.528,-52.126,45.493,-27.924,49.981,-65.721,25.699,-20.511,40.487,-21.432
351,-33.485,86.05,-49.292,67.345,-43.463,99.778,103.294,229.151,93.915,-70.599,-98.926,-61.552,-2.697,-84.906,40.794,-46.054,17.584,-63.644,53.647,-50.985,54.479,42.525,68.139,-145.037,-1.363,-17.339,-14.234,55.593,-10.911,54.069,-66.354,75.78,-22.602,35.579,-44.672,57.332,37.244,5.379,-25.45,-32.947,29.814,-26.693,36.517,-73.972,33.842,-20.518,75.211,-61.335,22.625,13.855,-17.895,12.767,-55.175,97.714,-25.458,61.742,-16.548,84.921,82.295,247.02,151.153,-24.908,-122.234,-108.069,16.736,-89.624,34.084,-15.805,-5.678,-59.637,34.802,-24.616,22.242,5.243,-26.517,5.842,29.599,128.353,-155.558,55.408,-49.091,60.272,-58.106,55.79,-16.657,28.849,-63.361,-1.529,48.406,-17.847,7.528,-52.126,45.493,-27.924,49.981,-65.721,25.699,-20.511,40.487,-21.432,-35.58
352,86.05,-49.292,67.345,-43.463,99.778,103.294,229.151,93.915,-70.599,-98.926,-61.552,-2.697,-84.906,40.794,-46.054,17.584,-63.644,53.647,-50.985,54.479,42.525,68.139,-145.037,-1.363,-17.339,-14.234,55.593,-10.911,54.069,-66.354,75.78,-22.602,35.579,-44.672,57.332,37.244,5.379,-25.45,-32.947,29.814,-26.693,36.517,-73.972,33.842,-20.518,75.211,-61.335,22.625,13.855,-17.895,12.767,-55.175,97.714,-25.458,61.742,-16.548,84.921,82.295,247.02,151.153,-24.908,-122.234,-108.069,16.736,-89.624,34.084,-15.805,-5.678,-59.637,34.802,-24.616,22.242,5.243,-26.517,5.842,29.599,128.353,-155.558,55.408,-49.091,60.272,-58.106,55.79,-16.657,28.849,-63.361,-1.529,48.406,-17.847,7.528,-52.126,45.493,-27.924,49.981,-65.721,25.699,-20.511,40.487,-21.432,-35.58,47.203
353,-49.292,67.345,-43.463,99.778,103.294,229.151,93.915,-70.599,-98.926,-61.552,-2.697,-84.906,40.794,-46.054,17.584,-63.644,53.647,-50.985,54.479,42.525,68.139,-145.037,-1.363,-17.339,-14.234,55.593,-10.911,54.069,-66.354,75.78,-22.602,35.579,-44.672,57.332,37.244,5.379,-25.45,-32.947,29.814,-26.693,36.517,-73.972,33.842,-20.518,75.211,-61.335,22.625,13.855,-17.895,12.767,-55.175,97.714,-25.458,61.742,-16.548,84.921,82.295,247.02,151.153,-24.908,-122.234,-108.069,16.736,-89.624,34.084,-15.805,-5.678,-59.637,34.802,-24.616,22.242,5.243,-26.517,5.842,29.599,128.353,-155.558,55.408,-49.091,60.272,-58.106,55.79,-16.657,28.849,-63.361,-1.529,48.406,-17.847,7.528,-52.126,45.493,-27.924,49.981,-65.721,25.699,-20.511,40.487,-21.432,-35.58,47.203,-29.906
354,67.345,-43.463,99.778,103.294,229.151,93.915,-70.599,-98.926,-61.552,-2.697,-84.906,40.794,-46.054,17.584,-63.644,53.647,-50.985,54.479,42.525,68.139,-145.037,-1.363,-17.339,-14.234,55.593,-10.911,54.069,-66.354,75.78,-22.602,35.579,-44.672,57.332,37.244,5.379,-25.45,-32.947,29.814,-26.693,36.517,-73.972,33.842,-20.518,75.211,-61.335,22.625,13.855,-17.895,12.767,-55.175,97.714,-25.458,61.742,-16.548,84.921,82.295,247.02,151.153,-24.908,-122.234,-108.069,16.736,-89.624,34.084,-15.805,-5.678,-59.637,34.802,-24.616,22.242,5.243,-26.517,5.842,29.599,128.353,-155.558,55.408,-49.091,60.272,-58.106,55.79,-16.657,28.849,-63.361,-1.529,48.406,-17.847,7.528,-52.126,45.493,-27.924,49.981,-65.721,25.699,-20.511,40.487,-21.432,-35.58,47.203,-29.906,55.608
355,-43.463,99.778,103.294,229.151,93.915,-70.599,-98.926,-61.552,-2.697,-84.906,40.794,-46.054,17.584,-63.644,53.647,-50.985,54.479,42.525,68.139,-145.037,-1.363,-17.339,-14.234,55.593,-10.911,54.069,-66.354,75.78,-22.602,35.579,-44.672,57.332,37.244,5.379,-25.45,-32.947,29.814,-26.693,36.517,-73.972,33.842,-20.518,75.211,-61.335,22.625,13.855,-17.895,12.767,-55.175,97.714,-25.458,61.742,-16.548,84.921,82.295,247.02,151.153,-24.908,-122.234,-108.069,16.736,-89.624,34.084,-15.805,-5.678,-59.637,34.802,-24.616,22.242,5.243,-26.517,5.842,29.599,128.353,-155.558,55.408,-49.091,60.272,-58.106,55.79,-16.657,28.849,-63.361,-1.529,48.406,-17.847,7.528,-52.126,45.493,-27.924,49.981,-65.721,25.699,-20.511,40.487,-21.432,-35.58,47.203,-29.906,55.608,-65.63
356,99.778,103.294,229.151,93.915,-70.599,-98.926,-61.552,-2.697,-84.906,40.794,-46.054,17.584,-63.644,53.647,-50.985,54.479,42.525,68.139,-145.037,-1.363,-17.339,-14.234,55.593,-10.911,54.069,-66.354,75.78,-22.602,35.579,-44.672,57.332,37.244,5.379,-25.45,-32.947,29.814,-26.693,36.517,-73.972,33.842,-20.518,75.211,-61.335,22.625,13.855,-17.895,12.767,-55.175,97.714,-25.458,61.742,-16.548,84.921,82.295,247.02,151.153,-24.908,-122.234,-108.069,16.736,-89.624,34.084,-15.805,-5.678,-59.637,34.802,-24.616,22.242,5.243,-26.517,5.842,29.599,128.353,-155.558,55.408,-49.091,60.272,-58.106,55.79,-16.657,28.849,-63.361,-1.529,48.406,-17.847,7.528,-52.126,45.493,-27.924,49.981,-65.721,25.699,-20.511,40.487,-21.432,-35.58,47.203,-29.906,55.608,-65.63,84.666
357,103.294,229.151,93.915,-70.599,-98.926,-61.552,-2.697,-84.906,40.794,-46.054,17.584,-63.644,53.647,-50.985,54.479,42.525,68.139,-145.037,-1.363,-17.339,-14.234,55.593,-10.911,54.069,-66.354,75.78,-22.602,35.579,-44.672,57.332,37.244,5.379,-25.45,-32.947,29.814,-26.693,36.517,-73.972,33.842,-20.518,75.211,-61.335,22.625,13.855,-17.895,12.767,-55.175,97.714,-25.458,61.742,-16.548,84.921,82.295,247.02,151.153,-24.908,-122.234,-108.069,16.736,-89.624,34.084,-15.805,-5.678,-59.637,34.802,-24.616,22.242,5.243,-26.517,5.842,29.599,128.353,-155.558,55.408,-49.091,60.272,-58.106,55.79,-16.657,28.849,-63.361,-1.529,48.406,-17.847,7.528,-52.126,45.493,-27.924,49.981,-65.721,25.699,-20.511,40.487,-21.432,-35.58,47.203,-29.906,55.608,-65.63,84.666,-15.039
358,229.151,93.915,-70.599,-98.926,-61.552,-2.697,-84.906,40.794,-46.054,17.584,-63.644,53.647,-50.985,54.479,42.525,68.139,-145.037,-1.363,-17.339,-14.234,55.593,-10.911,54.069,-66.354,75.78,-22.602,35.579,-44.672,57.332,37.244,5.379,-25.45,-32.947,29.814,-26.693,36.517,-73.972,33.842,-20.518,75.211,-61.335,22.625,13.855,-17.895,12.767,-55.175,97.714,-25.458,61.742,-16.548,84.921,82.295,247.02,151.153,-24.908,-122.234,-108.069,16.736,-89.624,34.084,-15.805,-5.678,-59.637,34.802,-24.616,22.242,5.243,-26.517,5.842,29.599,128.353,-155.558,55.408,-49.091,60.272,-58.106,55.79,-16.657,28.849,-63.361,-1.529,48.406,-17.847,7.528,-52.126,45.493,-27.924,49.981,-65.721,25.699,-20.511,40.487,-21.432,-35.58,47.203,-29.906,55.608,-65.63,84.666,-15.039,46.711
359,93.915,-70.599,-98.926,-61.552,-2.697,-84.906,40.794,-46.054,17.584,-63.644,53.647,-50.985,54.479,42.525,68.139,-145.037,-1.363,-17.339,-14.234,55.593,-10.911,54.069,-66.354,75.78,-22.602,35.579,-44.672,57.332,37.244,5.379,-25.45,-32.947,29.814,-26.693,36.517,-73.972,33.842,-20.518,75.211,-61.335,22.625,13.855,-17.895,12.767,-55.175,97.714,-25.458,61.742,-16.548,84.921,82.295,247.02,151.153,-24.908,-122.234,-108.069,16.736,-89.624,34.084,-15.805,-5.678,-59.637,34.802,-24.616,22.242,5.243,-26.517,5.842,29.599,128.353,-155.558,55.408,-49.091,60.272,-58.106,55.79,-16.657,28.849,-63.361,-1.529,48.406,-17.847,7.528,-52.126,45.493,-27.924,49.981,-65.721,25.699,-20.511,40.487,-21.432,-35.58,47.203,-29.906,55.608,-65.63,84.666,-15.039,46.711,18.375
360,-70.599,-98.926,-61.552,-2.697,-84.906,40.794,-46.054,17.584,-63.644,53.647,-50.985,54.479,42.525,68.139,-145.037,-1.363,-17.339,-14.234,55.593,-10.911,54.069,-66.354,75.78,-22.602,35.579,-44.672,57.332,37.244,5.379,-25.45,-32.947,29.814,-26.693,36.517,-73.972,33.842,-20.518,75.211,-61.335,22.625,13.855,-17.895,12.767,-55.175,97.714,-25.458,61.742,-16.548,84.921,82.295,247.02,151.153,-24.908,-122.234,-108.069,16.736,-89.624,34.084,-15.805,-5.678,-59.637,34.802,-24.616,22.242,5.243,-26.517,5.842,29.599,128.353,-155.558,55.408,-49.091,60.272,-58.106,55.79,-16.657,28.849,-63.361,-1.529,48.406,-17.847,7.528,-52.126,45.493,-27.924,49.981,-65.721,25.699,-20.511,40.487,-21.432,-35.58,47.203,-29.906,55.608,-65.63,84.666,-15.039,46.711,18.375,70.717
361,-98.926,-61.552,-2.697,-84.906,40.794,-46.054,17.584,-63.644,53.647,-50.985,54.479,42.525,68.139,-145.037,-1.363,-17.339,-14.234,55.593,-10.911,54.069,-66.354,75.78,-22.602,35.579,-44.672,57.332,37.244,5.379,-25.45,-32.947,29.814,-26.693,36.517,-73.972,33.842,-20.518,75.211,-61.335,22.625,13.855,-17.895,12.767,-55.175,97.714,-25.458,61.742,-16.548,84.921,82.295,247.02,151.153,-24.908,-122.234,-108.069,16.736,-89.624,34.084,-15.805,-5.678,-59.637,34.802,-24.616,22.242,5.243,-26.517,5.842,29.599,128.353,-155.558,55.408,-49.091,60.272,-58.106,55.79,-16.657,28.849,-63.361,-1.529,48.406,-17.847,7.528,-52.126,45.493,-27.924,49.981,-65.721,25.699,-20.511,40.487,-21.432,-35.58,47.203,-29.906,55.608,-65.63,84.666,-15.039,46.711,18.375,70.717,81.816
362,-61.552,-2.697,-84.906,40.794,-46.054,17.584,-63.644,53.647,-50.985,54.479,42.525,68.139,-145.037,-1.363,-17.339,-14.234,55.593,-10.911,54.069,-66.354,75.78,-22.602,35.579,-44.672,57.332,37.244,5.379,-25.45,-32.947,29.814,-26.693,36.517,-73.972,33.842,-20.518,75.211,-61.335,22.625,13.855,-17.895,12.767,-55.175,97.714,-25.458,61.742,-16.548,84.921,82.295,247.02,151.153,-24.908,-122.234,-108.069,16.736,-89.624,34.084,-15.805,-5.678,-59.637,34.802,-24.616,22.242,5.243,-26.517,5.842,29.599,128.353,-155.558,55.408,-49.091,60.272,-58.106,55.79,-16.657,28.849,-63.361,-1.529,48.406,-17.847,7.528,-52.126,45.493,-27.924,49.981,-65.721,25.699,-20.511,40.487,-21.432,-35.58,47.203,-29.906,55.608,-65.63,84.666,-15.039,46.711,18.375,70.717,81.816,229.156
363,-2.697,-84.906,40.794,-46.054,17.584,-63.644,53.647,-50.985,54.479,42.525,68.139,-145.037,-1.363,-17.339,-14.234,55.593,-10.911,54.069,-66.354,75.78,-22.602,35.579,-44.672,57.332,37.244,5.379,-25.45,-32.947,29.814,-26.693,36.517,-73.972,33.842,-20.518,75.211,-61.335,22.625,13.855,-17.895,12.767,-55.175,97.714,-25.458,61.742,-16.548,84.921,82.295,247.02,151.153,-24.908,-122.234,-108.069,16.736,-89.624,34.084,-15.805,-5.678,-59.637,34.802,-24.616,22.242,5.243,-26.517,5.842,29.599,128.353,-155.558,55.408,-49.091,60.272,-58.106,55.79,-16.657,28.849,-63.361,-1.529,48.406,-17.847,7.528,-52.126,45.493,-27.924,49.981,-65.721,25.699,-20.511,40.487,-21.432,-35.58,47.203,-29.906,55.608,-65.63,84.666,-15.039,46.711,18.375,70.717,81.816,229.156,184.456
364,-84.906,40.794,-46.054,17.584,-63.644,53.647,-50.985,54.479,42.525,68.139,-145.037,-1.363,-17.339,-14.234,55.593,-10.911,54.069,-66.354,75.78,-22.602,35.579,-44.672,57.332,37.244,5.379,-25.45,-32.947,29.814,-26.693,36.517,-73.972,33.842,-20.518,75.211,-61.335,22.625,13.855,-17.895,12.767,-55.175,97.714,-25.458,61.742,-16.548,84.921,82.295,247.02,151.153,-24.908,-122.234,-108.069,16.736,-89.624,34.084,-15.805,-5.678,-59.637,34.802,-24.616,22.242,5.243,-26.517,5.842,29.599,128.353,-155.558,55.408,-49.091,60.272,-58.106,55.79,-16.657,28.849,-63.361,-1.529,48.406,-17.847,7.528,-52.126,45.493,-27.924,49.981,-65.721,25.699,-20.511,40.487,-21.432,-35.58,47.203,-29.906,55.608,-65.63,84.666,-15.039,46.711,18.375,70.717,81.816,229.156,184.456,28.871
365,40.794,-46.054,17.584,-63.644,53.647,-50.985,54.479,42.525,68.139,-145.037,-1.363,-17.339,-14.234,55.593,-10.911,54.069,-66.354,75.78,-22.602,35.579,-44.672,57.332,37.244,5.379,-25.45,-32.947,29.814,-26.693,36.517,-73.972,33.842,-20.518,75.211,-61.335,22.625,13.855,-17.895,12.767,-55.175,97.714,-25.458,61.742,-16.548,84.921,82.295,247.02,151.153,-24.908,-122.234,-108.069,16.736,-89.624,34.084,-15.805,-5.678,-59.637,34.802,-24.616,22.242,5.243,-26.517,5.842,29.599,128.353,-155.558,55.408,-49.091,60.272,-58.106,55.79,-16.657,28.849,-63.361,-1.529,48.406,-17.847,7.528,-52.126,45.493,-27.924,49.981,-65.721,25.699,-20.511,40.487,-21.432,-35.58,47.203,-29.906,55.608,-65.63,84.666,-15.039,46.711,18.375,70.717,81.816,229.156,184.456,28.871,-94.751
366,-46.054,17.584,-63.644,53.647,-50.985,54.479,42.525,68.139,-145.037,-1.363,-17.339,-14.234,55.593,-10.911,54.069,-66.354,75.78,-22.602,35.579,-44.672,57.332,37.244,5.379,-25.45,-32.947,29.814,-26.693,36.517,-73.972,33.842,-20.518,75.211,-61.335,22.625,13.855,-17.895,12.767,-55.175,97.714,-25.458,61.742,-16.548,84.921,82.295,247.02,151.153,-24.908,-122.234,-108.069,16.736,-89.624,34.084,-15.805,-5.678,-59.637,34.802,-24.616,22.242,5.243,-26.517,5.842,29.599,128.353,-155.558,55.408,-49.091,60.272,-58.106,55.79,-16.657,28.849,-63.361,-1.529,48.406,-17.847,7.528,-52.126,45.493,-27.924,49.981,-65.721,25.699,-20.511,40.487,-21.432,-35.58,47.203,-29.906,55.608,-65.63,84.666,-15.039,46.711,18.375,70.717,81.816,229.156,184.456,28.871,-94.751,-164.154
367,17.584,-63.644,53.647,-50.985,54.479,42.525,68.139,-145.037,-1.363,-17.339,-14.234,55.593,-10.911,54.069,-66.354,75.78,-22.602,35.579,-44.672,57.332,37.244,5.379,-25.45,-32.947,29.814,-26.693,36.517,-73.972,33.842,-20.518,75.211,-61.335,22.625,13.855,-17.895,12.767,-55.175,97.714,-25.458,61.742,-16.548,84.921,82.295,247.02,151.153,-24.908,-122.234,-108.069,16.736,-89.624,34.084,-15.805,-5.678,-59.637,34.802,-24.616,22.242,5.243,-26.517,5.842,29.599,128.353,-155.558,55.408,-49.091,60.272,-58.106,55.79,-16.657,28.849,-63.361,-1.529,48.406,-17.847,7.528,-52.126,45.493,-27.924,49.981,-65.721,25.699,-20.511,40.487,-21.432,-35.58,47.203,-29.906,55.608,-65.63,84.666,-15.039,46.711,18.375,70.717,81.816,229.156,184.456,28.871,-94.751,-164.154,-0.161
368,-63.644,53.647,-50.985,54.479,42.525,68.139,-145.037,-1.363,-17.339,-14.234,55.593,-10.911,54.069,-66.354,75.78,-22.602,35.579,-44.672,57.332,37.244,5.379,-25.45,-32.947,29.814,-26.693,36.517,-73.972,33.842,-20.518,75.211,-61.335,22.625,13.855,-17.895,12.767,-55.175,97.714,-25.458,61.742,-16.548,84.921,82.295,247.02,151.153,-24.908,-122.234,-108.069,16.736,-89.624,34.084,-15.805,-5.678,-59.637,34.802,-24.616,22.242,5.243,-26.517,5.842,29.599,128.353,-155.558,55.408,-49.091,60.272,-58.106,55.79,-16.657,28.849,-63.361,-1.529,48.406,-17.847,7.528,-52.126,45.493,-27.924,49.981,-65.721,25.699,-20.511,40.487,-21.432,-35.58,47.203,-29.906,55.608,-65.63,84.666,-15.039,46.711,18.375,70.717,81.816,229.156,184.456,28.871,-94.751,-164.154,-0.161,-98.48
369,53.647,-50.985,54.479,42.525,68.139,-145.037,-1.363,-17.339,-14.234,55.593,-10.911,54.069,-66.354,75.78,-22.602,35.579,-44.672,57.332,37.244,5.379,-25.45,-32.947,29.814,-26.693,36.517,-73.972,33.842,-20.518,75.211,-61.335,22.625,13.855,-17.895,12.767,-55.175,97.714,-25.458,61.742,-16.548,84.921,82.295,247.02,151.153,-24.908,-122.234,-108.069,16.736,-89.624,34.084,-15.805,-5.678,-59.637,34.802,-24.616,22.242,5.243,-26.517,5.842,29.599,128.353,-155.558,55.408,-49.091,60.272,-58.106,55.79,-16.657,28.849,-63.361,-1.529,48.406,-17.847,7.528,-52.126,45.493,-27.924,49.981,-65.721,25.699,-20.511,40.487,-21.432,-35.58,47.203,-29.906,55.608,-65.63,84.666,-15.039,46.711,18.375,70.717,81.816,229.156,184.456,28.871,-94.751,-164.154,-0.161,-98.48,16.955
370,-50.985,54.479,42.525,68.139,-145.037,-1.363,-17.339,-14.234,55.593,-10.911,54.069,-66.354,75.78,-22.602,35.579,-44.672,57.332,37.244,5.379,-25.45,-32.947,29.814,-26.693,36.517,-73.972,33.842,-20.518,75.211,-61.335,22.625,13.855,-17.895,12.767,-55.175,97.714,-25.458,61.742,-16.548,84.921,82.295,247.02,151.153,-24.908,-122.234,-108.069,16.736,-89.624,34.084,-15.805,-5.678,-59.637,34.802,-24.616,22.242,5.243,-26.517,5.842,29.599,128.353,-155.558,55.408,-49.091,60.272,-58.106,55.79,-16.657,28.849,-63.361,-1.529,48.406,-17.847,7.528,-52.126,45.493,-27.924,49.981,-65.721,25.699,-20.511,40.487,-21.432,-35.58,47.203,-29.906,55.608,-65.63,84.666,-15.039,46.711,18.375,70.717,81.816,229.156,184.456,28.871,-94.751,-164.154,-0.161,-98.48,16.955,3.974
371,54.479,42.525,68.139,-145.037,-1.363,-17.339,-14.234,55.593,-10.911,54.069,-66.354,75.78,-22.602,35.579,-44.672,57.332,37.244,5.379,-25.45,-32.947,29.814,-26.693,36.517,-73.972,33.842,-20.518,75.211,-61.335,22.625,13.855,-17.895,12.767,-55.175,97.714,-25.458,61.742,-16.548,84.921,82.295,247.02,151.153,-24.908,-122.234,-108.069,16.736,-89.624,34.084,-15.805,-5.678,-59.637,34.802,-24.616,22.242,5.243,-26.517,5.842,29.599,128.353,-155.558,55.408,-49.091,60.272,-58.106,55.79,-16.657,28.849,-63.361,-1.529,48.406,-17.847,7.528,-52.126,45.493,-27.924,49.981,-65.721,25.699,-20.511,40.487,-21.432,-35.58,47.203,-29.906,55.608,-65.63,84.666,-15.039,46.711,18.375,70.717,81.816,229.156,184.456,28.871,-94.751,-164.154,-0.161,-98.48,16.955,3.974,-15.255
372,42.525,68.139,-145.037,-1.363,-17.339,-14.234,55.593,-10.911,54.069,-66.354,75.78,-22.602,35.579,-44.672,57.332,37.244,5.379,-25.45,-32.947,29.814,-26.693,36.517,-73.972,33.842,-20.518,75.211,-61.335,22.625,13.855,-17.895,12.767,-55.175,97.714,-25.458,61.742,-16.548,84.921,82.295,247.02,151.153,-24.908,-122.234,-108.069,16.736,-89.624,34.084,-15.805,-5.678,-59.637,34.802,-24.616,22.242,5.243,-26.517,5.842,29.599,128.353,-155.558,55.408,-49.091,60.272,-58.106,55.79,-16.657,28.849,-63.361,-1.529,48.406,-17.847,7.528,-52.126,45.493,-27.924,49.981,-65.721,25.699,-20.511,40.487,-21.432,-35.58,47.203,-29.906,55.608,-65.63,84.666,-15.039,46.711,18.375,70.717,81.816,229.156,184.456,28.871,-94.751,-164.154,-0.161,-98.48,16.955,3.974,-15.255,-63.27
373,68.139,-145.037,-1.363,-17.339,-14.234,55.593,-10.911,54.069,-66.354,75.78,-22.602,35.579,-44.672,57.332,37.244,5.379,-25.45,-32.947,29.814,-26.693,36.517,-73.972,33.842,-20.518,75.211,-61.335,22.625,13.855,-17.895,12.767,-55.175,97.714,-25.458,61.742,-16.548,84.921,82.295,247.02,151.153,-24.908,-122.234,-108.069,16.736,-89.624,34.084,-15.805,-5.678,-59.637,34.802,-24.616,22.242,5.243,-26.517,5.842,29.599,128.353,-155.558,55.408,-49.091,60.272,-58.106,55.79,-16.657,28.849,-63.361,-1.529,48.406,-17.847,7.528,-52.126,45.493,-27.924,49.981,-65.721,25.699,-20.511,40.487,-21.432,-35.58,47.203,-29.906,55.608,-65.63,84.666,-15.039,46.711,18.375,70.717,81.816,229.156,184.456,28.871,-94.751,-164.154,-0.161,-98.48,16.955,3.974,-15.255,-63.27,26.5
374,-145.037,-1.363,-17.339,-14.234,55.593,-10.911,54.069,-66.354,75.78,-22.602,35.579,-44.672,57.332,37.244,5.379,-25.45,-32.947,29.814,-26.693,36.517,-73.972,33.842,-20.518,75.211,-61.335,22.625,13.855,-17.895,12.767,-55.175,97.714,-25.458,61.742,-16.548,84.921,82.295,247.02,151.153,-24.908,-122.234,-108.069,16.736,-89.624,34.084,-15.805,-5.678,-59.637,34.802,-24.616,22.242,5.243,-26.517,5.842,29.599,128.353,-155.558,55.408,-49.091,60.272,-58.106,55.79,-16.657,28.849,-63.361,-1.529,48.406,-17.847,7.528,-52.126,45.493,-27.924,49.981,-65.721,25.699,-20.511,40.487,-21.432,-35.58,47.203,-29.906,55.608,-65.63,84.666,-15.039,46.711,18.375,70.717,81.816,229.156,184.456,28.871,-94.751,-164.154,-0.161,-98.48,16.955,3.974,-15.255,-63.27,26.5,-35.918
375,-1.363,-17.339,-14.234,55.593,-10.911,54.069,-66.354,75.78,-22.602,35.579,-44.672,57.332,37.244,5.379,-25.45,-32.947,29.814,-26.693,36.517,-73.972,33.842,-20.518,75.211,-61.335,22.625,13.855,-17.895,12.767,-55.175,97.714,-25.458,61.742,-16.548,84.921,82.295,247.02,151.153,-24.908,-122.234,-108.069,16.736,-89.624,34.084,-15.805,-5.678,-59.637,34.802,-24.616,22.242,5.243,-26.517,5.842,29.599,128.353,-155.558,55.408,-49.091,60.272,-58.106,55.79,-16.657,28.849,-63.361,-1.529,48.406,-17.847,7.528,-52.126,45.493,-27.924,49.981,-65.721,25.699,-20.511,40.487,-21.432,-35.58,47.203,-29.906,55.608,-65.63,84.666,-15.039,46.711,18.375,70.717,81.816,229.156,184.456,28.871,-94.751,-164.154,-0.161,-98.48,16.955,3.974,-15.255,-63.27,26.5,-35.918,-3.404
376,-17.339,-14.234,55.593,-10.911,54.069,-66.354,75.78,-22.602,35.579,-44.672,57.332,37.244,5.379,-25.45,-32.947,29.814,-26.693,36.517,-73.972,33.842,-20.518,75.211,-61.335,22.625,13.855,-17.895,12.767,-55.175,97.714,-25.458,61.742,-16.548,84.921,82.295,247.02,151.153,-24.908,-122.234,-108.069,16.736,-89.624,34.084,-15.805,-5.678,-59.637,34.802,-24.616,22.242,5.243,-26.517,5.842,29.599,128.353,-155.558,55.408,-49.091,60.272,-58.106,55.79,-16.657,28.849,-63.361,-1.529,48.406,-17.847,7.528,-52.126,45.493,-27.924,49.981,-65.721,25.699,-20.511,40.487,-21.432,-35.58,47.203,-29.906,55.608,-65.63,84.666,-15.039,46.711,18.375,70.717,81.816,229.156,184.456,28.871,-94.751,-164.154,-0.161,-98.48,16.955,3.974,-15.255,-63.27,26.5,-35.918,-3.404,-23.452
377,-14.234,55.593,-10.911,54.069,-66.354,75.78,-22.602,35.579,-44.672,57.332,37.244,5.379,-25.45,-32.947,29.814,-26.693,36.517,-73.972,33.842,-20.518,75.211,-61.335,22.625,13.855,-17.895,12.767,-55.175,97.714,-25.458,61.742,-16.548,84.921,82.295,247.02,151.153,-24.908,-122.234,-108.069,16.736,-89.624,34.084,-15.805,-5.678,-59.637,34.802,-24.616,22.242,5.243,-26.517,5.842,29.599,128.353,-155.558,55.408,-49.091,60.272,-58.106,55.79,-16.657,28.849,-63.361,-1.529,48.406,-17.847,7.528,-52.126,45.493,-27.924,49.981,-65.721,25.699,-20.511,40.487,-21.432,-35.58,47.203,-29.906,55.608,-65.63,84.666,-15.039,46.711,18.375,70.717,81.816,229.156,184.456,28.871,-94.751,-164.154,-0.161,-98.48,16.955,3.974,-15.255,-63.27,26.5,-35.918,-3.404,-23.452,-41.231
378,55.593,-10.911,54.069,-66.354,75.78,-22.602,35.579,-44.672,57.332,37.244,5.379,-25.45,-32.947,29.814,-26.693,36.517,-73.972,33.842,-20.518,75.211,-61.335,22.625,13.855,-17.895,12.767,-55.175,97.714,-25.458,61.742,-16.548,84.921,82.295,247.02,151.153,-24.908,-122.234,-108.069,16.736,-89.624,34.084,-15.805,-5.678,-59.637,34.802,-24.616,22.242,5.243,-26.517,5.842,29.599,128.353,-155.558,55.408,-49.091,60.272,-58.106,55.79,-16.657,28.849,-63.361,-1.529,48.406,-17.847,7.528,-52.126,45.493,-27.924,49.981,-65.721,25.699,-20.511,40.487,-21.432,-35.58,47.203,-29.906,55.608,-65.63,84.666,-15.039,46.711,18.375,70.717,81.816,229.156,184.456,28.871,-94.751,-164.154,-0.161,-98.48,16.955,3.974,-15.255,-63.27,26.5,-35.918,-3.404,-23.452,-41.231,125.462
379,-10.911,54.069,-66.354,75.78,-22.602,35.579,-44.672,57.332,37.244,5.379,-25.45,-32.947,29.814,-26.693,36.517,-73.972,33.842,-20.518,75.211,-61.335,22.625,13.855,-17.895,12.767,-55.175,97.714,-25.458,61.742,-16.548,84.921,82.295,247.02,151.153,-24.908,-122.234,-108.069,16.736,-89.624,34.084,-15.805,-5.678,-59.637,34.802,-24.616,22.242,5.243,-26.517,5.842,29.599,128.353,-155.558,55.408,-49.091,60.272,-58.106,55.79,-16.657,28.849,-63.361,-1.529,48.406,-17.847,7.528,-52.126,45.493,-27.924,49.981,-65.721,25.699,-20.511,40.487,-21.432,-35.58,47.203,-29.906,55.608,-65.63,84.666,-15.039,46.711,18.375,70.717,81.816,229.156,184.456,28.871,-94.751,-164.154,-0.161,-98.48,16.955,3.974,-15.255,-63.27,26.5,-35.918,-3.404,-23.452,-41.231,125.462,88.063
380,54.069,-66.354,75.78,-22.602,35.579,-44.672,57.332,37.244,5.379,-25.45,-32.947,29.814,-26.693,36.517,-73.972,33.842,-20.518,75.211,-61.335,22.625,13.855,-17.895,12.767,-55.175,97.714,-25.458,61.742,-16.548,84.921,82.295,247.02,151.153,-24.908,-122.234,-108.069,16.736,-89.624,34.084,-15.805,-5.678,-59.637,34.802,-24.616,22.242,5.243,-26.517,5.842,29.599,128.353,-155.558,55.408,-49.091,60.272,-58.106,55.79,-16.657,28.849,-63.361,-1.529,48.406,-17.847,7.528,-52.126,45.493,-27.924,49.981,-65.721,25.699,-20.511,40.487,-21.432,-35.58,47.203,-29.906,55.608,-65.63,84.666,-15.039,46.711,18.375,70.717,81.816,229.156,184.456,28.871,-94.751,-164.154,-0.161,-98.48,16.955,3.974,-15.255,-63.27,26.5,-35.918,-3.404,-23.452,-41.231,125.462,88.063,-104.372
381,-66.354,75.78,-22.602,35.579,-44.672,57.332,37.244,5.379,-25.45,-32.947,29.814,-26.693,36.517,-73.972,33.842,-20.518,75.211,-61.335,22.625,13.855,-17.895,12.767,-55.175,97.714,-25.458,61.742,-16.548,84.921,82.295,247.02,151.153,-24.908,-122.234,-108.069,16.736,-89.624,34.084,-15.805,-5.678,-59.637,34.802,-24.616,22.242,5.243,-26.517,5.842,29.599,128.353,-155.558,55.408,-49.091,60.272,-58.106,55.79,-16.657,28.849,-63.361,-1.529,48.406,-17.847,7.528,-52.126,45.493,-27.924,49.981,-65.721,25.699,-20.511,40.487,-21.432,-35.58,47.203,-29.906,55.608,-65.63,84.666,-15.039,46.711,18.375,70.717,81.816,229.156,184.456,28.871,-94.751,-164.154,-0.161,-98.48,16.955,3.974,-15.255,-63.27,26.5,-35.918,-3.404,-23.452,-41.231,125.462,88.063,-104.372,-82.866
382,75.78,-22.602,35.579,-44.672,57.332,37.244,5.379,-25.45,-32.947,29.814,-26.693,36.517,-73.972,33.842,-20.518,75.211,-61.335,22.625,13.855,-17.895,12.767,-55.175,97.714,-25.458,61.742,-16.548,84.921,82.295,247.02,151.153,-24.908,-122.234,-108.069,16.736,-89.624,34.084,-15.805,-5.678,-59.637,34.802,-24.616,22.242,5.243,-26.517,5.842,29.599,128.353,-155.558,55.408,-49.091,60.272,-58.106,55.79,-16.657,28.849,-63.361,-1.529,48.406,-17.847,7.528,-52.126,45.493,-27.924,49.981,-65.721,25.699,-20.511,40.487,-21.432,-35.58,47.203,-29.906,55.608,-65.63,84.666,-15.039,46.711,18.375,70.717,81.816,229.156,184.456,28.871,-94.751,-164.154,-0.161,-98.48,16.955,3.974,-15.255,-63.27,26.5,-35.918,-3.404,-23.452,-41.231,125.462,88.063,-104.372,-82.866,72.946
383,-22.602,35.579,-44.672,57.332,37.244,5.379,-25.45,-32.947,29.814,-26.693,36.517,-73.972,33.842,-20.518,75.211,-61.335,22.625,13.855,-17.895,12.767,-55.175,97.714,-25.458,61.742,-16.548,84.921,82.295,247.02,151.153,-24.908,-122.234,-108.069,16.736,-89.624,34.084,-15.805,-5.678,-59.637,34.802,-24.616,22.242,5.243,-26.517,5.842,29.599,128.353,-155.558,55.408,-49.091,60.272,-58.106,55.79,-16.657,28.849,-63.361,-1.529,48.406,-17.847,7.528,-52.126,45.493,-27.924,49.981,-65.721,25.699,-20.511,40.487,-21.432,-35.58,47.203,-29.906,55.608,-65.63,84.666,-15.039,46.711,18.375,70.717,81.816,229.156,184.456,28.871,-94.751,-164.154,-0.161,-98.48,16.955,3.974,-15.255,-63.27,26.5,-35.918,-3.404,-23.452,-41.231,125.462,88.063,-104.372,-82.866,72.946,-15.539
384,35.579,-44.672,57.332,37.244,5.379,-25.45,-32.947,29.814,-26.693,36.517,-73.972,33.842,-20.518,75.211,-61.335,22.625,13.855,-17.895,12.767,-55.175,97.714,-25.458,61.742,-16.548,84.921,82.295,247.02,151.153,-24.908,-122.234,-108.069,16.736,-89.624,34.084,-15.805,-5.678,-59.637,34.802,-24.616,22.242,5.243,-26.517,5.842,29.599,128.353,-155.558,55.408,-49.091,60.272,-58.106,55.79,-16.657,28.849,-63.361,-1.529,48.406,-17.847,7.528,-52.126,45.493,-27.924,49.981,-65.721,25.699,-20.511,40.487,-21.432,-35.58,47.203,-29.906,55.608,-65.63,84.666,-15.039,46.711,18.375,70.717,81.816,229.156,184.456,28.871,-94.751,-164.154,-0.161,-98.48,16.955,3.974,-15.255,-63.27,26.5,-35.918,-3.404,-23.452,-41.231,125.462,88.063,-104.372,-82.866,72.946,-15.539,72.794
385,-44.672,57.332,37.244,5.379,-25.45,-32.947,29.814,-26.693,36.517,-73.972,33.842,-20.518,75.211,-61.335,22.625,13.855,-17.895,12.767,-55.175,97.714,-25.458,61.742,-16.548,84.921,82.295,247.02,151.153,-24.908,-122.234,-108.069,16.736,-89.624,34.084,-15.805,-5.678,-59.637,34.802,-24.616,22.242,5.243,-26.517,5.842,29.599,128.353,-155.558,55.408,-49.091,60.272,-58.106,55.79,-16.657,28.849,-63.361,-1.529,48.406,-17.847,7.528,-52.126,45.493,-27.924,49.981,-65.721,25.699,-20.511,40.487,-21.432,-35.58,47.203,-29.906,55.608,-65.63,84.666,-15.039,46.711,18.375,70.717,81.816,229.156,184.456,28.871,-94.751,-164.154,-0.161,-98.48,16.955,3.974,-15.255,-63.27,26.5,-35.918,-3.404,-23.452,-41.231,125.462,88.063,-104.372,-82.866,72.946,-15.539,72.794,-47.505
386,57.332,37.244,5.379,-25.45,-32.947,29.814,-26.693,36.517,-73.972,33.842,-20.518,75.211,-61.335,22.625,13.855,-17.895,12.767,-55.175,97.714,-25.458,61.742,-16.548,84.921,82.295,247.02,151.153,-24.908,-122.234,-108.069,16.736,-89.624,34.084,-15.805,-5.678,-59.637,34.802,-24.616,22.242,5.243,-26.517,5.842,29.599,128.353,-155.558,55.408,-49.091,60.272,-58.106,55.79,-16.657,28.849,-63.361,-1.529,48.406,-17.847,7.528,-52.126,45.493,-27.924,49.981,-65.721,25.699,-20.511,40.487,-21.432,-35.58,47.203,-29.906,55.608,-65.63,84.666,-15.039,46.711,18.375,70.717,81.816,229.156,184.456,28.871,-94.751,-164.154,-0.161,-98.48,16.955,3.974,-15.255,-63.27,26.5,-35.918,-3.404,-23.452,-41.231,125.462,88.063,-104.372,-82.866,72.946,-15.539,72.794,-47.505,41.638
387,37.244,5.379,-25.45,-32.947,29.814,-26.693,36.517,-73.972,33.842,-20.518,75.211,-61.335,22.625,13.855,-17.895,12.767,-55.175,97.714,-25.458,61.742,-16.548,84.921,82.295,247.02,151.153,-24.908,-122.234,-108.069,16.736,-89.624,34.084,-15.805,-5.678,-59.637,34.802,-24.616,22.242,5.243,-26.517,5.842,29.599,128.353,-155.558,55.408,-49.091,60.272,-58.106,55.79,-16.657,28.849,-63.361,-1.529,48.406,-17.847,7.528,-52.126,45.493,-27.924,49.981,-65.721,25.699,-20.511,40.487,-21.432,-35.58,47.203,-29.906,55.608,-65.63,84.666,-15.039,46.711,18.375,70.717,81.816,229.156,184.456,28.871,-94.751,-164.154,-0.161,-98.48,16.955,3.974,-15.255,-63.27,26.5,-35.918,-3.404,-23.452,-41.231,125.462,88.063,-104.372,-82.866,72.946,-15.539,72.794,-47.505,41.638,-3.571
388,5.379,-25.45,-32.947,29.814,-26.693,36.517,-73.972,33.842,-20.518,75.211,-61.335,22.625,13.855,-17.895,12.767,-55.175,97.714,-25.458,61.742,-16.548,84.921,82.295,247.02,151.153,-24.908,-122.234,-108.069,16.736,-89.624,34.084,-15.805,-5.678,-59.637,34.802,-24.616,22.242,5.243,-26.517,5.842,29.599,128.353,-155.558,55.408,-49.091,60.272,-58.106,55.79,-16.657,28.849,-63.361,-1.529,48.406,-17.847,7.528,-52.126,45.493,-27.924,49.981,-65.721,25.699,-20.511,40.487,-21.432,-35.58,47.203,-29.906,55.608,-65.63,84.666,-15.039,46.711,18.375,70.717,81.816,229.156,184.456,28.871,-94.751,-164.154,-0.161,-98.48,16.955,3.974,-15.255,-63.27,26.5,-35.918,-3.404,-23.452,-41.231,125.462,88.063,-104.372,-82.866,72.946,-15.539,72.794,-47.505,41.638,-3.571,-11.647
389,-25.45,-32.947,29.814,-26.693,36.517,-73.972,33.842,-20.518,75.211,-61.335,22.625,13.855,-17.895,12.767,-55.175,97.714,-25.458,61.742,-16.548,84.921,82.295,247.02,151.153,-24.908,-122.234,-108.069,16.736,-89.624,34.084,-15.805,-5.678,-59.637,34.802,-24.616,22.242,5.243,-26.517,5.842,29.599,128.353,-155.558,55.408,-49.091,60.272,-58.106,55.79,-16.657,28.849,-63.361,-1.529,48.406,-17.847,7.528,-52.126,45.493,-27.924,49.981,-65.721,25.699,-20.511,40.487,-21.432,-35.58,47.203,-29.906,55.608,-65.63,84.666,-15.039,46.711,18.375,70.717,81.816,229.156,184.456,28.871,-94.751,-164.154,-0.161,-98.48,16.955,3.974,-15.255,-63.27,26.5,-35.918,-3.404,-23.452,-41.231,125.462,88.063,-104.372,-82.866,72.946,-15.539,72.794,-47.505,41.638,-3.571,-11.647,20.04
390,-32.947,29.814,-26.693,36.517,-73.972,33.842,-20.518,75.211,-61.335,22.625,13.855,-17.895,12.767,-55.175,97.714,-25.458,61.742,-16.548,84.921,82.295,247.02,151.153,-24.908,-122.234,-108.069,16.736,-89.624,34.084,-15.805,-5.678,-59.637,34.802,-24.616,22.242,5.243,-26.517,5.842,29.599,128.353,-155.558,55.408,-49.091,60.272,-58.106,55.79,-16.657,28.849,-63.361,-1.529,48.406,-17.847,7.528,-52.126,45.493,-27.924,49.981,-65.721,25.699,-20.511,40.487,-21.432,-35.58,47.203,-29.906,55.608,-65.63,84.666,-15.039,46.711,18.375,70.717,81.816,229.156,184.456,28.871,-94.751,-164.154,-0.161,-98.48,16.955,3.974,-15.255,-63.27,26.5,-35.918,-3.404,-23.452,-41.231,125.462,88.063,-104.372,-82.866,72.946,-15.539,72.794,-47.505,41.638,-3.571,-11.647,20.04,-50.815
391,29.814,-26.693,36.517,-73.972,33.842,-20.518,75.211,-61.335,22.625,13.855,-17.895,12.767,-55.175,97.714,-25.458,61.742,-16.548,84.921,82.295,247.02,151.153,-24.908,-122.234,-108.069,16.736,-89.624,34.084,-15.805,-5.678,-59.637,34.802,-24.616,22.242,5.243,-26.517,5.842,29.599,128.353,-155.558,55.408,-49.091,60.272,-58.106,55.79,-16.657,28.849,-63.361,-1.529,48.406,-17.847,7.528,-52.126,45.493,-27.924,49.981,-65.721,25.699,-20.511,40.487,-21.432,-35.58,47.203,-29.906,55.608,-65.63,84.666,-15.039,46.711,18.375,70.717,81.816,229.156,184.456,28.871,-94.751,-164.154,-0.161,-98.48,16.955,3.974,-15.255,-63.27,26.5,-35.918,-3.404,-23.452,-41.231,125.462,88.063,-104.372,-82.866,72.946,-15.539,72.794,-47.505,41.638,-3.571,-11.647,20.04,-50.815,121.974
392,-26.693,36.517,-73.972,33.842,-20.518,75.211,-61.335,22.625,13.855,-17.895,12.767,-55.175,97.714,-25.458,61.742,-16.548,84.921,82.295,247.02,151.153,-24.908,-122.234,-108.069,16.736,-89.624,34.084,-15.805,-5.678,-59.637,34.802,-24.616,22.242,5.243,-26.517,5.842,29.599,128.353,-155.558,55.408,-49.091,60.272,-58.106,55.79,-16.657,28.849,-63.361,-1.529,48.406,-17.847,7.528,-52.126,45.493,-27.924,49.981,-65.721,25.699,-20.511,40.487,-21.432,-35.58,47.203,-29.906,55.608,-65.63,84.666,-15.039,46.711,18.375,70.717,81.816,229.156,184.456,28.871,-94.751,-164.154,-0.161,-98.48,16.955,3.974,-15.255,-63.27,26.5,-35.918,-3.404,-23.452,-41.231,125.462,88.063,-104.372,-82.866,72.946,-15.539,72.794,-47.505,41.638,-3.571,-11.647,20.04,-50.815,121.974,-54.259
393,36.517,-73.972,33.842,-20.518,75.211,-61.335,22.625,13.855,-17.895,12.767,-55.175,97.714,-25.458,61.742,-16.548,84.921,82.295,247.02,151.153,-24.908,-122.234,-108.069,16.736,-89.624,34.084,-15.805,-5.678,-59.637,34.802,-24.616,22.242,5.243,-26.517,5.842,29.599,128.353,-155.558,55.408,-49.091,60.272,-58.106,55.79,-16.657,28.849,-63.361,-1.529,48.406,-17.847,7.528,-52.126,45.493,-27.924,49.981,-65.721,25.699,-20.511,40.487,-21.432,-35.58,47.203,-29.906,55.608,-65.63,84.666,-15.039,46.711,18.375,70.717,81.816,229.156,184.456,28.871,-94.751,-164.154,-0.161,-98.48,16.955,3.974,-15.255,-63.27,26.5,-35.918,-3.404,-23.452,-41.231,125.462,88.063,-104.372,-82.866,72.946,-15.539,72.794,-47.505,41.638,-3.571,-11.647,20.04,-50.815,121.974,-54.259,42.745
394,-73.972,33.842,-20.518,75.211,-61.335,22.625,13.855,-17.895,12.767,-55.175,97.714,-25.458,61.742,-16.548,84.921,82.295,247.02,151.153,-24.908,-122.234,-108.069,16.736,-89.624,34.084,-15.805,-5.678,-59.637,34.802,-24.616,22.242,5.243,-26.517,5.842,29.599,128.353,-155.558,55.408,-49.091,60.272,-58.106,55.79,-16.657,28.849,-63.361,-1.529,48.406,-17.847,7.528,-52.126,45.493,-27.924,49.981,-65.721,25.699,-20.511,40.487,-21.432,-35.58,47.203,-29.906,55.608,-65.63,84.666,-15.039,46.711,18.375,70.717,81.816,229.156,184.456,28.871,-94.751,-164.154,-0.161,-98.48,16.955,3.974,-15.255,-63.27,26.5,-35.918,-3.404,-23.452,-41.231,125.462,88.063,-104.372,-82.866,72.946,-15.539,72.794,-47.505,41.638,-3.571,-11.647,20.04,-50.815,121.974,-54.259,42.745,-71.338
395,33.842,-20.518,75.211,-61.335,22.625,13.855,-17.895,12.767,-55.175,97.714,-25.458,61.742,-16.548,84.921,82.295,247.02,151.153,-24.908,-122.234,-108.069,16.736,-89.624,34.084,-15.805,-5.678,-59.637,34.802,-24.616,22.242,5.243,-26.517,5.842,29.599,128.353,-155.558,55.408,-49.091,60.272,-58.106,55.79,-16.657,28.849,-63.361,-1.529,48.406,-17.847,7.528,-52.126,45.493,-27.924,49.981,-65.721,25.699,-20.511,40.487,-21.432,-35.58,47.203,-29.906,55.608,-65.63,84.666,-15.039,46.711,18.375,70.717,81.816,229.156,184.456,28.871,-94.751,-164.154,-0.161,-98.48,16.955,3.974,-15.255,-63.27,26.5,-35.918,-3.404,-23.452,-41.231,125.462,88.063,-104.372,-82.866,72.946,-15.539,72.794,-47.505,41.638,-3.571,-11.647,20.04,-50.815,121.974,-54.259,42.745,-71.338,44.57
396,-20.518,75.211,-61.335,22.625,13.855,-17.895,12.767,-55.175,97.714,-25.458,61.742,-16.548,84.921,82.295,247.02,151.153,-24.908,-122.234,-108.069,16.736,-89.624,34.084,-15.805,-5.678,-59.637,34.802,-24.616,22.242,5.243,-26.517,5.842,29.599,128.353,-155.558,55.408,-49.091,60.272,-58.106,55.79,-16.657,28.849,-63.361,-1.529,48.406,-17.847,7.528,-52.126,45.493,-27.924,49.981,-65.721,25.699,-20.511,40.487,-21.432,-35.58,47.203,-29.906,55.608,-65.63,84.666,-15.039,46.711,18.375,70.717,81.816,229.156,184.456,28.871,-94.751,-164.154,-0.161,-98.48,16.955,3.974,-15.255,-63.27,26.5,-35.918,-3.404,-23.452,-41.231,125.462,88.063,-104.372,-82.866,72.946,-15.539,72.794,-47.505,41.638,-3.571,-11.647,20.04,-50.815,121.974,-54.259,42.745,-71.338,44.57,-13.611
397,75.211,-61.335,22.625,13.855,-17.895,12.767,-55.175,97.714,-25.458,61.742,-16.548,84.921,82.295,247.02,151.153,-24.908,-122.234,-108.069,16.736,-89.624,34.084,-15.805,-5.678,-59.637,34.802,-24.616,22.242,5.243,-26.517,5.842,29.599,128.353,-155.558,55.408,-49.091,60.272,-58.106,55.79,-16.657,28.849,-63.361,-1.529,48.406,-17.847,7.528,-52.126,45.493,-27.924,49.981,-65.721,25.699,-20.511,40.487,-21.432,-35.58,47.203,-29.906,55.608,-65.63,84.666,-15.039,46.711,18.375,70.717,81.816,229.156,184.456,28.871,-94.751,-164.154,-0.161,-98.48,16.955,3.974,-15.255,-63.27,26.5,-35.918,-3.404,-23.452,-41.231,125.462,88.063,-104.372,-82.866,72.946,-15.539,72.794,-47.505,41.638,-3.571,-11.647,20.04,-50.815,121.974,-54.259,42.745,-71.338,44.57,-13.611,33.68
398,-61.335,22.625,13.855,-17.895,12.767,-55.175,97.714,-25.458,61.742,-16.548,84.921,82.295,247.02,151.153,-24.908,-122.234,-108.069,16.736,-89.624,34.084,-15.805,-5.678,-59.637,34.802,-24.616,22.242,5.243,-26.517,5.842,29.599,128.353,-155.558,55.408,-49.091,60.272,-58.106,55.79,-16.657,28.849,-63.361,-1.529,48.406,-17.847,7.528,-52.126,45.493,-27.924,49.981,-65.721,25.699,-20.511,40.487,-21.432,-35.58,47.203,-29.906,55.608,-65.63,84.666,-15.039,46.711,18.375,70.717,81.816,229.156,184.456,28.871,-94.751,-164.154,-0.161,-98.48,16.955,3.974,-15.255,-63.27,26.5,-35.918,-3.404,-23.452,-41.231,125.462,88.063,-104.372,-82.866,72.946,-15.539,72.794,-47.505,41.638,-3.571,-11.647,20.04,-50.815,121.974,-54.259,42.745,-71.338,44.57,-13.611,33.68,-42.965
399,22.625,13.855,-17.895,12.767,-55.175,97.714,-25.458,61.742,-16.548,84.921,82.295,247.02,151.153,-24.908,-122.234,-108.069,16.736,-89.624,34.084,-15.805,-5.678,-59.637,34.802,-24.616,22.242,5.243,-26.517,5.842,29.599,128.353,-155.558,55.408,-49.091,60.272,-58.106,55.79,-16.657,28.849,-63.361,-1.529,48.406,-17.847,7.528,-52.126,45.493,-27.924,49.981,-65.721,25.699,-20.511,40.487,-21.432,-35.58,47.203,-29.906,55.608,-65.63,84.666,-15.039,46.711,18.375,70.717,81.816,229.156,184.456,28.871,-94.751,-164.154,-0.161,-98.48,16.955,3.974,-15.255,-63.27,26.5,-35.918,-3.404,-23.452,-41.231,125.462,88.063,-104.372,-82.866,72.946,-15.539,72.794,-47.505,41.638,-3.571,-11.647,20.04,-50.815,121.974,-54.259,42.745,-71.338,44.57,-13.611,33.68,-42.965,-15.627
400,13.855,-17.895,12.767,-55.175,97.714,-25.458,61.742,-16.548,84.921,82.295,247.02,151.153,-24.908,-122.234,-108.069,16.736,-89.624,34.084,-15.805,-5.678,-59.637,34.802,-24.616,22.242,5.243,-26.517,5.842,29.599,128.353,-155.558,55.408,-49.091,60.272,-58.106,55.79,-16.657,28.849,-63.361,-1.529,48.406,-17.847,7.528,-52.126,45.493,-27.924,49.981,-65.721,25.699,-20.511,40.487,-21.432,-35.58,47.203,-29.906,55.608,-65.63,84.666,-15.039,46.711,18.375,70.717,81.816,229.156,184.456,28.871,-94.751,-164.154,-0.161,-98.48,16.955,3.974,-15.255,-63.27,26.5,-35.918,-3.404,-23.452,-41.231,125.462,88.063,-104.372,-82.866,72.946,-15.539,72.794,-47.505,41.638,-3.571,-11.647,20.04,-50.815,121.974,-54.259,42.745,-71.338,44.57,-13.611,33.68,-42.965,-15.627,21.73
401,-17.895,12.767,-55.175,97.714,-25.458,61.742,-16.548,84.921,82.295,247.02,151.153,-24.908,-122.234,-108.069,16.736,-89.624,34.084,-15.805,-5.678,-59.637,34.802,-24.616,22.242,5.243,-26.517,5.842,29.599,128.353,-155.558,55.408,-49.091,60.272,-58.106,55.79,-16.657,28.849,-63.361,-1.529,48.406,-17.847,7.528,-52.126,45.493,-27.924,49.981,-65.721,25.699,-20.511,40.487,-21.432,-35.58,47.203,-29.906,55.608,-65.63,84.666,-15.039,46.711,18.375,70.717,81.816,229.156,184.456,28.871,-94.751,-164.154,-0.161,-98.48,16.955,3.974,-15.255,-63.27,26.5,-35.918,-3.404,-23.452,-41.231,125.462,88.063,-104.372,-82.866,72.946,-15.539,72.794,-47.505,41.638,-3.571,-11.647,20.04,-50.815,121.974,-54.259,42.745,-71.338,44.57,-13.611,33.68,-42.965,-15.627,21.73,-44.88
402,12.767,-55.175,97.714,-25.458,61.742,-16.548,84.921,82.295,247.02,151.153,-24.908,-122.234,-108.069,16.736,-89.624,34.084,-15.805,-5.678,-59.637,34.802,-24.616,22.242,5.243,-26.517,5.842,29.599,128.353,-155.558,55.408,-49.091,60.272,-58.106,55.79,-16.657,28.849,-63.361,-1.529,48.406,-17.847,7.528,-52.126,45.493,-27.924,49.981,-65.721,25.699,-20.511,40.487,-21.432,-35.58,47.203,-29.906,55.608,-65.63,84.666,-15.039,46.711,18.375,70.717,81.816,229.156,184.456,28.871,-94.751,-164.154,-0.161,-98.48,16.955,3.974,-15.255,-63.27,26.5,-35.918,-3.404,-23.452,-41.231,125.462,88.063,-104.372,-82.866,72.946,-15.539,72.794,-47.505,41.638,-3.571,-11.647,20.04,-50.815,121.974,-54.259,42.745,-71.338,44.57,-13.611,33.68,-42.965,-15.627,21.73,-44.88,99.232
403,-55.175,97.714,-25.458,61.742,-16.548,84.921,82.295,247.02,151.153,-24.908,-122.234,-108.069,16.736,-89.624,34.084,-15.805,-5.678,-59.637,34.802,-24.616,22.242,5.243,-26.517,5.842,29.599,128.353,-155.558,55.408,-49.091,60.272,-58.106,55.79,-16.657,28.849,-63.361,-1.529,48.406,-17.847,7.528,-52.126,45.493,-27.924,49.981,-65.721,25.699,-20.511,40.487,-21.432,-35.58,47.203,-29.906,55.608,-65.63,84.666,-15.039,46.711,18.375,70.717,81.816,229.156,184.456,28.871,-94.751,-164.154,-0.161,-98.48,16.955,3.974,-15.255,-63.27,26.5,-35.918,-3.404,-23.452,-41.231,125.462,88.063,-104.372,-82.866,72.946,-15.539,72.794,-47.505,41.638,-3.571,-11.647,20.04,-50.815,121.974,-54.259,42.745,-71.338,44.57,-13.611,33.68,-42.965,-15.627,21.73,-44.88,99.232,-107.849
404,97.714,-25.458,61.742,-16.548,84.921,82.295,247.02,151.153,-24.908,-122.234,-108.069,16.736,-89.624,34.084,-15.805,-5.678,-59.637,34.802,-24.616,22.242,5.243,-26.517,5.842,29.599,128.353,-155.558,55.408,-49.091,60.272,-58.106,55.79,-16.657,28.849,-63.361,-1.529,48.406,-17.847,7.528,-52.126,45.493,-27.924,49.981,-65.721,25.699,-20.511,40.487,-21.432,-35.58,47.203,-29.906,55.608,-65.63,84.666,-15.039,46.711,18.375,70.717,81.816,229.156,184.456,28.871,-94.751,-164.154,-0.161,-98.48,16.955,3.974,-15.255,-63.27,26.5,-35.918,-3.404,-23.452,-41.231,125.462,88.063,-104.372,-82.866,72.946,-15.539,72.794,-47.505,41.638,-3.571,-11.647,20.04,-50.815,121.974,-54.259,42.745,-71.338,44.57,-13.611,33.68,-42.965,-15.627,21.73,-44.88,99.232,-107.849,80.554
405,-25.458,61.742,-16.548,84.921,82.295,247.02,151.153,-24.908,-122.234,-108.069,16.736,-89.624,34.084,-15.805,-5.678,-59.637,34.802,-24.616,22.242,5.243,-26.517,5.842,29.599,128.353,-155.558,55.408,-49.091,60.272,-58.106,55.79,-16.657,28.849,-63.361,-1.529,48.406,-17.847,7.528,-52.126,45.493,-27.924,49.981,-65.721,25.699,-20.511,40.487,-21.432,-35.58,47.203,-29.906,55.608,-65.63,84.666,-15.039,46.711,18.375,70.717,81.816,229.156,184.456,28.871,-94.751,-164.154,-0.161,-98.48,16.955,3.974,-15.255,-63.27,26.5,-35.918,-3.404,-23.452,-41.231,125.462,88.063,-104.372,-82.866,72.946,-15.539,72.794,-47.505,41.638,-3.571,-11.647,20.04,-50.815,121.974,-54.259,42.745,-71.338,44.57,-13.611,33.68,-42.965,-15.627,21.73,-44.88,99.232,-107.849,80.554,-49.871
406,61.742,-16.548,84.921,82.295,247.02,151.153,-24.908,-122.234,-108.069,16.736,-89.624,34.084,-15.805,-5.678,-59.637,34.802,-24.616,22.242,5.243,-26.517,5.842,29.599,128.353,-155.558,55.408,-49.091,60.272,-58.106,55.79,-16.657,28.849,-63.361,-1.529,48.406,-17.847,7.528,-52.126,45.493,-27.924,49.981,-65.721,25.699,-20.511,40.487,-21.432,-35.58,47.203,-29.906,55.608,-65.63,84.666,-15.039,46.711,18.375,70.717,81.816,229.156,184.456,28.871,-94.751,-164.154,-0.161,-98.48,16.955,3.974,-15.255,-63.27,26.5,-35.918,-3.404,-23.452,-41.231,125.462,88.063,-104.372,-82.866,72.946,-15.539,72.794,-47.505,41.638,-3.571,-11.647,20.04,-50.815,121.974,-54.259,42.745,-71.338,44.57,-13.611,33.68,-42.965,-15.627,21.73,-44.88,99.232,-107.849,80.554,-49.871,65.663
407,-16.548,84.921,82.295,247.02,151.153,-24.908,-122.234,-108.069,16.736,-89.624,34.084,-15.805,-5.678,-59.637,34.802,-24.616,22.242,5.243,-26.517,5.842,29.599,128.353,-155.558,55.408,-49.091,60.272,-58.106,55.79,-16.657,28.849,-63.361,-1.529,48.406,-17.847,7.528,-52.126,45.493,-27.924,49.981,-65.721,25.699,-20.511,40.487,-21.432,-35.58,47.203,-29.906,55.608,-65.63,84.666,-15.039,46.711,18.375,70.717,81.816,229.156,184.456,28.871,-94.751,-164.154,-0.161,-98.48,16.955,3.974,-15.255,-63.27,26.5,-35.918,-3.404,-23.452,-41.231,125.462,88.063,-104.372,-82.866,72.946,-15.539,72.794,-47.505,41.638,-3.571,-11.647,20.04,-50.815,121.974,-54.259,42.745,-71.338,44.57,-13.611,33.68,-42.965,-15.627,21.73,-44.88,99.232,-107.849,80.554,-49.871,65.663,-64.015
408,84.921,82.295,247.02,151.153,-24.908,-122.234,-108.069,16.736,-89.624,34.084,-15.805,-5.678,-59.637,34.802,-24.616,22.242,5.243,-26.517,5.842,29.599,128.353,-155.558,55.408,-49.091,60.272,-58.106,55.79,-16.657,28.849,-63.361,-1.529,48.406,-17.847,7.528,-52.126,45.493,-27.924,49.981,-65.721,25.699,-20.511,40.487,-21.432,-35.58,47.203,-29.906,55.608,-65.63,84.666,-15.039,46.711,18.375,70.717,81.816,229.156,184.456,28.871,-94.751,-164.154,-0.161,-98.48,16.955,3.974,-15.255,-63.27,26.5,-35.918,-3.404,-23.452,-41.231,125.462,88.063,-104.372,-82.866,72.946,-15.539,72.794,-47.505,41.638,-3.571,-11.647,20.04,-50.815,121.974,-54.259,42.745,-71.338,44.57,-13.611,33.68,-42.965,-15.627,21.73,-44.88,99.232,-107.849,80.554,-49.871,65.663,-64.015,70.157
409,82.295,247.02,151.153,-24.908,-122.234,-108.069,16.736,-89.624,34.084,-15.805,-5.678,-59.637,34.802,-24.616,22.242,5.243,-26.517,5.842,29.599,128.353,-155.558,55.408,-49.091,60.272,-58.106,55.79,-16.657,28.849,-63.361,-1.529,48.406,-17.847,7.528,-52.126,45.493,-27.924,49.981,-65.721,25.699,-20.511,40.487,-21.432,-35.58,47.203,-29.906,55.608,-65.63,84.666,-15.039,46.711,18.375,70.717,81.816,229.156,184.456,28.871,-94.751,-164.154,-0.161,-98.48,16.955,3.974,-15.255,-63.27,26.5,-35.918,-3.404,-23.452,-41.231,125.462,88.063,-104.372,-82.866,72.946,-15.539,72.794,-47.505,41.638,-3.571,-11.647,20.04,-50.815,121.974,-54.259,42.745,-71.338,44.57,-13.611,33.68,-42.965,-15.627,21.73,-44.88,99.232,-107.849,80.554,-49.871,65.663,-64.015,70.157,-3.547
410,247.02,151.153,-24.908,-122.234,-108.069,16.736,-89.624,34.084,-15.805,-5.678,-59.637,34.802,-24.616,22.242,5.243,-26.517,5.842,29.599,128.353,-155.558,55.408,-49.091,60.272,-58.106,55.79,-16.657,28.849,-63.361,-1.529,48.406,-17.847,7.528,-52.126,45.493,-27.924,49.981,-65.721,25.699,-20.511,40.487,-21.432,-35.58,47.203,-29.906,55.608,-65.63,84.666,-15.039,46.711,18.375,70.717,81.816,229.156,184.456,28.871,-94.751,-164.154,-0.161,-98.48,16.955,3.974,-15.255,-63.27,26.5,-35.918,-3.404,-23.452,-41.231,125.462,88.063,-104.372,-82.866,72.946,-15.539,72.794,-47.505,41.638,-3.571,-11.647,20.04,-50.815,121.974,-54.259,42.745,-71.338,44.57,-13.611,33.68,-42.965,-15.627,21.73,-44.88,99.232,-107.849,80.554,-49.871,65.663,-64.015,70.157,-3.547,32.138
411,151.153,-24.908,-122.234,-108.069,16.736,-89.624,34.084,-15.805,-5.678,-59.637,34.802,-24.616,22.242,5.243,-26.517,5.842,29.599,128.353,-155.558,55.408,-49.091,60.272,-58.106,55.79,-16.657,28.849,-63.361,-1.529,48.406,-17.847,7.528,-52.126,45.493,-27.924,49.981,-65.721,25.699,-20.511,40.487,-21.432,-35.58,47.203,-29.906,55.608,-65.63,84.666,-15.039,46.711,18.375,70.717,81.816,229.156,184.456,28.871,-94.751,-164.154,-0.161,-98.48,16.955,3.974,-15.255,-63.27,26.5,-35.918,-3.404,-23.452,-41.231,125.462,88.063,-104.372,-82.866,72.946,-15.539,72.794,-47.505,41.638,-3.571,-11.647,20.04,-50.815,121.974,-54.259,42.745,-71.338,44.57,-13.611,33.68,-42.965,-15.627,21.73,-44.88,99.232,-107.849,80.554,-49.871,65.663,-64.015,70.157,-3.547,32.138,-4.223
412,-24.908,-122.234,-108.069,16.736,-89.624,34.084,-15.805,-5.678,-59.637,34.802,-24.616,22.242,5.243,-26.517,5.842,29.599,128.353,-155.558,55.408,-49.091,60.272,-58.106,55.79,-16.657,28.849,-63.361,-1.529,48.406,-17.847,7.528,-52.126,45.493,-27.924,49.981,-65.721,25.699,-20.511,40.487,-21.432,-35.58,47.203,-29.906,55.608,-65.63,84.666,-15.039,46.711,18.375,70.717,81.816,229.156,184.456,28.871,-94.751,-164.154,-0.161,-98.48,16.955,3.974,-15.255,-63.27,26.5,-35.918,-3.404,-23.452,-41.231,125.462,88.063,-104.372,-82.866,72.946,-15.539,72.794,-47.505,41.638,-3.571,-11.647,20.04,-50.815,121.974,-54.259,42.745,-71.338,44.57,-13.611,33.68,-42.965,-15.627,21.73,-44.88,99.232,-107.849,80.554,-49.871,65.663,-64.015,70.157,-3.547,32.138,-4.223,33.406
413,-122.234,-108.069,16.736,-89.624,34.084,-15.805,-5.678,-59.637,34.802,-24.616,22.242,5.243,-26.517,5.842,29.599,128.353,-155.558,55.408,-49.091,60.272,-58.106,55.79,-16.657,28.849,-63.361,-1.529,48.406,-17.847,7.528,-52.126,45.493,-27.924,49.981,-65.721,25.699,-20.511,40.487,-21.432,-35.58,47.203,-29.906,55.608,-65.63,84.666,-15.039,46.711,18.375,70.717,81.816,229.156,184.456,28.871,-94.751,-164.154,-0.161,-98.48,16.955,3.974,-15.255,-63.27,26.5,-35.918,-3.404,-23.452,-41.231,125.462,88.063,-104.372,-82.866,72.946,-15.539,72.794,-47.505,41.638,-3.571,-11.647,20.04,-50.815,121.974,-54.259,42.745,-71.338,44.57,-13.611,33.68,-42.965,-15.627,21.73,-44.88,99.232,-107.849,80.554,-49.871,65.663,-64.015,70.157,-3.547,32.138,-4.223,33.406,143.036
414,-108.069,16.736,-89.624,34.084,-15.805,-5.678,-59.637,34.802,-24.616,22.242,5.243,-26.517,5.842,29.599,128.353,-155.558,55.408,-49.091,60.272,-58.106,55.79,-16.657,28.849,-63.361,-1.529,48.406,-17.847,7.528,-52.126,45.493,-27.924,49.981,-65.721,25.699,-20.511,40.487,-21.432,-35.58,47.203,-29.906,55.608,-65.63,84.666,-15.039,46.711,18.375,70.717,81.816,229.156,184.456,28.871,-94.751,-164.154,-0.161,-98.48,16.955,3.974,-15.255,-63.27,26.5,-35.918,-3.404,-23.452,-41.231,125.462,88.063,-104.372,-82.866,72.946,-15.539,72.794,-47.505,41.638,-3.571,-11.647,20.04,-50.815,121.974,-54.259,42.745,-71.338,44.57,-13.611,33.68,-42.965,-15.627,21.73,-44.88,99.232,-107.849,80.554,-49.871,65.663,-64.015,70.157,-3.547,32.138,-4.223,33.406,143.036,150.26
415,16.736,-89.624,34.084,-15.805,-5.678,-59.637,34.802,-24.616,22.242,5.243,-26.517,5.842,29.599,128.353,-155.558,55.408,-49.091,60.272,-58.106,55.79,-16.657,28.849,-63.361,-1.529,48.406,-17.847,7.528,-52.126,45.493,-27.924,49.981,-65.721,25.699,-20.511,40.487,-21.432,-35.58,47.203,-29.906,55.608,-65.63,84.666,-15.039,46.711,18.375,70.717,81.816,229.156,184.456,28.871,-94.751,-164.154,-0.161,-98.48,16.955,3.974,-15.255,-63.27,26.5,-35.918,-3.404,-23.452,-41.231,125.462,88.063,-104.372,-82.866,72.946,-15.539,72.794,-47.505,41.638,-3.571,-11.647,20.04,-50.815,121.974,-54.259,42.745,-71.338,44.57,-13.611,33.68,-42.965,-15.627,21.73,-44.88,99.232,-107.849,80.554,-49.871,65.663,-64.015,70.157,-3.547,32.138,-4.223,33.406,143.036,150.26,291.615
416,-89.624,34.084,-15.805,-5.678,-59.637,34.802,-24.616,22.242,5.243,-26.517,5.842,29.599,128.353,-155.558,55.408,-49.091,60.272,-58.106,55.79,-16.657,28.849,-63.361,-1.529,48.406,-17.847,7.528,-52.126,45.493,-27.924,49.981,-65.721,25.699,-20.511,40.487,-21.432,-35.58,47.203,-29.906,55.608,-65.63,84.666,-15.039,46.711,18.375,70.717,81.816,229.156,184.456,28.871,-94.751,-164.154,-0.161,-98.48,16.955,3.974,-15.255,-63.27,26.5,-35.918,-3.404,-23.452,-41.231,125.462,88.063,-104.372,-82.866,72.946,-15.539,72.794,-47.505,41.638,-3.571,-11.647,20.04,-50.815,121.974,-54.259,42.745,-71.338,44.57,-13.611,33.68,-42.965,-15.627,21.73,-44.88,99.232,-107.849,80.554,-49.871,65.663,-64.015,70.157,-3.547,32.138,-4.223,33.406,143.036,150.26,291.615,24.466
417,34.084,-15.805,-5.678,-59.637,34.802,-24.616,22.242,5.243,-26.517,5.842,29.599,128.353,-155.558,55.408,-49.091,60.272,-58.106,55.79,-16.657,28.849,-63.361,-1.529,48.406,-17.847,7.528,-52.126,45.493,-27.924,49.981,-65.721,25.699,-20.511,40.487,-21.432,-35.58,47.203,-29.906,55.608,-65.63,84.666,-15.039,46.711,18.375,70.717,81.816,229.156,184.456,28.871,-94.751,-164.154,-0.161,-98.48,16.955,3.974,-15.255,-63.27,26.5,-35.918,-3.404,-23.452,-41.231,125.462,88.063,-104.372,-82.866,72.946,-15.539,72.794,-47.505,41.638,-3.571,-11.647,20.04,-50.815,121.974,-54.259,42.745,-71.338,44.57,-13.611,33.68,-42.965,-15.627,21.73,-44.88,99.232,-107.849,80.554,-49.871,65.663,-64.015,70.157,-3.547,32.138,-4.223,33.406,143.036,150.26,291.615,24.466,-117.567
418,-15.805,-5.678,-59.637,34.802,-24.616,22.242,5.243,-26.517,5.842,29.599,128.353,-155.558,55.408,-49.091,60.272,-58.106,55.79,-16.657,28.849,-63.361,-1.529,48.406,-17.847,7.528,-52.126,45.493,-27.924,49.981,-65.721,25.699,-20.511,40.487,-21.432,-35.58,47.203,-29.906,55.608,-65.63,84.666,-15.039,46.711,18.375,70.717,81.816,229.156,184.456,28.871,-94.751,-164.154,-0.161,-98.48,16.955,3.974,-15.255,-63.27,26.5,-35.918,-3.404,-23.452,-41.231,125.462,88.063,-104.372,-82.866,72.946,-15.539,72.794,-47.505,41.638,-3.571,-11.647,20.04,-50.815,121.974,-54.259,42.745,-71.338,44.57,-13.611,33.68,-42.965,-15.627,21.73,-44.88,99.232,-107.849,80.554,-49.871,65.663,-64.015,70.157,-3.547,32.138,-4.223,33.406,143.036,150.26,291.615,24.466,-117.567,-102.784
419,-5.678,-59.637,34.802,-24.616,22.242,5.243,-26.517,5.842,29.599,128.353,-155.558,55.408,-49.091,60.272,-58.106,55.79,-16.657,28.849,-63.361,-1.529,48.406,-17.847,7.528,-52.126,45.493,-27.924,49.981,-65.721,25.699,-20.511,40.487,-21.432,-35.58,47.203,-29.906,55.608,-65.63,84.666,-15.039,46.711,18.375,70.717,81.816,229.156,184.456,28.871,-94.751,-164.154,-0.161,-98.48,16.955,3.974,-15.255,-63.27,26.5,-35.918,-3.404,-23.452,-41.231,125.462,88.063,-104.372,-82.866,72.946,-15.539,72.794,-47.505,41.638,-3.571,-11.647,20.04,-50.815,121.974,-54.259,42.745,-71.338,44.57,-13.611,33.68,-42.965,-15.627,21.73,-44.88,99.232,-107.849,80.554,-49.871,65.663,-64.015,70.157,-3.547,32.138,-4.223,33.406,143.036,150.26,291.615,24.466,-117.567,-102.784,-33.111
420,-59.637,34.802,-24.616,22.242,5.243,-26.517,5.842,29.599,128.353,-155.558,55.408,-49.091,60.272,-58.106,55.79,-16.657,28.849,-63.361,-1.529,48.406,-17.847,7.528,-52.126,45.493,-27.924,49.981,-65.721,25.699,-20.511,40.487,-21.432,-35.58,47.203,-29.906,55.608,-65.63,84.666,-15.039,46.711,18.375,70.717,81.816,229.156,184.456,28.871,-94.751,-164.154,-0.161,-98.48,16.955,3.974,-15.255,-63.27,26.5,-35.918,-3.404,-23.452,-41.231,125.462,88.063,-104.372,-82.866,72.946,-15.539,72.794,-47.505,41.638,-3.571,-11.647,20.04,-50.815,121.974,-54.259,42.745,-71.338,44.57,-13.611,33.68,-42.965,-15.627,21.73,-44.88,99.232,-107.849,80.554,-49.871,65.663,-64.015,70.157,-3.547,32.138,-4.223,33.406,143.036,150.26,291.615,24.466,-117.567,-102.784,-33.111,-79.96
421,34.802,-24.616,22.242,5.243,-26.517,5.842,29.599,128.353,-155.558,55.408,-49.091,60.272,-58.106,55.79,-16.657,28.849,-63.361,-1.529,48.406,-17.847,7.528,-52.126,45.493,-27.924,49.981,-65.721,25.699,-20.511,40.487,-21.432,-35.58,47.203,-29.906,55.608,-65.63,84.666,-15.039,46.711,18.375,70.717,81.816,229.156,184.456,28.871,-94.751,-164.154,-0.161,-98.48,16.955,3.974,-15.255,-63.27,26.5,-35.918,-3.404,-23.452,-41.231,125.462,88.063,-104.372,-82.866,72.946,-15.539,72.794,-47.505,41.638,-3.571,-11.647,20.04,-50.815,121.974,-54.259,42.745,-71.338,44.57,-13.611,33.68,-42.965,-15.627,21.73,-44.88,99.232,-107.849,80.554,-49.871,65.663,-64.015,70.157,-3.547,32.138,-4.223,33.406,143.036,150.26,291.615,24.466,-117.567,-102.784,-33.111,-79.96,-3.491
422,-24.616,22.242,5.243,-26.517,5.842,29.599,128.353,-155.558,55.408,-49.091,60.272,-58.106,55.79,-16.657,28.849,-63.361,-1.529,48.406,-17.847,7.528,-52.126,45.493,-27.924,49.981,-65.721,25.699,-20.511,40.487,-21.432,-35.58,47.203,-29.906,55.608,-65.63,84.666,-15.039,46.711,18.375,70.717,81.816,229.156,184.456,28.871,-94.751,-164.154,-0.161,-98.48,16.955,3.974,-15.255,-63.27,26.5,-35.918,-3.404,-23.452,-41.231,125.462,88.063,-104.372,-82.866,72.946,-15.539,72.794,-47.505,41.638,-3.571,-11.647,20.04,-50.815,121.974,-54.259,42.745,-71.338,44.57,-13.611,33.68,-42.965,-15.627,21.73,-44.88,99.232,-107.849,80.554,-49.871,65.663,-64.015,70.157,-3.547,32.138,-4.223,33.406,143.036,150.26,291.615,24.466,-117.567,-102.784,-33.111,-79.96,-3.491,-31.091
423,22.242,5.243,-26.517,5.842,29.599,128.353,-155.558,55.408,-49.091,60.272,-58.106,55.79,-16.657,28.849,-63.361,-1.529,48.406,-17.847,7.528,-52.126,45.493,-27.924,49.981,-65.721,25.699,-20.511,40.487,-21.432,-35.58,47.203,-29.906,55.608,-65.63,84.666,-15.039,46.711,18.375,70.717,81.816,229.156,184.456,28.871,-94.751,-164.154,-0.161,-98.48,16.955,3.974,-15.255,-63.27,26.5,-35.918,-3.404,-23.452,-41.231,125.462,88.063,-104.372,-82.866,72.946,-15.539,72.794,-47.505,41.638,-3.571,-11.647,20.04,-50.815,121.974,-54.259,42.745,-71.338,44.57,-13.611,33.68,-42.965,-15.627,21.73,-44.88,99.232,-107.849,80.554,-49.871,65.663,-64.015,70.157,-3.547,32.138,-4.223,33.406,143.036,150.26,291.615,24.466,-117.567,-102.784,-33.111,-79.96,-3.491,-31.091,-32.533
424,5.243,-26.517,5.842,29.599,128.353,-155.558,55.408,-49.091,60.272,-58.106,55.79,-16.657,28.849,-63.361,-1.529,48.406,-17.847,7.528,-52.126,45.493,-27.924,49.981,-65.721,25.699,-20.511,40.487,-21.432,-35.58,47.203,-29.906,55.608,-65.63,84.666,-15.039,46.711,18.375,70.717,81.816,229.156,184.456,28.871,-94.751,-164.154,-0.161,-98.48,16.955,3.974,-15.255,-63.27,26.5,-35.918,-3.404,-23.452,-41.231,125.462,88.063,-104.372,-82.866,72.946,-15.539,72.794,-47.505,41.638,-3.571,-11.647,20.04,-50.815,121.974,-54.259,42.745,-71.338,44.57,-13.611,33.68,-42.965,-15.627,21.73,-44.88,99.232,-107.849,80.554,-49.871,65.663,-64.015,70.157,-3.547,32.138,-4.223,33.406,143.036,150.26,291.615,24.466,-117.567,-102.784,-33.111,-79.96,-3.491,-31.091,-32.533,-10.798
425,-26.517,5.842,29.599,128.353,-155.558,55.408,-49.091,60.272,-58.106,55.79,-16.657,28.849,-63.361,-1.529,48.406,-17.847,7.528,-52.126,45.493,-27.924,49.981,-65.721,25.699,-20.511,40.487,-21.432,-35.58,47.203,-29.906,55.608,-65.63,84.666,-15.039,46.711,18.375,70.717,81.816,229.156,184.456,28.871,-94.751,-164.154,-0.161,-98.48,16.955,3.974,-15.255,-63.27,26.5,-35.918,-3.404,-23.452,-41.231,125.462,88.063,-104.372,-82.866,72.946,-15.539,72.794,-47.505,41.638,-3.571,-11.647,20.04,-50.815,121.974,-54.259,42.745,-71.338,44.57,-13.611,33.68,-42.965,-15.627,21.73,-44.88,99.232,-107.849,80.554,-49.871,65.663,-64.015,70.157,-3.547,32.138,-4.223,33.406,143.036,150.26,291.615,24.466,-117.567,-102.784,-33.111,-79.96,-3.491,-31.091,-32.533,-10.798,-26.035
426,5.842,29.599,128.353,-155.558,55.408,-49.091,60.272,-58.106,55.79,-16.657,28.849,-63.361,-1.529,48.406,-17.847,7.528,-52.126,45.493,-27.924,49.981,-65.721,25.699,-20.511,40.487,-21.432,-35.58,47.203,-29.906,55.608,-65.63,84.666,-15.039,46.711,18.375,70.717,81.816,229.156,184.456,28.871,-94.751,-164.154,-0.161,-98.48,16.955,3.974,-15.255,-63.27,26.5,-35.918,-3.404,-23.452,-41.231,125.462,88.063,-104.372,-82.866,72.946,-15.539,72.794,-47.505,41.638,-3.571,-11.647,20.04,-50.815,121.974,-54.259,42.745,-71.338,44.57,-13.611,33.68,-42.965,-15.627,21.73,-44.88,99.232,-107.849,80.554,-49.871,65.663,-64.015,70.157,-3.547,32.138,-4.223,33.406,143.036,150.26,291.615,24.466,-117.567,-102.784,-33.111,-79.96,-3.491,-31.091,-32.533,-10.798,-26.035,-0.786
427,29.599,128.353,-155.558,55.408,-49.091,60.272,-58.106,55.79,-16.657,28.849,-63.361,-1.529,48.406,-17.847,7.528,-52.126,45.493,-27.924,49.981,-65.721,25.699,-20.511,40.487,-21.432,-35.58,47.203,-29.906,55.608,-65.63,84.666,-15.039,46.711,18.375,70.717,81.816,229.156,184.456,28.871,-94.751,-164.154,-0.161,-98.48,16.955,3.974,-15.255,-63.27,26.5,-35.918,-3.404,-23.452,-41.231,125.462,88.063,-104.372,-82.866,72.946,-15.539,72.794,-47.505,41.638,-3.571,-11.647,20.04,-50.815,121.974,-54.259,42.745,-71.338,44.57,-13.611,33.68,-42.965,-15.627,21.73,-44.88,99.232,-107.849,80.554,-49.871,65.663,-64.015,70.157,-3.547,32.138,-4.223,33.406,143.036,150.26,291.615,24.466,-117.567,-102.784,-33.111,-79.96,-3.491,-31.091,-32.533,-10.798,-26.035,-0.786,-25.37
428,128.353,-155.558,55.408,-49.091,60.272,-58.106,55.79,-16.657,28.849,-63.361,-1.529,48.406,-17.847,7.528,-52.126,45.493,-27.924,49.981,-65.721,25.699,-20.511,40.487,-21.432,-35.58,47.203,-29.906,55.608,-65.63,84.666,-15.039,46.711,18.375,70.717,81.816,229.156,184.456,28.871,-94.751,-164.154,-0.161,-98.48,16.955,3.974,-15.255,-63.27,26.5,-35.918,-3.404,-23.452,-41.231,125.462,88.063,-104.372,-82.866,72.946,-15.539,72.794,-47.505,41.638,-3.571,-11.647,20.04,-50.815,121.974,-54.259,42.745,-71.338,44.57,-13.611,33.68,-42.965,-15.627,21.73,-44.88,99.232,-107.849,80.554,-49.871,65.663,-64.015,70.157,-3.547,32.138,-4.223,33.406,143.036,150.26,291.615,24.466,-117.567,-102.784,-33.111,-79.96,-3.491,-31.091,-32.533,-10.798,-26.035,-0.786,-25.37,142.956
429,-155.558,55.408,-49.091,60.272,-58.106,55.79,-16.657,28.849,-63.361,-1.529,48.406,-17.847,7.528,-52.126,45.493,-27.924,49.981,-65.721,25.699,-20.511,40.487,-21.432,-35.58,47.203,-29.906,55.608,-65.63,84.666,-15.039,46.711,18.375,70.717,81.816,229.156,184.456,28.871,-94.751,-164.154,-0.161,-98.48,16.955,3.974,-15.255,-63.27,26.5,-35.918,-3.404,-23.452,-41.231,125.462,88.063,-104.372,-82.866,72.946,-15.539,72.794,-47.505,41.638,-3.571,-11.647,20.04,-50.815,121.974,-54.259,42.745,-71.338,44.57,-13.611,33.68,-42.965,-15.627,21.73,-44.88,99.232,-107.849,80.554,-49.871,65.663,-64.015,70.157,-3.547,32.138,-4.223,33.406,143.036,150.26,291.615,24.466,-117.567,-102.784,-33.111,-79.96,-3.491,-31.091,-32.533,-10.798,-26.035,-0.786,-25.37,142.956,67.065
430,55.408,-49.091,60.272,-58.106,55.79,-16.657,28.849,-63.361,-1.529,48.406,-17.847,7.528,-52.126,45.493,-27.924,49.981,-65.721,25.699,-20.511,40.487,-21.432,-35.58,47.203,-29.906,55.608,-65.63,84.666,-15.039,46.711,18.375,70.717,81.816,229.156,184.456,28.871,-94.751,-164.154,-0.161,-98.48,16.955,3.974,-15.255,-63.27,26.5,-35.918,-3.404,-23.452,-41.231,125.462,88.063,-104.372,-82.866,72.946,-15.539,72.794,-47.505,41.638,-3.571,-11.647,20.04,-50.815,121.974,-54.259,42.745,-71.338,44.57,-13.611,33.68,-42.965,-15.627,21.73,-44.88,99.232,-107.849,80.554,-49.871,65.663,-64.015,70.157,-3.547,32.138,-4.223,33.406,143.036,150.26,291.615,24.466,-117.567,-102.784,-33.111,-79.96,-3.491,-31.091,-32.533,-10.798,-26.035,-0.786,-25.37,142.956,67.065,-138.858
431,-49.091,60.272,-58.106,55.79,-16.657,28.849,-63.361,-1.529,48.406,-17.847,7.528,-52.126,45.493,-27.924,49.981,-65.721,25.699,-20.511,40.487,-21.432,-35.58,47.203,-29.906,55.608,-65.63,84.666,-15.039,46.711,18.375,70.717,81.816,229.156,184.456,28.871,-94.751,-164.154,-0.161,-98.48,16.955,3.974,-15.255,-63.27,26.5,-35.918,-3.404,-23.452,-41.231,125.462,88.063,-104.372,-82.866,72.946,-15.539,72.794,-47.505,41.638,-3.571,-11.647,20.04,-50.815,121.974,-54.259,42.745,-71.338,44.57,-13.611,33.68,-42.965,-15.627,21.73,-44.88,99.232,-107.849,80.554,-49.871,65.663,-64.015,70.157,-3.547,32.138,-4.223,33.406,143.036,150.26,291.615,24.466,-117.567,-102.784,-33.111,-79.96,-3.491,-31.091,-32.533,-10.798,-26.035,-0.786,-25.37,142.956,67.065,-138.858,-89.065
432,60.272,-58.106,55.79,-16.657,28.849,-63.361,-1.529,48.406,-17.847,7.528,-52.126,45.493,-27.924,49.981,-65.721,25.699,-20.511,40.487,-21.432,-35.58,47.203,-29.906,55.608,-65.63,84.666,-15.039,46.711,18.375,70.717,81.816,229.156,184.456,28.871,-94.751,-164.154,-0.161,-98.48,16.955,3.974,-15.255,-63.27,26.5,-35.918,-3.404,-23.452,-41.231,125.462,88.063,-104.372,-82.866,72.946,-15.539,72.794,-47.505,41.638,-3.571,-11.647,20.04,-50.815,121.974,-54.259,42.745,-71.338,44.57,-13.611,33.68,-42.965,-15.627,21.73,-44.88,99.232,-107.849,80.554,-49.871,65.663,-64.015,70.157,-3.547,32.138,-4.223,33.406,143.036,150.26,291.615,24.466,-117.567,-102.784,-33.111,-79.96,-3.491,-31.091,-32.533,-10.798,-26.035,-0.786,-25.37,142.956,67.065,-138.858,-89.065,32.439
433,-58.106,55.79,-16.657,28.849,-63.361,-1.529,48.406,-17.847,7.528,-52.126,45.493,-27.924,49.981,-65.721,25.699,-20.511,40.487,-21.432,-35.58,47.203,-29.906,55.608,-65.63,84.666,-15.039,46.711,18.375,70.717,81.816,229.156,184.456,28.871,-94.751,-164.154,-0.161,-98.48,16.955,3.974,-15.255,-63.27,26.5,-35.918,-3.404,-23.452,-41.231,125.462,88.063,-104.372,-82.866,72.946,-15.539,72.794,-47.505,41.638,-3.571,-11.647,20.04,-50.815,121.974,-54.259,42.745,-71.338,44.57,-13.611,33.68,-42.965,-15.627,21.73,-44.88,99.232,-107.849,80.554,-49.871,65.663,-64.015,70.157,-3.547,32.138,-4.223,33.406,143.036,150.26,291.615,24.466,-117.567,-102.784,-33.111,-79.96,-3.491,-31.091,-32.533,-10.798,-26.035,-0.786,-25.37,142.956,67.065,-138.858,-89.065,32.439,-63.808
434,55.79,-16.657,28.849,-63.361,-1.529,48.406,-17.847,7.528,-52.126,45.493,-27.924,49.981,-65.721,25.699,-20.511,40.487,-21.432,-35.58,47.203,-29.906,55.608,-65.63,84.666,-15.039,46.711,18.375,70.717,81.816,229.156,184.456,28.871,-94.751,-164.154,-0.161,-98.48,16.955,3.974,-15.255,-63.27,26.5,-35.918,-3.404,-23.452,-41.231,125.462,88.063,-104.372,-82.866,72.946,-15.539,72.794,-47.505,41.638,-3.571,-11.647,20.04,-50.815,121.974,-54.259,42.745,-71.338,44.57,-13.611,33.68,-42.965,-15.627,21.73,-44.88,99.232,-107.849,80.554,-49.871,65.663,-64.015,70.157,-3.547,32.138,-4.223,33.406,143.036,150.26,291.615,24.466,-117.567,-102.784,-33.111,-79.96,-3.491,-31.091,-32.533,-10.798,-26.035,-0.786,-25.37,142.956,67.065,-138.858,-89.065,32.439,-63.808,63.387
435,-16.657,28.849,-63.361,-1.529,48.406,-17.847,7.528,-52.126,45.493,-27.924,49.981,-65.721,25.699,-20.511,40.487,-21.432,-35.58,47.203,-29.906,55.608,-65.63,84.666,-15.039,46.711,18.375,70.717,81.816,229.156,184.456,28.871,-94.751,-164.154,-0.161,-98.48,16.955,3.974,-15.255,-63.27,26.5,-35.918,-3.404,-23.452,-41.231,125.462,88.063,-104.372,-82.866,72.946,-15.539,72.794,-47.505,41.638,-3.571,-11.647,20.04,-50.815,121.974,-54.259,42.745,-71.338,44.57,-13.611,33.68,-42.965,-15.627,21.73,-44.88,99.232,-107.849,80.554,-49.871,65.663,-64.015,70.157,-3.547,32.138,-4.223,33.406,143.036,150.26,291.615,24.466,-117.567,-102.784,-33.111,-79.96,-3.491,-31.091,-32.533,-10.798,-26.035,-0.786,-25.37,142.956,67.065,-138.858,-89.065,32.439,-63.808,63.387,-12.424
436,28.849,-63.361,-1.529,48.406,-17.847,7.528,-52.126,45.493,-27.924,49.981,-65.721,25.699,-20.511,40.487,-21.432,-35.58,47.203,-29.906,55.608,-65.63,84.666,-15.039,46.711,18.375,70.717,81.816,229.156,184.456,28.871,-94.751,-164.154,-0.161,-98.48,16.955,3.974,-15.255,-63.27,26.5,-35.918,-3.404,-23.452,-41.231,125.462,88.063,-104.372,-82.866,72.946,-15.539,72.794,-47.505,41.638,-3.571,-11.647,20.04,-50.815,121.974,-54.259,42.745,-71.338,44.57,-13.611,33.68,-42.965,-15.627,21.73,-44.88,99.232,-107.849,80.554,-49.871,65.663,-64.015,70.157,-3.547,32.138,-4.223,33.406,143.036,150.26,291.615,24.466,-117.567,-102.784,-33.111,-79.96,-3.491,-31.091,-32.533,-10.798,-26.035,-0.786,-25.37,142.956,67.065,-138.858,-89.065,32.439,-63.808,63.387,-12.424,63.836
437,-63.361,-1.529,48.406,-17.847,7.528,-52.126,45.493,-27.924,49.981,-65.721,25.699,-20.511,40.487,-21.432,-35.58,47.203,-29.906,55.608,-65.63,84.666,-15.039,46.711,18.375,70.717,81.816,229.156,184.456,28.871,-94.751,-164.154,-0.161,-98.48,16.955,3.974,-15.255,-63.27,26.5,-35.918,-3.404,-23.452,-41.231,125.462,88.063,-104.372,-82.866,72.946,-15.539,72.794,-47.505,41.638,-3.571,-11.647,20.04,-50.815,121.974,-54.259,42.745,-71.338,44.57,-13.611,33.68,-42.965,-15.627,21.73,-44.88,99.232,-107.849,80.554,-49.871,65.663,-64.015,70.157,-3.547,32.138,-4.223,33.406,143.036,150.26,291.615,24.466,-117.567,-102.784,-33.111,-79.96,-3.491,-31.091,-32.533,-10.798,-26.035,-0.786,-25.37,142.956,67.065,-138.858,-89.065,32.439,-63.808,63.387,-12.424,63.836,-42.871
438,-1.529,48.406,-17.847,7.528,-52.126,45.493,-27.924,49.981,-65.721,25.699,-20.511,40.487,-21.432,-35.58,47.203,-29.906,55.608,-65.63,84.666,-15.039,46.711,18.375,70.717,81.816,229.156,184.456,28.871,-94.751,-164.154,-0.161,-98.48,16.955,3.974,-15.255,-63.27,26.5,-35.918,-3.404,-23.452,-41.231,125.462,88.063,-104.372,-82.866,72.946,-15.539,72.794,-47.505,41.638,-3.571,-11.647,20.04,-50.815,121.974,-54.259,42.745,-71.338,44.57,-13.611,33.68,-42.965,-15.627,21.73,-44.88,99.232,-107.849,80.554,-49.871,65.663,-64.015,70.157,-3.547,32.138,-4.223,33.406,143.036,150.26,291.615,24.466,-117.567,-102.784,-33.111,-79.96,-3.491,-31.091,-32.533,-10.798,-26.035,-0.786,-25.37,142.956,67.065,-138.858,-89.065,32.439,-63.808,63.387,-12.424,63.836,-42.871,7.582
439,48.406,-17.847,7.528,-52.126,45.493,-27.924,49.981,-65.721,25.699,-20.511,40.487,-21.432,-35.58,47.203,-29.906,55.608,-65.63,84.666,-15.039,46.711,18.375,70.717,81.816,229.156,184.456,28.871,-94.751,-164.154,-0.161,-98.48,16.955,3.974,-15.255,-63.27,26.5,-35.918,-3.404,-23.452,-41.231,125.462,88.063,-104.372,-82.866,72.946,-15.539,72.794,-47.505,41.638,-3.571,-11.647,20.04,-50.815,121.974,-54.259,42.745,-71.338,44.57,-13.611,33.68,-42.965,-15.627,21.73,-44.88,99.232,-107.849,80.554,-49.871,65.663,-64.015,70.157,-3.547,32.138,-4.223,33.406,143.036,150.26,291.615,24.466,-117.567,-102.784,-33.111,-79.96,-3.491,-31.091,-32.533,-10.798,-26.035,-0.786,-25.37,142.956,67.065,-138.858,-89.065,32.439,-63.808,63.387,-12.424,63.836,-42.871,7.582,26.558
440,-17.847,7.528,-52.126,45.493,-27.924,49.981,-65.721,25.699,-20.511,40.487,-21.432,-35.58,47.203,-29.906,55.608,-65.63,84.666,-15.039,46.711,18.375,70.717,81.816,229.156,184.456,28.871,-94.751,-164.154,-0.161,-98.48,16.955,3.974,-15.255,-63.27,26.5,-35.918,-3.404,-23.452,-41.231,125.462,88.063,-104.372,-82.866,72.946,-15.539,72.794,-47.505,41.638,-3.571,-11.647,20.04,-50.815,121.974,-54.259,42.745,-71.338,44.57,-13.611,33.68,-42.965,-15.627,21.73,-44.88,99.232,-107.849,80.554,-49.871,65.663,-64.015,70.157,-3.547,32.138,-4.223,33.406,143.036,150.26,291.615,24.466,-117.567,-102.784,-33.111,-79.96,-3.491,-31.091,-32.533,-10.798,-26.035,-0.786,-25.37,142.956,67.065,-138.858,-89.065,32.439,-63.808,63.387,-12.424,63.836,-42.871,7.582,26.558,-49.553
441,7.528,-52.126,45.493,-27.924,49.981,-65.721,25.699,-20.511,40.487,-21.432,-35.58,47.203,-29.906,55.608,-65.63,84.666,-15.039,46.711,18.375,70.717,81.816,229.156,184.456,28.871,-94.751,-164.154,-0.161,-98.48,16.955,3.974,-15.255,-63.27,26.5,-35.918,-3.404,-23.452,-41.231,125.462,88.063,-104.372,-82.866,72.946,-15.539,72.794,-47.505,41.638,-3.571,-11.647,20.04,-50.815,121.974,-54.259,42.745,-71.338,44.57,-13.611,33.68,-42.965,-15.627,21.73,-44.88,99.232,-107.849,80.554,-49.871,65.663,-64.015,70.157,-3.547,32.138,-4.223,33.406,143.036,150.26,291.615,24.466,-117.567,-102.784,-33.111,-79.96,-3.491,-31.091,-32.533,-10.798,-26.035,-0.786,-25.37,142.956,67.065,-138.858,-89.065,32.439,-63.808,63.387,-12.424,63.836,-42.871,7.582,26.558,-49.553,51.925
442,-52.126,45.493,-27.924,49.981,-65.721,25.699,-20.511,40.487,-21.432,-35.58,47.203,-29.906,55.608,-65.63,84.666,-15.039,46.711,18.375,70.717,81.816,229.156,184.456,28.871,-94.751,-164.154,-0.161,-98.48,16.955,3.974,-15.255,-63.27,26.5,-35.918,-3.404,-23.452,-41.231,125.462,88.063,-104.372,-82.866,72.946,-15.539,72.794,-47.505,41.638,-3.571,-11.647,20.04,-50.815,121.974,-54.259,42.745,-71.338,44.57,-13.611,33.68,-42.965,-15.627,21.73,-44.88,99.232,-107.849,80.554,-49.871,65.663,-64.015,70.157,-3.547,32.138,-4.223,33.406,143.036,150.26,291.615,24.466,-117.567,-102.784,-33.111,-79.96,-3.491,-31.091,-32.533,-10.798,-26.035,-0.786,-25.37,142.956,67.065,-138.858,-89.065,32.439,-63.808,63.387,-12.424,63.836,-42.871,7.582,26.558,-49.553,51.925,-79.804
443,45.493,-27.924,49.981,-65.721,25.699,-20.511,40.487,-21.432,-35.58,47.203,-29.906,55.608,-65.63,84.666,-15.039,46.711,18.375,70.717,81.816,229.156,184.456,28.871,-94.751,-164.154,-0.161,-98.48,16.955,3.974,-15.255,-63.27,26.5,-35.918,-3.404,-23.452,-41.231,125.462,88.063,-104.372,-82.866,72.946,-15.539,72.794,-47.505,41.638,-3.571,-11.647,20.04,-50.815,121.974,-54.259,42.745,-71.338,44.57,-13.611,33.68,-42.965,-15.627,21.73,-44.88,99.232,-107.849,80.554,-49.871,65.663,-64.015,70.157,-3.547,32.138,-4.223,33.406,143.036,150.26,291.615,24.466,-117.567,-102.784,-33.111,-79.96,-3.491,-31.091,-32.533,-10.798,-26.035,-0.786,-25.37,142.956,67.065,-138.858,-89.065,32.439,-63.808,63.387,-12.424,63.836,-42.871,7.582,26.558,-49.553,51.925,-79.804,133.622
444,-27.924,49.981,-65.721,25.699,-20.511,40.487,-21.432,-35.58,47.203,-29.906,55.608,-65.63,84.666,-15.039,46.711,18.375,70.717,81.816,229.156,184.456,28.871,-94.751,-164.154,-0.161,-98.48,16.955,3.974,-15.255,-63.27,26.5,-35.918,-3.404,-23.452,-41.231,125.462,88.063,-104.372,-82.866,72.946,-15.539,72.794,-47.505,41.638,-3.571,-11.647,20.04,-50.815,121.974,-54.259,42.745,-71.338,44.57,-13.611,33.68,-42.965,-15.627,21.73,-44.88,99.232,-107.849,80.554,-49.871,65.663,-64.015,70.157,-3.547,32.138,-4.223,33.406,143.036,150.26,291.615,24.466,-117.567,-102.784,-33.111,-79.96,-3.491,-31.091,-32.533,-10.798,-26.035,-0.786,-25.37,142.956,67.065,-138.858,-89.065,32.439,-63.808,63.387,-12.424,63.836,-42.871,7.582,26.558,-49.553,51.925,-79.804,133.622,-52.947
445,49.981,-65.721,25.699,-20.511,40.487,-21.432,-35.58,47.203,-29.906,55.608,-65.63,84.666,-15.039,46.711,18.375,70.717,81.816,229.156,184.456,28.871,-94.751,-164.154,-0.161,-98.48,16.955,3.974,-15.255,-63.27,26.5,-35.918,-3.404,-23.452,-41.231,125.462,88.063,-104.372,-82.866,72.946,-15.539,72.794,-47.505,41.638,-3.571,-11.647,20.04,-50.815,121.974,-54.259,42.745,-71.338,44.57,-13.611,33.68,-42.965,-15.627,21.73,-44.88,99.232,-107.849,80.554,-49.871,65.663,-64.015,70.157,-3.547,32.138,-4.223,33.406,143.036,150.26,291.615,24.466,-117.567,-102.784,-33.111,-79.96,-3.491,-31.091,-32.533,-10.798,-26.035,-0.786,-25.37,142.956,67.065,-138.858,-89.065,32.439,-63.808,63.387,-12.424,63.836,-42.871,7.582,26.558,-49.553,51.925,-79.804,133.622,-52.947,58.185
446,-65.721,25.699,-20.511,40.487,-21.432,-35.58,47.203,-29.906,55.608,-65.63,84.666,-15.039,46.711,18.375,70.717,81.816,229.156,184.456,28.871,-94.751,-164.154,-0.161,-98.48,16.955,3.974,-15.255,-63.27,26.5,-35.918,-3.404,-23.452,-41.231,125.462,88.063,-104.372,-82.866,72.946,-15.539,72.794,-47.505,41.638,-3.571,-11.647,20.04,-50.815,121.974,-54.259,42.745,-71.338,44.57,-13.611,33.68,-42.965,-15.627,21.73,-44.88,99.232,-107.849,80.554,-49.871,65.663,-64.015,70.157,-3.547,32.138,-4.223,33.406,143.036,150.26,291.615,24.466,-117.567,-102.784,-33.111,-79.96,-3.491,-31.091,-32.533,-10.798,-26.035,-0.786,-25.37,142.956,67.065,-138.858,-89.065,32.439,-63.808,63.387,-12.424,63.836,-42.871,7.582,26.558,-49.553,51.925,-79.804,133.622,-52.947,58.185,-60.935
447,25.699,-20.511,40.487,-21.432,-35.58,47.203,-29.906,55.608,-65.63,84.666,-15.039,46.711,18.375,70.717,81.816,229.156,184.456,28.871,-94.751,-164.154,-0.161,-98.48,16.955,3.974,-15.255,-63.27,26.5,-35.918,-3.404,-23.452,-41.231,125.462,88.063,-104.372,-82.866,72.946,-15.539,72.794,-47.505,41.638,-3.571,-11.647,20.04,-50.815,121.974,-54.259,42.745,-71.338,44.57,-13.611,33.68,-42.965,-15.627,21.73,-44.88,99.232,-107.849,80.554,-49.871,65.663,-64.015,70.157,-3.547,32.138,-4.223,33.406,143.036,150.26,291.615,24.466,-117.567,-102.784,-33.111,-79.96,-3.491,-31.091,-32.533,-10.798,-26.035,-0.786,-25.37,142.956,67.065,-138.858,-89.065,32.439,-63.808,63.387,-12.424,63.836,-42.871,7.582,26.558,-49.553,51.925,-79.804,133.622,-52.947,58.185,-60.935,40.109
448,-20.511,40.487,-21.432,-35.58,47.203,-29.906,55.608,-65.63,84.666,-15.039,46.711,18.375,70.717,81.816,229.156,184.456,28.871,-94.751,-164.154,-0.161,-98.48,16.955,3.974,-15.255,-63.27,26.5,-35.918,-3.404,-23.452,-41.231,125.462,88.063,-104.372,-82.866,72.946,-15.539,72.794,-47.505,41.638,-3.571,-11.647,20.04,-50.815,121.974,-54.259,42.745,-71.338,44.57,-13.611,33.68,-42.965,-15.627,21.73,-44.88,99.232,-107.849,80.554,-49.871,65.663,-64.015,70.157,-3.547,32.138,-4.223,33.406,143.036,150.26,291.615,24.466,-117.567,-102.784,-33.111,-79.96,-3.491,-31.091,-32.533,-10.798,-26.035,-0.786,-25.37,142.956,67.065,-138.858,-89.065,32.439,-63.808,63.387,-12.424,63.836,-42.871,7.582,26.558,-49.553,51.925,-79.804,133.622,-52.947,58.185,-60.935,40.109,-26.782
449,40.487,-21.432,-35.58,47.203,-29.906,55.608,-65.63,84.666,-15.039,46.711,18.375,70.717,81.816,229.156,184.456,28.871,-94.751,-164.154,-0.161,-98.48,16.955,3.974,-15.255,-63.27,26.5,-35.918,-3.404,-23.452,-41.231,125.462,88.063,-104.372,-82.866,72.946,-15.539,72.794,-47.505,41.638,-3.571,-11.647,20.04,-50.815,121.974,-54.259,42.745,-71.338,44.57,-13.611,33.68,-42.965,-15.627,21.73,-44.88,99.232,-107.849,80.554,-49.871,65.663,-64.015,70.157,-3.547,32.138,-4.223,33.406,143.036,150.26,291.615,24.466,-117.567,-102.784,-33.111,-79.96,-3.491,-31.091,-32.533,-10.798,-26.035,-0.786,-25.37,142.956,67.065,-138.858,-89.065,32.439,-63.808,63.387,-12.424,63.836,-42.871,7.582,26.558,-49.553,51.925,-79.804,133.622,-52.947,58.185,-60.935,40.109,-26.782,18.2
450,-21.432,-35.58,47.203,-29.906,55.608,-65.63,84.666,-15.039,46.711,18.375,70.717,81.816,229.156,184.456,28.871,-94.751,-164.154,-0.161,-98.48,16.955,3.974,-15.255,-63.27,26.5,-35.918,-3.404,-23.452,-41.231,125.462,88.063,-104.372,-82.866,72.946,-15.539,72.794,-47.505,41.638,-3.571,-11.647,20.04,-50.815,121.974,-54.259,42.745,-71.338,44.57,-13.611,33.68,-42.965,-15.627,21.73,-44.88,99.232,-107.849,80.554,-49.871,65.663,-64.015,70.157,-3.547,32.138,-4.223,33.406,143.036,150.26,291.615,24.466,-117.567,-102.784,-33.111,-79.96,-3.491,-31.091,-32.533,-10.798,-26.035,-0.786,-25.37,142.956,67.065,-138.858,-89.065,32.439,-63.808,63.387,-12.424,63.836,-42.871,7.582,26.558,-49.553,51.925,-79.804,133.622,-52.947,58.185,-60.935,40.109,-26.782,18.2,-28.439
451,-35.58,47.203,-29.906,55.608,-65.63,84.666,-15.039,46.711,18.375,70.717,81.816,229.156,184.456,28.871,-94.751,-164.154,-0.161,-98.48,16.955,3.974,-15.255,-63.27,26.5,-35.918,-3.404,-23.452,-41.231,125.462,88.063,-104.372,-82.866,72.946,-15.539,72.794,-47.505,41.638,-3.571,-11.647,20.04,-50.815,121.974,-54.259,42.745,-71.338,44.57,-13.611,33.68,-42.965,-15.627,21.73,-44.88,99.232,-107.849,80.554,-49.871,65.663,-64.015,70.157,-3.547,32.138,-4.223,33.406,143.036,150.26,291.615,24.466,-117.567,-102.784,-33.111,-79.96,-3.491,-31.091,-32.533,-10.798,-26.035,-0.786,-25.37,142.956,67.065,-138.858,-89.065,32.439,-63.808,63.387,-12.424,63.836,-42.871,7.582,26.558,-49.553,51.925,-79.804,133.622,-52.947,58.185,-60.935,40.109,-26.782,18.2,-28.439,-56.528
452,47.203,-29.906,55.608,-65.63,84.666,-15.039,46.711,18.375,70.717,81.816,229.156,184.456,28.871,-94.751,-164.154,-0.161,-98.48,16.955,3.974,-15.255,-63.27,26.5,-35.918,-3.404,-23.452,-41.231,125.462,88.063,-104.372,-82.866,72.946,-15.539,72.794,-47.505,41.638,-3.571,-11.647,20.04,-50.815,121.974,-54.259,42.745,-71.338,44.57,-13.611,33.68,-42.965,-15.627,21.73,-44.88,99.232,-107.849,80.554,-49.871,65.663,-64.015,70.157,-3.547,32.138,-4.223,33.406,143.036,150.26,291.615,24.466,-117.567,-102.784,-33.111,-79.96,-3.491,-31.091,-32.533,-10.798,-26.035,-0.786,-25.37,142.956,67.065,-138.858,-89.065,32.439,-63.808,63.387,-12.424,63.836,-42.871,7.582,26.558,-49.553,51.925,-79.804,133.622,-52.947,58.185,-60.935,40.109,-26.782,18.2,-28.439,-56.528,47.463
453,-29.906,55.608,-65.63,84.666,-15.039,46.711,18.375,70.717,81.816,229.156,184.456,28.871,-94.751,-164.154,-0.161,-98.48,16.955,3.974,-15.255,-63.27,26.5,-35.918,-3.404,-23.452,-41.231,125.462,88.063,-104.372,-82.866,72.946,-15.539,72.794,-47.505,41.638,-3.571,-11.647,20.04,-50.815,121.974,-54.259,42.745,-71.338,44.57,-13.611,33.68,-42.965,-15.627,21.73,-44.88,99.232,-107.849,80.554,-49.871,65.663,-64.015,70.157,-3.547,32.138,-4.223,33.406,143.036,150.26,291.615,24.466,-117.567,-102.784,-33.111,-79.96,-3.491,-31.091,-32.533,-10.798,-26.035,-0.786,-25.37,142.956,67.065,-138.858,-89.065,32.439,-63.808,63.387,-12.424,63.836,-42.871,7.582,26.558,-49.553,51.925,-79.804,133.622,-52.947,58.185,-60.935,40.109,-26.782,18.2,-28.439,-56.528,47.463,-68.915
454,55.608,-65.63,84.666,-15.039,46.711,18.375,70.717,81.816,229.156,184.456,28.871,-94.751,-164.154,-0.161,-98.48,16.955,3.974,-15.255,-63.27,26.5,-35.918,-3.404,-23.452,-41.231,125.462,88.063,-104.372,-82.866,72.946,-15.539,72.794,-47.505,41.638,-3.571,-11.647,20.04,-50.815,121.974,-54.259,42.745,-71.338,44.57,-13.611,33.68,-42.965,-15.627,21.73,-44.88,99.232,-107.849,80.554,-49.871,65.663,-64.015,70.157,-3.547,32.138,-4.223,33.406,143.036,150.26,291.615,24.466,-117.567,-102.784,-33.111,-79.96,-3.491,-31.091,-32.533,-10.798,-26.035,-0.786,-25.37,142.956,67.065,-138.858,-89.065,32.439,-63.808,63.387,-12.424,63.836,-42.871,7.582,26.558,-49.553,51.925,-79.804,133.622,-52.947,58.185,-60.935,40.109,-26.782,18.2,-28.439,-56.528,47.463,-68.915,127.894
455,-65.63,84.666,-15.039,46.711,18.375,70.717,81.816,229.156,184.456,28.871,-94.751,-164.154,-0.161,-98.48,16.955,3.974,-15.255,-63.27,26.5,-35.918,-3.404,-23.452,-41.231,125.462,88.063,-104.372,-82.866,72.946,-15.539,72.794,-47.505,41.638,-3.571,-11.647,20.04,-50.815,121.974,-54.259,42.745,-71.338,44.57,-13.611,33.68,-42.965,-15.627,21.73,-44.88,99.232,-107.849,80.554,-49.871,65.663,-64.015,70.157,-3.547,32.138,-4.223,33.406,143.036,150.26,291.615,24.466,-117.567,-102.784,-33.111,-79.96,-3.491,-31.091,-32.533,-10.798,-26.035,-0.786,-25.37,142.956,67.065,-138.858,-89.065,32.439,-63.808,63.387,-12.424,63.836,-42.871,7.582,26.558,-49.553,51.925,-79.804,133.622,-52.947,58.185,-60.935,40.109,-26.782,18.2,-28.439,-56.528,47.463,-68.915,127.894,-112.722
456,84.666,-15.039,46.711,18.375,70.717,81.816,229.156,184.456,28.871,-94.751,-164.154,-0.161,-98.48,16.955,3.974,-15.255,-63.27,26.5,-35.918,-3.404,-23.452,-41.231,125.462,88.063,-104.372,-82.866,72.946,-15.539,72.794,-47.505,41.638,-3.571,-11.647,20.04,-50.815,121.974,-54.259,42.745,-71.338,44.57,-13.611,33.68,-42.965,-15.627,21.73,-44.88,99.232,-107.849,80.554,-49.871,65.663,-64.015,70.157,-3.547,32.138,-4.223,33.406,143.036,150.26,291.615,24.466,-117.567,-102.784,-33.111,-79.96,-3.491,-31.091,-32.533,-10.798,-26.035,-0.786,-25.37,142.956,67.065,-138.858,-89.065,32.439,-63.808,63.387,-12.424,63.836,-42.871,7.582,26.558,-49.553,51.925,-79.804,133.622,-52.947,58.185,-60.935,40.109,-26.782,18.2,-28.439,-56.528,47.463,-68.915,127.894,-112.722,71.359
457,-15.039,46.711,18.375,70.717,81.816,229.156,184.456,28.871,-94.751,-164.154,-0.161,-98.48,16.955,3.974,-15.255,-63.27,26.5,-35.918,-3.404,-23.452,-41.231,125.462,88.063,-104.372,-82.866,72.946,-15.539,72.794,-47.505,41.638,-3.571,-11.647,20.04,-50.815,121.974,-54.259,42.745,-71.338,44.57,-13.611,33.68,-42.965,-15.627,21.73,-44.88,99.232,-107.849,80.554,-49.871,65.663,-64.015,70.157,-3.547,32.138,-4.223,33.406,143.036,150.26,291.615,24.466,-117.567,-102.784,-33.111,-79.96,-3.491,-31.091,-32.533,-10.798,-26.035,-0.786,-25.37,142.956,67.065,-138.858,-89.065,32.439,-63.808,63.387,-12.424,63.836,-42.871,7.582,26.558,-49.553,51.925,-79.804,133.622,-52.947,58.185,-60.935,40.109,-26.782,18.2,-28.439,-56.528,47.463,-68.915,127.894,-112.722,71.359,-31.422
458,46.711,18.375,70.717,81.816,229.156,184.456,28.871,-94.751,-164.154,-0.161,-98.48,16.955,3.974,-15.255,-63.27,26.5,-35.918,-3.404,-23.452,-41.231,125.462,88.063,-104.372,-82.866,72.946,-15.539,72.794,-47.505,41.638,-3.571,-11.647,20.04,-50.815,121.974,-54.259,42.745,-71.338,44.57,-13.611,33.68,-42.965,-15.627,21.73,-44.88,99.232,-107.849,80.554,-49.871,65.663,-64.015,70.157,-3.547,32.138,-4.223,33.406,143.036,150.26,291.615,24.466,-117.567,-102.784,-33.111,-79.96,-3.491,-31.091,-32.533,-10.798,-26.035,-0.786,-25.37,142.956,67.065,-138.858,-89.065,32.439,-63.808,63.387,-12.424,63.836,-42.871,7.582,26.558,-49.553,51.925,-79.804,133.622,-52.947,58.185,-60.935,40.109,-26.782,18.2,-28.439,-56.528,47.463,-68.915,127.894,-112.722,71.359,-31.422,56.7
459,18.375,70.717,81.816,229.156,184.456,28.871,-94.751,-164.154,-0.161,-98.48,16.955,3.974,-15.255,-63.27,26.5,-35.918,-3.404,-23.452,-41.231,125.462,88.063,-104.372,-82.866,72.946,-15.539,72.794,-47.505,41.638,-3.571,-11.647,20.04,-50.815,121.974,-54.259,42.745,-71.338,44.57,-13.611,33.68,-42.965,-15.627,21.73,-44.88,99.232,-107.849,80.554,-49.871,65.663,-64.015,70.157,-3.547,32.138,-4.223,33.406,143.036,150.26,291.615,24.466,-117.567,-102.784,-33.111,-79.96,-3.491,-31.091,-32.533,-10.798,-26.035,-0.786,-25.37,142.956,67.065,-138.858,-89.065,32.439,-63.808,63.387,-12.424,63.836,-42.871,7.582,26.558,-49.553,51.925,-79.804,133.622,-52.947,58.185,-60.935,40.109,-26.782,18.2,-28.439,-56.528,47.463,-68.915,127.894,-112.722,71.359,-31.422,56.7,-42.487
460,70.717,81.816,229.156,184.456,28.871,-94.751,-164.154,-0.161,-98.48,16.955,3.974,-15.255,-63.27,26.5,-35.918,-3.404,-23.452,-41.231,125.462,88.063,-104.372,-82.866,72.946,-15.539,72.794,-47.505,41.638,-3.571,-11.647,20.04,-50.815,121.974,-54.259,42.745,-71.338,44.57,-13.611,33.68,-42.965,-15.627,21.73,-44.88,99.232,-107.849,80.554,-49.871,65.663,-64.015,70.157,-3.547,32.138,-4.223,33.406,143.036,150.26,291.615,24.466,-117.567,-102.784,-33.111,-79.96,-3.491,-31.091,-32.533,-10.798,-26.035,-0.786,-25.37,142.956,67.065,-138.858,-89.065,32.439,-63.808,63.387,-12.424,63.836,-42.871,7.582,26.558,-49.553,51.925,-79.804,133.622,-52.947,58.185,-60.935,40.109,-26.782,18.2,-28.439,-56.528,47.463,-68.915,127.894,-112.722,71.359,-31.422,56.7,-42.487,64.886
461,81.816,229.156,184.456,28.871,-94.751,-164.154,-0.161,-98.48,16.955,3.974,-15.255,-63.27,26.5,-35.918,-3.404,-23.452,-41.231,125.462,88.063,-104.372,-82.866,72.946,-15.539,72.794,-47.505,41.638,-3.571,-11.647,20.04,-50.815,121.974,-54.259,42.745,-71.338,44.57,-13.611,33.68,-42.965,-15.627,21.73,-44.88,99.232,-107.849,80.554,-49.871,65.663,-64.015,70.157,-3.547,32.138,-4.223,33.406,143.036,150.26,291.615,24.466,-117.567,-102.784,-33.111,-79.96,-3.491,-31.091,-32.533,-10.798,-26.035,-0.786,-25.37,142.956,67.065,-138.858,-89.065,32.439,-63.808,63.387,-12.424,63.836,-42.871,7.582,26.558,-49.553,51.925,-79.804,133.622,-52.947,58.185,-60.935,40.109,-26.782,18.2,-28.439,-56.528,47.463,-68.915,127.894,-112.722,71.359,-31.422,56.7,-42.487,64.886,24.362
462,229.156,184.456,28.871,-94.751,-164.154,-0.161,-98.48,16.955,3.974,-15.255,-63.27,26.5,-35.918,-3.404,-23.452,-41.231,125.462,88.063,-104.372,-82.866,72.946,-15.539,72.794,-47.505,41.638,-3.571,-11.647,20.04,-50.815,121.974,-54.259,42.745,-71.338,44.57,-13.611,33.68,-42.965,-15.627,21.73,-44.88,99.232,-107.849,80.554,-49.871,65.663,-64.015,70.157,-3.547,32.138,-4.223,33.406,143.036,150.26,291.615,24.466,-117.567,-102.784,-33.111,-79.96,-3.491,-31.091,-32.533,-10.798,-26.035,-0.786,-25.37,142.956,67.065,-138.858,-89.065,32.439,-63.808,63.387,-12.424,63.836,-42.871,7.582,26.558,-49.553,51.925,-79.804,133.622,-52.947,58.185,-60.935,40.109,-26.782,18.2,-28.439,-56.528,47.463,-68.915,127.894,-112.722,71.359,-31.422,56.7,-42.487,64.886,24.362,0.305
463,184.456,28.871,-94.751,-164.154,-0.161,-98.48,16.955,3.974,-15.255,-63.27,26.5,-35.918,-3.404,-23.452,-41.231,125.462,88.063,-104.372,-82.866,72.946,-15.539,72.794,-47.505,41.638,-3.571,-11.647,20.04,-50.815,121.974,-54.259,42.745,-71.338,44.57,-13.611,33.68,-42.965,-15.627,21.73,-44.88,99.232,-107.849,80.554,-49.871,65.663,-64.015,70.157,-3.547,32.138,-4.223,33.406,143.036,150.26,291.615,24.466,-117.567,-102.784,-33.111,-79.96,-3.491,-31.091,-32.533,-10.798,-26.035,-0.786,-25.37,142.956,67.065,-138.858,-89.065,32.439,-63.808,63.387,-12.424,63.836,-42.871,7.582,26.558,-49.553,51.925,-79.804,133.622,-52.947,58.185,-60.935,40.109,-26.782,18.2,-28.439,-56.528,47.463,-68.915,127.894,-112.722,71.359,-31.422,56.7,-42.487,64.886,24.362,0.305,27.031
464,28.871,-94.751,-164.154,-0.161,-98.48,16.955,3.974,-15.255,-63.27,26.5,-35.918,-3.404,-23.452,-41.231,125.462,88.063,-104.372,-82.866,72.946,-15.539,72.794,-47.505,41.638,-3.571,-11.647,20.04,-50.815,121.974,-54.259,42.745,-71.338,44.57,-13.611,33.68,-42.965,-15.627,21.73,-44.88,99.232,-107.849,80.554,-49.871,65.663,-64.015,70.157,-3.547,32.138,-4.223,33.406,143.036,150.26,291.615,24.466,-117.567,-102.784,-33.111,-79.96,-3.491,-31.091,-32.533,-10.798,-26.035,-0.786,-25.37,142.956,67.065,-138.858,-89.065,32.439,-63.808,63.387,-12.424,63.836,-42.871,7.582,26.558,-49.553,51.925,-79.804,133.622,-52.947,58.185,-60.935,40.109,-26.782,18.2,-28.439,-56.528,47.463,-68.915,127.894,-112.722,71.359,-31.422,56.7,-42.487,64.886,24.362,0.305,27.031,-16.495
465,-94.751,-164.154,-0.161,-98.48,16.955,3.974,-15.255,-63.27,26.5,-35.918,-3.404,-23.452,-41.231,125.462,88.063,-104.372,-82.866,72.946,-15.539,72.794,-47.505,41.638,-3.571,-11.647,20.04,-50.815,121.974,-54.259,42.745,-71.338,44.57,-13.611,33.68,-42.965,-15.627,21.73,-44.88,99.232,-107.849,80.554,-49.871,65.663,-64.015,70.157,-3.547,32.138,-4.223,33.406,143.036,150.26,291.615,24.466,-117.567,-102.784,-33.111,-79.96,-3.491,-31.091,-32.533,-10.798,-26.035,-0.786,-25.37,142.956,67.065,-138.858,-89.065,32.439,-63.808,63.387,-12.424,63.836,-42.871,7.582,26.558,-49.553,51.925,-79.804,133.622,-52.947,58.185,-60.935,40.109,-26.782,18.2,-28.439,-56.528,47.463,-68.915,127.894,-112.722,71.359,-31.422,56.7,-42.487,64.886,24.362,0.305,27.031,-16.495,167.294
466,-164.154,-0.161,-98.48,16.955,3.974,-15.255,-63.27,26.5,-35.918,-3.404,-23.452,-41.231,125.462,88.063,-104.372,-82.866,72.946,-15.539,72.794,-47.505,41.638,-3.571,-11.647,20.04,-50.815,121.974,-54.259,42.745,-71.338,44.57,-13.611,33.68,-42.965,-15.627,21.73,-44.88,99.232,-107.849,80.554,-49.871,65.663,-64.015,70.157,-3.547,32.138,-4.223,33.406,143.036,150.26,291.615,24.466,-117.567,-102.784,-33.111,-79.96,-3.491,-31.091,-32.533,-10.798,-26.035,-0.786,-25.37,142.956,67.065,-138.858,-89.065,32.439,-63.808,63.387,-12.424,63.836,-42.871,7.582,26.558,-49.553,51.925,-79.804,133.622,-52.947,58.185,-60.935,40.109,-26.782,18.2,-28.439,-56.528,47.463,-68.915,127.894,-112.722,71.359,-31.422,56.7,-42.487,64.886,24.362,0.305,27.031,-16.495,167.294,183.192
467,-0.161,-98.48,16.955,3.974,-15.255,-63.27,26.5,-35.918,-3.404,-23.452,-41.231,125.462,88.063,-104.372,-82.866,72.946,-15.539,72.794,-47.505,41.638,-3.571,-11.647,20.04,-50.815,121.974,-54.259,42.745,-71.338,44.57,-13.611,33.68,-42.965,-15.627,21.73,-44.88,99.232,-107.849,80.554,-49.871,65.663,-64.015,70.157,-3.547,32.138,-4.223,33.406,143.036,150.26,291.615,24.466,-117.567,-102.784,-33.111,-79.96,-3.491,-31.091,-32.533,-10.798,-26.035,-0.786,-25.37,142.956,67.065,-138.858,-89.065,32.439,-63.808,63.387,-12.424,63.836,-42.871,7.582,26.558,-49.553,51.925,-79.804,133.622,-52.947,58.185,-60.935,40.109,-26.782,18.2,-28.439,-56.528,47.463,-68.915,127.894,-112.722,71.359,-31.422,56.7,-42.487,64.886,24.362,0.305,27.031,-16.495,167.294,183.192,268.183
468,-98.48,16.955,3.974,-15.255,-63.27,26.5,-35.918,-3.404,-23.452,-41.231,125.462,88.063,-104.372,-82.866,72.946,-15.539,72.794,-47.505,41.638,-3.571,-11.647,20.04,-50.815,121.974,-54.259,42.745,-71.338,44.57,-13.611,33.68,-42.965,-15.627,21.73,-44.88,99.232,-107.849,80.554,-49.871,65.663,-64.015,70.157,-3.547,32.138,-4.223,33.406,143.036,150.26,291.615,24.466,-117.567,-102.784,-33.111,-79.96,-3.491,-31.091,-32.533,-10.798,-26.035,-0.786,-25.37,142.956,67.065,-138.858,-89.065,32.439,-63.808,63.387,-12.424,63.836,-42.871,7.582,26.558,-49.553,51.925,-79.804,133.622,-52.947,58.185,-60.935,40.109,-26.782,18.2,-28.439,-56.528,47.463,-68.915,127.894,-112.722,71.359,-31.422,56.7,-42.487,64.886,24.362,0.305,27.031,-16.495,167.294,183.192,268.183,93.297
469,16.955,3.974,-15.255,-63.27,26.5,-35.918,-3.404,-23.452,-41.231,125.462,88.063,-104.372,-82.866,72.946,-15.539,72.794,-47.505,41.638,-3.571,-11.647,20.04,-50.815,121.974,-54.259,42.745,-71.338,44.57,-13.611,33.68,-42.965,-15.627,21.73,-44.88,99.232,-107.849,80.554,-49.871,65.663,-64.015,70.157,-3.547,32.138,-4.223,33.406,143.036,150.26,291.615,24.466,-117.567,-102.784,-33.111,-79.96,-3.491,-31.091,-32.533,-10.798,-26.035,-0.786,-25.37,142.956,67.065,-138.858,-89.065,32.439,-63.808,63.387,-12.424,63.836,-42.871,7.582,26.558,-49.553,51.925,-79.804,133.622,-52.947,58.185,-60.935,40.109,-26.782,18.2,-28.439,-56.528,47.463,-68.915,127.894,-112.722,71.359,-31.422,56.7,-42.487,64.886,24.362,0.305,27.031,-16.495,167.294,183.192,268.183,93.297,-119.256
470,3.974,-15.255,-63.27,26.5,-35.918,-3.404,-23.452,-41.231,125.462,88.063,-104.372,-82.866,72.946,-15.539,72.794,-47.505,41.638,-3.571,-11.647,20.04,-50.815,121.974,-54.259,42.745,-71.338,44.57,-13.611,33.68,-42.965,-15.627,21.73,-44.88,99.232,-107.849,80.554,-49.871,65.663,-64.015,70.157,-3.547,32.138,-4.223,33.406,143.036,150.26,291.615,24.466,-117.567,-102.784,-33.111,-79.96,-3.491,-31.091,-32.533,-10.798,-26.035,-0.786,-25.37,142.956,67.065,-138.858,-89.065,32.439,-63.808,63.387,-12.424,63.836,-42.871,7.582,26.558,-49.553,51.925,-79.804,133.622,-52.947,58.185,-60.935,40.109,-26.782,18.2,-28.439,-56.528,47.463,-68.915,127.894,-112.722,71.359,-31.422,56.7,-42.487,64.886,24.362,0.305,27.031,-16.495,167.294,183.192,268.183,93.297,-119.256,-94.189
471,-15.255,-63.27,26.5,-35.918,-3.404,-23.452,-41.231,125.462,88.063,-104.372,-82.866,72.946,-15.539,72.794,-47.505,41.638,-3.571,-11.647,20.04,-50.815,121.974,-54.259,42.745,-71.338,44.57,-13.611,33.68,-42.965,-15.627,21.73,-44.88,99.232,-107.849,80.554,-49.871,65.663,-64.015,70.157,-3.547,32.138,-4.223,33.406,143.036,150.26,291.615,24.466,-117.567,-102.784,-33.111,-79.96,-3.491,-31.091,-32.533,-10.798,-26.035,-0.786,-25.37,142.956,67.065,-138.858,-89.065,32.439,-63.808,63.387,-12.424,63.836,-42.871,7.582,26.558,-49.553,51.925,-79.804,133.622,-52.947,58.185,-60.935,40.109,-26.782,18.2,-28.439,-56.528,47.463,-68.915,127.894,-112.722,71.359,-31.422,56.7,-42.487,64.886,24.362,0.305,27.031,-16.495,167.294,183.192,268.183,93.297,-119.256,-94.189,-21.594
472,-63.27,26.5,-35.918,-3.404,-23.452,-41.231,125.462,88.063,-104.372,-82.866,72.946,-15.539,72.794,-47.505,41.638,-3.571,-11.647,20.04,-50.815,121.974,-54.259,42.745,-71.338,44.57,-13.611,33.68,-42.965,-15.627,21.73,-44.88,99.232,-107.849,80.554,-49.871,65.663,-64.015,70.157,-3.547,32.138,-4.223,33.406,143.036,150.26,291.615,24.466,-117.567,-102.784,-33.111,-79.96,-3.491,-31.091,-32.533,-10.798,-26.035,-0.786,-25.37,142.956,67.065,-138.858,-89.065,32.439,-63.808,63.387,-12.424,63.836,-42.871,7.582,26.558,-49.553,51.925,-79.804,133.622,-52.947,58.185,-60.935,40.109,-26.782,18.2,-28.439,-56.528,47.463,-68.915,127.894,-112.722,71.359,-31.422,56.7,-42.487,64.886,24.362,0.305,27.031,-16.495,167.294,183.192,268.183,93.297,-119.256,-94.189,-21.594,-68.113
473,26.5,-35.918,-3.404,-23.452,-41.231,125.462,88.063,-104.372,-82.866,72.946,-15.539,72.794,-47.505,41.638,-3.571,-11.647,20.04,-50.815,121.974,-54.259,42.745,-71.338,44.57,-13.611,33.68,-42.965,-15.627,21.73,-44.88,99.232,-107.849,80.554,-49.871,65.663,-64.015,70.157,-3.547,32.138,-4.223,33.406,143.036,150.26,291.615,24.466,-117.567,-102.784,-33.111,-79.96,-3.491,-31.091,-32.533,-10.798,-26.035,-0.786,-25.37,142.956,67.065,-138.858,-89.065,32.439,-63.808,63.387,-12.424,63.836,-42.871,7.582,26.558,-49.553,51.925,-79.804,133.622,-52.947,58.185,-60.935,40.109,-26.782,18.2,-28.439,-56.528,47.463,-68.915,127.894,-112.722,71.359,-31.422,56.7,-42.487,64.886,24.362,0.305,27.031,-16.495,167.294,183.192,268.183,93.297,-119.256,-94.189,-21.594,-68.113,-55.512
474,-35.918,-3.404,-23.452,-41.231,125.462,88.063,-104.372,-82.866,72.946,-15.539,72.794,-47.505,41.638,-3.571,-11.647,20.04,-50.815,121.974,-54.259,42.745,-71.338,44.57,-13.611,33.68,-42.965,-15.627,21.73,-44.88,99.232,-107.849,80.554,-49.871,65.663,-64.015,70.157,-3.547,32.138,-4.223,33.406,143.036,150.26,291.615,24.466,-117.567,-102.784,-33.111,-79.96,-3.491,-31.091,-32.533,-10.798,-26.035,-0.786,-25.37,142.956,67.065,-138.858,-89.065,32.439,-63.808,63.387,-12.424,63.836,-42.871,7.582,26.558,-49.553,51.925,-79.804,133.622,-52.947,58.185,-60.935,40.109,-26.782,18.2,-28.439,-56.528,47.463,-68.915,127.894,-112.722,71.359,-31.422,56.7,-42.487,64.886,24.362,0.305,27.031,-16.495,167.294,183.192,268.183,93.297,-119.256,-94.189,-21.594,-68.113,-55.512,34.022
475,-3.404,-23.452,-41.231,125.462,88.063,-104.372,-82.866,72.946,-15.539,72.794,-47.505,41.638,-3.571,-11.647,20.04,-50.815,121.974,-54.259,42.745,-71.338,44.57,-13.611,33.68,-42.965,-15.627,21.73,-44.88,99.232,-107.849,80.554,-49.871,65.663,-64.015,70.157,-3.547,32.138,-4.223,33.406,143.036,150.26,291.615,24.466,-117.567,-102.784,-33.111,-79.96,-3.491,-31.091,-32.533,-10.798,-26.035,-0.786,-25.37,142.956,67.065,-138.858,-89.065,32.439,-63.808,63.387,-12.424,63.836,-42.871,7.582,26.558,-49.553,51.925,-79.804,133.622,-52.947,58.185,-60.935,40.109,-26.782,18.2,-28.439,-56.528,47.463,-68.915,127.894,-112.722,71.359,-31.422,56.7,-42.487,64.886,24.362,0.305,27.031,-16.495,167.294,183.192,268.183,93.297,-119.256,-94.189,-21.594,-68.113,-55.512,34.022,-87.845
476,-23.452,-41.231,125.462,88.063,-104.372,-82.866,72.946,-15.539,72.794,-47.505,41.638,-3.571,-11.647,20.04,-50.815,121.974,-54.259,42.745,-71.338,44.57,-13.611,33.68,-42.965,-15.627,21.73,-44.88,99.232,-107.849,80.554,-49.871,65.663,-64.015,70.157,-3.547,32.138,-4.223,33.406,143.036,150.26,291.615,24.466,-117.567,-102.784,-33.111,-79.96,-3.491,-31.091,-32.533,-10.798,-26.035,-0.786,-25.37,142.956,67.065,-138.858,-89.065,32.439,-63.808,63.387,-12.424,63.836,-42.871,7.582,26.558,-49.553,51.925,-79.804,133.622,-52.947,58.185,-60.935,40.109,-26.782,18.2,-28.439,-56.528,47.463,-68.915,127.894,-112.722,71.359,-31.422,56.7,-42.487,64.886,24.362,0.305,27.031,-16.495,167.294,183.192,268.183,93.297,-119.256,-94.189,-21.594,-68.113,-55.512,34.022,-87.845,16.147
477,-41.231,125.462,88.063,-104.372,-82.866,72.946,-15.539,72.794,-47.505,41.638,-3.571,-11.647,20.04,-50.815,121.974,-54.259,42.745,-71.338,44.57,-13.611,33.68,-42.965,-15.627,21.73,-44.88,99.232,-107.849,80.554,-49.871,65.663,-64.015,70.157,-3.547,32.138,-4.223,33.406,143.036,150.26,291.615,24.466,-117.567,-102.784,-33.111,-79.96,-3.491,-31.091,-32.533,-10.798,-26.035,-0.786,-25.37,142.956,67.065,-138.858,-89.065,32.439,-63.808,63.387,-12.424,63.836,-42.871,7.582,26.558,-49.553,51.925,-79.804,133.622,-52.947,58.185,-60.935,40.109,-26.782,18.2,-28.439,-56.528,47.463,-68.915,127.894,-112.722,71.359,-31.422,56.7,-42.487,64.886,24.362,0.305,27.031,-16.495,167.294,183.192,268.183,93.297,-119.256,-94.189,-21.594,-68.113,-55.512,34.022,-87.845,16.147,-55.226
478,125.462,88.063,-104.372,-82.866,72.946,-15.539,72.794,-47.505,41.638,-3.571,-11.647,20.04,-50.815,121.974,-54.259,42.745,-71.338,44.57,-13.611,33.68,-42.965,-15.627,21.73,-44.88,99.232,-107.849,80.554,-49.871,65.663,-64.015,70.157,-3.547,32.138,-4.223,33.406,143.036,150.26,291.615,24.466,-117.567,-102.784,-33.111,-79.96,-3.491,-31.091,-32.533,-10.798,-26.035,-0.786,-25.37,142.956,67.065,-138.858,-89.065,32.439,-63.808,63.387,-12.424,63.836,-42.871,7.582,26.558,-49.553,51.925,-79.804,133.622,-52.947,58.185,-60.935,40.109,-26.782,18.2,-28.439,-56.528,47.463,-68.915,127.894,-112.722,71.359,-31.422,56.7,-42.487,64.886,24.362,0.305,27.031,-16.495,167.294,183.192,268.183,93.297,-119.256,-94.189,-21.594,-68.113,-55.512,34.022,-87.845,16.147,-55.226,36.227
479,88.063,-104.372,-82.866,72.946,-15.539,72.794,-47.505,41.638,-3.571,-11.647,20.04,-50.815,121.974,-54.259,42.745,-71.338,44.57,-13.611,33.68,-42.965,-15.627,21.73,-44.88,99.232,-107.849,80.554,-49.871,65.663,-64.015,70.157,-3.547,32.138,-4.223,33.406,143.036,150.26,291.615,24.466,-117.567,-102.784,-33.111,-79.96,-3.491,-31.091,-32.533,-10.798,-26.035,-0.786,-25.37,142.956,67.065,-138.858,-89.065,32.439,-63.808,63.387,-12.424,63.836,-42.871,7.582,26.558,-49.553,51.925,-79.804,133.622,-52.947,58.185,-60.935,40.109,-26.782,18.2,-28.439,-56.528,47.463,-68.915,127.894,-112.722,71.359,-31.422,56.7,-42.487,64.886,24.362,0.305,27.031,-16.495,167.294,183.192,268.183,93.297,-119.256,-94.189,-21.594,-68.113,-55.512,34.022,-87.845,16.147,-55.226,36.227,-54.562
480,-104.372,-82.866,72.946,-15.539,72.794,-47.505,41.638,-3.571,-11.647,20.04,-50.815,121.974,-54.259,42.745,-71.338,44.57,-13.611,33.68,-42.965,-15.627,21.73,-44.88,99.232,-107.849,80.554,-49.871,65.663,-64.015,70.157,-3.547,32.138,-4.223,33.406,143.036,150.26,291.615,24.466,-117.567,-102.784,-33.111,-79.96,-3.491,-31.091,-32.533,-10.798,-26.035,-0.786,-25.37,142.956,67.065,-138.858,-89.065,32.439,-63.808,63.387,-12.424,63.836,-42.871,7.582,26.558,-49.553,51.925,-79.804,133.622,-52.947,58.185,-60.935,40.109,-26.782,18.2,-28.439,-56.528,47.463,-68.915,127.894,-112.722,71.359,-31.422,56.7,-42.487,64.886,24.362,0.305,27.031,-16.495,167.294,183.192,268.183,93.297,-119.256,-94.189,-21.594,-68.113,-55.512,34.022,-87.845,16.147,-55.226,36.227,-54.562,66.148
481,-82.866,72.946,-15.539,72.794,-47.505,41.638,-3.571,-11.647,20.04,-50.815,121.974,-54.259,42.745,-71.338,44.57,-13.611,33.68,-42.965,-15.627,21.73,-44.88,99.232,-107.849,80.554,-49.871,65.663,-64.015,70.157,-3.547,32.138,-4.223,33.406,143.036,150.26,291.615,24.466,-117.567,-102.784,-33.111,-79.96,-3.491,-31.091,-32.533,-10.798,-26.035,-0.786,-25.37,142.956,67.065,-138.858,-89.065,32.439,-63.808,63.387,-12.424,63.836,-42.871,7.582,26.558,-49.553,51.925,-79.804,133.622,-52.947,58.185,-60.935,40.109,-26.782,18.2,-28.439,-56.528,47.463,-68.915,127.894,-112.722,71.359,-31.422,56.7,-42.487,64.886,24.362,0.305,27.031,-16.495,167.294,183.192,268.183,93.297,-119.256,-94.189,-21.594,-68.113,-55.512,34.022,-87.845,16.147,-55.226,36.227,-54.562,66.148,-63.273
482,72.946,-15.539,72.794,-47.505,41.638,-3.571,-11.647,20.04,-50.815,121.974,-54.259,42.745,-71.338,44.57,-13.611,33.68,-42.965,-15.627,21.73,-44.88,99.232,-107.849,80.554,-49.871,65.663,-64.015,70.157,-3.547,32.138,-4.223,33.406,143.036,150.26,291.615,24.466,-117.567,-102.784,-33.111,-79.96,-3.491,-31.091,-32.533,-10.798,-26.035,-0.786,-25.37,142.956,67.065,-138.858,-89.065,32.439,-63.808,63.387,-12.424,63.836,-42.871,7.582,26.558,-49.553,51.925,-79.804,133.622,-52.947,58.185,-60.935,40.109,-26.782,18.2,-28.439,-56.528,47.463,-68.915,127.894,-112.722,71.359,-31.422,56.7,-42.487,64.886,24.362,0.305,27.031,-16.495,167.294,183.192,268.183,93.297,-119.256,-94.189,-21.594,-68.113,-55.512,34.022,-87.845,16.147,-55.226,36.227,-54.562,66.148,-63.273,77.871
483,-15.539,72.794,-47.505,41.638,-3.571,-11.647,20.04,-50.815,121.974,-54.259,42.745,-71.338,44.57,-13.611,33.68,-42.965,-15.627,21.73,-44.88,99.232,-107.849,80.554,-49.871,65.663,-64.015,70.157,-3.547,32.138,-4.223,33.406,143.036,150.26,291.615,24.466,-117.567,-102.784,-33.111,-79.96,-3.491,-31.091,-32.533,-10.798,-26.035,-0.786,-25.37,142.956,67.065,-138.858,-89.065,32.439,-63.808,63.387,-12.424,63.836,-42.871,7.582,26.558,-49.553,51.925,-79.804,133.622,-52.947,58.185,-60.935,40.109,-26.782,18.2,-28.439,-56.528,47.463,-68.915,127.894,-112.722,71.359,-31.422,56.7,-42.487,64.886,24.362,0.305,27.031,-16.495,167.294,183.192,268.183,93.297,-119.256,-94.189,-21.594,-68.113,-55.512,34.022,-87.845,16.147,-55.226,36.227,-54.562,66.148,-63.273,77.871,38.171
484,72.794,-47.505,41.638,-3.571,-11.647,20.04,-50.815,121.974,-54.259,42.745,-71.338,44.57,-13.611,33.68,-42.965,-15.627,21.73,-44.88,99.232,-107.849,80.554,-49.871,65.663,-64.015,70.157,-3.547,32.138,-4.223,33.406,143.036,150.26,291.615,24.466,-117.567,-102.784,-33.111,-79.96,-3.491,-31.091,-32.533,-10.798,-26.035,-0.786,-25.37,142.956,67.065,-138.858,-89.065,32.439,-63.808,63.387,-12.424,63.836,-42.871,7.582,26.558,-49.553,51.925,-79.804,133.622,-52.947,58.185,-60.935,40.109,-26.782,18.2,-28.439,-56.528,47.463,-68.915,127.894,-112.722,71.359,-31.422,56.7,-42.487,64.886,24.362,0.305,27.031,-16.495,167.294,183.192,268.183,93.297,-119.256,-94.189,-21.594,-68.113,-55.512,34.022,-87.845,16.147,-55.226,36.227,-54.562,66.148,-63.273,77.871,38.171,146.588
485,-47.505,41.638,-3.571,-11.647,20.04,-50.815,121.974,-54.259,42.745,-71.338,44.57,-13.611,33.68,-42.965,-15.627,21.73,-44.88,99.232,-107.849,80.554,-49.871,65.663,-64.015,70.157,-3.547,32.138,-4.223,33.406,143.036,150.26,291.615,24.466,-117.567,-102.784,-33.111,-79.96,-3.491,-31.091,-32.533,-10.798,-26.035,-0.786,-25.37,142.956,67.065,-138.858,-89.065,32.439,-63.808,63.387,-12.424,63.836,-42.871,7.582,26.558,-49.553,51.925,-79.804,133.622,-52.947,58.185,-60.935,40.109,-26.782,18.2,-28.439,-56.528,47.463,-68.915,127.894,-112.722,71.359,-31.422,56.7,-42.487,64.886,24.362,0.305,27.031,-16.495,167.294,183.192,268.183,93.297,-119.256,-94.189,-21.594,-68.113,-55.512,34.022,-87.845,16.147,-55.226,36.227,-54.562,66.148,-63.273,77.871,38.171,146.588,-183.3
486,41.638,-3.571,-11.647,20.04,-50.815,121.974,-54.259,42.745,-71.338,44.57,-13.611,33.68,-42.965,-15.627,21.73,-44.88,99.232,-107.849,80.554,-49.871,65.663,-64.015,70.157,-3.547,32.138,-4.223,33.406,143.036,150.26,291.615,24.466,-117.567,-102.784,-33.111,-79.96,-3.491,-31.091,-32.533,-10.798,-26.035,-0.786,-25.37,142.956,67.065,-138.858,-89.065,32.439,-63.808,63.387,-12.424,63.836,-42.871,7.582,26.558,-49.553,51.925,-79.804,133.622,-52.947,58.185,-60.935,40.109,-26.782,18.2,-28.439,-56.528,47.463,-68.915,127.894,-112.722,71.359,-31.422,56.7,-42.487,64.886,24.362,0.305,27.031,-16.495,167.294,183.192,268.183,93.297,-119.256,-94.189,-21.594,-68.113,-55.512,34.022,-87.845,16.147,-55.226,36.227,-54.562,66.148,-63.273,77.871,38.171,146.588,-183.3,46.104
487,-3.571,-11.647,20.04,-50.815,121.974,-54.259,42.745,-71.338,44.57,-13.611,33.68,-42.965,-15.627,21.73,-44.88,99.232,-107.849,80.554,-49.871,65.663,-64.015,70.157,-3.547,32.138,-4.223,33.406,143.036,150.26,291.615,24.466,-117.567,-102.784,-33.111,-79.96,-3.491,-31.091,-32.533,-10.798,-26.035,-0.786,-25.37,142.956,67.065,-138.858,-89.065,32.439,-63.808,63.387,-12.424,63.836,-42.871,7.582,26.558,-49.553,51.925,-79.804,133.622,-52.947,58.185,-60.935,40.109,-26.782,18.2,-28.439,-56.528,47.463,-68.915,127.894,-112.722,71.359,-31.422,56.7,-42.487,64.886,24.362,0.305,27.031,-16.495,167.294,183.192,268.183,93.297,-119.256,-94.189,-21.594,-68.113,-55.512,34.022,-87.845,16.147,-55.226,36.227,-54.562,66.148,-63.273,77.871,38.171,146.588,-183.3,46.104,-23.825
488,-11.647,20.04,-50.815,121.974,-54.259,42.745,-71.338,44.57,-13.611,33.68,-42.965,-15.627,21.73,-44.88,99.232,-107.849,80.554,-49.871,65.663,-64.015,70.157,-3.547,32.138,-4.223,33.406,143.036,150.26,291.615,24.466,-117.567,-102.784,-33.111,-79.96,-3.491,-31.091,-32.533,-10.798,-26.035,-0.786,-25.37,142.956,67.065,-138.858,-89.065,32.439,-63.808,63.387,-12.424,63.836,-42.871,7.582,26.558,-49.553,51.925,-79.804,133.622,-52.947,58.185,-60.935,40.109,-26.782,18.2,-28.439,-56.528,47.463,-68.915,127.894,-112.722,71.359,-31.422,56.7,-42.487,64.886,24.362,0.305,27.031,-16.495,167.294,183.192,268.183,93.297,-119.256,-94.189,-21.594,-68.113,-55.512,34.022,-87.845,16.147,-55.226,36.227,-54.562,66.148,-63.273,77.871,38.171,146.588,-183.3,46.104,-23.825,43.873
489,20.04,-50.815,121.974,-54.259,42.745,-71.338,44.57,-13.611,33.68,-42.965,-15.627,21.73,-44.88,99.232,-107.849,80.554,-49.871,65.663,-64.015,70.157,-3.547,32.138,-4.223,33.406,143.036,150.26,291.615,24.466,-117.567,-102.784,-33.111,-79.96,-3.491,-31.091,-32.533,-10.798,-26.035,-0.786,-25.37,142.956,67.065,-138.858,-89.065,32.439,-63.808,63.387,-12.424,63.836,-42.871,7.582,26.558,-49.553,51.925,-79.804,133.622,-52.947,58.185,-60.935,40.109,-26.782,18.2,-28.439,-56.528,47.463,-68.915,127.894,-112.722,71.359,-31.422,56.7,-42.487,64.886,24.362,0.305,27.031,-16.495,167.294,183.192,268.183,93.297,-119.256,-94.189,-21.594,-68.113,-55.512,34.022,-87.845,16.147,-55.226,36.227,-54.562,66.148,-63.273,77.871,38.171,146.588,-183.3,46.104,-23.825,43.873,-5.114
490,-50.815,121.974,-54.259,42.745,-71.338,44.57,-13.611,33.68,-42.965,-15.627,21.73,-44.88,99.232,-107.849,80.554,-49.871,65.663,-64.015,70.157,-3.547,32.138,-4.223,33.406,143.036,150.26,291.615,24.466,-117.567,-102.784,-33.111,-79.96,-3.491,-31.091,-32.533,-10.798,-26.035,-0.786,-25.37,142.956,67.065,-138.858,-89.065,32.439,-63.808,63.387,-12.424,63.836,-42.871,7.582,26.558,-49.553,51.925,-79.804,133.622,-52.947,58.185,-60.935,40.109,-26.782,18.2,-28.439,-56.528,47.463,-68.915,127.894,-112.722,71.359,-31.422,56.7,-42.487,64.886,24.362,0.305,27.031,-16.495,167.294,183.192,268.183,93.297,-119.256,-94.189,-21.594,-68.113,-55.512,34.022,-87.845,16.147,-55.226,36.227,-54.562,66.148,-63.273,77.871,38.171,146.588,-183.3,46.104,-23.825,43.873,-5.114,-36.918
491,121.974,-54.259,42.745,-71.338,44.57,-13.611,33.68,-42.965,-15.627,21.73,-44.88,99.232,-107.849,80.554,-49.871,65.663,-64.015,70.157,-3.547,32.138,-4.223,33.406,143.036,150.26,291.615,24.466,-117.567,-102.784,-33.111,-79.96,-3.491,-31.091,-32.533,-10.798,-26.035,-0.786,-25.37,142.956,67.065,-138.858,-89.065,32.439,-63.808,63.387,-12.424,63.836,-42.871,7.582,26.558,-49.553,51.925,-79.804,133.622,-52.947,58.185,-60.935,40.109,-26.782,18.2,-28.439,-56.528,47.463,-68.915,127.894,-112.722,71.359,-31.422,56.7,-42.487,64.886,24.362,0.305,27.031,-16.495,167.294,183.192,268.183,93.297,-119.256,-94.189,-21.594,-68.113,-55.512,34.022,-87.845,16.147,-55.226,36.227,-54.562,66.148,-63.273,77.871,38.171,146.588,-183.3,46.104,-23.825,43.873,-5.114,-36.918,85.983
492,-54.259,42.745,-71.338,44.57,-13.611,33.68,-42.965,-15.627,21.73,-44.88,99.232,-107.849,80.554,-49.871,65.663,-64.015,70.157,-3.547,32.138,-4.223,33.406,143.036,150.26,291.615,24.466,-117.567,-102.784,-33.111,-79.96,-3.491,-31.091,-32.533,-10.798,-26.035,-0.786,-25.37,142.956,67.065,-138.858,-89.065,32.439,-63.808,63.387,-12.424,63.836,-42.871,7.582,26.558,-49.553,51.925,-79.804,133.622,-52.947,58.185,-60.935,40.109,-26.782,18.2,-28.439,-56.528,47.463,-68.915,127.894,-112.722,71.359,-31.422,56.7,-42.487,64.886,24.362,0.305,27.031,-16.495,167.294,183.192,268.183,93.297,-119.256,-94.189,-21.594,-68.113,-55.512,34.022,-87.845,16.147,-55.226,36.227,-54.562,66.148,-63.273,77.871,38.171,146.588,-183.3,46.104,-23.825,43.873,-5.114,-36.918,85.983,-50.481
493,42.745,-71.338,44.57,-13.611,33.68,-42.965,-15.627,21.73,-44.88,99.232,-107.849,80.554,-49.871,65.663,-64.015,70.157,-3.547,32.138,-4.223,33.406,143.036,150.26,291.615,24.466,-117.567,-102.784,-33.111,-79.96,-3.491,-31.091,-32.533,-10.798,-26.035,-0.786,-25.37,142.956,67.065,-138.858,-89.065,32.439,-63.808,63.387,-12.424,63.836,-42.871,7.582,26.558,-49.553,51.925,-79.804,133.622,-52.947,58.185,-60.935,40.109,-26.782,18.2,-28.439,-56.528,47.463,-68.915,127.894,-112.722,71.359,-31.422,56.7,-42.487,64.886,24.362,0.305,27.031,-16.495,167.294,183.192,268.183,93.297,-119.256,-94.189,-21.594,-68.113,-55.512,34.022,-87.845,16.147,-55.226,36.227,-54.562,66.148,-63.273,77.871,38.171,146.588,-183.3,46.104,-23.825,43.873,-5.114,-36.918,85.983,-50.481,78.72
494,-71.338,44.57,-13.611,33.68,-42.965,-15.627,21.73,-44.88,99.232,-107.849,80.554,-49.871,65.663,-64.015,70.157,-3.547,32.138,-4.223,33.406,143.036,150.26,291.615,24.466,-117.567,-102.784,-33.111,-79.96,-3.491,-31.091,-32.533,-10.798,-26.035,-0.786,-25.37,142.956,67.065,-138.858,-89.065,32.439,-63.808,63.387,-12.424,63.836,-42.871,7.582,26.558,-49.553,51.925,-79.804,133.622,-52.947,58.185,-60.935,40.109,-26.782,18.2,-28.439,-56.528,47.463,-68.915,127.894,-112.722,71.359,-31.422,56.7,-42.487,64.886,24.362,0.305,27.031,-16.495,167.294,183.192,268.183,93.297,-119.256,-94.189,-21.594,-68.113,-55.512,34.022,-87.845,16.147,-55.226,36.227,-54.562,66.148,-63.273,77.871,38.171,146.588,-183.3,46.104,-23.825,43.873,-5.114,-36.918,85.983,-50.481,78.72,-68.768
495,44.57,-13.611,33.68,-42.965,-15.627,21.73,-44.88,99.232,-107.849,80.554,-49.871,65.663,-64.015,70.157,-3.547,32.138,-4.223,33.406,143.036,150.26,291.615,24.466,-117.567,-102.784,-33.111,-79.96,-3.491,-31.091,-32.533,-10.798,-26.035,-0.786,-25.37,142.956,67.065,-138.858,-89.065,32.439,-63.808,63.387,-12.424,63.836,-42.871,7.582,26.558,-49.553,51.925,-79.804,133.622,-52.947,58.185,-60.935,40.109,-26.782,18.2,-28.439,-56.528,47.463,-68.915,127.894,-112.722,71.359,-31.422,56.7,-42.487,64.886,24.362,0.305,27.031,-16.495,167.294,183.192,268.183,93.297,-119.256,-94.189,-21.594,-68.113,-55.512,34.022,-87.845,16.147,-55.226,36.227,-54.562,66.148,-63.273,77.871,38.171,146.588,-183.3,46.104,-23.825,43.873,-5.114,-36.918,85.983,-50.481,78.72,-68.768,89.252
496,-13.611,33.68,-42.965,-15.627,21.73,-44.88,99.232,-107.849,80.554,-49.871,65.663,-64.015,70.157,-3.547,32.138,-4.223,33.406,143.036,150.26,291.615,24.466,-117.567,-102.784,-33.111,-79.96,-3.491,-31.091,-32.533,-10.798,-26.035,-0.786,-25.37,142.956,67.065,-138.858,-89.065,32.439,-63.808,63.387,-12.424,63.836,-42.871,7.582,26.558,-49.553,51.925,-79.804,133.622,-52.947,58.185,-60.935,40.109,-26.782,18.2,-28.439,-56.528,47.463,-68.915,127.894,-112.722,71.359,-31.422,56.7,-42.487,64.886,24.362,0.305,27.031,-16.495,167.294,183.192,268.183,93.297,-119.256,-94.189,-21.594,-68.113,-55.512,34.022,-87.845,16.147,-55.226,36.227,-54.562,66.148,-63.273,77.871,38.171,146.588,-183.3,46.104,-23.825,43.873,-5.114,-36.918,85.983,-50.481,78.72,-68.768,89.252,13.229
497,33.68,-42.965,-15.627,21.73,-44.88,99.232,-107.849,80.554,-49.871,65.663,-64.015,70.157,-3.547,32.138,-4.223,33.406,143.036,150.26,291.615,24.466,-117.567,-102.784,-33.111,-79.96,-3.491,-31.091,-32.533,-10.798,-26.035,-0.786,-25.37,142.956,67.065,-138.858,-89.065,32.439,-63.808,63.387,-12.424,63.836,-42.871,7.582,26.558,-49.553,51.925,-79.804,133.622,-52.947,58.185,-60.935,40.109,-26.782,18.2,-28.439,-56.528,47.463,-68.915,127.894,-112.722,71.359,-31.422,56.7,-42.487,64.886,24.362,0.305,27.031,-16.495,167.294,183.192,268.183,93.297,-119.256,-94.189,-21.594,-68.113,-55.512,34.022,-87.845,16.147,-55.226,36.227,-54.562,66.148,-63.273,77.871,38.171,146.588,-183.3,46.104,-23.825,43.873,-5.114,-36.918,85.983,-50.481,78.72,-68.768,89.252,13.229,39.796
498,-42.965,-15.627,21.73,-44.88,99.232,-107.849,80.554,-49.871,65.663,-64.015,70.157,-3.547,32.138,-4.223,33.406,143.036,150.26,291.615,24.466,-117.567,-102.784,-33.111,-79.96,-3.491,-31.091,-32.533,-10.798,-26.035,-0.786,-25.37,142.956,67.065,-138.858,-89.065,32.439,-63.808,63.387,-12.424,63.836,-42.871,7.582,26.558,-49.553,51.925,-79.804,133.622,-52.947,58.185,-60.935,40.109,-26.782,18.2,-28.439,-56.528,47.463,-68.915,127.894,-112.722,71.359,-31.422,56.7,-42.487,64.886,24.362,0.305,27.031,-16.495,167.294,183.192,268.183,93.297,-119.256,-94.189,-21.594,-68.113,-55.512,34.022,-87.845,16.147,-55.226,36.227,-54.562,66.148,-63.273,77.871,38.171,146.588,-183.3,46.104,-23.825,43.873,-5.114,-36.918,85.983,-50.481,78.72,-68.768,89.252,13.229,39.796,-54.289
499,-15.627,21.73,-44.88,99.232,-107.849,80.554,-49.871,65.663,-64.015,70.157,-3.547,32.138,-4.223,33.406,143.036,150.26,291.615,24.466,-117.567,-102.784,-33.111,-79.96,-3.491,-31.091,-32.533,-10.798,-26.035,-0.786,-25.37,142.956,67.065,-138.858,-89.065,32.439,-63.808,63.387,-12.424,63.836,-42.871,7.582,26.558,-49.553,51.925,-79.804,133.622,-52.947,58.185,-60.935,40.109,-26.782,18.2,-28.439,-56.528,47.463,-68.915,127.894,-112.722,71.359,-31.422,56.7,-42.487,64.886,24.362,0.305,27.031,-16.495,167.294,183.192,268.183,93.297,-119.256,-94.189,-21.594,-68.113,-55.512,34.022,-87.845,16.147,-55.226,36.227,-54.562,66.148,-63.273,77.871,38.171,146.588,-183.3,46.104,-23.825,43.873,-5.114,-36.918,85.983,-50.481,78.72,-68.768,89.252,13.229,39.796,-54.289,15.105
500,21.73,-44.88,99.232,-107.849,80.554,-49.871,65.663,-64.015,70.157,-3.547,32.138,-4.223,33.406,143.036,150.26,291.615,24.466,-117.567,-102.784,-33.111,-79.96,-3.491,-31.091,-32.533,-10.798,-26.035,-0.786,-25.37,142.956,67.065,-138.858,-89.065,32.439,-63.808,63.387,-12.424,63.836,-42.871,7.582,26.558,-49.553,51.925,-79.804,133.622,-52.947,58.185,-60.935,40.109,-26.782,18.2,-28.439,-56.528,47.463,-68.915,127.894,-112.722,71.359,-31.422,56.7,-42.487,64.886,24.362,0.305,27.031,-16.495,167.294,183.192,268.183,93.297,-119.256,-94.189,-21.594,-68.113,-55.512,34.022,-87.845,16.147,-55.226,36.227,-54.562,66.148,-63.273,77.871,38.171,146.588,-183.3,46.104,-23.825,43.873,-5.114,-36.918,85.983,-50.481,78.72,-68.768,89.252,13.229,39.796,-54.289,15.105,-11.029
501,-44.88,99.232,-107.849,80.554,-49.871,65.663,-64.015,70.157,-3.547,32.138,-4.223,33.406,143.036,150.26,291.615,24.466,-117.567,-102.784,-33.111,-79.96,-3.491,-31.091,-32.533,-10.798,-26.035,-0.786,-25.37,142.956,67.065,-138.858,-89.065,32.439,-63.808,63.387,-12.424,63.836,-42.871,7.582,26.558,-49.553,51.925,-79.804,133.622,-52.947,58.185,-60.935,40.109,-26.782,18.2,-28.439,-56.528,47.463,-68.915,127.894,-112.722,71.359,-31.422,56.7,-42.487,64.886,24.362,0.305,27.031,-16.495,167.294,183.192,268.183,93.297,-119.256,-94.189,-21.594,-68.113,-55.512,34.022,-87.845,16.147,-55.226,36.227,-54.562,66.148,-63.273,77.871,38.171,146.588,-183.3,46.104,-23.825,43.873,-5.114,-36.918,85.983,-50.481,78.72,-68.768,89.252,13.229,39.796,-54.289,15.105,-11.029,-9.914
502,99.232,-107.849,80.554,-49.871,65.663,-64.015,70.157,-3.547,32.138,-4.223,33.406,143.036,150.26,291.615,24.466,-117.567,-102.784,-33.111,-79.96,-3.491,-31.091,-32.533,-10.798,-26.035,-0.786,-25.37,142.956,67.065,-138.858,-89.065,32.439,-63.808,63.387,-12.424,63.836,-42.871,7.582,26.558,-49.553,51.925,-79.804,133.622,-52.947,58.185,-60.935,40.109,-26.782,18.2,-28.439,-56.528,47.463,-68.915,127.894,-112.722,71.359,-31.422,56.7,-42.487,64.886,24.362,0.305,27.031,-16.495,167.294,183.192,268.183,93.297,-119.256,-94.189,-21.594,-68.113,-55.512,34.022,-87.845,16.147,-55.226,36.227,-54.562,66.148,-63.273,77.871,38.171,146.588,-183.3,46.104,-23.825,43.873,-5.114,-36.918,85.983,-50.481,78.72,-68.768,89.252,13.229,39.796,-54.289,15.105,-11.029,-9.914,7.442
503,-107.849,80.554,-49.871,65.663,-64.015,70.157,-3.547,32.138,-4.223,33.406,143.036,150.26,291.615,24.466,-117.567,-102.784,-33.111,-79.96,-3.491,-31.091,-32.533,-10.798,-26.035,-0.786,-25.37,142.956,67.065,-138.858,-89.065,32.439,-63.808,63.387,-12.424,63.836,-42.871,7.582,26.558,-49.553,51.925,-79.804,133.622,-52.947,58.185,-60.935,40.109,-26.782,18.2,-28.439,-56.528,47.463,-68.915,127.894,-112.722,71.359,-31.422,56.7,-42.487,64.886,24.362,0.305,27.031,-16.495,167.294,183.192,268.183,93.297,-119.256,-94.189,-21.594,-68.113,-55.512,34.022,-87.845,16.147,-55.226,36.227,-54.562,66.148,-63.273,77.871,38.171,146.588,-183.3,46.104,-23.825,43.873,-5.114,-36.918,85.983,-50.481,78.72,-68.768,89.252,13.229,39.796,-54.289,15.105,-11.029,-9.914,7.442,-94.311
504,80.554,-49.871,65.663,-64.015,70.157,-3.547,32.138,-4.223,33.406,143.036,150.26,291.615,24.466,-117.567,-102.784,-33.111,-79.96,-3.491,-31.091,-32.533,-10.798,-26.035,-0.786,-25.37,142.956,67.065,-138.858,-89.065,32.439,-63.808,63.387,-12.424,63.836,-42.871,7.582,26.558,-49.553,51.925,-79.804,133.622,-52.947,58.185,-60.935,40.109,-26.782,18.2,-28.439,-56.528,47.463,-68.915,127.894,-112.722,71.359,-31.422,56.7,-42.487,64.886,24.362,0.305,27.031,-16.495,167.294,183.192,268.183,93.297,-119.256,-94.189,-21.594,-68.113,-55.512,34.022,-87.845,16.147,-55.226,36.227,-54.562,66.148,-63.273,77.871,38.171,146.588,-183.3,46.104,-23.825,43.873,-5.114,-36.918,85.983,-50.481,78.72,-68.768,89.252,13.229,39.796,-54.289,15.105,-11.029,-9.914,7.442,-94.311,61.147
505,-49.871,65.663,-64.015,70.157,-3.547,32.138,-4.223,33.406,143.036,150.26,291.615,24.466,-117.567,-102.784,-33.111,-79.96,-3.491,-31.091,-32.533,-10.798,-26.035,-0.786,-25.37,142.956,67.065,-138.858,-89.065,32.439,-63.808,63.387,-12.424,63.836,-42.871,7.582,26.558,-49.553,51.925,-79.804,133.622,-52.947,58.185,-60.935,40.109,-26.782,18.2,-28.439,-56.528,47.463,-68.915,127.894,-112.722,71.359,-31.422,56.7,-42.487,64.886,24.362,0.305,27.031,-16.495,167.294,183.192,268.183,93.297,-119.256,-94.189,-21.594,-68.113,-55.512,34.022,-87.845,16.147,-55.226,36.227,-54.562,66.148,-63.273,77.871,38.171,146.588,-183.3,46.104,-23.825,43.873,-5.114,-36.918,85.983,-50.481,78.72,-68.768,89.252,13.229,39.796,-54.289,15.105,-11.029,-9.914,7.442,-94.311,61.147,-64.85
506,65.663,-64.015,70.157,-3.547,32.138,-4.223,33.406,143.036,150.26,291.615,24.466,-117.567,-102.784,-33.111,-79.96,-3.491,-31.091,-32.533,-10.798,-26.035,-0.786,-25.37,142.956,67.065,-138.858,-89.065,32.439,-63.808,63.387,-12.424,63.836,-42.871,7.582,26.558,-49.553,51.925,-79.804,133.622,-52.947,58.185,-60.935,40.109,-26.782,18.2,-28.439,-56.528,47.463,-68.915,127.894,-112.722,71.359,-31.422,56.7,-42.487,64.886,24.362,0.305,27.031,-16.495,167.294,183.192,268.183,93.297,-119.256,-94.189,-21.594,-68.113,-55.512,34.022,-87.845,16.147,-55.226,36.227,-54.562,66.148,-63.273,77.871,38.171,146.588,-183.3,46.104,-23.825,43.873,-5.114,-36.918,85.983,-50.481,78.72,-68.768,89.252,13.229,39.796,-54.289,15.105,-11.029,-9.914,7.442,-94.311,61.147,-64.85,106.69
507,-64.015,70.157,-3.547,32.138,-4.223,33.406,143.036,150.26,291.615,24.466,-117.567,-102.784,-33.111,-79.96,-3.491,-31.091,-32.533,-10.798,-26.035,-0.786,-25.37,142.956,67.065,-138.858,-89.065,32.439,-63.808,63.387,-12.424,63.836,-42.871,7.582,26.558,-49.553,51.925,-79.804,133.622,-52.947,58.185,-60.935,40.109,-26.782,18.2,-28.439,-56.528,47.463,-68.915,127.894,-112.722,71.359,-31.422,56.7,-42.487,64.886,24.362,0.305,27.031,-16.495,167.294,183.192,268.183,93.297,-119.256,-94.189,-21.594,-68.113,-55.512,34.022,-87.845,16.147,-55.226,36.227,-54.562,66.148,-63.273,77.871,38.171,146.588,-183.3,46.104,-23.825,43.873,-5.114,-36.918,85.983,-50.481,78.72,-68.768,89.252,13.229,39.796,-54.289,15.105,-11.029,-9.914,7.442,-94.311,61.147,-64.85,106.69,-92.597
508,70.157,-3.547,32.138,-4.223,33.406,143.036,150.26,291.615,24.466,-117.567,-102.784,-33.111,-79.96,-3.491,-31.091,-32.533,-10.798,-26.035,-0.786,-25.37,142.956,67.065,-138.858,-89.065,32.439,-63.808,63.387,-12.424,63.836,-42.871,7.582,26.558,-49.553,51.925,-79.804,133.622,-52.947,58.185,-60.935,40.109,-26.782,18.2,-28.439,-56.528,47.463,-68.915,127.894,-112.722,71.359,-31.422,56.7,-42.487,64.886,24.362,0.305,27.031,-16.495,167.294,183.192,268.183,93.297,-119.256,-94.189,-21.594,-68.113,-55.512,34.022,-87.845,16.147,-55.226,36.227,-54.562,66.148,-63.273,77.871,38.171,146.588,-183.3,46.104,-23.825,43.873,-5.114,-36.918,85.983,-50.481,78.72,-68.768,89.252,13.229,39.796,-54.289,15.105,-11.029,-9.914,7.442,-94.311,61.147,-64.85,106.69,-92.597,64.256
509,-3.547,32.138,-4.223,33.406,143.036,150.26,291.615,24.466,-117.567,-102.784,-33.111,-79.96,-3.491,-31.091,-32.533,-10.798,-26.035,-0.786,-25.37,142.956,67.065,-138.858,-89.065,32.439,-63.808,63.387,-12.424,63.836,-42.871,7.582,26.558,-49.553,51.925,-79.804,133.622,-52.947,58.185,-60.935,40.109,-26.782,18.2,-28.439,-56.528,47.463,-68.915,127.894,-112.722,71.359,-31.422,56.7,-42.487,64.886,24.362,0.305,27.031,-16.495,167.294,183.192,268.183,93.297,-119.256,-94.189,-21.594,-68.113,-55.512,34.022,-87.845,16.147,-55.226,36.227,-54.562,66.148,-63.273,77.871,38.171,146.588,-183.3,46.104,-23.825,43.873,-5.114,-36.918,85.983,-50.481,78.72,-68.768,89.252,13.229,39.796,-54.289,15.105,-11.029,-9.914,7.442,-94.311,61.147,-64.85,106.69,-92.597,64.256,-31.059
510,32.138,-4.223,33.406,143.036,150.26,291.615,24.466,-117.567,-102.784,-33.111,-79.96,-3.491,-31.091,-32.533,-10.798,-26.035,-0.786,-25.37,142.956,67.065,-138.858,-89.065,32.439,-63.808,63.387,-12.424,63.836,-42.871,7.582,26.558,-49.553,51.925,-79.804,133.622,-52.947,58.185,-60.935,40.109,-26.782,18.2,-28.439,-56.528,47.463,-68.915,127.894,-112.722,71.359,-31.422,56.7,-42.487,64.886,24.362,0.305,27.031,-16.495,167.294,183.192,268.183,93.297,-119.256,-94.189,-21.594,-68.113,-55.512,34.022,-87.845,16.147,-55.226,36.227,-54.562,66.148,-63.273,77.871,38.171,146.588,-183.3,46.104,-23.825,43.873,-5.114,-36.918,85.983,-50.481,78.72,-68.768,89.252,13.229,39.796,-54.289,15.105,-11.029,-9.914,7.442,-94.311,61.147,-64.85,106.69,-92.597,64.256,-31.059,45.466
511,-4.223,33.406,143.036,150.26,291.615,24.466,-117.567,-102.784,-33.111,-79.96,-3.491,-31.091,-32.533,-10.798,-26.035,-0.786,-25.37,142.956,67.065,-138.858,-89.065,32.439,-63.808,63.387,-12.424,63.836,-42.871,7.582,26.558,-49.553,51.925,-79.804,133.622,-52.947,58.185,-60.935,40.109,-26.782,18.2,-28.439,-56.528,47.463,-68.915,127.894,-112.722,71.359,-31.422,56.7,-42.487,64.886,24.362,0.305,27.031,-16.495,167.294,183.192,268.183,93.297,-119.256,-94.189,-21.594,-68.113,-55.512,34.022,-87.845,16.147,-55.226,36.227,-54.562,66.148,-63.273,77.871,38.171,146.588,-183.3,46.104,-23.825,43.873,-5.114,-36.918,85.983,-50.481,78.72,-68.768,89.252,13.229,39.796,-54.289,15.105,-11.029,-9.914,7.442,-94.311,61.147,-64.85,106.69,-92.597,64.256,-31.059,45.466,-45.701
512,33.406,143.036,150.26,291.615,24.466,-117.567,-102.784,-33.111,-79.96,-3.491,-31.091,-32.533,-10.798,-26.035,-0.786,-25.37,142.956,67.065,-138.858,-89.065,32.439,-63.808,63.387,-12.424,63.836,-42.871,7.582,26.558,-49.553,51.925,-79.804,133.622,-52.947,58.185,-60.935,40.109,-26.782,18.2,-28.439,-56.528,47.463,-68.915,127.894,-112.722,71.359,-31.422,56.7,-42.487,64.886,24.362,0.305,27.031,-16.495,167.294,183.192,268.183,93.297,-119.256,-94.189,-21.594,-68.113,-55.512,34.022,-87.845,16.147,-55.226,36.227,-54.562,66.148,-63.273,77.871,38.171,146.588,-183.3,46.104,-23.825,43.873,-5.114,-36.918,85.983,-50.481,78.72,-68.768,89.252,13.229,39.796,-54.289,15.105,-11.029,-9.914,7.442,-94.311,61.147,-64.85,106.69,-92.597,64.256,-31.059,45.466,-45.701,8.221
513,143.036,150.26,291.615,24.466,-117.567,-102.784,-33.111,-79.96,-3.491,-31.091,-32.533,-10.798,-26.035,-0.786,-25.37,142.956,67.065,-138.858,-89.065,32.439,-63.808,63.387,-12.424,63.836,-42.871,7.582,26.558,-49.553,51.925,-79.804,133.622,-52.947,58.185,-60.935,40.109,-26.782,18.2,-28.439,-56.528,47.463,-68.915,127.894,-112.722,71.359,-31.422,56.7,-42.487,64.886,24.362,0.305,27.031,-16.495,167.294,183.192,268.183,93.297,-119.256,-94.189,-21.594,-68.113,-55.512,34.022,-87.845,16.147,-55.226,36.227,-54.562,66.148,-63.273,77.871,38.171,146.588,-183.3,46.104,-23.825,43.873,-5.114,-36.918,85.983,-50.481,78.72,-68.768,89.252,13.229,39.796,-54.289,15.105,-11.029,-9.914,7.442,-94.311,61.147,-64.85,106.69,-92.597,64.256,-31.059,45.466,-45.701,8.221,115.33
514,150.26,291.615,24.466,-117.567,-102.784,-33.111,-79.96,-3.491,-31.091,-32.533,-10.798,-26.035,-0.786,-25.37,142.956,67.065,-138.858,-89.065,32.439,-63.808,63.387,-12.424,63.836,-42.871,7.582,26.558,-49.553,51.925,-79.804,133.622,-52.947,58.185,-60.935,40.109,-26.782,18.2,-28.439,-56.528,47.463,-68.915,127.894,-112.722,71.359,-31.422,56.7,-42.487,64.886,24.362,0.305,27.031,-16.495,167.294,183.192,268.183,93.297,-119.256,-94.189,-21.594,-68.113,-55.512,34.022,-87.845,16.147,-55.226,36.227,-54.562,66.148,-63.273,77.871,38.171,146.588,-183.3,46.104,-23.825,43.873,-5.114,-36.918,85.983,-50.481,78.72,-68.768,89.252,13.229,39.796,-54.289,15.105,-11.029,-9.914,7.442,-94.311,61.147,-64.85,106.69,-92.597,64.256,-31.059,45.466,-45.701,8.221,115.33,-64.315
515,291.615,24.466,-117.567,-102.784,-33.111,-79.96,-3.491,-31.091,-32.533,-10.798,-26.035,-0.786,-25.37,142.956,67.065,-138.858,-89.065,32.439,-63.808,63.387,-12.424,63.836,-42.871,7.582,26.558,-49.553,51.925,-79.804,133.622,-52.947,58.185,-60.935,40.109,-26.782,18.2,-28.439,-56.528,47.463,-68.915,127.894,-112.722,71.359,-31.422,56.7,-42.487,64.886,24.362,0.305,27.031,-16.495,167.294,183.192,268.183,93.297,-119.256,-94.189,-21.594,-68.113,-55.512,34.022,-87.845,16.147,-55.226,36.227,-54.562,66.148,-63.273,77.871,38.171,146.588,-183.3,46.104,-23.825,43.873,-5.114,-36.918,85.983,-50.481,78.72,-68.768,89.252,13.229,39.796,-54.289,15.105,-11.029,-9.914,7.442,-94.311,61.147,-64.85,106.69,-92.597,64.256,-31.059,45.466,-45.701,8.221,115.33,-64.315,133.042
516,24.466,-117.567,-102.784,-33.111,-79.96,-3.491,-31.091,-32.533,-10.798,-26.035,-0.786,-25.37,142.956,67.065,-138.858,-89.065,32.439,-63.808,63.387,-12.424,63.836,-42.871,7.582,26.558,-49.553,51.925,-79.804,133.622,-52.947,58.185,-60.935,40.109,-26.782,18.2,-28.439,-56.528,47.463,-68.915,127.894,-112.722,71.359,-31.422,56.7,-42.487,64.886,24.362,0.305,27.031,-16.495,167.294,183.192,268.183,93.297,-119.256,-94.189,-21.594,-68.113,-55.512,34.022,-87.845,16.147,-55.226,36.227,-54.562,66.148,-63.273,77.871,38.171,146.588,-183.3,46.104,-23.825,43.873,-5.114,-36.918,85.983,-50.481,78.72,-68.768,89.252,13.229,39.796,-54.289,15.105,-11.029,-9.914,7.442,-94.311,61.147,-64.85,106.69,-92.597,64.256,-31.059,45.466,-45.701,8.221,115.33,-64.315,133.042,-67.067
517,-117.567,-102.784,-33.111,-79.96,-3.491,-31.091,-32.533,-10.798,-26.035,-0.786,-25.37,142.956,67.065,-138.858,-89.065,32.439,-63.808,63.387,-12.424,63.836,-42.871,7.582,26.558,-49.553,51.925,-79.804,133.622,-52.947,58.185,-60.935,40.109,-26.782,18.2,-28.439,-56.528,47.463,-68.915,127.894,-112.722,71.359,-31.422,56.7,-42.487,64.886,24.362,0.305,27.031,-16.495,167.294,183.192,268.183,93.297,-119.256,-94.189,-21.594,-68.113,-55.512,34.022,-87.845,16.147,-55.226,36.227,-54.562,66.148,-63.273,77.871,38.171,146.588,-183.3,46.104,-23.825,43.873,-5.114,-36.918,85.983,-50.481,78.72,-68.768,89.252,13.229,39.796,-54.289,15.105,-11.029,-9.914,7.442,-94.311,61.147,-64.85,106.69,-92.597,64.256,-31.059,45.466,-45.701,8.221,115.33,-64.315,133.042,-67.067,191.39
518,-102.784,-33.111,-79.96,-3.491,-31.091,-32.533,-10.798,-26.035,-0.786,-25.37,142.956,67.065,-138.858,-89.065,32.439,-63.808,63.387,-12.424,63.836,-42.871,7.582,26.558,-49.553,51.925,-79.804,133.622,-52.947,58.185,-60.935,40.109,-26.782,18.2,-28.439,-56.528,47.463,-68.915,127.894,-112.722,71.359,-31.422,56.7,-42.487,64.886,24.362,0.305,27.031,-16.495,167.294,183.192,268.183,93.297,-119.256,-94.189,-21.594,-68.113,-55.512,34.022,-87.845,16.147,-55.226,36.227,-54.562,66.148,-63.273,77.871,38.171,146.588,-183.3,46.104,-23.825,43.873,-5.114,-36.918,85.983,-50.481,78.72,-68.768,89.252,13.229,39.796,-54.289,15.105,-11.029,-9.914,7.442,-94.311,61.147,-64.85,106.69,-92.597,64.256,-31.059,45.466,-45.701,8.221,115.33,-64.315,133.042,-67.067,191.39,142.241
519,-33.111,-79.96,-3.491,-31.091,-32.533,-10.798,-26.035,-0.786,-25.37,142.956,67.065,-138.858,-89.065,32.439,-63.808,63.387,-12.424,63.836,-42.871,7.582,26.558,-49.553,51.925,-79.804,133.622,-52.947,58.185,-60.935,40.109,-26.782,18.2,-28.439,-56.528,47.463,-68.915,127.894,-112.722,71.359,-31.422,56.7,-42.487,64.886,24.362,0.305,27.031,-16.495,167.294,183.192,268.183,93.297,-119.256,-94.189,-21.594,-68.113,-55.512,34.022,-87.845,16.147,-55.226,36.227,-54.562,66.148,-63.273,77.871,38.171,146.588,-183.3,46.104,-23.825,43.873,-5.114,-36.918,85.983,-50.481,78.72,-68.768,89.252,13.229,39.796,-54.289,15.105,-11.029,-9.914,7.442,-94.311,61.147,-64.85,106.69,-92.597,64.256,-31.059,45.466,-45.701,8.221,115.33,-64.315,133.042,-67.067,191.39,142.241,293.245
520,-79.96,-3.491,-31.091,-32.533,-10.798,-26.035,-0.786,-25.37,142.956,67.065,-138.858,-89.065,32.439,-63.808,63.387,-12.424,63.836,-42.871,7.582,26.558,-49.553,51.925,-79.804,133.622,-52.947,58.185,-60.935,40.109,-26.782,18.2,-28.439,-56.528,47.463,-68.915,127.894,-112.722,71.359,-31.422,56.7,-42.487,64.886,24.362,0.305,27.031,-16.495,167.294,183.192,268.183,93.297,-119.256,-94.189,-21.594,-68.113,-55.512,34.022,-87.845,16.147,-55.226,36.227,-54.562,66.148,-63.273,77.871,38.171,146.588,-183.3,46.104,-23.825,43.873,-5.114,-36.918,85.983,-50.481,78.72,-68.768,89.252,13.229,39.796,-54.289,15.105,-11.029,-9.914,7.442,-94.311,61.147,-64.85,106.69,-92.597,64.256,-31.059,45.466,-45.701,8.221,115.33,-64.315,133.042,-67.067,191.39,142.241,293.245,163.321
521,-3.491,-31.091,-32.533,-10.798,-26.035,-0.786,-25.37,142.956,67.065,-138.858,-89.065,32.439,-63.808,63.387,-12.424,63.836,-42.871,7.582,26.558,-49.553,51.925,-79.804,133.622,-52.947,58.185,-60.935,40.109,-26.782,18.2,-28.439,-56.528,47.463,-68.915,127.894,-112.722,71.359,-31.422,56.7,-42.487,64.886,24.362,0.305,27.031,-16.495,167.294,183.192,268.183,93.297,-119.256,-94.189,-21.594,-68.113,-55.512,34.022,-87.845,16.147,-55.226,36.227,-54.562,66.148,-63.273,77.871,38.171,146.588,-183.3,46.104,-23.825,43.873,-5.114,-36.918,85.983,-50.481,78.72,-68.768,89.252,13.229,39.796,-54.289,15.105,-11.029,-9.914,7.442,-94.311,61.147,-64.85,106.69,-92.597,64.256,-31.059,45.466,-45.701,8.221,115.33,-64.315,133.042,-67.067,191.39,142.241,293.245,163.321,-57.299
522,-31.091,-32.533,-10.798,-26.035,-0.786,-25.37,142.956,67.065,-138.858,-89.065,32.439,-63.808,63.387,-12.424,63.836,-42.871,7.582,26.558,-49.553,51.925,-79.804,133.622,-52.947,58.185,-60.935,40.109,-26.782,18.2,-28.439,-56.528,47.463,-68.915,127.894,-112.722,71.359,-31.422,56.7,-42.487,64.886,24.362,0.305,27.031,-16.495,167.294,183.192,268.183,93.297,-119.256,-94.189,-21.594,-68.113,-55.512,34.022,-87.845,16.147,-55.226,36.227,-54.562,66.148,-63.273,77.871,38.171,146.588,-183.3,46.104,-23.825,43.873,-5.114,-36.918,85.983,-50.481,78.72,-68.768,89.252,13.229,39.796,-54.289,15.105,-11.029,-9.914,7.442,-94.311,61.147,-64.85,106.69,-92.597,64.256,-31.059,45.466,-45.701,8.221,115.33,-64.315,133.042,-67.067,191.39,142.241,293.245,163.321,-57.299,-174.89
523,-32.533,-10.798,-26.035,-0.786,-25.37,142.956,67.065,-138.858,-89.065,32.439,-63.808,63.387,-12.424,63.836,-42.871,7.582,26.558,-49.553,51.925,-79.804,133.622,-52.947,58.185,-60.935,40.109,-26.782,18.2,-28.439,-56.528,47.463,-68.915,127.894,-112.722,71.359,-31.422,56.7,-42.487,64.886,24.362,0.305,27.031,-16.495,167.294,183.192,268.183,93.297,-119.256,-94.189,-21.594,-68.113,-55.512,34.022,-87.845,16.147,-55.226,36.227,-54.562,66.148,-63.273,77.871,38.171,146.588,-183.3,46.104,-23.825,43.873,-5.114,-36.918,85.983,-50.481,78.72,-68.768,89.252,13.229,39.796,-54.289,15.105,-11.029,-9.914,7.442,-94.311,61.147,-64.85,106.69,-92.597,64.256,-31.059,45.466,-45.701,8.221,115.33,-64.315,133.042,-67.067,191.39,142.241,293.245,163.321,-57.299,-174.89,-77.085
524,-10.798,-26.035,-0.786,-25.37,142.956,67.065,-138.858,-89.065,32.439,-63.808,63.387,-12.424,63.836,-42.871,7.582,26.558,-49.553,51.925,-79.804,133.622,-52.947,58.185,-60.935,40.109,-26.782,18.2,-28.439,-56.528,47.463,-68.915,127.894,-112.722,71.359,-31.422,56.7,-42.487,64.886,24.362,0.305,27.031,-16.495,167.294,183.192,268.183,93.297,-119.256,-94.189,-21.594,-68.113,-55.512,34.022,-87.845,16.147,-55.226,36.227,-54.562,66.148,-63.273,77.871,38.171,146.588,-183.3,46.104,-23.825,43.873,-5.114,-36.918,85.983,-50.481,78.72,-68.768,89.252,13.229,39.796,-54.289,15.105,-11.029,-9.914,7.442,-94.311,61.147,-64.85,106.69,-92.597,64.256,-31.059,45.466,-45.701,8.221,115.33,-64.315,133.042,-67.067,191.39,142.241,293.245,163.321,-57.299,-174.89,-77.085,-65.805
525,-26.035,-0.786,-25.37,142.956,67.065,-138.858,-89.065,32.439,-63.808,63.387,-12.424,63.836,-42.871,7.582,26.558,-49.553,51.925,-79.804,133.622,-52.947,58.185,-60.935,40.109,-26.782,18.2,-28.439,-56.528,47.463,-68.915,127.894,-112.722,71.359,-31.422,56.7,-42.487,64.886,24.362,0.305,27.031,-16.495,167.294,183.192,268.183,93.297,-119.256,-94.189,-21.594,-68.113,-55.512,34.022,-87.845,16.147,-55.226,36.227,-54.562,66.148,-63.273,77.871,38.171,146.588,-183.3,46.104,-23.825,43.873,-5.114,-36.918,85.983,-50.481,78.72,-68.768,89.252,13.229,39.796,-54.289,15.105,-11.029,-9.914,7.442,-94.311,61.147,-64.85,106.69,-92.597,64.256,-31.059,45.466,-45.701,8.221,115.33,-64.315,133.042,-67.067,191.39,142.241,293.245,163.321,-57.299,-174.89,-77.085,-65.805,-84.549
526,-0.786,-25.37,142.956,67.065,-138.858,-89.065,32.439,-63.808,63.387,-12.424,63.836,-42.871,7.582,26.558,-49.553,51.925,-79.804,133.622,-52.947,58.185,-60.935,40.109,-26.782,18.2,-28.439,-56.528,47.463,-68.915,127.894,-112.722,71.359,-31.422,56.7,-42.487,64.886,24.362,0.305,27.031,-16.495,167.294,183.192,268.183,93.297,-119.256,-94.189,-21.594,-68.113,-55.512,34.022,-87.845,16.147,-55.226,36.227,-54.562,66.148,-63.273,77.871,38.171,146.588,-183.3,46.104,-23.825,43.873,-5.114,-36.918,85.983,-50.481,78.72,-68.768,89.252,13.229,39.796,-54.289,15.105,-11.029,-9.914,7.442,-94.311,61.147,-64.85,106.69,-92.597,64.256,-31.059,45.466,-45.701,8.221,115.33,-64.315,133.042,-67.067,191.39,142.241,293.245,163.321,-57.299,-174.89,-77.085,-65.805,-84.549,78.786
527,-25.37,142.956,67.065,-138.858,-89.065,32.439,-63.808,63.387,-12.424,63.836,-42.871,7.582,26.558,-49.553,51.925,-79.804,133.622,-52.947,58.185,-60.935,40.109,-26.782,18.2,-28.439,-56.528,47.463,-68.915,127.894,-112.722,71.359,-31.422,56.7,-42.487,64.886,24.362,0.305,27.031,-16.495,167.294,183.192,268.183,93.297,-119.256,-94.189,-21.594,-68.113,-55.512,34.022,-87.845,16.147,-55.226,36.227,-54.562,66.148,-63.273,77.871,38.171,146.588,-183.3,46.104,-23.825,43.873,-5.114,-36.918,85.983,-50.481,78.72,-68.768,89.252,13.229,39.796,-54.289,15.105,-11.029,-9.914,7.442,-94.311,61.147,-64.85,106.69,-92.597,64.256,-31.059,45.466,-45.701,8.221,115.33,-64.315,133.042,-67.067,191.39,142.241,293.245,163.321,-57.299,-174.89,-77.085,-65.805,-84.549,78.786,-106.834
528,142.956,67.065,-138.858,-89.065,32.439,-63.808,63.387,-12.424,63.836,-42.871,7.582,26.558,-49.553,51.925,-79.804,133.622,-52.947,58.185,-60.935,40.109,-26.782,18.2,-28.439,-56.528,47.463,-68.915,127.894,-112.722,71.359,-31.422,56.7,-42.487,64.886,24.362,0.305,27.031,-16.495,167.294,183.192,268.183,93.297,-119.256,-94.189,-21.594,-68.113,-55.512,34.022,-87.845,16.147,-55.226,36.227,-54.562,66.148,-63.273,77.871,38.171,146.588,-183.3,46.104,-23.825,43.873,-5.114,-36.918,85.983,-50.481,78.72,-68.768,89.252,13.229,39.796,-54.289,15.105,-11.029,-9.914,7.442,-94.311,61.147,-64.85,106.69,-92.597,64.256,-31.059,45.466,-45.701,8.221,115.33,-64.315,133.042,-67.067,191.39,142.241,293.245,163.321,-57.299,-174.89,-77.085,-65.805,-84.549,78.786,-106.834,13.887
529,67.065,-138.858,-89.065,32.439,-63.808,63.387,-12.424,63.836,-42.871,7.582,26.558,-49.553,51.925,-79.804,133.622,-52.947,58.185,-60.935,40.109,-26.782,18.2,-28.439,-56.528,47.463,-68.915,127.894,-112.722,71.359,-31.422,56.7,-42.487,64.886,24.362,0.305,27.031,-16.495,167.294,183.192,268.183,93.297,-119.256,-94.189,-21.594,-68.113,-55.512,34.022,-87.845,16.147,-55.226,36.227,-54.562,66.148,-63.273,77.871,38.171,146.588,-183.3,46.104,-23.825,43.873,-5.114,-36.918,85.983,-50.481,78.72,-68.768,89.252,13.229,39.796,-54.289,15.105,-11.029,-9.914,7.442,-94.311,61.147,-64.85,106.69,-92.597,64.256,-31.059,45.466,-45.701,8.221,115.33,-64.315,133.042,-67.067,191.39,142.241,293.245,163.321,-57.299,-174.89,-77.085,-65.805,-84.549,78.786,-106.834,13.887,-97.138
530,-138.858,-89.065,32.439,-63.808,63.387,-12.424,63.836,-42.871,7.582,26.558,-49.553,51.925,-79.804,133.622,-52.947,58.185,-60.935,40.109,-26.782,18.2,-28.439,-56.528,47.463,-68.915,127.894,-112.722,71.359,-31.422,56.7,-42.487,64.886,24.362,0.305,27.031,-16.495,167.294,183.192,268.183,93.297,-119.256,-94.189,-21.594,-68.113,-55.512,34.022,-87.845,16.147,-55.226,36.227,-54.562,66.148,-63.273,77.871,38.171,146.588,-183.3,46.104,-23.825,43.873,-5.114,-36.918,85.983,-50.481,78.72,-68.768,89.252,13.229,39.796,-54.289,15.105,-11.029,-9.914,7.442,-94.311,61.147,-64.85,106.69,-92.597,64.256,-31.059,45.466,-45.701,8.221,115.33,-64.315,133.042,-67.067,191.39,142.241,293.245,163.321,-57.299,-174.89,-77.085,-65.805,-84.549,78.786,-106.834,13.887,-97.138,70.815
531,-89.065,32.439,-63.808,63.387,-12.424,63.836,-42.871,7.582,26.558,-49.553,51.925,-79.804,133.622,-52.947,58.185,-60.935,40.109,-26.782,18.2,-28.439,-56.528,47.463,-68.915,127.894,-112.722,71.359,-31.422,56.7,-42.487,64.886,24.362,0.305,27.031,-16.495,167.294,183.192,268.183,93.297,-119.256,-94.189,-21.594,-68.113,-55.512,34.022,-87.845,16.147,-55.226,36.227,-54.562,66.148,-63.273,77.871,38.171,146.588,-183.3,46.104,-23.825,43.873,-5.114,-36.918,85.983,-50.481,78.72,-68.768,89.252,13.229,39.796,-54.289,15.105,-11.029,-9.914,7.442,-94.311,61.147,-64.85,106.69,-92.597,64.256,-31.059,45.466,-45.701,8.221,115.33,-64.315,133.042,-67.067,191.39,142.241,293.245,163.321,-57.299,-174.89,-77.085,-65.805,-84.549,78.786,-106.834,13.887,-97.138,70.815,-80.781
532,32.439,-63.808,63.387,-12.424,63.836,-42.871,7.582,26.558,-49.553,51.925,-79.804,133.622,-52.947,58.185,-60.935,40.109,-26.782,18.2,-28.439,-56.528,47.463,-68.915,127.894,-112.722,71.359,-31.422,56.7,-42.487,64.886,24.362,0.305,27.031,-16.495,167.294,183.192,268.183,93.297,-119.256,-94.189,-21.594,-68.113,-55.512,34.022,-87.845,16.147,-55.226,36.227,-54.562,66.148,-63.273,77.871,38.171,146.588,-183.3,46.104,-23.825,43.873,-5.114,-36.918,85.983,-50.481,78.72,-68.768,89.252,13.229,39.796,-54.289,15.105,-11.029,-9.914,7.442,-94.311,61.147,-64.85,106.69,-92.597,64.256,-31.059,45.466,-45.701,8.221,115.33,-64.315,133.042,-67.067,191.39,142.241,293.245,163.321,-57.299,-174.89,-77.085,-65.805,-84.549,78.786,-106.834,13.887,-97.138,70.815,-80.781,107.178
533,-63.808,63.387,-12.424,63.836,-42.871,7.582,26.558,-49.553,51.925,-79.804,133.622,-52.947,58.185,-60.935,40.109,-26.782,18.2,-28.439,-56.528,47.463,-68.915,127.894,-112.722,71.359,-31.422,56.7,-42.487,64.886,24.362,0.305,27.031,-16.495,167.294,183.192,268.183,93.297,-119.256,-94.189,-21.594,-68.113,-55.512,34.022,-87.845,16.147,-55.226,36.227,-54.562,66.148,-63.273,77.871,38.171,146.588,-183.3,46.104,-23.825,43.873,-5.114,-36.918,85.983,-50.481,78.72,-68.768,89.252,13.229,39.796,-54.289,15.105,-11.029,-9.914,7.442,-94.311,61.147,-64.85,106.69,-92.597,64.256,-31.059,45.466,-45.701,8.221,115.33,-64.315,133.042,-67.067,191.39,142.241,293.245,163.321,-57.299,-174.89,-77.085,-65.805,-84.549,78.786,-106.834,13.887,-97.138,70.815,-80.781,107.178,-111.439
534,63.387,-12.424,63.836,-42.871,7.582,26.558,-49.553,51.925,-79.804,133.622,-52.947,58.185,-60.935,40.109,-26.782,18.2,-28.439,-56.528,47.463,-68.915,127.894,-112.722,71.359,-31.422,56.7,-42.487,64.886,24.362,0.305,27.031,-16.495,167.294,183.192,268.183,93.297,-119.256,-94.189,-21.594,-68.113,-55.512,34.022,-87.845,16.147,-55.226,36.227,-54.562,66.148,-63.273,77.871,38.171,146.588,-183.3,46.104,-23.825,43.873,-5.114,-36.918,85.983,-50.481,78.72,-68.768,89.252,13.229,39.796,-54.289,15.105,-11.029,-9.914,7.442,-94.311,61.147,-64.85,106.69,-92.597,64.256,-31.059,45.466,-45.701,8.221,115.33,-64.315,133.042,-67.067,191.39,142.241,293.245,163.321,-57.299,-174.89,-77.085,-65.805,-84.549,78.786,-106.834,13.887,-97.138,70.815,-80.781,107.178,-111.439,127.781
535,-12.424,63.836,-42.871,7.582,26.558,-49.553,51.925,-79.804,133.622,-52.947,58.185,-60.935,40.109,-26.782,18.2,-28.439,-56.528,47.463,-68.915,127.894,-112.722,71.359,-31.422,56.7,-42.487,64.886,24.362,0.305,27.031,-16.495,167.294,183.192,268.183,93.297,-119.256,-94.189,-21.594,-68.113,-55.512,34.022,-87.845,16.147,-55.226,36.227,-54.562,66.148,-63.273,77.871,38.171,146.588,-183.3,46.104,-23.825,43.873,-5.114,-36.918,85.983,-50.481,78.72,-68.768,89.252,13.229,39.796,-54.289,15.105,-11.029,-9.914,7.442,-94.311,61.147,-64.85,106.69,-92.597,64.256,-31.059,45.466,-45.701,8.221,115.33,-64.315,133.042,-67.067,191.39,142.241,293.245,163.321,-57.299,-174.89,-77.085,-65.805,-84.549,78.786,-106.834,13.887,-97.138,70.815,-80.781,107.178,-111.439,127.781,168.096
536,63.836,-42.871,7.582,26.558,-49.553,51.925,-79.804,133.622,-52.947,58.185,-60.935,40.109,-26.782,18.2,-28.439,-56.528,47.463,-68.915,127.894,-112.722,71.359,-31.422,56.7,-42.487,64.886,24.362,0.305,27.031,-16.495,167.294,183.192,268.183,93.297,-119.256,-94.189,-21.594,-68.113,-55.512,34.022,-87.845,16.147,-55.226,36.227,-54.562,66.148,-63.273,77.871,38.171,146.588,-183.3,46.104,-23.825,43.873,-5.114,-36.918,85.983,-50.481,78.72,-68.768,89.252,13.229,39.796,-54.289,15.105,-11.029,-9.914,7.442,-94.311,61.147,-64.85,106.69,-92.597,64.256,-31.059,45.466,-45.701,8.221,115.33,-64.315,133.042,-67.067,191.39,142.241,293.245,163.321,-57.299,-174.89,-77.085,-65.805,-84.549,78.786,-106.834,13.887,-97.138,70.815,-80.781,107.178,-111.439,127.781,168.096,-183.31
537,-42.871,7.582,26.558,-49.553,51.925,-79.804,133.622,-52.947,58.185,-60.935,40.109,-26.782,18.2,-28.439,-56.528,47.463,-68.915,127.894,-112.722,71.359,-31.422,56.7,-42.487,64.886,24.362,0.305,27.031,-16.495,167.294,183.192,268.183,93.297,-119.256,-94.189,-21.594,-68.113,-55.512,34.022,-87.845,16.147,-55.226,36.227,-54.562,66.148,-63.273,77.871,38.171,146.588,-183.3,46.104,-23.825,43.873,-5.114,-36.918,85.983,-50.481,78.72,-68.768,89.252,13.229,39.796,-54.289,15.105,-11.029,-9.914,7.442,-94.311,61.147,-64.85,106.69,-92.597,64.256,-31.059,45.466,-45.701,8.221,115.33,-64.315,133.042,-67.067,191.39,142.241,293.245,163.321,-57.299,-174.89,-77.085,-65.805,-84.549,78.786,-106.834,13.887,-97.138,70.815,-80.781,107.178,-111.439,127.781,168.096,-183.31,-112.193
538,7.582,26.558,-49.553,51.925,-79.804,133.622,-52.947,58.185,-60.935,40.109,-26.782,18.2,-28.439,-56.528,47.463,-68.915,127.894,-112.722,71.359,-31.422,56.7,-42.487,64.886,24.362,0.305,27.031,-16.495,167.294,183.192,268.183,93.297,-119.256,-94.189,-21.594,-68.113,-55.512,34.022,-87.845,16.147,-55.226,36.227,-54.562,66.148,-63.273,77.871,38.171,146.588,-183.3,46.104,-23.825,43.873,-5.114,-36.918,85.983,-50.481,78.72,-68.768,89.252,13.229,39.796,-54.289,15.105,-11.029,-9.914,7.442,-94.311,61.147,-64.85,106.69,-92.597,64.256,-31.059,45.466,-45.701,8.221,115.33,-64.315,133.042,-67.067,191.39,142.241,293.245,163.321,-57.299,-174.89,-77.085,-65.805,-84.549,78.786,-106.834,13.887,-97.138,70.815,-80.781,107.178,-111.439,127.781,168.096,-183.31,-112.193,29.204
539,26.558,-49.553,51.925,-79.804,133.622,-52.947,58.185,-60.935,40.109,-26.782,18.2,-28.439,-56.528,47.463,-68.915,127.894,-112.722,71.359,-31.422,56.7,-42.487,64.886,24.362,0.305,27.031,-16.495,167.294,183.192,268.183,93.297,-119.256,-94.189,-21.594,-68.113,-55.512,34.022,-87.845,16.147,-55.226,36.227,-54.562,66.148,-63.273,77.871,38.171,146.588,-183.3,46.104,-23.825,43.873,-5.114,-36.918,85.983,-50.481,78.72,-68.768,89.252,13.229,39.796,-54.289,15.105,-11.029,-9.914,7.442,-94.311,61.147,-64.85,106.69,-92.597,64.256,-31.059,45.466,-45.701,8.221,115.33,-64.315,133.042,-67.067,191.39,142.241,293.245,163.321,-57.299,-174.89,-77.085,-65.805,-84.549,78.786,-106.834,13.887,-97.138,70.815,-80.781,107.178,-111.439,127.781,168.096,-183.31,-112.193,29.204,12.641
540,-49.553,51.925,-79.804,133.622,-52.947,58.185,-60.935,40.109,-26.782,18.2,-28.439,-56.528,47.463,-68.915,127.894,-112.722,71.359,-31.422,56.7,-42.487,64.886,24.362,0.305,27.031,-16.495,167.294,183.192,268.183,93.297,-119.256,-94.189,-21.594,-68.113,-55.512,34.022,-87.845,16.147,-55.226,36.227,-54.562,66.148,-63.273,77.871,38.171,146.588,-183.3,46.104,-23.825,43.873,-5.114,-36.918,85.983,-50.481,78.72,-68.768,89.252,13.229,39.796,-54.289,15.105,-11.029,-9.914,7.442,-94.311,61.147,-64.85,106.69,-92.597,64.256,-31.059,45.466,-45.701,8.221,115.33,-64.315,133.042,-67.067,191.39,142.241,293.245,163.321,-57.299,-174.89,-77.085,-65.805,-84.549,78.786,-106.834,13.887,-97.138,70.815,-80.781,107.178,-111.439,127.781,168.096,-183.31,-112.193,29.204,12.641,24.333
541,51.925,-79.804,133.622,-52.947,58.185,-60.935,40.109,-26.782,18.2,-28.439,-56.528,47.463,-68.915,127.894,-112.722,71.359,-31.422,56.7,-42.487,64.886,24.362,0.305,27.031,-16.495,167.294,183.192,268.183,93.297,-119.256,-94.189,-21.594,-68.113,-55.512,34.022,-87.845,16.147,-55.226,36.227,-54.562,66.148,-63.273,77.871,38.171,146.588,-183.3,46.104,-23.825,43.873,-5.114,-36.918,85.983,-50.481,78.72,-68.768,89.252,13.229,39.796,-54.289,15.105,-11.029,-9.914,7.442,-94.311,61.147,-64.85,106.69,-92.597,64.256,-31.059,45.466,-45.701,8.221,115.33,-64.315,133.042,-67.067,191.39,142.241,293.245,163.321,-57.299,-174.89,-77.085,-65.805,-84.549,78.786,-106.834,13.887,-97.138,70.815,-80.781,107.178,-111.439,127.781,168.096,-183.31,-112.193,29.204,12.641,24.333,15.98
542,-79.804,133.622,-52.947,58.185,-60.935,40.109,-26.782,18.2,-28.439,-56.528,47.463,-68.915,127.894,-112.722,71.359,-31.422,56.7,-42.487,64.886,24.362,0.305,27.031,-16.495,167.294,183.192,268.183,93.297,-119.256,-94.189,-21.594,-68.113,-55.512,34.022,-87.845,16.147,-55.226,36.227,-54.562,66.148,-63.273,77.871,38.171,146.588,-183.3,46.104,-23.825,43.873,-5.114,-36.918,85.983,-50.481,78.72,-68.768,89.252,13.229,39.796,-54.289,15.105,-11.029,-9.914,7.442,-94.311,61.147,-64.85,106.69,-92.597,64.256,-31.059,45.466,-45.701,8.221,115.33,-64.315,133.042,-67.067,191.39,142.241,293.245,163.321,-57.299,-174.89,-77.085,-65.805,-84.549,78.786,-106.834,13.887,-97.138,70.815,-80.781,107.178,-111.439,127.781,168.096,-183.31,-112.193,29.204,12.641,24.333,15.98,-78.624
543,133.622,-52.947,58.185,-60.935,40.109,-26.782,18.2,-28.439,-56.528,47.463,-68.915,127.894,-112.722,71.359,-31.422,56.7,-42.487,64.886,24.362,0.305,27.031,-16.495,167.294,183.192,268.183,93.297,-119.256,-94.189,-21.594,-68.113,-55.512,34.022,-87.845,16.147,-55.226,36.227,-54.562,66.148,-63.273,77.871,38.171,146.588,-183.3,46.104,-23.825,43.873,-5.114,-36.918,85.983,-50.481,78.72,-68.768,89.252,13.229,39.796,-54.289,15.105,-11.029,-9.914,7.442,-94.311,61.147,-64.85,106.69,-92.597,64.256,-31.059,45.466,-45.701,8.221,115.33,-64.315,133.042,-67.067,191.39,142.241,293.245,163.321,-57.299,-174.89,-77.085,-65.805,-84.549,78.786,-106.834,13.887,-97.138,70.815,-80.781,107.178,-111.439,127.781,168.096,-183.31,-112.193,29.204,12.641,24.333,15.98,-78.624,116.253
544,-52.947,58.185,-60.935,40.109,-26.782,18.2,-28.439,-56.528,47.463,-68.915,127.894,-112.722,71.359,-31.422,56.7,-42.487,64.886,24.362,0.305,27.031,-16.495,167.294,183.192,268.183,93.297,-119.256,-94.189,-21.594,-68.113,-55.512,34.022,-87.845,16.147,-55.226,36.227,-54.562,66.148,-63.273,77.871,38.171,146.588,-183.3,46.104,-23.825,43.873,-5.114,-36.918,85.983,-50.481,78.72,-68.768,89.252,13.229,39.796,-54.289,15.105,-11.029,-9.914,7.442,-94.311,61.147,-64.85,106.69,-92.597,64.256,-31.059,45.466,-45.701,8.221,115.33,-64.315,133.042,-67.067,191.39,142.241,293.245,163.321,-57.299,-174.89,-77.085,-65.805,-84.549,78.786,-106.834,13.887,-97.138,70.815,-80.781,107.178,-111.439,127.781,168.096,-183.31,-112.193,29.204,12.641,24.333,15.98,-78.624,116.253,-73.775
545,58.185,-60.935,40.109,-26.782,18.2,-28.439,-56.528,47.463,-68.915,127.894,-112.722,71.359,-31.422,56.7,-42.487,64.886,24.362,0.305,27.031,-16.495,167.294,183.192,268.183,93.297,-119.256,-94.189,-21.594,-68.113,-55.512,34.022,-87.845,16.147,-55.226,36.227,-54.562,66.148,-63.273,77.871,38.171,146.588,-183.3,46.104,-23.825,43.873,-5.114,-36.918,85.983,-50.481,78.72,-68.768,89.252,13.229,39.796,-54.289,15.105,-11.029,-9.914,7.442,-94.311,61.147,-64.85,106.69,-92.597,64.256,-31.059,45.466,-45.701,8.221,115.33,-64.315,133.042,-67.067,191.39,142.241,293.245,163.321,-57.299,-174.89,-77.085,-65.805,-84.549,78.786,-106.834,13.887,-97.138,70.815,-80.781,107.178,-111.439,127.781,168.096,-183.31,-112.193,29.204,12.641,24.333,15.98,-78.624,116.253,-73.775,72.175
546,-60.935,40.109,-26.782,18.2,-28.439,-56.528,47.463,-68.915,127.894,-112.722,71.359,-31.422,56.7,-42.487,64.886,24.362,0.305,27.031,-16.495,167.294,183.192,268.183,93.297,-119.256,-94.189,-21.594,-68.113,-55.512,34.022,-87.845,16.147,-55.226,36.227,-54.562,66.148,-63.273,77.871,38.171,146.588,-183.3,46.104,-23.825,43.873,-5.114,-36.918,85.983,-50.481,78.72,-68.768,89.252,13.229,39.796,-54.289,15.105,-11.029,-9.914,7.442,-94.311,61.147,-64.85,106.69,-92.597,64.256,-31.059,45.466,-45.701,8.221,115.33,-64.315,133.042,-67.067,191.39,142.241,293.245,163.321,-57.299,-174.89,-77.085,-65.805,-84.549,78.786,-106.834,13.887,-97.138,70.815,-80.781,107.178,-111.439,127.781,168.096,-183.31,-112.193,29.204,12.641,24.333,15.98,-78.624,116.253,-73.775,72.175,-73.69
547,40.109,-26.782,18.2,-28.439,-56.528,47.463,-68.915,127.894,-112.722,71.359,-31.422,56.7,-42.487,64.886,24.362,0.305,27.031,-16.495,167.294,183.192,268.183,93.297,-119.256,-94.189,-21.594,-68.113,-55.512,34.022,-87.845,16.147,-55.226,36.227,-54.562,66.148,-63.273,77.871,38.171,146.588,-183.3,46.104,-23.825,43.873,-5.114,-36.918,85.983,-50.481,78.72,-68.768,89.252,13.229,39.796,-54.289,15.105,-11.029,-9.914,7.442,-94.311,61.147,-64.85,106.69,-92.597,64.256,-31.059,45.466,-45.701,8.221,115.33,-64.315,133.042,-67.067,191.39,142.241,293.245,163.321,-57.299,-174.89,-77.085,-65.805,-84.549,78.786,-106.834,13.887,-97.138,70.815,-80.781,107.178,-111.439,127.781,168.096,-183.31,-112.193,29.204,12.641,24.333,15.98,-78.624,116.253,-73.775,72.175,-73.69,72.039
548,-26.782,18.2,-28.439,-56.528,47.463,-68.915,127.894,-112.722,71.359,-31.422,56.7,-42.487,64.886,24.362,0.305,27.031,-16.495,167.294,183.192,268.183,93.297,-119.256,-94.189,-21.594,-68.113,-55.512,34.022,-87.845,16.147,-55.226,36.227,-54.562,66.148,-63.273,77.871,38.171,146.588,-183.3,46.104,-23.825,43.873,-5.114,-36.918,85.983,-50.481,78.72,-68.768,89.252,13.229,39.796,-54.289,15.105,-11.029,-9.914,7.442,-94.311,61.147,-64.85,106.69,-92.597,64.256,-31.059,45.466,-45.701,8.221,115.33,-64.315,133.042,-67.067,191.39,142.241,293.245,163.321,-57.299,-174.89,-77.085,-65.805,-84.549,78.786,-106.834,13.887,-97.138,70.815,-80.781,107.178,-111.439,127.781,168.096,-183.31,-112.193,29.204,12.641,24.333,15.98,-78.624,116.253,-73.775,72.175,-73.69,72.039,14.612
549,18.2,-28.439,-56.528,47.463,-68.915,127.894,-112.722,71.359,-31.422,56.7,-42.487,64.886,24.362,0.305,27.031,-16.495,167.294,183.192,268.183,93.297,-119.256,-94.189,-21.594,-68.113,-55.512,34.022,-87.845,16.147,-55.226,36.227,-54.562,66.148,-63.273,77.871,38.171,146.588,-183.3,46.104,-23.825,43.873,-5.114,-36.918,85.983,-50.481,78.72,-68.768,89.252,13.229,39.796,-54.289,15.105,-11.029,-9.914,7.442,-94.311,61.147,-64.85,106.69,-92.597,64.256,-31.059,45.466,-45.701,8.221,115.33,-64.315,133.042,-67.067,191.39,142.241,293.245,163.321,-57.299,-174.89,-77.085,-65.805,-84.549,78.786,-106.834,13.887,-97.138,70.815,-80.781,107.178,-111.439,127.781,168.096,-183.31,-112.193,29.204,12.641,24.333,15.98,-78.624,116.253,-73.775,72.175,-73.69,72.039,14.612,36.98
550,-28.439,-56.528,47.463,-68.915,127.894,-112.722,71.359,-31.422,56.7,-42.487,64.886,24.362,0.305,27.031,-16.495,167.294,183.192,268.183,93.297,-119.256,-94.189,-21.594,-68.113,-55.512,34.022,-87.845,16.147,-55.226,36.227,-54.562,66.148,-63.273,77.871,38.171,146.588,-183.3,46.104,-23.825,43.873,-5.114,-36.918,85.983,-50.481,78.72,-68.768,89.252,13.229,39.796,-54.289,15.105,-11.029,-9.914,7.442,-94.311,61.147,-64.85,106.69,-92.597,64.256,-31.059,45.466,-45.701,8.221,115.33,-64.315,133.042,-67.067,191.39,142.241,293.245,163.321,-57.299,-174.89,-77.085,-65.805,-84.549,78.786,-106.834,13.887,-97.138,70.815,-80.781,107.178,-111.439,127.781,168.096,-183.31,-112.193,29.204,12.641,24.333,15.98,-78.624,116.253,-73.775,72.175,-73.69,72.039,14.612,36.98,-49.433
551,-56.528,47.463,-68.915,127.894,-112.722,71.359,-31.422,56.7,-42.487,64.886,24.362,0.305,27.031,-16.495,167.294,183.192,268.183,93.297,-119.256,-94.189,-21.594,-68.113,-55.512,34.022,-87.845,16.147,-55.226,36.227,-54.562,66.148,-63.273,77.871,38.171,146.588,-183.3,46.104,-23.825,43.873,-5.114,-36.918,85.983,-50.481,78.72,-68.768,89.252,13.229,39.796,-54.289,15.105,-11.029,-9.914,7.442,-94.311,61.147,-64.85,106.69,-92.597,64.256,-31.059,45.466,-45.701,8.221,115.33,-64.315,133.042,-67.067,191.39,142.241,293.245,163.321,-57.299,-174.89,-77.085,-65.805,-84.549,78.786,-106.834,13.887,-97.138,70.815,-80.781,107.178,-111.439,127.781,168.096,-183.31,-112.193,29.204,12.641,24.333,15.98,-78.624,116.253,-73.775,72.175,-73.69,72.039,14.612,36.98,-49.433,10.261
552,47.463,-68.915,127.894,-112.722,71.359,-31.422,56.7,-42.487,64.886,24.362,0.305,27.031,-16.495,167.294,183.192,268.183,93.297,-119.256,-94.189,-21.594,-68.113,-55.512,34.022,-87.845,16.147,-55.226,36.227,-54.562,66.148,-63.273,77.871,38.171,146.588,-183.3,46.104,-23.825,43.873,-5.114,-36.918,85.983,-50.481,78.72,-68.768,89.252,13.229,39.796,-54.289,15.105,-11.029,-9.914,7.442,-94.311,61.147,-64.85,106.69,-92.597,64.256,-31.059,45.466,-45.701,8.221,115.33,-64.315,133.042,-67.067,191.39,142.241,293.245,163.321,-57.299,-174.89,-77.085,-65.805,-84.549,78.786,-106.834,13.887,-97.138,70.815,-80.781,107.178,-111.439,127.781,168.096,-183.31,-112.193,29.204,12.641,24.333,15.98,-78.624,116.253,-73.775,72.175,-73.69,72.039,14.612,36.98,-49.433,10.261,35.332
553,-68.915,127.894,-112.722,71.359,-31.422,56.7,-42.487,64.886,24.362,0.305,27.031,-16.495,167.294,183.192,268.183,93.297,-119.256,-94.189,-21.594,-68.113,-55.512,34.022,-87.845,16.147,-55.226,36.227,-54.562,66.148,-63.273,77.871,38.171,146.588,-183.3,46.104,-23.825,43.873,-5.114,-36.918,85.983,-50.481,78.72,-68.768,89.252,13.229,39.796,-54.289,15.105,-11.029,-9.914,7.442,-94.311,61.147,-64.85,106.69,-92.597,64.256,-31.059,45.466,-45.701,8.221,115.33,-64.315,133.042,-67.067,191.39,142.241,293.245,163.321,-57.299,-174.89,-77.085,-65.805,-84.549,78.786,-106.834,13.887,-97.138,70.815,-80.781,107.178,-111.439,127.781,168.096,-183.31,-112.193,29.204,12.641,24.333,15.98,-78.624,116.253,-73.775,72.175,-73.69,72.039,14.612,36.98,-49.433,10.261,35.332,-50.95
554,127.894,-112.722,71.359,-31.422,56.7,-42.487,64.886,24.362,0.305,27.031,-16.495,167.294,183.192,268.183,93.297,-119.256,-94.189,-21.594,-68.113,-55.512,34.022,-87.845,16.147,-55.226,36.227,-54.562,66.148,-63.273,77.871,38.171,146.588,-183.3,46.104,-23.825,43.873,-5.114,-36.918,85.983,-50.481,78.72,-68.768,89.252,13.229,39.796,-54.289,15.105,-11.029,-9.914,7.442,-94.311,61.147,-64.85,106.69,-92.597,64.256,-31.059,45.466,-45.701,8.221,115.33,-64.315,133.042,-67.067,191.39,142.241,293.245,163.321,-57.299,-174.89,-77.085,-65.805,-84.549,78.786,-106.834,13.887,-97.138,70.815,-80.781,107.178,-111.439,127.781,168.096,-183.31,-112.193,29.204,12.641,24.333,15.98,-78.624,116.253,-73.775,72.175,-73.69,72.039,14.612,36.98,-49.433,10.261,35.332,-50.95,47.361
555,-112.722,71.359,-31.422,56.7,-42.487,64.886,24.362,0.305,27.031,-16.495,167.294,183.192,268.183,93.297,-119.256,-94.189,-21.594,-68.113,-55.512,34.022,-87.845,16.147,-55.226,36.227,-54.562,66.148,-63.273,77.871,38.171,146.588,-183.3,46.104,-23.825,43.873,-5.114,-36.918,85.983,-50.481,78.72,-68.768,89.252,13.229,39.796,-54.289,15.105,-11.029,-9.914,7.442,-94.311,61.147,-64.85,106.69,-92.597,64.256,-31.059,45.466,-45.701,8.221,115.33,-64.315,133.042,-67.067,191.39,142.241,293.245,163.321,-57.299,-174.89,-77.085,-65.805,-84.549,78.786,-106.834,13.887,-97.138,70.815,-80.781,107.178,-111.439,127.781,168.096,-183.31,-112.193,29.204,12.641,24.333,15.98,-78.624,116.253,-73.775,72.175,-73.69,72.039,14.612,36.98,-49.433,10.261,35.332,-50.95,47.361,-90.036
556,71.359,-31.422,56.7,-42.487,64.886,24.362,0.305,27.031,-16.495,167.294,183.192,268.183,93.297,-119.256,-94.189,-21.594,-68.113,-55.512,34.022,-87.845,16.147,-55.226,36.227,-54.562,66.148,-63.273,77.871,38.171,146.588,-183.3,46.104,-23.825,43.873,-5.114,-36.918,85.983,-50.481,78.72,-68.768,89.252,13.229,39.796,-54.289,15.105,-11.029,-9.914,7.442,-94.311,61.147,-64.85,106.69,-92.597,64.256,-31.059,45.466,-45.701,8.221,115.33,-64.315,133.042,-67.067,191.39,142.241,293.245,163.321,-57.299,-174.89,-77.085,-65.805,-84.549,78.786,-106.834,13.887,-97.138,70.815,-80.781,107.178,-111.439,127.781,168.096,-183.31,-112.193,29.204,12.641,24.333,15.98,-78.624,116.253,-73.775,72.175,-73.69,72.039,14.612,36.98,-49.433,10.261,35.332,-50.95,47.361,-90.036,66.827
557,-31.422,56.7,-42.487,64.886,24.362,0.305,27.031,-16.495,167.294,183.192,268.183,93.297,-119.256,-94.189,-21.594,-68.113,-55.512,34.022,-87.845,16.147,-55.226,36.227,-54.562,66.148,-63.273,77.871,38.171,146.588,-183.3,46.104,-23.825,43.873,-5.114,-36.918,85.983,-50.481,78.72,-68.768,89.252,13.229,39.796,-54.289,15.105,-11.029,-9.914,7.442,-94.311,61.147,-64.85,106.69,-92.597,64.256,-31.059,45.466,-45.701,8.221,115.33,-64.315,133.042,-67.067,191.39,142.241,293.245,163.321,-57.299,-174.89,-77.085,-65.805,-84.549,78.786,-106.834,13.887,-97.138,70.815,-80.781,107.178,-111.439,127.781,168.096,-183.31,-112.193,29.204,12.641,24.333,15.98,-78.624,116.253,-73.775,72.175,-73.69,72.039,14.612,36.98,-49.433,10.261,35.332,-50.95,47.361,-90.036,66.827,-58.273
558,56.7,-42.487,64.886,24.362,0.305,27.031,-16.495,167.294,183.192,268.183,93.297,-119.256,-94.189,-21.594,-68.113,-55.512,34.022,-87.845,16.147,-55.226,36.227,-54.562,66.148,-63.273,77.871,38.171,146.588,-183.3,46.104,-23.825,43.873,-5.114,-36.918,85.983,-50.481,78.72,-68.768,89.252,13.229,39.796,-54.289,15.105,-11.029,-9.914,7.442,-94.311,61.147,-64.85,106.69,-92.597,64.256,-31.059,45.466,-45.701,8.221,115.33,-64.315,133.042,-67.067,191.39,142.241,293.245,163.321,-57.299,-174.89,-77.085,-65.805,-84.549,78.786,-106.834,13.887,-97.138,70.815,-80.781,107.178,-111.439,127.781,168.096,-183.31,-112.193,29.204,12.641,24.333,15.98,-78.624,116.253,-73.775,72.175,-73.69,72.039,14.612,36.98,-49.433,10.261,35.332,-50.95,47.361,-90.036,66.827,-58.273,66.731
559,-42.487,64.886,24.362,0.305,27.031,-16.495,167.294,183.192,268.183,93.297,-119.256,-94.189,-21.594,-68.113,-55.512,34.022,-87.845,16.147,-55.226,36.227,-54.562,66.148,-63.273,77.871,38.171,146.588,-183.3,46.104,-23.825,43.873,-5.114,-36.918,85.983,-50.481,78.72,-68.768,89.252,13.229,39.796,-54.289,15.105,-11.029,-9.914,7.442,-94.311,61.147,-64.85,106.69,-92.597,64.256,-31.059,45.466,-45.701,8.221,115.33,-64.315,133.042,-67.067,191.39,142.241,293.245,163.321,-57.299,-174.89,-77.085,-65.805,-84.549,78.786,-106.834,13.887,-97.138,70.815,-80.781,107.178,-111.439,127.781,168.096,-183.31,-112.193,29.204,12.641,24.333,15.98,-78.624,116.253,-73.775,72.175,-73.69,72.039,14.612,36.98,-49.433,10.261,35.332,-50.95,47.361,-90.036,66.827,-58.273,66.731,-58.984
560,64.886,24.362,0.305,27.031,-16.495,167.294,183.192,268.183,93.297,-119.256,-94.189,-21.594,-68.113,-55.512,34.022,-87.845,16.147,-55.226,36.227,-54.562,66.148,-63.273,77.871,38.171,146.588,-183.3,46.104,-23.825,43.873,-5.114,-36.918,85.983,-50.481,78.72,-68.768,89.252,13.229,39.796,-54.289,15.105,-11.029,-9.914,7.442,-94.311,61.147,-64.85,106.69,-92.597,64.256,-31.059,45.466,-45.701,8.221,115.33,-64.315,133.042,-67.067,191.39,142.241,293.245,163.321,-57.299,-174.89,-77.085,-65.805,-84.549,78.786,-106.834,13.887,-97.138,70.815,-80.781,107.178,-111.439,127.781,168.096,-183.31,-112.193,29.204,12.641,24.333,15.98,-78.624,116.253,-73.775,72.175,-73.69,72.039,14.612,36.98,-49.433,10.261,35.332,-50.95,47.361,-90.036,66.827,-58.273,66.731,-58.984,66.716
561,24.362,0.305,27.031,-16.495,167.294,183.192,268.183,93.297,-119.256,-94.189,-21.594,-68.113,-55.512,34.022,-87.845,16.147,-55.226,36.227,-54.562,66.148,-63.273,77.871,38.171,146.588,-183.3,46.104,-23.825,43.873,-5.114,-36.918,85.983,-50.481,78.72,-68.768,89.252,13.229,39.796,-54.289,15.105,-11.029,-9.914,7.442,-94.311,61.147,-64.85,106.69,-92.597,64.256,-31.059,45.466,-45.701,8.221,115.33,-64.315,133.042,-67.067,191.39,142.241,293.245,163.321,-57.299,-174.89,-77.085,-65.805,-84.549,78.786,-106.834,13.887,-97.138,70.815,-80.781,107.178,-111.439,127.781,168.096,-183.31,-112.193,29.204,12.641,24.333,15.98,-78.624,116.253,-73.775,72.175,-73.69,72.039,14.612,36.98,-49.433,10.261,35.332,-50.95,47.361,-90.036,66.827,-58.273,66.731,-58.984,66.716,-32.359
562,0.305,27.031,-16.495,167.294,183.192,268.183,93.297,-119.256,-94.189,-21.594,-68.113,-55.512,34.022,-87.845,16.147,-55.226,36.227,-54.562,66.148,-63.273,77.871,38.171,146.588,-183.3,46.104,-23.825,43.873,-5.114,-36.918,85.983,-50.481,78.72,-68.768,89.252,13.229,39.796,-54.289,15.105,-11.029,-9.914,7.442,-94.311,61.147,-64.85,106.69,-92.597,64.256,-31.059,45.466,-45.701,8.221,115.33,-64.315,133.042,-67.067,191.39,142.241,293.245,163.321,-57.299,-174.89,-77.085,-65.805,-84.549,78.786,-106.834,13.887,-97.138,70.815,-80.781,107.178,-111.439,127.781,168.096,-183.31,-112.193,29.204,12.641,24.333,15.98,-78.624,116.253,-73.775,72.175,-73.69,72.039,14.612,36.98,-49.433,10.261,35.332,-50.95,47.361,-90.036,66.827,-58.273,66.731,-58.984,66.716,-32.359,6.624
563,27.031,-16.495,167.294,183.192,268.183,93.297,-119.256,-94.189,-21.594,-68.113,-55.512,34.022,-87.845,16.147,-55.226,36.227,-54.562,66.148,-63.273,77.871,38.171,146.588,-183.3,46.104,-23.825,43.873,-5.114,-36.918,85.983,-50.481,78.72,-68.768,89.252,13.229,39.796,-54.289,15.105,-11.029,-9.914,7.442,-94.311,61.147,-64.85,106.69,-92.597,64.256,-31.059,45.466,-45.701,8.221,115.33,-64.315,133.042,-67.067,191.39,142.241,293.245,163.321,-57.299,-174.89,-77.085,-65.805,-84.549,78.786,-106.834,13.887,-97.138,70.815,-80.781,107.178,-111.439,127.781,168.096,-183.31,-112.193,29.204,12.641,24.333,15.98,-78.624,116.253,-73.775,72.175,-73.69,72.039,14.612,36.98,-49.433,10.261,35.332,-50.95,47.361,-90.036,66.827,-58.273,66.731,-58.984,66.716,-32.359,6.624,-45.735
564,-16.495,167.294,183.192,268.183,93.297,-119.256,-94.189,-21.594,-68.113,-55.512,34.022,-87.845,16.147,-55.226,36.227,-54.562,66.148,-63.273,77.871,38.171,146.588,-183.3,46.104,-23.825,43.873,-5.114,-36.918,85.983,-50.481,78.72,-68.768,89.252,13.229,39.796,-54.289,15.105,-11.029,-9.914,7.442,-94.311,61.147,-64.85,106.69,-92.597,64.256,-31.059,45.466,-45.701,8.221,115.33,-64.315,133.042,-67.067,191.39,142.241,293.245,163.321,-57.299,-174.89,-77.085,-65.805,-84.549,78.786,-106.834,13.887,-97.138,70.815,-80.781,107.178,-111.439,127.781,168.096,-183.31,-112.193,29.204,12.641,24.333,15.98,-78.624,116.253,-73.775,72.175,-73.69,72.039,14.612,36.98,-49.433,10.261,35.332,-50.95,47.361,-90.036,66.827,-58.273,66.731,-58.984,66.716,-32.359,6.624,-45.735,-28.495
565,167.294,183.192,268.183,93.297,-119.256,-94.189,-21.594,-68.113,-55.512,34.022,-87.845,16.147,-55.226,36.227,-54.562,66.148,-63.273,77.871,38.171,146.588,-183.3,46.104,-23.825,43.873,-5.114,-36.918,85.983,-50.481,78.72,-68.768,89.252,13.229,39.796,-54.289,15.105,-11.029,-9.914,7.442,-94.311,61.147,-64.85,106.69,-92.597,64.256,-31.059,45.466,-45.701,8.221,115.33,-64.315,133.042,-67.067,191.39,142.241,293.245,163.321,-57.299,-174.89,-77.085,-65.805,-84.549,78.786,-106.834,13.887,-97.138,70.815,-80.781,107.178,-111.439,127.781,168.096,-183.31,-112.193,29.204,12.641,24.333,15.98,-78.624,116.253,-73.775,72.175,-73.69,72.039,14.612,36.98,-49.433,10.261,35.332,-50.95,47.361,-90.036,66.827,-58.273,66.731,-58.984,66.716,-32.359,6.624,-45.735,-28.495,188.099
566,183.192,268.183,93.297,-119.256,-94.189,-21.594,-68.113,-55.512,34.022,-87.845,16.147,-55.226,36.227,-54.562,66.148,-63.273,77.871,38.171,146.588,-183.3,46.104,-23.825,43.873,-5.114,-36.918,85.983,-50.481,78.72,-68.768,89.252,13.229,39.796,-54.289,15.105,-11.029,-9.914,7.442,-94.311,61.147,-64.85,106.69,-92.597,64.256,-31.059,45.466,-45.701,8.221,115.33,-64.315,133.042,-67.067,191.39,142.241,293.245,163.321,-57.299,-174.89,-77.085,-65.805,-84.549,78.786,-106.834,13.887,-97.138,70.815,-80.781,107.178,-111.439,127.781,168.096,-183.31,-112.193,29.204,12.641,24.333,15.98,-78.624,116.253,-73.775,72.175,-73.69,72.039,14.612,36.98,-49.433,10.261,35.332,-50.95,47.361,-90.036,66.827,-58.273,66.731,-58.984,66.716,-32.359,6.624,-45.735,-28.495,188.099,-105.017
567,268.183,93.297,-119.256,-94.189,-21.594,-68.113,-55.512,34.022,-87.845,16.147,-55.226,36.227,-54.562,66.148,-63.273,77.871,38.171,146.588,-183.3,46.104,-23.825,43.873,-5.114,-36.918,85.983,-50.481,78.72,-68.768,89.252,13.229,39.796,-54.289,15.105,-11.029,-9.914,7.442,-94.311,61.147,-64.85,106.69,-92.597,64.256,-31.059,45.466,-45.701,8.221,115.33,-64.315,133.042,-67.067,191.39,142.241,293.245,163.321,-57.299,-174.89,-77.085,-65.805,-84.549,78.786,-106.834,13.887,-97.138,70.815,-80.781,107.178,-111.439,127.781,168.096,-183.31,-112.193,29.204,12.641,24.333,15.98,-78.624,116.253,-73.775,72.175,-73.69,72.039,14.612,36.98,-49.433,10.261,35.332,-50.95,47.361,-90.036,66.827,-58.273,66.731,-58.984,66.716,-32.359,6.624,-45.735,-28.495,188.099,-105.017,138.182
568,93.297,-119.256,-94.189,-21.594,-68.113,-55.512,34.022,-87.845,16.147,-55.226,36.227,-54.562,66.148,-63.273,77.871,38.171,146.588,-183.3,46.104,-23.825,43.873,-5.114,-36.918,85.983,-50.481,78.72,-68.768,89.252,13.229,39.796,-54.289,15.105,-11.029,-9.914,7.442,-94.311,61.147,-64.85,106.69,-92.597,64.256,-31.059,45.466,-45.701,8.221,115.33,-64.315,133.042,-67.067,191.39,142.241,293.245,163.321,-57.299,-174.89,-77.085,-65.805,-84.549,78.786,-106.834,13.887,-97.138,70.815,-80.781,107.178,-111.439,127.781,168.096,-183.31,-112.193,29.204,12.641,24.333,15.98,-78.624,116.253,-73.775,72.175,-73.69,72.039,14.612,36.98,-49.433,10.261,35.332,-50.95,47.361,-90.036,66.827,-58.273,66.731,-58.984,66.716,-32.359,6.624,-45.735,-28.495,188.099,-105.017,138.182,-86.564
569,-119.256,-94.189,-21.594,-68.113,-55.512,34.022,-87.845,16.147,-55.226,36.227,-54.562,66.148,-63.273,77.871,38.171,146.588,-183.3,46.104,-23.825,43.873,-5.114,-36.918,85.983,-50.481,78.72,-68.768,89.252,13.229,39.796,-54.289,15.105,-11.029,-9.914,7.442,-94.311,61.147,-64.85,106.69,-92.597,64.256,-31.059,45.466,-45.701,8.221,115.33,-64.315,133.042,-67.067,191.39,142.241,293.245,163.321,-57.299,-174.89,-77.085,-65.805,-84.549,78.786,-106.834,13.887,-97.138,70.815,-80.781,107.178,-111.439,127.781,168.096,-183.31,-112.193,29.204,12.641,24.333,15.98,-78.624,116.253,-73.775,72.175,-73.69,72.039,14.612,36.98,-49.433,10.261,35.332,-50.95,47.361,-90.036,66.827,-58.273,66.731,-58.984,66.716,-32.359,6.624,-45.735,-28.495,188.099,-105.017,138.182,-86.564,159.488
570,-94.189,-21.594,-68.113,-55.512,34.022,-87.845,16.147,-55.226,36.227,-54.562,66.148,-63.273,77.871,38.171,146.588,-183.3,46.104,-23.825,43.873,-5.114,-36.918,85.983,-50.481,78.72,-68.768,89.252,13.229,39.796,-54.289,15.105,-11.029,-9.914,7.442,-94.311,61.147,-64.85,106.69,-92.597,64.256,-31.059,45.466,-45.701,8.221,115.33,-64.315,133.042,-67.067,191.39,142.241,293.245,163.321,-57.299,-174.89,-77.085,-65.805,-84.549,78.786,-106.834,13.887,-97.138,70.815,-80.781,107.178,-111.439,127.781,168.096,-183.31,-112.193,29.204,12.641,24.333,15.98,-78.624,116.253,-73.775,72.175,-73.69,72.039,14.612,36.98,-49.433,10.261,35.332,-50.95,47.361,-90.036,66.827,-58.273,66.731,-58.984,66.716,-32.359,6.624,-45.735,-28.495,188.099,-105.017,138.182,-86.564,159.488,170.777
571,-21.594,-68.113,-55.512,34.022,-87.845,16.147,-55.226,36.227,-54.562,66.148,-63.273,77.871,38.171,146.588,-183.3,46.104,-23.825,43.873,-5.114,-36.918,85.983,-50.481,78.72,-68.768,89.252,13.229,39.796,-54.289,15.105,-11.029,-9.914,7.442,-94.311,61.147,-64.85,106.69,-92.597,64.256,-31.059,45.466,-45.701,8.221,115.33,-64.315,133.042,-67.067,191.39,142.241,293.245,163.321,-57.299,-174.89,-77.085,-65.805,-84.549,78.786,-106.834,13.887,-97.138,70.815,-80.781,107.178,-111.439,127.781,168.096,-183.31,-112.193,29.204,12.641,24.333,15.98,-78.624,116.253,-73.775,72.175,-73.69,72.039,14.612,36.98,-49.433,10.261,35.332,-50.95,47.361,-90.036,66.827,-58.273,66.731,-58.984,66.716,-32.359,6.624,-45.735,-28.495,188.099,-105.017,138.182,-86.564,159.488,170.777,325.37
572,-68.113,-55.512,34.022,-87.845,16.147,-55.226,36.227,-54.562,66.148,-63.273,77.871,38.171,146.588,-183.3,46.104,-23.825,43.873,-5.114,-36.918,85.983,-50.481,78.72,-68.768,89.252,13.229,39.796,-54.289,15.105,-11.029,-9.914,7.442,-94.311,61.147,-64.85,106.69,-92.597,64.256,-31.059,45.466,-45.701,8.221,115.33,-64.315,133.042,-67.067,191.39,142.241,293.245,163.321,-57.299,-174.89,-77.085,-65.805,-84.549,78.786,-106.834,13.887,-97.138,70.815,-80.781,107.178,-111.439,127.781,168.096,-183.31,-112.193,29.204,12.641,24.333,15.98,-78.624,116.253,-73.775,72.175,-73.69,72.039,14.612,36.98,-49.433,10.261,35.332,-50.95,47.361,-90.036,66.827,-58.273,66.731,-58.984,66.716,-32.359,6.624,-45.735,-28.495,188.099,-105.017,138.182,-86.564,159.488,170.777,325.37,241.123
573,-55.512,34.022,-87.845,16.147,-55.226,36.227,-54.562,66.148,-63.273,77.871,38.171,146.588,-183.3,46.104,-23.825,43.873,-5.114,-36.918,85.983,-50.481,78.72,-68.768,89.252,13.229,39.796,-54.289,15.105,-11.029,-9.914,7.442,-94.311,61.147,-64.85,106.69,-92.597,64.256,-31.059,45.466,-45.701,8.221,115.33,-64.315,133.042,-67.067,191.39,142.241,293.245,163.321,-57.299,-174.89,-77.085,-65.805,-84.549,78.786,-106.834,13.887,-97.138,70.815,-80.781,107.178,-111.439,127.781,168.096,-183.31,-112.193,29.204,12.641,24.333,15.98,-78.624,116.253,-73.775,72.175,-73.69,72.039,14.612,36.98,-49.433,10.261,35.332,-50.95,47.361,-90.036,66.827,-58.273,66.731,-58.984,66.716,-32.359,6.624,-45.735,-28.495,188.099,-105.017,138.182,-86.564,159.488,170.777,325.37,241.123,-33.815
574,34.022,-87.845,16.147,-55.226,36.227,-54.562,66.148,-63.273,77.871,38.171,146.588,-183.3,46.104,-23.825,43.873,-5.114,-36.918,85.983,-50.481,78.72,-68.768,89.252,13.229,39.796,-54.289,15.105,-11.029,-9.914,7.442,-94.311,61.147,-64.85,106.69,-92.597,64.256,-31.059,45.466,-45.701,8.221,115.33,-64.315,133.042,-67.067,191.39,142.241,293.245,163.321,-57.299,-174.89,-77.085,-65.805,-84.549,78.786,-106.834,13.887,-97.138,70.815,-80.781,107.178,-111.439,127.781,168.096,-183.31,-112.193,29.204,12.641,24.333,15.98,-78.624,116.253,-73.775,72.175,-73.69,72.039,14.612,36.98,-49.433,10.261,35.332,-50.95,47.361,-90.036,66.827,-58.273,66.731,-58.984,66.716,-32.359,6.624,-45.735,-28.495,188.099,-105.017,138.182,-86.564,159.488,170.777,325.37,241.123,-33.815,-160.28
575,-87.845,16.147,-55.226,36.227,-54.562,66.148,-63.273,77.871,38.171,146.588,-183.3,46.104,-23.825,43.873,-5.114,-36.918,85.983,-50.481,78.72,-68.768,89.252,13.229,39.796,-54.289,15.105,-11.029,-9.914,7.442,-94.311,61.147,-64.85,106.69,-92.597,64.256,-31.059,45.466,-45.701,8.221,115.33,-64.315,133.042,-67.067,191.39,142.241,293.245,163.321,-57.299,-174.89,-77.085,-65.805,-84.549,78.786,-106.834,13.887,-97.138,70.815,-80.781,107.178,-111.439,127.781,168.096,-183.31,-112.193,29.204,12.641,24.333,15.98,-78.624,116.253,-73.775,72.175,-73.69,72.039,14.612,36.98,-49.433,10.261,35.332,-50.95,47.361,-90.036,66.827,-58.273,66.731,-58.984,66.716,-32.359,6.624,-45.735,-28.495,188.099,-105.017,138.182,-86.564,159.488,170.777,325.37,241.123,-33.815,-160.28,-143.647
576,16.147,-55.226,36.227,-54.562,66.148,-63.273,77.871,38.171,146.588,-183.3,46.104,-23.825,43.873,-5.114,-36.918,85.983,-50.481,78.72,-68.768,89.252,13.229,39.796,-54.289,15.105,-11.029,-9.914,7.442,-94.311,61.147,-64.85,106.69,-92.597,64.256,-31.059,45.466,-45.701,8.221,115.33,-64.315,133.042,-67.067,191.39,142.241,293.245,163.321,-57.299,-174.89,-77.085,-65.805,-84.549,78.786,-106.834,13.887,-97.138,70.815,-80.781,107.178,-111.439,127.781,168.096,-183.31,-112.193,29.204,12.641,24.333,15.98,-78.624,116.253,-73.775,72.175,-73.69,72.039,14.612,36.98,-49.433,10.261,35.332,-50.95,47.361,-90.036,66.827,-58.273,66.731,-58.984,66.716,-32.359,6.624,-45.735,-28.495,188.099,-105.017,138.182,-86.564,159.488,170.777,325.37,241.123,-33.815,-160.28,-143.647,-40.29
577,-55.226,36.227,-54.562,66.148,-63.273,77.871,38.171,146.588,-183.3,46.104,-23.825,43.873,-5.114,-36.918,85.983,-50.481,78.72,-68.768,89.252,13.229,39.796,-54.289,15.105,-11.029,-9.914,7.442,-94.311,61.147,-64.85,106.69,-92.597,64.256,-31.059,45.466,-45.701,8.221,115.33,-64.315,133.042,-67.067,191.39,142.241,293.245,163.321,-57.299,-174.89,-77.085,-65.805,-84.549,78.786,-106.834,13.887,-97.138,70.815,-80.781,107.178,-111.439,127.781,168.096,-183.31,-112.193,29.204,12.641,24.333,15.98,-78.624,116.253,-73.775,72.175,-73.69,72.039,14.612,36.98,-49.433,10.261,35.332,-50.95,47.361,-90.036,66.827,-58.273,66.731,-58.984,66.716,-32.359,6.624,-45.735,-28.495,188.099,-105.017,138.182,-86.564,159.488,170.777,325.37,241.123,-33.815,-160.28,-143.647,-40.29,-132.509
578,36.227,-54.562,66.148,-63.273,77.871,38.171,146.588,-183.3,46.104,-23.825,43.873,-5.114,-36.918,85.983,-50.481,78.72,-68.768,89.252,13.229,39.796,-54.289,15.105,-11.029,-9.914,7.442,-94.311,61.147,-64.85,106.69,-92.597,64.256,-31.059,45.466,-45.701,8.221,115.33,-64.315,133.042,-67.067,191.39,142.241,293.245,163.321,-57.299,-174.89,-77.085,-65.805,-84.549,78.786,-106.834,13.887,-97.138,70.815,-80.781,107.178,-111.439,127.781,168.096,-183.31,-112.193,29.204,12.641,24.333,15.98,-78.624,116.253,-73.775,72.175,-73.69,72.039,14.612,36.98,-49.433,10.261,35.332,-50.95,47.361,-90.036,66.827,-58.273,66.731,-58.984,66.716,-32.359,6.624,-45.735,-28.495,188.099,-105.017,138.182,-86.564,159.488,170.777,325.37,241.123,-33.815,-160.28,-143.647,-40.29,-132.509,72.505
579,-54.562,66.148,-63.273,77.871,38.171,146.588,-183.3,46.104,-23.825,43.873,-5.114,-36.918,85.983,-50.481,78.72,-68.768,89.252,13.229,39.796,-54.289,15.105,-11.029,-9.914,7.442,-94.311,61.147,-64.85,106.69,-92.597,64.256,-31.059,45.466,-45.701,8.221,115.33,-64.315,133.042,-67.067,191.39,142.241,293.245,163.321,-57.299,-174.89,-77.085,-65.805,-84.549,78.786,-106.834,13.887,-97.138,70.815,-80.781,107.178,-111.439,127.781,168.096,-183.31,-112.193,29.204,12.641,24.333,15.98,-78.624,116.253,-73.775,72.175,-73.69,72.039,14.612,36.98,-49.433,10.261,35.332,-50.95,47.361,-90.036,66.827,-58.273,66.731,-58.984,66.716,-32.359,6.624,-45.735,-28.495,188.099,-105.017,138.182,-86.564,159.488,170.777,325.37,241.123,-33.815,-160.28,-143.647,-40.29,-132.509,72.505,-113.081
580,66.148,-63.273,77.871,38.171,146.588,-183.3,46.104,-23.825,43.873,-5.114,-36.918,85.983,-50.481,78.72,-68.768,89.252,13.229,39.796,-54.289,15.105,-11.029,-9.914,7.442,-94.311,61.147,-64.85,106.69,-92.597,64.256,-31.059,45.466,-45.701,8.221,115.33,-64.315,133.042,-67.067,191.39,142.241,293.245,163.321,-57.299,-174.89,-77.085,-65.805,-84.549,78.786,-106.834,13.887,-97.138,70.815,-80.781,107.178,-111.439,127.781,168.096,-183.31,-112.193,29.204,12.641,24.333,15.98,-78.624,116.253,-73.775,72.175,-73.69,72.039,14.612,36.98,-49.433,10.261,35.332,-50.95,47.361,-90.036,66.827,-58.273,66.731,-58.984,66.716,-32.359,6.624,-45.735,-28.495,188.099,-105.017,138.182,-86.564,159.488,170.777,325.37,241.123,-33.815,-160.28,-143.647,-40.29,-132.509,72.505,-113.081,26.103
581,-63.273,77.871,38.171,146.588,-183.3,46.104,-23.825,43.873,-5.114,-36.918,85.983,-50.481,78.72,-68.768,89.252,13.229,39.796,-54.289,15.105,-11.029,-9.914,7.442,-94.311,61.147,-64.85,106.69,-92.597,64.256,-31.059,45.466,-45.701,8.221,115.33,-64.315,133.042,-67.067,191.39,142.241,293.245,163.321,-57.299,-174.89,-77.085,-65.805,-84.549,78.786,-106.834,13.887,-97.138,70.815,-80.781,107.178,-111.439,127.781,168.096,-183.31,-112.193,29.204,12.641,24.333,15.98,-78.624,116.253,-73.775,72.175,-73.69,72.039,14.612,36.98,-49.433,10.261,35.332,-50.95,47.361,-90.036,66.827,-58.273,66.731,-58.984,66.716,-32.359,6.624,-45.735,-28.495,188.099,-105.017,138.182,-86.564,159.488,170.777,325.37,241.123,-33.815,-160.28,-143.647,-40.29,-132.509,72.505,-113.081,26.103,-106.778
582,77.871,38.171,146.588,-183.3,46.104,-23.825,43.873,-5.114,-36.918,85.983,-50.481,78.72,-68.768,89.252,13.229,39.796,-54.289,15.105,-11.029,-9.914,7.442,-94.311,61.147,-64.85,106.69,-92.597,64.256,-31.059,45.466,-45.701,8.221,115.33,-64.315,133.042,-67.067,191.39,142.241,293.245,163.321,-57.299,-174.89,-77.085,-65.805,-84.549,78.786,-106.834,13.887,-97.138,70.815,-80.781,107.178,-111.439,127.781,168.096,-183.31,-112.193,29.204,12.641,24.333,15.98,-78.624,116.253,-73.775,72.175,-73.69,72.039,14.612,36.98,-49.433,10.261,35.332,-50.95,47.361,-90.036,66.827,-58.273,66.731,-58.984,66.716,-32.359,6.624,-45.735,-28.495,188.099,-105.017,138.182,-86.564,159.488,170.777,325.37,241.123,-33.815,-160.28,-143.647,-40.29,-132.509,72.505,-113.081,26.103,-106.778,54.168
583,38.171,146.588,-183.3,46.104,-23.825,43.873,-5.114,-36.918,85.983,-50.481,78.72,-68.768,89.252,13.229,39.796,-54.289,15.105,-11.029,-9.914,7.442,-94.311,61.147,-64.85,106.69,-92.597,64.256,-31.059,45.466,-45.701,8.221,115.33,-64.315,133.042,-67.067,191.39,142.241,293.245,163.321,-57.299,-174.89,-77.085,-65.805,-84.549,78.786,-106.834,13.887,-97.138,70.815,-80.781,107.178,-111.439,127.781,168.096,-183.31,-112.193,29.204,12.641,24.333,15.98,-78.624,116.253,-73.775,72.175,-73.69,72.039,14.612,36.98,-49.433,10.261,35.332,-50.95,47.361,-90.036,66.827,-58.273,66.731,-58.984,66.716,-32.359,6.624,-45.735,-28.495,188.099,-105.017,138.182,-86.564,159.488,170.777,325.37,241.123,-33.815,-160.28,-143.647,-40.29,-132.509,72.505,-113.081,26.103,-106.778,54.168,-56.362
584,146.588,-183.3,46.104,-23.825,43.873,-5.114,-36.918,85.983,-50.481,78.72,-68.768,89.252,13.229,39.796,-54.289,15.105,-11.029,-9.914,7.442,-94.311,61.147,-64.85,106.69,-92.597,64.256,-31.059,45.466,-45.701,8.221,115.33,-64.315,133.042,-67.067,191.39,142.241,293.245,163.321,-57.299,-174.89,-77.085,-65.805,-84.549,78.786,-106.834,13.887,-97.138,70.815,-80.781,107.178,-111.439,127.781,168.096,-183.31,-112.193,29.204,12.641,24.333,15.98,-78.624,116.253,-73.775,72.175,-73.69,72.039,14.612,36.98,-49.433,10.261,35.332,-50.95,47.361,-90.036,66.827,-58.273,66.731,-58.984,66.716,-32.359,6.624,-45.735,-28.495,188.099,-105.017,138.182,-86.564,159.488,170.777,325.37,241.123,-33.815,-160.28,-143.647,-40.29,-132.509,72.505,-113.081,26.103,-106.778,54.168,-56.362,170.271
585,-183.3,46.104,-23.825,43.873,-5.114,-36.918,85.983,-50.481,78.72,-68.768,89.252,13.229,39.796,-54.289,15.105,-11.029,-9.914,7.442,-94.311,61.147,-64.85,106.69,-92.597,64.256,-31.059,45.466,-45.701,8.221,115.33,-64.315,133.042,-67.067,191.39,142.241,293.245,163.321,-57.299,-174.89,-77.085,-65.805,-84.549,78.786,-106.834,13.887,-97.138,70.815,-80.781,107.178,-111.439,127.781,168.096,-183.31,-112.193,29.204,12.641,24.333,15.98,-78.624,116.253,-73.775,72.175,-73.69,72.039,14.612,36.98,-49.433,10.261,35.332,-50.95,47.361,-90.036,66.827,-58.273,66.731,-58.984,66.716,-32.359,6.624,-45.735,-28.495,188.099,-105.017,138.182,-86.564,159.488,170.777,325.37,241.123,-33.815,-160.28,-143.647,-40.29,-132.509,72.505,-113.081,26.103,-106.778,54.168,-56.362,170.271,119.592
586,46.104,-23.825,43.873,-5.114,-36.918,85.983,-50.481,78.72,-68.768,89.252,13.229,39.796,-54.289,15.105,-11.029,-9.914,7.442,-94.311,61.147,-64.85,106.69,-92.597,64.256,-31.059,45.466,-45.701,8.221,115.33,-64.315,133.042,-67.067,191.39,142.241,293.245,163.321,-57.299,-174.89,-77.085,-65.805,-84.549,78.786,-106.834,13.887,-97.138,70.815,-80.781,107.178,-111.439,127.781,168.096,-183.31,-112.193,29.204,12.641,24.333,15.98,-78.624,116.253,-73.775,72.175,-73.69,72.039,14.612,36.98,-49.433,10.261,35.332,-50.95,47.361,-90.036,66.827,-58.273,66.731,-58.984,66.716,-32.359,6.624,-45.735,-28.495,188.099,-105.017,138.182,-86.564,159.488,170.777,325.37,241.123,-33.815,-160.28,-143.647,-40.29,-132.509,72.505,-113.081,26.103,-106.778,54.168,-56.362,170.271,119.592,-197.899
587,-23.825,43.873,-5.114,-36.918,85.983,-50.481,78.72,-68.768,89.252,13.229,39.796,-54.289,15.105,-11.029,-9.914,7.442,-94.311,61.147,-64.85,106.69,-92.597,64.256,-31.059,45.466,-45.701,8.221,115.33,-64.315,133.042,-67.067,191.39,142.241,293.245,163.321,-57.299,-174.89,-77.085,-65.805,-84.549,78.786,-106.834,13.887,-97.138,70.815,-80.781,107.178,-111.439,127.781,168.096,-183.31,-112.193,29.204,12.641,24.333,15.98,-78.624,116.253,-73.775,72.175,-73.69,72.039,14.612,36.98,-49.433,10.261,35.332,-50.95,47.361,-90.036,66.827,-58.273,66.731,-58.984,66.716,-32.359,6.624,-45.735,-28.495,188.099,-105.017,138.182,-86.564,159.488,170.777,325.37,241.123,-33.815,-160.28,-143.647,-40.29,-132.509,72.505,-113.081,26.103,-106.778,54.168,-56.362,170.271,119.592,-197.899,-72.37
588,43.873,-5.114,-36.918,85.983,-50.481,78.72,-68.768,89.252,13.229,39.796,-54.289,15.105,-11.029,-9.914,7.442,-94.311,61.147,-64.85,106.69,-92.597,64.256,-31.059,45.466,-45.701,8.221,115.33,-64.315,133.042,-67.067,191.39,142.241,293.245,163.321,-57.299,-174.89,-77.085,-65.805,-84.549,78.786,-106.834,13.887,-97.138,70.815,-80.781,107.178,-111.439,127.781,168.096,-183.31,-112.193,29.204,12.641,24.333,15.98,-78.624,116.253,-73.775,72.175,-73.69,72.039,14.612,36.98,-49.433,10.261,35.332,-50.95,47.361,-90.036,66.827,-58.273,66.731,-58.984,66.716,-32.359,6.624,-45.735,-28.495,188.099,-105.017,138.182,-86.564,159.488,170.777,325.37,241.123,-33.815,-160.28,-143.647,-40.29,-132.509,72.505,-113.081,26.103,-106.778,54.168,-56.362,170.271,119.592,-197.899,-72.37,-41.961
589,-5.114,-36.918,85.983,-50.481,78.72,-68.768,89.252,13.229,39.796,-54.289,15.105,-11.029,-9.914,7.442,-94.311,61.147,-64.85,106.69,-92.597,64.256,-31.059,45.466,-45.701,8.221,115.33,-64.315,133.042,-67.067,191.39,142.241,293.245,163.321,-57.299,-174.89,-77.085,-65.805,-84.549,78.786,-106.834,13.887,-97.138,70.815,-80.781,107.178,-111.439,127.781,168.096,-183.31,-112.193,29.204,12.641,24.333,15.98,-78.624,116.253,-73.775,72.175,-73.69,72.039,14.612,36.98,-49.433,10.261,35.332,-50.95,47.361,-90.036,66.827,-58.273,66.731,-58.984,66.716,-32.359,6.624,-45.735,-28.495,188.099,-105.017,138.182,-86.564,159.488,170.777,325.37,241.123,-33.815,-160.28,-143.647,-40.29,-132.509,72.505,-113.081,26.103,-106.778,54.168,-56.362,170.271,119.592,-197.899,-72.37,-41.961,-0.116
590,-36.918,85.983,-50.481,78.72,-68.768,89.252,13.229,39.796,-54.289,15.105,-11.029,-9.914,7.442,-94.311,61.147,-64.85,106.69,-92.597,64.256,-31.059,45.466,-45.701,8.221,115.33,-64.315,133.042,-67.067,191.39,142.241,293.245,163.321,-57.299,-174.89,-77.085,-65.805,-84.549,78.786,-106.834,13.887,-97.138,70.815,-80.781,107.178,-111.439,127.781,168.096,-183.31,-112.193,29.204,12.641,24.333,15.98,-78.624,116.253,-73.775,72.175,-73.69,72.039,14.612,36.98,-49.433,10.261,35.332,-50.95,47.361,-90.036,66.827,-58.273,66.731,-58.984,66.716,-32.359,6.624,-45.735,-28.495,188.099,-105.017,138.182,-86.564,159.488,170.777,325.37,241.123,-33.815,-160.28,-143.647,-40.29,-132.509,72.505,-113.081,26.103,-106.778,54.168,-56.362,170.271,119.592,-197.899,-72.37,-41.961,-0.116,-52.72
591,85.983,-50.481,78.72,-68.768,89.252,13.229,39.796,-54.289,15.105,-11.029,-9.914,7.442,-94.311,61.147,-64.85,106.69,-92.597,64.256,-31.059,45.466,-45.701,8.221,115.33,-64.315,133.042,-67.067,191.39,142.241,293.245,163.321,-57.299,-174.89,-77.085,-65.805,-84.549,78.786,-106.834,13.887,-97.138,70.815,-80.781,107.178,-111.439,127.781,168.096,-183.31,-112.193,29.204,12.641,24.333,15.98,-78.624,116.253,-73.775,72.175,-73.69,72.039,14.612,36.98,-49.433,10.261,35.332,-50.95,47.361,-90.036,66.827,-58.273,66.731,-58.984,66.716,-32.359,6.624,-45.735,-28.495,188.099,-105.017,138.182,-86.564,159.488,170.777,325.37,241.123,-33.815,-160.28,-143.647,-40.29,-132.509,72.505,-113.081,26.103,-106.778,54.168,-56.362,170.271,119.592,-197.899,-72.37,-41.961,-0.116,-52.72,117.935
592,-50.481,78.72,-68.768,89.252,13.229,39.796,-54.289,15.105,-11.029,-9.914,7.442,-94.311,61.147,-64.85,106.69,-92.597,64.256,-31.059,45.466,-45.701,8.221,115.33,-64.315,133.042,-67.067,191.39,142.241,293.245,163.321,-57.299,-174.89,-77.085,-65.805,-84.549,78.786,-106.834,13.887,-97.138,70.815,-80.781,107.178,-111.439,127.781,168.096,-183.31,-112.193,29.204,12.641,24.333,15.98,-78.624,116.253,-73.775,72.175,-73.69,72.039,14.612,36.98,-49.433,10.261,35.332,-50.95,47.361,-90.036,66.827,-58.273,66.731,-58.984,66.716,-32.359,6.624,-45.735,-28.495,188.099,-105.017,138.182,-86.564,159.488,170.777,325.37,241.123,-33.815,-160.28,-143.647,-40.29,-132.509,72.505,-113.081,26.103,-106.778,54.168,-56.362,170.271,119.592,-197.899,-72.37,-41.961,-0.116,-52.72,117.935,-56.329
593,78.72,-68.768,89.252,13.229,39.796,-54.289,15.105,-11.029,-9.914,7.442,-94.311,61.147,-64.85,106.69,-92.597,64.256,-31.059,45.466,-45.701,8.221,115.33,-64.315,133.042,-67.067,191.39,142.241,293.245,163.321,-57.299,-174.89,-77.085,-65.805,-84.549,78.786,-106.834,13.887,-97.138,70.815,-80.781,107.178,-111.439,127.781,168.096,-183.31,-112.193,29.204,12.641,24.333,15.98,-78.624,116.253,-73.775,72.175,-73.69,72.039,14.612,36.98,-49.433,10.261,35.332,-50.95,47.361,-90.036,66.827,-58.273,66.731,-58.984,66.716,-32.359,6.624,-45.735,-28.495,188.099,-105.017,138.182,-86.564,159.488,170.777,325.37,241.123,-33.815,-160.28,-143.647,-40.29,-132.509,72.505,-113.081,26.103,-106.778,54.168,-56.362,170.271,119.592,-197.899,-72.37,-41.961,-0.116,-52.72,117.935,-56.329,98.109
594,-68.768,89.252,13.229,39.796,-54.289,15.105,-11.029,-9.914,7.442,-94.311,61.147,-64.85,106.69,-92.597,64.256,-31.059,45.466,-45.701,8.221,115.33,-64.315,133.042,-67.067,191.39,142.241,293.245,163.321,-57.299,-174.89,-77.085,-65.805,-84.549,78.786,-106.834,13.887,-97.138,70.815,-80.781,107.178,-111.439,127.781,168.096,-183.31,-112.193,29.204,12.641,24.333,15.98,-78.624,116.253,-73.775,72.175,-73.69,72.039,14.612,36.98,-49.433,10.261,35.332,-50.95,47.361,-90.036,66.827,-58.273,66.731,-58.984,66.716,-32.359,6.624,-45.735,-28.495,188.099,-105.017,138.182,-86.564,159.488,170.777,325.37,241.123,-33.815,-160.28,-143.647,-40.29,-132.509,72.505,-113.081,26.103,-106.778,54.168,-56.362,170.271,119.592,-197.899,-72.37,-41.961,-0.116,-52.72,117.935,-56.329,98.109,-76.15
595,89.252,13.229,39.796,-54.289,15.105,-11.029,-9.914,7.442,-94.311,61.147,-64.85,106.69,-92.597,64.256,-31.059,45.466,-45.701,8.221,115.33,-64.315,133.042,-67.067,191.39,142.241,293.245,163.321,-57.299,-174.89,-77.085,-65.805,-84.549,78.786,-106.834,13.887,-97.138,70.815,-80.781,107.178,-111.439,127.781,168.096,-183.31,-112.193,29.204,12.641,24.333,15.98,-78.624,116.253,-73.775,72.175,-73.69,72.039,14.612,36.98,-49.433,10.261,35.332,-50.95,47.361,-90.036,66.827,-58.273,66.731,-58.984,66.716,-32.359,6.624,-45.735,-28.495,188.099,-105.017,138.182,-86.564,159.488,170.777,325.37,241.123,-33.815,-160.28,-143.647,-40.29,-132.509,72.505,-113.081,26.103,-106.778,54.168,-56.362,170.271,119.592,-197.899,-72.37,-41.961,-0.116,-52.72,117.935,-56.329,98.109,-76.15,82.857
596,13.229,39.796,-54.289,15.105,-11.029,-9.914,7.442,-94.311,61.147,-64.85,106.69,-92.597,64.256,-31.059,45.466,-45.701,8.221,115.33,-64.315,133.042,-67.067,191.39,142.241,293.245,163.321,-57.299,-174.89,-77.085,-65.805,-84.549,78.786,-106.834,13.887,-97.138,70.815,-80.781,107.178,-111.439,127.781,168.096,-183.31,-112.193,29.204,12.641,24.333,15.98,-78.624,116.253,-73.775,72.175,-73.69,72.039,14.612,36.98,-49.433,10.261,35.332,-50.95,47.361,-90.036,66.827,-58.273,66.731,-58.984,66.716,-32.359,6.624,-45.735,-28.495,188.099,-105.017,138.182,-86.564,159.488,170.777,325.37,241.123,-33.815,-160.28,-143.647,-40.29,-132.509,72.505,-113.081,26.103,-106.778,54.168,-56.362,170.271,119.592,-197.899,-72.37,-41.961,-0.116,-52.72,117.935,-56.329,98.109,-76.15,82.857,-34.928
597,39.796,-54.289,15.105,-11.029,-9.914,7.442,-94.311,61.147,-64.85,106.69,-92.597,64.256,-31.059,45.466,-45.701,8.221,115.33,-64.315,133.042,-67.067,191.39,142.241,293.245,163.321,-57.299,-174.89,-77.085,-65.805,-84.549,78.786,-106.834,13.887,-97.138,70.815,-80.781,107.178,-111.439,127.781,168.096,-183.31,-112.193,29.204,12.641,24.333,15.98,-78.624,116.253,-73.775,72.175,-73.69,72.039,14.612,36.98,-49.433,10.261,35.332,-50.95,47.361,-90.036,66.827,-58.273,66.731,-58.984,66.716,-32.359,6.624,-45.735,-28.495,188.099,-105.017,138.182,-86.564,159.488,170.777,325.37,241.123,-33.815,-160.28,-143.647,-40.29,-132.509,72.505,-113.081,26.103,-106.778,54.168,-56.362,170.271,119.592,-197.899,-72.37,-41.961,-0.116,-52.72,117.935,-56.329,98.109,-76.15,82.857,-34.928,49.279
598,-54.289,15.105,-11.029,-9.914,7.442,-94.311,61.147,-64.85,106.69,-92.597,64.256,-31.059,45.466,-45.701,8.221,115.33,-64.315,133.042,-67.067,191.39,142.241,293.245,163.321,-57.299,-174.89,-77.085,-65.805,-84.549,78.786,-106.834,13.887,-97.138,70.815,-80.781,107.178,-111.439,127.781,168.096,-183.31,-112.193,29.204,12.641,24.333,15.98,-78.624,116.253,-73.775,72.175,-73.69,72.039,14.612,36.98,-49.433,10.261,35.332,-50.95,47.361,-90.036,66.827,-58.273,66.731,-58.984,66.716,-32.359,6.624,-45.735,-28.495,188.099,-105.017,138.182,-86.564,159.488,170.777,325.37,241.123,-33.815,-160.28,-143.647,-40.29,-132.509,72.505,-113.081,26.103,-106.778,54.168,-56.362,170.271,119.592,-197.899,-72.37,-41.961,-0.116,-52.72,117.935,-56.329,98.109,-76.15,82.857,-34.928,49.279,-61.957
599,15.105,-11.029,-9.914,7.442,-94.311,61.147,-64.85,106.69,-92.597,64.256,-31.059,45.466,-45.701,8.221,115.33,-64.315,133.042,-67.067,191.39,142.241,293.245,163.321,-57.299,-174.89,-77.085,-65.805,-84.549,78.786,-106.834,13.887,-97.138,70.815,-80.781,107.178,-111.439,127.781,168.096,-183.31,-112.193,29.204,12.641,24.333,15.98,-78.624,116.253,-73.775,72.175,-73.69,72.039,14.612,36.98,-49.433,10.261,35.332,-50.95,47.361,-90.036,66.827,-58.273,66.731,-58.984,66.716,-32.359,6.624,-45.735,-28.495,188.099,-105.017,138.182,-86.564,159.488,170.777,325.37,241.123,-33.815,-160.28,-143.647,-40.29,-132.509,72.505,-113.081,26.103,-106.778,54.168,-56.362,170.271,119.592,-197.899,-72.37,-41.961,-0.116,-52.72,117.935,-56.329,98.109,-76.15,82.857,-34.928,49.279,-61.957,31.273
600,-11.029,-9.914,7.442,-94.311,61.147,-64.85,106.69,-92.597,64.256,-31.059,45.466,-45.701,8.221,115.33,-64.315,133.042,-67.067,191.39,142.241,293.245,163.321,-57.299,-174.89,-77.085,-65.805,-84.549,78.786,-106.834,13.887,-97.138,70.815,-80.781,107.178,-111.439,127.781,168.096,-183.31,-112.193,29.204,12.641,24.333,15.98,-78.624,116.253,-73.775,72.175,-73.69,72.039,14.612,36.98,-49.433,10.261,35.332,-50.95,47.361,-90.036,66.827,-58.273,66.731,-58.984,66.716,-32.359,6.624,-45.735,-28.495,188.099,-105.017,138.182,-86.564,159.488,170.777,325.37,241.123,-33.815,-160.28,-143.647,-40.29,-132.509,72.505,-113.081,26.103,-106.778,54.168,-56.362,170.271,119.592,-197.899,-72.37,-41.961,-0.116,-52.72,117.935,-56.329,98.109,-76.15,82.857,-34.928,49.279,-61.957,31.273,47.06
601,-9.914,7.442,-94.311,61.147,-64.85,106.69,-92.597,64.256,-31.059,45.466,-45.701,8.221,115.33,-64.315,133.042,-67.067,191.39,142.241,293.245,163.321,-57.299,-174.89,-77.085,-65.805,-84.549,78.786,-106.834,13.887,-97.138,70.815,-80.781,107.178,-111.439,127.781,168.096,-183.31,-112.193,29.204,12.641,24.333,15.98,-78.624,116.253,-73.775,72.175,-73.69,72.039,14.612,36.98,-49.433,10.261,35.332,-50.95,47.361,-90.036,66.827,-58.273,66.731,-58.984,66.716,-32.359,6.624,-45.735,-28.495,188.099,-105.017,138.182,-86.564,159.488,170.777,325.37,241.123,-33.815,-160.28,-143.647,-40.29,-132.509,72.505,-113.081,26.103,-106.778,54.168,-56.362,170.271,119.592,-197.899,-72.37,-41.961,-0.116,-52.72,117.935,-56.329,98.109,-76.15,82.857,-34.928,49.279,-61.957,31.273,47.06,22.486
602,7.442,-94.311,61.147,-64.85,106.69,-92.597,64.256,-31.059,45.466,-45.701,8.221,115.33,-64.315,133.042,-67.067,191.39,142.241,293.245,163.321,-57.299,-174.89,-77.085,-65.805,-84.549,78.786,-106.834,13.887,-97.138,70.815,-80.781,107.178,-111.439,127.781,168.096,-183.31,-112.193,29.204,12.641,24.333,15.98,-78.624,116.253,-73.775,72.175,-73.69,72.039,14.612,36.98,-49.433,10.261,35.332,-50.95,47.361,-90.036,66.827,-58.273,66.731,-58.984,66.716,-32.359,6.624,-45.735,-28.495,188.099,-105.017,138.182,-86.564,159.488,170.777,325.37,241.123,-33.815,-160.28,-143.647,-40.29,-132.509,72.505,-113.081,26.103,-106.778,54.168,-56.362,170.271,119.592,-197.899,-72.37,-41.961,-0.116,-52.72,117.935,-56.329,98.109,-76.15,82.857,-34.928,49.279,-61.957,31.273,47.06,22.486,43.808
603,-94.311,61.147,-64.85,106.69,-92.597,64.256,-31.059,45.466,-45.701,8.221,115.33,-64.315,133.042,-67.067,191.39,142.241,293.245,163.321,-57.299,-174.89,-77.085,-65.805,-84.549,78.786,-106.834,13.887,-97.138,70.815,-80.781,107.178,-111.439,127.781,168.096,-183.31,-112.193,29.204,12.641,24.333,15.98,-78.624,116.253,-73.775,72.175,-73.69,72.039,14.612,36.98,-49.433,10.261,35.332,-50.95,47.361,-90.036,66.827,-58.273,66.731,-58.984,66.716,-32.359,6.624,-45.735,-28.495,188.099,-105.017,138.182,-86.564,159.488,170.777,325.37,241.123,-33.815,-160.28,-143.647,-40.29,-132.509,72.505,-113.081,26.103,-106.778,54.168,-56.362,170.271,119.592,-197.899,-72.37,-41.961,-0.116,-52.72,117.935,-56.329,98.109,-76.15,82.857,-34.928,49.279,-61.957,31.273,47.06,22.486,43.808,-49.484
604,61.147,-64.85,106.69,-92.597,64.256,-31.059,45.466,-45.701,8.221,115.33,-64.315,133.042,-67.067,191.39,142.241,293.245,163.321,-57.299,-174.89,-77.085,-65.805,-84.549,78.786,-106.834,13.887,-97.138,70.815,-80.781,107.178,-111.439,127.781,168.096,-183.31,-112.193,29.204,12.641,24.333,15.98,-78.624,116.253,-73.775,72.175,-73.69,72.039,14.612,36.98,-49.433,10.261,35.332,-50.95,47.361,-90.036,66.827,-58.273,66.731,-58.984,66.716,-32.359,6.624,-45.735,-28.495,188.099,-105.017,138.182,-86.564,159.488,170.777,325.37,241.123,-33.815,-160.28,-143.647,-40.29,-132.509,72.505,-113.081,26.103,-106.778,54.168,-56.362,170.271,119.592,-197.899,-72.37,-41.961,-0.116,-52.72,117.935,-56.329,98.109,-76.15,82.857,-34.928,49.279,-61.957,31.273,47.06,22.486,43.808,-49.484,78.661
605,-64.85,106.69,-92.597,64.256,-31.059,45.466,-45.701,8.221,115.33,-64.315,133.042,-67.067,191.39,142.241,293.245,163.321,-57.299,-174.89,-77.085,-65.805,-84.549,78.786,-106.834,13.887,-97.138,70.815,-80.781,107.178,-111.439,127.781,168.096,-183.31,-112.193,29.204,12.641,24.333,15.98,-78.624,116.253,-73.775,72.175,-73.69,72.039,14.612,36.98,-49.433,10.261,35.332,-50.95,47.361,-90.036,66.827,-58.273,66.731,-58.984,66.716,-32.359,6.624,-45.735,-28.495,188.099,-105.017,138.182,-86.564,159.488,170.777,325.37,241.123,-33.815,-160.28,-143.647,-40.29,-132.509,72.505,-113.081,26.103,-106.778,54.168,-56.362,170.271,119.592,-197.899,-72.37,-41.961,-0.116,-52.72,117.935,-56.329,98.109,-76.15,82.857,-34.928,49.279,-61.957,31.273,47.06,22.486,43.808,-49.484,78.661,-52.836
606,106.69,-92.597,64.256,-31.059,45.466,-45.701,8.221,115.33,-64.315,133.042,-67.067,191.39,142.241,293.245,163.321,-57.299,-174.89,-77.085,-65.805,-84.549,78.786,-106.834,13.887,-97.138,70.815,-80.781,107.178,-111.439,127.781,168.096,-183.31,-112.193,29.204,12.641,24.333,15.98,-78.624,116.253,-73.775,72.175,-73.69,72.039,14.612,36.98,-49.433,10.261,35.332,-50.95,47.361,-90.036,66.827,-58.273,66.731,-58.984,66.716,-32.359,6.624,-45.735,-28.495,188.099,-105.017,138.182,-86.564,159.488,170.777,325.37,241.123,-33.815,-160.28,-143.647,-40.29,-132.509,72.505,-113.081,26.103,-106.778,54.168,-56.362,170.271,119.592,-197.899,-72.37,-41.961,-0.116,-52.72,117.935,-56.329,98.109,-76.15,82.857,-34.928,49.279,-61.957,31.273,47.06,22.486,43.808,-49.484,78.661,-52.836,57.502
607,-92.597,64.256,-31.059,45.466,-45.701,8.221,115.33,-64.315,133.042,-67.067,191.39,142.241,293.245,163.321,-57.299,-174.89,-77.085,-65.805,-84.549,78.786,-106.834,13.887,-97.138,70.815,-80.781,107.178,-111.439,127.781,168.096,-183.31,-112.193,29.204,12.641,24.333,15.98,-78.624,116.253,-73.775,72.175,-73.69,72.039,14.612,36.98,-49.433,10.261,35.332,-50.95,47.361,-90.036,66.827,-58.273,66.731,-58.984,66.716,-32.359,6.624,-45.735,-28.495,188.099,-105.017,138.182,-86.564,159.488,170.777,325.37,241.123,-33.815,-160.28,-143.647,-40.29,-132.509,72.505,-113.081,26.103,-106.778,54.168,-56.362,170.271,119.592,-197.899,-72.37,-41.961,-0.116,-52.72,117.935,-56.329,98.109,-76.15,82.857,-34.928,49.279,-61.957,31.273,47.06,22.486,43.808,-49.484,78.661,-52.836,57.502,-68.698
608,64.256,-31.059,45.466,-45.701,8.221,115.33,-64.315,133.042,-67.067,191.39,142.241,293.245,163.321,-57.299,-174.89,-77.085,-65.805,-84.549,78.786,-106.834,13.887,-97.138,70.815,-80.781,107.178,-111.439,127.781,168.096,-183.31,-112.193,29.204,12.641,24.333,15.98,-78.624,116.253,-73.775,72.175,-73.69,72.039,14.612,36.98,-49.433,10.261,35.332,-50.95,47.361,-90.036,66.827,-58.273,66.731,-58.984,66.716,-32.359,6.624,-45.735,-28.495,188.099,-105.017,138.182,-86.564,159.488,170.777,325.37,241.123,-33.815,-160.28,-143.647,-40.29,-132.509,72.505,-113.081,26.103,-106.778,54.168,-56.362,170.271,119.592,-197.899,-72.37,-41.961,-0.116,-52.72,117.935,-56.329,98.109,-76.15,82.857,-34.928,49.279,-61.957,31.273,47.06,22.486,43.808,-49.484,78.661,-52.836,57.502,-68.698,52.665
609,-31.059,45.466,-45.701,8.221,115.33,-64.315,133.042,-67.067,191.39,142.241,293.245,163.321,-57.299,-174.89,-77.085,-65.805,-84.549,78.786,-106.834,13.887,-97.138,70.815,-80.781,107.178,-111.439,127.781,168.096,-183.31,-112.193,29.204,12.641,24.333,15.98,-78.624,116.253,-73.775,72.175,-73.69,72.039,14.612,36.98,-49.433,10.261,35.332,-50.95,47.361,-90.036,66.827,-58.273,66.731,-58.984,66.716,-32.359,6.624,-45.735,-28.495,188.099,-105.017,138.182,-86.564,159.488,170.777,325.37,241.123,-33.815,-160.28,-143.647,-40.29,-132.509,72.505,-113.081,26.103,-106.778,54.168,-56.362,170.271,119.592,-197.899,-72.37,-41.961,-0.116,-52.72,117.935,-56.329,98.109,-76.15,82.857,-34.928,49.279,-61.957,31.273,47.06,22.486,43.808,-49.484,78.661,-52.836,57.502,-68.698,52.665,-50.28
610,45.466,-45.701,8.221,115.33,-64.315,133.042,-67.067,191.39,142.241,293.245,163.321,-57.299,-174.89,-77.085,-65.805,-84.549,78.786,-106.834,13.887,-97.138,70.815,-80.781,107.178,-111.439,127.781,168.096,-183.31,-112.193,29.204,12.641,24.333,15.98,-78.624,116.253,-73.775,72.175,-73.69,72.039,14.612,36.98,-49.433,10.261,35.332,-50.95,47.361,-90.036,66.827,-58.273,66.731,-58.984,66.716,-32.359,6.624,-45.735,-28.495,188.099,-105.017,138.182,-86.564,159.488,170.777,325.37,241.123,-33.815,-160.28,-143.647,-40.29,-132.509,72.505,-113.081,26.103,-106.778,54.168,-56.362,170.271,119.592,-197.899,-72.37,-41.961,-0.116,-52.72,117.935,-56.329,98.109,-76.15,82.857,-34.928,49.279,-61.957,31.273,47.06,22.486,43.808,-49.484,78.661,-52.836,57.502,-68.698,52.665,-50.28,55.952
611,-45.701,8.221,115.33,-64.315,133.042,-67.067,191.39,142.241,293.245,163.321,-57.299,-174.89,-77.085,-65.805,-84.549,78.786,-106.834,13.887,-97.138,70.815,-80.781,107.178,-111.439,127.781,168.096,-183.31,-112.193,29.204,12.641,24.333,15.98,-78.624,116.253,-73.775,72.175,-73.69,72.039,14.612,36.98,-49.433,10.261,35.332,-50.95,47.361,-90.036,66.827,-58.273,66.731,-58.984,66.716,-32.359,6.624,-45.735,-28.495,188.099,-105.017,138.182,-86.564,159.488,170.777,325.37,241.123,-33.815,-160.28,-143.647,-40.29,-132.509,72.505,-113.081,26.103,-106.778,54.168,-56.362,170.271,119.592,-197.899,-72.37,-41.961,-0.116,-52.72,117.935,-56.329,98.109,-76.15,82.857,-34.928,49.279,-61.957,31.273,47.06,22.486,43.808,-49.484,78.661,-52.836,57.502,-68.698,52.665,-50.28,55.952,-17.11
612,8.221,115.33,-64.315,133.042,-67.067,191.39,142.241,293.245,163.321,-57.299,-174.89,-77.085,-65.805,-84.549,78.786,-106.834,13.887,-97.138,70.815,-80.781,107.178,-111.439,127.781,168.096,-183.31,-112.193,29.204,12.641,24.333,15.98,-78.624,116.253,-73.775,72.175,-73.69,72.039,14.612,36.98,-49.433,10.261,35.332,-50.95,47.361,-90.036,66.827,-58.273,66.731,-58.984,66.716,-32.359,6.624,-45.735,-28.495,188.099,-105.017,138.182,-86.564,159.488,170.777,325.37,241.123,-33.815,-160.28,-143.647,-40.29,-132.509,72.505,-113.081,26.103,-106.778,54.168,-56.362,170.271,119.592,-197.899,-72.37,-41.961,-0.116,-52.72,117.935,-56.329,98.109,-76.15,82.857,-34.928,49.279,-61.957,31.273,47.06,22.486,43.808,-49.484,78.661,-52.836,57.502,-68.698,52.665,-50.28,55.952,-17.11,-25.289
613,115.33,-64.315,133.042,-67.067,191.39,142.241,293.245,163.321,-57.299,-174.89,-77.085,-65.805,-84.549,78.786,-106.834,13.887,-97.138,70.815,-80.781,107.178,-111.439,127.781,168.096,-183.31,-112.193,29.204,12.641,24.333,15.98,-78.624,116.253,-73.775,72.175,-73.69,72.039,14.612,36.98,-49.433,10.261,35.332,-50.95,47.361,-90.036,66.827,-58.273,66.731,-58.984,66.716,-32.359,6.624,-45.735,-28.495,188.099,-105.017,138.182,-86.564,159.488,170.777,325.37,241.123,-33.815,-160.28,-143.647,-40.29,-132.509,72.505,-113.081,26.103,-106.778,54.168,-56.362,170.271,119.592,-197.899,-72.37,-41.961,-0.116,-52.72,117.935,-56.329,98.109,-76.15,82.857,-34.928,49.279,-61.957,31.273,47.06,22.486,43.808,-49.484,78.661,-52.836,57.502,-68.698,52.665,-50.28,55.952,-17.11,-25.289,44.681
614,-64.315,133.042,-67.067,191.39,142.241,293.245,163.321,-57.299,-174.89,-77.085,-65.805,-84.549,78.786,-106.834,13.887,-97.138,70.815,-80.781,107.178,-111.439,127.781,168.096,-183.31,-112.193,29.204,12.641,24.333,15.98,-78.624,116.253,-73.775,72.175,-73.69,72.039,14.612,36.98,-49.433,10.261,35.332,-50.95,47.361,-90.036,66.827,-58.273,66.731,-58.984,66.716,-32.359,6.624,-45.735,-28.495,188.099,-105.017,138.182,-86.564,159.488,170.777,325.37,241.123,-33.815,-160.28,-143.647,-40.29,-132.509,72.505,-113.081,26.103,-106.778,54.168,-56.362,170.271,119.592,-197.899,-72.37,-41.961,-0.116,-52.72,117.935,-56.329,98.109,-76.15,82.857,-34.928,49.279,-61.957,31.273,47.06,22.486,43.808,-49.484,78.661,-52.836,57.502,-68.698,52.665,-50.28,55.952,-17.11,-25.289,44.681,-28.175
615,133.042,-67.067,191.39,142.241,293.245,163.321,-57.299,-174.89,-77.085,-65.805,-84.549,78.786,-106.834,13.887,-97.138,70.815,-80.781,107.178,-111.439,127.781,168.096,-183.31,-112.193,29.204,12.641,24.333,15.98,-78.624,116.253,-73.775,72.175,-73.69,72.039,14.612,36.98,-49.433,10.261,35.332,-50.95,47.361,-90.036,66.827,-58.273,66.731,-58.984,66.716,-32.359,6.624,-45.735,-28.495,188.099,-105.017,138.182,-86.564,159.488,170.777,325.37,241.123,-33.815,-160.28,-143.647,-40.29,-132.509,72.505,-113.081,26.103,-106.778,54.168,-56.362,170.271,119.592,-197.899,-72.37,-41.961,-0.116,-52.72,117.935,-56.329,98.109,-76.15,82.857,-34.928,49.279,-61.957,31.273,47.06,22.486,43.808,-49.484,78.661,-52.836,57.502,-68.698,52.665,-50.28,55.952,-17.11,-25.289,44.681,-28.175,93.09
616,-67.067,191.39,142.241,293.245,163.321,-57.299,-174.89,-77.085,-65.805,-84.549,78.786,-106.834,13.887,-97.138,70.815,-80.781,107.178,-111.439,127.781,168.096,-183.31,-112.193,29.204,12.641,24.333,15.98,-78.624,116.253,-73.775,72.175,-73.69,72.039,14.612,36.98,-49.433,10.261,35.332,-50.95,47.361,-90.036,66.827,-58.273,66.731,-58.984,66.716,-32.359,6.624,-45.735,-28.495,188.099,-105.017,138.182,-86.564,159.488,170.777,325.37,241.123,-33.815,-160.28,-143.647,-40.29,-132.509,72.505,-113.081,26.103,-106.778,54.168,-56.362,170.271,119.592,-197.899,-72.37,-41.961,-0.116,-52.72,117.935,-56.329,98.109,-76.15,82.857,-34.928,49.279,-61.957,31.273,47.06,22.486,43.808,-49.484,78.661,-52.836,57.502,-68.698,52.665,-50.28,55.952,-17.11,-25.289,44.681,-28.175,93.09,-37.593
617,191.39,142.241,293.245,163.321,-57.299,-174.89,-77.085,-65.805,-84.549,78.786,-106.834,13.887,-97.138,70.815,-80.781,107.178,-111.439,127.781,168.096,-183.31,-112.193,29.204,12.641,24.333,15.98,-78.624,116.253,-73.775,72.175,-73.69,72.039,14.612,36.98,-49.433,10.261,35.332,-50.95,47.361,-90.036,66.827,-58.273,66.731,-58.984,66.716,-32.359,6.624,-45.735,-28.495,188.099,-105.017,138.182,-86.564,159.488,170.777,325.37,241.123,-33.815,-160.28,-143.647,-40.29,-132.509,72.505,-113.081,26.103,-106.778,54.168,-56.362,170.271,119.592,-197.899,-72.37,-41.961,-0.116,-52.72,117.935,-56.329,98.109,-76.15,82.857,-34.928,49.279,-61.957,31.273,47.06,22.486,43.808,-49.484,78.661,-52.836,57.502,-68.698,52.665,-50.28,55.952,-17.11,-25.289,44.681,-28.175,93.09,-37.593,113.78
618,142.241,293.245,163.321,-57.299,-174.89,-77.085,-65.805,-84.549,78.786,-106.834,13.887,-97.138,70.815,-80.781,107.178,-111.439,127.781,168.096,-183.31,-112.193,29.204,12.641,24.333,15.98,-78.624,116.253,-73.775,72.175,-73.69,72.039,14.612,36.98,-49.433,10.261,35.332,-50.95,47.361,-90.036,66.827,-58.273,66.731,-58.984,66.716,-32.359,6.624,-45.735,-28.495,188.099,-105.017,138.182,-86.564,159.488,170.777,325.37,241.123,-33.815,-160.28,-143.647,-40.29,-132.509,72.505,-113.081,26.103,-106.778,54.168,-56.362,170.271,119.592,-197.899,-72.37,-41.961,-0.116,-52.72,117.935,-56.329,98.109,-76.15,82.857,-34.928,49.279,-61.957,31.273,47.06,22.486,43.808,-49.484,78.661,-52.836,57.502,-68.698,52.665,-50.28,55.952,-17.11,-25.289,44.681,-28.175,93.09,-37.593,113.78,3.28
619,293.245,163.321,-57.299,-174.89,-77.085,-65.805,-84.549,78.786,-106.834,13.887,-97.138,70.815,-80.781,107.178,-111.439,127.781,168.096,-183.31,-112.193,29.204,12.641,24.333,15.98,-78.624,116.253,-73.775,72.175,-73.69,72.039,14.612,36.98,-49.433,10.261,35.332,-50.95,47.361,-90.036,66.827,-58.273,66.731,-58.984,66.716,-32.359,6.624,-45.735,-28.495,188.099,-105.017,138.182,-86.564,159.488,170.777,325.37,241.123,-33.815,-160.28,-143.647,-40.29,-132.509,72.505,-113.081,26.103,-106.778,54.168,-56.362,170.271,119.592,-197.899,-72.37,-41.961,-0.116,-52.72,117.935,-56.329,98.109,-76.15,82.857,-34.928,49.279,-61.957,31.273,47.06,22.486,43.808,-49.484,78.661,-52.836,57.502,-68.698,52.665,-50.28,55.952,-17.11,-25.289,44.681,-28.175,93.09,-37.593,113.78,3.28,149.267
620,163.321,-57.299,-174.89,-77.085,-65.805,-84.549,78.786,-106.834,13.887,-97.138,70.815,-80.781,107.178,-111.439,127.781,168.096,-183.31,-112.193,29.204,12.641,24.333,15.98,-78.624,116.253,-73.775,72.175,-73.69,72.039,14.612,36.98,-49.433,10.261,35.332,-50.95,47.361,-90.036,66.827,-58.273,66.731,-58.984,66.716,-32.359,6.624,-45.735,-28.495,188.099,-105.017,138.182,-86.564,159.488,170.777,325.37,241.123,-33.815,-160.28,-143.647,-40.29,-132.509,72.505,-113.081,26.103,-106.778,54.168,-56.362,170.271,119.592,-197.899,-72.37,-41.961,-0.116,-52.72,117.935,-56.329,98.109,-76.15,82.857,-34.928,49.279,-61.957,31.273,47.06,22.486,43.808,-49.484,78.661,-52.836,57.502,-68.698,52.665,-50.28,55.952,-17.11,-25.289,44.681,-28.175,93.09,-37.593,113.78,3.28,149.267,-40.043
621,-57.299,-174.89,-77.085,-65.805,-84.549,78.786,-106.834,13.887,-97.138,70.815,-80.781,107.178,-111.439,127.781,168.096,-183.31,-112.193,29.204,12.641,24.333,15.98,-78.624,116.253,-73.775,72.175,-73.69,72.039,14.612,36.98,-49.433,10.261,35.332,-50.95,47.361,-90.036,66.827,-58.273,66.731,-58.984,66.716,-32.359,6.624,-45.735,-28.495,188.099,-105.017,138.182,-86.564,159.488,170.777,325.37,241.123,-33.815,-160.28,-143.647,-40.29,-132.509,72.505,-113.081,26.103,-106.778,54.168,-56.362,170.271,119.592,-197.899,-72.37,-41.961,-0.116,-52.72,117.935,-56.329,98.109,-76.15,82.857,-34.928,49.279,-61.957,31.273,47.06,22.486,43.808,-49.484,78.661,-52.836,57.502,-68.698,52.665,-50.28,55.952,-17.11,-25.289,44.681,-28.175,93.09,-37.593,113.78,3.28,149.267,-40.043,161.311
622,-174.89,-77.085,-65.805,-84.549,78.786,-106.834,13.887,-97.138,70.815,-80.781,107.178,-111.439,127.781,168.096,-183.31,-112.193,29.204,12.641,24.333,15.98,-78.624,116.253,-73.775,72.175,-73.69,72.039,14.612,36.98,-49.433,10.261,35.332,-50.95,47.361,-90.036,66.827,-58.273,66.731,-58.984,66.716,-32.359,6.624,-45.735,-28.495,188.099,-105.017,138.182,-86.564,159.488,170.777,325.37,241.123,-33.815,-160.28,-143.647,-40.29,-132.509,72.505,-113.081,26.103,-106.778,54.168,-56.362,170.271,119.592,-197.899,-72.37,-41.961,-0.116,-52.72,117.935,-56.329,98.109,-76.15,82.857,-34.928,49.279,-61.957,31.273,47.06,22.486,43.808,-49.484,78.661,-52.836,57.502,-68.698,52.665,-50.28,55.952,-17.11,-25.289,44.681,-28.175,93.09,-37.593,113.78,3.28,149.267,-40.043,161.311,132.517
623,-77.085,-65.805,-84.549,78.786,-106.834,13.887,-97.138,70.815,-80.781,107.178,-111.439,127.781,168.096,-183.31,-112.193,29.204,12.641,24.333,15.98,-78.624,116.253,-73.775,72.175,-73.69,72.039,14.612,36.98,-49.433,10.261,35.332,-50.95,47.361,-90.036,66.827,-58.273,66.731,-58.984,66.716,-32.359,6.624,-45.735,-28.495,188.099,-105.017,138.182,-86.564,159.488,170.777,325.37,241.123,-33.815,-160.28,-143.647,-40.29,-132.509,72.505,-113.081,26.103,-106.778,54.168,-56.362,170.271,119.592,-197.899,-72.37,-41.961,-0.116,-52.72,117.935,-56.329,98.109,-76.15,82.857,-34.928,49.279,-61.957,31.273,47.06,22.486,43.808,-49.484,78.661,-52.836,57.502,-68.698,52.665,-50.28,55.952,-17.11,-25.289,44.681,-28.175,93.09,-37.593,113.78,3.28,149.267,-40.043,161.311,132.517,362.078
624,-65.805,-84.549,78.786,-106.834,13.887,-97.138,70.815,-80.781,107.178,-111.439,127.781,168.096,-183.31,-112.193,29.204,12.641,24.333,15.98,-78.624,116.253,-73.775,72.175,-73.69,72.039,14.612,36.98,-49.433,10.261,35.332,-50.95,47.361,-90.036,66.827,-58.273,66.731,-58.984,66.716,-32.359,6.624,-45.735,-28.495,188.099,-105.017,138.182,-86.564,159.488,170.777,325.37,241.123,-33.815,-160.28,-143.647,-40.29,-132.509,72.505,-113.081,26.103,-106.778,54.168,-56.362,170.271,119.592,-197.899,-72.37,-41.961,-0.116,-52.72,117.935,-56.329,98.109,-76.15,82.857,-34.928,49.279,-61.957,31.273,47.06,22.486,43.808,-49.484,78.661,-52.836,57.502,-68.698,52.665,-50.28,55.952,-17.11,-25.289,44.681,-28.175,93.09,-37.593,113.78,3.28,149.267,-40.043,161.311,132.517,362.078,225.952
625,-84.549,78.786,-106.834,13.887,-97.138,70.815,-80.781,107.178,-111.439,127.781,168.096,-183.31,-112.193,29.204,12.641,24.333,15.98,-78.624,116.253,-73.775,72.175,-73.69,72.039,14.612,36.98,-49.433,10.261,35.332,-50.95,47.361,-90.036,66.827,-58.273,66.731,-58.984,66.716,-32.359,6.624,-45.735,-28.495,188.099,-105.017,138.182,-86.564,159.488,170.777,325.37,241.123,-33.815,-160.28,-143.647,-40.29,-132.509,72.505,-113.081,26.103,-106.778,54.168,-56.362,170.271,119.592,-197.899,-72.37,-41.961,-0.116,-52.72,117.935,-56.329,98.109,-76.15,82.857,-34.928,49.279,-61.957,31.273,47.06,22.486,43.808,-49.484,78.661,-52.836,57.502,-68.698,52.665,-50.28,55.952,-17.11,-25.289,44.681,-28.175,93.09,-37.593,113.78,3.28,149.267,-40.043,161.311,132.517,362.078,225.952,82.348
626,78.786,-106.834,13.887,-97.138,70.815,-80.781,107.178,-111.439,127.781,168.096,-183.31,-112.193,29.204,12.641,24.333,15.98,-78.624,116.253,-73.775,72.175,-73.69,72.039,14.612,36.98,-49.433,10.261,35.332,-50.95,47.361,-90.036,66.827,-58.273,66.731,-58.984,66.716,-32.359,6.624,-45.735,-28.495,188.099,-105.017,138.182,-86.564,159.488,170.777,325.37,241.123,-33.815,-160.28,-143.647,-40.29,-132.509,72.505,-113.081,26.103,-106.778,54.168,-56.362,170.271,119.592,-197.899,-72.37,-41.961,-0.116,-52.72,117.935,-56.329,98.109,-76.15,82.857,-34.928,49.279,-61.957,31.273,47.06,22.486,43.808,-49.484,78.661,-52.836,57.502,-68.698,52.665,-50.28,55.952,-17.11,-25.289,44.681,-28.175,93.09,-37.593,113.78,3.28,149.267,-40.043,161.311,132.517,362.078,225.952,82.348,-97.042
627,-106.834,13.887,-97.138,70.815,-80.781,107.178,-111.439,127.781,168.096,-183.31,-112.193,29.204,12.641,24.333,15.98,-78.624,116.253,-73.775,72.175,-73.69,72.039,14.612,36.98,-49.433,10.261,35.332,-50.95,47.361,-90.036,66.827,-58.273,66.731,-58.984,66.716,-32.359,6.624,-45.735,-28.495,188.099,-105.017,138.182,-86.564,159.488,170.777,325.37,241.123,-33.815,-160.28,-143.647,-40.29,-132.509,72.505,-113.081,26.103,-106.778,54.168,-56.362,170.271,119.592,-197.899,-72.37,-41.961,-0.116,-52.72,117.935,-56.329,98.109,-76.15,82.857,-34.928,49.279,-61.957,31.273,47.06,22.486,43.808,-49.484,78.661,-52.836,57.502,-68.698,52.665,-50.28,55.952,-17.11,-25.289,44.681,-28.175,93.09,-37.593,113.78,3.28,149.267,-40.043,161.311,132.517,362.078,225.952,82.348,-97.042,366.25
628,13.887,-97.138,70.815,-80.781,107.178,-111.439,127.781,168.096,-183.31,-112.193,29.204,12.641,24.333,15.98,-78.624,116.253,-73.775,72.175,-73.69,72.039,14.612,36.98,-49.433,10.261,35.332,-50.95,47.361,-90.036,66.827,-58.273,66.731,-58.984,66.716,-32.359,6.624,-45.735,-28.495,188.099,-105.017,138.182,-86.564,159.488,170.777,325.37,241.123,-33.815,-160.28,-143.647,-40.29,-132.509,72.505,-113.081,26.103,-106.778,54.168,-56.362,170.271,119.592,-197.899,-72.37,-41.961,-0.116,-52.72,117.935,-56.329,98.109,-76.15,82.857,-34.928,49.279,-61.957,31.273,47.06,22.486,43.808,-49.484,78.661,-52.836,57.502,-68.698,52.665,-50.28,55.952,-17.11,-25.289,44.681,-28.175,93.09,-37.593,113.78,3.28,149.267,-40.043,161.311,132.517,362.078,225.952,82.348,-97.042,366.25,-539.295
629,-97.138,70.815,-80.781,107.178,-111.439,127.781,168.096,-183.31,-112.193,29.204,12.641,24.333,15.98,-78.624,116.253,-73.775,72.175,-73.69,72.039,14.612,36.98,-49.433,10.261,35.332,-50.95,47.361,-90.036,66.827,-58.273,66.731,-58.984,66.716,-32.359,6.624,-45.735,-28.495,188.099,-105.017,138.182,-86.564,159.488,170.777,325.37,241.123,-33.815,-160.28,-143.647,-40.29,-132.509,72.505,-113.081,26.103,-106.778,54.168,-56.362,170.271,119.592,-197.899,-72.37,-41.961,-0.116,-52.72,117.935,-56.329,98.109,-76.15,82.857,-34.928,49.279,-61.957,31.273,47.06,22.486,43.808,-49.484,78.661,-52.836,57.502,-68.698,52.665,-50.28,55.952,-17.11,-25.289,44.681,-28.175,93.09,-37.593,113.78,3.28,149.267,-40.043,161.311,132.517,362.078,225.952,82.348,-97.042,366.25,-539.295,-33.649
630,70.815,-80.781,107.178,-111.439,127.781,168.096,-183.31,-112.193,29.204,12.641,24.333,15.98,-78.624,116.253,-73.775,72.175,-73.69,72.039,14.612,36.98,-49.433,10.261,35.332,-50.95,47.361,-90.036,66.827,-58.273,66.731,-58.984,66.716,-32.359,6.624,-45.735,-28.495,188.099,-105.017,138.182,-86.564,159.488,170.777,325.37,241.123,-33.815,-160.28,-143.647,-40.29,-132.509,72.505,-113.081,26.103,-106.778,54.168,-56.362,170.271,119.592,-197.899,-72.37,-41.961,-0.116,-52.72,117.935,-56.329,98.109,-76.15,82.857,-34.928,49.279,-61.957,31.273,47.06,22.486,43.808,-49.484,78.661,-52.836,57.502,-68.698,52.665,-50.28,55.952,-17.11,-25.289,44.681,-28.175,93.09,-37.593,113.78,3.28,149.267,-40.043,161.311,132.517,362.078,225.952,82.348,-97.042,366.25,-539.295,-33.649,-116.627
631,-80.781,107.178,-111.439,127.781,168.096,-183.31,-112.193,29.204,12.641,24.333,15.98,-78.624,116.253,-73.775,72.175,-73.69,72.039,14.612,36.98,-49.433,10.261,35.332,-50.95,47.361,-90.036,66.827,-58.273,66.731,-58.984,66.716,-32.359,6.624,-45.735,-28.495,188.099,-105.017,138.182,-86.564,159.488,170.777,325.37,241.123,-33.815,-160.28,-143.647,-40.29,-132.509,72.505,-113.081,26.103,-106.778,54.168,-56.362,170.271,119.592,-197.899,-72.37,-41.961,-0.116,-52.72,117.935,-56.329,98.109,-76.15,82.857,-34.928,49.279,-61.957,31.273,47.06,22.486,43.808,-49.484,78.661,-52.836,57.502,-68.698,52.665,-50.28,55.952,-17.11,-25.289,44.681,-28.175,93.09,-37.593,113.78,3.28,149.267,-40.043,161.311,132.517,362.078,225.952,82.348,-97.042,366.25,-539.295,-33.649,-116.627,94.516
632,107.178,-111.439,127.781,168.096,-183.31,-112.193,29.204,12.641,24.333,15.98,-78.624,116.253,-73.775,72.175,-73.69,72.039,14.612,36.98,-49.433,10.261,35.332,-50.95,47.361,-90.036,66.827,-58.273,66.731,-58.984,66.716,-32.359,6.624,-45.735,-28.495,188.099,-105.017,138.182,-86.564,159.488,170.777,325.37,241.123,-33.815,-160.28,-143.647,-40.29,-132.509,72.505,-113.081,26.103,-106.778,54.168,-56.362,170.271,119.592,-197.899,-72.37,-41.961,-0.116,-52.72,117.935,-56.329,98.109,-76.15,82.857,-34.928,49.279,-61.957,31.273,47.06,22.486,43.808,-49.484,78.661,-52.836,57.502,-68.698,52.665,-50.28,55.952,-17.11,-25.289,44.681,-28.175,93.09,-37.593,113.78,3.28,149.267,-40.043,161.311,132.517,362.078,225.952,82.348,-97.042,366.25,-539.295,-33.649,-116.627,94.516,-108.992
633,-111.439,127.781,168.096,-183.31,-112.193,29.204,12.641,24.333,15.98,-78.624,116.253,-73.775,72.175,-73.69,72.039,14.612,36.98,-49.433,10.261,35.332,-50.95,47.361,-90.036,66.827,-58.273,66.731,-58.984,66.716,-32.359,6.624,-45.735,-28.495,188.099,-105.017,138.182,-86.564,159.488,170.777,325.37,241.123,-33.815,-160.28,-143.647,-40.29,-132.509,72.505,-113.081,26.103,-106.778,54.168,-56.362,170.271,119.592,-197.899,-72.37,-41.961,-0.116,-52.72,117.935,-56.329,98.109,-76.15,82.857,-34.928,49.279,-61.957,31.273,47.06,22.486,43.808,-49.484,78.661,-52.836,57.502,-68.698,52.665,-50.28,55.952,-17.11,-25.289,44.681,-28.175,93.09,-37.593,113.78,3.28,149.267,-40.043,161.311,132.517,362.078,225.952,82.348,-97.042,366.25,-539.295,-33.649,-116.627,94.516,-108.992,7.302
634,127.781,168.096,-183.31,-112.193,29.204,12.641,24.333,15.98,-78.624,116.253,-73.775,72.175,-73.69,72.039,14.612,36.98,-49.433,10.261,35.332,-50.95,47.361,-90.036,66.827,-58.273,66.731,-58.984,66.716,-32.359,6.624,-45.735,-28.495,188.099,-105.017,138.182,-86.564,159.488,170.777,325.37,241.123,-33.815,-160.28,-143.647,-40.29,-132.509,72.505,-113.081,26.103,-106.778,54.168,-56.362,170.271,119.592,-197.899,-72.37,-41.961,-0.116,-52.72,117.935,-56.329,98.109,-76.15,82.857,-34.928,49.279,-61.957,31.273,47.06,22.486,43.808,-49.484,78.661,-52.836,57.502,-68.698,52.665,-50.28,55.952,-17.11,-25.289,44.681,-28.175,93.09,-37.593,113.78,3.28,149.267,-40.043,161.311,132.517,362.078,225.952,82.348,-97.042,366.25,-539.295,-33.649,-116.627,94.516,-108.992,7.302,-87.211
635,168.096,-183.31,-112.193,29.204,12.641,24.333,15.98,-78.624,116.253,-73.775,72.175,-73.69,72.039,14.612,36.98,-49.433,10.261,35.332,-50.95,47.361,-90.036,66.827,-58.273,66.731,-58.984,66.716,-32.359,6.624,-45.735,-28.495,188.099,-105.017,138.182,-86.564,159.488,170.777,325.37,241.123,-33.815,-160.28,-143.647,-40.29,-132.509,72.505,-113.081,26.103,-106.778,54.168,-56.362,170.271,119.592,-197.899,-72.37,-41.961,-0.116,-52.72,117.935,-56.329,98.109,-76.15,82.857,-34.928,49.279,-61.957,31.273,47.06,22.486,43.808,-49.484,78.661,-52.836,57.502,-68.698,52.665,-50.28,55.952,-17.11,-25.289,44.681,-28.175,93.09,-37.593,113.78,3.28,149.267,-40.043,161.311,132.517,362.078,225.952,82.348,-97.042,366.25,-539.295,-33.649,-116.627,94.516,-108.992,7.302,-87.211,53.328
636,-183.31,-112.193,29.204,12.641,24.333,15.98,-78.624,116.253,-73.775,72.175,-73.69,72.039,14.612,36.98,-49.433,10.261,35.332,-50.95,47.361,-90.036,66.827,-58.273,66.731,-58.984,66.716,-32.359,6.624,-45.735,-28.495,188.099,-105.017,138.182,-86.564,159.488,170.777,325.37,241.123,-33.815,-160.28,-143.647,-40.29,-132.509,72.505,-113.081,26.103,-106.778,54.168,-56.362,170.271,119.592,-197.899,-72.37,-41.961,-0.116,-52.72,117.935,-56.329,98.109,-76.15,82.857,-34.928,49.279,-61.957,31.273,47.06,22.486,43.808,-49.484,78.661,-52.836,57.502,-68.698,52.665,-50.28,55.952,-17.11,-25.289,44.681,-28.175,93.09,-37.593,113.78,3.28,149.267,-40.043,161.311,132.517,362.078,225.952,82.348,-97.042,366.25,-539.295,-33.649,-116.627,94.516,-108.992,7.302,-87.211,53.328,-54.767
637,-112.193,29.204,12.641,24.333,15.98,-78.624,116.253,-73.775,72.175,-73.69,72.039,14.612,36.98,-49.433,10.261,35.332,-50.95,47.361,-90.036,66.827,-58.273,66.731,-58.984,66.716,-32.359,6.624,-45.735,-28.495,188.099,-105.017,138.182,-86.564,159.488,170.777,325.37,241.123,-33.815,-160.28,-143.647,-40.29,-132.509,72.505,-113.081,26.103,-106.778,54.168,-56.362,170.271,119.592,-197.899,-72.37,-41.961,-0.116,-52.72,117.935,-56.329,98.109,-76.15,82.857,-34.928,49.279,-61.957,31.273,47.06,22.486,43.808,-49.484,78.661,-52.836,57.502,-68.698,52.665,-50.28,55.952,-17.11,-25.289,44.681,-28.175,93.09,-37.593,113.78,3.28,149.267,-40.043,161.311,132.517,362.078,225.952,82.348,-97.042,366.25,-539.295,-33.649,-116.627,94.516,-108.992,7.302,-87.211,53.328,-54.767,83.498
638,29.204,12.641,24.333,15.98,-78.624,116.253,-73.775,72.175,-73.69,72.039,14.612,36.98,-49.433,10.261,35.332,-50.95,47.361,-90.036,66.827,-58.273,66.731,-58.984,66.716,-32.359,6.624,-45.735,-28.495,188.099,-105.017,138.182,-86.564,159.488,170.777,325.37,241.123,-33.815,-160.28,-143.647,-40.29,-132.509,72.505,-113.081,26.103,-106.778,54.168,-56.362,170.271,119.592,-197.899,-72.37,-41.961,-0.116,-52.72,117.935,-56.329,98.109,-76.15,82.857,-34.928,49.279,-61.957,31.273,47.06,22.486,43.808,-49.484,78.661,-52.836,57.502,-68.698,52.665,-50.28,55.952,-17.11,-25.289,44.681,-28.175,93.09,-37.593,113.78,3.28,149.267,-40.043,161.311,132.517,362.078,225.952,82.348,-97.042,366.25,-539.295,-33.649,-116.627,94.516,-108.992,7.302,-87.211,53.328,-54.767,83.498,-83.158
639,12.641,24.333,15.98,-78.624,116.253,-73.775,72.175,-73.69,72.039,14.612,36.98,-49.433,10.261,35.332,-50.95,47.361,-90.036,66.827,-58.273,66.731,-58.984,66.716,-32.359,6.624,-45.735,-28.495,188.099,-105.017,138.182,-86.564,159.488,170.777,325.37,241.123,-33.815,-160.28,-143.647,-40.29,-132.509,72.505,-113.081,26.103,-106.778,54.168,-56.362,170.271,119.592,-197.899,-72.37,-41.961,-0.116,-52.72,117.935,-56.329,98.109,-76.15,82.857,-34.928,49.279,-61.957,31.273,47.06,22.486,43.808,-49.484,78.661,-52.836,57.502,-68.698,52.665,-50.28,55.952,-17.11,-25.289,44.681,-28.175,93.09,-37.593,113.78,3.28,149.267,-40.043,161.311,132.517,362.078,225.952,82.348,-97.042,366.25,-539.295,-33.649,-116.627,94.516,-108.992,7.302,-87.211,53.328,-54.767,83.498,-83.158,-2.848
640,24.333,15.98,-78.624,116.253,-73.775,72.175,-73.69,72.039,14.612,36.98,-49.433,10.261,35.332,-50.95,47.361,-90.036,66.827,-58.273,66.731,-58.984,66.716,-32.359,6.624,-45.735,-28.495,188.099,-105.017,138.182,-86.564,159.488,170.777,325.37,241.123,-33.815,-160.28,-143.647,-40.29,-132.509,72.505,-113.081,26.103,-106.778,54.168,-56.362,170.271,119.592,-197.899,-72.37,-41.961,-0.116,-52.72,117.935,-56.329,98.109,-76.15,82.857,-34.928,49.279,-61.957,31.273,47.06,22.486,43.808,-49.484,78.661,-52.836,57.502,-68.698,52.665,-50.28,55.952,-17.11,-25.289,44.681,-28.175,93.09,-37.593,113.78,3.28,149.267,-40.043,161.311,132.517,362.078,225.952,82.348,-97.042,366.25,-539.295,-33.649,-116.627,94.516,-108.992,7.302,-87.211,53.328,-54.767,83.498,-83.158,-2.848,106.76
641,15.98,-78.624,116.253,-73.775,72.175,-73.69,72.039,14.612,36.98,-49.433,10.261,35.332,-50.95,47.361,-90.036,66.827,-58.273,66.731,-58.984,66.716,-32.359,6.624,-45.735,-28.495,188.099,-105.017,138.182,-86.564,159.488,170.777,325.37,241.123,-33.815,-160.28,-143.647,-40.29,-132.509,72.505,-113.081,26.103,-106.778,54.168,-56.362,170.271,119.592,-197.899,-72.37,-41.961,-0.116,-52.72,117.935,-56.329,98.109,-76.15,82.857,-34.928,49.279,-61.957,31.273,47.06,22.486,43.808,-49.484,78.661,-52.836,57.502,-68.698,52.665,-50.28,55.952,-17.11,-25.289,44.681,-28.175,93.09,-37.593,113.78,3.28,149.267,-40.043,161.311,132.517,362.078,225.952,82.348,-97.042,366.25,-539.295,-33.649,-116.627,94.516,-108.992,7.302,-87.211,53.328,-54.767,83.498,-83.158,-2.848,106.76,87.11
642,-78.624,116.253,-73.775,72.175,-73.69,72.039,14.612,36.98,-49.433,10.261,35.332,-50.95,47.361,-90.036,66.827,-58.273,66.731,-58.984,66.716,-32.359,6.624,-45.735,-28.495,188.099,-105.017,138.182,-86.564,159.488,170.777,325.37,241.123,-33.815,-160.28,-143.647,-40.29,-132.509,72.505,-113.081,26.103,-106.778,54.168,-56.362,170.271,119.592,-197.899,-72.37,-41.961,-0.116,-52.72,117.935,-56.329,98.109,-76.15,82.857,-34.928,49.279,-61.957,31.273,47.06,22.486,43.808,-49.484,78.661,-52.836,57.502,-68.698,52.665,-50.28,55.952,-17.11,-25.289,44.681,-28.175,93.09,-37.593,113.78,3.28,149.267,-40.043,161.311,132.517,362.078,225.952,82.348,-97.042,366.25,-539.295,-33.649,-116.627,94.516,-108.992,7.302,-87.211,53.328,-54.767,83.498,-83.158,-2.848,106.76,87.11,-149.574
643,116.253,-73.775,72.175,-73.69,72.039,14.612,36.98,-49.433,10.261,35.332,-50.95,47.361,-90.036,66.827,-58.273,66.731,-58.984,66.716,-32.359,6.624,-45.735,-28.495,188.099,-105.017,138.182,-86.564,159.488,170.777,325.37,241.123,-33.815,-160.28,-143.647,-40.29,-132.509,72.505,-113.081,26.103,-106.778,54.168,-56.362,170.271,119.592,-197.899,-72.37,-41.961,-0.116,-52.72,117.935,-56.329,98.109,-76.15,82.857,-34.928,49.279,-61.957,31.273,47.06,22.486,43.808,-49.484,78.661,-52.836,57.502,-68.698,52.665,-50.28,55.952,-17.11,-25.289,44.681,-28.175,93.09,-37.593,113.78,3.28,149.267,-40.043,161.311,132.517,362.078,225.952,82.348,-97.042,366.25,-539.295,-33.649,-116.627,94.516,-108.992,7.302,-87.211,53.328,-54.767,83.498,-83.158,-2.848,106.76,87.11,-149.574,-131.905
644,-73.775,72.175,-73.69,72.039,14.612,36.98,-49.433,10.261,35.332,-50.95,47.361,-90.036,66.827,-58.273,66.731,-58.984,66.716,-32.359,6.624,-45.735,-28.495,188.099,-105.017,138.182,-86.564,159.488,170.777,325.37,241.123,-33.815,-160.28,-143.647,-40.29,-132.509,72.505,-113.081,26.103,-106.778,54.168,-56.362,170.271,119.592,-197.899,-72.37,-41.961,-0.116,-52.72,117.935,-56.329,98.109,-76.15,82.857,-34.928,49.279,-61.957,31.273,47.06,22.486,43.808,-49.484,78.661,-52.836,57.502,-68.698,52.665,-50.28,55.952,-17.11,-25.289,44.681,-28.175,93.09,-37.593,113.78,3.28,149.267,-40.043,161.311,132.517,362.078,225.952,82.348,-97.042,366.25,-539.295,-33.649,-116.627,94.516,-108.992,7.302,-87.211,53.328,-54.767,83.498,-83.158,-2.848,106.76,87.11,-149.574,-131.905,125.891
645,72.175,-73.69,72.039,14.612,36.98,-49.433,10.261,35.332,-50.95,47.361,-90.036,66.827,-58.273,66.731,-58.984,66.716,-32.359,6.624,-45.735,-28.495,188.099,-105.017,138.182,-86.564,159.488,170.777,325.37,241.123,-33.815,-160.28,-143.647,-40.29,-132.509,72.505,-113.081,26.103,-106.778,54.168,-56.362,170.271,119.592,-197.899,-72.37,-41.961,-0.116,-52.72,117.935,-56.329,98.109,-76.15,82.857,-34.928,49.279,-61.957,31.273,47.06,22.486,43.808,-49.484,78.661,-52.836,57.502,-68.698,52.665,-50.28,55.952,-17.11,-25.289,44.681,-28.175,93.09,-37.593,113.78,3.28,149.267,-40.043,161.311,132.517,362.078,225.952,82.348,-97.042,366.25,-539.295,-33.649,-116.627,94.516,-108.992,7.302,-87.211,53.328,-54.767,83.498,-83.158,-2.848,106.76,87.11,-149.574,-131.905,125.891,-52.736
646,-73.69,72.039,14.612,36.98,-49.433,10.261,35.332,-50.95,47.361,-90.036,66.827,-58.273,66.731,-58.984,66.716,-32.359,6.624,-45.735,-28.495,188.099,-105.017,138.182,-86.564,159.488,170.777,325.37,241.123,-33.815,-160.28,-143.647,-40.29,-132.509,72.505,-113.081,26.103,-106.778,54.168,-56.362,170.271,119.592,-197.899,-72.37,-41.961,-0.116,-52.72,117.935,-56.329,98.109,-76.15,82.857,-34.928,49.279,-61.957,31.273,47.06,22.486,43.808,-49.484,78.661,-52.836,57.502,-68.698,52.665,-50.28,55.952,-17.11,-25.289,44.681,-28.175,93.09,-37.593,113.78,3.28,149.267,-40.043,161.311,132.517,362.078,225.952,82.348,-97.042,366.25,-539.295,-33.649,-116.627,94.516,-108.992,7.302,-87.211,53.328,-54.767,83.498,-83.158,-2.848,106.76,87.11,-149.574,-131.905,125.891,-52.736,61.945
647,72.039,14.612,36.98,-49.433,10.261,35.332,-50.95,47.361,-90.036,66.827,-58.273,66.731,-58.984,66.716,-32.359,6.624,-45.735,-28.495,188.099,-105.017,138.182,-86.564,159.488,170.777,325.37,241.123,-33.815,-160.28,-143.647,-40.29,-132.509,72.505,-113.081,26.103,-106.778,54.168,-56.362,170.271,119.592,-197.899,-72.37,-41.961,-0.116,-52.72,117.935,-56.329,98.109,-76.15,82.857,-34.928,49.279,-61.957,31.273,47.06,22.486,43.808,-49.484,78.661,-52.836,57.502,-68.698,52.665,-50.28,55.952,-17.11,-25.289,44.681,-28.175,93.09,-37.593,113.78,3.28,149.267,-40.043,161.311,132.517,362.078,225.952,82.348,-97.042,366.25,-539.295,-33.649,-116.627,94.516,-108.992,7.302,-87.211,53.328,-54.767,83.498,-83.158,-2.848,106.76,87.11,-149.574,-131.905,125.891,-52.736,61.945,-62.049
648,14.612,36.98,-49.433,10.261,35.332,-50.95,47.361,-90.036,66.827,-58.273,66.731,-58.984,66.716,-32.359,6.624,-45.735,-28.495,188.099,-105.017,138.182,-86.564,159.488,170.777,325.37,241.123,-33.815,-160.28,-143.647,-40.29,-132.509,72.505,-113.081,26.103,-106.778,54.168,-56.362,170.271,119.592,-197.899,-72.37,-41.961,-0.116,-52.72,117.935,-56.329,98.109,-76.15,82.857,-34.928,49.279,-61.957,31.273,47.06,22.486,43.808,-49.484,78.661,-52.836,57.502,-68.698,52.665,-50.28,55.952,-17.11,-25.289,44.681,-28.175,93.09,-37.593,113.78,3.28,149.267,-40.043,161.311,132.517,362.078,225.952,82.348,-97.042,366.25,-539.295,-33.649,-116.627,94.516,-108.992,7.302,-87.211,53.328,-54.767,83.498,-83.158,-2.848,106.76,87.11,-149.574,-131.905,125.891,-52.736,61.945,-62.049,45.589
649,36.98,-49.433,10.261,35.332,-50.95,47.361,-90.036,66.827,-58.273,66.731,-58.984,66.716,-32.359,6.624,-45.735,-28.495,188.099,-105.017,138.182,-86.564,159.488,170.777,325.37,241.123,-33.815,-160.28,-143.647,-40.29,-132.509,72.505,-113.081,26.103,-106.778,54.168,-56.362,170.271,119.592,-197.899,-72.37,-41.961,-0.116,-52.72,117.935,-56.329,98.109,-76.15,82.857,-34.928,49.279,-61.957,31.273,47.06,22.486,43.808,-49.484,78.661,-52.836,57.502,-68.698,52.665,-50.28,55.952,-17.11,-25.289,44.681,-28.175,93.09,-37.593,113.78,3.28,149.267,-40.043,161.311,132.517,362.078,225.952,82.348,-97.042,366.25,-539.295,-33.649,-116.627,94.516,-108.992,7.302,-87.211,53.328,-54.767,83.498,-83.158,-2.848,106.76,87.11,-149.574,-131.905,125.891,-52.736,61.945,-62.049,45.589,-31.148
650,-49.433,10.261,35.332,-50.95,47.361,-90.036,66.827,-58.273,66.731,-58.984,66.716,-32.359,6.624,-45.735,-28.495,188.099,-105.017,138.182,-86.564,159.488,170.777,325.37,241.123,-33.815,-160.28,-143.647,-40.29,-132.509,72.505,-113.081,26.103,-106.778,54.168,-56.362,170.271,119.592,-197.899,-72.37,-41.961,-0.116,-52.72,117.935,-56.329,98.109,-76.15,82.857,-34.928,49.279,-61.957,31.273,47.06,22.486,43.808,-49.484,78.661,-52.836,57.502,-68.698,52.665,-50.28,55.952,-17.11,-25.289,44.681,-28.175,93.09,-37.593,113.78,3.28,149.267,-40.043,161.311,132.517,362.078,225.952,82.348,-97.042,366.25,-539.295,-33.649,-116.627,94.516,-108.992,7.302,-87.211,53.328,-54.767,83.498,-83.158,-2.848,106.76,87.11,-149.574,-131.905,125.891,-52.736,61.945,-62.049,45.589,-31.148,24.81
651,10.261,35.332,-50.95,47.361,-90.036,66.827,-58.273,66.731,-58.984,66.716,-32.359,6.624,-45.735,-28.495,188.099,-105.017,138.182,-86.564,159.488,170.777,325.37,241.123,-33.815,-160.28,-143.647,-40.29,-132.509,72.505,-113.081,26.103,-106.778,54.168,-56.362,170.271,119.592,-197.899,-72.37,-41.961,-0.116,-52.72,117.935,-56.329,98.109,-76.15,82.857,-34.928,49.279,-61.957,31.273,47.06,22.486,43.808,-49.484,78.661,-52.836,57.502,-68.698,52.665,-50.28,55.952,-17.11,-25.289,44.681,-28.175,93.09,-37.593,113.78,3.28,149.267,-40.043,161.311,132.517,362.078,225.952,82.348,-97.042,366.25,-539.295,-33.649,-116.627,94.516,-108.992,7.302,-87.211,53.328,-54.767,83.498,-83.158,-2.848,106.76,87.11,-149.574,-131.905,125.891,-52.736,61.945,-62.049,45.589,-31.148,24.81,-42.833
652,35.332,-50.95,47.361,-90.036,66.827,-58.273,66.731,-58.984,66.716,-32.359,6.624,-45.735,-28.495,188.099,-105.017,138.182,-86.564,159.488,170.777,325.37,241.123,-33.815,-160.28,-143.647,-40.29,-132.509,72.505,-113.081,26.103,-106.778,54.168,-56.362,170.271,119.592,-197.899,-72.37,-41.961,-0.116,-52.72,117.935,-56.329,98.109,-76.15,82.857,-34.928,49.279,-61.957,31.273,47.06,22.486,43.808,-49.484,78.661,-52.836,57.502,-68.698,52.665,-50.28,55.952,-17.11,-25.289,44.681,-28.175,93.09,-37.593,113.78,3.28,149.267,-40.043,161.311,132.517,362.078,225.952,82.348,-97.042,366.25,-539.295,-33.649,-116.627,94.516,-108.992,7.302,-87.211,53.328,-54.767,83.498,-83.158,-2.848,106.76,87.11,-149.574,-131.905,125.891,-52.736,61.945,-62.049,45.589,-31.148,24.81,-42.833,-9.836
653,-50.95,47.361,-90.036,66.827,-58.273,66.731,-58.984,66.716,-32.359,6.624,-45.735,-28.495,188.099,-105.017,138.182,-86.564,159.488,170.777,325.37,241.123,-33.815,-160.28,-143.647,-40.29,-132.509,72.505,-113.081,26.103,-106.778,54.168,-56.362,170.271,119.592,-197.899,-72.37,-41.961,-0.116,-52.72,117.935,-56.329,98.109,-76.15,82.857,-34.928,49.279,-61.957,31.273,47.06,22.486,43.808,-49.484,78.661,-52.836,57.502,-68.698,52.665,-50.28,55.952,-17.11,-25.289,44.681,-28.175,93.09,-37.593,113.78,3.28,149.267,-40.043,161.311,132.517,362.078,225.952,82.348,-97.042,366.25,-539.295,-33.649,-116.627,94.516,-108.992,7.302,-87.211,53.328,-54.767,83.498,-83.158,-2.848,106.76,87.11,-149.574,-131.905,125.891,-52.736,61.945,-62.049,45.589,-31.148,24.81,-42.833,-9.836,64.53
654,47.361,-90.036,66.827,-58.273,66.731,-58.984,66.716,-32.359,6.624,-45.735,-28.495,188.099,-105.017,138.182,-86.564,159.488,170.777,325.37,241.123,-33.815,-160.28,-143.647,-40.29,-132.509,72.505,-113.081,26.103,-106.778,54.168,-56.362,170.271,119.592,-197.899,-72.37,-41.961,-0.116,-52.72,117.935,-56.329,98.109,-76.15,82.857,-34.928,49.279,-61.957,31.273,47.06,22.486,43.808,-49.484,78.661,-52.836,57.502,-68.698,52.665,-50.28,55.952,-17.11,-25.289,44.681,-28.175,93.09,-37.593,113.78,3.28,149.267,-40.043,161.311,132.517,362.078,225.952,82.348,-97.042,366.25,-539.295,-33.649,-116.627,94.516,-108.992,7.302,-87.211,53.328,-54.767,83.498,-83.158,-2.848,106.76,87.11,-149.574,-131.905,125.891,-52.736,61.945,-62.049,45.589,-31.148,24.81,-42.833,-9.836,64.53,-5.22
655,-90.036,66.827,-58.273,66.731,-58.984,66.716,-32.359,6.624,-45.735,-28.495,188.099,-105.017,138.182,-86.564,159.488,170.777,325.37,241.123,-33.815,-160.28,-143.647,-40.29,-132.509,72.505,-113.081,26.103,-106.778,54.168,-56.362,170.271,119.592,-197.899,-72.37,-41.961,-0.116,-52.72,117.935,-56.329,98.109,-76.15,82.857,-34.928,49.279,-61.957,31.273,47.06,22.486,43.808,-49.484,78.661,-52.836,57.502,-68.698,52.665,-50.28,55.952,-17.11,-25.289,44.681,-28.175,93.09,-37.593,113.78,3.28,149.267,-40.043,161.311,132.517,362.078,225.952,82.348,-97.042,366.25,-539.295,-33.649,-116.627,94.516,-108.992,7.302,-87.211,53.328,-54.767,83.498,-83.158,-2.848,106.76,87.11,-149.574,-131.905,125.891,-52.736,61.945,-62.049,45.589,-31.148,24.81,-42.833,-9.836,64.53,-5.22,56.094
656,66.827,-58.273,66.731,-58.984,66.716,-32.359,6.624,-45.735,-28.495,188.099,-105.017,138.182,-86.564,159.488,170.777,325.37,241.123,-33.815,-160.28,-143.647,-40.29,-132.509,72.505,-113.081,26.103,-106.778,54.168,-56.362,170.271,119.592,-197.899,-72.37,-41.961,-0.116,-52.72,117.935,-56.329,98.109,-76.15,82.857,-34.928,49.279,-61.957,31.273,47.06,22.486,43.808,-49.484,78.661,-52.836,57.502,-68.698,52.665,-50.28,55.952,-17.11,-25.289,44.681,-28.175,93.09,-37.593,113.78,3.28,149.267,-40.043,161.311,132.517,362.078,225.952,82.348,-97.042,366.25,-539.295,-33.649,-116.627,94.516,-108.992,7.302,-87.211,53.328,-54.767,83.498,-83.158,-2.848,106.76,87.11,-149.574,-131.905,125.891,-52.736,61.945,-62.049,45.589,-31.148,24.81,-42.833,-9.836,64.53,-5.22,56.094,-75.43
657,-58.273,66.731,-58.984,66.716,-32.359,6.624,-45.735,-28.495,188.099,-105.017,138.182,-86.564,159.488,170.777,325.37,241.123,-33.815,-160.28,-143.647,-40.29,-132.509,72.505,-113.081,26.103,-106.778,54.168,-56.362,170.271,119.592,-197.899,-72.37,-41.961,-0.116,-52.72,117.935,-56.329,98.109,-76.15,82.857,-34.928,49.279,-61.957,31.273,47.06,22.486,43.808,-49.484,78.661,-52.836,57.502,-68.698,52.665,-50.28,55.952,-17.11,-25.289,44.681,-28.175,93.09,-37.593,113.78,3.28,149.267,-40.043,161.311,132.517,362.078,225.952,82.348,-97.042,366.25,-539.295,-33.649,-116.627,94.516,-108.992,7.302,-87.211,53.328,-54.767,83.498,-83.158,-2.848,106.76,87.11,-149.574,-131.905,125.891,-52.736,61.945,-62.049,45.589,-31.148,24.81,-42.833,-9.836,64.53,-5.22,56.094,-75.43,63.582
658,66.731,-58.984,66.716,-32.359,6.624,-45.735,-28.495,188.099,-105.017,138.182,-86.564,159.488,170.777,325.37,241.123,-33.815,-160.28,-143.647,-40.29,-132.509,72.505,-113.081,26.103,-106.778,54.168,-56.362,170.271,119.592,-197.899,-72.37,-41.961,-0.116,-52.72,117.935,-56.329,98.109,-76.15,82.857,-34.928,49.279,-61.957,31.273,47.06,22.486,43.808,-49.484,78.661,-52.836,57.502,-68.698,52.665,-50.28,55.952,-17.11,-25.289,44.681,-28.175,93.09,-37.593,113.78,3.28,149.267,-40.043,161.311,132.517,362.078,225.952,82.348,-97.042,366.25,-539.295,-33.649,-116.627,94.516,-108.992,7.302,-87.211,53.328,-54.767,83.498,-83.158,-2.848,106.76,87.11,-149.574,-131.905,125.891,-52.736,61.945,-62.049,45.589,-31.148,24.81,-42.833,-9.836,64.53,-5.22,56.094,-75.43,63.582,-66.978
659,-58.984,66.716,-32.359,6.624,-45.735,-28.495,188.099,-105.017,138.182,-86.564,159.488,170.777,325.37,241.123,-33.815,-160.28,-143.647,-40.29,-132.509,72.505,-113.081,26.103,-106.778,54.168,-56.362,170.271,119.592,-197.899,-72.37,-41.961,-0.116,-52.72,117.935,-56.329,98.109,-76.15,82.857,-34.928,49.279,-61.957,31.273,47.06,22.486,43.808,-49.484,78.661,-52.836,57.502,-68.698,52.665,-50.28,55.952,-17.11,-25.289,44.681,-28.175,93.09,-37.593,113.78,3.28,149.267,-40.043,161.311,132.517,362.078,225.952,82.348,-97.042,366.25,-539.295,-33.649,-116.627,94.516,-108.992,7.302,-87.211,53.328,-54.767,83.498,-83.158,-2.848,106.76,87.11,-149.574,-131.905,125.891,-52.736,61.945,-62.049,45.589,-31.148,24.81,-42.833,-9.836,64.53,-5.22,56.094,-75.43,63.582,-66.978,39.059
660,66.716,-32.359,6.624,-45.735,-28.495,188.099,-105.017,138.182,-86.564,159.488,170.777,325.37,241.123,-33.815,-160.28,-143.647,-40.29,-132.509,72.505,-113.081,26.103,-106.778,54.168,-56.362,170.271,119.592,-197.899,-72.37,-41.961,-0.116,-52.72,117.935,-56.329,98.109,-76.15,82.857,-34.928,49.279,-61.957,31.273,47.06,22.486,43.808,-49.484,78.661,-52.836,57.502,-68.698,52.665,-50.28,55.952,-17.11,-25.289,44.681,-28.175,93.09,-37.593,113.78,3.28,149.267,-40.043,161.311,132.517,362.078,225.952,82.348,-97.042,366.25,-539.295,-33.649,-116.627,94.516,-108.992,7.302,-87.211,53.328,-54.767,83.498,-83.158,-2.848,106.76,87.11,-149.574,-131.905,125.891,-52.736,61.945,-62.049,45.589,-31.148,24.81,-42.833,-9.836,64.53,-5.22,56.094,-75.43,63.582,-66.978,39.059,-74.501
661,-32.359,6.624,-45.735,-28.495,188.099,-105.017,138.182,-86.564,159.488,170.777,325.37,241.123,-33.815,-160.28,-143.647,-40.29,-132.509,72.505,-113.081,26.103,-106.778,54.168,-56.362,170.271,119.592,-197.899,-72.37,-41.961,-0.116,-52.72,117.935,-56.329,98.109,-76.15,82.857,-34.928,49.279,-61.957,31.273,47.06,22.486,43.808,-49.484,78.661,-52.836,57.502,-68.698,52.665,-50.28,55.952,-17.11,-25.289,44.681,-28.175,93.09,-37.593,113.78,3.28,149.267,-40.043,161.311,132.517,362.078,225.952,82.348,-97.042,366.25,-539.295,-33.649,-116.627,94.516,-108.992,7.302,-87.211,53.328,-54.767,83.498,-83.158,-2.848,106.76,87.11,-149.574,-131.905,125.891,-52.736,61.945,-62.049,45.589,-31.148,24.81,-42.833,-9.836,64.53,-5.22,56.094,-75.43,63.582,-66.978,39.059,-74.501,0.14
662,6.624,-45.735,-28.495,188.099,-105.017,138.182,-86.564,159.488,170.777,325.37,241.123,-33.815,-160.28,-143.647,-40.29,-132.509,72.505,-113.081,26.103,-106.778,54.168,-56.362,170.271,119.592,-197.899,-72.37,-41.961,-0.116,-52.72,117.935,-56.329,98.109,-76.15,82.857,-34.928,49.279,-61.957,31.273,47.06,22.486,43.808,-49.484,78.661,-52.836,57.502,-68.698,52.665,-50.28,55.952,-17.11,-25.289,44.681,-28.175,93.09,-37.593,113.78,3.28,149.267,-40.043,161.311,132.517,362.078,225.952,82.348,-97.042,366.25,-539.295,-33.649,-116.627,94.516,-108.992,7.302,-87.211,53.328,-54.767,83.498,-83.158,-2.848,106.76,87.11,-149.574,-131.905,125.891,-52.736,61.945,-62.049,45.589,-31.148,24.81,-42.833,-9.836,64.53,-5.22,56.094,-75.43,63.582,-66.978,39.059,-74.501,0.14,-35.136
663,-45.735,-28.495,188.099,-105.017,138.182,-86.564,159.488,170.777,325.37,241.123,-33.815,-160.28,-143.647,-40.29,-132.509,72.505,-113.081,26.103,-106.778,54.168,-56.362,170.271,119.592,-197.899,-72.37,-41.961,-0.116,-52.72,117.935,-56.329,98.109,-76.15,82.857,-34.928,49.279,-61.957,31.273,47.06,22.486,43.808,-49.484,78.661,-52.836,57.502,-68.698,52.665,-50.28,55.952,-17.11,-25.289,44.681,-28.175,93.09,-37.593,113.78,3.28,149.267,-40.043,161.311,132.517,362.078,225.952,82.348,-97.042,366.25,-539.295,-33.649,-116.627,94.516,-108.992,7.302,-87.211,53.328,-54.767,83.498,-83.158,-2.848,106.76,87.11,-149.574,-131.905,125.891,-52.736,61.945,-62.049,45.589,-31.148,24.81,-42.833,-9.836,64.53,-5.22,56.094,-75.43,63.582,-66.978,39.059,-74.501,0.14,-35.136,1.867
664,-28.495,188.099,-105.017,138.182,-86.564,159.488,170.777,325.37,241.123,-33.815,-160.28,-143.647,-40.29,-132.509,72.505,-113.081,26.103,-106.778,54.168,-56.362,170.271,119.592,-197.899,-72.37,-41.961,-0.116,-52.72,117.935,-56.329,98.109,-76.15,82.857,-34.928,49.279,-61.957,31.273,47.06,22.486,43.808,-49.484,78.661,-52.836,57.502,-68.698,52.665,-50.28,55.952,-17.11,-25.289,44.681,-28.175,93.09,-37.593,113.78,3.28,149.267,-40.043,161.311,132.517,362.078,225.952,82.348,-97.042,366.25,-539.295,-33.649,-116.627,94.516,-108.992,7.302,-87.211,53.328,-54.767,83.498,-83.158,-2.848,106.76,87.11,-149.574,-131.905,125.891,-52.736,61.945,-62.049,45.589,-31.148,24.81,-42.833,-9.836,64.53,-5.22,56.094,-75.43,63.582,-66.978,39.059,-74.501,0.14,-35.136,1.867,36.832
665,188.099,-105.017,138.182,-86.564,159.488,170.777,325.37,241.123,-33.815,-160.28,-143.647,-40.29,-132.509,72.505,-113.081,26.103,-106.778,54.168,-56.362,170.271,119.592,-197.899,-72.37,-41.961,-0.116,-52.72,117.935,-56.329,98.109,-76.15,82.857,-34.928,49.279,-61.957,31.273,47.06,22.486,43.808,-49.484,78.661,-52.836,57.502,-68.698,52.665,-50.28,55.952,-17.11,-25.289,44.681,-28.175,93.09,-37.593,113.78,3.28,149.267,-40.043,161.311,132.517,362.078,225.952,82.348,-97.042,366.25,-539.295,-33.649,-116.627,94.516,-108.992,7.302,-87.211,53.328,-54.767,83.498,-83.158,-2.848,106.76,87.11,-149.574,-131.905,125.891,-52.736,61.945,-62.049,45.589,-31.148,24.81,-42.833,-9.836,64.53,-5.22,56.094,-75.43,63.582,-66.978,39.059,-74.501,0.14,-35.136,1.867,36.832,-92.534
666,-105.017,138.182,-86.564,159.488,170.777,325.37,241.123,-33.815,-160.28,-143.647,-40.29,-132.509,72.505,-113.081,26.103,-106.778,54.168,-56.362,170.271,119.592,-197.899,-72.37,-41.961,-0.116,-52.72,117.935,-56.329,98.109,-76.15,82.857,-34.928,49.279,-61.957,31.273,47.06,22.486,43.808,-49.484,78.661,-52.836,57.502,-68.698,52.665,-50.28,55.952,-17.11,-25.289,44.681,-28.175,93.09,-37.593,113.78,3.28,149.267,-40.043,161.311,132.517,362.078,225.952,82.348,-97.042,366.25,-539.295,-33.649,-116.627,94.516,-108.992,7.302,-87.211,53.328,-54.767,83.498,-83.158,-2.848,106.76,87.11,-149.574,-131.905,125.891,-52.736,61.945,-62.049,45.589,-31.148,24.81,-42.833,-9.836,64.53,-5.22,56.094,-75.43,63.582,-66.978,39.059,-74.501,0.14,-35.136,1.867,36.832,-92.534,76.518
667,138.182,-86.564,159.488,170.777,325.37,241.123,-33.815,-160.28,-143.647,-40.29,-132.509,72.505,-113.081,26.103,-106.778,54.168,-56.362,170.271,119.592,-197.899,-72.37,-41.961,-0.116,-52.72,117.935,-56.329,98.109,-76.15,82.857,-34.928,49.279,-61.957,31.273,47.06,22.486,43.808,-49.484,78.661,-52.836,57.502,-68.698,52.665,-50.28,55.952,-17.11,-25.289,44.681,-28.175,93.09,-37.593,113.78,3.28,149.267,-40.043,161.311,132.517,362.078,225.952,82.348,-97.042,366.25,-539.295,-33.649,-116.627,94.516,-108.992,7.302,-87.211,53.328,-54.767,83.498,-83.158,-2.848,106.76,87.11,-149.574,-131.905,125.891,-52.736,61.945,-62.049,45.589,-31.148,24.81,-42.833,-9.836,64.53,-5.22,56.094,-75.43,63.582,-66.978,39.059,-74.501,0.14,-35.136,1.867,36.832,-92.534,76.518,-46.609
668,-86.564,159.488,170.777,325.37,241.123,-33.815,-160.28,-143.647,-40.29,-132.509,72.505,-113.081,26.103,-106.778,54.168,-56.362,170.271,119.592,-197.899,-72.37,-41.961,-0.116,-52.72,117.935,-56.329,98.109,-76.15,82.857,-34.928,49.279,-61.957,31.273,47.06,22.486,43.808,-49.484,78.661,-52.836,57.502,-68.698,52.665,-50.28,55.952,-17.11,-25.289,44.681,-28.175,93.09,-37.593,113.78,3.28,149.267,-40.043,161.311,132.517,362.078,225.952,82.348,-97.042,366.25,-539.295,-33.649,-116.627,94.516,-108.992,7.302,-87.211,53.328,-54.767,83.498,-83.158,-2.848,106.76,87.11,-149.574,-131.905,125.891,-52.736,61.945,-62.049,45.589,-31.148,24.81,-42.833,-9.836,64.53,-5.22,56.094,-75.43,63.582,-66.978,39.059,-74.501,0.14,-35.136,1.867,36.832,-92.534,76.518,-46.609,48.987
669,159.488,170.777,325.37,241.123,-33.815,-160.28,-143.647,-40.29,-132.509,72.505,-113.081,26.103,-106.778,54.168,-56.362,170.271,119.592,-197.899,-72.37,-41.961,-0.116,-52.72,117.935,-56.329,98.109,-76.15,82.857,-34.928,49.279,-61.957,31.273,47.06,22.486,43.808,-49.484,78.661,-52.836,57.502,-68.698,52.665,-50.28,55.952,-17.11,-25.289,44.681,-28.175,93.09,-37.593,113.78,3.28,149.267,-40.043,161.311,132.517,362.078,225.952,82.348,-97.042,366.25,-539.295,-33.649,-116.627,94.516,-108.992,7.302,-87.211,53.328,-54.767,83.498,-83.158,-2.848,106.76,87.11,-149.574,-131.905,125.891,-52.736,61.945,-62.049,45.589,-31.148,24.81,-42.833,-9.836,64.53,-5.22,56.094,-75.43,63.582,-66.978,39.059,-74.501,0.14,-35.136,1.867,36.832,-92.534,76.518,-46.609,48.987,-88.088
670,170.777,325.37,241.123,-33.815,-160.28,-143.647,-40.29,-132.509,72.505,-113.081,26.103,-106.778,54.168,-56.362,170.271,119.592,-197.899,-72.37,-41.961,-0.116,-52.72,117.935,-56.329,98.109,-76.15,82.857,-34.928,49.279,-61.957,31.273,47.06,22.486,43.808,-49.484,78.661,-52.836,57.502,-68.698,52.665,-50.28,55.952,-17.11,-25.289,44.681,-28.175,93.09,-37.593,113.78,3.28,149.267,-40.043,161.311,132.517,362.078,225.952,82.348,-97.042,366.25,-539.295,-33.649,-116.627,94.516,-108.992,7.302,-87.211,53.328,-54.767,83.498,-83.158,-2.848,106.76,87.11,-149.574,-131.905,125.891,-52.736,61.945,-62.049,45.589,-31.148,24.81,-42.833,-9.836,64.53,-5.22,56.094,-75.43,63.582,-66.978,39.059,-74.501,0.14,-35.136,1.867,36.832,-92.534,76.518,-46.609,48.987,-88.088,135.032
671,325.37,241.123,-33.815,-160.28,-143.647,-40.29,-132.509,72.505,-113.081,26.103,-106.778,54.168,-56.362,170.271,119.592,-197.899,-72.37,-41.961,-0.116,-52.72,117.935,-56.329,98.109,-76.15,82.857,-34.928,49.279,-61.957,31.273,47.06,22.486,43.808,-49.484,78.661,-52.836,57.502,-68.698,52.665,-50.28,55.952,-17.11,-25.289,44.681,-28.175,93.09,-37.593,113.78,3.28,149.267,-40.043,161.311,132.517,362.078,225.952,82.348,-97.042,366.25,-539.295,-33.649,-116.627,94.516,-108.992,7.302,-87.211,53.328,-54.767,83.498,-83.158,-2.848,106.76,87.11,-149.574,-131.905,125.891,-52.736,61.945,-62.049,45.589,-31.148,24.81,-42.833,-9.836,64.53,-5.22,56.094,-75.43,63.582,-66.978,39.059,-74.501,0.14,-35.136,1.867,36.832,-92.534,76.518,-46.609,48.987,-88.088,135.032,-24.935
672,241.123,-33.815,-160.28,-143.647,-40.29,-132.509,72.505,-113.081,26.103,-106.778,54.168,-56.362,170.271,119.592,-197.899,-72.37,-41.961,-0.116,-52.72,117.935,-56.329,98.109,-76.15,82.857,-34.928,49.279,-61.957,31.273,47.06,22.486,43.808,-49.484,78.661,-52.836,57.502,-68.698,52.665,-50.28,55.952,-17.11,-25.289,44.681,-28.175,93.09,-37.593,113.78,3.28,149.267,-40.043,161.311,132.517,362.078,225.952,82.348,-97.042,366.25,-539.295,-33.649,-116.627,94.516,-108.992,7.302,-87.211,53.328,-54.767,83.498,-83.158,-2.848,106.76,87.11,-149.574,-131.905,125.891,-52.736,61.945,-62.049,45.589,-31.148,24.81,-42.833,-9.836,64.53,-5.22,56.094,-75.43,63.582,-66.978,39.059,-74.501,0.14,-35.136,1.867,36.832,-92.534,76.518,-46.609,48.987,-88.088,135.032,-24.935,113.665
673,-33.815,-160.28,-143.647,-40.29,-132.509,72.505,-113.081,26.103,-106.778,54.168,-56.362,170.271,119.592,-197.899,-72.37,-41.961,-0.116,-52.72,117.935,-56.329,98.109,-76.15,82.857,-34.928,49.279,-61.957,31.273,47.06,22.486,43.808,-49.484,78.661,-52.836,57.502,-68.698,52.665,-50.28,55.952,-17.11,-25.289,44.681,-28.175,93.09,-37.593,113.78,3.28,149.267,-40.043,161.311,132.517,362.078,225.952,82.348,-97.042,366.25,-539.295,-33.649,-116.627,94.516,-108.992,7.302,-87.211,53.328,-54.767,83.498,-83.158,-2.848,106.76,87.11,-149.574,-131.905,125.891,-52.736,61.945,-62.049,45.589,-31.148,24.81,-42.833,-9.836,64.53,-5.22,56.094,-75.43,63.582,-66.978,39.059,-74.501,0.14,-35.136,1.867,36.832,-92.534,76.518,-46.609,48.987,-88.088,135.032,-24.935,113.665,-62.31
674,-160.28,-143.647,-40.29,-132.509,72.505,-113.081,26.103,-106.778,54.168,-56.362,170.271,119.592,-197.899,-72.37,-41.961,-0.116,-52.72,117.935,-56.329,98.109,-76.15,82.857,-34.928,49.279,-61.957,31.273,47.06,22.486,43.808,-49.484,78.661,-52.836,57.502,-68.698,52.665,-50.28,55.952,-17.11,-25.289,44.681,-28.175,93.09,-37.593,113.78,3.28,149.267,-40.043,161.311,132.517,362.078,225.952,82.348,-97.042,366.25,-539.295,-33.649,-116.627,94.516,-108.992,7.302,-87.211,53.328,-54.767,83.498,-83.158,-2.848,106.76,87.11,-149.574,-131.905,125.891,-52.736,61.945,-62.049,45.589,-31.148,24.81,-42.833,-9.836,64.53,-5.22,56.094,-75.43,63.582,-66.978,39.059,-74.501,0.14,-35.136,1.867,36.832,-92.534,76.518,-46.609,48.987,-88.088,135.032,-24.935,113.665,-62.31,95.704
675,-143.647,-40.29,-132.509,72.505,-113.081,26.103,-106.778,54.168,-56.362,170.271,119.592,-197.899,-72.37,-41.961,-0.116,-52.72,117.935,-56.329,98.109,-76.15,82.857,-34.928,49.279,-61.957,31.273,47.06,22.486,43.808,-49.484,78.661,-52.836,57.502,-68.698,52.665,-50.28,55.952,-17.11,-25.289,44.681,-28.175,93.09,-37.593,113.78,3.28,149.267,-40.043,161.311,132.517,362.078,225.952,82.348,-97.042,366.25,-539.295,-33.649,-116.627,94.516,-108.992,7.302,-87.211,53.328,-54.767,83.498,-83.158,-2.848,106.76,87.11,-149.574,-131.905,125.891,-52.736,61.945,-62.049,45.589,-31.148,24.81,-42.833,-9.836,64.53,-5.22,56.094,-75.43,63.582,-66.978,39.059,-74.501,0.14,-35.136,1.867,36.832,-92.534,76.518,-46.609,48.987,-88.088,135.032,-24.935,113.665,-62.31,95.704,148.648
676,-40.29,-132.509,72.505,-113.081,26.103,-106.778,54.168,-56.362,170.271,119.592,-197.899,-72.37,-41.961,-0.116,-52.72,117.935,-56.329,98.109,-76.15,82.857,-34.928,49.279,-61.957,31.273,47.06,22.486,43.808,-49.484,78.661,-52.836,57.502,-68.698,52.665,-50.28,55.952,-17.11,-25.289,44.681,-28.175,93.09,-37.593,113.78,3.28,149.267,-40.043,161.311,132.517,362.078,225.952,82.348,-97.042,366.25,-539.295,-33.649,-116.627,94.516,-108.992,7.302,-87.211,53.328,-54.767,83.498,-83.158,-2.848,106.76,87.11,-149.574,-131.905,125.891,-52.736,61.945,-62.049,45.589,-31.148,24.81,-42.833,-9.836,64.53,-5.22,56.094,-75.43,63.582,-66.978,39.059,-74.501,0.14,-35.136,1.867,36.832,-92.534,76.518,-46.609,48.987,-88.088,135.032,-24.935,113.665,-62.31,95.704,148.648,255.011
677,-132.509,72.505,-113.081,26.103,-106.778,54.168,-56.362,170.271,119.592,-197.899,-72.37,-41.961,-0.116,-52.72,117.935,-56.329,98.109,-76.15,82.857,-34.928,49.279,-61.957,31.273,47.06,22.486,43.808,-49.484,78.661,-52.836,57.502,-68.698,52.665,-50.28,55.952,-17.11,-25.289,44.681,-28.175,93.09,-37.593,113.78,3.28,149.267,-40.043,161.311,132.517,362.078,225.952,82.348,-97.042,366.25,-539.295,-33.649,-116.627,94.516,-108.992,7.302,-87.211,53.328,-54.767,83.498,-83.158,-2.848,106.76,87.11,-149.574,-131.905,125.891,-52.736,61.945,-62.049,45.589,-31.148,24.81,-42.833,-9.836,64.53,-5.22,56.094,-75.43,63.582,-66.978,39.059,-74.501,0.14,-35.136,1.867,36.832,-92.534,76.518,-46.609,48.987,-88.088,135.032,-24.935,113.665,-62.31,95.704,148.648,255.011,369.964
678,72.505,-113.081,26.103,-106.778,54.168,-56.362,170.271,119.592,-197.899,-72.37,-41.961,-0.116,-52.72,117.935,-56.329,98.109,-76.15,82.857,-34.928,49.279,-61.957,31.273,47.06,22.486,43.808,-49.484,78.661,-52.836,57.502,-68.698,52.665,-50.28,55.952,-17.11,-25.289,44.681,-28.175,93.09,-37.593,113.78,3.28,149.267,-40.043,161.311,132.517,362.078,225.952,82.348,-97.042,366.25,-539.295,-33.649,-116.627,94.516,-108.992,7.302,-87.211,53.328,-54.767,83.498,-83.158,-2.848,106.76,87.11,-149.574,-131.905,125.891,-52.736,61.945,-62.049,45.589,-31.148,24.81,-42.833,-9.836,64.53,-5.22,56.094,-75.43,63.582,-66.978,39.059,-74.501,0.14,-35.136,1.867,36.832,-92.534,76.518,-46.609,48.987,-88.088,135.032,-24.935,113.665,-62.31,95.704,148.648,255.011,369.964,159.291
679,-113.081,26.103,-106.778,54.168,-56.362,170.271,119.592,-197.899,-72.37,-41.961,-0.116,-52.72,117.935,-56.329,98.109,-76.15,82.857,-34.928,49.279,-61.957,31.273,47.06,22.486,43.808,-49.484,78.661,-52.836,57.502,-68.698,52.665,-50.28,55.952,-17.11,-25.289,44.681,-28.175,93.09,-37.593,113.78,3.28,149.267,-40.043,161.311,132.517,362.078,225.952,82.348,-97.042,366.25,-539.295,-33.649,-116.627,94.516,-108.992,7.302,-87.211,53.328,-54.767,83.498,-83.158,-2.848,106.76,87.11,-149.574,-131.905,125.891,-52.736,61.945,-62.049,45.589,-31.148,24.81,-42.833,-9.836,64.53,-5.22,56.094,-75.43,63.582,-66.978,39.059,-74.501,0.14,-35.136,1.867,36.832,-92.534,76.518,-46.609,48.987,-88.088,135.032,-24.935,113.665,-62.31,95.704,148.648,255.011,369.964,159.291,-79.923
680,26.103,-106.778,54.168,-56.362,170.271,119.592,-197.899,-72.37,-41.961,-0.116,-52.72,117.935,-56.329,98.109,-76.15,82.857,-34.928,49.279,-61.957,31.273,47.06,22.486,43.808,-49.484,78.661,-52.836,57.502,-68.698,52.665,-50.28,55.952,-17.11,-25.289,44.681,-28.175,93.09,-37.593,113.78,3.28,149.267,-40.043,161.311,132.517,362.078,225.952,82.348,-97.042,366.25,-539.295,-33.649,-116.627,94.516,-108.992,7.302,-87.211,53.328,-54.767,83.498,-83.158,-2.848,106.76,87.11,-149.574,-131.905,125.891,-52.736,61.945,-62.049,45.589,-31.148,24.81,-42.833,-9.836,64.53,-5.22,56.094,-75.43,63.582,-66.978,39.059,-74.501,0.14,-35.136,1.867,36.832,-92.534,76.518,-46.609,48.987,-88.088,135.032,-24.935,113.665,-62.31,95.704,148.648,255.011,369.964,159.291,-79.923,-197.381
681,-106.778,54.168,-56.362,170.271,119.592,-197.899,-72.37,-41.961,-0.116,-52.72,117.935,-56.329,98.109,-76.15,82.857,-34.928,49.279,-61.957,31.273,47.06,22.486,43.808,-49.484,78.661,-52.836,57.502,-68.698,52.665,-50.28,55.952,-17.11,-25.289,44.681,-28.175,93.09,-37.593,113.78,3.28,149.267,-40.043,161.311,132.517,362.078,225.952,82.348,-97.042,366.25,-539.295,-33.649,-116.627,94.516,-108.992,7.302,-87.211,53.328,-54.767,83.498,-83.158,-2.848,106.76,87.11,-149.574,-131.905,125.891,-52.736,61.945,-62.049,45.589,-31.148,24.81,-42.833,-9.836,64.53,-5.22,56.094,-75.43,63.582,-66.978,39.059,-74.501,0.14,-35.136,1.867,36.832,-92.534,76.518,-46.609,48.987,-88.088,135.032,-24.935,113.665,-62.31,95.704,148.648,255.011,369.964,159.291,-79.923,-197.381,-30.287
682,54.168,-56.362,170.271,119.592,-197.899,-72.37,-41.961,-0.116,-52.72,117.935,-56.329,98.109,-76.15,82.857,-34.928,49.279,-61.957,31.273,47.06,22.486,43.808,-49.484,78.661,-52.836,57.502,-68.698,52.665,-50.28,55.952,-17.11,-25.289,44.681,-28.175,93.09,-37.593,113.78,3.28,149.267,-40.043,161.311,132.517,362.078,225.952,82.348,-97.042,366.25,-539.295,-33.649,-116.627,94.516,-108.992,7.302,-87.211,53.328,-54.767,83.498,-83.158,-2.848,106.76,87.11,-149.574,-131.905,125.891,-52.736,61.945,-62.049,45.589,-31.148,24.81,-42.833,-9.836,64.53,-5.22,56.094,-75.43,63.582,-66.978,39.059,-74.501,0.14,-35.136,1.867,36.832,-92.534,76.518,-46.609,48.987,-88.088,135.032,-24.935,113.665,-62.31,95.704,148.648,255.011,369.964,159.291,-79.923,-197.381,-30.287,-126.239
683,-56.362,170.271,119.592,-197.899,-72.37,-41.961,-0.116,-52.72,117.935,-56.329,98.109,-76.15,82.857,-34.928,49.279,-61.957,31.273,47.06,22.486,43.808,-49.484,78.661,-52.836,57.502,-68.698,52.665,-50.28,55.952,-17.11,-25.289,44.681,-28.175,93.09,-37.593,113.78,3.28,149.267,-40.043,161.311,132.517,362.078,225.952,82.348,-97.042,366.25,-539.295,-33.649,-116.627,94.516,-108.992,7.302,-87.211,53.328,-54.767,83.498,-83.158,-2.848,106.76,87.11,-149.574,-131.905,125.891,-52.736,61.945,-62.049,45.589,-31.148,24.81,-42.833,-9.836,64.53,-5.22,56.094,-75.43,63.582,-66.978,39.059,-74.501,0.14,-35.136,1.867,36.832,-92.534,76.518,-46.609,48.987,-88.088,135.032,-24.935,113.665,-62.31,95.704,148.648,255.011,369.964,159.291,-79.923,-197.381,-30.287,-126.239,37.807
684,170.271,119.592,-197.899,-72.37,-41.961,-0.116,-52.72,117.935,-56.329,98.109,-76.15,82.857,-34.928,49.279,-61.957,31.273,47.06,22.486,43.808,-49.484,78.661,-52.836,57.502,-68.698,52.665,-50.28,55.952,-17.11,-25.289,44.681,-28.175,93.09,-37.593,113.78,3.28,149.267,-40.043,161.311,132.517,362.078,225.952,82.348,-97.042,366.25,-539.295,-33.649,-116.627,94.516,-108.992,7.302,-87.211,53.328,-54.767,83.498,-83.158,-2.848,106.76,87.11,-149.574,-131.905,125.891,-52.736,61.945,-62.049,45.589,-31.148,24.81,-42.833,-9.836,64.53,-5.22,56.094,-75.43,63.582,-66.978,39.059,-74.501,0.14,-35.136,1.867,36.832,-92.534,76.518,-46.609,48.987,-88.088,135.032,-24.935,113.665,-62.31,95.704,148.648,255.011,369.964,159.291,-79.923,-197.381,-30.287,-126.239,37.807,-83.12
685,119.592,-197.899,-72.37,-41.961,-0.116,-52.72,117.935,-56.329,98.109,-76.15,82.857,-34.928,49.279,-61.957,31.273,47.06,22.486,43.808,-49.484,78.661,-52.836,57.502,-68.698,52.665,-50.28,55.952,-17.11,-25.289,44.681,-28.175,93.09,-37.593,113.78,3.28,149.267,-40.043,161.311,132.517,362.078,225.952,82.348,-97.042,366.25,-539.295,-33.649,-116.627,94.516,-108.992,7.302,-87.211,53.328,-54.767,83.498,-83.158,-2.848,106.76,87.11,-149.574,-131.905,125.891,-52.736,61.945,-62.049,45.589,-31.148,24.81,-42.833,-9.836,64.53,-5.22,56.094,-75.43,63.582,-66.978,39.059,-74.501,0.14,-35.136,1.867,36.832,-92.534,76.518,-46.609,48.987,-88.088,135.032,-24.935,113.665,-62.31,95.704,148.648,255.011,369.964,159.291,-79.923,-197.381,-30.287,-126.239,37.807,-83.12,-5.769
686,-197.899,-72.37,-41.961,-0.116,-52.72,117.935,-56.329,98.109,-76.15,82.857,-34.928,49.279,-61.957,31.273,47.06,22.486,43.808,-49.484,78.661,-52.836,57.502,-68.698,52.665,-50.28,55.952,-17.11,-25.289,44.681,-28.175,93.09,-37.593,113.78,3.28,149.267,-40.043,161.311,132.517,362.078,225.952,82.348,-97.042,366.25,-539.295,-33.649,-116.627,94.516,-108.992,7.302,-87.211,53.328,-54.767,83.498,-83.158,-2.848,106.76,87.11,-149.574,-131.905,125.891,-52.736,61.945,-62.049,45.589,-31.148,24.81,-42.833,-9.836,64.53,-5.22,56.094,-75.43,63.582,-66.978,39.059,-74.501,0.14,-35.136,1.867,36.832,-92.534,76.518,-46.609,48.987,-88.088,135.032,-24.935,113.665,-62.31,95.704,148.648,255.011,369.964,159.291,-79.923,-197.381,-30.287,-126.239,37.807,-83.12,-5.769,-83.82
687,-72.37,-41.961,-0.116,-52.72,117.935,-56.329,98.109,-76.15,82.857,-34.928,49.279,-61.957,31.273,47.06,22.486,43.808,-49.484,78.661,-52.836,57.502,-68.698,52.665,-50.28,55.952,-17.11,-25.289,44.681,-28.175,93.09,-37.593,113.78,3.28,149.267,-40.043,161.311,132.517,362.078,225.952,82.348,-97.042,366.25,-539.295,-33.649,-116.627,94.516,-108.992,7.302,-87.211,53.328,-54.767,83.498,-83.158,-2.848,106.76,87.11,-149.574,-131.905,125.891,-52.736,61.945,-62.049,45.589,-31.148,24.81,-42.833,-9.836,64.53,-5.22,56.094,-75.43,63.582,-66.978,39.059,-74.501,0.14,-35.136,1.867,36.832,-92.534,76.518,-46.609,48.987,-88.088,135.032,-24.935,113.665,-62.31,95.704,148.648,255.011,369.964,159.291,-79.923,-197.381,-30.287,-126.239,37.807,-83.12,-5.769,-83.82,10.202
688,-41.961,-0.116,-52.72,117.935,-56.329,98.109,-76.15,82.857,-34.928,49.279,-61.957,31.273,47.06,22.486,43.808,-49.484,78.661,-52.836,57.502,-68.698,52.665,-50.28,55.952,-17.11,-25.289,44.681,-28.175,93.09,-37.593,113.78,3.28,149.267,-40.043,161.311,132.517,362.078,225.952,82.348,-97.042,366.25,-539.295,-33.649,-116.627,94.516,-108.992,7.302,-87.211,53.328,-54.767,83.498,-83.158,-2.848,106.76,87.11,-149.574,-131.905,125.891,-52.736,61.945,-62.049,45.589,-31.148,24.81,-42.833,-9.836,64.53,-5.22,56.094,-75.43,63.582,-66.978,39.059,-74.501,0.14,-35.136,1.867,36.832,-92.534,76.518,-46.609,48.987,-88.088,135.032,-24.935,113.665,-62.31,95.704,148.648,255.011,369.964,159.291,-79.923,-197.381,-30.287,-126.239,37.807,-83.12,-5.769,-83.82,10.202,-56.033
689,-0.116,-52.72,117.935,-56.329,98.109,-76.15,82.857,-34.928,49.279,-61.957,31.273,47.06,22.486,43.808,-49.484,78.661,-52.836,57.502,-68.698,52.665,-50.28,55.952,-17.11,-25.289,44.681,-28.175,93.09,-37.593,113.78,3.28,149.267,-40.043,161.311,132.517,362.078,225.952,82.348,-97.042,366.25,-539.295,-33.649,-116.627,94.516,-108.992,7.302,-87.211,53.328,-54.767,83.498,-83.158,-2.848,106.76,87.11,-149.574,-131.905,125.891,-52.736,61.945,-62.049,45.589,-31.148,24.81,-42.833,-9.836,64.53,-5.22,56.094,-75.43,63.582,-66.978,39.059,-74.501,0.14,-35.136,1.867,36.832,-92.534,76.518,-46.609,48.987,-88.088,135.032,-24.935,113.665,-62.31,95.704,148.648,255.011,369.964,159.291,-79.923,-197.381,-30.287,-126.239,37.807,-83.12,-5.769,-83.82,10.202,-56.033,95.427
690,-52.72,117.935,-56.329,98.109,-76.15,82.857,-34.928,49.279,-61.957,31.273,47.06,22.486,43.808,-49.484,78.661,-52.836,57.502,-68.698,52.665,-50.28,55.952,-17.11,-25.289,44.681,-28.175,93.09,-37.593,113.78,3.28,149.267,-40.043,161.311,132.517,362.078,225.952,82.348,-97.042,366.25,-539.295,-33.649,-116.627,94.516,-108.992,7.302,-87.211,53.328,-54.767,83.498,-83.158,-2.848,106.76,87.11,-149.574,-131.905,125.891,-52.736,61.945,-62.049,45.589,-31.148,24.81,-42.833,-9.836,64.53,-5.22,56.094,-75.43,63.582,-66.978,39.059,-74.501,0.14,-35.136,1.867,36.832,-92.534,76.518,-46.609,48.987,-88.088,135.032,-24.935,113.665,-62.31,95.704,148.648,255.011,369.964,159.291,-79.923,-197.381,-30.287,-126.239,37.807,-83.12,-5.769,-83.82,10.202,-56.033,95.427,-94.962
691,117.935,-56.329,98.109,-76.15,82.857,-34.928,49.279,-61.957,31.273,47.06,22.486,43.808,-49.484,78.661,-52.836,57.502,-68.698,52.665,-50.28,55.952,-17.11,-25.289,44.681,-28.175,93.09,-37.593,113.78,3.28,149.267,-40.043,161.311,132.517,362.078,225.952,82.348,-97.042,366.25,-539.295,-33.649,-116.627,94.516,-108.992,7.302,-87.211,53.328,-54.767,83.498,-83.158,-2.848,106.76,87.11,-149.574,-131.905,125.891,-52.736,61.945,-62.049,45.589,-31.148,24.81,-42.833,-9.836,64.53,-5.22,56.094,-75.43,63.582,-66.978,39.059,-74.501,0.14,-35.136,1.867,36.832,-92.534,76.518,-46.609,48.987,-88.088,135.032,-24.935,113.665,-62.31,95.704,148.648,255.011,369.964,159.291,-79.923,-197.381,-30.287,-126.239,37.807,-83.12,-5.769,-83.82,10.202,-56.033,95.427,-94.962,19.741
692,-56.329,98.109,-76.15,82.857,-34.928,49.279,-61.957,31.273,47.06,22.486,43.808,-49.484,78.661,-52.836,57.502,-68.698,52.665,-50.28,55.952,-17.11,-25.289,44.681,-28.175,93.09,-37.593,113.78,3.28,149.267,-40.043,161.311,132.517,362.078,225.952,82.348,-97.042,366.25,-539.295,-33.649,-116.627,94.516,-108.992,7.302,-87.211,53.328,-54.767,83.498,-83.158,-2.848,106.76,87.11,-149.574,-131.905,125.891,-52.736,61.945,-62.049,45.589,-31.148,24.81,-42.833,-9.836,64.53,-5.22,56.094,-75.43,63.582,-66.978,39.059,-74.501,0.14,-35.136,1.867,36.832,-92.534,76.518,-46.609,48.987,-88.088,135.032,-24.935,113.665,-62.31,95.704,148.648,255.011,369.964,159.291,-79.923,-197.381,-30.287,-126.239,37.807,-83.12,-5.769,-83.82,10.202,-56.033,95.427,-94.962,19.741,166.055
693,98.109,-76.15,82.857,-34.928,49.279,-61.957,31.273,47.06,22.486,43.808,-49.484,78.661,-52.836,57.502,-68.698,52.665,-50.28,55.952,-17.11,-25.289,44.681,-28.175,93.09,-37.593,113.78,3.28,149.267,-40.043,161.311,132.517,362.078,225.952,82.348,-97.042,366.25,-539.295,-33.649,-116.627,94.516,-108.992,7.302,-87.211,53.328,-54.767,83.498,-83.158,-2.848,106.76,87.11,-149.574,-131.905,125.891,-52.736,61.945,-62.049,45.589,-31.148,24.81,-42.833,-9.836,64.53,-5.22,56.094,-75.43,63.582,-66.978,39.059,-74.501,0.14,-35.136,1.867,36.832,-92.534,76.518,-46.609,48.987,-88.088,135.032,-24.935,113.665,-62.31,95.704,148.648,255.011,369.964,159.291,-79.923,-197.381,-30.287,-126.239,37.807,-83.12,-5.769,-83.82,10.202,-56.033,95.427,-94.962,19.741,166.055,-183.346
694,-76.15,82.857,-34.928,49.279,-61.957,31.273,47.06,22.486,43.808,-49.484,78.661,-52.836,57.502,-68.698,52.665,-50.28,55.952,-17.11,-25.289,44.681,-28.175,93.09,-37.593,113.78,3.28,149.267,-40.043,161.311,132.517,362.078,225.952,82.348,-97.042,366.25,-539.295,-33.649,-116.627,94.516,-108.992,7.302,-87.211,53.328,-54.767,83.498,-83.158,-2.848,106.76,87.11,-149.574,-131.905,125.891,-52.736,61.945,-62.049,45.589,-31.148,24.81,-42.833,-9.836,64.53,-5.22,56.094,-75.43,63.582,-66.978,39.059,-74.501,0.14,-35.136,1.867,36.832,-92.534,76.518,-46.609,48.987,-88.088,135.032,-24.935,113.665,-62.31,95.704,148.648,255.011,369.964,159.291,-79.923,-197.381,-30.287,-126.239,37.807,-83.12,-5.769,-83.82,10.202,-56.033,95.427,-94.962,19.741,166.055,-183.346,9.611
695,82.857,-34.928,49.279,-61.957,31.273,47.06,22.486,43.808,-49.484,78.661,-52.836,57.502,-68.698,52.665,-50.28,55.952,-17.11,-25.289,44.681,-28.175,93.09,-37.593,113.78,3.28,149.267,-40.043,161.311,132.517,362.078,225.952,82.348,-97.042,366.25,-539.295,-33.649,-116.627,94.516,-108.992,7.302,-87.211,53.328,-54.767,83.498,-83.158,-2.848,106.76,87.11,-149.574,-131.905,125.891,-52.736,61.945,-62.049,45.589,-31.148,24.81,-42.833,-9.836,64.53,-5.22,56.094,-75.43,63.582,-66.978,39.059,-74.501,0.14,-35.136,1.867,36.832,-92.534,76.518,-46.609,48.987,-88.088,135.032,-24.935,113.665,-62.31,95.704,148.648,255.011,369.964,159.291,-79.923,-197.381,-30.287,-126.239,37.807,-83.12,-5.769,-83.82,10.202,-56.033,95.427,-94.962,19.741,166.055,-183.346,9.611,-125.645
696,-34.928,49.279,-61.957,31.273,47.06,22.486,43.808,-49.484,78.661,-52.836,57.502,-68.698,52.665,-50.28,55.952,-17.11,-25.289,44.681,-28.175,93.09,-37.593,113.78,3.28,149.267,-40.043,161.311,132.517,362.078,225.952,82.348,-97.042,366.25,-539.295,-33.649,-116.627,94.516,-108.992,7.302,-87.211,53.328,-54.767,83.498,-83.158,-2.848,106.76,87.11,-149.574,-131.905,125.891,-52.736,61.945,-62.049,45.589,-31.148,24.81,-42.833,-9.836,64.53,-5.22,56.094,-75.43,63.582,-66.978,39.059,-74.501,0.14,-35.136,1.867,36.832,-92.534,76.518,-46.609,48.987,-88.088,135.032,-24.935,113.665,-62.31,95.704,148.648,255.011,369.964,159.291,-79.923,-197.381,-30.287,-126.239,37.807,-83.12,-5.769,-83.82,10.202,-56.033,95.427,-94.962,19.741,166.055,-183.346,9.611,-125.645,71.069
697,49.279,-61.957,31.273,47.06,22.486,43.808,-49.484,78.661,-52.836,57.502,-68.698,52.665,-50.28,55.952,-17.11,-25.289,44.681,-28.175,93.09,-37.593,113.78,3.28,149.267,-40.043,161.311,132.517,362.078,225.952,82.348,-97.042,366.25,-539.295,-33.649,-116.627,94.516,-108.992,7.302,-87.211,53.328,-54.767,83.498,-83.158,-2.848,106.76,87.11,-149.574,-131.905,125.891,-52.736,61.945,-62.049,45.589,-31.148,24.81,-42.833,-9.836,64.53,-5.22,56.094,-75.43,63.582,-66.978,39.059,-74.501,0.14,-35.136,1.867,36.832,-92.534,76.518,-46.609,48.987,-88.088,135.032,-24.935,113.665,-62.31,95.704,148.648,255.011,369.964,159.291,-79.923,-197.381,-30.287,-126.239,37.807,-83.12,-5.769,-83.82,10.202,-56.033,95.427,-94.962,19.741,166.055,-183.346,9.611,-125.645,71.069,-24.535
698,-61.957,31.273,47.06,22.486,43.808,-49.484,78.661,-52.836,57.502,-68.698,52.665,-50.28,55.952,-17.11,-25.289,44.681,-28.175,93.09,-37.593,113.78,3.28,149.267,-40.043,161.311,132.517,362.078,225.952,82.348,-97.042,366.25,-539.295,-33.649,-116.627,94.516,-108.992,7.302,-87.211,53.328,-54.767,83.498,-83.158,-2.848,106.76,87.11,-149.574,-131.905,125.891,-52.736,61.945,-62.049,45.589,-31.148,24.81,-42.833,-9.836,64.53,-5.22,56.094,-75.43,63.582,-66.978,39.059,-74.501,0.14,-35.136,1.867,36.832,-92.534,76.518,-46.609,48.987,-88.088,135.032,-24.935,113.665,-62.31,95.704,148.648,255.011,369.964,159.291,-79.923,-197.381,-30.287,-126.239,37.807,-83.12,-5.769,-83.82,10.202,-56.033,95.427,-94.962,19.741,166.055,-183.346,9.611,-125.645,71.069,-24.535,87.552
699,31.273,47.06,22.486,43.808,-49.484,78.661,-52.836,57.502,-68.698,52.665,-50.28,55.952,-17.11,-25.289,44.681,-28.175,93.09,-37.593,113.78,3.28,149.267,-40.043,161.311,132.517,362.078,225.952,82.348,-97.042,366.25,-539.295,-33.649,-116.627,94.516,-108.992,7.302,-87.211,53.328,-54.767,83.498,-83.158,-2.848,106.76,87.11,-149.574,-131.905,125.891,-52.736,61.945,-62.049,45.589,-31.148,24.81,-42.833,-9.836,64.53,-5.22,56.094,-75.43,63.582,-66.978,39.059,-74.501,0.14,-35.136,1.867,36.832,-92.534,76.518,-46.609,48.987,-88.088,135.032,-24.935,113.665,-62.31,95.704,148.648,255.011,369.964,159.291,-79.923,-197.381,-30.287,-126.239,37.807,-83.12,-5.769,-83.82,10.202,-56.033,95.427,-94.962,19.741,166.055,-183.346,9.611,-125.645,71.069,-24.535,87.552,-45.845
700,47.06,22.486,43.808,-49.484,78.661,-52.836,57.502,-68.698,52.665,-50.28,55.952,-17.11,-25.289,44.681,-28.175,93.09,-37.593,113.78,3.28,149.267,-40.043,161.311,132.517,362.078,225.952,82.348,-97.042,366.25,-539.295,-33.649,-116.627,94.516,-108.992,7.302,-87.211,53.328,-54.767,83.498,-83.158,-2.848,106.76,87.11,-149.574,-131.905,125.891,-52.736,61.945,-62.049,45.589,-31.148,24.81,-42.833,-9.836,64.53,-5.22,56.094,-75.43,63.582,-66.978,39.059,-74.501,0.14,-35.136,1.867,36.832,-92.534,76.518,-46.609,48.987,-88.088,135.032,-24.935,113.665,-62.31,95.704,148.648,255.011,369.964,159.291,-79.923,-197.381,-30.287,-126.239,37.807,-83.12,-5.769,-83.82,10.202,-56.033,95.427,-94.962,19.741,166.055,-183.346,9.611,-125.645,71.069,-24.535,87.552,-45.845,78.966
701,22.486,43.808,-49.484,78.661,-52.836,57.502,-68.698,52.665,-50.28,55.952,-17.11,-25.289,44.681,-28.175,93.09,-37.593,113.78,3.28,149.267,-40.043,161.311,132.517,362.078,225.952,82.348,-97.042,366.25,-539.295,-33.649,-116.627,94.516,-108.992,7.302,-87.211,53.328,-54.767,83.498,-83.158,-2.848,106.76,87.11,-149.574,-131.905,125.891,-52.736,61.945,-62.049,45.589,-31.148,24.81,-42.833,-9.836,64.53,-5.22,56.094,-75.43,63.582,-66.978,39.059,-74.501,0.14,-35.136,1.867,36.832,-92.534,76.518,-46.609,48.987,-88.088,135.032,-24.935,113.665,-62.31,95.704,148.648,255.011,369.964,159.291,-79.923,-197.381,-30.287,-126.239,37.807,-83.12,-5.769,-83.82,10.202,-56.033,95.427,-94.962,19.741,166.055,-183.346,9.611,-125.645,71.069,-24.535,87.552,-45.845,78.966,-22.301
702,43.808,-49.484,78.661,-52.836,57.502,-68.698,52.665,-50.28,55.952,-17.11,-25.289,44.681,-28.175,93.09,-37.593,113.78,3.28,149.267,-40.043,161.311,132.517,362.078,225.952,82.348,-97.042,366.25,-539.295,-33.649,-116.627,94.516,-108.992,7.302,-87.211,53.328,-54.767,83.498,-83.158,-2.848,106.76,87.11,-149.574,-131.905,125.891,-52.736,61.945,-62.049,45.589,-31.148,24.81,-42.833,-9.836,64.53,-5.22,56.094,-75.43,63.582,-66.978,39.059,-74.501,0.14,-35.136,1.867,36.832,-92.534,76.518,-46.609,48.987,-88.088,135.032,-24.935,113.665,-62.31,95.704,148.648,255.011,369.964,159.291,-79.923,-197.381,-30.287,-126.239,37.807,-83.12,-5.769,-83.82,10.202,-56.033,95.427,-94.962,19.741,166.055,-183.346,9.611,-125.645,71.069,-24.535,87.552,-45.845,78.966,-22.301,-3.699
703,-49.484,78.661,-52.836,57.502,-68.698,52.665,-50.28,55.952,-17.11,-25.289,44.681,-28.175,93.09,-37.593,113.78,3.28,149.267,-40.043,161.311,132.517,362.078,225.952,82.348,-97.042,366.25,-539.295,-33.649,-116.627,94.516,-108.992,7.302,-87.211,53.328,-54.767,83.498,-83.158,-2.848,106.76,87.11,-149.574,-131.905,125.891,-52.736,61.945,-62.049,45.589,-31.148,24.81,-42.833,-9.836,64.53,-5.22,56.094,-75.43,63.582,-66.978,39.059,-74.501,0.14,-35.136,1.867,36.832,-92.534,76.518,-46.609,48.987,-88.088,135.032,-24.935,113.665,-62.31,95.704,148.648,255.011,369.964,159.291,-79.923,-197.381,-30.287,-126.239,37.807,-83.12,-5.769,-83.82,10.202,-56.033,95.427,-94.962,19.741,166.055,-183.346,9.611,-125.645,71.069,-24.535,87.552,-45.845,78.966,-22.301,-3.699,-9.317
704,78.661,-52.836,57.502,-68.698,52.665,-50.28,55.952,-17.11,-25.289,44.681,-28.175,93.09,-37.593,113.78,3.28,149.267,-40.043,161.311,132.517,362.078,225.952,82.348,-97.042,366.25,-539.295,-33.649,-116.627,94.516,-108.992,7.302,-87.211,53.328,-54.767,83.498,-83.158,-2.848,106.76,87.11,-149.574,-131.905,125.891,-52.736,61.945,-62.049,45.589,-31.148,24.81,-42.833,-9.836,64.53,-5.22,56.094,-75.43,63.582,-66.978,39.059,-74.501,0.14,-35.136,1.867,36.832,-92.534,76.518,-46.609,48.987,-88.088,135.032,-24.935,113.665,-62.31,95.704,148.648,255.011,369.964,159.291,-79.923,-197.381,-30.287,-126.239,37.807,-83.12,-5.769,-83.82,10.202,-56.033,95.427,-94.962,19.741,166.055,-183.346,9.611,-125.645,71.069,-24.535,87.552,-45.845,78.966,-22.301,-3.699,-9.317,-49.296
705,-52.836,57.502,-68.698,52.665,-50.28,55.952,-17.11,-25.289,44.681,-28.175,93.09,-37.593,113.78,3.28,149.267,-40.043,161.311,132.517,362.078,225.952,82.348,-97.042,366.25,-539.295,-33.649,-116.627,94.516,-108.992,7.302,-87.211,53.328,-54.767,83.498,-83.158,-2.848,106.76,87.11,-149.574,-131.905,125.891,-52.736,61.945,-62.049,45.589,-31.148,24.81,-42.833,-9.836,64.53,-5.22,56.094,-75.43,63.582,-66.978,39.059,-74.501,0.14,-35.136,1.867,36.832,-92.534,76.518,-46.609,48.987,-88.088,135.032,-24.935,113.665,-62.31,95.704,148.648,255.011,369.964,159.291,-79.923,-197.381,-30.287,-126.239,37.807,-83.12,-5.769,-83.82,10.202,-56.033,95.427,-94.962,19.741,166.055,-183.346,9.611,-125.645,71.069,-24.535,87.552,-45.845,78.966,-22.301,-3.699,-9.317,-49.296,98.04
706,57.502,-68.698,52.665,-50.28,55.952,-17.11,-25.289,44.681,-28.175,93.09,-37.593,113.78,3.28,149.267,-40.043,161.311,132.517,362.078,225.952,82.348,-97.042,366.25,-539.295,-33.649,-116.627,94.516,-108.992,7.302,-87.211,53.328,-54.767,83.498,-83.158,-2.848,106.76,87.11,-149.574,-131.905,125.891,-52.736,61.945,-62.049,45.589,-31.148,24.81,-42.833,-9.836,64.53,-5.22,56.094,-75.43,63.582,-66.978,39.059,-74.501,0.14,-35.136,1.867,36.832,-92.534,76.518,-46.609,48.987,-88.088,135.032,-24.935,113.665,-62.31,95.704,148.648,255.011,369.964,159.291,-79.923,-197.381,-30.287,-126.239,37.807,-83.12,-5.769,-83.82,10.202,-56.033,95.427,-94.962,19.741,166.055,-183.346,9.611,-125.645,71.069,-24.535,87.552,-45.845,78.966,-22.301,-3.699,-9.317,-49.296,98.04,19.534
707,-68.698,52.665,-50.28,55.952,-17.11,-25.289,44.681,-28.175,93.09,-37.593,113.78,3.28,149.267,-40.043,161.311,132.517,362.078,225.952,82.348,-97.042,366.25,-539.295,-33.649,-116.627,94.516,-108.992,7.302,-87.211,53.328,-54.767,83.498,-83.158,-2.848,106.76,87.11,-149.574,-131.905,125.891,-52.736,61.945,-62.049,45.589,-31.148,24.81,-42.833,-9.836,64.53,-5.22,56.094,-75.43,63.582,-66.978,39.059,-74.501,0.14,-35.136,1.867,36.832,-92.534,76.518,-46.609,48.987,-88.088,135.032,-24.935,113.665,-62.31,95.704,148.648,255.011,369.964,159.291,-79.923,-197.381,-30.287,-126.239,37.807,-83.12,-5.769,-83.82,10.202,-56.033,95.427,-94.962,19.741,166.055,-183.346,9.611,-125.645,71.069,-24.535,87.552,-45.845,78.966,-22.301,-3.699,-9.317,-49.296,98.04,19.534,62.499
708,52.665,-50.28,55.952,-17.11,-25.289,44.681,-28.175,93.09,-37.593,113.78,3.28,149.267,-40.043,161.311,132.517,362.078,225.952,82.348,-97.042,366.25,-539.295,-33.649,-116.627,94.516,-108.992,7.302,-87.211,53.328,-54.767,83.498,-83.158,-2.848,106.76,87.11,-149.574,-131.905,125.891,-52.736,61.945,-62.049,45.589,-31.148,24.81,-42.833,-9.836,64.53,-5.22,56.094,-75.43,63.582,-66.978,39.059,-74.501,0.14,-35.136,1.867,36.832,-92.534,76.518,-46.609,48.987,-88.088,135.032,-24.935,113.665,-62.31,95.704,148.648,255.011,369.964,159.291,-79.923,-197.381,-30.287,-126.239,37.807,-83.12,-5.769,-83.82,10.202,-56.033,95.427,-94.962,19.741,166.055,-183.346,9.611,-125.645,71.069,-24.535,87.552,-45.845,78.966,-22.301,-3.699,-9.317,-49.296,98.04,19.534,62.499,-84.712
709,-50.28,55.952,-17.11,-25.289,44.681,-28.175,93.09,-37.593,113.78,3.28,149.267,-40.043,161.311,132.517,362.078,225.952,82.348,-97.042,366.25,-539.295,-33.649,-116.627,94.516,-108.992,7.302,-87.211,53.328,-54.767,83.498,-83.158,-2.848,106.76,87.11,-149.574,-131.905,125.891,-52.736,61.945,-62.049,45.589,-31.148,24.81,-42.833,-9.836,64.53,-5.22,56.094,-75.43,63.582,-66.978,39.059,-74.501,0.14,-35.136,1.867,36.832,-92.534,76.518,-46.609,48.987,-88.088,135.032,-24.935,113.665,-62.31,95.704,148.648,255.011,369.964,159.291,-79.923,-197.381,-30.287,-126.239,37.807,-83.12,-5.769,-83.82,10.202,-56.033,95.427,-94.962,19.741,166.055,-183.346,9.611,-125.645,71.069,-24.535,87.552,-45.845,78.966,-22.301,-3.699,-9.317,-49.296,98.04,19.534,62.499,-84.712,81.307
710,55.952,-17.11,-25.289,44.681,-28.175,93.09,-37.593,113.78,3.28,149.267,-40.043,161.311,132.517,362.078,225.952,82.348,-97.042,366.25,-539.295,-33.649,-116.627,94.516,-108.992,7.302,-87.211,53.328,-54.767,83.498,-83.158,-2.848,106.76,87.11,-149.574,-131.905,125.891,-52.736,61.945,-62.049,45.589,-31.148,24.81,-42.833,-9.836,64.53,-5.22,56.094,-75.43,63.582,-66.978,39.059,-74.501,0.14,-35.136,1.867,36.832,-92.534,76.518,-46.609,48.987,-88.088,135.032,-24.935,113.665,-62.31,95.704,148.648,255.011,369.964,159.291,-79.923,-197.381,-30.287,-126.239,37.807,-83.12,-5.769,-83.82,10.202,-56.033,95.427,-94.962,19.741,166.055,-183.346,9.611,-125.645,71.069,-24.535,87.552,-45.845,78.966,-22.301,-3.699,-9.317,-49.296,98.04,19.534,62.499,-84.712,81.307,-34.564
711,-17.11,-25.289,44.681,-28.175,93.09,-37.593,113.78,3.28,149.267,-40.043,161.311,132.517,362.078,225.952,82.348,-97.042,366.25,-539.295,-33.649,-116.627,94.516,-108.992,7.302,-87.211,53.328,-54.767,83.498,-83.158,-2.848,106.76,87.11,-149.574,-131.905,125.891,-52.736,61.945,-62.049,45.589,-31.148,24.81,-42.833,-9.836,64.53,-5.22,56.094,-75.43,63.582,-66.978,39.059,-74.501,0.14,-35.136,1.867,36.832,-92.534,76.518,-46.609,48.987,-88.088,135.032,-24.935,113.665,-62.31,95.704,148.648,255.011,369.964,159.291,-79.923,-197.381,-30.287,-126.239,37.807,-83.12,-5.769,-83.82,10.202,-56.033,95.427,-94.962,19.741,166.055,-183.346,9.611,-125.645,71.069,-24.535,87.552,-45.845,78.966,-22.301,-3.699,-9.317,-49.296,98.04,19.534,62.499,-84.712,81.307,-34.564,62.242
712,-25.289,44.681,-28.175,93.09,-37.593,113.78,3.28,149.267,-40.043,161.311,132.517,362.078,225.952,82.348,-97.042,366.25,-539.295,-33.649,-116.627,94.516,-108.992,7.302,-87.211,53.328,-54.767,83.498,-83.158,-2.848,106.76,87.11,-149.574,-131.905,125.891,-52.736,61.945,-62.049,45.589,-31.148,24.81,-42.833,-9.836,64.53,-5.22,56.094,-75.43,63.582,-66.978,39.059,-74.501,0.14,-35.136,1.867,36.832,-92.534,76.518,-46.609,48.987,-88.088,135.032,-24.935,113.665,-62.31,95.704,148.648,255.011,369.964,159.291,-79.923,-197.381,-30.287,-126.239,37.807,-83.12,-5.769,-83.82,10.202,-56.033,95.427,-94.962,19.741,166.055,-183.346,9.611,-125.645,71.069,-24.535,87.552,-45.845,78.966,-22.301,-3.699,-9.317,-49.296,98.04,19.534,62.499,-84.712,81.307,-34.564,62.242,-72.323
713,44.681,-28.175,93.09,-37.593,113.78,3.28,149.267,-40.043,161.311,132.517,362.078,225.952,82.348,-97.042,366.25,-539.295,-33.649,-116.627,94.516,-108.992,7.302,-87.211,53.328,-54.767,83.498,-83.158,-2.848,106.76,87.11,-149.574,-131.905,125.891,-52.736,61.945,-62.049,45.589,-31.148,24.81,-42.833,-9.836,64.53,-5.22,56.094,-75.43,63.582,-66.978,39.059,-74.501,0.14,-35.136,1.867,36.832,-92.534,76.518,-46.609,48.987,-88.088,135.032,-24.935,113.665,-62.31,95.704,148.648,255.011,369.964,159.291,-79.923,-197.381,-30.287,-126.239,37.807,-83.12,-5.769,-83.82,10.202,-56.033,95.427,-94.962,19.741,166.055,-183.346,9.611,-125.645,71.069,-24.535,87.552,-45.845,78.966,-22.301,-3.699,-9.317,-49.296,98.04,19.534,62.499,-84.712,81.307,-34.564,62.242,-72.323,-31.957
714,-28.175,93.09,-37.593,113.78,3.28,149.267,-40.043,161.311,132.517,362.078,225.952,82.348,-97.042,366.25,-539.295,-33.649,-116.627,94.516,-108.992,7.302,-87.211,53.328,-54.767,83.498,-83.158,-2.848,106.76,87.11,-149.574,-131.905,125.891,-52.736,61.945,-62.049,45.589,-31.148,24.81,-42.833,-9.836,64.53,-5.22,56.094,-75.43,63.582,-66.978,39.059,-74.501,0.14,-35.136,1.867,36.832,-92.534,76.518,-46.609,48.987,-88.088,135.032,-24.935,113.665,-62.31,95.704,148.648,255.011,369.964,159.291,-79.923,-197.381,-30.287,-126.239,37.807,-83.12,-5.769,-83.82,10.202,-56.033,95.427,-94.962,19.741,166.055,-183.346,9.611,-125.645,71.069,-24.535,87.552,-45.845,78.966,-22.301,-3.699,-9.317,-49.296,98.04,19.534,62.499,-84.712,81.307,-34.564,62.242,-72.323,-31.957,7.633
715,93.09,-37.593,113.78,3.28,149.267,-40.043,161.311,132.517,362.078,225.952,82.348,-97.042,366.25,-539.295,-33.649,-116.627,94.516,-108.992,7.302,-87.211,53.328,-54.767,83.498,-83.158,-2.848,106.76,87.11,-149.574,-131.905,125.891,-52.736,61.945,-62.049,45.589,-31.148,24.81,-42.833,-9.836,64.53,-5.22,56.094,-75.43,63.582,-66.978,39.059,-74.501,0.14,-35.136,1.867,36.832,-92.534,76.518,-46.609,48.987,-88.088,135.032,-24.935,113.665,-62.31,95.704,148.648,255.011,369.964,159.291,-79.923,-197.381,-30.287,-126.239,37.807,-83.12,-5.769,-83.82,10.202,-56.033,95.427,-94.962,19.741,166.055,-183.346,9.611,-125.645,71.069,-24.535,87.552,-45.845,78.966,-22.301,-3.699,-9.317,-49.296,98.04,19.534,62.499,-84.712,81.307,-34.564,62.242,-72.323,-31.957,7.633,-50.431
716,-37.593,113.78,3.28,149.267,-40.043,161.311,132.517,362.078,225.952,82.348,-97.042,366.25,-539.295,-33.649,-116.627,94.516,-108.992,7.302,-87.211,53.328,-54.767,83.498,-83.158,-2.848,106.76,87.11,-149.574,-131.905,125.891,-52.736,61.945,-62.049,45.589,-31.148,24.81,-42.833,-9.836,64.53,-5.22,56.094,-75.43,63.582,-66.978,39.059,-74.501,0.14,-35.136,1.867,36.832,-92.534,76.518,-46.609,48.987,-88.088,135.032,-24.935,113.665,-62.31,95.704,148.648,255.011,369.964,159.291,-79.923,-197.381,-30.287,-126.239,37.807,-83.12,-5.769,-83.82,10.202,-56.033,95.427,-94.962,19.741,166.055,-183.346,9.611,-125.645,71.069,-24.535,87.552,-45.845,78.966,-22.301,-3.699,-9.317,-49.296,98.04,19.534,62.499,-84.712,81.307,-34.564,62.242,-72.323,-31.957,7.633,-50.431,246.024
717,113.78,3.28,149.267,-40.043,161.311,132.517,362.078,225.952,82.348,-97.042,366.25,-539.295,-33.649,-116.627,94.516,-108.992,7.302,-87.211,53.328,-54.767,83.498,-83.158,-2.848,106.76,87.11,-149.574,-131.905,125.891,-52.736,61.945,-62.049,45.589,-31.148,24.81,-42.833,-9.836,64.53,-5.22,56.094,-75.43,63.582,-66.978,39.059,-74.501,0.14,-35.136,1.867,36.832,-92.534,76.518,-46.609,48.987,-88.088,135.032,-24.935,113.665,-62.31,95.704,148.648,255.011,369.964,159.291,-79.923,-197.381,-30.287,-126.239,37.807,-83.12,-5.769,-83.82,10.202,-56.033,95.427,-94.962,19.741,166.055,-183.346,9.611,-125.645,71.069,-24.535,87.552,-45.845,78.966,-22.301,-3.699,-9.317,-49.296,98.04,19.534,62.499,-84.712,81.307,-34.564,62.242,-72.323,-31.957,7.633,-50.431,246.024,-199.615
718,3.28,149.267,-40.043,161.311,132.517,362.078,225.952,82.348,-97.042,366.25,-539.295,-33.649,-116.627,94.516,-108.992,7.302,-87.211,53.328,-54.767,83.498,-83.158,-2.848,106.76,87.11,-149.574,-131.905,125.891,-52.736,61.945,-62.049,45.589,-31.148,24.81,-42.833,-9.836,64.53,-5.22,56.094,-75.43,63.582,-66.978,39.059,-74.501,0.14,-35.136,1.867,36.832,-92.534,76.518,-46.609,48.987,-88.088,135.032,-24.935,113.665,-62.31,95.704,148.648,255.011,369.964,159.291,-79.923,-197.381,-30.287,-126.239,37.807,-83.12,-5.769,-83.82,10.202,-56.033,95.427,-94.962,19.741,166.055,-183.346,9.611,-125.645,71.069,-24.535,87.552,-45.845,78.966,-22.301,-3.699,-9.317,-49.296,98.04,19.534,62.499,-84.712,81.307,-34.564,62.242,-72.323,-31.957,7.633,-50.431,246.024,-199.615,40.195
719,149.267,-40.043,161.311,132.517,362.078,225.952,82.348,-97.042,366.25,-539.295,-33.649,-116.627,94.516,-108.992,7.302,-87.211,53.328,-54.767,83.498,-83.158,-2.848,106.76,87.11,-149.574,-131.905,125.891,-52.736,61.945,-62.049,45.589,-31.148,24.81,-42.833,-9.836,64.53,-5.22,56.094,-75.43,63.582,-66.978,39.059,-74.501,0.14,-35.136,1.867,36.832,-92.534,76.518,-46.609,48.987,-88.088,135.032,-24.935,113.665,-62.31,95.704,148.648,255.011,369.964,159.291,-79.923,-197.381,-30.287,-126.239,37.807,-83.12,-5.769,-83.82,10.202,-56.033,95.427,-94.962,19.741,166.055,-183.346,9.611,-125.645,71.069,-24.535,87.552,-45.845,78.966,-22.301,-3.699,-9.317,-49.296,98.04,19.534,62.499,-84.712,81.307,-34.564,62.242,-72.323,-31.957,7.633,-50.431,246.024,-199.615,40.195,-60.82
720,-40.043,161.311,132.517,362.078,225.952,82.348,-97.042,366.25,-539.295,-33.649,-116.627,94.516,-108.992,7.302,-87.211,53.328,-54.767,83.498,-83.158,-2.848,106.76,87.11,-149.574,-131.905,125.891,-52.736,61.945,-62.049,45.589,-31.148,24.81,-42.833,-9.836,64.53,-5.22,56.094,-75.43,63.582,-66.978,39.059,-74.501,0.14,-35.136,1.867,36.832,-92.534,76.518,-46.609,48.987,-88.088,135.032,-24.935,113.665,-62.31,95.704,148.648,255.011,369.964,159.291,-79.923,-197.381,-30.287,-126.239,37.807,-83.12,-5.769,-83.82,10.202,-56.033,95.427,-94.962,19.741,166.055,-183.346,9.611,-125.645,71.069,-24.535,87.552,-45.845,78.966,-22.301,-3.699,-9.317,-49.296,98.04,19.534,62.499,-84.712,81.307,-34.564,62.242,-72.323,-31.957,7.633,-50.431,246.024,-199.615,40.195,-60.82,40.256
721,161.311,132.517,362.078,225.952,82.348,-97.042,366.25,-539.295,-33.649,-116.627,94.516,-108.992,7.302,-87.211,53.328,-54.767,83.498,-83.158,-2.848,106.76,87.11,-149.574,-131.905,125.891,-52.736,61.945,-62.049,45.589,-31.148,24.81,-42.833,-9.836,64.53,-5.22,56.094,-75.43,63.582,-66.978,39.059,-74.501,0.14,-35.136,1.867,36.832,-92.534,76.518,-46.609,48.987,-88.088,135.032,-24.935,113.665,-62.31,95.704,148.648,255.011,369.964,159.291,-79.923,-197.381,-30.287,-126.239,37.807,-83.12,-5.769,-83.82,10.202,-56.033,95.427,-94.962,19.741,166.055,-183.346,9.611,-125.645,71.069,-24.535,87.552,-45.845,78.966,-22.301,-3.699,-9.317,-49.296,98.04,19.534,62.499,-84.712,81.307,-34.564,62.242,-72.323,-31.957,7.633,-50.431,246.024,-199.615,40.195,-60.82,40.256,-76.937
722,132.517,362.078,225.952,82.348,-97.042,366.25,-539.295,-33.649,-116.627,94.516,-108.992,7.302,-87.211,53.328,-54.767,83.498,-83.158,-2.848,106.76,87.11,-149.574,-131.905,125.891,-52.736,61.945,-62.049,45.589,-31.148,24.81,-42.833,-9.836,64.53,-5.22,56.094,-75.43,63.582,-66.978,39.059,-74.501,0.14,-35.136,1.867,36.832,-92.534,76.518,-46.609,48.987,-88.088,135.032,-24.935,113.665,-62.31,95.704,148.648,255.011,369.964,159.291,-79.923,-197.381,-30.287,-126.239,37.807,-83.12,-5.769,-83.82,10.202,-56.033,95.427,-94.962,19.741,166.055,-183.346,9.611,-125.645,71.069,-24.535,87.552,-45.845,78.966,-22.301,-3.699,-9.317,-49.296,98.04,19.534,62.499,-84.712,81.307,-34.564,62.242,-72.323,-31.957,7.633,-50.431,246.024,-199.615,40.195,-60.82,40.256,-76.937,98.768
723,362.078,225.952,82.348,-97.042,366.25,-539.295,-33.649,-116.627,94.516,-108.992,7.302,-87.211,53.328,-54.767,83.498,-83.158,-2.848,106.76,87.11,-149.574,-131.905,125.891,-52.736,61.945,-62.049,45.589,-31.148,24.81,-42.833,-9.836,64.53,-5.22,56.094,-75.43,63.582,-66.978,39.059,-74.501,0.14,-35.136,1.867,36.832,-92.534,76.518,-46.609,48.987,-88.088,135.032,-24.935,113.665,-62.31,95.704,148.648,255.011,369.964,159.291,-79.923,-197.381,-30.287,-126.239,37.807,-83.12,-5.769,-83.82,10.202,-56.033,95.427,-94.962,19.741,166.055,-183.346,9.611,-125.645,71.069,-24.535,87.552,-45.845,78.966,-22.301,-3.699,-9.317,-49.296,98.04,19.534,62.499,-84.712,81.307,-34.564,62.242,-72.323,-31.957,7.633,-50.431,246.024,-199.615,40.195,-60.82,40.256,-76.937,98.768,21.751
724,225.952,82.348,-97.042,366.25,-539.295,-33.649,-116.627,94.516,-108.992,7.302,-87.211,53.328,-54.767,83.498,-83.158,-2.848,106.76,87.11,-149.574,-131.905,125.891,-52.736,61.945,-62.049,45.589,-31.148,24.81,-42.833,-9.836,64.53,-5.22,56.094,-75.43,63.582,-66.978,39.059,-74.501,0.14,-35.136,1.867,36.832,-92.534,76.518,-46.609,48.987,-88.088,135.032,-24.935,113.665,-62.31,95.704,148.648,255.011,369.964,159.291,-79.923,-197.381,-30.287,-126.239,37.807,-83.12,-5.769,-83.82,10.202,-56.033,95.427,-94.962,19.741,166.055,-183.346,9.611,-125.645,71.069,-24.535,87.552,-45.845,78.966,-22.301,-3.699,-9.317,-49.296,98.04,19.534,62.499,-84.712,81.307,-34.564,62.242,-72.323,-31.957,7.633,-50.431,246.024,-199.615,40.195,-60.82,40.256,-76.937,98.768,21.751,118.041
725,82.348,-97.042,366.25,-539.295,-33.649,-116.627,94.516,-108.992,7.302,-87.211,53.328,-54.767,83.498,-83.158,-2.848,106.76,87.11,-149.574,-131.905,125.891,-52.736,61.945,-62.049,45.589,-31.148,24.81,-42.833,-9.836,64.53,-5.22,56.094,-75.43,63.582,-66.978,39.059,-74.501,0.14,-35.136,1.867,36.832,-92.534,76.518,-46.609,48.987,-88.088,135.032,-24.935,113.665,-62.31,95.704,148.648,255.011,369.964,159.291,-79.923,-197.381,-30.287,-126.239,37.807,-83.12,-5.769,-83.82,10.202,-56.033,95.427,-94.962,19.741,166.055,-183.346,9.611,-125.645,71.069,-24.535,87.552,-45.845,78.966,-22.301,-3.699,-9.317,-49.296,98.04,19.534,62.499,-84.712,81.307,-34.564,62.242,-72.323,-31.957,7.633,-50.431,246.024,-199.615,40.195,-60.82,40.256,-76.937,98.768,21.751,118.041,-80.574
726,-97.042,366.25,-539.295,-33.649,-116.627,94.516,-108.992,7.302,-87.211,53.328,-54.767,83.498,-83.158,-2.848,106.76,87.11,-149.574,-131.905,125.891,-52.736,61.945,-62.049,45.589,-31.148,24.81,-42.833,-9.836,64.53,-5.22,56.094,-75.43,63.582,-66.978,39.059,-74.501,0.14,-35.136,1.867,36.832,-92.534,76.518,-46.609,48.987,-88.088,135.032,-24.935,113.665,-62.31,95.704,148.648,255.011,369.964,159.291,-79.923,-197.381,-30.287,-126.239,37.807,-83.12,-5.769,-83.82,10.202,-56.033,95.427,-94.962,19.741,166.055,-183.346,9.611,-125.645,71.069,-24.535,87.552,-45.845,78.966,-22.301,-3.699,-9.317,-49.296,98.04,19.534,62.499,-84.712,81.307,-34.564,62.242,-72.323,-31.957,7.633,-50.431,246.024,-199.615,40.195,-60.82,40.256,-76.937,98.768,21.751,118.041,-80.574,56.337
727,366.25,-539.295,-33.649,-116.627,94.516,-108.992,7.302,-87.211,53.328,-54.767,83.498,-83.158,-2.848,106.76,87.11,-149.574,-131.905,125.891,-52.736,61.945,-62.049,45.589,-31.148,24.81,-42.833,-9.836,64.53,-5.22,56.094,-75.43,63.582,-66.978,39.059,-74.501,0.14,-35.136,1.867,36.832,-92.534,76.518,-46.609,48.987,-88.088,135.032,-24.935,113.665,-62.31,95.704,148.648,255.011,369.964,159.291,-79.923,-197.381,-30.287,-126.239,37.807,-83.12,-5.769,-83.82,10.202,-56.033,95.427,-94.962,19.741,166.055,-183.346,9.611,-125.645,71.069,-24.535,87.552,-45.845,78.966,-22.301,-3.699,-9.317,-49.296,98.04,19.534,62.499,-84.712,81.307,-34.564,62.242,-72.323,-31.957,7.633,-50.431,246.024,-199.615,40.195,-60.82,40.256,-76.937,98.768,21.751,118.041,-80.574,56.337,255.971
728,-539.295,-33.649,-116.627,94.516,-108.992,7.302,-87.211,53.328,-54.767,83.498,-83.158,-2.848,106.76,87.11,-149.574,-131.905,125.891,-52.736,61.945,-62.049,45.589,-31.148,24.81,-42.833,-9.836,64.53,-5.22,56.094,-75.43,63.582,-66.978,39.059,-74.501,0.14,-35.136,1.867,36.832,-92.534,76.518,-46.609,48.987,-88.088,135.032,-24.935,113.665,-62.31,95.704,148.648,255.011,369.964,159.291,-79.923,-197.381,-30.287,-126.239,37.807,-83.12,-5.769,-83.82,10.202,-56.033,95.427,-94.962,19.741,166.055,-183.346,9.611,-125.645,71.069,-24.535,87.552,-45.845,78.966,-22.301,-3.699,-9.317,-49.296,98.04,19.534,62.499,-84.712,81.307,-34.564,62.242,-72.323,-31.957,7.633,-50.431,246.024,-199.615,40.195,-60.82,40.256,-76.937,98.768,21.751,118.041,-80.574,56.337,255.971,266.995
729,-33.649,-116.627,94.516,-108.992,7.302,-87.211,53.328,-54.767,83.498,-83.158,-2.848,106.76,87.11,-149.574,-131.905,125.891,-52.736,61.945,-62.049,45.589,-31.148,24.81,-42.833,-9.836,64.53,-5.22,56.094,-75.43,63.582,-66.978,39.059,-74.501,0.14,-35.136,1.867,36.832,-92.534,76.518,-46.609,48.987,-88.088,135.032,-24.935,113.665,-62.31,95.704,148.648,255.011,369.964,159.291,-79.923,-197.381,-30.287,-126.239,37.807,-83.12,-5.769,-83.82,10.202,-56.033,95.427,-94.962,19.741,166.055,-183.346,9.611,-125.645,71.069,-24.535,87.552,-45.845,78.966,-22.301,-3.699,-9.317,-49.296,98.04,19.534,62.499,-84.712,81.307,-34.564,62.242,-72.323,-31.957,7.633,-50.431,246.024,-199.615,40.195,-60.82,40.256,-76.937,98.768,21.751,118.041,-80.574,56.337,255.971,266.995,478.911
730,-116.627,94.516,-108.992,7.302,-87.211,53.328,-54.767,83.498,-83.158,-2.848,106.76,87.11,-149.574,-131.905,125.891,-52.736,61.945,-62.049,45.589,-31.148,24.81,-42.833,-9.836,64.53,-5.22,56.094,-75.43,63.582,-66.978,39.059,-74.501,0.14,-35.136,1.867,36.832,-92.534,76.518,-46.609,48.987,-88.088,135.032,-24.935,113.665,-62.31,95.704,148.648,255.011,369.964,159.291,-79.923,-197.381,-30.287,-126.239,37.807,-83.12,-5.769,-83.82,10.202,-56.033,95.427,-94.962,19.741,166.055,-183.346,9.611,-125.645,71.069,-24.535,87.552,-45.845,78.966,-22.301,-3.699,-9.317,-49.296,98.04,19.534,62.499,-84.712,81.307,-34.564,62.242,-72.323,-31.957,7.633,-50.431,246.024,-199.615,40.195,-60.82,40.256,-76.937,98.768,21.751,118.041,-80.574,56.337,255.971,266.995,478.911,102.716
731,94.516,-108.992,7.302,-87.211,53.328,-54.767,83.498,-83.158,-2.848,106.76,87.11,-149.574,-131.905,125.891,-52.736,61.945,-62.049,45.589,-31.148,24.81,-42.833,-9.836,64.53,-5.22,56.094,-75.43,63.582,-66.978,39.059,-74.501,0.14,-35.136,1.867,36.832,-92.534,76.518,-46.609,48.987,-88.088,135.032,-24.935,113.665,-62.31,95.704,148.648,255.011,369.964,159.291,-79.923,-197.381,-30.287,-126.239,37.807,-83.12,-5.769,-83.82,10.202,-56.033,95.427,-94.962,19.741,166.055,-183.346,9.611,-125.645,71.069,-24.535,87.552,-45.845,78.966,-22.301,-3.699,-9.317,-49.296,98.04,19.534,62.499,-84.712,81.307,-34.564,62.242,-72.323,-31.957,7.633,-50.431,246.024,-199.615,40.195,-60.82,40.256,-76.937,98.768,21.751,118.041,-80.574,56.337,255.971,266.995,478.911,102.716,-186.214
732,-108.992,7.302,-87.211,53.328,-54.767,83.498,-83.158,-2.848,106.76,87.11,-149.574,-131.905,125.891,-52.736,61.945,-62.049,45.589,-31.148,24.81,-42.833,-9.836,64.53,-5.22,56.094,-75.43,63.582,-66.978,39.059,-74.501,0.14,-35.136,1.867,36.832,-92.534,76.518,-46.609,48.987,-88.088,135.032,-24.935,113.665,-62.31,95.704,148.648,255.011,369.964,159.291,-79.923,-197.381,-30.287,-126.239,37.807,-83.12,-5.769,-83.82,10.202,-56.033,95.427,-94.962,19.741,166.055,-183.346,9.611,-125.645,71.069,-24.535,87.552,-45.845,78.966,-22.301,-3.699,-9.317,-49.296,98.04,19.534,62.499,-84.712,81.307,-34.564,62.242,-72.323,-31.957,7.633,-50.431,246.024,-199.615,40.195,-60.82,40.256,-76.937,98.768,21.751,118.041,-80.574,56.337,255.971,266.995,478.911,102.716,-186.214,-190.956
733,7.302,-87.211,53.328,-54.767,83.498,-83.158,-2.848,106.76,87.11,-149.574,-131.905,125.891,-52.736,61.945,-62.049,45.589,-31.148,24.81,-42.833,-9.836,64.53,-5.22,56.094,-75.43,63.582,-66.978,39.059,-74.501,0.14,-35.136,1.867,36.832,-92.534,76.518,-46.609,48.987,-88.088,135.032,-24.935,113.665,-62.31,95.704,148.648,255.011,369.964,159.291,-79.923,-197.381,-30.287,-126.239,37.807,-83.12,-5.769,-83.82,10.202,-56.033,95.427,-94.962,19.741,166.055,-183.346,9.611,-125.645,71.069,-24.535,87.552,-45.845,78.966,-22.301,-3.699,-9.317,-49.296,98.04,19.534,62.499,-84.712,81.307,-34.564,62.242,-72.323,-31.957,7.633,-50.431,246.024,-199.615,40.195,-60.82,40.256,-76.937,98.768,21.751,118.041,-80.574,56.337,255.971,266.995,478.911,102.716,-186.214,-190.956,-85.194
734,-87.211,53.328,-54.767,83.498,-83.158,-2.848,106.76,87.11,-149.574,-131.905,125.891,-52.736,61.945,-62.049,45.589,-31.148,24.81,-42.833,-9.836,64.53,-5.22,56.094,-75.43,63.582,-66.978,39.059,-74.501,0.14,-35.136,1.867,36.832,-92.534,76.518,-46.609,48.987,-88.088,135.032,-24.935,113.665,-62.31,95.704,148.648,255.011,369.964,159.291,-79.923,-197.381,-30.287,-126.239,37.807,-83.12,-5.769,-83.82,10.202,-56.033,95.427,-94.962,19.741,166.055,-183.346,9.611,-125.645,71.069,-24.535,87.552,-45.845,78.966,-22.301,-3.699,-9.317,-49.296,98.04,19.534,62.499,-84.712,81.307,-34.564,62.242,-72.323,-31.957,7.633,-50.431,246.024,-199.615,40.195,-60.82,40.256,-76.937,98.768,21.751,118.041,-80.574,56.337,255.971,266.995,478.911,102.716,-186.214,-190.956,-85.194,-129.642
735,53.328,-54.767,83.498,-83.158,-2.848,106.76,87.11,-149.574,-131.905,125.891,-52.736,61.945,-62.049,45.589,-31.148,24.81,-42.833,-9.836,64.53,-5.22,56.094,-75.43,63.582,-66.978,39.059,-74.501,0.14,-35.136,1.867,36.832,-92.534,76.518,-46.609,48.987,-88.088,135.032,-24.935,113.665,-62.31,95.704,148.648,255.011,369.964,159.291,-79.923,-197.381,-30.287,-126.239,37.807,-83.12,-5.769,-83.82,10.202,-56.033,95.427,-94.962,19.741,166.055,-183.346,9.611,-125.645,71.069,-24.535,87.552,-45.845,78.966,-22.301,-3.699,-9.317,-49.296,98.04,19.534,62.499,-84.712,81.307,-34.564,62.242,-72.323,-31.957,7.633,-50.431,246.024,-199.615,40.195,-60.82,40.256,-76.937,98.768,21.751,118.041,-80.574,56.337,255.971,266.995,478.911,102.716,-186.214,-190.956,-85.194,-129.642,-32.963
736,-54.767,83.498,-83.158,-2.848,106.76,87.11,-149.574,-131.905,125.891,-52.736,61.945,-62.049,45.589,-31.148,24.81,-42.833,-9.836,64.53,-5.22,56.094,-75.43,63.582,-66.978,39.059,-74.501,0.14,-35.136,1.867,36.832,-92.534,76.518,-46.609,48.987,-88.088,135.032,-24.935,113.665,-62.31,95.704,148.648,255.011,369.964,159.291,-79.923,-197.381,-30.287,-126.239,37.807,-83.12,-5.769,-83.82,10.202,-56.033,95.427,-94.962,19.741,166.055,-183.346,9.611,-125.645,71.069,-24.535,87.552,-45.845,78.966,-22.301,-3.699,-9.317,-49.296,98.04,19.534,62.499,-84.712,81.307,-34.564,62.242,-72.323,-31.957,7.633,-50.431,246.024,-199.615,40.195,-60.82,40.256,-76.937,98.768,21.751,118.041,-80.574,56.337,255.971,266.995,478.911,102.716,-186.214,-190.956,-85.194,-129.642,-32.963,39.001
737,83.498,-83.158,-2.848,106.76,87.11,-149.574,-131.905,125.891,-52.736,61.945,-62.049,45.589,-31.148,24.81,-42.833,-9.836,64.53,-5.22,56.094,-75.43,63.582,-66.978,39.059,-74.501,0.14,-35.136,1.867,36.832,-92.534,76.518,-46.609,48.987,-88.088,135.032,-24.935,113.665,-62.31,95.704,148.648,255.011,369.964,159.291,-79.923,-197.381,-30.287,-126.239,37.807,-83.12,-5.769,-83.82,10.202,-56.033,95.427,-94.962,19.741,166.055,-183.346,9.611,-125.645,71.069,-24.535,87.552,-45.845,78.966,-22.301,-3.699,-9.317,-49.296,98.04,19.534,62.499,-84.712,81.307,-34.564,62.242,-72.323,-31.957,7.633,-50.431,246.024,-199.615,40.195,-60.82,40.256,-76.937,98.768,21.751,118.041,-80.574,56.337,255.971,266.995,478.911,102.716,-186.214,-190.956,-85.194,-129.642,-32.963,39.001,-63.748
738,-83.158,-2.848,106.76,87.11,-149.574,-131.905,125.891,-52.736,61.945,-62.049,45.589,-31.148,24.81,-42.833,-9.836,64.53,-5.22,56.094,-75.43,63.582,-66.978,39.059,-74.501,0.14,-35.136,1.867,36.832,-92.534,76.518,-46.609,48.987,-88.088,135.032,-24.935,113.665,-62.31,95.704,148.648,255.011,369.964,159.291,-79.923,-197.381,-30.287,-126.239,37.807,-83.12,-5.769,-83.82,10.202,-56.033,95.427,-94.962,19.741,166.055,-183.346,9.611,-125.645,71.069,-24.535,87.552,-45.845,78.966,-22.301,-3.699,-9.317,-49.296,98.04,19.534,62.499,-84.712,81.307,-34.564,62.242,-72.323,-31.957,7.633,-50.431,246.024,-199.615,40.195,-60.82,40.256,-76.937,98.768,21.751,118.041,-80.574,56.337,255.971,266.995,478.911,102.716,-186.214,-190.956,-85.194,-129.642,-32.963,39.001,-63.748,-45.673
739,-2.848,106.76,87.11,-149.574,-131.905,125.891,-52.736,61.945,-62.049,45.589,-31.148,24.81,-42.833,-9.836,64.53,-5.22,56.094,-75.43,63.582,-66.978,39.059,-74.501,0.14,-35.136,1.867,36.832,-92.534,76.518,-46.609,48.987,-88.088,135.032,-24.935,113.665,-62.31,95.704,148.648,255.011,369.964,159.291,-79.923,-197.381,-30.287,-126.239,37.807,-83.12,-5.769,-83.82,10.202,-56.033,95.427,-94.962,19.741,166.055,-183.346,9.611,-125.645,71.069,-24.535,87.552,-45.845,78.966,-22.301,-3.699,-9.317,-49.296,98.04,19.534,62.499,-84.712,81.307,-34.564,62.242,-72.323,-31.957,7.633,-50.431,246.024,-199.615,40.195,-60.82,40.256,-76.937,98.768,21.751,118.041,-80.574,56.337,255.971,266.995,478.911,102.716,-186.214,-190.956,-85.194,-129.642,-32.963,39.001,-63.748,-45.673,-35.048
740,106.76,87.11,-149.574,-131.905,125.891,-52.736,61.945,-62.049,45.589,-31.148,24.81,-42.833,-9.836,64.53,-5.22,56.094,-75.43,63.582,-66.978,39.059,-74.501,0.14,-35.136,1.867,36.832,-92.534,76.518,-46.609,48.987,-88.088,135.032,-24.935,113.665,-62.31,95.704,148.648,255.011,369.964,159.291,-79.923,-197.381,-30.287,-126.239,37.807,-83.12,-5.769,-83.82,10.202,-56.033,95.427,-94.962,19.741,166.055,-183.346,9.611,-125.645,71.069,-24.535,87.552,-45.845,78.966,-22.301,-3.699,-9.317,-49.296,98.04,19.534,62.499,-84.712,81.307,-34.564,62.242,-72.323,-31.957,7.633,-50.431,246.024,-199.615,40.195,-60.82,40.256,-76.937,98.768,21.751,118.041,-80.574,56.337,255.971,266.995,478.911,102.716,-186.214,-190.956,-85.194,-129.642,-32.963,39.001,-63.748,-45.673,-35.048,-8.987
741,87.11,-149.574,-131.905,125.891,-52.736,61.945,-62.049,45.589,-31.148,24.81,-42.833,-9.836,64.53,-5.22,56.094,-75.43,63.582,-66.978,39.059,-74.501,0.14,-35.136,1.867,36.832,-92.534,76.518,-46.609,48.987,-88.088,135.032,-24.935,113.665,-62.31,95.704,148.648,255.011,369.964,159.291,-79.923,-197.381,-30.287,-126.239,37.807,-83.12,-5.769,-83.82,10.202,-56.033,95.427,-94.962,19.741,166.055,-183.346,9.611,-125.645,71.069,-24.535,87.552,-45.845,78.966,-22.301,-3.699,-9.317,-49.296,98.04,19.534,62.499,-84.712,81.307,-34.564,62.242,-72.323,-31.957,7.633,-50.431,246.024,-199.615,40.195,-60.82,40.256,-76.937,98.768,21.751,118.041,-80.574,56.337,255.971,266.995,478.911,102.716,-186.214,-190.956,-85.194,-129.642,-32.963,39.001,-63.748,-45.673,-35.048,-8.987,-45.251
742,-149.574,-131.905,125.891,-52.736,61.945,-62.049,45.589,-31.148,24.81,-42.833,-9.836,64.53,-5.22,56.094,-75.43,63.582,-66.978,39.059,-74.501,0.14,-35.136,1.867,36.832,-92.534,76.518,-46.609,48.987,-88.088,135.032,-24.935,113.665,-62.31,95.704,148.648,255.011,369.964,159.291,-79.923,-197.381,-30.287,-126.239,37.807,-83.12,-5.769,-83.82,10.202,-56.033,95.427,-94.962,19.741,166.055,-183.346,9.611,-125.645,71.069,-24.535,87.552,-45.845,78.966,-22.301,-3.699,-9.317,-49.296,98.04,19.534,62.499,-84.712,81.307,-34.564,62.242,-72.323,-31.957,7.633,-50.431,246.024,-199.615,40.195,-60.82,40.256,-76.937,98.768,21.751,118.041,-80.574,56.337,255.971,266.995,478.911,102.716,-186.214,-190.956,-85.194,-129.642,-32.963,39.001,-63.748,-45.673,-35.048,-8.987,-45.251,65.296
743,-131.905,125.891,-52.736,61.945,-62.049,45.589,-31.148,24.81,-42.833,-9.836,64.53,-5.22,56.094,-75.43,63.582,-66.978,39.059,-74.501,0.14,-35.136,1.867,36.832,-92.534,76.518,-46.609,48.987,-88.088,135.032,-24.935,113.665,-62.31,95.704,148.648,255.011,369.964,159.291,-79.923,-197.381,-30.287,-126.239,37.807,-83.12,-5.769,-83.82,10.202,-56.033,95.427,-94.962,19.741,166.055,-183.346,9.611,-125.645,71.069,-24.535,87.552,-45.845,78.966,-22.301,-3.699,-9.317,-49.296,98.04,19.534,62.499,-84.712,81.307,-34.564,62.242,-72.323,-31.957,7.633,-50.431,246.024,-199.615,40.195,-60.82,40.256,-76.937,98.768,21.751,118.041,-80.574,56.337,255.971,266.995,478.911,102.716,-186.214,-190.956,-85.194,-129.642,-32.963,39.001,-63.748,-45.673,-35.048,-8.987,-45.251,65.296,-87.331
744,125.891,-52.736,61.945,-62.049,45.589,-31.148,24.81,-42.833,-9.836,64.53,-5.22,56.094,-75.43,63.582,-66.978,39.059,-74.501,0.14,-35.136,1.867,36.832,-92.534,76.518,-46.609,48.987,-88.088,135.032,-24.935,113.665,-62.31,95.704,148.648,255.011,369.964,159.291,-79.923,-197.381,-30.287,-126.239,37.807,-83.12,-5.769,-83.82,10.202,-56.033,95.427,-94.962,19.741,166.055,-183.346,9.611,-125.645,71.069,-24.535,87.552,-45.845,78.966,-22.301,-3.699,-9.317,-49.296,98.04,19.534,62.499,-84.712,81.307,-34.564,62.242,-72.323,-31.957,7.633,-50.431,246.024,-199.615,40.195,-60.82,40.256,-76.937,98.768,21.751,118.041,-80.574,56.337,255.971,266.995,478.911,102.716,-186.214,-190.956,-85.194,-129.642,-32.963,39.001,-63.748,-45.673,-35.048,-8.987,-45.251,65.296,-87.331,54.74
745,-52.736,61.945,-62.049,45.589,-31.148,24.81,-42.833,-9.836,64.53,-5.22,56.094,-75.43,63.582,-66.978,39.059,-74.501,0.14,-35.136,1.867,36.832,-92.534,76.518,-46.609,48.987,-88.088,135.032,-24.935,113.665,-62.31,95.704,148.648,255.011,369.964,159.291,-79.923,-197.381,-30.287,-126.239,37.807,-83.12,-5.769,-83.82,10.202,-56.033,95.427,-94.962,19.741,166.055,-183.346,9.611,-125.645,71.069,-24.535,87.552,-45.845,78.966,-22.301,-3.699,-9.317,-49.296,98.04,19.534,62.499,-84.712,81.307,-34.564,62.242,-72.323,-31.957,7.633,-50.431,246.024,-199.615,40.195,-60.82,40.256,-76.937,98.768,21.751,118.041,-80.574,56.337,255.971,266.995,478.911,102.716,-186.214,-190.956,-85.194,-129.642,-32.963,39.001,-63.748,-45.673,-35.048,-8.987,-45.251,65.296,-87.331,54.74,-53.855
746,61.945,-62.049,45.589,-31.148,24.81,-42.833,-9.836,64.53,-5.22,56.094,-75.43,63.582,-66.978,39.059,-74.501,0.14,-35.136,1.867,36.832,-92.534,76.518,-46.609,48.987,-88.088,135.032,-24.935,113.665,-62.31,95.704,148.648,255.011,369.964,159.291,-79.923,-197.381,-30.287,-126.239,37.807,-83.12,-5.769,-83.82,10.202,-56.033,95.427,-94.962,19.741,166.055,-183.346,9.611,-125.645,71.069,-24.535,87.552,-45.845,78.966,-22.301,-3.699,-9.317,-49.296,98.04,19.534,62.499,-84.712,81.307,-34.564,62.242,-72.323,-31.957,7.633,-50.431,246.024,-199.615,40.195,-60.82,40.256,-76.937,98.768,21.751,118.041,-80.574,56.337,255.971,266.995,478.911,102.716,-186.214,-190.956,-85.194,-129.642,-32.963,39.001,-63.748,-45.673,-35.048,-8.987,-45.251,65.296,-87.331,54.74,-53.855,105.191
747,-62.049,45.589,-31.148,24.81,-42.833,-9.836,64.53,-5.22,56.094,-75.43,63.582,-66.978,39.059,-74.501,0.14,-35.136,1.867,36.832,-92.534,76.518,-46.609,48.987,-88.088,135.032,-24.935,113.665,-62.31,95.704,148.648,255.011,369.964,159.291,-79.923,-197.381,-30.287,-126.239,37.807,-83.12,-5.769,-83.82,10.202,-56.033,95.427,-94.962,19.741,166.055,-183.346,9.611,-125.645,71.069,-24.535,87.552,-45.845,78.966,-22.301,-3.699,-9.317,-49.296,98.04,19.534,62.499,-84.712,81.307,-34.564,62.242,-72.323,-31.957,7.633,-50.431,246.024,-199.615,40.195,-60.82,40.256,-76.937,98.768,21.751,118.041,-80.574,56.337,255.971,266.995,478.911,102.716,-186.214,-190.956,-85.194,-129.642,-32.963,39.001,-63.748,-45.673,-35.048,-8.987,-45.251,65.296,-87.331,54.74,-53.855,105.191,215.911
748,45.589,-31.148,24.81,-42.833,-9.836,64.53,-5.22,56.094,-75.43,63.582,-66.978,39.059,-74.501,0.14,-35.136,1.867,36.832,-92.534,76.518,-46.609,48.987,-88.088,135.032,-24.935,113.665,-62.31,95.704,148.648,255.011,369.964,159.291,-79.923,-197.381,-30.287,-126.239,37.807,-83.12,-5.769,-83.82,10.202,-56.033,95.427,-94.962,19.741,166.055,-183.346,9.611,-125.645,71.069,-24.535,87.552,-45.845,78.966,-22.301,-3.699,-9.317,-49.296,98.04,19.534,62.499,-84.712,81.307,-34.564,62.242,-72.323,-31.957,7.633,-50.431,246.024,-199.615,40.195,-60.82,40.256,-76.937,98.768,21.751,118.041,-80.574,56.337,255.971,266.995,478.911,102.716,-186.214,-190.956,-85.194,-129.642,-32.963,39.001,-63.748,-45.673,-35.048,-8.987,-45.251,65.296,-87.331,54.74,-53.855,105.191,215.911,-179.894
749,-31.148,24.81,-42.833,-9.836,64.53,-5.22,56.094,-75.43,63.582,-66.978,39.059,-74.501,0.14,-35.136,1.867,36.832,-92.534,76.518,-46.609,48.987,-88.088,135.032,-24.935,113.665,-62.31,95.704,148.648,255.011,369.964,159.291,-79.923,-197.381,-30.287,-126.239,37.807,-83.12,-5.769,-83.82,10.202,-56.033,95.427,-94.962,19.741,166.055,-183.346,9.611,-125.645,71.069,-24.535,87.552,-45.845,78.966,-22.301,-3.699,-9.317,-49.296,98.04,19.534,62.499,-84.712,81.307,-34.564,62.242,-72.323,-31.957,7.633,-50.431,246.024,-199.615,40.195,-60.82,40.256,-76.937,98.768,21.751,118.041,-80.574,56.337,255.971,266.995,478.911,102.716,-186.214,-190.956,-85.194,-129.642,-32.963,39.001,-63.748,-45.673,-35.048,-8.987,-45.251,65.296,-87.331,54.74,-53.855,105.191,215.911,-179.894,-88.295
750,24.81,-42.833,-9.836,64.53,-5.22,56.094,-75.43,63.582,-66.978,39.059,-74.501,0.14,-35.136,1.867,36.832,-92.534,76.518,-46.609,48.987,-88.088,135.032,-24.935,113.665,-62.31,95.704,148.648,255.011,369.964,159.291,-79.923,-197.381,-30.287,-126.239,37.807,-83.12,-5.769,-83.82,10.202,-56.033,95.427,-94.962,19.741,166.055,-183.346,9.611,-125.645,71.069,-24.535,87.552,-45.845,78.966,-22.301,-3.699,-9.317,-49.296,98.04,19.534,62.499,-84.712,81.307,-34.564,62.242,-72.323,-31.957,7.633,-50.431,246.024,-199.615,40.195,-60.82,40.256,-76.937,98.768,21.751,118.041,-80.574,56.337,255.971,266.995,478.911,102.716,-186.214,-190.956,-85.194,-129.642,-32.963,39.001,-63.748,-45.673,-35.048,-8.987,-45.251,65.296,-87.331,54.74,-53.855,105.191,215.911,-179.894,-88.295,46.798
751,-42.833,-9.836,64.53,-5.22,56.094,-75.43,63.582,-66.978,39.059,-74.501,0.14,-35.136,1.867,36.832,-92.534,76.518,-46.609,48.987,-88.088,135.032,-24.935,113.665,-62.31,95.704,148.648,255.011,369.964,159.291,-79.923,-197.381,-30.287,-126.239,37.807,-83.12,-5.769,-83.82,10.202,-56.033,95.427,-94.962,19.741,166.055,-183.346,9.611,-125.645,71.069,-24.535,87.552,-45.845,78.966,-22.301,-3.699,-9.317,-49.296,98.04,19.534,62.499,-84.712,81.307,-34.564,62.242,-72.323,-31.957,7.633,-50.431,246.024,-199.615,40.195,-60.82,40.256,-76.937,98.768,21.751,118.041,-80.574,56.337,255.971,266.995,478.911,102.716,-186.214,-190.956,-85.194,-129.642,-32.963,39.001,-63.748,-45.673,-35.048,-8.987,-45.251,65.296,-87.331,54.74,-53.855,105.191,215.911,-179.894,-88.295,46.798,-38.156
752,-9.836,64.53,-5.22,56.094,-75.43,63.582,-66.978,39.059,-74.501,0.14,-35.136,1.867,36.832,-92.534,76.518,-46.609,48.987,-88.088,135.032,-24.935,113.665,-62.31,95.704,148.648,255.011,369.964,159.291,-79.923,-197.381,-30.287,-126.239,37.807,-83.12,-5.769,-83.82,10.202,-56.033,95.427,-94.962,19.741,166.055,-183.346,9.611,-125.645,71.069,-24.535,87.552,-45.845,78.966,-22.301,-3.699,-9.317,-49.296,98.04,19.534,62.499,-84.712,81.307,-34.564,62.242,-72.323,-31.957,7.633,-50.431,246.024,-199.615,40.195,-60.82,40.256,-76.937,98.768,21.751,118.041,-80.574,56.337,255.971,266.995,478.911,102.716,-186.214,-190.956,-85.194,-129.642,-32.963,39.001,-63.748,-45.673,-35.048,-8.987,-45.251,65.296,-87.331,54.74,-53.855,105.191,215.911,-179.894,-88.295,46.798,-38.156,-6.994
753,64.53,-5.22,56.094,-75.43,63.582,-66.978,39.059,-74.501,0.14,-35.136,1.867,36.832,-92.534,76.518,-46.609,48.987,-88.088,135.032,-24.935,113.665,-62.31,95.704,148.648,255.011,369.964,159.291,-79.923,-197.381,-30.287,-126.239,37.807,-83.12,-5.769,-83.82,10.202,-56.033,95.427,-94.962,19.741,166.055,-183.346,9.611,-125.645,71.069,-24.535,87.552,-45.845,78.966,-22.301,-3.699,-9.317,-49.296,98.04,19.534,62.499,-84.712,81.307,-34.564,62.242,-72.323,-31.957,7.633,-50.431,246.024,-199.615,40.195,-60.82,40.256,-76.937,98.768,21.751,118.041,-80.574,56.337,255.971,266.995,478.911,102.716,-186.214,-190.956,-85.194,-129.642,-32.963,39.001,-63.748,-45.673,-35.048,-8.987,-45.251,65.296,-87.331,54.74,-53.855,105.191,215.911,-179.894,-88.295,46.798,-38.156,-6.994,54.261
754,-5.22,56.094,-75.43,63.582,-66.978,39.059,-74.501,0.14,-35.136,1.867,36.832,-92.534,76.518,-46.609,48.987,-88.088,135.032,-24.935,113.665,-62.31,95.704,148.648,255.011,369.964,159.291,-79.923,-197.381,-30.287,-126.239,37.807,-83.12,-5.769,-83.82,10.202,-56.033,95.427,-94.962,19.741,166.055,-183.346,9.611,-125.645,71.069,-24.535,87.552,-45.845,78.966,-22.301,-3.699,-9.317,-49.296,98.04,19.534,62.499,-84.712,81.307,-34.564,62.242,-72.323,-31.957,7.633,-50.431,246.024,-199.615,40.195,-60.82,40.256,-76.937,98.768,21.751,118.041,-80.574,56.337,255.971,266.995,478.911,102.716,-186.214,-190.956,-85.194,-129.642,-32.963,39.001,-63.748,-45.673,-35.048,-8.987,-45.251,65.296,-87.331,54.74,-53.855,105.191,215.911,-179.894,-88.295,46.798,-38.156,-6.994,54.261,-56.378
755,56.094,-75.43,63.582,-66.978,39.059,-74.501,0.14,-35.136,1.867,36.832,-92.534,76.518,-46.609,48.987,-88.088,135.032,-24.935,113.665,-62.31,95.704,148.648,255.011,369.964,159.291,-79.923,-197.381,-30.287,-126.239,37.807,-83.12,-5.769,-83.82,10.202,-56.033,95.427,-94.962,19.741,166.055,-183.346,9.611,-125.645,71.069,-24.535,87.552,-45.845,78.966,-22.301,-3.699,-9.317,-49.296,98.04,19.534,62.499,-84.712,81.307,-34.564,62.242,-72.323,-31.957,7.633,-50.431,246.024,-199.615,40.195,-60.82,40.256,-76.937,98.768,21.751,118.041,-80.574,56.337,255.971,266.995,478.911,102.716,-186.214,-190.956,-85.194,-129.642,-32.963,39.001,-63.748,-45.673,-35.048,-8.987,-45.251,65.296,-87.331,54.74,-53.855,105.191,215.911,-179.894,-88.295,46.798,-38.156,-6.994,54.261,-56.378,50.89
756,-75.43,63.582,-66.978,39.059,-74.501,0.14,-35.136,1.867,36.832,-92.534,76.518,-46.609,48.987,-88.088,135.032,-24.935,113.665,-62.31,95.704,148.648,255.011,369.964,159.291,-79.923,-197.381,-30.287,-126.239,37.807,-83.12,-5.769,-83.82,10.202,-56.033,95.427,-94.962,19.741,166.055,-183.346,9.611,-125.645,71.069,-24.535,87.552,-45.845,78.966,-22.301,-3.699,-9.317,-49.296,98.04,19.534,62.499,-84.712,81.307,-34.564,62.242,-72.323,-31.957,7.633,-50.431,246.024,-199.615,40.195,-60.82,40.256,-76.937,98.768,21.751,118.041,-80.574,56.337,255.971,266.995,478.911,102.716,-186.214,-190.956,-85.194,-129.642,-32.963,39.001,-63.748,-45.673,-35.048,-8.987,-45.251,65.296,-87.331,54.74,-53.855,105.191,215.911,-179.894,-88.295,46.798,-38.156,-6.994,54.261,-56.378,50.89,-94.446
757,63.582,-66.978,39.059,-74.501,0.14,-35.136,1.867,36.832,-92.534,76.518,-46.609,48.987,-88.088,135.032,-24.935,113.665,-62.31,95.704,148.648,255.011,369.964,159.291,-79.923,-197.381,-30.287,-126.239,37.807,-83.12,-5.769,-83.82,10.202,-56.033,95.427,-94.962,19.741,166.055,-183.346,9.611,-125.645,71.069,-24.535,87.552,-45.845,78.966,-22.301,-3.699,-9.317,-49.296,98.04,19.534,62.499,-84.712,81.307,-34.564,62.242,-72.323,-31.957,7.633,-50.431,246.024,-199.615,40.195,-60.82,40.256,-76.937,98.768,21.751,118.041,-80.574,56.337,255.971,266.995,478.911,102.716,-186.214,-190.956,-85.194,-129.642,-32.963,39.001,-63.748,-45.673,-35.048,-8.987,-45.251,65.296,-87.331,54.74,-53.855,105.191,215.911,-179.894,-88.295,46.798,-38.156,-6.994,54.261,-56.378,50.89,-94.446,60.058
758,-66.978,39.059,-74.501,0.14,-35.136,1.867,36.832,-92.534,76.518,-46.609,48.987,-88.088,135.032,-24.935,113.665,-62.31,95.704,148.648,255.011,369.964,159.291,-79.923,-197.381,-30.287,-126.239,37.807,-83.12,-5.769,-83.82,10.202,-56.033,95.427,-94.962,19.741,166.055,-183.346,9.611,-125.645,71.069,-24.535,87.552,-45.845,78.966,-22.301,-3.699,-9.317,-49.296,98.04,19.534,62.499,-84.712,81.307,-34.564,62.242,-72.323,-31.957,7.633,-50.431,246.024,-199.615,40.195,-60.82,40.256,-76.937,98.768,21.751,118.041,-80.574,56.337,255.971,266.995,478.911,102.716,-186.214,-190.956,-85.194,-129.642,-32.963,39.001,-63.748,-45.673,-35.048,-8.987,-45.251,65.296,-87.331,54.74,-53.855,105.191,215.911,-179.894,-88.295,46.798,-38.156,-6.994,54.261,-56.378,50.89,-94.446,60.058,27.185
759,39.059,-74.501,0.14,-35.136,1.867,36.832,-92.534,76.518,-46.609,48.987,-88.088,135.032,-24.935,113.665,-62.31,95.704,148.648,255.011,369.964,159.291,-79.923,-197.381,-30.287,-126.239,37.807,-83.12,-5.769,-83.82,10.202,-56.033,95.427,-94.962,19.741,166.055,-183.346,9.611,-125.645,71.069,-24.535,87.552,-45.845,78.966,-22.301,-3.699,-9.317,-49.296,98.04,19.534,62.499,-84.712,81.307,-34.564,62.242,-72.323,-31.957,7.633,-50.431,246.024,-199.615,40.195,-60.82,40.256,-76.937,98.768,21.751,118.041,-80.574,56.337,255.971,266.995,478.911,102.716,-186.214,-190.956,-85.194,-129.642,-32.963,39.001,-63.748,-45.673,-35.048,-8.987,-45.251,65.296,-87.331,54.74,-53.855,105.191,215.911,-179.894,-88.295,46.798,-38.156,-6.994,54.261,-56.378,50.89,-94.446,60.058,27.185,68.614
760,-74.501,0.14,-35.136,1.867,36.832,-92.534,76.518,-46.609,48.987,-88.088,135.032,-24.935,113.665,-62.31,95.704,148.648,255.011,369.964,159.291,-79.923,-197.381,-30.287,-126.239,37.807,-83.12,-5.769,-83.82,10.202,-56.033,95.427,-94.962,19.741,166.055,-183.346,9.611,-125.645,71.069,-24.535,87.552,-45.845,78.966,-22.301,-3.699,-9.317,-49.296,98.04,19.534,62.499,-84.712,81.307,-34.564,62.242,-72.323,-31.957,7.633,-50.431,246.024,-199.615,40.195,-60.82,40.256,-76.937,98.768,21.751,118.041,-80.574,56.337,255.971,266.995,478.911,102.716,-186.214,-190.956,-85.194,-129.642,-32.963,39.001,-63.748,-45.673,-35.048,-8.987,-45.251,65.296,-87.331,54.74,-53.855,105.191,215.911,-179.894,-88.295,46.798,-38.156,-6.994,54.261,-56.378,50.89,-94.446,60.058,27.185,68.614,-67.004
761,0.14,-35.136,1.867,36.832,-92.534,76.518,-46.609,48.987,-88.088,135.032,-24.935,113.665,-62.31,95.704,148.648,255.011,369.964,159.291,-79.923,-197.381,-30.287,-126.239,37.807,-83.12,-5.769,-83.82,10.202,-56.033,95.427,-94.962,19.741,166.055,-183.346,9.611,-125.645,71.069,-24.535,87.552,-45.845,78.966,-22.301,-3.699,-9.317,-49.296,98.04,19.534,62.499,-84.712,81.307,-34.564,62.242,-72.323,-31.957,7.633,-50.431,246.024,-199.615,40.195,-60.82,40.256,-76.937,98.768,21.751,118.041,-80.574,56.337,255.971,266.995,478.911,102.716,-186.214,-190.956,-85.194,-129.642,-32.963,39.001,-63.748,-45.673,-35.048,-8.987,-45.251,65.296,-87.331,54.74,-53.855,105.191,215.911,-179.894,-88.295,46.798,-38.156,-6.994,54.261,-56.378,50.89,-94.446,60.058,27.185,68.614,-67.004,44.202
762,-35.136,1.867,36.832,-92.534,76.518,-46.609,48.987,-88.088,135.032,-24.935,113.665,-62.31,95.704,148.648,255.011,369.964,159.291,-79.923,-197.381,-30.287,-126.239,37.807,-83.12,-5.769,-83.82,10.202,-56.033,95.427,-94.962,19.741,166.055,-183.346,9.611,-125.645,71.069,-24.535,87.552,-45.845,78.966,-22.301,-3.699,-9.317,-49.296,98.04,19.534,62.499,-84.712,81.307,-34.564,62.242,-72.323,-31.957,7.633,-50.431,246.024,-199.615,40.195,-60.82,40.256,-76.937,98.768,21.751,118.041,-80.574,56.337,255.971,266.995,478.911,102.716,-186.214,-190.956,-85.194,-129.642,-32.963,39.001,-63.748,-45.673,-35.048,-8.987,-45.251,65.296,-87.331,54.74,-53.855,105.191,215.911,-179.894,-88.295,46.798,-38.156,-6.994,54.261,-56.378,50.89,-94.446,60.058,27.185,68.614,-67.004,44.202,-13.781
763,1.867,36.832,-92.534,76.518,-46.609,48.987,-88.088,135.032,-24.935,113.665,-62.31,95.704,148.648,255.011,369.964,159.291,-79.923,-197.381,-30.287,-126.239,37.807,-83.12,-5.769,-83.82,10.202,-56.033,95.427,-94.962,19.741,166.055,-183.346,9.611,-125.645,71.069,-24.535,87.552,-45.845,78.966,-22.301,-3.699,-9.317,-49.296,98.04,19.534,62.499,-84.712,81.307,-34.564,62.242,-72.323,-31.957,7.633,-50.431,246.024,-199.615,40.195,-60.82,40.256,-76.937,98.768,21.751,118.041,-80.574,56.337,255.971,266.995,478.911,102.716,-186.214,-190.956,-85.194,-129.642,-32.963,39.001,-63.748,-45.673,-35.048,-8.987,-45.251,65.296,-87.331,54.74,-53.855,105.191,215.911,-179.894,-88.295,46.798,-38.156,-6.994,54.261,-56.378,50.89,-94.446,60.058,27.185,68.614,-67.004,44.202,-13.781,23.526
764,36.832,-92.534,76.518,-46.609,48.987,-88.088,135.032,-24.935,113.665,-62.31,95.704,148.648,255.011,369.964,159.291,-79.923,-197.381,-30.287,-126.239,37.807,-83.12,-5.769,-83.82,10.202,-56.033,95.427,-94.962,19.741,166.055,-183.346,9.611,-125.645,71.069,-24.535,87.552,-45.845,78.966,-22.301,-3.699,-9.317,-49.296,98.04,19.534,62.499,-84.712,81.307,-34.564,62.242,-72.323,-31.957,7.633,-50.431,246.024,-199.615,40.195,-60.82,40.256,-76.937,98.768,21.751,118.041,-80.574,56.337,255.971,266.995,478.911,102.716,-186.214,-190.956,-85.194,-129.642,-32.963,39.001,-63.748,-45.673,-35.048,-8.987,-45.251,65.296,-87.331,54.74,-53.855,105.191,215.911,-179.894,-88.295,46.798,-38.156,-6.994,54.261,-56.378,50.89,-94.446,60.058,27.185,68.614,-67.004,44.202,-13.781,23.526,-32.119
765,-92.534,76.518,-46.609,48.987,-88.088,135.032,-24.935,113.665,-62.31,95.704,148.648,255.011,369.964,159.291,-79.923,-197.381,-30.287,-126.239,37.807,-83.12,-5.769,-83.82,10.202,-56.033,95.427,-94.962,19.741,166.055,-183.346,9.611,-125.645,71.069,-24.535,87.552,-45.845,78.966,-22.301,-3.699,-9.317,-49.296,98.04,19.534,62.499,-84.712,81.307,-34.564,62.242,-72.323,-31.957,7.633,-50.431,246.024,-199.615,40.195,-60.82,40.256,-76.937,98.768,21.751,118.041,-80.574,56.337,255.971,266.995,478.911,102.716,-186.214,-190.956,-85.194,-129.642,-32.963,39.001,-63.748,-45.673,-35.048,-8.987,-45.251,65.296,-87.331,54.74,-53.855,105.191,215.911,-179.894,-88.295,46.798,-38.156,-6.994,54.261,-56.378,50.89,-94.446,60.058,27.185,68.614,-67.004,44.202,-13.781,23.526,-32.119,-75.125
766,76.518,-46.609,48.987,-88.088,135.032,-24.935,113.665,-62.31,95.704,148.648,255.011,369.964,159.291,-79.923,-197.381,-30.287,-126.239,37.807,-83.12,-5.769,-83.82,10.202,-56.033,95.427,-94.962,19.741,166.055,-183.346,9.611,-125.645,71.069,-24.535,87.552,-45.845,78.966,-22.301,-3.699,-9.317,-49.296,98.04,19.534,62.499,-84.712,81.307,-34.564,62.242,-72.323,-31.957,7.633,-50.431,246.024,-199.615,40.195,-60.82,40.256,-76.937,98.768,21.751,118.041,-80.574,56.337,255.971,266.995,478.911,102.716,-186.214,-190.956,-85.194,-129.642,-32.963,39.001,-63.748,-45.673,-35.048,-8.987,-45.251,65.296,-87.331,54.74,-53.855,105.191,215.911,-179.894,-88.295,46.798,-38.156,-6.994,54.261,-56.378,50.89,-94.446,60.058,27.185,68.614,-67.004,44.202,-13.781,23.526,-32.119,-75.125,43.339
767,-46.609,48.987,-88.088,135.032,-24.935,113.665,-62.31,95.704,148.648,255.011,369.964,159.291,-79.923,-197.381,-30.287,-126.239,37.807,-83.12,-5.769,-83.82,10.202,-56.033,95.427,-94.962,19.741,166.055,-183.346,9.611,-125.645,71.069,-24.535,87.552,-45.845,78.966,-22.301,-3.699,-9.317,-49.296,98.04,19.534,62.499,-84.712,81.307,-34.564,62.242,-72.323,-31.957,7.633,-50.431,246.024,-199.615,40.195,-60.82,40.256,-76.937,98.768,21.751,118.041,-80.574,56.337,255.971,266.995,478.911,102.716,-186.214,-190.956,-85.194,-129.642,-32.963,39.001,-63.748,-45.673,-35.048,-8.987,-45.251,65.296,-87.331,54.74,-53.855,105.191,215.911,-179.894,-88.295,46.798,-38.156,-6.994,54.261,-56.378,50.89,-94.446,60.058,27.185,68.614,-67.004,44.202,-13.781,23.526,-32.119,-75.125,43.339,-71.212
768,48.987,-88.088,135.032,-24.935,113.665,-62.31,95.704,148.648,255.011,369.964,159.291,-79.923,-197.381,-30.287,-126.239,37.807,-83.12,-5.769,-83.82,10.202,-56.033,95.427,-94.962,19.741,166.055,-183.346,9.611,-125.645,71.069,-24.535,87.552,-45.845,78.966,-22.301,-3.699,-9.317,-49.296,98.04,19.534,62.499,-84.712,81.307,-34.564,62.242,-72.323,-31.957,7.633,-50.431,246.024,-199.615,40.195,-60.82,40.256,-76.937,98.768,21.751,118.041,-80.574,56.337,255.971,266.995,478.911,102.716,-186.214,-190.956,-85.194,-129.642,-32.963,39.001,-63.748,-45.673,-35.048,-8.987,-45.251,65.296,-87.331,54.74,-53.855,105.191,215.911,-179.894,-88.295,46.798,-38.156,-6.994,54.261,-56.378,50.89,-94.446,60.058,27.185,68.614,-67.004,44.202,-13.781,23.526,-32.119,-75.125,43.339,-71.212,172.453
769,-88.088,135.032,-24.935,113.665,-62.31,95.704,148.648,255.011,369.964,159.291,-79.923,-197.381,-30.287,-126.239,37.807,-83.12,-5.769,-83.82,10.202,-56.033,95.427,-94.962,19.741,166.055,-183.346,9.611,-125.645,71.069,-24.535,87.552,-45.845,78.966,-22.301,-3.699,-9.317,-49.296,98.04,19.534,62.499,-84.712,81.307,-34.564,62.242,-72.323,-31.957,7.633,-50.431,246.024,-199.615,40.195,-60.82,40.256,-76.937,98.768,21.751,118.041,-80.574,56.337,255.971,266.995,478.911,102.716,-186.214,-190.956,-85.194,-129.642,-32.963,39.001,-63.748,-45.673,-35.048,-8.987,-45.251,65.296,-87.331,54.74,-53.855,105.191,215.911,-179.894,-88.295,46.798,-38.156,-6.994,54.261,-56.378,50.89,-94.446,60.058,27.185,68.614,-67.004,44.202,-13.781,23.526,-32.119,-75.125,43.339,-71.212,172.453,-145.107
770,135.032,-24.935,113.665,-62.31,95.704,148.648,255.011,369.964,159.291,-79.923,-197.381,-30.287,-126.239,37.807,-83.12,-5.769,-83.82,10.202,-56.033,95.427,-94.962,19.741,166.055,-183.346,9.611,-125.645,71.069,-24.535,87.552,-45.845,78.966,-22.301,-3.699,-9.317,-49.296,98.04,19.534,62.499,-84.712,81.307,-34.564,62.242,-72.323,-31.957,7.633,-50.431,246.024,-199.615,40.195,-60.82,40.256,-76.937,98.768,21.751,118.041,-80.574,56.337,255.971,266.995,478.911,102.716,-186.214,-190.956,-85.194,-129.642,-32.963,39.001,-63.748,-45.673,-35.048,-8.987,-45.251,65.296,-87.331,54.74,-53.855,105.191,215.911,-179.894,-88.295,46.798,-38.156,-6.994,54.261,-56.378,50.89,-94.446,60.058,27.185,68.614,-67.004,44.202,-13.781,23.526,-32.119,-75.125,43.339,-71.212,172.453,-145.107,74.204
771,-24.935,113.665,-62.31,95.704,148.648,255.011,369.964,159.291,-79.923,-197.381,-30.287,-126.239,37.807,-83.12,-5.769,-83.82,10.202,-56.033,95.427,-94.962,19.741,166.055,-183.346,9.611,-125.645,71.069,-24.535,87.552,-45.845,78.966,-22.301,-3.699,-9.317,-49.296,98.04,19.534,62.499,-84.712,81.307,-34.564,62.242,-72.323,-31.957,7.633,-50.431,246.024,-199.615,40.195,-60.82,40.256,-76.937,98.768,21.751,118.041,-80.574,56.337,255.971,266.995,478.911,102.716,-186.214,-190.956,-85.194,-129.642,-32.963,39.001,-63.748,-45.673,-35.048,-8.987,-45.251,65.296,-87.331,54.74,-53.855,105.191,215.911,-179.894,-88.295,46.798,-38.156,-6.994,54.261,-56.378,50.89,-94.446,60.058,27.185,68.614,-67.004,44.202,-13.781,23.526,-32.119,-75.125,43.339,-71.212,172.453,-145.107,74.204,11.203
772,113.665,-62.31,95.704,148.648,255.011,369.964,159.291,-79.923,-197.381,-30.287,-126.239,37.807,-83.12,-5.769,-83.82,10.202,-56.033,95.427,-94.962,19.741,166.055,-183.346,9.611,-125.645,71.069,-24.535,87.552,-45.845,78.966,-22.301,-3.699,-9.317,-49.296,98.04,19.534,62.499,-84.712,81.307,-34.564,62.242,-72.323,-31.957,7.633,-50.431,246.024,-199.615,40.195,-60.82,40.256,-76.937,98.768,21.751,118.041,-80.574,56.337,255.971,266.995,478.911,102.716,-186.214,-190.956,-85.194,-129.642,-32.963,39.001,-63.748,-45.673,-35.048,-8.987,-45.251,65.296,-87.331,54.74,-53.855,105.191,215.911,-179.894,-88.295,46.798,-38.156,-6.994,54.261,-56.378,50.89,-94.446,60.058,27.185,68.614,-67.004,44.202,-13.781,23.526,-32.119,-75.125,43.339,-71.212,172.453,-145.107,74.204,11.203,62.273
773,-62.31,95.704,148.648,255.011,369.964,159.291,-79.923,-197.381,-30.287,-126.239,37.807,-83.12,-5.769,-83.82,10.202,-56.033,95.427,-94.962,19.741,166.055,-183.346,9.611,-125.645,71.069,-24.535,87.552,-45.845,78.966,-22.301,-3.699,-9.317,-49.296,98.04,19.534,62.499,-84.712,81.307,-34.564,62.242,-72.323,-31.957,7.633,-50.431,246.024,-199.615,40.195,-60.82,40.256,-76.937,98.768,21.751,118.041,-80.574,56.337,255.971,266.995,478.911,102.716,-186.214,-190.956,-85.194,-129.642,-32.963,39.001,-63.748,-45.673,-35.048,-8.987,-45.251,65.296,-87.331,54.74,-53.855,105.191,215.911,-179.894,-88.295,46.798,-38.156,-6.994,54.261,-56.378,50.89,-94.446,60.058,27.185,68.614,-67.004,44.202,-13.781,23.526,-32.119,-75.125,43.339,-71.212,172.453,-145.107,74.204,11.203,62.273,-65.331
774,95.704,148.648,255.011,369.964,159.291,-79.923,-197.381,-30.287,-126.239,37.807,-83.12,-5.769,-83.82,10.202,-56.033,95.427,-94.962,19.741,166.055,-183.346,9.611,-125.645,71.069,-24.535,87.552,-45.845,78.966,-22.301,-3.699,-9.317,-49.296,98.04,19.534,62.499,-84.712,81.307,-34.564,62.242,-72.323,-31.957,7.633,-50.431,246.024,-199.615,40.195,-60.82,40.256,-76.937,98.768,21.751,118.041,-80.574,56.337,255.971,266.995,478.911,102.716,-186.214,-190.956,-85.194,-129.642,-32.963,39.001,-63.748,-45.673,-35.048,-8.987,-45.251,65.296,-87.331,54.74,-53.855,105.191,215.911,-179.894,-88.295,46.798,-38.156,-6.994,54.261,-56.378,50.89,-94.446,60.058,27.185,68.614,-67.004,44.202,-13.781,23.526,-32.119,-75.125,43.339,-71.212,172.453,-145.107,74.204,11.203,62.273,-65.331,64.56
775,148.648,255.011,369.964,159.291,-79.923,-197.381,-30.287,-126.239,37.807,-83.12,-5.769,-83.82,10.202,-56.033,95.427,-94.962,19.741,166.055,-183.346,9.611,-125.645,71.069,-24.535,87.552,-45.845,78.966,-22.301,-3.699,-9.317,-49.296,98.04,19.534,62.499,-84.712,81.307,-34.564,62.242,-72.323,-31.957,7.633,-50.431,246.024,-199.615,40.195,-60.82,40.256,-76.937,98.768,21.751,118.041,-80.574,56.337,255.971,266.995,478.911,102.716,-186.214,-190.956,-85.194,-129.642,-32.963,39.001,-63.748,-45.673,-35.048,-8.987,-45.251,65.296,-87.331,54.74,-53.855,105.191,215.911,-179.894,-88.295,46.798,-38.156,-6.994,54.261,-56.378,50.89,-94.446,60.058,27.185,68.614,-67.004,44.202,-13.781,23.526,-32.119,-75.125,43.339,-71.212,172.453,-145.107,74.204,11.203,62.273,-65.331,64.56,92.258
776,255.011,369.964,159.291,-79.923,-197.381,-30.287,-126.239,37.807,-83.12,-5.769,-83.82,10.202,-56.033,95.427,-94.962,19.741,166.055,-183.346,9.611,-125.645,71.069,-24.535,87.552,-45.845,78.966,-22.301,-3.699,-9.317,-49.296,98.04,19.534,62.499,-84.712,81.307,-34.564,62.242,-72.323,-31.957,7.633,-50.431,246.024,-199.615,40.195,-60.82,40.256,-76.937,98.768,21.751,118.041,-80.574,56.337,255.971,266.995,478.911,102.716,-186.214,-190.956,-85.194,-129.642,-32.963,39.001,-63.748,-45.673,-35.048,-8.987,-45.251,65.296,-87.331,54.74,-53.855,105.191,215.911,-179.894,-88.295,46.798,-38.156,-6.994,54.261,-56.378,50.89,-94.446,60.058,27.185,68.614,-67.004,44.202,-13.781,23.526,-32.119,-75.125,43.339,-71.212,172.453,-145.107,74.204,11.203,62.273,-65.331,64.56,92.258,3.862
777,369.964,159.291,-79.923,-197.381,-30.287,-126.239,37.807,-83.12,-5.769,-83.82,10.202,-56.033,95.427,-94.962,19.741,166.055,-183.346,9.611,-125.645,71.069,-24.535,87.552,-45.845,78.966,-22.301,-3.699,-9.317,-49.296,98.04,19.534,62.499,-84.712,81.307,-34.564,62.242,-72.323,-31.957,7.633,-50.431,246.024,-199.615,40.195,-60.82,40.256,-76.937,98.768,21.751,118.041,-80.574,56.337,255.971,266.995,478.911,102.716,-186.214,-190.956,-85.194,-129.642,-32.963,39.001,-63.748,-45.673,-35.048,-8.987,-45.251,65.296,-87.331,54.74,-53.855,105.191,215.911,-179.894,-88.295,46.798,-38.156,-6.994,54.261,-56.378,50.89,-94.446,60.058,27.185,68.614,-67.004,44.202,-13.781,23.526,-32.119,-75.125,43.339,-71.212,172.453,-145.107,74.204,11.203,62.273,-65.331,64.56,92.258,3.862,190.041
778,159.291,-79.923,-197.381,-30.287,-126.239,37.807,-83.12,-5.769,-83.82,10.202,-56.033,95.427,-94.962,19.741,166.055,-183.346,9.611,-125.645,71.069,-24.535,87.552,-45.845,78.966,-22.301,-3.699,-9.317,-49.296,98.04,19.534,62.499,-84.712,81.307,-34.564,62.242,-72.323,-31.957,7.633,-50.431,246.024,-199.615,40.195,-60.82,40.256,-76.937,98.768,21.751,118.041,-80.574,56.337,255.971,266.995,478.911,102.716,-186.214,-190.956,-85.194,-129.642,-32.963,39.001,-63.748,-45.673,-35.048,-8.987,-45.251,65.296,-87.331,54.74,-53.855,105.191,215.911,-179.894,-88.295,46.798,-38.156,-6.994,54.261,-56.378,50.89,-94.446,60.058,27.185,68.614,-67.004,44.202,-13.781,23.526,-32.119,-75.125,43.339,-71.212,172.453,-145.107,74.204,11.203,62.273,-65.331,64.56,92.258,3.862,190.041,-109.146
779,-79.923,-197.381,-30.287,-126.239,37.807,-83.12,-5.769,-83.82,10.202,-56.033,95.427,-94.962,19.741,166.055,-183.346,9.611,-125.645,71.069,-24.535,87.552,-45.845,78.966,-22.301,-3.699,-9.317,-49.296,98.04,19.534,62.499,-84.712,81.307,-34.564,62.242,-72.323,-31.957,7.633,-50.431,246.024,-199.615,40.195,-60.82,40.256,-76.937,98.768,21.751,118.041,-80.574,56.337,255.971,266.995,478.911,102.716,-186.214,-190.956,-85.194,-129.642,-32.963,39.001,-63.748,-45.673,-35.048,-8.987,-45.251,65.296,-87.331,54.74,-53.855,105.191,215.911,-179.894,-88.295,46.798,-38.156,-6.994,54.261,-56.378,50.89,-94.446,60.058,27.185,68.614,-67.004,44.202,-13.781,23.526,-32.119,-75.125,43.339,-71.212,172.453,-145.107,74.204,11.203,62.273,-65.331,64.56,92.258,3.862,190.041,-109.146,236.925
780,-197.381,-30.287,-126.239,37.807,-83.12,-5.769,-83.82,10.202,-56.033,95.427,-94.962,19.741,166.055,-183.346,9.611,-125.645,71.069,-24.535,87.552,-45.845,78.966,-22.301,-3.699,-9.317,-49.296,98.04,19.534,62.499,-84.712,81.307,-34.564,62.242,-72.323,-31.957,7.633,-50.431,246.024,-199.615,40.195,-60.82,40.256,-76.937,98.768,21.751,118.041,-80.574,56.337,255.971,266.995,478.911,102.716,-186.214,-190.956,-85.194,-129.642,-32.963,39.001,-63.748,-45.673,-35.048,-8.987,-45.251,65.296,-87.331,54.74,-53.855,105.191,215.911,-179.894,-88.295,46.798,-38.156,-6.994,54.261,-56.378,50.89,-94.446,60.058,27.185,68.614,-67.004,44.202,-13.781,23.526,-32.119,-75.125,43.339,-71.212,172.453,-145.107,74.204,11.203,62.273,-65.331,64.56,92.258,3.862,190.041,-109.146,236.925,284.367
781,-30.287,-126.239,37.807,-83.12,-5.769,-83.82,10.202,-56.033,95.427,-94.962,19.741,166.055,-183.346,9.611,-125.645,71.069,-24.535,87.552,-45.845,78.966,-22.301,-3.699,-9.317,-49.296,98.04,19.534,62.499,-84.712,81.307,-34.564,62.242,-72.323,-31.957,7.633,-50.431,246.024,-199.615,40.195,-60.82,40.256,-76.937,98.768,21.751,118.041,-80.574,56.337,255.971,266.995,478.911,102.716,-186.214,-190.956,-85.194,-129.642,-32.963,39.001,-63.748,-45.673,-35.048,-8.987,-45.251,65.296,-87.331,54.74,-53.855,105.191,215.911,-179.894,-88.295,46.798,-38.156,-6.994,54.261,-56.378,50.89,-94.446,60.058,27.185,68.614,-67.004,44.202,-13.781,23.526,-32.119,-75.125,43.339,-71.212,172.453,-145.107,74.204,11.203,62.273,-65.331,64.56,92.258,3.862,190.041,-109.146,236.925,284.367,362.48
782,-126.239,37.807,-83.12,-5.769,-83.82,10.202,-56.033,95.427,-94.962,19.741,166.055,-183.346,9.611,-125.645,71.069,-24.535,87.552,-45.845,78.966,-22.301,-3.699,-9.317,-49.296,98.04,19.534,62.499,-84.712,81.307,-34.564,62.242,-72.323,-31.957,7.633,-50.431,246.024,-199.615,40.195,-60.82,40.256,-76.937,98.768,21.751,118.041,-80.574,56.337,255.971,266.995,478.911,102.716,-186.214,-190.956,-85.194,-129.642,-32.963,39.001,-63.748,-45.673,-35.048,-8.987,-45.251,65.296,-87.331,54.74,-53.855,105.191,215.911,-179.894,-88.295,46.798,-38.156,-6.994,54.261,-56.378,50.89,-94.446,60.058,27.185,68.614,-67.004,44.202,-13.781,23.526,-32.119,-75.125,43.339,-71.212,172.453,-145.107,74.204,11.203,62.273,-65.331,64.56,92.258,3.862,190.041,-109.146,236.925,284.367,362.48,193.289
783,37.807,-83.12,-5.769,-83.82,10.202,-56.033,95.427,-94.962,19.741,166.055,-183.346,9.611,-125.645,71.069,-24.535,87.552,-45.845,78.966,-22.301,-3.699,-9.317,-49.296,98.04,19.534,62.499,-84.712,81.307,-34.564,62.242,-72.323,-31.957,7.633,-50.431,246.024,-199.615,40.195,-60.82,40.256,-76.937,98.768,21.751,118.041,-80.574,56.337,255.971,266.995,478.911,102.716,-186.214,-190.956,-85.194,-129.642,-32.963,39.001,-63.748,-45.673,-35.048,-8.987,-45.251,65.296,-87.331,54.74,-53.855,105.191,215.911,-179.894,-88.295,46.798,-38.156,-6.994,54.261,-56.378,50.89,-94.446,60.058,27.185,68.614,-67.004,44.202,-13.781,23.526,-32.119,-75.125,43.339,-71.212,172.453,-145.107,74.204,11.203,62.273,-65.331,64.56,92.258,3.862,190.041,-109.146,236.925,284.367,362.48,193.289,-124.604
784,-83.12,-5.769,-83.82,10.202,-56.033,95.427,-94.962,19.741,166.055,-183.346,9.611,-125.645,71.069,-24.535,87.552,-45.845,78.966,-22.301,-3.699,-9.317,-49.296,98.04,19.534,62.499,-84.712,81.307,-34.564,62.242,-72.323,-31.957,7.633,-50.431,246.024,-199.615,40.195,-60.82,40.256,-76.937,98.768,21.751,118.041,-80.574,56.337,255.971,266.995,478.911,102.716,-186.214,-190.956,-85.194,-129.642,-32.963,39.001,-63.748,-45.673,-35.048,-8.987,-45.251,65.296,-87.331,54.74,-53.855,105.191,215.911,-179.894,-88.295,46.798,-38.156,-6.994,54.261,-56.378,50.89,-94.446,60.058,27.185,68.614,-67.004,44.202,-13.781,23.526,-32.119,-75.125,43.339,-71.212,172.453,-145.107,74.204,11.203,62.273,-65.331,64.56,92.258,3.862,190.041,-109.146,236.925,284.367,362.48,193.289,-124.604,-124.428
785,-5.769,-83.82,10.202,-56.033,95.427,-94.962,19.741,166.055,-183.346,9.611,-125.645,71.069,-24.535,87.552,-45.845,78.966,-22.301,-3.699,-9.317,-49.296,98.04,19.534,62.499,-84.712,81.307,-34.564,62.242,-72.323,-31.957,7.633,-50.431,246.024,-199.615,40.195,-60.82,40.256,-76.937,98.768,21.751,118.041,-80.574,56.337,255.971,266.995,478.911,102.716,-186.214,-190.956,-85.194,-129.642,-32.963,39.001,-63.748,-45.673,-35.048,-8.987,-45.251,65.296,-87.331,54.74,-53.855,105.191,215.911,-179.894,-88.295,46.798,-38.156,-6.994,54.261,-56.378,50.89,-94.446,60.058,27.185,68.614,-67.004,44.202,-13.781,23.526,-32.119,-75.125,43.339,-71.212,172.453,-145.107,74.204,11.203,62.273,-65.331,64.56,92.258,3.862,190.041,-109.146,236.925,284.367,362.48,193.289,-124.604,-124.428,-64.999
786,-83.82,10.202,-56.033,95.427,-94.962,19.741,166.055,-183.346,9.611,-125.645,71.069,-24.535,87.552,-45.845,78.966,-22.301,-3.699,-9.317,-49.296,98.04,19.534,62.499,-84.712,81.307,-34.564,62.242,-72.323,-31.957,7.633,-50.431,246.024,-199.615,40.195,-60.82,40.256,-76.937,98.768,21.751,118.041,-80.574,56.337,255.971,266.995,478.911,102.716,-186.214,-190.956,-85.194,-129.642,-32.963,39.001,-63.748,-45.673,-35.048,-8.987,-45.251,65.296,-87.331,54.74,-53.855,105.191,215.911,-179.894,-88.295,46.798,-38.156,-6.994,54.261,-56.378,50.89,-94.446,60.058,27.185,68.614,-67.004,44.202,-13.781,23.526,-32.119,-75.125,43.339,-71.212,172.453,-145.107,74.204,11.203,62.273,-65.331,64.56,92.258,3.862,190.041,-109.146,236.925,284.367,362.48,193.289,-124.604,-124.428,-64.999,-125.601
787,10.202,-56.033,95.427,-94.962,19.741,166.055,-183.346,9.611,-125.645,71.069,-24.535,87.552,-45.845,78.966,-22.301,-3.699,-9.317,-49.296,98.04,19.534,62.499,-84.712,81.307,-34.564,62.242,-72.323,-31.957,7.633,-50.431,246.024,-199.615,40.195,-60.82,40.256,-76.937,98.768,21.751,118.041,-80.574,56.337,255.971,266.995,478.911,102.716,-186.214,-190.956,-85.194,-129.642,-32.963,39.001,-63.748,-45.673,-35.048,-8.987,-45.251,65.296,-87.331,54.74,-53.855,105.191,215.911,-179.894,-88.295,46.798,-38.156,-6.994,54.261,-56.378,50.89,-94.446,60.058,27.185,68.614,-67.004,44.202,-13.781,23.526,-32.119,-75.125,43.339,-71.212,172.453,-145.107,74.204,11.203,62.273,-65.331,64.56,92.258,3.862,190.041,-109.146,236.925,284.367,362.48,193.289,-124.604,-124.428,-64.999,-125.601,-72.363
788,-56.033,95.427,-94.962,19.741,166.055,-183.346,9.611,-125.645,71.069,-24.535,87.552,-45.845,78.966,-22.301,-3.699,-9.317,-49.296,98.04,19.534,62.499,-84.712,81.307,-34.564,62.242,-72.323,-31.957,7.633,-50.431,246.024,-199.615,40.195,-60.82,40.256,-76.937,98.768,21.751,118.041,-80.574,56.337,255.971,266.995,478.911,102.716,-186.214,-190.956,-85.194,-129.642,-32.963,39.001,-63.748,-45.673,-35.048,-8.987,-45.251,65.296,-87.331,54.74,-53.855,105.191,215.911,-179.894,-88.295,46.798,-38.156,-6.994,54.261,-56.378,50.89,-94.446,60.058,27.185,68.614,-67.004,44.202,-13.781,23.526,-32.119,-75.125,43.339,-71.212,172.453,-145.107,74.204,11.203,62.273,-65.331,64.56,92.258,3.862,190.041,-109.146,236.925,284.367,362.48,193.289,-124.604,-124.428,-64.999,-125.601,-72.363,85.26
789,95.427,-94.962,19.741,166.055,-183.346,9.611,-125.645,71.069,-24.535,87.552,-45.845,78.966,-22.301,-3.699,-9.317,-49.296,98.04,19.534,62.499,-84.712,81.307,-34.564,62.242,-72.323,-31.957,7.633,-50.431,246.024,-199.615,40.195,-60.82,40.256,-76.937,98.768,21.751,118.041,-80.574,56.337,255.971,266.995,478.911,102.716,-186.214,-190.956,-85.194,-129.642,-32.963,39.001,-63.748,-45.673,-35.048,-8.987,-45.251,65.296,-87.331,54.74,-53.855,105.191,215.911,-179.894,-88.295,46.798,-38.156,-6.994,54.261,-56.378,50.89,-94.446,60.058,27.185,68.614,-67.004,44.202,-13.781,23.526,-32.119,-75.125,43.339,-71.212,172.453,-145.107,74.204,11.203,62.273,-65.331,64.56,92.258,3.862,190.041,-109.146,236.925,284.367,362.48,193.289,-124.604,-124.428,-64.999,-125.601,-72.363,85.26,-103.439
790,-94.962,19.741,166.055,-183.346,9.611,-125.645,71.069,-24.535,87.552,-45.845,78.966,-22.301,-3.699,-9.317,-49.296,98.04,19.534,62.499,-84.712,81.307,-34.564,62.242,-72.323,-31.957,7.633,-50.431,246.024,-199.615,40.195,-60.82,40.256,-76.937,98.768,21.751,118.041,-80.574,56.337,255.971,266.995,478.911,102.716,-186.214,-190.956,-85.194,-129.642,-32.963,39.001,-63.748,-45.673,-35.048,-8.987,-45.251,65.296,-87.331,54.74,-53.855,105.191,215.911,-179.894,-88.295,46.798,-38.156,-6.994,54.261,-56.378,50.89,-94.446,60.058,27.185,68.614,-67.004,44.202,-13.781,23.526,-32.119,-75.125,43.339,-71.212,172.453,-145.107,74.204,11.203,62.273,-65.331,64.56,92.258,3.862,190.041,-109.146,236.925,284.367,362.48,193.289,-124.604,-124.428,-64.999,-125.601,-72.363,85.26,-103.439,-14.169
791,19.741,166.055,-183.346,9.611,-125.645,71.069,-24.535,87.552,-45.845,78.966,-22.301,-3.699,-9.317,-49.296,98.04,19.534,62.499,-84.712,81.307,-34.564,62.242,-72.323,-31.957,7.633,-50.431,246.024,-199.615,40.195,-60.82,40.256,-76.937,98.768,21.751,118.041,-80.574,56.337,255.971,266.995,478.911,102.716,-186.214,-190.956,-85.194,-129.642,-32.963,39.001,-63.748,-45.673,-35.048,-8.987,-45.251,65.296,-87.331,54.74,-53.855,105.191,215.911,-179.894,-88.295,46.798,-38.156,-6.994,54.261,-56.378,50.89,-94.446,60.058,27.185,68.614,-67.004,44.202,-13.781,23.526,-32.119,-75.125,43.339,-71.212,172.453,-145.107,74.204,11.203,62.273,-65.331,64.56,92.258,3.862,190.041,-109.146,236.925,284.367,362.48,193.289,-124.604,-124.428,-64.999,-125.601,-72.363,85.26,-103.439,-14.169,-96.827
792,166.055,-183.346,9.611,-125.645,71.069,-24.535,87.552,-45.845,78.966,-22.301,-3.699,-9.317,-49.296,98.04,19.534,62.499,-84.712,81.307,-34.564,62.242,-72.323,-31.957,7.633,-50.431,246.024,-199.615,40.195,-60.82,40.256,-76.937,98.768,21.751,118.041,-80.574,56.337,255.971,266.995,478.911,102.716,-186.214,-190.956,-85.194,-129.642,-32.963,39.001,-63.748,-45.673,-35.048,-8.987,-45.251,65.296,-87.331,54.74,-53.855,105.191,215.911,-179.894,-88.295,46.798,-38.156,-6.994,54.261,-56.378,50.89,-94.446,60.058,27.185,68.614,-67.004,44.202,-13.781,23.526,-32.119,-75.125,43.339,-71.212,172.453,-145.107,74.204,11.203,62.273,-65.331,64.56,92.258,3.862,190.041,-109.146,236.925,284.367,362.48,193.289,-124.604,-124.428,-64.999,-125.601,-72.363,85.26,-103.439,-14.169,-96.827,53.206
793,-183.346,9.611,-125.645,71.069,-24.535,87.552,-45.845,78.966,-22.301,-3.699,-9.317,-49.296,98.04,19.534,62.499,-84.712,81.307,-34.564,62.242,-72.323,-31.957,7.633,-50.431,246.024,-199.615,40.195,-60.82,40.256,-76.937,98.768,21.751,118.041,-80.574,56.337,255.971,266.995,478.911,102.716,-186.214,-190.956,-85.194,-129.642,-32.963,39.001,-63.748,-45.673,-35.048,-8.987,-45.251,65.296,-87.331,54.74,-53.855,105.191,215.911,-179.894,-88.295,46.798,-38.156,-6.994,54.261,-56.378,50.89,-94.446,60.058,27.185,68.614,-67.004,44.202,-13.781,23.526,-32.119,-75.125,43.339,-71.212,172.453,-145.107,74.204,11.203,62.273,-65.331,64.56,92.258,3.862,190.041,-109.146,236.925,284.367,362.48,193.289,-124.604,-124.428,-64.999,-125.601,-72.363,85.26,-103.439,-14.169,-96.827,53.206,-73.265
794,9.611,-125.645,71.069,-24.535,87.552,-45.845,78.966,-22.301,-3.699,-9.317,-49.296,98.04,19.534,62.499,-84.712,81.307,-34.564,62.242,-72.323,-31.957,7.633,-50.431,246.024,-199.615,40.195,-60.82,40.256,-76.937,98.768,21.751,118.041,-80.574,56.337,255.971,266.995,478.911,102.716,-186.214,-190.956,-85.194,-129.642,-32.963,39.001,-63.748,-45.673,-35.048,-8.987,-45.251,65.296,-87.331,54.74,-53.855,105.191,215.911,-179.894,-88.295,46.798,-38.156,-6.994,54.261,-56.378,50.89,-94.446,60.058,27.185,68.614,-67.004,44.202,-13.781,23.526,-32.119,-75.125,43.339,-71.212,172.453,-145.107,74.204,11.203,62.273,-65.331,64.56,92.258,3.862,190.041,-109.146,236.925,284.367,362.48,193.289,-124.604,-124.428,-64.999,-125.601,-72.363,85.26,-103.439,-14.169,-96.827,53.206,-73.265,133.974
795,-125.645,71.069,-24.535,87.552,-45.845,78.966,-22.301,-3.699,-9.317,-49.296,98.04,19.534,62.499,-84.712,81.307,-34.564,62.242,-72.323,-31.957,7.633,-50.431,246.024,-199.615,40.195,-60.82,40.256,-76.937,98.768,21.751,118.041,-80.574,56.337,255.971,266.995,478.911,102.716,-186.214,-190.956,-85.194,-129.642,-32.963,39.001,-63.748,-45.673,-35.048,-8.987,-45.251,65.296,-87.331,54.74,-53.855,105.191,215.911,-179.894,-88.295,46.798,-38.156,-6.994,54.261,-56.378,50.89,-94.446,60.058,27.185,68.614,-67.004,44.202,-13.781,23.526,-32.119,-75.125,43.339,-71.212,172.453,-145.107,74.204,11.203,62.273,-65.331,64.56,92.258,3.862,190.041,-109.146,236.925,284.367,362.48,193.289,-124.604,-124.428,-64.999,-125.601,-72.363,85.26,-103.439,-14.169,-96.827,53.206,-73.265,133.974,-115.948
796,71.069,-24.535,87.552,-45.845,78.966,-22.301,-3.699,-9.317,-49.296,98.04,19.534,62.499,-84.712,81.307,-34.564,62.242,-72.323,-31.957,7.633,-50.431,246.024,-199.615,40.195,-60.82,40.256,-76.937,98.768,21.751,118.041,-80.574,56.337,255.971,266.995,478.911,102.716,-186.214,-190.956,-85.194,-129.642,-32.963,39.001,-63.748,-45.673,-35.048,-8.987,-45.251,65.296,-87.331,54.74,-53.855,105.191,215.911,-179.894,-88.295,46.798,-38.156,-6.994,54.261,-56.378,50.89,-94.446,60.058,27.185,68.614,-67.004,44.202,-13.781,23.526,-32.119,-75.125,43.339,-71.212,172.453,-145.107,74.204,11.203,62.273,-65.331,64.56,92.258,3.862,190.041,-109.146,236.925,284.367,362.48,193.289,-124.604,-124.428,-64.999,-125.601,-72.363,85.26,-103.439,-14.169,-96.827,53.206,-73.265,133.974,-115.948,122.165
797,-24.535,87.552,-45.845,78.966,-22.301,-3.699,-9.317,-49.296,98.04,19.534,62.499,-84.712,81.307,-34.564,62.242,-72.323,-31.957,7.633,-50.431,246.024,-199.615,40.195,-60.82,40.256,-76.937,98.768,21.751,118.041,-80.574,56.337,255.971,266.995,478.911,102.716,-186.214,-190.956,-85.194,-129.642,-32.963,39.001,-63.748,-45.673,-35.048,-8.987,-45.251,65.296,-87.331,54.74,-53.855,105.191,215.911,-179.894,-88.295,46.798,-38.156,-6.994,54.261,-56.378,50.89,-94.446,60.058,27.185,68.614,-67.004,44.202,-13.781,23.526,-32.119,-75.125,43.339,-71.212,172.453,-145.107,74.204,11.203,62.273,-65.331,64.56,92.258,3.862,190.041,-109.146,236.925,284.367,362.48,193.289,-124.604,-124.428,-64.999,-125.601,-72.363,85.26,-103.439,-14.169,-96.827,53.206,-73.265,133.974,-115.948,122.165,260.24
798,87.552,-45.845,78.966,-22.301,-3.699,-9.317,-49.296,98.04,19.534,62.499,-84.712,81.307,-34.564,62.242,-72.323,-31.957,7.633,-50.431,246.024,-199.615,40.195,-60.82,40.256,-76.937,98.768,21.751,118.041,-80.574,56.337,255.971,266.995,478.911,102.716,-186.214,-190.956,-85.194,-129.642,-32.963,39.001,-63.748,-45.673,-35.048,-8.987,-45.251,65.296,-87.331,54.74,-53.855,105.191,215.911,-179.894,-88.295,46.798,-38.156,-6.994,54.261,-56.378,50.89,-94.446,60.058,27.185,68.614,-67.004,44.202,-13.781,23.526,-32.119,-75.125,43.339,-71.212,172.453,-145.107,74.204,11.203,62.273,-65.331,64.56,92.258,3.862,190.041,-109.146,236.925,284.367,362.48,193.289,-124.604,-124.428,-64.999,-125.601,-72.363,85.26,-103.439,-14.169,-96.827,53.206,-73.265,133.974,-115.948,122.165,260.24,-158.667
799,-45.845,78.966,-22.301,-3.699,-9.317,-49.296,98.04,19.534,62.499,-84.712,81.307,-34.564,62.242,-72.323,-31.957,7.633,-50.431,246.024,-199.615,40.195,-60.82,40.256,-76.937,98.768,21.751,118.041,-80.574,56.337,255.971,266.995,478.911,102.716,-186.214,-190.956,-85.194,-129.642,-32.963,39.001,-63.748,-45.673,-35.048,-8.987,-45.251,65.296,-87.331,54.74,-53.855,105.191,215.911,-179.894,-88.295,46.798,-38.156,-6.994,54.261,-56.378,50.89,-94.446,60.058,27.185,68.614,-67.004,44.202,-13.781,23.526,-32.119,-75.125,43.339,-71.212,172.453,-145.107,74.204,11.203,62.273,-65.331,64.56,92.258,3.862,190.041,-109.146,236.925,284.367,362.48,193.289,-124.604,-124.428,-64.999,-125.601,-72.363,85.26,-103.439,-14.169,-96.827,53.206,-73.265,133.974,-115.948,122.165,260.24,-158.667,-104.589
800,78.966,-22.301,-3.699,-9.317,-49.296,98.04,19.534,62.499,-84.712,81.307,-34.564,62.242,-72.323,-31.957,7.633,-50.431,246.024,-199.615,40.195,-60.82,40.256,-76.937,98.768,21.751,118.041,-80.574,56.337,255.971,266.995,478.911,102.716,-186.214,-190.956,-85.194,-129.642,-32.963,39.001,-63.748,-45.673,-35.048,-8.987,-45.251,65.296,-87.331,54.74,-53.855,105.191,215.911,-179.894,-88.295,46.798,-38.156,-6.994,54.261,-56.378,50.89,-94.446,60.058,27.185,68.614,-67.004,44.202,-13.781,23.526,-32.119,-75.125,43.339,-71.212,172.453,-145.107,74.204,11.203,62.273,-65.331,64.56,92.258,3.862,190.041,-109.146,236.925,284.367,362.48,193.289,-124.604,-124.428,-64.999,-125.601,-72.363,85.26,-103.439,-14.169,-96.827,53.206,-73.265,133.974,-115.948,122.165,260.24,-158.667,-104.589,52.979
801,-22.301,-3.699,-9.317,-49.296,98.04,19.534,62.499,-84.712,81.307,-34.564,62.242,-72.323,-31.957,7.633,-50.431,246.024,-199.615,40.195,-60.82,40.256,-76.937,98.768,21.751,118.041,-80.574,56.337,255.971,266.995,478.911,102.716,-186.214,-190.956,-85.194,-129.642,-32.963,39.001,-63.748,-45.673,-35.048,-8.987,-45.251,65.296,-87.331,54.74,-53.855,105.191,215.911,-179.894,-88.295,46.798,-38.156,-6.994,54.261,-56.378,50.89,-94.446,60.058,27.185,68.614,-67.004,44.202,-13.781,23.526,-32.119,-75.125,43.339,-71.212,172.453,-145.107,74.204,11.203,62.273,-65.331,64.56,92.258,3.862,190.041,-109.146,236.925,284.367,362.48,193.289,-124.604,-124.428,-64.999,-125.601,-72.363,85.26,-103.439,-14.169,-96.827,53.206,-73.265,133.974,-115.948,122.165,260.24,-158.667,-104.589,52.979,47.749
802,-3.699,-9.317,-49.296,98.04,19.534,62.499,-84.712,81.307,-34.564,62.242,-72.323,-31.957,7.633,-50.431,246.024,-199.615,40.195,-60.82,40.256,-76.937,98.768,21.751,118.041,-80.574,56.337,255.971,266.995,478.911,102.716,-186.214,-190.956,-85.194,-129.642,-32.963,39.001,-63.748,-45.673,-35.048,-8.987,-45.251,65.296,-87.331,54.74,-53.855,105.191,215.911,-179.894,-88.295,46.798,-38.156,-6.994,54.261,-56.378,50.89,-94.446,60.058,27.185,68.614,-67.004,44.202,-13.781,23.526,-32.119,-75.125,43.339,-71.212,172.453,-145.107,74.204,11.203,62.273,-65.331,64.56,92.258,3.862,190.041,-109.146,236.925,284.367,362.48,193.289,-124.604,-124.428,-64.999,-125.601,-72.363,85.26,-103.439,-14.169,-96.827,53.206,-73.265,133.974,-115.948,122.165,260.24,-158.667,-104.589,52.979,47.749,42.223
803,-9.317,-49.296,98.04,19.534,62.499,-84.712,81.307,-34.564,62.242,-72.323,-31.957,7.633,-50.431,246.024,-199.615,40.195,-60.82,40.256,-76.937,98.768,21.751,118.041,-80.574,56.337,255.971,266.995,478.911,102.716,-186.214,-190.956,-85.194,-129.642,-32.963,39.001,-63.748,-45.673,-35.048,-8.987,-45.251,65.296,-87.331,54.74,-53.855,105.191,215.911,-179.894,-88.295,46.798,-38.156,-6.994,54.261,-56.378,50.89,-94.446,60.058,27.185,68.614,-67.004,44.202,-13.781,23.526,-32.119,-75.125,43.339,-71.212,172.453,-145.107,74.204,11.203,62.273,-65.331,64.56,92.258,3.862,190.041,-109.146,236.925,284.367,362.48,193.289,-124.604,-124.428,-64.999,-125.601,-72.363,85.26,-103.439,-14.169,-96.827,53.206,-73.265,133.974,-115.948,122.165,260.24,-158.667,-104.589,52.979,47.749,42.223,18.787
804,-49.296,98.04,19.534,62.499,-84.712,81.307,-34.564,62.242,-72.323,-31.957,7.633,-50.431,246.024,-199.615,40.195,-60.82,40.256,-76.937,98.768,21.751,118.041,-80.574,56.337,255.971,266.995,478.911,102.716,-186.214,-190.956,-85.194,-129.642,-32.963,39.001,-63.748,-45.673,-35.048,-8.987,-45.251,65.296,-87.331,54.74,-53.855,105.191,215.911,-179.894,-88.295,46.798,-38.156,-6.994,54.261,-56.378,50.89,-94.446,60.058,27.185,68.614,-67.004,44.202,-13.781,23.526,-32.119,-75.125,43.339,-71.212,172.453,-145.107,74.204,11.203,62.273,-65.331,64.56,92.258,3.862,190.041,-109.146,236.925,284.367,362.48,193.289,-124.604,-124.428,-64.999,-125.601,-72.363,85.26,-103.439,-14.169,-96.827,53.206,-73.265,133.974,-115.948,122.165,260.24,-158.667,-104.589,52.979,47.749,42.223,18.787,-79.502
805,98.04,19.534,62.499,-84.712,81.307,-34.564,62.242,-72.323,-31.957,7.633,-50.431,246.024,-199.615,40.195,-60.82,40.256,-76.937,98.768,21.751,118.041,-80.574,56.337,255.971,266.995,478.911,102.716,-186.214,-190.956,-85.194,-129.642,-32.963,39.001,-63.748,-45.673,-35.048,-8.987,-45.251,65.296,-87.331,54.74,-53.855,105.191,215.911,-179.894,-88.295,46.798,-38.156,-6.994,54.261,-56.378,50.89,-94.446,60.058,27.185,68.614,-67.004,44.202,-13.781,23.526,-32.119,-75.125,43.339,-71.212,172.453,-145.107,74.204,11.203,62.273,-65.331,64.56,92.258,3.862,190.041,-109.146,236.925,284.367,362.48,193.289,-124.604,-124.428,-64.999,-125.601,-72.363,85.26,-103.439,-14.169,-96.827,53.206,-73.265,133.974,-115.948,122.165,260.24,-158.667,-104.589,52.979,47.749,42.223,18.787,-79.502,132.94
806,19.534,62.499,-84.712,81.307,-34.564,62.242,-72.323,-31.957,7.633,-50.431,246.024,-199.615,40.195,-60.82,40.256,-76.937,98.768,21.751,118.041,-80.574,56.337,255.971,266.995,478.911,102.716,-186.214,-190.956,-85.194,-129.642,-32.963,39.001,-63.748,-45.673,-35.048,-8.987,-45.251,65.296,-87.331,54.74,-53.855,105.191,215.911,-179.894,-88.295,46.798,-38.156,-6.994,54.261,-56.378,50.89,-94.446,60.058,27.185,68.614,-67.004,44.202,-13.781,23.526,-32.119,-75.125,43.339,-71.212,172.453,-145.107,74.204,11.203,62.273,-65.331,64.56,92.258,3.862,190.041,-109.146,236.925,284.367,362.48,193.289,-124.604,-124.428,-64.999,-125.601,-72.363,85.26,-103.439,-14.169,-96.827,53.206,-73.265,133.974,-115.948,122.165,260.24,-158.667,-104.589,52.979,47.749,42.223,18.787,-79.502,132.94,-43.194
807,62.499,-84.712,81.307,-34.564,62.242,-72.323,-31.957,7.633,-50.431,246.024,-199.615,40.195,-60.82,40.256,-76.937,98.768,21.751,118.041,-80.574,56.337,255.971,266.995,478.911,102.716,-186.214,-190.956,-85.194,-129.642,-32.963,39.001,-63.748,-45.673,-35.048,-8.987,-45.251,65.296,-87.331,54.74,-53.855,105.191,215.911,-179.894,-88.295,46.798,-38.156,-6.994,54.261,-56.378,50.89,-94.446,60.058,27.185,68.614,-67.004,44.202,-13.781,23.526,-32.119,-75.125,43.339,-71.212,172.453,-145.107,74.204,11.203,62.273,-65.331,64.56,92.258,3.862,190.041,-109.146,236.925,284.367,362.48,193.289,-124.604,-124.428,-64.999,-125.601,-72.363,85.26,-103.439,-14.169,-96.827,53.206,-73.265,133.974,-115.948,122.165,260.24,-158.667,-104.589,52.979,47.749,42.223,18.787,-79.502,132.94,-43.194,50.88
808,-84.712,81.307,-34.564,62.242,-72.323,-31.957,7.633,-50.431,246.024,-199.615,40.195,-60.82,40.256,-76.937,98.768,21.751,118.041,-80.574,56.337,255.971,266.995,478.911,102.716,-186.214,-190.956,-85.194,-129.642,-32.963,39.001,-63.748,-45.673,-35.048,-8.987,-45.251,65.296,-87.331,54.74,-53.855,105.191,215.911,-179.894,-88.295,46.798,-38.156,-6.994,54.261,-56.378,50.89,-94.446,60.058,27.185,68.614,-67.004,44.202,-13.781,23.526,-32.119,-75.125,43.339,-71.212,172.453,-145.107,74.204,11.203,62.273,-65.331,64.56,92.258,3.862,190.041,-109.146,236.925,284.367,362.48,193.289,-124.604,-124.428,-64.999,-125.601,-72.363,85.26,-103.439,-14.169,-96.827,53.206,-73.265,133.974,-115.948,122.165,260.24,-158.667,-104.589,52.979,47.749,42.223,18.787,-79.502,132.94,-43.194,50.88,-86.989
809,81.307,-34.564,62.242,-72.323,-31.957,7.633,-50.431,246.024,-199.615,40.195,-60.82,40.256,-76.937,98.768,21.751,118.041,-80.574,56.337,255.971,266.995,478.911,102.716,-186.214,-190.956,-85.194,-129.642,-32.963,39.001,-63.748,-45.673,-35.048,-8.987,-45.251,65.296,-87.331,54.74,-53.855,105.191,215.911,-179.894,-88.295,46.798,-38.156,-6.994,54.261,-56.378,50.89,-94.446,60.058,27.185,68.614,-67.004,44.202,-13.781,23.526,-32.119,-75.125,43.339,-71.212,172.453,-145.107,74.204,11.203,62.273,-65.331,64.56,92.258,3.862,190.041,-109.146,236.925,284.367,362.48,193.289,-124.604,-124.428,-64.999,-125.601,-72.363,85.26,-103.439,-14.169,-96.827,53.206,-73.265,133.974,-115.948,122.165,260.24,-158.667,-104.589,52.979,47.749,42.223,18.787,-79.502,132.94,-43.194,50.88,-86.989,116.844
810,-34.564,62.242,-72.323,-31.957,7.633,-50.431,246.024,-199.615,40.195,-60.82,40.256,-76.937,98.768,21.751,118.041,-80.574,56.337,255.971,266.995,478.911,102.716,-186.214,-190.956,-85.194,-129.642,-32.963,39.001,-63.748,-45.673,-35.048,-8.987,-45.251,65.296,-87.331,54.74,-53.855,105.191,215.911,-179.894,-88.295,46.798,-38.156,-6.994,54.261,-56.378,50.89,-94.446,60.058,27.185,68.614,-67.004,44.202,-13.781,23.526,-32.119,-75.125,43.339,-71.212,172.453,-145.107,74.204,11.203,62.273,-65.331,64.56,92.258,3.862,190.041,-109.146,236.925,284.367,362.48,193.289,-124.604,-124.428,-64.999,-125.601,-72.363,85.26,-103.439,-14.169,-96.827,53.206,-73.265,133.974,-115.948,122.165,260.24,-158.667,-104.589,52.979,47.749,42.223,18.787,-79.502,132.94,-43.194,50.88,-86.989,116.844,14.376
811,62.242,-72.323,-31.957,7.633,-50.431,246.024,-199.615,40.195,-60.82,40.256,-76.937,98.768,21.751,118.041,-80.574,56.337,255.971,266.995,478.911,102.716,-186.214,-190.956,-85.194,-129.642,-32.963,39.001,-63.748,-45.673,-35.048,-8.987,-45.251,65.296,-87.331,54.74,-53.855,105.191,215.911,-179.894,-88.295,46.798,-38.156,-6.994,54.261,-56.378,50.89,-94.446,60.058,27.185,68.614,-67.004,44.202,-13.781,23.526,-32.119,-75.125,43.339,-71.212,172.453,-145.107,74.204,11.203,62.273,-65.331,64.56,92.258,3.862,190.041,-109.146,236.925,284.367,362.48,193.289,-124.604,-124.428,-64.999,-125.601,-72.363,85.26,-103.439,-14.169,-96.827,53.206,-73.265,133.974,-115.948,122.165,260.24,-158.667,-104.589,52.979,47.749,42.223,18.787,-79.502,132.94,-43.194,50.88,-86.989,116.844,14.376,39.837
812,-72.323,-31.957,7.633,-50.431,246.024,-199.615,40.195,-60.82,40.256,-76.937,98.768,21.751,118.041,-80.574,56.337,255.971,266.995,478.911,102.716,-186.214,-190.956,-85.194,-129.642,-32.963,39.001,-63.748,-45.673,-35.048,-8.987,-45.251,65.296,-87.331,54.74,-53.855,105.191,215.911,-179.894,-88.295,46.798,-38.156,-6.994,54.261,-56.378,50.89,-94.446,60.058,27.185,68.614,-67.004,44.202,-13.781,23.526,-32.119,-75.125,43.339,-71.212,172.453,-145.107,74.204,11.203,62.273,-65.331,64.56,92.258,3.862,190.041,-109.146,236.925,284.367,362.48,193.289,-124.604,-124.428,-64.999,-125.601,-72.363,85.26,-103.439,-14.169,-96.827,53.206,-73.265,133.974,-115.948,122.165,260.24,-158.667,-104.589,52.979,47.749,42.223,18.787,-79.502,132.94,-43.194,50.88,-86.989,116.844,14.376,39.837,-78.836
813,-31.957,7.633,-50.431,246.024,-199.615,40.195,-60.82,40.256,-76.937,98.768,21.751,118.041,-80.574,56.337,255.971,266.995,478.911,102.716,-186.214,-190.956,-85.194,-129.642,-32.963,39.001,-63.748,-45.673,-35.048,-8.987,-45.251,65.296,-87.331,54.74,-53.855,105.191,215.911,-179.894,-88.295,46.798,-38.156,-6.994,54.261,-56.378,50.89,-94.446,60.058,27.185,68.614,-67.004,44.202,-13.781,23.526,-32.119,-75.125,43.339,-71.212,172.453,-145.107,74.204,11.203,62.273,-65.331,64.56,92.258,3.862,190.041,-109.146,236.925,284.367,362.48,193.289,-124.604,-124.428,-64.999,-125.601,-72.363,85.26,-103.439,-14.169,-96.827,53.206,-73.265,133.974,-115.948,122.165,260.24,-158.667,-104.589,52.979,47.749,42.223,18.787,-79.502,132.94,-43.194,50.88,-86.989,116.844,14.376,39.837,-78.836,-3.234
814,7.633,-50.431,246.024,-199.615,40.195,-60.82,40.256,-76.937,98.768,21.751,118.041,-80.574,56.337,255.971,266.995,478.911,102.716,-186.214,-190.956,-85.194,-129.642,-32.963,39.001,-63.748,-45.673,-35.048,-8.987,-45.251,65.296,-87.331,54.74,-53.855,105.191,215.911,-179.894,-88.295,46.798,-38.156,-6.994,54.261,-56.378,50.89,-94.446,60.058,27.185,68.614,-67.004,44.202,-13.781,23.526,-32.119,-75.125,43.339,-71.212,172.453,-145.107,74.204,11.203,62.273,-65.331,64.56,92.258,3.862,190.041,-109.146,236.925,284.367,362.48,193.289,-124.604,-124.428,-64.999,-125.601,-72.363,85.26,-103.439,-14.169,-96.827,53.206,-73.265,133.974,-115.948,122.165,260.24,-158.667,-104.589,52.979,47.749,42.223,18.787,-79.502,132.94,-43.194,50.88,-86.989,116.844,14.376,39.837,-78.836,-3.234,42.495
815,-50.431,246.024,-199.615,40.195,-60.82,40.256,-76.937,98.768,21.751,118.041,-80.574,56.337,255.971,266.995,478.911,102.716,-186.214,-190.956,-85.194,-129.642,-32.963,39.001,-63.748,-45.673,-35.048,-8.987,-45.251,65.296,-87.331,54.74,-53.855,105.191,215.911,-179.894,-88.295,46.798,-38.156,-6.994,54.261,-56.378,50.89,-94.446,60.058,27.185,68.614,-67.004,44.202,-13.781,23.526,-32.119,-75.125,43.339,-71.212,172.453,-145.107,74.204,11.203,62.273,-65.331,64.56,92.258,3.862,190.041,-109.146,236.925,284.367,362.48,193.289,-124.604,-124.428,-64.999,-125.601,-72.363,85.26,-103.439,-14.169,-96.827,53.206,-73.265,133.974,-115.948,122.165,260.24,-158.667,-104.589,52.979,47.749,42.223,18.787,-79.502,132.94,-43.194,50.88,-86.989,116.844,14.376,39.837,-78.836,-3.234,42.495,-69.303
816,246.024,-199.615,40.195,-60.82,40.256,-76.937,98.768,21.751,118.041,-80.574,56.337,255.971,266.995,478.911,102.716,-186.214,-190.956,-85.194,-129.642,-32.963,39.001,-63.748,-45.673,-35.048,-8.987,-45.251,65.296,-87.331,54.74,-53.855,105.191,215.911,-179.894,-88.295,46.798,-38.156,-6.994,54.261,-56.378,50.89,-94.446,60.058,27.185,68.614,-67.004,44.202,-13.781,23.526,-32.119,-75.125,43.339,-71.212,172.453,-145.107,74.204,11.203,62.273,-65.331,64.56,92.258,3.862,190.041,-109.146,236.925,284.367,362.48,193.289,-124.604,-124.428,-64.999,-125.601,-72.363,85.26,-103.439,-14.169,-96.827,53.206,-73.265,133.974,-115.948,122.165,260.24,-158.667,-104.589,52.979,47.749,42.223,18.787,-79.502,132.94,-43.194,50.88,-86.989,116.844,14.376,39.837,-78.836,-3.234,42.495,-69.303,31.795
817,-199.615,40.195,-60.82,40.256,-76.937,98.768,21.751,118.041,-80.574,56.337,255.971,266.995,478.911,102.716,-186.214,-190.956,-85.194,-129.642,-32.963,39.001,-63.748,-45.673,-35.048,-8.987,-45.251,65.296,-87.331,54.74,-53.855,105.191,215.911,-179.894,-88.295,46.798,-38.156,-6.994,54.261,-56.378,50.89,-94.446,60.058,27.185,68.614,-67.004,44.202,-13.781,23.526,-32.119,-75.125,43.339,-71.212,172.453,-145.107,74.204,11.203,62.273,-65.331,64.56,92.258,3.862,190.041,-109.146,236.925,284.367,362.48,193.289,-124.604,-124.428,-64.999,-125.601,-72.363,85.26,-103.439,-14.169,-96.827,53.206,-73.265,133.974,-115.948,122.165,260.24,-158.667,-104.589,52.979,47.749,42.223,18.787,-79.502,132.94,-43.194,50.88,-86.989,116.844,14.376,39.837,-78.836,-3.234,42.495,-69.303,31.795,-139.306
818,40.195,-60.82,40.256,-76.937,98.768,21.751,118.041,-80.574,56.337,255.971,266.995,478.911,102.716,-186.214,-190.956,-85.194,-129.642,-32.963,39.001,-63.748,-45.673,-35.048,-8.987,-45.251,65.296,-87.331,54.74,-53.855,105.191,215.911,-179.894,-88.295,46.798,-38.156,-6.994,54.261,-56.378,50.89,-94.446,60.058,27.185,68.614,-67.004,44.202,-13.781,23.526,-32.119,-75.125,43.339,-71.212,172.453,-145.107,74.204,11.203,62.273,-65.331,64.56,92.258,3.862,190.041,-109.146,236.925,284.367,362.48,193.289,-124.604,-124.428,-64.999,-125.601,-72.363,85.26,-103.439,-14.169,-96.827,53.206,-73.265,133.974,-115.948,122.165,260.24,-158.667,-104.589,52.979,47.749,42.223,18.787,-79.502,132.94,-43.194,50.88,-86.989,116.844,14.376,39.837,-78.836,-3.234,42.495,-69.303,31.795,-139.306,54.714
819,-60.82,40.256,-76.937,98.768,21.751,118.041,-80.574,56.337,255.971,266.995,478.911,102.716,-186.214,-190.956,-85.194,-129.642,-32.963,39.001,-63.748,-45.673,-35.048,-8.987,-45.251,65.296,-87.331,54.74,-53.855,105.191,215.911,-179.894,-88.295,46.798,-38.156,-6.994,54.261,-56.378,50.89,-94.446,60.058,27.185,68.614,-67.004,44.202,-13.781,23.526,-32.119,-75.125,43.339,-71.212,172.453,-145.107,74.204,11.203,62.273,-65.331,64.56,92.258,3.862,190.041,-109.146,236.925,284.367,362.48,193.289,-124.604,-124.428,-64.999,-125.601,-72.363,85.26,-103.439,-14.169,-96.827,53.206,-73.265,133.974,-115.948,122.165,260.24,-158.667,-104.589,52.979,47.749,42.223,18.787,-79.502,132.94,-43.194,50.88,-86.989,116.844,14.376,39.837,-78.836,-3.234,42.495,-69.303,31.795,-139.306,54.714,-73.357
820,40.256,-76.937,98.768,21.751,118.041,-80.574,56.337,255.971,266.995,478.911,102.716,-186.214,-190.956,-85.194,-129.642,-32.963,39.001,-63.748,-45.673,-35.048,-8.987,-45.251,65.296,-87.331,54.74,-53.855,105.191,215.911,-179.894,-88.295,46.798,-38.156,-6.994,54.261,-56.378,50.89,-94.446,60.058,27.185,68.614,-67.004,44.202,-13.781,23.526,-32.119,-75.125,43.339,-71.212,172.453,-145.107,74.204,11.203,62.273,-65.331,64.56,92.258,3.862,190.041,-109.146,236.925,284.367,362.48,193.289,-124.604,-124.428,-64.999,-125.601,-72.363,85.26,-103.439,-14.169,-96.827,53.206,-73.265,133.974,-115.948,122.165,260.24,-158.667,-104.589,52.979,47.749,42.223,18.787,-79.502,132.94,-43.194,50.88,-86.989,116.844,14.376,39.837,-78.836,-3.234,42.495,-69.303,31.795,-139.306,54.714,-73.357,53.974
821,-76.937,98.768,21.751,118.041,-80.574,56.337,255.971,266.995,478.911,102.716,-186.214,-190.956,-85.194,-129.642,-32.963,39.001,-63.748,-45.673,-35.048,-8.987,-45.251,65.296,-87.331,54.74,-53.855,105.191,215.911,-179.894,-88.295,46.798,-38.156,-6.994,54.261,-56.378,50.89,-94.446,60.058,27.185,68.614,-67.004,44.202,-13.781,23.526,-32.119,-75.125,43.339,-71.212,172.453,-145.107,74.204,11.203,62.273,-65.331,64.56,92.258,3.862,190.041,-109.146,236.925,284.367,362.48,193.289,-124.604,-124.428,-64.999,-125.601,-72.363,85.26,-103.439,-14.169,-96.827,53.206,-73.265,133.974,-115.948,122.165,260.24,-158.667,-104.589,52.979,47.749,42.223,18.787,-79.502,132.94,-43.194,50.88,-86.989,116.844,14.376,39.837,-78.836,-3.234,42.495,-69.303,31.795,-139.306,54.714,-73.357,53.974,-121.887
822,98.768,21.751,118.041,-80.574,56.337,255.971,266.995,478.911,102.716,-186.214,-190.956,-85.194,-129.642,-32.963,39.001,-63.748,-45.673,-35.048,-8.987,-45.251,65.296,-87.331,54.74,-53.855,105.191,215.911,-179.894,-88.295,46.798,-38.156,-6.994,54.261,-56.378,50.89,-94.446,60.058,27.185,68.614,-67.004,44.202,-13.781,23.526,-32.119,-75.125,43.339,-71.212,172.453,-145.107,74.204,11.203,62.273,-65.331,64.56,92.258,3.862,190.041,-109.146,236.925,284.367,362.48,193.289,-124.604,-124.428,-64.999,-125.601,-72.363,85.26,-103.439,-14.169,-96.827,53.206,-73.265,133.974,-115.948,122.165,260.24,-158.667,-104.589,52.979,47.749,42.223,18.787,-79.502,132.94,-43.194,50.88,-86.989,116.844,14.376,39.837,-78.836,-3.234,42.495,-69.303,31.795,-139.306,54.714,-73.357,53.974,-121.887,46.354
823,21.751,118.041,-80.574,56.337,255.971,266.995,478.911,102.716,-186.214,-190.956,-85.194,-129.642,-32.963,39.001,-63.748,-45.673,-35.048,-8.987,-45.251,65.296,-87.331,54.74,-53.855,105.191,215.911,-179.894,-88.295,46.798,-38.156,-6.994,54.261,-56.378,50.89,-94.446,60.058,27.185,68.614,-67.004,44.202,-13.781,23.526,-32.119,-75.125,43.339,-71.212,172.453,-145.107,74.204,11.203,62.273,-65.331,64.56,92.258,3.862,190.041,-109.146,236.925,284.367,362.48,193.289,-124.604,-124.428,-64.999,-125.601,-72.363,85.26,-103.439,-14.169,-96.827,53.206,-73.265,133.974,-115.948,122.165,260.24,-158.667,-104.589,52.979,47.749,42.223,18.787,-79.502,132.94,-43.194,50.88,-86.989,116.844,14.376,39.837,-78.836,-3.234,42.495,-69.303,31.795,-139.306,54.714,-73.357,53.974,-121.887,46.354,6.071
824,118.041,-80.574,56.337,255.971,266.995,478.911,102.716,-186.214,-190.956,-85.194,-129.642,-32.963,39.001,-63.748,-45.673,-35.048,-8.987,-45.251,65.296,-87.331,54.74,-53.855,105.191,215.911,-179.894,-88.295,46.798,-38.156,-6.994,54.261,-56.378,50.89,-94.446,60.058,27.185,68.614,-67.004,44.202,-13.781,23.526,-32.119,-75.125,43.339,-71.212,172.453,-145.107,74.204,11.203,62.273,-65.331,64.56,92.258,3.862,190.041,-109.146,236.925,284.367,362.48,193.289,-124.604,-124.428,-64.999,-125.601,-72.363,85.26,-103.439,-14.169,-96.827,53.206,-73.265,133.974,-115.948,122.165,260.24,-158.667,-104.589,52.979,47.749,42.223,18.787,-79.502,132.94,-43.194,50.88,-86.989,116.844,14.376,39.837,-78.836,-3.234,42.495,-69.303,31.795,-139.306,54.714,-73.357,53.974,-121.887,46.354,6.071,33.305
825,-80.574,56.337,255.971,266.995,478.911,102.716,-186.214,-190.956,-85.194,-129.642,-32.963,39.001,-63.748,-45.673,-35.048,-8.987,-45.251,65.296,-87.331,54.74,-53.855,105.191,215.911,-179.894,-88.295,46.798,-38.156,-6.994,54.261,-56.378,50.89,-94.446,60.058,27.185,68.614,-67.004,44.202,-13.781,23.526,-32.119,-75.125,43.339,-71.212,172.453,-145.107,74.204,11.203,62.273,-65.331,64.56,92.258,3.862,190.041,-109.146,236.925,284.367,362.48,193.289,-124.604,-124.428,-64.999,-125.601,-72.363,85.26,-103.439,-14.169,-96.827,53.206,-73.265,133.974,-115.948,122.165,260.24,-158.667,-104.589,52.979,47.749,42.223,18.787,-79.502,132.94,-43.194,50.88,-86.989,116.844,14.376,39.837,-78.836,-3.234,42.495,-69.303,31.795,-139.306,54.714,-73.357,53.974,-121.887,46.354,6.071,33.305,-41.831
826,56.337,255.971,266.995,478.911,102.716,-186.214,-190.956,-85.194,-129.642,-32.963,39.001,-63.748,-45.673,-35.048,-8.987,-45.251,65.296,-87.331,54.74,-53.855,105.191,215.911,-179.894,-88.295,46.798,-38.156,-6.994,54.261,-56.378,50.89,-94.446,60.058,27.185,68.614,-67.004,44.202,-13.781,23.526,-32.119,-75.125,43.339,-71.212,172.453,-145.107,74.204,11.203,62.273,-65.331,64.56,92.258,3.862,190.041,-109.146,236.925,284.367,362.48,193.289,-124.604,-124.428,-64.999,-125.601,-72.363,85.26,-103.439,-14.169,-96.827,53.206,-73.265,133.974,-115.948,122.165,260.24,-158.667,-104.589,52.979,47.749,42.223,18.787,-79.502,132.94,-43.194,50.88,-86.989,116.844,14.376,39.837,-78.836,-3.234,42.495,-69.303,31.795,-139.306,54.714,-73.357,53.974,-121.887,46.354,6.071,33.305,-41.831,-51.166
827,255.971,266.995,478.911,102.716,-186.214,-190.956,-85.194,-129.642,-32.963,39.001,-63.748,-45.673,-35.048,-8.987,-45.251,65.296,-87.331,54.74,-53.855,105.191,215.911,-179.894,-88.295,46.798,-38.156,-6.994,54.261,-56.378,50.89,-94.446,60.058,27.185,68.614,-67.004,44.202,-13.781,23.526,-32.119,-75.125,43.339,-71.212,172.453,-145.107,74.204,11.203,62.273,-65.331,64.56,92.258,3.862,190.041,-109.146,236.925,284.367,362.48,193.289,-124.604,-124.428,-64.999,-125.601,-72.363,85.26,-103.439,-14.169,-96.827,53.206,-73.265,133.974,-115.948,122.165,260.24,-158.667,-104.589,52.979,47.749,42.223,18.787,-79.502,132.94,-43.194,50.88,-86.989,116.844,14.376,39.837,-78.836,-3.234,42.495,-69.303,31.795,-139.306,54.714,-73.357,53.974,-121.887,46.354,6.071,33.305,-41.831,-51.166,234.065
828,266.995,478.911,102.716,-186.214,-190.956,-85.194,-129.642,-32.963,39.001,-63.748,-45.673,-35.048,-8.987,-45.251,65.296,-87.331,54.74,-53.855,105.191,215.911,-179.894,-88.295,46.798,-38.156,-6.994,54.261,-56.378,50.89,-94.446,60.058,27.185,68.614,-67.004,44.202,-13.781,23.526,-32.119,-75.125,43.339,-71.212,172.453,-145.107,74.204,11.203,62.273,-65.331,64.56,92.258,3.862,190.041,-109.146,236.925,284.367,362.48,193.289,-124.604,-124.428,-64.999,-125.601,-72.363,85.26,-103.439,-14.169,-96.827,53.206,-73.265,133.974,-115.948,122.165,260.24,-158.667,-104.589,52.979,47.749,42.223,18.787,-79.502,132.94,-43.194,50.88,-86.989,116.844,14.376,39.837,-78.836,-3.234,42.495,-69.303,31.795,-139.306,54.714,-73.357,53.974,-121.887,46.354,6.071,33.305,-41.831,-51.166,234.065,-91.318
829,478.911,102.716,-186.214,-190.956,-85.194,-129.642,-32.963,39.001,-63.748,-45.673,-35.048,-8.987,-45.251,65.296,-87.331,54.74,-53.855,105.191,215.911,-179.894,-88.295,46.798,-38.156,-6.994,54.261,-56.378,50.89,-94.446,60.058,27.185,68.614,-67.004,44.202,-13.781,23.526,-32.119,-75.125,43.339,-71.212,172.453,-145.107,74.204,11.203,62.273,-65.331,64.56,92.258,3.862,190.041,-109.146,236.925,284.367,362.48,193.289,-124.604,-124.428,-64.999,-125.601,-72.363,85.26,-103.439,-14.169,-96.827,53.206,-73.265,133.974,-115.948,122.165,260.24,-158.667,-104.589,52.979,47.749,42.223,18.787,-79.502,132.94,-43.194,50.88,-86.989,116.844,14.376,39.837,-78.836,-3.234,42.495,-69.303,31.795,-139.306,54.714,-73.357,53.974,-121.887,46.354,6.071,33.305,-41.831,-51.166,234.065,-91.318,211.373
830,102.716,-186.214,-190.956,-85.194,-129.642,-32.963,39.001,-63.748,-45.673,-35.048,-8.987,-45.251,65.296,-87.331,54.74,-53.855,105.191,215.911,-179.894,-88.295,46.798,-38.156,-6.994,54.261,-56.378,50.89,-94.446,60.058,27.185,68.614,-67.004,44.202,-13.781,23.526,-32.119,-75.125,43.339,-71.212,172.453,-145.107,74.204,11.203,62.273,-65.331,64.56,92.258,3.862,190.041,-109.146,236.925,284.367,362.48,193.289,-124.604,-124.428,-64.999,-125.601,-72.363,85.26,-103.439,-14.169,-96.827,53.206,-73.265,133.974,-115.948,122.165,260.24,-158.667,-104.589,52.979,47.749,42.223,18.787,-79.502,132.94,-43.194,50.88,-86.989,116.844,14.376,39.837,-78.836,-3.234,42.495,-69.303,31.795,-139.306,54.714,-73.357,53.974,-121.887,46.354,6.071,33.305,-41.831,-51.166,234.065,-91.318,211.373,-149.884
831,-186.214,-190.956,-85.194,-129.642,-32.963,39.001,-63.748,-45.673,-35.048,-8.987,-45.251,65.296,-87.331,54.74,-53.855,105.191,215.911,-179.894,-88.295,46.798,-38.156,-6.994,54.261,-56.378,50.89,-94.446,60.058,27.185,68.614,-67.004,44.202,-13.781,23.526,-32.119,-75.125,43.339,-71.212,172.453,-145.107,74.204,11.203,62.273,-65.331,64.56,92.258,3.862,190.041,-109.146,236.925,284.367,362.48,193.289,-124.604,-124.428,-64.999,-125.601,-72.363,85.26,-103.439,-14.169,-96.827,53.206,-73.265,133.974,-115.948,122.165,260.24,-158.667,-104.589,52.979,47.749,42.223,18.787,-79.502,132.94,-43.194,50.88,-86.989,116.844,14.376,39.837,-78.836,-3.234,42.495,-69.303,31.795,-139.306,54.714,-73.357,53.974,-121.887,46.354,6.071,33.305,-41.831,-51.166,234.065,-91.318,211.373,-149.884,149.757
832,-190.956,-85.194,-129.642,-32.963,39.001,-63.748,-45.673,-35.048,-8.987,-45.251,65.296,-87.331,54.74,-53.855,105.191,215.911,-179.894,-88.295,46.798,-38.156,-6.994,54.261,-56.378,50.89,-94.446,60.058,27.185,68.614,-67.004,44.202,-13.781,23.526,-32.119,-75.125,43.339,-71.212,172.453,-145.107,74.204,11.203,62.273,-65.331,64.56,92.258,3.862,190.041,-109.146,236.925,284.367,362.48,193.289,-124.604,-124.428,-64.999,-125.601,-72.363,85.26,-103.439,-14.169,-96.827,53.206,-73.265,133.974,-115.948,122.165,260.24,-158.667,-104.589,52.979,47.749,42.223,18.787,-79.502,132.94,-43.194,50.88,-86.989,116.844,14.376,39.837,-78.836,-3.234,42.495,-69.303,31.795,-139.306,54.714,-73.357,53.974,-121.887,46.354,6.071,33.305,-41.831,-51.166,234.065,-91.318,211.373,-149.884,149.757,242.336
833,-85.194,-129.642,-32.963,39.001,-63.748,-45.673,-35.048,-8.987,-45.251,65.296,-87.331,54.74,-53.855,105.191,215.911,-179.894,-88.295,46.798,-38.156,-6.994,54.261,-56.378,50.89,-94.446,60.058,27.185,68.614,-67.004,44.202,-13.781,23.526,-32.119,-75.125,43.339,-71.212,172.453,-145.107,74.204,11.203,62.273,-65.331,64.56,92.258,3.862,190.041,-109.146,236.925,284.367,362.48,193.289,-124.604,-124.428,-64.999,-125.601,-72.363,85.26,-103.439,-14.169,-96.827,53.206,-73.265,133.974,-115.948,122.165,260.24,-158.667,-104.589,52.979,47.749,42.223,18.787,-79.502,132.94,-43.194,50.88,-86.989,116.844,14.376,39.837,-78.836,-3.234,42.495,-69.303,31.795,-139.306,54.714,-73.357,53.974,-121.887,46.354,6.071,33.305,-41.831,-51.166,234.065,-91.318,211.373,-149.884,149.757,242.336,373.103
834,-129.642,-32.963,39.001,-63.748,-45.673,-35.048,-8.987,-45.251,65.296,-87.331,54.74,-53.855,105.191,215.911,-179.894,-88.295,46.798,-38.156,-6.994,54.261,-56.378,50.89,-94.446,60.058,27.185,68.614,-67.004,44.202,-13.781,23.526,-32.119,-75.125,43.339,-71.212,172.453,-145.107,74.204,11.203,62.273,-65.331,64.56,92.258,3.862,190.041,-109.146,236.925,284.367,362.48,193.289,-124.604,-124.428,-64.999,-125.601,-72.363,85.26,-103.439,-14.169,-96.827,53.206,-73.265,133.974,-115.948,122.165,260.24,-158.667,-104.589,52.979,47.749,42.223,18.787,-79.502,132.94,-43.194,50.88,-86.989,116.844,14.376,39.837,-78.836,-3.234,42.495,-69.303,31.795,-139.306,54.714,-73.357,53.974,-121.887,46.354,6.071,33.305,-41.831,-51.166,234.065,-91.318,211.373,-149.884,149.757,242.336,373.103,333.883
835,-32.963,39.001,-63.748,-45.673,-35.048,-8.987,-45.251,65.296,-87.331,54.74,-53.855,105.191,215.911,-179.894,-88.295,46.798,-38.156,-6.994,54.261,-56.378,50.89,-94.446,60.058,27.185,68.614,-67.004,44.202,-13.781,23.526,-32.119,-75.125,43.339,-71.212,172.453,-145.107,74.204,11.203,62.273,-65.331,64.56,92.258,3.862,190.041,-109.146,236.925,284.367,362.48,193.289,-124.604,-124.428,-64.999,-125.601,-72.363,85.26,-103.439,-14.169,-96.827,53.206,-73.265,133.974,-115.948,122.165,260.24,-158.667,-104.589,52.979,47.749,42.223,18.787,-79.502,132.94,-43.194,50.88,-86.989,116.844,14.376,39.837,-78.836,-3.234,42.495,-69.303,31.795,-139.306,54.714,-73.357,53.974,-121.887,46.354,6.071,33.305,-41.831,-51.166,234.065,-91.318,211.373,-149.884,149.757,242.336,373.103,333.883,3.576
836,39.001,-63.748,-45.673,-35.048,-8.987,-45.251,65.296,-87.331,54.74,-53.855,105.191,215.911,-179.894,-88.295,46.798,-38.156,-6.994,54.261,-56.378,50.89,-94.446,60.058,27.185,68.614,-67.004,44.202,-13.781,23.526,-32.119,-75.125,43.339,-71.212,172.453,-145.107,74.204,11.203,62.273,-65.331,64.56,92.258,3.862,190.041,-109.146,236.925,284.367,362.48,193.289,-124.604,-124.428,-64.999,-125.601,-72.363,85.26,-103.439,-14.169,-96.827,53.206,-73.265,133.974,-115.948,122.165,260.24,-158.667,-104.589,52.979,47.749,42.223,18.787,-79.502,132.94,-43.194,50.88,-86.989,116.844,14.376,39.837,-78.836,-3.234,42.495,-69.303,31.795,-139.306,54.714,-73.357,53.974,-121.887,46.354,6.071,33.305,-41.831,-51.166,234.065,-91.318,211.373,-149.884,149.757,242.336,373.103,333.883,3.576,-212.282
837,-63.748,-45.673,-35.048,-8.987,-45.251,65.296,-87.331,54.74,-53.855,105.191,215.911,-179.894,-88.295,46.798,-38.156,-6.994,54.261,-56.378,50.89,-94.446,60.058,27.185,68.614,-67.004,44.202,-13.781,23.526,-32.119,-75.125,43.339,-71.212,172.453,-145.107,74.204,11.203,62.273,-65.331,64.56,92.258,3.862,190.041,-109.146,236.925,284.367,362.48,193.289,-124.604,-124.428,-64.999,-125.601,-72.363,85.26,-103.439,-14.169,-96.827,53.206,-73.265,133.974,-115.948,122.165,260.24,-158.667,-104.589,52.979,47.749,42.223,18.787,-79.502,132.94,-43.194,50.88,-86.989,116.844,14.376,39.837,-78.836,-3.234,42.495,-69.303,31.795,-139.306,54.714,-73.357,53.974,-121.887,46.354,6.071,33.305,-41.831,-51.166,234.065,-91.318,211.373,-149.884,149.757,242.336,373.103,333.883,3.576,-212.282,-238.566
838,-45.673,-35.048,-8.987,-45.251,65.296,-87.331,54.74,-53.855,105.191,215.911,-179.894,-88.295,46.798,-38.156,-6.994,54.261,-56.378,50.89,-94.446,60.058,27.185,68.614,-67.004,44.202,-13.781,23.526,-32.119,-75.125,43.339,-71.212,172.453,-145.107,74.204,11.203,62.273,-65.331,64.56,92.258,3.862,190.041,-109.146,236.925,284.367,362.48,193.289,-124.604,-124.428,-64.999,-125.601,-72.363,85.26,-103.439,-14.169,-96.827,53.206,-73.265,133.974,-115.948,122.165,260.24,-158.667,-104.589,52.979,47.749,42.223,18.787,-79.502,132.94,-43.194,50.88,-86.989,116.844,14.376,39.837,-78.836,-3.234,42.495,-69.303,31.795,-139.306,54.714,-73.357,53.974,-121.887,46.354,6.071,33.305,-41.831,-51.166,234.065,-91.318,211.373,-149.884,149.757,242.336,373.103,333.883,3.576,-212.282,-238.566,-77.208
839,-35.048,-8.987,-45.251,65.296,-87.331,54.74,-53.855,105.191,215.911,-179.894,-88.295,46.798,-38.156,-6.994,54.261,-56.378,50.89,-94.446,60.058,27.185,68.614,-67.004,44.202,-13.781,23.526,-32.119,-75.125,43.339,-71.212,172.453,-145.107,74.204,11.203,62.273,-65.331,64.56,92.258,3.862,190.041,-109.146,236.925,284.367,362.48,193.289,-124.604,-124.428,-64.999,-125.601,-72.363,85.26,-103.439,-14.169,-96.827,53.206,-73.265,133.974,-115.948,122.165,260.24,-158.667,-104.589,52.979,47.749,42.223,18.787,-79.502,132.94,-43.194,50.88,-86.989,116.844,14.376,39.837,-78.836,-3.234,42.495,-69.303,31.795,-139.306,54.714,-73.357,53.974,-121.887,46.354,6.071,33.305,-41.831,-51.166,234.065,-91.318,211.373,-149.884,149.757,242.336,373.103,333.883,3.576,-212.282,-238.566,-77.208,-179.77
840,-8.987,-45.251,65.296,-87.331,54.74,-53.855,105.191,215.911,-179.894,-88.295,46.798,-38.156,-6.994,54.261,-56.378,50.89,-94.446,60.058,27.185,68.614,-67.004,44.202,-13.781,23.526,-32.119,-75.125,43.339,-71.212,172.453,-145.107,74.204,11.203,62.273,-65.331,64.56,92.258,3.862,190.041,-109.146,236.925,284.367,362.48,193.289,-124.604,-124.428,-64.999,-125.601,-72.363,85.26,-103.439,-14.169,-96.827,53.206,-73.265,133.974,-115.948,122.165,260.24,-158.667,-104.589,52.979,47.749,42.223,18.787,-79.502,132.94,-43.194,50.88,-86.989,116.844,14.376,39.837,-78.836,-3.234,42.495,-69.303,31.795,-139.306,54.714,-73.357,53.974,-121.887,46.354,6.071,33.305,-41.831,-51.166,234.065,-91.318,211.373,-149.884,149.757,242.336,373.103,333.883,3.576,-212.282,-238.566,-77.208,-179.77,89.354
841,-45.251,65.296,-87.331,54.74,-53.855,105.191,215.911,-179.894,-88.295,46.798,-38.156,-6.994,54.261,-56.378,50.89,-94.446,60.058,27.185,68.614,-67.004,44.202,-13.781,23.526,-32.119,-75.125,43.339,-71.212,172.453,-145.107,74.204,11.203,62.273,-65.331,64.56,92.258,3.862,190.041,-109.146,236.925,284.367,362.48,193.289,-124.604,-124.428,-64.999,-125.601,-72.363,85.26,-103.439,-14.169,-96.827,53.206,-73.265,133.974,-115.948,122.165,260.24,-158.667,-104.589,52.979,47.749,42.223,18.787,-79.502,132.94,-43.194,50.88,-86.989,116.844,14.376,39.837,-78.836,-3.234,42.495,-69.303,31.795,-139.306,54.714,-73.357,53.974,-121.887,46.354,6.071,33.305,-41.831,-51.166,234.065,-91.318,211.373,-149.884,149.757,242.336,373.103,333.883,3.576,-212.282,-238.566,-77.208,-179.77,89.354,-132.594
842,65.296,-87.331,54.74,-53.855,105.191,215.911,-179.894,-88.295,46.798,-38.156,-6.994,54.261,-56.378,50.89,-94.446,60.058,27.185,68.614,-67.004,44.202,-13.781,23.526,-32.119,-75.125,43.339,-71.212,172.453,-145.107,74.204,11.203,62.273,-65.331,64.56,92.258,3.862,190.041,-109.146,236.925,284.367,362.48,193.289,-124.604,-124.428,-64.999,-125.601,-72.363,85.26,-103.439,-14.169,-96.827,53.206,-73.265,133.974,-115.948,122.165,260.24,-158.667,-104.589,52.979,47.749,42.223,18.787,-79.502,132.94,-43.194,50.88,-86.989,116.844,14.376,39.837,-78.836,-3.234,42.495,-69.303,31.795,-139.306,54.714,-73.357,53.974,-121.887,46.354,6.071,33.305,-41.831,-51.166,234.065,-91.318,211.373,-149.884,149.757,242.336,373.103,333.883,3.576,-212.282,-238.566,-77.208,-179.77,89.354,-132.594,30.221
843,-87.331,54.74,-53.855,105.191,215.911,-179.894,-88.295,46.798,-38.156,-6.994,54.261,-56.378,50.89,-94.446,60.058,27.185,68.614,-67.004,44.202,-13.781,23.526,-32.119,-75.125,43.339,-71.212,172.453,-145.107,74.204,11.203,62.273,-65.331,64.56,92.258,3.862,190.041,-109.146,236.925,284.367,362.48,193.289,-124.604,-124.428,-64.999,-125.601,-72.363,85.26,-103.439,-14.169,-96.827,53.206,-73.265,133.974,-115.948,122.165,260.24,-158.667,-104.589,52.979,47.749,42.223,18.787,-79.502,132.94,-43.194,50.88,-86.989,116.844,14.376,39.837,-78.836,-3.234,42.495,-69.303,31.795,-139.306,54.714,-73.357,53.974,-121.887,46.354,6.071,33.305,-41.831,-51.166,234.065,-91.318,211.373,-149.884,149.757,242.336,373.103,333.883,3.576,-212.282,-238.566,-77.208,-179.77,89.354,-132.594,30.221,-107.682
844,54.74,-53.855,105.191,215.911,-179.894,-88.295,46.798,-38.156,-6.994,54.261,-56.378,50.89,-94.446,60.058,27.185,68.614,-67.004,44.202,-13.781,23.526,-32.119,-75.125,43.339,-71.212,172.453,-145.107,74.204,11.203,62.273,-65.331,64.56,92.258,3.862,190.041,-109.146,236.925,284.367,362.48,193.289,-124.604,-124.428,-64.999,-125.601,-72.363,85.26,-103.439,-14.169,-96.827,53.206,-73.265,133.974,-115.948,122.165,260.24,-158.667,-104.589,52.979,47.749,42.223,18.787,-79.502,132.94,-43.194,50.88,-86.989,116.844,14.376,39.837,-78.836,-3.234,42.495,-69.303,31.795,-139.306,54.714,-73.357,53.974,-121.887,46.354,6.071,33.305,-41.831,-51.166,234.065,-91.318,211.373,-149.884,149.757,242.336,373.103,333.883,3.576,-212.282,-238.566,-77.208,-179.77,89.354,-132.594,30.221,-107.682,103.645
845,-53.855,105.191,215.911,-179.894,-88.295,46.798,-38.156,-6.994,54.261,-56.378,50.89,-94.446,60.058,27.185,68.614,-67.004,44.202,-13.781,23.526,-32.119,-75.125,43.339,-71.212,172.453,-145.107,74.204,11.203,62.273,-65.331,64.56,92.258,3.862,190.041,-109.146,236.925,284.367,362.48,193.289,-124.604,-124.428,-64.999,-125.601,-72.363,85.26,-103.439,-14.169,-96.827,53.206,-73.265,133.974,-115.948,122.165,260.24,-158.667,-104.589,52.979,47.749,42.223,18.787,-79.502,132.94,-43.194,50.88,-86.989,116.844,14.376,39.837,-78.836,-3.234,42.495,-69.303,31.795,-139.306,54.714,-73.357,53.974,-121.887,46.354,6.071,33.305,-41.831,-51.166,234.065,-91.318,211.373,-149.884,149.757,242.336,373.103,333.883,3.576,-212.282,-238.566,-77.208,-179.77,89.354,-132.594,30.221,-107.682,103.645,-62.471
846,105.191,215.911,-179.894,-88.295,46.798,-38.156,-6.994,54.261,-56.378,50.89,-94.446,60.058,27.185,68.614,-67.004,44.202,-13.781,23.526,-32.119,-75.125,43.339,-71.212,172.453,-145.107,74.204,11.203,62.273,-65.331,64.56,92.258,3.862,190.041,-109.146,236.925,284.367,362.48,193.289,-124.604,-124.428,-64.999,-125.601,-72.363,85.26,-103.439,-14.169,-96.827,53.206,-73.265,133.974,-115.948,122.165,260.24,-158.667,-104.589,52.979,47.749,42.223,18.787,-79.502,132.94,-43.194,50.88,-86.989,116.844,14.376,39.837,-78.836,-3.234,42.495,-69.303,31.795,-139.306,54.714,-73.357,53.974,-121.887,46.354,6.071,33.305,-41.831,-51.166,234.065,-91.318,211.373,-149.884,149.757,242.336,373.103,333.883,3.576,-212.282,-238.566,-77.208,-179.77,89.354,-132.594,30.221,-107.682,103.645,-62.471,122.53
847,215.911,-179.894,-88.295,46.798,-38.156,-6.994,54.261,-56.378,50.89,-94.446,60.058,27.185,68.614,-67.004,44.202,-13.781,23.526,-32.119,-75.125,43.339,-71.212,172.453,-145.107,74.204,11.203,62.273,-65.331,64.56,92.258,3.862,190.041,-109.146,236.925,284.367,362.48,193.289,-124.604,-124.428,-64.999,-125.601,-72.363,85.26,-103.439,-14.169,-96.827,53.206,-73.265,133.974,-115.948,122.165,260.24,-158.667,-104.589,52.979,47.749,42.223,18.787,-79.502,132.94,-43.194,50.88,-86.989,116.844,14.376,39.837,-78.836,-3.234,42.495,-69.303,31.795,-139.306,54.714,-73.357,53.974,-121.887,46.354,6.071,33.305,-41.831,-51.166,234.065,-91.318,211.373,-149.884,149.757,242.336,373.103,333.883,3.576,-212.282,-238.566,-77.208,-179.77,89.354,-132.594,30.221,-107.682,103.645,-62.471,122.53,-59.773
848,-179.894,-88.295,46.798,-38.156,-6.994,54.261,-56.378,50.89,-94.446,60.058,27.185,68.614,-67.004,44.202,-13.781,23.526,-32.119,-75.125,43.339,-71.212,172.453,-145.107,74.204,11.203,62.273,-65.331,64.56,92.258,3.862,190.041,-109.146,236.925,284.367,362.48,193.289,-124.604,-124.428,-64.999,-125.601,-72.363,85.26,-103.439,-14.169,-96.827,53.206,-73.265,133.974,-115.948,122.165,260.24,-158.667,-104.589,52.979,47.749,42.223,18.787,-79.502,132.94,-43.194,50.88,-86.989,116.844,14.376,39.837,-78.836,-3.234,42.495,-69.303,31.795,-139.306,54.714,-73.357,53.974,-121.887,46.354,6.071,33.305,-41.831,-51.166,234.065,-91.318,211.373,-149.884,149.757,242.336,373.103,333.883,3.576,-212.282,-238.566,-77.208,-179.77,89.354,-132.594,30.221,-107.682,103.645,-62.471,122.53,-59.773,220.354
849,-88.295,46.798,-38.156,-6.994,54.261,-56.378,50.89,-94.446,60.058,27.185,68.614,-67.004,44.202,-13.781,23.526,-32.119,-75.125,43.339,-71.212,172.453,-145.107,74.204,11.203,62.273,-65.331,64.56,92.258,3.862,190.041,-109.146,236.925,284.367,362.48,193.289,-124.604,-124.428,-64.999,-125.601,-72.363,85.26,-103.439,-14.169,-96.827,53.206,-73.265,133.974,-115.948,122.165,260.24,-158.667,-104.589,52.979,47.749,42.223,18.787,-79.502,132.94,-43.194,50.88,-86.989,116.844,14.376,39.837,-78.836,-3.234,42.495,-69.303,31.795,-139.306,54.714,-73.357,53.974,-121.887,46.354,6.071,33.305,-41.831,-51.166,234.065,-91.318,211.373,-149.884,149.757,242.336,373.103,333.883,3.576,-212.282,-238.566,-77.208,-179.77,89.354,-132.594,30.221,-107.682,103.645,-62.471,122.53,-59.773,220.354,-226.645
850,46.798,-38.156,-6.994,54.261,-56.378,50.89,-94.446,60.058,27.185,68.614,-67.004,44.202,-13.781,23.526,-32.119,-75.125,43.339,-71.212,172.453,-145.107,74.204,11.203,62.273,-65.331,64.56,92.258,3.862,190.041,-109.146,236.925,284.367,362.48,193.289,-124.604,-124.428,-64.999,-125.601,-72.363,85.26,-103.439,-14.169,-96.827,53.206,-73.265,133.974,-115.948,122.165,260.24,-158.667,-104.589,52.979,47.749,42.223,18.787,-79.502,132.94,-43.194,50.88,-86.989,116.844,14.376,39.837,-78.836,-3.234,42.495,-69.303,31.795,-139.306,54.714,-73.357,53.974,-121.887,46.354,6.071,33.305,-41.831,-51.166,234.065,-91.318,211.373,-149.884,149.757,242.336,373.103,333.883,3.576,-212.282,-238.566,-77.208,-179.77,89.354,-132.594,30.221,-107.682,103.645,-62.471,122.53,-59.773,220.354,-226.645,-69.324
851,-38.156,-6.994,54.261,-56.378,50.89,-94.446,60.058,27.185,68.614,-67.004,44.202,-13.781,23.526,-32.119,-75.125,43.339,-71.212,172.453,-145.107,74.204,11.203,62.273,-65.331,64.56,92.258,3.862,190.041,-109.146,236.925,284.367,362.48,193.289,-124.604,-124.428,-64.999,-125.601,-72.363,85.26,-103.439,-14.169,-96.827,53.206,-73.265,133.974,-115.948,122.165,260.24,-158.667,-104.589,52.979,47.749,42.223,18.787,-79.502,132.94,-43.194,50.88,-86.989,116.844,14.376,39.837,-78.836,-3.234,42.495,-69.303,31.795,-139.306,54.714,-73.357,53.974,-121.887,46.354,6.071,33.305,-41.831,-51.166,234.065,-91.318,211.373,-149.884,149.757,242.336,373.103,333.883,3.576,-212.282,-238.566,-77.208,-179.77,89.354,-132.594,30.221,-107.682,103.645,-62.471,122.53,-59.773,220.354,-226.645,-69.324,-74.386
852,-6.994,54.261,-56.378,50.89,-94.446,60.058,27.185,68.614,-67.004,44.202,-13.781,23.526,-32.119,-75.125,43.339,-71.212,172.453,-145.107,74.204,11.203,62.273,-65.331,64.56,92.258,3.862,190.041,-109.146,236.925,284.367,362.48,193.289,-124.604,-124.428,-64.999,-125.601,-72.363,85.26,-103.439,-14.169,-96.827,53.206,-73.265,133.974,-115.948,122.165,260.24,-158.667,-104.589,52.979,47.749,42.223,18.787,-79.502,132.94,-43.194,50.88,-86.989,116.844,14.376,39.837,-78.836,-3.234,42.495,-69.303,31.795,-139.306,54.714,-73.357,53.974,-121.887,46.354,6.071,33.305,-41.831,-51.166,234.065,-91.318,211.373,-149.884,149.757,242.336,373.103,333.883,3.576,-212.282,-238.566,-77.208,-179.77,89.354,-132.594,30.221,-107.682,103.645,-62.471,122.53,-59.773,220.354,-226.645,-69.324,-74.386,-75.248
853,54.261,-56.378,50.89,-94.446,60.058,27.185,68.614,-67.004,44.202,-13.781,23.526,-32.119,-75.125,43.339,-71.212,172.453,-145.107,74.204,11.203,62.273,-65.331,64.56,92.258,3.862,190.041,-109.146,236.925,284.367,362.48,193.289,-124.604,-124.428,-64.999,-125.601,-72.363,85.26,-103.439,-14.169,-96.827,53.206,-73.265,133.974,-115.948,122.165,260.24,-158.667,-104.589,52.979,47.749,42.223,18.787,-79.502,132.94,-43.194,50.88,-86.989,116.844,14.376,39.837,-78.836,-3.234,42.495,-69.303,31.795,-139.306,54.714,-73.357,53.974,-121.887,46.354,6.071,33.305,-41.831,-51.166,234.065,-91.318,211.373,-149.884,149.757,242.336,373.103,333.883,3.576,-212.282,-238.566,-77.208,-179.77,89.354,-132.594,30.221,-107.682,103.645,-62.471,122.53,-59.773,220.354,-226.645,-69.324,-74.386,-75.248,109.576
854,-56.378,50.89,-94.446,60.058,27.185,68.614,-67.004,44.202,-13.781,23.526,-32.119,-75.125,43.339,-71.212,172.453,-145.107,74.204,11.203,62.273,-65.331,64.56,92.258,3.862,190.041,-109.146,236.925,284.367,362.48,193.289,-124.604,-124.428,-64.999,-125.601,-72.363,85.26,-103.439,-14.169,-96.827,53.206,-73.265,133.974,-115.948,122.165,260.24,-158.667,-104.589,52.979,47.749,42.223,18.787,-79.502,132.94,-43.194,50.88,-86.989,116.844,14.376,39.837,-78.836,-3.234,42.495,-69.303,31.795,-139.306,54.714,-73.357,53.974,-121.887,46.354,6.071,33.305,-41.831,-51.166,234.065,-91.318,211.373,-149.884,149.757,242.336,373.103,333.883,3.576,-212.282,-238.566,-77.208,-179.77,89.354,-132.594,30.221,-107.682,103.645,-62.471,122.53,-59.773,220.354,-226.645,-69.324,-74.386,-75.248,109.576,-28.848
855,50.89,-94.446,60.058,27.185,68.614,-67.004,44.202,-13.781,23.526,-32.119,-75.125,43.339,-71.212,172.453,-145.107,74.204,11.203,62.273,-65.331,64.56,92.258,3.862,190.041,-109.146,236.925,284.367,362.48,193.289,-124.604,-124.428,-64.999,-125.601,-72.363,85.26,-103.439,-14.169,-96.827,53.206,-73.265,133.974,-115.948,122.165,260.24,-158.667,-104.589,52.979,47.749,42.223,18.787,-79.502,132.94,-43.194,50.88,-86.989,116.844,14.376,39.837,-78.836,-3.234,42.495,-69.303,31.795,-139.306,54.714,-73.357,53.974,-121.887,46.354,6.071,33.305,-41.831,-51.166,234.065,-91.318,211.373,-149.884,149.757,242.336,373.103,333.883,3.576,-212.282,-238.566,-77.208,-179.77,89.354,-132.594,30.221,-107.682,103.645,-62.471,122.53,-59.773,220.354,-226.645,-69.324,-74.386,-75.248,109.576,-28.848,78.158
856,-94.446,60.058,27.185,68.614,-67.004,44.202,-13.781,23.526,-32.119,-75.125,43.339,-71.212,172.453,-145.107,74.204,11.203,62.273,-65.331,64.56,92.258,3.862,190.041,-109.146,236.925,284.367,362.48,193.289,-124.604,-124.428,-64.999,-125.601,-72.363,85.26,-103.439,-14.169,-96.827,53.206,-73.265,133.974,-115.948,122.165,260.24,-158.667,-104.589,52.979,47.749,42.223,18.787,-79.502,132.94,-43.194,50.88,-86.989,116.844,14.376,39.837,-78.836,-3.234,42.495,-69.303,31.795,-139.306,54.714,-73.357,53.974,-121.887,46.354,6.071,33.305,-41.831,-51.166,234.065,-91.318,211.373,-149.884,149.757,242.336,373.103,333.883,3.576,-212.282,-238.566,-77.208,-179.77,89.354,-132.594,30.221,-107.682,103.645,-62.471,122.53,-59.773,220.354,-226.645,-69.324,-74.386,-75.248,109.576,-28.848,78.158,-131.666
857,60.058,27.185,68.614,-67.004,44.202,-13.781,23.526,-32.119,-75.125,43.339,-71.212,172.453,-145.107,74.204,11.203,62.273,-65.331,64.56,92.258,3.862,190.041,-109.146,236.925,284.367,362.48,193.289,-124.604,-124.428,-64.999,-125.601,-72.363,85.26,-103.439,-14.169,-96.827,53.206,-73.265,133.974,-115.948,122.165,260.24,-158.667,-104.589,52.979,47.749,42.223,18.787,-79.502,132.94,-43.194,50.88,-86.989,116.844,14.376,39.837,-78.836,-3.234,42.495,-69.303,31.795,-139.306,54.714,-73.357,53.974,-121.887,46.354,6.071,33.305,-41.831,-51.166,234.065,-91.318,211.373,-149.884,149.757,242.336,373.103,333.883,3.576,-212.282,-238.566,-77.208,-179.77,89.354,-132.594,30.221,-107.682,103.645,-62.471,122.53,-59.773,220.354,-226.645,-69.324,-74.386,-75.248,109.576,-28.848,78.158,-131.666,105.541
858,27.185,68.614,-67.004,44.202,-13.781,23.526,-32.119,-75.125,43.339,-71.212,172.453,-145.107,74.204,11.203,62.273,-65.331,64.56,92.258,3.862,190.041,-109.146,236.925,284.367,362.48,193.289,-124.604,-124.428,-64.999,-125.601,-72.363,85.26,-103.439,-14.169,-96.827,53.206,-73.265,133.974,-115.948,122.165,260.24,-158.667,-104.589,52.979,47.749,42.223,18.787,-79.502,132.94,-43.194,50.88,-86.989,116.844,14.376,39.837,-78.836,-3.234,42.495,-69.303,31.795,-139.306,54.714,-73.357,53.974,-121.887,46.354,6.071,33.305,-41.831,-51.166,234.065,-91.318,211.373,-149.884,149.757,242.336,373.103,333.883,3.576,-212.282,-238.566,-77.208,-179.77,89.354,-132.594,30.221,-107.682,103.645,-62.471,122.53,-59.773,220.354,-226.645,-69.324,-74.386,-75.248,109.576,-28.848,78.158,-131.666,105.541,-36.295
859,68.614,-67.004,44.202,-13.781,23.526,-32.119,-75.125,43.339,-71.212,172.453,-145.107,74.204,11.203,62.273,-65.331,64.56,92.258,3.862,190.041,-109.146,236.925,284.367,362.48,193.289,-124.604,-124.428,-64.999,-125.601,-72.363,85.26,-103.439,-14.169,-96.827,53.206,-73.265,133.974,-115.948,122.165,260.24,-158.667,-104.589,52.979,47.749,42.223,18.787,-79.502,132.94,-43.194,50.88,-86.989,116.844,14.376,39.837,-78.836,-3.234,42.495,-69.303,31.795,-139.306,54.714,-73.357,53.974,-121.887,46.354,6.071,33.305,-41.831,-51.166,234.065,-91.318,211.373,-149.884,149.757,242.336,373.103,333.883,3.576,-212.282,-238.566,-77.208,-179.77,89.354,-132.594,30.221,-107.682,103.645,-62.471,122.53,-59.773,220.354,-226.645,-69.324,-74.386,-75.248,109.576,-28.848,78.158,-131.666,105.541,-36.295,51.367
860,-67.004,44.202,-13.781,23.526,-32.119,-75.125,43.339,-71.212,172.453,-145.107,74.204,11.203,62.273,-65.331,64.56,92.258,3.862,190.041,-109.146,236.925,284.367,362.48,193.289,-124.604,-124.428,-64.999,-125.601,-72.363,85.26,-103.439,-14.169,-96.827,53.206,-73.265,133.974,-115.948,122.165,260.24,-158.667,-104.589,52.979,47.749,42.223,18.787,-79.502,132.94,-43.194,50.88,-86.989,116.844,14.376,39.837,-78.836,-3.234,42.495,-69.303,31.795,-139.306,54.714,-73.357,53.974,-121.887,46.354,6.071,33.305,-41.831,-51.166,234.065,-91.318,211.373,-149.884,149.757,242.336,373.103,333.883,3.576,-212.282,-238.566,-77.208,-179.77,89.354,-132.594,30.221,-107.682,103.645,-62.471,122.53,-59.773,220.354,-226.645,-69.324,-74.386,-75.248,109.576,-28.848,78.158,-131.666,105.541,-36.295,51.367,-85.704
861,44.202,-13.781,23.526,-32.119,-75.125,43.339,-71.212,172.453,-145.107,74.204,11.203,62.273,-65.331,64.56,92.258,3.862,190.041,-109.146,236.925,284.367,362.48,193.289,-124.604,-124.428,-64.999,-125.601,-72.363,85.26,-103.439,-14.169,-96.827,53.206,-73.265,133.974,-115.948,122.165,260.24,-158.667,-104.589,52.979,47.749,42.223,18.787,-79.502,132.94,-43.194,50.88,-86.989,116.844,14.376,39.837,-78.836,-3.234,42.495,-69.303,31.795,-139.306,54.714,-73.357,53.974,-121.887,46.354,6.071,33.305,-41.831,-51.166,234.065,-91.318,211.373,-149.884,149.757,242.336,373.103,333.883,3.576,-212.282,-238.566,-77.208,-179.77,89.354,-132.594,30.221,-107.682,103.645,-62.471,122.53,-59.773,220.354,-226.645,-69.324,-74.386,-75.248,109.576,-28.848,78.158,-131.666,105.541,-36.295,51.367,-85.704,81.087
862,-13.781,23.526,-32.119,-75.125,43.339,-71.212,172.453,-145.107,74.204,11.203,62.273,-65.331,64.56,92.258,3.862,190.041,-109.146,236.925,284.367,362.48,193.289,-124.604,-124.428,-64.999,-125.601,-72.363,85.26,-103.439,-14.169,-96.827,53.206,-73.265,133.974,-115.948,122.165,260.24,-158.667,-104.589,52.979,47.749,42.223,18.787,-79.502,132.94,-43.194,50.88,-86.989,116.844,14.376,39.837,-78.836,-3.234,42.495,-69.303,31.795,-139.306,54.714,-73.357,53.974,-121.887,46.354,6.071,33.305,-41.831,-51.166,234.065,-91.318,211.373,-149.884,149.757,242.336,373.103,333.883,3.576,-212.282,-238.566,-77.208,-179.77,89.354,-132.594,30.221,-107.682,103.645,-62.471,122.53,-59.773,220.354,-226.645,-69.324,-74.386,-75.248,109.576,-28.848,78.158,-131.666,105.541,-36.295,51.367,-85.704,81.087,42.999
863,23.526,-32.119,-75.125,43.339,-71.212,172.453,-145.107,74.204,11.203,62.273,-65.331,64.56,92.258,3.862,190.041,-109.146,236.925,284.367,362.48,193.289,-124.604,-124.428,-64.999,-125.601,-72.363,85.26,-103.439,-14.169,-96.827,53.206,-73.265,133.974,-115.948,122.165,260.24,-158.667,-104.589,52.979,47.749,42.223,18.787,-79.502,132.94,-43.194,50.88,-86.989,116.844,14.376,39.837,-78.836,-3.234,42.495,-69.303,31.795,-139.306,54.714,-73.357,53.974,-121.887,46.354,6.071,33.305,-41.831,-51.166,234.065,-91.318,211.373,-149.884,149.757,242.336,373.103,333.883,3.576,-212.282,-238.566,-77.208,-179.77,89.354,-132.594,30.221,-107.682,103.645,-62.471,122.53,-59.773,220.354,-226.645,-69.324,-74.386,-75.248,109.576,-28.848,78.158,-131.666,105.541,-36.295,51.367,-85.704,81.087,42.999,41.855
864,-32.119,-75.125,43.339,-71.212,172.453,-145.107,74.204,11.203,62.273,-65.331,64.56,92.258,3.862,190.041,-109.146,236.925,284.367,362.48,193.289,-124.604,-124.428,-64.999,-125.601,-72.363,85.26,-103.439,-14.169,-96.827,53.206,-73.265,133.974,-115.948,122.165,260.24,-158.667,-104.589,52.979,47.749,42.223,18.787,-79.502,132.94,-43.194,50.88,-86.989,116.844,14.376,39.837,-78.836,-3.234,42.495,-69.303,31.795,-139.306,54.714,-73.357,53.974,-121.887,46.354,6.071,33.305,-41.831,-51.166,234.065,-91.318,211.373,-149.884,149.757,242.336,373.103,333.883,3.576,-212.282,-238.566,-77.208,-179.77,89.354,-132.594,30.221,-107.682,103.645,-62.471,122.53,-59.773,220.354,-226.645,-69.324,-74.386,-75.248,109.576,-28.848,78.158,-131.666,105.541,-36.295,51.367,-85.704,81.087,42.999,41.855,-75.992
865,-75.125,43.339,-71.212,172.453,-145.107,74.204,11.203,62.273,-65.331,64.56,92.258,3.862,190.041,-109.146,236.925,284.367,362.48,193.289,-124.604,-124.428,-64.999,-125.601,-72.363,85.26,-103.439,-14.169,-96.827,53.206,-73.265,133.974,-115.948,122.165,260.24,-158.667,-104.589,52.979,47.749,42.223,18.787,-79.502,132.94,-43.194,50.88,-86.989,116.844,14.376,39.837,-78.836,-3.234,42.495,-69.303,31.795,-139.306,54.714,-73.357,53.974,-121.887,46.354,6.071,33.305,-41.831,-51.166,234.065,-91.318,211.373,-149.884,149.757,242.336,373.103,333.883,3.576,-212.282,-238.566,-77.208,-179.77,89.354,-132.594,30.221,-107.682,103.645,-62.471,122.53,-59.773,220.354,-226.645,-69.324,-74.386,-75.248,109.576,-28.848,78.158,-131.666,105.541,-36.295,51.367,-85.704,81.087,42.999,41.855,-75.992,-80.754
866,43.339,-71.212,172.453,-145.107,74.204,11.203,62.273,-65.331,64.56,92.258,3.862,190.041,-109.146,236.925,284.367,362.48,193.289,-124.604,-124.428,-64.999,-125.601,-72.363,85.26,-103.439,-14.169,-96.827,53.206,-73.265,133.974,-115.948,122.165,260.24,-158.667,-104.589,52.979,47.749,42.223,18.787,-79.502,132.94,-43.194,50.88,-86.989,116.844,14.376,39.837,-78.836,-3.234,42.495,-69.303,31.795,-139.306,54.714,-73.357,53.974,-121.887,46.354,6.071,33.305,-41.831,-51.166,234.065,-91.318,211.373,-149.884,149.757,242.336,373.103,333.883,3.576,-212.282,-238.566,-77.208,-179.77,89.354,-132.594,30.221,-107.682,103.645,-62.471,122.53,-59.773,220.354,-226.645,-69.324,-74.386,-75.248,109.576,-28.848,78.158,-131.666,105.541,-36.295,51.367,-85.704,81.087,42.999,41.855,-75.992,-80.754,109.449
867,-71.212,172.453,-145.107,74.204,11.203,62.273,-65.331,64.56,92.258,3.862,190.041,-109.146,236.925,284.367,362.48,193.289,-124.604,-124.428,-64.999,-125.601,-72.363,85.26,-103.439,-14.169,-96.827,53.206,-73.265,133.974,-115.948,122.165,260.24,-158.667,-104.589,52.979,47.749,42.223,18.787,-79.502,132.94,-43.194,50.88,-86.989,116.844,14.376,39.837,-78.836,-3.234,42.495,-69.303,31.795,-139.306,54.714,-73.357,53.974,-121.887,46.354,6.071,33.305,-41.831,-51.166,234.065,-91.318,211.373,-149.884,149.757,242.336,373.103,333.883,3.576,-212.282,-238.566,-77.208,-179.77,89.354,-132.594,30.221,-107.682,103.645,-62.471,122.53,-59.773,220.354,-226.645,-69.324,-74.386,-75.248,109.576,-28.848,78.158,-131.666,105.541,-36.295,51.367,-85.704,81.087,42.999,41.855,-75.992,-80.754,109.449,-74.13
868,172.453,-145.107,74.204,11.203,62.273,-65.331,64.56,92.258,3.862,190.041,-109.146,236.925,284.367,362.48,193.289,-124.604,-124.428,-64.999,-125.601,-72.363,85.26,-103.439,-14.169,-96.827,53.206,-73.265,133.974,-115.948,122.165,260.24,-158.667,-104.589,52.979,47.749,42.223,18.787,-79.502,132.94,-43.194,50.88,-86.989,116.844,14.376,39.837,-78.836,-3.234,42.495,-69.303,31.795,-139.306,54.714,-73.357,53.974,-121.887,46.354,6.071,33.305,-41.831,-51.166,234.065,-91.318,211.373,-149.884,149.757,242.336,373.103,333.883,3.576,-212.282,-238.566,-77.208,-179.77,89.354,-132.594,30.221,-107.682,103.645,-62.471,122.53,-59.773,220.354,-226.645,-69.324,-74.386,-75.248,109.576,-28.848,78.158,-131.666,105.541,-36.295,51.367,-85.704,81.087,42.999,41.855,-75.992,-80.754,109.449,-74.13,83.809
869,-145.107,74.204,11.203,62.273,-65.331,64.56,92.258,3.862,190.041,-109.146,236.925,284.367,362.48,193.289,-124.604,-124.428,-64.999,-125.601,-72.363,85.26,-103.439,-14.169,-96.827,53.206,-73.265,133.974,-115.948,122.165,260.24,-158.667,-104.589,52.979,47.749,42.223,18.787,-79.502,132.94,-43.194,50.88,-86.989,116.844,14.376,39.837,-78.836,-3.234,42.495,-69.303,31.795,-139.306,54.714,-73.357,53.974,-121.887,46.354,6.071,33.305,-41.831,-51.166,234.065,-91.318,211.373,-149.884,149.757,242.336,373.103,333.883,3.576,-212.282,-238.566,-77.208,-179.77,89.354,-132.594,30.221,-107.682,103.645,-62.471,122.53,-59.773,220.354,-226.645,-69.324,-74.386,-75.248,109.576,-28.848,78.158,-131.666,105.541,-36.295,51.367,-85.704,81.087,42.999,41.855,-75.992,-80.754,109.449,-74.13,83.809,-155.913
870,74.204,11.203,62.273,-65.331,64.56,92.258,3.862,190.041,-109.146,236.925,284.367,362.48,193.289,-124.604,-124.428,-64.999,-125.601,-72.363,85.26,-103.439,-14.169,-96.827,53.206,-73.265,133.974,-115.948,122.165,260.24,-158.667,-104.589,52.979,47.749,42.223,18.787,-79.502,132.94,-43.194,50.88,-86.989,116.844,14.376,39.837,-78.836,-3.234,42.495,-69.303,31.795,-139.306,54.714,-73.357,53.974,-121.887,46.354,6.071,33.305,-41.831,-51.166,234.065,-91.318,211.373,-149.884,149.757,242.336,373.103,333.883,3.576,-212.282,-238.566,-77.208,-179.77,89.354,-132.594,30.221,-107.682,103.645,-62.471,122.53,-59.773,220.354,-226.645,-69.324,-74.386,-75.248,109.576,-28.848,78.158,-131.666,105.541,-36.295,51.367,-85.704,81.087,42.999,41.855,-75.992,-80.754,109.449,-74.13,83.809,-155.913,68.681
871,11.203,62.273,-65.331,64.56,92.258,3.862,190.041,-109.146,236.925,284.367,362.48,193.289,-124.604,-124.428,-64.999,-125.601,-72.363,85.26,-103.439,-14.169,-96.827,53.206,-73.265,133.974,-115.948,122.165,260.24,-158.667,-104.589,52.979,47.749,42.223,18.787,-79.502,132.94,-43.194,50.88,-86.989,116.844,14.376,39.837,-78.836,-3.234,42.495,-69.303,31.795,-139.306,54.714,-73.357,53.974,-121.887,46.354,6.071,33.305,-41.831,-51.166,234.065,-91.318,211.373,-149.884,149.757,242.336,373.103,333.883,3.576,-212.282,-238.566,-77.208,-179.77,89.354,-132.594,30.221,-107.682,103.645,-62.471,122.53,-59.773,220.354,-226.645,-69.324,-74.386,-75.248,109.576,-28.848,78.158,-131.666,105.541,-36.295,51.367,-85.704,81.087,42.999,41.855,-75.992,-80.754,109.449,-74.13,83.809,-155.913,68.681,-52.412
872,62.273,-65.331,64.56,92.258,3.862,190.041,-109.146,236.925,284.367,362.48,193.289,-124.604,-124.428,-64.999,-125.601,-72.363,85.26,-103.439,-14.169,-96.827,53.206,-73.265,133.974,-115.948,122.165,260.24,-158.667,-104.589,52.979,47.749,42.223,18.787,-79.502,132.94,-43.194,50.88,-86.989,116.844,14.376,39.837,-78.836,-3.234,42.495,-69.303,31.795,-139.306,54.714,-73.357,53.974,-121.887,46.354,6.071,33.305,-41.831,-51.166,234.065,-91.318,211.373,-149.884,149.757,242.336,373.103,333.883,3.576,-212.282,-238.566,-77.208,-179.77,89.354,-132.594,30.221,-107.682,103.645,-62.471,122.53,-59.773,220.354,-226.645,-69.324,-74.386,-75.248,109.576,-28.848,78.158,-131.666,105.541,-36.295,51.367,-85.704,81.087,42.999,41.855,-75.992,-80.754,109.449,-74.13,83.809,-155.913,68.681,-52.412,154.81
873,-65.331,64.56,92.258,3.862,190.041,-109.146,236.925,284.367,362.48,193.289,-124.604,-124.428,-64.999,-125.601,-72.363,85.26,-103.439,-14.169,-96.827,53.206,-73.265,133.974,-115.948,122.165,260.24,-158.667,-104.589,52.979,47.749,42.223,18.787,-79.502,132.94,-43.194,50.88,-86.989,116.844,14.376,39.837,-78.836,-3.234,42.495,-69.303,31.795,-139.306,54.714,-73.357,53.974,-121.887,46.354,6.071,33.305,-41.831,-51.166,234.065,-91.318,211.373,-149.884,149.757,242.336,373.103,333.883,3.576,-212.282,-238.566,-77.208,-179.77,89.354,-132.594,30.221,-107.682,103.645,-62.471,122.53,-59.773,220.354,-226.645,-69.324,-74.386,-75.248,109.576,-28.848,78.158,-131.666,105.541,-36.295,51.367,-85.704,81.087,42.999,41.855,-75.992,-80.754,109.449,-74.13,83.809,-155.913,68.681,-52.412,154.81,-126.681
874,64.56,92.258,3.862,190.041,-109.146,236.925,284.367,362.48,193.289,-124.604,-124.428,-64.999,-125.601,-72.363,85.26,-103.439,-14.169,-96.827,53.206,-73.265,133.974,-115.948,122.165,260.24,-158.667,-104.589,52.979,47.749,42.223,18.787,-79.502,132.94,-43.194,50.88,-86.989,116.844,14.376,39.837,-78.836,-3.234,42.495,-69.303,31.795,-139.306,54.714,-73.357,53.974,-121.887,46.354,6.071,33.305,-41.831,-51.166,234.065,-91.318,211.373,-149.884,149.757,242.336,373.103,333.883,3.576,-212.282,-238.566,-77.208,-179.77,89.354,-132.594,30.221,-107.682,103.645,-62.471,122.53,-59.773,220.354,-226.645,-69.324,-74.386,-75.248,109.576,-28.848,78.158,-131.666,105.541,-36.295,51.367,-85.704,81.087,42.999,41.855,-75.992,-80.754,109.449,-74.13,83.809,-155.913,68.681,-52.412,154.81,-126.681,28.454
875,92.258,3.862,190.041,-109.146,236.925,284.367,362.48,193.289,-124.604,-124.428,-64.999,-125.601,-72.363,85.26,-103.439,-14.169,-96.827,53.206,-73.265,133.974,-115.948,122.165,260.24,-158.667,-104.589,52.979,47.749,42.223,18.787,-79.502,132.94,-43.194,50.88,-86.989,116.844,14.376,39.837,-78.836,-3.234,42.495,-69.303,31.795,-139.306,54.714,-73.357,53.974,-121.887,46.354,6.071,33.305,-41.831,-51.166,234.065,-91.318,211.373,-149.884,149.757,242.336,373.103,333.883,3.576,-212.282,-238.566,-77.208,-179.77,89.354,-132.594,30.221,-107.682,103.645,-62.471,122.53,-59.773,220.354,-226.645,-69.324,-74.386,-75.248,109.576,-28.848,78.158,-131.666,105.541,-36.295,51.367,-85.704,81.087,42.999,41.855,-75.992,-80.754,109.449,-74.13,83.809,-155.913,68.681,-52.412,154.81,-126.681,28.454,27.294
876,3.862,190.041,-109.146,236.925,284.367,362.48,193.289,-124.604,-124.428,-64.999,-125.601,-72.363,85.26,-103.439,-14.169,-96.827,53.206,-73.265,133.974,-115.948,122.165,260.24,-158.667,-104.589,52.979,47.749,42.223,18.787,-79.502,132.94,-43.194,50.88,-86.989,116.844,14.376,39.837,-78.836,-3.234,42.495,-69.303,31.795,-139.306,54.714,-73.357,53.974,-121.887,46.354,6.071,33.305,-41.831,-51.166,234.065,-91.318,211.373,-149.884,149.757,242.336,373.103,333.883,3.576,-212.282,-238.566,-77.208,-179.77,89.354,-132.594,30.221,-107.682,103.645,-62.471,122.53,-59.773,220.354,-226.645,-69.324,-74.386,-75.248,109.576,-28.848,78.158,-131.666,105.541,-36.295,51.367,-85.704,81.087,42.999,41.855,-75.992,-80.754,109.449,-74.13,83.809,-155.913,68.681,-52.412,154.81,-126.681,28.454,27.294,-8.304
877,190.041,-109.146,236.925,284.367,362.48,193.289,-124.604,-124.428,-64.999,-125.601,-72.363,85.26,-103.439,-14.169,-96.827,53.206,-73.265,133.974,-115.948,122.165,260.24,-158.667,-104.589,52.979,47.749,42.223,18.787,-79.502,132.94,-43.194,50.88,-86.989,116.844,14.376,39.837,-78.836,-3.234,42.495,-69.303,31.795,-139.306,54.714,-73.357,53.974,-121.887,46.354,6.071,33.305,-41.831,-51.166,234.065,-91.318,211.373,-149.884,149.757,242.336,373.103,333.883,3.576,-212.282,-238.566,-77.208,-179.77,89.354,-132.594,30.221,-107.682,103.645,-62.471,122.53,-59.773,220.354,-226.645,-69.324,-74.386,-75.248,109.576,-28.848,78.158,-131.666,105.541,-36.295,51.367,-85.704,81.087,42.999,41.855,-75.992,-80.754,109.449,-74.13,83.809,-155.913,68.681,-52.412,154.81,-126.681,28.454,27.294,-8.304,23.533
878,-109.146,236.925,284.367,362.48,193.289,-124.604,-124.428,-64.999,-125.601,-72.363,85.26,-103.439,-14.169,-96.827,53.206,-73.265,133.974,-115.948,122.165,260.24,-158.667,-104.589,52.979,47.749,42.223,18.787,-79.502,132.94,-43.194,50.88,-86.989,116.844,14.376,39.837,-78.836,-3.234,42.495,-69.303,31.795,-139.306,54.714,-73.357,53.974,-121.887,46.354,6.071,33.305,-41.831,-51.166,234.065,-91.318,211.373,-149.884,149.757,242.336,373.103,333.883,3.576,-212.282,-238.566,-77.208,-179.77,89.354,-132.594,30.221,-107.682,103.645,-62.471,122.53,-59.773,220.354,-226.645,-69.324,-74.386,-75.248,109.576,-28.848,78.158,-131.666,105.541,-36.295,51.367,-85.704,81.087,42.999,41.855,-75.992,-80.754,109.449,-74.13,83.809,-155.913,68.681,-52.412,154.81,-126.681,28.454,27.294,-8.304,23.533,-72.293
879,236.925,284.367,362.48,193.289,-124.604,-124.428,-64.999,-125.601,-72.363,85.26,-103.439,-14.169,-96.827,53.206,-73.265,133.974,-115.948,122.165,260.24,-158.667,-104.589,52.979,47.749,42.223,18.787,-79.502,132.94,-43.194,50.88,-86.989,116.844,14.376,39.837,-78.836,-3.234,42.495,-69.303,31.795,-139.306,54.714,-73.357,53.974,-121.887,46.354,6.071,33.305,-41.831,-51.166,234.065,-91.318,211.373,-149.884,149.757,242.336,373.103,333.883,3.576,-212.282,-238.566,-77.208,-179.77,89.354,-132.594,30.221,-107.682,103.645,-62.471,122.53,-59.773,220.354,-226.645,-69.324,-74.386,-75.248,109.576,-28.848,78.158,-131.666,105.541,-36.295,51.367,-85.704,81.087,42.999,41.855,-75.992,-80.754,109.449,-74.13,83.809,-155.913,68.681,-52.412,154.81,-126.681,28.454,27.294,-8.304,23.533,-72.293,188.881
880,284.367,362.48,193.289,-124.604,-124.428,-64.999,-125.601,-72.363,85.26,-103.439,-14.169,-96.827,53.206,-73.265,133.974,-115.948,122.165,260.24,-158.667,-104.589,52.979,47.749,42.223,18.787,-79.502,132.94,-43.194,50.88,-86.989,116.844,14.376,39.837,-78.836,-3.234,42.495,-69.303,31.795,-139.306,54.714,-73.357,53.974,-121.887,46.354,6.071,33.305,-41.831,-51.166,234.065,-91.318,211.373,-149.884,149.757,242.336,373.103,333.883,3.576,-212.282,-238.566,-77.208,-179.77,89.354,-132.594,30.221,-107.682,103.645,-62.471,122.53,-59.773,220.354,-226.645,-69.324,-74.386,-75.248,109.576,-28.848,78.158,-131.666,105.541,-36.295,51.367,-85.704,81.087,42.999,41.855,-75.992,-80.754,109.449,-74.13,83.809,-155.913,68.681,-52.412,154.81,-126.681,28.454,27.294,-8.304,23.533,-72.293,188.881,-20.474
881,362.48,193.289,-124.604,-124.428,-64.999,-125.601,-72.363,85.26,-103.439,-14.169,-96.827,53.206,-73.265,133.974,-115.948,122.165,260.24,-158.667,-104.589,52.979,47.749,42.223,18.787,-79.502,132.94,-43.194,50.88,-86.989,116.844,14.376,39.837,-78.836,-3.234,42.495,-69.303,31.795,-139.306,54.714,-73.357,53.974,-121.887,46.354,6.071,33.305,-41.831,-51.166,234.065,-91.318,211.373,-149.884,149.757,242.336,373.103,333.883,3.576,-212.282,-238.566,-77.208,-179.77,89.354,-132.594,30.221,-107.682,103.645,-62.471,122.53,-59.773,220.354,-226.645,-69.324,-74.386,-75.248,109.576,-28.848,78.158,-131.666,105.541,-36.295,51.367,-85.704,81.087,42.999,41.855,-75.992,-80.754,109.449,-74.13,83.809,-155.913,68.681,-52.412,154.81,-126.681,28.454,27.294,-8.304,23.533,-72.293,188.881,-20.474,323.637
882,193.289,-124.604,-124.428,-64.999,-125.601,-72.363,85.26,-103.439,-14.169,-96.827,53.206,-73.265,133.974,-115.948,122.165,260.24,-158.667,-104.589,52.979,47.749,42.223,18.787,-79.502,132.94,-43.194,50.88,-86.989,116.844,14.376,39.837,-78.836,-3.234,42.495,-69.303,31.795,-139.306,54.714,-73.357,53.974,-121.887,46.354,6.071,33.305,-41.831,-51.166,234.065,-91.318,211.373,-149.884,149.757,242.336,373.103,333.883,3.576,-212.282,-238.566,-77.208,-179.77,89.354,-132.594,30.221,-107.682,103.645,-62.471,122.53,-59.773,220.354,-226.645,-69.324,-74.386,-75.248,109.576,-28.848,78.158,-131.666,105.541,-36.295,51.367,-85.704,81.087,42.999,41.855,-75.992,-80.754,109.449,-74.13,83.809,-155.913,68.681,-52.412,154.81,-126.681,28.454,27.294,-8.304,23.533,-72.293,188.881,-20.474,323.637,-177.981
883,-124.604,-124.428,-64.999,-125.601,-72.363,85.26,-103.439,-14.169,-96.827,53.206,-73.265,133.974,-115.948,122.165,260.24,-158.667,-104.589,52.979,47.749,42.223,18.787,-79.502,132.94,-43.194,50.88,-86.989,116.844,14.376,39.837,-78.836,-3.234,42.495,-69.303,31.795,-139.306,54.714,-73.357,53.974,-121.887,46.354,6.071,33.305,-41.831,-51.166,234.065,-91.318,211.373,-149.884,149.757,242.336,373.103,333.883,3.576,-212.282,-238.566,-77.208,-179.77,89.354,-132.594,30.221,-107.682,103.645,-62.471,122.53,-59.773,220.354,-226.645,-69.324,-74.386,-75.248,109.576,-28.848,78.158,-131.666,105.541,-36.295,51.367,-85.704,81.087,42.999,41.855,-75.992,-80.754,109.449,-74.13,83.809,-155.913,68.681,-52.412,154.81,-126.681,28.454,27.294,-8.304,23.533,-72.293,188.881,-20.474,323.637,-177.981,234.403
884,-124.428,-64.999,-125.601,-72.363,85.26,-103.439,-14.169,-96.827,53.206,-73.265,133.974,-115.948,122.165,260.24,-158.667,-104.589,52.979,47.749,42.223,18.787,-79.502,132.94,-43.194,50.88,-86.989,116.844,14.376,39.837,-78.836,-3.234,42.495,-69.303,31.795,-139.306,54.714,-73.357,53.974,-121.887,46.354,6.071,33.305,-41.831,-51.166,234.065,-91.318,211.373,-149.884,149.757,242.336,373.103,333.883,3.576,-212.282,-238.566,-77.208,-179.77,89.354,-132.594,30.221,-107.682,103.645,-62.471,122.53,-59.773,220.354,-226.645,-69.324,-74.386,-75.248,109.576,-28.848,78.158,-131.666,105.541,-36.295,51.367,-85.704,81.087,42.999,41.855,-75.992,-80.754,109.449,-74.13,83.809,-155.913,68.681,-52.412,154.81,-126.681,28.454,27.294,-8.304,23.533,-72.293,188.881,-20.474,323.637,-177.981,234.403,143.158
885,-64.999,-125.601,-72.363,85.26,-103.439,-14.169,-96.827,53.206,-73.265,133.974,-115.948,122.165,260.24,-158.667,-104.589,52.979,47.749,42.223,18.787,-79.502,132.94,-43.194,50.88,-86.989,116.844,14.376,39.837,-78.836,-3.234,42.495,-69.303,31.795,-139.306,54.714,-73.357,53.974,-121.887,46.354,6.071,33.305,-41.831,-51.166,234.065,-91.318,211.373,-149.884,149.757,242.336,373.103,333.883,3.576,-212.282,-238.566,-77.208,-179.77,89.354,-132.594,30.221,-107.682,103.645,-62.471,122.53,-59.773,220.354,-226.645,-69.324,-74.386,-75.248,109.576,-28.848,78.158,-131.666,105.541,-36.295,51.367,-85.704,81.087,42.999,41.855,-75.992,-80.754,109.449,-74.13,83.809,-155.913,68.681,-52.412,154.81,-126.681,28.454,27.294,-8.304,23.533,-72.293,188.881,-20.474,323.637,-177.981,234.403,143.158,398.963
886,-125.601,-72.363,85.26,-103.439,-14.169,-96.827,53.206,-73.265,133.974,-115.948,122.165,260.24,-158.667,-104.589,52.979,47.749,42.223,18.787,-79.502,132.94,-43.194,50.88,-86.989,116.844,14.376,39.837,-78.836,-3.234,42.495,-69.303,31.795,-139.306,54.714,-73.357,53.974,-121.887,46.354,6.071,33.305,-41.831,-51.166,234.065,-91.318,211.373,-149.884,149.757,242.336,373.103,333.883,3.576,-212.282,-238.566,-77.208,-179.77,89.354,-132.594,30.221,-107.682,103.645,-62.471,122.53,-59.773,220.354,-226.645,-69.324,-74.386,-75.248,109.576,-28.848,78.158,-131.666,105.541,-36.295,51.367,-85.704,81.087,42.999,41.855,-75.992,-80.754,109.449,-74.13,83.809,-155.913,68.681,-52.412,154.81,-126.681,28.454,27.294,-8.304,23.533,-72.293,188.881,-20.474,323.637,-177.981,234.403,143.158,398.963,437.329
887,-72.363,85.26,-103.439,-14.169,-96.827,53.206,-73.265,133.974,-115.948,122.165,260.24,-158.667,-104.589,52.979,47.749,42.223,18.787,-79.502,132.94,-43.194,50.88,-86.989,116.844,14.376,39.837,-78.836,-3.234,42.495,-69.303,31.795,-139.306,54.714,-73.357,53.974,-121.887,46.354,6.071,33.305,-41.831,-51.166,234.065,-91.318,211.373,-149.884,149.757,242.336,373.103,333.883,3.576,-212.282,-238.566,-77.208,-179.77,89.354,-132.594,30.221,-107.682,103.645,-62.471,122.53,-59.773,220.354,-226.645,-69.324,-74.386,-75.248,109.576,-28.848,78.158,-131.666,105.541,-36.295,51.367,-85.704,81.087,42.999,41.855,-75.992,-80.754,109.449,-74.13,83.809,-155.913,68.681,-52.412,154.81,-126.681,28.454,27.294,-8.304,23.533,-72.293,188.881,-20.474,323.637,-177.981,234.403,143.158,398.963,437.329,17.385
888,85.26,-103.439,-14.169,-96.827,53.206,-73.265,133.974,-115.948,122.165,260.24,-158.667,-104.589,52.979,47.749,42.223,18.787,-79.502,132.94,-43.194,50.88,-86.989,116.844,14.376,39.837,-78.836,-3.234,42.495,-69.303,31.795,-139.306,54.714,-73.357,53.974,-121.887,46.354,6.071,33.305,-41.831,-51.166,234.065,-91.318,211.373,-149.884,149.757,242.336,373.103,333.883,3.576,-212.282,-238.566,-77.208,-179.77,89.354,-132.594,30.221,-107.682,103.645,-62.471,122.53,-59.773,220.354,-226.645,-69.324,-74.386,-75.248,109.576,-28.848,78.158,-131.666,105.541,-36.295,51.367,-85.704,81.087,42.999,41.855,-75.992,-80.754,109.449,-74.13,83.809,-155.913,68.681,-52.412,154.81,-126.681,28.454,27.294,-8.304,23.533,-72.293,188.881,-20.474,323.637,-177.981,234.403,143.158,398.963,437.329,17.385,-81.218
889,-103.439,-14.169,-96.827,53.206,-73.265,133.974,-115.948,122.165,260.24,-158.667,-104.589,52.979,47.749,42.223,18.787,-79.502,132.94,-43.194,50.88,-86.989,116.844,14.376,39.837,-78.836,-3.234,42.495,-69.303,31.795,-139.306,54.714,-73.357,53.974,-121.887,46.354,6.071,33.305,-41.831,-51.166,234.065,-91.318,211.373,-149.884,149.757,242.336,373.103,333.883,3.576,-212.282,-238.566,-77.208,-179.77,89.354,-132.594,30.221,-107.682,103.645,-62.471,122.53,-59.773,220.354,-226.645,-69.324,-74.386,-75.248,109.576,-28.848,78.158,-131.666,105.541,-36.295,51.367,-85.704,81.087,42.999,41.855,-75.992,-80.754,109.449,-74.13,83.809,-155.913,68.681,-52.412,154.81,-126.681,28.454,27.294,-8.304,23.533,-72.293,188.881,-20.474,323.637,-177.981,234.403,143.158,398.963,437.329,17.385,-81.218,-286.156
890,-14.169,-96.827,53.206,-73.265,133.974,-115.948,122.165,260.24,-158.667,-104.589,52.979,47.749,42.223,18.787,-79.502,132.94,-43.194,50.88,-86.989,116.844,14.376,39.837,-78.836,-3.234,42.495,-69.303,31.795,-139.306,54.714,-73.357,53.974,-121.887,46.354,6.071,33.305,-41.831,-51.166,234.065,-91.318,211.373,-149.884,149.757,242.336,373.103,333.883,3.576,-212.282,-238.566,-77.208,-179.77,89.354,-132.594,30.221,-107.682,103.645,-62.471,122.53,-59.773,220.354,-226.645,-69.324,-74.386,-75.248,109.576,-28.848,78.158,-131.666,105.541,-36.295,51.367,-85.704,81.087,42.999,41.855,-75.992,-80.754,109.449,-74.13,83.809,-155.913,68.681,-52.412,154.81,-126.681,28.454,27.294,-8.304,23.533,-72.293,188.881,-20.474,323.637,-177.981,234.403,143.158,398.963,437.329,17.385,-81.218,-286.156,-81.229
891,-96.827,53.206,-73.265,133.974,-115.948,122.165,260.24,-158.667,-104.589,52.979,47.749,42.223,18.787,-79.502,132.94,-43.194,50.88,-86.989,116.844,14.376,39.837,-78.836,-3.234,42.495,-69.303,31.795,-139.306,54.714,-73.357,53.974,-121.887,46.354,6.071,33.305,-41.831,-51.166,234.065,-91.318,211.373,-149.884,149.757,242.336,373.103,333.883,3.576,-212.282,-238.566,-77.208,-179.77,89.354,-132.594,30.221,-107.682,103.645,-62.471,122.53,-59.773,220.354,-226.645,-69.324,-74.386,-75.248,109.576,-28.848,78.158,-131.666,105.541,-36.295,51.367,-85.704,81.087,42.999,41.855,-75.992,-80.754,109.449,-74.13,83.809,-155.913,68.681,-52.412,154.81,-126.681,28.454,27.294,-8.304,23.533,-72.293,188.881,-20.474,323.637,-177.981,234.403,143.158,398.963,437.329,17.385,-81.218,-286.156,-81.229,-218.875
892,53.206,-73.265,133.974,-115.948,122.165,260.24,-158.667,-104.589,52.979,47.749,42.223,18.787,-79.502,132.94,-43.194,50.88,-86.989,116.844,14.376,39.837,-78.836,-3.234,42.495,-69.303,31.795,-139.306,54.714,-73.357,53.974,-121.887,46.354,6.071,33.305,-41.831,-51.166,234.065,-91.318,211.373,-149.884,149.757,242.336,373.103,333.883,3.576,-212.282,-238.566,-77.208,-179.77,89.354,-132.594,30.221,-107.682,103.645,-62.471,122.53,-59.773,220.354,-226.645,-69.324,-74.386,-75.248,109.576,-28.848,78.158,-131.666,105.541,-36.295,51.367,-85.704,81.087,42.999,41.855,-75.992,-80.754,109.449,-74.13,83.809,-155.913,68.681,-52.412,154.81,-126.681,28.454,27.294,-8.304,23.533,-72.293,188.881,-20.474,323.637,-177.981,234.403,143.158,398.963,437.329,17.385,-81.218,-286.156,-81.229,-218.875,146.759
893,-73.265,133.974,-115.948,122.165,260.24,-158.667,-104.589,52.979,47.749,42.223,18.787,-79.502,132.94,-43.194,50.88,-86.989,116.844,14.376,39.837,-78.836,-3.234,42.495,-69.303,31.795,-139.306,54.714,-73.357,53.974,-121.887,46.354,6.071,33.305,-41.831,-51.166,234.065,-91.318,211.373,-149.884,149.757,242.336,373.103,333.883,3.576,-212.282,-238.566,-77.208,-179.77,89.354,-132.594,30.221,-107.682,103.645,-62.471,122.53,-59.773,220.354,-226.645,-69.324,-74.386,-75.248,109.576,-28.848,78.158,-131.666,105.541,-36.295,51.367,-85.704,81.087,42.999,41.855,-75.992,-80.754,109.449,-74.13,83.809,-155.913,68.681,-52.412,154.81,-126.681,28.454,27.294,-8.304,23.533,-72.293,188.881,-20.474,323.637,-177.981,234.403,143.158,398.963,437.329,17.385,-81.218,-286.156,-81.229,-218.875,146.759,-98.346
894,133.974,-115.948,122.165,260.24,-158.667,-104.589,52.979,47.749,42.223,18.787,-79.502,132.94,-43.194,50.88,-86.989,116.844,14.376,39.837,-78.836,-3.234,42.495,-69.303,31.795,-139.306,54.714,-73.357,53.974,-121.887,46.354,6.071,33.305,-41.831,-51.166,234.065,-91.318,211.373,-149.884,149.757,242.336,373.103,333.883,3.576,-212.282,-238.566,-77.208,-179.77,89.354,-132.594,30.221,-107.682,103.645,-62.471,122.53,-59.773,220.354,-226.645,-69.324,-74.386,-75.248,109.576,-28.848,78.158,-131.666,105.541,-36.295,51.367,-85.704,81.087,42.999,41.855,-75.992,-80.754,109.449,-74.13,83.809,-155.913,68.681,-52.412,154.81,-126.681,28.454,27.294,-8.304,23.533,-72.293,188.881,-20.474,323.637,-177.981,234.403,143.158,398.963,437.329,17.385,-81.218,-286.156,-81.229,-218.875,146.759,-98.346,72.792
895,-115.948,122.165,260.24,-158.667,-104.589,52.979,47.749,42.223,18.787,-79.502,132.94,-43.194,50.88,-86.989,116.844,14.376,39.837,-78.836,-3.234,42.495,-69.303,31.795,-139.306,54.714,-73.357,53.974,-121.887,46.354,6.071,33.305,-41.831,-51.166,234.065,-91.318,211.373,-149.884,149.757,242.336,373.103,333.883,3.576,-212.282,-238.566,-77.208,-179.77,89.354,-132.594,30.221,-107.682,103.645,-62.471,122.53,-59.773,220.354,-226.645,-69.324,-74.386,-75.248,109.576,-28.848,78.158,-131.666,105.541,-36.295,51.367,-85.704,81.087,42.999,41.855,-75.992,-80.754,109.449,-74.13,83.809,-155.913,68.681,-52.412,154.81,-126.681,28.454,27.294,-8.304,23.533,-72.293,188.881,-20.474,323.637,-177.981,234.403,143.158,398.963,437.329,17.385,-81.218,-286.156,-81.229,-218.875,146.759,-98.346,72.792,-148.34
896,122.165,260.24,-158.667,-104.589,52.979,47.749,42.223,18.787,-79.502,132.94,-43.194,50.88,-86.989,116.844,14.376,39.837,-78.836,-3.234,42.495,-69.303,31.795,-139.306,54.714,-73.357,53.974,-121.887,46.354,6.071,33.305,-41.831,-51.166,234.065,-91.318,211.373,-149.884,149.757,242.336,373.103,333.883,3.576,-212.282,-238.566,-77.208,-179.77,89.354,-132.594,30.221,-107.682,103.645,-62.471,122.53,-59.773,220.354,-226.645,-69.324,-74.386,-75.248,109.576,-28.848,78.158,-131.666,105.541,-36.295,51.367,-85.704,81.087,42.999,41.855,-75.992,-80.754,109.449,-74.13,83.809,-155.913,68.681,-52.412,154.81,-126.681,28.454,27.294,-8.304,23.533,-72.293,188.881,-20.474,323.637,-177.981,234.403,143.158,398.963,437.329,17.385,-81.218,-286.156,-81.229,-218.875,146.759,-98.346,72.792,-148.34,126.312
897,260.24,-158.667,-104.589,52.979,47.749,42.223,18.787,-79.502,132.94,-43.194,50.88,-86.989,116.844,14.376,39.837,-78.836,-3.234,42.495,-69.303,31.795,-139.306,54.714,-73.357,53.974,-121.887,46.354,6.071,33.305,-41.831,-51.166,234.065,-91.318,211.373,-149.884,149.757,242.336,373.103,333.883,3.576,-212.282,-238.566,-77.208,-179.77,89.354,-132.594,30.221,-107.682,103.645,-62.471,122.53,-59.773,220.354,-226.645,-69.324,-74.386,-75.248,109.576,-28.848,78.158,-131.666,105.541,-36.295,51.367,-85.704,81.087,42.999,41.855,-75.992,-80.754,109.449,-74.13,83.809,-155.913,68.681,-52.412,154.81,-126.681,28.454,27.294,-8.304,23.533,-72.293,188.881,-20.474,323.637,-177.981,234.403,143.158,398.963,437.329,17.385,-81.218,-286.156,-81.229,-218.875,146.759,-98.346,72.792,-148.34,126.312,-84.246
898,-158.667,-104.589,52.979,47.749,42.223,18.787,-79.502,132.94,-43.194,50.88,-86.989,116.844,14.376,39.837,-78.836,-3.234,42.495,-69.303,31.795,-139.306,54.714,-73.357,53.974,-121.887,46.354,6.071,33.305,-41.831,-51.166,234.065,-91.318,211.373,-149.884,149.757,242.336,373.103,333.883,3.576,-212.282,-238.566,-77.208,-179.77,89.354,-132.594,30.221,-107.682,103.645,-62.471,122.53,-59.773,220.354,-226.645,-69.324,-74.386,-75.248,109.576,-28.848,78.158,-131.666,105.541,-36.295,51.367,-85.704,81.087,42.999,41.855,-75.992,-80.754,109.449,-74.13,83.809,-155.913,68.681,-52.412,154.81,-126.681,28.454,27.294,-8.304,23.533,-72.293,188.881,-20.474,323.637,-177.981,234.403,143.158,398.963,437.329,17.385,-81.218,-286.156,-81.229,-218.875,146.759,-98.346,72.792,-148.34,126.312,-84.246,167.137
899,-104.589,52.979,47.749,42.223,18.787,-79.502,132.94,-43.194,50.88,-86.989,116.844,14.376,39.837,-78.836,-3.234,42.495,-69.303,31.795,-139.306,54.714,-73.357,53.974,-121.887,46.354,6.071,33.305,-41.831,-51.166,234.065,-91.318,211.373,-149.884,149.757,242.336,373.103,333.883,3.576,-212.282,-238.566,-77.208,-179.77,89.354,-132.594,30.221,-107.682,103.645,-62.471,122.53,-59.773,220.354,-226.645,-69.324,-74.386,-75.248,109.576,-28.848,78.158,-131.666,105.541,-36.295,51.367,-85.704,81.087,42.999,41.855,-75.992,-80.754,109.449,-74.13,83.809,-155.913,68.681,-52.412,154.81,-126.681,28.454,27.294,-8.304,23.533,-72.293,188.881,-20.474,323.637,-177.981,234.403,143.158,398.963,437.329,17.385,-81.218,-286.156,-81.229,-218.875,146.759,-98.346,72.792,-148.34,126.312,-84.246,167.137,-184.81
900,52.979,47.749,42.223,18.787,-79.502,132.94,-43.194,50.88,-86.989,116.844,14.376,39.837,-78.836,-3.234,42.495,-69.303,31.795,-139.306,54.714,-73.357,53.974,-121.887,46.354,6.071,33.305,-41.831,-51.166,234.065,-91.318,211.373,-149.884,149.757,242.336,373.103,333.883,3.576,-212.282,-238.566,-77.208,-179.77,89.354,-132.594,30.221,-107.682,103.645,-62.471,122.53,-59.773,220.354,-226.645,-69.324,-74.386,-75.248,109.576,-28.848,78.158,-131.666,105.541,-36.295,51.367,-85.704,81.087,42.999,41.855,-75.992,-80.754,109.449,-74.13,83.809,-155.913,68.681,-52.412,154.81,-126.681,28.454,27.294,-8.304,23.533,-72.293,188.881,-20.474,323.637,-177.981,234.403,143.158,398.963,437.329,17.385,-81.218,-286.156,-81.229,-218.875,146.759,-98.346,72.792,-148.34,126.312,-84.246,167.137,-184.81,55.757
901,47.749,42.223,18.787,-79.502,132.94,-43.194,50.88,-86.989,116.844,14.376,39.837,-78.836,-3.234,42.495,-69.303,31.795,-139.306,54.714,-73.357,53.974,-121.887,46.354,6.071,33.305,-41.831,-51.166,234.065,-91.318,211.373,-149.884,149.757,242.336,373.103,333.883,3.576,-212.282,-238.566,-77.208,-179.77,89.354,-132.594,30.221,-107.682,103.645,-62.471,122.53,-59.773,220.354,-226.645,-69.324,-74.386,-75.248,109.576,-28.848,78.158,-131.666,105.541,-36.295,51.367,-85.704,81.087,42.999,41.855,-75.992,-80.754,109.449,-74.13,83.809,-155.913,68.681,-52.412,154.81,-126.681,28.454,27.294,-8.304,23.533,-72.293,188.881,-20.474,323.637,-177.981,234.403,143.158,398.963,437.329,17.385,-81.218,-286.156,-81.229,-218.875,146.759,-98.346,72.792,-148.34,126.312,-84.246,167.137,-184.81,55.757,-10.244
902,42.223,18.787,-79.502,132.94,-43.194,50.88,-86.989,116.844,14.376,39.837,-78.836,-3.234,42.495,-69.303,31.795,-139.306,54.714,-73.357,53.974,-121.887,46.354,6.071,33.305,-41.831,-51.166,234.065,-91.318,211.373,-149.884,149.757,242.336,373.103,333.883,3.576,-212.282,-238.566,-77.208,-179.77,89.354,-132.594,30.221,-107.682,103.645,-62.471,122.53,-59.773,220.354,-226.645,-69.324,-74.386,-75.248,109.576,-28.848,78.158,-131.666,105.541,-36.295,51.367,-85.704,81.087,42.999,41.855,-75.992,-80.754,109.449,-74.13,83.809,-155.913,68.681,-52.412,154.81,-126.681,28.454,27.294,-8.304,23.533,-72.293,188.881,-20.474,323.637,-177.981,234.403,143.158,398.963,437.329,17.385,-81.218,-286.156,-81.229,-218.875,146.759,-98.346,72.792,-148.34,126.312,-84.246,167.137,-184.81,55.757,-10.244,121.336
903,18.787,-79.502,132.94,-43.194,50.88,-86.989,116.844,14.376,39.837,-78.836,-3.234,42.495,-69.303,31.795,-139.306,54.714,-73.357,53.974,-121.887,46.354,6.071,33.305,-41.831,-51.166,234.065,-91.318,211.373,-149.884,149.757,242.336,373.103,333.883,3.576,-212.282,-238.566,-77.208,-179.77,89.354,-132.594,30.221,-107.682,103.645,-62.471,122.53,-59.773,220.354,-226.645,-69.324,-74.386,-75.248,109.576,-28.848,78.158,-131.666,105.541,-36.295,51.367,-85.704,81.087,42.999,41.855,-75.992,-80.754,109.449,-74.13,83.809,-155.913,68.681,-52.412,154.81,-126.681,28.454,27.294,-8.304,23.533,-72.293,188.881,-20.474,323.637,-177.981,234.403,143.158,398.963,437.329,17.385,-81.218,-286.156,-81.229,-218.875,146.759,-98.346,72.792,-148.34,126.312,-84.246,167.137,-184.81,55.757,-10.244,121.336,266.837
904,-79.502,132.94,-43.194,50.88,-86.989,116.844,14.376,39.837,-78.836,-3.234,42.495,-69.303,31.795,-139.306,54.714,-73.357,53.974,-121.887,46.354,6.071,33.305,-41.831,-51.166,234.065,-91.318,211.373,-149.884,149.757,242.336,373.103,333.883,3.576,-212.282,-238.566,-77.208,-179.77,89.354,-132.594,30.221,-107.682,103.645,-62.471,122.53,-59.773,220.354,-226.645,-69.324,-74.386,-75.248,109.576,-28.848,78.158,-131.666,105.541,-36.295,51.367,-85.704,81.087,42.999,41.855,-75.992,-80.754,109.449,-74.13,83.809,-155.913,68.681,-52.412,154.81,-126.681,28.454,27.294,-8.304,23.533,-72.293,188.881,-20.474,323.637,-177.981,234.403,143.158,398.963,437.329,17.385,-81.218,-286.156,-81.229,-218.875,146.759,-98.346,72.792,-148.34,126.312,-84.246,167.137,-184.81,55.757,-10.244,121.336,266.837,-367.949
905,132.94,-43.194,50.88,-86.989,116.844,14.376,39.837,-78.836,-3.234,42.495,-69.303,31.795,-139.306,54.714,-73.357,53.974,-121.887,46.354,6.071,33.305,-41.831,-51.166,234.065,-91.318,211.373,-149.884,149.757,242.336,373.103,333.883,3.576,-212.282,-238.566,-77.208,-179.77,89.354,-132.594,30.221,-107.682,103.645,-62.471,122.53,-59.773,220.354,-226.645,-69.324,-74.386,-75.248,109.576,-28.848,78.158,-131.666,105.541,-36.295,51.367,-85.704,81.087,42.999,41.855,-75.992,-80.754,109.449,-74.13,83.809,-155.913,68.681,-52.412,154.81,-126.681,28.454,27.294,-8.304,23.533,-72.293,188.881,-20.474,323.637,-177.981,234.403,143.158,398.963,437.329,17.385,-81.218,-286.156,-81.229,-218.875,146.759,-98.346,72.792,-148.34,126.312,-84.246,167.137,-184.81,55.757,-10.244,121.336,266.837,-367.949,125.225
906,-43.194,50.88,-86.989,116.844,14.376,39.837,-78.836,-3.234,42.495,-69.303,31.795,-139.306,54.714,-73.357,53.974,-121.887,46.354,6.071,33.305,-41.831,-51.166,234.065,-91.318,211.373,-149.884,149.757,242.336,373.103,333.883,3.576,-212.282,-238.566,-77.208,-179.77,89.354,-132.594,30.221,-107.682,103.645,-62.471,122.53,-59.773,220.354,-226.645,-69.324,-74.386,-75.248,109.576,-28.848,78.158,-131.666,105.541,-36.295,51.367,-85.704,81.087,42.999,41.855,-75.992,-80.754,109.449,-74.13,83.809,-155.913,68.681,-52.412,154.81,-126.681,28.454,27.294,-8.304,23.533,-72.293,188.881,-20.474,323.637,-177.981,234.403,143.158,398.963,437.329,17.385,-81.218,-286.156,-81.229,-218.875,146.759,-98.346,72.792,-148.34,126.312,-84.246,167.137,-184.81,55.757,-10.244,121.336,266.837,-367.949,125.225,-122.248
907,50.88,-86.989,116.844,14.376,39.837,-78.836,-3.234,42.495,-69.303,31.795,-139.306,54.714,-73.357,53.974,-121.887,46.354,6.071,33.305,-41.831,-51.166,234.065,-91.318,211.373,-149.884,149.757,242.336,373.103,333.883,3.576,-212.282,-238.566,-77.208,-179.77,89.354,-132.594,30.221,-107.682,103.645,-62.471,122.53,-59.773,220.354,-226.645,-69.324,-74.386,-75.248,109.576,-28.848,78.158,-131.666,105.541,-36.295,51.367,-85.704,81.087,42.999,41.855,-75.992,-80.754,109.449,-74.13,83.809,-155.913,68.681,-52.412,154.81,-126.681,28.454,27.294,-8.304,23.533,-72.293,188.881,-20.474,323.637,-177.981,234.403,143.158,398.963,437.329,17.385,-81.218,-286.156,-81.229,-218.875,146.759,-98.346,72.792,-148.34,126.312,-84.246,167.137,-184.81,55.757,-10.244,121.336,266.837,-367.949,125.225,-122.248,149.441
908,-86.989,116.844,14.376,39.837,-78.836,-3.234,42.495,-69.303,31.795,-139.306,54.714,-73.357,53.974,-121.887,46.354,6.071,33.305,-41.831,-51.166,234.065,-91.318,211.373,-149.884,149.757,242.336,373.103,333.883,3.576,-212.282,-238.566,-77.208,-179.77,89.354,-132.594,30.221,-107.682,103.645,-62.471,122.53,-59.773,220.354,-226.645,-69.324,-74.386,-75.248,109.576,-28.848,78.158,-131.666,105.541,-36.295,51.367,-85.704,81.087,42.999,41.855,-75.992,-80.754,109.449,-74.13,83.809,-155.913,68.681,-52.412,154.81,-126.681,28.454,27.294,-8.304,23.533,-72.293,188.881,-20.474,323.637,-177.981,234.403,143.158,398.963,437.329,17.385,-81.218,-286.156,-81.229,-218.875,146.759,-98.346,72.792,-148.34,126.312,-84.246,167.137,-184.81,55.757,-10.244,121.336,266.837,-367.949,125.225,-122.248,149.441,-119.596
909,116.844,14.376,39.837,-78.836,-3.234,42.495,-69.303,31.795,-139.306,54.714,-73.357,53.974,-121.887,46.354,6.071,33.305,-41.831,-51.166,234.065,-91.318,211.373,-149.884,149.757,242.336,373.103,333.883,3.576,-212.282,-238.566,-77.208,-179.77,89.354,-132.594,30.221,-107.682,103.645,-62.471,122.53,-59.773,220.354,-226.645,-69.324,-74.386,-75.248,109.576,-28.848,78.158,-131.666,105.541,-36.295,51.367,-85.704,81.087,42.999,41.855,-75.992,-80.754,109.449,-74.13,83.809,-155.913,68.681,-52.412,154.81,-126.681,28.454,27.294,-8.304,23.533,-72.293,188.881,-20.474,323.637,-177.981,234.403,143.158,398.963,437.329,17.385,-81.218,-286.156,-81.229,-218.875,146.759,-98.346,72.792,-148.34,126.312,-84.246,167.137,-184.81,55.757,-10.244,121.336,266.837,-367.949,125.225,-122.248,149.441,-119.596,115.162
910,14.376,39.837,-78.836,-3.234,42.495,-69.303,31.795,-139.306,54.714,-73.357,53.974,-121.887,46.354,6.071,33.305,-41.831,-51.166,234.065,-91.318,211.373,-149.884,149.757,242.336,373.103,333.883,3.576,-212.282,-238.566,-77.208,-179.77,89.354,-132.594,30.221,-107.682,103.645,-62.471,122.53,-59.773,220.354,-226.645,-69.324,-74.386,-75.248,109.576,-28.848,78.158,-131.666,105.541,-36.295,51.367,-85.704,81.087,42.999,41.855,-75.992,-80.754,109.449,-74.13,83.809,-155.913,68.681,-52.412,154.81,-126.681,28.454,27.294,-8.304,23.533,-72.293,188.881,-20.474,323.637,-177.981,234.403,143.158,398.963,437.329,17.385,-81.218,-286.156,-81.229,-218.875,146.759,-98.346,72.792,-148.34,126.312,-84.246,167.137,-184.81,55.757,-10.244,121.336,266.837,-367.949,125.225,-122.248,149.441,-119.596,115.162,-39.7
911,39.837,-78.836,-3.234,42.495,-69.303,31.795,-139.306,54.714,-73.357,53.974,-121.887,46.354,6.071,33.305,-41.831,-51.166,234.065,-91.318,211.373,-149.884,149.757,242.336,373.103,333.883,3.576,-212.282,-238.566,-77.208,-179.77,89.354,-132.594,30.221,-107.682,103.645,-62.471,122.53,-59.773,220.354,-226.645,-69.324,-74.386,-75.248,109.576,-28.848,78.158,-131.666,105.541,-36.295,51.367,-85.704,81.087,42.999,41.855,-75.992,-80.754,109.449,-74.13,83.809,-155.913,68.681,-52.412,154.81,-126.681,28.454,27.294,-8.304,23.533,-72.293,188.881,-20.474,323.637,-177.981,234.403,143.158,398.963,437.329,17.385,-81.218,-286.156,-81.229,-218.875,146.759,-98.346,72.792,-148.34,126.312,-84.246,167.137,-184.81,55.757,-10.244,121.336,266.837,-367.949,125.225,-122.248,149.441,-119.596,115.162,-39.7,94.47
912,-78.836,-3.234,42.495,-69.303,31.795,-139.306,54.714,-73.357,53.974,-121.887,46.354,6.071,33.305,-41.831,-51.166,234.065,-91.318,211.373,-149.884,149.757,242.336,373.103,333.883,3.576,-212.282,-238.566,-77.208,-179.77,89.354,-132.594,30.221,-107.682,103.645,-62.471,122.53,-59.773,220.354,-226.645,-69.324,-74.386,-75.248,109.576,-28.848,78.158,-131.666,105.541,-36.295,51.367,-85.704,81.087,42.999,41.855,-75.992,-80.754,109.449,-74.13,83.809,-155.913,68.681,-52.412,154.81,-126.681,28.454,27.294,-8.304,23.533,-72.293,188.881,-20.474,323.637,-177.981,234.403,143.158,398.963,437.329,17.385,-81.218,-286.156,-81.229,-218.875,146.759,-98.346,72.792,-148.34,126.312,-84.246,167.137,-184.81,55.757,-10.244,121.336,266.837,-367.949,125.225,-122.248,149.441,-119.596,115.162,-39.7,94.47,-122.166
913,-3.234,42.495,-69.303,31.795,-139.306,54.714,-73.357,53.974,-121.887,46.354,6.071,33.305,-41.831,-51.166,234.065,-91.318,211.373,-149.884,149.757,242.336,373.103,333.883,3.576,-212.282,-238.566,-77.208,-179.77,89.354,-132.594,30.221,-107.682,103.645,-62.471,122.53,-59.773,220.354,-226.645,-69.324,-74.386,-75.248,109.576,-28.848,78.158,-131.666,105.541,-36.295,51.367,-85.704,81.087,42.999,41.855,-75.992,-80.754,109.449,-74.13,83.809,-155.913,68.681,-52.412,154.81,-126.681,28.454,27.294,-8.304,23.533,-72.293,188.881,-20.474,323.637,-177.981,234.403,143.158,398.963,437.329,17.385,-81.218,-286.156,-81.229,-218.875,146.759,-98.346,72.792,-148.34,126.312,-84.246,167.137,-184.81,55.757,-10.244,121.336,266.837,-367.949,125.225,-122.248,149.441,-119.596,115.162,-39.7,94.47,-122.166,81.202
914,42.495,-69.303,31.795,-139.306,54.714,-73.357,53.974,-121.887,46.354,6.071,33.305,-41.831,-51.166,234.065,-91.318,211.373,-149.884,149.757,242.336,373.103,333.883,3.576,-212.282,-238.566,-77.208,-179.77,89.354,-132.594,30.221,-107.682,103.645,-62.471,122.53,-59.773,220.354,-226.645,-69.324,-74.386,-75.248,109.576,-28.848,78.158,-131.666,105.541,-36.295,51.367,-85.704,81.087,42.999,41.855,-75.992,-80.754,109.449,-74.13,83.809,-155.913,68.681,-52.412,154.81,-126.681,28.454,27.294,-8.304,23.533,-72.293,188.881,-20.474,323.637,-177.981,234.403,143.158,398.963,437.329,17.385,-81.218,-286.156,-81.229,-218.875,146.759,-98.346,72.792,-148.34,126.312,-84.246,167.137,-184.81,55.757,-10.244,121.336,266.837,-367.949,125.225,-122.248,149.441,-119.596,115.162,-39.7,94.47,-122.166,81.202,16.396
915,-69.303,31.795,-139.306,54.714,-73.357,53.974,-121.887,46.354,6.071,33.305,-41.831,-51.166,234.065,-91.318,211.373,-149.884,149.757,242.336,373.103,333.883,3.576,-212.282,-238.566,-77.208,-179.77,89.354,-132.594,30.221,-107.682,103.645,-62.471,122.53,-59.773,220.354,-226.645,-69.324,-74.386,-75.248,109.576,-28.848,78.158,-131.666,105.541,-36.295,51.367,-85.704,81.087,42.999,41.855,-75.992,-80.754,109.449,-74.13,83.809,-155.913,68.681,-52.412,154.81,-126.681,28.454,27.294,-8.304,23.533,-72.293,188.881,-20.474,323.637,-177.981,234.403,143.158,398.963,437.329,17.385,-81.218,-286.156,-81.229,-218.875,146.759,-98.346,72.792,-148.34,126.312,-84.246,167.137,-184.81,55.757,-10.244,121.336,266.837,-367.949,125.225,-122.248,149.441,-119.596,115.162,-39.7,94.47,-122.166,81.202,16.396,23.298
916,31.795,-139.306,54.714,-73.357,53.974,-121.887,46.354,6.071,33.305,-41.831,-51.166,234.065,-91.318,211.373,-149.884,149.757,242.336,373.103,333.883,3.576,-212.282,-238.566,-77.208,-179.77,89.354,-132.594,30.221,-107.682,103.645,-62.471,122.53,-59.773,220.354,-226.645,-69.324,-74.386,-75.248,109.576,-28.848,78.158,-131.666,105.541,-36.295,51.367,-85.704,81.087,42.999,41.855,-75.992,-80.754,109.449,-74.13,83.809,-155.913,68.681,-52.412,154.81,-126.681,28.454,27.294,-8.304,23.533,-72.293,188.881,-20.474,323.637,-177.981,234.403,143.158,398.963,437.329,17.385,-81.218,-286.156,-81.229,-218.875,146.759,-98.346,72.792,-148.34,126.312,-84.246,167.137,-184.81,55.757,-10.244,121.336,266.837,-367.949,125.225,-122.248,149.441,-119.596,115.162,-39.7,94.47,-122.166,81.202,16.396,23.298,20.254
917,-139.306,54.714,-73.357,53.974,-121.887,46.354,6.071,33.305,-41.831,-51.166,234.065,-91.318,211.373,-149.884,149.757,242.336,373.103,333.883,3.576,-212.282,-238.566,-77.208,-179.77,89.354,-132.594,30.221,-107.682,103.645,-62.471,122.53,-59.773,220.354,-226.645,-69.324,-74.386,-75.248,109.576,-28.848,78.158,-131.666,105.541,-36.295,51.367,-85.704,81.087,42.999,41.855,-75.992,-80.754,109.449,-74.13,83.809,-155.913,68.681,-52.412,154.81,-126.681,28.454,27.294,-8.304,23.533,-72.293,188.881,-20.474,323.637,-177.981,234.403,143.158,398.963,437.329,17.385,-81.218,-286.156,-81.229,-218.875,146.759,-98.346,72.792,-148.34,126.312,-84.246,167.137,-184.81,55.757,-10.244,121.336,266.837,-367.949,125.225,-122.248,149.441,-119.596,115.162,-39.7,94.47,-122.166,81.202,16.396,23.298,20.254,-98.056
918,54.714,-73.357,53.974,-121.887,46.354,6.071,33.305,-41.831,-51.166,234.065,-91.318,211.373,-149.884,149.757,242.336,373.103,333.883,3.576,-212.282,-238.566,-77.208,-179.77,89.354,-132.594,30.221,-107.682,103.645,-62.471,122.53,-59.773,220.354,-226.645,-69.324,-74.386,-75.248,109.576,-28.848,78.158,-131.666,105.541,-36.295,51.367,-85.704,81.087,42.999,41.855,-75.992,-80.754,109.449,-74.13,83.809,-155.913,68.681,-52.412,154.81,-126.681,28.454,27.294,-8.304,23.533,-72.293,188.881,-20.474,323.637,-177.981,234.403,143.158,398.963,437.329,17.385,-81.218,-286.156,-81.229,-218.875,146.759,-98.346,72.792,-148.34,126.312,-84.246,167.137,-184.81,55.757,-10.244,121.336,266.837,-367.949,125.225,-122.248,149.441,-119.596,115.162,-39.7,94.47,-122.166,81.202,16.396,23.298,20.254,-98.056,150.839
919,-73.357,53.974,-121.887,46.354,6.071,33.305,-41.831,-51.166,234.065,-91.318,211.373,-149.884,149.757,242.336,373.103,333.883,3.576,-212.282,-238.566,-77.208,-179.77,89.354,-132.594,30.221,-107.682,103.645,-62.471,122.53,-59.773,220.354,-226.645,-69.324,-74.386,-75.248,109.576,-28.848,78.158,-131.666,105.541,-36.295,51.367,-85.704,81.087,42.999,41.855,-75.992,-80.754,109.449,-74.13,83.809,-155.913,68.681,-52.412,154.81,-126.681,28.454,27.294,-8.304,23.533,-72.293,188.881,-20.474,323.637,-177.981,234.403,143.158,398.963,437.329,17.385,-81.218,-286.156,-81.229,-218.875,146.759,-98.346,72.792,-148.34,126.312,-84.246,167.137,-184.81,55.757,-10.244,121.336,266.837,-367.949,125.225,-122.248,149.441,-119.596,115.162,-39.7,94.47,-122.166,81.202,16.396,23.298,20.254,-98.056,150.839,-51.921
920,53.974,-121.887,46.354,6.071,33.305,-41.831,-51.166,234.065,-91.318,211.373,-149.884,149.757,242.336,373.103,333.883,3.576,-212.282,-238.566,-77.208,-179.77,89.354,-132.594,30.221,-107.682,103.645,-62.471,122.53,-59.773,220.354,-226.645,-69.324,-74.386,-75.248,109.576,-28.848,78.158,-131.666,105.541,-36.295,51.367,-85.704,81.087,42.999,41.855,-75.992,-80.754,109.449,-74.13,83.809,-155.913,68.681,-52.412,154.81,-126.681,28.454,27.294,-8.304,23.533,-72.293,188.881,-20.474,323.637,-177.981,234.403,143.158,398.963,437.329,17.385,-81.218,-286.156,-81.229,-218.875,146.759,-98.346,72.792,-148.34,126.312,-84.246,167.137,-184.81,55.757,-10.244,121.336,266.837,-367.949,125.225,-122.248,149.441,-119.596,115.162,-39.7,94.47,-122.166,81.202,16.396,23.298,20.254,-98.056,150.839,-51.921,104.443
921,-121.887,46.354,6.071,33.305,-41.831,-51.166,234.065,-91.318,211.373,-149.884,149.757,242.336,373.103,333.883,3.576,-212.282,-238.566,-77.208,-179.77,89.354,-132.594,30.221,-107.682,103.645,-62.471,122.53,-59.773,220.354,-226.645,-69.324,-74.386,-75.248,109.576,-28.848,78.158,-131.666,105.541,-36.295,51.367,-85.704,81.087,42.999,41.855,-75.992,-80.754,109.449,-74.13,83.809,-155.913,68.681,-52.412,154.81,-126.681,28.454,27.294,-8.304,23.533,-72.293,188.881,-20.474,323.637,-177.981,234.403,143.158,398.963,437.329,17.385,-81.218,-286.156,-81.229,-218.875,146.759,-98.346,72.792,-148.34,126.312,-84.246,167.137,-184.81,55.757,-10.244,121.336,266.837,-367.949,125.225,-122.248,149.441,-119.596,115.162,-39.7,94.47,-122.166,81.202,16.396,23.298,20.254,-98.056,150.839,-51.921,104.443,-172.444
922,46.354,6.071,33.305,-41.831,-51.166,234.065,-91.318,211.373,-149.884,149.757,242.336,373.103,333.883,3.576,-212.282,-238.566,-77.208,-179.77,89.354,-132.594,30.221,-107.682,103.645,-62.471,122.53,-59.773,220.354,-226.645,-69.324,-74.386,-75.248,109.576,-28.848,78.158,-131.666,105.541,-36.295,51.367,-85.704,81.087,42.999,41.855,-75.992,-80.754,109.449,-74.13,83.809,-155.913,68.681,-52.412,154.81,-126.681,28.454,27.294,-8.304,23.533,-72.293,188.881,-20.474,323.637,-177.981,234.403,143.158,398.963,437.329,17.385,-81.218,-286.156,-81.229,-218.875,146.759,-98.346,72.792,-148.34,126.312,-84.246,167.137,-184.81,55.757,-10.244,121.336,266.837,-367.949,125.225,-122.248,149.441,-119.596,115.162,-39.7,94.47,-122.166,81.202,16.396,23.298,20.254,-98.056,150.839,-51.921,104.443,-172.444,100.604
923,6.071,33.305,-41.831,-51.166,234.065,-91.318,211.373,-149.884,149.757,242.336,373.103,333.883,3.576,-212.282,-238.566,-77.208,-179.77,89.354,-132.594,30.221,-107.682,103.645,-62.471,122.53,-59.773,220.354,-226.645,-69.324,-74.386,-75.248,109.576,-28.848,78.158,-131.666,105.541,-36.295,51.367,-85.704,81.087,42.999,41.855,-75.992,-80.754,109.449,-74.13,83.809,-155.913,68.681,-52.412,154.81,-126.681,28.454,27.294,-8.304,23.533,-72.293,188.881,-20.474,323.637,-177.981,234.403,143.158,398.963,437.329,17.385,-81.218,-286.156,-81.229,-218.875,146.759,-98.346,72.792,-148.34,126.312,-84.246,167.137,-184.81,55.757,-10.244,121.336,266.837,-367.949,125.225,-122.248,149.441,-119.596,115.162,-39.7,94.47,-122.166,81.202,16.396,23.298,20.254,-98.056,150.839,-51.921,104.443,-172.444,100.604,-74.752
924,33.305,-41.831,-51.166,234.065,-91.318,211.373,-149.884,149.757,242.336,373.103,333.883,3.576,-212.282,-238.566,-77.208,-179.77,89.354,-132.594,30.221,-107.682,103.645,-62.471,122.53,-59.773,220.354,-226.645,-69.324,-74.386,-75.248,109.576,-28.848,78.158,-131.666,105.541,-36.295,51.367,-85.704,81.087,42.999,41.855,-75.992,-80.754,109.449,-74.13,83.809,-155.913,68.681,-52.412,154.81,-126.681,28.454,27.294,-8.304,23.533,-72.293,188.881,-20.474,323.637,-177.981,234.403,143.158,398.963,437.329,17.385,-81.218,-286.156,-81.229,-218.875,146.759,-98.346,72.792,-148.34,126.312,-84.246,167.137,-184.81,55.757,-10.244,121.336,266.837,-367.949,125.225,-122.248,149.441,-119.596,115.162,-39.7,94.47,-122.166,81.202,16.396,23.298,20.254,-98.056,150.839,-51.921,104.443,-172.444,100.604,-74.752,134.332
925,-41.831,-51.166,234.065,-91.318,211.373,-149.884,149.757,242.336,373.103,333.883,3.576,-212.282,-238.566,-77.208,-179.77,89.354,-132.594,30.221,-107.682,103.645,-62.471,122.53,-59.773,220.354,-226.645,-69.324,-74.386,-75.248,109.576,-28.848,78.158,-131.666,105.541,-36.295,51.367,-85.704,81.087,42.999,41.855,-75.992,-80.754,109.449,-74.13,83.809,-155.913,68.681,-52.412,154.81,-126.681,28.454,27.294,-8.304,23.533,-72.293,188.881,-20.474,323.637,-177.981,234.403,143.158,398.963,437.329,17.385,-81.218,-286.156,-81.229,-218.875,146.759,-98.346,72.792,-148.34,126.312,-84.246,167.137,-184.81,55.757,-10.244,121.336,266.837,-367.949,125.225,-122.248,149.441,-119.596,115.162,-39.7,94.47,-122.166,81.202,16.396,23.298,20.254,-98.056,150.839,-51.921,104.443,-172.444,100.604,-74.752,134.332,-64.026
926,-51.166,234.065,-91.318,211.373,-149.884,149.757,242.336,373.103,333.883,3.576,-212.282,-238.566,-77.208,-179.77,89.354,-132.594,30.221,-107.682,103.645,-62.471,122.53,-59.773,220.354,-226.645,-69.324,-74.386,-75.248,109.576,-28.848,78.158,-131.666,105.541,-36.295,51.367,-85.704,81.087,42.999,41.855,-75.992,-80.754,109.449,-74.13,83.809,-155.913,68.681,-52.412,154.81,-126.681,28.454,27.294,-8.304,23.533,-72.293,188.881,-20.474,323.637,-177.981,234.403,143.158,398.963,437.329,17.385,-81.218,-286.156,-81.229,-218.875,146.759,-98.346,72.792,-148.34,126.312,-84.246,167.137,-184.81,55.757,-10.244,121.336,266.837,-367.949,125.225,-122.248,149.441,-119.596,115.162,-39.7,94.47,-122.166,81.202,16.396,23.298,20.254,-98.056,150.839,-51.921,104.443,-172.444,100.604,-74.752,134.332,-64.026,-57.78
927,234.065,-91.318,211.373,-149.884,149.757,242.336,373.103,333.883,3.576,-212.282,-238.566,-77.208,-179.77,89.354,-132.594,30.221,-107.682,103.645,-62.471,122.53,-59.773,220.354,-226.645,-69.324,-74.386,-75.248,109.576,-28.848,78.158,-131.666,105.541,-36.295,51.367,-85.704,81.087,42.999,41.855,-75.992,-80.754,109.449,-74.13,83.809,-155.913,68.681,-52.412,154.81,-126.681,28.454,27.294,-8.304,23.533,-72.293,188.881,-20.474,323.637,-177.981,234.403,143.158,398.963,437.329,17.385,-81.218,-286.156,-81.229,-218.875,146.759,-98.346,72.792,-148.34,126.312,-84.246,167.137,-184.81,55.757,-10.244,121.336,266.837,-367.949,125.225,-122.248,149.441,-119.596,115.162,-39.7,94.47,-122.166,81.202,16.396,23.298,20.254,-98.056,150.839,-51.921,104.443,-172.444,100.604,-74.752,134.332,-64.026,-57.78,130.461
928,-91.318,211.373,-149.884,149.757,242.336,373.103,333.883,3.576,-212.282,-238.566,-77.208,-179.77,89.354,-132.594,30.221,-107.682,103.645,-62.471,122.53,-59.773,220.354,-226.645,-69.324,-74.386,-75.248,109.576,-28.848,78.158,-131.666,105.541,-36.295,51.367,-85.704,81.087,42.999,41.855,-75.992,-80.754,109.449,-74.13,83.809,-155.913,68.681,-52.412,154.81,-126.681,28.454,27.294,-8.304,23.533,-72.293,188.881,-20.474,323.637,-177.981,234.403,143.158,398.963,437.329,17.385,-81.218,-286.156,-81.229,-218.875,146.759,-98.346,72.792,-148.34,126.312,-84.246,167.137,-184.81,55.757,-10.244,121.336,266.837,-367.949,125.225,-122.248,149.441,-119.596,115.162,-39.7,94.47,-122.166,81.202,16.396,23.298,20.254,-98.056,150.839,-51.921,104.443,-172.444,100.604,-74.752,134.332,-64.026,-57.78,130.461,-37.201
929,211.373,-149.884,149.757,242.336,373.103,333.883,3.576,-212.282,-238.566,-77.208,-179.77,89.354,-132.594,30.221,-107.682,103.645,-62.471,122.53,-59.773,220.354,-226.645,-69.324,-74.386,-75.248,109.576,-28.848,78.158,-131.666,105.541,-36.295,51.367,-85.704,81.087,42.999,41.855,-75.992,-80.754,109.449,-74.13,83.809,-155.913,68.681,-52.412,154.81,-126.681,28.454,27.294,-8.304,23.533,-72.293,188.881,-20.474,323.637,-177.981,234.403,143.158,398.963,437.329,17.385,-81.218,-286.156,-81.229,-218.875,146.759,-98.346,72.792,-148.34,126.312,-84.246,167.137,-184.81,55.757,-10.244,121.336,266.837,-367.949,125.225,-122.248,149.441,-119.596,115.162,-39.7,94.47,-122.166,81.202,16.396,23.298,20.254,-98.056,150.839,-51.921,104.443,-172.444,100.604,-74.752,134.332,-64.026,-57.78,130.461,-37.201,74.263
930,-149.884,149.757,242.336,373.103,333.883,3.576,-212.282,-238.566,-77.208,-179.77,89.354,-132.594,30.221,-107.682,103.645,-62.471,122.53,-59.773,220.354,-226.645,-69.324,-74.386,-75.248,109.576,-28.848,78.158,-131.666,105.541,-36.295,51.367,-85.704,81.087,42.999,41.855,-75.992,-80.754,109.449,-74.13,83.809,-155.913,68.681,-52.412,154.81,-126.681,28.454,27.294,-8.304,23.533,-72.293,188.881,-20.474,323.637,-177.981,234.403,143.158,398.963,437.329,17.385,-81.218,-286.156,-81.229,-218.875,146.759,-98.346,72.792,-148.34,126.312,-84.246,167.137,-184.81,55.757,-10.244,121.336,266.837,-367.949,125.225,-122.248,149.441,-119.596,115.162,-39.7,94.47,-122.166,81.202,16.396,23.298,20.254,-98.056,150.839,-51.921,104.443,-172.444,100.604,-74.752,134.332,-64.026,-57.78,130.461,-37.201,74.263,-114.13
931,149.757,242.336,373.103,333.883,3.576,-212.282,-238.566,-77.208,-179.77,89.354,-132.594,30.221,-107.682,103.645,-62.471,122.53,-59.773,220.354,-226.645,-69.324,-74.386,-75.248,109.576,-28.848,78.158,-131.666,105.541,-36.295,51.367,-85.704,81.087,42.999,41.855,-75.992,-80.754,109.449,-74.13,83.809,-155.913,68.681,-52.412,154.81,-126.681,28.454,27.294,-8.304,23.533,-72.293,188.881,-20.474,323.637,-177.981,234.403,143.158,398.963,437.329,17.385,-81.218,-286.156,-81.229,-218.875,146.759,-98.346,72.792,-148.34,126.312,-84.246,167.137,-184.81,55.757,-10.244,121.336,266.837,-367.949,125.225,-122.248,149.441,-119.596,115.162,-39.7,94.47,-122.166,81.202,16.396,23.298,20.254,-98.056,150.839,-51.921,104.443,-172.444,100.604,-74.752,134.332,-64.026,-57.78,130.461,-37.201,74.263,-114.13,232.067
932,242.336,373.103,333.883,3.576,-212.282,-238.566,-77.208,-179.77,89.354,-132.594,30.221,-107.682,103.645,-62.471,122.53,-59.773,220.354,-226.645,-69.324,-74.386,-75.248,109.576,-28.848,78.158,-131.666,105.541,-36.295,51.367,-85.704,81.087,42.999,41.855,-75.992,-80.754,109.449,-74.13,83.809,-155.913,68.681,-52.412,154.81,-126.681,28.454,27.294,-8.304,23.533,-72.293,188.881,-20.474,323.637,-177.981,234.403,143.158,398.963,437.329,17.385,-81.218,-286.156,-81.229,-218.875,146.759,-98.346,72.792,-148.34,126.312,-84.246,167.137,-184.81,55.757,-10.244,121.336,266.837,-367.949,125.225,-122.248,149.441,-119.596,115.162,-39.7,94.47,-122.166,81.202,16.396,23.298,20.254,-98.056,150.839,-51.921,104.443,-172.444,100.604,-74.752,134.332,-64.026,-57.78,130.461,-37.201,74.263,-114.13,232.067,13.022
933,373.103,333.883,3.576,-212.282,-238.566,-77.208,-179.77,89.354,-132.594,30.221,-107.682,103.645,-62.471,122.53,-59.773,220.354,-226.645,-69.324,-74.386,-75.248,109.576,-28.848,78.158,-131.666,105.541,-36.295,51.367,-85.704,81.087,42.999,41.855,-75.992,-80.754,109.449,-74.13,83.809,-155.913,68.681,-52.412,154.81,-126.681,28.454,27.294,-8.304,23.533,-72.293,188.881,-20.474,323.637,-177.981,234.403,143.158,398.963,437.329,17.385,-81.218,-286.156,-81.229,-218.875,146.759,-98.346,72.792,-148.34,126.312,-84.246,167.137,-184.81,55.757,-10.244,121.336,266.837,-367.949,125.225,-122.248,149.441,-119.596,115.162,-39.7,94.47,-122.166,81.202,16.396,23.298,20.254,-98.056,150.839,-51.921,104.443,-172.444,100.604,-74.752,134.332,-64.026,-57.78,130.461,-37.201,74.263,-114.13,232.067,13.022,313.895
934,333.883,3.576,-212.282,-238.566,-77.208,-179.77,89.354,-132.594,30.221,-107.682,103.645,-62.471,122.53,-59.773,220.354,-226.645,-69.324,-74.386,-75.248,109.576,-28.848,78.158,-131.666,105.541,-36.295,51.367,-85.704,81.087,42.999,41.855,-75.992,-80.754,109.449,-74.13,83.809,-155.913,68.681,-52.412,154.81,-126.681,28.454,27.294,-8.304,23.533,-72.293,188.881,-20.474,323.637,-177.981,234.403,143.158,398.963,437.329,17.385,-81.218,-286.156,-81.229,-218.875,146.759,-98.346,72.792,-148.34,126.312,-84.246,167.137,-184.81,55.757,-10.244,121.336,266.837,-367.949,125.225,-122.248,149.441,-119.596,115.162,-39.7,94.47,-122.166,81.202,16.396,23.298,20.254,-98.056,150.839,-51.921,104.443,-172.444,100.604,-74.752,134.332,-64.026,-57.78,130.461,-37.201,74.263,-114.13,232.067,13.022,313.895,-181.525
935,3.576,-212.282,-238.566,-77.208,-179.77,89.354,-132.594,30.221,-107.682,103.645,-62.471,122.53,-59.773,220.354,-226.645,-69.324,-74.386,-75.248,109.576,-28.848,78.158,-131.666,105.541,-36.295,51.367,-85.704,81.087,42.999,41.855,-75.992,-80.754,109.449,-74.13,83.809,-155.913,68.681,-52.412,154.81,-126.681,28.454,27.294,-8.304,23.533,-72.293,188.881,-20.474,323.637,-177.981,234.403,143.158,398.963,437.329,17.385,-81.218,-286.156,-81.229,-218.875,146.759,-98.346,72.792,-148.34,126.312,-84.246,167.137,-184.81,55.757,-10.244,121.336,266.837,-367.949,125.225,-122.248,149.441,-119.596,115.162,-39.7,94.47,-122.166,81.202,16.396,23.298,20.254,-98.056,150.839,-51.921,104.443,-172.444,100.604,-74.752,134.332,-64.026,-57.78,130.461,-37.201,74.263,-114.13,232.067,13.022,313.895,-181.525,217.894
936,-212.282,-238.566,-77.208,-179.77,89.354,-132.594,30.221,-107.682,103.645,-62.471,122.53,-59.773,220.354,-226.645,-69.324,-74.386,-75.248,109.576,-28.848,78.158,-131.666,105.541,-36.295,51.367,-85.704,81.087,42.999,41.855,-75.992,-80.754,109.449,-74.13,83.809,-155.913,68.681,-52.412,154.81,-126.681,28.454,27.294,-8.304,23.533,-72.293,188.881,-20.474,323.637,-177.981,234.403,143.158,398.963,437.329,17.385,-81.218,-286.156,-81.229,-218.875,146.759,-98.346,72.792,-148.34,126.312,-84.246,167.137,-184.81,55.757,-10.244,121.336,266.837,-367.949,125.225,-122.248,149.441,-119.596,115.162,-39.7,94.47,-122.166,81.202,16.396,23.298,20.254,-98.056,150.839,-51.921,104.443,-172.444,100.604,-74.752,134.332,-64.026,-57.78,130.461,-37.201,74.263,-114.13,232.067,13.022,313.895,-181.525,217.894,258.194
937,-238.566,-77.208,-179.77,89.354,-132.594,30.221,-107.682,103.645,-62.471,122.53,-59.773,220.354,-226.645,-69.324,-74.386,-75.248,109.576,-28.848,78.158,-131.666,105.541,-36.295,51.367,-85.704,81.087,42.999,41.855,-75.992,-80.754,109.449,-74.13,83.809,-155.913,68.681,-52.412,154.81,-126.681,28.454,27.294,-8.304,23.533,-72.293,188.881,-20.474,323.637,-177.981,234.403,143.158,398.963,437.329,17.385,-81.218,-286.156,-81.229,-218.875,146.759,-98.346,72.792,-148.34,126.312,-84.246,167.137,-184.81,55.757,-10.244,121.336,266.837,-367.949,125.225,-122.248,149.441,-119.596,115.162,-39.7,94.47,-122.166,81.202,16.396,23.298,20.254,-98.056,150.839,-51.921,104.443,-172.444,100.604,-74.752,134.332,-64.026,-57.78,130.461,-37.201,74.263,-114.13,232.067,13.022,313.895,-181.525,217.894,258.194,445.224
938,-77.208,-179.77,89.354,-132.594,30.221,-107.682,103.645,-62.471,122.53,-59.773,220.354,-226.645,-69.324,-74.386,-75.248,109.576,-28.848,78.158,-131.666,105.541,-36.295,51.367,-85.704,81.087,42.999,41.855,-75.992,-80.754,109.449,-74.13,83.809,-155.913,68.681,-52.412,154.81,-126.681,28.454,27.294,-8.304,23.533,-72.293,188.881,-20.474,323.637,-177.981,234.403,143.158,398.963,437.329,17.385,-81.218,-286.156,-81.229,-218.875,146.759,-98.346,72.792,-148.34,126.312,-84.246,167.137,-184.81,55.757,-10.244,121.336,266.837,-367.949,125.225,-122.248,149.441,-119.596,115.162,-39.7,94.47,-122.166,81.202,16.396,23.298,20.254,-98.056,150.839,-51.921,104.443,-172.444,100.604,-74.752,134.332,-64.026,-57.78,130.461,-37.201,74.263,-114.13,232.067,13.022,313.895,-181.525,217.894,258.194,445.224,384.088
939,-179.77,89.354,-132.594,30.221,-107.682,103.645,-62.471,122.53,-59.773,220.354,-226.645,-69.324,-74.386,-75.248,109.576,-28.848,78.158,-131.666,105.541,-36.295,51.367,-85.704,81.087,42.999,41.855,-75.992,-80.754,109.449,-74.13,83.809,-155.913,68.681,-52.412,154.81,-126.681,28.454,27.294,-8.304,23.533,-72.293,188.881,-20.474,323.637,-177.981,234.403,143.158,398.963,437.329,17.385,-81.218,-286.156,-81.229,-218.875,146.759,-98.346,72.792,-148.34,126.312,-84.246,167.137,-184.81,55.757,-10.244,121.336,266.837,-367.949,125.225,-122.248,149.441,-119.596,115.162,-39.7,94.47,-122.166,81.202,16.396,23.298,20.254,-98.056,150.839,-51.921,104.443,-172.444,100.604,-74.752,134.332,-64.026,-57.78,130.461,-37.201,74.263,-114.13,232.067,13.022,313.895,-181.525,217.894,258.194,445.224,384.088,126.318
940,89.354,-132.594,30.221,-107.682,103.645,-62.471,122.53,-59.773,220.354,-226.645,-69.324,-74.386,-75.248,109.576,-28.848,78.158,-131.666,105.541,-36.295,51.367,-85.704,81.087,42.999,41.855,-75.992,-80.754,109.449,-74.13,83.809,-155.913,68.681,-52.412,154.81,-126.681,28.454,27.294,-8.304,23.533,-72.293,188.881,-20.474,323.637,-177.981,234.403,143.158,398.963,437.329,17.385,-81.218,-286.156,-81.229,-218.875,146.759,-98.346,72.792,-148.34,126.312,-84.246,167.137,-184.81,55.757,-10.244,121.336,266.837,-367.949,125.225,-122.248,149.441,-119.596,115.162,-39.7,94.47,-122.166,81.202,16.396,23.298,20.254,-98.056,150.839,-51.921,104.443,-172.444,100.604,-74.752,134.332,-64.026,-57.78,130.461,-37.201,74.263,-114.13,232.067,13.022,313.895,-181.525,217.894,258.194,445.224,384.088,126.318,-56.945
941,-132.594,30.221,-107.682,103.645,-62.471,122.53,-59.773,220.354,-226.645,-69.324,-74.386,-75.248,109.576,-28.848,78.158,-131.666,105.541,-36.295,51.367,-85.704,81.087,42.999,41.855,-75.992,-80.754,109.449,-74.13,83.809,-155.913,68.681,-52.412,154.81,-126.681,28.454,27.294,-8.304,23.533,-72.293,188.881,-20.474,323.637,-177.981,234.403,143.158,398.963,437.329,17.385,-81.218,-286.156,-81.229,-218.875,146.759,-98.346,72.792,-148.34,126.312,-84.246,167.137,-184.81,55.757,-10.244,121.336,266.837,-367.949,125.225,-122.248,149.441,-119.596,115.162,-39.7,94.47,-122.166,81.202,16.396,23.298,20.254,-98.056,150.839,-51.921,104.443,-172.444,100.604,-74.752,134.332,-64.026,-57.78,130.461,-37.201,74.263,-114.13,232.067,13.022,313.895,-181.525,217.894,258.194,445.224,384.088,126.318,-56.945,-288.711
942,30.221,-107.682,103.645,-62.471,122.53,-59.773,220.354,-226.645,-69.324,-74.386,-75.248,109.576,-28.848,78.158,-131.666,105.541,-36.295,51.367,-85.704,81.087,42.999,41.855,-75.992,-80.754,109.449,-74.13,83.809,-155.913,68.681,-52.412,154.81,-126.681,28.454,27.294,-8.304,23.533,-72.293,188.881,-20.474,323.637,-177.981,234.403,143.158,398.963,437.329,17.385,-81.218,-286.156,-81.229,-218.875,146.759,-98.346,72.792,-148.34,126.312,-84.246,167.137,-184.81,55.757,-10.244,121.336,266.837,-367.949,125.225,-122.248,149.441,-119.596,115.162,-39.7,94.47,-122.166,81.202,16.396,23.298,20.254,-98.056,150.839,-51.921,104.443,-172.444,100.604,-74.752,134.332,-64.026,-57.78,130.461,-37.201,74.263,-114.13,232.067,13.022,313.895,-181.525,217.894,258.194,445.224,384.088,126.318,-56.945,-288.711,-23.742
943,-107.682,103.645,-62.471,122.53,-59.773,220.354,-226.645,-69.324,-74.386,-75.248,109.576,-28.848,78.158,-131.666,105.541,-36.295,51.367,-85.704,81.087,42.999,41.855,-75.992,-80.754,109.449,-74.13,83.809,-155.913,68.681,-52.412,154.81,-126.681,28.454,27.294,-8.304,23.533,-72.293,188.881,-20.474,323.637,-177.981,234.403,143.158,398.963,437.329,17.385,-81.218,-286.156,-81.229,-218.875,146.759,-98.346,72.792,-148.34,126.312,-84.246,167.137,-184.81,55.757,-10.244,121.336,266.837,-367.949,125.225,-122.248,149.441,-119.596,115.162,-39.7,94.47,-122.166,81.202,16.396,23.298,20.254,-98.056,150.839,-51.921,104.443,-172.444,100.604,-74.752,134.332,-64.026,-57.78,130.461,-37.201,74.263,-114.13,232.067,13.022,313.895,-181.525,217.894,258.194,445.224,384.088,126.318,-56.945,-288.711,-23.742,-209.088
944,103.645,-62.471,122.53,-59.773,220.354,-226.645,-69.324,-74.386,-75.248,109.576,-28.848,78.158,-131.666,105.541,-36.295,51.367,-85.704,81.087,42.999,41.855,-75.992,-80.754,109.449,-74.13,83.809,-155.913,68.681,-52.412,154.81,-126.681,28.454,27.294,-8.304,23.533,-72.293,188.881,-20.474,323.637,-177.981,234.403,143.158,398.963,437.329,17.385,-81.218,-286.156,-81.229,-218.875,146.759,-98.346,72.792,-148.34,126.312,-84.246,167.137,-184.81,55.757,-10.244,121.336,266.837,-367.949,125.225,-122.248,149.441,-119.596,115.162,-39.7,94.47,-122.166,81.202,16.396,23.298,20.254,-98.056,150.839,-51.921,104.443,-172.444,100.604,-74.752,134.332,-64.026,-57.78,130.461,-37.201,74.263,-114.13,232.067,13.022,313.895,-181.525,217.894,258.194,445.224,384.088,126.318,-56.945,-288.711,-23.742,-209.088,162.521
945,-62.471,122.53,-59.773,220.354,-226.645,-69.324,-74.386,-75.248,109.576,-28.848,78.158,-131.666,105.541,-36.295,51.367,-85.704,81.087,42.999,41.855,-75.992,-80.754,109.449,-74.13,83.809,-155.913,68.681,-52.412,154.81,-126.681,28.454,27.294,-8.304,23.533,-72.293,188.881,-20.474,323.637,-177.981,234.403,143.158,398.963,437.329,17.385,-81.218,-286.156,-81.229,-218.875,146.759,-98.346,72.792,-148.34,126.312,-84.246,167.137,-184.81,55.757,-10.244,121.336,266.837,-367.949,125.225,-122.248,149.441,-119.596,115.162,-39.7,94.47,-122.166,81.202,16.396,23.298,20.254,-98.056,150.839,-51.921,104.443,-172.444,100.604,-74.752,134.332,-64.026,-57.78,130.461,-37.201,74.263,-114.13,232.067,13.022,313.895,-181.525,217.894,258.194,445.224,384.088,126.318,-56.945,-288.711,-23.742,-209.088,162.521,-88.407
946,122.53,-59.773,220.354,-226.645,-69.324,-74.386,-75.248,109.576,-28.848,78.158,-131.666,105.541,-36.295,51.367,-85.704,81.087,42.999,41.855,-75.992,-80.754,109.449,-74.13,83.809,-155.913,68.681,-52.412,154.81,-126.681,28.454,27.294,-8.304,23.533,-72.293,188.881,-20.474,323.637,-177.981,234.403,143.158,398.963,437.329,17.385,-81.218,-286.156,-81.229,-218.875,146.759,-98.346,72.792,-148.34,126.312,-84.246,167.137,-184.81,55.757,-10.244,121.336,266.837,-367.949,125.225,-122.248,149.441,-119.596,115.162,-39.7,94.47,-122.166,81.202,16.396,23.298,20.254,-98.056,150.839,-51.921,104.443,-172.444,100.604,-74.752,134.332,-64.026,-57.78,130.461,-37.201,74.263,-114.13,232.067,13.022,313.895,-181.525,217.894,258.194,445.224,384.088,126.318,-56.945,-288.711,-23.742,-209.088,162.521,-88.407,50.037
947,-59.773,220.354,-226.645,-69.324,-74.386,-75.248,109.576,-28.848,78.158,-131.666,105.541,-36.295,51.367,-85.704,81.087,42.999,41.855,-75.992,-80.754,109.449,-74.13,83.809,-155.913,68.681,-52.412,154.81,-126.681,28.454,27.294,-8.304,23.533,-72.293,188.881,-20.474,323.637,-177.981,234.403,143.158,398.963,437.329,17.385,-81.218,-286.156,-81.229,-218.875,146.759,-98.346,72.792,-148.34,126.312,-84.246,167.137,-184.81,55.757,-10.244,121.336,266.837,-367.949,125.225,-122.248,149.441,-119.596,115.162,-39.7,94.47,-122.166,81.202,16.396,23.298,20.254,-98.056,150.839,-51.921,104.443,-172.444,100.604,-74.752,134.332,-64.026,-57.78,130.461,-37.201,74.263,-114.13,232.067,13.022,313.895,-181.525,217.894,258.194,445.224,384.088,126.318,-56.945,-288.711,-23.742,-209.088,162.521,-88.407,50.037,-78.869
948,220.354,-226.645,-69.324,-74.386,-75.248,109.576,-28.848,78.158,-131.666,105.541,-36.295,51.367,-85.704,81.087,42.999,41.855,-75.992,-80.754,109.449,-74.13,83.809,-155.913,68.681,-52.412,154.81,-126.681,28.454,27.294,-8.304,23.533,-72.293,188.881,-20.474,323.637,-177.981,234.403,143.158,398.963,437.329,17.385,-81.218,-286.156,-81.229,-218.875,146.759,-98.346,72.792,-148.34,126.312,-84.246,167.137,-184.81,55.757,-10.244,121.336,266.837,-367.949,125.225,-122.248,149.441,-119.596,115.162,-39.7,94.47,-122.166,81.202,16.396,23.298,20.254,-98.056,150.839,-51.921,104.443,-172.444,100.604,-74.752,134.332,-64.026,-57.78,130.461,-37.201,74.263,-114.13,232.067,13.022,313.895,-181.525,217.894,258.194,445.224,384.088,126.318,-56.945,-288.711,-23.742,-209.088,162.521,-88.407,50.037,-78.869,124.337
949,-226.645,-69.324,-74.386,-75.248,109.576,-28.848,78.158,-131.666,105.541,-36.295,51.367,-85.704,81.087,42.999,41.855,-75.992,-80.754,109.449,-74.13,83.809,-155.913,68.681,-52.412,154.81,-126.681,28.454,27.294,-8.304,23.533,-72.293,188.881,-20.474,323.637,-177.981,234.403,143.158,398.963,437.329,17.385,-81.218,-286.156,-81.229,-218.875,146.759,-98.346,72.792,-148.34,126.312,-84.246,167.137,-184.81,55.757,-10.244,121.336,266.837,-367.949,125.225,-122.248,149.441,-119.596,115.162,-39.7,94.47,-122.166,81.202,16.396,23.298,20.254,-98.056,150.839,-51.921,104.443,-172.444,100.604,-74.752,134.332,-64.026,-57.78,130.461,-37.201,74.263,-114.13,232.067,13.022,313.895,-181.525,217.894,258.194,445.224,384.088,126.318,-56.945,-288.711,-23.742,-209.088,162.521,-88.407,50.037,-78.869,124.337,-58.433
950,-69.324,-74.386,-75.248,109.576,-28.848,78.158,-131.666,105.541,-36.295,51.367,-85.704,81.087,42.999,41.855,-75.992,-80.754,109.449,-74.13,83.809,-155.913,68.681,-52.412,154.81,-126.681,28.454,27.294,-8.304,23.533,-72.293,188.881,-20.474,323.637,-177.981,234.403,143.158,398.963,437.329,17.385,-81.218,-286.156,-81.229,-218.875,146.759,-98.346,72.792,-148.34,126.312,-84.246,167.137,-184.81,55.757,-10.244,121.336,266.837,-367.949,125.225,-122.248,149.441,-119.596,115.162,-39.7,94.47,-122.166,81.202,16.396,23.298,20.254,-98.056,150.839,-51.921,104.443,-172.444,100.604,-74.752,134.332,-64.026,-57.78,130.461,-37.201,74.263,-114.13,232.067,13.022,313.895,-181.525,217.894,258.194,445.224,384.088,126.318,-56.945,-288.711,-23.742,-209.088,162.521,-88.407,50.037,-78.869,124.337,-58.433,222.465
951,-74.386,-75.248,109.576,-28.848,78.158,-131.666,105.541,-36.295,51.367,-85.704,81.087,42.999,41.855,-75.992,-80.754,109.449,-74.13,83.809,-155.913,68.681,-52.412,154.81,-126.681,28.454,27.294,-8.304,23.533,-72.293,188.881,-20.474,323.637,-177.981,234.403,143.158,398.963,437.329,17.385,-81.218,-286.156,-81.229,-218.875,146.759,-98.346,72.792,-148.34,126.312,-84.246,167.137,-184.81,55.757,-10.244,121.336,266.837,-367.949,125.225,-122.248,149.441,-119.596,115.162,-39.7,94.47,-122.166,81.202,16.396,23.298,20.254,-98.056,150.839,-51.921,104.443,-172.444,100.604,-74.752,134.332,-64.026,-57.78,130.461,-37.201,74.263,-114.13,232.067,13.022,313.895,-181.525,217.894,258.194,445.224,384.088,126.318,-56.945,-288.711,-23.742,-209.088,162.521,-88.407,50.037,-78.869,124.337,-58.433,222.465,-118.785
952,-75.248,109.576,-28.848,78.158,-131.666,105.541,-36.295,51.367,-85.704,81.087,42.999,41.855,-75.992,-80.754,109.449,-74.13,83.809,-155.913,68.681,-52.412,154.81,-126.681,28.454,27.294,-8.304,23.533,-72.293,188.881,-20.474,323.637,-177.981,234.403,143.158,398.963,437.329,17.385,-81.218,-286.156,-81.229,-218.875,146.759,-98.346,72.792,-148.34,126.312,-84.246,167.137,-184.81,55.757,-10.244,121.336,266.837,-367.949,125.225,-122.248,149.441,-119.596,115.162,-39.7,94.47,-122.166,81.202,16.396,23.298,20.254,-98.056,150.839,-51.921,104.443,-172.444,100.604,-74.752,134.332,-64.026,-57.78,130.461,-37.201,74.263,-114.13,232.067,13.022,313.895,-181.525,217.894,258.194,445.224,384.088,126.318,-56.945,-288.711,-23.742,-209.088,162.521,-88.407,50.037,-78.869,124.337,-58.433,222.465,-118.785,93.566
953,109.576,-28.848,78.158,-131.666,105.541,-36.295,51.367,-85.704,81.087,42.999,41.855,-75.992,-80.754,109.449,-74.13,83.809,-155.913,68.681,-52.412,154.81,-126.681,28.454,27.294,-8.304,23.533,-72.293,188.881,-20.474,323.637,-177.981,234.403,143.158,398.963,437.329,17.385,-81.218,-286.156,-81.229,-218.875,146.759,-98.346,72.792,-148.34,126.312,-84.246,167.137,-184.81,55.757,-10.244,121.336,266.837,-367.949,125.225,-122.248,149.441,-119.596,115.162,-39.7,94.47,-122.166,81.202,16.396,23.298,20.254,-98.056,150.839,-51.921,104.443,-172.444,100.604,-74.752,134.332,-64.026,-57.78,130.461,-37.201,74.263,-114.13,232.067,13.022,313.895,-181.525,217.894,258.194,445.224,384.088,126.318,-56.945,-288.711,-23.742,-209.088,162.521,-88.407,50.037,-78.869,124.337,-58.433,222.465,-118.785,93.566,300.493
954,-28.848,78.158,-131.666,105.541,-36.295,51.367,-85.704,81.087,42.999,41.855,-75.992,-80.754,109.449,-74.13,83.809,-155.913,68.681,-52.412,154.81,-126.681,28.454,27.294,-8.304,23.533,-72.293,188.881,-20.474,323.637,-177.981,234.403,143.158,398.963,437.329,17.385,-81.218,-286.156,-81.229,-218.875,146.759,-98.346,72.792,-148.34,126.312,-84.246,167.137,-184.81,55.757,-10.244,121.336,266.837,-367.949,125.225,-122.248,149.441,-119.596,115.162,-39.7,94.47,-122.166,81.202,16.396,23.298,20.254,-98.056,150.839,-51.921,104.443,-172.444,100.604,-74.752,134.332,-64.026,-57.78,130.461,-37.201,74.263,-114.13,232.067,13.022,313.895,-181.525,217.894,258.194,445.224,384.088,126.318,-56.945,-288.711,-23.742,-209.088,162.521,-88.407,50.037,-78.869,124.337,-58.433,222.465,-118.785,93.566,300.493,-296.748
955,78.158,-131.666,105.541,-36.295,51.367,-85.704,81.087,42.999,41.855,-75.992,-80.754,109.449,-74.13,83.809,-155.913,68.681,-52.412,154.81,-126.681,28.454,27.294,-8.304,23.533,-72.293,188.881,-20.474,323.637,-177.981,234.403,143.158,398.963,437.329,17.385,-81.218,-286.156,-81.229,-218.875,146.759,-98.346,72.792,-148.34,126.312,-84.246,167.137,-184.81,55.757,-10.244,121.336,266.837,-367.949,125.225,-122.248,149.441,-119.596,115.162,-39.7,94.47,-122.166,81.202,16.396,23.298,20.254,-98.056,150.839,-51.921,104.443,-172.444,100.604,-74.752,134.332,-64.026,-57.78,130.461,-37.201,74.263,-114.13,232.067,13.022,313.895,-181.525,217.894,258.194,445.224,384.088,126.318,-56.945,-288.711,-23.742,-209.088,162.521,-88.407,50.037,-78.869,124.337,-58.433,222.465,-118.785,93.566,300.493,-296.748,-16.674
956,-131.666,105.541,-36.295,51.367,-85.704,81.087,42.999,41.855,-75.992,-80.754,109.449,-74.13,83.809,-155.913,68.681,-52.412,154.81,-126.681,28.454,27.294,-8.304,23.533,-72.293,188.881,-20.474,323.637,-177.981,234.403,143.158,398.963,437.329,17.385,-81.218,-286.156,-81.229,-218.875,146.759,-98.346,72.792,-148.34,126.312,-84.246,167.137,-184.81,55.757,-10.244,121.336,266.837,-367.949,125.225,-122.248,149.441,-119.596,115.162,-39.7,94.47,-122.166,81.202,16.396,23.298,20.254,-98.056,150.839,-51.921,104.443,-172.444,100.604,-74.752,134.332,-64.026,-57.78,130.461,-37.201,74.263,-114.13,232.067,13.022,313.895,-181.525,217.894,258.194,445.224,384.088,126.318,-56.945,-288.711,-23.742,-209.088,162.521,-88.407,50.037,-78.869,124.337,-58.433,222.465,-118.785,93.566,300.493,-296.748,-16.674,-156.886
957,105.541,-36.295,51.367,-85.704,81.087,42.999,41.855,-75.992,-80.754,109.449,-74.13,83.809,-155.913,68.681,-52.412,154.81,-126.681,28.454,27.294,-8.304,23.533,-72.293,188.881,-20.474,323.637,-177.981,234.403,143.158,398.963,437.329,17.385,-81.218,-286.156,-81.229,-218.875,146.759,-98.346,72.792,-148.34,126.312,-84.246,167.137,-184.81,55.757,-10.244,121.336,266.837,-367.949,125.225,-122.248,149.441,-119.596,115.162,-39.7,94.47,-122.166,81.202,16.396,23.298,20.254,-98.056,150.839,-51.921,104.443,-172.444,100.604,-74.752,134.332,-64.026,-57.78,130.461,-37.201,74.263,-114.13,232.067,13.022,313.895,-181.525,217.894,258.194,445.224,384.088,126.318,-56.945,-288.711,-23.742,-209.088,162.521,-88.407,50.037,-78.869,124.337,-58.433,222.465,-118.785,93.566,300.493,-296.748,-16.674,-156.886,240.474
958,-36.295,51.367,-85.704,81.087,42.999,41.855,-75.992,-80.754,109.449,-74.13,83.809,-155.913,68.681,-52.412,154.81,-126.681,28.454,27.294,-8.304,23.533,-72.293,188.881,-20.474,323.637,-177.981,234.403,143.158,398.963,437.329,17.385,-81.218,-286.156,-81.229,-218.875,146.759,-98.346,72.792,-148.34,126.312,-84.246,167.137,-184.81,55.757,-10.244,121.336,266.837,-367.949,125.225,-122.248,149.441,-119.596,115.162,-39.7,94.47,-122.166,81.202,16.396,23.298,20.254,-98.056,150.839,-51.921,104.443,-172.444,100.604,-74.752,134.332,-64.026,-57.78,130.461,-37.201,74.263,-114.13,232.067,13.022,313.895,-181.525,217.894,258.194,445.224,384.088,126.318,-56.945,-288.711,-23.742,-209.088,162.521,-88.407,50.037,-78.869,124.337,-58.433,222.465,-118.785,93.566,300.493,-296.748,-16.674,-156.886,240.474,-120.077
959,51.367,-85.704,81.087,42.999,41.855,-75.992,-80.754,109.449,-74.13,83.809,-155.913,68.681,-52.412,154.81,-126.681,28.454,27.294,-8.304,23.533,-72.293,188.881,-20.474,323.637,-177.981,234.403,143.158,398.963,437.329,17.385,-81.218,-286.156,-81.229,-218.875,146.759,-98.346,72.792,-148.34,126.312,-84.246,167.137,-184.81,55.757,-10.244,121.336,266.837,-367.949,125.225,-122.248,149.441,-119.596,115.162,-39.7,94.47,-122.166,81.202,16.396,23.298,20.254,-98.056,150.839,-51.921,104.443,-172.444,100.604,-74.752,134.332,-64.026,-57.78,130.461,-37.201,74.263,-114.13,232.067,13.022,313.895,-181.525,217.894,258.194,445.224,384.088,126.318,-56.945,-288.711,-23.742,-209.088,162.521,-88.407,50.037,-78.869,124.337,-58.433,222.465,-118.785,93.566,300.493,-296.748,-16.674,-156.886,240.474,-120.077,160.906
960,-85.704,81.087,42.999,41.855,-75.992,-80.754,109.449,-74.13,83.809,-155.913,68.681,-52.412,154.81,-126.681,28.454,27.294,-8.304,23.533,-72.293,188.881,-20.474,323.637,-177.981,234.403,143.158,398.963,437.329,17.385,-81.218,-286.156,-81.229,-218.875,146.759,-98.346,72.792,-148.34,126.312,-84.246,167.137,-184.81,55.757,-10.244,121.336,266.837,-367.949,125.225,-122.248,149.441,-119.596,115.162,-39.7,94.47,-122.166,81.202,16.396,23.298,20.254,-98.056,150.839,-51.921,104.443,-172.444,100.604,-74.752,134.332,-64.026,-57.78,130.461,-37.201,74.263,-114.13,232.067,13.022,313.895,-181.525,217.894,258.194,445.224,384.088,126.318,-56.945,-288.711,-23.742,-209.088,162.521,-88.407,50.037,-78.869,124.337,-58.433,222.465,-118.785,93.566,300.493,-296.748,-16.674,-156.886,240.474,-120.077,160.906,-88.325
961,81.087,42.999,41.855,-75.992,-80.754,109.449,-74.13,83.809,-155.913,68.681,-52.412,154.81,-126.681,28.454,27.294,-8.304,23.533,-72.293,188.881,-20.474,323.637,-177.981,234.403,143.158,398.963,437.329,17.385,-81.218,-286.156,-81.229,-218.875,146.759,-98.346,72.792,-148.34,126.312,-84.246,167.137,-184.81,55.757,-10.244,121.336,266.837,-367.949,125.225,-122.248,149.441,-119.596,115.162,-39.7,94.47,-122.166,81.202,16.396,23.298,20.254,-98.056,150.839,-51.921,104.443,-172.444,100.604,-74.752,134.332,-64.026,-57.78,130.461,-37.201,74.263,-114.13,232.067,13.022,313.895,-181.525,217.894,258.194,445.224,384.088,126.318,-56.945,-288.711,-23.742,-209.088,162.521,-88.407,50.037,-78.869,124.337,-58.433,222.465,-118.785,93.566,300.493,-296.748,-16.674,-156.886,240.474,-120.077,160.906,-88.325,162.713
962,42.999,41.855,-75.992,-80.754,109.449,-74.13,83.809,-155.913,68.681,-52.412,154.81,-126.681,28.454,27.294,-8.304,23.533,-72.293,188.881,-20.474,323.637,-177.981,234.403,143.158,398.963,437.329,17.385,-81.218,-286.156,-81.229,-218.875,146.759,-98.346,72.792,-148.34,126.312,-84.246,167.137,-184.81,55.757,-10.244,121.336,266.837,-367.949,125.225,-122.248,149.441,-119.596,115.162,-39.7,94.47,-122.166,81.202,16.396,23.298,20.254,-98.056,150.839,-51.921,104.443,-172.444,100.604,-74.752,134.332,-64.026,-57.78,130.461,-37.201,74.263,-114.13,232.067,13.022,313.895,-181.525,217.894,258.194,445.224,384.088,126.318,-56.945,-288.711,-23.742,-209.088,162.521,-88.407,50.037,-78.869,124.337,-58.433,222.465,-118.785,93.566,300.493,-296.748,-16.674,-156.886,240.474,-120.077,160.906,-88.325,162.713,0.139000000001
963,41.855,-75.992,-80.754,109.449,-74.13,83.809,-155.913,68.681,-52.412,154.81,-126.681,28.454,27.294,-8.304,23.533,-72.293,188.881,-20.474,323.637,-177.981,234.403,143.158,398.963,437.329,17.385,-81.218,-286.156,-81.229,-218.875,146.759,-98.346,72.792,-148.34,126.312,-84.246,167.137,-184.81,55.757,-10.244,121.336,266.837,-367.949,125.225,-122.248,149.441,-119.596,115.162,-39.7,94.47,-122.166,81.202,16.396,23.298,20.254,-98.056,150.839,-51.921,104.443,-172.444,100.604,-74.752,134.332,-64.026,-57.78,130.461,-37.201,74.263,-114.13,232.067,13.022,313.895,-181.525,217.894,258.194,445.224,384.088,126.318,-56.945,-288.711,-23.742,-209.088,162.521,-88.407,50.037,-78.869,124.337,-58.433,222.465,-118.785,93.566,300.493,-296.748,-16.674,-156.886,240.474,-120.077,160.906,-88.325,162.713,0.139000000001,78.107
964,-75.992,-80.754,109.449,-74.13,83.809,-155.913,68.681,-52.412,154.81,-126.681,28.454,27.294,-8.304,23.533,-72.293,188.881,-20.474,323.637,-177.981,234.403,143.158,398.963,437.329,17.385,-81.218,-286.156,-81.229,-218.875,146.759,-98.346,72.792,-148.34,126.312,-84.246,167.137,-184.81,55.757,-10.244,121.336,266.837,-367.949,125.225,-122.248,149.441,-119.596,115.162,-39.7,94.47,-122.166,81.202,16.396,23.298,20.254,-98.056,150.839,-51.921,104.443,-172.444,100.604,-74.752,134.332,-64.026,-57.78,130.461,-37.201,74.263,-114.13,232.067,13.022,313.895,-181.525,217.894,258.194,445.224,384.088,126.318,-56.945,-288.711,-23.742,-209.088,162.521,-88.407,50.037,-78.869,124.337,-58.433,222.465,-118.785,93.566,300.493,-296.748,-16.674,-156.886,240.474,-120.077,160.906,-88.325,162.713,0.139000000001,78.107,-83.105
965,-80.754,109.449,-74.13,83.809,-155.913,68.681,-52.412,154.81,-126.681,28.454,27.294,-8.304,23.533,-72.293,188.881,-20.474,323.637,-177.981,234.403,143.158,398.963,437.329,17.385,-81.218,-286.156,-81.229,-218.875,146.759,-98.346,72.792,-148.34,126.312,-84.246,167.137,-184.81,55.757,-10.244,121.336,266.837,-367.949,125.225,-122.248,149.441,-119.596,115.162,-39.7,94.47,-122.166,81.202,16.396,23.298,20.254,-98.056,150.839,-51.921,104.443,-172.444,100.604,-74.752,134.332,-64.026,-57.78,130.461,-37.201,74.263,-114.13,232.067,13.022,313.895,-181.525,217.894,258.194,445.224,384.088,126.318,-56.945,-288.711,-23.742,-209.088,162.521,-88.407,50.037,-78.869,124.337,-58.433,222.465,-118.785,93.566,300.493,-296.748,-16.674,-156.886,240.474,-120.077,160.906,-88.325,162.713,0.139000000001,78.107,-83.105,-26.458
966,109.449,-74.13,83.809,-155.913,68.681,-52.412,154.81,-126.681,28.454,27.294,-8.304,23.533,-72.293,188.881,-20.474,323.637,-177.981,234.403,143.158,398.963,437.329,17.385,-81.218,-286.156,-81.229,-218.875,146.759,-98.346,72.792,-148.34,126.312,-84.246,167.137,-184.81,55.757,-10.244,121.336,266.837,-367.949,125.225,-122.248,149.441,-119.596,115.162,-39.7,94.47,-122.166,81.202,16.396,23.298,20.254,-98.056,150.839,-51.921,104.443,-172.444,100.604,-74.752,134.332,-64.026,-57.78,130.461,-37.201,74.263,-114.13,232.067,13.022,313.895,-181.525,217.894,258.194,445.224,384.088,126.318,-56.945,-288.711,-23.742,-209.088,162.521,-88.407,50.037,-78.869,124.337,-58.433,222.465,-118.785,93.566,300.493,-296.748,-16.674,-156.886,240.474,-120.077,160.906,-88.325,162.713,0.139000000001,78.107,-83.105,-26.458,75.986
967,-74.13,83.809,-155.913,68.681,-52.412,154.81,-126.681,28.454,27.294,-8.304,23.533,-72.293,188.881,-20.474,323.637,-177.981,234.403,143.158,398.963,437.329,17.385,-81.218,-286.156,-81.229,-218.875,146.759,-98.346,72.792,-148.34,126.312,-84.246,167.137,-184.81,55.757,-10.244,121.336,266.837,-367.949,125.225,-122.248,149.441,-119.596,115.162,-39.7,94.47,-122.166,81.202,16.396,23.298,20.254,-98.056,150.839,-51.921,104.443,-172.444,100.604,-74.752,134.332,-64.026,-57.78,130.461,-37.201,74.263,-114.13,232.067,13.022,313.895,-181.525,217.894,258.194,445.224,384.088,126.318,-56.945,-288.711,-23.742,-209.088,162.521,-88.407,50.037,-78.869,124.337,-58.433,222.465,-118.785,93.566,300.493,-296.748,-16.674,-156.886,240.474,-120.077,160.906,-88.325,162.713,0.139000000001,78.107,-83.105,-26.458,75.986,-21.815
968,83.809,-155.913,68.681,-52.412,154.81,-126.681,28.454,27.294,-8.304,23.533,-72.293,188.881,-20.474,323.637,-177.981,234.403,143.158,398.963,437.329,17.385,-81.218,-286.156,-81.229,-218.875,146.759,-98.346,72.792,-148.34,126.312,-84.246,167.137,-184.81,55.757,-10.244,121.336,266.837,-367.949,125.225,-122.248,149.441,-119.596,115.162,-39.7,94.47,-122.166,81.202,16.396,23.298,20.254,-98.056,150.839,-51.921,104.443,-172.444,100.604,-74.752,134.332,-64.026,-57.78,130.461,-37.201,74.263,-114.13,232.067,13.022,313.895,-181.525,217.894,258.194,445.224,384.088,126.318,-56.945,-288.711,-23.742,-209.088,162.521,-88.407,50.037,-78.869,124.337,-58.433,222.465,-118.785,93.566,300.493,-296.748,-16.674,-156.886,240.474,-120.077,160.906,-88.325,162.713,0.139000000001,78.107,-83.105,-26.458,75.986,-21.815,61.237
969,-155.913,68.681,-52.412,154.81,-126.681,28.454,27.294,-8.304,23.533,-72.293,188.881,-20.474,323.637,-177.981,234.403,143.158,398.963,437.329,17.385,-81.218,-286.156,-81.229,-218.875,146.759,-98.346,72.792,-148.34,126.312,-84.246,167.137,-184.81,55.757,-10.244,121.336,266.837,-367.949,125.225,-122.248,149.441,-119.596,115.162,-39.7,94.47,-122.166,81.202,16.396,23.298,20.254,-98.056,150.839,-51.921,104.443,-172.444,100.604,-74.752,134.332,-64.026,-57.78,130.461,-37.201,74.263,-114.13,232.067,13.022,313.895,-181.525,217.894,258.194,445.224,384.088,126.318,-56.945,-288.711,-23.742,-209.088,162.521,-88.407,50.037,-78.869,124.337,-58.433,222.465,-118.785,93.566,300.493,-296.748,-16.674,-156.886,240.474,-120.077,160.906,-88.325,162.713,0.139000000001,78.107,-83.105,-26.458,75.986,-21.815,61.237,-93.643
970,68.681,-52.412,154.81,-126.681,28.454,27.294,-8.304,23.533,-72.293,188.881,-20.474,323.637,-177.981,234.403,143.158,398.963,437.329,17.385,-81.218,-286.156,-81.229,-218.875,146.759,-98.346,72.792,-148.34,126.312,-84.246,167.137,-184.81,55.757,-10.244,121.336,266.837,-367.949,125.225,-122.248,149.441,-119.596,115.162,-39.7,94.47,-122.166,81.202,16.396,23.298,20.254,-98.056,150.839,-51.921,104.443,-172.444,100.604,-74.752,134.332,-64.026,-57.78,130.461,-37.201,74.263,-114.13,232.067,13.022,313.895,-181.525,217.894,258.194,445.224,384.088,126.318,-56.945,-288.711,-23.742,-209.088,162.521,-88.407,50.037,-78.869,124.337,-58.433,222.465,-118.785,93.566,300.493,-296.748,-16.674,-156.886,240.474,-120.077,160.906,-88.325,162.713,0.139000000001,78.107,-83.105,-26.458,75.986,-21.815,61.237,-93.643,164.943
971,-52.412,154.81,-126.681,28.454,27.294,-8.304,23.533,-72.293,188.881,-20.474,323.637,-177.981,234.403,143.158,398.963,437.329,17.385,-81.218,-286.156,-81.229,-218.875,146.759,-98.346,72.792,-148.34,126.312,-84.246,167.137,-184.81,55.757,-10.244,121.336,266.837,-367.949,125.225,-122.248,149.441,-119.596,115.162,-39.7,94.47,-122.166,81.202,16.396,23.298,20.254,-98.056,150.839,-51.921,104.443,-172.444,100.604,-74.752,134.332,-64.026,-57.78,130.461,-37.201,74.263,-114.13,232.067,13.022,313.895,-181.525,217.894,258.194,445.224,384.088,126.318,-56.945,-288.711,-23.742,-209.088,162.521,-88.407,50.037,-78.869,124.337,-58.433,222.465,-118.785,93.566,300.493,-296.748,-16.674,-156.886,240.474,-120.077,160.906,-88.325,162.713,0.139000000001,78.107,-83.105,-26.458,75.986,-21.815,61.237,-93.643,164.943,-47.73
972,154.81,-126.681,28.454,27.294,-8.304,23.533,-72.293,188.881,-20.474,323.637,-177.981,234.403,143.158,398.963,437.329,17.385,-81.218,-286.156,-81.229,-218.875,146.759,-98.346,72.792,-148.34,126.312,-84.246,167.137,-184.81,55.757,-10.244,121.336,266.837,-367.949,125.225,-122.248,149.441,-119.596,115.162,-39.7,94.47,-122.166,81.202,16.396,23.298,20.254,-98.056,150.839,-51.921,104.443,-172.444,100.604,-74.752,134.332,-64.026,-57.78,130.461,-37.201,74.263,-114.13,232.067,13.022,313.895,-181.525,217.894,258.194,445.224,384.088,126.318,-56.945,-288.711,-23.742,-209.088,162.521,-88.407,50.037,-78.869,124.337,-58.433,222.465,-118.785,93.566,300.493,-296.748,-16.674,-156.886,240.474,-120.077,160.906,-88.325,162.713,0.139000000001,78.107,-83.105,-26.458,75.986,-21.815,61.237,-93.643,164.943,-47.73,118.4
973,-126.681,28.454,27.294,-8.304,23.533,-72.293,188.881,-20.474,323.637,-177.981,234.403,143.158,398.963,437.329,17.385,-81.218,-286.156,-81.229,-218.875,146.759,-98.346,72.792,-148.34,126.312,-84.246,167.137,-184.81,55.757,-10.244,121.336,266.837,-367.949,125.225,-122.248,149.441,-119.596,115.162,-39.7,94.47,-122.166,81.202,16.396,23.298,20.254,-98.056,150.839,-51.921,104.443,-172.444,100.604,-74.752,134.332,-64.026,-57.78,130.461,-37.201,74.263,-114.13,232.067,13.022,313.895,-181.525,217.894,258.194,445.224,384.088,126.318,-56.945,-288.711,-23.742,-209.088,162.521,-88.407,50.037,-78.869,124.337,-58.433,222.465,-118.785,93.566,300.493,-296.748,-16.674,-156.886,240.474,-120.077,160.906,-88.325,162.713,0.139000000001,78.107,-83.105,-26.458,75.986,-21.815,61.237,-93.643,164.943,-47.73,118.4,-86.133
974,28.454,27.294,-8.304,23.533,-72.293,188.881,-20.474,323.637,-177.981,234.403,143.158,398.963,437.329,17.385,-81.218,-286.156,-81.229,-218.875,146.759,-98.346,72.792,-148.34,126.312,-84.246,167.137,-184.81,55.757,-10.244,121.336,266.837,-367.949,125.225,-122.248,149.441,-119.596,115.162,-39.7,94.47,-122.166,81.202,16.396,23.298,20.254,-98.056,150.839,-51.921,104.443,-172.444,100.604,-74.752,134.332,-64.026,-57.78,130.461,-37.201,74.263,-114.13,232.067,13.022,313.895,-181.525,217.894,258.194,445.224,384.088,126.318,-56.945,-288.711,-23.742,-209.088,162.521,-88.407,50.037,-78.869,124.337,-58.433,222.465,-118.785,93.566,300.493,-296.748,-16.674,-156.886,240.474,-120.077,160.906,-88.325,162.713,0.139000000001,78.107,-83.105,-26.458,75.986,-21.815,61.237,-93.643,164.943,-47.73,118.4,-86.133,88.098
975,27.294,-8.304,23.533,-72.293,188.881,-20.474,323.637,-177.981,234.403,143.158,398.963,437.329,17.385,-81.218,-286.156,-81.229,-218.875,146.759,-98.346,72.792,-148.34,126.312,-84.246,167.137,-184.81,55.757,-10.244,121.336,266.837,-367.949,125.225,-122.248,149.441,-119.596,115.162,-39.7,94.47,-122.166,81.202,16.396,23.298,20.254,-98.056,150.839,-51.921,104.443,-172.444,100.604,-74.752,134.332,-64.026,-57.78,130.461,-37.201,74.263,-114.13,232.067,13.022,313.895,-181.525,217.894,258.194,445.224,384.088,126.318,-56.945,-288.711,-23.742,-209.088,162.521,-88.407,50.037,-78.869,124.337,-58.433,222.465,-118.785,93.566,300.493,-296.748,-16.674,-156.886,240.474,-120.077,160.906,-88.325,162.713,0.139000000001,78.107,-83.105,-26.458,75.986,-21.815,61.237,-93.643,164.943,-47.73,118.4,-86.133,88.098,-28.099
976,-8.304,23.533,-72.293,188.881,-20.474,323.637,-177.981,234.403,143.158,398.963,437.329,17.385,-81.218,-286.156,-81.229,-218.875,146.759,-98.346,72.792,-148.34,126.312,-84.246,167.137,-184.81,55.757,-10.244,121.336,266.837,-367.949,125.225,-122.248,149.441,-119.596,115.162,-39.7,94.47,-122.166,81.202,16.396,23.298,20.254,-98.056,150.839,-51.921,104.443,-172.444,100.604,-74.752,134.332,-64.026,-57.78,130.461,-37.201,74.263,-114.13,232.067,13.022,313.895,-181.525,217.894,258.194,445.224,384.088,126.318,-56.945,-288.711,-23.742,-209.088,162.521,-88.407,50.037,-78.869,124.337,-58.433,222.465,-118.785,93.566,300.493,-296.748,-16.674,-156.886,240.474,-120.077,160.906,-88.325,162.713,0.139000000001,78.107,-83.105,-26.458,75.986,-21.815,61.237,-93.643,164.943,-47.73,118.4,-86.133,88.098,-28.099,3.466
977,23.533,-72.293,188.881,-20.474,323.637,-177.981,234.403,143.158,398.963,437.329,17.385,-81.218,-286.156,-81.229,-218.875,146.759,-98.346,72.792,-148.34,126.312,-84.246,167.137,-184.81,55.757,-10.244,121.336,266.837,-367.949,125.225,-122.248,149.441,-119.596,115.162,-39.7,94.47,-122.166,81.202,16.396,23.298,20.254,-98.056,150.839,-51.921,104.443,-172.444,100.604,-74.752,134.332,-64.026,-57.78,130.461,-37.201,74.263,-114.13,232.067,13.022,313.895,-181.525,217.894,258.194,445.224,384.088,126.318,-56.945,-288.711,-23.742,-209.088,162.521,-88.407,50.037,-78.869,124.337,-58.433,222.465,-118.785,93.566,300.493,-296.748,-16.674,-156.886,240.474,-120.077,160.906,-88.325,162.713,0.139000000001,78.107,-83.105,-26.458,75.986,-21.815,61.237,-93.643,164.943,-47.73,118.4,-86.133,88.098,-28.099,3.466,5.484
978,-72.293,188.881,-20.474,323.637,-177.981,234.403,143.158,398.963,437.329,17.385,-81.218,-286.156,-81.229,-218.875,146.759,-98.346,72.792,-148.34,126.312,-84.246,167.137,-184.81,55.757,-10.244,121.336,266.837,-367.949,125.225,-122.248,149.441,-119.596,115.162,-39.7,94.47,-122.166,81.202,16.396,23.298,20.254,-98.056,150.839,-51.921,104.443,-172.444,100.604,-74.752,134.332,-64.026,-57.78,130.461,-37.201,74.263,-114.13,232.067,13.022,313.895,-181.525,217.894,258.194,445.224,384.088,126.318,-56.945,-288.711,-23.742,-209.088,162.521,-88.407,50.037,-78.869,124.337,-58.433,222.465,-118.785,93.566,300.493,-296.748,-16.674,-156.886,240.474,-120.077,160.906,-88.325,162.713,0.139000000001,78.107,-83.105,-26.458,75.986,-21.815,61.237,-93.643,164.943,-47.73,118.4,-86.133,88.098,-28.099,3.466,5.484,-120.818
979,188.881,-20.474,323.637,-177.981,234.403,143.158,398.963,437.329,17.385,-81.218,-286.156,-81.229,-218.875,146.759,-98.346,72.792,-148.34,126.312,-84.246,167.137,-184.81,55.757,-10.244,121.336,266.837,-367.949,125.225,-122.248,149.441,-119.596,115.162,-39.7,94.47,-122.166,81.202,16.396,23.298,20.254,-98.056,150.839,-51.921,104.443,-172.444,100.604,-74.752,134.332,-64.026,-57.78,130.461,-37.201,74.263,-114.13,232.067,13.022,313.895,-181.525,217.894,258.194,445.224,384.088,126.318,-56.945,-288.711,-23.742,-209.088,162.521,-88.407,50.037,-78.869,124.337,-58.433,222.465,-118.785,93.566,300.493,-296.748,-16.674,-156.886,240.474,-120.077,160.906,-88.325,162.713,0.139000000001,78.107,-83.105,-26.458,75.986,-21.815,61.237,-93.643,164.943,-47.73,118.4,-86.133,88.098,-28.099,3.466,5.484,-120.818,126.13
980,-20.474,323.637,-177.981,234.403,143.158,398.963,437.329,17.385,-81.218,-286.156,-81.229,-218.875,146.759,-98.346,72.792,-148.34,126.312,-84.246,167.137,-184.81,55.757,-10.244,121.336,266.837,-367.949,125.225,-122.248,149.441,-119.596,115.162,-39.7,94.47,-122.166,81.202,16.396,23.298,20.254,-98.056,150.839,-51.921,104.443,-172.444,100.604,-74.752,134.332,-64.026,-57.78,130.461,-37.201,74.263,-114.13,232.067,13.022,313.895,-181.525,217.894,258.194,445.224,384.088,126.318,-56.945,-288.711,-23.742,-209.088,162.521,-88.407,50.037,-78.869,124.337,-58.433,222.465,-118.785,93.566,300.493,-296.748,-16.674,-156.886,240.474,-120.077,160.906,-88.325,162.713,0.139000000001,78.107,-83.105,-26.458,75.986,-21.815,61.237,-93.643,164.943,-47.73,118.4,-86.133,88.098,-28.099,3.466,5.484,-120.818,126.13,-35.52
981,323.637,-177.981,234.403,143.158,398.963,437.329,17.385,-81.218,-286.156,-81.229,-218.875,146.759,-98.346,72.792,-148.34,126.312,-84.246,167.137,-184.81,55.757,-10.244,121.336,266.837,-367.949,125.225,-122.248,149.441,-119.596,115.162,-39.7,94.47,-122.166,81.202,16.396,23.298,20.254,-98.056,150.839,-51.921,104.443,-172.444,100.604,-74.752,134.332,-64.026,-57.78,130.461,-37.201,74.263,-114.13,232.067,13.022,313.895,-181.525,217.894,258.194,445.224,384.088,126.318,-56.945,-288.711,-23.742,-209.088,162.521,-88.407,50.037,-78.869,124.337,-58.433,222.465,-118.785,93.566,300.493,-296.748,-16.674,-156.886,240.474,-120.077,160.906,-88.325,162.713,0.139000000001,78.107,-83.105,-26.458,75.986,-21.815,61.237,-93.643,164.943,-47.73,118.4,-86.133,88.098,-28.099,3.466,5.484,-120.818,126.13,-35.52,83.863
982,-177.981,234.403,143.158,398.963,437.329,17.385,-81.218,-286.156,-81.229,-218.875,146.759,-98.346,72.792,-148.34,126.312,-84.246,167.137,-184.81,55.757,-10.244,121.336,266.837,-367.949,125.225,-122.248,149.441,-119.596,115.162,-39.7,94.47,-122.166,81.202,16.396,23.298,20.254,-98.056,150.839,-51.921,104.443,-172.444,100.604,-74.752,134.332,-64.026,-57.78,130.461,-37.201,74.263,-114.13,232.067,13.022,313.895,-181.525,217.894,258.194,445.224,384.088,126.318,-56.945,-288.711,-23.742,-209.088,162.521,-88.407,50.037,-78.869,124.337,-58.433,222.465,-118.785,93.566,300.493,-296.748,-16.674,-156.886,240.474,-120.077,160.906,-88.325,162.713,0.139000000001,78.107,-83.105,-26.458,75.986,-21.815,61.237,-93.643,164.943,-47.73,118.4,-86.133,88.098,-28.099,3.466,5.484,-120.818,126.13,-35.52,83.863,-110.804
983,234.403,143.158,398.963,437.329,17.385,-81.218,-286.156,-81.229,-218.875,146.759,-98.346,72.792,-148.34,126.312,-84.246,167.137,-184.81,55.757,-10.244,121.336,266.837,-367.949,125.225,-122.248,149.441,-119.596,115.162,-39.7,94.47,-122.166,81.202,16.396,23.298,20.254,-98.056,150.839,-51.921,104.443,-172.444,100.604,-74.752,134.332,-64.026,-57.78,130.461,-37.201,74.263,-114.13,232.067,13.022,313.895,-181.525,217.894,258.194,445.224,384.088,126.318,-56.945,-288.711,-23.742,-209.088,162.521,-88.407,50.037,-78.869,124.337,-58.433,222.465,-118.785,93.566,300.493,-296.748,-16.674,-156.886,240.474,-120.077,160.906,-88.325,162.713,0.139000000001,78.107,-83.105,-26.458,75.986,-21.815,61.237,-93.643,164.943,-47.73,118.4,-86.133,88.098,-28.099,3.466,5.484,-120.818,126.13,-35.52,83.863,-110.804,225.313
984,143.158,398.963,437.329,17.385,-81.218,-286.156,-81.229,-218.875,146.759,-98.346,72.792,-148.34,126.312,-84.246,167.137,-184.81,55.757,-10.244,121.336,266.837,-367.949,125.225,-122.248,149.441,-119.596,115.162,-39.7,94.47,-122.166,81.202,16.396,23.298,20.254,-98.056,150.839,-51.921,104.443,-172.444,100.604,-74.752,134.332,-64.026,-57.78,130.461,-37.201,74.263,-114.13,232.067,13.022,313.895,-181.525,217.894,258.194,445.224,384.088,126.318,-56.945,-288.711,-23.742,-209.088,162.521,-88.407,50.037,-78.869,124.337,-58.433,222.465,-118.785,93.566,300.493,-296.748,-16.674,-156.886,240.474,-120.077,160.906,-88.325,162.713,0.139000000001,78.107,-83.105,-26.458,75.986,-21.815,61.237,-93.643,164.943,-47.73,118.4,-86.133,88.098,-28.099,3.466,5.484,-120.818,126.13,-35.52,83.863,-110.804,225.313,-11.67
985,398.963,437.329,17.385,-81.218,-286.156,-81.229,-218.875,146.759,-98.346,72.792,-148.34,126.312,-84.246,167.137,-184.81,55.757,-10.244,121.336,266.837,-367.949,125.225,-122.248,149.441,-119.596,115.162,-39.7,94.47,-122.166,81.202,16.396,23.298,20.254,-98.056,150.839,-51.921,104.443,-172.444,100.604,-74.752,134.332,-64.026,-57.78,130.461,-37.201,74.263,-114.13,232.067,13.022,313.895,-181.525,217.894,258.194,445.224,384.088,126.318,-56.945,-288.711,-23.742,-209.088,162.521,-88.407,50.037,-78.869,124.337,-58.433,222.465,-118.785,93.566,300.493,-296.748,-16.674,-156.886,240.474,-120.077,160.906,-88.325,162.713,0.139000000001,78.107,-83.105,-26.458,75.986,-21.815,61.237,-93.643,164.943,-47.73,118.4,-86.133,88.098,-28.099,3.466,5.484,-120.818,126.13,-35.52,83.863,-110.804,225.313,-11.67,323.733
986,437.329,17.385,-81.218,-286.156,-81.229,-218.875,146.759,-98.346,72.792,-148.34,126.312,-84.246,167.137,-184.81,55.757,-10.244,121.336,266.837,-367.949,125.225,-122.248,149.441,-119.596,115.162,-39.7,94.47,-122.166,81.202,16.396,23.298,20.254,-98.056,150.839,-51.921,104.443,-172.444,100.604,-74.752,134.332,-64.026,-57.78,130.461,-37.201,74.263,-114.13,232.067,13.022,313.895,-181.525,217.894,258.194,445.224,384.088,126.318,-56.945,-288.711,-23.742,-209.088,162.521,-88.407,50.037,-78.869,124.337,-58.433,222.465,-118.785,93.566,300.493,-296.748,-16.674,-156.886,240.474,-120.077,160.906,-88.325,162.713,0.139000000001,78.107,-83.105,-26.458,75.986,-21.815,61.237,-93.643,164.943,-47.73,118.4,-86.133,88.098,-28.099,3.466,5.484,-120.818,126.13,-35.52,83.863,-110.804,225.313,-11.67,323.733,-76.708
987,17.385,-81.218,-286.156,-81.229,-218.875,146.759,-98.346,72.792,-148.34,126.312,-84.246,167.137,-184.81,55.757,-10.244,121.336,266.837,-367.949,125.225,-122.248,149.441,-119.596,115.162,-39.7,94.47,-122.166,81.202,16.396,23.298,20.254,-98.056,150.839,-51.921,104.443,-172.444,100.604,-74.752,134.332,-64.026,-57.78,130.461,-37.201,74.263,-114.13,232.067,13.022,313.895,-181.525,217.894,258.194,445.224,384.088,126.318,-56.945,-288.711,-23.742,-209.088,162.521,-88.407,50.037,-78.869,124.337,-58.433,222.465,-118.785,93.566,300.493,-296.748,-16.674,-156.886,240.474,-120.077,160.906,-88.325,162.713,0.139000000001,78.107,-83.105,-26.458,75.986,-21.815,61.237,-93.643,164.943,-47.73,118.4,-86.133,88.098,-28.099,3.466,5.484,-120.818,126.13,-35.52,83.863,-110.804,225.313,-11.67,323.733,-76.708,-15.108
988,-81.218,-286.156,-81.229,-218.875,146.759,-98.346,72.792,-148.34,126.312,-84.246,167.137,-184.81,55.757,-10.244,121.336,266.837,-367.949,125.225,-122.248,149.441,-119.596,115.162,-39.7,94.47,-122.166,81.202,16.396,23.298,20.254,-98.056,150.839,-51.921,104.443,-172.444,100.604,-74.752,134.332,-64.026,-57.78,130.461,-37.201,74.263,-114.13,232.067,13.022,313.895,-181.525,217.894,258.194,445.224,384.088,126.318,-56.945,-288.711,-23.742,-209.088,162.521,-88.407,50.037,-78.869,124.337,-58.433,222.465,-118.785,93.566,300.493,-296.748,-16.674,-156.886,240.474,-120.077,160.906,-88.325,162.713,0.139000000001,78.107,-83.105,-26.458,75.986,-21.815,61.237,-93.643,164.943,-47.73,118.4,-86.133,88.098,-28.099,3.466,5.484,-120.818,126.13,-35.52,83.863,-110.804,225.313,-11.67,323.733,-76.708,-15.108,230.514
989,-286.156,-81.229,-218.875,146.759,-98.346,72.792,-148.34,126.312,-84.246,167.137,-184.81,55.757,-10.244,121.336,266.837,-367.949,125.225,-122.248,149.441,-119.596,115.162,-39.7,94.47,-122.166,81.202,16.396,23.298,20.254,-98.056,150.839,-51.921,104.443,-172.444,100.604,-74.752,134.332,-64.026,-57.78,130.461,-37.201,74.263,-114.13,232.067,13.022,313.895,-181.525,217.894,258.194,445.224,384.088,126.318,-56.945,-288.711,-23.742,-209.088,162.521,-88.407,50.037,-78.869,124.337,-58.433,222.465,-118.785,93.566,300.493,-296.748,-16.674,-156.886,240.474,-120.077,160.906,-88.325,162.713,0.139000000001,78.107,-83.105,-26.458,75.986,-21.815,61.237,-93.643,164.943,-47.73,118.4,-86.133,88.098,-28.099,3.466,5.484,-120.818,126.13,-35.52,83.863,-110.804,225.313,-11.67,323.733,-76.708,-15.108,230.514,352.05
990,-81.229,-218.875,146.759,-98.346,72.792,-148.34,126.312,-84.246,167.137,-184.81,55.757,-10.244,121.336,266.837,-367.949,125.225,-122.248,149.441,-119.596,115.162,-39.7,94.47,-122.166,81.202,16.396,23.298,20.254,-98.056,150.839,-51.921,104.443,-172.444,100.604,-74.752,134.332,-64.026,-57.78,130.461,-37.201,74.263,-114.13,232.067,13.022,313.895,-181.525,217.894,258.194,445.224,384.088,126.318,-56.945,-288.711,-23.742,-209.088,162.521,-88.407,50.037,-78.869,124.337,-58.433,222.465,-118.785,93.566,300.493,-296.748,-16.674,-156.886,240.474,-120.077,160.906,-88.325,162.713,0.139000000001,78.107,-83.105,-26.458,75.986,-21.815,61.237,-93.643,164.943,-47.73,118.4,-86.133,88.098,-28.099,3.466,5.484,-120.818,126.13,-35.52,83.863,-110.804,225.313,-11.67,323.733,-76.708,-15.108,230.514,352.05,476.268
991,-218.875,146.759,-98.346,72.792,-148.34,126.312,-84.246,167.137,-184.81,55.757,-10.244,121.336,266.837,-367.949,125.225,-122.248,149.441,-119.596,115.162,-39.7,94.47,-122.166,81.202,16.396,23.298,20.254,-98.056,150.839,-51.921,104.443,-172.444,100.604,-74.752,134.332,-64.026,-57.78,130.461,-37.201,74.263,-114.13,232.067,13.022,313.895,-181.525,217.894,258.194,445.224,384.088,126.318,-56.945,-288.711,-23.742,-209.088,162.521,-88.407,50.037,-78.869,124.337,-58.433,222.465,-118.785,93.566,300.493,-296.748,-16.674,-156.886,240.474,-120.077,160.906,-88.325,162.713,0.139000000001,78.107,-83.105,-26.458,75.986,-21.815,61.237,-93.643,164.943,-47.73,118.4,-86.133,88.098,-28.099,3.466,5.484,-120.818,126.13,-35.52,83.863,-110.804,225.313,-11.67,323.733,-76.708,-15.108,230.514,352.05,476.268,164.323
992,146.759,-98.346,72.792,-148.34,126.312,-84.246,167.137,-184.81,55.757,-10.244,121.336,266.837,-367.949,125.225,-122.248,149.441,-119.596,115.162,-39.7,94.47,-122.166,81.202,16.396,23.298,20.254,-98.056,150.839,-51.921,104.443,-172.444,100.604,-74.752,134.332,-64.026,-57.78,130.461,-37.201,74.263,-114.13,232.067,13.022,313.895,-181.525,217.894,258.194,445.224,384.088,126.318,-56.945,-288.711,-23.742,-209.088,162.521,-88.407,50.037,-78.869,124.337,-58.433,222.465,-118.785,93.566,300.493,-296.748,-16.674,-156.886,240.474,-120.077,160.906,-88.325,162.713,0.139000000001,78.107,-83.105,-26.458,75.986,-21.815,61.237,-93.643,164.943,-47.73,118.4,-86.133,88.098,-28.099,3.466,5.484,-120.818,126.13,-35.52,83.863,-110.804,225.313,-11.67,323.733,-76.708,-15.108,230.514,352.05,476.268,164.323,17.37
993,-98.346,72.792,-148.34,126.312,-84.246,167.137,-184.81,55.757,-10.244,121.336,266.837,-367.949,125.225,-122.248,149.441,-119.596,115.162,-39.7,94.47,-122.166,81.202,16.396,23.298,20.254,-98.056,150.839,-51.921,104.443,-172.444,100.604,-74.752,134.332,-64.026,-57.78,130.461,-37.201,74.263,-114.13,232.067,13.022,313.895,-181.525,217.894,258.194,445.224,384.088,126.318,-56.945,-288.711,-23.742,-209.088,162.521,-88.407,50.037,-78.869,124.337,-58.433,222.465,-118.785,93.566,300.493,-296.748,-16.674,-156.886,240.474,-120.077,160.906,-88.325,162.713,0.139000000001,78.107,-83.105,-26.458,75.986,-21.815,61.237,-93.643,164.943,-47.73,118.4,-86.133,88.098,-28.099,3.466,5.484,-120.818,126.13,-35.52,83.863,-110.804,225.313,-11.67,323.733,-76.708,-15.108,230.514,352.05,476.268,164.323,17.37,-300.84
994,72.792,-148.34,126.312,-84.246,167.137,-184.81,55.757,-10.244,121.336,266.837,-367.949,125.225,-122.248,149.441,-119.596,115.162,-39.7,94.47,-122.166,81.202,16.396,23.298,20.254,-98.056,150.839,-51.921,104.443,-172.444,100.604,-74.752,134.332,-64.026,-57.78,130.461,-37.201,74.263,-114.13,232.067,13.022,313.895,-181.525,217.894,258.194,445.224,384.088,126.318,-56.945,-288.711,-23.742,-209.088,162.521,-88.407,50.037,-78.869,124.337,-58.433,222.465,-118.785,93.566,300.493,-296.748,-16.674,-156.886,240.474,-120.077,160.906,-88.325,162.713,0.139000000001,78.107,-83.105,-26.458,75.986,-21.815,61.237,-93.643,164.943,-47.73,118.4,-86.133,88.098,-28.099,3.466,5.484,-120.818,126.13,-35.52,83.863,-110.804,225.313,-11.67,323.733,-76.708,-15.108,230.514,352.05,476.268,164.323,17.37,-300.84,-41.952
995,-148.34,126.312,-84.246,167.137,-184.81,55.757,-10.244,121.336,266.837,-367.949,125.225,-122.248,149.441,-119.596,115.162,-39.7,94.47,-122.166,81.202,16.396,23.298,20.254,-98.056,150.839,-51.921,104.443,-172.444,100.604,-74.752,134.332,-64.026,-57.78,130.461,-37.201,74.263,-114.13,232.067,13.022,313.895,-181.525,217.894,258.194,445.224,384.088,126.318,-56.945,-288.711,-23.742,-209.088,162.521,-88.407,50.037,-78.869,124.337,-58.433,222.465,-118.785,93.566,300.493,-296.748,-16.674,-156.886,240.474,-120.077,160.906,-88.325,162.713,0.139000000001,78.107,-83.105,-26.458,75.986,-21.815,61.237,-93.643,164.943,-47.73,118.4,-86.133,88.098,-28.099,3.466,5.484,-120.818,126.13,-35.52,83.863,-110.804,225.313,-11.67,323.733,-76.708,-15.108,230.514,352.05,476.268,164.323,17.37,-300.84,-41.952,-175.872
996,126.312,-84.246,167.137,-184.81,55.757,-10.244,121.336,266.837,-367.949,125.225,-122.248,149.441,-119.596,115.162,-39.7,94.47,-122.166,81.202,16.396,23.298,20.254,-98.056,150.839,-51.921,104.443,-172.444,100.604,-74.752,134.332,-64.026,-57.78,130.461,-37.201,74.263,-114.13,232.067,13.022,313.895,-181.525,217.894,258.194,445.224,384.088,126.318,-56.945,-288.711,-23.742,-209.088,162.521,-88.407,50.037,-78.869,124.337,-58.433,222.465,-118.785,93.566,300.493,-296.748,-16.674,-156.886,240.474,-120.077,160.906,-88.325,162.713,0.139000000001,78.107,-83.105,-26.458,75.986,-21.815,61.237,-93.643,164.943,-47.73,118.4,-86.133,88.098,-28.099,3.466,5.484,-120.818,126.13,-35.52,83.863,-110.804,225.313,-11.67,323.733,-76.708,-15.108,230.514,352.05,476.268,164.323,17.37,-300.84,-41.952,-175.872,139.254
997,-84.246,167.137,-184.81,55.757,-10.244,121.336,266.837,-367.949,125.225,-122.248,149.441,-119.596,115.162,-39.7,94.47,-122.166,81.202,16.396,23.298,20.254,-98.056,150.839,-51.921,104.443,-172.444,100.604,-74.752,134.332,-64.026,-57.78,130.461,-37.201,74.263,-114.13,232.067,13.022,313.895,-181.525,217.894,258.194,445.224,384.088,126.318,-56.945,-288.711,-23.742,-209.088,162.521,-88.407,50.037,-78.869,124.337,-58.433,222.465,-118.785,93.566,300.493,-296.748,-16.674,-156.886,240.474,-120.077,160.906,-88.325,162.713,0.139000000001,78.107,-83.105,-26.458,75.986,-21.815,61.237,-93.643,164.943,-47.73,118.4,-86.133,88.098,-28.099,3.466,5.484,-120.818,126.13,-35.52,83.863,-110.804,225.313,-11.67,323.733,-76.708,-15.108,230.514,352.05,476.268,164.323,17.37,-300.84,-41.952,-175.872,139.254,-110.61
998,167.137,-184.81,55.757,-10.244,121.336,266.837,-367.949,125.225,-122.248,149.441,-119.596,115.162,-39.7,94.47,-122.166,81.202,16.396,23.298,20.254,-98.056,150.839,-51.921,104.443,-172.444,100.604,-74.752,134.332,-64.026,-57.78,130.461,-37.201,74.263,-114.13,232.067,13.022,313.895,-181.525,217.894,258.194,445.224,384.088,126.318,-56.945,-288.711,-23.742,-209.088,162.521,-88.407,50.037,-78.869,124.337,-58.433,222.465,-118.785,93.566,300.493,-296.748,-16.674,-156.886,240.474,-120.077,160.906,-88.325,162.713,0.139000000001,78.107,-83.105,-26.458,75.986,-21.815,61.237,-93.643,164.943,-47.73,118.4,-86.133,88.098,-28.099,3.466,5.484,-120.818,126.13,-35.52,83.863,-110.804,225.313,-11.67,323.733,-76.708,-15.108,230.514,352.05,476.268,164.323,17.37,-300.84,-41.952,-175.872,139.254,-110.61,39.233
999,-184.81,55.757,-10.244,121.336,266.837,-367.949,125.225,-122.248,149.441,-119.596,115.162,-39.7,94.47,-122.166,81.202,16.396,23.298,20.254,-98.056,150.839,-51.921,104.443,-172.444,100.604,-74.752,134.332,-64.026,-57.78,130.461,-37.201,74.263,-114.13,232.067,13.022,313.895,-181.525,217.894,258.194,445.224,384.088,126.318,-56.945,-288.711,-23.742,-209.088,162.521,-88.407,50.037,-78.869,124.337,-58.433,222.465,-118.785,93.566,300.493,-296.748,-16.674,-156.886,240.474,-120.077,160.906,-88.325,162.713,0.139000000001,78.107,-83.105,-26.458,75.986,-21.815,61.237,-93.643,164.943,-47.73,118.4,-86.133,88.098,-28.099,3.466,5.484,-120.818,126.13,-35.52,83.863,-110.804,225.313,-11.67,323.733,-76.708,-15.108,230.514,352.05,476.268,164.323,17.37,-300.84,-41.952,-175.872,139.254,-110.61,39.233,-86.085
1000,55.757,-10.244,121.336,266.837,-367.949,125.225,-122.248,149.441,-119.596,115.162,-39.7,94.47,-122.166,81.202,16.396,23.298,20.254,-98.056,150.839,-51.921,104.443,-172.444,100.604,-74.752,134.332,-64.026,-57.78,130.461,-37.201,74.263,-114.13,232.067,13.022,313.895,-181.525,217.894,258.194,445.224,384.088,126.318,-56.945,-288.711,-23.742,-209.088,162.521,-88.407,50.037,-78.869,124.337,-58.433,222.465,-118.785,93.566,300.493,-296.748,-16.674,-156.886,240.474,-120.077,160.906,-88.325,162.713,0.139000000001,78.107,-83.105,-26.458,75.986,-21.815,61.237,-93.643,164.943,-47.73,118.4,-86.133,88.098,-28.099,3.466,5.484,-120.818,126.13,-35.52,83.863,-110.804,225.313,-11.67,323.733,-76.708,-15.108,230.514,352.05,476.268,164.323,17.37,-300.84,-41.952,-175.872,139.254,-110.61,39.233,-86.085,47.458
1001,-10.244,121.336,266.837,-367.949,125.225,-122.248,149.441,-119.596,115.162,-39.7,94.47,-122.166,81.202,16.396,23.298,20.254,-98.056,150.839,-51.921,104.443,-172.444,100.604,-74.752,134.332,-64.026,-57.78,130.461,-37.201,74.263,-114.13,232.067,13.022,313.895,-181.525,217.894,258.194,445.224,384.088,126.318,-56.945,-288.711,-23.742,-209.088,162.521,-88.407,50.037,-78.869,124.337,-58.433,222.465,-118.785,93.566,300.493,-296.748,-16.674,-156.886,240.474,-120.077,160.906,-88.325,162.713,0.139000000001,78.107,-83.105,-26.458,75.986,-21.815,61.237,-93.643,164.943,-47.73,118.4,-86.133,88.098,-28.099,3.466,5.484,-120.818,126.13,-35.52,83.863,-110.804,225.313,-11.67,323.733,-76.708,-15.108,230.514,352.05,476.268,164.323,17.37,-300.84,-41.952,-175.872,139.254,-110.61,39.233,-86.085,47.458,14.377
1002,121.336,266.837,-367.949,125.225,-122.248,149.441,-119.596,115.162,-39.7,94.47,-122.166,81.202,16.396,23.298,20.254,-98.056,150.839,-51.921,104.443,-172.444,100.604,-74.752,134.332,-64.026,-57.78,130.461,-37.201,74.263,-114.13,232.067,13.022,313.895,-181.525,217.894,258.194,445.224,384.088,126.318,-56.945,-288.711,-23.742,-209.088,162.521,-88.407,50.037,-78.869,124.337,-58.433,222.465,-118.785,93.566,300.493,-296.748,-16.674,-156.886,240.474,-120.077,160.906,-88.325,162.713,0.139000000001,78.107,-83.105,-26.458,75.986,-21.815,61.237,-93.643,164.943,-47.73,118.4,-86.133,88.098,-28.099,3.466,5.484,-120.818,126.13,-35.52,83.863,-110.804,225.313,-11.67,323.733,-76.708,-15.108,230.514,352.05,476.268,164.323,17.37,-300.84,-41.952,-175.872,139.254,-110.61,39.233,-86.085,47.458,14.377,-7.254
1003,266.837,-367.949,125.225,-122.248,149.441,-119.596,115.162,-39.7,94.47,-122.166,81.202,16.396,23.298,20.254,-98.056,150.839,-51.921,104.443,-172.444,100.604,-74.752,134.332,-64.026,-57.78,130.461,-37.201,74.263,-114.13,232.067,13.022,313.895,-181.525,217.894,258.194,445.224,384.088,126.318,-56.945,-288.711,-23.742,-209.088,162.521,-88.407,50.037,-78.869,124.337,-58.433,222.465,-118.785,93.566,300.493,-296.748,-16.674,-156.886,240.474,-120.077,160.906,-88.325,162.713,0.139000000001,78.107,-83.105,-26.458,75.986,-21.815,61.237,-93.643,164.943,-47.73,118.4,-86.133,88.098,-28.099,3.466,5.484,-120.818,126.13,-35.52,83.863,-110.804,225.313,-11.67,323.733,-76.708,-15.108,230.514,352.05,476.268,164.323,17.37,-300.84,-41.952,-175.872,139.254,-110.61,39.233,-86.085,47.458,14.377,-7.254,374.176
1004,-367.949,125.225,-122.248,149.441,-119.596,115.162,-39.7,94.47,-122.166,81.202,16.396,23.298,20.254,-98.056,150.839,-51.921,104.443,-172.444,100.604,-74.752,134.332,-64.026,-57.78,130.461,-37.201,74.263,-114.13,232.067,13.022,313.895,-181.525,217.894,258.194,445.224,384.088,126.318,-56.945,-288.711,-23.742,-209.088,162.521,-88.407,50.037,-78.869,124.337,-58.433,222.465,-118.785,93.566,300.493,-296.748,-16.674,-156.886,240.474,-120.077,160.906,-88.325,162.713,0.139000000001,78.107,-83.105,-26.458,75.986,-21.815,61.237,-93.643,164.943,-47.73,118.4,-86.133,88.098,-28.099,3.466,5.484,-120.818,126.13,-35.52,83.863,-110.804,225.313,-11.67,323.733,-76.708,-15.108,230.514,352.05,476.268,164.323,17.37,-300.84,-41.952,-175.872,139.254,-110.61,39.233,-86.085,47.458,14.377,-7.254,374.176,81.306
1005,125.225,-122.248,149.441,-119.596,115.162,-39.7,94.47,-122.166,81.202,16.396,23.298,20.254,-98.056,150.839,-51.921,104.443,-172.444,100.604,-74.752,134.332,-64.026,-57.78,130.461,-37.201,74.263,-114.13,232.067,13.022,313.895,-181.525,217.894,258.194,445.224,384.088,126.318,-56.945,-288.711,-23.742,-209.088,162.521,-88.407,50.037,-78.869,124.337,-58.433,222.465,-118.785,93.566,300.493,-296.748,-16.674,-156.886,240.474,-120.077,160.906,-88.325,162.713,0.139000000001,78.107,-83.105,-26.458,75.986,-21.815,61.237,-93.643,164.943,-47.73,118.4,-86.133,88.098,-28.099,3.466,5.484,-120.818,126.13,-35.52,83.863,-110.804,225.313,-11.67,323.733,-76.708,-15.108,230.514,352.05,476.268,164.323,17.37,-300.84,-41.952,-175.872,139.254,-110.61,39.233,-86.085,47.458,14.377,-7.254,374.176,81.306,-274.572
1006,-122.248,149.441,-119.596,115.162,-39.7,94.47,-122.166,81.202,16.396,23.298,20.254,-98.056,150.839,-51.921,104.443,-172.444,100.604,-74.752,134.332,-64.026,-57.78,130.461,-37.201,74.263,-114.13,232.067,13.022,313.895,-181.525,217.894,258.194,445.224,384.088,126.318,-56.945,-288.711,-23.742,-209.088,162.521,-88.407,50.037,-78.869,124.337,-58.433,222.465,-118.785,93.566,300.493,-296.748,-16.674,-156.886,240.474,-120.077,160.906,-88.325,162.713,0.139000000001,78.107,-83.105,-26.458,75.986,-21.815,61.237,-93.643,164.943,-47.73,118.4,-86.133,88.098,-28.099,3.466,5.484,-120.818,126.13,-35.52,83.863,-110.804,225.313,-11.67,323.733,-76.708,-15.108,230.514,352.05,476.268,164.323,17.37,-300.84,-41.952,-175.872,139.254,-110.61,39.233,-86.085,47.458,14.377,-7.254,374.176,81.306,-274.572,-167.504
1007,149.441,-119.596,115.162,-39.7,94.47,-122.166,81.202,16.396,23.298,20.254,-98.056,150.839,-51.921,104.443,-172.444,100.604,-74.752,134.332,-64.026,-57.78,130.461,-37.201,74.263,-114.13,232.067,13.022,313.895,-181.525,217.894,258.194,445.224,384.088,126.318,-56.945,-288.711,-23.742,-209.088,162.521,-88.407,50.037,-78.869,124.337,-58.433,222.465,-118.785,93.566,300.493,-296.748,-16.674,-156.886,240.474,-120.077,160.906,-88.325,162.713,0.139000000001,78.107,-83.105,-26.458,75.986,-21.815,61.237,-93.643,164.943,-47.73,118.4,-86.133,88.098,-28.099,3.466,5.484,-120.818,126.13,-35.52,83.863,-110.804,225.313,-11.67,323.733,-76.708,-15.108,230.514,352.05,476.268,164.323,17.37,-300.84,-41.952,-175.872,139.254,-110.61,39.233,-86.085,47.458,14.377,-7.254,374.176,81.306,-274.572,-167.504,50.006
1008,-119.596,115.162,-39.7,94.47,-122.166,81.202,16.396,23.298,20.254,-98.056,150.839,-51.921,104.443,-172.444,100.604,-74.752,134.332,-64.026,-57.78,130.461,-37.201,74.263,-114.13,232.067,13.022,313.895,-181.525,217.894,258.194,445.224,384.088,126.318,-56.945,-288.711,-23.742,-209.088,162.521,-88.407,50.037,-78.869,124.337,-58.433,222.465,-118.785,93.566,300.493,-296.748,-16.674,-156.886,240.474,-120.077,160.906,-88.325,162.713,0.139000000001,78.107,-83.105,-26.458,75.986,-21.815,61.237,-93.643,164.943,-47.73,118.4,-86.133,88.098,-28.099,3.466,5.484,-120.818,126.13,-35.52,83.863,-110.804,225.313,-11.67,323.733,-76.708,-15.108,230.514,352.05,476.268,164.323,17.37,-300.84,-41.952,-175.872,139.254,-110.61,39.233,-86.085,47.458,14.377,-7.254,374.176,81.306,-274.572,-167.504,50.006,-111.493
1009,115.162,-39.7,94.47,-122.166,81.202,16.396,23.298,20.254,-98.056,150.839,-51.921,104.443,-172.444,100.604,-74.752,134.332,-64.026,-57.78,130.461,-37.201,74.263,-114.13,232.067,13.022,313.895,-181.525,217.894,258.194,445.224,384.088,126.318,-56.945,-288.711,-23.742,-209.088,162.521,-88.407,50.037,-78.869,124.337,-58.433,222.465,-118.785,93.566,300.493,-296.748,-16.674,-156.886,240.474,-120.077,160.906,-88.325,162.713,0.139000000001,78.107,-83.105,-26.458,75.986,-21.815,61.237,-93.643,164.943,-47.73,118.4,-86.133,88.098,-28.099,3.466,5.484,-120.818,126.13,-35.52,83.863,-110.804,225.313,-11.67,323.733,-76.708,-15.108,230.514,352.05,476.268,164.323,17.37,-300.84,-41.952,-175.872,139.254,-110.61,39.233,-86.085,47.458,14.377,-7.254,374.176,81.306,-274.572,-167.504,50.006,-111.493,121.537
1010,-39.7,94.47,-122.166,81.202,16.396,23.298,20.254,-98.056,150.839,-51.921,104.443,-172.444,100.604,-74.752,134.332,-64.026,-57.78,130.461,-37.201,74.263,-114.13,232.067,13.022,313.895,-181.525,217.894,258.194,445.224,384.088,126.318,-56.945,-288.711,-23.742,-209.088,162.521,-88.407,50.037,-78.869,124.337,-58.433,222.465,-118.785,93.566,300.493,-296.748,-16.674,-156.886,240.474,-120.077,160.906,-88.325,162.713,0.139000000001,78.107,-83.105,-26.458,75.986,-21.815,61.237,-93.643,164.943,-47.73,118.4,-86.133,88.098,-28.099,3.466,5.484,-120.818,126.13,-35.52,83.863,-110.804,225.313,-11.67,323.733,-76.708,-15.108,230.514,352.05,476.268,164.323,17.37,-300.84,-41.952,-175.872,139.254,-110.61,39.233,-86.085,47.458,14.377,-7.254,374.176,81.306,-274.572,-167.504,50.006,-111.493,121.537,19.542
1011,94.47,-122.166,81.202,16.396,23.298,20.254,-98.056,150.839,-51.921,104.443,-172.444,100.604,-74.752,134.332,-64.026,-57.78,130.461,-37.201,74.263,-114.13,232.067,13.022,313.895,-181.525,217.894,258.194,445.224,384.088,126.318,-56.945,-288.711,-23.742,-209.088,162.521,-88.407,50.037,-78.869,124.337,-58.433,222.465,-118.785,93.566,300.493,-296.748,-16.674,-156.886,240.474,-120.077,160.906,-88.325,162.713,0.139000000001,78.107,-83.105,-26.458,75.986,-21.815,61.237,-93.643,164.943,-47.73,118.4,-86.133,88.098,-28.099,3.466,5.484,-120.818,126.13,-35.52,83.863,-110.804,225.313,-11.67,323.733,-76.708,-15.108,230.514,352.05,476.268,164.323,17.37,-300.84,-41.952,-175.872,139.254,-110.61,39.233,-86.085,47.458,14.377,-7.254,374.176,81.306,-274.572,-167.504,50.006,-111.493,121.537,19.542,171.801
1012,-122.166,81.202,16.396,23.298,20.254,-98.056,150.839,-51.921,104.443,-172.444,100.604,-74.752,134.332,-64.026,-57.78,130.461,-37.201,74.263,-114.13,232.067,13.022,313.895,-181.525,217.894,258.194,445.224,384.088,126.318,-56.945,-288.711,-23.742,-209.088,162.521,-88.407,50.037,-78.869,124.337,-58.433,222.465,-118.785,93.566,300.493,-296.748,-16.674,-156.886,240.474,-120.077,160.906,-88.325,162.713,0.139000000001,78.107,-83.105,-26.458,75.986,-21.815,61.237,-93.643,164.943,-47.73,118.4,-86.133,88.098,-28.099,3.466,5.484,-120.818,126.13,-35.52,83.863,-110.804,225.313,-11.67,323.733,-76.708,-15.108,230.514,352.05,476.268,164.323,17.37,-300.84,-41.952,-175.872,139.254,-110.61,39.233,-86.085,47.458,14.377,-7.254,374.176,81.306,-274.572,-167.504,50.006,-111.493,121.537,19.542,171.801,-27.705
1013,81.202,16.396,23.298,20.254,-98.056,150.839,-51.921,104.443,-172.444,100.604,-74.752,134.332,-64.026,-57.78,130.461,-37.201,74.263,-114.13,232.067,13.022,313.895,-181.525,217.894,258.194,445.224,384.088,126.318,-56.945,-288.711,-23.742,-209.088,162.521,-88.407,50.037,-78.869,124.337,-58.433,222.465,-118.785,93.566,300.493,-296.748,-16.674,-156.886,240.474,-120.077,160.906,-88.325,162.713,0.139000000001,78.107,-83.105,-26.458,75.986,-21.815,61.237,-93.643,164.943,-47.73,118.4,-86.133,88.098,-28.099,3.466,5.484,-120.818,126.13,-35.52,83.863,-110.804,225.313,-11.67,323.733,-76.708,-15.108,230.514,352.05,476.268,164.323,17.37,-300.84,-41.952,-175.872,139.254,-110.61,39.233,-86.085,47.458,14.377,-7.254,374.176,81.306,-274.572,-167.504,50.006,-111.493,121.537,19.542,171.801,-27.705,30.385
1014,16.396,23.298,20.254,-98.056,150.839,-51.921,104.443,-172.444,100.604,-74.752,134.332,-64.026,-57.78,130.461,-37.201,74.263,-114.13,232.067,13.022,313.895,-181.525,217.894,258.194,445.224,384.088,126.318,-56.945,-288.711,-23.742,-209.088,162.521,-88.407,50.037,-78.869,124.337,-58.433,222.465,-118.785,93.566,300.493,-296.748,-16.674,-156.886,240.474,-120.077,160.906,-88.325,162.713,0.139000000001,78.107,-83.105,-26.458,75.986,-21.815,61.237,-93.643,164.943,-47.73,118.4,-86.133,88.098,-28.099,3.466,5.484,-120.818,126.13,-35.52,83.863,-110.804,225.313,-11.67,323.733,-76.708,-15.108,230.514,352.05,476.268,164.323,17.37,-300.84,-41.952,-175.872,139.254,-110.61,39.233,-86.085,47.458,14.377,-7.254,374.176,81.306,-274.572,-167.504,50.006,-111.493,121.537,19.542,171.801,-27.705,30.385,119.674
1015,23.298,20.254,-98.056,150.839,-51.921,104.443,-172.444,100.604,-74.752,134.332,-64.026,-57.78,130.461,-37.201,74.263,-114.13,232.067,13.022,313.895,-181.525,217.894,258.194,445.224,384.088,126.318,-56.945,-288.711,-23.742,-209.088,162.521,-88.407,50.037,-78.869,124.337,-58.433,222.465,-118.785,93.566,300.493,-296.748,-16.674,-156.886,240.474,-120.077,160.906,-88.325,162.713,0.139000000001,78.107,-83.105,-26.458,75.986,-21.815,61.237,-93.643,164.943,-47.73,118.4,-86.133,88.098,-28.099,3.466,5.484,-120.818,126.13,-35.52,83.863,-110.804,225.313,-11.67,323.733,-76.708,-15.108,230.514,352.05,476.268,164.323,17.37,-300.84,-41.952,-175.872,139.254,-110.61,39.233,-86.085,47.458,14.377,-7.254,374.176,81.306,-274.572,-167.504,50.006,-111.493,121.537,19.542,171.801,-27.705,30.385,119.674,-22.772
1016,20.254,-98.056,150.839,-51.921,104.443,-172.444,100.604,-74.752,134.332,-64.026,-57.78,130.461,-37.201,74.263,-114.13,232.067,13.022,313.895,-181.525,217.894,258.194,445.224,384.088,126.318,-56.945,-288.711,-23.742,-209.088,162.521,-88.407,50.037,-78.869,124.337,-58.433,222.465,-118.785,93.566,300.493,-296.748,-16.674,-156.886,240.474,-120.077,160.906,-88.325,162.713,0.139000000001,78.107,-83.105,-26.458,75.986,-21.815,61.237,-93.643,164.943,-47.73,118.4,-86.133,88.098,-28.099,3.466,5.484,-120.818,126.13,-35.52,83.863,-110.804,225.313,-11.67,323.733,-76.708,-15.108,230.514,352.05,476.268,164.323,17.37,-300.84,-41.952,-175.872,139.254,-110.61,39.233,-86.085,47.458,14.377,-7.254,374.176,81.306,-274.572,-167.504,50.006,-111.493,121.537,19.542,171.801,-27.705,30.385,119.674,-22.772,55.823
1017,-98.056,150.839,-51.921,104.443,-172.444,100.604,-74.752,134.332,-64.026,-57.78,130.461,-37.201,74.263,-114.13,232.067,13.022,313.895,-181.525,217.894,258.194,445.224,384.088,126.318,-56.945,-288.711,-23.742,-209.088,162.521,-88.407,50.037,-78.869,124.337,-58.433,222.465,-118.785,93.566,300.493,-296.748,-16.674,-156.886,240.474,-120.077,160.906,-88.325,162.713,0.139000000001,78.107,-83.105,-26.458,75.986,-21.815,61.237,-93.643,164.943,-47.73,118.4,-86.133,88.098,-28.099,3.466,5.484,-120.818,126.13,-35.52,83.863,-110.804,225.313,-11.67,323.733,-76.708,-15.108,230.514,352.05,476.268,164.323,17.37,-300.84,-41.952,-175.872,139.254,-110.61,39.233,-86.085,47.458,14.377,-7.254,374.176,81.306,-274.572,-167.504,50.006,-111.493,121.537,19.542,171.801,-27.705,30.385,119.674,-22.772,55.823,-100.079
1018,150.839,-51.921,104.443,-172.444,100.604,-74.752,134.332,-64.026,-57.78,130.461,-37.201,74.263,-114.13,232.067,13.022,313.895,-181.525,217.894,258.194,445.224,384.088,126.318,-56.945,-288.711,-23.742,-209.088,162.521,-88.407,50.037,-78.869,124.337,-58.433,222.465,-118.785,93.566,300.493,-296.748,-16.674,-156.886,240.474,-120.077,160.906,-88.325,162.713,0.139000000001,78.107,-83.105,-26.458,75.986,-21.815,61.237,-93.643,164.943,-47.73,118.4,-86.133,88.098,-28.099,3.466,5.484,-120.818,126.13,-35.52,83.863,-110.804,225.313,-11.67,323.733,-76.708,-15.108,230.514,352.05,476.268,164.323,17.37,-300.84,-41.952,-175.872,139.254,-110.61,39.233,-86.085,47.458,14.377,-7.254,374.176,81.306,-274.572,-167.504,50.006,-111.493,121.537,19.542,171.801,-27.705,30.385,119.674,-22.772,55.823,-100.079,152.587
1019,-51.921,104.443,-172.444,100.604,-74.752,134.332,-64.026,-57.78,130.461,-37.201,74.263,-114.13,232.067,13.022,313.895,-181.525,217.894,258.194,445.224,384.088,126.318,-56.945,-288.711,-23.742,-209.088,162.521,-88.407,50.037,-78.869,124.337,-58.433,222.465,-118.785,93.566,300.493,-296.748,-16.674,-156.886,240.474,-120.077,160.906,-88.325,162.713,0.139000000001,78.107,-83.105,-26.458,75.986,-21.815,61.237,-93.643,164.943,-47.73,118.4,-86.133,88.098,-28.099,3.466,5.484,-120.818,126.13,-35.52,83.863,-110.804,225.313,-11.67,323.733,-76.708,-15.108,230.514,352.05,476.268,164.323,17.37,-300.84,-41.952,-175.872,139.254,-110.61,39.233,-86.085,47.458,14.377,-7.254,374.176,81.306,-274.572,-167.504,50.006,-111.493,121.537,19.542,171.801,-27.705,30.385,119.674,-22.772,55.823,-100.079,152.587,-3.36
1020,104.443,-172.444,100.604,-74.752,134.332,-64.026,-57.78,130.461,-37.201,74.263,-114.13,232.067,13.022,313.895,-181.525,217.894,258.194,445.224,384.088,126.318,-56.945,-288.711,-23.742,-209.088,162.521,-88.407,50.037,-78.869,124.337,-58.433,222.465,-118.785,93.566,300.493,-296.748,-16.674,-156.886,240.474,-120.077,160.906,-88.325,162.713,0.139000000001,78.107,-83.105,-26.458,75.986,-21.815,61.237,-93.643,164.943,-47.73,118.4,-86.133,88.098,-28.099,3.466,5.484,-120.818,126.13,-35.52,83.863,-110.804,225.313,-11.67,323.733,-76.708,-15.108,230.514,352.05,476.268,164.323,17.37,-300.84,-41.952,-175.872,139.254,-110.61,39.233,-86.085,47.458,14.377,-7.254,374.176,81.306,-274.572,-167.504,50.006,-111.493,121.537,19.542,171.801,-27.705,30.385,119.674,-22.772,55.823,-100.079,152.587,-3.36,92.848
1021,-172.444,100.604,-74.752,134.332,-64.026,-57.78,130.461,-37.201,74.263,-114.13,232.067,13.022,313.895,-181.525,217.894,258.194,445.224,384.088,126.318,-56.945,-288.711,-23.742,-209.088,162.521,-88.407,50.037,-78.869,124.337,-58.433,222.465,-118.785,93.566,300.493,-296.748,-16.674,-156.886,240.474,-120.077,160.906,-88.325,162.713,0.139000000001,78.107,-83.105,-26.458,75.986,-21.815,61.237,-93.643,164.943,-47.73,118.4,-86.133,88.098,-28.099,3.466,5.484,-120.818,126.13,-35.52,83.863,-110.804,225.313,-11.67,323.733,-76.708,-15.108,230.514,352.05,476.268,164.323,17.37,-300.84,-41.952,-175.872,139.254,-110.61,39.233,-86.085,47.458,14.377,-7.254,374.176,81.306,-274.572,-167.504,50.006,-111.493,121.537,19.542,171.801,-27.705,30.385,119.674,-22.772,55.823,-100.079,152.587,-3.36,92.848,-93.393
1022,100.604,-74.752,134.332,-64.026,-57.78,130.461,-37.201,74.263,-114.13,232.067,13.022,313.895,-181.525,217.894,258.194,445.224,384.088,126.318,-56.945,-288.711,-23.742,-209.088,162.521,-88.407,50.037,-78.869,124.337,-58.433,222.465,-118.785,93.566,300.493,-296.748,-16.674,-156.886,240.474,-120.077,160.906,-88.325,162.713,0.139000000001,78.107,-83.105,-26.458,75.986,-21.815,61.237,-93.643,164.943,-47.73,118.4,-86.133,88.098,-28.099,3.466,5.484,-120.818,126.13,-35.52,83.863,-110.804,225.313,-11.67,323.733,-76.708,-15.108,230.514,352.05,476.268,164.323,17.37,-300.84,-41.952,-175.872,139.254,-110.61,39.233,-86.085,47.458,14.377,-7.254,374.176,81.306,-274.572,-167.504,50.006,-111.493,121.537,19.542,171.801,-27.705,30.385,119.674,-22.772,55.823,-100.079,152.587,-3.36,92.848,-93.393,127.465
1023,-74.752,134.332,-64.026,-57.78,130.461,-37.201,74.263,-114.13,232.067,13.022,313.895,-181.525,217.894,258.194,445.224,384.088,126.318,-56.945,-288.711,-23.742,-209.088,162.521,-88.407,50.037,-78.869,124.337,-58.433,222.465,-118.785,93.566,300.493,-296.748,-16.674,-156.886,240.474,-120.077,160.906,-88.325,162.713,0.139000000001,78.107,-83.105,-26.458,75.986,-21.815,61.237,-93.643,164.943,-47.73,118.4,-86.133,88.098,-28.099,3.466,5.484,-120.818,126.13,-35.52,83.863,-110.804,225.313,-11.67,323.733,-76.708,-15.108,230.514,352.05,476.268,164.323,17.37,-300.84,-41.952,-175.872,139.254,-110.61,39.233,-86.085,47.458,14.377,-7.254,374.176,81.306,-274.572,-167.504,50.006,-111.493,121.537,19.542,171.801,-27.705,30.385,119.674,-22.772,55.823,-100.079,152.587,-3.36,92.848,-93.393,127.465,-27.674
1024,134.332,-64.026,-57.78,130.461,-37.201,74.263,-114.13,232.067,13.022,313.895,-181.525,217.894,258.194,445.224,384.088,126.318,-56.945,-288.711,-23.742,-209.088,162.521,-88.407,50.037,-78.869,124.337,-58.433,222.465,-118.785,93.566,300.493,-296.748,-16.674,-156.886,240.474,-120.077,160.906,-88.325,162.713,0.139000000001,78.107,-83.105,-26.458,75.986,-21.815,61.237,-93.643,164.943,-47.73,118.4,-86.133,88.098,-28.099,3.466,5.484,-120.818,126.13,-35.52,83.863,-110.804,225.313,-11.67,323.733,-76.708,-15.108,230.514,352.05,476.268,164.323,17.37,-300.84,-41.952,-175.872,139.254,-110.61,39.233,-86.085,47.458,14.377,-7.254,374.176,81.306,-274.572,-167.504,50.006,-111.493,121.537,19.542,171.801,-27.705,30.385,119.674,-22.772,55.823,-100.079,152.587,-3.36,92.848,-93.393,127.465,-27.674,68.513
1025,-64.026,-57.78,130.461,-37.201,74.263,-114.13,232.067,13.022,313.895,-181.525,217.894,258.194,445.224,384.088,126.318,-56.945,-288.711,-23.742,-209.088,162.521,-88.407,50.037,-78.869,124.337,-58.433,222.465,-118.785,93.566,300.493,-296.748,-16.674,-156.886,240.474,-120.077,160.906,-88.325,162.713,0.139000000001,78.107,-83.105,-26.458,75.986,-21.815,61.237,-93.643,164.943,-47.73,118.4,-86.133,88.098,-28.099,3.466,5.484,-120.818,126.13,-35.52,83.863,-110.804,225.313,-11.67,323.733,-76.708,-15.108,230.514,352.05,476.268,164.323,17.37,-300.84,-41.952,-175.872,139.254,-110.61,39.233,-86.085,47.458,14.377,-7.254,374.176,81.306,-274.572,-167.504,50.006,-111.493,121.537,19.542,171.801,-27.705,30.385,119.674,-22.772,55.823,-100.079,152.587,-3.36,92.848,-93.393,127.465,-27.674,68.513,-64.001
1026,-57.78,130.461,-37.201,74.263,-114.13,232.067,13.022,313.895,-181.525,217.894,258.194,445.224,384.088,126.318,-56.945,-288.711,-23.742,-209.088,162.521,-88.407,50.037,-78.869,124.337,-58.433,222.465,-118.785,93.566,300.493,-296.748,-16.674,-156.886,240.474,-120.077,160.906,-88.325,162.713,0.139000000001,78.107,-83.105,-26.458,75.986,-21.815,61.237,-93.643,164.943,-47.73,118.4,-86.133,88.098,-28.099,3.466,5.484,-120.818,126.13,-35.52,83.863,-110.804,225.313,-11.67,323.733,-76.708,-15.108,230.514,352.05,476.268,164.323,17.37,-300.84,-41.952,-175.872,139.254,-110.61,39.233,-86.085,47.458,14.377,-7.254,374.176,81.306,-274.572,-167.504,50.006,-111.493,121.537,19.542,171.801,-27.705,30.385,119.674,-22.772,55.823,-100.079,152.587,-3.36,92.848,-93.393,127.465,-27.674,68.513,-64.001,-78.283
1027,130.461,-37.201,74.263,-114.13,232.067,13.022,313.895,-181.525,217.894,258.194,445.224,384.088,126.318,-56.945,-288.711,-23.742,-209.088,162.521,-88.407,50.037,-78.869,124.337,-58.433,222.465,-118.785,93.566,300.493,-296.748,-16.674,-156.886,240.474,-120.077,160.906,-88.325,162.713,0.139000000001,78.107,-83.105,-26.458,75.986,-21.815,61.237,-93.643,164.943,-47.73,118.4,-86.133,88.098,-28.099,3.466,5.484,-120.818,126.13,-35.52,83.863,-110.804,225.313,-11.67,323.733,-76.708,-15.108,230.514,352.05,476.268,164.323,17.37,-300.84,-41.952,-175.872,139.254,-110.61,39.233,-86.085,47.458,14.377,-7.254,374.176,81.306,-274.572,-167.504,50.006,-111.493,121.537,19.542,171.801,-27.705,30.385,119.674,-22.772,55.823,-100.079,152.587,-3.36,92.848,-93.393,127.465,-27.674,68.513,-64.001,-78.283,66.256
1028,-37.201,74.263,-114.13,232.067,13.022,313.895,-181.525,217.894,258.194,445.224,384.088,126.318,-56.945,-288.711,-23.742,-209.088,162.521,-88.407,50.037,-78.869,124.337,-58.433,222.465,-118.785,93.566,300.493,-296.748,-16.674,-156.886,240.474,-120.077,160.906,-88.325,162.713,0.139000000001,78.107,-83.105,-26.458,75.986,-21.815,61.237,-93.643,164.943,-47.73,118.4,-86.133,88.098,-28.099,3.466,5.484,-120.818,126.13,-35.52,83.863,-110.804,225.313,-11.67,323.733,-76.708,-15.108,230.514,352.05,476.268,164.323,17.37,-300.84,-41.952,-175.872,139.254,-110.61,39.233,-86.085,47.458,14.377,-7.254,374.176,81.306,-274.572,-167.504,50.006,-111.493,121.537,19.542,171.801,-27.705,30.385,119.674,-22.772,55.823,-100.079,152.587,-3.36,92.848,-93.393,127.465,-27.674,68.513,-64.001,-78.283,66.256,-47.514
1029,74.263,-114.13,232.067,13.022,313.895,-181.525,217.894,258.194,445.224,384.088,126.318,-56.945,-288.711,-23.742,-209.088,162.521,-88.407,50.037,-78.869,124.337,-58.433,222.465,-118.785,93.566,300.493,-296.748,-16.674,-156.886,240.474,-120.077,160.906,-88.325,162.713,0.139000000001,78.107,-83.105,-26.458,75.986,-21.815,61.237,-93.643,164.943,-47.73,118.4,-86.133,88.098,-28.099,3.466,5.484,-120.818,126.13,-35.52,83.863,-110.804,225.313,-11.67,323.733,-76.708,-15.108,230.514,352.05,476.268,164.323,17.37,-300.84,-41.952,-175.872,139.254,-110.61,39.233,-86.085,47.458,14.377,-7.254,374.176,81.306,-274.572,-167.504,50.006,-111.493,121.537,19.542,171.801,-27.705,30.385,119.674,-22.772,55.823,-100.079,152.587,-3.36,92.848,-93.393,127.465,-27.674,68.513,-64.001,-78.283,66.256,-47.514,168.669
1030,-114.13,232.067,13.022,313.895,-181.525,217.894,258.194,445.224,384.088,126.318,-56.945,-288.711,-23.742,-209.088,162.521,-88.407,50.037,-78.869,124.337,-58.433,222.465,-118.785,93.566,300.493,-296.748,-16.674,-156.886,240.474,-120.077,160.906,-88.325,162.713,0.139000000001,78.107,-83.105,-26.458,75.986,-21.815,61.237,-93.643,164.943,-47.73,118.4,-86.133,88.098,-28.099,3.466,5.484,-120.818,126.13,-35.52,83.863,-110.804,225.313,-11.67,323.733,-76.708,-15.108,230.514,352.05,476.268,164.323,17.37,-300.84,-41.952,-175.872,139.254,-110.61,39.233,-86.085,47.458,14.377,-7.254,374.176,81.306,-274.572,-167.504,50.006,-111.493,121.537,19.542,171.801,-27.705,30.385,119.674,-22.772,55.823,-100.079,152.587,-3.36,92.848,-93.393,127.465,-27.674,68.513,-64.001,-78.283,66.256,-47.514,168.669,-155.505
1031,232.067,13.022,313.895,-181.525,217.894,258.194,445.224,384.088,126.318,-56.945,-288.711,-23.742,-209.088,162.521,-88.407,50.037,-78.869,124.337,-58.433,222.465,-118.785,93.566,300.493,-296.748,-16.674,-156.886,240.474,-120.077,160.906,-88.325,162.713,0.139000000001,78.107,-83.105,-26.458,75.986,-21.815,61.237,-93.643,164.943,-47.73,118.4,-86.133,88.098,-28.099,3.466,5.484,-120.818,126.13,-35.52,83.863,-110.804,225.313,-11.67,323.733,-76.708,-15.108,230.514,352.05,476.268,164.323,17.37,-300.84,-41.952,-175.872,139.254,-110.61,39.233,-86.085,47.458,14.377,-7.254,374.176,81.306,-274.572,-167.504,50.006,-111.493,121.537,19.542,171.801,-27.705,30.385,119.674,-22.772,55.823,-100.079,152.587,-3.36,92.848,-93.393,127.465,-27.674,68.513,-64.001,-78.283,66.256,-47.514,168.669,-155.505,61.375
1032,13.022,313.895,-181.525,217.894,258.194,445.224,384.088,126.318,-56.945,-288.711,-23.742,-209.088,162.521,-88.407,50.037,-78.869,124.337,-58.433,222.465,-118.785,93.566,300.493,-296.748,-16.674,-156.886,240.474,-120.077,160.906,-88.325,162.713,0.139000000001,78.107,-83.105,-26.458,75.986,-21.815,61.237,-93.643,164.943,-47.73,118.4,-86.133,88.098,-28.099,3.466,5.484,-120.818,126.13,-35.52,83.863,-110.804,225.313,-11.67,323.733,-76.708,-15.108,230.514,352.05,476.268,164.323,17.37,-300.84,-41.952,-175.872,139.254,-110.61,39.233,-86.085,47.458,14.377,-7.254,374.176,81.306,-274.572,-167.504,50.006,-111.493,121.537,19.542,171.801,-27.705,30.385,119.674,-22.772,55.823,-100.079,152.587,-3.36,92.848,-93.393,127.465,-27.674,68.513,-64.001,-78.283,66.256,-47.514,168.669,-155.505,61.375,52.651
1033,313.895,-181.525,217.894,258.194,445.224,384.088,126.318,-56.945,-288.711,-23.742,-209.088,162.521,-88.407,50.037,-78.869,124.337,-58.433,222.465,-118.785,93.566,300.493,-296.748,-16.674,-156.886,240.474,-120.077,160.906,-88.325,162.713,0.139000000001,78.107,-83.105,-26.458,75.986,-21.815,61.237,-93.643,164.943,-47.73,118.4,-86.133,88.098,-28.099,3.466,5.484,-120.818,126.13,-35.52,83.863,-110.804,225.313,-11.67,323.733,-76.708,-15.108,230.514,352.05,476.268,164.323,17.37,-300.84,-41.952,-175.872,139.254,-110.61,39.233,-86.085,47.458,14.377,-7.254,374.176,81.306,-274.572,-167.504,50.006,-111.493,121.537,19.542,171.801,-27.705,30.385,119.674,-22.772,55.823,-100.079,152.587,-3.36,92.848,-93.393,127.465,-27.674,68.513,-64.001,-78.283,66.256,-47.514,168.669,-155.505,61.375,52.651,26.673
1034,-181.525,217.894,258.194,445.224,384.088,126.318,-56.945,-288.711,-23.742,-209.088,162.521,-88.407,50.037,-78.869,124.337,-58.433,222.465,-118.785,93.566,300.493,-296.748,-16.674,-156.886,240.474,-120.077,160.906,-88.325,162.713,0.139000000001,78.107,-83.105,-26.458,75.986,-21.815,61.237,-93.643,164.943,-47.73,118.4,-86.133,88.098,-28.099,3.466,5.484,-120.818,126.13,-35.52,83.863,-110.804,225.313,-11.67,323.733,-76.708,-15.108,230.514,352.05,476.268,164.323,17.37,-300.84,-41.952,-175.872,139.254,-110.61,39.233,-86.085,47.458,14.377,-7.254,374.176,81.306,-274.572,-167.504,50.006,-111.493,121.537,19.542,171.801,-27.705,30.385,119.674,-22.772,55.823,-100.079,152.587,-3.36,92.848,-93.393,127.465,-27.674,68.513,-64.001,-78.283,66.256,-47.514,168.669,-155.505,61.375,52.651,26.673,-67.287
1035,217.894,258.194,445.224,384.088,126.318,-56.945,-288.711,-23.742,-209.088,162.521,-88.407,50.037,-78.869,124.337,-58.433,222.465,-118.785,93.566,300.493,-296.748,-16.674,-156.886,240.474,-120.077,160.906,-88.325,162.713,0.139000000001,78.107,-83.105,-26.458,75.986,-21.815,61.237,-93.643,164.943,-47.73,118.4,-86.133,88.098,-28.099,3.466,5.484,-120.818,126.13,-35.52,83.863,-110.804,225.313,-11.67,323.733,-76.708,-15.108,230.514,352.05,476.268,164.323,17.37,-300.84,-41.952,-175.872,139.254,-110.61,39.233,-86.085,47.458,14.377,-7.254,374.176,81.306,-274.572,-167.504,50.006,-111.493,121.537,19.542,171.801,-27.705,30.385,119.674,-22.772,55.823,-100.079,152.587,-3.36,92.848,-93.393,127.465,-27.674,68.513,-64.001,-78.283,66.256,-47.514,168.669,-155.505,61.375,52.651,26.673,-67.287,92.794
1036,258.194,445.224,384.088,126.318,-56.945,-288.711,-23.742,-209.088,162.521,-88.407,50.037,-78.869,124.337,-58.433,222.465,-118.785,93.566,300.493,-296.748,-16.674,-156.886,240.474,-120.077,160.906,-88.325,162.713,0.139000000001,78.107,-83.105,-26.458,75.986,-21.815,61.237,-93.643,164.943,-47.73,118.4,-86.133,88.098,-28.099,3.466,5.484,-120.818,126.13,-35.52,83.863,-110.804,225.313,-11.67,323.733,-76.708,-15.108,230.514,352.05,476.268,164.323,17.37,-300.84,-41.952,-175.872,139.254,-110.61,39.233,-86.085,47.458,14.377,-7.254,374.176,81.306,-274.572,-167.504,50.006,-111.493,121.537,19.542,171.801,-27.705,30.385,119.674,-22.772,55.823,-100.079,152.587,-3.36,92.848,-93.393,127.465,-27.674,68.513,-64.001,-78.283,66.256,-47.514,168.669,-155.505,61.375,52.651,26.673,-67.287,92.794,146.472
1037,445.224,384.088,126.318,-56.945,-288.711,-23.742,-209.088,162.521,-88.407,50.037,-78.869,124.337,-58.433,222.465,-118.785,93.566,300.493,-296.748,-16.674,-156.886,240.474,-120.077,160.906,-88.325,162.713,0.139000000001,78.107,-83.105,-26.458,75.986,-21.815,61.237,-93.643,164.943,-47.73,118.4,-86.133,88.098,-28.099,3.466,5.484,-120.818,126.13,-35.52,83.863,-110.804,225.313,-11.67,323.733,-76.708,-15.108,230.514,352.05,476.268,164.323,17.37,-300.84,-41.952,-175.872,139.254,-110.61,39.233,-86.085,47.458,14.377,-7.254,374.176,81.306,-274.572,-167.504,50.006,-111.493,121.537,19.542,171.801,-27.705,30.385,119.674,-22.772,55.823,-100.079,152.587,-3.36,92.848,-93.393,127.465,-27.674,68.513,-64.001,-78.283,66.256,-47.514,168.669,-155.505,61.375,52.651,26.673,-67.287,92.794,146.472,11.104
1038,384.088,126.318,-56.945,-288.711,-23.742,-209.088,162.521,-88.407,50.037,-78.869,124.337,-58.433,222.465,-118.785,93.566,300.493,-296.748,-16.674,-156.886,240.474,-120.077,160.906,-88.325,162.713,0.139000000001,78.107,-83.105,-26.458,75.986,-21.815,61.237,-93.643,164.943,-47.73,118.4,-86.133,88.098,-28.099,3.466,5.484,-120.818,126.13,-35.52,83.863,-110.804,225.313,-11.67,323.733,-76.708,-15.108,230.514,352.05,476.268,164.323,17.37,-300.84,-41.952,-175.872,139.254,-110.61,39.233,-86.085,47.458,14.377,-7.254,374.176,81.306,-274.572,-167.504,50.006,-111.493,121.537,19.542,171.801,-27.705,30.385,119.674,-22.772,55.823,-100.079,152.587,-3.36,92.848,-93.393,127.465,-27.674,68.513,-64.001,-78.283,66.256,-47.514,168.669,-155.505,61.375,52.651,26.673,-67.287,92.794,146.472,11.104,343.023
1039,126.318,-56.945,-288.711,-23.742,-209.088,162.521,-88.407,50.037,-78.869,124.337,-58.433,222.465,-118.785,93.566,300.493,-296.748,-16.674,-156.886,240.474,-120.077,160.906,-88.325,162.713,0.139000000001,78.107,-83.105,-26.458,75.986,-21.815,61.237,-93.643,164.943,-47.73,118.4,-86.133,88.098,-28.099,3.466,5.484,-120.818,126.13,-35.52,83.863,-110.804,225.313,-11.67,323.733,-76.708,-15.108,230.514,352.05,476.268,164.323,17.37,-300.84,-41.952,-175.872,139.254,-110.61,39.233,-86.085,47.458,14.377,-7.254,374.176,81.306,-274.572,-167.504,50.006,-111.493,121.537,19.542,171.801,-27.705,30.385,119.674,-22.772,55.823,-100.079,152.587,-3.36,92.848,-93.393,127.465,-27.674,68.513,-64.001,-78.283,66.256,-47.514,168.669,-155.505,61.375,52.651,26.673,-67.287,92.794,146.472,11.104,343.023,-132.241
1040,-56.945,-288.711,-23.742,-209.088,162.521,-88.407,50.037,-78.869,124.337,-58.433,222.465,-118.785,93.566,300.493,-296.748,-16.674,-156.886,240.474,-120.077,160.906,-88.325,162.713,0.139000000001,78.107,-83.105,-26.458,75.986,-21.815,61.237,-93.643,164.943,-47.73,118.4,-86.133,88.098,-28.099,3.466,5.484,-120.818,126.13,-35.52,83.863,-110.804,225.313,-11.67,323.733,-76.708,-15.108,230.514,352.05,476.268,164.323,17.37,-300.84,-41.952,-175.872,139.254,-110.61,39.233,-86.085,47.458,14.377,-7.254,374.176,81.306,-274.572,-167.504,50.006,-111.493,121.537,19.542,171.801,-27.705,30.385,119.674,-22.772,55.823,-100.079,152.587,-3.36,92.848,-93.393,127.465,-27.674,68.513,-64.001,-78.283,66.256,-47.514,168.669,-155.505,61.375,52.651,26.673,-67.287,92.794,146.472,11.104,343.023,-132.241,264.783
1041,-288.711,-23.742,-209.088,162.521,-88.407,50.037,-78.869,124.337,-58.433,222.465,-118.785,93.566,300.493,-296.748,-16.674,-156.886,240.474,-120.077,160.906,-88.325,162.713,0.139000000001,78.107,-83.105,-26.458,75.986,-21.815,61.237,-93.643,164.943,-47.73,118.4,-86.133,88.098,-28.099,3.466,5.484,-120.818,126.13,-35.52,83.863,-110.804,225.313,-11.67,323.733,-76.708,-15.108,230.514,352.05,476.268,164.323,17.37,-300.84,-41.952,-175.872,139.254,-110.61,39.233,-86.085,47.458,14.377,-7.254,374.176,81.306,-274.572,-167.504,50.006,-111.493,121.537,19.542,171.801,-27.705,30.385,119.674,-22.772,55.823,-100.079,152.587,-3.36,92.848,-93.393,127.465,-27.674,68.513,-64.001,-78.283,66.256,-47.514,168.669,-155.505,61.375,52.651,26.673,-67.287,92.794,146.472,11.104,343.023,-132.241,264.783,249.246
1042,-23.742,-209.088,162.521,-88.407,50.037,-78.869,124.337,-58.433,222.465,-118.785,93.566,300.493,-296.748,-16.674,-156.886,240.474,-120.077,160.906,-88.325,162.713,0.139000000001,78.107,-83.105,-26.458,75.986,-21.815,61.237,-93.643,164.943,-47.73,118.4,-86.133,88.098,-28.099,3.466,5.484,-120.818,126.13,-35.52,83.863,-110.804,225.313,-11.67,323.733,-76.708,-15.108,230.514,352.05,476.268,164.323,17.37,-300.84,-41.952,-175.872,139.254,-110.61,39.233,-86.085,47.458,14.377,-7.254,374.176,81.306,-274.572,-167.504,50.006,-111.493,121.537,19.542,171.801,-27.705,30.385,119.674,-22.772,55.823,-100.079,152.587,-3.36,92.848,-93.393,127.465,-27.674,68.513,-64.001,-78.283,66.256,-47.514,168.669,-155.505,61.375,52.651,26.673,-67.287,92.794,146.472,11.104,343.023,-132.241,264.783,249.246,409.048
1043,-209.088,162.521,-88.407,50.037,-78.869,124.337,-58.433,222.465,-118.785,93.566,300.493,-296.748,-16.674,-156.886,240.474,-120.077,160.906,-88.325,162.713,0.139000000001,78.107,-83.105,-26.458,75.986,-21.815,61.237,-93.643,164.943,-47.73,118.4,-86.133,88.098,-28.099,3.466,5.484,-120.818,126.13,-35.52,83.863,-110.804,225.313,-11.67,323.733,-76.708,-15.108,230.514,352.05,476.268,164.323,17.37,-300.84,-41.952,-175.872,139.254,-110.61,39.233,-86.085,47.458,14.377,-7.254,374.176,81.306,-274.572,-167.504,50.006,-111.493,121.537,19.542,171.801,-27.705,30.385,119.674,-22.772,55.823,-100.079,152.587,-3.36,92.848,-93.393,127.465,-27.674,68.513,-64.001,-78.283,66.256,-47.514,168.669,-155.505,61.375,52.651,26.673,-67.287,92.794,146.472,11.104,343.023,-132.241,264.783,249.246,409.048,324.741
1044,162.521,-88.407,50.037,-78.869,124.337,-58.433,222.465,-118.785,93.566,300.493,-296.748,-16.674,-156.886,240.474,-120.077,160.906,-88.325,162.713,0.139000000001,78.107,-83.105,-26.458,75.986,-21.815,61.237,-93.643,164.943,-47.73,118.4,-86.133,88.098,-28.099,3.466,5.484,-120.818,126.13,-35.52,83.863,-110.804,225.313,-11.67,323.733,-76.708,-15.108,230.514,352.05,476.268,164.323,17.37,-300.84,-41.952,-175.872,139.254,-110.61,39.233,-86.085,47.458,14.377,-7.254,374.176,81.306,-274.572,-167.504,50.006,-111.493,121.537,19.542,171.801,-27.705,30.385,119.674,-22.772,55.823,-100.079,152.587,-3.36,92.848,-93.393,127.465,-27.674,68.513,-64.001,-78.283,66.256,-47.514,168.669,-155.505,61.375,52.651,26.673,-67.287,92.794,146.472,11.104,343.023,-132.241,264.783,249.246,409.048,324.741,-40.992
1045,-88.407,50.037,-78.869,124.337,-58.433,222.465,-118.785,93.566,300.493,-296.748,-16.674,-156.886,240.474,-120.077,160.906,-88.325,162.713,0.139000000001,78.107,-83.105,-26.458,75.986,-21.815,61.237,-93.643,164.943,-47.73,118.4,-86.133,88.098,-28.099,3.466,5.484,-120.818,126.13,-35.52,83.863,-110.804,225.313,-11.67,323.733,-76.708,-15.108,230.514,352.05,476.268,164.323,17.37,-300.84,-41.952,-175.872,139.254,-110.61,39.233,-86.085,47.458,14.377,-7.254,374.176,81.306,-274.572,-167.504,50.006,-111.493,121.537,19.542,171.801,-27.705,30.385,119.674,-22.772,55.823,-100.079,152.587,-3.36,92.848,-93.393,127.465,-27.674,68.513,-64.001,-78.283,66.256,-47.514,168.669,-155.505,61.375,52.651,26.673,-67.287,92.794,146.472,11.104,343.023,-132.241,264.783,249.246,409.048,324.741,-40.992,-113.872
1046,50.037,-78.869,124.337,-58.433,222.465,-118.785,93.566,300.493,-296.748,-16.674,-156.886,240.474,-120.077,160.906,-88.325,162.713,0.139000000001,78.107,-83.105,-26.458,75.986,-21.815,61.237,-93.643,164.943,-47.73,118.4,-86.133,88.098,-28.099,3.466,5.484,-120.818,126.13,-35.52,83.863,-110.804,225.313,-11.67,323.733,-76.708,-15.108,230.514,352.05,476.268,164.323,17.37,-300.84,-41.952,-175.872,139.254,-110.61,39.233,-86.085,47.458,14.377,-7.254,374.176,81.306,-274.572,-167.504,50.006,-111.493,121.537,19.542,171.801,-27.705,30.385,119.674,-22.772,55.823,-100.079,152.587,-3.36,92.848,-93.393,127.465,-27.674,68.513,-64.001,-78.283,66.256,-47.514,168.669,-155.505,61.375,52.651,26.673,-67.287,92.794,146.472,11.104,343.023,-132.241,264.783,249.246,409.048,324.741,-40.992,-113.872,-50.863
1047,-78.869,124.337,-58.433,222.465,-118.785,93.566,300.493,-296.748,-16.674,-156.886,240.474,-120.077,160.906,-88.325,162.713,0.139000000001,78.107,-83.105,-26.458,75.986,-21.815,61.237,-93.643,164.943,-47.73,118.4,-86.133,88.098,-28.099,3.466,5.484,-120.818,126.13,-35.52,83.863,-110.804,225.313,-11.67,323.733,-76.708,-15.108,230.514,352.05,476.268,164.323,17.37,-300.84,-41.952,-175.872,139.254,-110.61,39.233,-86.085,47.458,14.377,-7.254,374.176,81.306,-274.572,-167.504,50.006,-111.493,121.537,19.542,171.801,-27.705,30.385,119.674,-22.772,55.823,-100.079,152.587,-3.36,92.848,-93.393,127.465,-27.674,68.513,-64.001,-78.283,66.256,-47.514,168.669,-155.505,61.375,52.651,26.673,-67.287,92.794,146.472,11.104,343.023,-132.241,264.783,249.246,409.048,324.741,-40.992,-113.872,-50.863,-142.342
1048,124.337,-58.433,222.465,-118.785,93.566,300.493,-296.748,-16.674,-156.886,240.474,-120.077,160.906,-88.325,162.713,0.139000000001,78.107,-83.105,-26.458,75.986,-21.815,61.237,-93.643,164.943,-47.73,118.4,-86.133,88.098,-28.099,3.466,5.484,-120.818,126.13,-35.52,83.863,-110.804,225.313,-11.67,323.733,-76.708,-15.108,230.514,352.05,476.268,164.323,17.37,-300.84,-41.952,-175.872,139.254,-110.61,39.233,-86.085,47.458,14.377,-7.254,374.176,81.306,-274.572,-167.504,50.006,-111.493,121.537,19.542,171.801,-27.705,30.385,119.674,-22.772,55.823,-100.079,152.587,-3.36,92.848,-93.393,127.465,-27.674,68.513,-64.001,-78.283,66.256,-47.514,168.669,-155.505,61.375,52.651,26.673,-67.287,92.794,146.472,11.104,343.023,-132.241,264.783,249.246,409.048,324.741,-40.992,-113.872,-50.863,-142.342,-57.497
1049,-58.433,222.465,-118.785,93.566,300.493,-296.748,-16.674,-156.886,240.474,-120.077,160.906,-88.325,162.713,0.139000000001,78.107,-83.105,-26.458,75.986,-21.815,61.237,-93.643,164.943,-47.73,118.4,-86.133,88.098,-28.099,3.466,5.484,-120.818,126.13,-35.52,83.863,-110.804,225.313,-11.67,323.733,-76.708,-15.108,230.514,352.05,476.268,164.323,17.37,-300.84,-41.952,-175.872,139.254,-110.61,39.233,-86.085,47.458,14.377,-7.254,374.176,81.306,-274.572,-167.504,50.006,-111.493,121.537,19.542,171.801,-27.705,30.385,119.674,-22.772,55.823,-100.079,152.587,-3.36,92.848,-93.393,127.465,-27.674,68.513,-64.001,-78.283,66.256,-47.514,168.669,-155.505,61.375,52.651,26.673,-67.287,92.794,146.472,11.104,343.023,-132.241,264.783,249.246,409.048,324.741,-40.992,-113.872,-50.863,-142.342,-57.497,151.486
1050,222.465,-118.785,93.566,300.493,-296.748,-16.674,-156.886,240.474,-120.077,160.906,-88.325,162.713,0.139000000001,78.107,-83.105,-26.458,75.986,-21.815,61.237,-93.643,164.943,-47.73,118.4,-86.133,88.098,-28.099,3.466,5.484,-120.818,126.13,-35.52,83.863,-110.804,225.313,-11.67,323.733,-76.708,-15.108,230.514,352.05,476.268,164.323,17.37,-300.84,-41.952,-175.872,139.254,-110.61,39.233,-86.085,47.458,14.377,-7.254,374.176,81.306,-274.572,-167.504,50.006,-111.493,121.537,19.542,171.801,-27.705,30.385,119.674,-22.772,55.823,-100.079,152.587,-3.36,92.848,-93.393,127.465,-27.674,68.513,-64.001,-78.283,66.256,-47.514,168.669,-155.505,61.375,52.651,26.673,-67.287,92.794,146.472,11.104,343.023,-132.241,264.783,249.246,409.048,324.741,-40.992,-113.872,-50.863,-142.342,-57.497,151.486,-128.355
1051,-118.785,93.566,300.493,-296.748,-16.674,-156.886,240.474,-120.077,160.906,-88.325,162.713,0.139000000001,78.107,-83.105,-26.458,75.986,-21.815,61.237,-93.643,164.943,-47.73,118.4,-86.133,88.098,-28.099,3.466,5.484,-120.818,126.13,-35.52,83.863,-110.804,225.313,-11.67,323.733,-76.708,-15.108,230.514,352.05,476.268,164.323,17.37,-300.84,-41.952,-175.872,139.254,-110.61,39.233,-86.085,47.458,14.377,-7.254,374.176,81.306,-274.572,-167.504,50.006,-111.493,121.537,19.542,171.801,-27.705,30.385,119.674,-22.772,55.823,-100.079,152.587,-3.36,92.848,-93.393,127.465,-27.674,68.513,-64.001,-78.283,66.256,-47.514,168.669,-155.505,61.375,52.651,26.673,-67.287,92.794,146.472,11.104,343.023,-132.241,264.783,249.246,409.048,324.741,-40.992,-113.872,-50.863,-142.342,-57.497,151.486,-128.355,-47.12
1052,93.566,300.493,-296.748,-16.674,-156.886,240.474,-120.077,160.906,-88.325,162.713,0.139000000001,78.107,-83.105,-26.458,75.986,-21.815,61.237,-93.643,164.943,-47.73,118.4,-86.133,88.098,-28.099,3.466,5.484,-120.818,126.13,-35.52,83.863,-110.804,225.313,-11.67,323.733,-76.708,-15.108,230.514,352.05,476.268,164.323,17.37,-300.84,-41.952,-175.872,139.254,-110.61,39.233,-86.085,47.458,14.377,-7.254,374.176,81.306,-274.572,-167.504,50.006,-111.493,121.537,19.542,171.801,-27.705,30.385,119.674,-22.772,55.823,-100.079,152.587,-3.36,92.848,-93.393,127.465,-27.674,68.513,-64.001,-78.283,66.256,-47.514,168.669,-155.505,61.375,52.651,26.673,-67.287,92.794,146.472,11.104,343.023,-132.241,264.783,249.246,409.048,324.741,-40.992,-113.872,-50.863,-142.342,-57.497,151.486,-128.355,-47.12,-118.674
1053,300.493,-296.748,-16.674,-156.886,240.474,-120.077,160.906,-88.325,162.713,0.139000000001,78.107,-83.105,-26.458,75.986,-21.815,61.237,-93.643,164.943,-47.73,118.4,-86.133,88.098,-28.099,3.466,5.484,-120.818,126.13,-35.52,83.863,-110.804,225.313,-11.67,323.733,-76.708,-15.108,230.514,352.05,476.268,164.323,17.37,-300.84,-41.952,-175.872,139.254,-110.61,39.233,-86.085,47.458,14.377,-7.254,374.176,81.306,-274.572,-167.504,50.006,-111.493,121.537,19.542,171.801,-27.705,30.385,119.674,-22.772,55.823,-100.079,152.587,-3.36,92.848,-93.393,127.465,-27.674,68.513,-64.001,-78.283,66.256,-47.514,168.669,-155.505,61.375,52.651,26.673,-67.287,92.794,146.472,11.104,343.023,-132.241,264.783,249.246,409.048,324.741,-40.992,-113.872,-50.863,-142.342,-57.497,151.486,-128.355,-47.12,-118.674,67.782
