target_index,t-100,t-99,t-98,t-97,t-96,t-95,t-94,t-93,t-92,t-91,t-90,t-89,t-88,t-87,t-86,t-85,t-84,t-83,t-82,t-81,t-80,t-79,t-78,t-77,t-76,t-75,t-74,t-73,t-72,t-71,t-70,t-69,t-68,t-67,t-66,t-65,t-64,t-63,t-62,t-61,t-60,t-59,t-58,t-57,t-56,t-55,t-54,t-53,t-52,t-51,t-50,t-49,t-48,t-47,t-46,t-45,t-44,t-43,t-42,t-41,t-40,t-39,t-38,t-37,t-36,t-35,t-34,t-33,t-32,t-31,t-30,t-29,t-28,t-27,t-26,t-25,t-24,t-23,t-22,t-21,t-20,t-19,t-18,t-17,t-16,t-15,t-14,t-13,t-12,t-11,t-10,t-9,t-8,t-7,t-6,t-5,t-4,t-3,t-2,t-1,target
101,0,0,0,0,0,0,0,0,0,0,0,0,0,0,0,0,0,0,0,0,0,0,0,0,0,0,-4,-6,0,0,0,0,0,0,0,0,0,0,0,0,0,0,0,0,8,1,0,0,0,0,0,0,0,0,0,0,0,0,0,0,0,0,0,0,3,8,0,0,0,0,0,0,0,0,0,0,0,0,0,0,0,0,0,-21,-9,-4,0,0,0,0,0,0,0,0,0,13,2,0,0,0,0
102,0,0,0,0,0,0,0,0,0,0,0,0,0,0,0,0,0,0,0,0,0,0,0,0,0,-4,-6,0,0,0,0,0,0,0,0,0,0,0,0,0,0,0,0,8,1,0,0,0,0,0,0,0,0,0,0,0,0,0,0,0,0,0,0,3,8,0,0,0,0,0,0,0,0,0,0,0,0,0,0,0,0,0,-21,-9,-4,0,0,0,0,0,0,0,0,0,13,2,0,0,0,0,0
103,0,0,0,0,0,0,0,0,0,0,0,0,0,0,0,0,0,0,0,0,0,0,0,0,-4,-6,0,0,0,0,0,0,0,0,0,0,0,0,0,0,0,0,8,1,0,0,0,0,0,0,0,0,0,0,0,0,0,0,0,0,0,0,3,8,0,0,0,0,0,0,0,0,0,0,0,0,0,0,0,0,0,-21,-9,-4,0,0,0,0,0,0,0,0,0,13,2,0,0,0,0,0,0
104,0,0,0,0,0,0,0,0,0,0,0,0,0,0,0,0,0,0,0,0,0,0,0,-4,-6,0,0,0,0,0,0,0,0,0,0,0,0,0,0,0,0,8,1,0,0,0,0,0,0,0,0,0,0,0,0,0,0,0,0,0,0,3,8,0,0,0,0,0,0,0,0,0,0,0,0,0,0,0,0,0,-21,-9,-4,0,0,0,0,0,0,0,0,0,13,2,0,0,0,0,0,0,0
105,0,0,0,0,0,0,0,0,0,0,0,0,0,0,0,0,0,0,0,0,0,0,-4,-6,0,0,0,0,0,0,0,0,0,0,0,0,0,0,0,0,8,1,0,0,0,0,0,0,0,0,0,0,0,0,0,0,0,0,0,0,3,8,0,0,0,0,0,0,0,0,0,0,0,0,0,0,0,0,0,-21,-9,-4,0,0,0,0,0,0,0,0,0,13,2,0,0,0,0,0,0,0,0
106,0,0,0,0,0,0,0,0,0,0,0,0,0,0,0,0,0,0,0,0,0,-4,-6,0,0,0,0,0,0,0,0,0,0,0,0,0,0,0,0,8,1,0,0,0,0,0,0,0,0,0,0,0,0,0,0,0,0,0,0,3,8,0,0,0,0,0,0,0,0,0,0,0,0,0,0,0,0,0,-21,-9,-4,0,0,0,0,0,0,0,0,0,13,2,0,0,0,0,0,0,0,0,0
107,0,0,0,0,0,0,0,0,0,0,0,0,0,0,0,0,0,0,0,0,-4,-6,0,0,0,0,0,0,0,0,0,0,0,0,0,0,0,0,8,1,0,0,0,0,0,0,0,0,0,0,0,0,0,0,0,0,0,0,3,8,0,0,0,0,0,0,0,0,0,0,0,0,0,0,0,0,0,-21,-9,-4,0,0,0,0,0,0,0,0,0,13,2,0,0,0,0,0,0,0,0,0,0
108,0,0,0,0,0,0,0,0,0,0,0,0,0,0,0,0,0,0,0,-4,-6,0,0,0,0,0,0,0,0,0,0,0,0,0,0,0,0,8,1,0,0,0,0,0,0,0,0,0,0,0,0,0,0,0,0,0,0,3,8,0,0,0,0,0,0,0,0,0,0,0,0,0,0,0,0,0,-21,-9,-4,0,0,0,0,0,0,0,0,0,13,2,0,0,0,0,0,0,0,0,0,0,0
109,0,0,0,0,0,0,0,0,0,0,0,0,0,0,0,0,0,0,-4,-6,0,0,0,0,0,0,0,0,0,0,0,0,0,0,0,0,8,1,0,0,0,0,0,0,0,0,0,0,0,0,0,0,0,0,0,0,3,8,0,0,0,0,0,0,0,0,0,0,0,0,0,0,0,0,0,-21,-9,-4,0,0,0,0,0,0,0,0,0,13,2,0,0,0,0,0,0,0,0,0,0,0,0
110,0,0,0,0,0,0,0,0,0,0,0,0,0,0,0,0,0,-4,-6,0,0,0,0,0,0,0,0,0,0,0,0,0,0,0,0,8,1,0,0,0,0,0,0,0,0,0,0,0,0,0,0,0,0,0,0,3,8,0,0,0,0,0,0,0,0,0,0,0,0,0,0,0,0,0,-21,-9,-4,0,0,0,0,0,0,0,0,0,13,2,0,0,0,0,0,0,0,0,0,0,0,0,0
111,0,0,0,0,0,0,0,0,0,0,0,0,0,0,0,0,-4,-6,0,0,0,0,0,0,0,0,0,0,0,0,0,0,0,0,8,1,0,0,0,0,0,0,0,0,0,0,0,0,0,0,0,0,0,0,3,8,0,0,0,0,0,0,0,0,0,0,0,0,0,0,0,0,0,-21,-9,-4,0,0,0,0,0,0,0,0,0,13,2,0,0,0,0,0,0,0,0,0,0,0,0,0,0
112,0,0,0,0,0,0,0,0,0,0,0,0,0,0,0,-4,-6,0,0,0,0,0,0,0,0,0,0,0,0,0,0,0,0,8,1,0,0,0,0,0,0,0,0,0,0,0,0,0,0,0,0,0,0,3,8,0,0,0,0,0,0,0,0,0,0,0,0,0,0,0,0,0,-21,-9,-4,0,0,0,0,0,0,0,0,0,13,2,0,0,0,0,0,0,0,0,0,0,0,0,0,0,0
113,0,0,0,0,0,0,0,0,0,0,0,0,0,0,-4,-6,0,0,0,0,0,0,0,0,0,0,0,0,0,0,0,0,8,1,0,0,0,0,0,0,0,0,0,0,0,0,0,0,0,0,0,0,3,8,0,0,0,0,0,0,0,0,0,0,0,0,0,0,0,0,0,-21,-9,-4,0,0,0,0,0,0,0,0,0,13,2,0,0,0,0,0,0,0,0,0,0,0,0,0,0,0,0
114,0,0,0,0,0,0,0,0,0,0,0,0,0,-4,-6,0,0,0,0,0,0,0,0,0,0,0,0,0,0,0,0,8,1,0,0,0,0,0,0,0,0,0,0,0,0,0,0,0,0,0,0,3,8,0,0,0,0,0,0,0,0,0,0,0,0,0,0,0,0,0,-21,-9,-4,0,0,0,0,0,0,0,0,0,13,2,0,0,0,0,0,0,0,0,0,0,0,0,0,0,0,0,0
115,0,0,0,0,0,0,0,0,0,0,0,0,-4,-6,0,0,0,0,0,0,0,0,0,0,0,0,0,0,0,0,8,1,0,0,0,0,0,0,0,0,0,0,0,0,0,0,0,0,0,0,3,8,0,0,0,0,0,0,0,0,0,0,0,0,0,0,0,0,0,-21,-9,-4,0,0,0,0,0,0,0,0,0,13,2,0,0,0,0,0,0,0,0,0,0,0,0,0,0,0,0,0,0
116,0,0,0,0,0,0,0,0,0,0,0,-4,-6,0,0,0,0,0,0,0,0,0,0,0,0,0,0,0,0,8,1,0,0,0,0,0,0,0,0,0,0,0,0,0,0,0,0,0,0,3,8,0,0,0,0,0,0,0,0,0,0,0,0,0,0,0,0,0,-21,-9,-4,0,0,0,0,0,0,0,0,0,13,2,0,0,0,0,0,0,0,0,0,0,0,0,0,0,0,0,0,0,0
117,0,0,0,0,0,0,0,0,0,0,-4,-6,0,0,0,0,0,0,0,0,0,0,0,0,0,0,0,0,8,1,0,0,0,0,0,0,0,0,0,0,0,0,0,0,0,0,0,0,3,8,0,0,0,0,0,0,0,0,0,0,0,0,0,0,0,0,0,-21,-9,-4,0,0,0,0,0,0,0,0,0,13,2,0,0,0,0,0,0,0,0,0,0,0,0,0,0,0,0,0,0,0,0
118,0,0,0,0,0,0,0,0,0,-4,-6,0,0,0,0,0,0,0,0,0,0,0,0,0,0,0,0,8,1,0,0,0,0,0,0,0,0,0,0,0,0,0,0,0,0,0,0,3,8,0,0,0,0,0,0,0,0,0,0,0,0,0,0,0,0,0,-21,-9,-4,0,0,0,0,0,0,0,0,0,13,2,0,0,0,0,0,0,0,0,0,0,0,0,0,0,0,0,0,0,0,0,0
119,0,0,0,0,0,0,0,0,-4,-6,0,0,0,0,0,0,0,0,0,0,0,0,0,0,0,0,8,1,0,0,0,0,0,0,0,0,0,0,0,0,0,0,0,0,0,0,3,8,0,0,0,0,0,0,0,0,0,0,0,0,0,0,0,0,0,-21,-9,-4,0,0,0,0,0,0,0,0,0,13,2,0,0,0,0,0,0,0,0,0,0,0,0,0,0,0,0,0,0,0,0,0,0
120,0,0,0,0,0,0,0,-4,-6,0,0,0,0,0,0,0,0,0,0,0,0,0,0,0,0,8,1,0,0,0,0,0,0,0,0,0,0,0,0,0,0,0,0,0,0,3,8,0,0,0,0,0,0,0,0,0,0,0,0,0,0,0,0,0,-21,-9,-4,0,0,0,0,0,0,0,0,0,13,2,0,0,0,0,0,0,0,0,0,0,0,0,0,0,0,0,0,0,0,0,0,0,0
121,0,0,0,0,0,0,-4,-6,0,0,0,0,0,0,0,0,0,0,0,0,0,0,0,0,8,1,0,0,0,0,0,0,0,0,0,0,0,0,0,0,0,0,0,0,3,8,0,0,0,0,0,0,0,0,0,0,0,0,0,0,0,0,0,-21,-9,-4,0,0,0,0,0,0,0,0,0,13,2,0,0,0,0,0,0,0,0,0,0,0,0,0,0,0,0,0,0,0,0,0,0,0,0
122,0,0,0,0,0,-4,-6,0,0,0,0,0,0,0,0,0,0,0,0,0,0,0,0,8,1,0,0,0,0,0,0,0,0,0,0,0,0,0,0,0,0,0,0,3,8,0,0,0,0,0,0,0,0,0,0,0,0,0,0,0,0,0,-21,-9,-4,0,0,0,0,0,0,0,0,0,13,2,0,0,0,0,0,0,0,0,0,0,0,0,0,0,0,0,0,0,0,0,0,0,0,0,0
123,0,0,0,0,-4,-6,0,0,0,0,0,0,0,0,0,0,0,0,0,0,0,0,8,1,0,0,0,0,0,0,0,0,0,0,0,0,0,0,0,0,0,0,3,8,0,0,0,0,0,0,0,0,0,0,0,0,0,0,0,0,0,-21,-9,-4,0,0,0,0,0,0,0,0,0,13,2,0,0,0,0,0,0,0,0,0,0,0,0,0,0,0,0,0,0,0,0,0,0,0,0,0,0
124,0,0,0,-4,-6,0,0,0,0,0,0,0,0,0,0,0,0,0,0,0,0,8,1,0,0,0,0,0,0,0,0,0,0,0,0,0,0,0,0,0,0,3,8,0,0,0,0,0,0,0,0,0,0,0,0,0,0,0,0,0,-21,-9,-4,0,0,0,0,0,0,0,0,0,13,2,0,0,0,0,0,0,0,0,0,0,0,0,0,0,0,0,0,0,0,0,0,0,0,0,0,0,0
125,0,0,-4,-6,0,0,0,0,0,0,0,0,0,0,0,0,0,0,0,0,8,1,0,0,0,0,0,0,0,0,0,0,0,0,0,0,0,0,0,0,3,8,0,0,0,0,0,0,0,0,0,0,0,0,0,0,0,0,0,-21,-9,-4,0,0,0,0,0,0,0,0,0,13,2,0,0,0,0,0,0,0,0,0,0,0,0,0,0,0,0,0,0,0,0,0,0,0,0,0,0,0,0
126,0,-4,-6,0,0,0,0,0,0,0,0,0,0,0,0,0,0,0,0,8,1,0,0,0,0,0,0,0,0,0,0,0,0,0,0,0,0,0,0,3,8,0,0,0,0,0,0,0,0,0,0,0,0,0,0,0,0,0,-21,-9,-4,0,0,0,0,0,0,0,0,0,13,2,0,0,0,0,0,0,0,0,0,0,0,0,0,0,0,0,0,0,0,0,0,0,0,0,0,0,0,0,0
127,-4,-6,0,0,0,0,0,0,0,0,0,0,0,0,0,0,0,0,8,1,0,0,0,0,0,0,0,0,0,0,0,0,0,0,0,0,0,0,3,8,0,0,0,0,0,0,0,0,0,0,0,0,0,0,0,0,0,-21,-9,-4,0,0,0,0,0,0,0,0,0,13,2,0,0,0,0,0,0,0,0,0,0,0,0,0,0,0,0,0,0,0,0,0,0,0,0,0,0,0,0,0,0
128,-6,0,0,0,0,0,0,0,0,0,0,0,0,0,0,0,0,8,1,0,0,0,0,0,0,0,0,0,0,0,0,0,0,0,0,0,0,3,8,0,0,0,0,0,0,0,0,0,0,0,0,0,0,0,0,0,-21,-9,-4,0,0,0,0,0,0,0,0,0,13,2,0,0,0,0,0,0,0,0,0,0,0,0,0,0,0,0,0,0,0,0,0,0,0,0,0,0,0,0,0,0,0
129,0,0,0,0,0,0,0,0,0,0,0,0,0,0,0,0,8,1,0,0,0,0,0,0,0,0,0,0,0,0,0,0,0,0,0,0,3,8,0,0,0,0,0,0,0,0,0,0,0,0,0,0,0,0,0,-21,-9,-4,0,0,0,0,0,0,0,0,0,13,2,0,0,0,0,0,0,0,0,0,0,0,0,0,0,0,0,0,0,0,0,0,0,0,0,0,0,0,0,0,0,0,0
130,0,0,0,0,0,0,0,0,0,0,0,0,0,0,0,8,1,0,0,0,0,0,0,0,0,0,0,0,0,0,0,0,0,0,0,3,8,0,0,0,0,0,0,0,0,0,0,0,0,0,0,0,0,0,-21,-9,-4,0,0,0,0,0,0,0,0,0,13,2,0,0,0,0,0,0,0,0,0,0,0,0,0,0,0,0,0,0,0,0,0,0,0,0,0,0,0,0,0,0,0,0,0
131,0,0,0,0,0,0,0,0,0,0,0,0,0,0,8,1,0,0,0,0,0,0,0,0,0,0,0,0,0,0,0,0,0,0,3,8,0,0,0,0,0,0,0,0,0,0,0,0,0,0,0,0,0,-21,-9,-4,0,0,0,0,0,0,0,0,0,13,2,0,0,0,0,0,0,0,0,0,0,0,0,0,0,0,0,0,0,0,0,0,0,0,0,0,0,0,0,0,0,0,0,0,0
132,0,0,0,0,0,0,0,0,0,0,0,0,0,8,1,0,0,0,0,0,0,0,0,0,0,0,0,0,0,0,0,0,0,3,8,0,0,0,0,0,0,0,0,0,0,0,0,0,0,0,0,0,-21,-9,-4,0,0,0,0,0,0,0,0,0,13,2,0,0,0,0,0,0,0,0,0,0,0,0,0,0,0,0,0,0,0,0,0,0,0,0,0,0,0,0,0,0,0,0,0,0,2
133,0,0,0,0,0,0,0,0,0,0,0,0,8,1,0,0,0,0,0,0,0,0,0,0,0,0,0,0,0,0,0,0,3,8,0,0,0,0,0,0,0,0,0,0,0,0,0,0,0,0,0,-21,-9,-4,0,0,0,0,0,0,0,0,0,13,2,0,0,0,0,0,0,0,0,0,0,0,0,0,0,0,0,0,0,0,0,0,0,0,0,0,0,0,0,0,0,0,0,0,0,2,2
134,0,0,0,0,0,0,0,0,0,0,0,8,1,0,0,0,0,0,0,0,0,0,0,0,0,0,0,0,0,0,0,3,8,0,0,0,0,0,0,0,0,0,0,0,0,0,0,0,0,0,-21,-9,-4,0,0,0,0,0,0,0,0,0,13,2,0,0,0,0,0,0,0,0,0,0,0,0,0,0,0,0,0,0,0,0,0,0,0,0,0,0,0,0,0,0,0,0,0,0,2,2,0
135,0,0,0,0,0,0,0,0,0,0,8,1,0,0,0,0,0,0,0,0,0,0,0,0,0,0,0,0,0,0,3,8,0,0,0,0,0,0,0,0,0,0,0,0,0,0,0,0,0,-21,-9,-4,0,0,0,0,0,0,0,0,0,13,2,0,0,0,0,0,0,0,0,0,0,0,0,0,0,0,0,0,0,0,0,0,0,0,0,0,0,0,0,0,0,0,0,0,0,2,2,0,0
136,0,0,0,0,0,0,0,0,0,8,1,0,0,0,0,0,0,0,0,0,0,0,0,0,0,0,0,0,0,3,8,0,0,0,0,0,0,0,0,0,0,0,0,0,0,0,0,0,-21,-9,-4,0,0,0,0,0,0,0,0,0,13,2,0,0,0,0,0,0,0,0,0,0,0,0,0,0,0,0,0,0,0,0,0,0,0,0,0,0,0,0,0,0,0,0,0,0,2,2,0,0,0
137,0,0,0,0,0,0,0,0,8,1,0,0,0,0,0,0,0,0,0,0,0,0,0,0,0,0,0,0,3,8,0,0,0,0,0,0,0,0,0,0,0,0,0,0,0,0,0,-21,-9,-4,0,0,0,0,0,0,0,0,0,13,2,0,0,0,0,0,0,0,0,0,0,0,0,0,0,0,0,0,0,0,0,0,0,0,0,0,0,0,0,0,0,0,0,0,0,2,2,0,0,0,0
138,0,0,0,0,0,0,0,8,1,0,0,0,0,0,0,0,0,0,0,0,0,0,0,0,0,0,0,3,8,0,0,0,0,0,0,0,0,0,0,0,0,0,0,0,0,0,-21,-9,-4,0,0,0,0,0,0,0,0,0,13,2,0,0,0,0,0,0,0,0,0,0,0,0,0,0,0,0,0,0,0,0,0,0,0,0,0,0,0,0,0,0,0,0,0,0,2,2,0,0,0,0,0
139,0,0,0,0,0,0,8,1,0,0,0,0,0,0,0,0,0,0,0,0,0,0,0,0,0,0,3,8,0,0,0,0,0,0,0,0,0,0,0,0,0,0,0,0,0,-21,-9,-4,0,0,0,0,0,0,0,0,0,13,2,0,0,0,0,0,0,0,0,0,0,0,0,0,0,0,0,0,0,0,0,0,0,0,0,0,0,0,0,0,0,0,0,0,0,2,2,0,0,0,0,0,0
140,0,0,0,0,0,8,1,0,0,0,0,0,0,0,0,0,0,0,0,0,0,0,0,0,0,3,8,0,0,0,0,0,0,0,0,0,0,0,0,0,0,0,0,0,-21,-9,-4,0,0,0,0,0,0,0,0,0,13,2,0,0,0,0,0,0,0,0,0,0,0,0,0,0,0,0,0,0,0,0,0,0,0,0,0,0,0,0,0,0,0,0,0,0,2,2,0,0,0,0,0,0,0
141,0,0,0,0,8,1,0,0,0,0,0,0,0,0,0,0,0,0,0,0,0,0,0,0,3,8,0,0,0,0,0,0,0,0,0,0,0,0,0,0,0,0,0,-21,-9,-4,0,0,0,0,0,0,0,0,0,13,2,0,0,0,0,0,0,0,0,0,0,0,0,0,0,0,0,0,0,0,0,0,0,0,0,0,0,0,0,0,0,0,0,0,0,2,2,0,0,0,0,0,0,0,0
142,0,0,0,8,1,0,0,0,0,0,0,0,0,0,0,0,0,0,0,0,0,0,0,3,8,0,0,0,0,0,0,0,0,0,0,0,0,0,0,0,0,0,-21,-9,-4,0,0,0,0,0,0,0,0,0,13,2,0,0,0,0,0,0,0,0,0,0,0,0,0,0,0,0,0,0,0,0,0,0,0,0,0,0,0,0,0,0,0,0,0,0,2,2,0,0,0,0,0,0,0,0,0
143,0,0,8,1,0,0,0,0,0,0,0,0,0,0,0,0,0,0,0,0,0,0,3,8,0,0,0,0,0,0,0,0,0,0,0,0,0,0,0,0,0,-21,-9,-4,0,0,0,0,0,0,0,0,0,13,2,0,0,0,0,0,0,0,0,0,0,0,0,0,0,0,0,0,0,0,0,0,0,0,0,0,0,0,0,0,0,0,0,0,0,2,2,0,0,0,0,0,0,0,0,0,0
144,0,8,1,0,0,0,0,0,0,0,0,0,0,0,0,0,0,0,0,0,0,3,8,0,0,0,0,0,0,0,0,0,0,0,0,0,0,0,0,0,-21,-9,-4,0,0,0,0,0,0,0,0,0,13,2,0,0,0,0,0,0,0,0,0,0,0,0,0,0,0,0,0,0,0,0,0,0,0,0,0,0,0,0,0,0,0,0,0,0,2,2,0,0,0,0,0,0,0,0,0,0,0
145,8,1,0,0,0,0,0,0,0,0,0,0,0,0,0,0,0,0,0,0,3,8,0,0,0,0,0,0,0,0,0,0,0,0,0,0,0,0,0,-21,-9,-4,0,0,0,0,0,0,0,0,0,13,2,0,0,0,0,0,0,0,0,0,0,0,0,0,0,0,0,0,0,0,0,0,0,0,0,0,0,0,0,0,0,0,0,0,0,2,2,0,0,0,0,0,0,0,0,0,0,0,0
146,1,0,0,0,0,0,0,0,0,0,0,0,0,0,0,0,0,0,0,3,8,0,0,0,0,0,0,0,0,0,0,0,0,0,0,0,0,0,-21,-9,-4,0,0,0,0,0,0,0,0,0,13,2,0,0,0,0,0,0,0,0,0,0,0,0,0,0,0,0,0,0,0,0,0,0,0,0,0,0,0,0,0,0,0,0,0,0,2,2,0,0,0,0,0,0,0,0,0,0,0,0,0
147,0,0,0,0,0,0,0,0,0,0,0,0,0,0,0,0,0,0,3,8,0,0,0,0,0,0,0,0,0,0,0,0,0,0,0,0,0,-21,-9,-4,0,0,0,0,0,0,0,0,0,13,2,0,0,0,0,0,0,0,0,0,0,0,0,0,0,0,0,0,0,0,0,0,0,0,0,0,0,0,0,0,0,0,0,0,0,2,2,0,0,0,0,0,0,0,0,0,0,0,0,0,0
148,0,0,0,0,0,0,0,0,0,0,0,0,0,0,0,0,0,3,8,0,0,0,0,0,0,0,0,0,0,0,0,0,0,0,0,0,-21,-9,-4,0,0,0,0,0,0,0,0,0,13,2,0,0,0,0,0,0,0,0,0,0,0,0,0,0,0,0,0,0,0,0,0,0,0,0,0,0,0,0,0,0,0,0,0,0,2,2,0,0,0,0,0,0,0,0,0,0,0,0,0,0,0
149,0,0,0,0,0,0,0,0,0,0,0,0,0,0,0,0,3,8,0,0,0,0,0,0,0,0,0,0,0,0,0,0,0,0,0,-21,-9,-4,0,0,0,0,0,0,0,0,0,13,2,0,0,0,0,0,0,0,0,0,0,0,0,0,0,0,0,0,0,0,0,0,0,0,0,0,0,0,0,0,0,0,0,0,0,2,2,0,0,0,0,0,0,0,0,0,0,0,0,0,0,0,0
150,0,0,0,0,0,0,0,0,0,0,0,0,0,0,0,3,8,0,0,0,0,0,0,0,0,0,0,0,0,0,0,0,0,0,-21,-9,-4,0,0,0,0,0,0,0,0,0,13,2,0,0,0,0,0,0,0,0,0,0,0,0,0,0,0,0,0,0,0,0,0,0,0,0,0,0,0,0,0,0,0,0,0,0,2,2,0,0,0,0,0,0,0,0,0,0,0,0,0,0,0,0,0
151,0,0,0,0,0,0,0,0,0,0,0,0,0,0,3,8,0,0,0,0,0,0,0,0,0,0,0,0,0,0,0,0,0,-21,-9,-4,0,0,0,0,0,0,0,0,0,13,2,0,0,0,0,0,0,0,0,0,0,0,0,0,0,0,0,0,0,0,0,0,0,0,0,0,0,0,0,0,0,0,0,0,0,2,2,0,0,0,0,0,0,0,0,0,0,0,0,0,0,0,0,0,0
152,0,0,0,0,0,0,0,0,0,0,0,0,0,3,8,0,0,0,0,0,0,0,0,0,0,0,0,0,0,0,0,0,-21,-9,-4,0,0,0,0,0,0,0,0,0,13,2,0,0,0,0,0,0,0,0,0,0,0,0,0,0,0,0,0,0,0,0,0,0,0,0,0,0,0,0,0,0,0,0,0,0,2,2,0,0,0,0,0,0,0,0,0,0,0,0,0,0,0,0,0,0,0
153,0,0,0,0,0,0,0,0,0,0,0,0,3,8,0,0,0,0,0,0,0,0,0,0,0,0,0,0,0,0,0,-21,-9,-4,0,0,0,0,0,0,0,0,0,13,2,0,0,0,0,0,0,0,0,0,0,0,0,0,0,0,0,0,0,0,0,0,0,0,0,0,0,0,0,0,0,0,0,0,0,2,2,0,0,0,0,0,0,0,0,0,0,0,0,0,0,0,0,0,0,0,0
154,0,0,0,0,0,0,0,0,0,0,0,3,8,0,0,0,0,0,0,0,0,0,0,0,0,0,0,0,0,0,-21,-9,-4,0,0,0,0,0,0,0,0,0,13,2,0,0,0,0,0,0,0,0,0,0,0,0,0,0,0,0,0,0,0,0,0,0,0,0,0,0,0,0,0,0,0,0,0,0,2,2,0,0,0,0,0,0,0,0,0,0,0,0,0,0,0,0,0,0,0,0,0
155,0,0,0,0,0,0,0,0,0,0,3,8,0,0,0,0,0,0,0,0,0,0,0,0,0,0,0,0,0,-21,-9,-4,0,0,0,0,0,0,0,0,0,13,2,0,0,0,0,0,0,0,0,0,0,0,0,0,0,0,0,0,0,0,0,0,0,0,0,0,0,0,0,0,0,0,0,0,0,2,2,0,0,0,0,0,0,0,0,0,0,0,0,0,0,0,0,0,0,0,0,0,0
156,0,0,0,0,0,0,0,0,0,3,8,0,0,0,0,0,0,0,0,0,0,0,0,0,0,0,0,0,-21,-9,-4,0,0,0,0,0,0,0,0,0,13,2,0,0,0,0,0,0,0,0,0,0,0,0,0,0,0,0,0,0,0,0,0,0,0,0,0,0,0,0,0,0,0,0,0,0,2,2,0,0,0,0,0,0,0,0,0,0,0,0,0,0,0,0,0,0,0,0,0,0,0
157,0,0,0,0,0,0,0,0,3,8,0,0,0,0,0,0,0,0,0,0,0,0,0,0,0,0,0,-21,-9,-4,0,0,0,0,0,0,0,0,0,13,2,0,0,0,0,0,0,0,0,0,0,0,0,0,0,0,0,0,0,0,0,0,0,0,0,0,0,0,0,0,0,0,0,0,0,2,2,0,0,0,0,0,0,0,0,0,0,0,0,0,0,0,0,0,0,0,0,0,0,0,0
158,0,0,0,0,0,0,0,3,8,0,0,0,0,0,0,0,0,0,0,0,0,0,0,0,0,0,-21,-9,-4,0,0,0,0,0,0,0,0,0,13,2,0,0,0,0,0,0,0,0,0,0,0,0,0,0,0,0,0,0,0,0,0,0,0,0,0,0,0,0,0,0,0,0,0,0,2,2,0,0,0,0,0,0,0,0,0,0,0,0,0,0,0,0,0,0,0,0,0,0,0,0,0
159,0,0,0,0,0,0,3,8,0,0,0,0,0,0,0,0,0,0,0,0,0,0,0,0,0,-21,-9,-4,0,0,0,0,0,0,0,0,0,13,2,0,0,0,0,0,0,0,0,0,0,0,0,0,0,0,0,0,0,0,0,0,0,0,0,0,0,0,0,0,0,0,0,0,0,2,2,0,0,0,0,0,0,0,0,0,0,0,0,0,0,0,0,0,0,0,0,0,0,0,0,0,0
160,0,0,0,0,0,3,8,0,0,0,0,0,0,0,0,0,0,0,0,0,0,0,0,0,-21,-9,-4,0,0,0,0,0,0,0,0,0,13,2,0,0,0,0,0,0,0,0,0,0,0,0,0,0,0,0,0,0,0,0,0,0,0,0,0,0,0,0,0,0,0,0,0,0,2,2,0,0,0,0,0,0,0,0,0,0,0,0,0,0,0,0,0,0,0,0,0,0,0,0,0,0,0
161,0,0,0,0,3,8,0,0,0,0,0,0,0,0,0,0,0,0,0,0,0,0,0,-21,-9,-4,0,0,0,0,0,0,0,0,0,13,2,0,0,0,0,0,0,0,0,0,0,0,0,0,0,0,0,0,0,0,0,0,0,0,0,0,0,0,0,0,0,0,0,0,0,2,2,0,0,0,0,0,0,0,0,0,0,0,0,0,0,0,0,0,0,0,0,0,0,0,0,0,0,0,0
162,0,0,0,3,8,0,0,0,0,0,0,0,0,0,0,0,0,0,0,0,0,0,-21,-9,-4,0,0,0,0,0,0,0,0,0,13,2,0,0,0,0,0,0,0,0,0,0,0,0,0,0,0,0,0,0,0,0,0,0,0,0,0,0,0,0,0,0,0,0,0,0,2,2,0,0,0,0,0,0,0,0,0,0,0,0,0,0,0,0,0,0,0,0,0,0,0,0,0,0,0,0,0
163,0,0,3,8,0,0,0,0,0,0,0,0,0,0,0,0,0,0,0,0,0,-21,-9,-4,0,0,0,0,0,0,0,0,0,13,2,0,0,0,0,0,0,0,0,0,0,0,0,0,0,0,0,0,0,0,0,0,0,0,0,0,0,0,0,0,0,0,0,0,0,2,2,0,0,0,0,0,0,0,0,0,0,0,0,0,0,0,0,0,0,0,0,0,0,0,0,0,0,0,0,0,0
164,0,3,8,0,0,0,0,0,0,0,0,0,0,0,0,0,0,0,0,0,-21,-9,-4,0,0,0,0,0,0,0,0,0,13,2,0,0,0,0,0,0,0,0,0,0,0,0,0,0,0,0,0,0,0,0,0,0,0,0,0,0,0,0,0,0,0,0,0,0,2,2,0,0,0,0,0,0,0,0,0,0,0,0,0,0,0,0,0,0,0,0,0,0,0,0,0,0,0,0,0,0,0
165,3,8,0,0,0,0,0,0,0,0,0,0,0,0,0,0,0,0,0,-21,-9,-4,0,0,0,0,0,0,0,0,0,13,2,0,0,0,0,0,0,0,0,0,0,0,0,0,0,0,0,0,0,0,0,0,0,0,0,0,0,0,0,0,0,0,0,0,0,2,2,0,0,0,0,0,0,0,0,0,0,0,0,0,0,0,0,0,0,0,0,0,0,0,0,0,0,0,0,0,0,0,0
166,8,0,0,0,0,0,0,0,0,0,0,0,0,0,0,0,0,0,-21,-9,-4,0,0,0,0,0,0,0,0,0,13,2,0,0,0,0,0,0,0,0,0,0,0,0,0,0,0,0,0,0,0,0,0,0,0,0,0,0,0,0,0,0,0,0,0,0,2,2,0,0,0,0,0,0,0,0,0,0,0,0,0,0,0,0,0,0,0,0,0,0,0,0,0,0,0,0,0,0,0,0,0
167,0,0,0,0,0,0,0,0,0,0,0,0,0,0,0,0,0,-21,-9,-4,0,0,0,0,0,0,0,0,0,13,2,0,0,0,0,0,0,0,0,0,0,0,0,0,0,0,0,0,0,0,0,0,0,0,0,0,0,0,0,0,0,0,0,0,0,2,2,0,0,0,0,0,0,0,0,0,0,0,0,0,0,0,0,0,0,0,0,0,0,0,0,0,0,0,0,0,0,0,0,0,0
168,0,0,0,0,0,0,0,0,0,0,0,0,0,0,0,0,-21,-9,-4,0,0,0,0,0,0,0,0,0,13,2,0,0,0,0,0,0,0,0,0,0,0,0,0,0,0,0,0,0,0,0,0,0,0,0,0,0,0,0,0,0,0,0,0,0,2,2,0,0,0,0,0,0,0,0,0,0,0,0,0,0,0,0,0,0,0,0,0,0,0,0,0,0,0,0,0,0,0,0,0,0,0
169,0,0,0,0,0,0,0,0,0,0,0,0,0,0,0,-21,-9,-4,0,0,0,0,0,0,0,0,0,13,2,0,0,0,0,0,0,0,0,0,0,0,0,0,0,0,0,0,0,0,0,0,0,0,0,0,0,0,0,0,0,0,0,0,0,2,2,0,0,0,0,0,0,0,0,0,0,0,0,0,0,0,0,0,0,0,0,0,0,0,0,0,0,0,0,0,0,0,0,0,0,0,0
170,0,0,0,0,0,0,0,0,0,0,0,0,0,0,-21,-9,-4,0,0,0,0,0,0,0,0,0,13,2,0,0,0,0,0,0,0,0,0,0,0,0,0,0,0,0,0,0,0,0,0,0,0,0,0,0,0,0,0,0,0,0,0,0,2,2,0,0,0,0,0,0,0,0,0,0,0,0,0,0,0,0,0,0,0,0,0,0,0,0,0,0,0,0,0,0,0,0,0,0,0,0,0
171,0,0,0,0,0,0,0,0,0,0,0,0,0,-21,-9,-4,0,0,0,0,0,0,0,0,0,13,2,0,0,0,0,0,0,0,0,0,0,0,0,0,0,0,0,0,0,0,0,0,0,0,0,0,0,0,0,0,0,0,0,0,0,2,2,0,0,0,0,0,0,0,0,0,0,0,0,0,0,0,0,0,0,0,0,0,0,0,0,0,0,0,0,0,0,0,0,0,0,0,0,0,0
172,0,0,0,0,0,0,0,0,0,0,0,0,-21,-9,-4,0,0,0,0,0,0,0,0,0,13,2,0,0,0,0,0,0,0,0,0,0,0,0,0,0,0,0,0,0,0,0,0,0,0,0,0,0,0,0,0,0,0,0,0,0,2,2,0,0,0,0,0,0,0,0,0,0,0,0,0,0,0,0,0,0,0,0,0,0,0,0,0,0,0,0,0,0,0,0,0,0,0,0,0,0,0
173,0,0,0,0,0,0,0,0,0,0,0,-21,-9,-4,0,0,0,0,0,0,0,0,0,13,2,0,0,0,0,0,0,0,0,0,0,0,0,0,0,0,0,0,0,0,0,0,0,0,0,0,0,0,0,0,0,0,0,0,0,2,2,0,0,0,0,0,0,0,0,0,0,0,0,0,0,0,0,0,0,0,0,0,0,0,0,0,0,0,0,0,0,0,0,0,0,0,0,0,0,0,0
174,0,0,0,0,0,0,0,0,0,0,-21,-9,-4,0,0,0,0,0,0,0,0,0,13,2,0,0,0,0,0,0,0,0,0,0,0,0,0,0,0,0,0,0,0,0,0,0,0,0,0,0,0,0,0,0,0,0,0,0,2,2,0,0,0,0,0,0,0,0,0,0,0,0,0,0,0,0,0,0,0,0,0,0,0,0,0,0,0,0,0,0,0,0,0,0,0,0,0,0,0,0,7
175,0,0,0,0,0,0,0,0,0,-21,-9,-4,0,0,0,0,0,0,0,0,0,13,2,0,0,0,0,0,0,0,0,0,0,0,0,0,0,0,0,0,0,0,0,0,0,0,0,0,0,0,0,0,0,0,0,0,0,2,2,0,0,0,0,0,0,0,0,0,0,0,0,0,0,0,0,0,0,0,0,0,0,0,0,0,0,0,0,0,0,0,0,0,0,0,0,0,0,0,0,7,0
176,0,0,0,0,0,0,0,0,-21,-9,-4,0,0,0,0,0,0,0,0,0,13,2,0,0,0,0,0,0,0,0,0,0,0,0,0,0,0,0,0,0,0,0,0,0,0,0,0,0,0,0,0,0,0,0,0,0,2,2,0,0,0,0,0,0,0,0,0,0,0,0,0,0,0,0,0,0,0,0,0,0,0,0,0,0,0,0,0,0,0,0,0,0,0,0,0,0,0,0,7,0,0
177,0,0,0,0,0,0,0,-21,-9,-4,0,0,0,0,0,0,0,0,0,13,2,0,0,0,0,0,0,0,0,0,0,0,0,0,0,0,0,0,0,0,0,0,0,0,0,0,0,0,0,0,0,0,0,0,0,2,2,0,0,0,0,0,0,0,0,0,0,0,0,0,0,0,0,0,0,0,0,0,0,0,0,0,0,0,0,0,0,0,0,0,0,0,0,0,0,0,0,7,0,0,0
178,0,0,0,0,0,0,-21,-9,-4,0,0,0,0,0,0,0,0,0,13,2,0,0,0,0,0,0,0,0,0,0,0,0,0,0,0,0,0,0,0,0,0,0,0,0,0,0,0,0,0,0,0,0,0,0,2,2,0,0,0,0,0,0,0,0,0,0,0,0,0,0,0,0,0,0,0,0,0,0,0,0,0,0,0,0,0,0,0,0,0,0,0,0,0,0,0,0,7,0,0,0,0
179,0,0,0,0,0,-21,-9,-4,0,0,0,0,0,0,0,0,0,13,2,0,0,0,0,0,0,0,0,0,0,0,0,0,0,0,0,0,0,0,0,0,0,0,0,0,0,0,0,0,0,0,0,0,0,2,2,0,0,0,0,0,0,0,0,0,0,0,0,0,0,0,0,0,0,0,0,0,0,0,0,0,0,0,0,0,0,0,0,0,0,0,0,0,0,0,0,7,0,0,0,0,0
180,0,0,0,0,-21,-9,-4,0,0,0,0,0,0,0,0,0,13,2,0,0,0,0,0,0,0,0,0,0,0,0,0,0,0,0,0,0,0,0,0,0,0,0,0,0,0,0,0,0,0,0,0,0,2,2,0,0,0,0,0,0,0,0,0,0,0,0,0,0,0,0,0,0,0,0,0,0,0,0,0,0,0,0,0,0,0,0,0,0,0,0,0,0,0,0,7,0,0,0,0,0,0
181,0,0,0,-21,-9,-4,0,0,0,0,0,0,0,0,0,13,2,0,0,0,0,0,0,0,0,0,0,0,0,0,0,0,0,0,0,0,0,0,0,0,0,0,0,0,0,0,0,0,0,0,0,2,2,0,0,0,0,0,0,0,0,0,0,0,0,0,0,0,0,0,0,0,0,0,0,0,0,0,0,0,0,0,0,0,0,0,0,0,0,0,0,0,0,7,0,0,0,0,0,0,0
182,0,0,-21,-9,-4,0,0,0,0,0,0,0,0,0,13,2,0,0,0,0,0,0,0,0,0,0,0,0,0,0,0,0,0,0,0,0,0,0,0,0,0,0,0,0,0,0,0,0,0,0,2,2,0,0,0,0,0,0,0,0,0,0,0,0,0,0,0,0,0,0,0,0,0,0,0,0,0,0,0,0,0,0,0,0,0,0,0,0,0,0,0,0,7,0,0,0,0,0,0,0,0
183,0,-21,-9,-4,0,0,0,0,0,0,0,0,0,13,2,0,0,0,0,0,0,0,0,0,0,0,0,0,0,0,0,0,0,0,0,0,0,0,0,0,0,0,0,0,0,0,0,0,0,2,2,0,0,0,0,0,0,0,0,0,0,0,0,0,0,0,0,0,0,0,0,0,0,0,0,0,0,0,0,0,0,0,0,0,0,0,0,0,0,0,0,7,0,0,0,0,0,0,0,0,0
184,-21,-9,-4,0,0,0,0,0,0,0,0,0,13,2,0,0,0,0,0,0,0,0,0,0,0,0,0,0,0,0,0,0,0,0,0,0,0,0,0,0,0,0,0,0,0,0,0,0,2,2,0,0,0,0,0,0,0,0,0,0,0,0,0,0,0,0,0,0,0,0,0,0,0,0,0,0,0,0,0,0,0,0,0,0,0,0,0,0,0,0,7,0,0,0,0,0,0,0,0,0,0
185,-9,-4,0,0,0,0,0,0,0,0,0,13,2,0,0,0,0,0,0,0,0,0,0,0,0,0,0,0,0,0,0,0,0,0,0,0,0,0,0,0,0,0,0,0,0,0,0,2,2,0,0,0,0,0,0,0,0,0,0,0,0,0,0,0,0,0,0,0,0,0,0,0,0,0,0,0,0,0,0,0,0,0,0,0,0,0,0,0,0,7,0,0,0,0,0,0,0,0,0,0,0
186,-4,0,0,0,0,0,0,0,0,0,13,2,0,0,0,0,0,0,0,0,0,0,0,0,0,0,0,0,0,0,0,0,0,0,0,0,0,0,0,0,0,0,0,0,0,0,2,2,0,0,0,0,0,0,0,0,0,0,0,0,0,0,0,0,0,0,0,0,0,0,0,0,0,0,0,0,0,0,0,0,0,0,0,0,0,0,0,0,7,0,0,0,0,0,0,0,0,0,0,0,0
187,0,0,0,0,0,0,0,0,0,13,2,0,0,0,0,0,0,0,0,0,0,0,0,0,0,0,0,0,0,0,0,0,0,0,0,0,0,0,0,0,0,0,0,0,0,2,2,0,0,0,0,0,0,0,0,0,0,0,0,0,0,0,0,0,0,0,0,0,0,0,0,0,0,0,0,0,0,0,0,0,0,0,0,0,0,0,0,7,0,0,0,0,0,0,0,0,0,0,0,0,0
188,0,0,0,0,0,0,0,0,13,2,0,0,0,0,0,0,0,0,0,0,0,0,0,0,0,0,0,0,0,0,0,0,0,0,0,0,0,0,0,0,0,0,0,0,2,2,0,0,0,0,0,0,0,0,0,0,0,0,0,0,0,0,0,0,0,0,0,0,0,0,0,0,0,0,0,0,0,0,0,0,0,0,0,0,0,0,7,0,0,0,0,0,0,0,0,0,0,0,0,0,0
189,0,0,0,0,0,0,0,13,2,0,0,0,0,0,0,0,0,0,0,0,0,0,0,0,0,0,0,0,0,0,0,0,0,0,0,0,0,0,0,0,0,0,0,2,2,0,0,0,0,0,0,0,0,0,0,0,0,0,0,0,0,0,0,0,0,0,0,0,0,0,0,0,0,0,0,0,0,0,0,0,0,0,0,0,0,7,0,0,0,0,0,0,0,0,0,0,0,0,0,0,0
190,0,0,0,0,0,0,13,2,0,0,0,0,0,0,0,0,0,0,0,0,0,0,0,0,0,0,0,0,0,0,0,0,0,0,0,0,0,0,0,0,0,0,2,2,0,0,0,0,0,0,0,0,0,0,0,0,0,0,0,0,0,0,0,0,0,0,0,0,0,0,0,0,0,0,0,0,0,0,0,0,0,0,0,0,7,0,0,0,0,0,0,0,0,0,0,0,0,0,0,0,0
191,0,0,0,0,0,13,2,0,0,0,0,0,0,0,0,0,0,0,0,0,0,0,0,0,0,0,0,0,0,0,0,0,0,0,0,0,0,0,0,0,0,2,2,0,0,0,0,0,0,0,0,0,0,0,0,0,0,0,0,0,0,0,0,0,0,0,0,0,0,0,0,0,0,0,0,0,0,0,0,0,0,0,0,7,0,0,0,0,0,0,0,0,0,0,0,0,0,0,0,0,0
192,0,0,0,0,13,2,0,0,0,0,0,0,0,0,0,0,0,0,0,0,0,0,0,0,0,0,0,0,0,0,0,0,0,0,0,0,0,0,0,0,2,2,0,0,0,0,0,0,0,0,0,0,0,0,0,0,0,0,0,0,0,0,0,0,0,0,0,0,0,0,0,0,0,0,0,0,0,0,0,0,0,0,7,0,0,0,0,0,0,0,0,0,0,0,0,0,0,0,0,0,0
193,0,0,0,13,2,0,0,0,0,0,0,0,0,0,0,0,0,0,0,0,0,0,0,0,0,0,0,0,0,0,0,0,0,0,0,0,0,0,0,2,2,0,0,0,0,0,0,0,0,0,0,0,0,0,0,0,0,0,0,0,0,0,0,0,0,0,0,0,0,0,0,0,0,0,0,0,0,0,0,0,0,7,0,0,0,0,0,0,0,0,0,0,0,0,0,0,0,0,0,0,0
194,0,0,13,2,0,0,0,0,0,0,0,0,0,0,0,0,0,0,0,0,0,0,0,0,0,0,0,0,0,0,0,0,0,0,0,0,0,0,2,2,0,0,0,0,0,0,0,0,0,0,0,0,0,0,0,0,0,0,0,0,0,0,0,0,0,0,0,0,0,0,0,0,0,0,0,0,0,0,0,0,7,0,0,0,0,0,0,0,0,0,0,0,0,0,0,0,0,0,0,0,0
195,0,13,2,0,0,0,0,0,0,0,0,0,0,0,0,0,0,0,0,0,0,0,0,0,0,0,0,0,0,0,0,0,0,0,0,0,0,2,2,0,0,0,0,0,0,0,0,0,0,0,0,0,0,0,0,0,0,0,0,0,0,0,0,0,0,0,0,0,0,0,0,0,0,0,0,0,0,0,0,7,0,0,0,0,0,0,0,0,0,0,0,0,0,0,0,0,0,0,0,0,0
196,13,2,0,0,0,0,0,0,0,0,0,0,0,0,0,0,0,0,0,0,0,0,0,0,0,0,0,0,0,0,0,0,0,0,0,0,2,2,0,0,0,0,0,0,0,0,0,0,0,0,0,0,0,0,0,0,0,0,0,0,0,0,0,0,0,0,0,0,0,0,0,0,0,0,0,0,0,0,7,0,0,0,0,0,0,0,0,0,0,0,0,0,0,0,0,0,0,0,0,0,0
197,2,0,0,0,0,0,0,0,0,0,0,0,0,0,0,0,0,0,0,0,0,0,0,0,0,0,0,0,0,0,0,0,0,0,0,2,2,0,0,0,0,0,0,0,0,0,0,0,0,0,0,0,0,0,0,0,0,0,0,0,0,0,0,0,0,0,0,0,0,0,0,0,0,0,0,0,0,7,0,0,0,0,0,0,0,0,0,0,0,0,0,0,0,0,0,0,0,0,0,0,0
198,0,0,0,0,0,0,0,0,0,0,0,0,0,0,0,0,0,0,0,0,0,0,0,0,0,0,0,0,0,0,0,0,0,0,2,2,0,0,0,0,0,0,0,0,0,0,0,0,0,0,0,0,0,0,0,0,0,0,0,0,0,0,0,0,0,0,0,0,0,0,0,0,0,0,0,0,7,0,0,0,0,0,0,0,0,0,0,0,0,0,0,0,0,0,0,0,0,0,0,0,0
199,0,0,0,0,0,0,0,0,0,0,0,0,0,0,0,0,0,0,0,0,0,0,0,0,0,0,0,0,0,0,0,0,0,2,2,0,0,0,0,0,0,0,0,0,0,0,0,0,0,0,0,0,0,0,0,0,0,0,0,0,0,0,0,0,0,0,0,0,0,0,0,0,0,0,0,7,0,0,0,0,0,0,0,0,0,0,0,0,0,0,0,0,0,0,0,0,0,0,0,0,0
200,0,0,0,0,0,0,0,0,0,0,0,0,0,0,0,0,0,0,0,0,0,0,0,0,0,0,0,0,0,0,0,0,2,2,0,0,0,0,0,0,0,0,0,0,0,0,0,0,0,0,0,0,0,0,0,0,0,0,0,0,0,0,0,0,0,0,0,0,0,0,0,0,0,0,7,0,0,0,0,0,0,0,0,0,0,0,0,0,0,0,0,0,0,0,0,0,0,0,0,0,0
201,0,0,0,0,0,0,0,0,0,0,0,0,0,0,0,0,0,0,0,0,0,0,0,0,0,0,0,0,0,0,0,2,2,0,0,0,0,0,0,0,0,0,0,0,0,0,0,0,0,0,0,0,0,0,0,0,0,0,0,0,0,0,0,0,0,0,0,0,0,0,0,0,0,7,0,0,0,0,0,0,0,0,0,0,0,0,0,0,0,0,0,0,0,0,0,0,0,0,0,0,0
202,0,0,0,0,0,0,0,0,0,0,0,0,0,0,0,0,0,0,0,0,0,0,0,0,0,0,0,0,0,0,2,2,0,0,0,0,0,0,0,0,0,0,0,0,0,0,0,0,0,0,0,0,0,0,0,0,0,0,0,0,0,0,0,0,0,0,0,0,0,0,0,0,7,0,0,0,0,0,0,0,0,0,0,0,0,0,0,0,0,0,0,0,0,0,0,0,0,0,0,0,7
203,0,0,0,0,0,0,0,0,0,0,0,0,0,0,0,0,0,0,0,0,0,0,0,0,0,0,0,0,0,2,2,0,0,0,0,0,0,0,0,0,0,0,0,0,0,0,0,0,0,0,0,0,0,0,0,0,0,0,0,0,0,0,0,0,0,0,0,0,0,0,0,7,0,0,0,0,0,0,0,0,0,0,0,0,0,0,0,0,0,0,0,0,0,0,0,0,0,0,0,7,0
204,0,0,0,0,0,0,0,0,0,0,0,0,0,0,0,0,0,0,0,0,0,0,0,0,0,0,0,0,2,2,0,0,0,0,0,0,0,0,0,0,0,0,0,0,0,0,0,0,0,0,0,0,0,0,0,0,0,0,0,0,0,0,0,0,0,0,0,0,0,0,7,0,0,0,0,0,0,0,0,0,0,0,0,0,0,0,0,0,0,0,0,0,0,0,0,0,0,0,7,0,0
205,0,0,0,0,0,0,0,0,0,0,0,0,0,0,0,0,0,0,0,0,0,0,0,0,0,0,0,2,2,0,0,0,0,0,0,0,0,0,0,0,0,0,0,0,0,0,0,0,0,0,0,0,0,0,0,0,0,0,0,0,0,0,0,0,0,0,0,0,0,7,0,0,0,0,0,0,0,0,0,0,0,0,0,0,0,0,0,0,0,0,0,0,0,0,0,0,0,7,0,0,0
206,0,0,0,0,0,0,0,0,0,0,0,0,0,0,0,0,0,0,0,0,0,0,0,0,0,0,2,2,0,0,0,0,0,0,0,0,0,0,0,0,0,0,0,0,0,0,0,0,0,0,0,0,0,0,0,0,0,0,0,0,0,0,0,0,0,0,0,0,7,0,0,0,0,0,0,0,0,0,0,0,0,0,0,0,0,0,0,0,0,0,0,0,0,0,0,0,7,0,0,0,0
207,0,0,0,0,0,0,0,0,0,0,0,0,0,0,0,0,0,0,0,0,0,0,0,0,0,2,2,0,0,0,0,0,0,0,0,0,0,0,0,0,0,0,0,0,0,0,0,0,0,0,0,0,0,0,0,0,0,0,0,0,0,0,0,0,0,0,0,7,0,0,0,0,0,0,0,0,0,0,0,0,0,0,0,0,0,0,0,0,0,0,0,0,0,0,0,7,0,0,0,0,0
208,0,0,0,0,0,0,0,0,0,0,0,0,0,0,0,0,0,0,0,0,0,0,0,0,2,2,0,0,0,0,0,0,0,0,0,0,0,0,0,0,0,0,0,0,0,0,0,0,0,0,0,0,0,0,0,0,0,0,0,0,0,0,0,0,0,0,7,0,0,0,0,0,0,0,0,0,0,0,0,0,0,0,0,0,0,0,0,0,0,0,0,0,0,0,7,0,0,0,0,0,0
209,0,0,0,0,0,0,0,0,0,0,0,0,0,0,0,0,0,0,0,0,0,0,0,2,2,0,0,0,0,0,0,0,0,0,0,0,0,0,0,0,0,0,0,0,0,0,0,0,0,0,0,0,0,0,0,0,0,0,0,0,0,0,0,0,0,7,0,0,0,0,0,0,0,0,0,0,0,0,0,0,0,0,0,0,0,0,0,0,0,0,0,0,0,7,0,0,0,0,0,0,0
210,0,0,0,0,0,0,0,0,0,0,0,0,0,0,0,0,0,0,0,0,0,0,2,2,0,0,0,0,0,0,0,0,0,0,0,0,0,0,0,0,0,0,0,0,0,0,0,0,0,0,0,0,0,0,0,0,0,0,0,0,0,0,0,0,7,0,0,0,0,0,0,0,0,0,0,0,0,0,0,0,0,0,0,0,0,0,0,0,0,0,0,0,7,0,0,0,0,0,0,0,0
211,0,0,0,0,0,0,0,0,0,0,0,0,0,0,0,0,0,0,0,0,0,2,2,0,0,0,0,0,0,0,0,0,0,0,0,0,0,0,0,0,0,0,0,0,0,0,0,0,0,0,0,0,0,0,0,0,0,0,0,0,0,0,0,7,0,0,0,0,0,0,0,0,0,0,0,0,0,0,0,0,0,0,0,0,0,0,0,0,0,0,0,7,0,0,0,0,0,0,0,0,0
212,0,0,0,0,0,0,0,0,0,0,0,0,0,0,0,0,0,0,0,0,2,2,0,0,0,0,0,0,0,0,0,0,0,0,0,0,0,0,0,0,0,0,0,0,0,0,0,0,0,0,0,0,0,0,0,0,0,0,0,0,0,0,7,0,0,0,0,0,0,0,0,0,0,0,0,0,0,0,0,0,0,0,0,0,0,0,0,0,0,0,7,0,0,0,0,0,0,0,0,0,0
213,0,0,0,0,0,0,0,0,0,0,0,0,0,0,0,0,0,0,0,2,2,0,0,0,0,0,0,0,0,0,0,0,0,0,0,0,0,0,0,0,0,0,0,0,0,0,0,0,0,0,0,0,0,0,0,0,0,0,0,0,0,7,0,0,0,0,0,0,0,0,0,0,0,0,0,0,0,0,0,0,0,0,0,0,0,0,0,0,0,7,0,0,0,0,0,0,0,0,0,0,0
214,0,0,0,0,0,0,0,0,0,0,0,0,0,0,0,0,0,0,2,2,0,0,0,0,0,0,0,0,0,0,0,0,0,0,0,0,0,0,0,0,0,0,0,0,0,0,0,0,0,0,0,0,0,0,0,0,0,0,0,0,7,0,0,0,0,0,0,0,0,0,0,0,0,0,0,0,0,0,0,0,0,0,0,0,0,0,0,0,7,0,0,0,0,0,0,0,0,0,0,0,0
215,0,0,0,0,0,0,0,0,0,0,0,0,0,0,0,0,0,2,2,0,0,0,0,0,0,0,0,0,0,0,0,0,0,0,0,0,0,0,0,0,0,0,0,0,0,0,0,0,0,0,0,0,0,0,0,0,0,0,0,7,0,0,0,0,0,0,0,0,0,0,0,0,0,0,0,0,0,0,0,0,0,0,0,0,0,0,0,7,0,0,0,0,0,0,0,0,0,0,0,0,0
216,0,0,0,0,0,0,0,0,0,0,0,0,0,0,0,0,2,2,0,0,0,0,0,0,0,0,0,0,0,0,0,0,0,0,0,0,0,0,0,0,0,0,0,0,0,0,0,0,0,0,0,0,0,0,0,0,0,0,7,0,0,0,0,0,0,0,0,0,0,0,0,0,0,0,0,0,0,0,0,0,0,0,0,0,0,0,7,0,0,0,0,0,0,0,0,0,0,0,0,0,0
217,0,0,0,0,0,0,0,0,0,0,0,0,0,0,0,2,2,0,0,0,0,0,0,0,0,0,0,0,0,0,0,0,0,0,0,0,0,0,0,0,0,0,0,0,0,0,0,0,0,0,0,0,0,0,0,0,0,7,0,0,0,0,0,0,0,0,0,0,0,0,0,0,0,0,0,0,0,0,0,0,0,0,0,0,0,7,0,0,0,0,0,0,0,0,0,0,0,0,0,0,0
218,0,0,0,0,0,0,0,0,0,0,0,0,0,0,2,2,0,0,0,0,0,0,0,0,0,0,0,0,0,0,0,0,0,0,0,0,0,0,0,0,0,0,0,0,0,0,0,0,0,0,0,0,0,0,0,0,7,0,0,0,0,0,0,0,0,0,0,0,0,0,0,0,0,0,0,0,0,0,0,0,0,0,0,0,7,0,0,0,0,0,0,0,0,0,0,0,0,0,0,0,0
219,0,0,0,0,0,0,0,0,0,0,0,0,0,2,2,0,0,0,0,0,0,0,0,0,0,0,0,0,0,0,0,0,0,0,0,0,0,0,0,0,0,0,0,0,0,0,0,0,0,0,0,0,0,0,0,7,0,0,0,0,0,0,0,0,0,0,0,0,0,0,0,0,0,0,0,0,0,0,0,0,0,0,0,7,0,0,0,0,0,0,0,0,0,0,0,0,0,0,0,0,0
220,0,0,0,0,0,0,0,0,0,0,0,0,2,2,0,0,0,0,0,0,0,0,0,0,0,0,0,0,0,0,0,0,0,0,0,0,0,0,0,0,0,0,0,0,0,0,0,0,0,0,0,0,0,0,7,0,0,0,0,0,0,0,0,0,0,0,0,0,0,0,0,0,0,0,0,0,0,0,0,0,0,0,7,0,0,0,0,0,0,0,0,0,0,0,0,0,0,0,0,0,0
221,0,0,0,0,0,0,0,0,0,0,0,2,2,0,0,0,0,0,0,0,0,0,0,0,0,0,0,0,0,0,0,0,0,0,0,0,0,0,0,0,0,0,0,0,0,0,0,0,0,0,0,0,0,7,0,0,0,0,0,0,0,0,0,0,0,0,0,0,0,0,0,0,0,0,0,0,0,0,0,0,0,7,0,0,0,0,0,0,0,0,0,0,0,0,0,0,0,0,0,0,0
222,0,0,0,0,0,0,0,0,0,0,2,2,0,0,0,0,0,0,0,0,0,0,0,0,0,0,0,0,0,0,0,0,0,0,0,0,0,0,0,0,0,0,0,0,0,0,0,0,0,0,0,0,7,0,0,0,0,0,0,0,0,0,0,0,0,0,0,0,0,0,0,0,0,0,0,0,0,0,0,0,7,0,0,0,0,0,0,0,0,0,0,0,0,0,0,0,0,0,0,0,0
223,0,0,0,0,0,0,0,0,0,2,2,0,0,0,0,0,0,0,0,0,0,0,0,0,0,0,0,0,0,0,0,0,0,0,0,0,0,0,0,0,0,0,0,0,0,0,0,0,0,0,0,7,0,0,0,0,0,0,0,0,0,0,0,0,0,0,0,0,0,0,0,0,0,0,0,0,0,0,0,7,0,0,0,0,0,0,0,0,0,0,0,0,0,0,0,0,0,0,0,0,0
224,0,0,0,0,0,0,0,0,2,2,0,0,0,0,0,0,0,0,0,0,0,0,0,0,0,0,0,0,0,0,0,0,0,0,0,0,0,0,0,0,0,0,0,0,0,0,0,0,0,0,7,0,0,0,0,0,0,0,0,0,0,0,0,0,0,0,0,0,0,0,0,0,0,0,0,0,0,0,7,0,0,0,0,0,0,0,0,0,0,0,0,0,0,0,0,0,0,0,0,0,0
225,0,0,0,0,0,0,0,2,2,0,0,0,0,0,0,0,0,0,0,0,0,0,0,0,0,0,0,0,0,0,0,0,0,0,0,0,0,0,0,0,0,0,0,0,0,0,0,0,0,7,0,0,0,0,0,0,0,0,0,0,0,0,0,0,0,0,0,0,0,0,0,0,0,0,0,0,0,7,0,0,0,0,0,0,0,0,0,0,0,0,0,0,0,0,0,0,0,0,0,0,0
226,0,0,0,0,0,0,2,2,0,0,0,0,0,0,0,0,0,0,0,0,0,0,0,0,0,0,0,0,0,0,0,0,0,0,0,0,0,0,0,0,0,0,0,0,0,0,0,0,7,0,0,0,0,0,0,0,0,0,0,0,0,0,0,0,0,0,0,0,0,0,0,0,0,0,0,0,7,0,0,0,0,0,0,0,0,0,0,0,0,0,0,0,0,0,0,0,0,0,0,0,0
227,0,0,0,0,0,2,2,0,0,0,0,0,0,0,0,0,0,0,0,0,0,0,0,0,0,0,0,0,0,0,0,0,0,0,0,0,0,0,0,0,0,0,0,0,0,0,0,7,0,0,0,0,0,0,0,0,0,0,0,0,0,0,0,0,0,0,0,0,0,0,0,0,0,0,0,7,0,0,0,0,0,0,0,0,0,0,0,0,0,0,0,0,0,0,0,0,0,0,0,0,0
228,0,0,0,0,2,2,0,0,0,0,0,0,0,0,0,0,0,0,0,0,0,0,0,0,0,0,0,0,0,0,0,0,0,0,0,0,0,0,0,0,0,0,0,0,0,0,7,0,0,0,0,0,0,0,0,0,0,0,0,0,0,0,0,0,0,0,0,0,0,0,0,0,0,0,7,0,0,0,0,0,0,0,0,0,0,0,0,0,0,0,0,0,0,0,0,0,0,0,0,0,0
229,0,0,0,2,2,0,0,0,0,0,0,0,0,0,0,0,0,0,0,0,0,0,0,0,0,0,0,0,0,0,0,0,0,0,0,0,0,0,0,0,0,0,0,0,0,7,0,0,0,0,0,0,0,0,0,0,0,0,0,0,0,0,0,0,0,0,0,0,0,0,0,0,0,7,0,0,0,0,0,0,0,0,0,0,0,0,0,0,0,0,0,0,0,0,0,0,0,0,0,0,0
230,0,0,2,2,0,0,0,0,0,0,0,0,0,0,0,0,0,0,0,0,0,0,0,0,0,0,0,0,0,0,0,0,0,0,0,0,0,0,0,0,0,0,0,0,7,0,0,0,0,0,0,0,0,0,0,0,0,0,0,0,0,0,0,0,0,0,0,0,0,0,0,0,7,0,0,0,0,0,0,0,0,0,0,0,0,0,0,0,0,0,0,0,0,0,0,0,0,0,0,0,0
231,0,2,2,0,0,0,0,0,0,0,0,0,0,0,0,0,0,0,0,0,0,0,0,0,0,0,0,0,0,0,0,0,0,0,0,0,0,0,0,0,0,0,0,7,0,0,0,0,0,0,0,0,0,0,0,0,0,0,0,0,0,0,0,0,0,0,0,0,0,0,0,7,0,0,0,0,0,0,0,0,0,0,0,0,0,0,0,0,0,0,0,0,0,0,0,0,0,0,0,0,0
232,2,2,0,0,0,0,0,0,0,0,0,0,0,0,0,0,0,0,0,0,0,0,0,0,0,0,0,0,0,0,0,0,0,0,0,0,0,0,0,0,0,0,7,0,0,0,0,0,0,0,0,0,0,0,0,0,0,0,0,0,0,0,0,0,0,0,0,0,0,0,7,0,0,0,0,0,0,0,0,0,0,0,0,0,0,0,0,0,0,0,0,0,0,0,0,0,0,0,0,0,0
233,2,0,0,0,0,0,0,0,0,0,0,0,0,0,0,0,0,0,0,0,0,0,0,0,0,0,0,0,0,0,0,0,0,0,0,0,0,0,0,0,0,7,0,0,0,0,0,0,0,0,0,0,0,0,0,0,0,0,0,0,0,0,0,0,0,0,0,0,0,7,0,0,0,0,0,0,0,0,0,0,0,0,0,0,0,0,0,0,0,0,0,0,0,0,0,0,0,0,0,0,0
234,0,0,0,0,0,0,0,0,0,0,0,0,0,0,0,0,0,0,0,0,0,0,0,0,0,0,0,0,0,0,0,0,0,0,0,0,0,0,0,0,7,0,0,0,0,0,0,0,0,0,0,0,0,0,0,0,0,0,0,0,0,0,0,0,0,0,0,0,7,0,0,0,0,0,0,0,0,0,0,0,0,0,0,0,0,0,0,0,0,0,0,0,0,0,0,0,0,0,0,0,0
235,0,0,0,0,0,0,0,0,0,0,0,0,0,0,0,0,0,0,0,0,0,0,0,0,0,0,0,0,0,0,0,0,0,0,0,0,0,0,0,7,0,0,0,0,0,0,0,0,0,0,0,0,0,0,0,0,0,0,0,0,0,0,0,0,0,0,0,7,0,0,0,0,0,0,0,0,0,0,0,0,0,0,0,0,0,0,0,0,0,0,0,0,0,0,0,0,0,0,0,0,0
236,0,0,0,0,0,0,0,0,0,0,0,0,0,0,0,0,0,0,0,0,0,0,0,0,0,0,0,0,0,0,0,0,0,0,0,0,0,0,7,0,0,0,0,0,0,0,0,0,0,0,0,0,0,0,0,0,0,0,0,0,0,0,0,0,0,0,7,0,0,0,0,0,0,0,0,0,0,0,0,0,0,0,0,0,0,0,0,0,0,0,0,0,0,0,0,0,0,0,0,0,0
237,0,0,0,0,0,0,0,0,0,0,0,0,0,0,0,0,0,0,0,0,0,0,0,0,0,0,0,0,0,0,0,0,0,0,0,0,0,7,0,0,0,0,0,0,0,0,0,0,0,0,0,0,0,0,0,0,0,0,0,0,0,0,0,0,0,7,0,0,0,0,0,0,0,0,0,0,0,0,0,0,0,0,0,0,0,0,0,0,0,0,0,0,0,0,0,0,0,0,0,0,0
238,0,0,0,0,0,0,0,0,0,0,0,0,0,0,0,0,0,0,0,0,0,0,0,0,0,0,0,0,0,0,0,0,0,0,0,0,7,0,0,0,0,0,0,0,0,0,0,0,0,0,0,0,0,0,0,0,0,0,0,0,0,0,0,0,7,0,0,0,0,0,0,0,0,0,0,0,0,0,0,0,0,0,0,0,0,0,0,0,0,0,0,0,0,0,0,0,0,0,0,0,0
239,0,0,0,0,0,0,0,0,0,0,0,0,0,0,0,0,0,0,0,0,0,0,0,0,0,0,0,0,0,0,0,0,0,0,0,7,0,0,0,0,0,0,0,0,0,0,0,0,0,0,0,0,0,0,0,0,0,0,0,0,0,0,0,7,0,0,0,0,0,0,0,0,0,0,0,0,0,0,0,0,0,0,0,0,0,0,0,0,0,0,0,0,0,0,0,0,0,0,0,0,0
240,0,0,0,0,0,0,0,0,0,0,0,0,0,0,0,0,0,0,0,0,0,0,0,0,0,0,0,0,0,0,0,0,0,0,7,0,0,0,0,0,0,0,0,0,0,0,0,0,0,0,0,0,0,0,0,0,0,0,0,0,0,0,7,0,0,0,0,0,0,0,0,0,0,0,0,0,0,0,0,0,0,0,0,0,0,0,0,0,0,0,0,0,0,0,0,0,0,0,0,0,0
241,0,0,0,0,0,0,0,0,0,0,0,0,0,0,0,0,0,0,0,0,0,0,0,0,0,0,0,0,0,0,0,0,0,7,0,0,0,0,0,0,0,0,0,0,0,0,0,0,0,0,0,0,0,0,0,0,0,0,0,0,0,7,0,0,0,0,0,0,0,0,0,0,0,0,0,0,0,0,0,0,0,0,0,0,0,0,0,0,0,0,0,0,0,0,0,0,0,0,0,0,0
242,0,0,0,0,0,0,0,0,0,0,0,0,0,0,0,0,0,0,0,0,0,0,0,0,0,0,0,0,0,0,0,0,7,0,0,0,0,0,0,0,0,0,0,0,0,0,0,0,0,0,0,0,0,0,0,0,0,0,0,0,7,0,0,0,0,0,0,0,0,0,0,0,0,0,0,0,0,0,0,0,0,0,0,0,0,0,0,0,0,0,0,0,0,0,0,0,0,0,0,0,0
243,0,0,0,0,0,0,0,0,0,0,0,0,0,0,0,0,0,0,0,0,0,0,0,0,0,0,0,0,0,0,0,7,0,0,0,0,0,0,0,0,0,0,0,0,0,0,0,0,0,0,0,0,0,0,0,0,0,0,0,7,0,0,0,0,0,0,0,0,0,0,0,0,0,0,0,0,0,0,0,0,0,0,0,0,0,0,0,0,0,0,0,0,0,0,0,0,0,0,0,0,2
244,0,0,0,0,0,0,0,0,0,0,0,0,0,0,0,0,0,0,0,0,0,0,0,0,0,0,0,0,0,0,7,0,0,0,0,0,0,0,0,0,0,0,0,0,0,0,0,0,0,0,0,0,0,0,0,0,0,0,7,0,0,0,0,0,0,0,0,0,0,0,0,0,0,0,0,0,0,0,0,0,0,0,0,0,0,0,0,0,0,0,0,0,0,0,0,0,0,0,0,2,6
245,0,0,0,0,0,0,0,0,0,0,0,0,0,0,0,0,0,0,0,0,0,0,0,0,0,0,0,0,0,7,0,0,0,0,0,0,0,0,0,0,0,0,0,0,0,0,0,0,0,0,0,0,0,0,0,0,0,7,0,0,0,0,0,0,0,0,0,0,0,0,0,0,0,0,0,0,0,0,0,0,0,0,0,0,0,0,0,0,0,0,0,0,0,0,0,0,0,0,2,6,0
246,0,0,0,0,0,0,0,0,0,0,0,0,0,0,0,0,0,0,0,0,0,0,0,0,0,0,0,0,7,0,0,0,0,0,0,0,0,0,0,0,0,0,0,0,0,0,0,0,0,0,0,0,0,0,0,0,7,0,0,0,0,0,0,0,0,0,0,0,0,0,0,0,0,0,0,0,0,0,0,0,0,0,0,0,0,0,0,0,0,0,0,0,0,0,0,0,0,2,6,0,0
247,0,0,0,0,0,0,0,0,0,0,0,0,0,0,0,0,0,0,0,0,0,0,0,0,0,0,0,7,0,0,0,0,0,0,0,0,0,0,0,0,0,0,0,0,0,0,0,0,0,0,0,0,0,0,0,7,0,0,0,0,0,0,0,0,0,0,0,0,0,0,0,0,0,0,0,0,0,0,0,0,0,0,0,0,0,0,0,0,0,0,0,0,0,0,0,0,2,6,0,0,0
248,0,0,0,0,0,0,0,0,0,0,0,0,0,0,0,0,0,0,0,0,0,0,0,0,0,0,7,0,0,0,0,0,0,0,0,0,0,0,0,0,0,0,0,0,0,0,0,0,0,0,0,0,0,0,7,0,0,0,0,0,0,0,0,0,0,0,0,0,0,0,0,0,0,0,0,0,0,0,0,0,0,0,0,0,0,0,0,0,0,0,0,0,0,0,0,2,6,0,0,0,0
249,0,0,0,0,0,0,0,0,0,0,0,0,0,0,0,0,0,0,0,0,0,0,0,0,0,7,0,0,0,0,0,0,0,0,0,0,0,0,0,0,0,0,0,0,0,0,0,0,0,0,0,0,0,7,0,0,0,0,0,0,0,0,0,0,0,0,0,0,0,0,0,0,0,0,0,0,0,0,0,0,0,0,0,0,0,0,0,0,0,0,0,0,0,0,2,6,0,0,0,0,4
250,0,0,0,0,0,0,0,0,0,0,0,0,0,0,0,0,0,0,0,0,0,0,0,0,7,0,0,0,0,0,0,0,0,0,0,0,0,0,0,0,0,0,0,0,0,0,0,0,0,0,0,0,7,0,0,0,0,0,0,0,0,0,0,0,0,0,0,0,0,0,0,0,0,0,0,0,0,0,0,0,0,0,0,0,0,0,0,0,0,0,0,0,0,2,6,0,0,0,0,4,3
251,0,0,0,0,0,0,0,0,0,0,0,0,0,0,0,0,0,0,0,0,0,0,0,7,0,0,0,0,0,0,0,0,0,0,0,0,0,0,0,0,0,0,0,0,0,0,0,0,0,0,0,7,0,0,0,0,0,0,0,0,0,0,0,0,0,0,0,0,0,0,0,0,0,0,0,0,0,0,0,0,0,0,0,0,0,0,0,0,0,0,0,0,2,6,0,0,0,0,4,3,0
252,0,0,0,0,0,0,0,0,0,0,0,0,0,0,0,0,0,0,0,0,0,0,7,0,0,0,0,0,0,0,0,0,0,0,0,0,0,0,0,0,0,0,0,0,0,0,0,0,0,0,7,0,0,0,0,0,0,0,0,0,0,0,0,0,0,0,0,0,0,0,0,0,0,0,0,0,0,0,0,0,0,0,0,0,0,0,0,0,0,0,0,2,6,0,0,0,0,4,3,0,0
253,0,0,0,0,0,0,0,0,0,0,0,0,0,0,0,0,0,0,0,0,0,7,0,0,0,0,0,0,0,0,0,0,0,0,0,0,0,0,0,0,0,0,0,0,0,0,0,0,0,7,0,0,0,0,0,0,0,0,0,0,0,0,0,0,0,0,0,0,0,0,0,0,0,0,0,0,0,0,0,0,0,0,0,0,0,0,0,0,0,0,2,6,0,0,0,0,4,3,0,0,0
254,0,0,0,0,0,0,0,0,0,0,0,0,0,0,0,0,0,0,0,0,7,0,0,0,0,0,0,0,0,0,0,0,0,0,0,0,0,0,0,0,0,0,0,0,0,0,0,0,7,0,0,0,0,0,0,0,0,0,0,0,0,0,0,0,0,0,0,0,0,0,0,0,0,0,0,0,0,0,0,0,0,0,0,0,0,0,0,0,0,2,6,0,0,0,0,4,3,0,0,0,0
255,0,0,0,0,0,0,0,0,0,0,0,0,0,0,0,0,0,0,0,7,0,0,0,0,0,0,0,0,0,0,0,0,0,0,0,0,0,0,0,0,0,0,0,0,0,0,0,7,0,0,0,0,0,0,0,0,0,0,0,0,0,0,0,0,0,0,0,0,0,0,0,0,0,0,0,0,0,0,0,0,0,0,0,0,0,0,0,0,2,6,0,0,0,0,4,3,0,0,0,0,0
256,0,0,0,0,0,0,0,0,0,0,0,0,0,0,0,0,0,0,7,0,0,0,0,0,0,0,0,0,0,0,0,0,0,0,0,0,0,0,0,0,0,0,0,0,0,0,7,0,0,0,0,0,0,0,0,0,0,0,0,0,0,0,0,0,0,0,0,0,0,0,0,0,0,0,0,0,0,0,0,0,0,0,0,0,0,0,0,2,6,0,0,0,0,4,3,0,0,0,0,0,0
257,0,0,0,0,0,0,0,0,0,0,0,0,0,0,0,0,0,7,0,0,0,0,0,0,0,0,0,0,0,0,0,0,0,0,0,0,0,0,0,0,0,0,0,0,0,7,0,0,0,0,0,0,0,0,0,0,0,0,0,0,0,0,0,0,0,0,0,0,0,0,0,0,0,0,0,0,0,0,0,0,0,0,0,0,0,0,2,6,0,0,0,0,4,3,0,0,0,0,0,0,0
258,0,0,0,0,0,0,0,0,0,0,0,0,0,0,0,0,7,0,0,0,0,0,0,0,0,0,0,0,0,0,0,0,0,0,0,0,0,0,0,0,0,0,0,0,7,0,0,0,0,0,0,0,0,0,0,0,0,0,0,0,0,0,0,0,0,0,0,0,0,0,0,0,0,0,0,0,0,0,0,0,0,0,0,0,0,2,6,0,0,0,0,4,3,0,0,0,0,0,0,0,0
259,0,0,0,0,0,0,0,0,0,0,0,0,0,0,0,7,0,0,0,0,0,0,0,0,0,0,0,0,0,0,0,0,0,0,0,0,0,0,0,0,0,0,0,7,0,0,0,0,0,0,0,0,0,0,0,0,0,0,0,0,0,0,0,0,0,0,0,0,0,0,0,0,0,0,0,0,0,0,0,0,0,0,0,0,2,6,0,0,0,0,4,3,0,0,0,0,0,0,0,0,0
260,0,0,0,0,0,0,0,0,0,0,0,0,0,0,7,0,0,0,0,0,0,0,0,0,0,0,0,0,0,0,0,0,0,0,0,0,0,0,0,0,0,0,7,0,0,0,0,0,0,0,0,0,0,0,0,0,0,0,0,0,0,0,0,0,0,0,0,0,0,0,0,0,0,0,0,0,0,0,0,0,0,0,0,2,6,0,0,0,0,4,3,0,0,0,0,0,0,0,0,0,0
261,0,0,0,0,0,0,0,0,0,0,0,0,0,7,0,0,0,0,0,0,0,0,0,0,0,0,0,0,0,0,0,0,0,0,0,0,0,0,0,0,0,7,0,0,0,0,0,0,0,0,0,0,0,0,0,0,0,0,0,0,0,0,0,0,0,0,0,0,0,0,0,0,0,0,0,0,0,0,0,0,0,0,2,6,0,0,0,0,4,3,0,0,0,0,0,0,0,0,0,0,0
262,0,0,0,0,0,0,0,0,0,0,0,0,7,0,0,0,0,0,0,0,0,0,0,0,0,0,0,0,0,0,0,0,0,0,0,0,0,0,0,0,7,0,0,0,0,0,0,0,0,0,0,0,0,0,0,0,0,0,0,0,0,0,0,0,0,0,0,0,0,0,0,0,0,0,0,0,0,0,0,0,0,2,6,0,0,0,0,4,3,0,0,0,0,0,0,0,0,0,0,0,0
263,0,0,0,0,0,0,0,0,0,0,0,7,0,0,0,0,0,0,0,0,0,0,0,0,0,0,0,0,0,0,0,0,0,0,0,0,0,0,0,7,0,0,0,0,0,0,0,0,0,0,0,0,0,0,0,0,0,0,0,0,0,0,0,0,0,0,0,0,0,0,0,0,0,0,0,0,0,0,0,0,2,6,0,0,0,0,4,3,0,0,0,0,0,0,0,0,0,0,0,0,0
264,0,0,0,0,0,0,0,0,0,0,7,0,0,0,0,0,0,0,0,0,0,0,0,0,0,0,0,0,0,0,0,0,0,0,0,0,0,0,7,0,0,0,0,0,0,0,0,0,0,0,0,0,0,0,0,0,0,0,0,0,0,0,0,0,0,0,0,0,0,0,0,0,0,0,0,0,0,0,0,2,6,0,0,0,0,4,3,0,0,0,0,0,0,0,0,0,0,0,0,0,0
265,0,0,0,0,0,0,0,0,0,7,0,0,0,0,0,0,0,0,0,0,0,0,0,0,0,0,0,0,0,0,0,0,0,0,0,0,0,7,0,0,0,0,0,0,0,0,0,0,0,0,0,0,0,0,0,0,0,0,0,0,0,0,0,0,0,0,0,0,0,0,0,0,0,0,0,0,0,0,2,6,0,0,0,0,4,3,0,0,0,0,0,0,0,0,0,0,0,0,0,0,0
266,0,0,0,0,0,0,0,0,7,0,0,0,0,0,0,0,0,0,0,0,0,0,0,0,0,0,0,0,0,0,0,0,0,0,0,0,7,0,0,0,0,0,0,0,0,0,0,0,0,0,0,0,0,0,0,0,0,0,0,0,0,0,0,0,0,0,0,0,0,0,0,0,0,0,0,0,0,2,6,0,0,0,0,4,3,0,0,0,0,0,0,0,0,0,0,0,0,0,0,0,0
267,0,0,0,0,0,0,0,7,0,0,0,0,0,0,0,0,0,0,0,0,0,0,0,0,0,0,0,0,0,0,0,0,0,0,0,7,0,0,0,0,0,0,0,0,0,0,0,0,0,0,0,0,0,0,0,0,0,0,0,0,0,0,0,0,0,0,0,0,0,0,0,0,0,0,0,0,2,6,0,0,0,0,4,3,0,0,0,0,0,0,0,0,0,0,0,0,0,0,0,0,0
268,0,0,0,0,0,0,7,0,0,0,0,0,0,0,0,0,0,0,0,0,0,0,0,0,0,0,0,0,0,0,0,0,0,0,7,0,0,0,0,0,0,0,0,0,0,0,0,0,0,0,0,0,0,0,0,0,0,0,0,0,0,0,0,0,0,0,0,0,0,0,0,0,0,0,0,2,6,0,0,0,0,4,3,0,0,0,0,0,0,0,0,0,0,0,0,0,0,0,0,0,0
269,0,0,0,0,0,7,0,0,0,0,0,0,0,0,0,0,0,0,0,0,0,0,0,0,0,0,0,0,0,0,0,0,0,7,0,0,0,0,0,0,0,0,0,0,0,0,0,0,0,0,0,0,0,0,0,0,0,0,0,0,0,0,0,0,0,0,0,0,0,0,0,0,0,0,2,6,0,0,0,0,4,3,0,0,0,0,0,0,0,0,0,0,0,0,0,0,0,0,0,0,0
270,0,0,0,0,7,0,0,0,0,0,0,0,0,0,0,0,0,0,0,0,0,0,0,0,0,0,0,0,0,0,0,0,7,0,0,0,0,0,0,0,0,0,0,0,0,0,0,0,0,0,0,0,0,0,0,0,0,0,0,0,0,0,0,0,0,0,0,0,0,0,0,0,0,2,6,0,0,0,0,4,3,0,0,0,0,0,0,0,0,0,0,0,0,0,0,0,0,0,0,0,0
271,0,0,0,7,0,0,0,0,0,0,0,0,0,0,0,0,0,0,0,0,0,0,0,0,0,0,0,0,0,0,0,7,0,0,0,0,0,0,0,0,0,0,0,0,0,0,0,0,0,0,0,0,0,0,0,0,0,0,0,0,0,0,0,0,0,0,0,0,0,0,0,0,2,6,0,0,0,0,4,3,0,0,0,0,0,0,0,0,0,0,0,0,0,0,0,0,0,0,0,0,21
272,0,0,7,0,0,0,0,0,0,0,0,0,0,0,0,0,0,0,0,0,0,0,0,0,0,0,0,0,0,0,7,0,0,0,0,0,0,0,0,0,0,0,0,0,0,0,0,0,0,0,0,0,0,0,0,0,0,0,0,0,0,0,0,0,0,0,0,0,0,0,0,2,6,0,0,0,0,4,3,0,0,0,0,0,0,0,0,0,0,0,0,0,0,0,0,0,0,0,0,21,0
273,0,7,0,0,0,0,0,0,0,0,0,0,0,0,0,0,0,0,0,0,0,0,0,0,0,0,0,0,0,7,0,0,0,0,0,0,0,0,0,0,0,0,0,0,0,0,0,0,0,0,0,0,0,0,0,0,0,0,0,0,0,0,0,0,0,0,0,0,0,0,2,6,0,0,0,0,4,3,0,0,0,0,0,0,0,0,0,0,0,0,0,0,0,0,0,0,0,0,21,0,0
274,7,0,0,0,0,0,0,0,0,0,0,0,0,0,0,0,0,0,0,0,0,0,0,0,0,0,0,0,7,0,0,0,0,0,0,0,0,0,0,0,0,0,0,0,0,0,0,0,0,0,0,0,0,0,0,0,0,0,0,0,0,0,0,0,0,0,0,0,0,2,6,0,0,0,0,4,3,0,0,0,0,0,0,0,0,0,0,0,0,0,0,0,0,0,0,0,0,21,0,0,0
275,0,0,0,0,0,0,0,0,0,0,0,0,0,0,0,0,0,0,0,0,0,0,0,0,0,0,0,7,0,0,0,0,0,0,0,0,0,0,0,0,0,0,0,0,0,0,0,0,0,0,0,0,0,0,0,0,0,0,0,0,0,0,0,0,0,0,0,0,2,6,0,0,0,0,4,3,0,0,0,0,0,0,0,0,0,0,0,0,0,0,0,0,0,0,0,0,21,0,0,0,0
276,0,0,0,0,0,0,0,0,0,0,0,0,0,0,0,0,0,0,0,0,0,0,0,0,0,0,7,0,0,0,0,0,0,0,0,0,0,0,0,0,0,0,0,0,0,0,0,0,0,0,0,0,0,0,0,0,0,0,0,0,0,0,0,0,0,0,0,2,6,0,0,0,0,4,3,0,0,0,0,0,0,0,0,0,0,0,0,0,0,0,0,0,0,0,0,21,0,0,0,0,0
277,0,0,0,0,0,0,0,0,0,0,0,0,0,0,0,0,0,0,0,0,0,0,0,0,0,7,0,0,0,0,0,0,0,0,0,0,0,0,0,0,0,0,0,0,0,0,0,0,0,0,0,0,0,0,0,0,0,0,0,0,0,0,0,0,0,0,2,6,0,0,0,0,4,3,0,0,0,0,0,0,0,0,0,0,0,0,0,0,0,0,0,0,0,0,21,0,0,0,0,0,0
278,0,0,0,0,0,0,0,0,0,0,0,0,0,0,0,0,0,0,0,0,0,0,0,0,7,0,0,0,0,0,0,0,0,0,0,0,0,0,0,0,0,0,0,0,0,0,0,0,0,0,0,0,0,0,0,0,0,0,0,0,0,0,0,0,0,2,6,0,0,0,0,4,3,0,0,0,0,0,0,0,0,0,0,0,0,0,0,0,0,0,0,0,0,21,0,0,0,0,0,0,0
279,0,0,0,0,0,0,0,0,0,0,0,0,0,0,0,0,0,0,0,0,0,0,0,7,0,0,0,0,0,0,0,0,0,0,0,0,0,0,0,0,0,0,0,0,0,0,0,0,0,0,0,0,0,0,0,0,0,0,0,0,0,0,0,0,2,6,0,0,0,0,4,3,0,0,0,0,0,0,0,0,0,0,0,0,0,0,0,0,0,0,0,0,21,0,0,0,0,0,0,0,0
280,0,0,0,0,0,0,0,0,0,0,0,0,0,0,0,0,0,0,0,0,0,0,7,0,0,0,0,0,0,0,0,0,0,0,0,0,0,0,0,0,0,0,0,0,0,0,0,0,0,0,0,0,0,0,0,0,0,0,0,0,0,0,0,2,6,0,0,0,0,4,3,0,0,0,0,0,0,0,0,0,0,0,0,0,0,0,0,0,0,0,0,21,0,0,0,0,0,0,0,0,0
281,0,0,0,0,0,0,0,0,0,0,0,0,0,0,0,0,0,0,0,0,0,7,0,0,0,0,0,0,0,0,0,0,0,0,0,0,0,0,0,0,0,0,0,0,0,0,0,0,0,0,0,0,0,0,0,0,0,0,0,0,0,0,2,6,0,0,0,0,4,3,0,0,0,0,0,0,0,0,0,0,0,0,0,0,0,0,0,0,0,0,21,0,0,0,0,0,0,0,0,0,0
282,0,0,0,0,0,0,0,0,0,0,0,0,0,0,0,0,0,0,0,0,7,0,0,0,0,0,0,0,0,0,0,0,0,0,0,0,0,0,0,0,0,0,0,0,0,0,0,0,0,0,0,0,0,0,0,0,0,0,0,0,0,2,6,0,0,0,0,4,3,0,0,0,0,0,0,0,0,0,0,0,0,0,0,0,0,0,0,0,0,21,0,0,0,0,0,0,0,0,0,0,0
283,0,0,0,0,0,0,0,0,0,0,0,0,0,0,0,0,0,0,0,7,0,0,0,0,0,0,0,0,0,0,0,0,0,0,0,0,0,0,0,0,0,0,0,0,0,0,0,0,0,0,0,0,0,0,0,0,0,0,0,0,2,6,0,0,0,0,4,3,0,0,0,0,0,0,0,0,0,0,0,0,0,0,0,0,0,0,0,0,21,0,0,0,0,0,0,0,0,0,0,0,0
284,0,0,0,0,0,0,0,0,0,0,0,0,0,0,0,0,0,0,7,0,0,0,0,0,0,0,0,0,0,0,0,0,0,0,0,0,0,0,0,0,0,0,0,0,0,0,0,0,0,0,0,0,0,0,0,0,0,0,0,2,6,0,0,0,0,4,3,0,0,0,0,0,0,0,0,0,0,0,0,0,0,0,0,0,0,0,0,21,0,0,0,0,0,0,0,0,0,0,0,0,0
285,0,0,0,0,0,0,0,0,0,0,0,0,0,0,0,0,0,7,0,0,0,0,0,0,0,0,0,0,0,0,0,0,0,0,0,0,0,0,0,0,0,0,0,0,0,0,0,0,0,0,0,0,0,0,0,0,0,0,2,6,0,0,0,0,4,3,0,0,0,0,0,0,0,0,0,0,0,0,0,0,0,0,0,0,0,0,21,0,0,0,0,0,0,0,0,0,0,0,0,0,0
286,0,0,0,0,0,0,0,0,0,0,0,0,0,0,0,0,7,0,0,0,0,0,0,0,0,0,0,0,0,0,0,0,0,0,0,0,0,0,0,0,0,0,0,0,0,0,0,0,0,0,0,0,0,0,0,0,0,2,6,0,0,0,0,4,3,0,0,0,0,0,0,0,0,0,0,0,0,0,0,0,0,0,0,0,0,21,0,0,0,0,0,0,0,0,0,0,0,0,0,0,0
287,0,0,0,0,0,0,0,0,0,0,0,0,0,0,0,7,0,0,0,0,0,0,0,0,0,0,0,0,0,0,0,0,0,0,0,0,0,0,0,0,0,0,0,0,0,0,0,0,0,0,0,0,0,0,0,0,2,6,0,0,0,0,4,3,0,0,0,0,0,0,0,0,0,0,0,0,0,0,0,0,0,0,0,0,21,0,0,0,0,0,0,0,0,0,0,0,0,0,0,0,0
288,0,0,0,0,0,0,0,0,0,0,0,0,0,0,7,0,0,0,0,0,0,0,0,0,0,0,0,0,0,0,0,0,0,0,0,0,0,0,0,0,0,0,0,0,0,0,0,0,0,0,0,0,0,0,0,2,6,0,0,0,0,4,3,0,0,0,0,0,0,0,0,0,0,0,0,0,0,0,0,0,0,0,0,21,0,0,0,0,0,0,0,0,0,0,0,0,0,0,0,0,0
289,0,0,0,0,0,0,0,0,0,0,0,0,0,7,0,0,0,0,0,0,0,0,0,0,0,0,0,0,0,0,0,0,0,0,0,0,0,0,0,0,0,0,0,0,0,0,0,0,0,0,0,0,0,0,2,6,0,0,0,0,4,3,0,0,0,0,0,0,0,0,0,0,0,0,0,0,0,0,0,0,0,0,21,0,0,0,0,0,0,0,0,0,0,0,0,0,0,0,0,0,0
290,0,0,0,0,0,0,0,0,0,0,0,0,7,0,0,0,0,0,0,0,0,0,0,0,0,0,0,0,0,0,0,0,0,0,0,0,0,0,0,0,0,0,0,0,0,0,0,0,0,0,0,0,0,2,6,0,0,0,0,4,3,0,0,0,0,0,0,0,0,0,0,0,0,0,0,0,0,0,0,0,0,21,0,0,0,0,0,0,0,0,0,0,0,0,0,0,0,0,0,0,0
291,0,0,0,0,0,0,0,0,0,0,0,7,0,0,0,0,0,0,0,0,0,0,0,0,0,0,0,0,0,0,0,0,0,0,0,0,0,0,0,0,0,0,0,0,0,0,0,0,0,0,0,0,2,6,0,0,0,0,4,3,0,0,0,0,0,0,0,0,0,0,0,0,0,0,0,0,0,0,0,0,21,0,0,0,0,0,0,0,0,0,0,0,0,0,0,0,0,0,0,0,0
292,0,0,0,0,0,0,0,0,0,0,7,0,0,0,0,0,0,0,0,0,0,0,0,0,0,0,0,0,0,0,0,0,0,0,0,0,0,0,0,0,0,0,0,0,0,0,0,0,0,0,0,2,6,0,0,0,0,4,3,0,0,0,0,0,0,0,0,0,0,0,0,0,0,0,0,0,0,0,0,21,0,0,0,0,0,0,0,0,0,0,0,0,0,0,0,0,0,0,0,0,0
293,0,0,0,0,0,0,0,0,0,7,0,0,0,0,0,0,0,0,0,0,0,0,0,0,0,0,0,0,0,0,0,0,0,0,0,0,0,0,0,0,0,0,0,0,0,0,0,0,0,0,2,6,0,0,0,0,4,3,0,0,0,0,0,0,0,0,0,0,0,0,0,0,0,0,0,0,0,0,21,0,0,0,0,0,0,0,0,0,0,0,0,0,0,0,0,0,0,0,0,0,0
294,0,0,0,0,0,0,0,0,7,0,0,0,0,0,0,0,0,0,0,0,0,0,0,0,0,0,0,0,0,0,0,0,0,0,0,0,0,0,0,0,0,0,0,0,0,0,0,0,0,2,6,0,0,0,0,4,3,0,0,0,0,0,0,0,0,0,0,0,0,0,0,0,0,0,0,0,0,21,0,0,0,0,0,0,0,0,0,0,0,0,0,0,0,0,0,0,0,0,0,0,0
295,0,0,0,0,0,0,0,7,0,0,0,0,0,0,0,0,0,0,0,0,0,0,0,0,0,0,0,0,0,0,0,0,0,0,0,0,0,0,0,0,0,0,0,0,0,0,0,0,2,6,0,0,0,0,4,3,0,0,0,0,0,0,0,0,0,0,0,0,0,0,0,0,0,0,0,0,21,0,0,0,0,0,0,0,0,0,0,0,0,0,0,0,0,0,0,0,0,0,0,0,13
296,0,0,0,0,0,0,7,0,0,0,0,0,0,0,0,0,0,0,0,0,0,0,0,0,0,0,0,0,0,0,0,0,0,0,0,0,0,0,0,0,0,0,0,0,0,0,0,2,6,0,0,0,0,4,3,0,0,0,0,0,0,0,0,0,0,0,0,0,0,0,0,0,0,0,0,21,0,0,0,0,0,0,0,0,0,0,0,0,0,0,0,0,0,0,0,0,0,0,0,13,0
297,0,0,0,0,0,7,0,0,0,0,0,0,0,0,0,0,0,0,0,0,0,0,0,0,0,0,0,0,0,0,0,0,0,0,0,0,0,0,0,0,0,0,0,0,0,0,2,6,0,0,0,0,4,3,0,0,0,0,0,0,0,0,0,0,0,0,0,0,0,0,0,0,0,0,21,0,0,0,0,0,0,0,0,0,0,0,0,0,0,0,0,0,0,0,0,0,0,0,13,0,0
298,0,0,0,0,7,0,0,0,0,0,0,0,0,0,0,0,0,0,0,0,0,0,0,0,0,0,0,0,0,0,0,0,0,0,0,0,0,0,0,0,0,0,0,0,0,2,6,0,0,0,0,4,3,0,0,0,0,0,0,0,0,0,0,0,0,0,0,0,0,0,0,0,0,21,0,0,0,0,0,0,0,0,0,0,0,0,0,0,0,0,0,0,0,0,0,0,0,13,0,0,0
299,0,0,0,7,0,0,0,0,0,0,0,0,0,0,0,0,0,0,0,0,0,0,0,0,0,0,0,0,0,0,0,0,0,0,0,0,0,0,0,0,0,0,0,0,2,6,0,0,0,0,4,3,0,0,0,0,0,0,0,0,0,0,0,0,0,0,0,0,0,0,0,0,21,0,0,0,0,0,0,0,0,0,0,0,0,0,0,0,0,0,0,0,0,0,0,0,13,0,0,0,0
300,0,0,7,0,0,0,0,0,0,0,0,0,0,0,0,0,0,0,0,0,0,0,0,0,0,0,0,0,0,0,0,0,0,0,0,0,0,0,0,0,0,0,0,2,6,0,0,0,0,4,3,0,0,0,0,0,0,0,0,0,0,0,0,0,0,0,0,0,0,0,0,21,0,0,0,0,0,0,0,0,0,0,0,0,0,0,0,0,0,0,0,0,0,0,0,13,0,0,0,0,0
301,0,7,0,0,0,0,0,0,0,0,0,0,0,0,0,0,0,0,0,0,0,0,0,0,0,0,0,0,0,0,0,0,0,0,0,0,0,0,0,0,0,0,2,6,0,0,0,0,4,3,0,0,0,0,0,0,0,0,0,0,0,0,0,0,0,0,0,0,0,0,21,0,0,0,0,0,0,0,0,0,0,0,0,0,0,0,0,0,0,0,0,0,0,0,13,0,0,0,0,0,0
302,7,0,0,0,0,0,0,0,0,0,0,0,0,0,0,0,0,0,0,0,0,0,0,0,0,0,0,0,0,0,0,0,0,0,0,0,0,0,0,0,0,2,6,0,0,0,0,4,3,0,0,0,0,0,0,0,0,0,0,0,0,0,0,0,0,0,0,0,0,21,0,0,0,0,0,0,0,0,0,0,0,0,0,0,0,0,0,0,0,0,0,0,0,13,0,0,0,0,0,0,0
303,0,0,0,0,0,0,0,0,0,0,0,0,0,0,0,0,0,0,0,0,0,0,0,0,0,0,0,0,0,0,0,0,0,0,0,0,0,0,0,0,2,6,0,0,0,0,4,3,0,0,0,0,0,0,0,0,0,0,0,0,0,0,0,0,0,0,0,0,21,0,0,0,0,0,0,0,0,0,0,0,0,0,0,0,0,0,0,0,0,0,0,0,13,0,0,0,0,0,0,0,0
304,0,0,0,0,0,0,0,0,0,0,0,0,0,0,0,0,0,0,0,0,0,0,0,0,0,0,0,0,0,0,0,0,0,0,0,0,0,0,0,2,6,0,0,0,0,4,3,0,0,0,0,0,0,0,0,0,0,0,0,0,0,0,0,0,0,0,0,21,0,0,0,0,0,0,0,0,0,0,0,0,0,0,0,0,0,0,0,0,0,0,0,13,0,0,0,0,0,0,0,0,0
305,0,0,0,0,0,0,0,0,0,0,0,0,0,0,0,0,0,0,0,0,0,0,0,0,0,0,0,0,0,0,0,0,0,0,0,0,0,0,2,6,0,0,0,0,4,3,0,0,0,0,0,0,0,0,0,0,0,0,0,0,0,0,0,0,0,0,21,0,0,0,0,0,0,0,0,0,0,0,0,0,0,0,0,0,0,0,0,0,0,0,13,0,0,0,0,0,0,0,0,0,0
306,0,0,0,0,0,0,0,0,0,0,0,0,0,0,0,0,0,0,0,0,0,0,0,0,0,0,0,0,0,0,0,0,0,0,0,0,0,2,6,0,0,0,0,4,3,0,0,0,0,0,0,0,0,0,0,0,0,0,0,0,0,0,0,0,0,21,0,0,0,0,0,0,0,0,0,0,0,0,0,0,0,0,0,0,0,0,0,0,0,13,0,0,0,0,0,0,0,0,0,0,0
307,0,0,0,0,0,0,0,0,0,0,0,0,0,0,0,0,0,0,0,0,0,0,0,0,0,0,0,0,0,0,0,0,0,0,0,0,2,6,0,0,0,0,4,3,0,0,0,0,0,0,0,0,0,0,0,0,0,0,0,0,0,0,0,0,21,0,0,0,0,0,0,0,0,0,0,0,0,0,0,0,0,0,0,0,0,0,0,0,13,0,0,0,0,0,0,0,0,0,0,0,0
308,0,0,0,0,0,0,0,0,0,0,0,0,0,0,0,0,0,0,0,0,0,0,0,0,0,0,0,0,0,0,0,0,0,0,0,2,6,0,0,0,0,4,3,0,0,0,0,0,0,0,0,0,0,0,0,0,0,0,0,0,0,0,0,21,0,0,0,0,0,0,0,0,0,0,0,0,0,0,0,0,0,0,0,0,0,0,0,13,0,0,0,0,0,0,0,0,0,0,0,0,0
309,0,0,0,0,0,0,0,0,0,0,0,0,0,0,0,0,0,0,0,0,0,0,0,0,0,0,0,0,0,0,0,0,0,0,2,6,0,0,0,0,4,3,0,0,0,0,0,0,0,0,0,0,0,0,0,0,0,0,0,0,0,0,21,0,0,0,0,0,0,0,0,0,0,0,0,0,0,0,0,0,0,0,0,0,0,0,13,0,0,0,0,0,0,0,0,0,0,0,0,0,0
310,0,0,0,0,0,0,0,0,0,0,0,0,0,0,0,0,0,0,0,0,0,0,0,0,0,0,0,0,0,0,0,0,0,2,6,0,0,0,0,4,3,0,0,0,0,0,0,0,0,0,0,0,0,0,0,0,0,0,0,0,0,21,0,0,0,0,0,0,0,0,0,0,0,0,0,0,0,0,0,0,0,0,0,0,0,13,0,0,0,0,0,0,0,0,0,0,0,0,0,0,0
311,0,0,0,0,0,0,0,0,0,0,0,0,0,0,0,0,0,0,0,0,0,0,0,0,0,0,0,0,0,0,0,0,2,6,0,0,0,0,4,3,0,0,0,0,0,0,0,0,0,0,0,0,0,0,0,0,0,0,0,0,21,0,0,0,0,0,0,0,0,0,0,0,0,0,0,0,0,0,0,0,0,0,0,0,13,0,0,0,0,0,0,0,0,0,0,0,0,0,0,0,0
312,0,0,0,0,0,0,0,0,0,0,0,0,0,0,0,0,0,0,0,0,0,0,0,0,0,0,0,0,0,0,0,2,6,0,0,0,0,4,3,0,0,0,0,0,0,0,0,0,0,0,0,0,0,0,0,0,0,0,0,21,0,0,0,0,0,0,0,0,0,0,0,0,0,0,0,0,0,0,0,0,0,0,0,13,0,0,0,0,0,0,0,0,0,0,0,0,0,0,0,0,0
313,0,0,0,0,0,0,0,0,0,0,0,0,0,0,0,0,0,0,0,0,0,0,0,0,0,0,0,0,0,0,2,6,0,0,0,0,4,3,0,0,0,0,0,0,0,0,0,0,0,0,0,0,0,0,0,0,0,0,21,0,0,0,0,0,0,0,0,0,0,0,0,0,0,0,0,0,0,0,0,0,0,0,13,0,0,0,0,0,0,0,0,0,0,0,0,0,0,0,0,0,0
314,0,0,0,0,0,0,0,0,0,0,0,0,0,0,0,0,0,0,0,0,0,0,0,0,0,0,0,0,0,2,6,0,0,0,0,4,3,0,0,0,0,0,0,0,0,0,0,0,0,0,0,0,0,0,0,0,0,21,0,0,0,0,0,0,0,0,0,0,0,0,0,0,0,0,0,0,0,0,0,0,0,13,0,0,0,0,0,0,0,0,0,0,0,0,0,0,0,0,0,0,0
315,0,0,0,0,0,0,0,0,0,0,0,0,0,0,0,0,0,0,0,0,0,0,0,0,0,0,0,0,2,6,0,0,0,0,4,3,0,0,0,0,0,0,0,0,0,0,0,0,0,0,0,0,0,0,0,0,21,0,0,0,0,0,0,0,0,0,0,0,0,0,0,0,0,0,0,0,0,0,0,0,13,0,0,0,0,0,0,0,0,0,0,0,0,0,0,0,0,0,0,0,0
316,0,0,0,0,0,0,0,0,0,0,0,0,0,0,0,0,0,0,0,0,0,0,0,0,0,0,0,2,6,0,0,0,0,4,3,0,0,0,0,0,0,0,0,0,0,0,0,0,0,0,0,0,0,0,0,21,0,0,0,0,0,0,0,0,0,0,0,0,0,0,0,0,0,0,0,0,0,0,0,13,0,0,0,0,0,0,0,0,0,0,0,0,0,0,0,0,0,0,0,0,0
317,0,0,0,0,0,0,0,0,0,0,0,0,0,0,0,0,0,0,0,0,0,0,0,0,0,0,2,6,0,0,0,0,4,3,0,0,0,0,0,0,0,0,0,0,0,0,0,0,0,0,0,0,0,0,21,0,0,0,0,0,0,0,0,0,0,0,0,0,0,0,0,0,0,0,0,0,0,0,13,0,0,0,0,0,0,0,0,0,0,0,0,0,0,0,0,0,0,0,0,0,0
318,0,0,0,0,0,0,0,0,0,0,0,0,0,0,0,0,0,0,0,0,0,0,0,0,0,2,6,0,0,0,0,4,3,0,0,0,0,0,0,0,0,0,0,0,0,0,0,0,0,0,0,0,0,21,0,0,0,0,0,0,0,0,0,0,0,0,0,0,0,0,0,0,0,0,0,0,0,13,0,0,0,0,0,0,0,0,0,0,0,0,0,0,0,0,0,0,0,0,0,0,0
319,0,0,0,0,0,0,0,0,0,0,0,0,0,0,0,0,0,0,0,0,0,0,0,0,2,6,0,0,0,0,4,3,0,0,0,0,0,0,0,0,0,0,0,0,0,0,0,0,0,0,0,0,21,0,0,0,0,0,0,0,0,0,0,0,0,0,0,0,0,0,0,0,0,0,0,0,13,0,0,0,0,0,0,0,0,0,0,0,0,0,0,0,0,0,0,0,0,0,0,0,0
320,0,0,0,0,0,0,0,0,0,0,0,0,0,0,0,0,0,0,0,0,0,0,0,2,6,0,0,0,0,4,3,0,0,0,0,0,0,0,0,0,0,0,0,0,0,0,0,0,0,0,0,21,0,0,0,0,0,0,0,0,0,0,0,0,0,0,0,0,0,0,0,0,0,0,0,13,0,0,0,0,0,0,0,0,0,0,0,0,0,0,0,0,0,0,0,0,0,0,0,0,0
321,0,0,0,0,0,0,0,0,0,0,0,0,0,0,0,0,0,0,0,0,0,0,2,6,0,0,0,0,4,3,0,0,0,0,0,0,0,0,0,0,0,0,0,0,0,0,0,0,0,0,21,0,0,0,0,0,0,0,0,0,0,0,0,0,0,0,0,0,0,0,0,0,0,0,13,0,0,0,0,0,0,0,0,0,0,0,0,0,0,0,0,0,0,0,0,0,0,0,0,0,0
322,0,0,0,0,0,0,0,0,0,0,0,0,0,0,0,0,0,0,0,0,0,2,6,0,0,0,0,4,3,0,0,0,0,0,0,0,0,0,0,0,0,0,0,0,0,0,0,0,0,21,0,0,0,0,0,0,0,0,0,0,0,0,0,0,0,0,0,0,0,0,0,0,0,13,0,0,0,0,0,0,0,0,0,0,0,0,0,0,0,0,0,0,0,0,0,0,0,0,0,0,0
323,0,0,0,0,0,0,0,0,0,0,0,0,0,0,0,0,0,0,0,0,2,6,0,0,0,0,4,3,0,0,0,0,0,0,0,0,0,0,0,0,0,0,0,0,0,0,0,0,21,0,0,0,0,0,0,0,0,0,0,0,0,0,0,0,0,0,0,0,0,0,0,0,13,0,0,0,0,0,0,0,0,0,0,0,0,0,0,0,0,0,0,0,0,0,0,0,0,0,0,0,0
324,0,0,0,0,0,0,0,0,0,0,0,0,0,0,0,0,0,0,0,2,6,0,0,0,0,4,3,0,0,0,0,0,0,0,0,0,0,0,0,0,0,0,0,0,0,0,0,21,0,0,0,0,0,0,0,0,0,0,0,0,0,0,0,0,0,0,0,0,0,0,0,13,0,0,0,0,0,0,0,0,0,0,0,0,0,0,0,0,0,0,0,0,0,0,0,0,0,0,0,0,0
325,0,0,0,0,0,0,0,0,0,0,0,0,0,0,0,0,0,0,2,6,0,0,0,0,4,3,0,0,0,0,0,0,0,0,0,0,0,0,0,0,0,0,0,0,0,0,21,0,0,0,0,0,0,0,0,0,0,0,0,0,0,0,0,0,0,0,0,0,0,0,13,0,0,0,0,0,0,0,0,0,0,0,0,0,0,0,0,0,0,0,0,0,0,0,0,0,0,0,0,0,0
326,0,0,0,0,0,0,0,0,0,0,0,0,0,0,0,0,0,2,6,0,0,0,0,4,3,0,0,0,0,0,0,0,0,0,0,0,0,0,0,0,0,0,0,0,0,21,0,0,0,0,0,0,0,0,0,0,0,0,0,0,0,0,0,0,0,0,0,0,0,13,0,0,0,0,0,0,0,0,0,0,0,0,0,0,0,0,0,0,0,0,0,0,0,0,0,0,0,0,0,0,23
327,0,0,0,0,0,0,0,0,0,0,0,0,0,0,0,0,2,6,0,0,0,0,4,3,0,0,0,0,0,0,0,0,0,0,0,0,0,0,0,0,0,0,0,0,21,0,0,0,0,0,0,0,0,0,0,0,0,0,0,0,0,0,0,0,0,0,0,0,13,0,0,0,0,0,0,0,0,0,0,0,0,0,0,0,0,0,0,0,0,0,0,0,0,0,0,0,0,0,0,23,0
328,0,0,0,0,0,0,0,0,0,0,0,0,0,0,0,2,6,0,0,0,0,4,3,0,0,0,0,0,0,0,0,0,0,0,0,0,0,0,0,0,0,0,0,21,0,0,0,0,0,0,0,0,0,0,0,0,0,0,0,0,0,0,0,0,0,0,0,13,0,0,0,0,0,0,0,0,0,0,0,0,0,0,0,0,0,0,0,0,0,0,0,0,0,0,0,0,0,0,23,0,0
329,0,0,0,0,0,0,0,0,0,0,0,0,0,0,2,6,0,0,0,0,4,3,0,0,0,0,0,0,0,0,0,0,0,0,0,0,0,0,0,0,0,0,21,0,0,0,0,0,0,0,0,0,0,0,0,0,0,0,0,0,0,0,0,0,0,0,13,0,0,0,0,0,0,0,0,0,0,0,0,0,0,0,0,0,0,0,0,0,0,0,0,0,0,0,0,0,0,23,0,0,0
330,0,0,0,0,0,0,0,0,0,0,0,0,0,2,6,0,0,0,0,4,3,0,0,0,0,0,0,0,0,0,0,0,0,0,0,0,0,0,0,0,0,21,0,0,0,0,0,0,0,0,0,0,0,0,0,0,0,0,0,0,0,0,0,0,0,13,0,0,0,0,0,0,0,0,0,0,0,0,0,0,0,0,0,0,0,0,0,0,0,0,0,0,0,0,0,0,23,0,0,0,0
331,0,0,0,0,0,0,0,0,0,0,0,0,2,6,0,0,0,0,4,3,0,0,0,0,0,0,0,0,0,0,0,0,0,0,0,0,0,0,0,0,21,0,0,0,0,0,0,0,0,0,0,0,0,0,0,0,0,0,0,0,0,0,0,0,13,0,0,0,0,0,0,0,0,0,0,0,0,0,0,0,0,0,0,0,0,0,0,0,0,0,0,0,0,0,0,23,0,0,0,0,0
332,0,0,0,0,0,0,0,0,0,0,0,2,6,0,0,0,0,4,3,0,0,0,0,0,0,0,0,0,0,0,0,0,0,0,0,0,0,0,0,21,0,0,0,0,0,0,0,0,0,0,0,0,0,0,0,0,0,0,0,0,0,0,0,13,0,0,0,0,0,0,0,0,0,0,0,0,0,0,0,0,0,0,0,0,0,0,0,0,0,0,0,0,0,0,23,0,0,0,0,0,0
333,0,0,0,0,0,0,0,0,0,0,2,6,0,0,0,0,4,3,0,0,0,0,0,0,0,0,0,0,0,0,0,0,0,0,0,0,0,0,21,0,0,0,0,0,0,0,0,0,0,0,0,0,0,0,0,0,0,0,0,0,0,0,13,0,0,0,0,0,0,0,0,0,0,0,0,0,0,0,0,0,0,0,0,0,0,0,0,0,0,0,0,0,0,23,0,0,0,0,0,0,0
334,0,0,0,0,0,0,0,0,0,2,6,0,0,0,0,4,3,0,0,0,0,0,0,0,0,0,0,0,0,0,0,0,0,0,0,0,0,21,0,0,0,0,0,0,0,0,0,0,0,0,0,0,0,0,0,0,0,0,0,0,0,13,0,0,0,0,0,0,0,0,0,0,0,0,0,0,0,0,0,0,0,0,0,0,0,0,0,0,0,0,0,0,23,0,0,0,0,0,0,0,0
335,0,0,0,0,0,0,0,0,2,6,0,0,0,0,4,3,0,0,0,0,0,0,0,0,0,0,0,0,0,0,0,0,0,0,0,0,21,0,0,0,0,0,0,0,0,0,0,0,0,0,0,0,0,0,0,0,0,0,0,0,13,0,0,0,0,0,0,0,0,0,0,0,0,0,0,0,0,0,0,0,0,0,0,0,0,0,0,0,0,0,0,23,0,0,0,0,0,0,0,0,0
336,0,0,0,0,0,0,0,2,6,0,0,0,0,4,3,0,0,0,0,0,0,0,0,0,0,0,0,0,0,0,0,0,0,0,0,21,0,0,0,0,0,0,0,0,0,0,0,0,0,0,0,0,0,0,0,0,0,0,0,13,0,0,0,0,0,0,0,0,0,0,0,0,0,0,0,0,0,0,0,0,0,0,0,0,0,0,0,0,0,0,23,0,0,0,0,0,0,0,0,0,0
337,0,0,0,0,0,0,2,6,0,0,0,0,4,3,0,0,0,0,0,0,0,0,0,0,0,0,0,0,0,0,0,0,0,0,21,0,0,0,0,0,0,0,0,0,0,0,0,0,0,0,0,0,0,0,0,0,0,0,13,0,0,0,0,0,0,0,0,0,0,0,0,0,0,0,0,0,0,0,0,0,0,0,0,0,0,0,0,0,0,23,0,0,0,0,0,0,0,0,0,0,0
338,0,0,0,0,0,2,6,0,0,0,0,4,3,0,0,0,0,0,0,0,0,0,0,0,0,0,0,0,0,0,0,0,0,21,0,0,0,0,0,0,0,0,0,0,0,0,0,0,0,0,0,0,0,0,0,0,0,13,0,0,0,0,0,0,0,0,0,0,0,0,0,0,0,0,0,0,0,0,0,0,0,0,0,0,0,0,0,0,23,0,0,0,0,0,0,0,0,0,0,0,0
339,0,0,0,0,2,6,0,0,0,0,4,3,0,0,0,0,0,0,0,0,0,0,0,0,0,0,0,0,0,0,0,0,21,0,0,0,0,0,0,0,0,0,0,0,0,0,0,0,0,0,0,0,0,0,0,0,13,0,0,0,0,0,0,0,0,0,0,0,0,0,0,0,0,0,0,0,0,0,0,0,0,0,0,0,0,0,0,23,0,0,0,0,0,0,0,0,0,0,0,0,0
340,0,0,0,2,6,0,0,0,0,4,3,0,0,0,0,0,0,0,0,0,0,0,0,0,0,0,0,0,0,0,0,21,0,0,0,0,0,0,0,0,0,0,0,0,0,0,0,0,0,0,0,0,0,0,0,13,0,0,0,0,0,0,0,0,0,0,0,0,0,0,0,0,0,0,0,0,0,0,0,0,0,0,0,0,0,0,23,0,0,0,0,0,0,0,0,0,0,0,0,0,0
341,0,0,2,6,0,0,0,0,4,3,0,0,0,0,0,0,0,0,0,0,0,0,0,0,0,0,0,0,0,0,21,0,0,0,0,0,0,0,0,0,0,0,0,0,0,0,0,0,0,0,0,0,0,0,13,0,0,0,0,0,0,0,0,0,0,0,0,0,0,0,0,0,0,0,0,0,0,0,0,0,0,0,0,0,0,23,0,0,0,0,0,0,0,0,0,0,0,0,0,0,0
342,0,2,6,0,0,0,0,4,3,0,0,0,0,0,0,0,0,0,0,0,0,0,0,0,0,0,0,0,0,21,0,0,0,0,0,0,0,0,0,0,0,0,0,0,0,0,0,0,0,0,0,0,0,13,0,0,0,0,0,0,0,0,0,0,0,0,0,0,0,0,0,0,0,0,0,0,0,0,0,0,0,0,0,0,23,0,0,0,0,0,0,0,0,0,0,0,0,0,0,0,0
343,2,6,0,0,0,0,4,3,0,0,0,0,0,0,0,0,0,0,0,0,0,0,0,0,0,0,0,0,21,0,0,0,0,0,0,0,0,0,0,0,0,0,0,0,0,0,0,0,0,0,0,0,13,0,0,0,0,0,0,0,0,0,0,0,0,0,0,0,0,0,0,0,0,0,0,0,0,0,0,0,0,0,0,23,0,0,0,0,0,0,0,0,0,0,0,0,0,0,0,0,0
344,6,0,0,0,0,4,3,0,0,0,0,0,0,0,0,0,0,0,0,0,0,0,0,0,0,0,0,21,0,0,0,0,0,0,0,0,0,0,0,0,0,0,0,0,0,0,0,0,0,0,0,13,0,0,0,0,0,0,0,0,0,0,0,0,0,0,0,0,0,0,0,0,0,0,0,0,0,0,0,0,0,0,23,0,0,0,0,0,0,0,0,0,0,0,0,0,0,0,0,0,0
345,0,0,0,0,4,3,0,0,0,0,0,0,0,0,0,0,0,0,0,0,0,0,0,0,0,0,21,0,0,0,0,0,0,0,0,0,0,0,0,0,0,0,0,0,0,0,0,0,0,0,13,0,0,0,0,0,0,0,0,0,0,0,0,0,0,0,0,0,0,0,0,0,0,0,0,0,0,0,0,0,0,23,0,0,0,0,0,0,0,0,0,0,0,0,0,0,0,0,0,0,0
346,0,0,0,4,3,0,0,0,0,0,0,0,0,0,0,0,0,0,0,0,0,0,0,0,0,21,0,0,0,0,0,0,0,0,0,0,0,0,0,0,0,0,0,0,0,0,0,0,0,13,0,0,0,0,0,0,0,0,0,0,0,0,0,0,0,0,0,0,0,0,0,0,0,0,0,0,0,0,0,0,23,0,0,0,0,0,0,0,0,0,0,0,0,0,0,0,0,0,0,0,0
347,0,0,4,3,0,0,0,0,0,0,0,0,0,0,0,0,0,0,0,0,0,0,0,0,21,0,0,0,0,0,0,0,0,0,0,0,0,0,0,0,0,0,0,0,0,0,0,0,13,0,0,0,0,0,0,0,0,0,0,0,0,0,0,0,0,0,0,0,0,0,0,0,0,0,0,0,0,0,0,23,0,0,0,0,0,0,0,0,0,0,0,0,0,0,0,0,0,0,0,0,0
348,0,4,3,0,0,0,0,0,0,0,0,0,0,0,0,0,0,0,0,0,0,0,0,21,0,0,0,0,0,0,0,0,0,0,0,0,0,0,0,0,0,0,0,0,0,0,0,13,0,0,0,0,0,0,0,0,0,0,0,0,0,0,0,0,0,0,0,0,0,0,0,0,0,0,0,0,0,0,23,0,0,0,0,0,0,0,0,0,0,0,0,0,0,0,0,0,0,0,0,0,0
349,4,3,0,0,0,0,0,0,0,0,0,0,0,0,0,0,0,0,0,0,0,0,21,0,0,0,0,0,0,0,0,0,0,0,0,0,0,0,0,0,0,0,0,0,0,0,13,0,0,0,0,0,0,0,0,0,0,0,0,0,0,0,0,0,0,0,0,0,0,0,0,0,0,0,0,0,0,23,0,0,0,0,0,0,0,0,0,0,0,0,0,0,0,0,0,0,0,0,0,0,0
350,3,0,0,0,0,0,0,0,0,0,0,0,0,0,0,0,0,0,0,0,0,21,0,0,0,0,0,0,0,0,0,0,0,0,0,0,0,0,0,0,0,0,0,0,0,13,0,0,0,0,0,0,0,0,0,0,0,0,0,0,0,0,0,0,0,0,0,0,0,0,0,0,0,0,0,0,23,0,0,0,0,0,0,0,0,0,0,0,0,0,0,0,0,0,0,0,0,0,0,0,0
351,0,0,0,0,0,0,0,0,0,0,0,0,0,0,0,0,0,0,0,0,21,0,0,0,0,0,0,0,0,0,0,0,0,0,0,0,0,0,0,0,0,0,0,0,13,0,0,0,0,0,0,0,0,0,0,0,0,0,0,0,0,0,0,0,0,0,0,0,0,0,0,0,0,0,0,23,0,0,0,0,0,0,0,0,0,0,0,0,0,0,0,0,0,0,0,0,0,0,0,0,0
352,0,0,0,0,0,0,0,0,0,0,0,0,0,0,0,0,0,0,0,21,0,0,0,0,0,0,0,0,0,0,0,0,0,0,0,0,0,0,0,0,0,0,0,13,0,0,0,0,0,0,0,0,0,0,0,0,0,0,0,0,0,0,0,0,0,0,0,0,0,0,0,0,0,0,23,0,0,0,0,0,0,0,0,0,0,0,0,0,0,0,0,0,0,0,0,0,0,0,0,0,0
353,0,0,0,0,0,0,0,0,0,0,0,0,0,0,0,0,0,0,21,0,0,0,0,0,0,0,0,0,0,0,0,0,0,0,0,0,0,0,0,0,0,0,13,0,0,0,0,0,0,0,0,0,0,0,0,0,0,0,0,0,0,0,0,0,0,0,0,0,0,0,0,0,0,23,0,0,0,0,0,0,0,0,0,0,0,0,0,0,0,0,0,0,0,0,0,0,0,0,0,0,0
354,0,0,0,0,0,0,0,0,0,0,0,0,0,0,0,0,0,21,0,0,0,0,0,0,0,0,0,0,0,0,0,0,0,0,0,0,0,0,0,0,0,13,0,0,0,0,0,0,0,0,0,0,0,0,0,0,0,0,0,0,0,0,0,0,0,0,0,0,0,0,0,0,23,0,0,0,0,0,0,0,0,0,0,0,0,0,0,0,0,0,0,0,0,0,0,0,0,0,0,0,0
355,0,0,0,0,0,0,0,0,0,0,0,0,0,0,0,0,21,0,0,0,0,0,0,0,0,0,0,0,0,0,0,0,0,0,0,0,0,0,0,0,13,0,0,0,0,0,0,0,0,0,0,0,0,0,0,0,0,0,0,0,0,0,0,0,0,0,0,0,0,0,0,23,0,0,0,0,0,0,0,0,0,0,0,0,0,0,0,0,0,0,0,0,0,0,0,0,0,0,0,0,0
356,0,0,0,0,0,0,0,0,0,0,0,0,0,0,0,21,0,0,0,0,0,0,0,0,0,0,0,0,0,0,0,0,0,0,0,0,0,0,0,13,0,0,0,0,0,0,0,0,0,0,0,0,0,0,0,0,0,0,0,0,0,0,0,0,0,0,0,0,0,0,23,0,0,0,0,0,0,0,0,0,0,0,0,0,0,0,0,0,0,0,0,0,0,0,0,0,0,0,0,0,0
357,0,0,0,0,0,0,0,0,0,0,0,0,0,0,21,0,0,0,0,0,0,0,0,0,0,0,0,0,0,0,0,0,0,0,0,0,0,0,13,0,0,0,0,0,0,0,0,0,0,0,0,0,0,0,0,0,0,0,0,0,0,0,0,0,0,0,0,0,0,23,0,0,0,0,0,0,0,0,0,0,0,0,0,0,0,0,0,0,0,0,0,0,0,0,0,0,0,0,0,0,0
358,0,0,0,0,0,0,0,0,0,0,0,0,0,21,0,0,0,0,0,0,0,0,0,0,0,0,0,0,0,0,0,0,0,0,0,0,0,13,0,0,0,0,0,0,0,0,0,0,0,0,0,0,0,0,0,0,0,0,0,0,0,0,0,0,0,0,0,0,23,0,0,0,0,0,0,0,0,0,0,0,0,0,0,0,0,0,0,0,0,0,0,0,0,0,0,0,0,0,0,0,0
359,0,0,0,0,0,0,0,0,0,0,0,0,21,0,0,0,0,0,0,0,0,0,0,0,0,0,0,0,0,0,0,0,0,0,0,0,13,0,0,0,0,0,0,0,0,0,0,0,0,0,0,0,0,0,0,0,0,0,0,0,0,0,0,0,0,0,0,23,0,0,0,0,0,0,0,0,0,0,0,0,0,0,0,0,0,0,0,0,0,0,0,0,0,0,0,0,0,0,0,0,0
360,0,0,0,0,0,0,0,0,0,0,0,21,0,0,0,0,0,0,0,0,0,0,0,0,0,0,0,0,0,0,0,0,0,0,0,13,0,0,0,0,0,0,0,0,0,0,0,0,0,0,0,0,0,0,0,0,0,0,0,0,0,0,0,0,0,0,23,0,0,0,0,0,0,0,0,0,0,0,0,0,0,0,0,0,0,0,0,0,0,0,0,0,0,0,0,0,0,0,0,0,0
361,0,0,0,0,0,0,0,0,0,0,21,0,0,0,0,0,0,0,0,0,0,0,0,0,0,0,0,0,0,0,0,0,0,0,13,0,0,0,0,0,0,0,0,0,0,0,0,0,0,0,0,0,0,0,0,0,0,0,0,0,0,0,0,0,0,23,0,0,0,0,0,0,0,0,0,0,0,0,0,0,0,0,0,0,0,0,0,0,0,0,0,0,0,0,0,0,0,0,0,0,0
362,0,0,0,0,0,0,0,0,0,21,0,0,0,0,0,0,0,0,0,0,0,0,0,0,0,0,0,0,0,0,0,0,0,13,0,0,0,0,0,0,0,0,0,0,0,0,0,0,0,0,0,0,0,0,0,0,0,0,0,0,0,0,0,0,23,0,0,0,0,0,0,0,0,0,0,0,0,0,0,0,0,0,0,0,0,0,0,0,0,0,0,0,0,0,0,0,0,0,0,0,0
363,0,0,0,0,0,0,0,0,21,0,0,0,0,0,0,0,0,0,0,0,0,0,0,0,0,0,0,0,0,0,0,0,13,0,0,0,0,0,0,0,0,0,0,0,0,0,0,0,0,0,0,0,0,0,0,0,0,0,0,0,0,0,0,23,0,0,0,0,0,0,0,0,0,0,0,0,0,0,0,0,0,0,0,0,0,0,0,0,0,0,0,0,0,0,0,0,0,0,0,0,0
364,0,0,0,0,0,0,0,21,0,0,0,0,0,0,0,0,0,0,0,0,0,0,0,0,0,0,0,0,0,0,0,13,0,0,0,0,0,0,0,0,0,0,0,0,0,0,0,0,0,0,0,0,0,0,0,0,0,0,0,0,0,0,23,0,0,0,0,0,0,0,0,0,0,0,0,0,0,0,0,0,0,0,0,0,0,0,0,0,0,0,0,0,0,0,0,0,0,0,0,0,0
365,0,0,0,0,0,0,21,0,0,0,0,0,0,0,0,0,0,0,0,0,0,0,0,0,0,0,0,0,0,0,13,0,0,0,0,0,0,0,0,0,0,0,0,0,0,0,0,0,0,0,0,0,0,0,0,0,0,0,0,0,0,23,0,0,0,0,0,0,0,0,0,0,0,0,0,0,0,0,0,0,0,0,0,0,0,0,0,0,0,0,0,0,0,0,0,0,0,0,0,0,0
366,0,0,0,0,0,21,0,0,0,0,0,0,0,0,0,0,0,0,0,0,0,0,0,0,0,0,0,0,0,13,0,0,0,0,0,0,0,0,0,0,0,0,0,0,0,0,0,0,0,0,0,0,0,0,0,0,0,0,0,0,23,0,0,0,0,0,0,0,0,0,0,0,0,0,0,0,0,0,0,0,0,0,0,0,0,0,0,0,0,0,0,0,0,0,0,0,0,0,0,0,0
367,0,0,0,0,21,0,0,0,0,0,0,0,0,0,0,0,0,0,0,0,0,0,0,0,0,0,0,0,13,0,0,0,0,0,0,0,0,0,0,0,0,0,0,0,0,0,0,0,0,0,0,0,0,0,0,0,0,0,0,23,0,0,0,0,0,0,0,0,0,0,0,0,0,0,0,0,0,0,0,0,0,0,0,0,0,0,0,0,0,0,0,0,0,0,0,0,0,0,0,0,0
368,0,0,0,21,0,0,0,0,0,0,0,0,0,0,0,0,0,0,0,0,0,0,0,0,0,0,0,13,0,0,0,0,0,0,0,0,0,0,0,0,0,0,0,0,0,0,0,0,0,0,0,0,0,0,0,0,0,0,23,0,0,0,0,0,0,0,0,0,0,0,0,0,0,0,0,0,0,0,0,0,0,0,0,0,0,0,0,0,0,0,0,0,0,0,0,0,0,0,0,0,0
369,0,0,21,0,0,0,0,0,0,0,0,0,0,0,0,0,0,0,0,0,0,0,0,0,0,0,13,0,0,0,0,0,0,0,0,0,0,0,0,0,0,0,0,0,0,0,0,0,0,0,0,0,0,0,0,0,0,23,0,0,0,0,0,0,0,0,0,0,0,0,0,0,0,0,0,0,0,0,0,0,0,0,0,0,0,0,0,0,0,0,0,0,0,0,0,0,0,0,0,0,0
370,0,21,0,0,0,0,0,0,0,0,0,0,0,0,0,0,0,0,0,0,0,0,0,0,0,13,0,0,0,0,0,0,0,0,0,0,0,0,0,0,0,0,0,0,0,0,0,0,0,0,0,0,0,0,0,0,23,0,0,0,0,0,0,0,0,0,0,0,0,0,0,0,0,0,0,0,0,0,0,0,0,0,0,0,0,0,0,0,0,0,0,0,0,0,0,0,0,0,0,0,0
371,21,0,0,0,0,0,0,0,0,0,0,0,0,0,0,0,0,0,0,0,0,0,0,0,13,0,0,0,0,0,0,0,0,0,0,0,0,0,0,0,0,0,0,0,0,0,0,0,0,0,0,0,0,0,0,23,0,0,0,0,0,0,0,0,0,0,0,0,0,0,0,0,0,0,0,0,0,0,0,0,0,0,0,0,0,0,0,0,0,0,0,0,0,0,0,0,0,0,0,0,0
372,0,0,0,0,0,0,0,0,0,0,0,0,0,0,0,0,0,0,0,0,0,0,0,13,0,0,0,0,0,0,0,0,0,0,0,0,0,0,0,0,0,0,0,0,0,0,0,0,0,0,0,0,0,0,23,0,0,0,0,0,0,0,0,0,0,0,0,0,0,0,0,0,0,0,0,0,0,0,0,0,0,0,0,0,0,0,0,0,0,0,0,0,0,0,0,0,0,0,0,0,0
373,0,0,0,0,0,0,0,0,0,0,0,0,0,0,0,0,0,0,0,0,0,0,13,0,0,0,0,0,0,0,0,0,0,0,0,0,0,0,0,0,0,0,0,0,0,0,0,0,0,0,0,0,0,23,0,0,0,0,0,0,0,0,0,0,0,0,0,0,0,0,0,0,0,0,0,0,0,0,0,0,0,0,0,0,0,0,0,0,0,0,0,0,0,0,0,0,0,0,0,0,0
374,0,0,0,0,0,0,0,0,0,0,0,0,0,0,0,0,0,0,0,0,0,13,0,0,0,0,0,0,0,0,0,0,0,0,0,0,0,0,0,0,0,0,0,0,0,0,0,0,0,0,0,0,23,0,0,0,0,0,0,0,0,0,0,0,0,0,0,0,0,0,0,0,0,0,0,0,0,0,0,0,0,0,0,0,0,0,0,0,0,0,0,0,0,0,0,0,0,0,0,0,0
375,0,0,0,0,0,0,0,0,0,0,0,0,0,0,0,0,0,0,0,0,13,0,0,0,0,0,0,0,0,0,0,0,0,0,0,0,0,0,0,0,0,0,0,0,0,0,0,0,0,0,0,23,0,0,0,0,0,0,0,0,0,0,0,0,0,0,0,0,0,0,0,0,0,0,0,0,0,0,0,0,0,0,0,0,0,0,0,0,0,0,0,0,0,0,0,0,0,0,0,0,0
376,0,0,0,0,0,0,0,0,0,0,0,0,0,0,0,0,0,0,0,13,0,0,0,0,0,0,0,0,0,0,0,0,0,0,0,0,0,0,0,0,0,0,0,0,0,0,0,0,0,0,23,0,0,0,0,0,0,0,0,0,0,0,0,0,0,0,0,0,0,0,0,0,0,0,0,0,0,0,0,0,0,0,0,0,0,0,0,0,0,0,0,0,0,0,0,0,0,0,0,0,0
377,0,0,0,0,0,0,0,0,0,0,0,0,0,0,0,0,0,0,13,0,0,0,0,0,0,0,0,0,0,0,0,0,0,0,0,0,0,0,0,0,0,0,0,0,0,0,0,0,0,23,0,0,0,0,0,0,0,0,0,0,0,0,0,0,0,0,0,0,0,0,0,0,0,0,0,0,0,0,0,0,0,0,0,0,0,0,0,0,0,0,0,0,0,0,0,0,0,0,0,0,0
378,0,0,0,0,0,0,0,0,0,0,0,0,0,0,0,0,0,13,0,0,0,0,0,0,0,0,0,0,0,0,0,0,0,0,0,0,0,0,0,0,0,0,0,0,0,0,0,0,23,0,0,0,0,0,0,0,0,0,0,0,0,0,0,0,0,0,0,0,0,0,0,0,0,0,0,0,0,0,0,0,0,0,0,0,0,0,0,0,0,0,0,0,0,0,0,0,0,0,0,0,21
379,0,0,0,0,0,0,0,0,0,0,0,0,0,0,0,0,13,0,0,0,0,0,0,0,0,0,0,0,0,0,0,0,0,0,0,0,0,0,0,0,0,0,0,0,0,0,0,23,0,0,0,0,0,0,0,0,0,0,0,0,0,0,0,0,0,0,0,0,0,0,0,0,0,0,0,0,0,0,0,0,0,0,0,0,0,0,0,0,0,0,0,0,0,0,0,0,0,0,0,21,0
380,0,0,0,0,0,0,0,0,0,0,0,0,0,0,0,13,0,0,0,0,0,0,0,0,0,0,0,0,0,0,0,0,0,0,0,0,0,0,0,0,0,0,0,0,0,0,23,0,0,0,0,0,0,0,0,0,0,0,0,0,0,0,0,0,0,0,0,0,0,0,0,0,0,0,0,0,0,0,0,0,0,0,0,0,0,0,0,0,0,0,0,0,0,0,0,0,0,0,21,0,0
381,0,0,0,0,0,0,0,0,0,0,0,0,0,0,13,0,0,0,0,0,0,0,0,0,0,0,0,0,0,0,0,0,0,0,0,0,0,0,0,0,0,0,0,0,0,23,0,0,0,0,0,0,0,0,0,0,0,0,0,0,0,0,0,0,0,0,0,0,0,0,0,0,0,0,0,0,0,0,0,0,0,0,0,0,0,0,0,0,0,0,0,0,0,0,0,0,0,21,0,0,0
382,0,0,0,0,0,0,0,0,0,0,0,0,0,13,0,0,0,0,0,0,0,0,0,0,0,0,0,0,0,0,0,0,0,0,0,0,0,0,0,0,0,0,0,0,23,0,0,0,0,0,0,0,0,0,0,0,0,0,0,0,0,0,0,0,0,0,0,0,0,0,0,0,0,0,0,0,0,0,0,0,0,0,0,0,0,0,0,0,0,0,0,0,0,0,0,0,21,0,0,0,0
383,0,0,0,0,0,0,0,0,0,0,0,0,13,0,0,0,0,0,0,0,0,0,0,0,0,0,0,0,0,0,0,0,0,0,0,0,0,0,0,0,0,0,0,23,0,0,0,0,0,0,0,0,0,0,0,0,0,0,0,0,0,0,0,0,0,0,0,0,0,0,0,0,0,0,0,0,0,0,0,0,0,0,0,0,0,0,0,0,0,0,0,0,0,0,0,21,0,0,0,0,0
384,0,0,0,0,0,0,0,0,0,0,0,13,0,0,0,0,0,0,0,0,0,0,0,0,0,0,0,0,0,0,0,0,0,0,0,0,0,0,0,0,0,0,23,0,0,0,0,0,0,0,0,0,0,0,0,0,0,0,0,0,0,0,0,0,0,0,0,0,0,0,0,0,0,0,0,0,0,0,0,0,0,0,0,0,0,0,0,0,0,0,0,0,0,0,21,0,0,0,0,0,0
385,0,0,0,0,0,0,0,0,0,0,13,0,0,0,0,0,0,0,0,0,0,0,0,0,0,0,0,0,0,0,0,0,0,0,0,0,0,0,0,0,0,23,0,0,0,0,0,0,0,0,0,0,0,0,0,0,0,0,0,0,0,0,0,0,0,0,0,0,0,0,0,0,0,0,0,0,0,0,0,0,0,0,0,0,0,0,0,0,0,0,0,0,0,21,0,0,0,0,0,0,0
386,0,0,0,0,0,0,0,0,0,13,0,0,0,0,0,0,0,0,0,0,0,0,0,0,0,0,0,0,0,0,0,0,0,0,0,0,0,0,0,0,23,0,0,0,0,0,0,0,0,0,0,0,0,0,0,0,0,0,0,0,0,0,0,0,0,0,0,0,0,0,0,0,0,0,0,0,0,0,0,0,0,0,0,0,0,0,0,0,0,0,0,0,21,0,0,0,0,0,0,0,0
387,0,0,0,0,0,0,0,0,13,0,0,0,0,0,0,0,0,0,0,0,0,0,0,0,0,0,0,0,0,0,0,0,0,0,0,0,0,0,0,23,0,0,0,0,0,0,0,0,0,0,0,0,0,0,0,0,0,0,0,0,0,0,0,0,0,0,0,0,0,0,0,0,0,0,0,0,0,0,0,0,0,0,0,0,0,0,0,0,0,0,0,21,0,0,0,0,0,0,0,0,0
388,0,0,0,0,0,0,0,13,0,0,0,0,0,0,0,0,0,0,0,0,0,0,0,0,0,0,0,0,0,0,0,0,0,0,0,0,0,0,23,0,0,0,0,0,0,0,0,0,0,0,0,0,0,0,0,0,0,0,0,0,0,0,0,0,0,0,0,0,0,0,0,0,0,0,0,0,0,0,0,0,0,0,0,0,0,0,0,0,0,0,21,0,0,0,0,0,0,0,0,0,0
389,0,0,0,0,0,0,13,0,0,0,0,0,0,0,0,0,0,0,0,0,0,0,0,0,0,0,0,0,0,0,0,0,0,0,0,0,0,23,0,0,0,0,0,0,0,0,0,0,0,0,0,0,0,0,0,0,0,0,0,0,0,0,0,0,0,0,0,0,0,0,0,0,0,0,0,0,0,0,0,0,0,0,0,0,0,0,0,0,0,21,0,0,0,0,0,0,0,0,0,0,0
390,0,0,0,0,0,13,0,0,0,0,0,0,0,0,0,0,0,0,0,0,0,0,0,0,0,0,0,0,0,0,0,0,0,0,0,0,23,0,0,0,0,0,0,0,0,0,0,0,0,0,0,0,0,0,0,0,0,0,0,0,0,0,0,0,0,0,0,0,0,0,0,0,0,0,0,0,0,0,0,0,0,0,0,0,0,0,0,0,21,0,0,0,0,0,0,0,0,0,0,0,0
391,0,0,0,0,13,0,0,0,0,0,0,0,0,0,0,0,0,0,0,0,0,0,0,0,0,0,0,0,0,0,0,0,0,0,0,23,0,0,0,0,0,0,0,0,0,0,0,0,0,0,0,0,0,0,0,0,0,0,0,0,0,0,0,0,0,0,0,0,0,0,0,0,0,0,0,0,0,0,0,0,0,0,0,0,0,0,0,21,0,0,0,0,0,0,0,0,0,0,0,0,0
392,0,0,0,13,0,0,0,0,0,0,0,0,0,0,0,0,0,0,0,0,0,0,0,0,0,0,0,0,0,0,0,0,0,0,23,0,0,0,0,0,0,0,0,0,0,0,0,0,0,0,0,0,0,0,0,0,0,0,0,0,0,0,0,0,0,0,0,0,0,0,0,0,0,0,0,0,0,0,0,0,0,0,0,0,0,0,21,0,0,0,0,0,0,0,0,0,0,0,0,0,0
393,0,0,13,0,0,0,0,0,0,0,0,0,0,0,0,0,0,0,0,0,0,0,0,0,0,0,0,0,0,0,0,0,0,23,0,0,0,0,0,0,0,0,0,0,0,0,0,0,0,0,0,0,0,0,0,0,0,0,0,0,0,0,0,0,0,0,0,0,0,0,0,0,0,0,0,0,0,0,0,0,0,0,0,0,0,21,0,0,0,0,0,0,0,0,0,0,0,0,0,0,0
394,0,13,0,0,0,0,0,0,0,0,0,0,0,0,0,0,0,0,0,0,0,0,0,0,0,0,0,0,0,0,0,0,23,0,0,0,0,0,0,0,0,0,0,0,0,0,0,0,0,0,0,0,0,0,0,0,0,0,0,0,0,0,0,0,0,0,0,0,0,0,0,0,0,0,0,0,0,0,0,0,0,0,0,0,21,0,0,0,0,0,0,0,0,0,0,0,0,0,0,0,0
395,13,0,0,0,0,0,0,0,0,0,0,0,0,0,0,0,0,0,0,0,0,0,0,0,0,0,0,0,0,0,0,23,0,0,0,0,0,0,0,0,0,0,0,0,0,0,0,0,0,0,0,0,0,0,0,0,0,0,0,0,0,0,0,0,0,0,0,0,0,0,0,0,0,0,0,0,0,0,0,0,0,0,0,21,0,0,0,0,0,0,0,0,0,0,0,0,0,0,0,0,0
396,0,0,0,0,0,0,0,0,0,0,0,0,0,0,0,0,0,0,0,0,0,0,0,0,0,0,0,0,0,0,23,0,0,0,0,0,0,0,0,0,0,0,0,0,0,0,0,0,0,0,0,0,0,0,0,0,0,0,0,0,0,0,0,0,0,0,0,0,0,0,0,0,0,0,0,0,0,0,0,0,0,0,21,0,0,0,0,0,0,0,0,0,0,0,0,0,0,0,0,0,0
397,0,0,0,0,0,0,0,0,0,0,0,0,0,0,0,0,0,0,0,0,0,0,0,0,0,0,0,0,0,23,0,0,0,0,0,0,0,0,0,0,0,0,0,0,0,0,0,0,0,0,0,0,0,0,0,0,0,0,0,0,0,0,0,0,0,0,0,0,0,0,0,0,0,0,0,0,0,0,0,0,0,21,0,0,0,0,0,0,0,0,0,0,0,0,0,0,0,0,0,0,0
398,0,0,0,0,0,0,0,0,0,0,0,0,0,0,0,0,0,0,0,0,0,0,0,0,0,0,0,0,23,0,0,0,0,0,0,0,0,0,0,0,0,0,0,0,0,0,0,0,0,0,0,0,0,0,0,0,0,0,0,0,0,0,0,0,0,0,0,0,0,0,0,0,0,0,0,0,0,0,0,0,21,0,0,0,0,0,0,0,0,0,0,0,0,0,0,0,0,0,0,0,0
399,0,0,0,0,0,0,0,0,0,0,0,0,0,0,0,0,0,0,0,0,0,0,0,0,0,0,0,23,0,0,0,0,0,0,0,0,0,0,0,0,0,0,0,0,0,0,0,0,0,0,0,0,0,0,0,0,0,0,0,0,0,0,0,0,0,0,0,0,0,0,0,0,0,0,0,0,0,0,0,21,0,0,0,0,0,0,0,0,0,0,0,0,0,0,0,0,0,0,0,0,0
400,0,0,0,0,0,0,0,0,0,0,0,0,0,0,0,0,0,0,0,0,0,0,0,0,0,0,23,0,0,0,0,0,0,0,0,0,0,0,0,0,0,0,0,0,0,0,0,0,0,0,0,0,0,0,0,0,0,0,0,0,0,0,0,0,0,0,0,0,0,0,0,0,0,0,0,0,0,0,21,0,0,0,0,0,0,0,0,0,0,0,0,0,0,0,0,0,0,0,0,0,0
401,0,0,0,0,0,0,0,0,0,0,0,0,0,0,0,0,0,0,0,0,0,0,0,0,0,23,0,0,0,0,0,0,0,0,0,0,0,0,0,0,0,0,0,0,0,0,0,0,0,0,0,0,0,0,0,0,0,0,0,0,0,0,0,0,0,0,0,0,0,0,0,0,0,0,0,0,0,21,0,0,0,0,0,0,0,0,0,0,0,0,0,0,0,0,0,0,0,0,0,0,0
402,0,0,0,0,0,0,0,0,0,0,0,0,0,0,0,0,0,0,0,0,0,0,0,0,23,0,0,0,0,0,0,0,0,0,0,0,0,0,0,0,0,0,0,0,0,0,0,0,0,0,0,0,0,0,0,0,0,0,0,0,0,0,0,0,0,0,0,0,0,0,0,0,0,0,0,0,21,0,0,0,0,0,0,0,0,0,0,0,0,0,0,0,0,0,0,0,0,0,0,0,0
403,0,0,0,0,0,0,0,0,0,0,0,0,0,0,0,0,0,0,0,0,0,0,0,23,0,0,0,0,0,0,0,0,0,0,0,0,0,0,0,0,0,0,0,0,0,0,0,0,0,0,0,0,0,0,0,0,0,0,0,0,0,0,0,0,0,0,0,0,0,0,0,0,0,0,0,21,0,0,0,0,0,0,0,0,0,0,0,0,0,0,0,0,0,0,0,0,0,0,0,0,0
404,0,0,0,0,0,0,0,0,0,0,0,0,0,0,0,0,0,0,0,0,0,0,23,0,0,0,0,0,0,0,0,0,0,0,0,0,0,0,0,0,0,0,0,0,0,0,0,0,0,0,0,0,0,0,0,0,0,0,0,0,0,0,0,0,0,0,0,0,0,0,0,0,0,0,21,0,0,0,0,0,0,0,0,0,0,0,0,0,0,0,0,0,0,0,0,0,0,0,0,0,0
405,0,0,0,0,0,0,0,0,0,0,0,0,0,0,0,0,0,0,0,0,0,23,0,0,0,0,0,0,0,0,0,0,0,0,0,0,0,0,0,0,0,0,0,0,0,0,0,0,0,0,0,0,0,0,0,0,0,0,0,0,0,0,0,0,0,0,0,0,0,0,0,0,0,21,0,0,0,0,0,0,0,0,0,0,0,0,0,0,0,0,0,0,0,0,0,0,0,0,0,0,0
406,0,0,0,0,0,0,0,0,0,0,0,0,0,0,0,0,0,0,0,0,23,0,0,0,0,0,0,0,0,0,0,0,0,0,0,0,0,0,0,0,0,0,0,0,0,0,0,0,0,0,0,0,0,0,0,0,0,0,0,0,0,0,0,0,0,0,0,0,0,0,0,0,21,0,0,0,0,0,0,0,0,0,0,0,0,0,0,0,0,0,0,0,0,0,0,0,0,0,0,0,0
407,0,0,0,0,0,0,0,0,0,0,0,0,0,0,0,0,0,0,0,23,0,0,0,0,0,0,0,0,0,0,0,0,0,0,0,0,0,0,0,0,0,0,0,0,0,0,0,0,0,0,0,0,0,0,0,0,0,0,0,0,0,0,0,0,0,0,0,0,0,0,0,21,0,0,0,0,0,0,0,0,0,0,0,0,0,0,0,0,0,0,0,0,0,0,0,0,0,0,0,0,0
408,0,0,0,0,0,0,0,0,0,0,0,0,0,0,0,0,0,0,23,0,0,0,0,0,0,0,0,0,0,0,0,0,0,0,0,0,0,0,0,0,0,0,0,0,0,0,0,0,0,0,0,0,0,0,0,0,0,0,0,0,0,0,0,0,0,0,0,0,0,0,21,0,0,0,0,0,0,0,0,0,0,0,0,0,0,0,0,0,0,0,0,0,0,0,0,0,0,0,0,0,0
409,0,0,0,0,0,0,0,0,0,0,0,0,0,0,0,0,0,23,0,0,0,0,0,0,0,0,0,0,0,0,0,0,0,0,0,0,0,0,0,0,0,0,0,0,0,0,0,0,0,0,0,0,0,0,0,0,0,0,0,0,0,0,0,0,0,0,0,0,0,21,0,0,0,0,0,0,0,0,0,0,0,0,0,0,0,0,0,0,0,0,0,0,0,0,0,0,0,0,0,0,0
410,0,0,0,0,0,0,0,0,0,0,0,0,0,0,0,0,23,0,0,0,0,0,0,0,0,0,0,0,0,0,0,0,0,0,0,0,0,0,0,0,0,0,0,0,0,0,0,0,0,0,0,0,0,0,0,0,0,0,0,0,0,0,0,0,0,0,0,0,21,0,0,0,0,0,0,0,0,0,0,0,0,0,0,0,0,0,0,0,0,0,0,0,0,0,0,0,0,0,0,0,0
411,0,0,0,0,0,0,0,0,0,0,0,0,0,0,0,23,0,0,0,0,0,0,0,0,0,0,0,0,0,0,0,0,0,0,0,0,0,0,0,0,0,0,0,0,0,0,0,0,0,0,0,0,0,0,0,0,0,0,0,0,0,0,0,0,0,0,0,21,0,0,0,0,0,0,0,0,0,0,0,0,0,0,0,0,0,0,0,0,0,0,0,0,0,0,0,0,0,0,0,0,0
412,0,0,0,0,0,0,0,0,0,0,0,0,0,0,23,0,0,0,0,0,0,0,0,0,0,0,0,0,0,0,0,0,0,0,0,0,0,0,0,0,0,0,0,0,0,0,0,0,0,0,0,0,0,0,0,0,0,0,0,0,0,0,0,0,0,0,21,0,0,0,0,0,0,0,0,0,0,0,0,0,0,0,0,0,0,0,0,0,0,0,0,0,0,0,0,0,0,0,0,0,0
413,0,0,0,0,0,0,0,0,0,0,0,0,0,23,0,0,0,0,0,0,0,0,0,0,0,0,0,0,0,0,0,0,0,0,0,0,0,0,0,0,0,0,0,0,0,0,0,0,0,0,0,0,0,0,0,0,0,0,0,0,0,0,0,0,0,21,0,0,0,0,0,0,0,0,0,0,0,0,0,0,0,0,0,0,0,0,0,0,0,0,0,0,0,0,0,0,0,0,0,0,0
414,0,0,0,0,0,0,0,0,0,0,0,0,23,0,0,0,0,0,0,0,0,0,0,0,0,0,0,0,0,0,0,0,0,0,0,0,0,0,0,0,0,0,0,0,0,0,0,0,0,0,0,0,0,0,0,0,0,0,0,0,0,0,0,0,21,0,0,0,0,0,0,0,0,0,0,0,0,0,0,0,0,0,0,0,0,0,0,0,0,0,0,0,0,0,0,0,0,0,0,0,0
415,0,0,0,0,0,0,0,0,0,0,0,23,0,0,0,0,0,0,0,0,0,0,0,0,0,0,0,0,0,0,0,0,0,0,0,0,0,0,0,0,0,0,0,0,0,0,0,0,0,0,0,0,0,0,0,0,0,0,0,0,0,0,0,21,0,0,0,0,0,0,0,0,0,0,0,0,0,0,0,0,0,0,0,0,0,0,0,0,0,0,0,0,0,0,0,0,0,0,0,0,0
416,0,0,0,0,0,0,0,0,0,0,23,0,0,0,0,0,0,0,0,0,0,0,0,0,0,0,0,0,0,0,0,0,0,0,0,0,0,0,0,0,0,0,0,0,0,0,0,0,0,0,0,0,0,0,0,0,0,0,0,0,0,0,21,0,0,0,0,0,0,0,0,0,0,0,0,0,0,0,0,0,0,0,0,0,0,0,0,0,0,0,0,0,0,0,0,0,0,0,0,0,0
417,0,0,0,0,0,0,0,0,0,23,0,0,0,0,0,0,0,0,0,0,0,0,0,0,0,0,0,0,0,0,0,0,0,0,0,0,0,0,0,0,0,0,0,0,0,0,0,0,0,0,0,0,0,0,0,0,0,0,0,0,0,21,0,0,0,0,0,0,0,0,0,0,0,0,0,0,0,0,0,0,0,0,0,0,0,0,0,0,0,0,0,0,0,0,0,0,0,0,0,0,0
418,0,0,0,0,0,0,0,0,23,0,0,0,0,0,0,0,0,0,0,0,0,0,0,0,0,0,0,0,0,0,0,0,0,0,0,0,0,0,0,0,0,0,0,0,0,0,0,0,0,0,0,0,0,0,0,0,0,0,0,0,21,0,0,0,0,0,0,0,0,0,0,0,0,0,0,0,0,0,0,0,0,0,0,0,0,0,0,0,0,0,0,0,0,0,0,0,0,0,0,0,0
419,0,0,0,0,0,0,0,23,0,0,0,0,0,0,0,0,0,0,0,0,0,0,0,0,0,0,0,0,0,0,0,0,0,0,0,0,0,0,0,0,0,0,0,0,0,0,0,0,0,0,0,0,0,0,0,0,0,0,0,21,0,0,0,0,0,0,0,0,0,0,0,0,0,0,0,0,0,0,0,0,0,0,0,0,0,0,0,0,0,0,0,0,0,0,0,0,0,0,0,0,0
420,0,0,0,0,0,0,23,0,0,0,0,0,0,0,0,0,0,0,0,0,0,0,0,0,0,0,0,0,0,0,0,0,0,0,0,0,0,0,0,0,0,0,0,0,0,0,0,0,0,0,0,0,0,0,0,0,0,0,21,0,0,0,0,0,0,0,0,0,0,0,0,0,0,0,0,0,0,0,0,0,0,0,0,0,0,0,0,0,0,0,0,0,0,0,0,0,0,0,0,0,0
421,0,0,0,0,0,23,0,0,0,0,0,0,0,0,0,0,0,0,0,0,0,0,0,0,0,0,0,0,0,0,0,0,0,0,0,0,0,0,0,0,0,0,0,0,0,0,0,0,0,0,0,0,0,0,0,0,0,21,0,0,0,0,0,0,0,0,0,0,0,0,0,0,0,0,0,0,0,0,0,0,0,0,0,0,0,0,0,0,0,0,0,0,0,0,0,0,0,0,0,0,0
422,0,0,0,0,23,0,0,0,0,0,0,0,0,0,0,0,0,0,0,0,0,0,0,0,0,0,0,0,0,0,0,0,0,0,0,0,0,0,0,0,0,0,0,0,0,0,0,0,0,0,0,0,0,0,0,0,21,0,0,0,0,0,0,0,0,0,0,0,0,0,0,0,0,0,0,0,0,0,0,0,0,0,0,0,0,0,0,0,0,0,0,0,0,0,0,0,0,0,0,0,0
423,0,0,0,23,0,0,0,0,0,0,0,0,0,0,0,0,0,0,0,0,0,0,0,0,0,0,0,0,0,0,0,0,0,0,0,0,0,0,0,0,0,0,0,0,0,0,0,0,0,0,0,0,0,0,0,21,0,0,0,0,0,0,0,0,0,0,0,0,0,0,0,0,0,0,0,0,0,0,0,0,0,0,0,0,0,0,0,0,0,0,0,0,0,0,0,0,0,0,0,0,0
424,0,0,23,0,0,0,0,0,0,0,0,0,0,0,0,0,0,0,0,0,0,0,0,0,0,0,0,0,0,0,0,0,0,0,0,0,0,0,0,0,0,0,0,0,0,0,0,0,0,0,0,0,0,0,21,0,0,0,0,0,0,0,0,0,0,0,0,0,0,0,0,0,0,0,0,0,0,0,0,0,0,0,0,0,0,0,0,0,0,0,0,0,0,0,0,0,0,0,0,0,0
425,0,23,0,0,0,0,0,0,0,0,0,0,0,0,0,0,0,0,0,0,0,0,0,0,0,0,0,0,0,0,0,0,0,0,0,0,0,0,0,0,0,0,0,0,0,0,0,0,0,0,0,0,0,21,0,0,0,0,0,0,0,0,0,0,0,0,0,0,0,0,0,0,0,0,0,0,0,0,0,0,0,0,0,0,0,0,0,0,0,0,0,0,0,0,0,0,0,0,0,0,0
426,23,0,0,0,0,0,0,0,0,0,0,0,0,0,0,0,0,0,0,0,0,0,0,0,0,0,0,0,0,0,0,0,0,0,0,0,0,0,0,0,0,0,0,0,0,0,0,0,0,0,0,0,21,0,0,0,0,0,0,0,0,0,0,0,0,0,0,0,0,0,0,0,0,0,0,0,0,0,0,0,0,0,0,0,0,0,0,0,0,0,0,0,0,0,0,0,0,0,0,0,0
427,0,0,0,0,0,0,0,0,0,0,0,0,0,0,0,0,0,0,0,0,0,0,0,0,0,0,0,0,0,0,0,0,0,0,0,0,0,0,0,0,0,0,0,0,0,0,0,0,0,0,0,21,0,0,0,0,0,0,0,0,0,0,0,0,0,0,0,0,0,0,0,0,0,0,0,0,0,0,0,0,0,0,0,0,0,0,0,0,0,0,0,0,0,0,0,0,0,0,0,0,0
428,0,0,0,0,0,0,0,0,0,0,0,0,0,0,0,0,0,0,0,0,0,0,0,0,0,0,0,0,0,0,0,0,0,0,0,0,0,0,0,0,0,0,0,0,0,0,0,0,0,0,21,0,0,0,0,0,0,0,0,0,0,0,0,0,0,0,0,0,0,0,0,0,0,0,0,0,0,0,0,0,0,0,0,0,0,0,0,0,0,0,0,0,0,0,0,0,0,0,0,0,0
429,0,0,0,0,0,0,0,0,0,0,0,0,0,0,0,0,0,0,0,0,0,0,0,0,0,0,0,0,0,0,0,0,0,0,0,0,0,0,0,0,0,0,0,0,0,0,0,0,0,21,0,0,0,0,0,0,0,0,0,0,0,0,0,0,0,0,0,0,0,0,0,0,0,0,0,0,0,0,0,0,0,0,0,0,0,0,0,0,0,0,0,0,0,0,0,0,0,0,0,0,0
430,0,0,0,0,0,0,0,0,0,0,0,0,0,0,0,0,0,0,0,0,0,0,0,0,0,0,0,0,0,0,0,0,0,0,0,0,0,0,0,0,0,0,0,0,0,0,0,0,21,0,0,0,0,0,0,0,0,0,0,0,0,0,0,0,0,0,0,0,0,0,0,0,0,0,0,0,0,0,0,0,0,0,0,0,0,0,0,0,0,0,0,0,0,0,0,0,0,0,0,0,0
431,0,0,0,0,0,0,0,0,0,0,0,0,0,0,0,0,0,0,0,0,0,0,0,0,0,0,0,0,0,0,0,0,0,0,0,0,0,0,0,0,0,0,0,0,0,0,0,21,0,0,0,0,0,0,0,0,0,0,0,0,0,0,0,0,0,0,0,0,0,0,0,0,0,0,0,0,0,0,0,0,0,0,0,0,0,0,0,0,0,0,0,0,0,0,0,0,0,0,0,0,0
432,0,0,0,0,0,0,0,0,0,0,0,0,0,0,0,0,0,0,0,0,0,0,0,0,0,0,0,0,0,0,0,0,0,0,0,0,0,0,0,0,0,0,0,0,0,0,21,0,0,0,0,0,0,0,0,0,0,0,0,0,0,0,0,0,0,0,0,0,0,0,0,0,0,0,0,0,0,0,0,0,0,0,0,0,0,0,0,0,0,0,0,0,0,0,0,0,0,0,0,0,0
433,0,0,0,0,0,0,0,0,0,0,0,0,0,0,0,0,0,0,0,0,0,0,0,0,0,0,0,0,0,0,0,0,0,0,0,0,0,0,0,0,0,0,0,0,0,21,0,0,0,0,0,0,0,0,0,0,0,0,0,0,0,0,0,0,0,0,0,0,0,0,0,0,0,0,0,0,0,0,0,0,0,0,0,0,0,0,0,0,0,0,0,0,0,0,0,0,0,0,0,0,0
434,0,0,0,0,0,0,0,0,0,0,0,0,0,0,0,0,0,0,0,0,0,0,0,0,0,0,0,0,0,0,0,0,0,0,0,0,0,0,0,0,0,0,0,0,21,0,0,0,0,0,0,0,0,0,0,0,0,0,0,0,0,0,0,0,0,0,0,0,0,0,0,0,0,0,0,0,0,0,0,0,0,0,0,0,0,0,0,0,0,0,0,0,0,0,0,0,0,0,0,0,0
435,0,0,0,0,0,0,0,0,0,0,0,0,0,0,0,0,0,0,0,0,0,0,0,0,0,0,0,0,0,0,0,0,0,0,0,0,0,0,0,0,0,0,0,21,0,0,0,0,0,0,0,0,0,0,0,0,0,0,0,0,0,0,0,0,0,0,0,0,0,0,0,0,0,0,0,0,0,0,0,0,0,0,0,0,0,0,0,0,0,0,0,0,0,0,0,0,0,0,0,0,0
436,0,0,0,0,0,0,0,0,0,0,0,0,0,0,0,0,0,0,0,0,0,0,0,0,0,0,0,0,0,0,0,0,0,0,0,0,0,0,0,0,0,0,21,0,0,0,0,0,0,0,0,0,0,0,0,0,0,0,0,0,0,0,0,0,0,0,0,0,0,0,0,0,0,0,0,0,0,0,0,0,0,0,0,0,0,0,0,0,0,0,0,0,0,0,0,0,0,0,0,0,0
437,0,0,0,0,0,0,0,0,0,0,0,0,0,0,0,0,0,0,0,0,0,0,0,0,0,0,0,0,0,0,0,0,0,0,0,0,0,0,0,0,0,21,0,0,0,0,0,0,0,0,0,0,0,0,0,0,0,0,0,0,0,0,0,0,0,0,0,0,0,0,0,0,0,0,0,0,0,0,0,0,0,0,0,0,0,0,0,0,0,0,0,0,0,0,0,0,0,0,0,0,0
438,0,0,0,0,0,0,0,0,0,0,0,0,0,0,0,0,0,0,0,0,0,0,0,0,0,0,0,0,0,0,0,0,0,0,0,0,0,0,0,0,21,0,0,0,0,0,0,0,0,0,0,0,0,0,0,0,0,0,0,0,0,0,0,0,0,0,0,0,0,0,0,0,0,0,0,0,0,0,0,0,0,0,0,0,0,0,0,0,0,0,0,0,0,0,0,0,0,0,0,0,0
439,0,0,0,0,0,0,0,0,0,0,0,0,0,0,0,0,0,0,0,0,0,0,0,0,0,0,0,0,0,0,0,0,0,0,0,0,0,0,0,21,0,0,0,0,0,0,0,0,0,0,0,0,0,0,0,0,0,0,0,0,0,0,0,0,0,0,0,0,0,0,0,0,0,0,0,0,0,0,0,0,0,0,0,0,0,0,0,0,0,0,0,0,0,0,0,0,0,0,0,0,0
440,0,0,0,0,0,0,0,0,0,0,0,0,0,0,0,0,0,0,0,0,0,0,0,0,0,0,0,0,0,0,0,0,0,0,0,0,0,0,21,0,0,0,0,0,0,0,0,0,0,0,0,0,0,0,0,0,0,0,0,0,0,0,0,0,0,0,0,0,0,0,0,0,0,0,0,0,0,0,0,0,0,0,0,0,0,0,0,0,0,0,0,0,0,0,0,0,0,0,0,0,0
441,0,0,0,0,0,0,0,0,0,0,0,0,0,0,0,0,0,0,0,0,0,0,0,0,0,0,0,0,0,0,0,0,0,0,0,0,0,21,0,0,0,0,0,0,0,0,0,0,0,0,0,0,0,0,0,0,0,0,0,0,0,0,0,0,0,0,0,0,0,0,0,0,0,0,0,0,0,0,0,0,0,0,0,0,0,0,0,0,0,0,0,0,0,0,0,0,0,0,0,0,0
442,0,0,0,0,0,0,0,0,0,0,0,0,0,0,0,0,0,0,0,0,0,0,0,0,0,0,0,0,0,0,0,0,0,0,0,0,21,0,0,0,0,0,0,0,0,0,0,0,0,0,0,0,0,0,0,0,0,0,0,0,0,0,0,0,0,0,0,0,0,0,0,0,0,0,0,0,0,0,0,0,0,0,0,0,0,0,0,0,0,0,0,0,0,0,0,0,0,0,0,0,0
443,0,0,0,0,0,0,0,0,0,0,0,0,0,0,0,0,0,0,0,0,0,0,0,0,0,0,0,0,0,0,0,0,0,0,0,21,0,0,0,0,0,0,0,0,0,0,0,0,0,0,0,0,0,0,0,0,0,0,0,0,0,0,0,0,0,0,0,0,0,0,0,0,0,0,0,0,0,0,0,0,0,0,0,0,0,0,0,0,0,0,0,0,0,0,0,0,0,0,0,0,0
444,0,0,0,0,0,0,0,0,0,0,0,0,0,0,0,0,0,0,0,0,0,0,0,0,0,0,0,0,0,0,0,0,0,0,21,0,0,0,0,0,0,0,0,0,0,0,0,0,0,0,0,0,0,0,0,0,0,0,0,0,0,0,0,0,0,0,0,0,0,0,0,0,0,0,0,0,0,0,0,0,0,0,0,0,0,0,0,0,0,0,0,0,0,0,0,0,0,0,0,0,0
445,0,0,0,0,0,0,0,0,0,0,0,0,0,0,0,0,0,0,0,0,0,0,0,0,0,0,0,0,0,0,0,0,0,21,0,0,0,0,0,0,0,0,0,0,0,0,0,0,0,0,0,0,0,0,0,0,0,0,0,0,0,0,0,0,0,0,0,0,0,0,0,0,0,0,0,0,0,0,0,0,0,0,0,0,0,0,0,0,0,0,0,0,0,0,0,0,0,0,0,0,0
446,0,0,0,0,0,0,0,0,0,0,0,0,0,0,0,0,0,0,0,0,0,0,0,0,0,0,0,0,0,0,0,0,21,0,0,0,0,0,0,0,0,0,0,0,0,0,0,0,0,0,0,0,0,0,0,0,0,0,0,0,0,0,0,0,0,0,0,0,0,0,0,0,0,0,0,0,0,0,0,0,0,0,0,0,0,0,0,0,0,0,0,0,0,0,0,0,0,0,0,0,0
447,0,0,0,0,0,0,0,0,0,0,0,0,0,0,0,0,0,0,0,0,0,0,0,0,0,0,0,0,0,0,0,21,0,0,0,0,0,0,0,0,0,0,0,0,0,0,0,0,0,0,0,0,0,0,0,0,0,0,0,0,0,0,0,0,0,0,0,0,0,0,0,0,0,0,0,0,0,0,0,0,0,0,0,0,0,0,0,0,0,0,0,0,0,0,0,0,0,0,0,0,0
448,0,0,0,0,0,0,0,0,0,0,0,0,0,0,0,0,0,0,0,0,0,0,0,0,0,0,0,0,0,0,21,0,0,0,0,0,0,0,0,0,0,0,0,0,0,0,0,0,0,0,0,0,0,0,0,0,0,0,0,0,0,0,0,0,0,0,0,0,0,0,0,0,0,0,0,0,0,0,0,0,0,0,0,0,0,0,0,0,0,0,0,0,0,0,0,0,0,0,0,0,7
449,0,0,0,0,0,0,0,0,0,0,0,0,0,0,0,0,0,0,0,0,0,0,0,0,0,0,0,0,0,21,0,0,0,0,0,0,0,0,0,0,0,0,0,0,0,0,0,0,0,0,0,0,0,0,0,0,0,0,0,0,0,0,0,0,0,0,0,0,0,0,0,0,0,0,0,0,0,0,0,0,0,0,0,0,0,0,0,0,0,0,0,0,0,0,0,0,0,0,0,7,4
450,0,0,0,0,0,0,0,0,0,0,0,0,0,0,0,0,0,0,0,0,0,0,0,0,0,0,0,0,21,0,0,0,0,0,0,0,0,0,0,0,0,0,0,0,0,0,0,0,0,0,0,0,0,0,0,0,0,0,0,0,0,0,0,0,0,0,0,0,0,0,0,0,0,0,0,0,0,0,0,0,0,0,0,0,0,0,0,0,0,0,0,0,0,0,0,0,0,0,7,4,0
451,0,0,0,0,0,0,0,0,0,0,0,0,0,0,0,0,0,0,0,0,0,0,0,0,0,0,0,21,0,0,0,0,0,0,0,0,0,0,0,0,0,0,0,0,0,0,0,0,0,0,0,0,0,0,0,0,0,0,0,0,0,0,0,0,0,0,0,0,0,0,0,0,0,0,0,0,0,0,0,0,0,0,0,0,0,0,0,0,0,0,0,0,0,0,0,0,0,7,4,0,0
452,0,0,0,0,0,0,0,0,0,0,0,0,0,0,0,0,0,0,0,0,0,0,0,0,0,0,21,0,0,0,0,0,0,0,0,0,0,0,0,0,0,0,0,0,0,0,0,0,0,0,0,0,0,0,0,0,0,0,0,0,0,0,0,0,0,0,0,0,0,0,0,0,0,0,0,0,0,0,0,0,0,0,0,0,0,0,0,0,0,0,0,0,0,0,0,0,7,4,0,0,0
453,0,0,0,0,0,0,0,0,0,0,0,0,0,0,0,0,0,0,0,0,0,0,0,0,0,21,0,0,0,0,0,0,0,0,0,0,0,0,0,0,0,0,0,0,0,0,0,0,0,0,0,0,0,0,0,0,0,0,0,0,0,0,0,0,0,0,0,0,0,0,0,0,0,0,0,0,0,0,0,0,0,0,0,0,0,0,0,0,0,0,0,0,0,0,0,7,4,0,0,0,0
454,0,0,0,0,0,0,0,0,0,0,0,0,0,0,0,0,0,0,0,0,0,0,0,0,21,0,0,0,0,0,0,0,0,0,0,0,0,0,0,0,0,0,0,0,0,0,0,0,0,0,0,0,0,0,0,0,0,0,0,0,0,0,0,0,0,0,0,0,0,0,0,0,0,0,0,0,0,0,0,0,0,0,0,0,0,0,0,0,0,0,0,0,0,0,7,4,0,0,0,0,0
455,0,0,0,0,0,0,0,0,0,0,0,0,0,0,0,0,0,0,0,0,0,0,0,21,0,0,0,0,0,0,0,0,0,0,0,0,0,0,0,0,0,0,0,0,0,0,0,0,0,0,0,0,0,0,0,0,0,0,0,0,0,0,0,0,0,0,0,0,0,0,0,0,0,0,0,0,0,0,0,0,0,0,0,0,0,0,0,0,0,0,0,0,0,7,4,0,0,0,0,0,0
456,0,0,0,0,0,0,0,0,0,0,0,0,0,0,0,0,0,0,0,0,0,0,21,0,0,0,0,0,0,0,0,0,0,0,0,0,0,0,0,0,0,0,0,0,0,0,0,0,0,0,0,0,0,0,0,0,0,0,0,0,0,0,0,0,0,0,0,0,0,0,0,0,0,0,0,0,0,0,0,0,0,0,0,0,0,0,0,0,0,0,0,0,7,4,0,0,0,0,0,0,0
457,0,0,0,0,0,0,0,0,0,0,0,0,0,0,0,0,0,0,0,0,0,21,0,0,0,0,0,0,0,0,0,0,0,0,0,0,0,0,0,0,0,0,0,0,0,0,0,0,0,0,0,0,0,0,0,0,0,0,0,0,0,0,0,0,0,0,0,0,0,0,0,0,0,0,0,0,0,0,0,0,0,0,0,0,0,0,0,0,0,0,0,7,4,0,0,0,0,0,0,0,0
458,0,0,0,0,0,0,0,0,0,0,0,0,0,0,0,0,0,0,0,0,21,0,0,0,0,0,0,0,0,0,0,0,0,0,0,0,0,0,0,0,0,0,0,0,0,0,0,0,0,0,0,0,0,0,0,0,0,0,0,0,0,0,0,0,0,0,0,0,0,0,0,0,0,0,0,0,0,0,0,0,0,0,0,0,0,0,0,0,0,0,7,4,0,0,0,0,0,0,0,0,0
459,0,0,0,0,0,0,0,0,0,0,0,0,0,0,0,0,0,0,0,21,0,0,0,0,0,0,0,0,0,0,0,0,0,0,0,0,0,0,0,0,0,0,0,0,0,0,0,0,0,0,0,0,0,0,0,0,0,0,0,0,0,0,0,0,0,0,0,0,0,0,0,0,0,0,0,0,0,0,0,0,0,0,0,0,0,0,0,0,0,7,4,0,0,0,0,0,0,0,0,0,0
460,0,0,0,0,0,0,0,0,0,0,0,0,0,0,0,0,0,0,21,0,0,0,0,0,0,0,0,0,0,0,0,0,0,0,0,0,0,0,0,0,0,0,0,0,0,0,0,0,0,0,0,0,0,0,0,0,0,0,0,0,0,0,0,0,0,0,0,0,0,0,0,0,0,0,0,0,0,0,0,0,0,0,0,0,0,0,0,0,7,4,0,0,0,0,0,0,0,0,0,0,0
461,0,0,0,0,0,0,0,0,0,0,0,0,0,0,0,0,0,21,0,0,0,0,0,0,0,0,0,0,0,0,0,0,0,0,0,0,0,0,0,0,0,0,0,0,0,0,0,0,0,0,0,0,0,0,0,0,0,0,0,0,0,0,0,0,0,0,0,0,0,0,0,0,0,0,0,0,0,0,0,0,0,0,0,0,0,0,0,7,4,0,0,0,0,0,0,0,0,0,0,0,0
462,0,0,0,0,0,0,0,0,0,0,0,0,0,0,0,0,21,0,0,0,0,0,0,0,0,0,0,0,0,0,0,0,0,0,0,0,0,0,0,0,0,0,0,0,0,0,0,0,0,0,0,0,0,0,0,0,0,0,0,0,0,0,0,0,0,0,0,0,0,0,0,0,0,0,0,0,0,0,0,0,0,0,0,0,0,0,7,4,0,0,0,0,0,0,0,0,0,0,0,0,0
463,0,0,0,0,0,0,0,0,0,0,0,0,0,0,0,21,0,0,0,0,0,0,0,0,0,0,0,0,0,0,0,0,0,0,0,0,0,0,0,0,0,0,0,0,0,0,0,0,0,0,0,0,0,0,0,0,0,0,0,0,0,0,0,0,0,0,0,0,0,0,0,0,0,0,0,0,0,0,0,0,0,0,0,0,0,7,4,0,0,0,0,0,0,0,0,0,0,0,0,0,0
464,0,0,0,0,0,0,0,0,0,0,0,0,0,0,21,0,0,0,0,0,0,0,0,0,0,0,0,0,0,0,0,0,0,0,0,0,0,0,0,0,0,0,0,0,0,0,0,0,0,0,0,0,0,0,0,0,0,0,0,0,0,0,0,0,0,0,0,0,0,0,0,0,0,0,0,0,0,0,0,0,0,0,0,0,7,4,0,0,0,0,0,0,0,0,0,0,0,0,0,0,0
465,0,0,0,0,0,0,0,0,0,0,0,0,0,21,0,0,0,0,0,0,0,0,0,0,0,0,0,0,0,0,0,0,0,0,0,0,0,0,0,0,0,0,0,0,0,0,0,0,0,0,0,0,0,0,0,0,0,0,0,0,0,0,0,0,0,0,0,0,0,0,0,0,0,0,0,0,0,0,0,0,0,0,0,7,4,0,0,0,0,0,0,0,0,0,0,0,0,0,0,0,0
466,0,0,0,0,0,0,0,0,0,0,0,0,21,0,0,0,0,0,0,0,0,0,0,0,0,0,0,0,0,0,0,0,0,0,0,0,0,0,0,0,0,0,0,0,0,0,0,0,0,0,0,0,0,0,0,0,0,0,0,0,0,0,0,0,0,0,0,0,0,0,0,0,0,0,0,0,0,0,0,0,0,0,7,4,0,0,0,0,0,0,0,0,0,0,0,0,0,0,0,0,0
467,0,0,0,0,0,0,0,0,0,0,0,21,0,0,0,0,0,0,0,0,0,0,0,0,0,0,0,0,0,0,0,0,0,0,0,0,0,0,0,0,0,0,0,0,0,0,0,0,0,0,0,0,0,0,0,0,0,0,0,0,0,0,0,0,0,0,0,0,0,0,0,0,0,0,0,0,0,0,0,0,0,7,4,0,0,0,0,0,0,0,0,0,0,0,0,0,0,0,0,0,0
468,0,0,0,0,0,0,0,0,0,0,21,0,0,0,0,0,0,0,0,0,0,0,0,0,0,0,0,0,0,0,0,0,0,0,0,0,0,0,0,0,0,0,0,0,0,0,0,0,0,0,0,0,0,0,0,0,0,0,0,0,0,0,0,0,0,0,0,0,0,0,0,0,0,0,0,0,0,0,0,0,7,4,0,0,0,0,0,0,0,0,0,0,0,0,0,0,0,0,0,0,0
469,0,0,0,0,0,0,0,0,0,21,0,0,0,0,0,0,0,0,0,0,0,0,0,0,0,0,0,0,0,0,0,0,0,0,0,0,0,0,0,0,0,0,0,0,0,0,0,0,0,0,0,0,0,0,0,0,0,0,0,0,0,0,0,0,0,0,0,0,0,0,0,0,0,0,0,0,0,0,0,7,4,0,0,0,0,0,0,0,0,0,0,0,0,0,0,0,0,0,0,0,0
470,0,0,0,0,0,0,0,0,21,0,0,0,0,0,0,0,0,0,0,0,0,0,0,0,0,0,0,0,0,0,0,0,0,0,0,0,0,0,0,0,0,0,0,0,0,0,0,0,0,0,0,0,0,0,0,0,0,0,0,0,0,0,0,0,0,0,0,0,0,0,0,0,0,0,0,0,0,0,7,4,0,0,0,0,0,0,0,0,0,0,0,0,0,0,0,0,0,0,0,0,0
471,0,0,0,0,0,0,0,21,0,0,0,0,0,0,0,0,0,0,0,0,0,0,0,0,0,0,0,0,0,0,0,0,0,0,0,0,0,0,0,0,0,0,0,0,0,0,0,0,0,0,0,0,0,0,0,0,0,0,0,0,0,0,0,0,0,0,0,0,0,0,0,0,0,0,0,0,0,7,4,0,0,0,0,0,0,0,0,0,0,0,0,0,0,0,0,0,0,0,0,0,3
472,0,0,0,0,0,0,21,0,0,0,0,0,0,0,0,0,0,0,0,0,0,0,0,0,0,0,0,0,0,0,0,0,0,0,0,0,0,0,0,0,0,0,0,0,0,0,0,0,0,0,0,0,0,0,0,0,0,0,0,0,0,0,0,0,0,0,0,0,0,0,0,0,0,0,0,0,7,4,0,0,0,0,0,0,0,0,0,0,0,0,0,0,0,0,0,0,0,0,0,3,2
473,0,0,0,0,0,21,0,0,0,0,0,0,0,0,0,0,0,0,0,0,0,0,0,0,0,0,0,0,0,0,0,0,0,0,0,0,0,0,0,0,0,0,0,0,0,0,0,0,0,0,0,0,0,0,0,0,0,0,0,0,0,0,0,0,0,0,0,0,0,0,0,0,0,0,0,7,4,0,0,0,0,0,0,0,0,0,0,0,0,0,0,0,0,0,0,0,0,0,3,2,-5
474,0,0,0,0,21,0,0,0,0,0,0,0,0,0,0,0,0,0,0,0,0,0,0,0,0,0,0,0,0,0,0,0,0,0,0,0,0,0,0,0,0,0,0,0,0,0,0,0,0,0,0,0,0,0,0,0,0,0,0,0,0,0,0,0,0,0,0,0,0,0,0,0,0,0,7,4,0,0,0,0,0,0,0,0,0,0,0,0,0,0,0,0,0,0,0,0,0,3,2,-5,0
475,0,0,0,21,0,0,0,0,0,0,0,0,0,0,0,0,0,0,0,0,0,0,0,0,0,0,0,0,0,0,0,0,0,0,0,0,0,0,0,0,0,0,0,0,0,0,0,0,0,0,0,0,0,0,0,0,0,0,0,0,0,0,0,0,0,0,0,0,0,0,0,0,0,7,4,0,0,0,0,0,0,0,0,0,0,0,0,0,0,0,0,0,0,0,0,0,3,2,-5,0,0
476,0,0,21,0,0,0,0,0,0,0,0,0,0,0,0,0,0,0,0,0,0,0,0,0,0,0,0,0,0,0,0,0,0,0,0,0,0,0,0,0,0,0,0,0,0,0,0,0,0,0,0,0,0,0,0,0,0,0,0,0,0,0,0,0,0,0,0,0,0,0,0,0,7,4,0,0,0,0,0,0,0,0,0,0,0,0,0,0,0,0,0,0,0,0,0,3,2,-5,0,0,0
477,0,21,0,0,0,0,0,0,0,0,0,0,0,0,0,0,0,0,0,0,0,0,0,0,0,0,0,0,0,0,0,0,0,0,0,0,0,0,0,0,0,0,0,0,0,0,0,0,0,0,0,0,0,0,0,0,0,0,0,0,0,0,0,0,0,0,0,0,0,0,0,7,4,0,0,0,0,0,0,0,0,0,0,0,0,0,0,0,0,0,0,0,0,0,3,2,-5,0,0,0,0
478,21,0,0,0,0,0,0,0,0,0,0,0,0,0,0,0,0,0,0,0,0,0,0,0,0,0,0,0,0,0,0,0,0,0,0,0,0,0,0,0,0,0,0,0,0,0,0,0,0,0,0,0,0,0,0,0,0,0,0,0,0,0,0,0,0,0,0,0,0,0,7,4,0,0,0,0,0,0,0,0,0,0,0,0,0,0,0,0,0,0,0,0,0,3,2,-5,0,0,0,0,0
479,0,0,0,0,0,0,0,0,0,0,0,0,0,0,0,0,0,0,0,0,0,0,0,0,0,0,0,0,0,0,0,0,0,0,0,0,0,0,0,0,0,0,0,0,0,0,0,0,0,0,0,0,0,0,0,0,0,0,0,0,0,0,0,0,0,0,0,0,0,7,4,0,0,0,0,0,0,0,0,0,0,0,0,0,0,0,0,0,0,0,0,0,3,2,-5,0,0,0,0,0,0
480,0,0,0,0,0,0,0,0,0,0,0,0,0,0,0,0,0,0,0,0,0,0,0,0,0,0,0,0,0,0,0,0,0,0,0,0,0,0,0,0,0,0,0,0,0,0,0,0,0,0,0,0,0,0,0,0,0,0,0,0,0,0,0,0,0,0,0,0,7,4,0,0,0,0,0,0,0,0,0,0,0,0,0,0,0,0,0,0,0,0,0,3,2,-5,0,0,0,0,0,0,0
481,0,0,0,0,0,0,0,0,0,0,0,0,0,0,0,0,0,0,0,0,0,0,0,0,0,0,0,0,0,0,0,0,0,0,0,0,0,0,0,0,0,0,0,0,0,0,0,0,0,0,0,0,0,0,0,0,0,0,0,0,0,0,0,0,0,0,0,7,4,0,0,0,0,0,0,0,0,0,0,0,0,0,0,0,0,0,0,0,0,0,3,2,-5,0,0,0,0,0,0,0,0
482,0,0,0,0,0,0,0,0,0,0,0,0,0,0,0,0,0,0,0,0,0,0,0,0,0,0,0,0,0,0,0,0,0,0,0,0,0,0,0,0,0,0,0,0,0,0,0,0,0,0,0,0,0,0,0,0,0,0,0,0,0,0,0,0,0,0,7,4,0,0,0,0,0,0,0,0,0,0,0,0,0,0,0,0,0,0,0,0,0,3,2,-5,0,0,0,0,0,0,0,0,10
483,0,0,0,0,0,0,0,0,0,0,0,0,0,0,0,0,0,0,0,0,0,0,0,0,0,0,0,0,0,0,0,0,0,0,0,0,0,0,0,0,0,0,0,0,0,0,0,0,0,0,0,0,0,0,0,0,0,0,0,0,0,0,0,0,0,7,4,0,0,0,0,0,0,0,0,0,0,0,0,0,0,0,0,0,0,0,0,0,3,2,-5,0,0,0,0,0,0,0,0,10,2
484,0,0,0,0,0,0,0,0,0,0,0,0,0,0,0,0,0,0,0,0,0,0,0,0,0,0,0,0,0,0,0,0,0,0,0,0,0,0,0,0,0,0,0,0,0,0,0,0,0,0,0,0,0,0,0,0,0,0,0,0,0,0,0,0,7,4,0,0,0,0,0,0,0,0,0,0,0,0,0,0,0,0,0,0,0,0,0,3,2,-5,0,0,0,0,0,0,0,0,10,2,0
485,0,0,0,0,0,0,0,0,0,0,0,0,0,0,0,0,0,0,0,0,0,0,0,0,0,0,0,0,0,0,0,0,0,0,0,0,0,0,0,0,0,0,0,0,0,0,0,0,0,0,0,0,0,0,0,0,0,0,0,0,0,0,0,7,4,0,0,0,0,0,0,0,0,0,0,0,0,0,0,0,0,0,0,0,0,0,3,2,-5,0,0,0,0,0,0,0,0,10,2,0,0
486,0,0,0,0,0,0,0,0,0,0,0,0,0,0,0,0,0,0,0,0,0,0,0,0,0,0,0,0,0,0,0,0,0,0,0,0,0,0,0,0,0,0,0,0,0,0,0,0,0,0,0,0,0,0,0,0,0,0,0,0,0,0,7,4,0,0,0,0,0,0,0,0,0,0,0,0,0,0,0,0,0,0,0,0,0,3,2,-5,0,0,0,0,0,0,0,0,10,2,0,0,0
487,0,0,0,0,0,0,0,0,0,0,0,0,0,0,0,0,0,0,0,0,0,0,0,0,0,0,0,0,0,0,0,0,0,0,0,0,0,0,0,0,0,0,0,0,0,0,0,0,0,0,0,0,0,0,0,0,0,0,0,0,0,7,4,0,0,0,0,0,0,0,0,0,0,0,0,0,0,0,0,0,0,0,0,0,3,2,-5,0,0,0,0,0,0,0,0,10,2,0,0,0,0
488,0,0,0,0,0,0,0,0,0,0,0,0,0,0,0,0,0,0,0,0,0,0,0,0,0,0,0,0,0,0,0,0,0,0,0,0,0,0,0,0,0,0,0,0,0,0,0,0,0,0,0,0,0,0,0,0,0,0,0,0,7,4,0,0,0,0,0,0,0,0,0,0,0,0,0,0,0,0,0,0,0,0,0,3,2,-5,0,0,0,0,0,0,0,0,10,2,0,0,0,0,0
489,0,0,0,0,0,0,0,0,0,0,0,0,0,0,0,0,0,0,0,0,0,0,0,0,0,0,0,0,0,0,0,0,0,0,0,0,0,0,0,0,0,0,0,0,0,0,0,0,0,0,0,0,0,0,0,0,0,0,0,7,4,0,0,0,0,0,0,0,0,0,0,0,0,0,0,0,0,0,0,0,0,0,3,2,-5,0,0,0,0,0,0,0,0,10,2,0,0,0,0,0,0
490,0,0,0,0,0,0,0,0,0,0,0,0,0,0,0,0,0,0,0,0,0,0,0,0,0,0,0,0,0,0,0,0,0,0,0,0,0,0,0,0,0,0,0,0,0,0,0,0,0,0,0,0,0,0,0,0,0,0,7,4,0,0,0,0,0,0,0,0,0,0,0,0,0,0,0,0,0,0,0,0,0,3,2,-5,0,0,0,0,0,0,0,0,10,2,0,0,0,0,0,0,0
491,0,0,0,0,0,0,0,0,0,0,0,0,0,0,0,0,0,0,0,0,0,0,0,0,0,0,0,0,0,0,0,0,0,0,0,0,0,0,0,0,0,0,0,0,0,0,0,0,0,0,0,0,0,0,0,0,0,7,4,0,0,0,0,0,0,0,0,0,0,0,0,0,0,0,0,0,0,0,0,0,3,2,-5,0,0,0,0,0,0,0,0,10,2,0,0,0,0,0,0,0,0
492,0,0,0,0,0,0,0,0,0,0,0,0,0,0,0,0,0,0,0,0,0,0,0,0,0,0,0,0,0,0,0,0,0,0,0,0,0,0,0,0,0,0,0,0,0,0,0,0,0,0,0,0,0,0,0,0,7,4,0,0,0,0,0,0,0,0,0,0,0,0,0,0,0,0,0,0,0,0,0,3,2,-5,0,0,0,0,0,0,0,0,10,2,0,0,0,0,0,0,0,0,0
493,0,0,0,0,0,0,0,0,0,0,0,0,0,0,0,0,0,0,0,0,0,0,0,0,0,0,0,0,0,0,0,0,0,0,0,0,0,0,0,0,0,0,0,0,0,0,0,0,0,0,0,0,0,0,0,7,4,0,0,0,0,0,0,0,0,0,0,0,0,0,0,0,0,0,0,0,0,0,3,2,-5,0,0,0,0,0,0,0,0,10,2,0,0,0,0,0,0,0,0,0,0
494,0,0,0,0,0,0,0,0,0,0,0,0,0,0,0,0,0,0,0,0,0,0,0,0,0,0,0,0,0,0,0,0,0,0,0,0,0,0,0,0,0,0,0,0,0,0,0,0,0,0,0,0,0,0,7,4,0,0,0,0,0,0,0,0,0,0,0,0,0,0,0,0,0,0,0,0,0,3,2,-5,0,0,0,0,0,0,0,0,10,2,0,0,0,0,0,0,0,0,0,0,0
495,0,0,0,0,0,0,0,0,0,0,0,0,0,0,0,0,0,0,0,0,0,0,0,0,0,0,0,0,0,0,0,0,0,0,0,0,0,0,0,0,0,0,0,0,0,0,0,0,0,0,0,0,0,7,4,0,0,0,0,0,0,0,0,0,0,0,0,0,0,0,0,0,0,0,0,0,3,2,-5,0,0,0,0,0,0,0,0,10,2,0,0,0,0,0,0,0,0,0,0,0,0
496,0,0,0,0,0,0,0,0,0,0,0,0,0,0,0,0,0,0,0,0,0,0,0,0,0,0,0,0,0,0,0,0,0,0,0,0,0,0,0,0,0,0,0,0,0,0,0,0,0,0,0,0,7,4,0,0,0,0,0,0,0,0,0,0,0,0,0,0,0,0,0,0,0,0,0,3,2,-5,0,0,0,0,0,0,0,0,10,2,0,0,0,0,0,0,0,0,0,0,0,0,0
497,0,0,0,0,0,0,0,0,0,0,0,0,0,0,0,0,0,0,0,0,0,0,0,0,0,0,0,0,0,0,0,0,0,0,0,0,0,0,0,0,0,0,0,0,0,0,0,0,0,0,0,7,4,0,0,0,0,0,0,0,0,0,0,0,0,0,0,0,0,0,0,0,0,0,3,2,-5,0,0,0,0,0,0,0,0,10,2,0,0,0,0,0,0,0,0,0,0,0,0,0,14
498,0,0,0,0,0,0,0,0,0,0,0,0,0,0,0,0,0,0,0,0,0,0,0,0,0,0,0,0,0,0,0,0,0,0,0,0,0,0,0,0,0,0,0,0,0,0,0,0,0,0,7,4,0,0,0,0,0,0,0,0,0,0,0,0,0,0,0,0,0,0,0,0,0,3,2,-5,0,0,0,0,0,0,0,0,10,2,0,0,0,0,0,0,0,0,0,0,0,0,0,14,0
499,0,0,0,0,0,0,0,0,0,0,0,0,0,0,0,0,0,0,0,0,0,0,0,0,0,0,0,0,0,0,0,0,0,0,0,0,0,0,0,0,0,0,0,0,0,0,0,0,0,7,4,0,0,0,0,0,0,0,0,0,0,0,0,0,0,0,0,0,0,0,0,0,3,2,-5,0,0,0,0,0,0,0,0,10,2,0,0,0,0,0,0,0,0,0,0,0,0,0,14,0,0
500,0,0,0,0,0,0,0,0,0,0,0,0,0,0,0,0,0,0,0,0,0,0,0,0,0,0,0,0,0,0,0,0,0,0,0,0,0,0,0,0,0,0,0,0,0,0,0,0,7,4,0,0,0,0,0,0,0,0,0,0,0,0,0,0,0,0,0,0,0,0,0,3,2,-5,0,0,0,0,0,0,0,0,10,2,0,0,0,0,0,0,0,0,0,0,0,0,0,14,0,0,0
501,0,0,0,0,0,0,0,0,0,0,0,0,0,0,0,0,0,0,0,0,0,0,0,0,0,0,0,0,0,0,0,0,0,0,0,0,0,0,0,0,0,0,0,0,0,0,0,7,4,0,0,0,0,0,0,0,0,0,0,0,0,0,0,0,0,0,0,0,0,0,3,2,-5,0,0,0,0,0,0,0,0,10,2,0,0,0,0,0,0,0,0,0,0,0,0,0,14,0,0,0,0
502,0,0,0,0,0,0,0,0,0,0,0,0,0,0,0,0,0,0,0,0,0,0,0,0,0,0,0,0,0,0,0,0,0,0,0,0,0,0,0,0,0,0,0,0,0,0,7,4,0,0,0,0,0,0,0,0,0,0,0,0,0,0,0,0,0,0,0,0,0,3,2,-5,0,0,0,0,0,0,0,0,10,2,0,0,0,0,0,0,0,0,0,0,0,0,0,14,0,0,0,0,0
503,0,0,0,0,0,0,0,0,0,0,0,0,0,0,0,0,0,0,0,0,0,0,0,0,0,0,0,0,0,0,0,0,0,0,0,0,0,0,0,0,0,0,0,0,0,7,4,0,0,0,0,0,0,0,0,0,0,0,0,0,0,0,0,0,0,0,0,0,3,2,-5,0,0,0,0,0,0,0,0,10,2,0,0,0,0,0,0,0,0,0,0,0,0,0,14,0,0,0,0,0,0
504,0,0,0,0,0,0,0,0,0,0,0,0,0,0,0,0,0,0,0,0,0,0,0,0,0,0,0,0,0,0,0,0,0,0,0,0,0,0,0,0,0,0,0,0,7,4,0,0,0,0,0,0,0,0,0,0,0,0,0,0,0,0,0,0,0,0,0,3,2,-5,0,0,0,0,0,0,0,0,10,2,0,0,0,0,0,0,0,0,0,0,0,0,0,14,0,0,0,0,0,0,0
505,0,0,0,0,0,0,0,0,0,0,0,0,0,0,0,0,0,0,0,0,0,0,0,0,0,0,0,0,0,0,0,0,0,0,0,0,0,0,0,0,0,0,0,7,4,0,0,0,0,0,0,0,0,0,0,0,0,0,0,0,0,0,0,0,0,0,3,2,-5,0,0,0,0,0,0,0,0,10,2,0,0,0,0,0,0,0,0,0,0,0,0,0,14,0,0,0,0,0,0,0,0
506,0,0,0,0,0,0,0,0,0,0,0,0,0,0,0,0,0,0,0,0,0,0,0,0,0,0,0,0,0,0,0,0,0,0,0,0,0,0,0,0,0,0,7,4,0,0,0,0,0,0,0,0,0,0,0,0,0,0,0,0,0,0,0,0,0,3,2,-5,0,0,0,0,0,0,0,0,10,2,0,0,0,0,0,0,0,0,0,0,0,0,0,14,0,0,0,0,0,0,0,0,0
507,0,0,0,0,0,0,0,0,0,0,0,0,0,0,0,0,0,0,0,0,0,0,0,0,0,0,0,0,0,0,0,0,0,0,0,0,0,0,0,0,0,7,4,0,0,0,0,0,0,0,0,0,0,0,0,0,0,0,0,0,0,0,0,0,3,2,-5,0,0,0,0,0,0,0,0,10,2,0,0,0,0,0,0,0,0,0,0,0,0,0,14,0,0,0,0,0,0,0,0,0,0
508,0,0,0,0,0,0,0,0,0,0,0,0,0,0,0,0,0,0,0,0,0,0,0,0,0,0,0,0,0,0,0,0,0,0,0,0,0,0,0,0,7,4,0,0,0,0,0,0,0,0,0,0,0,0,0,0,0,0,0,0,0,0,0,3,2,-5,0,0,0,0,0,0,0,0,10,2,0,0,0,0,0,0,0,0,0,0,0,0,0,14,0,0,0,0,0,0,0,0,0,0,0
509,0,0,0,0,0,0,0,0,0,0,0,0,0,0,0,0,0,0,0,0,0,0,0,0,0,0,0,0,0,0,0,0,0,0,0,0,0,0,0,7,4,0,0,0,0,0,0,0,0,0,0,0,0,0,0,0,0,0,0,0,0,0,3,2,-5,0,0,0,0,0,0,0,0,10,2,0,0,0,0,0,0,0,0,0,0,0,0,0,14,0,0,0,0,0,0,0,0,0,0,0,0
510,0,0,0,0,0,0,0,0,0,0,0,0,0,0,0,0,0,0,0,0,0,0,0,0,0,0,0,0,0,0,0,0,0,0,0,0,0,0,7,4,0,0,0,0,0,0,0,0,0,0,0,0,0,0,0,0,0,0,0,0,0,3,2,-5,0,0,0,0,0,0,0,0,10,2,0,0,0,0,0,0,0,0,0,0,0,0,0,14,0,0,0,0,0,0,0,0,0,0,0,0,0
511,0,0,0,0,0,0,0,0,0,0,0,0,0,0,0,0,0,0,0,0,0,0,0,0,0,0,0,0,0,0,0,0,0,0,0,0,0,7,4,0,0,0,0,0,0,0,0,0,0,0,0,0,0,0,0,0,0,0,0,0,3,2,-5,0,0,0,0,0,0,0,0,10,2,0,0,0,0,0,0,0,0,0,0,0,0,0,14,0,0,0,0,0,0,0,0,0,0,0,0,0,0
512,0,0,0,0,0,0,0,0,0,0,0,0,0,0,0,0,0,0,0,0,0,0,0,0,0,0,0,0,0,0,0,0,0,0,0,0,7,4,0,0,0,0,0,0,0,0,0,0,0,0,0,0,0,0,0,0,0,0,0,3,2,-5,0,0,0,0,0,0,0,0,10,2,0,0,0,0,0,0,0,0,0,0,0,0,0,14,0,0,0,0,0,0,0,0,0,0,0,0,0,0,0
513,0,0,0,0,0,0,0,0,0,0,0,0,0,0,0,0,0,0,0,0,0,0,0,0,0,0,0,0,0,0,0,0,0,0,0,7,4,0,0,0,0,0,0,0,0,0,0,0,0,0,0,0,0,0,0,0,0,0,3,2,-5,0,0,0,0,0,0,0,0,10,2,0,0,0,0,0,0,0,0,0,0,0,0,0,14,0,0,0,0,0,0,0,0,0,0,0,0,0,0,0,0
514,0,0,0,0,0,0,0,0,0,0,0,0,0,0,0,0,0,0,0,0,0,0,0,0,0,0,0,0,0,0,0,0,0,0,7,4,0,0,0,0,0,0,0,0,0,0,0,0,0,0,0,0,0,0,0,0,0,3,2,-5,0,0,0,0,0,0,0,0,10,2,0,0,0,0,0,0,0,0,0,0,0,0,0,14,0,0,0,0,0,0,0,0,0,0,0,0,0,0,0,0,5
515,0,0,0,0,0,0,0,0,0,0,0,0,0,0,0,0,0,0,0,0,0,0,0,0,0,0,0,0,0,0,0,0,0,7,4,0,0,0,0,0,0,0,0,0,0,0,0,0,0,0,0,0,0,0,0,0,3,2,-5,0,0,0,0,0,0,0,0,10,2,0,0,0,0,0,0,0,0,0,0,0,0,0,14,0,0,0,0,0,0,0,0,0,0,0,0,0,0,0,0,5,0
516,0,0,0,0,0,0,0,0,0,0,0,0,0,0,0,0,0,0,0,0,0,0,0,0,0,0,0,0,0,0,0,0,7,4,0,0,0,0,0,0,0,0,0,0,0,0,0,0,0,0,0,0,0,0,0,3,2,-5,0,0,0,0,0,0,0,0,10,2,0,0,0,0,0,0,0,0,0,0,0,0,0,14,0,0,0,0,0,0,0,0,0,0,0,0,0,0,0,0,5,0,0
517,0,0,0,0,0,0,0,0,0,0,0,0,0,0,0,0,0,0,0,0,0,0,0,0,0,0,0,0,0,0,0,7,4,0,0,0,0,0,0,0,0,0,0,0,0,0,0,0,0,0,0,0,0,0,3,2,-5,0,0,0,0,0,0,0,0,10,2,0,0,0,0,0,0,0,0,0,0,0,0,0,14,0,0,0,0,0,0,0,0,0,0,0,0,0,0,0,0,5,0,0,0
518,0,0,0,0,0,0,0,0,0,0,0,0,0,0,0,0,0,0,0,0,0,0,0,0,0,0,0,0,0,0,7,4,0,0,0,0,0,0,0,0,0,0,0,0,0,0,0,0,0,0,0,0,0,3,2,-5,0,0,0,0,0,0,0,0,10,2,0,0,0,0,0,0,0,0,0,0,0,0,0,14,0,0,0,0,0,0,0,0,0,0,0,0,0,0,0,0,5,0,0,0,0
519,0,0,0,0,0,0,0,0,0,0,0,0,0,0,0,0,0,0,0,0,0,0,0,0,0,0,0,0,0,7,4,0,0,0,0,0,0,0,0,0,0,0,0,0,0,0,0,0,0,0,0,0,3,2,-5,0,0,0,0,0,0,0,0,10,2,0,0,0,0,0,0,0,0,0,0,0,0,0,14,0,0,0,0,0,0,0,0,0,0,0,0,0,0,0,0,5,0,0,0,0,0
520,0,0,0,0,0,0,0,0,0,0,0,0,0,0,0,0,0,0,0,0,0,0,0,0,0,0,0,0,7,4,0,0,0,0,0,0,0,0,0,0,0,0,0,0,0,0,0,0,0,0,0,3,2,-5,0,0,0,0,0,0,0,0,10,2,0,0,0,0,0,0,0,0,0,0,0,0,0,14,0,0,0,0,0,0,0,0,0,0,0,0,0,0,0,0,5,0,0,0,0,0,0
521,0,0,0,0,0,0,0,0,0,0,0,0,0,0,0,0,0,0,0,0,0,0,0,0,0,0,0,7,4,0,0,0,0,0,0,0,0,0,0,0,0,0,0,0,0,0,0,0,0,0,3,2,-5,0,0,0,0,0,0,0,0,10,2,0,0,0,0,0,0,0,0,0,0,0,0,0,14,0,0,0,0,0,0,0,0,0,0,0,0,0,0,0,0,5,0,0,0,0,0,0,20
522,0,0,0,0,0,0,0,0,0,0,0,0,0,0,0,0,0,0,0,0,0,0,0,0,0,0,7,4,0,0,0,0,0,0,0,0,0,0,0,0,0,0,0,0,0,0,0,0,0,3,2,-5,0,0,0,0,0,0,0,0,10,2,0,0,0,0,0,0,0,0,0,0,0,0,0,14,0,0,0,0,0,0,0,0,0,0,0,0,0,0,0,0,5,0,0,0,0,0,0,20,0
523,0,0,0,0,0,0,0,0,0,0,0,0,0,0,0,0,0,0,0,0,0,0,0,0,0,7,4,0,0,0,0,0,0,0,0,0,0,0,0,0,0,0,0,0,0,0,0,0,3,2,-5,0,0,0,0,0,0,0,0,10,2,0,0,0,0,0,0,0,0,0,0,0,0,0,14,0,0,0,0,0,0,0,0,0,0,0,0,0,0,0,0,5,0,0,0,0,0,0,20,0,0
524,0,0,0,0,0,0,0,0,0,0,0,0,0,0,0,0,0,0,0,0,0,0,0,0,7,4,0,0,0,0,0,0,0,0,0,0,0,0,0,0,0,0,0,0,0,0,0,3,2,-5,0,0,0,0,0,0,0,0,10,2,0,0,0,0,0,0,0,0,0,0,0,0,0,14,0,0,0,0,0,0,0,0,0,0,0,0,0,0,0,0,5,0,0,0,0,0,0,20,0,0,0
525,0,0,0,0,0,0,0,0,0,0,0,0,0,0,0,0,0,0,0,0,0,0,0,7,4,0,0,0,0,0,0,0,0,0,0,0,0,0,0,0,0,0,0,0,0,0,3,2,-5,0,0,0,0,0,0,0,0,10,2,0,0,0,0,0,0,0,0,0,0,0,0,0,14,0,0,0,0,0,0,0,0,0,0,0,0,0,0,0,0,5,0,0,0,0,0,0,20,0,0,0,0
526,0,0,0,0,0,0,0,0,0,0,0,0,0,0,0,0,0,0,0,0,0,0,7,4,0,0,0,0,0,0,0,0,0,0,0,0,0,0,0,0,0,0,0,0,0,3,2,-5,0,0,0,0,0,0,0,0,10,2,0,0,0,0,0,0,0,0,0,0,0,0,0,14,0,0,0,0,0,0,0,0,0,0,0,0,0,0,0,0,5,0,0,0,0,0,0,20,0,0,0,0,0
527,0,0,0,0,0,0,0,0,0,0,0,0,0,0,0,0,0,0,0,0,0,7,4,0,0,0,0,0,0,0,0,0,0,0,0,0,0,0,0,0,0,0,0,0,3,2,-5,0,0,0,0,0,0,0,0,10,2,0,0,0,0,0,0,0,0,0,0,0,0,0,14,0,0,0,0,0,0,0,0,0,0,0,0,0,0,0,0,5,0,0,0,0,0,0,20,0,0,0,0,0,0
528,0,0,0,0,0,0,0,0,0,0,0,0,0,0,0,0,0,0,0,0,7,4,0,0,0,0,0,0,0,0,0,0,0,0,0,0,0,0,0,0,0,0,0,3,2,-5,0,0,0,0,0,0,0,0,10,2,0,0,0,0,0,0,0,0,0,0,0,0,0,14,0,0,0,0,0,0,0,0,0,0,0,0,0,0,0,0,5,0,0,0,0,0,0,20,0,0,0,0,0,0,0
529,0,0,0,0,0,0,0,0,0,0,0,0,0,0,0,0,0,0,0,7,4,0,0,0,0,0,0,0,0,0,0,0,0,0,0,0,0,0,0,0,0,0,3,2,-5,0,0,0,0,0,0,0,0,10,2,0,0,0,0,0,0,0,0,0,0,0,0,0,14,0,0,0,0,0,0,0,0,0,0,0,0,0,0,0,0,5,0,0,0,0,0,0,20,0,0,0,0,0,0,0,0
530,0,0,0,0,0,0,0,0,0,0,0,0,0,0,0,0,0,0,7,4,0,0,0,0,0,0,0,0,0,0,0,0,0,0,0,0,0,0,0,0,0,3,2,-5,0,0,0,0,0,0,0,0,10,2,0,0,0,0,0,0,0,0,0,0,0,0,0,14,0,0,0,0,0,0,0,0,0,0,0,0,0,0,0,0,5,0,0,0,0,0,0,20,0,0,0,0,0,0,0,0,0
531,0,0,0,0,0,0,0,0,0,0,0,0,0,0,0,0,0,7,4,0,0,0,0,0,0,0,0,0,0,0,0,0,0,0,0,0,0,0,0,0,3,2,-5,0,0,0,0,0,0,0,0,10,2,0,0,0,0,0,0,0,0,0,0,0,0,0,14,0,0,0,0,0,0,0,0,0,0,0,0,0,0,0,0,5,0,0,0,0,0,0,20,0,0,0,0,0,0,0,0,0,0
532,0,0,0,0,0,0,0,0,0,0,0,0,0,0,0,0,7,4,0,0,0,0,0,0,0,0,0,0,0,0,0,0,0,0,0,0,0,0,0,3,2,-5,0,0,0,0,0,0,0,0,10,2,0,0,0,0,0,0,0,0,0,0,0,0,0,14,0,0,0,0,0,0,0,0,0,0,0,0,0,0,0,0,5,0,0,0,0,0,0,20,0,0,0,0,0,0,0,0,0,0,0
533,0,0,0,0,0,0,0,0,0,0,0,0,0,0,0,7,4,0,0,0,0,0,0,0,0,0,0,0,0,0,0,0,0,0,0,0,0,0,3,2,-5,0,0,0,0,0,0,0,0,10,2,0,0,0,0,0,0,0,0,0,0,0,0,0,14,0,0,0,0,0,0,0,0,0,0,0,0,0,0,0,0,5,0,0,0,0,0,0,20,0,0,0,0,0,0,0,0,0,0,0,25
534,0,0,0,0,0,0,0,0,0,0,0,0,0,0,7,4,0,0,0,0,0,0,0,0,0,0,0,0,0,0,0,0,0,0,0,0,0,3,2,-5,0,0,0,0,0,0,0,0,10,2,0,0,0,0,0,0,0,0,0,0,0,0,0,14,0,0,0,0,0,0,0,0,0,0,0,0,0,0,0,0,5,0,0,0,0,0,0,20,0,0,0,0,0,0,0,0,0,0,0,25,-3
535,0,0,0,0,0,0,0,0,0,0,0,0,0,7,4,0,0,0,0,0,0,0,0,0,0,0,0,0,0,0,0,0,0,0,0,0,3,2,-5,0,0,0,0,0,0,0,0,10,2,0,0,0,0,0,0,0,0,0,0,0,0,0,14,0,0,0,0,0,0,0,0,0,0,0,0,0,0,0,0,5,0,0,0,0,0,0,20,0,0,0,0,0,0,0,0,0,0,0,25,-3,-3
536,0,0,0,0,0,0,0,0,0,0,0,0,7,4,0,0,0,0,0,0,0,0,0,0,0,0,0,0,0,0,0,0,0,0,0,3,2,-5,0,0,0,0,0,0,0,0,10,2,0,0,0,0,0,0,0,0,0,0,0,0,0,14,0,0,0,0,0,0,0,0,0,0,0,0,0,0,0,0,5,0,0,0,0,0,0,20,0,0,0,0,0,0,0,0,0,0,0,25,-3,-3,0
537,0,0,0,0,0,0,0,0,0,0,0,7,4,0,0,0,0,0,0,0,0,0,0,0,0,0,0,0,0,0,0,0,0,0,3,2,-5,0,0,0,0,0,0,0,0,10,2,0,0,0,0,0,0,0,0,0,0,0,0,0,14,0,0,0,0,0,0,0,0,0,0,0,0,0,0,0,0,5,0,0,0,0,0,0,20,0,0,0,0,0,0,0,0,0,0,0,25,-3,-3,0,0
538,0,0,0,0,0,0,0,0,0,0,7,4,0,0,0,0,0,0,0,0,0,0,0,0,0,0,0,0,0,0,0,0,0,3,2,-5,0,0,0,0,0,0,0,0,10,2,0,0,0,0,0,0,0,0,0,0,0,0,0,14,0,0,0,0,0,0,0,0,0,0,0,0,0,0,0,0,5,0,0,0,0,0,0,20,0,0,0,0,0,0,0,0,0,0,0,25,-3,-3,0,0,0
539,0,0,0,0,0,0,0,0,0,7,4,0,0,0,0,0,0,0,0,0,0,0,0,0,0,0,0,0,0,0,0,0,3,2,-5,0,0,0,0,0,0,0,0,10,2,0,0,0,0,0,0,0,0,0,0,0,0,0,14,0,0,0,0,0,0,0,0,0,0,0,0,0,0,0,0,5,0,0,0,0,0,0,20,0,0,0,0,0,0,0,0,0,0,0,25,-3,-3,0,0,0,0
540,0,0,0,0,0,0,0,0,7,4,0,0,0,0,0,0,0,0,0,0,0,0,0,0,0,0,0,0,0,0,0,3,2,-5,0,0,0,0,0,0,0,0,10,2,0,0,0,0,0,0,0,0,0,0,0,0,0,14,0,0,0,0,0,0,0,0,0,0,0,0,0,0,0,0,5,0,0,0,0,0,0,20,0,0,0,0,0,0,0,0,0,0,0,25,-3,-3,0,0,0,0,0
541,0,0,0,0,0,0,0,7,4,0,0,0,0,0,0,0,0,0,0,0,0,0,0,0,0,0,0,0,0,0,3,2,-5,0,0,0,0,0,0,0,0,10,2,0,0,0,0,0,0,0,0,0,0,0,0,0,14,0,0,0,0,0,0,0,0,0,0,0,0,0,0,0,0,5,0,0,0,0,0,0,20,0,0,0,0,0,0,0,0,0,0,0,25,-3,-3,0,0,0,0,0,0
542,0,0,0,0,0,0,7,4,0,0,0,0,0,0,0,0,0,0,0,0,0,0,0,0,0,0,0,0,0,3,2,-5,0,0,0,0,0,0,0,0,10,2,0,0,0,0,0,0,0,0,0,0,0,0,0,14,0,0,0,0,0,0,0,0,0,0,0,0,0,0,0,0,5,0,0,0,0,0,0,20,0,0,0,0,0,0,0,0,0,0,0,25,-3,-3,0,0,0,0,0,0,0
543,0,0,0,0,0,7,4,0,0,0,0,0,0,0,0,0,0,0,0,0,0,0,0,0,0,0,0,0,3,2,-5,0,0,0,0,0,0,0,0,10,2,0,0,0,0,0,0,0,0,0,0,0,0,0,14,0,0,0,0,0,0,0,0,0,0,0,0,0,0,0,0,5,0,0,0,0,0,0,20,0,0,0,0,0,0,0,0,0,0,0,25,-3,-3,0,0,0,0,0,0,0,0
544,0,0,0,0,7,4,0,0,0,0,0,0,0,0,0,0,0,0,0,0,0,0,0,0,0,0,0,3,2,-5,0,0,0,0,0,0,0,0,10,2,0,0,0,0,0,0,0,0,0,0,0,0,0,14,0,0,0,0,0,0,0,0,0,0,0,0,0,0,0,0,5,0,0,0,0,0,0,20,0,0,0,0,0,0,0,0,0,0,0,25,-3,-3,0,0,0,0,0,0,0,0,0
545,0,0,0,7,4,0,0,0,0,0,0,0,0,0,0,0,0,0,0,0,0,0,0,0,0,0,3,2,-5,0,0,0,0,0,0,0,0,10,2,0,0,0,0,0,0,0,0,0,0,0,0,0,14,0,0,0,0,0,0,0,0,0,0,0,0,0,0,0,0,5,0,0,0,0,0,0,20,0,0,0,0,0,0,0,0,0,0,0,25,-3,-3,0,0,0,0,0,0,0,0,0,0
546,0,0,7,4,0,0,0,0,0,0,0,0,0,0,0,0,0,0,0,0,0,0,0,0,0,3,2,-5,0,0,0,0,0,0,0,0,10,2,0,0,0,0,0,0,0,0,0,0,0,0,0,14,0,0,0,0,0,0,0,0,0,0,0,0,0,0,0,0,5,0,0,0,0,0,0,20,0,0,0,0,0,0,0,0,0,0,0,25,-3,-3,0,0,0,0,0,0,0,0,0,0,0
547,0,7,4,0,0,0,0,0,0,0,0,0,0,0,0,0,0,0,0,0,0,0,0,0,3,2,-5,0,0,0,0,0,0,0,0,10,2,0,0,0,0,0,0,0,0,0,0,0,0,0,14,0,0,0,0,0,0,0,0,0,0,0,0,0,0,0,0,5,0,0,0,0,0,0,20,0,0,0,0,0,0,0,0,0,0,0,25,-3,-3,0,0,0,0,0,0,0,0,0,0,0,0
548,7,4,0,0,0,0,0,0,0,0,0,0,0,0,0,0,0,0,0,0,0,0,0,3,2,-5,0,0,0,0,0,0,0,0,10,2,0,0,0,0,0,0,0,0,0,0,0,0,0,14,0,0,0,0,0,0,0,0,0,0,0,0,0,0,0,0,5,0,0,0,0,0,0,20,0,0,0,0,0,0,0,0,0,0,0,25,-3,-3,0,0,0,0,0,0,0,0,0,0,0,0,0
549,4,0,0,0,0,0,0,0,0,0,0,0,0,0,0,0,0,0,0,0,0,0,3,2,-5,0,0,0,0,0,0,0,0,10,2,0,0,0,0,0,0,0,0,0,0,0,0,0,14,0,0,0,0,0,0,0,0,0,0,0,0,0,0,0,0,5,0,0,0,0,0,0,20,0,0,0,0,0,0,0,0,0,0,0,25,-3,-3,0,0,0,0,0,0,0,0,0,0,0,0,0,0
550,0,0,0,0,0,0,0,0,0,0,0,0,0,0,0,0,0,0,0,0,0,3,2,-5,0,0,0,0,0,0,0,0,10,2,0,0,0,0,0,0,0,0,0,0,0,0,0,14,0,0,0,0,0,0,0,0,0,0,0,0,0,0,0,0,5,0,0,0,0,0,0,20,0,0,0,0,0,0,0,0,0,0,0,25,-3,-3,0,0,0,0,0,0,0,0,0,0,0,0,0,0,0
551,0,0,0,0,0,0,0,0,0,0,0,0,0,0,0,0,0,0,0,0,3,2,-5,0,0,0,0,0,0,0,0,10,2,0,0,0,0,0,0,0,0,0,0,0,0,0,14,0,0,0,0,0,0,0,0,0,0,0,0,0,0,0,0,5,0,0,0,0,0,0,20,0,0,0,0,0,0,0,0,0,0,0,25,-3,-3,0,0,0,0,0,0,0,0,0,0,0,0,0,0,0,0
552,0,0,0,0,0,0,0,0,0,0,0,0,0,0,0,0,0,0,0,3,2,-5,0,0,0,0,0,0,0,0,10,2,0,0,0,0,0,0,0,0,0,0,0,0,0,14,0,0,0,0,0,0,0,0,0,0,0,0,0,0,0,0,5,0,0,0,0,0,0,20,0,0,0,0,0,0,0,0,0,0,0,25,-3,-3,0,0,0,0,0,0,0,0,0,0,0,0,0,0,0,0,3
553,0,0,0,0,0,0,0,0,0,0,0,0,0,0,0,0,0,0,3,2,-5,0,0,0,0,0,0,0,0,10,2,0,0,0,0,0,0,0,0,0,0,0,0,0,14,0,0,0,0,0,0,0,0,0,0,0,0,0,0,0,0,5,0,0,0,0,0,0,20,0,0,0,0,0,0,0,0,0,0,0,25,-3,-3,0,0,0,0,0,0,0,0,0,0,0,0,0,0,0,0,3,0
554,0,0,0,0,0,0,0,0,0,0,0,0,0,0,0,0,0,3,2,-5,0,0,0,0,0,0,0,0,10,2,0,0,0,0,0,0,0,0,0,0,0,0,0,14,0,0,0,0,0,0,0,0,0,0,0,0,0,0,0,0,5,0,0,0,0,0,0,20,0,0,0,0,0,0,0,0,0,0,0,25,-3,-3,0,0,0,0,0,0,0,0,0,0,0,0,0,0,0,0,3,0,0
555,0,0,0,0,0,0,0,0,0,0,0,0,0,0,0,0,3,2,-5,0,0,0,0,0,0,0,0,10,2,0,0,0,0,0,0,0,0,0,0,0,0,0,14,0,0,0,0,0,0,0,0,0,0,0,0,0,0,0,0,5,0,0,0,0,0,0,20,0,0,0,0,0,0,0,0,0,0,0,25,-3,-3,0,0,0,0,0,0,0,0,0,0,0,0,0,0,0,0,3,0,0,0
556,0,0,0,0,0,0,0,0,0,0,0,0,0,0,0,3,2,-5,0,0,0,0,0,0,0,0,10,2,0,0,0,0,0,0,0,0,0,0,0,0,0,14,0,0,0,0,0,0,0,0,0,0,0,0,0,0,0,0,5,0,0,0,0,0,0,20,0,0,0,0,0,0,0,0,0,0,0,25,-3,-3,0,0,0,0,0,0,0,0,0,0,0,0,0,0,0,0,3,0,0,0,0
557,0,0,0,0,0,0,0,0,0,0,0,0,0,0,3,2,-5,0,0,0,0,0,0,0,0,10,2,0,0,0,0,0,0,0,0,0,0,0,0,0,14,0,0,0,0,0,0,0,0,0,0,0,0,0,0,0,0,5,0,0,0,0,0,0,20,0,0,0,0,0,0,0,0,0,0,0,25,-3,-3,0,0,0,0,0,0,0,0,0,0,0,0,0,0,0,0,3,0,0,0,0,0
558,0,0,0,0,0,0,0,0,0,0,0,0,0,3,2,-5,0,0,0,0,0,0,0,0,10,2,0,0,0,0,0,0,0,0,0,0,0,0,0,14,0,0,0,0,0,0,0,0,0,0,0,0,0,0,0,0,5,0,0,0,0,0,0,20,0,0,0,0,0,0,0,0,0,0,0,25,-3,-3,0,0,0,0,0,0,0,0,0,0,0,0,0,0,0,0,3,0,0,0,0,0,0
559,0,0,0,0,0,0,0,0,0,0,0,0,3,2,-5,0,0,0,0,0,0,0,0,10,2,0,0,0,0,0,0,0,0,0,0,0,0,0,14,0,0,0,0,0,0,0,0,0,0,0,0,0,0,0,0,5,0,0,0,0,0,0,20,0,0,0,0,0,0,0,0,0,0,0,25,-3,-3,0,0,0,0,0,0,0,0,0,0,0,0,0,0,0,0,3,0,0,0,0,0,0,0
560,0,0,0,0,0,0,0,0,0,0,0,3,2,-5,0,0,0,0,0,0,0,0,10,2,0,0,0,0,0,0,0,0,0,0,0,0,0,14,0,0,0,0,0,0,0,0,0,0,0,0,0,0,0,0,5,0,0,0,0,0,0,20,0,0,0,0,0,0,0,0,0,0,0,25,-3,-3,0,0,0,0,0,0,0,0,0,0,0,0,0,0,0,0,3,0,0,0,0,0,0,0,0
561,0,0,0,0,0,0,0,0,0,0,3,2,-5,0,0,0,0,0,0,0,0,10,2,0,0,0,0,0,0,0,0,0,0,0,0,0,14,0,0,0,0,0,0,0,0,0,0,0,0,0,0,0,0,5,0,0,0,0,0,0,20,0,0,0,0,0,0,0,0,0,0,0,25,-3,-3,0,0,0,0,0,0,0,0,0,0,0,0,0,0,0,0,3,0,0,0,0,0,0,0,0,0
562,0,0,0,0,0,0,0,0,0,3,2,-5,0,0,0,0,0,0,0,0,10,2,0,0,0,0,0,0,0,0,0,0,0,0,0,14,0,0,0,0,0,0,0,0,0,0,0,0,0,0,0,0,5,0,0,0,0,0,0,20,0,0,0,0,0,0,0,0,0,0,0,25,-3,-3,0,0,0,0,0,0,0,0,0,0,0,0,0,0,0,0,3,0,0,0,0,0,0,0,0,0,0
563,0,0,0,0,0,0,0,0,3,2,-5,0,0,0,0,0,0,0,0,10,2,0,0,0,0,0,0,0,0,0,0,0,0,0,14,0,0,0,0,0,0,0,0,0,0,0,0,0,0,0,0,5,0,0,0,0,0,0,20,0,0,0,0,0,0,0,0,0,0,0,25,-3,-3,0,0,0,0,0,0,0,0,0,0,0,0,0,0,0,0,3,0,0,0,0,0,0,0,0,0,0,0
564,0,0,0,0,0,0,0,3,2,-5,0,0,0,0,0,0,0,0,10,2,0,0,0,0,0,0,0,0,0,0,0,0,0,14,0,0,0,0,0,0,0,0,0,0,0,0,0,0,0,0,5,0,0,0,0,0,0,20,0,0,0,0,0,0,0,0,0,0,0,25,-3,-3,0,0,0,0,0,0,0,0,0,0,0,0,0,0,0,0,3,0,0,0,0,0,0,0,0,0,0,0,0
565,0,0,0,0,0,0,3,2,-5,0,0,0,0,0,0,0,0,10,2,0,0,0,0,0,0,0,0,0,0,0,0,0,14,0,0,0,0,0,0,0,0,0,0,0,0,0,0,0,0,5,0,0,0,0,0,0,20,0,0,0,0,0,0,0,0,0,0,0,25,-3,-3,0,0,0,0,0,0,0,0,0,0,0,0,0,0,0,0,3,0,0,0,0,0,0,0,0,0,0,0,0,13
566,0,0,0,0,0,3,2,-5,0,0,0,0,0,0,0,0,10,2,0,0,0,0,0,0,0,0,0,0,0,0,0,14,0,0,0,0,0,0,0,0,0,0,0,0,0,0,0,0,5,0,0,0,0,0,0,20,0,0,0,0,0,0,0,0,0,0,0,25,-3,-3,0,0,0,0,0,0,0,0,0,0,0,0,0,0,0,0,3,0,0,0,0,0,0,0,0,0,0,0,0,13,3
567,0,0,0,0,3,2,-5,0,0,0,0,0,0,0,0,10,2,0,0,0,0,0,0,0,0,0,0,0,0,0,14,0,0,0,0,0,0,0,0,0,0,0,0,0,0,0,0,5,0,0,0,0,0,0,20,0,0,0,0,0,0,0,0,0,0,0,25,-3,-3,0,0,0,0,0,0,0,0,0,0,0,0,0,0,0,0,3,0,0,0,0,0,0,0,0,0,0,0,0,13,3,0
568,0,0,0,3,2,-5,0,0,0,0,0,0,0,0,10,2,0,0,0,0,0,0,0,0,0,0,0,0,0,14,0,0,0,0,0,0,0,0,0,0,0,0,0,0,0,0,5,0,0,0,0,0,0,20,0,0,0,0,0,0,0,0,0,0,0,25,-3,-3,0,0,0,0,0,0,0,0,0,0,0,0,0,0,0,0,3,0,0,0,0,0,0,0,0,0,0,0,0,13,3,0,0
569,0,0,3,2,-5,0,0,0,0,0,0,0,0,10,2,0,0,0,0,0,0,0,0,0,0,0,0,0,14,0,0,0,0,0,0,0,0,0,0,0,0,0,0,0,0,5,0,0,0,0,0,0,20,0,0,0,0,0,0,0,0,0,0,0,25,-3,-3,0,0,0,0,0,0,0,0,0,0,0,0,0,0,0,0,3,0,0,0,0,0,0,0,0,0,0,0,0,13,3,0,0,0
570,0,3,2,-5,0,0,0,0,0,0,0,0,10,2,0,0,0,0,0,0,0,0,0,0,0,0,0,14,0,0,0,0,0,0,0,0,0,0,0,0,0,0,0,0,5,0,0,0,0,0,0,20,0,0,0,0,0,0,0,0,0,0,0,25,-3,-3,0,0,0,0,0,0,0,0,0,0,0,0,0,0,0,0,3,0,0,0,0,0,0,0,0,0,0,0,0,13,3,0,0,0,0
571,3,2,-5,0,0,0,0,0,0,0,0,10,2,0,0,0,0,0,0,0,0,0,0,0,0,0,14,0,0,0,0,0,0,0,0,0,0,0,0,0,0,0,0,5,0,0,0,0,0,0,20,0,0,0,0,0,0,0,0,0,0,0,25,-3,-3,0,0,0,0,0,0,0,0,0,0,0,0,0,0,0,0,3,0,0,0,0,0,0,0,0,0,0,0,0,13,3,0,0,0,0,0
572,2,-5,0,0,0,0,0,0,0,0,10,2,0,0,0,0,0,0,0,0,0,0,0,0,0,14,0,0,0,0,0,0,0,0,0,0,0,0,0,0,0,0,5,0,0,0,0,0,0,20,0,0,0,0,0,0,0,0,0,0,0,25,-3,-3,0,0,0,0,0,0,0,0,0,0,0,0,0,0,0,0,3,0,0,0,0,0,0,0,0,0,0,0,0,13,3,0,0,0,0,0,0
573,-5,0,0,0,0,0,0,0,0,10,2,0,0,0,0,0,0,0,0,0,0,0,0,0,14,0,0,0,0,0,0,0,0,0,0,0,0,0,0,0,0,5,0,0,0,0,0,0,20,0,0,0,0,0,0,0,0,0,0,0,25,-3,-3,0,0,0,0,0,0,0,0,0,0,0,0,0,0,0,0,3,0,0,0,0,0,0,0,0,0,0,0,0,13,3,0,0,0,0,0,0,0
574,0,0,0,0,0,0,0,0,10,2,0,0,0,0,0,0,0,0,0,0,0,0,0,14,0,0,0,0,0,0,0,0,0,0,0,0,0,0,0,0,5,0,0,0,0,0,0,20,0,0,0,0,0,0,0,0,0,0,0,25,-3,-3,0,0,0,0,0,0,0,0,0,0,0,0,0,0,0,0,3,0,0,0,0,0,0,0,0,0,0,0,0,13,3,0,0,0,0,0,0,0,0
575,0,0,0,0,0,0,0,10,2,0,0,0,0,0,0,0,0,0,0,0,0,0,14,0,0,0,0,0,0,0,0,0,0,0,0,0,0,0,0,5,0,0,0,0,0,0,20,0,0,0,0,0,0,0,0,0,0,0,25,-3,-3,0,0,0,0,0,0,0,0,0,0,0,0,0,0,0,0,3,0,0,0,0,0,0,0,0,0,0,0,0,13,3,0,0,0,0,0,0,0,0,0
576,0,0,0,0,0,0,10,2,0,0,0,0,0,0,0,0,0,0,0,0,0,14,0,0,0,0,0,0,0,0,0,0,0,0,0,0,0,0,5,0,0,0,0,0,0,20,0,0,0,0,0,0,0,0,0,0,0,25,-3,-3,0,0,0,0,0,0,0,0,0,0,0,0,0,0,0,0,3,0,0,0,0,0,0,0,0,0,0,0,0,13,3,0,0,0,0,0,0,0,0,0,0
577,0,0,0,0,0,10,2,0,0,0,0,0,0,0,0,0,0,0,0,0,14,0,0,0,0,0,0,0,0,0,0,0,0,0,0,0,0,5,0,0,0,0,0,0,20,0,0,0,0,0,0,0,0,0,0,0,25,-3,-3,0,0,0,0,0,0,0,0,0,0,0,0,0,0,0,0,3,0,0,0,0,0,0,0,0,0,0,0,0,13,3,0,0,0,0,0,0,0,0,0,0,1
578,0,0,0,0,10,2,0,0,0,0,0,0,0,0,0,0,0,0,0,14,0,0,0,0,0,0,0,0,0,0,0,0,0,0,0,0,5,0,0,0,0,0,0,20,0,0,0,0,0,0,0,0,0,0,0,25,-3,-3,0,0,0,0,0,0,0,0,0,0,0,0,0,0,0,0,3,0,0,0,0,0,0,0,0,0,0,0,0,13,3,0,0,0,0,0,0,0,0,0,0,1,0
579,0,0,0,10,2,0,0,0,0,0,0,0,0,0,0,0,0,0,14,0,0,0,0,0,0,0,0,0,0,0,0,0,0,0,0,5,0,0,0,0,0,0,20,0,0,0,0,0,0,0,0,0,0,0,25,-3,-3,0,0,0,0,0,0,0,0,0,0,0,0,0,0,0,0,3,0,0,0,0,0,0,0,0,0,0,0,0,13,3,0,0,0,0,0,0,0,0,0,0,1,0,0
580,0,0,10,2,0,0,0,0,0,0,0,0,0,0,0,0,0,14,0,0,0,0,0,0,0,0,0,0,0,0,0,0,0,0,5,0,0,0,0,0,0,20,0,0,0,0,0,0,0,0,0,0,0,25,-3,-3,0,0,0,0,0,0,0,0,0,0,0,0,0,0,0,0,3,0,0,0,0,0,0,0,0,0,0,0,0,13,3,0,0,0,0,0,0,0,0,0,0,1,0,0,34
581,0,10,2,0,0,0,0,0,0,0,0,0,0,0,0,0,14,0,0,0,0,0,0,0,0,0,0,0,0,0,0,0,0,5,0,0,0,0,0,0,20,0,0,0,0,0,0,0,0,0,0,0,25,-3,-3,0,0,0,0,0,0,0,0,0,0,0,0,0,0,0,0,3,0,0,0,0,0,0,0,0,0,0,0,0,13,3,0,0,0,0,0,0,0,0,0,0,1,0,0,34,6
582,10,2,0,0,0,0,0,0,0,0,0,0,0,0,0,14,0,0,0,0,0,0,0,0,0,0,0,0,0,0,0,0,5,0,0,0,0,0,0,20,0,0,0,0,0,0,0,0,0,0,0,25,-3,-3,0,0,0,0,0,0,0,0,0,0,0,0,0,0,0,0,3,0,0,0,0,0,0,0,0,0,0,0,0,13,3,0,0,0,0,0,0,0,0,0,0,1,0,0,34,6,0
583,2,0,0,0,0,0,0,0,0,0,0,0,0,0,14,0,0,0,0,0,0,0,0,0,0,0,0,0,0,0,0,5,0,0,0,0,0,0,20,0,0,0,0,0,0,0,0,0,0,0,25,-3,-3,0,0,0,0,0,0,0,0,0,0,0,0,0,0,0,0,3,0,0,0,0,0,0,0,0,0,0,0,0,13,3,0,0,0,0,0,0,0,0,0,0,1,0,0,34,6,0,0
584,0,0,0,0,0,0,0,0,0,0,0,0,0,14,0,0,0,0,0,0,0,0,0,0,0,0,0,0,0,0,5,0,0,0,0,0,0,20,0,0,0,0,0,0,0,0,0,0,0,25,-3,-3,0,0,0,0,0,0,0,0,0,0,0,0,0,0,0,0,3,0,0,0,0,0,0,0,0,0,0,0,0,13,3,0,0,0,0,0,0,0,0,0,0,1,0,0,34,6,0,0,0
585,0,0,0,0,0,0,0,0,0,0,0,0,14,0,0,0,0,0,0,0,0,0,0,0,0,0,0,0,0,5,0,0,0,0,0,0,20,0,0,0,0,0,0,0,0,0,0,0,25,-3,-3,0,0,0,0,0,0,0,0,0,0,0,0,0,0,0,0,3,0,0,0,0,0,0,0,0,0,0,0,0,13,3,0,0,0,0,0,0,0,0,0,0,1,0,0,34,6,0,0,0,0
586,0,0,0,0,0,0,0,0,0,0,0,14,0,0,0,0,0,0,0,0,0,0,0,0,0,0,0,0,5,0,0,0,0,0,0,20,0,0,0,0,0,0,0,0,0,0,0,25,-3,-3,0,0,0,0,0,0,0,0,0,0,0,0,0,0,0,0,3,0,0,0,0,0,0,0,0,0,0,0,0,13,3,0,0,0,0,0,0,0,0,0,0,1,0,0,34,6,0,0,0,0,34
587,0,0,0,0,0,0,0,0,0,0,14,0,0,0,0,0,0,0,0,0,0,0,0,0,0,0,0,5,0,0,0,0,0,0,20,0,0,0,0,0,0,0,0,0,0,0,25,-3,-3,0,0,0,0,0,0,0,0,0,0,0,0,0,0,0,0,3,0,0,0,0,0,0,0,0,0,0,0,0,13,3,0,0,0,0,0,0,0,0,0,0,1,0,0,34,6,0,0,0,0,34,5
588,0,0,0,0,0,0,0,0,0,14,0,0,0,0,0,0,0,0,0,0,0,0,0,0,0,0,5,0,0,0,0,0,0,20,0,0,0,0,0,0,0,0,0,0,0,25,-3,-3,0,0,0,0,0,0,0,0,0,0,0,0,0,0,0,0,3,0,0,0,0,0,0,0,0,0,0,0,0,13,3,0,0,0,0,0,0,0,0,0,0,1,0,0,34,6,0,0,0,0,34,5,0
589,0,0,0,0,0,0,0,0,14,0,0,0,0,0,0,0,0,0,0,0,0,0,0,0,0,5,0,0,0,0,0,0,20,0,0,0,0,0,0,0,0,0,0,0,25,-3,-3,0,0,0,0,0,0,0,0,0,0,0,0,0,0,0,0,3,0,0,0,0,0,0,0,0,0,0,0,0,13,3,0,0,0,0,0,0,0,0,0,0,1,0,0,34,6,0,0,0,0,34,5,0,0
590,0,0,0,0,0,0,0,14,0,0,0,0,0,0,0,0,0,0,0,0,0,0,0,0,5,0,0,0,0,0,0,20,0,0,0,0,0,0,0,0,0,0,0,25,-3,-3,0,0,0,0,0,0,0,0,0,0,0,0,0,0,0,0,3,0,0,0,0,0,0,0,0,0,0,0,0,13,3,0,0,0,0,0,0,0,0,0,0,1,0,0,34,6,0,0,0,0,34,5,0,0,0
591,0,0,0,0,0,0,14,0,0,0,0,0,0,0,0,0,0,0,0,0,0,0,0,5,0,0,0,0,0,0,20,0,0,0,0,0,0,0,0,0,0,0,25,-3,-3,0,0,0,0,0,0,0,0,0,0,0,0,0,0,0,0,3,0,0,0,0,0,0,0,0,0,0,0,0,13,3,0,0,0,0,0,0,0,0,0,0,1,0,0,34,6,0,0,0,0,34,5,0,0,0,0
592,0,0,0,0,0,14,0,0,0,0,0,0,0,0,0,0,0,0,0,0,0,0,5,0,0,0,0,0,0,20,0,0,0,0,0,0,0,0,0,0,0,25,-3,-3,0,0,0,0,0,0,0,0,0,0,0,0,0,0,0,0,3,0,0,0,0,0,0,0,0,0,0,0,0,13,3,0,0,0,0,0,0,0,0,0,0,1,0,0,34,6,0,0,0,0,34,5,0,0,0,0,0
593,0,0,0,0,14,0,0,0,0,0,0,0,0,0,0,0,0,0,0,0,0,5,0,0,0,0,0,0,20,0,0,0,0,0,0,0,0,0,0,0,25,-3,-3,0,0,0,0,0,0,0,0,0,0,0,0,0,0,0,0,3,0,0,0,0,0,0,0,0,0,0,0,0,13,3,0,0,0,0,0,0,0,0,0,0,1,0,0,34,6,0,0,0,0,34,5,0,0,0,0,0,0
594,0,0,0,14,0,0,0,0,0,0,0,0,0,0,0,0,0,0,0,0,5,0,0,0,0,0,0,20,0,0,0,0,0,0,0,0,0,0,0,25,-3,-3,0,0,0,0,0,0,0,0,0,0,0,0,0,0,0,0,3,0,0,0,0,0,0,0,0,0,0,0,0,13,3,0,0,0,0,0,0,0,0,0,0,1,0,0,34,6,0,0,0,0,34,5,0,0,0,0,0,0,0
595,0,0,14,0,0,0,0,0,0,0,0,0,0,0,0,0,0,0,0,5,0,0,0,0,0,0,20,0,0,0,0,0,0,0,0,0,0,0,25,-3,-3,0,0,0,0,0,0,0,0,0,0,0,0,0,0,0,0,3,0,0,0,0,0,0,0,0,0,0,0,0,13,3,0,0,0,0,0,0,0,0,0,0,1,0,0,34,6,0,0,0,0,34,5,0,0,0,0,0,0,0,0
596,0,14,0,0,0,0,0,0,0,0,0,0,0,0,0,0,0,0,5,0,0,0,0,0,0,20,0,0,0,0,0,0,0,0,0,0,0,25,-3,-3,0,0,0,0,0,0,0,0,0,0,0,0,0,0,0,0,3,0,0,0,0,0,0,0,0,0,0,0,0,13,3,0,0,0,0,0,0,0,0,0,0,1,0,0,34,6,0,0,0,0,34,5,0,0,0,0,0,0,0,0,0
597,14,0,0,0,0,0,0,0,0,0,0,0,0,0,0,0,0,5,0,0,0,0,0,0,20,0,0,0,0,0,0,0,0,0,0,0,25,-3,-3,0,0,0,0,0,0,0,0,0,0,0,0,0,0,0,0,3,0,0,0,0,0,0,0,0,0,0,0,0,13,3,0,0,0,0,0,0,0,0,0,0,1,0,0,34,6,0,0,0,0,34,5,0,0,0,0,0,0,0,0,0,0
598,0,0,0,0,0,0,0,0,0,0,0,0,0,0,0,0,5,0,0,0,0,0,0,20,0,0,0,0,0,0,0,0,0,0,0,25,-3,-3,0,0,0,0,0,0,0,0,0,0,0,0,0,0,0,0,3,0,0,0,0,0,0,0,0,0,0,0,0,13,3,0,0,0,0,0,0,0,0,0,0,1,0,0,34,6,0,0,0,0,34,5,0,0,0,0,0,0,0,0,0,0,8
599,0,0,0,0,0,0,0,0,0,0,0,0,0,0,0,5,0,0,0,0,0,0,20,0,0,0,0,0,0,0,0,0,0,0,25,-3,-3,0,0,0,0,0,0,0,0,0,0,0,0,0,0,0,0,3,0,0,0,0,0,0,0,0,0,0,0,0,13,3,0,0,0,0,0,0,0,0,0,0,1,0,0,34,6,0,0,0,0,34,5,0,0,0,0,0,0,0,0,0,0,8,28
600,0,0,0,0,0,0,0,0,0,0,0,0,0,0,5,0,0,0,0,0,0,20,0,0,0,0,0,0,0,0,0,0,0,25,-3,-3,0,0,0,0,0,0,0,0,0,0,0,0,0,0,0,0,3,0,0,0,0,0,0,0,0,0,0,0,0,13,3,0,0,0,0,0,0,0,0,0,0,1,0,0,34,6,0,0,0,0,34,5,0,0,0,0,0,0,0,0,0,0,8,28,0
601,0,0,0,0,0,0,0,0,0,0,0,0,0,5,0,0,0,0,0,0,20,0,0,0,0,0,0,0,0,0,0,0,25,-3,-3,0,0,0,0,0,0,0,0,0,0,0,0,0,0,0,0,3,0,0,0,0,0,0,0,0,0,0,0,0,13,3,0,0,0,0,0,0,0,0,0,0,1,0,0,34,6,0,0,0,0,34,5,0,0,0,0,0,0,0,0,0,0,8,28,0,0
602,0,0,0,0,0,0,0,0,0,0,0,0,5,0,0,0,0,0,0,20,0,0,0,0,0,0,0,0,0,0,0,25,-3,-3,0,0,0,0,0,0,0,0,0,0,0,0,0,0,0,0,3,0,0,0,0,0,0,0,0,0,0,0,0,13,3,0,0,0,0,0,0,0,0,0,0,1,0,0,34,6,0,0,0,0,34,5,0,0,0,0,0,0,0,0,0,0,8,28,0,0,0
603,0,0,0,0,0,0,0,0,0,0,0,5,0,0,0,0,0,0,20,0,0,0,0,0,0,0,0,0,0,0,25,-3,-3,0,0,0,0,0,0,0,0,0,0,0,0,0,0,0,0,3,0,0,0,0,0,0,0,0,0,0,0,0,13,3,0,0,0,0,0,0,0,0,0,0,1,0,0,34,6,0,0,0,0,34,5,0,0,0,0,0,0,0,0,0,0,8,28,0,0,0,8
604,0,0,0,0,0,0,0,0,0,0,5,0,0,0,0,0,0,20,0,0,0,0,0,0,0,0,0,0,0,25,-3,-3,0,0,0,0,0,0,0,0,0,0,0,0,0,0,0,0,3,0,0,0,0,0,0,0,0,0,0,0,0,13,3,0,0,0,0,0,0,0,0,0,0,1,0,0,34,6,0,0,0,0,34,5,0,0,0,0,0,0,0,0,0,0,8,28,0,0,0,8,0
605,0,0,0,0,0,0,0,0,0,5,0,0,0,0,0,0,20,0,0,0,0,0,0,0,0,0,0,0,25,-3,-3,0,0,0,0,0,0,0,0,0,0,0,0,0,0,0,0,3,0,0,0,0,0,0,0,0,0,0,0,0,13,3,0,0,0,0,0,0,0,0,0,0,1,0,0,34,6,0,0,0,0,34,5,0,0,0,0,0,0,0,0,0,0,8,28,0,0,0,8,0,0
606,0,0,0,0,0,0,0,0,5,0,0,0,0,0,0,20,0,0,0,0,0,0,0,0,0,0,0,25,-3,-3,0,0,0,0,0,0,0,0,0,0,0,0,0,0,0,0,3,0,0,0,0,0,0,0,0,0,0,0,0,13,3,0,0,0,0,0,0,0,0,0,0,1,0,0,34,6,0,0,0,0,34,5,0,0,0,0,0,0,0,0,0,0,8,28,0,0,0,8,0,0,0
607,0,0,0,0,0,0,0,5,0,0,0,0,0,0,20,0,0,0,0,0,0,0,0,0,0,0,25,-3,-3,0,0,0,0,0,0,0,0,0,0,0,0,0,0,0,0,3,0,0,0,0,0,0,0,0,0,0,0,0,13,3,0,0,0,0,0,0,0,0,0,0,1,0,0,34,6,0,0,0,0,34,5,0,0,0,0,0,0,0,0,0,0,8,28,0,0,0,8,0,0,0,0
608,0,0,0,0,0,0,5,0,0,0,0,0,0,20,0,0,0,0,0,0,0,0,0,0,0,25,-3,-3,0,0,0,0,0,0,0,0,0,0,0,0,0,0,0,0,3,0,0,0,0,0,0,0,0,0,0,0,0,13,3,0,0,0,0,0,0,0,0,0,0,1,0,0,34,6,0,0,0,0,34,5,0,0,0,0,0,0,0,0,0,0,8,28,0,0,0,8,0,0,0,0,0
609,0,0,0,0,0,5,0,0,0,0,0,0,20,0,0,0,0,0,0,0,0,0,0,0,25,-3,-3,0,0,0,0,0,0,0,0,0,0,0,0,0,0,0,0,3,0,0,0,0,0,0,0,0,0,0,0,0,13,3,0,0,0,0,0,0,0,0,0,0,1,0,0,34,6,0,0,0,0,34,5,0,0,0,0,0,0,0,0,0,0,8,28,0,0,0,8,0,0,0,0,0,0
610,0,0,0,0,5,0,0,0,0,0,0,20,0,0,0,0,0,0,0,0,0,0,0,25,-3,-3,0,0,0,0,0,0,0,0,0,0,0,0,0,0,0,0,3,0,0,0,0,0,0,0,0,0,0,0,0,13,3,0,0,0,0,0,0,0,0,0,0,1,0,0,34,6,0,0,0,0,34,5,0,0,0,0,0,0,0,0,0,0,8,28,0,0,0,8,0,0,0,0,0,0,33
611,0,0,0,5,0,0,0,0,0,0,20,0,0,0,0,0,0,0,0,0,0,0,25,-3,-3,0,0,0,0,0,0,0,0,0,0,0,0,0,0,0,0,3,0,0,0,0,0,0,0,0,0,0,0,0,13,3,0,0,0,0,0,0,0,0,0,0,1,0,0,34,6,0,0,0,0,34,5,0,0,0,0,0,0,0,0,0,0,8,28,0,0,0,8,0,0,0,0,0,0,33,0
612,0,0,5,0,0,0,0,0,0,20,0,0,0,0,0,0,0,0,0,0,0,25,-3,-3,0,0,0,0,0,0,0,0,0,0,0,0,0,0,0,0,3,0,0,0,0,0,0,0,0,0,0,0,0,13,3,0,0,0,0,0,0,0,0,0,0,1,0,0,34,6,0,0,0,0,34,5,0,0,0,0,0,0,0,0,0,0,8,28,0,0,0,8,0,0,0,0,0,0,33,0,9
613,0,5,0,0,0,0,0,0,20,0,0,0,0,0,0,0,0,0,0,0,25,-3,-3,0,0,0,0,0,0,0,0,0,0,0,0,0,0,0,0,3,0,0,0,0,0,0,0,0,0,0,0,0,13,3,0,0,0,0,0,0,0,0,0,0,1,0,0,34,6,0,0,0,0,34,5,0,0,0,0,0,0,0,0,0,0,8,28,0,0,0,8,0,0,0,0,0,0,33,0,9,0
614,5,0,0,0,0,0,0,20,0,0,0,0,0,0,0,0,0,0,0,25,-3,-3,0,0,0,0,0,0,0,0,0,0,0,0,0,0,0,0,3,0,0,0,0,0,0,0,0,0,0,0,0,13,3,0,0,0,0,0,0,0,0,0,0,1,0,0,34,6,0,0,0,0,34,5,0,0,0,0,0,0,0,0,0,0,8,28,0,0,0,8,0,0,0,0,0,0,33,0,9,0,0
615,0,0,0,0,0,0,20,0,0,0,0,0,0,0,0,0,0,0,25,-3,-3,0,0,0,0,0,0,0,0,0,0,0,0,0,0,0,0,3,0,0,0,0,0,0,0,0,0,0,0,0,13,3,0,0,0,0,0,0,0,0,0,0,1,0,0,34,6,0,0,0,0,34,5,0,0,0,0,0,0,0,0,0,0,8,28,0,0,0,8,0,0,0,0,0,0,33,0,9,0,0,0
616,0,0,0,0,0,20,0,0,0,0,0,0,0,0,0,0,0,25,-3,-3,0,0,0,0,0,0,0,0,0,0,0,0,0,0,0,0,3,0,0,0,0,0,0,0,0,0,0,0,0,13,3,0,0,0,0,0,0,0,0,0,0,1,0,0,34,6,0,0,0,0,34,5,0,0,0,0,0,0,0,0,0,0,8,28,0,0,0,8,0,0,0,0,0,0,33,0,9,0,0,0,0
617,0,0,0,0,20,0,0,0,0,0,0,0,0,0,0,0,25,-3,-3,0,0,0,0,0,0,0,0,0,0,0,0,0,0,0,0,3,0,0,0,0,0,0,0,0,0,0,0,0,13,3,0,0,0,0,0,0,0,0,0,0,1,0,0,34,6,0,0,0,0,34,5,0,0,0,0,0,0,0,0,0,0,8,28,0,0,0,8,0,0,0,0,0,0,33,0,9,0,0,0,0,0
618,0,0,0,20,0,0,0,0,0,0,0,0,0,0,0,25,-3,-3,0,0,0,0,0,0,0,0,0,0,0,0,0,0,0,0,3,0,0,0,0,0,0,0,0,0,0,0,0,13,3,0,0,0,0,0,0,0,0,0,0,1,0,0,34,6,0,0,0,0,34,5,0,0,0,0,0,0,0,0,0,0,8,28,0,0,0,8,0,0,0,0,0,0,33,0,9,0,0,0,0,0,0
619,0,0,20,0,0,0,0,0,0,0,0,0,0,0,25,-3,-3,0,0,0,0,0,0,0,0,0,0,0,0,0,0,0,0,3,0,0,0,0,0,0,0,0,0,0,0,0,13,3,0,0,0,0,0,0,0,0,0,0,1,0,0,34,6,0,0,0,0,34,5,0,0,0,0,0,0,0,0,0,0,8,28,0,0,0,8,0,0,0,0,0,0,33,0,9,0,0,0,0,0,0,0
620,0,20,0,0,0,0,0,0,0,0,0,0,0,25,-3,-3,0,0,0,0,0,0,0,0,0,0,0,0,0,0,0,0,3,0,0,0,0,0,0,0,0,0,0,0,0,13,3,0,0,0,0,0,0,0,0,0,0,1,0,0,34,6,0,0,0,0,34,5,0,0,0,0,0,0,0,0,0,0,8,28,0,0,0,8,0,0,0,0,0,0,33,0,9,0,0,0,0,0,0,0,38
621,20,0,0,0,0,0,0,0,0,0,0,0,25,-3,-3,0,0,0,0,0,0,0,0,0,0,0,0,0,0,0,0,3,0,0,0,0,0,0,0,0,0,0,0,0,13,3,0,0,0,0,0,0,0,0,0,0,1,0,0,34,6,0,0,0,0,34,5,0,0,0,0,0,0,0,0,0,0,8,28,0,0,0,8,0,0,0,0,0,0,33,0,9,0,0,0,0,0,0,0,38,10
622,0,0,0,0,0,0,0,0,0,0,0,25,-3,-3,0,0,0,0,0,0,0,0,0,0,0,0,0,0,0,0,3,0,0,0,0,0,0,0,0,0,0,0,0,13,3,0,0,0,0,0,0,0,0,0,0,1,0,0,34,6,0,0,0,0,34,5,0,0,0,0,0,0,0,0,0,0,8,28,0,0,0,8,0,0,0,0,0,0,33,0,9,0,0,0,0,0,0,0,38,10,0
623,0,0,0,0,0,0,0,0,0,0,25,-3,-3,0,0,0,0,0,0,0,0,0,0,0,0,0,0,0,0,3,0,0,0,0,0,0,0,0,0,0,0,0,13,3,0,0,0,0,0,0,0,0,0,0,1,0,0,34,6,0,0,0,0,34,5,0,0,0,0,0,0,0,0,0,0,8,28,0,0,0,8,0,0,0,0,0,0,33,0,9,0,0,0,0,0,0,0,38,10,0,0
624,0,0,0,0,0,0,0,0,0,25,-3,-3,0,0,0,0,0,0,0,0,0,0,0,0,0,0,0,0,3,0,0,0,0,0,0,0,0,0,0,0,0,13,3,0,0,0,0,0,0,0,0,0,0,1,0,0,34,6,0,0,0,0,34,5,0,0,0,0,0,0,0,0,0,0,8,28,0,0,0,8,0,0,0,0,0,0,33,0,9,0,0,0,0,0,0,0,38,10,0,0,0
625,0,0,0,0,0,0,0,0,25,-3,-3,0,0,0,0,0,0,0,0,0,0,0,0,0,0,0,0,3,0,0,0,0,0,0,0,0,0,0,0,0,13,3,0,0,0,0,0,0,0,0,0,0,1,0,0,34,6,0,0,0,0,34,5,0,0,0,0,0,0,0,0,0,0,8,28,0,0,0,8,0,0,0,0,0,0,33,0,9,0,0,0,0,0,0,0,38,10,0,0,0,0
626,0,0,0,0,0,0,0,25,-3,-3,0,0,0,0,0,0,0,0,0,0,0,0,0,0,0,0,3,0,0,0,0,0,0,0,0,0,0,0,0,13,3,0,0,0,0,0,0,0,0,0,0,1,0,0,34,6,0,0,0,0,34,5,0,0,0,0,0,0,0,0,0,0,8,28,0,0,0,8,0,0,0,0,0,0,33,0,9,0,0,0,0,0,0,0,38,10,0,0,0,0,0
627,0,0,0,0,0,0,25,-3,-3,0,0,0,0,0,0,0,0,0,0,0,0,0,0,0,0,3,0,0,0,0,0,0,0,0,0,0,0,0,13,3,0,0,0,0,0,0,0,0,0,0,1,0,0,34,6,0,0,0,0,34,5,0,0,0,0,0,0,0,0,0,0,8,28,0,0,0,8,0,0,0,0,0,0,33,0,9,0,0,0,0,0,0,0,38,10,0,0,0,0,0,0
628,0,0,0,0,0,25,-3,-3,0,0,0,0,0,0,0,0,0,0,0,0,0,0,0,0,3,0,0,0,0,0,0,0,0,0,0,0,0,13,3,0,0,0,0,0,0,0,0,0,0,1,0,0,34,6,0,0,0,0,34,5,0,0,0,0,0,0,0,0,0,0,8,28,0,0,0,8,0,0,0,0,0,0,33,0,9,0,0,0,0,0,0,0,38,10,0,0,0,0,0,0,0
629,0,0,0,0,25,-3,-3,0,0,0,0,0,0,0,0,0,0,0,0,0,0,0,0,3,0,0,0,0,0,0,0,0,0,0,0,0,13,3,0,0,0,0,0,0,0,0,0,0,1,0,0,34,6,0,0,0,0,34,5,0,0,0,0,0,0,0,0,0,0,8,28,0,0,0,8,0,0,0,0,0,0,33,0,9,0,0,0,0,0,0,0,38,10,0,0,0,0,0,0,0,22
630,0,0,0,25,-3,-3,0,0,0,0,0,0,0,0,0,0,0,0,0,0,0,0,3,0,0,0,0,0,0,0,0,0,0,0,0,13,3,0,0,0,0,0,0,0,0,0,0,1,0,0,34,6,0,0,0,0,34,5,0,0,0,0,0,0,0,0,0,0,8,28,0,0,0,8,0,0,0,0,0,0,33,0,9,0,0,0,0,0,0,0,38,10,0,0,0,0,0,0,0,22,26
631,0,0,25,-3,-3,0,0,0,0,0,0,0,0,0,0,0,0,0,0,0,0,3,0,0,0,0,0,0,0,0,0,0,0,0,13,3,0,0,0,0,0,0,0,0,0,0,1,0,0,34,6,0,0,0,0,34,5,0,0,0,0,0,0,0,0,0,0,8,28,0,0,0,8,0,0,0,0,0,0,33,0,9,0,0,0,0,0,0,0,38,10,0,0,0,0,0,0,0,22,26,0
632,0,25,-3,-3,0,0,0,0,0,0,0,0,0,0,0,0,0,0,0,0,3,0,0,0,0,0,0,0,0,0,0,0,0,13,3,0,0,0,0,0,0,0,0,0,0,1,0,0,34,6,0,0,0,0,34,5,0,0,0,0,0,0,0,0,0,0,8,28,0,0,0,8,0,0,0,0,0,0,33,0,9,0,0,0,0,0,0,0,38,10,0,0,0,0,0,0,0,22,26,0,0
633,25,-3,-3,0,0,0,0,0,0,0,0,0,0,0,0,0,0,0,0,3,0,0,0,0,0,0,0,0,0,0,0,0,13,3,0,0,0,0,0,0,0,0,0,0,1,0,0,34,6,0,0,0,0,34,5,0,0,0,0,0,0,0,0,0,0,8,28,0,0,0,8,0,0,0,0,0,0,33,0,9,0,0,0,0,0,0,0,38,10,0,0,0,0,0,0,0,22,26,0,0,-5
634,-3,-3,0,0,0,0,0,0,0,0,0,0,0,0,0,0,0,0,3,0,0,0,0,0,0,0,0,0,0,0,0,13,3,0,0,0,0,0,0,0,0,0,0,1,0,0,34,6,0,0,0,0,34,5,0,0,0,0,0,0,0,0,0,0,8,28,0,0,0,8,0,0,0,0,0,0,33,0,9,0,0,0,0,0,0,0,38,10,0,0,0,0,0,0,0,22,26,0,0,-5,0
635,-3,0,0,0,0,0,0,0,0,0,0,0,0,0,0,0,0,3,0,0,0,0,0,0,0,0,0,0,0,0,13,3,0,0,0,0,0,0,0,0,0,0,1,0,0,34,6,0,0,0,0,34,5,0,0,0,0,0,0,0,0,0,0,8,28,0,0,0,8,0,0,0,0,0,0,33,0,9,0,0,0,0,0,0,0,38,10,0,0,0,0,0,0,0,22,26,0,0,-5,0,0
636,0,0,0,0,0,0,0,0,0,0,0,0,0,0,0,0,3,0,0,0,0,0,0,0,0,0,0,0,0,13,3,0,0,0,0,0,0,0,0,0,0,1,0,0,34,6,0,0,0,0,34,5,0,0,0,0,0,0,0,0,0,0,8,28,0,0,0,8,0,0,0,0,0,0,33,0,9,0,0,0,0,0,0,0,38,10,0,0,0,0,0,0,0,22,26,0,0,-5,0,0,31
637,0,0,0,0,0,0,0,0,0,0,0,0,0,0,0,3,0,0,0,0,0,0,0,0,0,0,0,0,13,3,0,0,0,0,0,0,0,0,0,0,1,0,0,34,6,0,0,0,0,34,5,0,0,0,0,0,0,0,0,0,0,8,28,0,0,0,8,0,0,0,0,0,0,33,0,9,0,0,0,0,0,0,0,38,10,0,0,0,0,0,0,0,22,26,0,0,-5,0,0,31,0
638,0,0,0,0,0,0,0,0,0,0,0,0,0,0,3,0,0,0,0,0,0,0,0,0,0,0,0,13,3,0,0,0,0,0,0,0,0,0,0,1,0,0,34,6,0,0,0,0,34,5,0,0,0,0,0,0,0,0,0,0,8,28,0,0,0,8,0,0,0,0,0,0,33,0,9,0,0,0,0,0,0,0,38,10,0,0,0,0,0,0,0,22,26,0,0,-5,0,0,31,0,0
639,0,0,0,0,0,0,0,0,0,0,0,0,0,3,0,0,0,0,0,0,0,0,0,0,0,0,13,3,0,0,0,0,0,0,0,0,0,0,1,0,0,34,6,0,0,0,0,34,5,0,0,0,0,0,0,0,0,0,0,8,28,0,0,0,8,0,0,0,0,0,0,33,0,9,0,0,0,0,0,0,0,38,10,0,0,0,0,0,0,0,22,26,0,0,-5,0,0,31,0,0,0
640,0,0,0,0,0,0,0,0,0,0,0,0,3,0,0,0,0,0,0,0,0,0,0,0,0,13,3,0,0,0,0,0,0,0,0,0,0,1,0,0,34,6,0,0,0,0,34,5,0,0,0,0,0,0,0,0,0,0,8,28,0,0,0,8,0,0,0,0,0,0,33,0,9,0,0,0,0,0,0,0,38,10,0,0,0,0,0,0,0,22,26,0,0,-5,0,0,31,0,0,0,0
641,0,0,0,0,0,0,0,0,0,0,0,3,0,0,0,0,0,0,0,0,0,0,0,0,13,3,0,0,0,0,0,0,0,0,0,0,1,0,0,34,6,0,0,0,0,34,5,0,0,0,0,0,0,0,0,0,0,8,28,0,0,0,8,0,0,0,0,0,0,33,0,9,0,0,0,0,0,0,0,38,10,0,0,0,0,0,0,0,22,26,0,0,-5,0,0,31,0,0,0,0,0
642,0,0,0,0,0,0,0,0,0,0,3,0,0,0,0,0,0,0,0,0,0,0,0,13,3,0,0,0,0,0,0,0,0,0,0,1,0,0,34,6,0,0,0,0,34,5,0,0,0,0,0,0,0,0,0,0,8,28,0,0,0,8,0,0,0,0,0,0,33,0,9,0,0,0,0,0,0,0,38,10,0,0,0,0,0,0,0,22,26,0,0,-5,0,0,31,0,0,0,0,0,0
643,0,0,0,0,0,0,0,0,0,3,0,0,0,0,0,0,0,0,0,0,0,0,13,3,0,0,0,0,0,0,0,0,0,0,1,0,0,34,6,0,0,0,0,34,5,0,0,0,0,0,0,0,0,0,0,8,28,0,0,0,8,0,0,0,0,0,0,33,0,9,0,0,0,0,0,0,0,38,10,0,0,0,0,0,0,0,22,26,0,0,-5,0,0,31,0,0,0,0,0,0,23
644,0,0,0,0,0,0,0,0,3,0,0,0,0,0,0,0,0,0,0,0,0,13,3,0,0,0,0,0,0,0,0,0,0,1,0,0,34,6,0,0,0,0,34,5,0,0,0,0,0,0,0,0,0,0,8,28,0,0,0,8,0,0,0,0,0,0,33,0,9,0,0,0,0,0,0,0,38,10,0,0,0,0,0,0,0,22,26,0,0,-5,0,0,31,0,0,0,0,0,0,23,0
645,0,0,0,0,0,0,0,3,0,0,0,0,0,0,0,0,0,0,0,0,13,3,0,0,0,0,0,0,0,0,0,0,1,0,0,34,6,0,0,0,0,34,5,0,0,0,0,0,0,0,0,0,0,8,28,0,0,0,8,0,0,0,0,0,0,33,0,9,0,0,0,0,0,0,0,38,10,0,0,0,0,0,0,0,22,26,0,0,-5,0,0,31,0,0,0,0,0,0,23,0,0
646,0,0,0,0,0,0,3,0,0,0,0,0,0,0,0,0,0,0,0,13,3,0,0,0,0,0,0,0,0,0,0,1,0,0,34,6,0,0,0,0,34,5,0,0,0,0,0,0,0,0,0,0,8,28,0,0,0,8,0,0,0,0,0,0,33,0,9,0,0,0,0,0,0,0,38,10,0,0,0,0,0,0,0,22,26,0,0,-5,0,0,31,0,0,0,0,0,0,23,0,0,0
647,0,0,0,0,0,3,0,0,0,0,0,0,0,0,0,0,0,0,13,3,0,0,0,0,0,0,0,0,0,0,1,0,0,34,6,0,0,0,0,34,5,0,0,0,0,0,0,0,0,0,0,8,28,0,0,0,8,0,0,0,0,0,0,33,0,9,0,0,0,0,0,0,0,38,10,0,0,0,0,0,0,0,22,26,0,0,-5,0,0,31,0,0,0,0,0,0,23,0,0,0,15
648,0,0,0,0,3,0,0,0,0,0,0,0,0,0,0,0,0,13,3,0,0,0,0,0,0,0,0,0,0,1,0,0,34,6,0,0,0,0,34,5,0,0,0,0,0,0,0,0,0,0,8,28,0,0,0,8,0,0,0,0,0,0,33,0,9,0,0,0,0,0,0,0,38,10,0,0,0,0,0,0,0,22,26,0,0,-5,0,0,31,0,0,0,0,0,0,23,0,0,0,15,35
649,0,0,0,3,0,0,0,0,0,0,0,0,0,0,0,0,13,3,0,0,0,0,0,0,0,0,0,0,1,0,0,34,6,0,0,0,0,34,5,0,0,0,0,0,0,0,0,0,0,8,28,0,0,0,8,0,0,0,0,0,0,33,0,9,0,0,0,0,0,0,0,38,10,0,0,0,0,0,0,0,22,26,0,0,-5,0,0,31,0,0,0,0,0,0,23,0,0,0,15,35,0
650,0,0,3,0,0,0,0,0,0,0,0,0,0,0,0,13,3,0,0,0,0,0,0,0,0,0,0,1,0,0,34,6,0,0,0,0,34,5,0,0,0,0,0,0,0,0,0,0,8,28,0,0,0,8,0,0,0,0,0,0,33,0,9,0,0,0,0,0,0,0,38,10,0,0,0,0,0,0,0,22,26,0,0,-5,0,0,31,0,0,0,0,0,0,23,0,0,0,15,35,0,0
651,0,3,0,0,0,0,0,0,0,0,0,0,0,0,13,3,0,0,0,0,0,0,0,0,0,0,1,0,0,34,6,0,0,0,0,34,5,0,0,0,0,0,0,0,0,0,0,8,28,0,0,0,8,0,0,0,0,0,0,33,0,9,0,0,0,0,0,0,0,38,10,0,0,0,0,0,0,0,22,26,0,0,-5,0,0,31,0,0,0,0,0,0,23,0,0,0,15,35,0,0,0
652,3,0,0,0,0,0,0,0,0,0,0,0,0,13,3,0,0,0,0,0,0,0,0,0,0,1,0,0,34,6,0,0,0,0,34,5,0,0,0,0,0,0,0,0,0,0,8,28,0,0,0,8,0,0,0,0,0,0,33,0,9,0,0,0,0,0,0,0,38,10,0,0,0,0,0,0,0,22,26,0,0,-5,0,0,31,0,0,0,0,0,0,23,0,0,0,15,35,0,0,0,34
653,0,0,0,0,0,0,0,0,0,0,0,0,13,3,0,0,0,0,0,0,0,0,0,0,1,0,0,34,6,0,0,0,0,34,5,0,0,0,0,0,0,0,0,0,0,8,28,0,0,0,8,0,0,0,0,0,0,33,0,9,0,0,0,0,0,0,0,38,10,0,0,0,0,0,0,0,22,26,0,0,-5,0,0,31,0,0,0,0,0,0,23,0,0,0,15,35,0,0,0,34,0
654,0,0,0,0,0,0,0,0,0,0,0,13,3,0,0,0,0,0,0,0,0,0,0,1,0,0,34,6,0,0,0,0,34,5,0,0,0,0,0,0,0,0,0,0,8,28,0,0,0,8,0,0,0,0,0,0,33,0,9,0,0,0,0,0,0,0,38,10,0,0,0,0,0,0,0,22,26,0,0,-5,0,0,31,0,0,0,0,0,0,23,0,0,0,15,35,0,0,0,34,0,0
655,0,0,0,0,0,0,0,0,0,0,13,3,0,0,0,0,0,0,0,0,0,0,1,0,0,34,6,0,0,0,0,34,5,0,0,0,0,0,0,0,0,0,0,8,28,0,0,0,8,0,0,0,0,0,0,33,0,9,0,0,0,0,0,0,0,38,10,0,0,0,0,0,0,0,22,26,0,0,-5,0,0,31,0,0,0,0,0,0,23,0,0,0,15,35,0,0,0,34,0,0,0
656,0,0,0,0,0,0,0,0,0,13,3,0,0,0,0,0,0,0,0,0,0,1,0,0,34,6,0,0,0,0,34,5,0,0,0,0,0,0,0,0,0,0,8,28,0,0,0,8,0,0,0,0,0,0,33,0,9,0,0,0,0,0,0,0,38,10,0,0,0,0,0,0,0,22,26,0,0,-5,0,0,31,0,0,0,0,0,0,23,0,0,0,15,35,0,0,0,34,0,0,0,0
657,0,0,0,0,0,0,0,0,13,3,0,0,0,0,0,0,0,0,0,0,1,0,0,34,6,0,0,0,0,34,5,0,0,0,0,0,0,0,0,0,0,8,28,0,0,0,8,0,0,0,0,0,0,33,0,9,0,0,0,0,0,0,0,38,10,0,0,0,0,0,0,0,22,26,0,0,-5,0,0,31,0,0,0,0,0,0,23,0,0,0,15,35,0,0,0,34,0,0,0,0,0
658,0,0,0,0,0,0,0,13,3,0,0,0,0,0,0,0,0,0,0,1,0,0,34,6,0,0,0,0,34,5,0,0,0,0,0,0,0,0,0,0,8,28,0,0,0,8,0,0,0,0,0,0,33,0,9,0,0,0,0,0,0,0,38,10,0,0,0,0,0,0,0,22,26,0,0,-5,0,0,31,0,0,0,0,0,0,23,0,0,0,15,35,0,0,0,34,0,0,0,0,0,17
659,0,0,0,0,0,0,13,3,0,0,0,0,0,0,0,0,0,0,1,0,0,34,6,0,0,0,0,34,5,0,0,0,0,0,0,0,0,0,0,8,28,0,0,0,8,0,0,0,0,0,0,33,0,9,0,0,0,0,0,0,0,38,10,0,0,0,0,0,0,0,22,26,0,0,-5,0,0,31,0,0,0,0,0,0,23,0,0,0,15,35,0,0,0,34,0,0,0,0,0,17,0
660,0,0,0,0,0,13,3,0,0,0,0,0,0,0,0,0,0,1,0,0,34,6,0,0,0,0,34,5,0,0,0,0,0,0,0,0,0,0,8,28,0,0,0,8,0,0,0,0,0,0,33,0,9,0,0,0,0,0,0,0,38,10,0,0,0,0,0,0,0,22,26,0,0,-5,0,0,31,0,0,0,0,0,0,23,0,0,0,15,35,0,0,0,34,0,0,0,0,0,17,0,0
661,0,0,0,0,13,3,0,0,0,0,0,0,0,0,0,0,1,0,0,34,6,0,0,0,0,34,5,0,0,0,0,0,0,0,0,0,0,8,28,0,0,0,8,0,0,0,0,0,0,33,0,9,0,0,0,0,0,0,0,38,10,0,0,0,0,0,0,0,22,26,0,0,-5,0,0,31,0,0,0,0,0,0,23,0,0,0,15,35,0,0,0,34,0,0,0,0,0,17,0,0,0
662,0,0,0,13,3,0,0,0,0,0,0,0,0,0,0,1,0,0,34,6,0,0,0,0,34,5,0,0,0,0,0,0,0,0,0,0,8,28,0,0,0,8,0,0,0,0,0,0,33,0,9,0,0,0,0,0,0,0,38,10,0,0,0,0,0,0,0,22,26,0,0,-5,0,0,31,0,0,0,0,0,0,23,0,0,0,15,35,0,0,0,34,0,0,0,0,0,17,0,0,0,0
663,0,0,13,3,0,0,0,0,0,0,0,0,0,0,1,0,0,34,6,0,0,0,0,34,5,0,0,0,0,0,0,0,0,0,0,8,28,0,0,0,8,0,0,0,0,0,0,33,0,9,0,0,0,0,0,0,0,38,10,0,0,0,0,0,0,0,22,26,0,0,-5,0,0,31,0,0,0,0,0,0,23,0,0,0,15,35,0,0,0,34,0,0,0,0,0,17,0,0,0,0,43
664,0,13,3,0,0,0,0,0,0,0,0,0,0,1,0,0,34,6,0,0,0,0,34,5,0,0,0,0,0,0,0,0,0,0,8,28,0,0,0,8,0,0,0,0,0,0,33,0,9,0,0,0,0,0,0,0,38,10,0,0,0,0,0,0,0,22,26,0,0,-5,0,0,31,0,0,0,0,0,0,23,0,0,0,15,35,0,0,0,34,0,0,0,0,0,17,0,0,0,0,43,0
665,13,3,0,0,0,0,0,0,0,0,0,0,1,0,0,34,6,0,0,0,0,34,5,0,0,0,0,0,0,0,0,0,0,8,28,0,0,0,8,0,0,0,0,0,0,33,0,9,0,0,0,0,0,0,0,38,10,0,0,0,0,0,0,0,22,26,0,0,-5,0,0,31,0,0,0,0,0,0,23,0,0,0,15,35,0,0,0,34,0,0,0,0,0,17,0,0,0,0,43,0,0
666,3,0,0,0,0,0,0,0,0,0,0,1,0,0,34,6,0,0,0,0,34,5,0,0,0,0,0,0,0,0,0,0,8,28,0,0,0,8,0,0,0,0,0,0,33,0,9,0,0,0,0,0,0,0,38,10,0,0,0,0,0,0,0,22,26,0,0,-5,0,0,31,0,0,0,0,0,0,23,0,0,0,15,35,0,0,0,34,0,0,0,0,0,17,0,0,0,0,43,0,0,0
667,0,0,0,0,0,0,0,0,0,0,1,0,0,34,6,0,0,0,0,34,5,0,0,0,0,0,0,0,0,0,0,8,28,0,0,0,8,0,0,0,0,0,0,33,0,9,0,0,0,0,0,0,0,38,10,0,0,0,0,0,0,0,22,26,0,0,-5,0,0,31,0,0,0,0,0,0,23,0,0,0,15,35,0,0,0,34,0,0,0,0,0,17,0,0,0,0,43,0,0,0,0
668,0,0,0,0,0,0,0,0,0,1,0,0,34,6,0,0,0,0,34,5,0,0,0,0,0,0,0,0,0,0,8,28,0,0,0,8,0,0,0,0,0,0,33,0,9,0,0,0,0,0,0,0,38,10,0,0,0,0,0,0,0,22,26,0,0,-5,0,0,31,0,0,0,0,0,0,23,0,0,0,15,35,0,0,0,34,0,0,0,0,0,17,0,0,0,0,43,0,0,0,0,17
669,0,0,0,0,0,0,0,0,1,0,0,34,6,0,0,0,0,34,5,0,0,0,0,0,0,0,0,0,0,8,28,0,0,0,8,0,0,0,0,0,0,33,0,9,0,0,0,0,0,0,0,38,10,0,0,0,0,0,0,0,22,26,0,0,-5,0,0,31,0,0,0,0,0,0,23,0,0,0,15,35,0,0,0,34,0,0,0,0,0,17,0,0,0,0,43,0,0,0,0,17,13
670,0,0,0,0,0,0,0,1,0,0,34,6,0,0,0,0,34,5,0,0,0,0,0,0,0,0,0,0,8,28,0,0,0,8,0,0,0,0,0,0,33,0,9,0,0,0,0,0,0,0,38,10,0,0,0,0,0,0,0,22,26,0,0,-5,0,0,31,0,0,0,0,0,0,23,0,0,0,15,35,0,0,0,34,0,0,0,0,0,17,0,0,0,0,43,0,0,0,0,17,13,0
671,0,0,0,0,0,0,1,0,0,34,6,0,0,0,0,34,5,0,0,0,0,0,0,0,0,0,0,8,28,0,0,0,8,0,0,0,0,0,0,33,0,9,0,0,0,0,0,0,0,38,10,0,0,0,0,0,0,0,22,26,0,0,-5,0,0,31,0,0,0,0,0,0,23,0,0,0,15,35,0,0,0,34,0,0,0,0,0,17,0,0,0,0,43,0,0,0,0,17,13,0,0
672,0,0,0,0,0,1,0,0,34,6,0,0,0,0,34,5,0,0,0,0,0,0,0,0,0,0,8,28,0,0,0,8,0,0,0,0,0,0,33,0,9,0,0,0,0,0,0,0,38,10,0,0,0,0,0,0,0,22,26,0,0,-5,0,0,31,0,0,0,0,0,0,23,0,0,0,15,35,0,0,0,34,0,0,0,0,0,17,0,0,0,0,43,0,0,0,0,17,13,0,0,0
673,0,0,0,0,1,0,0,34,6,0,0,0,0,34,5,0,0,0,0,0,0,0,0,0,0,8,28,0,0,0,8,0,0,0,0,0,0,33,0,9,0,0,0,0,0,0,0,38,10,0,0,0,0,0,0,0,22,26,0,0,-5,0,0,31,0,0,0,0,0,0,23,0,0,0,15,35,0,0,0,34,0,0,0,0,0,17,0,0,0,0,43,0,0,0,0,17,13,0,0,0,94
674,0,0,0,1,0,0,34,6,0,0,0,0,34,5,0,0,0,0,0,0,0,0,0,0,8,28,0,0,0,8,0,0,0,0,0,0,33,0,9,0,0,0,0,0,0,0,38,10,0,0,0,0,0,0,0,22,26,0,0,-5,0,0,31,0,0,0,0,0,0,23,0,0,0,15,35,0,0,0,34,0,0,0,0,0,17,0,0,0,0,43,0,0,0,0,17,13,0,0,0,94,0
675,0,0,1,0,0,34,6,0,0,0,0,34,5,0,0,0,0,0,0,0,0,0,0,8,28,0,0,0,8,0,0,0,0,0,0,33,0,9,0,0,0,0,0,0,0,38,10,0,0,0,0,0,0,0,22,26,0,0,-5,0,0,31,0,0,0,0,0,0,23,0,0,0,15,35,0,0,0,34,0,0,0,0,0,17,0,0,0,0,43,0,0,0,0,17,13,0,0,0,94,0,0
676,0,1,0,0,34,6,0,0,0,0,34,5,0,0,0,0,0,0,0,0,0,0,8,28,0,0,0,8,0,0,0,0,0,0,33,0,9,0,0,0,0,0,0,0,38,10,0,0,0,0,0,0,0,22,26,0,0,-5,0,0,31,0,0,0,0,0,0,23,0,0,0,15,35,0,0,0,34,0,0,0,0,0,17,0,0,0,0,43,0,0,0,0,17,13,0,0,0,94,0,0,0
677,1,0,0,34,6,0,0,0,0,34,5,0,0,0,0,0,0,0,0,0,0,8,28,0,0,0,8,0,0,0,0,0,0,33,0,9,0,0,0,0,0,0,0,38,10,0,0,0,0,0,0,0,22,26,0,0,-5,0,0,31,0,0,0,0,0,0,23,0,0,0,15,35,0,0,0,34,0,0,0,0,0,17,0,0,0,0,43,0,0,0,0,17,13,0,0,0,94,0,0,0,0
678,0,0,34,6,0,0,0,0,34,5,0,0,0,0,0,0,0,0,0,0,8,28,0,0,0,8,0,0,0,0,0,0,33,0,9,0,0,0,0,0,0,0,38,10,0,0,0,0,0,0,0,22,26,0,0,-5,0,0,31,0,0,0,0,0,0,23,0,0,0,15,35,0,0,0,34,0,0,0,0,0,17,0,0,0,0,43,0,0,0,0,17,13,0,0,0,94,0,0,0,0,15
679,0,34,6,0,0,0,0,34,5,0,0,0,0,0,0,0,0,0,0,8,28,0,0,0,8,0,0,0,0,0,0,33,0,9,0,0,0,0,0,0,0,38,10,0,0,0,0,0,0,0,22,26,0,0,-5,0,0,31,0,0,0,0,0,0,23,0,0,0,15,35,0,0,0,34,0,0,0,0,0,17,0,0,0,0,43,0,0,0,0,17,13,0,0,0,94,0,0,0,0,15,0
680,34,6,0,0,0,0,34,5,0,0,0,0,0,0,0,0,0,0,8,28,0,0,0,8,0,0,0,0,0,0,33,0,9,0,0,0,0,0,0,0,38,10,0,0,0,0,0,0,0,22,26,0,0,-5,0,0,31,0,0,0,0,0,0,23,0,0,0,15,35,0,0,0,34,0,0,0,0,0,17,0,0,0,0,43,0,0,0,0,17,13,0,0,0,94,0,0,0,0,15,0,61
681,6,0,0,0,0,34,5,0,0,0,0,0,0,0,0,0,0,8,28,0,0,0,8,0,0,0,0,0,0,33,0,9,0,0,0,0,0,0,0,38,10,0,0,0,0,0,0,0,22,26,0,0,-5,0,0,31,0,0,0,0,0,0,23,0,0,0,15,35,0,0,0,34,0,0,0,0,0,17,0,0,0,0,43,0,0,0,0,17,13,0,0,0,94,0,0,0,0,15,0,61,128
682,0,0,0,0,34,5,0,0,0,0,0,0,0,0,0,0,8,28,0,0,0,8,0,0,0,0,0,0,33,0,9,0,0,0,0,0,0,0,38,10,0,0,0,0,0,0,0,22,26,0,0,-5,0,0,31,0,0,0,0,0,0,23,0,0,0,15,35,0,0,0,34,0,0,0,0,0,17,0,0,0,0,43,0,0,0,0,17,13,0,0,0,94,0,0,0,0,15,0,61,128,0
683,0,0,0,34,5,0,0,0,0,0,0,0,0,0,0,8,28,0,0,0,8,0,0,0,0,0,0,33,0,9,0,0,0,0,0,0,0,38,10,0,0,0,0,0,0,0,22,26,0,0,-5,0,0,31,0,0,0,0,0,0,23,0,0,0,15,35,0,0,0,34,0,0,0,0,0,17,0,0,0,0,43,0,0,0,0,17,13,0,0,0,94,0,0,0,0,15,0,61,128,0,61
684,0,0,34,5,0,0,0,0,0,0,0,0,0,0,8,28,0,0,0,8,0,0,0,0,0,0,33,0,9,0,0,0,0,0,0,0,38,10,0,0,0,0,0,0,0,22,26,0,0,-5,0,0,31,0,0,0,0,0,0,23,0,0,0,15,35,0,0,0,34,0,0,0,0,0,17,0,0,0,0,43,0,0,0,0,17,13,0,0,0,94,0,0,0,0,15,0,61,128,0,61,-94
685,0,34,5,0,0,0,0,0,0,0,0,0,0,8,28,0,0,0,8,0,0,0,0,0,0,33,0,9,0,0,0,0,0,0,0,38,10,0,0,0,0,0,0,0,22,26,0,0,-5,0,0,31,0,0,0,0,0,0,23,0,0,0,15,35,0,0,0,34,0,0,0,0,0,17,0,0,0,0,43,0,0,0,0,17,13,0,0,0,94,0,0,0,0,15,0,61,128,0,61,-94,0
686,34,5,0,0,0,0,0,0,0,0,0,0,8,28,0,0,0,8,0,0,0,0,0,0,33,0,9,0,0,0,0,0,0,0,38,10,0,0,0,0,0,0,0,22,26,0,0,-5,0,0,31,0,0,0,0,0,0,23,0,0,0,15,35,0,0,0,34,0,0,0,0,0,17,0,0,0,0,43,0,0,0,0,17,13,0,0,0,94,0,0,0,0,15,0,61,128,0,61,-94,0,-11
687,5,0,0,0,0,0,0,0,0,0,0,8,28,0,0,0,8,0,0,0,0,0,0,33,0,9,0,0,0,0,0,0,0,38,10,0,0,0,0,0,0,0,22,26,0,0,-5,0,0,31,0,0,0,0,0,0,23,0,0,0,15,35,0,0,0,34,0,0,0,0,0,17,0,0,0,0,43,0,0,0,0,17,13,0,0,0,94,0,0,0,0,15,0,61,128,0,61,-94,0,-11,0
688,0,0,0,0,0,0,0,0,0,0,8,28,0,0,0,8,0,0,0,0,0,0,33,0,9,0,0,0,0,0,0,0,38,10,0,0,0,0,0,0,0,22,26,0,0,-5,0,0,31,0,0,0,0,0,0,23,0,0,0,15,35,0,0,0,34,0,0,0,0,0,17,0,0,0,0,43,0,0,0,0,17,13,0,0,0,94,0,0,0,0,15,0,61,128,0,61,-94,0,-11,0,0
689,0,0,0,0,0,0,0,0,0,8,28,0,0,0,8,0,0,0,0,0,0,33,0,9,0,0,0,0,0,0,0,38,10,0,0,0,0,0,0,0,22,26,0,0,-5,0,0,31,0,0,0,0,0,0,23,0,0,0,15,35,0,0,0,34,0,0,0,0,0,17,0,0,0,0,43,0,0,0,0,17,13,0,0,0,94,0,0,0,0,15,0,61,128,0,61,-94,0,-11,0,0,-6
690,0,0,0,0,0,0,0,0,8,28,0,0,0,8,0,0,0,0,0,0,33,0,9,0,0,0,0,0,0,0,38,10,0,0,0,0,0,0,0,22,26,0,0,-5,0,0,31,0,0,0,0,0,0,23,0,0,0,15,35,0,0,0,34,0,0,0,0,0,17,0,0,0,0,43,0,0,0,0,17,13,0,0,0,94,0,0,0,0,15,0,61,128,0,61,-94,0,-11,0,0,-6,75
691,0,0,0,0,0,0,0,8,28,0,0,0,8,0,0,0,0,0,0,33,0,9,0,0,0,0,0,0,0,38,10,0,0,0,0,0,0,0,22,26,0,0,-5,0,0,31,0,0,0,0,0,0,23,0,0,0,15,35,0,0,0,34,0,0,0,0,0,17,0,0,0,0,43,0,0,0,0,17,13,0,0,0,94,0,0,0,0,15,0,61,128,0,61,-94,0,-11,0,0,-6,75,11
692,0,0,0,0,0,0,8,28,0,0,0,8,0,0,0,0,0,0,33,0,9,0,0,0,0,0,0,0,38,10,0,0,0,0,0,0,0,22,26,0,0,-5,0,0,31,0,0,0,0,0,0,23,0,0,0,15,35,0,0,0,34,0,0,0,0,0,17,0,0,0,0,43,0,0,0,0,17,13,0,0,0,94,0,0,0,0,15,0,61,128,0,61,-94,0,-11,0,0,-6,75,11,0
693,0,0,0,0,0,8,28,0,0,0,8,0,0,0,0,0,0,33,0,9,0,0,0,0,0,0,0,38,10,0,0,0,0,0,0,0,22,26,0,0,-5,0,0,31,0,0,0,0,0,0,23,0,0,0,15,35,0,0,0,34,0,0,0,0,0,17,0,0,0,0,43,0,0,0,0,17,13,0,0,0,94,0,0,0,0,15,0,61,128,0,61,-94,0,-11,0,0,-6,75,11,0,0
694,0,0,0,0,8,28,0,0,0,8,0,0,0,0,0,0,33,0,9,0,0,0,0,0,0,0,38,10,0,0,0,0,0,0,0,22,26,0,0,-5,0,0,31,0,0,0,0,0,0,23,0,0,0,15,35,0,0,0,34,0,0,0,0,0,17,0,0,0,0,43,0,0,0,0,17,13,0,0,0,94,0,0,0,0,15,0,61,128,0,61,-94,0,-11,0,0,-6,75,11,0,0,0
695,0,0,0,8,28,0,0,0,8,0,0,0,0,0,0,33,0,9,0,0,0,0,0,0,0,38,10,0,0,0,0,0,0,0,22,26,0,0,-5,0,0,31,0,0,0,0,0,0,23,0,0,0,15,35,0,0,0,34,0,0,0,0,0,17,0,0,0,0,43,0,0,0,0,17,13,0,0,0,94,0,0,0,0,15,0,61,128,0,61,-94,0,-11,0,0,-6,75,11,0,0,0,0
696,0,0,8,28,0,0,0,8,0,0,0,0,0,0,33,0,9,0,0,0,0,0,0,0,38,10,0,0,0,0,0,0,0,22,26,0,0,-5,0,0,31,0,0,0,0,0,0,23,0,0,0,15,35,0,0,0,34,0,0,0,0,0,17,0,0,0,0,43,0,0,0,0,17,13,0,0,0,94,0,0,0,0,15,0,61,128,0,61,-94,0,-11,0,0,-6,75,11,0,0,0,0,43
697,0,8,28,0,0,0,8,0,0,0,0,0,0,33,0,9,0,0,0,0,0,0,0,38,10,0,0,0,0,0,0,0,22,26,0,0,-5,0,0,31,0,0,0,0,0,0,23,0,0,0,15,35,0,0,0,34,0,0,0,0,0,17,0,0,0,0,43,0,0,0,0,17,13,0,0,0,94,0,0,0,0,15,0,61,128,0,61,-94,0,-11,0,0,-6,75,11,0,0,0,0,43,0
698,8,28,0,0,0,8,0,0,0,0,0,0,33,0,9,0,0,0,0,0,0,0,38,10,0,0,0,0,0,0,0,22,26,0,0,-5,0,0,31,0,0,0,0,0,0,23,0,0,0,15,35,0,0,0,34,0,0,0,0,0,17,0,0,0,0,43,0,0,0,0,17,13,0,0,0,94,0,0,0,0,15,0,61,128,0,61,-94,0,-11,0,0,-6,75,11,0,0,0,0,43,0,0
699,28,0,0,0,8,0,0,0,0,0,0,33,0,9,0,0,0,0,0,0,0,38,10,0,0,0,0,0,0,0,22,26,0,0,-5,0,0,31,0,0,0,0,0,0,23,0,0,0,15,35,0,0,0,34,0,0,0,0,0,17,0,0,0,0,43,0,0,0,0,17,13,0,0,0,94,0,0,0,0,15,0,61,128,0,61,-94,0,-11,0,0,-6,75,11,0,0,0,0,43,0,0,0
700,0,0,0,8,0,0,0,0,0,0,33,0,9,0,0,0,0,0,0,0,38,10,0,0,0,0,0,0,0,22,26,0,0,-5,0,0,31,0,0,0,0,0,0,23,0,0,0,15,35,0,0,0,34,0,0,0,0,0,17,0,0,0,0,43,0,0,0,0,17,13,0,0,0,94,0,0,0,0,15,0,61,128,0,61,-94,0,-11,0,0,-6,75,11,0,0,0,0,43,0,0,0,0
701,0,0,8,0,0,0,0,0,0,33,0,9,0,0,0,0,0,0,0,38,10,0,0,0,0,0,0,0,22,26,0,0,-5,0,0,31,0,0,0,0,0,0,23,0,0,0,15,35,0,0,0,34,0,0,0,0,0,17,0,0,0,0,43,0,0,0,0,17,13,0,0,0,94,0,0,0,0,15,0,61,128,0,61,-94,0,-11,0,0,-6,75,11,0,0,0,0,43,0,0,0,0,34
702,0,8,0,0,0,0,0,0,33,0,9,0,0,0,0,0,0,0,38,10,0,0,0,0,0,0,0,22,26,0,0,-5,0,0,31,0,0,0,0,0,0,23,0,0,0,15,35,0,0,0,34,0,0,0,0,0,17,0,0,0,0,43,0,0,0,0,17,13,0,0,0,94,0,0,0,0,15,0,61,128,0,61,-94,0,-11,0,0,-6,75,11,0,0,0,0,43,0,0,0,0,34,24
703,8,0,0,0,0,0,0,33,0,9,0,0,0,0,0,0,0,38,10,0,0,0,0,0,0,0,22,26,0,0,-5,0,0,31,0,0,0,0,0,0,23,0,0,0,15,35,0,0,0,34,0,0,0,0,0,17,0,0,0,0,43,0,0,0,0,17,13,0,0,0,94,0,0,0,0,15,0,61,128,0,61,-94,0,-11,0,0,-6,75,11,0,0,0,0,43,0,0,0,0,34,24,0
704,0,0,0,0,0,0,33,0,9,0,0,0,0,0,0,0,38,10,0,0,0,0,0,0,0,22,26,0,0,-5,0,0,31,0,0,0,0,0,0,23,0,0,0,15,35,0,0,0,34,0,0,0,0,0,17,0,0,0,0,43,0,0,0,0,17,13,0,0,0,94,0,0,0,0,15,0,61,128,0,61,-94,0,-11,0,0,-6,75,11,0,0,0,0,43,0,0,0,0,34,24,0,0
705,0,0,0,0,0,33,0,9,0,0,0,0,0,0,0,38,10,0,0,0,0,0,0,0,22,26,0,0,-5,0,0,31,0,0,0,0,0,0,23,0,0,0,15,35,0,0,0,34,0,0,0,0,0,17,0,0,0,0,43,0,0,0,0,17,13,0,0,0,94,0,0,0,0,15,0,61,128,0,61,-94,0,-11,0,0,-6,75,11,0,0,0,0,43,0,0,0,0,34,24,0,0,-15
706,0,0,0,0,33,0,9,0,0,0,0,0,0,0,38,10,0,0,0,0,0,0,0,22,26,0,0,-5,0,0,31,0,0,0,0,0,0,23,0,0,0,15,35,0,0,0,34,0,0,0,0,0,17,0,0,0,0,43,0,0,0,0,17,13,0,0,0,94,0,0,0,0,15,0,61,128,0,61,-94,0,-11,0,0,-6,75,11,0,0,0,0,43,0,0,0,0,34,24,0,0,-15,0
707,0,0,0,33,0,9,0,0,0,0,0,0,0,38,10,0,0,0,0,0,0,0,22,26,0,0,-5,0,0,31,0,0,0,0,0,0,23,0,0,0,15,35,0,0,0,34,0,0,0,0,0,17,0,0,0,0,43,0,0,0,0,17,13,0,0,0,94,0,0,0,0,15,0,61,128,0,61,-94,0,-11,0,0,-6,75,11,0,0,0,0,43,0,0,0,0,34,24,0,0,-15,0,0
708,0,0,33,0,9,0,0,0,0,0,0,0,38,10,0,0,0,0,0,0,0,22,26,0,0,-5,0,0,31,0,0,0,0,0,0,23,0,0,0,15,35,0,0,0,34,0,0,0,0,0,17,0,0,0,0,43,0,0,0,0,17,13,0,0,0,94,0,0,0,0,15,0,61,128,0,61,-94,0,-11,0,0,-6,75,11,0,0,0,0,43,0,0,0,0,34,24,0,0,-15,0,0,60
709,0,33,0,9,0,0,0,0,0,0,0,38,10,0,0,0,0,0,0,0,22,26,0,0,-5,0,0,31,0,0,0,0,0,0,23,0,0,0,15,35,0,0,0,34,0,0,0,0,0,17,0,0,0,0,43,0,0,0,0,17,13,0,0,0,94,0,0,0,0,15,0,61,128,0,61,-94,0,-11,0,0,-6,75,11,0,0,0,0,43,0,0,0,0,34,24,0,0,-15,0,0,60,0
710,33,0,9,0,0,0,0,0,0,0,38,10,0,0,0,0,0,0,0,22,26,0,0,-5,0,0,31,0,0,0,0,0,0,23,0,0,0,15,35,0,0,0,34,0,0,0,0,0,17,0,0,0,0,43,0,0,0,0,17,13,0,0,0,94,0,0,0,0,15,0,61,128,0,61,-94,0,-11,0,0,-6,75,11,0,0,0,0,43,0,0,0,0,34,24,0,0,-15,0,0,60,0,0
711,0,9,0,0,0,0,0,0,0,38,10,0,0,0,0,0,0,0,22,26,0,0,-5,0,0,31,0,0,0,0,0,0,23,0,0,0,15,35,0,0,0,34,0,0,0,0,0,17,0,0,0,0,43,0,0,0,0,17,13,0,0,0,94,0,0,0,0,15,0,61,128,0,61,-94,0,-11,0,0,-6,75,11,0,0,0,0,43,0,0,0,0,34,24,0,0,-15,0,0,60,0,0,0
712,9,0,0,0,0,0,0,0,38,10,0,0,0,0,0,0,0,22,26,0,0,-5,0,0,31,0,0,0,0,0,0,23,0,0,0,15,35,0,0,0,34,0,0,0,0,0,17,0,0,0,0,43,0,0,0,0,17,13,0,0,0,94,0,0,0,0,15,0,61,128,0,61,-94,0,-11,0,0,-6,75,11,0,0,0,0,43,0,0,0,0,34,24,0,0,-15,0,0,60,0,0,0,0
713,0,0,0,0,0,0,0,38,10,0,0,0,0,0,0,0,22,26,0,0,-5,0,0,31,0,0,0,0,0,0,23,0,0,0,15,35,0,0,0,34,0,0,0,0,0,17,0,0,0,0,43,0,0,0,0,17,13,0,0,0,94,0,0,0,0,15,0,61,128,0,61,-94,0,-11,0,0,-6,75,11,0,0,0,0,43,0,0,0,0,34,24,0,0,-15,0,0,60,0,0,0,0,0
714,0,0,0,0,0,0,38,10,0,0,0,0,0,0,0,22,26,0,0,-5,0,0,31,0,0,0,0,0,0,23,0,0,0,15,35,0,0,0,34,0,0,0,0,0,17,0,0,0,0,43,0,0,0,0,17,13,0,0,0,94,0,0,0,0,15,0,61,128,0,61,-94,0,-11,0,0,-6,75,11,0,0,0,0,43,0,0,0,0,34,24,0,0,-15,0,0,60,0,0,0,0,0,58
715,0,0,0,0,0,38,10,0,0,0,0,0,0,0,22,26,0,0,-5,0,0,31,0,0,0,0,0,0,23,0,0,0,15,35,0,0,0,34,0,0,0,0,0,17,0,0,0,0,43,0,0,0,0,17,13,0,0,0,94,0,0,0,0,15,0,61,128,0,61,-94,0,-11,0,0,-6,75,11,0,0,0,0,43,0,0,0,0,34,24,0,0,-15,0,0,60,0,0,0,0,0,58,0
716,0,0,0,0,38,10,0,0,0,0,0,0,0,22,26,0,0,-5,0,0,31,0,0,0,0,0,0,23,0,0,0,15,35,0,0,0,34,0,0,0,0,0,17,0,0,0,0,43,0,0,0,0,17,13,0,0,0,94,0,0,0,0,15,0,61,128,0,61,-94,0,-11,0,0,-6,75,11,0,0,0,0,43,0,0,0,0,34,24,0,0,-15,0,0,60,0,0,0,0,0,58,0,0
717,0,0,0,38,10,0,0,0,0,0,0,0,22,26,0,0,-5,0,0,31,0,0,0,0,0,0,23,0,0,0,15,35,0,0,0,34,0,0,0,0,0,17,0,0,0,0,43,0,0,0,0,17,13,0,0,0,94,0,0,0,0,15,0,61,128,0,61,-94,0,-11,0,0,-6,75,11,0,0,0,0,43,0,0,0,0,34,24,0,0,-15,0,0,60,0,0,0,0,0,58,0,0,0
718,0,0,38,10,0,0,0,0,0,0,0,22,26,0,0,-5,0,0,31,0,0,0,0,0,0,23,0,0,0,15,35,0,0,0,34,0,0,0,0,0,17,0,0,0,0,43,0,0,0,0,17,13,0,0,0,94,0,0,0,0,15,0,61,128,0,61,-94,0,-11,0,0,-6,75,11,0,0,0,0,43,0,0,0,0,34,24,0,0,-15,0,0,60,0,0,0,0,0,58,0,0,0,0
719,0,38,10,0,0,0,0,0,0,0,22,26,0,0,-5,0,0,31,0,0,0,0,0,0,23,0,0,0,15,35,0,0,0,34,0,0,0,0,0,17,0,0,0,0,43,0,0,0,0,17,13,0,0,0,94,0,0,0,0,15,0,61,128,0,61,-94,0,-11,0,0,-6,75,11,0,0,0,0,43,0,0,0,0,34,24,0,0,-15,0,0,60,0,0,0,0,0,58,0,0,0,0,0
720,38,10,0,0,0,0,0,0,0,22,26,0,0,-5,0,0,31,0,0,0,0,0,0,23,0,0,0,15,35,0,0,0,34,0,0,0,0,0,17,0,0,0,0,43,0,0,0,0,17,13,0,0,0,94,0,0,0,0,15,0,61,128,0,61,-94,0,-11,0,0,-6,75,11,0,0,0,0,43,0,0,0,0,34,24,0,0,-15,0,0,60,0,0,0,0,0,58,0,0,0,0,0,58
721,10,0,0,0,0,0,0,0,22,26,0,0,-5,0,0,31,0,0,0,0,0,0,23,0,0,0,15,35,0,0,0,34,0,0,0,0,0,17,0,0,0,0,43,0,0,0,0,17,13,0,0,0,94,0,0,0,0,15,0,61,128,0,61,-94,0,-11,0,0,-6,75,11,0,0,0,0,43,0,0,0,0,34,24,0,0,-15,0,0,60,0,0,0,0,0,58,0,0,0,0,0,58,2
722,0,0,0,0,0,0,0,22,26,0,0,-5,0,0,31,0,0,0,0,0,0,23,0,0,0,15,35,0,0,0,34,0,0,0,0,0,17,0,0,0,0,43,0,0,0,0,17,13,0,0,0,94,0,0,0,0,15,0,61,128,0,61,-94,0,-11,0,0,-6,75,11,0,0,0,0,43,0,0,0,0,34,24,0,0,-15,0,0,60,0,0,0,0,0,58,0,0,0,0,0,58,2,0
723,0,0,0,0,0,0,22,26,0,0,-5,0,0,31,0,0,0,0,0,0,23,0,0,0,15,35,0,0,0,34,0,0,0,0,0,17,0,0,0,0,43,0,0,0,0,17,13,0,0,0,94,0,0,0,0,15,0,61,128,0,61,-94,0,-11,0,0,-6,75,11,0,0,0,0,43,0,0,0,0,34,24,0,0,-15,0,0,60,0,0,0,0,0,58,0,0,0,0,0,58,2,0,0
724,0,0,0,0,0,22,26,0,0,-5,0,0,31,0,0,0,0,0,0,23,0,0,0,15,35,0,0,0,34,0,0,0,0,0,17,0,0,0,0,43,0,0,0,0,17,13,0,0,0,94,0,0,0,0,15,0,61,128,0,61,-94,0,-11,0,0,-6,75,11,0,0,0,0,43,0,0,0,0,34,24,0,0,-15,0,0,60,0,0,0,0,0,58,0,0,0,0,0,58,2,0,0,0
725,0,0,0,0,22,26,0,0,-5,0,0,31,0,0,0,0,0,0,23,0,0,0,15,35,0,0,0,34,0,0,0,0,0,17,0,0,0,0,43,0,0,0,0,17,13,0,0,0,94,0,0,0,0,15,0,61,128,0,61,-94,0,-11,0,0,-6,75,11,0,0,0,0,43,0,0,0,0,34,24,0,0,-15,0,0,60,0,0,0,0,0,58,0,0,0,0,0,58,2,0,0,0,0
726,0,0,0,22,26,0,0,-5,0,0,31,0,0,0,0,0,0,23,0,0,0,15,35,0,0,0,34,0,0,0,0,0,17,0,0,0,0,43,0,0,0,0,17,13,0,0,0,94,0,0,0,0,15,0,61,128,0,61,-94,0,-11,0,0,-6,75,11,0,0,0,0,43,0,0,0,0,34,24,0,0,-15,0,0,60,0,0,0,0,0,58,0,0,0,0,0,58,2,0,0,0,0,72
727,0,0,22,26,0,0,-5,0,0,31,0,0,0,0,0,0,23,0,0,0,15,35,0,0,0,34,0,0,0,0,0,17,0,0,0,0,43,0,0,0,0,17,13,0,0,0,94,0,0,0,0,15,0,61,128,0,61,-94,0,-11,0,0,-6,75,11,0,0,0,0,43,0,0,0,0,34,24,0,0,-15,0,0,60,0,0,0,0,0,58,0,0,0,0,0,58,2,0,0,0,0,72,0
728,0,22,26,0,0,-5,0,0,31,0,0,0,0,0,0,23,0,0,0,15,35,0,0,0,34,0,0,0,0,0,17,0,0,0,0,43,0,0,0,0,17,13,0,0,0,94,0,0,0,0,15,0,61,128,0,61,-94,0,-11,0,0,-6,75,11,0,0,0,0,43,0,0,0,0,34,24,0,0,-15,0,0,60,0,0,0,0,0,58,0,0,0,0,0,58,2,0,0,0,0,72,0,0
729,22,26,0,0,-5,0,0,31,0,0,0,0,0,0,23,0,0,0,15,35,0,0,0,34,0,0,0,0,0,17,0,0,0,0,43,0,0,0,0,17,13,0,0,0,94,0,0,0,0,15,0,61,128,0,61,-94,0,-11,0,0,-6,75,11,0,0,0,0,43,0,0,0,0,34,24,0,0,-15,0,0,60,0,0,0,0,0,58,0,0,0,0,0,58,2,0,0,0,0,72,0,0,0
730,26,0,0,-5,0,0,31,0,0,0,0,0,0,23,0,0,0,15,35,0,0,0,34,0,0,0,0,0,17,0,0,0,0,43,0,0,0,0,17,13,0,0,0,94,0,0,0,0,15,0,61,128,0,61,-94,0,-11,0,0,-6,75,11,0,0,0,0,43,0,0,0,0,34,24,0,0,-15,0,0,60,0,0,0,0,0,58,0,0,0,0,0,58,2,0,0,0,0,72,0,0,0,0
731,0,0,-5,0,0,31,0,0,0,0,0,0,23,0,0,0,15,35,0,0,0,34,0,0,0,0,0,17,0,0,0,0,43,0,0,0,0,17,13,0,0,0,94,0,0,0,0,15,0,61,128,0,61,-94,0,-11,0,0,-6,75,11,0,0,0,0,43,0,0,0,0,34,24,0,0,-15,0,0,60,0,0,0,0,0,58,0,0,0,0,0,58,2,0,0,0,0,72,0,0,0,0,0
732,0,-5,0,0,31,0,0,0,0,0,0,23,0,0,0,15,35,0,0,0,34,0,0,0,0,0,17,0,0,0,0,43,0,0,0,0,17,13,0,0,0,94,0,0,0,0,15,0,61,128,0,61,-94,0,-11,0,0,-6,75,11,0,0,0,0,43,0,0,0,0,34,24,0,0,-15,0,0,60,0,0,0,0,0,58,0,0,0,0,0,58,2,0,0,0,0,72,0,0,0,0,0,71
733,-5,0,0,31,0,0,0,0,0,0,23,0,0,0,15,35,0,0,0,34,0,0,0,0,0,17,0,0,0,0,43,0,0,0,0,17,13,0,0,0,94,0,0,0,0,15,0,61,128,0,61,-94,0,-11,0,0,-6,75,11,0,0,0,0,43,0,0,0,0,34,24,0,0,-15,0,0,60,0,0,0,0,0,58,0,0,0,0,0,58,2,0,0,0,0,72,0,0,0,0,0,71,0
734,0,0,31,0,0,0,0,0,0,23,0,0,0,15,35,0,0,0,34,0,0,0,0,0,17,0,0,0,0,43,0,0,0,0,17,13,0,0,0,94,0,0,0,0,15,0,61,128,0,61,-94,0,-11,0,0,-6,75,11,0,0,0,0,43,0,0,0,0,34,24,0,0,-15,0,0,60,0,0,0,0,0,58,0,0,0,0,0,58,2,0,0,0,0,72,0,0,0,0,0,71,0,0
735,0,31,0,0,0,0,0,0,23,0,0,0,15,35,0,0,0,34,0,0,0,0,0,17,0,0,0,0,43,0,0,0,0,17,13,0,0,0,94,0,0,0,0,15,0,61,128,0,61,-94,0,-11,0,0,-6,75,11,0,0,0,0,43,0,0,0,0,34,24,0,0,-15,0,0,60,0,0,0,0,0,58,0,0,0,0,0,58,2,0,0,0,0,72,0,0,0,0,0,71,0,0,0
736,31,0,0,0,0,0,0,23,0,0,0,15,35,0,0,0,34,0,0,0,0,0,17,0,0,0,0,43,0,0,0,0,17,13,0,0,0,94,0,0,0,0,15,0,61,128,0,61,-94,0,-11,0,0,-6,75,11,0,0,0,0,43,0,0,0,0,34,24,0,0,-15,0,0,60,0,0,0,0,0,58,0,0,0,0,0,58,2,0,0,0,0,72,0,0,0,0,0,71,0,0,0,0
737,0,0,0,0,0,0,23,0,0,0,15,35,0,0,0,34,0,0,0,0,0,17,0,0,0,0,43,0,0,0,0,17,13,0,0,0,94,0,0,0,0,15,0,61,128,0,61,-94,0,-11,0,0,-6,75,11,0,0,0,0,43,0,0,0,0,34,24,0,0,-15,0,0,60,0,0,0,0,0,58,0,0,0,0,0,58,2,0,0,0,0,72,0,0,0,0,0,71,0,0,0,0,0
738,0,0,0,0,0,23,0,0,0,15,35,0,0,0,34,0,0,0,0,0,17,0,0,0,0,43,0,0,0,0,17,13,0,0,0,94,0,0,0,0,15,0,61,128,0,61,-94,0,-11,0,0,-6,75,11,0,0,0,0,43,0,0,0,0,34,24,0,0,-15,0,0,60,0,0,0,0,0,58,0,0,0,0,0,58,2,0,0,0,0,72,0,0,0,0,0,71,0,0,0,0,0,86
739,0,0,0,0,23,0,0,0,15,35,0,0,0,34,0,0,0,0,0,17,0,0,0,0,43,0,0,0,0,17,13,0,0,0,94,0,0,0,0,15,0,61,128,0,61,-94,0,-11,0,0,-6,75,11,0,0,0,0,43,0,0,0,0,34,24,0,0,-15,0,0,60,0,0,0,0,0,58,0,0,0,0,0,58,2,0,0,0,0,72,0,0,0,0,0,71,0,0,0,0,0,86,0
740,0,0,0,23,0,0,0,15,35,0,0,0,34,0,0,0,0,0,17,0,0,0,0,43,0,0,0,0,17,13,0,0,0,94,0,0,0,0,15,0,61,128,0,61,-94,0,-11,0,0,-6,75,11,0,0,0,0,43,0,0,0,0,34,24,0,0,-15,0,0,60,0,0,0,0,0,58,0,0,0,0,0,58,2,0,0,0,0,72,0,0,0,0,0,71,0,0,0,0,0,86,0,0
741,0,0,23,0,0,0,15,35,0,0,0,34,0,0,0,0,0,17,0,0,0,0,43,0,0,0,0,17,13,0,0,0,94,0,0,0,0,15,0,61,128,0,61,-94,0,-11,0,0,-6,75,11,0,0,0,0,43,0,0,0,0,34,24,0,0,-15,0,0,60,0,0,0,0,0,58,0,0,0,0,0,58,2,0,0,0,0,72,0,0,0,0,0,71,0,0,0,0,0,86,0,0,0
742,0,23,0,0,0,15,35,0,0,0,34,0,0,0,0,0,17,0,0,0,0,43,0,0,0,0,17,13,0,0,0,94,0,0,0,0,15,0,61,128,0,61,-94,0,-11,0,0,-6,75,11,0,0,0,0,43,0,0,0,0,34,24,0,0,-15,0,0,60,0,0,0,0,0,58,0,0,0,0,0,58,2,0,0,0,0,72,0,0,0,0,0,71,0,0,0,0,0,86,0,0,0,0
743,23,0,0,0,15,35,0,0,0,34,0,0,0,0,0,17,0,0,0,0,43,0,0,0,0,17,13,0,0,0,94,0,0,0,0,15,0,61,128,0,61,-94,0,-11,0,0,-6,75,11,0,0,0,0,43,0,0,0,0,34,24,0,0,-15,0,0,60,0,0,0,0,0,58,0,0,0,0,0,58,2,0,0,0,0,72,0,0,0,0,0,71,0,0,0,0,0,86,0,0,0,0,74
744,0,0,0,15,35,0,0,0,34,0,0,0,0,0,17,0,0,0,0,43,0,0,0,0,17,13,0,0,0,94,0,0,0,0,15,0,61,128,0,61,-94,0,-11,0,0,-6,75,11,0,0,0,0,43,0,0,0,0,34,24,0,0,-15,0,0,60,0,0,0,0,0,58,0,0,0,0,0,58,2,0,0,0,0,72,0,0,0,0,0,71,0,0,0,0,0,86,0,0,0,0,74,39
745,0,0,15,35,0,0,0,34,0,0,0,0,0,17,0,0,0,0,43,0,0,0,0,17,13,0,0,0,94,0,0,0,0,15,0,61,128,0,61,-94,0,-11,0,0,-6,75,11,0,0,0,0,43,0,0,0,0,34,24,0,0,-15,0,0,60,0,0,0,0,0,58,0,0,0,0,0,58,2,0,0,0,0,72,0,0,0,0,0,71,0,0,0,0,0,86,0,0,0,0,74,39,0
746,0,15,35,0,0,0,34,0,0,0,0,0,17,0,0,0,0,43,0,0,0,0,17,13,0,0,0,94,0,0,0,0,15,0,61,128,0,61,-94,0,-11,0,0,-6,75,11,0,0,0,0,43,0,0,0,0,34,24,0,0,-15,0,0,60,0,0,0,0,0,58,0,0,0,0,0,58,2,0,0,0,0,72,0,0,0,0,0,71,0,0,0,0,0,86,0,0,0,0,74,39,0,0
747,15,35,0,0,0,34,0,0,0,0,0,17,0,0,0,0,43,0,0,0,0,17,13,0,0,0,94,0,0,0,0,15,0,61,128,0,61,-94,0,-11,0,0,-6,75,11,0,0,0,0,43,0,0,0,0,34,24,0,0,-15,0,0,60,0,0,0,0,0,58,0,0,0,0,0,58,2,0,0,0,0,72,0,0,0,0,0,71,0,0,0,0,0,86,0,0,0,0,74,39,0,0,0
748,35,0,0,0,34,0,0,0,0,0,17,0,0,0,0,43,0,0,0,0,17,13,0,0,0,94,0,0,0,0,15,0,61,128,0,61,-94,0,-11,0,0,-6,75,11,0,0,0,0,43,0,0,0,0,34,24,0,0,-15,0,0,60,0,0,0,0,0,58,0,0,0,0,0,58,2,0,0,0,0,72,0,0,0,0,0,71,0,0,0,0,0,86,0,0,0,0,74,39,0,0,0,0
749,0,0,0,34,0,0,0,0,0,17,0,0,0,0,43,0,0,0,0,17,13,0,0,0,94,0,0,0,0,15,0,61,128,0,61,-94,0,-11,0,0,-6,75,11,0,0,0,0,43,0,0,0,0,34,24,0,0,-15,0,0,60,0,0,0,0,0,58,0,0,0,0,0,58,2,0,0,0,0,72,0,0,0,0,0,71,0,0,0,0,0,86,0,0,0,0,74,39,0,0,0,0,0
750,0,0,34,0,0,0,0,0,17,0,0,0,0,43,0,0,0,0,17,13,0,0,0,94,0,0,0,0,15,0,61,128,0,61,-94,0,-11,0,0,-6,75,11,0,0,0,0,43,0,0,0,0,34,24,0,0,-15,0,0,60,0,0,0,0,0,58,0,0,0,0,0,58,2,0,0,0,0,72,0,0,0,0,0,71,0,0,0,0,0,86,0,0,0,0,74,39,0,0,0,0,0,114
751,0,34,0,0,0,0,0,17,0,0,0,0,43,0,0,0,0,17,13,0,0,0,94,0,0,0,0,15,0,61,128,0,61,-94,0,-11,0,0,-6,75,11,0,0,0,0,43,0,0,0,0,34,24,0,0,-15,0,0,60,0,0,0,0,0,58,0,0,0,0,0,58,2,0,0,0,0,72,0,0,0,0,0,71,0,0,0,0,0,86,0,0,0,0,74,39,0,0,0,0,0,114,0
752,34,0,0,0,0,0,17,0,0,0,0,43,0,0,0,0,17,13,0,0,0,94,0,0,0,0,15,0,61,128,0,61,-94,0,-11,0,0,-6,75,11,0,0,0,0,43,0,0,0,0,34,24,0,0,-15,0,0,60,0,0,0,0,0,58,0,0,0,0,0,58,2,0,0,0,0,72,0,0,0,0,0,71,0,0,0,0,0,86,0,0,0,0,74,39,0,0,0,0,0,114,0,0
753,0,0,0,0,0,17,0,0,0,0,43,0,0,0,0,17,13,0,0,0,94,0,0,0,0,15,0,61,128,0,61,-94,0,-11,0,0,-6,75,11,0,0,0,0,43,0,0,0,0,34,24,0,0,-15,0,0,60,0,0,0,0,0,58,0,0,0,0,0,58,2,0,0,0,0,72,0,0,0,0,0,71,0,0,0,0,0,86,0,0,0,0,74,39,0,0,0,0,0,114,0,0,0
754,0,0,0,0,17,0,0,0,0,43,0,0,0,0,17,13,0,0,0,94,0,0,0,0,15,0,61,128,0,61,-94,0,-11,0,0,-6,75,11,0,0,0,0,43,0,0,0,0,34,24,0,0,-15,0,0,60,0,0,0,0,0,58,0,0,0,0,0,58,2,0,0,0,0,72,0,0,0,0,0,71,0,0,0,0,0,86,0,0,0,0,74,39,0,0,0,0,0,114,0,0,0,0
755,0,0,0,17,0,0,0,0,43,0,0,0,0,17,13,0,0,0,94,0,0,0,0,15,0,61,128,0,61,-94,0,-11,0,0,-6,75,11,0,0,0,0,43,0,0,0,0,34,24,0,0,-15,0,0,60,0,0,0,0,0,58,0,0,0,0,0,58,2,0,0,0,0,72,0,0,0,0,0,71,0,0,0,0,0,86,0,0,0,0,74,39,0,0,0,0,0,114,0,0,0,0,119
756,0,0,17,0,0,0,0,43,0,0,0,0,17,13,0,0,0,94,0,0,0,0,15,0,61,128,0,61,-94,0,-11,0,0,-6,75,11,0,0,0,0,43,0,0,0,0,34,24,0,0,-15,0,0,60,0,0,0,0,0,58,0,0,0,0,0,58,2,0,0,0,0,72,0,0,0,0,0,71,0,0,0,0,0,86,0,0,0,0,74,39,0,0,0,0,0,114,0,0,0,0,119,24
757,0,17,0,0,0,0,43,0,0,0,0,17,13,0,0,0,94,0,0,0,0,15,0,61,128,0,61,-94,0,-11,0,0,-6,75,11,0,0,0,0,43,0,0,0,0,34,24,0,0,-15,0,0,60,0,0,0,0,0,58,0,0,0,0,0,58,2,0,0,0,0,72,0,0,0,0,0,71,0,0,0,0,0,86,0,0,0,0,74,39,0,0,0,0,0,114,0,0,0,0,119,24,0
758,17,0,0,0,0,43,0,0,0,0,17,13,0,0,0,94,0,0,0,0,15,0,61,128,0,61,-94,0,-11,0,0,-6,75,11,0,0,0,0,43,0,0,0,0,34,24,0,0,-15,0,0,60,0,0,0,0,0,58,0,0,0,0,0,58,2,0,0,0,0,72,0,0,0,0,0,71,0,0,0,0,0,86,0,0,0,0,74,39,0,0,0,0,0,114,0,0,0,0,119,24,0,0
759,0,0,0,0,43,0,0,0,0,17,13,0,0,0,94,0,0,0,0,15,0,61,128,0,61,-94,0,-11,0,0,-6,75,11,0,0,0,0,43,0,0,0,0,34,24,0,0,-15,0,0,60,0,0,0,0,0,58,0,0,0,0,0,58,2,0,0,0,0,72,0,0,0,0,0,71,0,0,0,0,0,86,0,0,0,0,74,39,0,0,0,0,0,114,0,0,0,0,119,24,0,0,0
760,0,0,0,43,0,0,0,0,17,13,0,0,0,94,0,0,0,0,15,0,61,128,0,61,-94,0,-11,0,0,-6,75,11,0,0,0,0,43,0,0,0,0,34,24,0,0,-15,0,0,60,0,0,0,0,0,58,0,0,0,0,0,58,2,0,0,0,0,72,0,0,0,0,0,71,0,0,0,0,0,86,0,0,0,0,74,39,0,0,0,0,0,114,0,0,0,0,119,24,0,0,0,0
761,0,0,43,0,0,0,0,17,13,0,0,0,94,0,0,0,0,15,0,61,128,0,61,-94,0,-11,0,0,-6,75,11,0,0,0,0,43,0,0,0,0,34,24,0,0,-15,0,0,60,0,0,0,0,0,58,0,0,0,0,0,58,2,0,0,0,0,72,0,0,0,0,0,71,0,0,0,0,0,86,0,0,0,0,74,39,0,0,0,0,0,114,0,0,0,0,119,24,0,0,0,0,124
762,0,43,0,0,0,0,17,13,0,0,0,94,0,0,0,0,15,0,61,128,0,61,-94,0,-11,0,0,-6,75,11,0,0,0,0,43,0,0,0,0,34,24,0,0,-15,0,0,60,0,0,0,0,0,58,0,0,0,0,0,58,2,0,0,0,0,72,0,0,0,0,0,71,0,0,0,0,0,86,0,0,0,0,74,39,0,0,0,0,0,114,0,0,0,0,119,24,0,0,0,0,124,16
763,43,0,0,0,0,17,13,0,0,0,94,0,0,0,0,15,0,61,128,0,61,-94,0,-11,0,0,-6,75,11,0,0,0,0,43,0,0,0,0,34,24,0,0,-15,0,0,60,0,0,0,0,0,58,0,0,0,0,0,58,2,0,0,0,0,72,0,0,0,0,0,71,0,0,0,0,0,86,0,0,0,0,74,39,0,0,0,0,0,114,0,0,0,0,119,24,0,0,0,0,124,16,2
764,0,0,0,0,17,13,0,0,0,94,0,0,0,0,15,0,61,128,0,61,-94,0,-11,0,0,-6,75,11,0,0,0,0,43,0,0,0,0,34,24,0,0,-15,0,0,60,0,0,0,0,0,58,0,0,0,0,0,58,2,0,0,0,0,72,0,0,0,0,0,71,0,0,0,0,0,86,0,0,0,0,74,39,0,0,0,0,0,114,0,0,0,0,119,24,0,0,0,0,124,16,2,0
765,0,0,0,17,13,0,0,0,94,0,0,0,0,15,0,61,128,0,61,-94,0,-11,0,0,-6,75,11,0,0,0,0,43,0,0,0,0,34,24,0,0,-15,0,0,60,0,0,0,0,0,58,0,0,0,0,0,58,2,0,0,0,0,72,0,0,0,0,0,71,0,0,0,0,0,86,0,0,0,0,74,39,0,0,0,0,0,114,0,0,0,0,119,24,0,0,0,0,124,16,2,0,14
766,0,0,17,13,0,0,0,94,0,0,0,0,15,0,61,128,0,61,-94,0,-11,0,0,-6,75,11,0,0,0,0,43,0,0,0,0,34,24,0,0,-15,0,0,60,0,0,0,0,0,58,0,0,0,0,0,58,2,0,0,0,0,72,0,0,0,0,0,71,0,0,0,0,0,86,0,0,0,0,74,39,0,0,0,0,0,114,0,0,0,0,119,24,0,0,0,0,124,16,2,0,14,0
767,0,17,13,0,0,0,94,0,0,0,0,15,0,61,128,0,61,-94,0,-11,0,0,-6,75,11,0,0,0,0,43,0,0,0,0,34,24,0,0,-15,0,0,60,0,0,0,0,0,58,0,0,0,0,0,58,2,0,0,0,0,72,0,0,0,0,0,71,0,0,0,0,0,86,0,0,0,0,74,39,0,0,0,0,0,114,0,0,0,0,119,24,0,0,0,0,124,16,2,0,14,0,121
768,17,13,0,0,0,94,0,0,0,0,15,0,61,128,0,61,-94,0,-11,0,0,-6,75,11,0,0,0,0,43,0,0,0,0,34,24,0,0,-15,0,0,60,0,0,0,0,0,58,0,0,0,0,0,58,2,0,0,0,0,72,0,0,0,0,0,71,0,0,0,0,0,86,0,0,0,0,74,39,0,0,0,0,0,114,0,0,0,0,119,24,0,0,0,0,124,16,2,0,14,0,121,29
769,13,0,0,0,94,0,0,0,0,15,0,61,128,0,61,-94,0,-11,0,0,-6,75,11,0,0,0,0,43,0,0,0,0,34,24,0,0,-15,0,0,60,0,0,0,0,0,58,0,0,0,0,0,58,2,0,0,0,0,72,0,0,0,0,0,71,0,0,0,0,0,86,0,0,0,0,74,39,0,0,0,0,0,114,0,0,0,0,119,24,0,0,0,0,124,16,2,0,14,0,121,29,0
770,0,0,0,94,0,0,0,0,15,0,61,128,0,61,-94,0,-11,0,0,-6,75,11,0,0,0,0,43,0,0,0,0,34,24,0,0,-15,0,0,60,0,0,0,0,0,58,0,0,0,0,0,58,2,0,0,0,0,72,0,0,0,0,0,71,0,0,0,0,0,86,0,0,0,0,74,39,0,0,0,0,0,114,0,0,0,0,119,24,0,0,0,0,124,16,2,0,14,0,121,29,0,0
771,0,0,94,0,0,0,0,15,0,61,128,0,61,-94,0,-11,0,0,-6,75,11,0,0,0,0,43,0,0,0,0,34,24,0,0,-15,0,0,60,0,0,0,0,0,58,0,0,0,0,0,58,2,0,0,0,0,72,0,0,0,0,0,71,0,0,0,0,0,86,0,0,0,0,74,39,0,0,0,0,0,114,0,0,0,0,119,24,0,0,0,0,124,16,2,0,14,0,121,29,0,0,0
772,0,94,0,0,0,0,15,0,61,128,0,61,-94,0,-11,0,0,-6,75,11,0,0,0,0,43,0,0,0,0,34,24,0,0,-15,0,0,60,0,0,0,0,0,58,0,0,0,0,0,58,2,0,0,0,0,72,0,0,0,0,0,71,0,0,0,0,0,86,0,0,0,0,74,39,0,0,0,0,0,114,0,0,0,0,119,24,0,0,0,0,124,16,2,0,14,0,121,29,0,0,0,61
773,94,0,0,0,0,15,0,61,128,0,61,-94,0,-11,0,0,-6,75,11,0,0,0,0,43,0,0,0,0,34,24,0,0,-15,0,0,60,0,0,0,0,0,58,0,0,0,0,0,58,2,0,0,0,0,72,0,0,0,0,0,71,0,0,0,0,0,86,0,0,0,0,74,39,0,0,0,0,0,114,0,0,0,0,119,24,0,0,0,0,124,16,2,0,14,0,121,29,0,0,0,61,89
774,0,0,0,0,15,0,61,128,0,61,-94,0,-11,0,0,-6,75,11,0,0,0,0,43,0,0,0,0,34,24,0,0,-15,0,0,60,0,0,0,0,0,58,0,0,0,0,0,58,2,0,0,0,0,72,0,0,0,0,0,71,0,0,0,0,0,86,0,0,0,0,74,39,0,0,0,0,0,114,0,0,0,0,119,24,0,0,0,0,124,16,2,0,14,0,121,29,0,0,0,61,89,0
775,0,0,0,15,0,61,128,0,61,-94,0,-11,0,0,-6,75,11,0,0,0,0,43,0,0,0,0,34,24,0,0,-15,0,0,60,0,0,0,0,0,58,0,0,0,0,0,58,2,0,0,0,0,72,0,0,0,0,0,71,0,0,0,0,0,86,0,0,0,0,74,39,0,0,0,0,0,114,0,0,0,0,119,24,0,0,0,0,124,16,2,0,14,0,121,29,0,0,0,61,89,0,0
776,0,0,15,0,61,128,0,61,-94,0,-11,0,0,-6,75,11,0,0,0,0,43,0,0,0,0,34,24,0,0,-15,0,0,60,0,0,0,0,0,58,0,0,0,0,0,58,2,0,0,0,0,72,0,0,0,0,0,71,0,0,0,0,0,86,0,0,0,0,74,39,0,0,0,0,0,114,0,0,0,0,119,24,0,0,0,0,124,16,2,0,14,0,121,29,0,0,0,61,89,0,0,0
777,0,15,0,61,128,0,61,-94,0,-11,0,0,-6,75,11,0,0,0,0,43,0,0,0,0,34,24,0,0,-15,0,0,60,0,0,0,0,0,58,0,0,0,0,0,58,2,0,0,0,0,72,0,0,0,0,0,71,0,0,0,0,0,86,0,0,0,0,74,39,0,0,0,0,0,114,0,0,0,0,119,24,0,0,0,0,124,16,2,0,14,0,121,29,0,0,0,61,89,0,0,0,0
778,15,0,61,128,0,61,-94,0,-11,0,0,-6,75,11,0,0,0,0,43,0,0,0,0,34,24,0,0,-15,0,0,60,0,0,0,0,0,58,0,0,0,0,0,58,2,0,0,0,0,72,0,0,0,0,0,71,0,0,0,0,0,86,0,0,0,0,74,39,0,0,0,0,0,114,0,0,0,0,119,24,0,0,0,0,124,16,2,0,14,0,121,29,0,0,0,61,89,0,0,0,0,72
779,0,61,128,0,61,-94,0,-11,0,0,-6,75,11,0,0,0,0,43,0,0,0,0,34,24,0,0,-15,0,0,60,0,0,0,0,0,58,0,0,0,0,0,58,2,0,0,0,0,72,0,0,0,0,0,71,0,0,0,0,0,86,0,0,0,0,74,39,0,0,0,0,0,114,0,0,0,0,119,24,0,0,0,0,124,16,2,0,14,0,121,29,0,0,0,61,89,0,0,0,0,72,70
780,61,128,0,61,-94,0,-11,0,0,-6,75,11,0,0,0,0,43,0,0,0,0,34,24,0,0,-15,0,0,60,0,0,0,0,0,58,0,0,0,0,0,58,2,0,0,0,0,72,0,0,0,0,0,71,0,0,0,0,0,86,0,0,0,0,74,39,0,0,0,0,0,114,0,0,0,0,119,24,0,0,0,0,124,16,2,0,14,0,121,29,0,0,0,61,89,0,0,0,0,72,70,14
781,128,0,61,-94,0,-11,0,0,-6,75,11,0,0,0,0,43,0,0,0,0,34,24,0,0,-15,0,0,60,0,0,0,0,0,58,0,0,0,0,0,58,2,0,0,0,0,72,0,0,0,0,0,71,0,0,0,0,0,86,0,0,0,0,74,39,0,0,0,0,0,114,0,0,0,0,119,24,0,0,0,0,124,16,2,0,14,0,121,29,0,0,0,61,89,0,0,0,0,72,70,14,1
782,0,61,-94,0,-11,0,0,-6,75,11,0,0,0,0,43,0,0,0,0,34,24,0,0,-15,0,0,60,0,0,0,0,0,58,0,0,0,0,0,58,2,0,0,0,0,72,0,0,0,0,0,71,0,0,0,0,0,86,0,0,0,0,74,39,0,0,0,0,0,114,0,0,0,0,119,24,0,0,0,0,124,16,2,0,14,0,121,29,0,0,0,61,89,0,0,0,0,72,70,14,1,27
783,61,-94,0,-11,0,0,-6,75,11,0,0,0,0,43,0,0,0,0,34,24,0,0,-15,0,0,60,0,0,0,0,0,58,0,0,0,0,0,58,2,0,0,0,0,72,0,0,0,0,0,71,0,0,0,0,0,86,0,0,0,0,74,39,0,0,0,0,0,114,0,0,0,0,119,24,0,0,0,0,124,16,2,0,14,0,121,29,0,0,0,61,89,0,0,0,0,72,70,14,1,27,49
784,-94,0,-11,0,0,-6,75,11,0,0,0,0,43,0,0,0,0,34,24,0,0,-15,0,0,60,0,0,0,0,0,58,0,0,0,0,0,58,2,0,0,0,0,72,0,0,0,0,0,71,0,0,0,0,0,86,0,0,0,0,74,39,0,0,0,0,0,114,0,0,0,0,119,24,0,0,0,0,124,16,2,0,14,0,121,29,0,0,0,61,89,0,0,0,0,72,70,14,1,27,49,0
785,0,-11,0,0,-6,75,11,0,0,0,0,43,0,0,0,0,34,24,0,0,-15,0,0,60,0,0,0,0,0,58,0,0,0,0,0,58,2,0,0,0,0,72,0,0,0,0,0,71,0,0,0,0,0,86,0,0,0,0,74,39,0,0,0,0,0,114,0,0,0,0,119,24,0,0,0,0,124,16,2,0,14,0,121,29,0,0,0,61,89,0,0,0,0,72,70,14,1,27,49,0,76
786,-11,0,0,-6,75,11,0,0,0,0,43,0,0,0,0,34,24,0,0,-15,0,0,60,0,0,0,0,0,58,0,0,0,0,0,58,2,0,0,0,0,72,0,0,0,0,0,71,0,0,0,0,0,86,0,0,0,0,74,39,0,0,0,0,0,114,0,0,0,0,119,24,0,0,0,0,124,16,2,0,14,0,121,29,0,0,0,61,89,0,0,0,0,72,70,14,1,27,49,0,76,66
787,0,0,-6,75,11,0,0,0,0,43,0,0,0,0,34,24,0,0,-15,0,0,60,0,0,0,0,0,58,0,0,0,0,0,58,2,0,0,0,0,72,0,0,0,0,0,71,0,0,0,0,0,86,0,0,0,0,74,39,0,0,0,0,0,114,0,0,0,0,119,24,0,0,0,0,124,16,2,0,14,0,121,29,0,0,0,61,89,0,0,0,0,72,70,14,1,27,49,0,76,66,0
788,0,-6,75,11,0,0,0,0,43,0,0,0,0,34,24,0,0,-15,0,0,60,0,0,0,0,0,58,0,0,0,0,0,58,2,0,0,0,0,72,0,0,0,0,0,71,0,0,0,0,0,86,0,0,0,0,74,39,0,0,0,0,0,114,0,0,0,0,119,24,0,0,0,0,124,16,2,0,14,0,121,29,0,0,0,61,89,0,0,0,0,72,70,14,1,27,49,0,76,66,0,0
789,-6,75,11,0,0,0,0,43,0,0,0,0,34,24,0,0,-15,0,0,60,0,0,0,0,0,58,0,0,0,0,0,58,2,0,0,0,0,72,0,0,0,0,0,71,0,0,0,0,0,86,0,0,0,0,74,39,0,0,0,0,0,114,0,0,0,0,119,24,0,0,0,0,124,16,2,0,14,0,121,29,0,0,0,61,89,0,0,0,0,72,70,14,1,27,49,0,76,66,0,0,0
790,75,11,0,0,0,0,43,0,0,0,0,34,24,0,0,-15,0,0,60,0,0,0,0,0,58,0,0,0,0,0,58,2,0,0,0,0,72,0,0,0,0,0,71,0,0,0,0,0,86,0,0,0,0,74,39,0,0,0,0,0,114,0,0,0,0,119,24,0,0,0,0,124,16,2,0,14,0,121,29,0,0,0,61,89,0,0,0,0,72,70,14,1,27,49,0,76,66,0,0,0,63
791,11,0,0,0,0,43,0,0,0,0,34,24,0,0,-15,0,0,60,0,0,0,0,0,58,0,0,0,0,0,58,2,0,0,0,0,72,0,0,0,0,0,71,0,0,0,0,0,86,0,0,0,0,74,39,0,0,0,0,0,114,0,0,0,0,119,24,0,0,0,0,124,16,2,0,14,0,121,29,0,0,0,61,89,0,0,0,0,72,70,14,1,27,49,0,76,66,0,0,0,63,97
792,0,0,0,0,43,0,0,0,0,34,24,0,0,-15,0,0,60,0,0,0,0,0,58,0,0,0,0,0,58,2,0,0,0,0,72,0,0,0,0,0,71,0,0,0,0,0,86,0,0,0,0,74,39,0,0,0,0,0,114,0,0,0,0,119,24,0,0,0,0,124,16,2,0,14,0,121,29,0,0,0,61,89,0,0,0,0,72,70,14,1,27,49,0,76,66,0,0,0,63,97,9
793,0,0,0,43,0,0,0,0,34,24,0,0,-15,0,0,60,0,0,0,0,0,58,0,0,0,0,0,58,2,0,0,0,0,72,0,0,0,0,0,71,0,0,0,0,0,86,0,0,0,0,74,39,0,0,0,0,0,114,0,0,0,0,119,24,0,0,0,0,124,16,2,0,14,0,121,29,0,0,0,61,89,0,0,0,0,72,70,14,1,27,49,0,76,66,0,0,0,63,97,9,0
794,0,0,43,0,0,0,0,34,24,0,0,-15,0,0,60,0,0,0,0,0,58,0,0,0,0,0,58,2,0,0,0,0,72,0,0,0,0,0,71,0,0,0,0,0,86,0,0,0,0,74,39,0,0,0,0,0,114,0,0,0,0,119,24,0,0,0,0,124,16,2,0,14,0,121,29,0,0,0,61,89,0,0,0,0,72,70,14,1,27,49,0,76,66,0,0,0,63,97,9,0,0
795,0,43,0,0,0,0,34,24,0,0,-15,0,0,60,0,0,0,0,0,58,0,0,0,0,0,58,2,0,0,0,0,72,0,0,0,0,0,71,0,0,0,0,0,86,0,0,0,0,74,39,0,0,0,0,0,114,0,0,0,0,119,24,0,0,0,0,124,16,2,0,14,0,121,29,0,0,0,61,89,0,0,0,0,72,70,14,1,27,49,0,76,66,0,0,0,63,97,9,0,0,71
796,43,0,0,0,0,34,24,0,0,-15,0,0,60,0,0,0,0,0,58,0,0,0,0,0,58,2,0,0,0,0,72,0,0,0,0,0,71,0,0,0,0,0,86,0,0,0,0,74,39,0,0,0,0,0,114,0,0,0,0,119,24,0,0,0,0,124,16,2,0,14,0,121,29,0,0,0,61,89,0,0,0,0,72,70,14,1,27,49,0,76,66,0,0,0,63,97,9,0,0,71,122
797,0,0,0,0,34,24,0,0,-15,0,0,60,0,0,0,0,0,58,0,0,0,0,0,58,2,0,0,0,0,72,0,0,0,0,0,71,0,0,0,0,0,86,0,0,0,0,74,39,0,0,0,0,0,114,0,0,0,0,119,24,0,0,0,0,124,16,2,0,14,0,121,29,0,0,0,61,89,0,0,0,0,72,70,14,1,27,49,0,76,66,0,0,0,63,97,9,0,0,71,122,0
798,0,0,0,34,24,0,0,-15,0,0,60,0,0,0,0,0,58,0,0,0,0,0,58,2,0,0,0,0,72,0,0,0,0,0,71,0,0,0,0,0,86,0,0,0,0,74,39,0,0,0,0,0,114,0,0,0,0,119,24,0,0,0,0,124,16,2,0,14,0,121,29,0,0,0,61,89,0,0,0,0,72,70,14,1,27,49,0,76,66,0,0,0,63,97,9,0,0,71,122,0,0
799,0,0,34,24,0,0,-15,0,0,60,0,0,0,0,0,58,0,0,0,0,0,58,2,0,0,0,0,72,0,0,0,0,0,71,0,0,0,0,0,86,0,0,0,0,74,39,0,0,0,0,0,114,0,0,0,0,119,24,0,0,0,0,124,16,2,0,14,0,121,29,0,0,0,61,89,0,0,0,0,72,70,14,1,27,49,0,76,66,0,0,0,63,97,9,0,0,71,122,0,0,-219
800,0,34,24,0,0,-15,0,0,60,0,0,0,0,0,58,0,0,0,0,0,58,2,0,0,0,0,72,0,0,0,0,0,71,0,0,0,0,0,86,0,0,0,0,74,39,0,0,0,0,0,114,0,0,0,0,119,24,0,0,0,0,124,16,2,0,14,0,121,29,0,0,0,61,89,0,0,0,0,72,70,14,1,27,49,0,76,66,0,0,0,63,97,9,0,0,71,122,0,0,-219,110
801,34,24,0,0,-15,0,0,60,0,0,0,0,0,58,0,0,0,0,0,58,2,0,0,0,0,72,0,0,0,0,0,71,0,0,0,0,0,86,0,0,0,0,74,39,0,0,0,0,0,114,0,0,0,0,119,24,0,0,0,0,124,16,2,0,14,0,121,29,0,0,0,61,89,0,0,0,0,72,70,14,1,27,49,0,76,66,0,0,0,63,97,9,0,0,71,122,0,0,-219,110,0
802,24,0,0,-15,0,0,60,0,0,0,0,0,58,0,0,0,0,0,58,2,0,0,0,0,72,0,0,0,0,0,71,0,0,0,0,0,86,0,0,0,0,74,39,0,0,0,0,0,114,0,0,0,0,119,24,0,0,0,0,124,16,2,0,14,0,121,29,0,0,0,61,89,0,0,0,0,72,70,14,1,27,49,0,76,66,0,0,0,63,97,9,0,0,71,122,0,0,-219,110,0,30
803,0,0,-15,0,0,60,0,0,0,0,0,58,0,0,0,0,0,58,2,0,0,0,0,72,0,0,0,0,0,71,0,0,0,0,0,86,0,0,0,0,74,39,0,0,0,0,0,114,0,0,0,0,119,24,0,0,0,0,124,16,2,0,14,0,121,29,0,0,0,61,89,0,0,0,0,72,70,14,1,27,49,0,76,66,0,0,0,63,97,9,0,0,71,122,0,0,-219,110,0,30,90
804,0,-15,0,0,60,0,0,0,0,0,58,0,0,0,0,0,58,2,0,0,0,0,72,0,0,0,0,0,71,0,0,0,0,0,86,0,0,0,0,74,39,0,0,0,0,0,114,0,0,0,0,119,24,0,0,0,0,124,16,2,0,14,0,121,29,0,0,0,61,89,0,0,0,0,72,70,14,1,27,49,0,76,66,0,0,0,63,97,9,0,0,71,122,0,0,-219,110,0,30,90,85
805,-15,0,0,60,0,0,0,0,0,58,0,0,0,0,0,58,2,0,0,0,0,72,0,0,0,0,0,71,0,0,0,0,0,86,0,0,0,0,74,39,0,0,0,0,0,114,0,0,0,0,119,24,0,0,0,0,124,16,2,0,14,0,121,29,0,0,0,61,89,0,0,0,0,72,70,14,1,27,49,0,76,66,0,0,0,63,97,9,0,0,71,122,0,0,-219,110,0,30,90,85,0
806,0,0,60,0,0,0,0,0,58,0,0,0,0,0,58,2,0,0,0,0,72,0,0,0,0,0,71,0,0,0,0,0,86,0,0,0,0,74,39,0,0,0,0,0,114,0,0,0,0,119,24,0,0,0,0,124,16,2,0,14,0,121,29,0,0,0,61,89,0,0,0,0,72,70,14,1,27,49,0,76,66,0,0,0,63,97,9,0,0,71,122,0,0,-219,110,0,30,90,85,0,0
807,0,60,0,0,0,0,0,58,0,0,0,0,0,58,2,0,0,0,0,72,0,0,0,0,0,71,0,0,0,0,0,86,0,0,0,0,74,39,0,0,0,0,0,114,0,0,0,0,119,24,0,0,0,0,124,16,2,0,14,0,121,29,0,0,0,61,89,0,0,0,0,72,70,14,1,27,49,0,76,66,0,0,0,63,97,9,0,0,71,122,0,0,-219,110,0,30,90,85,0,0,53
808,60,0,0,0,0,0,58,0,0,0,0,0,58,2,0,0,0,0,72,0,0,0,0,0,71,0,0,0,0,0,86,0,0,0,0,74,39,0,0,0,0,0,114,0,0,0,0,119,24,0,0,0,0,124,16,2,0,14,0,121,29,0,0,0,61,89,0,0,0,0,72,70,14,1,27,49,0,76,66,0,0,0,63,97,9,0,0,71,122,0,0,-219,110,0,30,90,85,0,0,53,9
809,0,0,0,0,0,58,0,0,0,0,0,58,2,0,0,0,0,72,0,0,0,0,0,71,0,0,0,0,0,86,0,0,0,0,74,39,0,0,0,0,0,114,0,0,0,0,119,24,0,0,0,0,124,16,2,0,14,0,121,29,0,0,0,61,89,0,0,0,0,72,70,14,1,27,49,0,76,66,0,0,0,63,97,9,0,0,71,122,0,0,-219,110,0,30,90,85,0,0,53,9,-99
810,0,0,0,0,58,0,0,0,0,0,58,2,0,0,0,0,72,0,0,0,0,0,71,0,0,0,0,0,86,0,0,0,0,74,39,0,0,0,0,0,114,0,0,0,0,119,24,0,0,0,0,124,16,2,0,14,0,121,29,0,0,0,61,89,0,0,0,0,72,70,14,1,27,49,0,76,66,0,0,0,63,97,9,0,0,71,122,0,0,-219,110,0,30,90,85,0,0,53,9,-99,-26
811,0,0,0,58,0,0,0,0,0,58,2,0,0,0,0,72,0,0,0,0,0,71,0,0,0,0,0,86,0,0,0,0,74,39,0,0,0,0,0,114,0,0,0,0,119,24,0,0,0,0,124,16,2,0,14,0,121,29,0,0,0,61,89,0,0,0,0,72,70,14,1,27,49,0,76,66,0,0,0,63,97,9,0,0,71,122,0,0,-219,110,0,30,90,85,0,0,53,9,-99,-26,-939
812,0,0,58,0,0,0,0,0,58,2,0,0,0,0,72,0,0,0,0,0,71,0,0,0,0,0,86,0,0,0,0,74,39,0,0,0,0,0,114,0,0,0,0,119,24,0,0,0,0,124,16,2,0,14,0,121,29,0,0,0,61,89,0,0,0,0,72,70,14,1,27,49,0,76,66,0,0,0,63,97,9,0,0,71,122,0,0,-219,110,0,30,90,85,0,0,53,9,-99,-26,-939,0
813,0,58,0,0,0,0,0,58,2,0,0,0,0,72,0,0,0,0,0,71,0,0,0,0,0,86,0,0,0,0,74,39,0,0,0,0,0,114,0,0,0,0,119,24,0,0,0,0,124,16,2,0,14,0,121,29,0,0,0,61,89,0,0,0,0,72,70,14,1,27,49,0,76,66,0,0,0,63,97,9,0,0,71,122,0,0,-219,110,0,30,90,85,0,0,53,9,-99,-26,-939,0,0
814,58,0,0,0,0,0,58,2,0,0,0,0,72,0,0,0,0,0,71,0,0,0,0,0,86,0,0,0,0,74,39,0,0,0,0,0,114,0,0,0,0,119,24,0,0,0,0,124,16,2,0,14,0,121,29,0,0,0,61,89,0,0,0,0,72,70,14,1,27,49,0,76,66,0,0,0,63,97,9,0,0,71,122,0,0,-219,110,0,30,90,85,0,0,53,9,-99,-26,-939,0,0,0
815,0,0,0,0,0,58,2,0,0,0,0,72,0,0,0,0,0,71,0,0,0,0,0,86,0,0,0,0,74,39,0,0,0,0,0,114,0,0,0,0,119,24,0,0,0,0,124,16,2,0,14,0,121,29,0,0,0,61,89,0,0,0,0,72,70,14,1,27,49,0,76,66,0,0,0,63,97,9,0,0,71,122,0,0,-219,110,0,30,90,85,0,0,53,9,-99,-26,-939,0,0,0,124
816,0,0,0,0,58,2,0,0,0,0,72,0,0,0,0,0,71,0,0,0,0,0,86,0,0,0,0,74,39,0,0,0,0,0,114,0,0,0,0,119,24,0,0,0,0,124,16,2,0,14,0,121,29,0,0,0,61,89,0,0,0,0,72,70,14,1,27,49,0,76,66,0,0,0,63,97,9,0,0,71,122,0,0,-219,110,0,30,90,85,0,0,53,9,-99,-26,-939,0,0,0,124,0
817,0,0,0,58,2,0,0,0,0,72,0,0,0,0,0,71,0,0,0,0,0,86,0,0,0,0,74,39,0,0,0,0,0,114,0,0,0,0,119,24,0,0,0,0,124,16,2,0,14,0,121,29,0,0,0,61,89,0,0,0,0,72,70,14,1,27,49,0,76,66,0,0,0,63,97,9,0,0,71,122,0,0,-219,110,0,30,90,85,0,0,53,9,-99,-26,-939,0,0,0,124,0,0
818,0,0,58,2,0,0,0,0,72,0,0,0,0,0,71,0,0,0,0,0,86,0,0,0,0,74,39,0,0,0,0,0,114,0,0,0,0,119,24,0,0,0,0,124,16,2,0,14,0,121,29,0,0,0,61,89,0,0,0,0,72,70,14,1,27,49,0,76,66,0,0,0,63,97,9,0,0,71,122,0,0,-219,110,0,30,90,85,0,0,53,9,-99,-26,-939,0,0,0,124,0,0,0
819,0,58,2,0,0,0,0,72,0,0,0,0,0,71,0,0,0,0,0,86,0,0,0,0,74,39,0,0,0,0,0,114,0,0,0,0,119,24,0,0,0,0,124,16,2,0,14,0,121,29,0,0,0,61,89,0,0,0,0,72,70,14,1,27,49,0,76,66,0,0,0,63,97,9,0,0,71,122,0,0,-219,110,0,30,90,85,0,0,53,9,-99,-26,-939,0,0,0,124,0,0,0,0
820,58,2,0,0,0,0,72,0,0,0,0,0,71,0,0,0,0,0,86,0,0,0,0,74,39,0,0,0,0,0,114,0,0,0,0,119,24,0,0,0,0,124,16,2,0,14,0,121,29,0,0,0,61,89,0,0,0,0,72,70,14,1,27,49,0,76,66,0,0,0,63,97,9,0,0,71,122,0,0,-219,110,0,30,90,85,0,0,53,9,-99,-26,-939,0,0,0,124,0,0,0,0,0
821,2,0,0,0,0,72,0,0,0,0,0,71,0,0,0,0,0,86,0,0,0,0,74,39,0,0,0,0,0,114,0,0,0,0,119,24,0,0,0,0,124,16,2,0,14,0,121,29,0,0,0,61,89,0,0,0,0,72,70,14,1,27,49,0,76,66,0,0,0,63,97,9,0,0,71,122,0,0,-219,110,0,30,90,85,0,0,53,9,-99,-26,-939,0,0,0,124,0,0,0,0,0,0
822,0,0,0,0,72,0,0,0,0,0,71,0,0,0,0,0,86,0,0,0,0,74,39,0,0,0,0,0,114,0,0,0,0,119,24,0,0,0,0,124,16,2,0,14,0,121,29,0,0,0,61,89,0,0,0,0,72,70,14,1,27,49,0,76,66,0,0,0,63,97,9,0,0,71,122,0,0,-219,110,0,30,90,85,0,0,53,9,-99,-26,-939,0,0,0,124,0,0,0,0,0,0,0
823,0,0,0,72,0,0,0,0,0,71,0,0,0,0,0,86,0,0,0,0,74,39,0,0,0,0,0,114,0,0,0,0,119,24,0,0,0,0,124,16,2,0,14,0,121,29,0,0,0,61,89,0,0,0,0,72,70,14,1,27,49,0,76,66,0,0,0,63,97,9,0,0,71,122,0,0,-219,110,0,30,90,85,0,0,53,9,-99,-26,-939,0,0,0,124,0,0,0,0,0,0,0,0
824,0,0,72,0,0,0,0,0,71,0,0,0,0,0,86,0,0,0,0,74,39,0,0,0,0,0,114,0,0,0,0,119,24,0,0,0,0,124,16,2,0,14,0,121,29,0,0,0,61,89,0,0,0,0,72,70,14,1,27,49,0,76,66,0,0,0,63,97,9,0,0,71,122,0,0,-219,110,0,30,90,85,0,0,53,9,-99,-26,-939,0,0,0,124,0,0,0,0,0,0,0,0,0
825,0,72,0,0,0,0,0,71,0,0,0,0,0,86,0,0,0,0,74,39,0,0,0,0,0,114,0,0,0,0,119,24,0,0,0,0,124,16,2,0,14,0,121,29,0,0,0,61,89,0,0,0,0,72,70,14,1,27,49,0,76,66,0,0,0,63,97,9,0,0,71,122,0,0,-219,110,0,30,90,85,0,0,53,9,-99,-26,-939,0,0,0,124,0,0,0,0,0,0,0,0,0,-5
826,72,0,0,0,0,0,71,0,0,0,0,0,86,0,0,0,0,74,39,0,0,0,0,0,114,0,0,0,0,119,24,0,0,0,0,124,16,2,0,14,0,121,29,0,0,0,61,89,0,0,0,0,72,70,14,1,27,49,0,76,66,0,0,0,63,97,9,0,0,71,122,0,0,-219,110,0,30,90,85,0,0,53,9,-99,-26,-939,0,0,0,124,0,0,0,0,0,0,0,0,0,-5,6
827,0,0,0,0,0,71,0,0,0,0,0,86,0,0,0,0,74,39,0,0,0,0,0,114,0,0,0,0,119,24,0,0,0,0,124,16,2,0,14,0,121,29,0,0,0,61,89,0,0,0,0,72,70,14,1,27,49,0,76,66,0,0,0,63,97,9,0,0,71,122,0,0,-219,110,0,30,90,85,0,0,53,9,-99,-26,-939,0,0,0,124,0,0,0,0,0,0,0,0,0,-5,6,-4
828,0,0,0,0,71,0,0,0,0,0,86,0,0,0,0,74,39,0,0,0,0,0,114,0,0,0,0,119,24,0,0,0,0,124,16,2,0,14,0,121,29,0,0,0,61,89,0,0,0,0,72,70,14,1,27,49,0,76,66,0,0,0,63,97,9,0,0,71,122,0,0,-219,110,0,30,90,85,0,0,53,9,-99,-26,-939,0,0,0,124,0,0,0,0,0,0,0,0,0,-5,6,-4,-5
829,0,0,0,71,0,0,0,0,0,86,0,0,0,0,74,39,0,0,0,0,0,114,0,0,0,0,119,24,0,0,0,0,124,16,2,0,14,0,121,29,0,0,0,61,89,0,0,0,0,72,70,14,1,27,49,0,76,66,0,0,0,63,97,9,0,0,71,122,0,0,-219,110,0,30,90,85,0,0,53,9,-99,-26,-939,0,0,0,124,0,0,0,0,0,0,0,0,0,-5,6,-4,-5,9
830,0,0,71,0,0,0,0,0,86,0,0,0,0,74,39,0,0,0,0,0,114,0,0,0,0,119,24,0,0,0,0,124,16,2,0,14,0,121,29,0,0,0,61,89,0,0,0,0,72,70,14,1,27,49,0,76,66,0,0,0,63,97,9,0,0,71,122,0,0,-219,110,0,30,90,85,0,0,53,9,-99,-26,-939,0,0,0,124,0,0,0,0,0,0,0,0,0,-5,6,-4,-5,9,27
831,0,71,0,0,0,0,0,86,0,0,0,0,74,39,0,0,0,0,0,114,0,0,0,0,119,24,0,0,0,0,124,16,2,0,14,0,121,29,0,0,0,61,89,0,0,0,0,72,70,14,1,27,49,0,76,66,0,0,0,63,97,9,0,0,71,122,0,0,-219,110,0,30,90,85,0,0,53,9,-99,-26,-939,0,0,0,124,0,0,0,0,0,0,0,0,0,-5,6,-4,-5,9,27,2
832,71,0,0,0,0,0,86,0,0,0,0,74,39,0,0,0,0,0,114,0,0,0,0,119,24,0,0,0,0,124,16,2,0,14,0,121,29,0,0,0,61,89,0,0,0,0,72,70,14,1,27,49,0,76,66,0,0,0,63,97,9,0,0,71,122,0,0,-219,110,0,30,90,85,0,0,53,9,-99,-26,-939,0,0,0,124,0,0,0,0,0,0,0,0,0,-5,6,-4,-5,9,27,2,66
833,0,0,0,0,0,86,0,0,0,0,74,39,0,0,0,0,0,114,0,0,0,0,119,24,0,0,0,0,124,16,2,0,14,0,121,29,0,0,0,61,89,0,0,0,0,72,70,14,1,27,49,0,76,66,0,0,0,63,97,9,0,0,71,122,0,0,-219,110,0,30,90,85,0,0,53,9,-99,-26,-939,0,0,0,124,0,0,0,0,0,0,0,0,0,-5,6,-4,-5,9,27,2,66,-1
834,0,0,0,0,86,0,0,0,0,74,39,0,0,0,0,0,114,0,0,0,0,119,24,0,0,0,0,124,16,2,0,14,0,121,29,0,0,0,61,89,0,0,0,0,72,70,14,1,27,49,0,76,66,0,0,0,63,97,9,0,0,71,122,0,0,-219,110,0,30,90,85,0,0,53,9,-99,-26,-939,0,0,0,124,0,0,0,0,0,0,0,0,0,-5,6,-4,-5,9,27,2,66,-1,-1
835,0,0,0,86,0,0,0,0,74,39,0,0,0,0,0,114,0,0,0,0,119,24,0,0,0,0,124,16,2,0,14,0,121,29,0,0,0,61,89,0,0,0,0,72,70,14,1,27,49,0,76,66,0,0,0,63,97,9,0,0,71,122,0,0,-219,110,0,30,90,85,0,0,53,9,-99,-26,-939,0,0,0,124,0,0,0,0,0,0,0,0,0,-5,6,-4,-5,9,27,2,66,-1,-1,-5
836,0,0,86,0,0,0,0,74,39,0,0,0,0,0,114,0,0,0,0,119,24,0,0,0,0,124,16,2,0,14,0,121,29,0,0,0,61,89,0,0,0,0,72,70,14,1,27,49,0,76,66,0,0,0,63,97,9,0,0,71,122,0,0,-219,110,0,30,90,85,0,0,53,9,-99,-26,-939,0,0,0,124,0,0,0,0,0,0,0,0,0,-5,6,-4,-5,9,27,2,66,-1,-1,-5,0
837,0,86,0,0,0,0,74,39,0,0,0,0,0,114,0,0,0,0,119,24,0,0,0,0,124,16,2,0,14,0,121,29,0,0,0,61,89,0,0,0,0,72,70,14,1,27,49,0,76,66,0,0,0,63,97,9,0,0,71,122,0,0,-219,110,0,30,90,85,0,0,53,9,-99,-26,-939,0,0,0,124,0,0,0,0,0,0,0,0,0,-5,6,-4,-5,9,27,2,66,-1,-1,-5,0,0
838,86,0,0,0,0,74,39,0,0,0,0,0,114,0,0,0,0,119,24,0,0,0,0,124,16,2,0,14,0,121,29,0,0,0,61,89,0,0,0,0,72,70,14,1,27,49,0,76,66,0,0,0,63,97,9,0,0,71,122,0,0,-219,110,0,30,90,85,0,0,53,9,-99,-26,-939,0,0,0,124,0,0,0,0,0,0,0,0,0,-5,6,-4,-5,9,27,2,66,-1,-1,-5,0,0,-1
839,0,0,0,0,74,39,0,0,0,0,0,114,0,0,0,0,119,24,0,0,0,0,124,16,2,0,14,0,121,29,0,0,0,61,89,0,0,0,0,72,70,14,1,27,49,0,76,66,0,0,0,63,97,9,0,0,71,122,0,0,-219,110,0,30,90,85,0,0,53,9,-99,-26,-939,0,0,0,124,0,0,0,0,0,0,0,0,0,-5,6,-4,-5,9,27,2,66,-1,-1,-5,0,0,-1,-1
840,0,0,0,74,39,0,0,0,0,0,114,0,0,0,0,119,24,0,0,0,0,124,16,2,0,14,0,121,29,0,0,0,61,89,0,0,0,0,72,70,14,1,27,49,0,76,66,0,0,0,63,97,9,0,0,71,122,0,0,-219,110,0,30,90,85,0,0,53,9,-99,-26,-939,0,0,0,124,0,0,0,0,0,0,0,0,0,-5,6,-4,-5,9,27,2,66,-1,-1,-5,0,0,-1,-1,-1
841,0,0,74,39,0,0,0,0,0,114,0,0,0,0,119,24,0,0,0,0,124,16,2,0,14,0,121,29,0,0,0,61,89,0,0,0,0,72,70,14,1,27,49,0,76,66,0,0,0,63,97,9,0,0,71,122,0,0,-219,110,0,30,90,85,0,0,53,9,-99,-26,-939,0,0,0,124,0,0,0,0,0,0,0,0,0,-5,6,-4,-5,9,27,2,66,-1,-1,-5,0,0,-1,-1,-1,0
842,0,74,39,0,0,0,0,0,114,0,0,0,0,119,24,0,0,0,0,124,16,2,0,14,0,121,29,0,0,0,61,89,0,0,0,0,72,70,14,1,27,49,0,76,66,0,0,0,63,97,9,0,0,71,122,0,0,-219,110,0,30,90,85,0,0,53,9,-99,-26,-939,0,0,0,124,0,0,0,0,0,0,0,0,0,-5,6,-4,-5,9,27,2,66,-1,-1,-5,0,0,-1,-1,-1,0,0
843,74,39,0,0,0,0,0,114,0,0,0,0,119,24,0,0,0,0,124,16,2,0,14,0,121,29,0,0,0,61,89,0,0,0,0,72,70,14,1,27,49,0,76,66,0,0,0,63,97,9,0,0,71,122,0,0,-219,110,0,30,90,85,0,0,53,9,-99,-26,-939,0,0,0,124,0,0,0,0,0,0,0,0,0,-5,6,-4,-5,9,27,2,66,-1,-1,-5,0,0,-1,-1,-1,0,0,1
844,39,0,0,0,0,0,114,0,0,0,0,119,24,0,0,0,0,124,16,2,0,14,0,121,29,0,0,0,61,89,0,0,0,0,72,70,14,1,27,49,0,76,66,0,0,0,63,97,9,0,0,71,122,0,0,-219,110,0,30,90,85,0,0,53,9,-99,-26,-939,0,0,0,124,0,0,0,0,0,0,0,0,0,-5,6,-4,-5,9,27,2,66,-1,-1,-5,0,0,-1,-1,-1,0,0,1,89
845,0,0,0,0,0,114,0,0,0,0,119,24,0,0,0,0,124,16,2,0,14,0,121,29,0,0,0,61,89,0,0,0,0,72,70,14,1,27,49,0,76,66,0,0,0,63,97,9,0,0,71,122,0,0,-219,110,0,30,90,85,0,0,53,9,-99,-26,-939,0,0,0,124,0,0,0,0,0,0,0,0,0,-5,6,-4,-5,9,27,2,66,-1,-1,-5,0,0,-1,-1,-1,0,0,1,89,-2
846,0,0,0,0,114,0,0,0,0,119,24,0,0,0,0,124,16,2,0,14,0,121,29,0,0,0,61,89,0,0,0,0,72,70,14,1,27,49,0,76,66,0,0,0,63,97,9,0,0,71,122,0,0,-219,110,0,30,90,85,0,0,53,9,-99,-26,-939,0,0,0,124,0,0,0,0,0,0,0,0,0,-5,6,-4,-5,9,27,2,66,-1,-1,-5,0,0,-1,-1,-1,0,0,1,89,-2,0
847,0,0,0,114,0,0,0,0,119,24,0,0,0,0,124,16,2,0,14,0,121,29,0,0,0,61,89,0,0,0,0,72,70,14,1,27,49,0,76,66,0,0,0,63,97,9,0,0,71,122,0,0,-219,110,0,30,90,85,0,0,53,9,-99,-26,-939,0,0,0,124,0,0,0,0,0,0,0,0,0,-5,6,-4,-5,9,27,2,66,-1,-1,-5,0,0,-1,-1,-1,0,0,1,89,-2,0,1
848,0,0,114,0,0,0,0,119,24,0,0,0,0,124,16,2,0,14,0,121,29,0,0,0,61,89,0,0,0,0,72,70,14,1,27,49,0,76,66,0,0,0,63,97,9,0,0,71,122,0,0,-219,110,0,30,90,85,0,0,53,9,-99,-26,-939,0,0,0,124,0,0,0,0,0,0,0,0,0,-5,6,-4,-5,9,27,2,66,-1,-1,-5,0,0,-1,-1,-1,0,0,1,89,-2,0,1,-1
849,0,114,0,0,0,0,119,24,0,0,0,0,124,16,2,0,14,0,121,29,0,0,0,61,89,0,0,0,0,72,70,14,1,27,49,0,76,66,0,0,0,63,97,9,0,0,71,122,0,0,-219,110,0,30,90,85,0,0,53,9,-99,-26,-939,0,0,0,124,0,0,0,0,0,0,0,0,0,-5,6,-4,-5,9,27,2,66,-1,-1,-5,0,0,-1,-1,-1,0,0,1,89,-2,0,1,-1,-1
850,114,0,0,0,0,119,24,0,0,0,0,124,16,2,0,14,0,121,29,0,0,0,61,89,0,0,0,0,72,70,14,1,27,49,0,76,66,0,0,0,63,97,9,0,0,71,122,0,0,-219,110,0,30,90,85,0,0,53,9,-99,-26,-939,0,0,0,124,0,0,0,0,0,0,0,0,0,-5,6,-4,-5,9,27,2,66,-1,-1,-5,0,0,-1,-1,-1,0,0,1,89,-2,0,1,-1,-1,0
851,0,0,0,0,119,24,0,0,0,0,124,16,2,0,14,0,121,29,0,0,0,61,89,0,0,0,0,72,70,14,1,27,49,0,76,66,0,0,0,63,97,9,0,0,71,122,0,0,-219,110,0,30,90,85,0,0,53,9,-99,-26,-939,0,0,0,124,0,0,0,0,0,0,0,0,0,-5,6,-4,-5,9,27,2,66,-1,-1,-5,0,0,-1,-1,-1,0,0,1,89,-2,0,1,-1,-1,0,-1
852,0,0,0,119,24,0,0,0,0,124,16,2,0,14,0,121,29,0,0,0,61,89,0,0,0,0,72,70,14,1,27,49,0,76,66,0,0,0,63,97,9,0,0,71,122,0,0,-219,110,0,30,90,85,0,0,53,9,-99,-26,-939,0,0,0,124,0,0,0,0,0,0,0,0,0,-5,6,-4,-5,9,27,2,66,-1,-1,-5,0,0,-1,-1,-1,0,0,1,89,-2,0,1,-1,-1,0,-1,-1
853,0,0,119,24,0,0,0,0,124,16,2,0,14,0,121,29,0,0,0,61,89,0,0,0,0,72,70,14,1,27,49,0,76,66,0,0,0,63,97,9,0,0,71,122,0,0,-219,110,0,30,90,85,0,0,53,9,-99,-26,-939,0,0,0,124,0,0,0,0,0,0,0,0,0,-5,6,-4,-5,9,27,2,66,-1,-1,-5,0,0,-1,-1,-1,0,0,1,89,-2,0,1,-1,-1,0,-1,-1,-3
854,0,119,24,0,0,0,0,124,16,2,0,14,0,121,29,0,0,0,61,89,0,0,0,0,72,70,14,1,27,49,0,76,66,0,0,0,63,97,9,0,0,71,122,0,0,-219,110,0,30,90,85,0,0,53,9,-99,-26,-939,0,0,0,124,0,0,0,0,0,0,0,0,0,-5,6,-4,-5,9,27,2,66,-1,-1,-5,0,0,-1,-1,-1,0,0,1,89,-2,0,1,-1,-1,0,-1,-1,-3,29
855,119,24,0,0,0,0,124,16,2,0,14,0,121,29,0,0,0,61,89,0,0,0,0,72,70,14,1,27,49,0,76,66,0,0,0,63,97,9,0,0,71,122,0,0,-219,110,0,30,90,85,0,0,53,9,-99,-26,-939,0,0,0,124,0,0,0,0,0,0,0,0,0,-5,6,-4,-5,9,27,2,66,-1,-1,-5,0,0,-1,-1,-1,0,0,1,89,-2,0,1,-1,-1,0,-1,-1,-3,29,79
856,24,0,0,0,0,124,16,2,0,14,0,121,29,0,0,0,61,89,0,0,0,0,72,70,14,1,27,49,0,76,66,0,0,0,63,97,9,0,0,71,122,0,0,-219,110,0,30,90,85,0,0,53,9,-99,-26,-939,0,0,0,124,0,0,0,0,0,0,0,0,0,-5,6,-4,-5,9,27,2,66,-1,-1,-5,0,0,-1,-1,-1,0,0,1,89,-2,0,1,-1,-1,0,-1,-1,-3,29,79,8
857,0,0,0,0,124,16,2,0,14,0,121,29,0,0,0,61,89,0,0,0,0,72,70,14,1,27,49,0,76,66,0,0,0,63,97,9,0,0,71,122,0,0,-219,110,0,30,90,85,0,0,53,9,-99,-26,-939,0,0,0,124,0,0,0,0,0,0,0,0,0,-5,6,-4,-5,9,27,2,66,-1,-1,-5,0,0,-1,-1,-1,0,0,1,89,-2,0,1,-1,-1,0,-1,-1,-3,29,79,8,4
858,0,0,0,124,16,2,0,14,0,121,29,0,0,0,61,89,0,0,0,0,72,70,14,1,27,49,0,76,66,0,0,0,63,97,9,0,0,71,122,0,0,-219,110,0,30,90,85,0,0,53,9,-99,-26,-939,0,0,0,124,0,0,0,0,0,0,0,0,0,-5,6,-4,-5,9,27,2,66,-1,-1,-5,0,0,-1,-1,-1,0,0,1,89,-2,0,1,-1,-1,0,-1,-1,-3,29,79,8,4,-2
859,0,0,124,16,2,0,14,0,121,29,0,0,0,61,89,0,0,0,0,72,70,14,1,27,49,0,76,66,0,0,0,63,97,9,0,0,71,122,0,0,-219,110,0,30,90,85,0,0,53,9,-99,-26,-939,0,0,0,124,0,0,0,0,0,0,0,0,0,-5,6,-4,-5,9,27,2,66,-1,-1,-5,0,0,-1,-1,-1,0,0,1,89,-2,0,1,-1,-1,0,-1,-1,-3,29,79,8,4,-2,-1
860,0,124,16,2,0,14,0,121,29,0,0,0,61,89,0,0,0,0,72,70,14,1,27,49,0,76,66,0,0,0,63,97,9,0,0,71,122,0,0,-219,110,0,30,90,85,0,0,53,9,-99,-26,-939,0,0,0,124,0,0,0,0,0,0,0,0,0,-5,6,-4,-5,9,27,2,66,-1,-1,-5,0,0,-1,-1,-1,0,0,1,89,-2,0,1,-1,-1,0,-1,-1,-3,29,79,8,4,-2,-1,155
861,124,16,2,0,14,0,121,29,0,0,0,61,89,0,0,0,0,72,70,14,1,27,49,0,76,66,0,0,0,63,97,9,0,0,71,122,0,0,-219,110,0,30,90,85,0,0,53,9,-99,-26,-939,0,0,0,124,0,0,0,0,0,0,0,0,0,-5,6,-4,-5,9,27,2,66,-1,-1,-5,0,0,-1,-1,-1,0,0,1,89,-2,0,1,-1,-1,0,-1,-1,-3,29,79,8,4,-2,-1,155,-2
862,16,2,0,14,0,121,29,0,0,0,61,89,0,0,0,0,72,70,14,1,27,49,0,76,66,0,0,0,63,97,9,0,0,71,122,0,0,-219,110,0,30,90,85,0,0,53,9,-99,-26,-939,0,0,0,124,0,0,0,0,0,0,0,0,0,-5,6,-4,-5,9,27,2,66,-1,-1,-5,0,0,-1,-1,-1,0,0,1,89,-2,0,1,-1,-1,0,-1,-1,-3,29,79,8,4,-2,-1,155,-2,-1
863,2,0,14,0,121,29,0,0,0,61,89,0,0,0,0,72,70,14,1,27,49,0,76,66,0,0,0,63,97,9,0,0,71,122,0,0,-219,110,0,30,90,85,0,0,53,9,-99,-26,-939,0,0,0,124,0,0,0,0,0,0,0,0,0,-5,6,-4,-5,9,27,2,66,-1,-1,-5,0,0,-1,-1,-1,0,0,1,89,-2,0,1,-1,-1,0,-1,-1,-3,29,79,8,4,-2,-1,155,-2,-1,-2
864,0,14,0,121,29,0,0,0,61,89,0,0,0,0,72,70,14,1,27,49,0,76,66,0,0,0,63,97,9,0,0,71,122,0,0,-219,110,0,30,90,85,0,0,53,9,-99,-26,-939,0,0,0,124,0,0,0,0,0,0,0,0,0,-5,6,-4,-5,9,27,2,66,-1,-1,-5,0,0,-1,-1,-1,0,0,1,89,-2,0,1,-1,-1,0,-1,-1,-3,29,79,8,4,-2,-1,155,-2,-1,-2,-1
865,14,0,121,29,0,0,0,61,89,0,0,0,0,72,70,14,1,27,49,0,76,66,0,0,0,63,97,9,0,0,71,122,0,0,-219,110,0,30,90,85,0,0,53,9,-99,-26,-939,0,0,0,124,0,0,0,0,0,0,0,0,0,-5,6,-4,-5,9,27,2,66,-1,-1,-5,0,0,-1,-1,-1,0,0,1,89,-2,0,1,-1,-1,0,-1,-1,-3,29,79,8,4,-2,-1,155,-2,-1,-2,-1,60
866,0,121,29,0,0,0,61,89,0,0,0,0,72,70,14,1,27,49,0,76,66,0,0,0,63,97,9,0,0,71,122,0,0,-219,110,0,30,90,85,0,0,53,9,-99,-26,-939,0,0,0,124,0,0,0,0,0,0,0,0,0,-5,6,-4,-5,9,27,2,66,-1,-1,-5,0,0,-1,-1,-1,0,0,1,89,-2,0,1,-1,-1,0,-1,-1,-3,29,79,8,4,-2,-1,155,-2,-1,-2,-1,60,-2
867,121,29,0,0,0,61,89,0,0,0,0,72,70,14,1,27,49,0,76,66,0,0,0,63,97,9,0,0,71,122,0,0,-219,110,0,30,90,85,0,0,53,9,-99,-26,-939,0,0,0,124,0,0,0,0,0,0,0,0,0,-5,6,-4,-5,9,27,2,66,-1,-1,-5,0,0,-1,-1,-1,0,0,1,89,-2,0,1,-1,-1,0,-1,-1,-3,29,79,8,4,-2,-1,155,-2,-1,-2,-1,60,-2,108
868,29,0,0,0,61,89,0,0,0,0,72,70,14,1,27,49,0,76,66,0,0,0,63,97,9,0,0,71,122,0,0,-219,110,0,30,90,85,0,0,53,9,-99,-26,-939,0,0,0,124,0,0,0,0,0,0,0,0,0,-5,6,-4,-5,9,27,2,66,-1,-1,-5,0,0,-1,-1,-1,0,0,1,89,-2,0,1,-1,-1,0,-1,-1,-3,29,79,8,4,-2,-1,155,-2,-1,-2,-1,60,-2,108,101
869,0,0,0,61,89,0,0,0,0,72,70,14,1,27,49,0,76,66,0,0,0,63,97,9,0,0,71,122,0,0,-219,110,0,30,90,85,0,0,53,9,-99,-26,-939,0,0,0,124,0,0,0,0,0,0,0,0,0,-5,6,-4,-5,9,27,2,66,-1,-1,-5,0,0,-1,-1,-1,0,0,1,89,-2,0,1,-1,-1,0,-1,-1,-3,29,79,8,4,-2,-1,155,-2,-1,-2,-1,60,-2,108,101,4
870,0,0,61,89,0,0,0,0,72,70,14,1,27,49,0,76,66,0,0,0,63,97,9,0,0,71,122,0,0,-219,110,0,30,90,85,0,0,53,9,-99,-26,-939,0,0,0,124,0,0,0,0,0,0,0,0,0,-5,6,-4,-5,9,27,2,66,-1,-1,-5,0,0,-1,-1,-1,0,0,1,89,-2,0,1,-1,-1,0,-1,-1,-3,29,79,8,4,-2,-1,155,-2,-1,-2,-1,60,-2,108,101,4,0
871,0,61,89,0,0,0,0,72,70,14,1,27,49,0,76,66,0,0,0,63,97,9,0,0,71,122,0,0,-219,110,0,30,90,85,0,0,53,9,-99,-26,-939,0,0,0,124,0,0,0,0,0,0,0,0,0,-5,6,-4,-5,9,27,2,66,-1,-1,-5,0,0,-1,-1,-1,0,0,1,89,-2,0,1,-1,-1,0,-1,-1,-3,29,79,8,4,-2,-1,155,-2,-1,-2,-1,60,-2,108,101,4,0,133
872,61,89,0,0,0,0,72,70,14,1,27,49,0,76,66,0,0,0,63,97,9,0,0,71,122,0,0,-219,110,0,30,90,85,0,0,53,9,-99,-26,-939,0,0,0,124,0,0,0,0,0,0,0,0,0,-5,6,-4,-5,9,27,2,66,-1,-1,-5,0,0,-1,-1,-1,0,0,1,89,-2,0,1,-1,-1,0,-1,-1,-3,29,79,8,4,-2,-1,155,-2,-1,-2,-1,60,-2,108,101,4,0,133,5
873,89,0,0,0,0,72,70,14,1,27,49,0,76,66,0,0,0,63,97,9,0,0,71,122,0,0,-219,110,0,30,90,85,0,0,53,9,-99,-26,-939,0,0,0,124,0,0,0,0,0,0,0,0,0,-5,6,-4,-5,9,27,2,66,-1,-1,-5,0,0,-1,-1,-1,0,0,1,89,-2,0,1,-1,-1,0,-1,-1,-3,29,79,8,4,-2,-1,155,-2,-1,-2,-1,60,-2,108,101,4,0,133,5,7
874,0,0,0,0,72,70,14,1,27,49,0,76,66,0,0,0,63,97,9,0,0,71,122,0,0,-219,110,0,30,90,85,0,0,53,9,-99,-26,-939,0,0,0,124,0,0,0,0,0,0,0,0,0,-5,6,-4,-5,9,27,2,66,-1,-1,-5,0,0,-1,-1,-1,0,0,1,89,-2,0,1,-1,-1,0,-1,-1,-3,29,79,8,4,-2,-1,155,-2,-1,-2,-1,60,-2,108,101,4,0,133,5,7,0
875,0,0,0,72,70,14,1,27,49,0,76,66,0,0,0,63,97,9,0,0,71,122,0,0,-219,110,0,30,90,85,0,0,53,9,-99,-26,-939,0,0,0,124,0,0,0,0,0,0,0,0,0,-5,6,-4,-5,9,27,2,66,-1,-1,-5,0,0,-1,-1,-1,0,0,1,89,-2,0,1,-1,-1,0,-1,-1,-3,29,79,8,4,-2,-1,155,-2,-1,-2,-1,60,-2,108,101,4,0,133,5,7,0,1015
876,0,0,72,70,14,1,27,49,0,76,66,0,0,0,63,97,9,0,0,71,122,0,0,-219,110,0,30,90,85,0,0,53,9,-99,-26,-939,0,0,0,124,0,0,0,0,0,0,0,0,0,-5,6,-4,-5,9,27,2,66,-1,-1,-5,0,0,-1,-1,-1,0,0,1,89,-2,0,1,-1,-1,0,-1,-1,-3,29,79,8,4,-2,-1,155,-2,-1,-2,-1,60,-2,108,101,4,0,133,5,7,0,1015,4
877,0,72,70,14,1,27,49,0,76,66,0,0,0,63,97,9,0,0,71,122,0,0,-219,110,0,30,90,85,0,0,53,9,-99,-26,-939,0,0,0,124,0,0,0,0,0,0,0,0,0,-5,6,-4,-5,9,27,2,66,-1,-1,-5,0,0,-1,-1,-1,0,0,1,89,-2,0,1,-1,-1,0,-1,-1,-3,29,79,8,4,-2,-1,155,-2,-1,-2,-1,60,-2,108,101,4,0,133,5,7,0,1015,4,-2
878,72,70,14,1,27,49,0,76,66,0,0,0,63,97,9,0,0,71,122,0,0,-219,110,0,30,90,85,0,0,53,9,-99,-26,-939,0,0,0,124,0,0,0,0,0,0,0,0,0,-5,6,-4,-5,9,27,2,66,-1,-1,-5,0,0,-1,-1,-1,0,0,1,89,-2,0,1,-1,-1,0,-1,-1,-3,29,79,8,4,-2,-1,155,-2,-1,-2,-1,60,-2,108,101,4,0,133,5,7,0,1015,4,-2,-6
879,70,14,1,27,49,0,76,66,0,0,0,63,97,9,0,0,71,122,0,0,-219,110,0,30,90,85,0,0,53,9,-99,-26,-939,0,0,0,124,0,0,0,0,0,0,0,0,0,-5,6,-4,-5,9,27,2,66,-1,-1,-5,0,0,-1,-1,-1,0,0,1,89,-2,0,1,-1,-1,0,-1,-1,-3,29,79,8,4,-2,-1,155,-2,-1,-2,-1,60,-2,108,101,4,0,133,5,7,0,1015,4,-2,-6,1
880,14,1,27,49,0,76,66,0,0,0,63,97,9,0,0,71,122,0,0,-219,110,0,30,90,85,0,0,53,9,-99,-26,-939,0,0,0,124,0,0,0,0,0,0,0,0,0,-5,6,-4,-5,9,27,2,66,-1,-1,-5,0,0,-1,-1,-1,0,0,1,89,-2,0,1,-1,-1,0,-1,-1,-3,29,79,8,4,-2,-1,155,-2,-1,-2,-1,60,-2,108,101,4,0,133,5,7,0,1015,4,-2,-6,1,1
881,1,27,49,0,76,66,0,0,0,63,97,9,0,0,71,122,0,0,-219,110,0,30,90,85,0,0,53,9,-99,-26,-939,0,0,0,124,0,0,0,0,0,0,0,0,0,-5,6,-4,-5,9,27,2,66,-1,-1,-5,0,0,-1,-1,-1,0,0,1,89,-2,0,1,-1,-1,0,-1,-1,-3,29,79,8,4,-2,-1,155,-2,-1,-2,-1,60,-2,108,101,4,0,133,5,7,0,1015,4,-2,-6,1,1,1
882,27,49,0,76,66,0,0,0,63,97,9,0,0,71,122,0,0,-219,110,0,30,90,85,0,0,53,9,-99,-26,-939,0,0,0,124,0,0,0,0,0,0,0,0,0,-5,6,-4,-5,9,27,2,66,-1,-1,-5,0,0,-1,-1,-1,0,0,1,89,-2,0,1,-1,-1,0,-1,-1,-3,29,79,8,4,-2,-1,155,-2,-1,-2,-1,60,-2,108,101,4,0,133,5,7,0,1015,4,-2,-6,1,1,1,-2
883,49,0,76,66,0,0,0,63,97,9,0,0,71,122,0,0,-219,110,0,30,90,85,0,0,53,9,-99,-26,-939,0,0,0,124,0,0,0,0,0,0,0,0,0,-5,6,-4,-5,9,27,2,66,-1,-1,-5,0,0,-1,-1,-1,0,0,1,89,-2,0,1,-1,-1,0,-1,-1,-3,29,79,8,4,-2,-1,155,-2,-1,-2,-1,60,-2,108,101,4,0,133,5,7,0,1015,4,-2,-6,1,1,1,-2,4
884,0,76,66,0,0,0,63,97,9,0,0,71,122,0,0,-219,110,0,30,90,85,0,0,53,9,-99,-26,-939,0,0,0,124,0,0,0,0,0,0,0,0,0,-5,6,-4,-5,9,27,2,66,-1,-1,-5,0,0,-1,-1,-1,0,0,1,89,-2,0,1,-1,-1,0,-1,-1,-3,29,79,8,4,-2,-1,155,-2,-1,-2,-1,60,-2,108,101,4,0,133,5,7,0,1015,4,-2,-6,1,1,1,-2,4,411
885,76,66,0,0,0,63,97,9,0,0,71,122,0,0,-219,110,0,30,90,85,0,0,53,9,-99,-26,-939,0,0,0,124,0,0,0,0,0,0,0,0,0,-5,6,-4,-5,9,27,2,66,-1,-1,-5,0,0,-1,-1,-1,0,0,1,89,-2,0,1,-1,-1,0,-1,-1,-3,29,79,8,4,-2,-1,155,-2,-1,-2,-1,60,-2,108,101,4,0,133,5,7,0,1015,4,-2,-6,1,1,1,-2,4,411,-1
886,66,0,0,0,63,97,9,0,0,71,122,0,0,-219,110,0,30,90,85,0,0,53,9,-99,-26,-939,0,0,0,124,0,0,0,0,0,0,0,0,0,-5,6,-4,-5,9,27,2,66,-1,-1,-5,0,0,-1,-1,-1,0,0,1,89,-2,0,1,-1,-1,0,-1,-1,-3,29,79,8,4,-2,-1,155,-2,-1,-2,-1,60,-2,108,101,4,0,133,5,7,0,1015,4,-2,-6,1,1,1,-2,4,411,-1,2
887,0,0,0,63,97,9,0,0,71,122,0,0,-219,110,0,30,90,85,0,0,53,9,-99,-26,-939,0,0,0,124,0,0,0,0,0,0,0,0,0,-5,6,-4,-5,9,27,2,66,-1,-1,-5,0,0,-1,-1,-1,0,0,1,89,-2,0,1,-1,-1,0,-1,-1,-3,29,79,8,4,-2,-1,155,-2,-1,-2,-1,60,-2,108,101,4,0,133,5,7,0,1015,4,-2,-6,1,1,1,-2,4,411,-1,2,1
888,0,0,63,97,9,0,0,71,122,0,0,-219,110,0,30,90,85,0,0,53,9,-99,-26,-939,0,0,0,124,0,0,0,0,0,0,0,0,0,-5,6,-4,-5,9,27,2,66,-1,-1,-5,0,0,-1,-1,-1,0,0,1,89,-2,0,1,-1,-1,0,-1,-1,-3,29,79,8,4,-2,-1,155,-2,-1,-2,-1,60,-2,108,101,4,0,133,5,7,0,1015,4,-2,-6,1,1,1,-2,4,411,-1,2,1,-231
889,0,63,97,9,0,0,71,122,0,0,-219,110,0,30,90,85,0,0,53,9,-99,-26,-939,0,0,0,124,0,0,0,0,0,0,0,0,0,-5,6,-4,-5,9,27,2,66,-1,-1,-5,0,0,-1,-1,-1,0,0,1,89,-2,0,1,-1,-1,0,-1,-1,-3,29,79,8,4,-2,-1,155,-2,-1,-2,-1,60,-2,108,101,4,0,133,5,7,0,1015,4,-2,-6,1,1,1,-2,4,411,-1,2,1,-231,286
890,63,97,9,0,0,71,122,0,0,-219,110,0,30,90,85,0,0,53,9,-99,-26,-939,0,0,0,124,0,0,0,0,0,0,0,0,0,-5,6,-4,-5,9,27,2,66,-1,-1,-5,0,0,-1,-1,-1,0,0,1,89,-2,0,1,-1,-1,0,-1,-1,-3,29,79,8,4,-2,-1,155,-2,-1,-2,-1,60,-2,108,101,4,0,133,5,7,0,1015,4,-2,-6,1,1,1,-2,4,411,-1,2,1,-231,286,-15
891,97,9,0,0,71,122,0,0,-219,110,0,30,90,85,0,0,53,9,-99,-26,-939,0,0,0,124,0,0,0,0,0,0,0,0,0,-5,6,-4,-5,9,27,2,66,-1,-1,-5,0,0,-1,-1,-1,0,0,1,89,-2,0,1,-1,-1,0,-1,-1,-3,29,79,8,4,-2,-1,155,-2,-1,-2,-1,60,-2,108,101,4,0,133,5,7,0,1015,4,-2,-6,1,1,1,-2,4,411,-1,2,1,-231,286,-15,-86
892,9,0,0,71,122,0,0,-219,110,0,30,90,85,0,0,53,9,-99,-26,-939,0,0,0,124,0,0,0,0,0,0,0,0,0,-5,6,-4,-5,9,27,2,66,-1,-1,-5,0,0,-1,-1,-1,0,0,1,89,-2,0,1,-1,-1,0,-1,-1,-3,29,79,8,4,-2,-1,155,-2,-1,-2,-1,60,-2,108,101,4,0,133,5,7,0,1015,4,-2,-6,1,1,1,-2,4,411,-1,2,1,-231,286,-15,-86,-2
893,0,0,71,122,0,0,-219,110,0,30,90,85,0,0,53,9,-99,-26,-939,0,0,0,124,0,0,0,0,0,0,0,0,0,-5,6,-4,-5,9,27,2,66,-1,-1,-5,0,0,-1,-1,-1,0,0,1,89,-2,0,1,-1,-1,0,-1,-1,-3,29,79,8,4,-2,-1,155,-2,-1,-2,-1,60,-2,108,101,4,0,133,5,7,0,1015,4,-2,-6,1,1,1,-2,4,411,-1,2,1,-231,286,-15,-86,-2,2
894,0,71,122,0,0,-219,110,0,30,90,85,0,0,53,9,-99,-26,-939,0,0,0,124,0,0,0,0,0,0,0,0,0,-5,6,-4,-5,9,27,2,66,-1,-1,-5,0,0,-1,-1,-1,0,0,1,89,-2,0,1,-1,-1,0,-1,-1,-3,29,79,8,4,-2,-1,155,-2,-1,-2,-1,60,-2,108,101,4,0,133,5,7,0,1015,4,-2,-6,1,1,1,-2,4,411,-1,2,1,-231,286,-15,-86,-2,2,0
895,71,122,0,0,-219,110,0,30,90,85,0,0,53,9,-99,-26,-939,0,0,0,124,0,0,0,0,0,0,0,0,0,-5,6,-4,-5,9,27,2,66,-1,-1,-5,0,0,-1,-1,-1,0,0,1,89,-2,0,1,-1,-1,0,-1,-1,-3,29,79,8,4,-2,-1,155,-2,-1,-2,-1,60,-2,108,101,4,0,133,5,7,0,1015,4,-2,-6,1,1,1,-2,4,411,-1,2,1,-231,286,-15,-86,-2,2,0,121
896,122,0,0,-219,110,0,30,90,85,0,0,53,9,-99,-26,-939,0,0,0,124,0,0,0,0,0,0,0,0,0,-5,6,-4,-5,9,27,2,66,-1,-1,-5,0,0,-1,-1,-1,0,0,1,89,-2,0,1,-1,-1,0,-1,-1,-3,29,79,8,4,-2,-1,155,-2,-1,-2,-1,60,-2,108,101,4,0,133,5,7,0,1015,4,-2,-6,1,1,1,-2,4,411,-1,2,1,-231,286,-15,-86,-2,2,0,121,7
897,0,0,-219,110,0,30,90,85,0,0,53,9,-99,-26,-939,0,0,0,124,0,0,0,0,0,0,0,0,0,-5,6,-4,-5,9,27,2,66,-1,-1,-5,0,0,-1,-1,-1,0,0,1,89,-2,0,1,-1,-1,0,-1,-1,-3,29,79,8,4,-2,-1,155,-2,-1,-2,-1,60,-2,108,101,4,0,133,5,7,0,1015,4,-2,-6,1,1,1,-2,4,411,-1,2,1,-231,286,-15,-86,-2,2,0,121,7,12
898,0,-219,110,0,30,90,85,0,0,53,9,-99,-26,-939,0,0,0,124,0,0,0,0,0,0,0,0,0,-5,6,-4,-5,9,27,2,66,-1,-1,-5,0,0,-1,-1,-1,0,0,1,89,-2,0,1,-1,-1,0,-1,-1,-3,29,79,8,4,-2,-1,155,-2,-1,-2,-1,60,-2,108,101,4,0,133,5,7,0,1015,4,-2,-6,1,1,1,-2,4,411,-1,2,1,-231,286,-15,-86,-2,2,0,121,7,12,0
899,-219,110,0,30,90,85,0,0,53,9,-99,-26,-939,0,0,0,124,0,0,0,0,0,0,0,0,0,-5,6,-4,-5,9,27,2,66,-1,-1,-5,0,0,-1,-1,-1,0,0,1,89,-2,0,1,-1,-1,0,-1,-1,-3,29,79,8,4,-2,-1,155,-2,-1,-2,-1,60,-2,108,101,4,0,133,5,7,0,1015,4,-2,-6,1,1,1,-2,4,411,-1,2,1,-231,286,-15,-86,-2,2,0,121,7,12,0,-2
900,110,0,30,90,85,0,0,53,9,-99,-26,-939,0,0,0,124,0,0,0,0,0,0,0,0,0,-5,6,-4,-5,9,27,2,66,-1,-1,-5,0,0,-1,-1,-1,0,0,1,89,-2,0,1,-1,-1,0,-1,-1,-3,29,79,8,4,-2,-1,155,-2,-1,-2,-1,60,-2,108,101,4,0,133,5,7,0,1015,4,-2,-6,1,1,1,-2,4,411,-1,2,1,-231,286,-15,-86,-2,2,0,121,7,12,0,-2,305
901,0,30,90,85,0,0,53,9,-99,-26,-939,0,0,0,124,0,0,0,0,0,0,0,0,0,-5,6,-4,-5,9,27,2,66,-1,-1,-5,0,0,-1,-1,-1,0,0,1,89,-2,0,1,-1,-1,0,-1,-1,-3,29,79,8,4,-2,-1,155,-2,-1,-2,-1,60,-2,108,101,4,0,133,5,7,0,1015,4,-2,-6,1,1,1,-2,4,411,-1,2,1,-231,286,-15,-86,-2,2,0,121,7,12,0,-2,305,0
902,30,90,85,0,0,53,9,-99,-26,-939,0,0,0,124,0,0,0,0,0,0,0,0,0,-5,6,-4,-5,9,27,2,66,-1,-1,-5,0,0,-1,-1,-1,0,0,1,89,-2,0,1,-1,-1,0,-1,-1,-3,29,79,8,4,-2,-1,155,-2,-1,-2,-1,60,-2,108,101,4,0,133,5,7,0,1015,4,-2,-6,1,1,1,-2,4,411,-1,2,1,-231,286,-15,-86,-2,2,0,121,7,12,0,-2,305,0,-1
903,90,85,0,0,53,9,-99,-26,-939,0,0,0,124,0,0,0,0,0,0,0,0,0,-5,6,-4,-5,9,27,2,66,-1,-1,-5,0,0,-1,-1,-1,0,0,1,89,-2,0,1,-1,-1,0,-1,-1,-3,29,79,8,4,-2,-1,155,-2,-1,-2,-1,60,-2,108,101,4,0,133,5,7,0,1015,4,-2,-6,1,1,1,-2,4,411,-1,2,1,-231,286,-15,-86,-2,2,0,121,7,12,0,-2,305,0,-1,-3
904,85,0,0,53,9,-99,-26,-939,0,0,0,124,0,0,0,0,0,0,0,0,0,-5,6,-4,-5,9,27,2,66,-1,-1,-5,0,0,-1,-1,-1,0,0,1,89,-2,0,1,-1,-1,0,-1,-1,-3,29,79,8,4,-2,-1,155,-2,-1,-2,-1,60,-2,108,101,4,0,133,5,7,0,1015,4,-2,-6,1,1,1,-2,4,411,-1,2,1,-231,286,-15,-86,-2,2,0,121,7,12,0,-2,305,0,-1,-3,287
905,0,0,53,9,-99,-26,-939,0,0,0,124,0,0,0,0,0,0,0,0,0,-5,6,-4,-5,9,27,2,66,-1,-1,-5,0,0,-1,-1,-1,0,0,1,89,-2,0,1,-1,-1,0,-1,-1,-3,29,79,8,4,-2,-1,155,-2,-1,-2,-1,60,-2,108,101,4,0,133,5,7,0,1015,4,-2,-6,1,1,1,-2,4,411,-1,2,1,-231,286,-15,-86,-2,2,0,121,7,12,0,-2,305,0,-1,-3,287,1
906,0,53,9,-99,-26,-939,0,0,0,124,0,0,0,0,0,0,0,0,0,-5,6,-4,-5,9,27,2,66,-1,-1,-5,0,0,-1,-1,-1,0,0,1,89,-2,0,1,-1,-1,0,-1,-1,-3,29,79,8,4,-2,-1,155,-2,-1,-2,-1,60,-2,108,101,4,0,133,5,7,0,1015,4,-2,-6,1,1,1,-2,4,411,-1,2,1,-231,286,-15,-86,-2,2,0,121,7,12,0,-2,305,0,-1,-3,287,1,-9
907,53,9,-99,-26,-939,0,0,0,124,0,0,0,0,0,0,0,0,0,-5,6,-4,-5,9,27,2,66,-1,-1,-5,0,0,-1,-1,-1,0,0,1,89,-2,0,1,-1,-1,0,-1,-1,-3,29,79,8,4,-2,-1,155,-2,-1,-2,-1,60,-2,108,101,4,0,133,5,7,0,1015,4,-2,-6,1,1,1,-2,4,411,-1,2,1,-231,286,-15,-86,-2,2,0,121,7,12,0,-2,305,0,-1,-3,287,1,-9,0
908,9,-99,-26,-939,0,0,0,124,0,0,0,0,0,0,0,0,0,-5,6,-4,-5,9,27,2,66,-1,-1,-5,0,0,-1,-1,-1,0,0,1,89,-2,0,1,-1,-1,0,-1,-1,-3,29,79,8,4,-2,-1,155,-2,-1,-2,-1,60,-2,108,101,4,0,133,5,7,0,1015,4,-2,-6,1,1,1,-2,4,411,-1,2,1,-231,286,-15,-86,-2,2,0,121,7,12,0,-2,305,0,-1,-3,287,1,-9,0,1
909,-99,-26,-939,0,0,0,124,0,0,0,0,0,0,0,0,0,-5,6,-4,-5,9,27,2,66,-1,-1,-5,0,0,-1,-1,-1,0,0,1,89,-2,0,1,-1,-1,0,-1,-1,-3,29,79,8,4,-2,-1,155,-2,-1,-2,-1,60,-2,108,101,4,0,133,5,7,0,1015,4,-2,-6,1,1,1,-2,4,411,-1,2,1,-231,286,-15,-86,-2,2,0,121,7,12,0,-2,305,0,-1,-3,287,1,-9,0,1,-1
910,-26,-939,0,0,0,124,0,0,0,0,0,0,0,0,0,-5,6,-4,-5,9,27,2,66,-1,-1,-5,0,0,-1,-1,-1,0,0,1,89,-2,0,1,-1,-1,0,-1,-1,-3,29,79,8,4,-2,-1,155,-2,-1,-2,-1,60,-2,108,101,4,0,133,5,7,0,1015,4,-2,-6,1,1,1,-2,4,411,-1,2,1,-231,286,-15,-86,-2,2,0,121,7,12,0,-2,305,0,-1,-3,287,1,-9,0,1,-1,102
911,-939,0,0,0,124,0,0,0,0,0,0,0,0,0,-5,6,-4,-5,9,27,2,66,-1,-1,-5,0,0,-1,-1,-1,0,0,1,89,-2,0,1,-1,-1,0,-1,-1,-3,29,79,8,4,-2,-1,155,-2,-1,-2,-1,60,-2,108,101,4,0,133,5,7,0,1015,4,-2,-6,1,1,1,-2,4,411,-1,2,1,-231,286,-15,-86,-2,2,0,121,7,12,0,-2,305,0,-1,-3,287,1,-9,0,1,-1,102,-2
912,0,0,0,124,0,0,0,0,0,0,0,0,0,-5,6,-4,-5,9,27,2,66,-1,-1,-5,0,0,-1,-1,-1,0,0,1,89,-2,0,1,-1,-1,0,-1,-1,-3,29,79,8,4,-2,-1,155,-2,-1,-2,-1,60,-2,108,101,4,0,133,5,7,0,1015,4,-2,-6,1,1,1,-2,4,411,-1,2,1,-231,286,-15,-86,-2,2,0,121,7,12,0,-2,305,0,-1,-3,287,1,-9,0,1,-1,102,-2,-106
913,0,0,124,0,0,0,0,0,0,0,0,0,-5,6,-4,-5,9,27,2,66,-1,-1,-5,0,0,-1,-1,-1,0,0,1,89,-2,0,1,-1,-1,0,-1,-1,-3,29,79,8,4,-2,-1,155,-2,-1,-2,-1,60,-2,108,101,4,0,133,5,7,0,1015,4,-2,-6,1,1,1,-2,4,411,-1,2,1,-231,286,-15,-86,-2,2,0,121,7,12,0,-2,305,0,-1,-3,287,1,-9,0,1,-1,102,-2,-106,0
914,0,124,0,0,0,0,0,0,0,0,0,-5,6,-4,-5,9,27,2,66,-1,-1,-5,0,0,-1,-1,-1,0,0,1,89,-2,0,1,-1,-1,0,-1,-1,-3,29,79,8,4,-2,-1,155,-2,-1,-2,-1,60,-2,108,101,4,0,133,5,7,0,1015,4,-2,-6,1,1,1,-2,4,411,-1,2,1,-231,286,-15,-86,-2,2,0,121,7,12,0,-2,305,0,-1,-3,287,1,-9,0,1,-1,102,-2,-106,0,2
915,124,0,0,0,0,0,0,0,0,0,-5,6,-4,-5,9,27,2,66,-1,-1,-5,0,0,-1,-1,-1,0,0,1,89,-2,0,1,-1,-1,0,-1,-1,-3,29,79,8,4,-2,-1,155,-2,-1,-2,-1,60,-2,108,101,4,0,133,5,7,0,1015,4,-2,-6,1,1,1,-2,4,411,-1,2,1,-231,286,-15,-86,-2,2,0,121,7,12,0,-2,305,0,-1,-3,287,1,-9,0,1,-1,102,-2,-106,0,2,236
916,0,0,0,0,0,0,0,0,0,-5,6,-4,-5,9,27,2,66,-1,-1,-5,0,0,-1,-1,-1,0,0,1,89,-2,0,1,-1,-1,0,-1,-1,-3,29,79,8,4,-2,-1,155,-2,-1,-2,-1,60,-2,108,101,4,0,133,5,7,0,1015,4,-2,-6,1,1,1,-2,4,411,-1,2,1,-231,286,-15,-86,-2,2,0,121,7,12,0,-2,305,0,-1,-3,287,1,-9,0,1,-1,102,-2,-106,0,2,236,3
917,0,0,0,0,0,0,0,0,-5,6,-4,-5,9,27,2,66,-1,-1,-5,0,0,-1,-1,-1,0,0,1,89,-2,0,1,-1,-1,0,-1,-1,-3,29,79,8,4,-2,-1,155,-2,-1,-2,-1,60,-2,108,101,4,0,133,5,7,0,1015,4,-2,-6,1,1,1,-2,4,411,-1,2,1,-231,286,-15,-86,-2,2,0,121,7,12,0,-2,305,0,-1,-3,287,1,-9,0,1,-1,102,-2,-106,0,2,236,3,2
918,0,0,0,0,0,0,0,-5,6,-4,-5,9,27,2,66,-1,-1,-5,0,0,-1,-1,-1,0,0,1,89,-2,0,1,-1,-1,0,-1,-1,-3,29,79,8,4,-2,-1,155,-2,-1,-2,-1,60,-2,108,101,4,0,133,5,7,0,1015,4,-2,-6,1,1,1,-2,4,411,-1,2,1,-231,286,-15,-86,-2,2,0,121,7,12,0,-2,305,0,-1,-3,287,1,-9,0,1,-1,102,-2,-106,0,2,236,3,2,6
919,0,0,0,0,0,0,-5,6,-4,-5,9,27,2,66,-1,-1,-5,0,0,-1,-1,-1,0,0,1,89,-2,0,1,-1,-1,0,-1,-1,-3,29,79,8,4,-2,-1,155,-2,-1,-2,-1,60,-2,108,101,4,0,133,5,7,0,1015,4,-2,-6,1,1,1,-2,4,411,-1,2,1,-231,286,-15,-86,-2,2,0,121,7,12,0,-2,305,0,-1,-3,287,1,-9,0,1,-1,102,-2,-106,0,2,236,3,2,6,-1
920,0,0,0,0,0,-5,6,-4,-5,9,27,2,66,-1,-1,-5,0,0,-1,-1,-1,0,0,1,89,-2,0,1,-1,-1,0,-1,-1,-3,29,79,8,4,-2,-1,155,-2,-1,-2,-1,60,-2,108,101,4,0,133,5,7,0,1015,4,-2,-6,1,1,1,-2,4,411,-1,2,1,-231,286,-15,-86,-2,2,0,121,7,12,0,-2,305,0,-1,-3,287,1,-9,0,1,-1,102,-2,-106,0,2,236,3,2,6,-1,-1
921,0,0,0,0,-5,6,-4,-5,9,27,2,66,-1,-1,-5,0,0,-1,-1,-1,0,0,1,89,-2,0,1,-1,-1,0,-1,-1,-3,29,79,8,4,-2,-1,155,-2,-1,-2,-1,60,-2,108,101,4,0,133,5,7,0,1015,4,-2,-6,1,1,1,-2,4,411,-1,2,1,-231,286,-15,-86,-2,2,0,121,7,12,0,-2,305,0,-1,-3,287,1,-9,0,1,-1,102,-2,-106,0,2,236,3,2,6,-1,-1,-4
922,0,0,0,-5,6,-4,-5,9,27,2,66,-1,-1,-5,0,0,-1,-1,-1,0,0,1,89,-2,0,1,-1,-1,0,-1,-1,-3,29,79,8,4,-2,-1,155,-2,-1,-2,-1,60,-2,108,101,4,0,133,5,7,0,1015,4,-2,-6,1,1,1,-2,4,411,-1,2,1,-231,286,-15,-86,-2,2,0,121,7,12,0,-2,305,0,-1,-3,287,1,-9,0,1,-1,102,-2,-106,0,2,236,3,2,6,-1,-1,-4,5
923,0,0,-5,6,-4,-5,9,27,2,66,-1,-1,-5,0,0,-1,-1,-1,0,0,1,89,-2,0,1,-1,-1,0,-1,-1,-3,29,79,8,4,-2,-1,155,-2,-1,-2,-1,60,-2,108,101,4,0,133,5,7,0,1015,4,-2,-6,1,1,1,-2,4,411,-1,2,1,-231,286,-15,-86,-2,2,0,121,7,12,0,-2,305,0,-1,-3,287,1,-9,0,1,-1,102,-2,-106,0,2,236,3,2,6,-1,-1,-4,5,-462
924,0,-5,6,-4,-5,9,27,2,66,-1,-1,-5,0,0,-1,-1,-1,0,0,1,89,-2,0,1,-1,-1,0,-1,-1,-3,29,79,8,4,-2,-1,155,-2,-1,-2,-1,60,-2,108,101,4,0,133,5,7,0,1015,4,-2,-6,1,1,1,-2,4,411,-1,2,1,-231,286,-15,-86,-2,2,0,121,7,12,0,-2,305,0,-1,-3,287,1,-9,0,1,-1,102,-2,-106,0,2,236,3,2,6,-1,-1,-4,5,-462,-15
925,-5,6,-4,-5,9,27,2,66,-1,-1,-5,0,0,-1,-1,-1,0,0,1,89,-2,0,1,-1,-1,0,-1,-1,-3,29,79,8,4,-2,-1,155,-2,-1,-2,-1,60,-2,108,101,4,0,133,5,7,0,1015,4,-2,-6,1,1,1,-2,4,411,-1,2,1,-231,286,-15,-86,-2,2,0,121,7,12,0,-2,305,0,-1,-3,287,1,-9,0,1,-1,102,-2,-106,0,2,236,3,2,6,-1,-1,-4,5,-462,-15,-2
926,6,-4,-5,9,27,2,66,-1,-1,-5,0,0,-1,-1,-1,0,0,1,89,-2,0,1,-1,-1,0,-1,-1,-3,29,79,8,4,-2,-1,155,-2,-1,-2,-1,60,-2,108,101,4,0,133,5,7,0,1015,4,-2,-6,1,1,1,-2,4,411,-1,2,1,-231,286,-15,-86,-2,2,0,121,7,12,0,-2,305,0,-1,-3,287,1,-9,0,1,-1,102,-2,-106,0,2,236,3,2,6,-1,-1,-4,5,-462,-15,-2,16
927,-4,-5,9,27,2,66,-1,-1,-5,0,0,-1,-1,-1,0,0,1,89,-2,0,1,-1,-1,0,-1,-1,-3,29,79,8,4,-2,-1,155,-2,-1,-2,-1,60,-2,108,101,4,0,133,5,7,0,1015,4,-2,-6,1,1,1,-2,4,411,-1,2,1,-231,286,-15,-86,-2,2,0,121,7,12,0,-2,305,0,-1,-3,287,1,-9,0,1,-1,102,-2,-106,0,2,236,3,2,6,-1,-1,-4,5,-462,-15,-2,16,-86
928,-5,9,27,2,66,-1,-1,-5,0,0,-1,-1,-1,0,0,1,89,-2,0,1,-1,-1,0,-1,-1,-3,29,79,8,4,-2,-1,155,-2,-1,-2,-1,60,-2,108,101,4,0,133,5,7,0,1015,4,-2,-6,1,1,1,-2,4,411,-1,2,1,-231,286,-15,-86,-2,2,0,121,7,12,0,-2,305,0,-1,-3,287,1,-9,0,1,-1,102,-2,-106,0,2,236,3,2,6,-1,-1,-4,5,-462,-15,-2,16,-86,13
929,9,27,2,66,-1,-1,-5,0,0,-1,-1,-1,0,0,1,89,-2,0,1,-1,-1,0,-1,-1,-3,29,79,8,4,-2,-1,155,-2,-1,-2,-1,60,-2,108,101,4,0,133,5,7,0,1015,4,-2,-6,1,1,1,-2,4,411,-1,2,1,-231,286,-15,-86,-2,2,0,121,7,12,0,-2,305,0,-1,-3,287,1,-9,0,1,-1,102,-2,-106,0,2,236,3,2,6,-1,-1,-4,5,-462,-15,-2,16,-86,13,-4
930,27,2,66,-1,-1,-5,0,0,-1,-1,-1,0,0,1,89,-2,0,1,-1,-1,0,-1,-1,-3,29,79,8,4,-2,-1,155,-2,-1,-2,-1,60,-2,108,101,4,0,133,5,7,0,1015,4,-2,-6,1,1,1,-2,4,411,-1,2,1,-231,286,-15,-86,-2,2,0,121,7,12,0,-2,305,0,-1,-3,287,1,-9,0,1,-1,102,-2,-106,0,2,236,3,2,6,-1,-1,-4,5,-462,-15,-2,16,-86,13,-4,1
931,2,66,-1,-1,-5,0,0,-1,-1,-1,0,0,1,89,-2,0,1,-1,-1,0,-1,-1,-3,29,79,8,4,-2,-1,155,-2,-1,-2,-1,60,-2,108,101,4,0,133,5,7,0,1015,4,-2,-6,1,1,1,-2,4,411,-1,2,1,-231,286,-15,-86,-2,2,0,121,7,12,0,-2,305,0,-1,-3,287,1,-9,0,1,-1,102,-2,-106,0,2,236,3,2,6,-1,-1,-4,5,-462,-15,-2,16,-86,13,-4,1,-4
932,66,-1,-1,-5,0,0,-1,-1,-1,0,0,1,89,-2,0,1,-1,-1,0,-1,-1,-3,29,79,8,4,-2,-1,155,-2,-1,-2,-1,60,-2,108,101,4,0,133,5,7,0,1015,4,-2,-6,1,1,1,-2,4,411,-1,2,1,-231,286,-15,-86,-2,2,0,121,7,12,0,-2,305,0,-1,-3,287,1,-9,0,1,-1,102,-2,-106,0,2,236,3,2,6,-1,-1,-4,5,-462,-15,-2,16,-86,13,-4,1,-4,8
933,-1,-1,-5,0,0,-1,-1,-1,0,0,1,89,-2,0,1,-1,-1,0,-1,-1,-3,29,79,8,4,-2,-1,155,-2,-1,-2,-1,60,-2,108,101,4,0,133,5,7,0,1015,4,-2,-6,1,1,1,-2,4,411,-1,2,1,-231,286,-15,-86,-2,2,0,121,7,12,0,-2,305,0,-1,-3,287,1,-9,0,1,-1,102,-2,-106,0,2,236,3,2,6,-1,-1,-4,5,-462,-15,-2,16,-86,13,-4,1,-4,8,30
934,-1,-5,0,0,-1,-1,-1,0,0,1,89,-2,0,1,-1,-1,0,-1,-1,-3,29,79,8,4,-2,-1,155,-2,-1,-2,-1,60,-2,108,101,4,0,133,5,7,0,1015,4,-2,-6,1,1,1,-2,4,411,-1,2,1,-231,286,-15,-86,-2,2,0,121,7,12,0,-2,305,0,-1,-3,287,1,-9,0,1,-1,102,-2,-106,0,2,236,3,2,6,-1,-1,-4,5,-462,-15,-2,16,-86,13,-4,1,-4,8,30,3
935,-5,0,0,-1,-1,-1,0,0,1,89,-2,0,1,-1,-1,0,-1,-1,-3,29,79,8,4,-2,-1,155,-2,-1,-2,-1,60,-2,108,101,4,0,133,5,7,0,1015,4,-2,-6,1,1,1,-2,4,411,-1,2,1,-231,286,-15,-86,-2,2,0,121,7,12,0,-2,305,0,-1,-3,287,1,-9,0,1,-1,102,-2,-106,0,2,236,3,2,6,-1,-1,-4,5,-462,-15,-2,16,-86,13,-4,1,-4,8,30,3,-1
936,0,0,-1,-1,-1,0,0,1,89,-2,0,1,-1,-1,0,-1,-1,-3,29,79,8,4,-2,-1,155,-2,-1,-2,-1,60,-2,108,101,4,0,133,5,7,0,1015,4,-2,-6,1,1,1,-2,4,411,-1,2,1,-231,286,-15,-86,-2,2,0,121,7,12,0,-2,305,0,-1,-3,287,1,-9,0,1,-1,102,-2,-106,0,2,236,3,2,6,-1,-1,-4,5,-462,-15,-2,16,-86,13,-4,1,-4,8,30,3,-1,12
937,0,-1,-1,-1,0,0,1,89,-2,0,1,-1,-1,0,-1,-1,-3,29,79,8,4,-2,-1,155,-2,-1,-2,-1,60,-2,108,101,4,0,133,5,7,0,1015,4,-2,-6,1,1,1,-2,4,411,-1,2,1,-231,286,-15,-86,-2,2,0,121,7,12,0,-2,305,0,-1,-3,287,1,-9,0,1,-1,102,-2,-106,0,2,236,3,2,6,-1,-1,-4,5,-462,-15,-2,16,-86,13,-4,1,-4,8,30,3,-1,12,2
938,-1,-1,-1,0,0,1,89,-2,0,1,-1,-1,0,-1,-1,-3,29,79,8,4,-2,-1,155,-2,-1,-2,-1,60,-2,108,101,4,0,133,5,7,0,1015,4,-2,-6,1,1,1,-2,4,411,-1,2,1,-231,286,-15,-86,-2,2,0,121,7,12,0,-2,305,0,-1,-3,287,1,-9,0,1,-1,102,-2,-106,0,2,236,3,2,6,-1,-1,-4,5,-462,-15,-2,16,-86,13,-4,1,-4,8,30,3,-1,12,2,-28
939,-1,-1,0,0,1,89,-2,0,1,-1,-1,0,-1,-1,-3,29,79,8,4,-2,-1,155,-2,-1,-2,-1,60,-2,108,101,4,0,133,5,7,0,1015,4,-2,-6,1,1,1,-2,4,411,-1,2,1,-231,286,-15,-86,-2,2,0,121,7,12,0,-2,305,0,-1,-3,287,1,-9,0,1,-1,102,-2,-106,0,2,236,3,2,6,-1,-1,-4,5,-462,-15,-2,16,-86,13,-4,1,-4,8,30,3,-1,12,2,-28,23
940,-1,0,0,1,89,-2,0,1,-1,-1,0,-1,-1,-3,29,79,8,4,-2,-1,155,-2,-1,-2,-1,60,-2,108,101,4,0,133,5,7,0,1015,4,-2,-6,1,1,1,-2,4,411,-1,2,1,-231,286,-15,-86,-2,2,0,121,7,12,0,-2,305,0,-1,-3,287,1,-9,0,1,-1,102,-2,-106,0,2,236,3,2,6,-1,-1,-4,5,-462,-15,-2,16,-86,13,-4,1,-4,8,30,3,-1,12,2,-28,23,-34
941,0,0,1,89,-2,0,1,-1,-1,0,-1,-1,-3,29,79,8,4,-2,-1,155,-2,-1,-2,-1,60,-2,108,101,4,0,133,5,7,0,1015,4,-2,-6,1,1,1,-2,4,411,-1,2,1,-231,286,-15,-86,-2,2,0,121,7,12,0,-2,305,0,-1,-3,287,1,-9,0,1,-1,102,-2,-106,0,2,236,3,2,6,-1,-1,-4,5,-462,-15,-2,16,-86,13,-4,1,-4,8,30,3,-1,12,2,-28,23,-34,16
942,0,1,89,-2,0,1,-1,-1,0,-1,-1,-3,29,79,8,4,-2,-1,155,-2,-1,-2,-1,60,-2,108,101,4,0,133,5,7,0,1015,4,-2,-6,1,1,1,-2,4,411,-1,2,1,-231,286,-15,-86,-2,2,0,121,7,12,0,-2,305,0,-1,-3,287,1,-9,0,1,-1,102,-2,-106,0,2,236,3,2,6,-1,-1,-4,5,-462,-15,-2,16,-86,13,-4,1,-4,8,30,3,-1,12,2,-28,23,-34,16,4
943,1,89,-2,0,1,-1,-1,0,-1,-1,-3,29,79,8,4,-2,-1,155,-2,-1,-2,-1,60,-2,108,101,4,0,133,5,7,0,1015,4,-2,-6,1,1,1,-2,4,411,-1,2,1,-231,286,-15,-86,-2,2,0,121,7,12,0,-2,305,0,-1,-3,287,1,-9,0,1,-1,102,-2,-106,0,2,236,3,2,6,-1,-1,-4,5,-462,-15,-2,16,-86,13,-4,1,-4,8,30,3,-1,12,2,-28,23,-34,16,4,-7
944,89,-2,0,1,-1,-1,0,-1,-1,-3,29,79,8,4,-2,-1,155,-2,-1,-2,-1,60,-2,108,101,4,0,133,5,7,0,1015,4,-2,-6,1,1,1,-2,4,411,-1,2,1,-231,286,-15,-86,-2,2,0,121,7,12,0,-2,305,0,-1,-3,287,1,-9,0,1,-1,102,-2,-106,0,2,236,3,2,6,-1,-1,-4,5,-462,-15,-2,16,-86,13,-4,1,-4,8,30,3,-1,12,2,-28,23,-34,16,4,-7,5
945,-2,0,1,-1,-1,0,-1,-1,-3,29,79,8,4,-2,-1,155,-2,-1,-2,-1,60,-2,108,101,4,0,133,5,7,0,1015,4,-2,-6,1,1,1,-2,4,411,-1,2,1,-231,286,-15,-86,-2,2,0,121,7,12,0,-2,305,0,-1,-3,287,1,-9,0,1,-1,102,-2,-106,0,2,236,3,2,6,-1,-1,-4,5,-462,-15,-2,16,-86,13,-4,1,-4,8,30,3,-1,12,2,-28,23,-34,16,4,-7,5,-1
946,0,1,-1,-1,0,-1,-1,-3,29,79,8,4,-2,-1,155,-2,-1,-2,-1,60,-2,108,101,4,0,133,5,7,0,1015,4,-2,-6,1,1,1,-2,4,411,-1,2,1,-231,286,-15,-86,-2,2,0,121,7,12,0,-2,305,0,-1,-3,287,1,-9,0,1,-1,102,-2,-106,0,2,236,3,2,6,-1,-1,-4,5,-462,-15,-2,16,-86,13,-4,1,-4,8,30,3,-1,12,2,-28,23,-34,16,4,-7,5,-1,19
947,1,-1,-1,0,-1,-1,-3,29,79,8,4,-2,-1,155,-2,-1,-2,-1,60,-2,108,101,4,0,133,5,7,0,1015,4,-2,-6,1,1,1,-2,4,411,-1,2,1,-231,286,-15,-86,-2,2,0,121,7,12,0,-2,305,0,-1,-3,287,1,-9,0,1,-1,102,-2,-106,0,2,236,3,2,6,-1,-1,-4,5,-462,-15,-2,16,-86,13,-4,1,-4,8,30,3,-1,12,2,-28,23,-34,16,4,-7,5,-1,19,45
948,-1,-1,0,-1,-1,-3,29,79,8,4,-2,-1,155,-2,-1,-2,-1,60,-2,108,101,4,0,133,5,7,0,1015,4,-2,-6,1,1,1,-2,4,411,-1,2,1,-231,286,-15,-86,-2,2,0,121,7,12,0,-2,305,0,-1,-3,287,1,-9,0,1,-1,102,-2,-106,0,2,236,3,2,6,-1,-1,-4,5,-462,-15,-2,16,-86,13,-4,1,-4,8,30,3,-1,12,2,-28,23,-34,16,4,-7,5,-1,19,45,178
949,-1,0,-1,-1,-3,29,79,8,4,-2,-1,155,-2,-1,-2,-1,60,-2,108,101,4,0,133,5,7,0,1015,4,-2,-6,1,1,1,-2,4,411,-1,2,1,-231,286,-15,-86,-2,2,0,121,7,12,0,-2,305,0,-1,-3,287,1,-9,0,1,-1,102,-2,-106,0,2,236,3,2,6,-1,-1,-4,5,-462,-15,-2,16,-86,13,-4,1,-4,8,30,3,-1,12,2,-28,23,-34,16,4,-7,5,-1,19,45,178,32
950,0,-1,-1,-3,29,79,8,4,-2,-1,155,-2,-1,-2,-1,60,-2,108,101,4,0,133,5,7,0,1015,4,-2,-6,1,1,1,-2,4,411,-1,2,1,-231,286,-15,-86,-2,2,0,121,7,12,0,-2,305,0,-1,-3,287,1,-9,0,1,-1,102,-2,-106,0,2,236,3,2,6,-1,-1,-4,5,-462,-15,-2,16,-86,13,-4,1,-4,8,30,3,-1,12,2,-28,23,-34,16,4,-7,5,-1,19,45,178,32,0
951,-1,-1,-3,29,79,8,4,-2,-1,155,-2,-1,-2,-1,60,-2,108,101,4,0,133,5,7,0,1015,4,-2,-6,1,1,1,-2,4,411,-1,2,1,-231,286,-15,-86,-2,2,0,121,7,12,0,-2,305,0,-1,-3,287,1,-9,0,1,-1,102,-2,-106,0,2,236,3,2,6,-1,-1,-4,5,-462,-15,-2,16,-86,13,-4,1,-4,8,30,3,-1,12,2,-28,23,-34,16,4,-7,5,-1,19,45,178,32,0,65
952,-1,-3,29,79,8,4,-2,-1,155,-2,-1,-2,-1,60,-2,108,101,4,0,133,5,7,0,1015,4,-2,-6,1,1,1,-2,4,411,-1,2,1,-231,286,-15,-86,-2,2,0,121,7,12,0,-2,305,0,-1,-3,287,1,-9,0,1,-1,102,-2,-106,0,2,236,3,2,6,-1,-1,-4,5,-462,-15,-2,16,-86,13,-4,1,-4,8,30,3,-1,12,2,-28,23,-34,16,4,-7,5,-1,19,45,178,32,0,65,0
953,-3,29,79,8,4,-2,-1,155,-2,-1,-2,-1,60,-2,108,101,4,0,133,5,7,0,1015,4,-2,-6,1,1,1,-2,4,411,-1,2,1,-231,286,-15,-86,-2,2,0,121,7,12,0,-2,305,0,-1,-3,287,1,-9,0,1,-1,102,-2,-106,0,2,236,3,2,6,-1,-1,-4,5,-462,-15,-2,16,-86,13,-4,1,-4,8,30,3,-1,12,2,-28,23,-34,16,4,-7,5,-1,19,45,178,32,0,65,0,0
954,29,79,8,4,-2,-1,155,-2,-1,-2,-1,60,-2,108,101,4,0,133,5,7,0,1015,4,-2,-6,1,1,1,-2,4,411,-1,2,1,-231,286,-15,-86,-2,2,0,121,7,12,0,-2,305,0,-1,-3,287,1,-9,0,1,-1,102,-2,-106,0,2,236,3,2,6,-1,-1,-4,5,-462,-15,-2,16,-86,13,-4,1,-4,8,30,3,-1,12,2,-28,23,-34,16,4,-7,5,-1,19,45,178,32,0,65,0,0,1
955,79,8,4,-2,-1,155,-2,-1,-2,-1,60,-2,108,101,4,0,133,5,7,0,1015,4,-2,-6,1,1,1,-2,4,411,-1,2,1,-231,286,-15,-86,-2,2,0,121,7,12,0,-2,305,0,-1,-3,287,1,-9,0,1,-1,102,-2,-106,0,2,236,3,2,6,-1,-1,-4,5,-462,-15,-2,16,-86,13,-4,1,-4,8,30,3,-1,12,2,-28,23,-34,16,4,-7,5,-1,19,45,178,32,0,65,0,0,1,6
956,8,4,-2,-1,155,-2,-1,-2,-1,60,-2,108,101,4,0,133,5,7,0,1015,4,-2,-6,1,1,1,-2,4,411,-1,2,1,-231,286,-15,-86,-2,2,0,121,7,12,0,-2,305,0,-1,-3,287,1,-9,0,1,-1,102,-2,-106,0,2,236,3,2,6,-1,-1,-4,5,-462,-15,-2,16,-86,13,-4,1,-4,8,30,3,-1,12,2,-28,23,-34,16,4,-7,5,-1,19,45,178,32,0,65,0,0,1,6,-14
957,4,-2,-1,155,-2,-1,-2,-1,60,-2,108,101,4,0,133,5,7,0,1015,4,-2,-6,1,1,1,-2,4,411,-1,2,1,-231,286,-15,-86,-2,2,0,121,7,12,0,-2,305,0,-1,-3,287,1,-9,0,1,-1,102,-2,-106,0,2,236,3,2,6,-1,-1,-4,5,-462,-15,-2,16,-86,13,-4,1,-4,8,30,3,-1,12,2,-28,23,-34,16,4,-7,5,-1,19,45,178,32,0,65,0,0,1,6,-14,0
958,-2,-1,155,-2,-1,-2,-1,60,-2,108,101,4,0,133,5,7,0,1015,4,-2,-6,1,1,1,-2,4,411,-1,2,1,-231,286,-15,-86,-2,2,0,121,7,12,0,-2,305,0,-1,-3,287,1,-9,0,1,-1,102,-2,-106,0,2,236,3,2,6,-1,-1,-4,5,-462,-15,-2,16,-86,13,-4,1,-4,8,30,3,-1,12,2,-28,23,-34,16,4,-7,5,-1,19,45,178,32,0,65,0,0,1,6,-14,0,0
959,-1,155,-2,-1,-2,-1,60,-2,108,101,4,0,133,5,7,0,1015,4,-2,-6,1,1,1,-2,4,411,-1,2,1,-231,286,-15,-86,-2,2,0,121,7,12,0,-2,305,0,-1,-3,287,1,-9,0,1,-1,102,-2,-106,0,2,236,3,2,6,-1,-1,-4,5,-462,-15,-2,16,-86,13,-4,1,-4,8,30,3,-1,12,2,-28,23,-34,16,4,-7,5,-1,19,45,178,32,0,65,0,0,1,6,-14,0,0,-16
960,155,-2,-1,-2,-1,60,-2,108,101,4,0,133,5,7,0,1015,4,-2,-6,1,1,1,-2,4,411,-1,2,1,-231,286,-15,-86,-2,2,0,121,7,12,0,-2,305,0,-1,-3,287,1,-9,0,1,-1,102,-2,-106,0,2,236,3,2,6,-1,-1,-4,5,-462,-15,-2,16,-86,13,-4,1,-4,8,30,3,-1,12,2,-28,23,-34,16,4,-7,5,-1,19,45,178,32,0,65,0,0,1,6,-14,0,0,-16,15
961,-2,-1,-2,-1,60,-2,108,101,4,0,133,5,7,0,1015,4,-2,-6,1,1,1,-2,4,411,-1,2,1,-231,286,-15,-86,-2,2,0,121,7,12,0,-2,305,0,-1,-3,287,1,-9,0,1,-1,102,-2,-106,0,2,236,3,2,6,-1,-1,-4,5,-462,-15,-2,16,-86,13,-4,1,-4,8,30,3,-1,12,2,-28,23,-34,16,4,-7,5,-1,19,45,178,32,0,65,0,0,1,6,-14,0,0,-16,15,27
962,-1,-2,-1,60,-2,108,101,4,0,133,5,7,0,1015,4,-2,-6,1,1,1,-2,4,411,-1,2,1,-231,286,-15,-86,-2,2,0,121,7,12,0,-2,305,0,-1,-3,287,1,-9,0,1,-1,102,-2,-106,0,2,236,3,2,6,-1,-1,-4,5,-462,-15,-2,16,-86,13,-4,1,-4,8,30,3,-1,12,2,-28,23,-34,16,4,-7,5,-1,19,45,178,32,0,65,0,0,1,6,-14,0,0,-16,15,27,0
963,-2,-1,60,-2,108,101,4,0,133,5,7,0,1015,4,-2,-6,1,1,1,-2,4,411,-1,2,1,-231,286,-15,-86,-2,2,0,121,7,12,0,-2,305,0,-1,-3,287,1,-9,0,1,-1,102,-2,-106,0,2,236,3,2,6,-1,-1,-4,5,-462,-15,-2,16,-86,13,-4,1,-4,8,30,3,-1,12,2,-28,23,-34,16,4,-7,5,-1,19,45,178,32,0,65,0,0,1,6,-14,0,0,-16,15,27,0,0
964,-1,60,-2,108,101,4,0,133,5,7,0,1015,4,-2,-6,1,1,1,-2,4,411,-1,2,1,-231,286,-15,-86,-2,2,0,121,7,12,0,-2,305,0,-1,-3,287,1,-9,0,1,-1,102,-2,-106,0,2,236,3,2,6,-1,-1,-4,5,-462,-15,-2,16,-86,13,-4,1,-4,8,30,3,-1,12,2,-28,23,-34,16,4,-7,5,-1,19,45,178,32,0,65,0,0,1,6,-14,0,0,-16,15,27,0,0,0
965,60,-2,108,101,4,0,133,5,7,0,1015,4,-2,-6,1,1,1,-2,4,411,-1,2,1,-231,286,-15,-86,-2,2,0,121,7,12,0,-2,305,0,-1,-3,287,1,-9,0,1,-1,102,-2,-106,0,2,236,3,2,6,-1,-1,-4,5,-462,-15,-2,16,-86,13,-4,1,-4,8,30,3,-1,12,2,-28,23,-34,16,4,-7,5,-1,19,45,178,32,0,65,0,0,1,6,-14,0,0,-16,15,27,0,0,0,1
966,-2,108,101,4,0,133,5,7,0,1015,4,-2,-6,1,1,1,-2,4,411,-1,2,1,-231,286,-15,-86,-2,2,0,121,7,12,0,-2,305,0,-1,-3,287,1,-9,0,1,-1,102,-2,-106,0,2,236,3,2,6,-1,-1,-4,5,-462,-15,-2,16,-86,13,-4,1,-4,8,30,3,-1,12,2,-28,23,-34,16,4,-7,5,-1,19,45,178,32,0,65,0,0,1,6,-14,0,0,-16,15,27,0,0,0,1,0
967,108,101,4,0,133,5,7,0,1015,4,-2,-6,1,1,1,-2,4,411,-1,2,1,-231,286,-15,-86,-2,2,0,121,7,12,0,-2,305,0,-1,-3,287,1,-9,0,1,-1,102,-2,-106,0,2,236,3,2,6,-1,-1,-4,5,-462,-15,-2,16,-86,13,-4,1,-4,8,30,3,-1,12,2,-28,23,-34,16,4,-7,5,-1,19,45,178,32,0,65,0,0,1,6,-14,0,0,-16,15,27,0,0,0,1,0,0
968,101,4,0,133,5,7,0,1015,4,-2,-6,1,1,1,-2,4,411,-1,2,1,-231,286,-15,-86,-2,2,0,121,7,12,0,-2,305,0,-1,-3,287,1,-9,0,1,-1,102,-2,-106,0,2,236,3,2,6,-1,-1,-4,5,-462,-15,-2,16,-86,13,-4,1,-4,8,30,3,-1,12,2,-28,23,-34,16,4,-7,5,-1,19,45,178,32,0,65,0,0,1,6,-14,0,0,-16,15,27,0,0,0,1,0,0,0
969,4,0,133,5,7,0,1015,4,-2,-6,1,1,1,-2,4,411,-1,2,1,-231,286,-15,-86,-2,2,0,121,7,12,0,-2,305,0,-1,-3,287,1,-9,0,1,-1,102,-2,-106,0,2,236,3,2,6,-1,-1,-4,5,-462,-15,-2,16,-86,13,-4,1,-4,8,30,3,-1,12,2,-28,23,-34,16,4,-7,5,-1,19,45,178,32,0,65,0,0,1,6,-14,0,0,-16,15,27,0,0,0,1,0,0,0,0
970,0,133,5,7,0,1015,4,-2,-6,1,1,1,-2,4,411,-1,2,1,-231,286,-15,-86,-2,2,0,121,7,12,0,-2,305,0,-1,-3,287,1,-9,0,1,-1,102,-2,-106,0,2,236,3,2,6,-1,-1,-4,5,-462,-15,-2,16,-86,13,-4,1,-4,8,30,3,-1,12,2,-28,23,-34,16,4,-7,5,-1,19,45,178,32,0,65,0,0,1,6,-14,0,0,-16,15,27,0,0,0,1,0,0,0,0,0
971,133,5,7,0,1015,4,-2,-6,1,1,1,-2,4,411,-1,2,1,-231,286,-15,-86,-2,2,0,121,7,12,0,-2,305,0,-1,-3,287,1,-9,0,1,-1,102,-2,-106,0,2,236,3,2,6,-1,-1,-4,5,-462,-15,-2,16,-86,13,-4,1,-4,8,30,3,-1,12,2,-28,23,-34,16,4,-7,5,-1,19,45,178,32,0,65,0,0,1,6,-14,0,0,-16,15,27,0,0,0,1,0,0,0,0,0,0
972,5,7,0,1015,4,-2,-6,1,1,1,-2,4,411,-1,2,1,-231,286,-15,-86,-2,2,0,121,7,12,0,-2,305,0,-1,-3,287,1,-9,0,1,-1,102,-2,-106,0,2,236,3,2,6,-1,-1,-4,5,-462,-15,-2,16,-86,13,-4,1,-4,8,30,3,-1,12,2,-28,23,-34,16,4,-7,5,-1,19,45,178,32,0,65,0,0,1,6,-14,0,0,-16,15,27,0,0,0,1,0,0,0,0,0,0,97
973,7,0,1015,4,-2,-6,1,1,1,-2,4,411,-1,2,1,-231,286,-15,-86,-2,2,0,121,7,12,0,-2,305,0,-1,-3,287,1,-9,0,1,-1,102,-2,-106,0,2,236,3,2,6,-1,-1,-4,5,-462,-15,-2,16,-86,13,-4,1,-4,8,30,3,-1,12,2,-28,23,-34,16,4,-7,5,-1,19,45,178,32,0,65,0,0,1,6,-14,0,0,-16,15,27,0,0,0,1,0,0,0,0,0,0,97,255
974,0,1015,4,-2,-6,1,1,1,-2,4,411,-1,2,1,-231,286,-15,-86,-2,2,0,121,7,12,0,-2,305,0,-1,-3,287,1,-9,0,1,-1,102,-2,-106,0,2,236,3,2,6,-1,-1,-4,5,-462,-15,-2,16,-86,13,-4,1,-4,8,30,3,-1,12,2,-28,23,-34,16,4,-7,5,-1,19,45,178,32,0,65,0,0,1,6,-14,0,0,-16,15,27,0,0,0,1,0,0,0,0,0,0,97,255,0
975,1015,4,-2,-6,1,1,1,-2,4,411,-1,2,1,-231,286,-15,-86,-2,2,0,121,7,12,0,-2,305,0,-1,-3,287,1,-9,0,1,-1,102,-2,-106,0,2,236,3,2,6,-1,-1,-4,5,-462,-15,-2,16,-86,13,-4,1,-4,8,30,3,-1,12,2,-28,23,-34,16,4,-7,5,-1,19,45,178,32,0,65,0,0,1,6,-14,0,0,-16,15,27,0,0,0,1,0,0,0,0,0,0,97,255,0,0
976,4,-2,-6,1,1,1,-2,4,411,-1,2,1,-231,286,-15,-86,-2,2,0,121,7,12,0,-2,305,0,-1,-3,287,1,-9,0,1,-1,102,-2,-106,0,2,236,3,2,6,-1,-1,-4,5,-462,-15,-2,16,-86,13,-4,1,-4,8,30,3,-1,12,2,-28,23,-34,16,4,-7,5,-1,19,45,178,32,0,65,0,0,1,6,-14,0,0,-16,15,27,0,0,0,1,0,0,0,0,0,0,97,255,0,0,0
977,-2,-6,1,1,1,-2,4,411,-1,2,1,-231,286,-15,-86,-2,2,0,121,7,12,0,-2,305,0,-1,-3,287,1,-9,0,1,-1,102,-2,-106,0,2,236,3,2,6,-1,-1,-4,5,-462,-15,-2,16,-86,13,-4,1,-4,8,30,3,-1,12,2,-28,23,-34,16,4,-7,5,-1,19,45,178,32,0,65,0,0,1,6,-14,0,0,-16,15,27,0,0,0,1,0,0,0,0,0,0,97,255,0,0,0,0
978,-6,1,1,1,-2,4,411,-1,2,1,-231,286,-15,-86,-2,2,0,121,7,12,0,-2,305,0,-1,-3,287,1,-9,0,1,-1,102,-2,-106,0,2,236,3,2,6,-1,-1,-4,5,-462,-15,-2,16,-86,13,-4,1,-4,8,30,3,-1,12,2,-28,23,-34,16,4,-7,5,-1,19,45,178,32,0,65,0,0,1,6,-14,0,0,-16,15,27,0,0,0,1,0,0,0,0,0,0,97,255,0,0,0,0,8
979,1,1,1,-2,4,411,-1,2,1,-231,286,-15,-86,-2,2,0,121,7,12,0,-2,305,0,-1,-3,287,1,-9,0,1,-1,102,-2,-106,0,2,236,3,2,6,-1,-1,-4,5,-462,-15,-2,16,-86,13,-4,1,-4,8,30,3,-1,12,2,-28,23,-34,16,4,-7,5,-1,19,45,178,32,0,65,0,0,1,6,-14,0,0,-16,15,27,0,0,0,1,0,0,0,0,0,0,97,255,0,0,0,0,8,0
980,1,1,-2,4,411,-1,2,1,-231,286,-15,-86,-2,2,0,121,7,12,0,-2,305,0,-1,-3,287,1,-9,0,1,-1,102,-2,-106,0,2,236,3,2,6,-1,-1,-4,5,-462,-15,-2,16,-86,13,-4,1,-4,8,30,3,-1,12,2,-28,23,-34,16,4,-7,5,-1,19,45,178,32,0,65,0,0,1,6,-14,0,0,-16,15,27,0,0,0,1,0,0,0,0,0,0,97,255,0,0,0,0,8,0,59
981,1,-2,4,411,-1,2,1,-231,286,-15,-86,-2,2,0,121,7,12,0,-2,305,0,-1,-3,287,1,-9,0,1,-1,102,-2,-106,0,2,236,3,2,6,-1,-1,-4,5,-462,-15,-2,16,-86,13,-4,1,-4,8,30,3,-1,12,2,-28,23,-34,16,4,-7,5,-1,19,45,178,32,0,65,0,0,1,6,-14,0,0,-16,15,27,0,0,0,1,0,0,0,0,0,0,97,255,0,0,0,0,8,0,59,65
982,-2,4,411,-1,2,1,-231,286,-15,-86,-2,2,0,121,7,12,0,-2,305,0,-1,-3,287,1,-9,0,1,-1,102,-2,-106,0,2,236,3,2,6,-1,-1,-4,5,-462,-15,-2,16,-86,13,-4,1,-4,8,30,3,-1,12,2,-28,23,-34,16,4,-7,5,-1,19,45,178,32,0,65,0,0,1,6,-14,0,0,-16,15,27,0,0,0,1,0,0,0,0,0,0,97,255,0,0,0,0,8,0,59,65,0
983,4,411,-1,2,1,-231,286,-15,-86,-2,2,0,121,7,12,0,-2,305,0,-1,-3,287,1,-9,0,1,-1,102,-2,-106,0,2,236,3,2,6,-1,-1,-4,5,-462,-15,-2,16,-86,13,-4,1,-4,8,30,3,-1,12,2,-28,23,-34,16,4,-7,5,-1,19,45,178,32,0,65,0,0,1,6,-14,0,0,-16,15,27,0,0,0,1,0,0,0,0,0,0,97,255,0,0,0,0,8,0,59,65,0,21
984,411,-1,2,1,-231,286,-15,-86,-2,2,0,121,7,12,0,-2,305,0,-1,-3,287,1,-9,0,1,-1,102,-2,-106,0,2,236,3,2,6,-1,-1,-4,5,-462,-15,-2,16,-86,13,-4,1,-4,8,30,3,-1,12,2,-28,23,-34,16,4,-7,5,-1,19,45,178,32,0,65,0,0,1,6,-14,0,0,-16,15,27,0,0,0,1,0,0,0,0,0,0,97,255,0,0,0,0,8,0,59,65,0,21,0
985,-1,2,1,-231,286,-15,-86,-2,2,0,121,7,12,0,-2,305,0,-1,-3,287,1,-9,0,1,-1,102,-2,-106,0,2,236,3,2,6,-1,-1,-4,5,-462,-15,-2,16,-86,13,-4,1,-4,8,30,3,-1,12,2,-28,23,-34,16,4,-7,5,-1,19,45,178,32,0,65,0,0,1,6,-14,0,0,-16,15,27,0,0,0,1,0,0,0,0,0,0,97,255,0,0,0,0,8,0,59,65,0,21,0,0
986,2,1,-231,286,-15,-86,-2,2,0,121,7,12,0,-2,305,0,-1,-3,287,1,-9,0,1,-1,102,-2,-106,0,2,236,3,2,6,-1,-1,-4,5,-462,-15,-2,16,-86,13,-4,1,-4,8,30,3,-1,12,2,-28,23,-34,16,4,-7,5,-1,19,45,178,32,0,65,0,0,1,6,-14,0,0,-16,15,27,0,0,0,1,0,0,0,0,0,0,97,255,0,0,0,0,8,0,59,65,0,21,0,0,0
987,1,-231,286,-15,-86,-2,2,0,121,7,12,0,-2,305,0,-1,-3,287,1,-9,0,1,-1,102,-2,-106,0,2,236,3,2,6,-1,-1,-4,5,-462,-15,-2,16,-86,13,-4,1,-4,8,30,3,-1,12,2,-28,23,-34,16,4,-7,5,-1,19,45,178,32,0,65,0,0,1,6,-14,0,0,-16,15,27,0,0,0,1,0,0,0,0,0,0,97,255,0,0,0,0,8,0,59,65,0,21,0,0,0,6
988,-231,286,-15,-86,-2,2,0,121,7,12,0,-2,305,0,-1,-3,287,1,-9,0,1,-1,102,-2,-106,0,2,236,3,2,6,-1,-1,-4,5,-462,-15,-2,16,-86,13,-4,1,-4,8,30,3,-1,12,2,-28,23,-34,16,4,-7,5,-1,19,45,178,32,0,65,0,0,1,6,-14,0,0,-16,15,27,0,0,0,1,0,0,0,0,0,0,97,255,0,0,0,0,8,0,59,65,0,21,0,0,0,6,149
989,286,-15,-86,-2,2,0,121,7,12,0,-2,305,0,-1,-3,287,1,-9,0,1,-1,102,-2,-106,0,2,236,3,2,6,-1,-1,-4,5,-462,-15,-2,16,-86,13,-4,1,-4,8,30,3,-1,12,2,-28,23,-34,16,4,-7,5,-1,19,45,178,32,0,65,0,0,1,6,-14,0,0,-16,15,27,0,0,0,1,0,0,0,0,0,0,97,255,0,0,0,0,8,0,59,65,0,21,0,0,0,6,149,0
990,-15,-86,-2,2,0,121,7,12,0,-2,305,0,-1,-3,287,1,-9,0,1,-1,102,-2,-106,0,2,236,3,2,6,-1,-1,-4,5,-462,-15,-2,16,-86,13,-4,1,-4,8,30,3,-1,12,2,-28,23,-34,16,4,-7,5,-1,19,45,178,32,0,65,0,0,1,6,-14,0,0,-16,15,27,0,0,0,1,0,0,0,0,0,0,97,255,0,0,0,0,8,0,59,65,0,21,0,0,0,6,149,0,0
991,-86,-2,2,0,121,7,12,0,-2,305,0,-1,-3,287,1,-9,0,1,-1,102,-2,-106,0,2,236,3,2,6,-1,-1,-4,5,-462,-15,-2,16,-86,13,-4,1,-4,8,30,3,-1,12,2,-28,23,-34,16,4,-7,5,-1,19,45,178,32,0,65,0,0,1,6,-14,0,0,-16,15,27,0,0,0,1,0,0,0,0,0,0,97,255,0,0,0,0,8,0,59,65,0,21,0,0,0,6,149,0,0,0
992,-2,2,0,121,7,12,0,-2,305,0,-1,-3,287,1,-9,0,1,-1,102,-2,-106,0,2,236,3,2,6,-1,-1,-4,5,-462,-15,-2,16,-86,13,-4,1,-4,8,30,3,-1,12,2,-28,23,-34,16,4,-7,5,-1,19,45,178,32,0,65,0,0,1,6,-14,0,0,-16,15,27,0,0,0,1,0,0,0,0,0,0,97,255,0,0,0,0,8,0,59,65,0,21,0,0,0,6,149,0,0,0,14
993,2,0,121,7,12,0,-2,305,0,-1,-3,287,1,-9,0,1,-1,102,-2,-106,0,2,236,3,2,6,-1,-1,-4,5,-462,-15,-2,16,-86,13,-4,1,-4,8,30,3,-1,12,2,-28,23,-34,16,4,-7,5,-1,19,45,178,32,0,65,0,0,1,6,-14,0,0,-16,15,27,0,0,0,1,0,0,0,0,0,0,97,255,0,0,0,0,8,0,59,65,0,21,0,0,0,6,149,0,0,0,14,0
994,0,121,7,12,0,-2,305,0,-1,-3,287,1,-9,0,1,-1,102,-2,-106,0,2,236,3,2,6,-1,-1,-4,5,-462,-15,-2,16,-86,13,-4,1,-4,8,30,3,-1,12,2,-28,23,-34,16,4,-7,5,-1,19,45,178,32,0,65,0,0,1,6,-14,0,0,-16,15,27,0,0,0,1,0,0,0,0,0,0,97,255,0,0,0,0,8,0,59,65,0,21,0,0,0,6,149,0,0,0,14,0,0
995,121,7,12,0,-2,305,0,-1,-3,287,1,-9,0,1,-1,102,-2,-106,0,2,236,3,2,6,-1,-1,-4,5,-462,-15,-2,16,-86,13,-4,1,-4,8,30,3,-1,12,2,-28,23,-34,16,4,-7,5,-1,19,45,178,32,0,65,0,0,1,6,-14,0,0,-16,15,27,0,0,0,1,0,0,0,0,0,0,97,255,0,0,0,0,8,0,59,65,0,21,0,0,0,6,149,0,0,0,14,0,0,-1
996,7,12,0,-2,305,0,-1,-3,287,1,-9,0,1,-1,102,-2,-106,0,2,236,3,2,6,-1,-1,-4,5,-462,-15,-2,16,-86,13,-4,1,-4,8,30,3,-1,12,2,-28,23,-34,16,4,-7,5,-1,19,45,178,32,0,65,0,0,1,6,-14,0,0,-16,15,27,0,0,0,1,0,0,0,0,0,0,97,255,0,0,0,0,8,0,59,65,0,21,0,0,0,6,149,0,0,0,14,0,0,-1,41
997,12,0,-2,305,0,-1,-3,287,1,-9,0,1,-1,102,-2,-106,0,2,236,3,2,6,-1,-1,-4,5,-462,-15,-2,16,-86,13,-4,1,-4,8,30,3,-1,12,2,-28,23,-34,16,4,-7,5,-1,19,45,178,32,0,65,0,0,1,6,-14,0,0,-16,15,27,0,0,0,1,0,0,0,0,0,0,97,255,0,0,0,0,8,0,59,65,0,21,0,0,0,6,149,0,0,0,14,0,0,-1,41,172
998,0,-2,305,0,-1,-3,287,1,-9,0,1,-1,102,-2,-106,0,2,236,3,2,6,-1,-1,-4,5,-462,-15,-2,16,-86,13,-4,1,-4,8,30,3,-1,12,2,-28,23,-34,16,4,-7,5,-1,19,45,178,32,0,65,0,0,1,6,-14,0,0,-16,15,27,0,0,0,1,0,0,0,0,0,0,97,255,0,0,0,0,8,0,59,65,0,21,0,0,0,6,149,0,0,0,14,0,0,-1,41,172,218
999,-2,305,0,-1,-3,287,1,-9,0,1,-1,102,-2,-106,0,2,236,3,2,6,-1,-1,-4,5,-462,-15,-2,16,-86,13,-4,1,-4,8,30,3,-1,12,2,-28,23,-34,16,4,-7,5,-1,19,45,178,32,0,65,0,0,1,6,-14,0,0,-16,15,27,0,0,0,1,0,0,0,0,0,0,97,255,0,0,0,0,8,0,59,65,0,21,0,0,0,6,149,0,0,0,14,0,0,-1,41,172,218,-111
1000,305,0,-1,-3,287,1,-9,0,1,-1,102,-2,-106,0,2,236,3,2,6,-1,-1,-4,5,-462,-15,-2,16,-86,13,-4,1,-4,8,30,3,-1,12,2,-28,23,-34,16,4,-7,5,-1,19,45,178,32,0,65,0,0,1,6,-14,0,0,-16,15,27,0,0,0,1,0,0,0,0,0,0,97,255,0,0,0,0,8,0,59,65,0,21,0,0,0,6,149,0,0,0,14,0,0,-1,41,172,218,-111,0
1001,0,-1,-3,287,1,-9,0,1,-1,102,-2,-106,0,2,236,3,2,6,-1,-1,-4,5,-462,-15,-2,16,-86,13,-4,1,-4,8,30,3,-1,12,2,-28,23,-34,16,4,-7,5,-1,19,45,178,32,0,65,0,0,1,6,-14,0,0,-16,15,27,0,0,0,1,0,0,0,0,0,0,97,255,0,0,0,0,8,0,59,65,0,21,0,0,0,6,149,0,0,0,14,0,0,-1,41,172,218,-111,0,0
1002,-1,-3,287,1,-9,0,1,-1,102,-2,-106,0,2,236,3,2,6,-1,-1,-4,5,-462,-15,-2,16,-86,13,-4,1,-4,8,30,3,-1,12,2,-28,23,-34,16,4,-7,5,-1,19,45,178,32,0,65,0,0,1,6,-14,0,0,-16,15,27,0,0,0,1,0,0,0,0,0,0,97,255,0,0,0,0,8,0,59,65,0,21,0,0,0,6,149,0,0,0,14,0,0,-1,41,172,218,-111,0,0,2
1003,-3,287,1,-9,0,1,-1,102,-2,-106,0,2,236,3,2,6,-1,-1,-4,5,-462,-15,-2,16,-86,13,-4,1,-4,8,30,3,-1,12,2,-28,23,-34,16,4,-7,5,-1,19,45,178,32,0,65,0,0,1,6,-14,0,0,-16,15,27,0,0,0,1,0,0,0,0,0,0,97,255,0,0,0,0,8,0,59,65,0,21,0,0,0,6,149,0,0,0,14,0,0,-1,41,172,218,-111,0,0,2,0
1004,287,1,-9,0,1,-1,102,-2,-106,0,2,236,3,2,6,-1,-1,-4,5,-462,-15,-2,16,-86,13,-4,1,-4,8,30,3,-1,12,2,-28,23,-34,16,4,-7,5,-1,19,45,178,32,0,65,0,0,1,6,-14,0,0,-16,15,27,0,0,0,1,0,0,0,0,0,0,97,255,0,0,0,0,8,0,59,65,0,21,0,0,0,6,149,0,0,0,14,0,0,-1,41,172,218,-111,0,0,2,0,13
1005,1,-9,0,1,-1,102,-2,-106,0,2,236,3,2,6,-1,-1,-4,5,-462,-15,-2,16,-86,13,-4,1,-4,8,30,3,-1,12,2,-28,23,-34,16,4,-7,5,-1,19,45,178,32,0,65,0,0,1,6,-14,0,0,-16,15,27,0,0,0,1,0,0,0,0,0,0,97,255,0,0,0,0,8,0,59,65,0,21,0,0,0,6,149,0,0,0,14,0,0,-1,41,172,218,-111,0,0,2,0,13,0
1006,-9,0,1,-1,102,-2,-106,0,2,236,3,2,6,-1,-1,-4,5,-462,-15,-2,16,-86,13,-4,1,-4,8,30,3,-1,12,2,-28,23,-34,16,4,-7,5,-1,19,45,178,32,0,65,0,0,1,6,-14,0,0,-16,15,27,0,0,0,1,0,0,0,0,0,0,97,255,0,0,0,0,8,0,59,65,0,21,0,0,0,6,149,0,0,0,14,0,0,-1,41,172,218,-111,0,0,2,0,13,0,176
1007,0,1,-1,102,-2,-106,0,2,236,3,2,6,-1,-1,-4,5,-462,-15,-2,16,-86,13,-4,1,-4,8,30,3,-1,12,2,-28,23,-34,16,4,-7,5,-1,19,45,178,32,0,65,0,0,1,6,-14,0,0,-16,15,27,0,0,0,1,0,0,0,0,0,0,97,255,0,0,0,0,8,0,59,65,0,21,0,0,0,6,149,0,0,0,14,0,0,-1,41,172,218,-111,0,0,2,0,13,0,176,0
1008,1,-1,102,-2,-106,0,2,236,3,2,6,-1,-1,-4,5,-462,-15,-2,16,-86,13,-4,1,-4,8,30,3,-1,12,2,-28,23,-34,16,4,-7,5,-1,19,45,178,32,0,65,0,0,1,6,-14,0,0,-16,15,27,0,0,0,1,0,0,0,0,0,0,97,255,0,0,0,0,8,0,59,65,0,21,0,0,0,6,149,0,0,0,14,0,0,-1,41,172,218,-111,0,0,2,0,13,0,176,0,3
1009,-1,102,-2,-106,0,2,236,3,2,6,-1,-1,-4,5,-462,-15,-2,16,-86,13,-4,1,-4,8,30,3,-1,12,2,-28,23,-34,16,4,-7,5,-1,19,45,178,32,0,65,0,0,1,6,-14,0,0,-16,15,27,0,0,0,1,0,0,0,0,0,0,97,255,0,0,0,0,8,0,59,65,0,21,0,0,0,6,149,0,0,0,14,0,0,-1,41,172,218,-111,0,0,2,0,13,0,176,0,3,0
1010,102,-2,-106,0,2,236,3,2,6,-1,-1,-4,5,-462,-15,-2,16,-86,13,-4,1,-4,8,30,3,-1,12,2,-28,23,-34,16,4,-7,5,-1,19,45,178,32,0,65,0,0,1,6,-14,0,0,-16,15,27,0,0,0,1,0,0,0,0,0,0,97,255,0,0,0,0,8,0,59,65,0,21,0,0,0,6,149,0,0,0,14,0,0,-1,41,172,218,-111,0,0,2,0,13,0,176,0,3,0,53
1011,-2,-106,0,2,236,3,2,6,-1,-1,-4,5,-462,-15,-2,16,-86,13,-4,1,-4,8,30,3,-1,12,2,-28,23,-34,16,4,-7,5,-1,19,45,178,32,0,65,0,0,1,6,-14,0,0,-16,15,27,0,0,0,1,0,0,0,0,0,0,97,255,0,0,0,0,8,0,59,65,0,21,0,0,0,6,149,0,0,0,14,0,0,-1,41,172,218,-111,0,0,2,0,13,0,176,0,3,0,53,0
1012,-106,0,2,236,3,2,6,-1,-1,-4,5,-462,-15,-2,16,-86,13,-4,1,-4,8,30,3,-1,12,2,-28,23,-34,16,4,-7,5,-1,19,45,178,32,0,65,0,0,1,6,-14,0,0,-16,15,27,0,0,0,1,0,0,0,0,0,0,97,255,0,0,0,0,8,0,59,65,0,21,0,0,0,6,149,0,0,0,14,0,0,-1,41,172,218,-111,0,0,2,0,13,0,176,0,3,0,53,0,168
1013,0,2,236,3,2,6,-1,-1,-4,5,-462,-15,-2,16,-86,13,-4,1,-4,8,30,3,-1,12,2,-28,23,-34,16,4,-7,5,-1,19,45,178,32,0,65,0,0,1,6,-14,0,0,-16,15,27,0,0,0,1,0,0,0,0,0,0,97,255,0,0,0,0,8,0,59,65,0,21,0,0,0,6,149,0,0,0,14,0,0,-1,41,172,218,-111,0,0,2,0,13,0,176,0,3,0,53,0,168,97
1014,2,236,3,2,6,-1,-1,-4,5,-462,-15,-2,16,-86,13,-4,1,-4,8,30,3,-1,12,2,-28,23,-34,16,4,-7,5,-1,19,45,178,32,0,65,0,0,1,6,-14,0,0,-16,15,27,0,0,0,1,0,0,0,0,0,0,97,255,0,0,0,0,8,0,59,65,0,21,0,0,0,6,149,0,0,0,14,0,0,-1,41,172,218,-111,0,0,2,0,13,0,176,0,3,0,53,0,168,97,0
1015,236,3,2,6,-1,-1,-4,5,-462,-15,-2,16,-86,13,-4,1,-4,8,30,3,-1,12,2,-28,23,-34,16,4,-7,5,-1,19,45,178,32,0,65,0,0,1,6,-14,0,0,-16,15,27,0,0,0,1,0,0,0,0,0,0,97,255,0,0,0,0,8,0,59,65,0,21,0,0,0,6,149,0,0,0,14,0,0,-1,41,172,218,-111,0,0,2,0,13,0,176,0,3,0,53,0,168,97,0,0
1016,3,2,6,-1,-1,-4,5,-462,-15,-2,16,-86,13,-4,1,-4,8,30,3,-1,12,2,-28,23,-34,16,4,-7,5,-1,19,45,178,32,0,65,0,0,1,6,-14,0,0,-16,15,27,0,0,0,1,0,0,0,0,0,0,97,255,0,0,0,0,8,0,59,65,0,21,0,0,0,6,149,0,0,0,14,0,0,-1,41,172,218,-111,0,0,2,0,13,0,176,0,3,0,53,0,168,97,0,0,0
1017,2,6,-1,-1,-4,5,-462,-15,-2,16,-86,13,-4,1,-4,8,30,3,-1,12,2,-28,23,-34,16,4,-7,5,-1,19,45,178,32,0,65,0,0,1,6,-14,0,0,-16,15,27,0,0,0,1,0,0,0,0,0,0,97,255,0,0,0,0,8,0,59,65,0,21,0,0,0,6,149,0,0,0,14,0,0,-1,41,172,218,-111,0,0,2,0,13,0,176,0,3,0,53,0,168,97,0,0,0,3
1018,6,-1,-1,-4,5,-462,-15,-2,16,-86,13,-4,1,-4,8,30,3,-1,12,2,-28,23,-34,16,4,-7,5,-1,19,45,178,32,0,65,0,0,1,6,-14,0,0,-16,15,27,0,0,0,1,0,0,0,0,0,0,97,255,0,0,0,0,8,0,59,65,0,21,0,0,0,6,149,0,0,0,14,0,0,-1,41,172,218,-111,0,0,2,0,13,0,176,0,3,0,53,0,168,97,0,0,0,3,0
1019,-1,-1,-4,5,-462,-15,-2,16,-86,13,-4,1,-4,8,30,3,-1,12,2,-28,23,-34,16,4,-7,5,-1,19,45,178,32,0,65,0,0,1,6,-14,0,0,-16,15,27,0,0,0,1,0,0,0,0,0,0,97,255,0,0,0,0,8,0,59,65,0,21,0,0,0,6,149,0,0,0,14,0,0,-1,41,172,218,-111,0,0,2,0,13,0,176,0,3,0,53,0,168,97,0,0,0,3,0,206
1020,-1,-4,5,-462,-15,-2,16,-86,13,-4,1,-4,8,30,3,-1,12,2,-28,23,-34,16,4,-7,5,-1,19,45,178,32,0,65,0,0,1,6,-14,0,0,-16,15,27,0,0,0,1,0,0,0,0,0,0,97,255,0,0,0,0,8,0,59,65,0,21,0,0,0,6,149,0,0,0,14,0,0,-1,41,172,218,-111,0,0,2,0,13,0,176,0,3,0,53,0,168,97,0,0,0,3,0,206,3
1021,-4,5,-462,-15,-2,16,-86,13,-4,1,-4,8,30,3,-1,12,2,-28,23,-34,16,4,-7,5,-1,19,45,178,32,0,65,0,0,1,6,-14,0,0,-16,15,27,0,0,0,1,0,0,0,0,0,0,97,255,0,0,0,0,8,0,59,65,0,21,0,0,0,6,149,0,0,0,14,0,0,-1,41,172,218,-111,0,0,2,0,13,0,176,0,3,0,53,0,168,97,0,0,0,3,0,206,3,0
1022,5,-462,-15,-2,16,-86,13,-4,1,-4,8,30,3,-1,12,2,-28,23,-34,16,4,-7,5,-1,19,45,178,32,0,65,0,0,1,6,-14,0,0,-16,15,27,0,0,0,1,0,0,0,0,0,0,97,255,0,0,0,0,8,0,59,65,0,21,0,0,0,6,149,0,0,0,14,0,0,-1,41,172,218,-111,0,0,2,0,13,0,176,0,3,0,53,0,168,97,0,0,0,3,0,206,3,0,0
1023,-462,-15,-2,16,-86,13,-4,1,-4,8,30,3,-1,12,2,-28,23,-34,16,4,-7,5,-1,19,45,178,32,0,65,0,0,1,6,-14,0,0,-16,15,27,0,0,0,1,0,0,0,0,0,0,97,255,0,0,0,0,8,0,59,65,0,21,0,0,0,6,149,0,0,0,14,0,0,-1,41,172,218,-111,0,0,2,0,13,0,176,0,3,0,53,0,168,97,0,0,0,3,0,206,3,0,0,0
1024,-15,-2,16,-86,13,-4,1,-4,8,30,3,-1,12,2,-28,23,-34,16,4,-7,5,-1,19,45,178,32,0,65,0,0,1,6,-14,0,0,-16,15,27,0,0,0,1,0,0,0,0,0,0,97,255,0,0,0,0,8,0,59,65,0,21,0,0,0,6,149,0,0,0,14,0,0,-1,41,172,218,-111,0,0,2,0,13,0,176,0,3,0,53,0,168,97,0,0,0,3,0,206,3,0,0,0,0
1025,-2,16,-86,13,-4,1,-4,8,30,3,-1,12,2,-28,23,-34,16,4,-7,5,-1,19,45,178,32,0,65,0,0,1,6,-14,0,0,-16,15,27,0,0,0,1,0,0,0,0,0,0,97,255,0,0,0,0,8,0,59,65,0,21,0,0,0,6,149,0,0,0,14,0,0,-1,41,172,218,-111,0,0,2,0,13,0,176,0,3,0,53,0,168,97,0,0,0,3,0,206,3,0,0,0,0,4
1026,16,-86,13,-4,1,-4,8,30,3,-1,12,2,-28,23,-34,16,4,-7,5,-1,19,45,178,32,0,65,0,0,1,6,-14,0,0,-16,15,27,0,0,0,1,0,0,0,0,0,0,97,255,0,0,0,0,8,0,59,65,0,21,0,0,0,6,149,0,0,0,14,0,0,-1,41,172,218,-111,0,0,2,0,13,0,176,0,3,0,53,0,168,97,0,0,0,3,0,206,3,0,0,0,0,4,230
1027,-86,13,-4,1,-4,8,30,3,-1,12,2,-28,23,-34,16,4,-7,5,-1,19,45,178,32,0,65,0,0,1,6,-14,0,0,-16,15,27,0,0,0,1,0,0,0,0,0,0,97,255,0,0,0,0,8,0,59,65,0,21,0,0,0,6,149,0,0,0,14,0,0,-1,41,172,218,-111,0,0,2,0,13,0,176,0,3,0,53,0,168,97,0,0,0,3,0,206,3,0,0,0,0,4,230,0
1028,13,-4,1,-4,8,30,3,-1,12,2,-28,23,-34,16,4,-7,5,-1,19,45,178,32,0,65,0,0,1,6,-14,0,0,-16,15,27,0,0,0,1,0,0,0,0,0,0,97,255,0,0,0,0,8,0,59,65,0,21,0,0,0,6,149,0,0,0,14,0,0,-1,41,172,218,-111,0,0,2,0,13,0,176,0,3,0,53,0,168,97,0,0,0,3,0,206,3,0,0,0,0,4,230,0,3
1029,-4,1,-4,8,30,3,-1,12,2,-28,23,-34,16,4,-7,5,-1,19,45,178,32,0,65,0,0,1,6,-14,0,0,-16,15,27,0,0,0,1,0,0,0,0,0,0,97,255,0,0,0,0,8,0,59,65,0,21,0,0,0,6,149,0,0,0,14,0,0,-1,41,172,218,-111,0,0,2,0,13,0,176,0,3,0,53,0,168,97,0,0,0,3,0,206,3,0,0,0,0,4,230,0,3,23
1030,1,-4,8,30,3,-1,12,2,-28,23,-34,16,4,-7,5,-1,19,45,178,32,0,65,0,0,1,6,-14,0,0,-16,15,27,0,0,0,1,0,0,0,0,0,0,97,255,0,0,0,0,8,0,59,65,0,21,0,0,0,6,149,0,0,0,14,0,0,-1,41,172,218,-111,0,0,2,0,13,0,176,0,3,0,53,0,168,97,0,0,0,3,0,206,3,0,0,0,0,4,230,0,3,23,3
1031,-4,8,30,3,-1,12,2,-28,23,-34,16,4,-7,5,-1,19,45,178,32,0,65,0,0,1,6,-14,0,0,-16,15,27,0,0,0,1,0,0,0,0,0,0,97,255,0,0,0,0,8,0,59,65,0,21,0,0,0,6,149,0,0,0,14,0,0,-1,41,172,218,-111,0,0,2,0,13,0,176,0,3,0,53,0,168,97,0,0,0,3,0,206,3,0,0,0,0,4,230,0,3,23,3,85
1032,8,30,3,-1,12,2,-28,23,-34,16,4,-7,5,-1,19,45,178,32,0,65,0,0,1,6,-14,0,0,-16,15,27,0,0,0,1,0,0,0,0,0,0,97,255,0,0,0,0,8,0,59,65,0,21,0,0,0,6,149,0,0,0,14,0,0,-1,41,172,218,-111,0,0,2,0,13,0,176,0,3,0,53,0,168,97,0,0,0,3,0,206,3,0,0,0,0,4,230,0,3,23,3,85,42
1033,30,3,-1,12,2,-28,23,-34,16,4,-7,5,-1,19,45,178,32,0,65,0,0,1,6,-14,0,0,-16,15,27,0,0,0,1,0,0,0,0,0,0,97,255,0,0,0,0,8,0,59,65,0,21,0,0,0,6,149,0,0,0,14,0,0,-1,41,172,218,-111,0,0,2,0,13,0,176,0,3,0,53,0,168,97,0,0,0,3,0,206,3,0,0,0,0,4,230,0,3,23,3,85,42,0
1034,3,-1,12,2,-28,23,-34,16,4,-7,5,-1,19,45,178,32,0,65,0,0,1,6,-14,0,0,-16,15,27,0,0,0,1,0,0,0,0,0,0,97,255,0,0,0,0,8,0,59,65,0,21,0,0,0,6,149,0,0,0,14,0,0,-1,41,172,218,-111,0,0,2,0,13,0,176,0,3,0,53,0,168,97,0,0,0,3,0,206,3,0,0,0,0,4,230,0,3,23,3,85,42,0,0
1035,-1,12,2,-28,23,-34,16,4,-7,5,-1,19,45,178,32,0,65,0,0,1,6,-14,0,0,-16,15,27,0,0,0,1,0,0,0,0,0,0,97,255,0,0,0,0,8,0,59,65,0,21,0,0,0,6,149,0,0,0,14,0,0,-1,41,172,218,-111,0,0,2,0,13,0,176,0,3,0,53,0,168,97,0,0,0,3,0,206,3,0,0,0,0,4,230,0,3,23,3,85,42,0,0,0
1036,12,2,-28,23,-34,16,4,-7,5,-1,19,45,178,32,0,65,0,0,1,6,-14,0,0,-16,15,27,0,0,0,1,0,0,0,0,0,0,97,255,0,0,0,0,8,0,59,65,0,21,0,0,0,6,149,0,0,0,14,0,0,-1,41,172,218,-111,0,0,2,0,13,0,176,0,3,0,53,0,168,97,0,0,0,3,0,206,3,0,0,0,0,4,230,0,3,23,3,85,42,0,0,0,0
1037,2,-28,23,-34,16,4,-7,5,-1,19,45,178,32,0,65,0,0,1,6,-14,0,0,-16,15,27,0,0,0,1,0,0,0,0,0,0,97,255,0,0,0,0,8,0,59,65,0,21,0,0,0,6,149,0,0,0,14,0,0,-1,41,172,218,-111,0,0,2,0,13,0,176,0,3,0,53,0,168,97,0,0,0,3,0,206,3,0,0,0,0,4,230,0,3,23,3,85,42,0,0,0,0,0
1038,-28,23,-34,16,4,-7,5,-1,19,45,178,32,0,65,0,0,1,6,-14,0,0,-16,15,27,0,0,0,1,0,0,0,0,0,0,97,255,0,0,0,0,8,0,59,65,0,21,0,0,0,6,149,0,0,0,14,0,0,-1,41,172,218,-111,0,0,2,0,13,0,176,0,3,0,53,0,168,97,0,0,0,3,0,206,3,0,0,0,0,4,230,0,3,23,3,85,42,0,0,0,0,0,158
1039,23,-34,16,4,-7,5,-1,19,45,178,32,0,65,0,0,1,6,-14,0,0,-16,15,27,0,0,0,1,0,0,0,0,0,0,97,255,0,0,0,0,8,0,59,65,0,21,0,0,0,6,149,0,0,0,14,0,0,-1,41,172,218,-111,0,0,2,0,13,0,176,0,3,0,53,0,168,97,0,0,0,3,0,206,3,0,0,0,0,4,230,0,3,23,3,85,42,0,0,0,0,0,158,8
1040,-34,16,4,-7,5,-1,19,45,178,32,0,65,0,0,1,6,-14,0,0,-16,15,27,0,0,0,1,0,0,0,0,0,0,97,255,0,0,0,0,8,0,59,65,0,21,0,0,0,6,149,0,0,0,14,0,0,-1,41,172,218,-111,0,0,2,0,13,0,176,0,3,0,53,0,168,97,0,0,0,3,0,206,3,0,0,0,0,4,230,0,3,23,3,85,42,0,0,0,0,0,158,8,0
1041,16,4,-7,5,-1,19,45,178,32,0,65,0,0,1,6,-14,0,0,-16,15,27,0,0,0,1,0,0,0,0,0,0,97,255,0,0,0,0,8,0,59,65,0,21,0,0,0,6,149,0,0,0,14,0,0,-1,41,172,218,-111,0,0,2,0,13,0,176,0,3,0,53,0,168,97,0,0,0,3,0,206,3,0,0,0,0,4,230,0,3,23,3,85,42,0,0,0,0,0,158,8,0,0
1042,4,-7,5,-1,19,45,178,32,0,65,0,0,1,6,-14,0,0,-16,15,27,0,0,0,1,0,0,0,0,0,0,97,255,0,0,0,0,8,0,59,65,0,21,0,0,0,6,149,0,0,0,14,0,0,-1,41,172,218,-111,0,0,2,0,13,0,176,0,3,0,53,0,168,97,0,0,0,3,0,206,3,0,0,0,0,4,230,0,3,23,3,85,42,0,0,0,0,0,158,8,0,0,0
1043,-7,5,-1,19,45,178,32,0,65,0,0,1,6,-14,0,0,-16,15,27,0,0,0,1,0,0,0,0,0,0,97,255,0,0,0,0,8,0,59,65,0,21,0,0,0,6,149,0,0,0,14,0,0,-1,41,172,218,-111,0,0,2,0,13,0,176,0,3,0,53,0,168,97,0,0,0,3,0,206,3,0,0,0,0,4,230,0,3,23,3,85,42,0,0,0,0,0,158,8,0,0,0,153
1044,5,-1,19,45,178,32,0,65,0,0,1,6,-14,0,0,-16,15,27,0,0,0,1,0,0,0,0,0,0,97,255,0,0,0,0,8,0,59,65,0,21,0,0,0,6,149,0,0,0,14,0,0,-1,41,172,218,-111,0,0,2,0,13,0,176,0,3,0,53,0,168,97,0,0,0,3,0,206,3,0,0,0,0,4,230,0,3,23,3,85,42,0,0,0,0,0,158,8,0,0,0,153,0
1045,-1,19,45,178,32,0,65,0,0,1,6,-14,0,0,-16,15,27,0,0,0,1,0,0,0,0,0,0,97,255,0,0,0,0,8,0,59,65,0,21,0,0,0,6,149,0,0,0,14,0,0,-1,41,172,218,-111,0,0,2,0,13,0,176,0,3,0,53,0,168,97,0,0,0,3,0,206,3,0,0,0,0,4,230,0,3,23,3,85,42,0,0,0,0,0,158,8,0,0,0,153,0,0
1046,19,45,178,32,0,65,0,0,1,6,-14,0,0,-16,15,27,0,0,0,1,0,0,0,0,0,0,97,255,0,0,0,0,8,0,59,65,0,21,0,0,0,6,149,0,0,0,14,0,0,-1,41,172,218,-111,0,0,2,0,13,0,176,0,3,0,53,0,168,97,0,0,0,3,0,206,3,0,0,0,0,4,230,0,3,23,3,85,42,0,0,0,0,0,158,8,0,0,0,153,0,0,0
1047,45,178,32,0,65,0,0,1,6,-14,0,0,-16,15,27,0,0,0,1,0,0,0,0,0,0,97,255,0,0,0,0,8,0,59,65,0,21,0,0,0,6,149,0,0,0,14,0,0,-1,41,172,218,-111,0,0,2,0,13,0,176,0,3,0,53,0,168,97,0,0,0,3,0,206,3,0,0,0,0,4,230,0,3,23,3,85,42,0,0,0,0,0,158,8,0,0,0,153,0,0,0,0
1048,178,32,0,65,0,0,1,6,-14,0,0,-16,15,27,0,0,0,1,0,0,0,0,0,0,97,255,0,0,0,0,8,0,59,65,0,21,0,0,0,6,149,0,0,0,14,0,0,-1,41,172,218,-111,0,0,2,0,13,0,176,0,3,0,53,0,168,97,0,0,0,3,0,206,3,0,0,0,0,4,230,0,3,23,3,85,42,0,0,0,0,0,158,8,0,0,0,153,0,0,0,0,0
1049,32,0,65,0,0,1,6,-14,0,0,-16,15,27,0,0,0,1,0,0,0,0,0,0,97,255,0,0,0,0,8,0,59,65,0,21,0,0,0,6,149,0,0,0,14,0,0,-1,41,172,218,-111,0,0,2,0,13,0,176,0,3,0,53,0,168,97,0,0,0,3,0,206,3,0,0,0,0,4,230,0,3,23,3,85,42,0,0,0,0,0,158,8,0,0,0,153,0,0,0,0,0,53
1050,0,65,0,0,1,6,-14,0,0,-16,15,27,0,0,0,1,0,0,0,0,0,0,97,255,0,0,0,0,8,0,59,65,0,21,0,0,0,6,149,0,0,0,14,0,0,-1,41,172,218,-111,0,0,2,0,13,0,176,0,3,0,53,0,168,97,0,0,0,3,0,206,3,0,0,0,0,4,230,0,3,23,3,85,42,0,0,0,0,0,158,8,0,0,0,153,0,0,0,0,0,53,0
1051,65,0,0,1,6,-14,0,0,-16,15,27,0,0,0,1,0,0,0,0,0,0,97,255,0,0,0,0,8,0,59,65,0,21,0,0,0,6,149,0,0,0,14,0,0,-1,41,172,218,-111,0,0,2,0,13,0,176,0,3,0,53,0,168,97,0,0,0,3,0,206,3,0,0,0,0,4,230,0,3,23,3,85,42,0,0,0,0,0,158,8,0,0,0,153,0,0,0,0,0,53,0,0
1052,0,0,1,6,-14,0,0,-16,15,27,0,0,0,1,0,0,0,0,0,0,97,255,0,0,0,0,8,0,59,65,0,21,0,0,0,6,149,0,0,0,14,0,0,-1,41,172,218,-111,0,0,2,0,13,0,176,0,3,0,53,0,168,97,0,0,0,3,0,206,3,0,0,0,0,4,230,0,3,23,3,85,42,0,0,0,0,0,158,8,0,0,0,153,0,0,0,0,0,53,0,0,0
1053,0,1,6,-14,0,0,-16,15,27,0,0,0,1,0,0,0,0,0,0,97,255,0,0,0,0,8,0,59,65,0,21,0,0,0,6,149,0,0,0,14,0,0,-1,41,172,218,-111,0,0,2,0,13,0,176,0,3,0,53,0,168,97,0,0,0,3,0,206,3,0,0,0,0,4,230,0,3,23,3,85,42,0,0,0,0,0,158,8,0,0,0,153,0,0,0,0,0,53,0,0,0,0
1054,1,6,-14,0,0,-16,15,27,0,0,0,1,0,0,0,0,0,0,97,255,0,0,0,0,8,0,59,65,0,21,0,0,0,6,149,0,0,0,14,0,0,-1,41,172,218,-111,0,0,2,0,13,0,176,0,3,0,53,0,168,97,0,0,0,3,0,206,3,0,0,0,0,4,230,0,3,23,3,85,42,0,0,0,0,0,158,8,0,0,0,153,0,0,0,0,0,53,0,0,0,0,0
1055,6,-14,0,0,-16,15,27,0,0,0,1,0,0,0,0,0,0,97,255,0,0,0,0,8,0,59,65,0,21,0,0,0,6,149,0,0,0,14,0,0,-1,41,172,218,-111,0,0,2,0,13,0,176,0,3,0,53,0,168,97,0,0,0,3,0,206,3,0,0,0,0,4,230,0,3,23,3,85,42,0,0,0,0,0,158,8,0,0,0,153,0,0,0,0,0,53,0,0,0,0,0,316
1056,-14,0,0,-16,15,27,0,0,0,1,0,0,0,0,0,0,97,255,0,0,0,0,8,0,59,65,0,21,0,0,0,6,149,0,0,0,14,0,0,-1,41,172,218,-111,0,0,2,0,13,0,176,0,3,0,53,0,168,97,0,0,0,3,0,206,3,0,0,0,0,4,230,0,3,23,3,85,42,0,0,0,0,0,158,8,0,0,0,153,0,0,0,0,0,53,0,0,0,0,0,316,0
1057,0,0,-16,15,27,0,0,0,1,0,0,0,0,0,0,97,255,0,0,0,0,8,0,59,65,0,21,0,0,0,6,149,0,0,0,14,0,0,-1,41,172,218,-111,0,0,2,0,13,0,176,0,3,0,53,0,168,97,0,0,0,3,0,206,3,0,0,0,0,4,230,0,3,23,3,85,42,0,0,0,0,0,158,8,0,0,0,153,0,0,0,0,0,53,0,0,0,0,0,316,0,0
1058,0,-16,15,27,0,0,0,1,0,0,0,0,0,0,97,255,0,0,0,0,8,0,59,65,0,21,0,0,0,6,149,0,0,0,14,0,0,-1,41,172,218,-111,0,0,2,0,13,0,176,0,3,0,53,0,168,97,0,0,0,3,0,206,3,0,0,0,0,4,230,0,3,23,3,85,42,0,0,0,0,0,158,8,0,0,0,153,0,0,0,0,0,53,0,0,0,0,0,316,0,0,0
1059,-16,15,27,0,0,0,1,0,0,0,0,0,0,97,255,0,0,0,0,8,0,59,65,0,21,0,0,0,6,149,0,0,0,14,0,0,-1,41,172,218,-111,0,0,2,0,13,0,176,0,3,0,53,0,168,97,0,0,0,3,0,206,3,0,0,0,0,4,230,0,3,23,3,85,42,0,0,0,0,0,158,8,0,0,0,153,0,0,0,0,0,53,0,0,0,0,0,316,0,0,0,0
1060,15,27,0,0,0,1,0,0,0,0,0,0,97,255,0,0,0,0,8,0,59,65,0,21,0,0,0,6,149,0,0,0,14,0,0,-1,41,172,218,-111,0,0,2,0,13,0,176,0,3,0,53,0,168,97,0,0,0,3,0,206,3,0,0,0,0,4,230,0,3,23,3,85,42,0,0,0,0,0,158,8,0,0,0,153,0,0,0,0,0,53,0,0,0,0,0,316,0,0,0,0,125
1061,27,0,0,0,1,0,0,0,0,0,0,97,255,0,0,0,0,8,0,59,65,0,21,0,0,0,6,149,0,0,0,14,0,0,-1,41,172,218,-111,0,0,2,0,13,0,176,0,3,0,53,0,168,97,0,0,0,3,0,206,3,0,0,0,0,4,230,0,3,23,3,85,42,0,0,0,0,0,158,8,0,0,0,153,0,0,0,0,0,53,0,0,0,0,0,316,0,0,0,0,125,44
1062,0,0,0,1,0,0,0,0,0,0,97,255,0,0,0,0,8,0,59,65,0,21,0,0,0,6,149,0,0,0,14,0,0,-1,41,172,218,-111,0,0,2,0,13,0,176,0,3,0,53,0,168,97,0,0,0,3,0,206,3,0,0,0,0,4,230,0,3,23,3,85,42,0,0,0,0,0,158,8,0,0,0,153,0,0,0,0,0,53,0,0,0,0,0,316,0,0,0,0,125,44,0
1063,0,0,1,0,0,0,0,0,0,97,255,0,0,0,0,8,0,59,65,0,21,0,0,0,6,149,0,0,0,14,0,0,-1,41,172,218,-111,0,0,2,0,13,0,176,0,3,0,53,0,168,97,0,0,0,3,0,206,3,0,0,0,0,4,230,0,3,23,3,85,42,0,0,0,0,0,158,8,0,0,0,153,0,0,0,0,0,53,0,0,0,0,0,316,0,0,0,0,125,44,0,0
1064,0,1,0,0,0,0,0,0,97,255,0,0,0,0,8,0,59,65,0,21,0,0,0,6,149,0,0,0,14,0,0,-1,41,172,218,-111,0,0,2,0,13,0,176,0,3,0,53,0,168,97,0,0,0,3,0,206,3,0,0,0,0,4,230,0,3,23,3,85,42,0,0,0,0,0,158,8,0,0,0,153,0,0,0,0,0,53,0,0,0,0,0,316,0,0,0,0,125,44,0,0,0
1065,1,0,0,0,0,0,0,97,255,0,0,0,0,8,0,59,65,0,21,0,0,0,6,149,0,0,0,14,0,0,-1,41,172,218,-111,0,0,2,0,13,0,176,0,3,0,53,0,168,97,0,0,0,3,0,206,3,0,0,0,0,4,230,0,3,23,3,85,42,0,0,0,0,0,158,8,0,0,0,153,0,0,0,0,0,53,0,0,0,0,0,316,0,0,0,0,125,44,0,0,0,17
1066,0,0,0,0,0,0,97,255,0,0,0,0,8,0,59,65,0,21,0,0,0,6,149,0,0,0,14,0,0,-1,41,172,218,-111,0,0,2,0,13,0,176,0,3,0,53,0,168,97,0,0,0,3,0,206,3,0,0,0,0,4,230,0,3,23,3,85,42,0,0,0,0,0,158,8,0,0,0,153,0,0,0,0,0,53,0,0,0,0,0,316,0,0,0,0,125,44,0,0,0,17,0
1067,0,0,0,0,0,97,255,0,0,0,0,8,0,59,65,0,21,0,0,0,6,149,0,0,0,14,0,0,-1,41,172,218,-111,0,0,2,0,13,0,176,0,3,0,53,0,168,97,0,0,0,3,0,206,3,0,0,0,0,4,230,0,3,23,3,85,42,0,0,0,0,0,158,8,0,0,0,153,0,0,0,0,0,53,0,0,0,0,0,316,0,0,0,0,125,44,0,0,0,17,0,204
1068,0,0,0,0,97,255,0,0,0,0,8,0,59,65,0,21,0,0,0,6,149,0,0,0,14,0,0,-1,41,172,218,-111,0,0,2,0,13,0,176,0,3,0,53,0,168,97,0,0,0,3,0,206,3,0,0,0,0,4,230,0,3,23,3,85,42,0,0,0,0,0,158,8,0,0,0,153,0,0,0,0,0,53,0,0,0,0,0,316,0,0,0,0,125,44,0,0,0,17,0,204,0
1069,0,0,0,97,255,0,0,0,0,8,0,59,65,0,21,0,0,0,6,149,0,0,0,14,0,0,-1,41,172,218,-111,0,0,2,0,13,0,176,0,3,0,53,0,168,97,0,0,0,3,0,206,3,0,0,0,0,4,230,0,3,23,3,85,42,0,0,0,0,0,158,8,0,0,0,153,0,0,0,0,0,53,0,0,0,0,0,316,0,0,0,0,125,44,0,0,0,17,0,204,0,0
1070,0,0,97,255,0,0,0,0,8,0,59,65,0,21,0,0,0,6,149,0,0,0,14,0,0,-1,41,172,218,-111,0,0,2,0,13,0,176,0,3,0,53,0,168,97,0,0,0,3,0,206,3,0,0,0,0,4,230,0,3,23,3,85,42,0,0,0,0,0,158,8,0,0,0,153,0,0,0,0,0,53,0,0,0,0,0,316,0,0,0,0,125,44,0,0,0,17,0,204,0,0,0
1071,0,97,255,0,0,0,0,8,0,59,65,0,21,0,0,0,6,149,0,0,0,14,0,0,-1,41,172,218,-111,0,0,2,0,13,0,176,0,3,0,53,0,168,97,0,0,0,3,0,206,3,0,0,0,0,4,230,0,3,23,3,85,42,0,0,0,0,0,158,8,0,0,0,153,0,0,0,0,0,53,0,0,0,0,0,316,0,0,0,0,125,44,0,0,0,17,0,204,0,0,0,0
1072,97,255,0,0,0,0,8,0,59,65,0,21,0,0,0,6,149,0,0,0,14,0,0,-1,41,172,218,-111,0,0,2,0,13,0,176,0,3,0,53,0,168,97,0,0,0,3,0,206,3,0,0,0,0,4,230,0,3,23,3,85,42,0,0,0,0,0,158,8,0,0,0,153,0,0,0,0,0,53,0,0,0,0,0,316,0,0,0,0,125,44,0,0,0,17,0,204,0,0,0,0,0
1073,255,0,0,0,0,8,0,59,65,0,21,0,0,0,6,149,0,0,0,14,0,0,-1,41,172,218,-111,0,0,2,0,13,0,176,0,3,0,53,0,168,97,0,0,0,3,0,206,3,0,0,0,0,4,230,0,3,23,3,85,42,0,0,0,0,0,158,8,0,0,0,153,0,0,0,0,0,53,0,0,0,0,0,316,0,0,0,0,125,44,0,0,0,17,0,204,0,0,0,0,0,213
1074,0,0,0,0,8,0,59,65,0,21,0,0,0,6,149,0,0,0,14,0,0,-1,41,172,218,-111,0,0,2,0,13,0,176,0,3,0,53,0,168,97,0,0,0,3,0,206,3,0,0,0,0,4,230,0,3,23,3,85,42,0,0,0,0,0,158,8,0,0,0,153,0,0,0,0,0,53,0,0,0,0,0,316,0,0,0,0,125,44,0,0,0,17,0,204,0,0,0,0,0,213,1
1075,0,0,0,8,0,59,65,0,21,0,0,0,6,149,0,0,0,14,0,0,-1,41,172,218,-111,0,0,2,0,13,0,176,0,3,0,53,0,168,97,0,0,0,3,0,206,3,0,0,0,0,4,230,0,3,23,3,85,42,0,0,0,0,0,158,8,0,0,0,153,0,0,0,0,0,53,0,0,0,0,0,316,0,0,0,0,125,44,0,0,0,17,0,204,0,0,0,0,0,213,1,0
1076,0,0,8,0,59,65,0,21,0,0,0,6,149,0,0,0,14,0,0,-1,41,172,218,-111,0,0,2,0,13,0,176,0,3,0,53,0,168,97,0,0,0,3,0,206,3,0,0,0,0,4,230,0,3,23,3,85,42,0,0,0,0,0,158,8,0,0,0,153,0,0,0,0,0,53,0,0,0,0,0,316,0,0,0,0,125,44,0,0,0,17,0,204,0,0,0,0,0,213,1,0,0
1077,0,8,0,59,65,0,21,0,0,0,6,149,0,0,0,14,0,0,-1,41,172,218,-111,0,0,2,0,13,0,176,0,3,0,53,0,168,97,0,0,0,3,0,206,3,0,0,0,0,4,230,0,3,23,3,85,42,0,0,0,0,0,158,8,0,0,0,153,0,0,0,0,0,53,0,0,0,0,0,316,0,0,0,0,125,44,0,0,0,17,0,204,0,0,0,0,0,213,1,0,0,3
1078,8,0,59,65,0,21,0,0,0,6,149,0,0,0,14,0,0,-1,41,172,218,-111,0,0,2,0,13,0,176,0,3,0,53,0,168,97,0,0,0,3,0,206,3,0,0,0,0,4,230,0,3,23,3,85,42,0,0,0,0,0,158,8,0,0,0,153,0,0,0,0,0,53,0,0,0,0,0,316,0,0,0,0,125,44,0,0,0,17,0,204,0,0,0,0,0,213,1,0,0,3,47
1079,0,59,65,0,21,0,0,0,6,149,0,0,0,14,0,0,-1,41,172,218,-111,0,0,2,0,13,0,176,0,3,0,53,0,168,97,0,0,0,3,0,206,3,0,0,0,0,4,230,0,3,23,3,85,42,0,0,0,0,0,158,8,0,0,0,153,0,0,0,0,0,53,0,0,0,0,0,316,0,0,0,0,125,44,0,0,0,17,0,204,0,0,0,0,0,213,1,0,0,3,47,169
1080,59,65,0,21,0,0,0,6,149,0,0,0,14,0,0,-1,41,172,218,-111,0,0,2,0,13,0,176,0,3,0,53,0,168,97,0,0,0,3,0,206,3,0,0,0,0,4,230,0,3,23,3,85,42,0,0,0,0,0,158,8,0,0,0,153,0,0,0,0,0,53,0,0,0,0,0,316,0,0,0,0,125,44,0,0,0,17,0,204,0,0,0,0,0,213,1,0,0,3,47,169,-5
1081,65,0,21,0,0,0,6,149,0,0,0,14,0,0,-1,41,172,218,-111,0,0,2,0,13,0,176,0,3,0,53,0,168,97,0,0,0,3,0,206,3,0,0,0,0,4,230,0,3,23,3,85,42,0,0,0,0,0,158,8,0,0,0,153,0,0,0,0,0,53,0,0,0,0,0,316,0,0,0,0,125,44,0,0,0,17,0,204,0,0,0,0,0,213,1,0,0,3,47,169,-5,3
1082,0,21,0,0,0,6,149,0,0,0,14,0,0,-1,41,172,218,-111,0,0,2,0,13,0,176,0,3,0,53,0,168,97,0,0,0,3,0,206,3,0,0,0,0,4,230,0,3,23,3,85,42,0,0,0,0,0,158,8,0,0,0,153,0,0,0,0,0,53,0,0,0,0,0,316,0,0,0,0,125,44,0,0,0,17,0,204,0,0,0,0,0,213,1,0,0,3,47,169,-5,3,0
1083,21,0,0,0,6,149,0,0,0,14,0,0,-1,41,172,218,-111,0,0,2,0,13,0,176,0,3,0,53,0,168,97,0,0,0,3,0,206,3,0,0,0,0,4,230,0,3,23,3,85,42,0,0,0,0,0,158,8,0,0,0,153,0,0,0,0,0,53,0,0,0,0,0,316,0,0,0,0,125,44,0,0,0,17,0,204,0,0,0,0,0,213,1,0,0,3,47,169,-5,3,0,0
1084,0,0,0,6,149,0,0,0,14,0,0,-1,41,172,218,-111,0,0,2,0,13,0,176,0,3,0,53,0,168,97,0,0,0,3,0,206,3,0,0,0,0,4,230,0,3,23,3,85,42,0,0,0,0,0,158,8,0,0,0,153,0,0,0,0,0,53,0,0,0,0,0,316,0,0,0,0,125,44,0,0,0,17,0,204,0,0,0,0,0,213,1,0,0,3,47,169,-5,3,0,0,0
1085,0,0,6,149,0,0,0,14,0,0,-1,41,172,218,-111,0,0,2,0,13,0,176,0,3,0,53,0,168,97,0,0,0,3,0,206,3,0,0,0,0,4,230,0,3,23,3,85,42,0,0,0,0,0,158,8,0,0,0,153,0,0,0,0,0,53,0,0,0,0,0,316,0,0,0,0,125,44,0,0,0,17,0,204,0,0,0,0,0,213,1,0,0,3,47,169,-5,3,0,0,0,234
1086,0,6,149,0,0,0,14,0,0,-1,41,172,218,-111,0,0,2,0,13,0,176,0,3,0,53,0,168,97,0,0,0,3,0,206,3,0,0,0,0,4,230,0,3,23,3,85,42,0,0,0,0,0,158,8,0,0,0,153,0,0,0,0,0,53,0,0,0,0,0,316,0,0,0,0,125,44,0,0,0,17,0,204,0,0,0,0,0,213,1,0,0,3,47,169,-5,3,0,0,0,234,54
1087,6,149,0,0,0,14,0,0,-1,41,172,218,-111,0,0,2,0,13,0,176,0,3,0,53,0,168,97,0,0,0,3,0,206,3,0,0,0,0,4,230,0,3,23,3,85,42,0,0,0,0,0,158,8,0,0,0,153,0,0,0,0,0,53,0,0,0,0,0,316,0,0,0,0,125,44,0,0,0,17,0,204,0,0,0,0,0,213,1,0,0,3,47,169,-5,3,0,0,0,234,54,14
1088,149,0,0,0,14,0,0,-1,41,172,218,-111,0,0,2,0,13,0,176,0,3,0,53,0,168,97,0,0,0,3,0,206,3,0,0,0,0,4,230,0,3,23,3,85,42,0,0,0,0,0,158,8,0,0,0,153,0,0,0,0,0,53,0,0,0,0,0,316,0,0,0,0,125,44,0,0,0,17,0,204,0,0,0,0,0,213,1,0,0,3,47,169,-5,3,0,0,0,234,54,14,0
1089,0,0,0,14,0,0,-1,41,172,218,-111,0,0,2,0,13,0,176,0,3,0,53,0,168,97,0,0,0,3,0,206,3,0,0,0,0,4,230,0,3,23,3,85,42,0,0,0,0,0,158,8,0,0,0,153,0,0,0,0,0,53,0,0,0,0,0,316,0,0,0,0,125,44,0,0,0,17,0,204,0,0,0,0,0,213,1,0,0,3,47,169,-5,3,0,0,0,234,54,14,0,0
1090,0,0,14,0,0,-1,41,172,218,-111,0,0,2,0,13,0,176,0,3,0,53,0,168,97,0,0,0,3,0,206,3,0,0,0,0,4,230,0,3,23,3,85,42,0,0,0,0,0,158,8,0,0,0,153,0,0,0,0,0,53,0,0,0,0,0,316,0,0,0,0,125,44,0,0,0,17,0,204,0,0,0,0,0,213,1,0,0,3,47,169,-5,3,0,0,0,234,54,14,0,0,153
1091,0,14,0,0,-1,41,172,218,-111,0,0,2,0,13,0,176,0,3,0,53,0,168,97,0,0,0,3,0,206,3,0,0,0,0,4,230,0,3,23,3,85,42,0,0,0,0,0,158,8,0,0,0,153,0,0,0,0,0,53,0,0,0,0,0,316,0,0,0,0,125,44,0,0,0,17,0,204,0,0,0,0,0,213,1,0,0,3,47,169,-5,3,0,0,0,234,54,14,0,0,153,28
