target_index,t-100,t-99,t-98,t-97,t-96,t-95,t-94,t-93,t-92,t-91,t-90,t-89,t-88,t-87,t-86,t-85,t-84,t-83,t-82,t-81,t-80,t-79,t-78,t-77,t-76,t-75,t-74,t-73,t-72,t-71,t-70,t-69,t-68,t-67,t-66,t-65,t-64,t-63,t-62,t-61,t-60,t-59,t-58,t-57,t-56,t-55,t-54,t-53,t-52,t-51,t-50,t-49,t-48,t-47,t-46,t-45,t-44,t-43,t-42,t-41,t-40,t-39,t-38,t-37,t-36,t-35,t-34,t-33,t-32,t-31,t-30,t-29,t-28,t-27,t-26,t-25,t-24,t-23,t-22,t-21,t-20,t-19,t-18,t-17,t-16,t-15,t-14,t-13,t-12,t-11,t-10,t-9,t-8,t-7,t-6,t-5,t-4,t-3,t-2,t-1,target
101,185,145,-200,15,80,0,80,0,-35,-25,20,-10,-160,-115,-125,-95,5,5,-30,0,40,15,30,10,130,-30,-10,10,30,-35,25,0,50,0,-5,95,-65,-150,30,0,-35,105,25,75,0,-5,0,-45,-95,45,-150,90,265,-130,-25,15,0,-115,-75,-50,50,60,0,-85,25,75,25,50,0,75,25,-125,-100,175,50,-100,0,50,0,100,0,75,0,-150,-50,185,-230,-30,0,45,-5,-15,-10,-15,10,40,25,0,-60,-40,15
102,145,-200,15,80,0,80,0,-35,-25,20,-10,-160,-115,-125,-95,5,5,-30,0,40,15,30,10,130,-30,-10,10,30,-35,25,0,50,0,-5,95,-65,-150,30,0,-35,105,25,75,0,-5,0,-45,-95,45,-150,90,265,-130,-25,15,0,-115,-75,-50,50,60,0,-85,25,75,25,50,0,75,25,-125,-100,175,50,-100,0,50,0,100,0,75,0,-150,-50,185,-230,-30,0,45,-5,-15,-10,-15,10,40,25,0,-60,-40,15,60
103,-200,15,80,0,80,0,-35,-25,20,-10,-160,-115,-125,-95,5,5,-30,0,40,15,30,10,130,-30,-10,10,30,-35,25,0,50,0,-5,95,-65,-150,30,0,-35,105,25,75,0,-5,0,-45,-95,45,-150,90,265,-130,-25,15,0,-115,-75,-50,50,60,0,-85,25,75,25,50,0,75,25,-125,-100,175,50,-100,0,50,0,100,0,75,0,-150,-50,185,-230,-30,0,45,-5,-15,-10,-15,10,40,25,0,-60,-40,15,60,40
104,15,80,0,80,0,-35,-25,20,-10,-160,-115,-125,-95,5,5,-30,0,40,15,30,10,130,-30,-10,10,30,-35,25,0,50,0,-5,95,-65,-150,30,0,-35,105,25,75,0,-5,0,-45,-95,45,-150,90,265,-130,-25,15,0,-115,-75,-50,50,60,0,-85,25,75,25,50,0,75,25,-125,-100,175,50,-100,0,50,0,100,0,75,0,-150,-50,185,-230,-30,0,45,-5,-15,-10,-15,10,40,25,0,-60,-40,15,60,40,10
105,80,0,80,0,-35,-25,20,-10,-160,-115,-125,-95,5,5,-30,0,40,15,30,10,130,-30,-10,10,30,-35,25,0,50,0,-5,95,-65,-150,30,0,-35,105,25,75,0,-5,0,-45,-95,45,-150,90,265,-130,-25,15,0,-115,-75,-50,50,60,0,-85,25,75,25,50,0,75,25,-125,-100,175,50,-100,0,50,0,100,0,75,0,-150,-50,185,-230,-30,0,45,-5,-15,-10,-15,10,40,25,0,-60,-40,15,60,40,10,75
106,0,80,0,-35,-25,20,-10,-160,-115,-125,-95,5,5,-30,0,40,15,30,10,130,-30,-10,10,30,-35,25,0,50,0,-5,95,-65,-150,30,0,-35,105,25,75,0,-5,0,-45,-95,45,-150,90,265,-130,-25,15,0,-115,-75,-50,50,60,0,-85,25,75,25,50,0,75,25,-125,-100,175,50,-100,0,50,0,100,0,75,0,-150,-50,185,-230,-30,0,45,-5,-15,-10,-15,10,40,25,0,-60,-40,15,60,40,10,75,165
107,80,0,-35,-25,20,-10,-160,-115,-125,-95,5,5,-30,0,40,15,30,10,130,-30,-10,10,30,-35,25,0,50,0,-5,95,-65,-150,30,0,-35,105,25,75,0,-5,0,-45,-95,45,-150,90,265,-130,-25,15,0,-115,-75,-50,50,60,0,-85,25,75,25,50,0,75,25,-125,-100,175,50,-100,0,50,0,100,0,75,0,-150,-50,185,-230,-30,0,45,-5,-15,-10,-15,10,40,25,0,-60,-40,15,60,40,10,75,165,10
108,0,-35,-25,20,-10,-160,-115,-125,-95,5,5,-30,0,40,15,30,10,130,-30,-10,10,30,-35,25,0,50,0,-5,95,-65,-150,30,0,-35,105,25,75,0,-5,0,-45,-95,45,-150,90,265,-130,-25,15,0,-115,-75,-50,50,60,0,-85,25,75,25,50,0,75,25,-125,-100,175,50,-100,0,50,0,100,0,75,0,-150,-50,185,-230,-30,0,45,-5,-15,-10,-15,10,40,25,0,-60,-40,15,60,40,10,75,165,10,-140
109,-35,-25,20,-10,-160,-115,-125,-95,5,5,-30,0,40,15,30,10,130,-30,-10,10,30,-35,25,0,50,0,-5,95,-65,-150,30,0,-35,105,25,75,0,-5,0,-45,-95,45,-150,90,265,-130,-25,15,0,-115,-75,-50,50,60,0,-85,25,75,25,50,0,75,25,-125,-100,175,50,-100,0,50,0,100,0,75,0,-150,-50,185,-230,-30,0,45,-5,-15,-10,-15,10,40,25,0,-60,-40,15,60,40,10,75,165,10,-140,-185
110,-25,20,-10,-160,-115,-125,-95,5,5,-30,0,40,15,30,10,130,-30,-10,10,30,-35,25,0,50,0,-5,95,-65,-150,30,0,-35,105,25,75,0,-5,0,-45,-95,45,-150,90,265,-130,-25,15,0,-115,-75,-50,50,60,0,-85,25,75,25,50,0,75,25,-125,-100,175,50,-100,0,50,0,100,0,75,0,-150,-50,185,-230,-30,0,45,-5,-15,-10,-15,10,40,25,0,-60,-40,15,60,40,10,75,165,10,-140,-185,0
111,20,-10,-160,-115,-125,-95,5,5,-30,0,40,15,30,10,130,-30,-10,10,30,-35,25,0,50,0,-5,95,-65,-150,30,0,-35,105,25,75,0,-5,0,-45,-95,45,-150,90,265,-130,-25,15,0,-115,-75,-50,50,60,0,-85,25,75,25,50,0,75,25,-125,-100,175,50,-100,0,50,0,100,0,75,0,-150,-50,185,-230,-30,0,45,-5,-15,-10,-15,10,40,25,0,-60,-40,15,60,40,10,75,165,10,-140,-185,0,-115
112,-10,-160,-115,-125,-95,5,5,-30,0,40,15,30,10,130,-30,-10,10,30,-35,25,0,50,0,-5,95,-65,-150,30,0,-35,105,25,75,0,-5,0,-45,-95,45,-150,90,265,-130,-25,15,0,-115,-75,-50,50,60,0,-85,25,75,25,50,0,75,25,-125,-100,175,50,-100,0,50,0,100,0,75,0,-150,-50,185,-230,-30,0,45,-5,-15,-10,-15,10,40,25,0,-60,-40,15,60,40,10,75,165,10,-140,-185,0,-115,15
113,-160,-115,-125,-95,5,5,-30,0,40,15,30,10,130,-30,-10,10,30,-35,25,0,50,0,-5,95,-65,-150,30,0,-35,105,25,75,0,-5,0,-45,-95,45,-150,90,265,-130,-25,15,0,-115,-75,-50,50,60,0,-85,25,75,25,50,0,75,25,-125,-100,175,50,-100,0,50,0,100,0,75,0,-150,-50,185,-230,-30,0,45,-5,-15,-10,-15,10,40,25,0,-60,-40,15,60,40,10,75,165,10,-140,-185,0,-115,15,25
114,-115,-125,-95,5,5,-30,0,40,15,30,10,130,-30,-10,10,30,-35,25,0,50,0,-5,95,-65,-150,30,0,-35,105,25,75,0,-5,0,-45,-95,45,-150,90,265,-130,-25,15,0,-115,-75,-50,50,60,0,-85,25,75,25,50,0,75,25,-125,-100,175,50,-100,0,50,0,100,0,75,0,-150,-50,185,-230,-30,0,45,-5,-15,-10,-15,10,40,25,0,-60,-40,15,60,40,10,75,165,10,-140,-185,0,-115,15,25,50
115,-125,-95,5,5,-30,0,40,15,30,10,130,-30,-10,10,30,-35,25,0,50,0,-5,95,-65,-150,30,0,-35,105,25,75,0,-5,0,-45,-95,45,-150,90,265,-130,-25,15,0,-115,-75,-50,50,60,0,-85,25,75,25,50,0,75,25,-125,-100,175,50,-100,0,50,0,100,0,75,0,-150,-50,185,-230,-30,0,45,-5,-15,-10,-15,10,40,25,0,-60,-40,15,60,40,10,75,165,10,-140,-185,0,-115,15,25,50,-20
116,-95,5,5,-30,0,40,15,30,10,130,-30,-10,10,30,-35,25,0,50,0,-5,95,-65,-150,30,0,-35,105,25,75,0,-5,0,-45,-95,45,-150,90,265,-130,-25,15,0,-115,-75,-50,50,60,0,-85,25,75,25,50,0,75,25,-125,-100,175,50,-100,0,50,0,100,0,75,0,-150,-50,185,-230,-30,0,45,-5,-15,-10,-15,10,40,25,0,-60,-40,15,60,40,10,75,165,10,-140,-185,0,-115,15,25,50,-20,0
117,5,5,-30,0,40,15,30,10,130,-30,-10,10,30,-35,25,0,50,0,-5,95,-65,-150,30,0,-35,105,25,75,0,-5,0,-45,-95,45,-150,90,265,-130,-25,15,0,-115,-75,-50,50,60,0,-85,25,75,25,50,0,75,25,-125,-100,175,50,-100,0,50,0,100,0,75,0,-150,-50,185,-230,-30,0,45,-5,-15,-10,-15,10,40,25,0,-60,-40,15,60,40,10,75,165,10,-140,-185,0,-115,15,25,50,-20,0,0
118,5,-30,0,40,15,30,10,130,-30,-10,10,30,-35,25,0,50,0,-5,95,-65,-150,30,0,-35,105,25,75,0,-5,0,-45,-95,45,-150,90,265,-130,-25,15,0,-115,-75,-50,50,60,0,-85,25,75,25,50,0,75,25,-125,-100,175,50,-100,0,50,0,100,0,75,0,-150,-50,185,-230,-30,0,45,-5,-15,-10,-15,10,40,25,0,-60,-40,15,60,40,10,75,165,10,-140,-185,0,-115,15,25,50,-20,0,0,-40
119,-30,0,40,15,30,10,130,-30,-10,10,30,-35,25,0,50,0,-5,95,-65,-150,30,0,-35,105,25,75,0,-5,0,-45,-95,45,-150,90,265,-130,-25,15,0,-115,-75,-50,50,60,0,-85,25,75,25,50,0,75,25,-125,-100,175,50,-100,0,50,0,100,0,75,0,-150,-50,185,-230,-30,0,45,-5,-15,-10,-15,10,40,25,0,-60,-40,15,60,40,10,75,165,10,-140,-185,0,-115,15,25,50,-20,0,0,-40,-10
120,0,40,15,30,10,130,-30,-10,10,30,-35,25,0,50,0,-5,95,-65,-150,30,0,-35,105,25,75,0,-5,0,-45,-95,45,-150,90,265,-130,-25,15,0,-115,-75,-50,50,60,0,-85,25,75,25,50,0,75,25,-125,-100,175,50,-100,0,50,0,100,0,75,0,-150,-50,185,-230,-30,0,45,-5,-15,-10,-15,10,40,25,0,-60,-40,15,60,40,10,75,165,10,-140,-185,0,-115,15,25,50,-20,0,0,-40,-10,-45
121,40,15,30,10,130,-30,-10,10,30,-35,25,0,50,0,-5,95,-65,-150,30,0,-35,105,25,75,0,-5,0,-45,-95,45,-150,90,265,-130,-25,15,0,-115,-75,-50,50,60,0,-85,25,75,25,50,0,75,25,-125,-100,175,50,-100,0,50,0,100,0,75,0,-150,-50,185,-230,-30,0,45,-5,-15,-10,-15,10,40,25,0,-60,-40,15,60,40,10,75,165,10,-140,-185,0,-115,15,25,50,-20,0,0,-40,-10,-45,-85
122,15,30,10,130,-30,-10,10,30,-35,25,0,50,0,-5,95,-65,-150,30,0,-35,105,25,75,0,-5,0,-45,-95,45,-150,90,265,-130,-25,15,0,-115,-75,-50,50,60,0,-85,25,75,25,50,0,75,25,-125,-100,175,50,-100,0,50,0,100,0,75,0,-150,-50,185,-230,-30,0,45,-5,-15,-10,-15,10,40,25,0,-60,-40,15,60,40,10,75,165,10,-140,-185,0,-115,15,25,50,-20,0,0,-40,-10,-45,-85,80
123,30,10,130,-30,-10,10,30,-35,25,0,50,0,-5,95,-65,-150,30,0,-35,105,25,75,0,-5,0,-45,-95,45,-150,90,265,-130,-25,15,0,-115,-75,-50,50,60,0,-85,25,75,25,50,0,75,25,-125,-100,175,50,-100,0,50,0,100,0,75,0,-150,-50,185,-230,-30,0,45,-5,-15,-10,-15,10,40,25,0,-60,-40,15,60,40,10,75,165,10,-140,-185,0,-115,15,25,50,-20,0,0,-40,-10,-45,-85,80,-45
124,10,130,-30,-10,10,30,-35,25,0,50,0,-5,95,-65,-150,30,0,-35,105,25,75,0,-5,0,-45,-95,45,-150,90,265,-130,-25,15,0,-115,-75,-50,50,60,0,-85,25,75,25,50,0,75,25,-125,-100,175,50,-100,0,50,0,100,0,75,0,-150,-50,185,-230,-30,0,45,-5,-15,-10,-15,10,40,25,0,-60,-40,15,60,40,10,75,165,10,-140,-185,0,-115,15,25,50,-20,0,0,-40,-10,-45,-85,80,-45,-35
125,130,-30,-10,10,30,-35,25,0,50,0,-5,95,-65,-150,30,0,-35,105,25,75,0,-5,0,-45,-95,45,-150,90,265,-130,-25,15,0,-115,-75,-50,50,60,0,-85,25,75,25,50,0,75,25,-125,-100,175,50,-100,0,50,0,100,0,75,0,-150,-50,185,-230,-30,0,45,-5,-15,-10,-15,10,40,25,0,-60,-40,15,60,40,10,75,165,10,-140,-185,0,-115,15,25,50,-20,0,0,-40,-10,-45,-85,80,-45,-35,10
126,-30,-10,10,30,-35,25,0,50,0,-5,95,-65,-150,30,0,-35,105,25,75,0,-5,0,-45,-95,45,-150,90,265,-130,-25,15,0,-115,-75,-50,50,60,0,-85,25,75,25,50,0,75,25,-125,-100,175,50,-100,0,50,0,100,0,75,0,-150,-50,185,-230,-30,0,45,-5,-15,-10,-15,10,40,25,0,-60,-40,15,60,40,10,75,165,10,-140,-185,0,-115,15,25,50,-20,0,0,-40,-10,-45,-85,80,-45,-35,10,20
127,-10,10,30,-35,25,0,50,0,-5,95,-65,-150,30,0,-35,105,25,75,0,-5,0,-45,-95,45,-150,90,265,-130,-25,15,0,-115,-75,-50,50,60,0,-85,25,75,25,50,0,75,25,-125,-100,175,50,-100,0,50,0,100,0,75,0,-150,-50,185,-230,-30,0,45,-5,-15,-10,-15,10,40,25,0,-60,-40,15,60,40,10,75,165,10,-140,-185,0,-115,15,25,50,-20,0,0,-40,-10,-45,-85,80,-45,-35,10,20,50
128,10,30,-35,25,0,50,0,-5,95,-65,-150,30,0,-35,105,25,75,0,-5,0,-45,-95,45,-150,90,265,-130,-25,15,0,-115,-75,-50,50,60,0,-85,25,75,25,50,0,75,25,-125,-100,175,50,-100,0,50,0,100,0,75,0,-150,-50,185,-230,-30,0,45,-5,-15,-10,-15,10,40,25,0,-60,-40,15,60,40,10,75,165,10,-140,-185,0,-115,15,25,50,-20,0,0,-40,-10,-45,-85,80,-45,-35,10,20,50,-35
129,30,-35,25,0,50,0,-5,95,-65,-150,30,0,-35,105,25,75,0,-5,0,-45,-95,45,-150,90,265,-130,-25,15,0,-115,-75,-50,50,60,0,-85,25,75,25,50,0,75,25,-125,-100,175,50,-100,0,50,0,100,0,75,0,-150,-50,185,-230,-30,0,45,-5,-15,-10,-15,10,40,25,0,-60,-40,15,60,40,10,75,165,10,-140,-185,0,-115,15,25,50,-20,0,0,-40,-10,-45,-85,80,-45,-35,10,20,50,-35,-25
130,-35,25,0,50,0,-5,95,-65,-150,30,0,-35,105,25,75,0,-5,0,-45,-95,45,-150,90,265,-130,-25,15,0,-115,-75,-50,50,60,0,-85,25,75,25,50,0,75,25,-125,-100,175,50,-100,0,50,0,100,0,75,0,-150,-50,185,-230,-30,0,45,-5,-15,-10,-15,10,40,25,0,-60,-40,15,60,40,10,75,165,10,-140,-185,0,-115,15,25,50,-20,0,0,-40,-10,-45,-85,80,-45,-35,10,20,50,-35,-25,-30
131,25,0,50,0,-5,95,-65,-150,30,0,-35,105,25,75,0,-5,0,-45,-95,45,-150,90,265,-130,-25,15,0,-115,-75,-50,50,60,0,-85,25,75,25,50,0,75,25,-125,-100,175,50,-100,0,50,0,100,0,75,0,-150,-50,185,-230,-30,0,45,-5,-15,-10,-15,10,40,25,0,-60,-40,15,60,40,10,75,165,10,-140,-185,0,-115,15,25,50,-20,0,0,-40,-10,-45,-85,80,-45,-35,10,20,50,-35,-25,-30,40
132,0,50,0,-5,95,-65,-150,30,0,-35,105,25,75,0,-5,0,-45,-95,45,-150,90,265,-130,-25,15,0,-115,-75,-50,50,60,0,-85,25,75,25,50,0,75,25,-125,-100,175,50,-100,0,50,0,100,0,75,0,-150,-50,185,-230,-30,0,45,-5,-15,-10,-15,10,40,25,0,-60,-40,15,60,40,10,75,165,10,-140,-185,0,-115,15,25,50,-20,0,0,-40,-10,-45,-85,80,-45,-35,10,20,50,-35,-25,-30,40,-5
133,50,0,-5,95,-65,-150,30,0,-35,105,25,75,0,-5,0,-45,-95,45,-150,90,265,-130,-25,15,0,-115,-75,-50,50,60,0,-85,25,75,25,50,0,75,25,-125,-100,175,50,-100,0,50,0,100,0,75,0,-150,-50,185,-230,-30,0,45,-5,-15,-10,-15,10,40,25,0,-60,-40,15,60,40,10,75,165,10,-140,-185,0,-115,15,25,50,-20,0,0,-40,-10,-45,-85,80,-45,-35,10,20,50,-35,-25,-30,40,-5,70
134,0,-5,95,-65,-150,30,0,-35,105,25,75,0,-5,0,-45,-95,45,-150,90,265,-130,-25,15,0,-115,-75,-50,50,60,0,-85,25,75,25,50,0,75,25,-125,-100,175,50,-100,0,50,0,100,0,75,0,-150,-50,185,-230,-30,0,45,-5,-15,-10,-15,10,40,25,0,-60,-40,15,60,40,10,75,165,10,-140,-185,0,-115,15,25,50,-20,0,0,-40,-10,-45,-85,80,-45,-35,10,20,50,-35,-25,-30,40,-5,70,75
135,-5,95,-65,-150,30,0,-35,105,25,75,0,-5,0,-45,-95,45,-150,90,265,-130,-25,15,0,-115,-75,-50,50,60,0,-85,25,75,25,50,0,75,25,-125,-100,175,50,-100,0,50,0,100,0,75,0,-150,-50,185,-230,-30,0,45,-5,-15,-10,-15,10,40,25,0,-60,-40,15,60,40,10,75,165,10,-140,-185,0,-115,15,25,50,-20,0,0,-40,-10,-45,-85,80,-45,-35,10,20,50,-35,-25,-30,40,-5,70,75,5
136,95,-65,-150,30,0,-35,105,25,75,0,-5,0,-45,-95,45,-150,90,265,-130,-25,15,0,-115,-75,-50,50,60,0,-85,25,75,25,50,0,75,25,-125,-100,175,50,-100,0,50,0,100,0,75,0,-150,-50,185,-230,-30,0,45,-5,-15,-10,-15,10,40,25,0,-60,-40,15,60,40,10,75,165,10,-140,-185,0,-115,15,25,50,-20,0,0,-40,-10,-45,-85,80,-45,-35,10,20,50,-35,-25,-30,40,-5,70,75,5,75
137,-65,-150,30,0,-35,105,25,75,0,-5,0,-45,-95,45,-150,90,265,-130,-25,15,0,-115,-75,-50,50,60,0,-85,25,75,25,50,0,75,25,-125,-100,175,50,-100,0,50,0,100,0,75,0,-150,-50,185,-230,-30,0,45,-5,-15,-10,-15,10,40,25,0,-60,-40,15,60,40,10,75,165,10,-140,-185,0,-115,15,25,50,-20,0,0,-40,-10,-45,-85,80,-45,-35,10,20,50,-35,-25,-30,40,-5,70,75,5,75,0
138,-150,30,0,-35,105,25,75,0,-5,0,-45,-95,45,-150,90,265,-130,-25,15,0,-115,-75,-50,50,60,0,-85,25,75,25,50,0,75,25,-125,-100,175,50,-100,0,50,0,100,0,75,0,-150,-50,185,-230,-30,0,45,-5,-15,-10,-15,10,40,25,0,-60,-40,15,60,40,10,75,165,10,-140,-185,0,-115,15,25,50,-20,0,0,-40,-10,-45,-85,80,-45,-35,10,20,50,-35,-25,-30,40,-5,70,75,5,75,0,90
139,30,0,-35,105,25,75,0,-5,0,-45,-95,45,-150,90,265,-130,-25,15,0,-115,-75,-50,50,60,0,-85,25,75,25,50,0,75,25,-125,-100,175,50,-100,0,50,0,100,0,75,0,-150,-50,185,-230,-30,0,45,-5,-15,-10,-15,10,40,25,0,-60,-40,15,60,40,10,75,165,10,-140,-185,0,-115,15,25,50,-20,0,0,-40,-10,-45,-85,80,-45,-35,10,20,50,-35,-25,-30,40,-5,70,75,5,75,0,90,-35
140,0,-35,105,25,75,0,-5,0,-45,-95,45,-150,90,265,-130,-25,15,0,-115,-75,-50,50,60,0,-85,25,75,25,50,0,75,25,-125,-100,175,50,-100,0,50,0,100,0,75,0,-150,-50,185,-230,-30,0,45,-5,-15,-10,-15,10,40,25,0,-60,-40,15,60,40,10,75,165,10,-140,-185,0,-115,15,25,50,-20,0,0,-40,-10,-45,-85,80,-45,-35,10,20,50,-35,-25,-30,40,-5,70,75,5,75,0,90,-35,-65
141,-35,105,25,75,0,-5,0,-45,-95,45,-150,90,265,-130,-25,15,0,-115,-75,-50,50,60,0,-85,25,75,25,50,0,75,25,-125,-100,175,50,-100,0,50,0,100,0,75,0,-150,-50,185,-230,-30,0,45,-5,-15,-10,-15,10,40,25,0,-60,-40,15,60,40,10,75,165,10,-140,-185,0,-115,15,25,50,-20,0,0,-40,-10,-45,-85,80,-45,-35,10,20,50,-35,-25,-30,40,-5,70,75,5,75,0,90,-35,-65,10
142,105,25,75,0,-5,0,-45,-95,45,-150,90,265,-130,-25,15,0,-115,-75,-50,50,60,0,-85,25,75,25,50,0,75,25,-125,-100,175,50,-100,0,50,0,100,0,75,0,-150,-50,185,-230,-30,0,45,-5,-15,-10,-15,10,40,25,0,-60,-40,15,60,40,10,75,165,10,-140,-185,0,-115,15,25,50,-20,0,0,-40,-10,-45,-85,80,-45,-35,10,20,50,-35,-25,-30,40,-5,70,75,5,75,0,90,-35,-65,10,55
143,25,75,0,-5,0,-45,-95,45,-150,90,265,-130,-25,15,0,-115,-75,-50,50,60,0,-85,25,75,25,50,0,75,25,-125,-100,175,50,-100,0,50,0,100,0,75,0,-150,-50,185,-230,-30,0,45,-5,-15,-10,-15,10,40,25,0,-60,-40,15,60,40,10,75,165,10,-140,-185,0,-115,15,25,50,-20,0,0,-40,-10,-45,-85,80,-45,-35,10,20,50,-35,-25,-30,40,-5,70,75,5,75,0,90,-35,-65,10,55,0
144,75,0,-5,0,-45,-95,45,-150,90,265,-130,-25,15,0,-115,-75,-50,50,60,0,-85,25,75,25,50,0,75,25,-125,-100,175,50,-100,0,50,0,100,0,75,0,-150,-50,185,-230,-30,0,45,-5,-15,-10,-15,10,40,25,0,-60,-40,15,60,40,10,75,165,10,-140,-185,0,-115,15,25,50,-20,0,0,-40,-10,-45,-85,80,-45,-35,10,20,50,-35,-25,-30,40,-5,70,75,5,75,0,90,-35,-65,10,55,0,30
145,0,-5,0,-45,-95,45,-150,90,265,-130,-25,15,0,-115,-75,-50,50,60,0,-85,25,75,25,50,0,75,25,-125,-100,175,50,-100,0,50,0,100,0,75,0,-150,-50,185,-230,-30,0,45,-5,-15,-10,-15,10,40,25,0,-60,-40,15,60,40,10,75,165,10,-140,-185,0,-115,15,25,50,-20,0,0,-40,-10,-45,-85,80,-45,-35,10,20,50,-35,-25,-30,40,-5,70,75,5,75,0,90,-35,-65,10,55,0,30,65
146,-5,0,-45,-95,45,-150,90,265,-130,-25,15,0,-115,-75,-50,50,60,0,-85,25,75,25,50,0,75,25,-125,-100,175,50,-100,0,50,0,100,0,75,0,-150,-50,185,-230,-30,0,45,-5,-15,-10,-15,10,40,25,0,-60,-40,15,60,40,10,75,165,10,-140,-185,0,-115,15,25,50,-20,0,0,-40,-10,-45,-85,80,-45,-35,10,20,50,-35,-25,-30,40,-5,70,75,5,75,0,90,-35,-65,10,55,0,30,65,65
147,0,-45,-95,45,-150,90,265,-130,-25,15,0,-115,-75,-50,50,60,0,-85,25,75,25,50,0,75,25,-125,-100,175,50,-100,0,50,0,100,0,75,0,-150,-50,185,-230,-30,0,45,-5,-15,-10,-15,10,40,25,0,-60,-40,15,60,40,10,75,165,10,-140,-185,0,-115,15,25,50,-20,0,0,-40,-10,-45,-85,80,-45,-35,10,20,50,-35,-25,-30,40,-5,70,75,5,75,0,90,-35,-65,10,55,0,30,65,65,85
148,-45,-95,45,-150,90,265,-130,-25,15,0,-115,-75,-50,50,60,0,-85,25,75,25,50,0,75,25,-125,-100,175,50,-100,0,50,0,100,0,75,0,-150,-50,185,-230,-30,0,45,-5,-15,-10,-15,10,40,25,0,-60,-40,15,60,40,10,75,165,10,-140,-185,0,-115,15,25,50,-20,0,0,-40,-10,-45,-85,80,-45,-35,10,20,50,-35,-25,-30,40,-5,70,75,5,75,0,90,-35,-65,10,55,0,30,65,65,85,35
149,-95,45,-150,90,265,-130,-25,15,0,-115,-75,-50,50,60,0,-85,25,75,25,50,0,75,25,-125,-100,175,50,-100,0,50,0,100,0,75,0,-150,-50,185,-230,-30,0,45,-5,-15,-10,-15,10,40,25,0,-60,-40,15,60,40,10,75,165,10,-140,-185,0,-115,15,25,50,-20,0,0,-40,-10,-45,-85,80,-45,-35,10,20,50,-35,-25,-30,40,-5,70,75,5,75,0,90,-35,-65,10,55,0,30,65,65,85,35,-110
150,45,-150,90,265,-130,-25,15,0,-115,-75,-50,50,60,0,-85,25,75,25,50,0,75,25,-125,-100,175,50,-100,0,50,0,100,0,75,0,-150,-50,185,-230,-30,0,45,-5,-15,-10,-15,10,40,25,0,-60,-40,15,60,40,10,75,165,10,-140,-185,0,-115,15,25,50,-20,0,0,-40,-10,-45,-85,80,-45,-35,10,20,50,-35,-25,-30,40,-5,70,75,5,75,0,90,-35,-65,10,55,0,30,65,65,85,35,-110,220
151,-150,90,265,-130,-25,15,0,-115,-75,-50,50,60,0,-85,25,75,25,50,0,75,25,-125,-100,175,50,-100,0,50,0,100,0,75,0,-150,-50,185,-230,-30,0,45,-5,-15,-10,-15,10,40,25,0,-60,-40,15,60,40,10,75,165,10,-140,-185,0,-115,15,25,50,-20,0,0,-40,-10,-45,-85,80,-45,-35,10,20,50,-35,-25,-30,40,-5,70,75,5,75,0,90,-35,-65,10,55,0,30,65,65,85,35,-110,220,30
152,90,265,-130,-25,15,0,-115,-75,-50,50,60,0,-85,25,75,25,50,0,75,25,-125,-100,175,50,-100,0,50,0,100,0,75,0,-150,-50,185,-230,-30,0,45,-5,-15,-10,-15,10,40,25,0,-60,-40,15,60,40,10,75,165,10,-140,-185,0,-115,15,25,50,-20,0,0,-40,-10,-45,-85,80,-45,-35,10,20,50,-35,-25,-30,40,-5,70,75,5,75,0,90,-35,-65,10,55,0,30,65,65,85,35,-110,220,30,-25
153,265,-130,-25,15,0,-115,-75,-50,50,60,0,-85,25,75,25,50,0,75,25,-125,-100,175,50,-100,0,50,0,100,0,75,0,-150,-50,185,-230,-30,0,45,-5,-15,-10,-15,10,40,25,0,-60,-40,15,60,40,10,75,165,10,-140,-185,0,-115,15,25,50,-20,0,0,-40,-10,-45,-85,80,-45,-35,10,20,50,-35,-25,-30,40,-5,70,75,5,75,0,90,-35,-65,10,55,0,30,65,65,85,35,-110,220,30,-25,75
154,-130,-25,15,0,-115,-75,-50,50,60,0,-85,25,75,25,50,0,75,25,-125,-100,175,50,-100,0,50,0,100,0,75,0,-150,-50,185,-230,-30,0,45,-5,-15,-10,-15,10,40,25,0,-60,-40,15,60,40,10,75,165,10,-140,-185,0,-115,15,25,50,-20,0,0,-40,-10,-45,-85,80,-45,-35,10,20,50,-35,-25,-30,40,-5,70,75,5,75,0,90,-35,-65,10,55,0,30,65,65,85,35,-110,220,30,-25,75,150
155,-25,15,0,-115,-75,-50,50,60,0,-85,25,75,25,50,0,75,25,-125,-100,175,50,-100,0,50,0,100,0,75,0,-150,-50,185,-230,-30,0,45,-5,-15,-10,-15,10,40,25,0,-60,-40,15,60,40,10,75,165,10,-140,-185,0,-115,15,25,50,-20,0,0,-40,-10,-45,-85,80,-45,-35,10,20,50,-35,-25,-30,40,-5,70,75,5,75,0,90,-35,-65,10,55,0,30,65,65,85,35,-110,220,30,-25,75,150,-150
156,15,0,-115,-75,-50,50,60,0,-85,25,75,25,50,0,75,25,-125,-100,175,50,-100,0,50,0,100,0,75,0,-150,-50,185,-230,-30,0,45,-5,-15,-10,-15,10,40,25,0,-60,-40,15,60,40,10,75,165,10,-140,-185,0,-115,15,25,50,-20,0,0,-40,-10,-45,-85,80,-45,-35,10,20,50,-35,-25,-30,40,-5,70,75,5,75,0,90,-35,-65,10,55,0,30,65,65,85,35,-110,220,30,-25,75,150,-150,-150
157,0,-115,-75,-50,50,60,0,-85,25,75,25,50,0,75,25,-125,-100,175,50,-100,0,50,0,100,0,75,0,-150,-50,185,-230,-30,0,45,-5,-15,-10,-15,10,40,25,0,-60,-40,15,60,40,10,75,165,10,-140,-185,0,-115,15,25,50,-20,0,0,-40,-10,-45,-85,80,-45,-35,10,20,50,-35,-25,-30,40,-5,70,75,5,75,0,90,-35,-65,10,55,0,30,65,65,85,35,-110,220,30,-25,75,150,-150,-150,50
158,-115,-75,-50,50,60,0,-85,25,75,25,50,0,75,25,-125,-100,175,50,-100,0,50,0,100,0,75,0,-150,-50,185,-230,-30,0,45,-5,-15,-10,-15,10,40,25,0,-60,-40,15,60,40,10,75,165,10,-140,-185,0,-115,15,25,50,-20,0,0,-40,-10,-45,-85,80,-45,-35,10,20,50,-35,-25,-30,40,-5,70,75,5,75,0,90,-35,-65,10,55,0,30,65,65,85,35,-110,220,30,-25,75,150,-150,-150,50,25
159,-75,-50,50,60,0,-85,25,75,25,50,0,75,25,-125,-100,175,50,-100,0,50,0,100,0,75,0,-150,-50,185,-230,-30,0,45,-5,-15,-10,-15,10,40,25,0,-60,-40,15,60,40,10,75,165,10,-140,-185,0,-115,15,25,50,-20,0,0,-40,-10,-45,-85,80,-45,-35,10,20,50,-35,-25,-30,40,-5,70,75,5,75,0,90,-35,-65,10,55,0,30,65,65,85,35,-110,220,30,-25,75,150,-150,-150,50,25,0
160,-50,50,60,0,-85,25,75,25,50,0,75,25,-125,-100,175,50,-100,0,50,0,100,0,75,0,-150,-50,185,-230,-30,0,45,-5,-15,-10,-15,10,40,25,0,-60,-40,15,60,40,10,75,165,10,-140,-185,0,-115,15,25,50,-20,0,0,-40,-10,-45,-85,80,-45,-35,10,20,50,-35,-25,-30,40,-5,70,75,5,75,0,90,-35,-65,10,55,0,30,65,65,85,35,-110,220,30,-25,75,150,-150,-150,50,25,0,75
161,50,60,0,-85,25,75,25,50,0,75,25,-125,-100,175,50,-100,0,50,0,100,0,75,0,-150,-50,185,-230,-30,0,45,-5,-15,-10,-15,10,40,25,0,-60,-40,15,60,40,10,75,165,10,-140,-185,0,-115,15,25,50,-20,0,0,-40,-10,-45,-85,80,-45,-35,10,20,50,-35,-25,-30,40,-5,70,75,5,75,0,90,-35,-65,10,55,0,30,65,65,85,35,-110,220,30,-25,75,150,-150,-150,50,25,0,75,-75
162,60,0,-85,25,75,25,50,0,75,25,-125,-100,175,50,-100,0,50,0,100,0,75,0,-150,-50,185,-230,-30,0,45,-5,-15,-10,-15,10,40,25,0,-60,-40,15,60,40,10,75,165,10,-140,-185,0,-115,15,25,50,-20,0,0,-40,-10,-45,-85,80,-45,-35,10,20,50,-35,-25,-30,40,-5,70,75,5,75,0,90,-35,-65,10,55,0,30,65,65,85,35,-110,220,30,-25,75,150,-150,-150,50,25,0,75,-75,90
163,0,-85,25,75,25,50,0,75,25,-125,-100,175,50,-100,0,50,0,100,0,75,0,-150,-50,185,-230,-30,0,45,-5,-15,-10,-15,10,40,25,0,-60,-40,15,60,40,10,75,165,10,-140,-185,0,-115,15,25,50,-20,0,0,-40,-10,-45,-85,80,-45,-35,10,20,50,-35,-25,-30,40,-5,70,75,5,75,0,90,-35,-65,10,55,0,30,65,65,85,35,-110,220,30,-25,75,150,-150,-150,50,25,0,75,-75,90,15
164,-85,25,75,25,50,0,75,25,-125,-100,175,50,-100,0,50,0,100,0,75,0,-150,-50,185,-230,-30,0,45,-5,-15,-10,-15,10,40,25,0,-60,-40,15,60,40,10,75,165,10,-140,-185,0,-115,15,25,50,-20,0,0,-40,-10,-45,-85,80,-45,-35,10,20,50,-35,-25,-30,40,-5,70,75,5,75,0,90,-35,-65,10,55,0,30,65,65,85,35,-110,220,30,-25,75,150,-150,-150,50,25,0,75,-75,90,15,85
165,25,75,25,50,0,75,25,-125,-100,175,50,-100,0,50,0,100,0,75,0,-150,-50,185,-230,-30,0,45,-5,-15,-10,-15,10,40,25,0,-60,-40,15,60,40,10,75,165,10,-140,-185,0,-115,15,25,50,-20,0,0,-40,-10,-45,-85,80,-45,-35,10,20,50,-35,-25,-30,40,-5,70,75,5,75,0,90,-35,-65,10,55,0,30,65,65,85,35,-110,220,30,-25,75,150,-150,-150,50,25,0,75,-75,90,15,85,160
166,75,25,50,0,75,25,-125,-100,175,50,-100,0,50,0,100,0,75,0,-150,-50,185,-230,-30,0,45,-5,-15,-10,-15,10,40,25,0,-60,-40,15,60,40,10,75,165,10,-140,-185,0,-115,15,25,50,-20,0,0,-40,-10,-45,-85,80,-45,-35,10,20,50,-35,-25,-30,40,-5,70,75,5,75,0,90,-35,-65,10,55,0,30,65,65,85,35,-110,220,30,-25,75,150,-150,-150,50,25,0,75,-75,90,15,85,160,150
167,25,50,0,75,25,-125,-100,175,50,-100,0,50,0,100,0,75,0,-150,-50,185,-230,-30,0,45,-5,-15,-10,-15,10,40,25,0,-60,-40,15,60,40,10,75,165,10,-140,-185,0,-115,15,25,50,-20,0,0,-40,-10,-45,-85,80,-45,-35,10,20,50,-35,-25,-30,40,-5,70,75,5,75,0,90,-35,-65,10,55,0,30,65,65,85,35,-110,220,30,-25,75,150,-150,-150,50,25,0,75,-75,90,15,85,160,150,50
168,50,0,75,25,-125,-100,175,50,-100,0,50,0,100,0,75,0,-150,-50,185,-230,-30,0,45,-5,-15,-10,-15,10,40,25,0,-60,-40,15,60,40,10,75,165,10,-140,-185,0,-115,15,25,50,-20,0,0,-40,-10,-45,-85,80,-45,-35,10,20,50,-35,-25,-30,40,-5,70,75,5,75,0,90,-35,-65,10,55,0,30,65,65,85,35,-110,220,30,-25,75,150,-150,-150,50,25,0,75,-75,90,15,85,160,150,50,-325
169,0,75,25,-125,-100,175,50,-100,0,50,0,100,0,75,0,-150,-50,185,-230,-30,0,45,-5,-15,-10,-15,10,40,25,0,-60,-40,15,60,40,10,75,165,10,-140,-185,0,-115,15,25,50,-20,0,0,-40,-10,-45,-85,80,-45,-35,10,20,50,-35,-25,-30,40,-5,70,75,5,75,0,90,-35,-65,10,55,0,30,65,65,85,35,-110,220,30,-25,75,150,-150,-150,50,25,0,75,-75,90,15,85,160,150,50,-325,-225
170,75,25,-125,-100,175,50,-100,0,50,0,100,0,75,0,-150,-50,185,-230,-30,0,45,-5,-15,-10,-15,10,40,25,0,-60,-40,15,60,40,10,75,165,10,-140,-185,0,-115,15,25,50,-20,0,0,-40,-10,-45,-85,80,-45,-35,10,20,50,-35,-25,-30,40,-5,70,75,5,75,0,90,-35,-65,10,55,0,30,65,65,85,35,-110,220,30,-25,75,150,-150,-150,50,25,0,75,-75,90,15,85,160,150,50,-325,-225,130
171,25,-125,-100,175,50,-100,0,50,0,100,0,75,0,-150,-50,185,-230,-30,0,45,-5,-15,-10,-15,10,40,25,0,-60,-40,15,60,40,10,75,165,10,-140,-185,0,-115,15,25,50,-20,0,0,-40,-10,-45,-85,80,-45,-35,10,20,50,-35,-25,-30,40,-5,70,75,5,75,0,90,-35,-65,10,55,0,30,65,65,85,35,-110,220,30,-25,75,150,-150,-150,50,25,0,75,-75,90,15,85,160,150,50,-325,-225,130,190
172,-125,-100,175,50,-100,0,50,0,100,0,75,0,-150,-50,185,-230,-30,0,45,-5,-15,-10,-15,10,40,25,0,-60,-40,15,60,40,10,75,165,10,-140,-185,0,-115,15,25,50,-20,0,0,-40,-10,-45,-85,80,-45,-35,10,20,50,-35,-25,-30,40,-5,70,75,5,75,0,90,-35,-65,10,55,0,30,65,65,85,35,-110,220,30,-25,75,150,-150,-150,50,25,0,75,-75,90,15,85,160,150,50,-325,-225,130,190,-15
173,-100,175,50,-100,0,50,0,100,0,75,0,-150,-50,185,-230,-30,0,45,-5,-15,-10,-15,10,40,25,0,-60,-40,15,60,40,10,75,165,10,-140,-185,0,-115,15,25,50,-20,0,0,-40,-10,-45,-85,80,-45,-35,10,20,50,-35,-25,-30,40,-5,70,75,5,75,0,90,-35,-65,10,55,0,30,65,65,85,35,-110,220,30,-25,75,150,-150,-150,50,25,0,75,-75,90,15,85,160,150,50,-325,-225,130,190,-15,-55
174,175,50,-100,0,50,0,100,0,75,0,-150,-50,185,-230,-30,0,45,-5,-15,-10,-15,10,40,25,0,-60,-40,15,60,40,10,75,165,10,-140,-185,0,-115,15,25,50,-20,0,0,-40,-10,-45,-85,80,-45,-35,10,20,50,-35,-25,-30,40,-5,70,75,5,75,0,90,-35,-65,10,55,0,30,65,65,85,35,-110,220,30,-25,75,150,-150,-150,50,25,0,75,-75,90,15,85,160,150,50,-325,-225,130,190,-15,-55,15
175,50,-100,0,50,0,100,0,75,0,-150,-50,185,-230,-30,0,45,-5,-15,-10,-15,10,40,25,0,-60,-40,15,60,40,10,75,165,10,-140,-185,0,-115,15,25,50,-20,0,0,-40,-10,-45,-85,80,-45,-35,10,20,50,-35,-25,-30,40,-5,70,75,5,75,0,90,-35,-65,10,55,0,30,65,65,85,35,-110,220,30,-25,75,150,-150,-150,50,25,0,75,-75,90,15,85,160,150,50,-325,-225,130,190,-15,-55,15,-165
176,-100,0,50,0,100,0,75,0,-150,-50,185,-230,-30,0,45,-5,-15,-10,-15,10,40,25,0,-60,-40,15,60,40,10,75,165,10,-140,-185,0,-115,15,25,50,-20,0,0,-40,-10,-45,-85,80,-45,-35,10,20,50,-35,-25,-30,40,-5,70,75,5,75,0,90,-35,-65,10,55,0,30,65,65,85,35,-110,220,30,-25,75,150,-150,-150,50,25,0,75,-75,90,15,85,160,150,50,-325,-225,130,190,-15,-55,15,-165,-75
177,0,50,0,100,0,75,0,-150,-50,185,-230,-30,0,45,-5,-15,-10,-15,10,40,25,0,-60,-40,15,60,40,10,75,165,10,-140,-185,0,-115,15,25,50,-20,0,0,-40,-10,-45,-85,80,-45,-35,10,20,50,-35,-25,-30,40,-5,70,75,5,75,0,90,-35,-65,10,55,0,30,65,65,85,35,-110,220,30,-25,75,150,-150,-150,50,25,0,75,-75,90,15,85,160,150,50,-325,-225,130,190,-15,-55,15,-165,-75,85
178,50,0,100,0,75,0,-150,-50,185,-230,-30,0,45,-5,-15,-10,-15,10,40,25,0,-60,-40,15,60,40,10,75,165,10,-140,-185,0,-115,15,25,50,-20,0,0,-40,-10,-45,-85,80,-45,-35,10,20,50,-35,-25,-30,40,-5,70,75,5,75,0,90,-35,-65,10,55,0,30,65,65,85,35,-110,220,30,-25,75,150,-150,-150,50,25,0,75,-75,90,15,85,160,150,50,-325,-225,130,190,-15,-55,15,-165,-75,85,-65
179,0,100,0,75,0,-150,-50,185,-230,-30,0,45,-5,-15,-10,-15,10,40,25,0,-60,-40,15,60,40,10,75,165,10,-140,-185,0,-115,15,25,50,-20,0,0,-40,-10,-45,-85,80,-45,-35,10,20,50,-35,-25,-30,40,-5,70,75,5,75,0,90,-35,-65,10,55,0,30,65,65,85,35,-110,220,30,-25,75,150,-150,-150,50,25,0,75,-75,90,15,85,160,150,50,-325,-225,130,190,-15,-55,15,-165,-75,85,-65,-65
180,100,0,75,0,-150,-50,185,-230,-30,0,45,-5,-15,-10,-15,10,40,25,0,-60,-40,15,60,40,10,75,165,10,-140,-185,0,-115,15,25,50,-20,0,0,-40,-10,-45,-85,80,-45,-35,10,20,50,-35,-25,-30,40,-5,70,75,5,75,0,90,-35,-65,10,55,0,30,65,65,85,35,-110,220,30,-25,75,150,-150,-150,50,25,0,75,-75,90,15,85,160,150,50,-325,-225,130,190,-15,-55,15,-165,-75,85,-65,-65,10
181,0,75,0,-150,-50,185,-230,-30,0,45,-5,-15,-10,-15,10,40,25,0,-60,-40,15,60,40,10,75,165,10,-140,-185,0,-115,15,25,50,-20,0,0,-40,-10,-45,-85,80,-45,-35,10,20,50,-35,-25,-30,40,-5,70,75,5,75,0,90,-35,-65,10,55,0,30,65,65,85,35,-110,220,30,-25,75,150,-150,-150,50,25,0,75,-75,90,15,85,160,150,50,-325,-225,130,190,-15,-55,15,-165,-75,85,-65,-65,10,0
182,75,0,-150,-50,185,-230,-30,0,45,-5,-15,-10,-15,10,40,25,0,-60,-40,15,60,40,10,75,165,10,-140,-185,0,-115,15,25,50,-20,0,0,-40,-10,-45,-85,80,-45,-35,10,20,50,-35,-25,-30,40,-5,70,75,5,75,0,90,-35,-65,10,55,0,30,65,65,85,35,-110,220,30,-25,75,150,-150,-150,50,25,0,75,-75,90,15,85,160,150,50,-325,-225,130,190,-15,-55,15,-165,-75,85,-65,-65,10,0,-40
183,0,-150,-50,185,-230,-30,0,45,-5,-15,-10,-15,10,40,25,0,-60,-40,15,60,40,10,75,165,10,-140,-185,0,-115,15,25,50,-20,0,0,-40,-10,-45,-85,80,-45,-35,10,20,50,-35,-25,-30,40,-5,70,75,5,75,0,90,-35,-65,10,55,0,30,65,65,85,35,-110,220,30,-25,75,150,-150,-150,50,25,0,75,-75,90,15,85,160,150,50,-325,-225,130,190,-15,-55,15,-165,-75,85,-65,-65,10,0,-40,-100
184,-150,-50,185,-230,-30,0,45,-5,-15,-10,-15,10,40,25,0,-60,-40,15,60,40,10,75,165,10,-140,-185,0,-115,15,25,50,-20,0,0,-40,-10,-45,-85,80,-45,-35,10,20,50,-35,-25,-30,40,-5,70,75,5,75,0,90,-35,-65,10,55,0,30,65,65,85,35,-110,220,30,-25,75,150,-150,-150,50,25,0,75,-75,90,15,85,160,150,50,-325,-225,130,190,-15,-55,15,-165,-75,85,-65,-65,10,0,-40,-100,-125
185,-50,185,-230,-30,0,45,-5,-15,-10,-15,10,40,25,0,-60,-40,15,60,40,10,75,165,10,-140,-185,0,-115,15,25,50,-20,0,0,-40,-10,-45,-85,80,-45,-35,10,20,50,-35,-25,-30,40,-5,70,75,5,75,0,90,-35,-65,10,55,0,30,65,65,85,35,-110,220,30,-25,75,150,-150,-150,50,25,0,75,-75,90,15,85,160,150,50,-325,-225,130,190,-15,-55,15,-165,-75,85,-65,-65,10,0,-40,-100,-125,35
186,185,-230,-30,0,45,-5,-15,-10,-15,10,40,25,0,-60,-40,15,60,40,10,75,165,10,-140,-185,0,-115,15,25,50,-20,0,0,-40,-10,-45,-85,80,-45,-35,10,20,50,-35,-25,-30,40,-5,70,75,5,75,0,90,-35,-65,10,55,0,30,65,65,85,35,-110,220,30,-25,75,150,-150,-150,50,25,0,75,-75,90,15,85,160,150,50,-325,-225,130,190,-15,-55,15,-165,-75,85,-65,-65,10,0,-40,-100,-125,35,65
187,-230,-30,0,45,-5,-15,-10,-15,10,40,25,0,-60,-40,15,60,40,10,75,165,10,-140,-185,0,-115,15,25,50,-20,0,0,-40,-10,-45,-85,80,-45,-35,10,20,50,-35,-25,-30,40,-5,70,75,5,75,0,90,-35,-65,10,55,0,30,65,65,85,35,-110,220,30,-25,75,150,-150,-150,50,25,0,75,-75,90,15,85,160,150,50,-325,-225,130,190,-15,-55,15,-165,-75,85,-65,-65,10,0,-40,-100,-125,35,65,30
188,-30,0,45,-5,-15,-10,-15,10,40,25,0,-60,-40,15,60,40,10,75,165,10,-140,-185,0,-115,15,25,50,-20,0,0,-40,-10,-45,-85,80,-45,-35,10,20,50,-35,-25,-30,40,-5,70,75,5,75,0,90,-35,-65,10,55,0,30,65,65,85,35,-110,220,30,-25,75,150,-150,-150,50,25,0,75,-75,90,15,85,160,150,50,-325,-225,130,190,-15,-55,15,-165,-75,85,-65,-65,10,0,-40,-100,-125,35,65,30,-30
189,0,45,-5,-15,-10,-15,10,40,25,0,-60,-40,15,60,40,10,75,165,10,-140,-185,0,-115,15,25,50,-20,0,0,-40,-10,-45,-85,80,-45,-35,10,20,50,-35,-25,-30,40,-5,70,75,5,75,0,90,-35,-65,10,55,0,30,65,65,85,35,-110,220,30,-25,75,150,-150,-150,50,25,0,75,-75,90,15,85,160,150,50,-325,-225,130,190,-15,-55,15,-165,-75,85,-65,-65,10,0,-40,-100,-125,35,65,30,-30,75
190,45,-5,-15,-10,-15,10,40,25,0,-60,-40,15,60,40,10,75,165,10,-140,-185,0,-115,15,25,50,-20,0,0,-40,-10,-45,-85,80,-45,-35,10,20,50,-35,-25,-30,40,-5,70,75,5,75,0,90,-35,-65,10,55,0,30,65,65,85,35,-110,220,30,-25,75,150,-150,-150,50,25,0,75,-75,90,15,85,160,150,50,-325,-225,130,190,-15,-55,15,-165,-75,85,-65,-65,10,0,-40,-100,-125,35,65,30,-30,75,185
191,-5,-15,-10,-15,10,40,25,0,-60,-40,15,60,40,10,75,165,10,-140,-185,0,-115,15,25,50,-20,0,0,-40,-10,-45,-85,80,-45,-35,10,20,50,-35,-25,-30,40,-5,70,75,5,75,0,90,-35,-65,10,55,0,30,65,65,85,35,-110,220,30,-25,75,150,-150,-150,50,25,0,75,-75,90,15,85,160,150,50,-325,-225,130,190,-15,-55,15,-165,-75,85,-65,-65,10,0,-40,-100,-125,35,65,30,-30,75,185,100
192,-15,-10,-15,10,40,25,0,-60,-40,15,60,40,10,75,165,10,-140,-185,0,-115,15,25,50,-20,0,0,-40,-10,-45,-85,80,-45,-35,10,20,50,-35,-25,-30,40,-5,70,75,5,75,0,90,-35,-65,10,55,0,30,65,65,85,35,-110,220,30,-25,75,150,-150,-150,50,25,0,75,-75,90,15,85,160,150,50,-325,-225,130,190,-15,-55,15,-165,-75,85,-65,-65,10,0,-40,-100,-125,35,65,30,-30,75,185,100,-40
193,-10,-15,10,40,25,0,-60,-40,15,60,40,10,75,165,10,-140,-185,0,-115,15,25,50,-20,0,0,-40,-10,-45,-85,80,-45,-35,10,20,50,-35,-25,-30,40,-5,70,75,5,75,0,90,-35,-65,10,55,0,30,65,65,85,35,-110,220,30,-25,75,150,-150,-150,50,25,0,75,-75,90,15,85,160,150,50,-325,-225,130,190,-15,-55,15,-165,-75,85,-65,-65,10,0,-40,-100,-125,35,65,30,-30,75,185,100,-40,-165
194,-15,10,40,25,0,-60,-40,15,60,40,10,75,165,10,-140,-185,0,-115,15,25,50,-20,0,0,-40,-10,-45,-85,80,-45,-35,10,20,50,-35,-25,-30,40,-5,70,75,5,75,0,90,-35,-65,10,55,0,30,65,65,85,35,-110,220,30,-25,75,150,-150,-150,50,25,0,75,-75,90,15,85,160,150,50,-325,-225,130,190,-15,-55,15,-165,-75,85,-65,-65,10,0,-40,-100,-125,35,65,30,-30,75,185,100,-40,-165,-185
195,10,40,25,0,-60,-40,15,60,40,10,75,165,10,-140,-185,0,-115,15,25,50,-20,0,0,-40,-10,-45,-85,80,-45,-35,10,20,50,-35,-25,-30,40,-5,70,75,5,75,0,90,-35,-65,10,55,0,30,65,65,85,35,-110,220,30,-25,75,150,-150,-150,50,25,0,75,-75,90,15,85,160,150,50,-325,-225,130,190,-15,-55,15,-165,-75,85,-65,-65,10,0,-40,-100,-125,35,65,30,-30,75,185,100,-40,-165,-185,-120
196,40,25,0,-60,-40,15,60,40,10,75,165,10,-140,-185,0,-115,15,25,50,-20,0,0,-40,-10,-45,-85,80,-45,-35,10,20,50,-35,-25,-30,40,-5,70,75,5,75,0,90,-35,-65,10,55,0,30,65,65,85,35,-110,220,30,-25,75,150,-150,-150,50,25,0,75,-75,90,15,85,160,150,50,-325,-225,130,190,-15,-55,15,-165,-75,85,-65,-65,10,0,-40,-100,-125,35,65,30,-30,75,185,100,-40,-165,-185,-120,-115
197,25,0,-60,-40,15,60,40,10,75,165,10,-140,-185,0,-115,15,25,50,-20,0,0,-40,-10,-45,-85,80,-45,-35,10,20,50,-35,-25,-30,40,-5,70,75,5,75,0,90,-35,-65,10,55,0,30,65,65,85,35,-110,220,30,-25,75,150,-150,-150,50,25,0,75,-75,90,15,85,160,150,50,-325,-225,130,190,-15,-55,15,-165,-75,85,-65,-65,10,0,-40,-100,-125,35,65,30,-30,75,185,100,-40,-165,-185,-120,-115,-65
198,0,-60,-40,15,60,40,10,75,165,10,-140,-185,0,-115,15,25,50,-20,0,0,-40,-10,-45,-85,80,-45,-35,10,20,50,-35,-25,-30,40,-5,70,75,5,75,0,90,-35,-65,10,55,0,30,65,65,85,35,-110,220,30,-25,75,150,-150,-150,50,25,0,75,-75,90,15,85,160,150,50,-325,-225,130,190,-15,-55,15,-165,-75,85,-65,-65,10,0,-40,-100,-125,35,65,30,-30,75,185,100,-40,-165,-185,-120,-115,-65,5
199,-60,-40,15,60,40,10,75,165,10,-140,-185,0,-115,15,25,50,-20,0,0,-40,-10,-45,-85,80,-45,-35,10,20,50,-35,-25,-30,40,-5,70,75,5,75,0,90,-35,-65,10,55,0,30,65,65,85,35,-110,220,30,-25,75,150,-150,-150,50,25,0,75,-75,90,15,85,160,150,50,-325,-225,130,190,-15,-55,15,-165,-75,85,-65,-65,10,0,-40,-100,-125,35,65,30,-30,75,185,100,-40,-165,-185,-120,-115,-65,5,0
200,-40,15,60,40,10,75,165,10,-140,-185,0,-115,15,25,50,-20,0,0,-40,-10,-45,-85,80,-45,-35,10,20,50,-35,-25,-30,40,-5,70,75,5,75,0,90,-35,-65,10,55,0,30,65,65,85,35,-110,220,30,-25,75,150,-150,-150,50,25,0,75,-75,90,15,85,160,150,50,-325,-225,130,190,-15,-55,15,-165,-75,85,-65,-65,10,0,-40,-100,-125,35,65,30,-30,75,185,100,-40,-165,-185,-120,-115,-65,5,0,55
201,15,60,40,10,75,165,10,-140,-185,0,-115,15,25,50,-20,0,0,-40,-10,-45,-85,80,-45,-35,10,20,50,-35,-25,-30,40,-5,70,75,5,75,0,90,-35,-65,10,55,0,30,65,65,85,35,-110,220,30,-25,75,150,-150,-150,50,25,0,75,-75,90,15,85,160,150,50,-325,-225,130,190,-15,-55,15,-165,-75,85,-65,-65,10,0,-40,-100,-125,35,65,30,-30,75,185,100,-40,-165,-185,-120,-115,-65,5,0,55,5
202,60,40,10,75,165,10,-140,-185,0,-115,15,25,50,-20,0,0,-40,-10,-45,-85,80,-45,-35,10,20,50,-35,-25,-30,40,-5,70,75,5,75,0,90,-35,-65,10,55,0,30,65,65,85,35,-110,220,30,-25,75,150,-150,-150,50,25,0,75,-75,90,15,85,160,150,50,-325,-225,130,190,-15,-55,15,-165,-75,85,-65,-65,10,0,-40,-100,-125,35,65,30,-30,75,185,100,-40,-165,-185,-120,-115,-65,5,0,55,5,15
203,40,10,75,165,10,-140,-185,0,-115,15,25,50,-20,0,0,-40,-10,-45,-85,80,-45,-35,10,20,50,-35,-25,-30,40,-5,70,75,5,75,0,90,-35,-65,10,55,0,30,65,65,85,35,-110,220,30,-25,75,150,-150,-150,50,25,0,75,-75,90,15,85,160,150,50,-325,-225,130,190,-15,-55,15,-165,-75,85,-65,-65,10,0,-40,-100,-125,35,65,30,-30,75,185,100,-40,-165,-185,-120,-115,-65,5,0,55,5,15,45
204,10,75,165,10,-140,-185,0,-115,15,25,50,-20,0,0,-40,-10,-45,-85,80,-45,-35,10,20,50,-35,-25,-30,40,-5,70,75,5,75,0,90,-35,-65,10,55,0,30,65,65,85,35,-110,220,30,-25,75,150,-150,-150,50,25,0,75,-75,90,15,85,160,150,50,-325,-225,130,190,-15,-55,15,-165,-75,85,-65,-65,10,0,-40,-100,-125,35,65,30,-30,75,185,100,-40,-165,-185,-120,-115,-65,5,0,55,5,15,45,-25
205,75,165,10,-140,-185,0,-115,15,25,50,-20,0,0,-40,-10,-45,-85,80,-45,-35,10,20,50,-35,-25,-30,40,-5,70,75,5,75,0,90,-35,-65,10,55,0,30,65,65,85,35,-110,220,30,-25,75,150,-150,-150,50,25,0,75,-75,90,15,85,160,150,50,-325,-225,130,190,-15,-55,15,-165,-75,85,-65,-65,10,0,-40,-100,-125,35,65,30,-30,75,185,100,-40,-165,-185,-120,-115,-65,5,0,55,5,15,45,-25,225
206,165,10,-140,-185,0,-115,15,25,50,-20,0,0,-40,-10,-45,-85,80,-45,-35,10,20,50,-35,-25,-30,40,-5,70,75,5,75,0,90,-35,-65,10,55,0,30,65,65,85,35,-110,220,30,-25,75,150,-150,-150,50,25,0,75,-75,90,15,85,160,150,50,-325,-225,130,190,-15,-55,15,-165,-75,85,-65,-65,10,0,-40,-100,-125,35,65,30,-30,75,185,100,-40,-165,-185,-120,-115,-65,5,0,55,5,15,45,-25,225,-105
207,10,-140,-185,0,-115,15,25,50,-20,0,0,-40,-10,-45,-85,80,-45,-35,10,20,50,-35,-25,-30,40,-5,70,75,5,75,0,90,-35,-65,10,55,0,30,65,65,85,35,-110,220,30,-25,75,150,-150,-150,50,25,0,75,-75,90,15,85,160,150,50,-325,-225,130,190,-15,-55,15,-165,-75,85,-65,-65,10,0,-40,-100,-125,35,65,30,-30,75,185,100,-40,-165,-185,-120,-115,-65,5,0,55,5,15,45,-25,225,-105,-130
208,-140,-185,0,-115,15,25,50,-20,0,0,-40,-10,-45,-85,80,-45,-35,10,20,50,-35,-25,-30,40,-5,70,75,5,75,0,90,-35,-65,10,55,0,30,65,65,85,35,-110,220,30,-25,75,150,-150,-150,50,25,0,75,-75,90,15,85,160,150,50,-325,-225,130,190,-15,-55,15,-165,-75,85,-65,-65,10,0,-40,-100,-125,35,65,30,-30,75,185,100,-40,-165,-185,-120,-115,-65,5,0,55,5,15,45,-25,225,-105,-130,-20
209,-185,0,-115,15,25,50,-20,0,0,-40,-10,-45,-85,80,-45,-35,10,20,50,-35,-25,-30,40,-5,70,75,5,75,0,90,-35,-65,10,55,0,30,65,65,85,35,-110,220,30,-25,75,150,-150,-150,50,25,0,75,-75,90,15,85,160,150,50,-325,-225,130,190,-15,-55,15,-165,-75,85,-65,-65,10,0,-40,-100,-125,35,65,30,-30,75,185,100,-40,-165,-185,-120,-115,-65,5,0,55,5,15,45,-25,225,-105,-130,-20,35
210,0,-115,15,25,50,-20,0,0,-40,-10,-45,-85,80,-45,-35,10,20,50,-35,-25,-30,40,-5,70,75,5,75,0,90,-35,-65,10,55,0,30,65,65,85,35,-110,220,30,-25,75,150,-150,-150,50,25,0,75,-75,90,15,85,160,150,50,-325,-225,130,190,-15,-55,15,-165,-75,85,-65,-65,10,0,-40,-100,-125,35,65,30,-30,75,185,100,-40,-165,-185,-120,-115,-65,5,0,55,5,15,45,-25,225,-105,-130,-20,35,100
211,-115,15,25,50,-20,0,0,-40,-10,-45,-85,80,-45,-35,10,20,50,-35,-25,-30,40,-5,70,75,5,75,0,90,-35,-65,10,55,0,30,65,65,85,35,-110,220,30,-25,75,150,-150,-150,50,25,0,75,-75,90,15,85,160,150,50,-325,-225,130,190,-15,-55,15,-165,-75,85,-65,-65,10,0,-40,-100,-125,35,65,30,-30,75,185,100,-40,-165,-185,-120,-115,-65,5,0,55,5,15,45,-25,225,-105,-130,-20,35,100,170
212,15,25,50,-20,0,0,-40,-10,-45,-85,80,-45,-35,10,20,50,-35,-25,-30,40,-5,70,75,5,75,0,90,-35,-65,10,55,0,30,65,65,85,35,-110,220,30,-25,75,150,-150,-150,50,25,0,75,-75,90,15,85,160,150,50,-325,-225,130,190,-15,-55,15,-165,-75,85,-65,-65,10,0,-40,-100,-125,35,65,30,-30,75,185,100,-40,-165,-185,-120,-115,-65,5,0,55,5,15,45,-25,225,-105,-130,-20,35,100,170,120
213,25,50,-20,0,0,-40,-10,-45,-85,80,-45,-35,10,20,50,-35,-25,-30,40,-5,70,75,5,75,0,90,-35,-65,10,55,0,30,65,65,85,35,-110,220,30,-25,75,150,-150,-150,50,25,0,75,-75,90,15,85,160,150,50,-325,-225,130,190,-15,-55,15,-165,-75,85,-65,-65,10,0,-40,-100,-125,35,65,30,-30,75,185,100,-40,-165,-185,-120,-115,-65,5,0,55,5,15,45,-25,225,-105,-130,-20,35,100,170,120,-105
214,50,-20,0,0,-40,-10,-45,-85,80,-45,-35,10,20,50,-35,-25,-30,40,-5,70,75,5,75,0,90,-35,-65,10,55,0,30,65,65,85,35,-110,220,30,-25,75,150,-150,-150,50,25,0,75,-75,90,15,85,160,150,50,-325,-225,130,190,-15,-55,15,-165,-75,85,-65,-65,10,0,-40,-100,-125,35,65,30,-30,75,185,100,-40,-165,-185,-120,-115,-65,5,0,55,5,15,45,-25,225,-105,-130,-20,35,100,170,120,-105,230
215,-20,0,0,-40,-10,-45,-85,80,-45,-35,10,20,50,-35,-25,-30,40,-5,70,75,5,75,0,90,-35,-65,10,55,0,30,65,65,85,35,-110,220,30,-25,75,150,-150,-150,50,25,0,75,-75,90,15,85,160,150,50,-325,-225,130,190,-15,-55,15,-165,-75,85,-65,-65,10,0,-40,-100,-125,35,65,30,-30,75,185,100,-40,-165,-185,-120,-115,-65,5,0,55,5,15,45,-25,225,-105,-130,-20,35,100,170,120,-105,230,-135
216,0,0,-40,-10,-45,-85,80,-45,-35,10,20,50,-35,-25,-30,40,-5,70,75,5,75,0,90,-35,-65,10,55,0,30,65,65,85,35,-110,220,30,-25,75,150,-150,-150,50,25,0,75,-75,90,15,85,160,150,50,-325,-225,130,190,-15,-55,15,-165,-75,85,-65,-65,10,0,-40,-100,-125,35,65,30,-30,75,185,100,-40,-165,-185,-120,-115,-65,5,0,55,5,15,45,-25,225,-105,-130,-20,35,100,170,120,-105,230,-135,-315
217,0,-40,-10,-45,-85,80,-45,-35,10,20,50,-35,-25,-30,40,-5,70,75,5,75,0,90,-35,-65,10,55,0,30,65,65,85,35,-110,220,30,-25,75,150,-150,-150,50,25,0,75,-75,90,15,85,160,150,50,-325,-225,130,190,-15,-55,15,-165,-75,85,-65,-65,10,0,-40,-100,-125,35,65,30,-30,75,185,100,-40,-165,-185,-120,-115,-65,5,0,55,5,15,45,-25,225,-105,-130,-20,35,100,170,120,-105,230,-135,-315,-70
218,-40,-10,-45,-85,80,-45,-35,10,20,50,-35,-25,-30,40,-5,70,75,5,75,0,90,-35,-65,10,55,0,30,65,65,85,35,-110,220,30,-25,75,150,-150,-150,50,25,0,75,-75,90,15,85,160,150,50,-325,-225,130,190,-15,-55,15,-165,-75,85,-65,-65,10,0,-40,-100,-125,35,65,30,-30,75,185,100,-40,-165,-185,-120,-115,-65,5,0,55,5,15,45,-25,225,-105,-130,-20,35,100,170,120,-105,230,-135,-315,-70,85
219,-10,-45,-85,80,-45,-35,10,20,50,-35,-25,-30,40,-5,70,75,5,75,0,90,-35,-65,10,55,0,30,65,65,85,35,-110,220,30,-25,75,150,-150,-150,50,25,0,75,-75,90,15,85,160,150,50,-325,-225,130,190,-15,-55,15,-165,-75,85,-65,-65,10,0,-40,-100,-125,35,65,30,-30,75,185,100,-40,-165,-185,-120,-115,-65,5,0,55,5,15,45,-25,225,-105,-130,-20,35,100,170,120,-105,230,-135,-315,-70,85,100
220,-45,-85,80,-45,-35,10,20,50,-35,-25,-30,40,-5,70,75,5,75,0,90,-35,-65,10,55,0,30,65,65,85,35,-110,220,30,-25,75,150,-150,-150,50,25,0,75,-75,90,15,85,160,150,50,-325,-225,130,190,-15,-55,15,-165,-75,85,-65,-65,10,0,-40,-100,-125,35,65,30,-30,75,185,100,-40,-165,-185,-120,-115,-65,5,0,55,5,15,45,-25,225,-105,-130,-20,35,100,170,120,-105,230,-135,-315,-70,85,100,35
221,-85,80,-45,-35,10,20,50,-35,-25,-30,40,-5,70,75,5,75,0,90,-35,-65,10,55,0,30,65,65,85,35,-110,220,30,-25,75,150,-150,-150,50,25,0,75,-75,90,15,85,160,150,50,-325,-225,130,190,-15,-55,15,-165,-75,85,-65,-65,10,0,-40,-100,-125,35,65,30,-30,75,185,100,-40,-165,-185,-120,-115,-65,5,0,55,5,15,45,-25,225,-105,-130,-20,35,100,170,120,-105,230,-135,-315,-70,85,100,35,55
222,80,-45,-35,10,20,50,-35,-25,-30,40,-5,70,75,5,75,0,90,-35,-65,10,55,0,30,65,65,85,35,-110,220,30,-25,75,150,-150,-150,50,25,0,75,-75,90,15,85,160,150,50,-325,-225,130,190,-15,-55,15,-165,-75,85,-65,-65,10,0,-40,-100,-125,35,65,30,-30,75,185,100,-40,-165,-185,-120,-115,-65,5,0,55,5,15,45,-25,225,-105,-130,-20,35,100,170,120,-105,230,-135,-315,-70,85,100,35,55,50
223,-45,-35,10,20,50,-35,-25,-30,40,-5,70,75,5,75,0,90,-35,-65,10,55,0,30,65,65,85,35,-110,220,30,-25,75,150,-150,-150,50,25,0,75,-75,90,15,85,160,150,50,-325,-225,130,190,-15,-55,15,-165,-75,85,-65,-65,10,0,-40,-100,-125,35,65,30,-30,75,185,100,-40,-165,-185,-120,-115,-65,5,0,55,5,15,45,-25,225,-105,-130,-20,35,100,170,120,-105,230,-135,-315,-70,85,100,35,55,50,15
224,-35,10,20,50,-35,-25,-30,40,-5,70,75,5,75,0,90,-35,-65,10,55,0,30,65,65,85,35,-110,220,30,-25,75,150,-150,-150,50,25,0,75,-75,90,15,85,160,150,50,-325,-225,130,190,-15,-55,15,-165,-75,85,-65,-65,10,0,-40,-100,-125,35,65,30,-30,75,185,100,-40,-165,-185,-120,-115,-65,5,0,55,5,15,45,-25,225,-105,-130,-20,35,100,170,120,-105,230,-135,-315,-70,85,100,35,55,50,15,30
225,10,20,50,-35,-25,-30,40,-5,70,75,5,75,0,90,-35,-65,10,55,0,30,65,65,85,35,-110,220,30,-25,75,150,-150,-150,50,25,0,75,-75,90,15,85,160,150,50,-325,-225,130,190,-15,-55,15,-165,-75,85,-65,-65,10,0,-40,-100,-125,35,65,30,-30,75,185,100,-40,-165,-185,-120,-115,-65,5,0,55,5,15,45,-25,225,-105,-130,-20,35,100,170,120,-105,230,-135,-315,-70,85,100,35,55,50,15,30,-15
226,20,50,-35,-25,-30,40,-5,70,75,5,75,0,90,-35,-65,10,55,0,30,65,65,85,35,-110,220,30,-25,75,150,-150,-150,50,25,0,75,-75,90,15,85,160,150,50,-325,-225,130,190,-15,-55,15,-165,-75,85,-65,-65,10,0,-40,-100,-125,35,65,30,-30,75,185,100,-40,-165,-185,-120,-115,-65,5,0,55,5,15,45,-25,225,-105,-130,-20,35,100,170,120,-105,230,-135,-315,-70,85,100,35,55,50,15,30,-15,95
227,50,-35,-25,-30,40,-5,70,75,5,75,0,90,-35,-65,10,55,0,30,65,65,85,35,-110,220,30,-25,75,150,-150,-150,50,25,0,75,-75,90,15,85,160,150,50,-325,-225,130,190,-15,-55,15,-165,-75,85,-65,-65,10,0,-40,-100,-125,35,65,30,-30,75,185,100,-40,-165,-185,-120,-115,-65,5,0,55,5,15,45,-25,225,-105,-130,-20,35,100,170,120,-105,230,-135,-315,-70,85,100,35,55,50,15,30,-15,95,-35
228,-35,-25,-30,40,-5,70,75,5,75,0,90,-35,-65,10,55,0,30,65,65,85,35,-110,220,30,-25,75,150,-150,-150,50,25,0,75,-75,90,15,85,160,150,50,-325,-225,130,190,-15,-55,15,-165,-75,85,-65,-65,10,0,-40,-100,-125,35,65,30,-30,75,185,100,-40,-165,-185,-120,-115,-65,5,0,55,5,15,45,-25,225,-105,-130,-20,35,100,170,120,-105,230,-135,-315,-70,85,100,35,55,50,15,30,-15,95,-35,-80
229,-25,-30,40,-5,70,75,5,75,0,90,-35,-65,10,55,0,30,65,65,85,35,-110,220,30,-25,75,150,-150,-150,50,25,0,75,-75,90,15,85,160,150,50,-325,-225,130,190,-15,-55,15,-165,-75,85,-65,-65,10,0,-40,-100,-125,35,65,30,-30,75,185,100,-40,-165,-185,-120,-115,-65,5,0,55,5,15,45,-25,225,-105,-130,-20,35,100,170,120,-105,230,-135,-315,-70,85,100,35,55,50,15,30,-15,95,-35,-80,-160
230,-30,40,-5,70,75,5,75,0,90,-35,-65,10,55,0,30,65,65,85,35,-110,220,30,-25,75,150,-150,-150,50,25,0,75,-75,90,15,85,160,150,50,-325,-225,130,190,-15,-55,15,-165,-75,85,-65,-65,10,0,-40,-100,-125,35,65,30,-30,75,185,100,-40,-165,-185,-120,-115,-65,5,0,55,5,15,45,-25,225,-105,-130,-20,35,100,170,120,-105,230,-135,-315,-70,85,100,35,55,50,15,30,-15,95,-35,-80,-160,50
231,40,-5,70,75,5,75,0,90,-35,-65,10,55,0,30,65,65,85,35,-110,220,30,-25,75,150,-150,-150,50,25,0,75,-75,90,15,85,160,150,50,-325,-225,130,190,-15,-55,15,-165,-75,85,-65,-65,10,0,-40,-100,-125,35,65,30,-30,75,185,100,-40,-165,-185,-120,-115,-65,5,0,55,5,15,45,-25,225,-105,-130,-20,35,100,170,120,-105,230,-135,-315,-70,85,100,35,55,50,15,30,-15,95,-35,-80,-160,50,-35
232,-5,70,75,5,75,0,90,-35,-65,10,55,0,30,65,65,85,35,-110,220,30,-25,75,150,-150,-150,50,25,0,75,-75,90,15,85,160,150,50,-325,-225,130,190,-15,-55,15,-165,-75,85,-65,-65,10,0,-40,-100,-125,35,65,30,-30,75,185,100,-40,-165,-185,-120,-115,-65,5,0,55,5,15,45,-25,225,-105,-130,-20,35,100,170,120,-105,230,-135,-315,-70,85,100,35,55,50,15,30,-15,95,-35,-80,-160,50,-35,-65
233,70,75,5,75,0,90,-35,-65,10,55,0,30,65,65,85,35,-110,220,30,-25,75,150,-150,-150,50,25,0,75,-75,90,15,85,160,150,50,-325,-225,130,190,-15,-55,15,-165,-75,85,-65,-65,10,0,-40,-100,-125,35,65,30,-30,75,185,100,-40,-165,-185,-120,-115,-65,5,0,55,5,15,45,-25,225,-105,-130,-20,35,100,170,120,-105,230,-135,-315,-70,85,100,35,55,50,15,30,-15,95,-35,-80,-160,50,-35,-65,-25
234,75,5,75,0,90,-35,-65,10,55,0,30,65,65,85,35,-110,220,30,-25,75,150,-150,-150,50,25,0,75,-75,90,15,85,160,150,50,-325,-225,130,190,-15,-55,15,-165,-75,85,-65,-65,10,0,-40,-100,-125,35,65,30,-30,75,185,100,-40,-165,-185,-120,-115,-65,5,0,55,5,15,45,-25,225,-105,-130,-20,35,100,170,120,-105,230,-135,-315,-70,85,100,35,55,50,15,30,-15,95,-35,-80,-160,50,-35,-65,-25,5
235,5,75,0,90,-35,-65,10,55,0,30,65,65,85,35,-110,220,30,-25,75,150,-150,-150,50,25,0,75,-75,90,15,85,160,150,50,-325,-225,130,190,-15,-55,15,-165,-75,85,-65,-65,10,0,-40,-100,-125,35,65,30,-30,75,185,100,-40,-165,-185,-120,-115,-65,5,0,55,5,15,45,-25,225,-105,-130,-20,35,100,170,120,-105,230,-135,-315,-70,85,100,35,55,50,15,30,-15,95,-35,-80,-160,50,-35,-65,-25,5,-5
236,75,0,90,-35,-65,10,55,0,30,65,65,85,35,-110,220,30,-25,75,150,-150,-150,50,25,0,75,-75,90,15,85,160,150,50,-325,-225,130,190,-15,-55,15,-165,-75,85,-65,-65,10,0,-40,-100,-125,35,65,30,-30,75,185,100,-40,-165,-185,-120,-115,-65,5,0,55,5,15,45,-25,225,-105,-130,-20,35,100,170,120,-105,230,-135,-315,-70,85,100,35,55,50,15,30,-15,95,-35,-80,-160,50,-35,-65,-25,5,-5,30
237,0,90,-35,-65,10,55,0,30,65,65,85,35,-110,220,30,-25,75,150,-150,-150,50,25,0,75,-75,90,15,85,160,150,50,-325,-225,130,190,-15,-55,15,-165,-75,85,-65,-65,10,0,-40,-100,-125,35,65,30,-30,75,185,100,-40,-165,-185,-120,-115,-65,5,0,55,5,15,45,-25,225,-105,-130,-20,35,100,170,120,-105,230,-135,-315,-70,85,100,35,55,50,15,30,-15,95,-35,-80,-160,50,-35,-65,-25,5,-5,30,85
238,90,-35,-65,10,55,0,30,65,65,85,35,-110,220,30,-25,75,150,-150,-150,50,25,0,75,-75,90,15,85,160,150,50,-325,-225,130,190,-15,-55,15,-165,-75,85,-65,-65,10,0,-40,-100,-125,35,65,30,-30,75,185,100,-40,-165,-185,-120,-115,-65,5,0,55,5,15,45,-25,225,-105,-130,-20,35,100,170,120,-105,230,-135,-315,-70,85,100,35,55,50,15,30,-15,95,-35,-80,-160,50,-35,-65,-25,5,-5,30,85,115
239,-35,-65,10,55,0,30,65,65,85,35,-110,220,30,-25,75,150,-150,-150,50,25,0,75,-75,90,15,85,160,150,50,-325,-225,130,190,-15,-55,15,-165,-75,85,-65,-65,10,0,-40,-100,-125,35,65,30,-30,75,185,100,-40,-165,-185,-120,-115,-65,5,0,55,5,15,45,-25,225,-105,-130,-20,35,100,170,120,-105,230,-135,-315,-70,85,100,35,55,50,15,30,-15,95,-35,-80,-160,50,-35,-65,-25,5,-5,30,85,115,-360
240,-65,10,55,0,30,65,65,85,35,-110,220,30,-25,75,150,-150,-150,50,25,0,75,-75,90,15,85,160,150,50,-325,-225,130,190,-15,-55,15,-165,-75,85,-65,-65,10,0,-40,-100,-125,35,65,30,-30,75,185,100,-40,-165,-185,-120,-115,-65,5,0,55,5,15,45,-25,225,-105,-130,-20,35,100,170,120,-105,230,-135,-315,-70,85,100,35,55,50,15,30,-15,95,-35,-80,-160,50,-35,-65,-25,5,-5,30,85,115,-360,-15
241,10,55,0,30,65,65,85,35,-110,220,30,-25,75,150,-150,-150,50,25,0,75,-75,90,15,85,160,150,50,-325,-225,130,190,-15,-55,15,-165,-75,85,-65,-65,10,0,-40,-100,-125,35,65,30,-30,75,185,100,-40,-165,-185,-120,-115,-65,5,0,55,5,15,45,-25,225,-105,-130,-20,35,100,170,120,-105,230,-135,-315,-70,85,100,35,55,50,15,30,-15,95,-35,-80,-160,50,-35,-65,-25,5,-5,30,85,115,-360,-15,50
242,55,0,30,65,65,85,35,-110,220,30,-25,75,150,-150,-150,50,25,0,75,-75,90,15,85,160,150,50,-325,-225,130,190,-15,-55,15,-165,-75,85,-65,-65,10,0,-40,-100,-125,35,65,30,-30,75,185,100,-40,-165,-185,-120,-115,-65,5,0,55,5,15,45,-25,225,-105,-130,-20,35,100,170,120,-105,230,-135,-315,-70,85,100,35,55,50,15,30,-15,95,-35,-80,-160,50,-35,-65,-25,5,-5,30,85,115,-360,-15,50,20
243,0,30,65,65,85,35,-110,220,30,-25,75,150,-150,-150,50,25,0,75,-75,90,15,85,160,150,50,-325,-225,130,190,-15,-55,15,-165,-75,85,-65,-65,10,0,-40,-100,-125,35,65,30,-30,75,185,100,-40,-165,-185,-120,-115,-65,5,0,55,5,15,45,-25,225,-105,-130,-20,35,100,170,120,-105,230,-135,-315,-70,85,100,35,55,50,15,30,-15,95,-35,-80,-160,50,-35,-65,-25,5,-5,30,85,115,-360,-15,50,20,40
244,30,65,65,85,35,-110,220,30,-25,75,150,-150,-150,50,25,0,75,-75,90,15,85,160,150,50,-325,-225,130,190,-15,-55,15,-165,-75,85,-65,-65,10,0,-40,-100,-125,35,65,30,-30,75,185,100,-40,-165,-185,-120,-115,-65,5,0,55,5,15,45,-25,225,-105,-130,-20,35,100,170,120,-105,230,-135,-315,-70,85,100,35,55,50,15,30,-15,95,-35,-80,-160,50,-35,-65,-25,5,-5,30,85,115,-360,-15,50,20,40,-70
245,65,65,85,35,-110,220,30,-25,75,150,-150,-150,50,25,0,75,-75,90,15,85,160,150,50,-325,-225,130,190,-15,-55,15,-165,-75,85,-65,-65,10,0,-40,-100,-125,35,65,30,-30,75,185,100,-40,-165,-185,-120,-115,-65,5,0,55,5,15,45,-25,225,-105,-130,-20,35,100,170,120,-105,230,-135,-315,-70,85,100,35,55,50,15,30,-15,95,-35,-80,-160,50,-35,-65,-25,5,-5,30,85,115,-360,-15,50,20,40,-70,-5
246,65,85,35,-110,220,30,-25,75,150,-150,-150,50,25,0,75,-75,90,15,85,160,150,50,-325,-225,130,190,-15,-55,15,-165,-75,85,-65,-65,10,0,-40,-100,-125,35,65,30,-30,75,185,100,-40,-165,-185,-120,-115,-65,5,0,55,5,15,45,-25,225,-105,-130,-20,35,100,170,120,-105,230,-135,-315,-70,85,100,35,55,50,15,30,-15,95,-35,-80,-160,50,-35,-65,-25,5,-5,30,85,115,-360,-15,50,20,40,-70,-5,30
247,85,35,-110,220,30,-25,75,150,-150,-150,50,25,0,75,-75,90,15,85,160,150,50,-325,-225,130,190,-15,-55,15,-165,-75,85,-65,-65,10,0,-40,-100,-125,35,65,30,-30,75,185,100,-40,-165,-185,-120,-115,-65,5,0,55,5,15,45,-25,225,-105,-130,-20,35,100,170,120,-105,230,-135,-315,-70,85,100,35,55,50,15,30,-15,95,-35,-80,-160,50,-35,-65,-25,5,-5,30,85,115,-360,-15,50,20,40,-70,-5,30,45
248,35,-110,220,30,-25,75,150,-150,-150,50,25,0,75,-75,90,15,85,160,150,50,-325,-225,130,190,-15,-55,15,-165,-75,85,-65,-65,10,0,-40,-100,-125,35,65,30,-30,75,185,100,-40,-165,-185,-120,-115,-65,5,0,55,5,15,45,-25,225,-105,-130,-20,35,100,170,120,-105,230,-135,-315,-70,85,100,35,55,50,15,30,-15,95,-35,-80,-160,50,-35,-65,-25,5,-5,30,85,115,-360,-15,50,20,40,-70,-5,30,45,10
249,-110,220,30,-25,75,150,-150,-150,50,25,0,75,-75,90,15,85,160,150,50,-325,-225,130,190,-15,-55,15,-165,-75,85,-65,-65,10,0,-40,-100,-125,35,65,30,-30,75,185,100,-40,-165,-185,-120,-115,-65,5,0,55,5,15,45,-25,225,-105,-130,-20,35,100,170,120,-105,230,-135,-315,-70,85,100,35,55,50,15,30,-15,95,-35,-80,-160,50,-35,-65,-25,5,-5,30,85,115,-360,-15,50,20,40,-70,-5,30,45,10,0
250,220,30,-25,75,150,-150,-150,50,25,0,75,-75,90,15,85,160,150,50,-325,-225,130,190,-15,-55,15,-165,-75,85,-65,-65,10,0,-40,-100,-125,35,65,30,-30,75,185,100,-40,-165,-185,-120,-115,-65,5,0,55,5,15,45,-25,225,-105,-130,-20,35,100,170,120,-105,230,-135,-315,-70,85,100,35,55,50,15,30,-15,95,-35,-80,-160,50,-35,-65,-25,5,-5,30,85,115,-360,-15,50,20,40,-70,-5,30,45,10,0,-10
251,30,-25,75,150,-150,-150,50,25,0,75,-75,90,15,85,160,150,50,-325,-225,130,190,-15,-55,15,-165,-75,85,-65,-65,10,0,-40,-100,-125,35,65,30,-30,75,185,100,-40,-165,-185,-120,-115,-65,5,0,55,5,15,45,-25,225,-105,-130,-20,35,100,170,120,-105,230,-135,-315,-70,85,100,35,55,50,15,30,-15,95,-35,-80,-160,50,-35,-65,-25,5,-5,30,85,115,-360,-15,50,20,40,-70,-5,30,45,10,0,-10,10
252,-25,75,150,-150,-150,50,25,0,75,-75,90,15,85,160,150,50,-325,-225,130,190,-15,-55,15,-165,-75,85,-65,-65,10,0,-40,-100,-125,35,65,30,-30,75,185,100,-40,-165,-185,-120,-115,-65,5,0,55,5,15,45,-25,225,-105,-130,-20,35,100,170,120,-105,230,-135,-315,-70,85,100,35,55,50,15,30,-15,95,-35,-80,-160,50,-35,-65,-25,5,-5,30,85,115,-360,-15,50,20,40,-70,-5,30,45,10,0,-10,10,85
253,75,150,-150,-150,50,25,0,75,-75,90,15,85,160,150,50,-325,-225,130,190,-15,-55,15,-165,-75,85,-65,-65,10,0,-40,-100,-125,35,65,30,-30,75,185,100,-40,-165,-185,-120,-115,-65,5,0,55,5,15,45,-25,225,-105,-130,-20,35,100,170,120,-105,230,-135,-315,-70,85,100,35,55,50,15,30,-15,95,-35,-80,-160,50,-35,-65,-25,5,-5,30,85,115,-360,-15,50,20,40,-70,-5,30,45,10,0,-10,10,85,55
254,150,-150,-150,50,25,0,75,-75,90,15,85,160,150,50,-325,-225,130,190,-15,-55,15,-165,-75,85,-65,-65,10,0,-40,-100,-125,35,65,30,-30,75,185,100,-40,-165,-185,-120,-115,-65,5,0,55,5,15,45,-25,225,-105,-130,-20,35,100,170,120,-105,230,-135,-315,-70,85,100,35,55,50,15,30,-15,95,-35,-80,-160,50,-35,-65,-25,5,-5,30,85,115,-360,-15,50,20,40,-70,-5,30,45,10,0,-10,10,85,55,-55
255,-150,-150,50,25,0,75,-75,90,15,85,160,150,50,-325,-225,130,190,-15,-55,15,-165,-75,85,-65,-65,10,0,-40,-100,-125,35,65,30,-30,75,185,100,-40,-165,-185,-120,-115,-65,5,0,55,5,15,45,-25,225,-105,-130,-20,35,100,170,120,-105,230,-135,-315,-70,85,100,35,55,50,15,30,-15,95,-35,-80,-160,50,-35,-65,-25,5,-5,30,85,115,-360,-15,50,20,40,-70,-5,30,45,10,0,-10,10,85,55,-55,55
256,-150,50,25,0,75,-75,90,15,85,160,150,50,-325,-225,130,190,-15,-55,15,-165,-75,85,-65,-65,10,0,-40,-100,-125,35,65,30,-30,75,185,100,-40,-165,-185,-120,-115,-65,5,0,55,5,15,45,-25,225,-105,-130,-20,35,100,170,120,-105,230,-135,-315,-70,85,100,35,55,50,15,30,-15,95,-35,-80,-160,50,-35,-65,-25,5,-5,30,85,115,-360,-15,50,20,40,-70,-5,30,45,10,0,-10,10,85,55,-55,55,-90
257,50,25,0,75,-75,90,15,85,160,150,50,-325,-225,130,190,-15,-55,15,-165,-75,85,-65,-65,10,0,-40,-100,-125,35,65,30,-30,75,185,100,-40,-165,-185,-120,-115,-65,5,0,55,5,15,45,-25,225,-105,-130,-20,35,100,170,120,-105,230,-135,-315,-70,85,100,35,55,50,15,30,-15,95,-35,-80,-160,50,-35,-65,-25,5,-5,30,85,115,-360,-15,50,20,40,-70,-5,30,45,10,0,-10,10,85,55,-55,55,-90,65
258,25,0,75,-75,90,15,85,160,150,50,-325,-225,130,190,-15,-55,15,-165,-75,85,-65,-65,10,0,-40,-100,-125,35,65,30,-30,75,185,100,-40,-165,-185,-120,-115,-65,5,0,55,5,15,45,-25,225,-105,-130,-20,35,100,170,120,-105,230,-135,-315,-70,85,100,35,55,50,15,30,-15,95,-35,-80,-160,50,-35,-65,-25,5,-5,30,85,115,-360,-15,50,20,40,-70,-5,30,45,10,0,-10,10,85,55,-55,55,-90,65,115
259,0,75,-75,90,15,85,160,150,50,-325,-225,130,190,-15,-55,15,-165,-75,85,-65,-65,10,0,-40,-100,-125,35,65,30,-30,75,185,100,-40,-165,-185,-120,-115,-65,5,0,55,5,15,45,-25,225,-105,-130,-20,35,100,170,120,-105,230,-135,-315,-70,85,100,35,55,50,15,30,-15,95,-35,-80,-160,50,-35,-65,-25,5,-5,30,85,115,-360,-15,50,20,40,-70,-5,30,45,10,0,-10,10,85,55,-55,55,-90,65,115,125
260,75,-75,90,15,85,160,150,50,-325,-225,130,190,-15,-55,15,-165,-75,85,-65,-65,10,0,-40,-100,-125,35,65,30,-30,75,185,100,-40,-165,-185,-120,-115,-65,5,0,55,5,15,45,-25,225,-105,-130,-20,35,100,170,120,-105,230,-135,-315,-70,85,100,35,55,50,15,30,-15,95,-35,-80,-160,50,-35,-65,-25,5,-5,30,85,115,-360,-15,50,20,40,-70,-5,30,45,10,0,-10,10,85,55,-55,55,-90,65,115,125,0
261,-75,90,15,85,160,150,50,-325,-225,130,190,-15,-55,15,-165,-75,85,-65,-65,10,0,-40,-100,-125,35,65,30,-30,75,185,100,-40,-165,-185,-120,-115,-65,5,0,55,5,15,45,-25,225,-105,-130,-20,35,100,170,120,-105,230,-135,-315,-70,85,100,35,55,50,15,30,-15,95,-35,-80,-160,50,-35,-65,-25,5,-5,30,85,115,-360,-15,50,20,40,-70,-5,30,45,10,0,-10,10,85,55,-55,55,-90,65,115,125,0,-50
262,90,15,85,160,150,50,-325,-225,130,190,-15,-55,15,-165,-75,85,-65,-65,10,0,-40,-100,-125,35,65,30,-30,75,185,100,-40,-165,-185,-120,-115,-65,5,0,55,5,15,45,-25,225,-105,-130,-20,35,100,170,120,-105,230,-135,-315,-70,85,100,35,55,50,15,30,-15,95,-35,-80,-160,50,-35,-65,-25,5,-5,30,85,115,-360,-15,50,20,40,-70,-5,30,45,10,0,-10,10,85,55,-55,55,-90,65,115,125,0,-50,-65
263,15,85,160,150,50,-325,-225,130,190,-15,-55,15,-165,-75,85,-65,-65,10,0,-40,-100,-125,35,65,30,-30,75,185,100,-40,-165,-185,-120,-115,-65,5,0,55,5,15,45,-25,225,-105,-130,-20,35,100,170,120,-105,230,-135,-315,-70,85,100,35,55,50,15,30,-15,95,-35,-80,-160,50,-35,-65,-25,5,-5,30,85,115,-360,-15,50,20,40,-70,-5,30,45,10,0,-10,10,85,55,-55,55,-90,65,115,125,0,-50,-65,-20
264,85,160,150,50,-325,-225,130,190,-15,-55,15,-165,-75,85,-65,-65,10,0,-40,-100,-125,35,65,30,-30,75,185,100,-40,-165,-185,-120,-115,-65,5,0,55,5,15,45,-25,225,-105,-130,-20,35,100,170,120,-105,230,-135,-315,-70,85,100,35,55,50,15,30,-15,95,-35,-80,-160,50,-35,-65,-25,5,-5,30,85,115,-360,-15,50,20,40,-70,-5,30,45,10,0,-10,10,85,55,-55,55,-90,65,115,125,0,-50,-65,-20,-20
265,160,150,50,-325,-225,130,190,-15,-55,15,-165,-75,85,-65,-65,10,0,-40,-100,-125,35,65,30,-30,75,185,100,-40,-165,-185,-120,-115,-65,5,0,55,5,15,45,-25,225,-105,-130,-20,35,100,170,120,-105,230,-135,-315,-70,85,100,35,55,50,15,30,-15,95,-35,-80,-160,50,-35,-65,-25,5,-5,30,85,115,-360,-15,50,20,40,-70,-5,30,45,10,0,-10,10,85,55,-55,55,-90,65,115,125,0,-50,-65,-20,-20,-70
266,150,50,-325,-225,130,190,-15,-55,15,-165,-75,85,-65,-65,10,0,-40,-100,-125,35,65,30,-30,75,185,100,-40,-165,-185,-120,-115,-65,5,0,55,5,15,45,-25,225,-105,-130,-20,35,100,170,120,-105,230,-135,-315,-70,85,100,35,55,50,15,30,-15,95,-35,-80,-160,50,-35,-65,-25,5,-5,30,85,115,-360,-15,50,20,40,-70,-5,30,45,10,0,-10,10,85,55,-55,55,-90,65,115,125,0,-50,-65,-20,-20,-70,120
267,50,-325,-225,130,190,-15,-55,15,-165,-75,85,-65,-65,10,0,-40,-100,-125,35,65,30,-30,75,185,100,-40,-165,-185,-120,-115,-65,5,0,55,5,15,45,-25,225,-105,-130,-20,35,100,170,120,-105,230,-135,-315,-70,85,100,35,55,50,15,30,-15,95,-35,-80,-160,50,-35,-65,-25,5,-5,30,85,115,-360,-15,50,20,40,-70,-5,30,45,10,0,-10,10,85,55,-55,55,-90,65,115,125,0,-50,-65,-20,-20,-70,120,105
268,-325,-225,130,190,-15,-55,15,-165,-75,85,-65,-65,10,0,-40,-100,-125,35,65,30,-30,75,185,100,-40,-165,-185,-120,-115,-65,5,0,55,5,15,45,-25,225,-105,-130,-20,35,100,170,120,-105,230,-135,-315,-70,85,100,35,55,50,15,30,-15,95,-35,-80,-160,50,-35,-65,-25,5,-5,30,85,115,-360,-15,50,20,40,-70,-5,30,45,10,0,-10,10,85,55,-55,55,-90,65,115,125,0,-50,-65,-20,-20,-70,120,105,-30
269,-225,130,190,-15,-55,15,-165,-75,85,-65,-65,10,0,-40,-100,-125,35,65,30,-30,75,185,100,-40,-165,-185,-120,-115,-65,5,0,55,5,15,45,-25,225,-105,-130,-20,35,100,170,120,-105,230,-135,-315,-70,85,100,35,55,50,15,30,-15,95,-35,-80,-160,50,-35,-65,-25,5,-5,30,85,115,-360,-15,50,20,40,-70,-5,30,45,10,0,-10,10,85,55,-55,55,-90,65,115,125,0,-50,-65,-20,-20,-70,120,105,-30,40
270,130,190,-15,-55,15,-165,-75,85,-65,-65,10,0,-40,-100,-125,35,65,30,-30,75,185,100,-40,-165,-185,-120,-115,-65,5,0,55,5,15,45,-25,225,-105,-130,-20,35,100,170,120,-105,230,-135,-315,-70,85,100,35,55,50,15,30,-15,95,-35,-80,-160,50,-35,-65,-25,5,-5,30,85,115,-360,-15,50,20,40,-70,-5,30,45,10,0,-10,10,85,55,-55,55,-90,65,115,125,0,-50,-65,-20,-20,-70,120,105,-30,40,85
271,190,-15,-55,15,-165,-75,85,-65,-65,10,0,-40,-100,-125,35,65,30,-30,75,185,100,-40,-165,-185,-120,-115,-65,5,0,55,5,15,45,-25,225,-105,-130,-20,35,100,170,120,-105,230,-135,-315,-70,85,100,35,55,50,15,30,-15,95,-35,-80,-160,50,-35,-65,-25,5,-5,30,85,115,-360,-15,50,20,40,-70,-5,30,45,10,0,-10,10,85,55,-55,55,-90,65,115,125,0,-50,-65,-20,-20,-70,120,105,-30,40,85,0
272,-15,-55,15,-165,-75,85,-65,-65,10,0,-40,-100,-125,35,65,30,-30,75,185,100,-40,-165,-185,-120,-115,-65,5,0,55,5,15,45,-25,225,-105,-130,-20,35,100,170,120,-105,230,-135,-315,-70,85,100,35,55,50,15,30,-15,95,-35,-80,-160,50,-35,-65,-25,5,-5,30,85,115,-360,-15,50,20,40,-70,-5,30,45,10,0,-10,10,85,55,-55,55,-90,65,115,125,0,-50,-65,-20,-20,-70,120,105,-30,40,85,0,-30
273,-55,15,-165,-75,85,-65,-65,10,0,-40,-100,-125,35,65,30,-30,75,185,100,-40,-165,-185,-120,-115,-65,5,0,55,5,15,45,-25,225,-105,-130,-20,35,100,170,120,-105,230,-135,-315,-70,85,100,35,55,50,15,30,-15,95,-35,-80,-160,50,-35,-65,-25,5,-5,30,85,115,-360,-15,50,20,40,-70,-5,30,45,10,0,-10,10,85,55,-55,55,-90,65,115,125,0,-50,-65,-20,-20,-70,120,105,-30,40,85,0,-30,90
274,15,-165,-75,85,-65,-65,10,0,-40,-100,-125,35,65,30,-30,75,185,100,-40,-165,-185,-120,-115,-65,5,0,55,5,15,45,-25,225,-105,-130,-20,35,100,170,120,-105,230,-135,-315,-70,85,100,35,55,50,15,30,-15,95,-35,-80,-160,50,-35,-65,-25,5,-5,30,85,115,-360,-15,50,20,40,-70,-5,30,45,10,0,-10,10,85,55,-55,55,-90,65,115,125,0,-50,-65,-20,-20,-70,120,105,-30,40,85,0,-30,90,0
275,-165,-75,85,-65,-65,10,0,-40,-100,-125,35,65,30,-30,75,185,100,-40,-165,-185,-120,-115,-65,5,0,55,5,15,45,-25,225,-105,-130,-20,35,100,170,120,-105,230,-135,-315,-70,85,100,35,55,50,15,30,-15,95,-35,-80,-160,50,-35,-65,-25,5,-5,30,85,115,-360,-15,50,20,40,-70,-5,30,45,10,0,-10,10,85,55,-55,55,-90,65,115,125,0,-50,-65,-20,-20,-70,120,105,-30,40,85,0,-30,90,0,165
276,-75,85,-65,-65,10,0,-40,-100,-125,35,65,30,-30,75,185,100,-40,-165,-185,-120,-115,-65,5,0,55,5,15,45,-25,225,-105,-130,-20,35,100,170,120,-105,230,-135,-315,-70,85,100,35,55,50,15,30,-15,95,-35,-80,-160,50,-35,-65,-25,5,-5,30,85,115,-360,-15,50,20,40,-70,-5,30,45,10,0,-10,10,85,55,-55,55,-90,65,115,125,0,-50,-65,-20,-20,-70,120,105,-30,40,85,0,-30,90,0,165,585
277,85,-65,-65,10,0,-40,-100,-125,35,65,30,-30,75,185,100,-40,-165,-185,-120,-115,-65,5,0,55,5,15,45,-25,225,-105,-130,-20,35,100,170,120,-105,230,-135,-315,-70,85,100,35,55,50,15,30,-15,95,-35,-80,-160,50,-35,-65,-25,5,-5,30,85,115,-360,-15,50,20,40,-70,-5,30,45,10,0,-10,10,85,55,-55,55,-90,65,115,125,0,-50,-65,-20,-20,-70,120,105,-30,40,85,0,-30,90,0,165,585,60
278,-65,-65,10,0,-40,-100,-125,35,65,30,-30,75,185,100,-40,-165,-185,-120,-115,-65,5,0,55,5,15,45,-25,225,-105,-130,-20,35,100,170,120,-105,230,-135,-315,-70,85,100,35,55,50,15,30,-15,95,-35,-80,-160,50,-35,-65,-25,5,-5,30,85,115,-360,-15,50,20,40,-70,-5,30,45,10,0,-10,10,85,55,-55,55,-90,65,115,125,0,-50,-65,-20,-20,-70,120,105,-30,40,85,0,-30,90,0,165,585,60,-165
279,-65,10,0,-40,-100,-125,35,65,30,-30,75,185,100,-40,-165,-185,-120,-115,-65,5,0,55,5,15,45,-25,225,-105,-130,-20,35,100,170,120,-105,230,-135,-315,-70,85,100,35,55,50,15,30,-15,95,-35,-80,-160,50,-35,-65,-25,5,-5,30,85,115,-360,-15,50,20,40,-70,-5,30,45,10,0,-10,10,85,55,-55,55,-90,65,115,125,0,-50,-65,-20,-20,-70,120,105,-30,40,85,0,-30,90,0,165,585,60,-165,-255
280,10,0,-40,-100,-125,35,65,30,-30,75,185,100,-40,-165,-185,-120,-115,-65,5,0,55,5,15,45,-25,225,-105,-130,-20,35,100,170,120,-105,230,-135,-315,-70,85,100,35,55,50,15,30,-15,95,-35,-80,-160,50,-35,-65,-25,5,-5,30,85,115,-360,-15,50,20,40,-70,-5,30,45,10,0,-10,10,85,55,-55,55,-90,65,115,125,0,-50,-65,-20,-20,-70,120,105,-30,40,85,0,-30,90,0,165,585,60,-165,-255,230
281,0,-40,-100,-125,35,65,30,-30,75,185,100,-40,-165,-185,-120,-115,-65,5,0,55,5,15,45,-25,225,-105,-130,-20,35,100,170,120,-105,230,-135,-315,-70,85,100,35,55,50,15,30,-15,95,-35,-80,-160,50,-35,-65,-25,5,-5,30,85,115,-360,-15,50,20,40,-70,-5,30,45,10,0,-10,10,85,55,-55,55,-90,65,115,125,0,-50,-65,-20,-20,-70,120,105,-30,40,85,0,-30,90,0,165,585,60,-165,-255,230,-130
282,-40,-100,-125,35,65,30,-30,75,185,100,-40,-165,-185,-120,-115,-65,5,0,55,5,15,45,-25,225,-105,-130,-20,35,100,170,120,-105,230,-135,-315,-70,85,100,35,55,50,15,30,-15,95,-35,-80,-160,50,-35,-65,-25,5,-5,30,85,115,-360,-15,50,20,40,-70,-5,30,45,10,0,-10,10,85,55,-55,55,-90,65,115,125,0,-50,-65,-20,-20,-70,120,105,-30,40,85,0,-30,90,0,165,585,60,-165,-255,230,-130,-130
283,-100,-125,35,65,30,-30,75,185,100,-40,-165,-185,-120,-115,-65,5,0,55,5,15,45,-25,225,-105,-130,-20,35,100,170,120,-105,230,-135,-315,-70,85,100,35,55,50,15,30,-15,95,-35,-80,-160,50,-35,-65,-25,5,-5,30,85,115,-360,-15,50,20,40,-70,-5,30,45,10,0,-10,10,85,55,-55,55,-90,65,115,125,0,-50,-65,-20,-20,-70,120,105,-30,40,85,0,-30,90,0,165,585,60,-165,-255,230,-130,-130,-190
284,-125,35,65,30,-30,75,185,100,-40,-165,-185,-120,-115,-65,5,0,55,5,15,45,-25,225,-105,-130,-20,35,100,170,120,-105,230,-135,-315,-70,85,100,35,55,50,15,30,-15,95,-35,-80,-160,50,-35,-65,-25,5,-5,30,85,115,-360,-15,50,20,40,-70,-5,30,45,10,0,-10,10,85,55,-55,55,-90,65,115,125,0,-50,-65,-20,-20,-70,120,105,-30,40,85,0,-30,90,0,165,585,60,-165,-255,230,-130,-130,-190,-155
285,35,65,30,-30,75,185,100,-40,-165,-185,-120,-115,-65,5,0,55,5,15,45,-25,225,-105,-130,-20,35,100,170,120,-105,230,-135,-315,-70,85,100,35,55,50,15,30,-15,95,-35,-80,-160,50,-35,-65,-25,5,-5,30,85,115,-360,-15,50,20,40,-70,-5,30,45,10,0,-10,10,85,55,-55,55,-90,65,115,125,0,-50,-65,-20,-20,-70,120,105,-30,40,85,0,-30,90,0,165,585,60,-165,-255,230,-130,-130,-190,-155,-135
286,65,30,-30,75,185,100,-40,-165,-185,-120,-115,-65,5,0,55,5,15,45,-25,225,-105,-130,-20,35,100,170,120,-105,230,-135,-315,-70,85,100,35,55,50,15,30,-15,95,-35,-80,-160,50,-35,-65,-25,5,-5,30,85,115,-360,-15,50,20,40,-70,-5,30,45,10,0,-10,10,85,55,-55,55,-90,65,115,125,0,-50,-65,-20,-20,-70,120,105,-30,40,85,0,-30,90,0,165,585,60,-165,-255,230,-130,-130,-190,-155,-135,50
287,30,-30,75,185,100,-40,-165,-185,-120,-115,-65,5,0,55,5,15,45,-25,225,-105,-130,-20,35,100,170,120,-105,230,-135,-315,-70,85,100,35,55,50,15,30,-15,95,-35,-80,-160,50,-35,-65,-25,5,-5,30,85,115,-360,-15,50,20,40,-70,-5,30,45,10,0,-10,10,85,55,-55,55,-90,65,115,125,0,-50,-65,-20,-20,-70,120,105,-30,40,85,0,-30,90,0,165,585,60,-165,-255,230,-130,-130,-190,-155,-135,50,25
288,-30,75,185,100,-40,-165,-185,-120,-115,-65,5,0,55,5,15,45,-25,225,-105,-130,-20,35,100,170,120,-105,230,-135,-315,-70,85,100,35,55,50,15,30,-15,95,-35,-80,-160,50,-35,-65,-25,5,-5,30,85,115,-360,-15,50,20,40,-70,-5,30,45,10,0,-10,10,85,55,-55,55,-90,65,115,125,0,-50,-65,-20,-20,-70,120,105,-30,40,85,0,-30,90,0,165,585,60,-165,-255,230,-130,-130,-190,-155,-135,50,25,-20
289,75,185,100,-40,-165,-185,-120,-115,-65,5,0,55,5,15,45,-25,225,-105,-130,-20,35,100,170,120,-105,230,-135,-315,-70,85,100,35,55,50,15,30,-15,95,-35,-80,-160,50,-35,-65,-25,5,-5,30,85,115,-360,-15,50,20,40,-70,-5,30,45,10,0,-10,10,85,55,-55,55,-90,65,115,125,0,-50,-65,-20,-20,-70,120,105,-30,40,85,0,-30,90,0,165,585,60,-165,-255,230,-130,-130,-190,-155,-135,50,25,-20,130
290,185,100,-40,-165,-185,-120,-115,-65,5,0,55,5,15,45,-25,225,-105,-130,-20,35,100,170,120,-105,230,-135,-315,-70,85,100,35,55,50,15,30,-15,95,-35,-80,-160,50,-35,-65,-25,5,-5,30,85,115,-360,-15,50,20,40,-70,-5,30,45,10,0,-10,10,85,55,-55,55,-90,65,115,125,0,-50,-65,-20,-20,-70,120,105,-30,40,85,0,-30,90,0,165,585,60,-165,-255,230,-130,-130,-190,-155,-135,50,25,-20,130,115
291,100,-40,-165,-185,-120,-115,-65,5,0,55,5,15,45,-25,225,-105,-130,-20,35,100,170,120,-105,230,-135,-315,-70,85,100,35,55,50,15,30,-15,95,-35,-80,-160,50,-35,-65,-25,5,-5,30,85,115,-360,-15,50,20,40,-70,-5,30,45,10,0,-10,10,85,55,-55,55,-90,65,115,125,0,-50,-65,-20,-20,-70,120,105,-30,40,85,0,-30,90,0,165,585,60,-165,-255,230,-130,-130,-190,-155,-135,50,25,-20,130,115,5
292,-40,-165,-185,-120,-115,-65,5,0,55,5,15,45,-25,225,-105,-130,-20,35,100,170,120,-105,230,-135,-315,-70,85,100,35,55,50,15,30,-15,95,-35,-80,-160,50,-35,-65,-25,5,-5,30,85,115,-360,-15,50,20,40,-70,-5,30,45,10,0,-10,10,85,55,-55,55,-90,65,115,125,0,-50,-65,-20,-20,-70,120,105,-30,40,85,0,-30,90,0,165,585,60,-165,-255,230,-130,-130,-190,-155,-135,50,25,-20,130,115,5,5
293,-165,-185,-120,-115,-65,5,0,55,5,15,45,-25,225,-105,-130,-20,35,100,170,120,-105,230,-135,-315,-70,85,100,35,55,50,15,30,-15,95,-35,-80,-160,50,-35,-65,-25,5,-5,30,85,115,-360,-15,50,20,40,-70,-5,30,45,10,0,-10,10,85,55,-55,55,-90,65,115,125,0,-50,-65,-20,-20,-70,120,105,-30,40,85,0,-30,90,0,165,585,60,-165,-255,230,-130,-130,-190,-155,-135,50,25,-20,130,115,5,5,-160
294,-185,-120,-115,-65,5,0,55,5,15,45,-25,225,-105,-130,-20,35,100,170,120,-105,230,-135,-315,-70,85,100,35,55,50,15,30,-15,95,-35,-80,-160,50,-35,-65,-25,5,-5,30,85,115,-360,-15,50,20,40,-70,-5,30,45,10,0,-10,10,85,55,-55,55,-90,65,115,125,0,-50,-65,-20,-20,-70,120,105,-30,40,85,0,-30,90,0,165,585,60,-165,-255,230,-130,-130,-190,-155,-135,50,25,-20,130,115,5,5,-160,-10
295,-120,-115,-65,5,0,55,5,15,45,-25,225,-105,-130,-20,35,100,170,120,-105,230,-135,-315,-70,85,100,35,55,50,15,30,-15,95,-35,-80,-160,50,-35,-65,-25,5,-5,30,85,115,-360,-15,50,20,40,-70,-5,30,45,10,0,-10,10,85,55,-55,55,-90,65,115,125,0,-50,-65,-20,-20,-70,120,105,-30,40,85,0,-30,90,0,165,585,60,-165,-255,230,-130,-130,-190,-155,-135,50,25,-20,130,115,5,5,-160,-10,-55
296,-115,-65,5,0,55,5,15,45,-25,225,-105,-130,-20,35,100,170,120,-105,230,-135,-315,-70,85,100,35,55,50,15,30,-15,95,-35,-80,-160,50,-35,-65,-25,5,-5,30,85,115,-360,-15,50,20,40,-70,-5,30,45,10,0,-10,10,85,55,-55,55,-90,65,115,125,0,-50,-65,-20,-20,-70,120,105,-30,40,85,0,-30,90,0,165,585,60,-165,-255,230,-130,-130,-190,-155,-135,50,25,-20,130,115,5,5,-160,-10,-55,35
297,-65,5,0,55,5,15,45,-25,225,-105,-130,-20,35,100,170,120,-105,230,-135,-315,-70,85,100,35,55,50,15,30,-15,95,-35,-80,-160,50,-35,-65,-25,5,-5,30,85,115,-360,-15,50,20,40,-70,-5,30,45,10,0,-10,10,85,55,-55,55,-90,65,115,125,0,-50,-65,-20,-20,-70,120,105,-30,40,85,0,-30,90,0,165,585,60,-165,-255,230,-130,-130,-190,-155,-135,50,25,-20,130,115,5,5,-160,-10,-55,35,220
298,5,0,55,5,15,45,-25,225,-105,-130,-20,35,100,170,120,-105,230,-135,-315,-70,85,100,35,55,50,15,30,-15,95,-35,-80,-160,50,-35,-65,-25,5,-5,30,85,115,-360,-15,50,20,40,-70,-5,30,45,10,0,-10,10,85,55,-55,55,-90,65,115,125,0,-50,-65,-20,-20,-70,120,105,-30,40,85,0,-30,90,0,165,585,60,-165,-255,230,-130,-130,-190,-155,-135,50,25,-20,130,115,5,5,-160,-10,-55,35,220,245
299,0,55,5,15,45,-25,225,-105,-130,-20,35,100,170,120,-105,230,-135,-315,-70,85,100,35,55,50,15,30,-15,95,-35,-80,-160,50,-35,-65,-25,5,-5,30,85,115,-360,-15,50,20,40,-70,-5,30,45,10,0,-10,10,85,55,-55,55,-90,65,115,125,0,-50,-65,-20,-20,-70,120,105,-30,40,85,0,-30,90,0,165,585,60,-165,-255,230,-130,-130,-190,-155,-135,50,25,-20,130,115,5,5,-160,-10,-55,35,220,245,85
300,55,5,15,45,-25,225,-105,-130,-20,35,100,170,120,-105,230,-135,-315,-70,85,100,35,55,50,15,30,-15,95,-35,-80,-160,50,-35,-65,-25,5,-5,30,85,115,-360,-15,50,20,40,-70,-5,30,45,10,0,-10,10,85,55,-55,55,-90,65,115,125,0,-50,-65,-20,-20,-70,120,105,-30,40,85,0,-30,90,0,165,585,60,-165,-255,230,-130,-130,-190,-155,-135,50,25,-20,130,115,5,5,-160,-10,-55,35,220,245,85,-115
301,5,15,45,-25,225,-105,-130,-20,35,100,170,120,-105,230,-135,-315,-70,85,100,35,55,50,15,30,-15,95,-35,-80,-160,50,-35,-65,-25,5,-5,30,85,115,-360,-15,50,20,40,-70,-5,30,45,10,0,-10,10,85,55,-55,55,-90,65,115,125,0,-50,-65,-20,-20,-70,120,105,-30,40,85,0,-30,90,0,165,585,60,-165,-255,230,-130,-130,-190,-155,-135,50,25,-20,130,115,5,5,-160,-10,-55,35,220,245,85,-115,10
302,15,45,-25,225,-105,-130,-20,35,100,170,120,-105,230,-135,-315,-70,85,100,35,55,50,15,30,-15,95,-35,-80,-160,50,-35,-65,-25,5,-5,30,85,115,-360,-15,50,20,40,-70,-5,30,45,10,0,-10,10,85,55,-55,55,-90,65,115,125,0,-50,-65,-20,-20,-70,120,105,-30,40,85,0,-30,90,0,165,585,60,-165,-255,230,-130,-130,-190,-155,-135,50,25,-20,130,115,5,5,-160,-10,-55,35,220,245,85,-115,10,265
303,45,-25,225,-105,-130,-20,35,100,170,120,-105,230,-135,-315,-70,85,100,35,55,50,15,30,-15,95,-35,-80,-160,50,-35,-65,-25,5,-5,30,85,115,-360,-15,50,20,40,-70,-5,30,45,10,0,-10,10,85,55,-55,55,-90,65,115,125,0,-50,-65,-20,-20,-70,120,105,-30,40,85,0,-30,90,0,165,585,60,-165,-255,230,-130,-130,-190,-155,-135,50,25,-20,130,115,5,5,-160,-10,-55,35,220,245,85,-115,10,265,210
304,-25,225,-105,-130,-20,35,100,170,120,-105,230,-135,-315,-70,85,100,35,55,50,15,30,-15,95,-35,-80,-160,50,-35,-65,-25,5,-5,30,85,115,-360,-15,50,20,40,-70,-5,30,45,10,0,-10,10,85,55,-55,55,-90,65,115,125,0,-50,-65,-20,-20,-70,120,105,-30,40,85,0,-30,90,0,165,585,60,-165,-255,230,-130,-130,-190,-155,-135,50,25,-20,130,115,5,5,-160,-10,-55,35,220,245,85,-115,10,265,210,-45
305,225,-105,-130,-20,35,100,170,120,-105,230,-135,-315,-70,85,100,35,55,50,15,30,-15,95,-35,-80,-160,50,-35,-65,-25,5,-5,30,85,115,-360,-15,50,20,40,-70,-5,30,45,10,0,-10,10,85,55,-55,55,-90,65,115,125,0,-50,-65,-20,-20,-70,120,105,-30,40,85,0,-30,90,0,165,585,60,-165,-255,230,-130,-130,-190,-155,-135,50,25,-20,130,115,5,5,-160,-10,-55,35,220,245,85,-115,10,265,210,-45,-20
306,-105,-130,-20,35,100,170,120,-105,230,-135,-315,-70,85,100,35,55,50,15,30,-15,95,-35,-80,-160,50,-35,-65,-25,5,-5,30,85,115,-360,-15,50,20,40,-70,-5,30,45,10,0,-10,10,85,55,-55,55,-90,65,115,125,0,-50,-65,-20,-20,-70,120,105,-30,40,85,0,-30,90,0,165,585,60,-165,-255,230,-130,-130,-190,-155,-135,50,25,-20,130,115,5,5,-160,-10,-55,35,220,245,85,-115,10,265,210,-45,-20,80
307,-130,-20,35,100,170,120,-105,230,-135,-315,-70,85,100,35,55,50,15,30,-15,95,-35,-80,-160,50,-35,-65,-25,5,-5,30,85,115,-360,-15,50,20,40,-70,-5,30,45,10,0,-10,10,85,55,-55,55,-90,65,115,125,0,-50,-65,-20,-20,-70,120,105,-30,40,85,0,-30,90,0,165,585,60,-165,-255,230,-130,-130,-190,-155,-135,50,25,-20,130,115,5,5,-160,-10,-55,35,220,245,85,-115,10,265,210,-45,-20,80,25
308,-20,35,100,170,120,-105,230,-135,-315,-70,85,100,35,55,50,15,30,-15,95,-35,-80,-160,50,-35,-65,-25,5,-5,30,85,115,-360,-15,50,20,40,-70,-5,30,45,10,0,-10,10,85,55,-55,55,-90,65,115,125,0,-50,-65,-20,-20,-70,120,105,-30,40,85,0,-30,90,0,165,585,60,-165,-255,230,-130,-130,-190,-155,-135,50,25,-20,130,115,5,5,-160,-10,-55,35,220,245,85,-115,10,265,210,-45,-20,80,25,175
309,35,100,170,120,-105,230,-135,-315,-70,85,100,35,55,50,15,30,-15,95,-35,-80,-160,50,-35,-65,-25,5,-5,30,85,115,-360,-15,50,20,40,-70,-5,30,45,10,0,-10,10,85,55,-55,55,-90,65,115,125,0,-50,-65,-20,-20,-70,120,105,-30,40,85,0,-30,90,0,165,585,60,-165,-255,230,-130,-130,-190,-155,-135,50,25,-20,130,115,5,5,-160,-10,-55,35,220,245,85,-115,10,265,210,-45,-20,80,25,175,420
310,100,170,120,-105,230,-135,-315,-70,85,100,35,55,50,15,30,-15,95,-35,-80,-160,50,-35,-65,-25,5,-5,30,85,115,-360,-15,50,20,40,-70,-5,30,45,10,0,-10,10,85,55,-55,55,-90,65,115,125,0,-50,-65,-20,-20,-70,120,105,-30,40,85,0,-30,90,0,165,585,60,-165,-255,230,-130,-130,-190,-155,-135,50,25,-20,130,115,5,5,-160,-10,-55,35,220,245,85,-115,10,265,210,-45,-20,80,25,175,420,90
311,170,120,-105,230,-135,-315,-70,85,100,35,55,50,15,30,-15,95,-35,-80,-160,50,-35,-65,-25,5,-5,30,85,115,-360,-15,50,20,40,-70,-5,30,45,10,0,-10,10,85,55,-55,55,-90,65,115,125,0,-50,-65,-20,-20,-70,120,105,-30,40,85,0,-30,90,0,165,585,60,-165,-255,230,-130,-130,-190,-155,-135,50,25,-20,130,115,5,5,-160,-10,-55,35,220,245,85,-115,10,265,210,-45,-20,80,25,175,420,90,-600
312,120,-105,230,-135,-315,-70,85,100,35,55,50,15,30,-15,95,-35,-80,-160,50,-35,-65,-25,5,-5,30,85,115,-360,-15,50,20,40,-70,-5,30,45,10,0,-10,10,85,55,-55,55,-90,65,115,125,0,-50,-65,-20,-20,-70,120,105,-30,40,85,0,-30,90,0,165,585,60,-165,-255,230,-130,-130,-190,-155,-135,50,25,-20,130,115,5,5,-160,-10,-55,35,220,245,85,-115,10,265,210,-45,-20,80,25,175,420,90,-600,-110
313,-105,230,-135,-315,-70,85,100,35,55,50,15,30,-15,95,-35,-80,-160,50,-35,-65,-25,5,-5,30,85,115,-360,-15,50,20,40,-70,-5,30,45,10,0,-10,10,85,55,-55,55,-90,65,115,125,0,-50,-65,-20,-20,-70,120,105,-30,40,85,0,-30,90,0,165,585,60,-165,-255,230,-130,-130,-190,-155,-135,50,25,-20,130,115,5,5,-160,-10,-55,35,220,245,85,-115,10,265,210,-45,-20,80,25,175,420,90,-600,-110,-315
314,230,-135,-315,-70,85,100,35,55,50,15,30,-15,95,-35,-80,-160,50,-35,-65,-25,5,-5,30,85,115,-360,-15,50,20,40,-70,-5,30,45,10,0,-10,10,85,55,-55,55,-90,65,115,125,0,-50,-65,-20,-20,-70,120,105,-30,40,85,0,-30,90,0,165,585,60,-165,-255,230,-130,-130,-190,-155,-135,50,25,-20,130,115,5,5,-160,-10,-55,35,220,245,85,-115,10,265,210,-45,-20,80,25,175,420,90,-600,-110,-315,-20
315,-135,-315,-70,85,100,35,55,50,15,30,-15,95,-35,-80,-160,50,-35,-65,-25,5,-5,30,85,115,-360,-15,50,20,40,-70,-5,30,45,10,0,-10,10,85,55,-55,55,-90,65,115,125,0,-50,-65,-20,-20,-70,120,105,-30,40,85,0,-30,90,0,165,585,60,-165,-255,230,-130,-130,-190,-155,-135,50,25,-20,130,115,5,5,-160,-10,-55,35,220,245,85,-115,10,265,210,-45,-20,80,25,175,420,90,-600,-110,-315,-20,110
316,-315,-70,85,100,35,55,50,15,30,-15,95,-35,-80,-160,50,-35,-65,-25,5,-5,30,85,115,-360,-15,50,20,40,-70,-5,30,45,10,0,-10,10,85,55,-55,55,-90,65,115,125,0,-50,-65,-20,-20,-70,120,105,-30,40,85,0,-30,90,0,165,585,60,-165,-255,230,-130,-130,-190,-155,-135,50,25,-20,130,115,5,5,-160,-10,-55,35,220,245,85,-115,10,265,210,-45,-20,80,25,175,420,90,-600,-110,-315,-20,110,-95
317,-70,85,100,35,55,50,15,30,-15,95,-35,-80,-160,50,-35,-65,-25,5,-5,30,85,115,-360,-15,50,20,40,-70,-5,30,45,10,0,-10,10,85,55,-55,55,-90,65,115,125,0,-50,-65,-20,-20,-70,120,105,-30,40,85,0,-30,90,0,165,585,60,-165,-255,230,-130,-130,-190,-155,-135,50,25,-20,130,115,5,5,-160,-10,-55,35,220,245,85,-115,10,265,210,-45,-20,80,25,175,420,90,-600,-110,-315,-20,110,-95,35
318,85,100,35,55,50,15,30,-15,95,-35,-80,-160,50,-35,-65,-25,5,-5,30,85,115,-360,-15,50,20,40,-70,-5,30,45,10,0,-10,10,85,55,-55,55,-90,65,115,125,0,-50,-65,-20,-20,-70,120,105,-30,40,85,0,-30,90,0,165,585,60,-165,-255,230,-130,-130,-190,-155,-135,50,25,-20,130,115,5,5,-160,-10,-55,35,220,245,85,-115,10,265,210,-45,-20,80,25,175,420,90,-600,-110,-315,-20,110,-95,35,160
319,100,35,55,50,15,30,-15,95,-35,-80,-160,50,-35,-65,-25,5,-5,30,85,115,-360,-15,50,20,40,-70,-5,30,45,10,0,-10,10,85,55,-55,55,-90,65,115,125,0,-50,-65,-20,-20,-70,120,105,-30,40,85,0,-30,90,0,165,585,60,-165,-255,230,-130,-130,-190,-155,-135,50,25,-20,130,115,5,5,-160,-10,-55,35,220,245,85,-115,10,265,210,-45,-20,80,25,175,420,90,-600,-110,-315,-20,110,-95,35,160,5
320,35,55,50,15,30,-15,95,-35,-80,-160,50,-35,-65,-25,5,-5,30,85,115,-360,-15,50,20,40,-70,-5,30,45,10,0,-10,10,85,55,-55,55,-90,65,115,125,0,-50,-65,-20,-20,-70,120,105,-30,40,85,0,-30,90,0,165,585,60,-165,-255,230,-130,-130,-190,-155,-135,50,25,-20,130,115,5,5,-160,-10,-55,35,220,245,85,-115,10,265,210,-45,-20,80,25,175,420,90,-600,-110,-315,-20,110,-95,35,160,5,-25
321,55,50,15,30,-15,95,-35,-80,-160,50,-35,-65,-25,5,-5,30,85,115,-360,-15,50,20,40,-70,-5,30,45,10,0,-10,10,85,55,-55,55,-90,65,115,125,0,-50,-65,-20,-20,-70,120,105,-30,40,85,0,-30,90,0,165,585,60,-165,-255,230,-130,-130,-190,-155,-135,50,25,-20,130,115,5,5,-160,-10,-55,35,220,245,85,-115,10,265,210,-45,-20,80,25,175,420,90,-600,-110,-315,-20,110,-95,35,160,5,-25,90
322,50,15,30,-15,95,-35,-80,-160,50,-35,-65,-25,5,-5,30,85,115,-360,-15,50,20,40,-70,-5,30,45,10,0,-10,10,85,55,-55,55,-90,65,115,125,0,-50,-65,-20,-20,-70,120,105,-30,40,85,0,-30,90,0,165,585,60,-165,-255,230,-130,-130,-190,-155,-135,50,25,-20,130,115,5,5,-160,-10,-55,35,220,245,85,-115,10,265,210,-45,-20,80,25,175,420,90,-600,-110,-315,-20,110,-95,35,160,5,-25,90,-10
323,15,30,-15,95,-35,-80,-160,50,-35,-65,-25,5,-5,30,85,115,-360,-15,50,20,40,-70,-5,30,45,10,0,-10,10,85,55,-55,55,-90,65,115,125,0,-50,-65,-20,-20,-70,120,105,-30,40,85,0,-30,90,0,165,585,60,-165,-255,230,-130,-130,-190,-155,-135,50,25,-20,130,115,5,5,-160,-10,-55,35,220,245,85,-115,10,265,210,-45,-20,80,25,175,420,90,-600,-110,-315,-20,110,-95,35,160,5,-25,90,-10,-170
324,30,-15,95,-35,-80,-160,50,-35,-65,-25,5,-5,30,85,115,-360,-15,50,20,40,-70,-5,30,45,10,0,-10,10,85,55,-55,55,-90,65,115,125,0,-50,-65,-20,-20,-70,120,105,-30,40,85,0,-30,90,0,165,585,60,-165,-255,230,-130,-130,-190,-155,-135,50,25,-20,130,115,5,5,-160,-10,-55,35,220,245,85,-115,10,265,210,-45,-20,80,25,175,420,90,-600,-110,-315,-20,110,-95,35,160,5,-25,90,-10,-170,-30
325,-15,95,-35,-80,-160,50,-35,-65,-25,5,-5,30,85,115,-360,-15,50,20,40,-70,-5,30,45,10,0,-10,10,85,55,-55,55,-90,65,115,125,0,-50,-65,-20,-20,-70,120,105,-30,40,85,0,-30,90,0,165,585,60,-165,-255,230,-130,-130,-190,-155,-135,50,25,-20,130,115,5,5,-160,-10,-55,35,220,245,85,-115,10,265,210,-45,-20,80,25,175,420,90,-600,-110,-315,-20,110,-95,35,160,5,-25,90,-10,-170,-30,-95
326,95,-35,-80,-160,50,-35,-65,-25,5,-5,30,85,115,-360,-15,50,20,40,-70,-5,30,45,10,0,-10,10,85,55,-55,55,-90,65,115,125,0,-50,-65,-20,-20,-70,120,105,-30,40,85,0,-30,90,0,165,585,60,-165,-255,230,-130,-130,-190,-155,-135,50,25,-20,130,115,5,5,-160,-10,-55,35,220,245,85,-115,10,265,210,-45,-20,80,25,175,420,90,-600,-110,-315,-20,110,-95,35,160,5,-25,90,-10,-170,-30,-95,-195
327,-35,-80,-160,50,-35,-65,-25,5,-5,30,85,115,-360,-15,50,20,40,-70,-5,30,45,10,0,-10,10,85,55,-55,55,-90,65,115,125,0,-50,-65,-20,-20,-70,120,105,-30,40,85,0,-30,90,0,165,585,60,-165,-255,230,-130,-130,-190,-155,-135,50,25,-20,130,115,5,5,-160,-10,-55,35,220,245,85,-115,10,265,210,-45,-20,80,25,175,420,90,-600,-110,-315,-20,110,-95,35,160,5,-25,90,-10,-170,-30,-95,-195,-245
328,-80,-160,50,-35,-65,-25,5,-5,30,85,115,-360,-15,50,20,40,-70,-5,30,45,10,0,-10,10,85,55,-55,55,-90,65,115,125,0,-50,-65,-20,-20,-70,120,105,-30,40,85,0,-30,90,0,165,585,60,-165,-255,230,-130,-130,-190,-155,-135,50,25,-20,130,115,5,5,-160,-10,-55,35,220,245,85,-115,10,265,210,-45,-20,80,25,175,420,90,-600,-110,-315,-20,110,-95,35,160,5,-25,90,-10,-170,-30,-95,-195,-245,-125
329,-160,50,-35,-65,-25,5,-5,30,85,115,-360,-15,50,20,40,-70,-5,30,45,10,0,-10,10,85,55,-55,55,-90,65,115,125,0,-50,-65,-20,-20,-70,120,105,-30,40,85,0,-30,90,0,165,585,60,-165,-255,230,-130,-130,-190,-155,-135,50,25,-20,130,115,5,5,-160,-10,-55,35,220,245,85,-115,10,265,210,-45,-20,80,25,175,420,90,-600,-110,-315,-20,110,-95,35,160,5,-25,90,-10,-170,-30,-95,-195,-245,-125,-5
330,50,-35,-65,-25,5,-5,30,85,115,-360,-15,50,20,40,-70,-5,30,45,10,0,-10,10,85,55,-55,55,-90,65,115,125,0,-50,-65,-20,-20,-70,120,105,-30,40,85,0,-30,90,0,165,585,60,-165,-255,230,-130,-130,-190,-155,-135,50,25,-20,130,115,5,5,-160,-10,-55,35,220,245,85,-115,10,265,210,-45,-20,80,25,175,420,90,-600,-110,-315,-20,110,-95,35,160,5,-25,90,-10,-170,-30,-95,-195,-245,-125,-5,-10
331,-35,-65,-25,5,-5,30,85,115,-360,-15,50,20,40,-70,-5,30,45,10,0,-10,10,85,55,-55,55,-90,65,115,125,0,-50,-65,-20,-20,-70,120,105,-30,40,85,0,-30,90,0,165,585,60,-165,-255,230,-130,-130,-190,-155,-135,50,25,-20,130,115,5,5,-160,-10,-55,35,220,245,85,-115,10,265,210,-45,-20,80,25,175,420,90,-600,-110,-315,-20,110,-95,35,160,5,-25,90,-10,-170,-30,-95,-195,-245,-125,-5,-10,0
332,-65,-25,5,-5,30,85,115,-360,-15,50,20,40,-70,-5,30,45,10,0,-10,10,85,55,-55,55,-90,65,115,125,0,-50,-65,-20,-20,-70,120,105,-30,40,85,0,-30,90,0,165,585,60,-165,-255,230,-130,-130,-190,-155,-135,50,25,-20,130,115,5,5,-160,-10,-55,35,220,245,85,-115,10,265,210,-45,-20,80,25,175,420,90,-600,-110,-315,-20,110,-95,35,160,5,-25,90,-10,-170,-30,-95,-195,-245,-125,-5,-10,0,-55
333,-25,5,-5,30,85,115,-360,-15,50,20,40,-70,-5,30,45,10,0,-10,10,85,55,-55,55,-90,65,115,125,0,-50,-65,-20,-20,-70,120,105,-30,40,85,0,-30,90,0,165,585,60,-165,-255,230,-130,-130,-190,-155,-135,50,25,-20,130,115,5,5,-160,-10,-55,35,220,245,85,-115,10,265,210,-45,-20,80,25,175,420,90,-600,-110,-315,-20,110,-95,35,160,5,-25,90,-10,-170,-30,-95,-195,-245,-125,-5,-10,0,-55,-110
334,5,-5,30,85,115,-360,-15,50,20,40,-70,-5,30,45,10,0,-10,10,85,55,-55,55,-90,65,115,125,0,-50,-65,-20,-20,-70,120,105,-30,40,85,0,-30,90,0,165,585,60,-165,-255,230,-130,-130,-190,-155,-135,50,25,-20,130,115,5,5,-160,-10,-55,35,220,245,85,-115,10,265,210,-45,-20,80,25,175,420,90,-600,-110,-315,-20,110,-95,35,160,5,-25,90,-10,-170,-30,-95,-195,-245,-125,-5,-10,0,-55,-110,65
335,-5,30,85,115,-360,-15,50,20,40,-70,-5,30,45,10,0,-10,10,85,55,-55,55,-90,65,115,125,0,-50,-65,-20,-20,-70,120,105,-30,40,85,0,-30,90,0,165,585,60,-165,-255,230,-130,-130,-190,-155,-135,50,25,-20,130,115,5,5,-160,-10,-55,35,220,245,85,-115,10,265,210,-45,-20,80,25,175,420,90,-600,-110,-315,-20,110,-95,35,160,5,-25,90,-10,-170,-30,-95,-195,-245,-125,-5,-10,0,-55,-110,65,45
336,30,85,115,-360,-15,50,20,40,-70,-5,30,45,10,0,-10,10,85,55,-55,55,-90,65,115,125,0,-50,-65,-20,-20,-70,120,105,-30,40,85,0,-30,90,0,165,585,60,-165,-255,230,-130,-130,-190,-155,-135,50,25,-20,130,115,5,5,-160,-10,-55,35,220,245,85,-115,10,265,210,-45,-20,80,25,175,420,90,-600,-110,-315,-20,110,-95,35,160,5,-25,90,-10,-170,-30,-95,-195,-245,-125,-5,-10,0,-55,-110,65,45,135
337,85,115,-360,-15,50,20,40,-70,-5,30,45,10,0,-10,10,85,55,-55,55,-90,65,115,125,0,-50,-65,-20,-20,-70,120,105,-30,40,85,0,-30,90,0,165,585,60,-165,-255,230,-130,-130,-190,-155,-135,50,25,-20,130,115,5,5,-160,-10,-55,35,220,245,85,-115,10,265,210,-45,-20,80,25,175,420,90,-600,-110,-315,-20,110,-95,35,160,5,-25,90,-10,-170,-30,-95,-195,-245,-125,-5,-10,0,-55,-110,65,45,135,55
338,115,-360,-15,50,20,40,-70,-5,30,45,10,0,-10,10,85,55,-55,55,-90,65,115,125,0,-50,-65,-20,-20,-70,120,105,-30,40,85,0,-30,90,0,165,585,60,-165,-255,230,-130,-130,-190,-155,-135,50,25,-20,130,115,5,5,-160,-10,-55,35,220,245,85,-115,10,265,210,-45,-20,80,25,175,420,90,-600,-110,-315,-20,110,-95,35,160,5,-25,90,-10,-170,-30,-95,-195,-245,-125,-5,-10,0,-55,-110,65,45,135,55,-135
339,-360,-15,50,20,40,-70,-5,30,45,10,0,-10,10,85,55,-55,55,-90,65,115,125,0,-50,-65,-20,-20,-70,120,105,-30,40,85,0,-30,90,0,165,585,60,-165,-255,230,-130,-130,-190,-155,-135,50,25,-20,130,115,5,5,-160,-10,-55,35,220,245,85,-115,10,265,210,-45,-20,80,25,175,420,90,-600,-110,-315,-20,110,-95,35,160,5,-25,90,-10,-170,-30,-95,-195,-245,-125,-5,-10,0,-55,-110,65,45,135,55,-135,-220
340,-15,50,20,40,-70,-5,30,45,10,0,-10,10,85,55,-55,55,-90,65,115,125,0,-50,-65,-20,-20,-70,120,105,-30,40,85,0,-30,90,0,165,585,60,-165,-255,230,-130,-130,-190,-155,-135,50,25,-20,130,115,5,5,-160,-10,-55,35,220,245,85,-115,10,265,210,-45,-20,80,25,175,420,90,-600,-110,-315,-20,110,-95,35,160,5,-25,90,-10,-170,-30,-95,-195,-245,-125,-5,-10,0,-55,-110,65,45,135,55,-135,-220,-125
341,50,20,40,-70,-5,30,45,10,0,-10,10,85,55,-55,55,-90,65,115,125,0,-50,-65,-20,-20,-70,120,105,-30,40,85,0,-30,90,0,165,585,60,-165,-255,230,-130,-130,-190,-155,-135,50,25,-20,130,115,5,5,-160,-10,-55,35,220,245,85,-115,10,265,210,-45,-20,80,25,175,420,90,-600,-110,-315,-20,110,-95,35,160,5,-25,90,-10,-170,-30,-95,-195,-245,-125,-5,-10,0,-55,-110,65,45,135,55,-135,-220,-125,-35
342,20,40,-70,-5,30,45,10,0,-10,10,85,55,-55,55,-90,65,115,125,0,-50,-65,-20,-20,-70,120,105,-30,40,85,0,-30,90,0,165,585,60,-165,-255,230,-130,-130,-190,-155,-135,50,25,-20,130,115,5,5,-160,-10,-55,35,220,245,85,-115,10,265,210,-45,-20,80,25,175,420,90,-600,-110,-315,-20,110,-95,35,160,5,-25,90,-10,-170,-30,-95,-195,-245,-125,-5,-10,0,-55,-110,65,45,135,55,-135,-220,-125,-35,-55
343,40,-70,-5,30,45,10,0,-10,10,85,55,-55,55,-90,65,115,125,0,-50,-65,-20,-20,-70,120,105,-30,40,85,0,-30,90,0,165,585,60,-165,-255,230,-130,-130,-190,-155,-135,50,25,-20,130,115,5,5,-160,-10,-55,35,220,245,85,-115,10,265,210,-45,-20,80,25,175,420,90,-600,-110,-315,-20,110,-95,35,160,5,-25,90,-10,-170,-30,-95,-195,-245,-125,-5,-10,0,-55,-110,65,45,135,55,-135,-220,-125,-35,-55,15
344,-70,-5,30,45,10,0,-10,10,85,55,-55,55,-90,65,115,125,0,-50,-65,-20,-20,-70,120,105,-30,40,85,0,-30,90,0,165,585,60,-165,-255,230,-130,-130,-190,-155,-135,50,25,-20,130,115,5,5,-160,-10,-55,35,220,245,85,-115,10,265,210,-45,-20,80,25,175,420,90,-600,-110,-315,-20,110,-95,35,160,5,-25,90,-10,-170,-30,-95,-195,-245,-125,-5,-10,0,-55,-110,65,45,135,55,-135,-220,-125,-35,-55,15,-40
345,-5,30,45,10,0,-10,10,85,55,-55,55,-90,65,115,125,0,-50,-65,-20,-20,-70,120,105,-30,40,85,0,-30,90,0,165,585,60,-165,-255,230,-130,-130,-190,-155,-135,50,25,-20,130,115,5,5,-160,-10,-55,35,220,245,85,-115,10,265,210,-45,-20,80,25,175,420,90,-600,-110,-315,-20,110,-95,35,160,5,-25,90,-10,-170,-30,-95,-195,-245,-125,-5,-10,0,-55,-110,65,45,135,55,-135,-220,-125,-35,-55,15,-40,40
346,30,45,10,0,-10,10,85,55,-55,55,-90,65,115,125,0,-50,-65,-20,-20,-70,120,105,-30,40,85,0,-30,90,0,165,585,60,-165,-255,230,-130,-130,-190,-155,-135,50,25,-20,130,115,5,5,-160,-10,-55,35,220,245,85,-115,10,265,210,-45,-20,80,25,175,420,90,-600,-110,-315,-20,110,-95,35,160,5,-25,90,-10,-170,-30,-95,-195,-245,-125,-5,-10,0,-55,-110,65,45,135,55,-135,-220,-125,-35,-55,15,-40,40,155
347,45,10,0,-10,10,85,55,-55,55,-90,65,115,125,0,-50,-65,-20,-20,-70,120,105,-30,40,85,0,-30,90,0,165,585,60,-165,-255,230,-130,-130,-190,-155,-135,50,25,-20,130,115,5,5,-160,-10,-55,35,220,245,85,-115,10,265,210,-45,-20,80,25,175,420,90,-600,-110,-315,-20,110,-95,35,160,5,-25,90,-10,-170,-30,-95,-195,-245,-125,-5,-10,0,-55,-110,65,45,135,55,-135,-220,-125,-35,-55,15,-40,40,155,145
348,10,0,-10,10,85,55,-55,55,-90,65,115,125,0,-50,-65,-20,-20,-70,120,105,-30,40,85,0,-30,90,0,165,585,60,-165,-255,230,-130,-130,-190,-155,-135,50,25,-20,130,115,5,5,-160,-10,-55,35,220,245,85,-115,10,265,210,-45,-20,80,25,175,420,90,-600,-110,-315,-20,110,-95,35,160,5,-25,90,-10,-170,-30,-95,-195,-245,-125,-5,-10,0,-55,-110,65,45,135,55,-135,-220,-125,-35,-55,15,-40,40,155,145,10
349,0,-10,10,85,55,-55,55,-90,65,115,125,0,-50,-65,-20,-20,-70,120,105,-30,40,85,0,-30,90,0,165,585,60,-165,-255,230,-130,-130,-190,-155,-135,50,25,-20,130,115,5,5,-160,-10,-55,35,220,245,85,-115,10,265,210,-45,-20,80,25,175,420,90,-600,-110,-315,-20,110,-95,35,160,5,-25,90,-10,-170,-30,-95,-195,-245,-125,-5,-10,0,-55,-110,65,45,135,55,-135,-220,-125,-35,-55,15,-40,40,155,145,10,-75
350,-10,10,85,55,-55,55,-90,65,115,125,0,-50,-65,-20,-20,-70,120,105,-30,40,85,0,-30,90,0,165,585,60,-165,-255,230,-130,-130,-190,-155,-135,50,25,-20,130,115,5,5,-160,-10,-55,35,220,245,85,-115,10,265,210,-45,-20,80,25,175,420,90,-600,-110,-315,-20,110,-95,35,160,5,-25,90,-10,-170,-30,-95,-195,-245,-125,-5,-10,0,-55,-110,65,45,135,55,-135,-220,-125,-35,-55,15,-40,40,155,145,10,-75,-20
351,10,85,55,-55,55,-90,65,115,125,0,-50,-65,-20,-20,-70,120,105,-30,40,85,0,-30,90,0,165,585,60,-165,-255,230,-130,-130,-190,-155,-135,50,25,-20,130,115,5,5,-160,-10,-55,35,220,245,85,-115,10,265,210,-45,-20,80,25,175,420,90,-600,-110,-315,-20,110,-95,35,160,5,-25,90,-10,-170,-30,-95,-195,-245,-125,-5,-10,0,-55,-110,65,45,135,55,-135,-220,-125,-35,-55,15,-40,40,155,145,10,-75,-20,55
352,85,55,-55,55,-90,65,115,125,0,-50,-65,-20,-20,-70,120,105,-30,40,85,0,-30,90,0,165,585,60,-165,-255,230,-130,-130,-190,-155,-135,50,25,-20,130,115,5,5,-160,-10,-55,35,220,245,85,-115,10,265,210,-45,-20,80,25,175,420,90,-600,-110,-315,-20,110,-95,35,160,5,-25,90,-10,-170,-30,-95,-195,-245,-125,-5,-10,0,-55,-110,65,45,135,55,-135,-220,-125,-35,-55,15,-40,40,155,145,10,-75,-20,55,-85
353,55,-55,55,-90,65,115,125,0,-50,-65,-20,-20,-70,120,105,-30,40,85,0,-30,90,0,165,585,60,-165,-255,230,-130,-130,-190,-155,-135,50,25,-20,130,115,5,5,-160,-10,-55,35,220,245,85,-115,10,265,210,-45,-20,80,25,175,420,90,-600,-110,-315,-20,110,-95,35,160,5,-25,90,-10,-170,-30,-95,-195,-245,-125,-5,-10,0,-55,-110,65,45,135,55,-135,-220,-125,-35,-55,15,-40,40,155,145,10,-75,-20,55,-85,65
354,-55,55,-90,65,115,125,0,-50,-65,-20,-20,-70,120,105,-30,40,85,0,-30,90,0,165,585,60,-165,-255,230,-130,-130,-190,-155,-135,50,25,-20,130,115,5,5,-160,-10,-55,35,220,245,85,-115,10,265,210,-45,-20,80,25,175,420,90,-600,-110,-315,-20,110,-95,35,160,5,-25,90,-10,-170,-30,-95,-195,-245,-125,-5,-10,0,-55,-110,65,45,135,55,-135,-220,-125,-35,-55,15,-40,40,155,145,10,-75,-20,55,-85,65,145
355,55,-90,65,115,125,0,-50,-65,-20,-20,-70,120,105,-30,40,85,0,-30,90,0,165,585,60,-165,-255,230,-130,-130,-190,-155,-135,50,25,-20,130,115,5,5,-160,-10,-55,35,220,245,85,-115,10,265,210,-45,-20,80,25,175,420,90,-600,-110,-315,-20,110,-95,35,160,5,-25,90,-10,-170,-30,-95,-195,-245,-125,-5,-10,0,-55,-110,65,45,135,55,-135,-220,-125,-35,-55,15,-40,40,155,145,10,-75,-20,55,-85,65,145,70
356,-90,65,115,125,0,-50,-65,-20,-20,-70,120,105,-30,40,85,0,-30,90,0,165,585,60,-165,-255,230,-130,-130,-190,-155,-135,50,25,-20,130,115,5,5,-160,-10,-55,35,220,245,85,-115,10,265,210,-45,-20,80,25,175,420,90,-600,-110,-315,-20,110,-95,35,160,5,-25,90,-10,-170,-30,-95,-195,-245,-125,-5,-10,0,-55,-110,65,45,135,55,-135,-220,-125,-35,-55,15,-40,40,155,145,10,-75,-20,55,-85,65,145,70,0
357,65,115,125,0,-50,-65,-20,-20,-70,120,105,-30,40,85,0,-30,90,0,165,585,60,-165,-255,230,-130,-130,-190,-155,-135,50,25,-20,130,115,5,5,-160,-10,-55,35,220,245,85,-115,10,265,210,-45,-20,80,25,175,420,90,-600,-110,-315,-20,110,-95,35,160,5,-25,90,-10,-170,-30,-95,-195,-245,-125,-5,-10,0,-55,-110,65,45,135,55,-135,-220,-125,-35,-55,15,-40,40,155,145,10,-75,-20,55,-85,65,145,70,0,20
358,115,125,0,-50,-65,-20,-20,-70,120,105,-30,40,85,0,-30,90,0,165,585,60,-165,-255,230,-130,-130,-190,-155,-135,50,25,-20,130,115,5,5,-160,-10,-55,35,220,245,85,-115,10,265,210,-45,-20,80,25,175,420,90,-600,-110,-315,-20,110,-95,35,160,5,-25,90,-10,-170,-30,-95,-195,-245,-125,-5,-10,0,-55,-110,65,45,135,55,-135,-220,-125,-35,-55,15,-40,40,155,145,10,-75,-20,55,-85,65,145,70,0,20,0
359,125,0,-50,-65,-20,-20,-70,120,105,-30,40,85,0,-30,90,0,165,585,60,-165,-255,230,-130,-130,-190,-155,-135,50,25,-20,130,115,5,5,-160,-10,-55,35,220,245,85,-115,10,265,210,-45,-20,80,25,175,420,90,-600,-110,-315,-20,110,-95,35,160,5,-25,90,-10,-170,-30,-95,-195,-245,-125,-5,-10,0,-55,-110,65,45,135,55,-135,-220,-125,-35,-55,15,-40,40,155,145,10,-75,-20,55,-85,65,145,70,0,20,0,5
360,0,-50,-65,-20,-20,-70,120,105,-30,40,85,0,-30,90,0,165,585,60,-165,-255,230,-130,-130,-190,-155,-135,50,25,-20,130,115,5,5,-160,-10,-55,35,220,245,85,-115,10,265,210,-45,-20,80,25,175,420,90,-600,-110,-315,-20,110,-95,35,160,5,-25,90,-10,-170,-30,-95,-195,-245,-125,-5,-10,0,-55,-110,65,45,135,55,-135,-220,-125,-35,-55,15,-40,40,155,145,10,-75,-20,55,-85,65,145,70,0,20,0,5,-105
361,-50,-65,-20,-20,-70,120,105,-30,40,85,0,-30,90,0,165,585,60,-165,-255,230,-130,-130,-190,-155,-135,50,25,-20,130,115,5,5,-160,-10,-55,35,220,245,85,-115,10,265,210,-45,-20,80,25,175,420,90,-600,-110,-315,-20,110,-95,35,160,5,-25,90,-10,-170,-30,-95,-195,-245,-125,-5,-10,0,-55,-110,65,45,135,55,-135,-220,-125,-35,-55,15,-40,40,155,145,10,-75,-20,55,-85,65,145,70,0,20,0,5,-105,-70
362,-65,-20,-20,-70,120,105,-30,40,85,0,-30,90,0,165,585,60,-165,-255,230,-130,-130,-190,-155,-135,50,25,-20,130,115,5,5,-160,-10,-55,35,220,245,85,-115,10,265,210,-45,-20,80,25,175,420,90,-600,-110,-315,-20,110,-95,35,160,5,-25,90,-10,-170,-30,-95,-195,-245,-125,-5,-10,0,-55,-110,65,45,135,55,-135,-220,-125,-35,-55,15,-40,40,155,145,10,-75,-20,55,-85,65,145,70,0,20,0,5,-105,-70,70
363,-20,-20,-70,120,105,-30,40,85,0,-30,90,0,165,585,60,-165,-255,230,-130,-130,-190,-155,-135,50,25,-20,130,115,5,5,-160,-10,-55,35,220,245,85,-115,10,265,210,-45,-20,80,25,175,420,90,-600,-110,-315,-20,110,-95,35,160,5,-25,90,-10,-170,-30,-95,-195,-245,-125,-5,-10,0,-55,-110,65,45,135,55,-135,-220,-125,-35,-55,15,-40,40,155,145,10,-75,-20,55,-85,65,145,70,0,20,0,5,-105,-70,70,-10
364,-20,-70,120,105,-30,40,85,0,-30,90,0,165,585,60,-165,-255,230,-130,-130,-190,-155,-135,50,25,-20,130,115,5,5,-160,-10,-55,35,220,245,85,-115,10,265,210,-45,-20,80,25,175,420,90,-600,-110,-315,-20,110,-95,35,160,5,-25,90,-10,-170,-30,-95,-195,-245,-125,-5,-10,0,-55,-110,65,45,135,55,-135,-220,-125,-35,-55,15,-40,40,155,145,10,-75,-20,55,-85,65,145,70,0,20,0,5,-105,-70,70,-10,20
365,-70,120,105,-30,40,85,0,-30,90,0,165,585,60,-165,-255,230,-130,-130,-190,-155,-135,50,25,-20,130,115,5,5,-160,-10,-55,35,220,245,85,-115,10,265,210,-45,-20,80,25,175,420,90,-600,-110,-315,-20,110,-95,35,160,5,-25,90,-10,-170,-30,-95,-195,-245,-125,-5,-10,0,-55,-110,65,45,135,55,-135,-220,-125,-35,-55,15,-40,40,155,145,10,-75,-20,55,-85,65,145,70,0,20,0,5,-105,-70,70,-10,20,-10
366,120,105,-30,40,85,0,-30,90,0,165,585,60,-165,-255,230,-130,-130,-190,-155,-135,50,25,-20,130,115,5,5,-160,-10,-55,35,220,245,85,-115,10,265,210,-45,-20,80,25,175,420,90,-600,-110,-315,-20,110,-95,35,160,5,-25,90,-10,-170,-30,-95,-195,-245,-125,-5,-10,0,-55,-110,65,45,135,55,-135,-220,-125,-35,-55,15,-40,40,155,145,10,-75,-20,55,-85,65,145,70,0,20,0,5,-105,-70,70,-10,20,-10,35
367,105,-30,40,85,0,-30,90,0,165,585,60,-165,-255,230,-130,-130,-190,-155,-135,50,25,-20,130,115,5,5,-160,-10,-55,35,220,245,85,-115,10,265,210,-45,-20,80,25,175,420,90,-600,-110,-315,-20,110,-95,35,160,5,-25,90,-10,-170,-30,-95,-195,-245,-125,-5,-10,0,-55,-110,65,45,135,55,-135,-220,-125,-35,-55,15,-40,40,155,145,10,-75,-20,55,-85,65,145,70,0,20,0,5,-105,-70,70,-10,20,-10,35,20
368,-30,40,85,0,-30,90,0,165,585,60,-165,-255,230,-130,-130,-190,-155,-135,50,25,-20,130,115,5,5,-160,-10,-55,35,220,245,85,-115,10,265,210,-45,-20,80,25,175,420,90,-600,-110,-315,-20,110,-95,35,160,5,-25,90,-10,-170,-30,-95,-195,-245,-125,-5,-10,0,-55,-110,65,45,135,55,-135,-220,-125,-35,-55,15,-40,40,155,145,10,-75,-20,55,-85,65,145,70,0,20,0,5,-105,-70,70,-10,20,-10,35,20,-25
369,40,85,0,-30,90,0,165,585,60,-165,-255,230,-130,-130,-190,-155,-135,50,25,-20,130,115,5,5,-160,-10,-55,35,220,245,85,-115,10,265,210,-45,-20,80,25,175,420,90,-600,-110,-315,-20,110,-95,35,160,5,-25,90,-10,-170,-30,-95,-195,-245,-125,-5,-10,0,-55,-110,65,45,135,55,-135,-220,-125,-35,-55,15,-40,40,155,145,10,-75,-20,55,-85,65,145,70,0,20,0,5,-105,-70,70,-10,20,-10,35,20,-25,55
370,85,0,-30,90,0,165,585,60,-165,-255,230,-130,-130,-190,-155,-135,50,25,-20,130,115,5,5,-160,-10,-55,35,220,245,85,-115,10,265,210,-45,-20,80,25,175,420,90,-600,-110,-315,-20,110,-95,35,160,5,-25,90,-10,-170,-30,-95,-195,-245,-125,-5,-10,0,-55,-110,65,45,135,55,-135,-220,-125,-35,-55,15,-40,40,155,145,10,-75,-20,55,-85,65,145,70,0,20,0,5,-105,-70,70,-10,20,-10,35,20,-25,55,170
371,0,-30,90,0,165,585,60,-165,-255,230,-130,-130,-190,-155,-135,50,25,-20,130,115,5,5,-160,-10,-55,35,220,245,85,-115,10,265,210,-45,-20,80,25,175,420,90,-600,-110,-315,-20,110,-95,35,160,5,-25,90,-10,-170,-30,-95,-195,-245,-125,-5,-10,0,-55,-110,65,45,135,55,-135,-220,-125,-35,-55,15,-40,40,155,145,10,-75,-20,55,-85,65,145,70,0,20,0,5,-105,-70,70,-10,20,-10,35,20,-25,55,170,-65
372,-30,90,0,165,585,60,-165,-255,230,-130,-130,-190,-155,-135,50,25,-20,130,115,5,5,-160,-10,-55,35,220,245,85,-115,10,265,210,-45,-20,80,25,175,420,90,-600,-110,-315,-20,110,-95,35,160,5,-25,90,-10,-170,-30,-95,-195,-245,-125,-5,-10,0,-55,-110,65,45,135,55,-135,-220,-125,-35,-55,15,-40,40,155,145,10,-75,-20,55,-85,65,145,70,0,20,0,5,-105,-70,70,-10,20,-10,35,20,-25,55,170,-65,-120
373,90,0,165,585,60,-165,-255,230,-130,-130,-190,-155,-135,50,25,-20,130,115,5,5,-160,-10,-55,35,220,245,85,-115,10,265,210,-45,-20,80,25,175,420,90,-600,-110,-315,-20,110,-95,35,160,5,-25,90,-10,-170,-30,-95,-195,-245,-125,-5,-10,0,-55,-110,65,45,135,55,-135,-220,-125,-35,-55,15,-40,40,155,145,10,-75,-20,55,-85,65,145,70,0,20,0,5,-105,-70,70,-10,20,-10,35,20,-25,55,170,-65,-120,75
374,0,165,585,60,-165,-255,230,-130,-130,-190,-155,-135,50,25,-20,130,115,5,5,-160,-10,-55,35,220,245,85,-115,10,265,210,-45,-20,80,25,175,420,90,-600,-110,-315,-20,110,-95,35,160,5,-25,90,-10,-170,-30,-95,-195,-245,-125,-5,-10,0,-55,-110,65,45,135,55,-135,-220,-125,-35,-55,15,-40,40,155,145,10,-75,-20,55,-85,65,145,70,0,20,0,5,-105,-70,70,-10,20,-10,35,20,-25,55,170,-65,-120,75,-105
375,165,585,60,-165,-255,230,-130,-130,-190,-155,-135,50,25,-20,130,115,5,5,-160,-10,-55,35,220,245,85,-115,10,265,210,-45,-20,80,25,175,420,90,-600,-110,-315,-20,110,-95,35,160,5,-25,90,-10,-170,-30,-95,-195,-245,-125,-5,-10,0,-55,-110,65,45,135,55,-135,-220,-125,-35,-55,15,-40,40,155,145,10,-75,-20,55,-85,65,145,70,0,20,0,5,-105,-70,70,-10,20,-10,35,20,-25,55,170,-65,-120,75,-105,-90
376,585,60,-165,-255,230,-130,-130,-190,-155,-135,50,25,-20,130,115,5,5,-160,-10,-55,35,220,245,85,-115,10,265,210,-45,-20,80,25,175,420,90,-600,-110,-315,-20,110,-95,35,160,5,-25,90,-10,-170,-30,-95,-195,-245,-125,-5,-10,0,-55,-110,65,45,135,55,-135,-220,-125,-35,-55,15,-40,40,155,145,10,-75,-20,55,-85,65,145,70,0,20,0,5,-105,-70,70,-10,20,-10,35,20,-25,55,170,-65,-120,75,-105,-90,-80
377,60,-165,-255,230,-130,-130,-190,-155,-135,50,25,-20,130,115,5,5,-160,-10,-55,35,220,245,85,-115,10,265,210,-45,-20,80,25,175,420,90,-600,-110,-315,-20,110,-95,35,160,5,-25,90,-10,-170,-30,-95,-195,-245,-125,-5,-10,0,-55,-110,65,45,135,55,-135,-220,-125,-35,-55,15,-40,40,155,145,10,-75,-20,55,-85,65,145,70,0,20,0,5,-105,-70,70,-10,20,-10,35,20,-25,55,170,-65,-120,75,-105,-90,-80,90
378,-165,-255,230,-130,-130,-190,-155,-135,50,25,-20,130,115,5,5,-160,-10,-55,35,220,245,85,-115,10,265,210,-45,-20,80,25,175,420,90,-600,-110,-315,-20,110,-95,35,160,5,-25,90,-10,-170,-30,-95,-195,-245,-125,-5,-10,0,-55,-110,65,45,135,55,-135,-220,-125,-35,-55,15,-40,40,155,145,10,-75,-20,55,-85,65,145,70,0,20,0,5,-105,-70,70,-10,20,-10,35,20,-25,55,170,-65,-120,75,-105,-90,-80,90,75
379,-255,230,-130,-130,-190,-155,-135,50,25,-20,130,115,5,5,-160,-10,-55,35,220,245,85,-115,10,265,210,-45,-20,80,25,175,420,90,-600,-110,-315,-20,110,-95,35,160,5,-25,90,-10,-170,-30,-95,-195,-245,-125,-5,-10,0,-55,-110,65,45,135,55,-135,-220,-125,-35,-55,15,-40,40,155,145,10,-75,-20,55,-85,65,145,70,0,20,0,5,-105,-70,70,-10,20,-10,35,20,-25,55,170,-65,-120,75,-105,-90,-80,90,75,5
380,230,-130,-130,-190,-155,-135,50,25,-20,130,115,5,5,-160,-10,-55,35,220,245,85,-115,10,265,210,-45,-20,80,25,175,420,90,-600,-110,-315,-20,110,-95,35,160,5,-25,90,-10,-170,-30,-95,-195,-245,-125,-5,-10,0,-55,-110,65,45,135,55,-135,-220,-125,-35,-55,15,-40,40,155,145,10,-75,-20,55,-85,65,145,70,0,20,0,5,-105,-70,70,-10,20,-10,35,20,-25,55,170,-65,-120,75,-105,-90,-80,90,75,5,-25
381,-130,-130,-190,-155,-135,50,25,-20,130,115,5,5,-160,-10,-55,35,220,245,85,-115,10,265,210,-45,-20,80,25,175,420,90,-600,-110,-315,-20,110,-95,35,160,5,-25,90,-10,-170,-30,-95,-195,-245,-125,-5,-10,0,-55,-110,65,45,135,55,-135,-220,-125,-35,-55,15,-40,40,155,145,10,-75,-20,55,-85,65,145,70,0,20,0,5,-105,-70,70,-10,20,-10,35,20,-25,55,170,-65,-120,75,-105,-90,-80,90,75,5,-25,-10
382,-130,-190,-155,-135,50,25,-20,130,115,5,5,-160,-10,-55,35,220,245,85,-115,10,265,210,-45,-20,80,25,175,420,90,-600,-110,-315,-20,110,-95,35,160,5,-25,90,-10,-170,-30,-95,-195,-245,-125,-5,-10,0,-55,-110,65,45,135,55,-135,-220,-125,-35,-55,15,-40,40,155,145,10,-75,-20,55,-85,65,145,70,0,20,0,5,-105,-70,70,-10,20,-10,35,20,-25,55,170,-65,-120,75,-105,-90,-80,90,75,5,-25,-10,90
383,-190,-155,-135,50,25,-20,130,115,5,5,-160,-10,-55,35,220,245,85,-115,10,265,210,-45,-20,80,25,175,420,90,-600,-110,-315,-20,110,-95,35,160,5,-25,90,-10,-170,-30,-95,-195,-245,-125,-5,-10,0,-55,-110,65,45,135,55,-135,-220,-125,-35,-55,15,-40,40,155,145,10,-75,-20,55,-85,65,145,70,0,20,0,5,-105,-70,70,-10,20,-10,35,20,-25,55,170,-65,-120,75,-105,-90,-80,90,75,5,-25,-10,90,-60
384,-155,-135,50,25,-20,130,115,5,5,-160,-10,-55,35,220,245,85,-115,10,265,210,-45,-20,80,25,175,420,90,-600,-110,-315,-20,110,-95,35,160,5,-25,90,-10,-170,-30,-95,-195,-245,-125,-5,-10,0,-55,-110,65,45,135,55,-135,-220,-125,-35,-55,15,-40,40,155,145,10,-75,-20,55,-85,65,145,70,0,20,0,5,-105,-70,70,-10,20,-10,35,20,-25,55,170,-65,-120,75,-105,-90,-80,90,75,5,-25,-10,90,-60,-40
385,-135,50,25,-20,130,115,5,5,-160,-10,-55,35,220,245,85,-115,10,265,210,-45,-20,80,25,175,420,90,-600,-110,-315,-20,110,-95,35,160,5,-25,90,-10,-170,-30,-95,-195,-245,-125,-5,-10,0,-55,-110,65,45,135,55,-135,-220,-125,-35,-55,15,-40,40,155,145,10,-75,-20,55,-85,65,145,70,0,20,0,5,-105,-70,70,-10,20,-10,35,20,-25,55,170,-65,-120,75,-105,-90,-80,90,75,5,-25,-10,90,-60,-40,130
386,50,25,-20,130,115,5,5,-160,-10,-55,35,220,245,85,-115,10,265,210,-45,-20,80,25,175,420,90,-600,-110,-315,-20,110,-95,35,160,5,-25,90,-10,-170,-30,-95,-195,-245,-125,-5,-10,0,-55,-110,65,45,135,55,-135,-220,-125,-35,-55,15,-40,40,155,145,10,-75,-20,55,-85,65,145,70,0,20,0,5,-105,-70,70,-10,20,-10,35,20,-25,55,170,-65,-120,75,-105,-90,-80,90,75,5,-25,-10,90,-60,-40,130,-270
387,25,-20,130,115,5,5,-160,-10,-55,35,220,245,85,-115,10,265,210,-45,-20,80,25,175,420,90,-600,-110,-315,-20,110,-95,35,160,5,-25,90,-10,-170,-30,-95,-195,-245,-125,-5,-10,0,-55,-110,65,45,135,55,-135,-220,-125,-35,-55,15,-40,40,155,145,10,-75,-20,55,-85,65,145,70,0,20,0,5,-105,-70,70,-10,20,-10,35,20,-25,55,170,-65,-120,75,-105,-90,-80,90,75,5,-25,-10,90,-60,-40,130,-270,-35
388,-20,130,115,5,5,-160,-10,-55,35,220,245,85,-115,10,265,210,-45,-20,80,25,175,420,90,-600,-110,-315,-20,110,-95,35,160,5,-25,90,-10,-170,-30,-95,-195,-245,-125,-5,-10,0,-55,-110,65,45,135,55,-135,-220,-125,-35,-55,15,-40,40,155,145,10,-75,-20,55,-85,65,145,70,0,20,0,5,-105,-70,70,-10,20,-10,35,20,-25,55,170,-65,-120,75,-105,-90,-80,90,75,5,-25,-10,90,-60,-40,130,-270,-35,-5
389,130,115,5,5,-160,-10,-55,35,220,245,85,-115,10,265,210,-45,-20,80,25,175,420,90,-600,-110,-315,-20,110,-95,35,160,5,-25,90,-10,-170,-30,-95,-195,-245,-125,-5,-10,0,-55,-110,65,45,135,55,-135,-220,-125,-35,-55,15,-40,40,155,145,10,-75,-20,55,-85,65,145,70,0,20,0,5,-105,-70,70,-10,20,-10,35,20,-25,55,170,-65,-120,75,-105,-90,-80,90,75,5,-25,-10,90,-60,-40,130,-270,-35,-5,110
390,115,5,5,-160,-10,-55,35,220,245,85,-115,10,265,210,-45,-20,80,25,175,420,90,-600,-110,-315,-20,110,-95,35,160,5,-25,90,-10,-170,-30,-95,-195,-245,-125,-5,-10,0,-55,-110,65,45,135,55,-135,-220,-125,-35,-55,15,-40,40,155,145,10,-75,-20,55,-85,65,145,70,0,20,0,5,-105,-70,70,-10,20,-10,35,20,-25,55,170,-65,-120,75,-105,-90,-80,90,75,5,-25,-10,90,-60,-40,130,-270,-35,-5,110,90
391,5,5,-160,-10,-55,35,220,245,85,-115,10,265,210,-45,-20,80,25,175,420,90,-600,-110,-315,-20,110,-95,35,160,5,-25,90,-10,-170,-30,-95,-195,-245,-125,-5,-10,0,-55,-110,65,45,135,55,-135,-220,-125,-35,-55,15,-40,40,155,145,10,-75,-20,55,-85,65,145,70,0,20,0,5,-105,-70,70,-10,20,-10,35,20,-25,55,170,-65,-120,75,-105,-90,-80,90,75,5,-25,-10,90,-60,-40,130,-270,-35,-5,110,90,-10
392,5,-160,-10,-55,35,220,245,85,-115,10,265,210,-45,-20,80,25,175,420,90,-600,-110,-315,-20,110,-95,35,160,5,-25,90,-10,-170,-30,-95,-195,-245,-125,-5,-10,0,-55,-110,65,45,135,55,-135,-220,-125,-35,-55,15,-40,40,155,145,10,-75,-20,55,-85,65,145,70,0,20,0,5,-105,-70,70,-10,20,-10,35,20,-25,55,170,-65,-120,75,-105,-90,-80,90,75,5,-25,-10,90,-60,-40,130,-270,-35,-5,110,90,-10,5
393,-160,-10,-55,35,220,245,85,-115,10,265,210,-45,-20,80,25,175,420,90,-600,-110,-315,-20,110,-95,35,160,5,-25,90,-10,-170,-30,-95,-195,-245,-125,-5,-10,0,-55,-110,65,45,135,55,-135,-220,-125,-35,-55,15,-40,40,155,145,10,-75,-20,55,-85,65,145,70,0,20,0,5,-105,-70,70,-10,20,-10,35,20,-25,55,170,-65,-120,75,-105,-90,-80,90,75,5,-25,-10,90,-60,-40,130,-270,-35,-5,110,90,-10,5,35
394,-10,-55,35,220,245,85,-115,10,265,210,-45,-20,80,25,175,420,90,-600,-110,-315,-20,110,-95,35,160,5,-25,90,-10,-170,-30,-95,-195,-245,-125,-5,-10,0,-55,-110,65,45,135,55,-135,-220,-125,-35,-55,15,-40,40,155,145,10,-75,-20,55,-85,65,145,70,0,20,0,5,-105,-70,70,-10,20,-10,35,20,-25,55,170,-65,-120,75,-105,-90,-80,90,75,5,-25,-10,90,-60,-40,130,-270,-35,-5,110,90,-10,5,35,-15
395,-55,35,220,245,85,-115,10,265,210,-45,-20,80,25,175,420,90,-600,-110,-315,-20,110,-95,35,160,5,-25,90,-10,-170,-30,-95,-195,-245,-125,-5,-10,0,-55,-110,65,45,135,55,-135,-220,-125,-35,-55,15,-40,40,155,145,10,-75,-20,55,-85,65,145,70,0,20,0,5,-105,-70,70,-10,20,-10,35,20,-25,55,170,-65,-120,75,-105,-90,-80,90,75,5,-25,-10,90,-60,-40,130,-270,-35,-5,110,90,-10,5,35,-15,-25
396,35,220,245,85,-115,10,265,210,-45,-20,80,25,175,420,90,-600,-110,-315,-20,110,-95,35,160,5,-25,90,-10,-170,-30,-95,-195,-245,-125,-5,-10,0,-55,-110,65,45,135,55,-135,-220,-125,-35,-55,15,-40,40,155,145,10,-75,-20,55,-85,65,145,70,0,20,0,5,-105,-70,70,-10,20,-10,35,20,-25,55,170,-65,-120,75,-105,-90,-80,90,75,5,-25,-10,90,-60,-40,130,-270,-35,-5,110,90,-10,5,35,-15,-25,-70
397,220,245,85,-115,10,265,210,-45,-20,80,25,175,420,90,-600,-110,-315,-20,110,-95,35,160,5,-25,90,-10,-170,-30,-95,-195,-245,-125,-5,-10,0,-55,-110,65,45,135,55,-135,-220,-125,-35,-55,15,-40,40,155,145,10,-75,-20,55,-85,65,145,70,0,20,0,5,-105,-70,70,-10,20,-10,35,20,-25,55,170,-65,-120,75,-105,-90,-80,90,75,5,-25,-10,90,-60,-40,130,-270,-35,-5,110,90,-10,5,35,-15,-25,-70,-120
398,245,85,-115,10,265,210,-45,-20,80,25,175,420,90,-600,-110,-315,-20,110,-95,35,160,5,-25,90,-10,-170,-30,-95,-195,-245,-125,-5,-10,0,-55,-110,65,45,135,55,-135,-220,-125,-35,-55,15,-40,40,155,145,10,-75,-20,55,-85,65,145,70,0,20,0,5,-105,-70,70,-10,20,-10,35,20,-25,55,170,-65,-120,75,-105,-90,-80,90,75,5,-25,-10,90,-60,-40,130,-270,-35,-5,110,90,-10,5,35,-15,-25,-70,-120,-30
399,85,-115,10,265,210,-45,-20,80,25,175,420,90,-600,-110,-315,-20,110,-95,35,160,5,-25,90,-10,-170,-30,-95,-195,-245,-125,-5,-10,0,-55,-110,65,45,135,55,-135,-220,-125,-35,-55,15,-40,40,155,145,10,-75,-20,55,-85,65,145,70,0,20,0,5,-105,-70,70,-10,20,-10,35,20,-25,55,170,-65,-120,75,-105,-90,-80,90,75,5,-25,-10,90,-60,-40,130,-270,-35,-5,110,90,-10,5,35,-15,-25,-70,-120,-30,-75
400,-115,10,265,210,-45,-20,80,25,175,420,90,-600,-110,-315,-20,110,-95,35,160,5,-25,90,-10,-170,-30,-95,-195,-245,-125,-5,-10,0,-55,-110,65,45,135,55,-135,-220,-125,-35,-55,15,-40,40,155,145,10,-75,-20,55,-85,65,145,70,0,20,0,5,-105,-70,70,-10,20,-10,35,20,-25,55,170,-65,-120,75,-105,-90,-80,90,75,5,-25,-10,90,-60,-40,130,-270,-35,-5,110,90,-10,5,35,-15,-25,-70,-120,-30,-75,-20
401,10,265,210,-45,-20,80,25,175,420,90,-600,-110,-315,-20,110,-95,35,160,5,-25,90,-10,-170,-30,-95,-195,-245,-125,-5,-10,0,-55,-110,65,45,135,55,-135,-220,-125,-35,-55,15,-40,40,155,145,10,-75,-20,55,-85,65,145,70,0,20,0,5,-105,-70,70,-10,20,-10,35,20,-25,55,170,-65,-120,75,-105,-90,-80,90,75,5,-25,-10,90,-60,-40,130,-270,-35,-5,110,90,-10,5,35,-15,-25,-70,-120,-30,-75,-20,20
402,265,210,-45,-20,80,25,175,420,90,-600,-110,-315,-20,110,-95,35,160,5,-25,90,-10,-170,-30,-95,-195,-245,-125,-5,-10,0,-55,-110,65,45,135,55,-135,-220,-125,-35,-55,15,-40,40,155,145,10,-75,-20,55,-85,65,145,70,0,20,0,5,-105,-70,70,-10,20,-10,35,20,-25,55,170,-65,-120,75,-105,-90,-80,90,75,5,-25,-10,90,-60,-40,130,-270,-35,-5,110,90,-10,5,35,-15,-25,-70,-120,-30,-75,-20,20,-5
403,210,-45,-20,80,25,175,420,90,-600,-110,-315,-20,110,-95,35,160,5,-25,90,-10,-170,-30,-95,-195,-245,-125,-5,-10,0,-55,-110,65,45,135,55,-135,-220,-125,-35,-55,15,-40,40,155,145,10,-75,-20,55,-85,65,145,70,0,20,0,5,-105,-70,70,-10,20,-10,35,20,-25,55,170,-65,-120,75,-105,-90,-80,90,75,5,-25,-10,90,-60,-40,130,-270,-35,-5,110,90,-10,5,35,-15,-25,-70,-120,-30,-75,-20,20,-5,-40
404,-45,-20,80,25,175,420,90,-600,-110,-315,-20,110,-95,35,160,5,-25,90,-10,-170,-30,-95,-195,-245,-125,-5,-10,0,-55,-110,65,45,135,55,-135,-220,-125,-35,-55,15,-40,40,155,145,10,-75,-20,55,-85,65,145,70,0,20,0,5,-105,-70,70,-10,20,-10,35,20,-25,55,170,-65,-120,75,-105,-90,-80,90,75,5,-25,-10,90,-60,-40,130,-270,-35,-5,110,90,-10,5,35,-15,-25,-70,-120,-30,-75,-20,20,-5,-40,50
405,-20,80,25,175,420,90,-600,-110,-315,-20,110,-95,35,160,5,-25,90,-10,-170,-30,-95,-195,-245,-125,-5,-10,0,-55,-110,65,45,135,55,-135,-220,-125,-35,-55,15,-40,40,155,145,10,-75,-20,55,-85,65,145,70,0,20,0,5,-105,-70,70,-10,20,-10,35,20,-25,55,170,-65,-120,75,-105,-90,-80,90,75,5,-25,-10,90,-60,-40,130,-270,-35,-5,110,90,-10,5,35,-15,-25,-70,-120,-30,-75,-20,20,-5,-40,50,85
406,80,25,175,420,90,-600,-110,-315,-20,110,-95,35,160,5,-25,90,-10,-170,-30,-95,-195,-245,-125,-5,-10,0,-55,-110,65,45,135,55,-135,-220,-125,-35,-55,15,-40,40,155,145,10,-75,-20,55,-85,65,145,70,0,20,0,5,-105,-70,70,-10,20,-10,35,20,-25,55,170,-65,-120,75,-105,-90,-80,90,75,5,-25,-10,90,-60,-40,130,-270,-35,-5,110,90,-10,5,35,-15,-25,-70,-120,-30,-75,-20,20,-5,-40,50,85,-15
407,25,175,420,90,-600,-110,-315,-20,110,-95,35,160,5,-25,90,-10,-170,-30,-95,-195,-245,-125,-5,-10,0,-55,-110,65,45,135,55,-135,-220,-125,-35,-55,15,-40,40,155,145,10,-75,-20,55,-85,65,145,70,0,20,0,5,-105,-70,70,-10,20,-10,35,20,-25,55,170,-65,-120,75,-105,-90,-80,90,75,5,-25,-10,90,-60,-40,130,-270,-35,-5,110,90,-10,5,35,-15,-25,-70,-120,-30,-75,-20,20,-5,-40,50,85,-15,-15
408,175,420,90,-600,-110,-315,-20,110,-95,35,160,5,-25,90,-10,-170,-30,-95,-195,-245,-125,-5,-10,0,-55,-110,65,45,135,55,-135,-220,-125,-35,-55,15,-40,40,155,145,10,-75,-20,55,-85,65,145,70,0,20,0,5,-105,-70,70,-10,20,-10,35,20,-25,55,170,-65,-120,75,-105,-90,-80,90,75,5,-25,-10,90,-60,-40,130,-270,-35,-5,110,90,-10,5,35,-15,-25,-70,-120,-30,-75,-20,20,-5,-40,50,85,-15,-15,180
409,420,90,-600,-110,-315,-20,110,-95,35,160,5,-25,90,-10,-170,-30,-95,-195,-245,-125,-5,-10,0,-55,-110,65,45,135,55,-135,-220,-125,-35,-55,15,-40,40,155,145,10,-75,-20,55,-85,65,145,70,0,20,0,5,-105,-70,70,-10,20,-10,35,20,-25,55,170,-65,-120,75,-105,-90,-80,90,75,5,-25,-10,90,-60,-40,130,-270,-35,-5,110,90,-10,5,35,-15,-25,-70,-120,-30,-75,-20,20,-5,-40,50,85,-15,-15,180,85
410,90,-600,-110,-315,-20,110,-95,35,160,5,-25,90,-10,-170,-30,-95,-195,-245,-125,-5,-10,0,-55,-110,65,45,135,55,-135,-220,-125,-35,-55,15,-40,40,155,145,10,-75,-20,55,-85,65,145,70,0,20,0,5,-105,-70,70,-10,20,-10,35,20,-25,55,170,-65,-120,75,-105,-90,-80,90,75,5,-25,-10,90,-60,-40,130,-270,-35,-5,110,90,-10,5,35,-15,-25,-70,-120,-30,-75,-20,20,-5,-40,50,85,-15,-15,180,85,-105
411,-600,-110,-315,-20,110,-95,35,160,5,-25,90,-10,-170,-30,-95,-195,-245,-125,-5,-10,0,-55,-110,65,45,135,55,-135,-220,-125,-35,-55,15,-40,40,155,145,10,-75,-20,55,-85,65,145,70,0,20,0,5,-105,-70,70,-10,20,-10,35,20,-25,55,170,-65,-120,75,-105,-90,-80,90,75,5,-25,-10,90,-60,-40,130,-270,-35,-5,110,90,-10,5,35,-15,-25,-70,-120,-30,-75,-20,20,-5,-40,50,85,-15,-15,180,85,-105,-15
412,-110,-315,-20,110,-95,35,160,5,-25,90,-10,-170,-30,-95,-195,-245,-125,-5,-10,0,-55,-110,65,45,135,55,-135,-220,-125,-35,-55,15,-40,40,155,145,10,-75,-20,55,-85,65,145,70,0,20,0,5,-105,-70,70,-10,20,-10,35,20,-25,55,170,-65,-120,75,-105,-90,-80,90,75,5,-25,-10,90,-60,-40,130,-270,-35,-5,110,90,-10,5,35,-15,-25,-70,-120,-30,-75,-20,20,-5,-40,50,85,-15,-15,180,85,-105,-15,-20
413,-315,-20,110,-95,35,160,5,-25,90,-10,-170,-30,-95,-195,-245,-125,-5,-10,0,-55,-110,65,45,135,55,-135,-220,-125,-35,-55,15,-40,40,155,145,10,-75,-20,55,-85,65,145,70,0,20,0,5,-105,-70,70,-10,20,-10,35,20,-25,55,170,-65,-120,75,-105,-90,-80,90,75,5,-25,-10,90,-60,-40,130,-270,-35,-5,110,90,-10,5,35,-15,-25,-70,-120,-30,-75,-20,20,-5,-40,50,85,-15,-15,180,85,-105,-15,-20,-130
414,-20,110,-95,35,160,5,-25,90,-10,-170,-30,-95,-195,-245,-125,-5,-10,0,-55,-110,65,45,135,55,-135,-220,-125,-35,-55,15,-40,40,155,145,10,-75,-20,55,-85,65,145,70,0,20,0,5,-105,-70,70,-10,20,-10,35,20,-25,55,170,-65,-120,75,-105,-90,-80,90,75,5,-25,-10,90,-60,-40,130,-270,-35,-5,110,90,-10,5,35,-15,-25,-70,-120,-30,-75,-20,20,-5,-40,50,85,-15,-15,180,85,-105,-15,-20,-130,30
415,110,-95,35,160,5,-25,90,-10,-170,-30,-95,-195,-245,-125,-5,-10,0,-55,-110,65,45,135,55,-135,-220,-125,-35,-55,15,-40,40,155,145,10,-75,-20,55,-85,65,145,70,0,20,0,5,-105,-70,70,-10,20,-10,35,20,-25,55,170,-65,-120,75,-105,-90,-80,90,75,5,-25,-10,90,-60,-40,130,-270,-35,-5,110,90,-10,5,35,-15,-25,-70,-120,-30,-75,-20,20,-5,-40,50,85,-15,-15,180,85,-105,-15,-20,-130,30,30
416,-95,35,160,5,-25,90,-10,-170,-30,-95,-195,-245,-125,-5,-10,0,-55,-110,65,45,135,55,-135,-220,-125,-35,-55,15,-40,40,155,145,10,-75,-20,55,-85,65,145,70,0,20,0,5,-105,-70,70,-10,20,-10,35,20,-25,55,170,-65,-120,75,-105,-90,-80,90,75,5,-25,-10,90,-60,-40,130,-270,-35,-5,110,90,-10,5,35,-15,-25,-70,-120,-30,-75,-20,20,-5,-40,50,85,-15,-15,180,85,-105,-15,-20,-130,30,30,-5
417,35,160,5,-25,90,-10,-170,-30,-95,-195,-245,-125,-5,-10,0,-55,-110,65,45,135,55,-135,-220,-125,-35,-55,15,-40,40,155,145,10,-75,-20,55,-85,65,145,70,0,20,0,5,-105,-70,70,-10,20,-10,35,20,-25,55,170,-65,-120,75,-105,-90,-80,90,75,5,-25,-10,90,-60,-40,130,-270,-35,-5,110,90,-10,5,35,-15,-25,-70,-120,-30,-75,-20,20,-5,-40,50,85,-15,-15,180,85,-105,-15,-20,-130,30,30,-5,10
418,160,5,-25,90,-10,-170,-30,-95,-195,-245,-125,-5,-10,0,-55,-110,65,45,135,55,-135,-220,-125,-35,-55,15,-40,40,155,145,10,-75,-20,55,-85,65,145,70,0,20,0,5,-105,-70,70,-10,20,-10,35,20,-25,55,170,-65,-120,75,-105,-90,-80,90,75,5,-25,-10,90,-60,-40,130,-270,-35,-5,110,90,-10,5,35,-15,-25,-70,-120,-30,-75,-20,20,-5,-40,50,85,-15,-15,180,85,-105,-15,-20,-130,30,30,-5,10,0
419,5,-25,90,-10,-170,-30,-95,-195,-245,-125,-5,-10,0,-55,-110,65,45,135,55,-135,-220,-125,-35,-55,15,-40,40,155,145,10,-75,-20,55,-85,65,145,70,0,20,0,5,-105,-70,70,-10,20,-10,35,20,-25,55,170,-65,-120,75,-105,-90,-80,90,75,5,-25,-10,90,-60,-40,130,-270,-35,-5,110,90,-10,5,35,-15,-25,-70,-120,-30,-75,-20,20,-5,-40,50,85,-15,-15,180,85,-105,-15,-20,-130,30,30,-5,10,0,30
420,-25,90,-10,-170,-30,-95,-195,-245,-125,-5,-10,0,-55,-110,65,45,135,55,-135,-220,-125,-35,-55,15,-40,40,155,145,10,-75,-20,55,-85,65,145,70,0,20,0,5,-105,-70,70,-10,20,-10,35,20,-25,55,170,-65,-120,75,-105,-90,-80,90,75,5,-25,-10,90,-60,-40,130,-270,-35,-5,110,90,-10,5,35,-15,-25,-70,-120,-30,-75,-20,20,-5,-40,50,85,-15,-15,180,85,-105,-15,-20,-130,30,30,-5,10,0,30,-110
421,90,-10,-170,-30,-95,-195,-245,-125,-5,-10,0,-55,-110,65,45,135,55,-135,-220,-125,-35,-55,15,-40,40,155,145,10,-75,-20,55,-85,65,145,70,0,20,0,5,-105,-70,70,-10,20,-10,35,20,-25,55,170,-65,-120,75,-105,-90,-80,90,75,5,-25,-10,90,-60,-40,130,-270,-35,-5,110,90,-10,5,35,-15,-25,-70,-120,-30,-75,-20,20,-5,-40,50,85,-15,-15,180,85,-105,-15,-20,-130,30,30,-5,10,0,30,-110,-40
422,-10,-170,-30,-95,-195,-245,-125,-5,-10,0,-55,-110,65,45,135,55,-135,-220,-125,-35,-55,15,-40,40,155,145,10,-75,-20,55,-85,65,145,70,0,20,0,5,-105,-70,70,-10,20,-10,35,20,-25,55,170,-65,-120,75,-105,-90,-80,90,75,5,-25,-10,90,-60,-40,130,-270,-35,-5,110,90,-10,5,35,-15,-25,-70,-120,-30,-75,-20,20,-5,-40,50,85,-15,-15,180,85,-105,-15,-20,-130,30,30,-5,10,0,30,-110,-40,115
423,-170,-30,-95,-195,-245,-125,-5,-10,0,-55,-110,65,45,135,55,-135,-220,-125,-35,-55,15,-40,40,155,145,10,-75,-20,55,-85,65,145,70,0,20,0,5,-105,-70,70,-10,20,-10,35,20,-25,55,170,-65,-120,75,-105,-90,-80,90,75,5,-25,-10,90,-60,-40,130,-270,-35,-5,110,90,-10,5,35,-15,-25,-70,-120,-30,-75,-20,20,-5,-40,50,85,-15,-15,180,85,-105,-15,-20,-130,30,30,-5,10,0,30,-110,-40,115,90
424,-30,-95,-195,-245,-125,-5,-10,0,-55,-110,65,45,135,55,-135,-220,-125,-35,-55,15,-40,40,155,145,10,-75,-20,55,-85,65,145,70,0,20,0,5,-105,-70,70,-10,20,-10,35,20,-25,55,170,-65,-120,75,-105,-90,-80,90,75,5,-25,-10,90,-60,-40,130,-270,-35,-5,110,90,-10,5,35,-15,-25,-70,-120,-30,-75,-20,20,-5,-40,50,85,-15,-15,180,85,-105,-15,-20,-130,30,30,-5,10,0,30,-110,-40,115,90,0
425,-95,-195,-245,-125,-5,-10,0,-55,-110,65,45,135,55,-135,-220,-125,-35,-55,15,-40,40,155,145,10,-75,-20,55,-85,65,145,70,0,20,0,5,-105,-70,70,-10,20,-10,35,20,-25,55,170,-65,-120,75,-105,-90,-80,90,75,5,-25,-10,90,-60,-40,130,-270,-35,-5,110,90,-10,5,35,-15,-25,-70,-120,-30,-75,-20,20,-5,-40,50,85,-15,-15,180,85,-105,-15,-20,-130,30,30,-5,10,0,30,-110,-40,115,90,0,90
426,-195,-245,-125,-5,-10,0,-55,-110,65,45,135,55,-135,-220,-125,-35,-55,15,-40,40,155,145,10,-75,-20,55,-85,65,145,70,0,20,0,5,-105,-70,70,-10,20,-10,35,20,-25,55,170,-65,-120,75,-105,-90,-80,90,75,5,-25,-10,90,-60,-40,130,-270,-35,-5,110,90,-10,5,35,-15,-25,-70,-120,-30,-75,-20,20,-5,-40,50,85,-15,-15,180,85,-105,-15,-20,-130,30,30,-5,10,0,30,-110,-40,115,90,0,90,85
427,-245,-125,-5,-10,0,-55,-110,65,45,135,55,-135,-220,-125,-35,-55,15,-40,40,155,145,10,-75,-20,55,-85,65,145,70,0,20,0,5,-105,-70,70,-10,20,-10,35,20,-25,55,170,-65,-120,75,-105,-90,-80,90,75,5,-25,-10,90,-60,-40,130,-270,-35,-5,110,90,-10,5,35,-15,-25,-70,-120,-30,-75,-20,20,-5,-40,50,85,-15,-15,180,85,-105,-15,-20,-130,30,30,-5,10,0,30,-110,-40,115,90,0,90,85,-10
428,-125,-5,-10,0,-55,-110,65,45,135,55,-135,-220,-125,-35,-55,15,-40,40,155,145,10,-75,-20,55,-85,65,145,70,0,20,0,5,-105,-70,70,-10,20,-10,35,20,-25,55,170,-65,-120,75,-105,-90,-80,90,75,5,-25,-10,90,-60,-40,130,-270,-35,-5,110,90,-10,5,35,-15,-25,-70,-120,-30,-75,-20,20,-5,-40,50,85,-15,-15,180,85,-105,-15,-20,-130,30,30,-5,10,0,30,-110,-40,115,90,0,90,85,-10,-20
429,-5,-10,0,-55,-110,65,45,135,55,-135,-220,-125,-35,-55,15,-40,40,155,145,10,-75,-20,55,-85,65,145,70,0,20,0,5,-105,-70,70,-10,20,-10,35,20,-25,55,170,-65,-120,75,-105,-90,-80,90,75,5,-25,-10,90,-60,-40,130,-270,-35,-5,110,90,-10,5,35,-15,-25,-70,-120,-30,-75,-20,20,-5,-40,50,85,-15,-15,180,85,-105,-15,-20,-130,30,30,-5,10,0,30,-110,-40,115,90,0,90,85,-10,-20,255
430,-10,0,-55,-110,65,45,135,55,-135,-220,-125,-35,-55,15,-40,40,155,145,10,-75,-20,55,-85,65,145,70,0,20,0,5,-105,-70,70,-10,20,-10,35,20,-25,55,170,-65,-120,75,-105,-90,-80,90,75,5,-25,-10,90,-60,-40,130,-270,-35,-5,110,90,-10,5,35,-15,-25,-70,-120,-30,-75,-20,20,-5,-40,50,85,-15,-15,180,85,-105,-15,-20,-130,30,30,-5,10,0,30,-110,-40,115,90,0,90,85,-10,-20,255,80
431,0,-55,-110,65,45,135,55,-135,-220,-125,-35,-55,15,-40,40,155,145,10,-75,-20,55,-85,65,145,70,0,20,0,5,-105,-70,70,-10,20,-10,35,20,-25,55,170,-65,-120,75,-105,-90,-80,90,75,5,-25,-10,90,-60,-40,130,-270,-35,-5,110,90,-10,5,35,-15,-25,-70,-120,-30,-75,-20,20,-5,-40,50,85,-15,-15,180,85,-105,-15,-20,-130,30,30,-5,10,0,30,-110,-40,115,90,0,90,85,-10,-20,255,80,-105
432,-55,-110,65,45,135,55,-135,-220,-125,-35,-55,15,-40,40,155,145,10,-75,-20,55,-85,65,145,70,0,20,0,5,-105,-70,70,-10,20,-10,35,20,-25,55,170,-65,-120,75,-105,-90,-80,90,75,5,-25,-10,90,-60,-40,130,-270,-35,-5,110,90,-10,5,35,-15,-25,-70,-120,-30,-75,-20,20,-5,-40,50,85,-15,-15,180,85,-105,-15,-20,-130,30,30,-5,10,0,30,-110,-40,115,90,0,90,85,-10,-20,255,80,-105,-105
433,-110,65,45,135,55,-135,-220,-125,-35,-55,15,-40,40,155,145,10,-75,-20,55,-85,65,145,70,0,20,0,5,-105,-70,70,-10,20,-10,35,20,-25,55,170,-65,-120,75,-105,-90,-80,90,75,5,-25,-10,90,-60,-40,130,-270,-35,-5,110,90,-10,5,35,-15,-25,-70,-120,-30,-75,-20,20,-5,-40,50,85,-15,-15,180,85,-105,-15,-20,-130,30,30,-5,10,0,30,-110,-40,115,90,0,90,85,-10,-20,255,80,-105,-105,-230
434,65,45,135,55,-135,-220,-125,-35,-55,15,-40,40,155,145,10,-75,-20,55,-85,65,145,70,0,20,0,5,-105,-70,70,-10,20,-10,35,20,-25,55,170,-65,-120,75,-105,-90,-80,90,75,5,-25,-10,90,-60,-40,130,-270,-35,-5,110,90,-10,5,35,-15,-25,-70,-120,-30,-75,-20,20,-5,-40,50,85,-15,-15,180,85,-105,-15,-20,-130,30,30,-5,10,0,30,-110,-40,115,90,0,90,85,-10,-20,255,80,-105,-105,-230,-25
435,45,135,55,-135,-220,-125,-35,-55,15,-40,40,155,145,10,-75,-20,55,-85,65,145,70,0,20,0,5,-105,-70,70,-10,20,-10,35,20,-25,55,170,-65,-120,75,-105,-90,-80,90,75,5,-25,-10,90,-60,-40,130,-270,-35,-5,110,90,-10,5,35,-15,-25,-70,-120,-30,-75,-20,20,-5,-40,50,85,-15,-15,180,85,-105,-15,-20,-130,30,30,-5,10,0,30,-110,-40,115,90,0,90,85,-10,-20,255,80,-105,-105,-230,-25,-15
436,135,55,-135,-220,-125,-35,-55,15,-40,40,155,145,10,-75,-20,55,-85,65,145,70,0,20,0,5,-105,-70,70,-10,20,-10,35,20,-25,55,170,-65,-120,75,-105,-90,-80,90,75,5,-25,-10,90,-60,-40,130,-270,-35,-5,110,90,-10,5,35,-15,-25,-70,-120,-30,-75,-20,20,-5,-40,50,85,-15,-15,180,85,-105,-15,-20,-130,30,30,-5,10,0,30,-110,-40,115,90,0,90,85,-10,-20,255,80,-105,-105,-230,-25,-15,-10
437,55,-135,-220,-125,-35,-55,15,-40,40,155,145,10,-75,-20,55,-85,65,145,70,0,20,0,5,-105,-70,70,-10,20,-10,35,20,-25,55,170,-65,-120,75,-105,-90,-80,90,75,5,-25,-10,90,-60,-40,130,-270,-35,-5,110,90,-10,5,35,-15,-25,-70,-120,-30,-75,-20,20,-5,-40,50,85,-15,-15,180,85,-105,-15,-20,-130,30,30,-5,10,0,30,-110,-40,115,90,0,90,85,-10,-20,255,80,-105,-105,-230,-25,-15,-10,-5
438,-135,-220,-125,-35,-55,15,-40,40,155,145,10,-75,-20,55,-85,65,145,70,0,20,0,5,-105,-70,70,-10,20,-10,35,20,-25,55,170,-65,-120,75,-105,-90,-80,90,75,5,-25,-10,90,-60,-40,130,-270,-35,-5,110,90,-10,5,35,-15,-25,-70,-120,-30,-75,-20,20,-5,-40,50,85,-15,-15,180,85,-105,-15,-20,-130,30,30,-5,10,0,30,-110,-40,115,90,0,90,85,-10,-20,255,80,-105,-105,-230,-25,-15,-10,-5,-35
439,-220,-125,-35,-55,15,-40,40,155,145,10,-75,-20,55,-85,65,145,70,0,20,0,5,-105,-70,70,-10,20,-10,35,20,-25,55,170,-65,-120,75,-105,-90,-80,90,75,5,-25,-10,90,-60,-40,130,-270,-35,-5,110,90,-10,5,35,-15,-25,-70,-120,-30,-75,-20,20,-5,-40,50,85,-15,-15,180,85,-105,-15,-20,-130,30,30,-5,10,0,30,-110,-40,115,90,0,90,85,-10,-20,255,80,-105,-105,-230,-25,-15,-10,-5,-35,-5
440,-125,-35,-55,15,-40,40,155,145,10,-75,-20,55,-85,65,145,70,0,20,0,5,-105,-70,70,-10,20,-10,35,20,-25,55,170,-65,-120,75,-105,-90,-80,90,75,5,-25,-10,90,-60,-40,130,-270,-35,-5,110,90,-10,5,35,-15,-25,-70,-120,-30,-75,-20,20,-5,-40,50,85,-15,-15,180,85,-105,-15,-20,-130,30,30,-5,10,0,30,-110,-40,115,90,0,90,85,-10,-20,255,80,-105,-105,-230,-25,-15,-10,-5,-35,-5,50
441,-35,-55,15,-40,40,155,145,10,-75,-20,55,-85,65,145,70,0,20,0,5,-105,-70,70,-10,20,-10,35,20,-25,55,170,-65,-120,75,-105,-90,-80,90,75,5,-25,-10,90,-60,-40,130,-270,-35,-5,110,90,-10,5,35,-15,-25,-70,-120,-30,-75,-20,20,-5,-40,50,85,-15,-15,180,85,-105,-15,-20,-130,30,30,-5,10,0,30,-110,-40,115,90,0,90,85,-10,-20,255,80,-105,-105,-230,-25,-15,-10,-5,-35,-5,50,0
442,-55,15,-40,40,155,145,10,-75,-20,55,-85,65,145,70,0,20,0,5,-105,-70,70,-10,20,-10,35,20,-25,55,170,-65,-120,75,-105,-90,-80,90,75,5,-25,-10,90,-60,-40,130,-270,-35,-5,110,90,-10,5,35,-15,-25,-70,-120,-30,-75,-20,20,-5,-40,50,85,-15,-15,180,85,-105,-15,-20,-130,30,30,-5,10,0,30,-110,-40,115,90,0,90,85,-10,-20,255,80,-105,-105,-230,-25,-15,-10,-5,-35,-5,50,0,-10
443,15,-40,40,155,145,10,-75,-20,55,-85,65,145,70,0,20,0,5,-105,-70,70,-10,20,-10,35,20,-25,55,170,-65,-120,75,-105,-90,-80,90,75,5,-25,-10,90,-60,-40,130,-270,-35,-5,110,90,-10,5,35,-15,-25,-70,-120,-30,-75,-20,20,-5,-40,50,85,-15,-15,180,85,-105,-15,-20,-130,30,30,-5,10,0,30,-110,-40,115,90,0,90,85,-10,-20,255,80,-105,-105,-230,-25,-15,-10,-5,-35,-5,50,0,-10,-120
444,-40,40,155,145,10,-75,-20,55,-85,65,145,70,0,20,0,5,-105,-70,70,-10,20,-10,35,20,-25,55,170,-65,-120,75,-105,-90,-80,90,75,5,-25,-10,90,-60,-40,130,-270,-35,-5,110,90,-10,5,35,-15,-25,-70,-120,-30,-75,-20,20,-5,-40,50,85,-15,-15,180,85,-105,-15,-20,-130,30,30,-5,10,0,30,-110,-40,115,90,0,90,85,-10,-20,255,80,-105,-105,-230,-25,-15,-10,-5,-35,-5,50,0,-10,-120,0
445,40,155,145,10,-75,-20,55,-85,65,145,70,0,20,0,5,-105,-70,70,-10,20,-10,35,20,-25,55,170,-65,-120,75,-105,-90,-80,90,75,5,-25,-10,90,-60,-40,130,-270,-35,-5,110,90,-10,5,35,-15,-25,-70,-120,-30,-75,-20,20,-5,-40,50,85,-15,-15,180,85,-105,-15,-20,-130,30,30,-5,10,0,30,-110,-40,115,90,0,90,85,-10,-20,255,80,-105,-105,-230,-25,-15,-10,-5,-35,-5,50,0,-10,-120,0,15
446,155,145,10,-75,-20,55,-85,65,145,70,0,20,0,5,-105,-70,70,-10,20,-10,35,20,-25,55,170,-65,-120,75,-105,-90,-80,90,75,5,-25,-10,90,-60,-40,130,-270,-35,-5,110,90,-10,5,35,-15,-25,-70,-120,-30,-75,-20,20,-5,-40,50,85,-15,-15,180,85,-105,-15,-20,-130,30,30,-5,10,0,30,-110,-40,115,90,0,90,85,-10,-20,255,80,-105,-105,-230,-25,-15,-10,-5,-35,-5,50,0,-10,-120,0,15,-115
447,145,10,-75,-20,55,-85,65,145,70,0,20,0,5,-105,-70,70,-10,20,-10,35,20,-25,55,170,-65,-120,75,-105,-90,-80,90,75,5,-25,-10,90,-60,-40,130,-270,-35,-5,110,90,-10,5,35,-15,-25,-70,-120,-30,-75,-20,20,-5,-40,50,85,-15,-15,180,85,-105,-15,-20,-130,30,30,-5,10,0,30,-110,-40,115,90,0,90,85,-10,-20,255,80,-105,-105,-230,-25,-15,-10,-5,-35,-5,50,0,-10,-120,0,15,-115,-45
448,10,-75,-20,55,-85,65,145,70,0,20,0,5,-105,-70,70,-10,20,-10,35,20,-25,55,170,-65,-120,75,-105,-90,-80,90,75,5,-25,-10,90,-60,-40,130,-270,-35,-5,110,90,-10,5,35,-15,-25,-70,-120,-30,-75,-20,20,-5,-40,50,85,-15,-15,180,85,-105,-15,-20,-130,30,30,-5,10,0,30,-110,-40,115,90,0,90,85,-10,-20,255,80,-105,-105,-230,-25,-15,-10,-5,-35,-5,50,0,-10,-120,0,15,-115,-45,-5
449,-75,-20,55,-85,65,145,70,0,20,0,5,-105,-70,70,-10,20,-10,35,20,-25,55,170,-65,-120,75,-105,-90,-80,90,75,5,-25,-10,90,-60,-40,130,-270,-35,-5,110,90,-10,5,35,-15,-25,-70,-120,-30,-75,-20,20,-5,-40,50,85,-15,-15,180,85,-105,-15,-20,-130,30,30,-5,10,0,30,-110,-40,115,90,0,90,85,-10,-20,255,80,-105,-105,-230,-25,-15,-10,-5,-35,-5,50,0,-10,-120,0,15,-115,-45,-5,5
450,-20,55,-85,65,145,70,0,20,0,5,-105,-70,70,-10,20,-10,35,20,-25,55,170,-65,-120,75,-105,-90,-80,90,75,5,-25,-10,90,-60,-40,130,-270,-35,-5,110,90,-10,5,35,-15,-25,-70,-120,-30,-75,-20,20,-5,-40,50,85,-15,-15,180,85,-105,-15,-20,-130,30,30,-5,10,0,30,-110,-40,115,90,0,90,85,-10,-20,255,80,-105,-105,-230,-25,-15,-10,-5,-35,-5,50,0,-10,-120,0,15,-115,-45,-5,5,20
451,55,-85,65,145,70,0,20,0,5,-105,-70,70,-10,20,-10,35,20,-25,55,170,-65,-120,75,-105,-90,-80,90,75,5,-25,-10,90,-60,-40,130,-270,-35,-5,110,90,-10,5,35,-15,-25,-70,-120,-30,-75,-20,20,-5,-40,50,85,-15,-15,180,85,-105,-15,-20,-130,30,30,-5,10,0,30,-110,-40,115,90,0,90,85,-10,-20,255,80,-105,-105,-230,-25,-15,-10,-5,-35,-5,50,0,-10,-120,0,15,-115,-45,-5,5,20,50
452,-85,65,145,70,0,20,0,5,-105,-70,70,-10,20,-10,35,20,-25,55,170,-65,-120,75,-105,-90,-80,90,75,5,-25,-10,90,-60,-40,130,-270,-35,-5,110,90,-10,5,35,-15,-25,-70,-120,-30,-75,-20,20,-5,-40,50,85,-15,-15,180,85,-105,-15,-20,-130,30,30,-5,10,0,30,-110,-40,115,90,0,90,85,-10,-20,255,80,-105,-105,-230,-25,-15,-10,-5,-35,-5,50,0,-10,-120,0,15,-115,-45,-5,5,20,50,30
453,65,145,70,0,20,0,5,-105,-70,70,-10,20,-10,35,20,-25,55,170,-65,-120,75,-105,-90,-80,90,75,5,-25,-10,90,-60,-40,130,-270,-35,-5,110,90,-10,5,35,-15,-25,-70,-120,-30,-75,-20,20,-5,-40,50,85,-15,-15,180,85,-105,-15,-20,-130,30,30,-5,10,0,30,-110,-40,115,90,0,90,85,-10,-20,255,80,-105,-105,-230,-25,-15,-10,-5,-35,-5,50,0,-10,-120,0,15,-115,-45,-5,5,20,50,30,-40
454,145,70,0,20,0,5,-105,-70,70,-10,20,-10,35,20,-25,55,170,-65,-120,75,-105,-90,-80,90,75,5,-25,-10,90,-60,-40,130,-270,-35,-5,110,90,-10,5,35,-15,-25,-70,-120,-30,-75,-20,20,-5,-40,50,85,-15,-15,180,85,-105,-15,-20,-130,30,30,-5,10,0,30,-110,-40,115,90,0,90,85,-10,-20,255,80,-105,-105,-230,-25,-15,-10,-5,-35,-5,50,0,-10,-120,0,15,-115,-45,-5,5,20,50,30,-40,75
455,70,0,20,0,5,-105,-70,70,-10,20,-10,35,20,-25,55,170,-65,-120,75,-105,-90,-80,90,75,5,-25,-10,90,-60,-40,130,-270,-35,-5,110,90,-10,5,35,-15,-25,-70,-120,-30,-75,-20,20,-5,-40,50,85,-15,-15,180,85,-105,-15,-20,-130,30,30,-5,10,0,30,-110,-40,115,90,0,90,85,-10,-20,255,80,-105,-105,-230,-25,-15,-10,-5,-35,-5,50,0,-10,-120,0,15,-115,-45,-5,5,20,50,30,-40,75,80
456,0,20,0,5,-105,-70,70,-10,20,-10,35,20,-25,55,170,-65,-120,75,-105,-90,-80,90,75,5,-25,-10,90,-60,-40,130,-270,-35,-5,110,90,-10,5,35,-15,-25,-70,-120,-30,-75,-20,20,-5,-40,50,85,-15,-15,180,85,-105,-15,-20,-130,30,30,-5,10,0,30,-110,-40,115,90,0,90,85,-10,-20,255,80,-105,-105,-230,-25,-15,-10,-5,-35,-5,50,0,-10,-120,0,15,-115,-45,-5,5,20,50,30,-40,75,80,-35
457,20,0,5,-105,-70,70,-10,20,-10,35,20,-25,55,170,-65,-120,75,-105,-90,-80,90,75,5,-25,-10,90,-60,-40,130,-270,-35,-5,110,90,-10,5,35,-15,-25,-70,-120,-30,-75,-20,20,-5,-40,50,85,-15,-15,180,85,-105,-15,-20,-130,30,30,-5,10,0,30,-110,-40,115,90,0,90,85,-10,-20,255,80,-105,-105,-230,-25,-15,-10,-5,-35,-5,50,0,-10,-120,0,15,-115,-45,-5,5,20,50,30,-40,75,80,-35,-125
458,0,5,-105,-70,70,-10,20,-10,35,20,-25,55,170,-65,-120,75,-105,-90,-80,90,75,5,-25,-10,90,-60,-40,130,-270,-35,-5,110,90,-10,5,35,-15,-25,-70,-120,-30,-75,-20,20,-5,-40,50,85,-15,-15,180,85,-105,-15,-20,-130,30,30,-5,10,0,30,-110,-40,115,90,0,90,85,-10,-20,255,80,-105,-105,-230,-25,-15,-10,-5,-35,-5,50,0,-10,-120,0,15,-115,-45,-5,5,20,50,30,-40,75,80,-35,-125,70
459,5,-105,-70,70,-10,20,-10,35,20,-25,55,170,-65,-120,75,-105,-90,-80,90,75,5,-25,-10,90,-60,-40,130,-270,-35,-5,110,90,-10,5,35,-15,-25,-70,-120,-30,-75,-20,20,-5,-40,50,85,-15,-15,180,85,-105,-15,-20,-130,30,30,-5,10,0,30,-110,-40,115,90,0,90,85,-10,-20,255,80,-105,-105,-230,-25,-15,-10,-5,-35,-5,50,0,-10,-120,0,15,-115,-45,-5,5,20,50,30,-40,75,80,-35,-125,70,165
460,-105,-70,70,-10,20,-10,35,20,-25,55,170,-65,-120,75,-105,-90,-80,90,75,5,-25,-10,90,-60,-40,130,-270,-35,-5,110,90,-10,5,35,-15,-25,-70,-120,-30,-75,-20,20,-5,-40,50,85,-15,-15,180,85,-105,-15,-20,-130,30,30,-5,10,0,30,-110,-40,115,90,0,90,85,-10,-20,255,80,-105,-105,-230,-25,-15,-10,-5,-35,-5,50,0,-10,-120,0,15,-115,-45,-5,5,20,50,30,-40,75,80,-35,-125,70,165,45
461,-70,70,-10,20,-10,35,20,-25,55,170,-65,-120,75,-105,-90,-80,90,75,5,-25,-10,90,-60,-40,130,-270,-35,-5,110,90,-10,5,35,-15,-25,-70,-120,-30,-75,-20,20,-5,-40,50,85,-15,-15,180,85,-105,-15,-20,-130,30,30,-5,10,0,30,-110,-40,115,90,0,90,85,-10,-20,255,80,-105,-105,-230,-25,-15,-10,-5,-35,-5,50,0,-10,-120,0,15,-115,-45,-5,5,20,50,30,-40,75,80,-35,-125,70,165,45,115
462,70,-10,20,-10,35,20,-25,55,170,-65,-120,75,-105,-90,-80,90,75,5,-25,-10,90,-60,-40,130,-270,-35,-5,110,90,-10,5,35,-15,-25,-70,-120,-30,-75,-20,20,-5,-40,50,85,-15,-15,180,85,-105,-15,-20,-130,30,30,-5,10,0,30,-110,-40,115,90,0,90,85,-10,-20,255,80,-105,-105,-230,-25,-15,-10,-5,-35,-5,50,0,-10,-120,0,15,-115,-45,-5,5,20,50,30,-40,75,80,-35,-125,70,165,45,115,-40
463,-10,20,-10,35,20,-25,55,170,-65,-120,75,-105,-90,-80,90,75,5,-25,-10,90,-60,-40,130,-270,-35,-5,110,90,-10,5,35,-15,-25,-70,-120,-30,-75,-20,20,-5,-40,50,85,-15,-15,180,85,-105,-15,-20,-130,30,30,-5,10,0,30,-110,-40,115,90,0,90,85,-10,-20,255,80,-105,-105,-230,-25,-15,-10,-5,-35,-5,50,0,-10,-120,0,15,-115,-45,-5,5,20,50,30,-40,75,80,-35,-125,70,165,45,115,-40,-20
464,20,-10,35,20,-25,55,170,-65,-120,75,-105,-90,-80,90,75,5,-25,-10,90,-60,-40,130,-270,-35,-5,110,90,-10,5,35,-15,-25,-70,-120,-30,-75,-20,20,-5,-40,50,85,-15,-15,180,85,-105,-15,-20,-130,30,30,-5,10,0,30,-110,-40,115,90,0,90,85,-10,-20,255,80,-105,-105,-230,-25,-15,-10,-5,-35,-5,50,0,-10,-120,0,15,-115,-45,-5,5,20,50,30,-40,75,80,-35,-125,70,165,45,115,-40,-20,-15
465,-10,35,20,-25,55,170,-65,-120,75,-105,-90,-80,90,75,5,-25,-10,90,-60,-40,130,-270,-35,-5,110,90,-10,5,35,-15,-25,-70,-120,-30,-75,-20,20,-5,-40,50,85,-15,-15,180,85,-105,-15,-20,-130,30,30,-5,10,0,30,-110,-40,115,90,0,90,85,-10,-20,255,80,-105,-105,-230,-25,-15,-10,-5,-35,-5,50,0,-10,-120,0,15,-115,-45,-5,5,20,50,30,-40,75,80,-35,-125,70,165,45,115,-40,-20,-15,-90
466,35,20,-25,55,170,-65,-120,75,-105,-90,-80,90,75,5,-25,-10,90,-60,-40,130,-270,-35,-5,110,90,-10,5,35,-15,-25,-70,-120,-30,-75,-20,20,-5,-40,50,85,-15,-15,180,85,-105,-15,-20,-130,30,30,-5,10,0,30,-110,-40,115,90,0,90,85,-10,-20,255,80,-105,-105,-230,-25,-15,-10,-5,-35,-5,50,0,-10,-120,0,15,-115,-45,-5,5,20,50,30,-40,75,80,-35,-125,70,165,45,115,-40,-20,-15,-90,45
467,20,-25,55,170,-65,-120,75,-105,-90,-80,90,75,5,-25,-10,90,-60,-40,130,-270,-35,-5,110,90,-10,5,35,-15,-25,-70,-120,-30,-75,-20,20,-5,-40,50,85,-15,-15,180,85,-105,-15,-20,-130,30,30,-5,10,0,30,-110,-40,115,90,0,90,85,-10,-20,255,80,-105,-105,-230,-25,-15,-10,-5,-35,-5,50,0,-10,-120,0,15,-115,-45,-5,5,20,50,30,-40,75,80,-35,-125,70,165,45,115,-40,-20,-15,-90,45,-145
468,-25,55,170,-65,-120,75,-105,-90,-80,90,75,5,-25,-10,90,-60,-40,130,-270,-35,-5,110,90,-10,5,35,-15,-25,-70,-120,-30,-75,-20,20,-5,-40,50,85,-15,-15,180,85,-105,-15,-20,-130,30,30,-5,10,0,30,-110,-40,115,90,0,90,85,-10,-20,255,80,-105,-105,-230,-25,-15,-10,-5,-35,-5,50,0,-10,-120,0,15,-115,-45,-5,5,20,50,30,-40,75,80,-35,-125,70,165,45,115,-40,-20,-15,-90,45,-145,-95
469,55,170,-65,-120,75,-105,-90,-80,90,75,5,-25,-10,90,-60,-40,130,-270,-35,-5,110,90,-10,5,35,-15,-25,-70,-120,-30,-75,-20,20,-5,-40,50,85,-15,-15,180,85,-105,-15,-20,-130,30,30,-5,10,0,30,-110,-40,115,90,0,90,85,-10,-20,255,80,-105,-105,-230,-25,-15,-10,-5,-35,-5,50,0,-10,-120,0,15,-115,-45,-5,5,20,50,30,-40,75,80,-35,-125,70,165,45,115,-40,-20,-15,-90,45,-145,-95,-25
470,170,-65,-120,75,-105,-90,-80,90,75,5,-25,-10,90,-60,-40,130,-270,-35,-5,110,90,-10,5,35,-15,-25,-70,-120,-30,-75,-20,20,-5,-40,50,85,-15,-15,180,85,-105,-15,-20,-130,30,30,-5,10,0,30,-110,-40,115,90,0,90,85,-10,-20,255,80,-105,-105,-230,-25,-15,-10,-5,-35,-5,50,0,-10,-120,0,15,-115,-45,-5,5,20,50,30,-40,75,80,-35,-125,70,165,45,115,-40,-20,-15,-90,45,-145,-95,-25,15
471,-65,-120,75,-105,-90,-80,90,75,5,-25,-10,90,-60,-40,130,-270,-35,-5,110,90,-10,5,35,-15,-25,-70,-120,-30,-75,-20,20,-5,-40,50,85,-15,-15,180,85,-105,-15,-20,-130,30,30,-5,10,0,30,-110,-40,115,90,0,90,85,-10,-20,255,80,-105,-105,-230,-25,-15,-10,-5,-35,-5,50,0,-10,-120,0,15,-115,-45,-5,5,20,50,30,-40,75,80,-35,-125,70,165,45,115,-40,-20,-15,-90,45,-145,-95,-25,15,60
472,-120,75,-105,-90,-80,90,75,5,-25,-10,90,-60,-40,130,-270,-35,-5,110,90,-10,5,35,-15,-25,-70,-120,-30,-75,-20,20,-5,-40,50,85,-15,-15,180,85,-105,-15,-20,-130,30,30,-5,10,0,30,-110,-40,115,90,0,90,85,-10,-20,255,80,-105,-105,-230,-25,-15,-10,-5,-35,-5,50,0,-10,-120,0,15,-115,-45,-5,5,20,50,30,-40,75,80,-35,-125,70,165,45,115,-40,-20,-15,-90,45,-145,-95,-25,15,60,100
473,75,-105,-90,-80,90,75,5,-25,-10,90,-60,-40,130,-270,-35,-5,110,90,-10,5,35,-15,-25,-70,-120,-30,-75,-20,20,-5,-40,50,85,-15,-15,180,85,-105,-15,-20,-130,30,30,-5,10,0,30,-110,-40,115,90,0,90,85,-10,-20,255,80,-105,-105,-230,-25,-15,-10,-5,-35,-5,50,0,-10,-120,0,15,-115,-45,-5,5,20,50,30,-40,75,80,-35,-125,70,165,45,115,-40,-20,-15,-90,45,-145,-95,-25,15,60,100,-45
474,-105,-90,-80,90,75,5,-25,-10,90,-60,-40,130,-270,-35,-5,110,90,-10,5,35,-15,-25,-70,-120,-30,-75,-20,20,-5,-40,50,85,-15,-15,180,85,-105,-15,-20,-130,30,30,-5,10,0,30,-110,-40,115,90,0,90,85,-10,-20,255,80,-105,-105,-230,-25,-15,-10,-5,-35,-5,50,0,-10,-120,0,15,-115,-45,-5,5,20,50,30,-40,75,80,-35,-125,70,165,45,115,-40,-20,-15,-90,45,-145,-95,-25,15,60,100,-45,-45
475,-90,-80,90,75,5,-25,-10,90,-60,-40,130,-270,-35,-5,110,90,-10,5,35,-15,-25,-70,-120,-30,-75,-20,20,-5,-40,50,85,-15,-15,180,85,-105,-15,-20,-130,30,30,-5,10,0,30,-110,-40,115,90,0,90,85,-10,-20,255,80,-105,-105,-230,-25,-15,-10,-5,-35,-5,50,0,-10,-120,0,15,-115,-45,-5,5,20,50,30,-40,75,80,-35,-125,70,165,45,115,-40,-20,-15,-90,45,-145,-95,-25,15,60,100,-45,-45,5
476,-80,90,75,5,-25,-10,90,-60,-40,130,-270,-35,-5,110,90,-10,5,35,-15,-25,-70,-120,-30,-75,-20,20,-5,-40,50,85,-15,-15,180,85,-105,-15,-20,-130,30,30,-5,10,0,30,-110,-40,115,90,0,90,85,-10,-20,255,80,-105,-105,-230,-25,-15,-10,-5,-35,-5,50,0,-10,-120,0,15,-115,-45,-5,5,20,50,30,-40,75,80,-35,-125,70,165,45,115,-40,-20,-15,-90,45,-145,-95,-25,15,60,100,-45,-45,5,30
477,90,75,5,-25,-10,90,-60,-40,130,-270,-35,-5,110,90,-10,5,35,-15,-25,-70,-120,-30,-75,-20,20,-5,-40,50,85,-15,-15,180,85,-105,-15,-20,-130,30,30,-5,10,0,30,-110,-40,115,90,0,90,85,-10,-20,255,80,-105,-105,-230,-25,-15,-10,-5,-35,-5,50,0,-10,-120,0,15,-115,-45,-5,5,20,50,30,-40,75,80,-35,-125,70,165,45,115,-40,-20,-15,-90,45,-145,-95,-25,15,60,100,-45,-45,5,30,25
478,75,5,-25,-10,90,-60,-40,130,-270,-35,-5,110,90,-10,5,35,-15,-25,-70,-120,-30,-75,-20,20,-5,-40,50,85,-15,-15,180,85,-105,-15,-20,-130,30,30,-5,10,0,30,-110,-40,115,90,0,90,85,-10,-20,255,80,-105,-105,-230,-25,-15,-10,-5,-35,-5,50,0,-10,-120,0,15,-115,-45,-5,5,20,50,30,-40,75,80,-35,-125,70,165,45,115,-40,-20,-15,-90,45,-145,-95,-25,15,60,100,-45,-45,5,30,25,30
479,5,-25,-10,90,-60,-40,130,-270,-35,-5,110,90,-10,5,35,-15,-25,-70,-120,-30,-75,-20,20,-5,-40,50,85,-15,-15,180,85,-105,-15,-20,-130,30,30,-5,10,0,30,-110,-40,115,90,0,90,85,-10,-20,255,80,-105,-105,-230,-25,-15,-10,-5,-35,-5,50,0,-10,-120,0,15,-115,-45,-5,5,20,50,30,-40,75,80,-35,-125,70,165,45,115,-40,-20,-15,-90,45,-145,-95,-25,15,60,100,-45,-45,5,30,25,30,40
480,-25,-10,90,-60,-40,130,-270,-35,-5,110,90,-10,5,35,-15,-25,-70,-120,-30,-75,-20,20,-5,-40,50,85,-15,-15,180,85,-105,-15,-20,-130,30,30,-5,10,0,30,-110,-40,115,90,0,90,85,-10,-20,255,80,-105,-105,-230,-25,-15,-10,-5,-35,-5,50,0,-10,-120,0,15,-115,-45,-5,5,20,50,30,-40,75,80,-35,-125,70,165,45,115,-40,-20,-15,-90,45,-145,-95,-25,15,60,100,-45,-45,5,30,25,30,40,40
481,-10,90,-60,-40,130,-270,-35,-5,110,90,-10,5,35,-15,-25,-70,-120,-30,-75,-20,20,-5,-40,50,85,-15,-15,180,85,-105,-15,-20,-130,30,30,-5,10,0,30,-110,-40,115,90,0,90,85,-10,-20,255,80,-105,-105,-230,-25,-15,-10,-5,-35,-5,50,0,-10,-120,0,15,-115,-45,-5,5,20,50,30,-40,75,80,-35,-125,70,165,45,115,-40,-20,-15,-90,45,-145,-95,-25,15,60,100,-45,-45,5,30,25,30,40,40,140
482,90,-60,-40,130,-270,-35,-5,110,90,-10,5,35,-15,-25,-70,-120,-30,-75,-20,20,-5,-40,50,85,-15,-15,180,85,-105,-15,-20,-130,30,30,-5,10,0,30,-110,-40,115,90,0,90,85,-10,-20,255,80,-105,-105,-230,-25,-15,-10,-5,-35,-5,50,0,-10,-120,0,15,-115,-45,-5,5,20,50,30,-40,75,80,-35,-125,70,165,45,115,-40,-20,-15,-90,45,-145,-95,-25,15,60,100,-45,-45,5,30,25,30,40,40,140,10
483,-60,-40,130,-270,-35,-5,110,90,-10,5,35,-15,-25,-70,-120,-30,-75,-20,20,-5,-40,50,85,-15,-15,180,85,-105,-15,-20,-130,30,30,-5,10,0,30,-110,-40,115,90,0,90,85,-10,-20,255,80,-105,-105,-230,-25,-15,-10,-5,-35,-5,50,0,-10,-120,0,15,-115,-45,-5,5,20,50,30,-40,75,80,-35,-125,70,165,45,115,-40,-20,-15,-90,45,-145,-95,-25,15,60,100,-45,-45,5,30,25,30,40,40,140,10,75
484,-40,130,-270,-35,-5,110,90,-10,5,35,-15,-25,-70,-120,-30,-75,-20,20,-5,-40,50,85,-15,-15,180,85,-105,-15,-20,-130,30,30,-5,10,0,30,-110,-40,115,90,0,90,85,-10,-20,255,80,-105,-105,-230,-25,-15,-10,-5,-35,-5,50,0,-10,-120,0,15,-115,-45,-5,5,20,50,30,-40,75,80,-35,-125,70,165,45,115,-40,-20,-15,-90,45,-145,-95,-25,15,60,100,-45,-45,5,30,25,30,40,40,140,10,75,-90
485,130,-270,-35,-5,110,90,-10,5,35,-15,-25,-70,-120,-30,-75,-20,20,-5,-40,50,85,-15,-15,180,85,-105,-15,-20,-130,30,30,-5,10,0,30,-110,-40,115,90,0,90,85,-10,-20,255,80,-105,-105,-230,-25,-15,-10,-5,-35,-5,50,0,-10,-120,0,15,-115,-45,-5,5,20,50,30,-40,75,80,-35,-125,70,165,45,115,-40,-20,-15,-90,45,-145,-95,-25,15,60,100,-45,-45,5,30,25,30,40,40,140,10,75,-90,-20
486,-270,-35,-5,110,90,-10,5,35,-15,-25,-70,-120,-30,-75,-20,20,-5,-40,50,85,-15,-15,180,85,-105,-15,-20,-130,30,30,-5,10,0,30,-110,-40,115,90,0,90,85,-10,-20,255,80,-105,-105,-230,-25,-15,-10,-5,-35,-5,50,0,-10,-120,0,15,-115,-45,-5,5,20,50,30,-40,75,80,-35,-125,70,165,45,115,-40,-20,-15,-90,45,-145,-95,-25,15,60,100,-45,-45,5,30,25,30,40,40,140,10,75,-90,-20,50
487,-35,-5,110,90,-10,5,35,-15,-25,-70,-120,-30,-75,-20,20,-5,-40,50,85,-15,-15,180,85,-105,-15,-20,-130,30,30,-5,10,0,30,-110,-40,115,90,0,90,85,-10,-20,255,80,-105,-105,-230,-25,-15,-10,-5,-35,-5,50,0,-10,-120,0,15,-115,-45,-5,5,20,50,30,-40,75,80,-35,-125,70,165,45,115,-40,-20,-15,-90,45,-145,-95,-25,15,60,100,-45,-45,5,30,25,30,40,40,140,10,75,-90,-20,50,-50
488,-5,110,90,-10,5,35,-15,-25,-70,-120,-30,-75,-20,20,-5,-40,50,85,-15,-15,180,85,-105,-15,-20,-130,30,30,-5,10,0,30,-110,-40,115,90,0,90,85,-10,-20,255,80,-105,-105,-230,-25,-15,-10,-5,-35,-5,50,0,-10,-120,0,15,-115,-45,-5,5,20,50,30,-40,75,80,-35,-125,70,165,45,115,-40,-20,-15,-90,45,-145,-95,-25,15,60,100,-45,-45,5,30,25,30,40,40,140,10,75,-90,-20,50,-50,35
489,110,90,-10,5,35,-15,-25,-70,-120,-30,-75,-20,20,-5,-40,50,85,-15,-15,180,85,-105,-15,-20,-130,30,30,-5,10,0,30,-110,-40,115,90,0,90,85,-10,-20,255,80,-105,-105,-230,-25,-15,-10,-5,-35,-5,50,0,-10,-120,0,15,-115,-45,-5,5,20,50,30,-40,75,80,-35,-125,70,165,45,115,-40,-20,-15,-90,45,-145,-95,-25,15,60,100,-45,-45,5,30,25,30,40,40,140,10,75,-90,-20,50,-50,35,70
490,90,-10,5,35,-15,-25,-70,-120,-30,-75,-20,20,-5,-40,50,85,-15,-15,180,85,-105,-15,-20,-130,30,30,-5,10,0,30,-110,-40,115,90,0,90,85,-10,-20,255,80,-105,-105,-230,-25,-15,-10,-5,-35,-5,50,0,-10,-120,0,15,-115,-45,-5,5,20,50,30,-40,75,80,-35,-125,70,165,45,115,-40,-20,-15,-90,45,-145,-95,-25,15,60,100,-45,-45,5,30,25,30,40,40,140,10,75,-90,-20,50,-50,35,70,-50
491,-10,5,35,-15,-25,-70,-120,-30,-75,-20,20,-5,-40,50,85,-15,-15,180,85,-105,-15,-20,-130,30,30,-5,10,0,30,-110,-40,115,90,0,90,85,-10,-20,255,80,-105,-105,-230,-25,-15,-10,-5,-35,-5,50,0,-10,-120,0,15,-115,-45,-5,5,20,50,30,-40,75,80,-35,-125,70,165,45,115,-40,-20,-15,-90,45,-145,-95,-25,15,60,100,-45,-45,5,30,25,30,40,40,140,10,75,-90,-20,50,-50,35,70,-50,-25
492,5,35,-15,-25,-70,-120,-30,-75,-20,20,-5,-40,50,85,-15,-15,180,85,-105,-15,-20,-130,30,30,-5,10,0,30,-110,-40,115,90,0,90,85,-10,-20,255,80,-105,-105,-230,-25,-15,-10,-5,-35,-5,50,0,-10,-120,0,15,-115,-45,-5,5,20,50,30,-40,75,80,-35,-125,70,165,45,115,-40,-20,-15,-90,45,-145,-95,-25,15,60,100,-45,-45,5,30,25,30,40,40,140,10,75,-90,-20,50,-50,35,70,-50,-25,10
493,35,-15,-25,-70,-120,-30,-75,-20,20,-5,-40,50,85,-15,-15,180,85,-105,-15,-20,-130,30,30,-5,10,0,30,-110,-40,115,90,0,90,85,-10,-20,255,80,-105,-105,-230,-25,-15,-10,-5,-35,-5,50,0,-10,-120,0,15,-115,-45,-5,5,20,50,30,-40,75,80,-35,-125,70,165,45,115,-40,-20,-15,-90,45,-145,-95,-25,15,60,100,-45,-45,5,30,25,30,40,40,140,10,75,-90,-20,50,-50,35,70,-50,-25,10,-120
494,-15,-25,-70,-120,-30,-75,-20,20,-5,-40,50,85,-15,-15,180,85,-105,-15,-20,-130,30,30,-5,10,0,30,-110,-40,115,90,0,90,85,-10,-20,255,80,-105,-105,-230,-25,-15,-10,-5,-35,-5,50,0,-10,-120,0,15,-115,-45,-5,5,20,50,30,-40,75,80,-35,-125,70,165,45,115,-40,-20,-15,-90,45,-145,-95,-25,15,60,100,-45,-45,5,30,25,30,40,40,140,10,75,-90,-20,50,-50,35,70,-50,-25,10,-120,-155
495,-25,-70,-120,-30,-75,-20,20,-5,-40,50,85,-15,-15,180,85,-105,-15,-20,-130,30,30,-5,10,0,30,-110,-40,115,90,0,90,85,-10,-20,255,80,-105,-105,-230,-25,-15,-10,-5,-35,-5,50,0,-10,-120,0,15,-115,-45,-5,5,20,50,30,-40,75,80,-35,-125,70,165,45,115,-40,-20,-15,-90,45,-145,-95,-25,15,60,100,-45,-45,5,30,25,30,40,40,140,10,75,-90,-20,50,-50,35,70,-50,-25,10,-120,-155,-80
496,-70,-120,-30,-75,-20,20,-5,-40,50,85,-15,-15,180,85,-105,-15,-20,-130,30,30,-5,10,0,30,-110,-40,115,90,0,90,85,-10,-20,255,80,-105,-105,-230,-25,-15,-10,-5,-35,-5,50,0,-10,-120,0,15,-115,-45,-5,5,20,50,30,-40,75,80,-35,-125,70,165,45,115,-40,-20,-15,-90,45,-145,-95,-25,15,60,100,-45,-45,5,30,25,30,40,40,140,10,75,-90,-20,50,-50,35,70,-50,-25,10,-120,-155,-80,-20
497,-120,-30,-75,-20,20,-5,-40,50,85,-15,-15,180,85,-105,-15,-20,-130,30,30,-5,10,0,30,-110,-40,115,90,0,90,85,-10,-20,255,80,-105,-105,-230,-25,-15,-10,-5,-35,-5,50,0,-10,-120,0,15,-115,-45,-5,5,20,50,30,-40,75,80,-35,-125,70,165,45,115,-40,-20,-15,-90,45,-145,-95,-25,15,60,100,-45,-45,5,30,25,30,40,40,140,10,75,-90,-20,50,-50,35,70,-50,-25,10,-120,-155,-80,-20,5
498,-30,-75,-20,20,-5,-40,50,85,-15,-15,180,85,-105,-15,-20,-130,30,30,-5,10,0,30,-110,-40,115,90,0,90,85,-10,-20,255,80,-105,-105,-230,-25,-15,-10,-5,-35,-5,50,0,-10,-120,0,15,-115,-45,-5,5,20,50,30,-40,75,80,-35,-125,70,165,45,115,-40,-20,-15,-90,45,-145,-95,-25,15,60,100,-45,-45,5,30,25,30,40,40,140,10,75,-90,-20,50,-50,35,70,-50,-25,10,-120,-155,-80,-20,5,60
499,-75,-20,20,-5,-40,50,85,-15,-15,180,85,-105,-15,-20,-130,30,30,-5,10,0,30,-110,-40,115,90,0,90,85,-10,-20,255,80,-105,-105,-230,-25,-15,-10,-5,-35,-5,50,0,-10,-120,0,15,-115,-45,-5,5,20,50,30,-40,75,80,-35,-125,70,165,45,115,-40,-20,-15,-90,45,-145,-95,-25,15,60,100,-45,-45,5,30,25,30,40,40,140,10,75,-90,-20,50,-50,35,70,-50,-25,10,-120,-155,-80,-20,5,60,84
500,-20,20,-5,-40,50,85,-15,-15,180,85,-105,-15,-20,-130,30,30,-5,10,0,30,-110,-40,115,90,0,90,85,-10,-20,255,80,-105,-105,-230,-25,-15,-10,-5,-35,-5,50,0,-10,-120,0,15,-115,-45,-5,5,20,50,30,-40,75,80,-35,-125,70,165,45,115,-40,-20,-15,-90,45,-145,-95,-25,15,60,100,-45,-45,5,30,25,30,40,40,140,10,75,-90,-20,50,-50,35,70,-50,-25,10,-120,-155,-80,-20,5,60,84,3
501,20,-5,-40,50,85,-15,-15,180,85,-105,-15,-20,-130,30,30,-5,10,0,30,-110,-40,115,90,0,90,85,-10,-20,255,80,-105,-105,-230,-25,-15,-10,-5,-35,-5,50,0,-10,-120,0,15,-115,-45,-5,5,20,50,30,-40,75,80,-35,-125,70,165,45,115,-40,-20,-15,-90,45,-145,-95,-25,15,60,100,-45,-45,5,30,25,30,40,40,140,10,75,-90,-20,50,-50,35,70,-50,-25,10,-120,-155,-80,-20,5,60,84,3,-10
502,-5,-40,50,85,-15,-15,180,85,-105,-15,-20,-130,30,30,-5,10,0,30,-110,-40,115,90,0,90,85,-10,-20,255,80,-105,-105,-230,-25,-15,-10,-5,-35,-5,50,0,-10,-120,0,15,-115,-45,-5,5,20,50,30,-40,75,80,-35,-125,70,165,45,115,-40,-20,-15,-90,45,-145,-95,-25,15,60,100,-45,-45,5,30,25,30,40,40,140,10,75,-90,-20,50,-50,35,70,-50,-25,10,-120,-155,-80,-20,5,60,84,3,-10,46
503,-40,50,85,-15,-15,180,85,-105,-15,-20,-130,30,30,-5,10,0,30,-110,-40,115,90,0,90,85,-10,-20,255,80,-105,-105,-230,-25,-15,-10,-5,-35,-5,50,0,-10,-120,0,15,-115,-45,-5,5,20,50,30,-40,75,80,-35,-125,70,165,45,115,-40,-20,-15,-90,45,-145,-95,-25,15,60,100,-45,-45,5,30,25,30,40,40,140,10,75,-90,-20,50,-50,35,70,-50,-25,10,-120,-155,-80,-20,5,60,84,3,-10,46,-41
504,50,85,-15,-15,180,85,-105,-15,-20,-130,30,30,-5,10,0,30,-110,-40,115,90,0,90,85,-10,-20,255,80,-105,-105,-230,-25,-15,-10,-5,-35,-5,50,0,-10,-120,0,15,-115,-45,-5,5,20,50,30,-40,75,80,-35,-125,70,165,45,115,-40,-20,-15,-90,45,-145,-95,-25,15,60,100,-45,-45,5,30,25,30,40,40,140,10,75,-90,-20,50,-50,35,70,-50,-25,10,-120,-155,-80,-20,5,60,84,3,-10,46,-41,-66
505,85,-15,-15,180,85,-105,-15,-20,-130,30,30,-5,10,0,30,-110,-40,115,90,0,90,85,-10,-20,255,80,-105,-105,-230,-25,-15,-10,-5,-35,-5,50,0,-10,-120,0,15,-115,-45,-5,5,20,50,30,-40,75,80,-35,-125,70,165,45,115,-40,-20,-15,-90,45,-145,-95,-25,15,60,100,-45,-45,5,30,25,30,40,40,140,10,75,-90,-20,50,-50,35,70,-50,-25,10,-120,-155,-80,-20,5,60,84,3,-10,46,-41,-66,6
506,-15,-15,180,85,-105,-15,-20,-130,30,30,-5,10,0,30,-110,-40,115,90,0,90,85,-10,-20,255,80,-105,-105,-230,-25,-15,-10,-5,-35,-5,50,0,-10,-120,0,15,-115,-45,-5,5,20,50,30,-40,75,80,-35,-125,70,165,45,115,-40,-20,-15,-90,45,-145,-95,-25,15,60,100,-45,-45,5,30,25,30,40,40,140,10,75,-90,-20,50,-50,35,70,-50,-25,10,-120,-155,-80,-20,5,60,84,3,-10,46,-41,-66,6,-59
507,-15,180,85,-105,-15,-20,-130,30,30,-5,10,0,30,-110,-40,115,90,0,90,85,-10,-20,255,80,-105,-105,-230,-25,-15,-10,-5,-35,-5,50,0,-10,-120,0,15,-115,-45,-5,5,20,50,30,-40,75,80,-35,-125,70,165,45,115,-40,-20,-15,-90,45,-145,-95,-25,15,60,100,-45,-45,5,30,25,30,40,40,140,10,75,-90,-20,50,-50,35,70,-50,-25,10,-120,-155,-80,-20,5,60,84,3,-10,46,-41,-66,6,-59,-33
508,180,85,-105,-15,-20,-130,30,30,-5,10,0,30,-110,-40,115,90,0,90,85,-10,-20,255,80,-105,-105,-230,-25,-15,-10,-5,-35,-5,50,0,-10,-120,0,15,-115,-45,-5,5,20,50,30,-40,75,80,-35,-125,70,165,45,115,-40,-20,-15,-90,45,-145,-95,-25,15,60,100,-45,-45,5,30,25,30,40,40,140,10,75,-90,-20,50,-50,35,70,-50,-25,10,-120,-155,-80,-20,5,60,84,3,-10,46,-41,-66,6,-59,-33,37
509,85,-105,-15,-20,-130,30,30,-5,10,0,30,-110,-40,115,90,0,90,85,-10,-20,255,80,-105,-105,-230,-25,-15,-10,-5,-35,-5,50,0,-10,-120,0,15,-115,-45,-5,5,20,50,30,-40,75,80,-35,-125,70,165,45,115,-40,-20,-15,-90,45,-145,-95,-25,15,60,100,-45,-45,5,30,25,30,40,40,140,10,75,-90,-20,50,-50,35,70,-50,-25,10,-120,-155,-80,-20,5,60,84,3,-10,46,-41,-66,6,-59,-33,37,6
510,-105,-15,-20,-130,30,30,-5,10,0,30,-110,-40,115,90,0,90,85,-10,-20,255,80,-105,-105,-230,-25,-15,-10,-5,-35,-5,50,0,-10,-120,0,15,-115,-45,-5,5,20,50,30,-40,75,80,-35,-125,70,165,45,115,-40,-20,-15,-90,45,-145,-95,-25,15,60,100,-45,-45,5,30,25,30,40,40,140,10,75,-90,-20,50,-50,35,70,-50,-25,10,-120,-155,-80,-20,5,60,84,3,-10,46,-41,-66,6,-59,-33,37,6,-41
511,-15,-20,-130,30,30,-5,10,0,30,-110,-40,115,90,0,90,85,-10,-20,255,80,-105,-105,-230,-25,-15,-10,-5,-35,-5,50,0,-10,-120,0,15,-115,-45,-5,5,20,50,30,-40,75,80,-35,-125,70,165,45,115,-40,-20,-15,-90,45,-145,-95,-25,15,60,100,-45,-45,5,30,25,30,40,40,140,10,75,-90,-20,50,-50,35,70,-50,-25,10,-120,-155,-80,-20,5,60,84,3,-10,46,-41,-66,6,-59,-33,37,6,-41,6
512,-20,-130,30,30,-5,10,0,30,-110,-40,115,90,0,90,85,-10,-20,255,80,-105,-105,-230,-25,-15,-10,-5,-35,-5,50,0,-10,-120,0,15,-115,-45,-5,5,20,50,30,-40,75,80,-35,-125,70,165,45,115,-40,-20,-15,-90,45,-145,-95,-25,15,60,100,-45,-45,5,30,25,30,40,40,140,10,75,-90,-20,50,-50,35,70,-50,-25,10,-120,-155,-80,-20,5,60,84,3,-10,46,-41,-66,6,-59,-33,37,6,-41,6,-19
513,-130,30,30,-5,10,0,30,-110,-40,115,90,0,90,85,-10,-20,255,80,-105,-105,-230,-25,-15,-10,-5,-35,-5,50,0,-10,-120,0,15,-115,-45,-5,5,20,50,30,-40,75,80,-35,-125,70,165,45,115,-40,-20,-15,-90,45,-145,-95,-25,15,60,100,-45,-45,5,30,25,30,40,40,140,10,75,-90,-20,50,-50,35,70,-50,-25,10,-120,-155,-80,-20,5,60,84,3,-10,46,-41,-66,6,-59,-33,37,6,-41,6,-19,-54
514,30,30,-5,10,0,30,-110,-40,115,90,0,90,85,-10,-20,255,80,-105,-105,-230,-25,-15,-10,-5,-35,-5,50,0,-10,-120,0,15,-115,-45,-5,5,20,50,30,-40,75,80,-35,-125,70,165,45,115,-40,-20,-15,-90,45,-145,-95,-25,15,60,100,-45,-45,5,30,25,30,40,40,140,10,75,-90,-20,50,-50,35,70,-50,-25,10,-120,-155,-80,-20,5,60,84,3,-10,46,-41,-66,6,-59,-33,37,6,-41,6,-19,-54,39
515,30,-5,10,0,30,-110,-40,115,90,0,90,85,-10,-20,255,80,-105,-105,-230,-25,-15,-10,-5,-35,-5,50,0,-10,-120,0,15,-115,-45,-5,5,20,50,30,-40,75,80,-35,-125,70,165,45,115,-40,-20,-15,-90,45,-145,-95,-25,15,60,100,-45,-45,5,30,25,30,40,40,140,10,75,-90,-20,50,-50,35,70,-50,-25,10,-120,-155,-80,-20,5,60,84,3,-10,46,-41,-66,6,-59,-33,37,6,-41,6,-19,-54,39,-30
516,-5,10,0,30,-110,-40,115,90,0,90,85,-10,-20,255,80,-105,-105,-230,-25,-15,-10,-5,-35,-5,50,0,-10,-120,0,15,-115,-45,-5,5,20,50,30,-40,75,80,-35,-125,70,165,45,115,-40,-20,-15,-90,45,-145,-95,-25,15,60,100,-45,-45,5,30,25,30,40,40,140,10,75,-90,-20,50,-50,35,70,-50,-25,10,-120,-155,-80,-20,5,60,84,3,-10,46,-41,-66,6,-59,-33,37,6,-41,6,-19,-54,39,-30,-40
517,10,0,30,-110,-40,115,90,0,90,85,-10,-20,255,80,-105,-105,-230,-25,-15,-10,-5,-35,-5,50,0,-10,-120,0,15,-115,-45,-5,5,20,50,30,-40,75,80,-35,-125,70,165,45,115,-40,-20,-15,-90,45,-145,-95,-25,15,60,100,-45,-45,5,30,25,30,40,40,140,10,75,-90,-20,50,-50,35,70,-50,-25,10,-120,-155,-80,-20,5,60,84,3,-10,46,-41,-66,6,-59,-33,37,6,-41,6,-19,-54,39,-30,-40,-34
518,0,30,-110,-40,115,90,0,90,85,-10,-20,255,80,-105,-105,-230,-25,-15,-10,-5,-35,-5,50,0,-10,-120,0,15,-115,-45,-5,5,20,50,30,-40,75,80,-35,-125,70,165,45,115,-40,-20,-15,-90,45,-145,-95,-25,15,60,100,-45,-45,5,30,25,30,40,40,140,10,75,-90,-20,50,-50,35,70,-50,-25,10,-120,-155,-80,-20,5,60,84,3,-10,46,-41,-66,6,-59,-33,37,6,-41,6,-19,-54,39,-30,-40,-34,-24
519,30,-110,-40,115,90,0,90,85,-10,-20,255,80,-105,-105,-230,-25,-15,-10,-5,-35,-5,50,0,-10,-120,0,15,-115,-45,-5,5,20,50,30,-40,75,80,-35,-125,70,165,45,115,-40,-20,-15,-90,45,-145,-95,-25,15,60,100,-45,-45,5,30,25,30,40,40,140,10,75,-90,-20,50,-50,35,70,-50,-25,10,-120,-155,-80,-20,5,60,84,3,-10,46,-41,-66,6,-59,-33,37,6,-41,6,-19,-54,39,-30,-40,-34,-24,-11
520,-110,-40,115,90,0,90,85,-10,-20,255,80,-105,-105,-230,-25,-15,-10,-5,-35,-5,50,0,-10,-120,0,15,-115,-45,-5,5,20,50,30,-40,75,80,-35,-125,70,165,45,115,-40,-20,-15,-90,45,-145,-95,-25,15,60,100,-45,-45,5,30,25,30,40,40,140,10,75,-90,-20,50,-50,35,70,-50,-25,10,-120,-155,-80,-20,5,60,84,3,-10,46,-41,-66,6,-59,-33,37,6,-41,6,-19,-54,39,-30,-40,-34,-24,-11,-23
521,-40,115,90,0,90,85,-10,-20,255,80,-105,-105,-230,-25,-15,-10,-5,-35,-5,50,0,-10,-120,0,15,-115,-45,-5,5,20,50,30,-40,75,80,-35,-125,70,165,45,115,-40,-20,-15,-90,45,-145,-95,-25,15,60,100,-45,-45,5,30,25,30,40,40,140,10,75,-90,-20,50,-50,35,70,-50,-25,10,-120,-155,-80,-20,5,60,84,3,-10,46,-41,-66,6,-59,-33,37,6,-41,6,-19,-54,39,-30,-40,-34,-24,-11,-23,-13
522,115,90,0,90,85,-10,-20,255,80,-105,-105,-230,-25,-15,-10,-5,-35,-5,50,0,-10,-120,0,15,-115,-45,-5,5,20,50,30,-40,75,80,-35,-125,70,165,45,115,-40,-20,-15,-90,45,-145,-95,-25,15,60,100,-45,-45,5,30,25,30,40,40,140,10,75,-90,-20,50,-50,35,70,-50,-25,10,-120,-155,-80,-20,5,60,84,3,-10,46,-41,-66,6,-59,-33,37,6,-41,6,-19,-54,39,-30,-40,-34,-24,-11,-23,-13,72
523,90,0,90,85,-10,-20,255,80,-105,-105,-230,-25,-15,-10,-5,-35,-5,50,0,-10,-120,0,15,-115,-45,-5,5,20,50,30,-40,75,80,-35,-125,70,165,45,115,-40,-20,-15,-90,45,-145,-95,-25,15,60,100,-45,-45,5,30,25,30,40,40,140,10,75,-90,-20,50,-50,35,70,-50,-25,10,-120,-155,-80,-20,5,60,84,3,-10,46,-41,-66,6,-59,-33,37,6,-41,6,-19,-54,39,-30,-40,-34,-24,-11,-23,-13,72,-19
524,0,90,85,-10,-20,255,80,-105,-105,-230,-25,-15,-10,-5,-35,-5,50,0,-10,-120,0,15,-115,-45,-5,5,20,50,30,-40,75,80,-35,-125,70,165,45,115,-40,-20,-15,-90,45,-145,-95,-25,15,60,100,-45,-45,5,30,25,30,40,40,140,10,75,-90,-20,50,-50,35,70,-50,-25,10,-120,-155,-80,-20,5,60,84,3,-10,46,-41,-66,6,-59,-33,37,6,-41,6,-19,-54,39,-30,-40,-34,-24,-11,-23,-13,72,-19,6
525,90,85,-10,-20,255,80,-105,-105,-230,-25,-15,-10,-5,-35,-5,50,0,-10,-120,0,15,-115,-45,-5,5,20,50,30,-40,75,80,-35,-125,70,165,45,115,-40,-20,-15,-90,45,-145,-95,-25,15,60,100,-45,-45,5,30,25,30,40,40,140,10,75,-90,-20,50,-50,35,70,-50,-25,10,-120,-155,-80,-20,5,60,84,3,-10,46,-41,-66,6,-59,-33,37,6,-41,6,-19,-54,39,-30,-40,-34,-24,-11,-23,-13,72,-19,6,57
526,85,-10,-20,255,80,-105,-105,-230,-25,-15,-10,-5,-35,-5,50,0,-10,-120,0,15,-115,-45,-5,5,20,50,30,-40,75,80,-35,-125,70,165,45,115,-40,-20,-15,-90,45,-145,-95,-25,15,60,100,-45,-45,5,30,25,30,40,40,140,10,75,-90,-20,50,-50,35,70,-50,-25,10,-120,-155,-80,-20,5,60,84,3,-10,46,-41,-66,6,-59,-33,37,6,-41,6,-19,-54,39,-30,-40,-34,-24,-11,-23,-13,72,-19,6,57,46
527,-10,-20,255,80,-105,-105,-230,-25,-15,-10,-5,-35,-5,50,0,-10,-120,0,15,-115,-45,-5,5,20,50,30,-40,75,80,-35,-125,70,165,45,115,-40,-20,-15,-90,45,-145,-95,-25,15,60,100,-45,-45,5,30,25,30,40,40,140,10,75,-90,-20,50,-50,35,70,-50,-25,10,-120,-155,-80,-20,5,60,84,3,-10,46,-41,-66,6,-59,-33,37,6,-41,6,-19,-54,39,-30,-40,-34,-24,-11,-23,-13,72,-19,6,57,46,1
528,-20,255,80,-105,-105,-230,-25,-15,-10,-5,-35,-5,50,0,-10,-120,0,15,-115,-45,-5,5,20,50,30,-40,75,80,-35,-125,70,165,45,115,-40,-20,-15,-90,45,-145,-95,-25,15,60,100,-45,-45,5,30,25,30,40,40,140,10,75,-90,-20,50,-50,35,70,-50,-25,10,-120,-155,-80,-20,5,60,84,3,-10,46,-41,-66,6,-59,-33,37,6,-41,6,-19,-54,39,-30,-40,-34,-24,-11,-23,-13,72,-19,6,57,46,1,-10
529,255,80,-105,-105,-230,-25,-15,-10,-5,-35,-5,50,0,-10,-120,0,15,-115,-45,-5,5,20,50,30,-40,75,80,-35,-125,70,165,45,115,-40,-20,-15,-90,45,-145,-95,-25,15,60,100,-45,-45,5,30,25,30,40,40,140,10,75,-90,-20,50,-50,35,70,-50,-25,10,-120,-155,-80,-20,5,60,84,3,-10,46,-41,-66,6,-59,-33,37,6,-41,6,-19,-54,39,-30,-40,-34,-24,-11,-23,-13,72,-19,6,57,46,1,-10,-36
530,80,-105,-105,-230,-25,-15,-10,-5,-35,-5,50,0,-10,-120,0,15,-115,-45,-5,5,20,50,30,-40,75,80,-35,-125,70,165,45,115,-40,-20,-15,-90,45,-145,-95,-25,15,60,100,-45,-45,5,30,25,30,40,40,140,10,75,-90,-20,50,-50,35,70,-50,-25,10,-120,-155,-80,-20,5,60,84,3,-10,46,-41,-66,6,-59,-33,37,6,-41,6,-19,-54,39,-30,-40,-34,-24,-11,-23,-13,72,-19,6,57,46,1,-10,-36,-31
531,-105,-105,-230,-25,-15,-10,-5,-35,-5,50,0,-10,-120,0,15,-115,-45,-5,5,20,50,30,-40,75,80,-35,-125,70,165,45,115,-40,-20,-15,-90,45,-145,-95,-25,15,60,100,-45,-45,5,30,25,30,40,40,140,10,75,-90,-20,50,-50,35,70,-50,-25,10,-120,-155,-80,-20,5,60,84,3,-10,46,-41,-66,6,-59,-33,37,6,-41,6,-19,-54,39,-30,-40,-34,-24,-11,-23,-13,72,-19,6,57,46,1,-10,-36,-31,63
532,-105,-230,-25,-15,-10,-5,-35,-5,50,0,-10,-120,0,15,-115,-45,-5,5,20,50,30,-40,75,80,-35,-125,70,165,45,115,-40,-20,-15,-90,45,-145,-95,-25,15,60,100,-45,-45,5,30,25,30,40,40,140,10,75,-90,-20,50,-50,35,70,-50,-25,10,-120,-155,-80,-20,5,60,84,3,-10,46,-41,-66,6,-59,-33,37,6,-41,6,-19,-54,39,-30,-40,-34,-24,-11,-23,-13,72,-19,6,57,46,1,-10,-36,-31,63,-2
533,-230,-25,-15,-10,-5,-35,-5,50,0,-10,-120,0,15,-115,-45,-5,5,20,50,30,-40,75,80,-35,-125,70,165,45,115,-40,-20,-15,-90,45,-145,-95,-25,15,60,100,-45,-45,5,30,25,30,40,40,140,10,75,-90,-20,50,-50,35,70,-50,-25,10,-120,-155,-80,-20,5,60,84,3,-10,46,-41,-66,6,-59,-33,37,6,-41,6,-19,-54,39,-30,-40,-34,-24,-11,-23,-13,72,-19,6,57,46,1,-10,-36,-31,63,-2,-13
534,-25,-15,-10,-5,-35,-5,50,0,-10,-120,0,15,-115,-45,-5,5,20,50,30,-40,75,80,-35,-125,70,165,45,115,-40,-20,-15,-90,45,-145,-95,-25,15,60,100,-45,-45,5,30,25,30,40,40,140,10,75,-90,-20,50,-50,35,70,-50,-25,10,-120,-155,-80,-20,5,60,84,3,-10,46,-41,-66,6,-59,-33,37,6,-41,6,-19,-54,39,-30,-40,-34,-24,-11,-23,-13,72,-19,6,57,46,1,-10,-36,-31,63,-2,-13,-47
535,-15,-10,-5,-35,-5,50,0,-10,-120,0,15,-115,-45,-5,5,20,50,30,-40,75,80,-35,-125,70,165,45,115,-40,-20,-15,-90,45,-145,-95,-25,15,60,100,-45,-45,5,30,25,30,40,40,140,10,75,-90,-20,50,-50,35,70,-50,-25,10,-120,-155,-80,-20,5,60,84,3,-10,46,-41,-66,6,-59,-33,37,6,-41,6,-19,-54,39,-30,-40,-34,-24,-11,-23,-13,72,-19,6,57,46,1,-10,-36,-31,63,-2,-13,-47,7
536,-10,-5,-35,-5,50,0,-10,-120,0,15,-115,-45,-5,5,20,50,30,-40,75,80,-35,-125,70,165,45,115,-40,-20,-15,-90,45,-145,-95,-25,15,60,100,-45,-45,5,30,25,30,40,40,140,10,75,-90,-20,50,-50,35,70,-50,-25,10,-120,-155,-80,-20,5,60,84,3,-10,46,-41,-66,6,-59,-33,37,6,-41,6,-19,-54,39,-30,-40,-34,-24,-11,-23,-13,72,-19,6,57,46,1,-10,-36,-31,63,-2,-13,-47,7,-8
537,-5,-35,-5,50,0,-10,-120,0,15,-115,-45,-5,5,20,50,30,-40,75,80,-35,-125,70,165,45,115,-40,-20,-15,-90,45,-145,-95,-25,15,60,100,-45,-45,5,30,25,30,40,40,140,10,75,-90,-20,50,-50,35,70,-50,-25,10,-120,-155,-80,-20,5,60,84,3,-10,46,-41,-66,6,-59,-33,37,6,-41,6,-19,-54,39,-30,-40,-34,-24,-11,-23,-13,72,-19,6,57,46,1,-10,-36,-31,63,-2,-13,-47,7,-8,-26
538,-35,-5,50,0,-10,-120,0,15,-115,-45,-5,5,20,50,30,-40,75,80,-35,-125,70,165,45,115,-40,-20,-15,-90,45,-145,-95,-25,15,60,100,-45,-45,5,30,25,30,40,40,140,10,75,-90,-20,50,-50,35,70,-50,-25,10,-120,-155,-80,-20,5,60,84,3,-10,46,-41,-66,6,-59,-33,37,6,-41,6,-19,-54,39,-30,-40,-34,-24,-11,-23,-13,72,-19,6,57,46,1,-10,-36,-31,63,-2,-13,-47,7,-8,-26,-29
539,-5,50,0,-10,-120,0,15,-115,-45,-5,5,20,50,30,-40,75,80,-35,-125,70,165,45,115,-40,-20,-15,-90,45,-145,-95,-25,15,60,100,-45,-45,5,30,25,30,40,40,140,10,75,-90,-20,50,-50,35,70,-50,-25,10,-120,-155,-80,-20,5,60,84,3,-10,46,-41,-66,6,-59,-33,37,6,-41,6,-19,-54,39,-30,-40,-34,-24,-11,-23,-13,72,-19,6,57,46,1,-10,-36,-31,63,-2,-13,-47,7,-8,-26,-29,-14
540,50,0,-10,-120,0,15,-115,-45,-5,5,20,50,30,-40,75,80,-35,-125,70,165,45,115,-40,-20,-15,-90,45,-145,-95,-25,15,60,100,-45,-45,5,30,25,30,40,40,140,10,75,-90,-20,50,-50,35,70,-50,-25,10,-120,-155,-80,-20,5,60,84,3,-10,46,-41,-66,6,-59,-33,37,6,-41,6,-19,-54,39,-30,-40,-34,-24,-11,-23,-13,72,-19,6,57,46,1,-10,-36,-31,63,-2,-13,-47,7,-8,-26,-29,-14,28
541,0,-10,-120,0,15,-115,-45,-5,5,20,50,30,-40,75,80,-35,-125,70,165,45,115,-40,-20,-15,-90,45,-145,-95,-25,15,60,100,-45,-45,5,30,25,30,40,40,140,10,75,-90,-20,50,-50,35,70,-50,-25,10,-120,-155,-80,-20,5,60,84,3,-10,46,-41,-66,6,-59,-33,37,6,-41,6,-19,-54,39,-30,-40,-34,-24,-11,-23,-13,72,-19,6,57,46,1,-10,-36,-31,63,-2,-13,-47,7,-8,-26,-29,-14,28,1
542,-10,-120,0,15,-115,-45,-5,5,20,50,30,-40,75,80,-35,-125,70,165,45,115,-40,-20,-15,-90,45,-145,-95,-25,15,60,100,-45,-45,5,30,25,30,40,40,140,10,75,-90,-20,50,-50,35,70,-50,-25,10,-120,-155,-80,-20,5,60,84,3,-10,46,-41,-66,6,-59,-33,37,6,-41,6,-19,-54,39,-30,-40,-34,-24,-11,-23,-13,72,-19,6,57,46,1,-10,-36,-31,63,-2,-13,-47,7,-8,-26,-29,-14,28,1,-16
543,-120,0,15,-115,-45,-5,5,20,50,30,-40,75,80,-35,-125,70,165,45,115,-40,-20,-15,-90,45,-145,-95,-25,15,60,100,-45,-45,5,30,25,30,40,40,140,10,75,-90,-20,50,-50,35,70,-50,-25,10,-120,-155,-80,-20,5,60,84,3,-10,46,-41,-66,6,-59,-33,37,6,-41,6,-19,-54,39,-30,-40,-34,-24,-11,-23,-13,72,-19,6,57,46,1,-10,-36,-31,63,-2,-13,-47,7,-8,-26,-29,-14,28,1,-16,-23
544,0,15,-115,-45,-5,5,20,50,30,-40,75,80,-35,-125,70,165,45,115,-40,-20,-15,-90,45,-145,-95,-25,15,60,100,-45,-45,5,30,25,30,40,40,140,10,75,-90,-20,50,-50,35,70,-50,-25,10,-120,-155,-80,-20,5,60,84,3,-10,46,-41,-66,6,-59,-33,37,6,-41,6,-19,-54,39,-30,-40,-34,-24,-11,-23,-13,72,-19,6,57,46,1,-10,-36,-31,63,-2,-13,-47,7,-8,-26,-29,-14,28,1,-16,-23,10
545,15,-115,-45,-5,5,20,50,30,-40,75,80,-35,-125,70,165,45,115,-40,-20,-15,-90,45,-145,-95,-25,15,60,100,-45,-45,5,30,25,30,40,40,140,10,75,-90,-20,50,-50,35,70,-50,-25,10,-120,-155,-80,-20,5,60,84,3,-10,46,-41,-66,6,-59,-33,37,6,-41,6,-19,-54,39,-30,-40,-34,-24,-11,-23,-13,72,-19,6,57,46,1,-10,-36,-31,63,-2,-13,-47,7,-8,-26,-29,-14,28,1,-16,-23,10,41
546,-115,-45,-5,5,20,50,30,-40,75,80,-35,-125,70,165,45,115,-40,-20,-15,-90,45,-145,-95,-25,15,60,100,-45,-45,5,30,25,30,40,40,140,10,75,-90,-20,50,-50,35,70,-50,-25,10,-120,-155,-80,-20,5,60,84,3,-10,46,-41,-66,6,-59,-33,37,6,-41,6,-19,-54,39,-30,-40,-34,-24,-11,-23,-13,72,-19,6,57,46,1,-10,-36,-31,63,-2,-13,-47,7,-8,-26,-29,-14,28,1,-16,-23,10,41,1
547,-45,-5,5,20,50,30,-40,75,80,-35,-125,70,165,45,115,-40,-20,-15,-90,45,-145,-95,-25,15,60,100,-45,-45,5,30,25,30,40,40,140,10,75,-90,-20,50,-50,35,70,-50,-25,10,-120,-155,-80,-20,5,60,84,3,-10,46,-41,-66,6,-59,-33,37,6,-41,6,-19,-54,39,-30,-40,-34,-24,-11,-23,-13,72,-19,6,57,46,1,-10,-36,-31,63,-2,-13,-47,7,-8,-26,-29,-14,28,1,-16,-23,10,41,1,-14
548,-5,5,20,50,30,-40,75,80,-35,-125,70,165,45,115,-40,-20,-15,-90,45,-145,-95,-25,15,60,100,-45,-45,5,30,25,30,40,40,140,10,75,-90,-20,50,-50,35,70,-50,-25,10,-120,-155,-80,-20,5,60,84,3,-10,46,-41,-66,6,-59,-33,37,6,-41,6,-19,-54,39,-30,-40,-34,-24,-11,-23,-13,72,-19,6,57,46,1,-10,-36,-31,63,-2,-13,-47,7,-8,-26,-29,-14,28,1,-16,-23,10,41,1,-14,8
549,5,20,50,30,-40,75,80,-35,-125,70,165,45,115,-40,-20,-15,-90,45,-145,-95,-25,15,60,100,-45,-45,5,30,25,30,40,40,140,10,75,-90,-20,50,-50,35,70,-50,-25,10,-120,-155,-80,-20,5,60,84,3,-10,46,-41,-66,6,-59,-33,37,6,-41,6,-19,-54,39,-30,-40,-34,-24,-11,-23,-13,72,-19,6,57,46,1,-10,-36,-31,63,-2,-13,-47,7,-8,-26,-29,-14,28,1,-16,-23,10,41,1,-14,8,48
550,20,50,30,-40,75,80,-35,-125,70,165,45,115,-40,-20,-15,-90,45,-145,-95,-25,15,60,100,-45,-45,5,30,25,30,40,40,140,10,75,-90,-20,50,-50,35,70,-50,-25,10,-120,-155,-80,-20,5,60,84,3,-10,46,-41,-66,6,-59,-33,37,6,-41,6,-19,-54,39,-30,-40,-34,-24,-11,-23,-13,72,-19,6,57,46,1,-10,-36,-31,63,-2,-13,-47,7,-8,-26,-29,-14,28,1,-16,-23,10,41,1,-14,8,48,37
551,50,30,-40,75,80,-35,-125,70,165,45,115,-40,-20,-15,-90,45,-145,-95,-25,15,60,100,-45,-45,5,30,25,30,40,40,140,10,75,-90,-20,50,-50,35,70,-50,-25,10,-120,-155,-80,-20,5,60,84,3,-10,46,-41,-66,6,-59,-33,37,6,-41,6,-19,-54,39,-30,-40,-34,-24,-11,-23,-13,72,-19,6,57,46,1,-10,-36,-31,63,-2,-13,-47,7,-8,-26,-29,-14,28,1,-16,-23,10,41,1,-14,8,48,37,-51
552,30,-40,75,80,-35,-125,70,165,45,115,-40,-20,-15,-90,45,-145,-95,-25,15,60,100,-45,-45,5,30,25,30,40,40,140,10,75,-90,-20,50,-50,35,70,-50,-25,10,-120,-155,-80,-20,5,60,84,3,-10,46,-41,-66,6,-59,-33,37,6,-41,6,-19,-54,39,-30,-40,-34,-24,-11,-23,-13,72,-19,6,57,46,1,-10,-36,-31,63,-2,-13,-47,7,-8,-26,-29,-14,28,1,-16,-23,10,41,1,-14,8,48,37,-51,-111
553,-40,75,80,-35,-125,70,165,45,115,-40,-20,-15,-90,45,-145,-95,-25,15,60,100,-45,-45,5,30,25,30,40,40,140,10,75,-90,-20,50,-50,35,70,-50,-25,10,-120,-155,-80,-20,5,60,84,3,-10,46,-41,-66,6,-59,-33,37,6,-41,6,-19,-54,39,-30,-40,-34,-24,-11,-23,-13,72,-19,6,57,46,1,-10,-36,-31,63,-2,-13,-47,7,-8,-26,-29,-14,28,1,-16,-23,10,41,1,-14,8,48,37,-51,-111,-15
554,75,80,-35,-125,70,165,45,115,-40,-20,-15,-90,45,-145,-95,-25,15,60,100,-45,-45,5,30,25,30,40,40,140,10,75,-90,-20,50,-50,35,70,-50,-25,10,-120,-155,-80,-20,5,60,84,3,-10,46,-41,-66,6,-59,-33,37,6,-41,6,-19,-54,39,-30,-40,-34,-24,-11,-23,-13,72,-19,6,57,46,1,-10,-36,-31,63,-2,-13,-47,7,-8,-26,-29,-14,28,1,-16,-23,10,41,1,-14,8,48,37,-51,-111,-15,14
555,80,-35,-125,70,165,45,115,-40,-20,-15,-90,45,-145,-95,-25,15,60,100,-45,-45,5,30,25,30,40,40,140,10,75,-90,-20,50,-50,35,70,-50,-25,10,-120,-155,-80,-20,5,60,84,3,-10,46,-41,-66,6,-59,-33,37,6,-41,6,-19,-54,39,-30,-40,-34,-24,-11,-23,-13,72,-19,6,57,46,1,-10,-36,-31,63,-2,-13,-47,7,-8,-26,-29,-14,28,1,-16,-23,10,41,1,-14,8,48,37,-51,-111,-15,14,11
556,-35,-125,70,165,45,115,-40,-20,-15,-90,45,-145,-95,-25,15,60,100,-45,-45,5,30,25,30,40,40,140,10,75,-90,-20,50,-50,35,70,-50,-25,10,-120,-155,-80,-20,5,60,84,3,-10,46,-41,-66,6,-59,-33,37,6,-41,6,-19,-54,39,-30,-40,-34,-24,-11,-23,-13,72,-19,6,57,46,1,-10,-36,-31,63,-2,-13,-47,7,-8,-26,-29,-14,28,1,-16,-23,10,41,1,-14,8,48,37,-51,-111,-15,14,11,34
557,-125,70,165,45,115,-40,-20,-15,-90,45,-145,-95,-25,15,60,100,-45,-45,5,30,25,30,40,40,140,10,75,-90,-20,50,-50,35,70,-50,-25,10,-120,-155,-80,-20,5,60,84,3,-10,46,-41,-66,6,-59,-33,37,6,-41,6,-19,-54,39,-30,-40,-34,-24,-11,-23,-13,72,-19,6,57,46,1,-10,-36,-31,63,-2,-13,-47,7,-8,-26,-29,-14,28,1,-16,-23,10,41,1,-14,8,48,37,-51,-111,-15,14,11,34,36
558,70,165,45,115,-40,-20,-15,-90,45,-145,-95,-25,15,60,100,-45,-45,5,30,25,30,40,40,140,10,75,-90,-20,50,-50,35,70,-50,-25,10,-120,-155,-80,-20,5,60,84,3,-10,46,-41,-66,6,-59,-33,37,6,-41,6,-19,-54,39,-30,-40,-34,-24,-11,-23,-13,72,-19,6,57,46,1,-10,-36,-31,63,-2,-13,-47,7,-8,-26,-29,-14,28,1,-16,-23,10,41,1,-14,8,48,37,-51,-111,-15,14,11,34,36,2
559,165,45,115,-40,-20,-15,-90,45,-145,-95,-25,15,60,100,-45,-45,5,30,25,30,40,40,140,10,75,-90,-20,50,-50,35,70,-50,-25,10,-120,-155,-80,-20,5,60,84,3,-10,46,-41,-66,6,-59,-33,37,6,-41,6,-19,-54,39,-30,-40,-34,-24,-11,-23,-13,72,-19,6,57,46,1,-10,-36,-31,63,-2,-13,-47,7,-8,-26,-29,-14,28,1,-16,-23,10,41,1,-14,8,48,37,-51,-111,-15,14,11,34,36,2,-8
560,45,115,-40,-20,-15,-90,45,-145,-95,-25,15,60,100,-45,-45,5,30,25,30,40,40,140,10,75,-90,-20,50,-50,35,70,-50,-25,10,-120,-155,-80,-20,5,60,84,3,-10,46,-41,-66,6,-59,-33,37,6,-41,6,-19,-54,39,-30,-40,-34,-24,-11,-23,-13,72,-19,6,57,46,1,-10,-36,-31,63,-2,-13,-47,7,-8,-26,-29,-14,28,1,-16,-23,10,41,1,-14,8,48,37,-51,-111,-15,14,11,34,36,2,-8,-2
561,115,-40,-20,-15,-90,45,-145,-95,-25,15,60,100,-45,-45,5,30,25,30,40,40,140,10,75,-90,-20,50,-50,35,70,-50,-25,10,-120,-155,-80,-20,5,60,84,3,-10,46,-41,-66,6,-59,-33,37,6,-41,6,-19,-54,39,-30,-40,-34,-24,-11,-23,-13,72,-19,6,57,46,1,-10,-36,-31,63,-2,-13,-47,7,-8,-26,-29,-14,28,1,-16,-23,10,41,1,-14,8,48,37,-51,-111,-15,14,11,34,36,2,-8,-2,17
562,-40,-20,-15,-90,45,-145,-95,-25,15,60,100,-45,-45,5,30,25,30,40,40,140,10,75,-90,-20,50,-50,35,70,-50,-25,10,-120,-155,-80,-20,5,60,84,3,-10,46,-41,-66,6,-59,-33,37,6,-41,6,-19,-54,39,-30,-40,-34,-24,-11,-23,-13,72,-19,6,57,46,1,-10,-36,-31,63,-2,-13,-47,7,-8,-26,-29,-14,28,1,-16,-23,10,41,1,-14,8,48,37,-51,-111,-15,14,11,34,36,2,-8,-2,17,72
563,-20,-15,-90,45,-145,-95,-25,15,60,100,-45,-45,5,30,25,30,40,40,140,10,75,-90,-20,50,-50,35,70,-50,-25,10,-120,-155,-80,-20,5,60,84,3,-10,46,-41,-66,6,-59,-33,37,6,-41,6,-19,-54,39,-30,-40,-34,-24,-11,-23,-13,72,-19,6,57,46,1,-10,-36,-31,63,-2,-13,-47,7,-8,-26,-29,-14,28,1,-16,-23,10,41,1,-14,8,48,37,-51,-111,-15,14,11,34,36,2,-8,-2,17,72,-35
564,-15,-90,45,-145,-95,-25,15,60,100,-45,-45,5,30,25,30,40,40,140,10,75,-90,-20,50,-50,35,70,-50,-25,10,-120,-155,-80,-20,5,60,84,3,-10,46,-41,-66,6,-59,-33,37,6,-41,6,-19,-54,39,-30,-40,-34,-24,-11,-23,-13,72,-19,6,57,46,1,-10,-36,-31,63,-2,-13,-47,7,-8,-26,-29,-14,28,1,-16,-23,10,41,1,-14,8,48,37,-51,-111,-15,14,11,34,36,2,-8,-2,17,72,-35,-4
565,-90,45,-145,-95,-25,15,60,100,-45,-45,5,30,25,30,40,40,140,10,75,-90,-20,50,-50,35,70,-50,-25,10,-120,-155,-80,-20,5,60,84,3,-10,46,-41,-66,6,-59,-33,37,6,-41,6,-19,-54,39,-30,-40,-34,-24,-11,-23,-13,72,-19,6,57,46,1,-10,-36,-31,63,-2,-13,-47,7,-8,-26,-29,-14,28,1,-16,-23,10,41,1,-14,8,48,37,-51,-111,-15,14,11,34,36,2,-8,-2,17,72,-35,-4,47
566,45,-145,-95,-25,15,60,100,-45,-45,5,30,25,30,40,40,140,10,75,-90,-20,50,-50,35,70,-50,-25,10,-120,-155,-80,-20,5,60,84,3,-10,46,-41,-66,6,-59,-33,37,6,-41,6,-19,-54,39,-30,-40,-34,-24,-11,-23,-13,72,-19,6,57,46,1,-10,-36,-31,63,-2,-13,-47,7,-8,-26,-29,-14,28,1,-16,-23,10,41,1,-14,8,48,37,-51,-111,-15,14,11,34,36,2,-8,-2,17,72,-35,-4,47,207
567,-145,-95,-25,15,60,100,-45,-45,5,30,25,30,40,40,140,10,75,-90,-20,50,-50,35,70,-50,-25,10,-120,-155,-80,-20,5,60,84,3,-10,46,-41,-66,6,-59,-33,37,6,-41,6,-19,-54,39,-30,-40,-34,-24,-11,-23,-13,72,-19,6,57,46,1,-10,-36,-31,63,-2,-13,-47,7,-8,-26,-29,-14,28,1,-16,-23,10,41,1,-14,8,48,37,-51,-111,-15,14,11,34,36,2,-8,-2,17,72,-35,-4,47,207,51
568,-95,-25,15,60,100,-45,-45,5,30,25,30,40,40,140,10,75,-90,-20,50,-50,35,70,-50,-25,10,-120,-155,-80,-20,5,60,84,3,-10,46,-41,-66,6,-59,-33,37,6,-41,6,-19,-54,39,-30,-40,-34,-24,-11,-23,-13,72,-19,6,57,46,1,-10,-36,-31,63,-2,-13,-47,7,-8,-26,-29,-14,28,1,-16,-23,10,41,1,-14,8,48,37,-51,-111,-15,14,11,34,36,2,-8,-2,17,72,-35,-4,47,207,51,-20
569,-25,15,60,100,-45,-45,5,30,25,30,40,40,140,10,75,-90,-20,50,-50,35,70,-50,-25,10,-120,-155,-80,-20,5,60,84,3,-10,46,-41,-66,6,-59,-33,37,6,-41,6,-19,-54,39,-30,-40,-34,-24,-11,-23,-13,72,-19,6,57,46,1,-10,-36,-31,63,-2,-13,-47,7,-8,-26,-29,-14,28,1,-16,-23,10,41,1,-14,8,48,37,-51,-111,-15,14,11,34,36,2,-8,-2,17,72,-35,-4,47,207,51,-20,-81
570,15,60,100,-45,-45,5,30,25,30,40,40,140,10,75,-90,-20,50,-50,35,70,-50,-25,10,-120,-155,-80,-20,5,60,84,3,-10,46,-41,-66,6,-59,-33,37,6,-41,6,-19,-54,39,-30,-40,-34,-24,-11,-23,-13,72,-19,6,57,46,1,-10,-36,-31,63,-2,-13,-47,7,-8,-26,-29,-14,28,1,-16,-23,10,41,1,-14,8,48,37,-51,-111,-15,14,11,34,36,2,-8,-2,17,72,-35,-4,47,207,51,-20,-81,-49
571,60,100,-45,-45,5,30,25,30,40,40,140,10,75,-90,-20,50,-50,35,70,-50,-25,10,-120,-155,-80,-20,5,60,84,3,-10,46,-41,-66,6,-59,-33,37,6,-41,6,-19,-54,39,-30,-40,-34,-24,-11,-23,-13,72,-19,6,57,46,1,-10,-36,-31,63,-2,-13,-47,7,-8,-26,-29,-14,28,1,-16,-23,10,41,1,-14,8,48,37,-51,-111,-15,14,11,34,36,2,-8,-2,17,72,-35,-4,47,207,51,-20,-81,-49,42
572,100,-45,-45,5,30,25,30,40,40,140,10,75,-90,-20,50,-50,35,70,-50,-25,10,-120,-155,-80,-20,5,60,84,3,-10,46,-41,-66,6,-59,-33,37,6,-41,6,-19,-54,39,-30,-40,-34,-24,-11,-23,-13,72,-19,6,57,46,1,-10,-36,-31,63,-2,-13,-47,7,-8,-26,-29,-14,28,1,-16,-23,10,41,1,-14,8,48,37,-51,-111,-15,14,11,34,36,2,-8,-2,17,72,-35,-4,47,207,51,-20,-81,-49,42,-10
573,-45,-45,5,30,25,30,40,40,140,10,75,-90,-20,50,-50,35,70,-50,-25,10,-120,-155,-80,-20,5,60,84,3,-10,46,-41,-66,6,-59,-33,37,6,-41,6,-19,-54,39,-30,-40,-34,-24,-11,-23,-13,72,-19,6,57,46,1,-10,-36,-31,63,-2,-13,-47,7,-8,-26,-29,-14,28,1,-16,-23,10,41,1,-14,8,48,37,-51,-111,-15,14,11,34,36,2,-8,-2,17,72,-35,-4,47,207,51,-20,-81,-49,42,-10,-142
574,-45,5,30,25,30,40,40,140,10,75,-90,-20,50,-50,35,70,-50,-25,10,-120,-155,-80,-20,5,60,84,3,-10,46,-41,-66,6,-59,-33,37,6,-41,6,-19,-54,39,-30,-40,-34,-24,-11,-23,-13,72,-19,6,57,46,1,-10,-36,-31,63,-2,-13,-47,7,-8,-26,-29,-14,28,1,-16,-23,10,41,1,-14,8,48,37,-51,-111,-15,14,11,34,36,2,-8,-2,17,72,-35,-4,47,207,51,-20,-81,-49,42,-10,-142,-42
575,5,30,25,30,40,40,140,10,75,-90,-20,50,-50,35,70,-50,-25,10,-120,-155,-80,-20,5,60,84,3,-10,46,-41,-66,6,-59,-33,37,6,-41,6,-19,-54,39,-30,-40,-34,-24,-11,-23,-13,72,-19,6,57,46,1,-10,-36,-31,63,-2,-13,-47,7,-8,-26,-29,-14,28,1,-16,-23,10,41,1,-14,8,48,37,-51,-111,-15,14,11,34,36,2,-8,-2,17,72,-35,-4,47,207,51,-20,-81,-49,42,-10,-142,-42,-19
576,30,25,30,40,40,140,10,75,-90,-20,50,-50,35,70,-50,-25,10,-120,-155,-80,-20,5,60,84,3,-10,46,-41,-66,6,-59,-33,37,6,-41,6,-19,-54,39,-30,-40,-34,-24,-11,-23,-13,72,-19,6,57,46,1,-10,-36,-31,63,-2,-13,-47,7,-8,-26,-29,-14,28,1,-16,-23,10,41,1,-14,8,48,37,-51,-111,-15,14,11,34,36,2,-8,-2,17,72,-35,-4,47,207,51,-20,-81,-49,42,-10,-142,-42,-19,4
577,25,30,40,40,140,10,75,-90,-20,50,-50,35,70,-50,-25,10,-120,-155,-80,-20,5,60,84,3,-10,46,-41,-66,6,-59,-33,37,6,-41,6,-19,-54,39,-30,-40,-34,-24,-11,-23,-13,72,-19,6,57,46,1,-10,-36,-31,63,-2,-13,-47,7,-8,-26,-29,-14,28,1,-16,-23,10,41,1,-14,8,48,37,-51,-111,-15,14,11,34,36,2,-8,-2,17,72,-35,-4,47,207,51,-20,-81,-49,42,-10,-142,-42,-19,4,-35
578,30,40,40,140,10,75,-90,-20,50,-50,35,70,-50,-25,10,-120,-155,-80,-20,5,60,84,3,-10,46,-41,-66,6,-59,-33,37,6,-41,6,-19,-54,39,-30,-40,-34,-24,-11,-23,-13,72,-19,6,57,46,1,-10,-36,-31,63,-2,-13,-47,7,-8,-26,-29,-14,28,1,-16,-23,10,41,1,-14,8,48,37,-51,-111,-15,14,11,34,36,2,-8,-2,17,72,-35,-4,47,207,51,-20,-81,-49,42,-10,-142,-42,-19,4,-35,13
579,40,40,140,10,75,-90,-20,50,-50,35,70,-50,-25,10,-120,-155,-80,-20,5,60,84,3,-10,46,-41,-66,6,-59,-33,37,6,-41,6,-19,-54,39,-30,-40,-34,-24,-11,-23,-13,72,-19,6,57,46,1,-10,-36,-31,63,-2,-13,-47,7,-8,-26,-29,-14,28,1,-16,-23,10,41,1,-14,8,48,37,-51,-111,-15,14,11,34,36,2,-8,-2,17,72,-35,-4,47,207,51,-20,-81,-49,42,-10,-142,-42,-19,4,-35,13,15
580,40,140,10,75,-90,-20,50,-50,35,70,-50,-25,10,-120,-155,-80,-20,5,60,84,3,-10,46,-41,-66,6,-59,-33,37,6,-41,6,-19,-54,39,-30,-40,-34,-24,-11,-23,-13,72,-19,6,57,46,1,-10,-36,-31,63,-2,-13,-47,7,-8,-26,-29,-14,28,1,-16,-23,10,41,1,-14,8,48,37,-51,-111,-15,14,11,34,36,2,-8,-2,17,72,-35,-4,47,207,51,-20,-81,-49,42,-10,-142,-42,-19,4,-35,13,15,-2
581,140,10,75,-90,-20,50,-50,35,70,-50,-25,10,-120,-155,-80,-20,5,60,84,3,-10,46,-41,-66,6,-59,-33,37,6,-41,6,-19,-54,39,-30,-40,-34,-24,-11,-23,-13,72,-19,6,57,46,1,-10,-36,-31,63,-2,-13,-47,7,-8,-26,-29,-14,28,1,-16,-23,10,41,1,-14,8,48,37,-51,-111,-15,14,11,34,36,2,-8,-2,17,72,-35,-4,47,207,51,-20,-81,-49,42,-10,-142,-42,-19,4,-35,13,15,-2,-21
582,10,75,-90,-20,50,-50,35,70,-50,-25,10,-120,-155,-80,-20,5,60,84,3,-10,46,-41,-66,6,-59,-33,37,6,-41,6,-19,-54,39,-30,-40,-34,-24,-11,-23,-13,72,-19,6,57,46,1,-10,-36,-31,63,-2,-13,-47,7,-8,-26,-29,-14,28,1,-16,-23,10,41,1,-14,8,48,37,-51,-111,-15,14,11,34,36,2,-8,-2,17,72,-35,-4,47,207,51,-20,-81,-49,42,-10,-142,-42,-19,4,-35,13,15,-2,-21,-12
583,75,-90,-20,50,-50,35,70,-50,-25,10,-120,-155,-80,-20,5,60,84,3,-10,46,-41,-66,6,-59,-33,37,6,-41,6,-19,-54,39,-30,-40,-34,-24,-11,-23,-13,72,-19,6,57,46,1,-10,-36,-31,63,-2,-13,-47,7,-8,-26,-29,-14,28,1,-16,-23,10,41,1,-14,8,48,37,-51,-111,-15,14,11,34,36,2,-8,-2,17,72,-35,-4,47,207,51,-20,-81,-49,42,-10,-142,-42,-19,4,-35,13,15,-2,-21,-12,-7
584,-90,-20,50,-50,35,70,-50,-25,10,-120,-155,-80,-20,5,60,84,3,-10,46,-41,-66,6,-59,-33,37,6,-41,6,-19,-54,39,-30,-40,-34,-24,-11,-23,-13,72,-19,6,57,46,1,-10,-36,-31,63,-2,-13,-47,7,-8,-26,-29,-14,28,1,-16,-23,10,41,1,-14,8,48,37,-51,-111,-15,14,11,34,36,2,-8,-2,17,72,-35,-4,47,207,51,-20,-81,-49,42,-10,-142,-42,-19,4,-35,13,15,-2,-21,-12,-7,36
585,-20,50,-50,35,70,-50,-25,10,-120,-155,-80,-20,5,60,84,3,-10,46,-41,-66,6,-59,-33,37,6,-41,6,-19,-54,39,-30,-40,-34,-24,-11,-23,-13,72,-19,6,57,46,1,-10,-36,-31,63,-2,-13,-47,7,-8,-26,-29,-14,28,1,-16,-23,10,41,1,-14,8,48,37,-51,-111,-15,14,11,34,36,2,-8,-2,17,72,-35,-4,47,207,51,-20,-81,-49,42,-10,-142,-42,-19,4,-35,13,15,-2,-21,-12,-7,36,57
586,50,-50,35,70,-50,-25,10,-120,-155,-80,-20,5,60,84,3,-10,46,-41,-66,6,-59,-33,37,6,-41,6,-19,-54,39,-30,-40,-34,-24,-11,-23,-13,72,-19,6,57,46,1,-10,-36,-31,63,-2,-13,-47,7,-8,-26,-29,-14,28,1,-16,-23,10,41,1,-14,8,48,37,-51,-111,-15,14,11,34,36,2,-8,-2,17,72,-35,-4,47,207,51,-20,-81,-49,42,-10,-142,-42,-19,4,-35,13,15,-2,-21,-12,-7,36,57,92
587,-50,35,70,-50,-25,10,-120,-155,-80,-20,5,60,84,3,-10,46,-41,-66,6,-59,-33,37,6,-41,6,-19,-54,39,-30,-40,-34,-24,-11,-23,-13,72,-19,6,57,46,1,-10,-36,-31,63,-2,-13,-47,7,-8,-26,-29,-14,28,1,-16,-23,10,41,1,-14,8,48,37,-51,-111,-15,14,11,34,36,2,-8,-2,17,72,-35,-4,47,207,51,-20,-81,-49,42,-10,-142,-42,-19,4,-35,13,15,-2,-21,-12,-7,36,57,92,-67
588,35,70,-50,-25,10,-120,-155,-80,-20,5,60,84,3,-10,46,-41,-66,6,-59,-33,37,6,-41,6,-19,-54,39,-30,-40,-34,-24,-11,-23,-13,72,-19,6,57,46,1,-10,-36,-31,63,-2,-13,-47,7,-8,-26,-29,-14,28,1,-16,-23,10,41,1,-14,8,48,37,-51,-111,-15,14,11,34,36,2,-8,-2,17,72,-35,-4,47,207,51,-20,-81,-49,42,-10,-142,-42,-19,4,-35,13,15,-2,-21,-12,-7,36,57,92,-67,8
589,70,-50,-25,10,-120,-155,-80,-20,5,60,84,3,-10,46,-41,-66,6,-59,-33,37,6,-41,6,-19,-54,39,-30,-40,-34,-24,-11,-23,-13,72,-19,6,57,46,1,-10,-36,-31,63,-2,-13,-47,7,-8,-26,-29,-14,28,1,-16,-23,10,41,1,-14,8,48,37,-51,-111,-15,14,11,34,36,2,-8,-2,17,72,-35,-4,47,207,51,-20,-81,-49,42,-10,-142,-42,-19,4,-35,13,15,-2,-21,-12,-7,36,57,92,-67,8,101
590,-50,-25,10,-120,-155,-80,-20,5,60,84,3,-10,46,-41,-66,6,-59,-33,37,6,-41,6,-19,-54,39,-30,-40,-34,-24,-11,-23,-13,72,-19,6,57,46,1,-10,-36,-31,63,-2,-13,-47,7,-8,-26,-29,-14,28,1,-16,-23,10,41,1,-14,8,48,37,-51,-111,-15,14,11,34,36,2,-8,-2,17,72,-35,-4,47,207,51,-20,-81,-49,42,-10,-142,-42,-19,4,-35,13,15,-2,-21,-12,-7,36,57,92,-67,8,101,9
591,-25,10,-120,-155,-80,-20,5,60,84,3,-10,46,-41,-66,6,-59,-33,37,6,-41,6,-19,-54,39,-30,-40,-34,-24,-11,-23,-13,72,-19,6,57,46,1,-10,-36,-31,63,-2,-13,-47,7,-8,-26,-29,-14,28,1,-16,-23,10,41,1,-14,8,48,37,-51,-111,-15,14,11,34,36,2,-8,-2,17,72,-35,-4,47,207,51,-20,-81,-49,42,-10,-142,-42,-19,4,-35,13,15,-2,-21,-12,-7,36,57,92,-67,8,101,9,8
592,10,-120,-155,-80,-20,5,60,84,3,-10,46,-41,-66,6,-59,-33,37,6,-41,6,-19,-54,39,-30,-40,-34,-24,-11,-23,-13,72,-19,6,57,46,1,-10,-36,-31,63,-2,-13,-47,7,-8,-26,-29,-14,28,1,-16,-23,10,41,1,-14,8,48,37,-51,-111,-15,14,11,34,36,2,-8,-2,17,72,-35,-4,47,207,51,-20,-81,-49,42,-10,-142,-42,-19,4,-35,13,15,-2,-21,-12,-7,36,57,92,-67,8,101,9,8,-65
593,-120,-155,-80,-20,5,60,84,3,-10,46,-41,-66,6,-59,-33,37,6,-41,6,-19,-54,39,-30,-40,-34,-24,-11,-23,-13,72,-19,6,57,46,1,-10,-36,-31,63,-2,-13,-47,7,-8,-26,-29,-14,28,1,-16,-23,10,41,1,-14,8,48,37,-51,-111,-15,14,11,34,36,2,-8,-2,17,72,-35,-4,47,207,51,-20,-81,-49,42,-10,-142,-42,-19,4,-35,13,15,-2,-21,-12,-7,36,57,92,-67,8,101,9,8,-65,-27
594,-155,-80,-20,5,60,84,3,-10,46,-41,-66,6,-59,-33,37,6,-41,6,-19,-54,39,-30,-40,-34,-24,-11,-23,-13,72,-19,6,57,46,1,-10,-36,-31,63,-2,-13,-47,7,-8,-26,-29,-14,28,1,-16,-23,10,41,1,-14,8,48,37,-51,-111,-15,14,11,34,36,2,-8,-2,17,72,-35,-4,47,207,51,-20,-81,-49,42,-10,-142,-42,-19,4,-35,13,15,-2,-21,-12,-7,36,57,92,-67,8,101,9,8,-65,-27,-8
595,-80,-20,5,60,84,3,-10,46,-41,-66,6,-59,-33,37,6,-41,6,-19,-54,39,-30,-40,-34,-24,-11,-23,-13,72,-19,6,57,46,1,-10,-36,-31,63,-2,-13,-47,7,-8,-26,-29,-14,28,1,-16,-23,10,41,1,-14,8,48,37,-51,-111,-15,14,11,34,36,2,-8,-2,17,72,-35,-4,47,207,51,-20,-81,-49,42,-10,-142,-42,-19,4,-35,13,15,-2,-21,-12,-7,36,57,92,-67,8,101,9,8,-65,-27,-8,46
596,-20,5,60,84,3,-10,46,-41,-66,6,-59,-33,37,6,-41,6,-19,-54,39,-30,-40,-34,-24,-11,-23,-13,72,-19,6,57,46,1,-10,-36,-31,63,-2,-13,-47,7,-8,-26,-29,-14,28,1,-16,-23,10,41,1,-14,8,48,37,-51,-111,-15,14,11,34,36,2,-8,-2,17,72,-35,-4,47,207,51,-20,-81,-49,42,-10,-142,-42,-19,4,-35,13,15,-2,-21,-12,-7,36,57,92,-67,8,101,9,8,-65,-27,-8,46,48
597,5,60,84,3,-10,46,-41,-66,6,-59,-33,37,6,-41,6,-19,-54,39,-30,-40,-34,-24,-11,-23,-13,72,-19,6,57,46,1,-10,-36,-31,63,-2,-13,-47,7,-8,-26,-29,-14,28,1,-16,-23,10,41,1,-14,8,48,37,-51,-111,-15,14,11,34,36,2,-8,-2,17,72,-35,-4,47,207,51,-20,-81,-49,42,-10,-142,-42,-19,4,-35,13,15,-2,-21,-12,-7,36,57,92,-67,8,101,9,8,-65,-27,-8,46,48,83
598,60,84,3,-10,46,-41,-66,6,-59,-33,37,6,-41,6,-19,-54,39,-30,-40,-34,-24,-11,-23,-13,72,-19,6,57,46,1,-10,-36,-31,63,-2,-13,-47,7,-8,-26,-29,-14,28,1,-16,-23,10,41,1,-14,8,48,37,-51,-111,-15,14,11,34,36,2,-8,-2,17,72,-35,-4,47,207,51,-20,-81,-49,42,-10,-142,-42,-19,4,-35,13,15,-2,-21,-12,-7,36,57,92,-67,8,101,9,8,-65,-27,-8,46,48,83,-33
599,84,3,-10,46,-41,-66,6,-59,-33,37,6,-41,6,-19,-54,39,-30,-40,-34,-24,-11,-23,-13,72,-19,6,57,46,1,-10,-36,-31,63,-2,-13,-47,7,-8,-26,-29,-14,28,1,-16,-23,10,41,1,-14,8,48,37,-51,-111,-15,14,11,34,36,2,-8,-2,17,72,-35,-4,47,207,51,-20,-81,-49,42,-10,-142,-42,-19,4,-35,13,15,-2,-21,-12,-7,36,57,92,-67,8,101,9,8,-65,-27,-8,46,48,83,-33,-75
600,3,-10,46,-41,-66,6,-59,-33,37,6,-41,6,-19,-54,39,-30,-40,-34,-24,-11,-23,-13,72,-19,6,57,46,1,-10,-36,-31,63,-2,-13,-47,7,-8,-26,-29,-14,28,1,-16,-23,10,41,1,-14,8,48,37,-51,-111,-15,14,11,34,36,2,-8,-2,17,72,-35,-4,47,207,51,-20,-81,-49,42,-10,-142,-42,-19,4,-35,13,15,-2,-21,-12,-7,36,57,92,-67,8,101,9,8,-65,-27,-8,46,48,83,-33,-75,-73
601,-10,46,-41,-66,6,-59,-33,37,6,-41,6,-19,-54,39,-30,-40,-34,-24,-11,-23,-13,72,-19,6,57,46,1,-10,-36,-31,63,-2,-13,-47,7,-8,-26,-29,-14,28,1,-16,-23,10,41,1,-14,8,48,37,-51,-111,-15,14,11,34,36,2,-8,-2,17,72,-35,-4,47,207,51,-20,-81,-49,42,-10,-142,-42,-19,4,-35,13,15,-2,-21,-12,-7,36,57,92,-67,8,101,9,8,-65,-27,-8,46,48,83,-33,-75,-73,85
602,46,-41,-66,6,-59,-33,37,6,-41,6,-19,-54,39,-30,-40,-34,-24,-11,-23,-13,72,-19,6,57,46,1,-10,-36,-31,63,-2,-13,-47,7,-8,-26,-29,-14,28,1,-16,-23,10,41,1,-14,8,48,37,-51,-111,-15,14,11,34,36,2,-8,-2,17,72,-35,-4,47,207,51,-20,-81,-49,42,-10,-142,-42,-19,4,-35,13,15,-2,-21,-12,-7,36,57,92,-67,8,101,9,8,-65,-27,-8,46,48,83,-33,-75,-73,85,-24
603,-41,-66,6,-59,-33,37,6,-41,6,-19,-54,39,-30,-40,-34,-24,-11,-23,-13,72,-19,6,57,46,1,-10,-36,-31,63,-2,-13,-47,7,-8,-26,-29,-14,28,1,-16,-23,10,41,1,-14,8,48,37,-51,-111,-15,14,11,34,36,2,-8,-2,17,72,-35,-4,47,207,51,-20,-81,-49,42,-10,-142,-42,-19,4,-35,13,15,-2,-21,-12,-7,36,57,92,-67,8,101,9,8,-65,-27,-8,46,48,83,-33,-75,-73,85,-24,-1
604,-66,6,-59,-33,37,6,-41,6,-19,-54,39,-30,-40,-34,-24,-11,-23,-13,72,-19,6,57,46,1,-10,-36,-31,63,-2,-13,-47,7,-8,-26,-29,-14,28,1,-16,-23,10,41,1,-14,8,48,37,-51,-111,-15,14,11,34,36,2,-8,-2,17,72,-35,-4,47,207,51,-20,-81,-49,42,-10,-142,-42,-19,4,-35,13,15,-2,-21,-12,-7,36,57,92,-67,8,101,9,8,-65,-27,-8,46,48,83,-33,-75,-73,85,-24,-1,-16
605,6,-59,-33,37,6,-41,6,-19,-54,39,-30,-40,-34,-24,-11,-23,-13,72,-19,6,57,46,1,-10,-36,-31,63,-2,-13,-47,7,-8,-26,-29,-14,28,1,-16,-23,10,41,1,-14,8,48,37,-51,-111,-15,14,11,34,36,2,-8,-2,17,72,-35,-4,47,207,51,-20,-81,-49,42,-10,-142,-42,-19,4,-35,13,15,-2,-21,-12,-7,36,57,92,-67,8,101,9,8,-65,-27,-8,46,48,83,-33,-75,-73,85,-24,-1,-16,-30
606,-59,-33,37,6,-41,6,-19,-54,39,-30,-40,-34,-24,-11,-23,-13,72,-19,6,57,46,1,-10,-36,-31,63,-2,-13,-47,7,-8,-26,-29,-14,28,1,-16,-23,10,41,1,-14,8,48,37,-51,-111,-15,14,11,34,36,2,-8,-2,17,72,-35,-4,47,207,51,-20,-81,-49,42,-10,-142,-42,-19,4,-35,13,15,-2,-21,-12,-7,36,57,92,-67,8,101,9,8,-65,-27,-8,46,48,83,-33,-75,-73,85,-24,-1,-16,-30,-38
607,-33,37,6,-41,6,-19,-54,39,-30,-40,-34,-24,-11,-23,-13,72,-19,6,57,46,1,-10,-36,-31,63,-2,-13,-47,7,-8,-26,-29,-14,28,1,-16,-23,10,41,1,-14,8,48,37,-51,-111,-15,14,11,34,36,2,-8,-2,17,72,-35,-4,47,207,51,-20,-81,-49,42,-10,-142,-42,-19,4,-35,13,15,-2,-21,-12,-7,36,57,92,-67,8,101,9,8,-65,-27,-8,46,48,83,-33,-75,-73,85,-24,-1,-16,-30,-38,12
608,37,6,-41,6,-19,-54,39,-30,-40,-34,-24,-11,-23,-13,72,-19,6,57,46,1,-10,-36,-31,63,-2,-13,-47,7,-8,-26,-29,-14,28,1,-16,-23,10,41,1,-14,8,48,37,-51,-111,-15,14,11,34,36,2,-8,-2,17,72,-35,-4,47,207,51,-20,-81,-49,42,-10,-142,-42,-19,4,-35,13,15,-2,-21,-12,-7,36,57,92,-67,8,101,9,8,-65,-27,-8,46,48,83,-33,-75,-73,85,-24,-1,-16,-30,-38,12,-42
609,6,-41,6,-19,-54,39,-30,-40,-34,-24,-11,-23,-13,72,-19,6,57,46,1,-10,-36,-31,63,-2,-13,-47,7,-8,-26,-29,-14,28,1,-16,-23,10,41,1,-14,8,48,37,-51,-111,-15,14,11,34,36,2,-8,-2,17,72,-35,-4,47,207,51,-20,-81,-49,42,-10,-142,-42,-19,4,-35,13,15,-2,-21,-12,-7,36,57,92,-67,8,101,9,8,-65,-27,-8,46,48,83,-33,-75,-73,85,-24,-1,-16,-30,-38,12,-42,-31
610,-41,6,-19,-54,39,-30,-40,-34,-24,-11,-23,-13,72,-19,6,57,46,1,-10,-36,-31,63,-2,-13,-47,7,-8,-26,-29,-14,28,1,-16,-23,10,41,1,-14,8,48,37,-51,-111,-15,14,11,34,36,2,-8,-2,17,72,-35,-4,47,207,51,-20,-81,-49,42,-10,-142,-42,-19,4,-35,13,15,-2,-21,-12,-7,36,57,92,-67,8,101,9,8,-65,-27,-8,46,48,83,-33,-75,-73,85,-24,-1,-16,-30,-38,12,-42,-31,21
611,6,-19,-54,39,-30,-40,-34,-24,-11,-23,-13,72,-19,6,57,46,1,-10,-36,-31,63,-2,-13,-47,7,-8,-26,-29,-14,28,1,-16,-23,10,41,1,-14,8,48,37,-51,-111,-15,14,11,34,36,2,-8,-2,17,72,-35,-4,47,207,51,-20,-81,-49,42,-10,-142,-42,-19,4,-35,13,15,-2,-21,-12,-7,36,57,92,-67,8,101,9,8,-65,-27,-8,46,48,83,-33,-75,-73,85,-24,-1,-16,-30,-38,12,-42,-31,21,-25
612,-19,-54,39,-30,-40,-34,-24,-11,-23,-13,72,-19,6,57,46,1,-10,-36,-31,63,-2,-13,-47,7,-8,-26,-29,-14,28,1,-16,-23,10,41,1,-14,8,48,37,-51,-111,-15,14,11,34,36,2,-8,-2,17,72,-35,-4,47,207,51,-20,-81,-49,42,-10,-142,-42,-19,4,-35,13,15,-2,-21,-12,-7,36,57,92,-67,8,101,9,8,-65,-27,-8,46,48,83,-33,-75,-73,85,-24,-1,-16,-30,-38,12,-42,-31,21,-25,-29
613,-54,39,-30,-40,-34,-24,-11,-23,-13,72,-19,6,57,46,1,-10,-36,-31,63,-2,-13,-47,7,-8,-26,-29,-14,28,1,-16,-23,10,41,1,-14,8,48,37,-51,-111,-15,14,11,34,36,2,-8,-2,17,72,-35,-4,47,207,51,-20,-81,-49,42,-10,-142,-42,-19,4,-35,13,15,-2,-21,-12,-7,36,57,92,-67,8,101,9,8,-65,-27,-8,46,48,83,-33,-75,-73,85,-24,-1,-16,-30,-38,12,-42,-31,21,-25,-29,-11
614,39,-30,-40,-34,-24,-11,-23,-13,72,-19,6,57,46,1,-10,-36,-31,63,-2,-13,-47,7,-8,-26,-29,-14,28,1,-16,-23,10,41,1,-14,8,48,37,-51,-111,-15,14,11,34,36,2,-8,-2,17,72,-35,-4,47,207,51,-20,-81,-49,42,-10,-142,-42,-19,4,-35,13,15,-2,-21,-12,-7,36,57,92,-67,8,101,9,8,-65,-27,-8,46,48,83,-33,-75,-73,85,-24,-1,-16,-30,-38,12,-42,-31,21,-25,-29,-11,-35
615,-30,-40,-34,-24,-11,-23,-13,72,-19,6,57,46,1,-10,-36,-31,63,-2,-13,-47,7,-8,-26,-29,-14,28,1,-16,-23,10,41,1,-14,8,48,37,-51,-111,-15,14,11,34,36,2,-8,-2,17,72,-35,-4,47,207,51,-20,-81,-49,42,-10,-142,-42,-19,4,-35,13,15,-2,-21,-12,-7,36,57,92,-67,8,101,9,8,-65,-27,-8,46,48,83,-33,-75,-73,85,-24,-1,-16,-30,-38,12,-42,-31,21,-25,-29,-11,-35,-9
616,-40,-34,-24,-11,-23,-13,72,-19,6,57,46,1,-10,-36,-31,63,-2,-13,-47,7,-8,-26,-29,-14,28,1,-16,-23,10,41,1,-14,8,48,37,-51,-111,-15,14,11,34,36,2,-8,-2,17,72,-35,-4,47,207,51,-20,-81,-49,42,-10,-142,-42,-19,4,-35,13,15,-2,-21,-12,-7,36,57,92,-67,8,101,9,8,-65,-27,-8,46,48,83,-33,-75,-73,85,-24,-1,-16,-30,-38,12,-42,-31,21,-25,-29,-11,-35,-9,2
617,-34,-24,-11,-23,-13,72,-19,6,57,46,1,-10,-36,-31,63,-2,-13,-47,7,-8,-26,-29,-14,28,1,-16,-23,10,41,1,-14,8,48,37,-51,-111,-15,14,11,34,36,2,-8,-2,17,72,-35,-4,47,207,51,-20,-81,-49,42,-10,-142,-42,-19,4,-35,13,15,-2,-21,-12,-7,36,57,92,-67,8,101,9,8,-65,-27,-8,46,48,83,-33,-75,-73,85,-24,-1,-16,-30,-38,12,-42,-31,21,-25,-29,-11,-35,-9,2,-11
618,-24,-11,-23,-13,72,-19,6,57,46,1,-10,-36,-31,63,-2,-13,-47,7,-8,-26,-29,-14,28,1,-16,-23,10,41,1,-14,8,48,37,-51,-111,-15,14,11,34,36,2,-8,-2,17,72,-35,-4,47,207,51,-20,-81,-49,42,-10,-142,-42,-19,4,-35,13,15,-2,-21,-12,-7,36,57,92,-67,8,101,9,8,-65,-27,-8,46,48,83,-33,-75,-73,85,-24,-1,-16,-30,-38,12,-42,-31,21,-25,-29,-11,-35,-9,2,-11,26
619,-11,-23,-13,72,-19,6,57,46,1,-10,-36,-31,63,-2,-13,-47,7,-8,-26,-29,-14,28,1,-16,-23,10,41,1,-14,8,48,37,-51,-111,-15,14,11,34,36,2,-8,-2,17,72,-35,-4,47,207,51,-20,-81,-49,42,-10,-142,-42,-19,4,-35,13,15,-2,-21,-12,-7,36,57,92,-67,8,101,9,8,-65,-27,-8,46,48,83,-33,-75,-73,85,-24,-1,-16,-30,-38,12,-42,-31,21,-25,-29,-11,-35,-9,2,-11,26,0
620,-23,-13,72,-19,6,57,46,1,-10,-36,-31,63,-2,-13,-47,7,-8,-26,-29,-14,28,1,-16,-23,10,41,1,-14,8,48,37,-51,-111,-15,14,11,34,36,2,-8,-2,17,72,-35,-4,47,207,51,-20,-81,-49,42,-10,-142,-42,-19,4,-35,13,15,-2,-21,-12,-7,36,57,92,-67,8,101,9,8,-65,-27,-8,46,48,83,-33,-75,-73,85,-24,-1,-16,-30,-38,12,-42,-31,21,-25,-29,-11,-35,-9,2,-11,26,0,-4
621,-13,72,-19,6,57,46,1,-10,-36,-31,63,-2,-13,-47,7,-8,-26,-29,-14,28,1,-16,-23,10,41,1,-14,8,48,37,-51,-111,-15,14,11,34,36,2,-8,-2,17,72,-35,-4,47,207,51,-20,-81,-49,42,-10,-142,-42,-19,4,-35,13,15,-2,-21,-12,-7,36,57,92,-67,8,101,9,8,-65,-27,-8,46,48,83,-33,-75,-73,85,-24,-1,-16,-30,-38,12,-42,-31,21,-25,-29,-11,-35,-9,2,-11,26,0,-4,9
622,72,-19,6,57,46,1,-10,-36,-31,63,-2,-13,-47,7,-8,-26,-29,-14,28,1,-16,-23,10,41,1,-14,8,48,37,-51,-111,-15,14,11,34,36,2,-8,-2,17,72,-35,-4,47,207,51,-20,-81,-49,42,-10,-142,-42,-19,4,-35,13,15,-2,-21,-12,-7,36,57,92,-67,8,101,9,8,-65,-27,-8,46,48,83,-33,-75,-73,85,-24,-1,-16,-30,-38,12,-42,-31,21,-25,-29,-11,-35,-9,2,-11,26,0,-4,9,-24
623,-19,6,57,46,1,-10,-36,-31,63,-2,-13,-47,7,-8,-26,-29,-14,28,1,-16,-23,10,41,1,-14,8,48,37,-51,-111,-15,14,11,34,36,2,-8,-2,17,72,-35,-4,47,207,51,-20,-81,-49,42,-10,-142,-42,-19,4,-35,13,15,-2,-21,-12,-7,36,57,92,-67,8,101,9,8,-65,-27,-8,46,48,83,-33,-75,-73,85,-24,-1,-16,-30,-38,12,-42,-31,21,-25,-29,-11,-35,-9,2,-11,26,0,-4,9,-24,-73
624,6,57,46,1,-10,-36,-31,63,-2,-13,-47,7,-8,-26,-29,-14,28,1,-16,-23,10,41,1,-14,8,48,37,-51,-111,-15,14,11,34,36,2,-8,-2,17,72,-35,-4,47,207,51,-20,-81,-49,42,-10,-142,-42,-19,4,-35,13,15,-2,-21,-12,-7,36,57,92,-67,8,101,9,8,-65,-27,-8,46,48,83,-33,-75,-73,85,-24,-1,-16,-30,-38,12,-42,-31,21,-25,-29,-11,-35,-9,2,-11,26,0,-4,9,-24,-73,-17
625,57,46,1,-10,-36,-31,63,-2,-13,-47,7,-8,-26,-29,-14,28,1,-16,-23,10,41,1,-14,8,48,37,-51,-111,-15,14,11,34,36,2,-8,-2,17,72,-35,-4,47,207,51,-20,-81,-49,42,-10,-142,-42,-19,4,-35,13,15,-2,-21,-12,-7,36,57,92,-67,8,101,9,8,-65,-27,-8,46,48,83,-33,-75,-73,85,-24,-1,-16,-30,-38,12,-42,-31,21,-25,-29,-11,-35,-9,2,-11,26,0,-4,9,-24,-73,-17,-27
626,46,1,-10,-36,-31,63,-2,-13,-47,7,-8,-26,-29,-14,28,1,-16,-23,10,41,1,-14,8,48,37,-51,-111,-15,14,11,34,36,2,-8,-2,17,72,-35,-4,47,207,51,-20,-81,-49,42,-10,-142,-42,-19,4,-35,13,15,-2,-21,-12,-7,36,57,92,-67,8,101,9,8,-65,-27,-8,46,48,83,-33,-75,-73,85,-24,-1,-16,-30,-38,12,-42,-31,21,-25,-29,-11,-35,-9,2,-11,26,0,-4,9,-24,-73,-17,-27,54
627,1,-10,-36,-31,63,-2,-13,-47,7,-8,-26,-29,-14,28,1,-16,-23,10,41,1,-14,8,48,37,-51,-111,-15,14,11,34,36,2,-8,-2,17,72,-35,-4,47,207,51,-20,-81,-49,42,-10,-142,-42,-19,4,-35,13,15,-2,-21,-12,-7,36,57,92,-67,8,101,9,8,-65,-27,-8,46,48,83,-33,-75,-73,85,-24,-1,-16,-30,-38,12,-42,-31,21,-25,-29,-11,-35,-9,2,-11,26,0,-4,9,-24,-73,-17,-27,54,-24
628,-10,-36,-31,63,-2,-13,-47,7,-8,-26,-29,-14,28,1,-16,-23,10,41,1,-14,8,48,37,-51,-111,-15,14,11,34,36,2,-8,-2,17,72,-35,-4,47,207,51,-20,-81,-49,42,-10,-142,-42,-19,4,-35,13,15,-2,-21,-12,-7,36,57,92,-67,8,101,9,8,-65,-27,-8,46,48,83,-33,-75,-73,85,-24,-1,-16,-30,-38,12,-42,-31,21,-25,-29,-11,-35,-9,2,-11,26,0,-4,9,-24,-73,-17,-27,54,-24,-21
629,-36,-31,63,-2,-13,-47,7,-8,-26,-29,-14,28,1,-16,-23,10,41,1,-14,8,48,37,-51,-111,-15,14,11,34,36,2,-8,-2,17,72,-35,-4,47,207,51,-20,-81,-49,42,-10,-142,-42,-19,4,-35,13,15,-2,-21,-12,-7,36,57,92,-67,8,101,9,8,-65,-27,-8,46,48,83,-33,-75,-73,85,-24,-1,-16,-30,-38,12,-42,-31,21,-25,-29,-11,-35,-9,2,-11,26,0,-4,9,-24,-73,-17,-27,54,-24,-21,2
630,-31,63,-2,-13,-47,7,-8,-26,-29,-14,28,1,-16,-23,10,41,1,-14,8,48,37,-51,-111,-15,14,11,34,36,2,-8,-2,17,72,-35,-4,47,207,51,-20,-81,-49,42,-10,-142,-42,-19,4,-35,13,15,-2,-21,-12,-7,36,57,92,-67,8,101,9,8,-65,-27,-8,46,48,83,-33,-75,-73,85,-24,-1,-16,-30,-38,12,-42,-31,21,-25,-29,-11,-35,-9,2,-11,26,0,-4,9,-24,-73,-17,-27,54,-24,-21,2,-13
631,63,-2,-13,-47,7,-8,-26,-29,-14,28,1,-16,-23,10,41,1,-14,8,48,37,-51,-111,-15,14,11,34,36,2,-8,-2,17,72,-35,-4,47,207,51,-20,-81,-49,42,-10,-142,-42,-19,4,-35,13,15,-2,-21,-12,-7,36,57,92,-67,8,101,9,8,-65,-27,-8,46,48,83,-33,-75,-73,85,-24,-1,-16,-30,-38,12,-42,-31,21,-25,-29,-11,-35,-9,2,-11,26,0,-4,9,-24,-73,-17,-27,54,-24,-21,2,-13,-26
632,-2,-13,-47,7,-8,-26,-29,-14,28,1,-16,-23,10,41,1,-14,8,48,37,-51,-111,-15,14,11,34,36,2,-8,-2,17,72,-35,-4,47,207,51,-20,-81,-49,42,-10,-142,-42,-19,4,-35,13,15,-2,-21,-12,-7,36,57,92,-67,8,101,9,8,-65,-27,-8,46,48,83,-33,-75,-73,85,-24,-1,-16,-30,-38,12,-42,-31,21,-25,-29,-11,-35,-9,2,-11,26,0,-4,9,-24,-73,-17,-27,54,-24,-21,2,-13,-26,-1
633,-13,-47,7,-8,-26,-29,-14,28,1,-16,-23,10,41,1,-14,8,48,37,-51,-111,-15,14,11,34,36,2,-8,-2,17,72,-35,-4,47,207,51,-20,-81,-49,42,-10,-142,-42,-19,4,-35,13,15,-2,-21,-12,-7,36,57,92,-67,8,101,9,8,-65,-27,-8,46,48,83,-33,-75,-73,85,-24,-1,-16,-30,-38,12,-42,-31,21,-25,-29,-11,-35,-9,2,-11,26,0,-4,9,-24,-73,-17,-27,54,-24,-21,2,-13,-26,-1,29
634,-47,7,-8,-26,-29,-14,28,1,-16,-23,10,41,1,-14,8,48,37,-51,-111,-15,14,11,34,36,2,-8,-2,17,72,-35,-4,47,207,51,-20,-81,-49,42,-10,-142,-42,-19,4,-35,13,15,-2,-21,-12,-7,36,57,92,-67,8,101,9,8,-65,-27,-8,46,48,83,-33,-75,-73,85,-24,-1,-16,-30,-38,12,-42,-31,21,-25,-29,-11,-35,-9,2,-11,26,0,-4,9,-24,-73,-17,-27,54,-24,-21,2,-13,-26,-1,29,-44
635,7,-8,-26,-29,-14,28,1,-16,-23,10,41,1,-14,8,48,37,-51,-111,-15,14,11,34,36,2,-8,-2,17,72,-35,-4,47,207,51,-20,-81,-49,42,-10,-142,-42,-19,4,-35,13,15,-2,-21,-12,-7,36,57,92,-67,8,101,9,8,-65,-27,-8,46,48,83,-33,-75,-73,85,-24,-1,-16,-30,-38,12,-42,-31,21,-25,-29,-11,-35,-9,2,-11,26,0,-4,9,-24,-73,-17,-27,54,-24,-21,2,-13,-26,-1,29,-44,13
636,-8,-26,-29,-14,28,1,-16,-23,10,41,1,-14,8,48,37,-51,-111,-15,14,11,34,36,2,-8,-2,17,72,-35,-4,47,207,51,-20,-81,-49,42,-10,-142,-42,-19,4,-35,13,15,-2,-21,-12,-7,36,57,92,-67,8,101,9,8,-65,-27,-8,46,48,83,-33,-75,-73,85,-24,-1,-16,-30,-38,12,-42,-31,21,-25,-29,-11,-35,-9,2,-11,26,0,-4,9,-24,-73,-17,-27,54,-24,-21,2,-13,-26,-1,29,-44,13,-32
637,-26,-29,-14,28,1,-16,-23,10,41,1,-14,8,48,37,-51,-111,-15,14,11,34,36,2,-8,-2,17,72,-35,-4,47,207,51,-20,-81,-49,42,-10,-142,-42,-19,4,-35,13,15,-2,-21,-12,-7,36,57,92,-67,8,101,9,8,-65,-27,-8,46,48,83,-33,-75,-73,85,-24,-1,-16,-30,-38,12,-42,-31,21,-25,-29,-11,-35,-9,2,-11,26,0,-4,9,-24,-73,-17,-27,54,-24,-21,2,-13,-26,-1,29,-44,13,-32,-6
638,-29,-14,28,1,-16,-23,10,41,1,-14,8,48,37,-51,-111,-15,14,11,34,36,2,-8,-2,17,72,-35,-4,47,207,51,-20,-81,-49,42,-10,-142,-42,-19,4,-35,13,15,-2,-21,-12,-7,36,57,92,-67,8,101,9,8,-65,-27,-8,46,48,83,-33,-75,-73,85,-24,-1,-16,-30,-38,12,-42,-31,21,-25,-29,-11,-35,-9,2,-11,26,0,-4,9,-24,-73,-17,-27,54,-24,-21,2,-13,-26,-1,29,-44,13,-32,-6,-9
639,-14,28,1,-16,-23,10,41,1,-14,8,48,37,-51,-111,-15,14,11,34,36,2,-8,-2,17,72,-35,-4,47,207,51,-20,-81,-49,42,-10,-142,-42,-19,4,-35,13,15,-2,-21,-12,-7,36,57,92,-67,8,101,9,8,-65,-27,-8,46,48,83,-33,-75,-73,85,-24,-1,-16,-30,-38,12,-42,-31,21,-25,-29,-11,-35,-9,2,-11,26,0,-4,9,-24,-73,-17,-27,54,-24,-21,2,-13,-26,-1,29,-44,13,-32,-6,-9,-10
640,28,1,-16,-23,10,41,1,-14,8,48,37,-51,-111,-15,14,11,34,36,2,-8,-2,17,72,-35,-4,47,207,51,-20,-81,-49,42,-10,-142,-42,-19,4,-35,13,15,-2,-21,-12,-7,36,57,92,-67,8,101,9,8,-65,-27,-8,46,48,83,-33,-75,-73,85,-24,-1,-16,-30,-38,12,-42,-31,21,-25,-29,-11,-35,-9,2,-11,26,0,-4,9,-24,-73,-17,-27,54,-24,-21,2,-13,-26,-1,29,-44,13,-32,-6,-9,-10,28
641,1,-16,-23,10,41,1,-14,8,48,37,-51,-111,-15,14,11,34,36,2,-8,-2,17,72,-35,-4,47,207,51,-20,-81,-49,42,-10,-142,-42,-19,4,-35,13,15,-2,-21,-12,-7,36,57,92,-67,8,101,9,8,-65,-27,-8,46,48,83,-33,-75,-73,85,-24,-1,-16,-30,-38,12,-42,-31,21,-25,-29,-11,-35,-9,2,-11,26,0,-4,9,-24,-73,-17,-27,54,-24,-21,2,-13,-26,-1,29,-44,13,-32,-6,-9,-10,28,-4
642,-16,-23,10,41,1,-14,8,48,37,-51,-111,-15,14,11,34,36,2,-8,-2,17,72,-35,-4,47,207,51,-20,-81,-49,42,-10,-142,-42,-19,4,-35,13,15,-2,-21,-12,-7,36,57,92,-67,8,101,9,8,-65,-27,-8,46,48,83,-33,-75,-73,85,-24,-1,-16,-30,-38,12,-42,-31,21,-25,-29,-11,-35,-9,2,-11,26,0,-4,9,-24,-73,-17,-27,54,-24,-21,2,-13,-26,-1,29,-44,13,-32,-6,-9,-10,28,-4,-9
643,-23,10,41,1,-14,8,48,37,-51,-111,-15,14,11,34,36,2,-8,-2,17,72,-35,-4,47,207,51,-20,-81,-49,42,-10,-142,-42,-19,4,-35,13,15,-2,-21,-12,-7,36,57,92,-67,8,101,9,8,-65,-27,-8,46,48,83,-33,-75,-73,85,-24,-1,-16,-30,-38,12,-42,-31,21,-25,-29,-11,-35,-9,2,-11,26,0,-4,9,-24,-73,-17,-27,54,-24,-21,2,-13,-26,-1,29,-44,13,-32,-6,-9,-10,28,-4,-9,-26
644,10,41,1,-14,8,48,37,-51,-111,-15,14,11,34,36,2,-8,-2,17,72,-35,-4,47,207,51,-20,-81,-49,42,-10,-142,-42,-19,4,-35,13,15,-2,-21,-12,-7,36,57,92,-67,8,101,9,8,-65,-27,-8,46,48,83,-33,-75,-73,85,-24,-1,-16,-30,-38,12,-42,-31,21,-25,-29,-11,-35,-9,2,-11,26,0,-4,9,-24,-73,-17,-27,54,-24,-21,2,-13,-26,-1,29,-44,13,-32,-6,-9,-10,28,-4,-9,-26,32
645,41,1,-14,8,48,37,-51,-111,-15,14,11,34,36,2,-8,-2,17,72,-35,-4,47,207,51,-20,-81,-49,42,-10,-142,-42,-19,4,-35,13,15,-2,-21,-12,-7,36,57,92,-67,8,101,9,8,-65,-27,-8,46,48,83,-33,-75,-73,85,-24,-1,-16,-30,-38,12,-42,-31,21,-25,-29,-11,-35,-9,2,-11,26,0,-4,9,-24,-73,-17,-27,54,-24,-21,2,-13,-26,-1,29,-44,13,-32,-6,-9,-10,28,-4,-9,-26,32,33
646,1,-14,8,48,37,-51,-111,-15,14,11,34,36,2,-8,-2,17,72,-35,-4,47,207,51,-20,-81,-49,42,-10,-142,-42,-19,4,-35,13,15,-2,-21,-12,-7,36,57,92,-67,8,101,9,8,-65,-27,-8,46,48,83,-33,-75,-73,85,-24,-1,-16,-30,-38,12,-42,-31,21,-25,-29,-11,-35,-9,2,-11,26,0,-4,9,-24,-73,-17,-27,54,-24,-21,2,-13,-26,-1,29,-44,13,-32,-6,-9,-10,28,-4,-9,-26,32,33,129
647,-14,8,48,37,-51,-111,-15,14,11,34,36,2,-8,-2,17,72,-35,-4,47,207,51,-20,-81,-49,42,-10,-142,-42,-19,4,-35,13,15,-2,-21,-12,-7,36,57,92,-67,8,101,9,8,-65,-27,-8,46,48,83,-33,-75,-73,85,-24,-1,-16,-30,-38,12,-42,-31,21,-25,-29,-11,-35,-9,2,-11,26,0,-4,9,-24,-73,-17,-27,54,-24,-21,2,-13,-26,-1,29,-44,13,-32,-6,-9,-10,28,-4,-9,-26,32,33,129,42
648,8,48,37,-51,-111,-15,14,11,34,36,2,-8,-2,17,72,-35,-4,47,207,51,-20,-81,-49,42,-10,-142,-42,-19,4,-35,13,15,-2,-21,-12,-7,36,57,92,-67,8,101,9,8,-65,-27,-8,46,48,83,-33,-75,-73,85,-24,-1,-16,-30,-38,12,-42,-31,21,-25,-29,-11,-35,-9,2,-11,26,0,-4,9,-24,-73,-17,-27,54,-24,-21,2,-13,-26,-1,29,-44,13,-32,-6,-9,-10,28,-4,-9,-26,32,33,129,42,-68
649,48,37,-51,-111,-15,14,11,34,36,2,-8,-2,17,72,-35,-4,47,207,51,-20,-81,-49,42,-10,-142,-42,-19,4,-35,13,15,-2,-21,-12,-7,36,57,92,-67,8,101,9,8,-65,-27,-8,46,48,83,-33,-75,-73,85,-24,-1,-16,-30,-38,12,-42,-31,21,-25,-29,-11,-35,-9,2,-11,26,0,-4,9,-24,-73,-17,-27,54,-24,-21,2,-13,-26,-1,29,-44,13,-32,-6,-9,-10,28,-4,-9,-26,32,33,129,42,-68,-23
650,37,-51,-111,-15,14,11,34,36,2,-8,-2,17,72,-35,-4,47,207,51,-20,-81,-49,42,-10,-142,-42,-19,4,-35,13,15,-2,-21,-12,-7,36,57,92,-67,8,101,9,8,-65,-27,-8,46,48,83,-33,-75,-73,85,-24,-1,-16,-30,-38,12,-42,-31,21,-25,-29,-11,-35,-9,2,-11,26,0,-4,9,-24,-73,-17,-27,54,-24,-21,2,-13,-26,-1,29,-44,13,-32,-6,-9,-10,28,-4,-9,-26,32,33,129,42,-68,-23,-62
651,-51,-111,-15,14,11,34,36,2,-8,-2,17,72,-35,-4,47,207,51,-20,-81,-49,42,-10,-142,-42,-19,4,-35,13,15,-2,-21,-12,-7,36,57,92,-67,8,101,9,8,-65,-27,-8,46,48,83,-33,-75,-73,85,-24,-1,-16,-30,-38,12,-42,-31,21,-25,-29,-11,-35,-9,2,-11,26,0,-4,9,-24,-73,-17,-27,54,-24,-21,2,-13,-26,-1,29,-44,13,-32,-6,-9,-10,28,-4,-9,-26,32,33,129,42,-68,-23,-62,6
652,-111,-15,14,11,34,36,2,-8,-2,17,72,-35,-4,47,207,51,-20,-81,-49,42,-10,-142,-42,-19,4,-35,13,15,-2,-21,-12,-7,36,57,92,-67,8,101,9,8,-65,-27,-8,46,48,83,-33,-75,-73,85,-24,-1,-16,-30,-38,12,-42,-31,21,-25,-29,-11,-35,-9,2,-11,26,0,-4,9,-24,-73,-17,-27,54,-24,-21,2,-13,-26,-1,29,-44,13,-32,-6,-9,-10,28,-4,-9,-26,32,33,129,42,-68,-23,-62,6,-23
653,-15,14,11,34,36,2,-8,-2,17,72,-35,-4,47,207,51,-20,-81,-49,42,-10,-142,-42,-19,4,-35,13,15,-2,-21,-12,-7,36,57,92,-67,8,101,9,8,-65,-27,-8,46,48,83,-33,-75,-73,85,-24,-1,-16,-30,-38,12,-42,-31,21,-25,-29,-11,-35,-9,2,-11,26,0,-4,9,-24,-73,-17,-27,54,-24,-21,2,-13,-26,-1,29,-44,13,-32,-6,-9,-10,28,-4,-9,-26,32,33,129,42,-68,-23,-62,6,-23,-9
654,14,11,34,36,2,-8,-2,17,72,-35,-4,47,207,51,-20,-81,-49,42,-10,-142,-42,-19,4,-35,13,15,-2,-21,-12,-7,36,57,92,-67,8,101,9,8,-65,-27,-8,46,48,83,-33,-75,-73,85,-24,-1,-16,-30,-38,12,-42,-31,21,-25,-29,-11,-35,-9,2,-11,26,0,-4,9,-24,-73,-17,-27,54,-24,-21,2,-13,-26,-1,29,-44,13,-32,-6,-9,-10,28,-4,-9,-26,32,33,129,42,-68,-23,-62,6,-23,-9,30
655,11,34,36,2,-8,-2,17,72,-35,-4,47,207,51,-20,-81,-49,42,-10,-142,-42,-19,4,-35,13,15,-2,-21,-12,-7,36,57,92,-67,8,101,9,8,-65,-27,-8,46,48,83,-33,-75,-73,85,-24,-1,-16,-30,-38,12,-42,-31,21,-25,-29,-11,-35,-9,2,-11,26,0,-4,9,-24,-73,-17,-27,54,-24,-21,2,-13,-26,-1,29,-44,13,-32,-6,-9,-10,28,-4,-9,-26,32,33,129,42,-68,-23,-62,6,-23,-9,30,54
656,34,36,2,-8,-2,17,72,-35,-4,47,207,51,-20,-81,-49,42,-10,-142,-42,-19,4,-35,13,15,-2,-21,-12,-7,36,57,92,-67,8,101,9,8,-65,-27,-8,46,48,83,-33,-75,-73,85,-24,-1,-16,-30,-38,12,-42,-31,21,-25,-29,-11,-35,-9,2,-11,26,0,-4,9,-24,-73,-17,-27,54,-24,-21,2,-13,-26,-1,29,-44,13,-32,-6,-9,-10,28,-4,-9,-26,32,33,129,42,-68,-23,-62,6,-23,-9,30,54,-28
657,36,2,-8,-2,17,72,-35,-4,47,207,51,-20,-81,-49,42,-10,-142,-42,-19,4,-35,13,15,-2,-21,-12,-7,36,57,92,-67,8,101,9,8,-65,-27,-8,46,48,83,-33,-75,-73,85,-24,-1,-16,-30,-38,12,-42,-31,21,-25,-29,-11,-35,-9,2,-11,26,0,-4,9,-24,-73,-17,-27,54,-24,-21,2,-13,-26,-1,29,-44,13,-32,-6,-9,-10,28,-4,-9,-26,32,33,129,42,-68,-23,-62,6,-23,-9,30,54,-28,27
658,2,-8,-2,17,72,-35,-4,47,207,51,-20,-81,-49,42,-10,-142,-42,-19,4,-35,13,15,-2,-21,-12,-7,36,57,92,-67,8,101,9,8,-65,-27,-8,46,48,83,-33,-75,-73,85,-24,-1,-16,-30,-38,12,-42,-31,21,-25,-29,-11,-35,-9,2,-11,26,0,-4,9,-24,-73,-17,-27,54,-24,-21,2,-13,-26,-1,29,-44,13,-32,-6,-9,-10,28,-4,-9,-26,32,33,129,42,-68,-23,-62,6,-23,-9,30,54,-28,27,-42
659,-8,-2,17,72,-35,-4,47,207,51,-20,-81,-49,42,-10,-142,-42,-19,4,-35,13,15,-2,-21,-12,-7,36,57,92,-67,8,101,9,8,-65,-27,-8,46,48,83,-33,-75,-73,85,-24,-1,-16,-30,-38,12,-42,-31,21,-25,-29,-11,-35,-9,2,-11,26,0,-4,9,-24,-73,-17,-27,54,-24,-21,2,-13,-26,-1,29,-44,13,-32,-6,-9,-10,28,-4,-9,-26,32,33,129,42,-68,-23,-62,6,-23,-9,30,54,-28,27,-42,-29
660,-2,17,72,-35,-4,47,207,51,-20,-81,-49,42,-10,-142,-42,-19,4,-35,13,15,-2,-21,-12,-7,36,57,92,-67,8,101,9,8,-65,-27,-8,46,48,83,-33,-75,-73,85,-24,-1,-16,-30,-38,12,-42,-31,21,-25,-29,-11,-35,-9,2,-11,26,0,-4,9,-24,-73,-17,-27,54,-24,-21,2,-13,-26,-1,29,-44,13,-32,-6,-9,-10,28,-4,-9,-26,32,33,129,42,-68,-23,-62,6,-23,-9,30,54,-28,27,-42,-29,-12
661,17,72,-35,-4,47,207,51,-20,-81,-49,42,-10,-142,-42,-19,4,-35,13,15,-2,-21,-12,-7,36,57,92,-67,8,101,9,8,-65,-27,-8,46,48,83,-33,-75,-73,85,-24,-1,-16,-30,-38,12,-42,-31,21,-25,-29,-11,-35,-9,2,-11,26,0,-4,9,-24,-73,-17,-27,54,-24,-21,2,-13,-26,-1,29,-44,13,-32,-6,-9,-10,28,-4,-9,-26,32,33,129,42,-68,-23,-62,6,-23,-9,30,54,-28,27,-42,-29,-12,-7
662,72,-35,-4,47,207,51,-20,-81,-49,42,-10,-142,-42,-19,4,-35,13,15,-2,-21,-12,-7,36,57,92,-67,8,101,9,8,-65,-27,-8,46,48,83,-33,-75,-73,85,-24,-1,-16,-30,-38,12,-42,-31,21,-25,-29,-11,-35,-9,2,-11,26,0,-4,9,-24,-73,-17,-27,54,-24,-21,2,-13,-26,-1,29,-44,13,-32,-6,-9,-10,28,-4,-9,-26,32,33,129,42,-68,-23,-62,6,-23,-9,30,54,-28,27,-42,-29,-12,-7,47
663,-35,-4,47,207,51,-20,-81,-49,42,-10,-142,-42,-19,4,-35,13,15,-2,-21,-12,-7,36,57,92,-67,8,101,9,8,-65,-27,-8,46,48,83,-33,-75,-73,85,-24,-1,-16,-30,-38,12,-42,-31,21,-25,-29,-11,-35,-9,2,-11,26,0,-4,9,-24,-73,-17,-27,54,-24,-21,2,-13,-26,-1,29,-44,13,-32,-6,-9,-10,28,-4,-9,-26,32,33,129,42,-68,-23,-62,6,-23,-9,30,54,-28,27,-42,-29,-12,-7,47,95
664,-4,47,207,51,-20,-81,-49,42,-10,-142,-42,-19,4,-35,13,15,-2,-21,-12,-7,36,57,92,-67,8,101,9,8,-65,-27,-8,46,48,83,-33,-75,-73,85,-24,-1,-16,-30,-38,12,-42,-31,21,-25,-29,-11,-35,-9,2,-11,26,0,-4,9,-24,-73,-17,-27,54,-24,-21,2,-13,-26,-1,29,-44,13,-32,-6,-9,-10,28,-4,-9,-26,32,33,129,42,-68,-23,-62,6,-23,-9,30,54,-28,27,-42,-29,-12,-7,47,95,88
665,47,207,51,-20,-81,-49,42,-10,-142,-42,-19,4,-35,13,15,-2,-21,-12,-7,36,57,92,-67,8,101,9,8,-65,-27,-8,46,48,83,-33,-75,-73,85,-24,-1,-16,-30,-38,12,-42,-31,21,-25,-29,-11,-35,-9,2,-11,26,0,-4,9,-24,-73,-17,-27,54,-24,-21,2,-13,-26,-1,29,-44,13,-32,-6,-9,-10,28,-4,-9,-26,32,33,129,42,-68,-23,-62,6,-23,-9,30,54,-28,27,-42,-29,-12,-7,47,95,88,-7
666,207,51,-20,-81,-49,42,-10,-142,-42,-19,4,-35,13,15,-2,-21,-12,-7,36,57,92,-67,8,101,9,8,-65,-27,-8,46,48,83,-33,-75,-73,85,-24,-1,-16,-30,-38,12,-42,-31,21,-25,-29,-11,-35,-9,2,-11,26,0,-4,9,-24,-73,-17,-27,54,-24,-21,2,-13,-26,-1,29,-44,13,-32,-6,-9,-10,28,-4,-9,-26,32,33,129,42,-68,-23,-62,6,-23,-9,30,54,-28,27,-42,-29,-12,-7,47,95,88,-7,-12
667,51,-20,-81,-49,42,-10,-142,-42,-19,4,-35,13,15,-2,-21,-12,-7,36,57,92,-67,8,101,9,8,-65,-27,-8,46,48,83,-33,-75,-73,85,-24,-1,-16,-30,-38,12,-42,-31,21,-25,-29,-11,-35,-9,2,-11,26,0,-4,9,-24,-73,-17,-27,54,-24,-21,2,-13,-26,-1,29,-44,13,-32,-6,-9,-10,28,-4,-9,-26,32,33,129,42,-68,-23,-62,6,-23,-9,30,54,-28,27,-42,-29,-12,-7,47,95,88,-7,-12,-26
668,-20,-81,-49,42,-10,-142,-42,-19,4,-35,13,15,-2,-21,-12,-7,36,57,92,-67,8,101,9,8,-65,-27,-8,46,48,83,-33,-75,-73,85,-24,-1,-16,-30,-38,12,-42,-31,21,-25,-29,-11,-35,-9,2,-11,26,0,-4,9,-24,-73,-17,-27,54,-24,-21,2,-13,-26,-1,29,-44,13,-32,-6,-9,-10,28,-4,-9,-26,32,33,129,42,-68,-23,-62,6,-23,-9,30,54,-28,27,-42,-29,-12,-7,47,95,88,-7,-12,-26,-6
669,-81,-49,42,-10,-142,-42,-19,4,-35,13,15,-2,-21,-12,-7,36,57,92,-67,8,101,9,8,-65,-27,-8,46,48,83,-33,-75,-73,85,-24,-1,-16,-30,-38,12,-42,-31,21,-25,-29,-11,-35,-9,2,-11,26,0,-4,9,-24,-73,-17,-27,54,-24,-21,2,-13,-26,-1,29,-44,13,-32,-6,-9,-10,28,-4,-9,-26,32,33,129,42,-68,-23,-62,6,-23,-9,30,54,-28,27,-42,-29,-12,-7,47,95,88,-7,-12,-26,-6,-32
670,-49,42,-10,-142,-42,-19,4,-35,13,15,-2,-21,-12,-7,36,57,92,-67,8,101,9,8,-65,-27,-8,46,48,83,-33,-75,-73,85,-24,-1,-16,-30,-38,12,-42,-31,21,-25,-29,-11,-35,-9,2,-11,26,0,-4,9,-24,-73,-17,-27,54,-24,-21,2,-13,-26,-1,29,-44,13,-32,-6,-9,-10,28,-4,-9,-26,32,33,129,42,-68,-23,-62,6,-23,-9,30,54,-28,27,-42,-29,-12,-7,47,95,88,-7,-12,-26,-6,-32,16
671,42,-10,-142,-42,-19,4,-35,13,15,-2,-21,-12,-7,36,57,92,-67,8,101,9,8,-65,-27,-8,46,48,83,-33,-75,-73,85,-24,-1,-16,-30,-38,12,-42,-31,21,-25,-29,-11,-35,-9,2,-11,26,0,-4,9,-24,-73,-17,-27,54,-24,-21,2,-13,-26,-1,29,-44,13,-32,-6,-9,-10,28,-4,-9,-26,32,33,129,42,-68,-23,-62,6,-23,-9,30,54,-28,27,-42,-29,-12,-7,47,95,88,-7,-12,-26,-6,-32,16,-21
672,-10,-142,-42,-19,4,-35,13,15,-2,-21,-12,-7,36,57,92,-67,8,101,9,8,-65,-27,-8,46,48,83,-33,-75,-73,85,-24,-1,-16,-30,-38,12,-42,-31,21,-25,-29,-11,-35,-9,2,-11,26,0,-4,9,-24,-73,-17,-27,54,-24,-21,2,-13,-26,-1,29,-44,13,-32,-6,-9,-10,28,-4,-9,-26,32,33,129,42,-68,-23,-62,6,-23,-9,30,54,-28,27,-42,-29,-12,-7,47,95,88,-7,-12,-26,-6,-32,16,-21,36
673,-142,-42,-19,4,-35,13,15,-2,-21,-12,-7,36,57,92,-67,8,101,9,8,-65,-27,-8,46,48,83,-33,-75,-73,85,-24,-1,-16,-30,-38,12,-42,-31,21,-25,-29,-11,-35,-9,2,-11,26,0,-4,9,-24,-73,-17,-27,54,-24,-21,2,-13,-26,-1,29,-44,13,-32,-6,-9,-10,28,-4,-9,-26,32,33,129,42,-68,-23,-62,6,-23,-9,30,54,-28,27,-42,-29,-12,-7,47,95,88,-7,-12,-26,-6,-32,16,-21,36,136
674,-42,-19,4,-35,13,15,-2,-21,-12,-7,36,57,92,-67,8,101,9,8,-65,-27,-8,46,48,83,-33,-75,-73,85,-24,-1,-16,-30,-38,12,-42,-31,21,-25,-29,-11,-35,-9,2,-11,26,0,-4,9,-24,-73,-17,-27,54,-24,-21,2,-13,-26,-1,29,-44,13,-32,-6,-9,-10,28,-4,-9,-26,32,33,129,42,-68,-23,-62,6,-23,-9,30,54,-28,27,-42,-29,-12,-7,47,95,88,-7,-12,-26,-6,-32,16,-21,36,136,72
675,-19,4,-35,13,15,-2,-21,-12,-7,36,57,92,-67,8,101,9,8,-65,-27,-8,46,48,83,-33,-75,-73,85,-24,-1,-16,-30,-38,12,-42,-31,21,-25,-29,-11,-35,-9,2,-11,26,0,-4,9,-24,-73,-17,-27,54,-24,-21,2,-13,-26,-1,29,-44,13,-32,-6,-9,-10,28,-4,-9,-26,32,33,129,42,-68,-23,-62,6,-23,-9,30,54,-28,27,-42,-29,-12,-7,47,95,88,-7,-12,-26,-6,-32,16,-21,36,136,72,-17
676,4,-35,13,15,-2,-21,-12,-7,36,57,92,-67,8,101,9,8,-65,-27,-8,46,48,83,-33,-75,-73,85,-24,-1,-16,-30,-38,12,-42,-31,21,-25,-29,-11,-35,-9,2,-11,26,0,-4,9,-24,-73,-17,-27,54,-24,-21,2,-13,-26,-1,29,-44,13,-32,-6,-9,-10,28,-4,-9,-26,32,33,129,42,-68,-23,-62,6,-23,-9,30,54,-28,27,-42,-29,-12,-7,47,95,88,-7,-12,-26,-6,-32,16,-21,36,136,72,-17,28
677,-35,13,15,-2,-21,-12,-7,36,57,92,-67,8,101,9,8,-65,-27,-8,46,48,83,-33,-75,-73,85,-24,-1,-16,-30,-38,12,-42,-31,21,-25,-29,-11,-35,-9,2,-11,26,0,-4,9,-24,-73,-17,-27,54,-24,-21,2,-13,-26,-1,29,-44,13,-32,-6,-9,-10,28,-4,-9,-26,32,33,129,42,-68,-23,-62,6,-23,-9,30,54,-28,27,-42,-29,-12,-7,47,95,88,-7,-12,-26,-6,-32,16,-21,36,136,72,-17,28,28
678,13,15,-2,-21,-12,-7,36,57,92,-67,8,101,9,8,-65,-27,-8,46,48,83,-33,-75,-73,85,-24,-1,-16,-30,-38,12,-42,-31,21,-25,-29,-11,-35,-9,2,-11,26,0,-4,9,-24,-73,-17,-27,54,-24,-21,2,-13,-26,-1,29,-44,13,-32,-6,-9,-10,28,-4,-9,-26,32,33,129,42,-68,-23,-62,6,-23,-9,30,54,-28,27,-42,-29,-12,-7,47,95,88,-7,-12,-26,-6,-32,16,-21,36,136,72,-17,28,28,-16
679,15,-2,-21,-12,-7,36,57,92,-67,8,101,9,8,-65,-27,-8,46,48,83,-33,-75,-73,85,-24,-1,-16,-30,-38,12,-42,-31,21,-25,-29,-11,-35,-9,2,-11,26,0,-4,9,-24,-73,-17,-27,54,-24,-21,2,-13,-26,-1,29,-44,13,-32,-6,-9,-10,28,-4,-9,-26,32,33,129,42,-68,-23,-62,6,-23,-9,30,54,-28,27,-42,-29,-12,-7,47,95,88,-7,-12,-26,-6,-32,16,-21,36,136,72,-17,28,28,-16,42
680,-2,-21,-12,-7,36,57,92,-67,8,101,9,8,-65,-27,-8,46,48,83,-33,-75,-73,85,-24,-1,-16,-30,-38,12,-42,-31,21,-25,-29,-11,-35,-9,2,-11,26,0,-4,9,-24,-73,-17,-27,54,-24,-21,2,-13,-26,-1,29,-44,13,-32,-6,-9,-10,28,-4,-9,-26,32,33,129,42,-68,-23,-62,6,-23,-9,30,54,-28,27,-42,-29,-12,-7,47,95,88,-7,-12,-26,-6,-32,16,-21,36,136,72,-17,28,28,-16,42,18
681,-21,-12,-7,36,57,92,-67,8,101,9,8,-65,-27,-8,46,48,83,-33,-75,-73,85,-24,-1,-16,-30,-38,12,-42,-31,21,-25,-29,-11,-35,-9,2,-11,26,0,-4,9,-24,-73,-17,-27,54,-24,-21,2,-13,-26,-1,29,-44,13,-32,-6,-9,-10,28,-4,-9,-26,32,33,129,42,-68,-23,-62,6,-23,-9,30,54,-28,27,-42,-29,-12,-7,47,95,88,-7,-12,-26,-6,-32,16,-21,36,136,72,-17,28,28,-16,42,18,64
682,-12,-7,36,57,92,-67,8,101,9,8,-65,-27,-8,46,48,83,-33,-75,-73,85,-24,-1,-16,-30,-38,12,-42,-31,21,-25,-29,-11,-35,-9,2,-11,26,0,-4,9,-24,-73,-17,-27,54,-24,-21,2,-13,-26,-1,29,-44,13,-32,-6,-9,-10,28,-4,-9,-26,32,33,129,42,-68,-23,-62,6,-23,-9,30,54,-28,27,-42,-29,-12,-7,47,95,88,-7,-12,-26,-6,-32,16,-21,36,136,72,-17,28,28,-16,42,18,64,426
683,-7,36,57,92,-67,8,101,9,8,-65,-27,-8,46,48,83,-33,-75,-73,85,-24,-1,-16,-30,-38,12,-42,-31,21,-25,-29,-11,-35,-9,2,-11,26,0,-4,9,-24,-73,-17,-27,54,-24,-21,2,-13,-26,-1,29,-44,13,-32,-6,-9,-10,28,-4,-9,-26,32,33,129,42,-68,-23,-62,6,-23,-9,30,54,-28,27,-42,-29,-12,-7,47,95,88,-7,-12,-26,-6,-32,16,-21,36,136,72,-17,28,28,-16,42,18,64,426,-574
684,36,57,92,-67,8,101,9,8,-65,-27,-8,46,48,83,-33,-75,-73,85,-24,-1,-16,-30,-38,12,-42,-31,21,-25,-29,-11,-35,-9,2,-11,26,0,-4,9,-24,-73,-17,-27,54,-24,-21,2,-13,-26,-1,29,-44,13,-32,-6,-9,-10,28,-4,-9,-26,32,33,129,42,-68,-23,-62,6,-23,-9,30,54,-28,27,-42,-29,-12,-7,47,95,88,-7,-12,-26,-6,-32,16,-21,36,136,72,-17,28,28,-16,42,18,64,426,-574,-161
685,57,92,-67,8,101,9,8,-65,-27,-8,46,48,83,-33,-75,-73,85,-24,-1,-16,-30,-38,12,-42,-31,21,-25,-29,-11,-35,-9,2,-11,26,0,-4,9,-24,-73,-17,-27,54,-24,-21,2,-13,-26,-1,29,-44,13,-32,-6,-9,-10,28,-4,-9,-26,32,33,129,42,-68,-23,-62,6,-23,-9,30,54,-28,27,-42,-29,-12,-7,47,95,88,-7,-12,-26,-6,-32,16,-21,36,136,72,-17,28,28,-16,42,18,64,426,-574,-161,-78
686,92,-67,8,101,9,8,-65,-27,-8,46,48,83,-33,-75,-73,85,-24,-1,-16,-30,-38,12,-42,-31,21,-25,-29,-11,-35,-9,2,-11,26,0,-4,9,-24,-73,-17,-27,54,-24,-21,2,-13,-26,-1,29,-44,13,-32,-6,-9,-10,28,-4,-9,-26,32,33,129,42,-68,-23,-62,6,-23,-9,30,54,-28,27,-42,-29,-12,-7,47,95,88,-7,-12,-26,-6,-32,16,-21,36,136,72,-17,28,28,-16,42,18,64,426,-574,-161,-78,-43
687,-67,8,101,9,8,-65,-27,-8,46,48,83,-33,-75,-73,85,-24,-1,-16,-30,-38,12,-42,-31,21,-25,-29,-11,-35,-9,2,-11,26,0,-4,9,-24,-73,-17,-27,54,-24,-21,2,-13,-26,-1,29,-44,13,-32,-6,-9,-10,28,-4,-9,-26,32,33,129,42,-68,-23,-62,6,-23,-9,30,54,-28,27,-42,-29,-12,-7,47,95,88,-7,-12,-26,-6,-32,16,-21,36,136,72,-17,28,28,-16,42,18,64,426,-574,-161,-78,-43,-2
688,8,101,9,8,-65,-27,-8,46,48,83,-33,-75,-73,85,-24,-1,-16,-30,-38,12,-42,-31,21,-25,-29,-11,-35,-9,2,-11,26,0,-4,9,-24,-73,-17,-27,54,-24,-21,2,-13,-26,-1,29,-44,13,-32,-6,-9,-10,28,-4,-9,-26,32,33,129,42,-68,-23,-62,6,-23,-9,30,54,-28,27,-42,-29,-12,-7,47,95,88,-7,-12,-26,-6,-32,16,-21,36,136,72,-17,28,28,-16,42,18,64,426,-574,-161,-78,-43,-2,6
689,101,9,8,-65,-27,-8,46,48,83,-33,-75,-73,85,-24,-1,-16,-30,-38,12,-42,-31,21,-25,-29,-11,-35,-9,2,-11,26,0,-4,9,-24,-73,-17,-27,54,-24,-21,2,-13,-26,-1,29,-44,13,-32,-6,-9,-10,28,-4,-9,-26,32,33,129,42,-68,-23,-62,6,-23,-9,30,54,-28,27,-42,-29,-12,-7,47,95,88,-7,-12,-26,-6,-32,16,-21,36,136,72,-17,28,28,-16,42,18,64,426,-574,-161,-78,-43,-2,6,0
690,9,8,-65,-27,-8,46,48,83,-33,-75,-73,85,-24,-1,-16,-30,-38,12,-42,-31,21,-25,-29,-11,-35,-9,2,-11,26,0,-4,9,-24,-73,-17,-27,54,-24,-21,2,-13,-26,-1,29,-44,13,-32,-6,-9,-10,28,-4,-9,-26,32,33,129,42,-68,-23,-62,6,-23,-9,30,54,-28,27,-42,-29,-12,-7,47,95,88,-7,-12,-26,-6,-32,16,-21,36,136,72,-17,28,28,-16,42,18,64,426,-574,-161,-78,-43,-2,6,0,30
691,8,-65,-27,-8,46,48,83,-33,-75,-73,85,-24,-1,-16,-30,-38,12,-42,-31,21,-25,-29,-11,-35,-9,2,-11,26,0,-4,9,-24,-73,-17,-27,54,-24,-21,2,-13,-26,-1,29,-44,13,-32,-6,-9,-10,28,-4,-9,-26,32,33,129,42,-68,-23,-62,6,-23,-9,30,54,-28,27,-42,-29,-12,-7,47,95,88,-7,-12,-26,-6,-32,16,-21,36,136,72,-17,28,28,-16,42,18,64,426,-574,-161,-78,-43,-2,6,0,30,14
692,-65,-27,-8,46,48,83,-33,-75,-73,85,-24,-1,-16,-30,-38,12,-42,-31,21,-25,-29,-11,-35,-9,2,-11,26,0,-4,9,-24,-73,-17,-27,54,-24,-21,2,-13,-26,-1,29,-44,13,-32,-6,-9,-10,28,-4,-9,-26,32,33,129,42,-68,-23,-62,6,-23,-9,30,54,-28,27,-42,-29,-12,-7,47,95,88,-7,-12,-26,-6,-32,16,-21,36,136,72,-17,28,28,-16,42,18,64,426,-574,-161,-78,-43,-2,6,0,30,14,-11
693,-27,-8,46,48,83,-33,-75,-73,85,-24,-1,-16,-30,-38,12,-42,-31,21,-25,-29,-11,-35,-9,2,-11,26,0,-4,9,-24,-73,-17,-27,54,-24,-21,2,-13,-26,-1,29,-44,13,-32,-6,-9,-10,28,-4,-9,-26,32,33,129,42,-68,-23,-62,6,-23,-9,30,54,-28,27,-42,-29,-12,-7,47,95,88,-7,-12,-26,-6,-32,16,-21,36,136,72,-17,28,28,-16,42,18,64,426,-574,-161,-78,-43,-2,6,0,30,14,-11,31
694,-8,46,48,83,-33,-75,-73,85,-24,-1,-16,-30,-38,12,-42,-31,21,-25,-29,-11,-35,-9,2,-11,26,0,-4,9,-24,-73,-17,-27,54,-24,-21,2,-13,-26,-1,29,-44,13,-32,-6,-9,-10,28,-4,-9,-26,32,33,129,42,-68,-23,-62,6,-23,-9,30,54,-28,27,-42,-29,-12,-7,47,95,88,-7,-12,-26,-6,-32,16,-21,36,136,72,-17,28,28,-16,42,18,64,426,-574,-161,-78,-43,-2,6,0,30,14,-11,31,1
695,46,48,83,-33,-75,-73,85,-24,-1,-16,-30,-38,12,-42,-31,21,-25,-29,-11,-35,-9,2,-11,26,0,-4,9,-24,-73,-17,-27,54,-24,-21,2,-13,-26,-1,29,-44,13,-32,-6,-9,-10,28,-4,-9,-26,32,33,129,42,-68,-23,-62,6,-23,-9,30,54,-28,27,-42,-29,-12,-7,47,95,88,-7,-12,-26,-6,-32,16,-21,36,136,72,-17,28,28,-16,42,18,64,426,-574,-161,-78,-43,-2,6,0,30,14,-11,31,1,20
696,48,83,-33,-75,-73,85,-24,-1,-16,-30,-38,12,-42,-31,21,-25,-29,-11,-35,-9,2,-11,26,0,-4,9,-24,-73,-17,-27,54,-24,-21,2,-13,-26,-1,29,-44,13,-32,-6,-9,-10,28,-4,-9,-26,32,33,129,42,-68,-23,-62,6,-23,-9,30,54,-28,27,-42,-29,-12,-7,47,95,88,-7,-12,-26,-6,-32,16,-21,36,136,72,-17,28,28,-16,42,18,64,426,-574,-161,-78,-43,-2,6,0,30,14,-11,31,1,20,-29
697,83,-33,-75,-73,85,-24,-1,-16,-30,-38,12,-42,-31,21,-25,-29,-11,-35,-9,2,-11,26,0,-4,9,-24,-73,-17,-27,54,-24,-21,2,-13,-26,-1,29,-44,13,-32,-6,-9,-10,28,-4,-9,-26,32,33,129,42,-68,-23,-62,6,-23,-9,30,54,-28,27,-42,-29,-12,-7,47,95,88,-7,-12,-26,-6,-32,16,-21,36,136,72,-17,28,28,-16,42,18,64,426,-574,-161,-78,-43,-2,6,0,30,14,-11,31,1,20,-29,-8
698,-33,-75,-73,85,-24,-1,-16,-30,-38,12,-42,-31,21,-25,-29,-11,-35,-9,2,-11,26,0,-4,9,-24,-73,-17,-27,54,-24,-21,2,-13,-26,-1,29,-44,13,-32,-6,-9,-10,28,-4,-9,-26,32,33,129,42,-68,-23,-62,6,-23,-9,30,54,-28,27,-42,-29,-12,-7,47,95,88,-7,-12,-26,-6,-32,16,-21,36,136,72,-17,28,28,-16,42,18,64,426,-574,-161,-78,-43,-2,6,0,30,14,-11,31,1,20,-29,-8,12
699,-75,-73,85,-24,-1,-16,-30,-38,12,-42,-31,21,-25,-29,-11,-35,-9,2,-11,26,0,-4,9,-24,-73,-17,-27,54,-24,-21,2,-13,-26,-1,29,-44,13,-32,-6,-9,-10,28,-4,-9,-26,32,33,129,42,-68,-23,-62,6,-23,-9,30,54,-28,27,-42,-29,-12,-7,47,95,88,-7,-12,-26,-6,-32,16,-21,36,136,72,-17,28,28,-16,42,18,64,426,-574,-161,-78,-43,-2,6,0,30,14,-11,31,1,20,-29,-8,12,-15
700,-73,85,-24,-1,-16,-30,-38,12,-42,-31,21,-25,-29,-11,-35,-9,2,-11,26,0,-4,9,-24,-73,-17,-27,54,-24,-21,2,-13,-26,-1,29,-44,13,-32,-6,-9,-10,28,-4,-9,-26,32,33,129,42,-68,-23,-62,6,-23,-9,30,54,-28,27,-42,-29,-12,-7,47,95,88,-7,-12,-26,-6,-32,16,-21,36,136,72,-17,28,28,-16,42,18,64,426,-574,-161,-78,-43,-2,6,0,30,14,-11,31,1,20,-29,-8,12,-15,-40
701,85,-24,-1,-16,-30,-38,12,-42,-31,21,-25,-29,-11,-35,-9,2,-11,26,0,-4,9,-24,-73,-17,-27,54,-24,-21,2,-13,-26,-1,29,-44,13,-32,-6,-9,-10,28,-4,-9,-26,32,33,129,42,-68,-23,-62,6,-23,-9,30,54,-28,27,-42,-29,-12,-7,47,95,88,-7,-12,-26,-6,-32,16,-21,36,136,72,-17,28,28,-16,42,18,64,426,-574,-161,-78,-43,-2,6,0,30,14,-11,31,1,20,-29,-8,12,-15,-40,-10
702,-24,-1,-16,-30,-38,12,-42,-31,21,-25,-29,-11,-35,-9,2,-11,26,0,-4,9,-24,-73,-17,-27,54,-24,-21,2,-13,-26,-1,29,-44,13,-32,-6,-9,-10,28,-4,-9,-26,32,33,129,42,-68,-23,-62,6,-23,-9,30,54,-28,27,-42,-29,-12,-7,47,95,88,-7,-12,-26,-6,-32,16,-21,36,136,72,-17,28,28,-16,42,18,64,426,-574,-161,-78,-43,-2,6,0,30,14,-11,31,1,20,-29,-8,12,-15,-40,-10,-12
703,-1,-16,-30,-38,12,-42,-31,21,-25,-29,-11,-35,-9,2,-11,26,0,-4,9,-24,-73,-17,-27,54,-24,-21,2,-13,-26,-1,29,-44,13,-32,-6,-9,-10,28,-4,-9,-26,32,33,129,42,-68,-23,-62,6,-23,-9,30,54,-28,27,-42,-29,-12,-7,47,95,88,-7,-12,-26,-6,-32,16,-21,36,136,72,-17,28,28,-16,42,18,64,426,-574,-161,-78,-43,-2,6,0,30,14,-11,31,1,20,-29,-8,12,-15,-40,-10,-12,14
704,-16,-30,-38,12,-42,-31,21,-25,-29,-11,-35,-9,2,-11,26,0,-4,9,-24,-73,-17,-27,54,-24,-21,2,-13,-26,-1,29,-44,13,-32,-6,-9,-10,28,-4,-9,-26,32,33,129,42,-68,-23,-62,6,-23,-9,30,54,-28,27,-42,-29,-12,-7,47,95,88,-7,-12,-26,-6,-32,16,-21,36,136,72,-17,28,28,-16,42,18,64,426,-574,-161,-78,-43,-2,6,0,30,14,-11,31,1,20,-29,-8,12,-15,-40,-10,-12,14,-3
705,-30,-38,12,-42,-31,21,-25,-29,-11,-35,-9,2,-11,26,0,-4,9,-24,-73,-17,-27,54,-24,-21,2,-13,-26,-1,29,-44,13,-32,-6,-9,-10,28,-4,-9,-26,32,33,129,42,-68,-23,-62,6,-23,-9,30,54,-28,27,-42,-29,-12,-7,47,95,88,-7,-12,-26,-6,-32,16,-21,36,136,72,-17,28,28,-16,42,18,64,426,-574,-161,-78,-43,-2,6,0,30,14,-11,31,1,20,-29,-8,12,-15,-40,-10,-12,14,-3,3
706,-38,12,-42,-31,21,-25,-29,-11,-35,-9,2,-11,26,0,-4,9,-24,-73,-17,-27,54,-24,-21,2,-13,-26,-1,29,-44,13,-32,-6,-9,-10,28,-4,-9,-26,32,33,129,42,-68,-23,-62,6,-23,-9,30,54,-28,27,-42,-29,-12,-7,47,95,88,-7,-12,-26,-6,-32,16,-21,36,136,72,-17,28,28,-16,42,18,64,426,-574,-161,-78,-43,-2,6,0,30,14,-11,31,1,20,-29,-8,12,-15,-40,-10,-12,14,-3,3,-4
707,12,-42,-31,21,-25,-29,-11,-35,-9,2,-11,26,0,-4,9,-24,-73,-17,-27,54,-24,-21,2,-13,-26,-1,29,-44,13,-32,-6,-9,-10,28,-4,-9,-26,32,33,129,42,-68,-23,-62,6,-23,-9,30,54,-28,27,-42,-29,-12,-7,47,95,88,-7,-12,-26,-6,-32,16,-21,36,136,72,-17,28,28,-16,42,18,64,426,-574,-161,-78,-43,-2,6,0,30,14,-11,31,1,20,-29,-8,12,-15,-40,-10,-12,14,-3,3,-4,94
708,-42,-31,21,-25,-29,-11,-35,-9,2,-11,26,0,-4,9,-24,-73,-17,-27,54,-24,-21,2,-13,-26,-1,29,-44,13,-32,-6,-9,-10,28,-4,-9,-26,32,33,129,42,-68,-23,-62,6,-23,-9,30,54,-28,27,-42,-29,-12,-7,47,95,88,-7,-12,-26,-6,-32,16,-21,36,136,72,-17,28,28,-16,42,18,64,426,-574,-161,-78,-43,-2,6,0,30,14,-11,31,1,20,-29,-8,12,-15,-40,-10,-12,14,-3,3,-4,94,23
709,-31,21,-25,-29,-11,-35,-9,2,-11,26,0,-4,9,-24,-73,-17,-27,54,-24,-21,2,-13,-26,-1,29,-44,13,-32,-6,-9,-10,28,-4,-9,-26,32,33,129,42,-68,-23,-62,6,-23,-9,30,54,-28,27,-42,-29,-12,-7,47,95,88,-7,-12,-26,-6,-32,16,-21,36,136,72,-17,28,28,-16,42,18,64,426,-574,-161,-78,-43,-2,6,0,30,14,-11,31,1,20,-29,-8,12,-15,-40,-10,-12,14,-3,3,-4,94,23,-28
710,21,-25,-29,-11,-35,-9,2,-11,26,0,-4,9,-24,-73,-17,-27,54,-24,-21,2,-13,-26,-1,29,-44,13,-32,-6,-9,-10,28,-4,-9,-26,32,33,129,42,-68,-23,-62,6,-23,-9,30,54,-28,27,-42,-29,-12,-7,47,95,88,-7,-12,-26,-6,-32,16,-21,36,136,72,-17,28,28,-16,42,18,64,426,-574,-161,-78,-43,-2,6,0,30,14,-11,31,1,20,-29,-8,12,-15,-40,-10,-12,14,-3,3,-4,94,23,-28,12
711,-25,-29,-11,-35,-9,2,-11,26,0,-4,9,-24,-73,-17,-27,54,-24,-21,2,-13,-26,-1,29,-44,13,-32,-6,-9,-10,28,-4,-9,-26,32,33,129,42,-68,-23,-62,6,-23,-9,30,54,-28,27,-42,-29,-12,-7,47,95,88,-7,-12,-26,-6,-32,16,-21,36,136,72,-17,28,28,-16,42,18,64,426,-574,-161,-78,-43,-2,6,0,30,14,-11,31,1,20,-29,-8,12,-15,-40,-10,-12,14,-3,3,-4,94,23,-28,12,-15
712,-29,-11,-35,-9,2,-11,26,0,-4,9,-24,-73,-17,-27,54,-24,-21,2,-13,-26,-1,29,-44,13,-32,-6,-9,-10,28,-4,-9,-26,32,33,129,42,-68,-23,-62,6,-23,-9,30,54,-28,27,-42,-29,-12,-7,47,95,88,-7,-12,-26,-6,-32,16,-21,36,136,72,-17,28,28,-16,42,18,64,426,-574,-161,-78,-43,-2,6,0,30,14,-11,31,1,20,-29,-8,12,-15,-40,-10,-12,14,-3,3,-4,94,23,-28,12,-15,-28
713,-11,-35,-9,2,-11,26,0,-4,9,-24,-73,-17,-27,54,-24,-21,2,-13,-26,-1,29,-44,13,-32,-6,-9,-10,28,-4,-9,-26,32,33,129,42,-68,-23,-62,6,-23,-9,30,54,-28,27,-42,-29,-12,-7,47,95,88,-7,-12,-26,-6,-32,16,-21,36,136,72,-17,28,28,-16,42,18,64,426,-574,-161,-78,-43,-2,6,0,30,14,-11,31,1,20,-29,-8,12,-15,-40,-10,-12,14,-3,3,-4,94,23,-28,12,-15,-28,-10
714,-35,-9,2,-11,26,0,-4,9,-24,-73,-17,-27,54,-24,-21,2,-13,-26,-1,29,-44,13,-32,-6,-9,-10,28,-4,-9,-26,32,33,129,42,-68,-23,-62,6,-23,-9,30,54,-28,27,-42,-29,-12,-7,47,95,88,-7,-12,-26,-6,-32,16,-21,36,136,72,-17,28,28,-16,42,18,64,426,-574,-161,-78,-43,-2,6,0,30,14,-11,31,1,20,-29,-8,12,-15,-40,-10,-12,14,-3,3,-4,94,23,-28,12,-15,-28,-10,35
715,-9,2,-11,26,0,-4,9,-24,-73,-17,-27,54,-24,-21,2,-13,-26,-1,29,-44,13,-32,-6,-9,-10,28,-4,-9,-26,32,33,129,42,-68,-23,-62,6,-23,-9,30,54,-28,27,-42,-29,-12,-7,47,95,88,-7,-12,-26,-6,-32,16,-21,36,136,72,-17,28,28,-16,42,18,64,426,-574,-161,-78,-43,-2,6,0,30,14,-11,31,1,20,-29,-8,12,-15,-40,-10,-12,14,-3,3,-4,94,23,-28,12,-15,-28,-10,35,-5
716,2,-11,26,0,-4,9,-24,-73,-17,-27,54,-24,-21,2,-13,-26,-1,29,-44,13,-32,-6,-9,-10,28,-4,-9,-26,32,33,129,42,-68,-23,-62,6,-23,-9,30,54,-28,27,-42,-29,-12,-7,47,95,88,-7,-12,-26,-6,-32,16,-21,36,136,72,-17,28,28,-16,42,18,64,426,-574,-161,-78,-43,-2,6,0,30,14,-11,31,1,20,-29,-8,12,-15,-40,-10,-12,14,-3,3,-4,94,23,-28,12,-15,-28,-10,35,-5,13
717,-11,26,0,-4,9,-24,-73,-17,-27,54,-24,-21,2,-13,-26,-1,29,-44,13,-32,-6,-9,-10,28,-4,-9,-26,32,33,129,42,-68,-23,-62,6,-23,-9,30,54,-28,27,-42,-29,-12,-7,47,95,88,-7,-12,-26,-6,-32,16,-21,36,136,72,-17,28,28,-16,42,18,64,426,-574,-161,-78,-43,-2,6,0,30,14,-11,31,1,20,-29,-8,12,-15,-40,-10,-12,14,-3,3,-4,94,23,-28,12,-15,-28,-10,35,-5,13,-32
718,26,0,-4,9,-24,-73,-17,-27,54,-24,-21,2,-13,-26,-1,29,-44,13,-32,-6,-9,-10,28,-4,-9,-26,32,33,129,42,-68,-23,-62,6,-23,-9,30,54,-28,27,-42,-29,-12,-7,47,95,88,-7,-12,-26,-6,-32,16,-21,36,136,72,-17,28,28,-16,42,18,64,426,-574,-161,-78,-43,-2,6,0,30,14,-11,31,1,20,-29,-8,12,-15,-40,-10,-12,14,-3,3,-4,94,23,-28,12,-15,-28,-10,35,-5,13,-32,16
719,0,-4,9,-24,-73,-17,-27,54,-24,-21,2,-13,-26,-1,29,-44,13,-32,-6,-9,-10,28,-4,-9,-26,32,33,129,42,-68,-23,-62,6,-23,-9,30,54,-28,27,-42,-29,-12,-7,47,95,88,-7,-12,-26,-6,-32,16,-21,36,136,72,-17,28,28,-16,42,18,64,426,-574,-161,-78,-43,-2,6,0,30,14,-11,31,1,20,-29,-8,12,-15,-40,-10,-12,14,-3,3,-4,94,23,-28,12,-15,-28,-10,35,-5,13,-32,16,-42
720,-4,9,-24,-73,-17,-27,54,-24,-21,2,-13,-26,-1,29,-44,13,-32,-6,-9,-10,28,-4,-9,-26,32,33,129,42,-68,-23,-62,6,-23,-9,30,54,-28,27,-42,-29,-12,-7,47,95,88,-7,-12,-26,-6,-32,16,-21,36,136,72,-17,28,28,-16,42,18,64,426,-574,-161,-78,-43,-2,6,0,30,14,-11,31,1,20,-29,-8,12,-15,-40,-10,-12,14,-3,3,-4,94,23,-28,12,-15,-28,-10,35,-5,13,-32,16,-42,-15
721,9,-24,-73,-17,-27,54,-24,-21,2,-13,-26,-1,29,-44,13,-32,-6,-9,-10,28,-4,-9,-26,32,33,129,42,-68,-23,-62,6,-23,-9,30,54,-28,27,-42,-29,-12,-7,47,95,88,-7,-12,-26,-6,-32,16,-21,36,136,72,-17,28,28,-16,42,18,64,426,-574,-161,-78,-43,-2,6,0,30,14,-11,31,1,20,-29,-8,12,-15,-40,-10,-12,14,-3,3,-4,94,23,-28,12,-15,-28,-10,35,-5,13,-32,16,-42,-15,27
722,-24,-73,-17,-27,54,-24,-21,2,-13,-26,-1,29,-44,13,-32,-6,-9,-10,28,-4,-9,-26,32,33,129,42,-68,-23,-62,6,-23,-9,30,54,-28,27,-42,-29,-12,-7,47,95,88,-7,-12,-26,-6,-32,16,-21,36,136,72,-17,28,28,-16,42,18,64,426,-574,-161,-78,-43,-2,6,0,30,14,-11,31,1,20,-29,-8,12,-15,-40,-10,-12,14,-3,3,-4,94,23,-28,12,-15,-28,-10,35,-5,13,-32,16,-42,-15,27,-13
723,-73,-17,-27,54,-24,-21,2,-13,-26,-1,29,-44,13,-32,-6,-9,-10,28,-4,-9,-26,32,33,129,42,-68,-23,-62,6,-23,-9,30,54,-28,27,-42,-29,-12,-7,47,95,88,-7,-12,-26,-6,-32,16,-21,36,136,72,-17,28,28,-16,42,18,64,426,-574,-161,-78,-43,-2,6,0,30,14,-11,31,1,20,-29,-8,12,-15,-40,-10,-12,14,-3,3,-4,94,23,-28,12,-15,-28,-10,35,-5,13,-32,16,-42,-15,27,-13,5
724,-17,-27,54,-24,-21,2,-13,-26,-1,29,-44,13,-32,-6,-9,-10,28,-4,-9,-26,32,33,129,42,-68,-23,-62,6,-23,-9,30,54,-28,27,-42,-29,-12,-7,47,95,88,-7,-12,-26,-6,-32,16,-21,36,136,72,-17,28,28,-16,42,18,64,426,-574,-161,-78,-43,-2,6,0,30,14,-11,31,1,20,-29,-8,12,-15,-40,-10,-12,14,-3,3,-4,94,23,-28,12,-15,-28,-10,35,-5,13,-32,16,-42,-15,27,-13,5,28
725,-27,54,-24,-21,2,-13,-26,-1,29,-44,13,-32,-6,-9,-10,28,-4,-9,-26,32,33,129,42,-68,-23,-62,6,-23,-9,30,54,-28,27,-42,-29,-12,-7,47,95,88,-7,-12,-26,-6,-32,16,-21,36,136,72,-17,28,28,-16,42,18,64,426,-574,-161,-78,-43,-2,6,0,30,14,-11,31,1,20,-29,-8,12,-15,-40,-10,-12,14,-3,3,-4,94,23,-28,12,-15,-28,-10,35,-5,13,-32,16,-42,-15,27,-13,5,28,45
726,54,-24,-21,2,-13,-26,-1,29,-44,13,-32,-6,-9,-10,28,-4,-9,-26,32,33,129,42,-68,-23,-62,6,-23,-9,30,54,-28,27,-42,-29,-12,-7,47,95,88,-7,-12,-26,-6,-32,16,-21,36,136,72,-17,28,28,-16,42,18,64,426,-574,-161,-78,-43,-2,6,0,30,14,-11,31,1,20,-29,-8,12,-15,-40,-10,-12,14,-3,3,-4,94,23,-28,12,-15,-28,-10,35,-5,13,-32,16,-42,-15,27,-13,5,28,45,5
727,-24,-21,2,-13,-26,-1,29,-44,13,-32,-6,-9,-10,28,-4,-9,-26,32,33,129,42,-68,-23,-62,6,-23,-9,30,54,-28,27,-42,-29,-12,-7,47,95,88,-7,-12,-26,-6,-32,16,-21,36,136,72,-17,28,28,-16,42,18,64,426,-574,-161,-78,-43,-2,6,0,30,14,-11,31,1,20,-29,-8,12,-15,-40,-10,-12,14,-3,3,-4,94,23,-28,12,-15,-28,-10,35,-5,13,-32,16,-42,-15,27,-13,5,28,45,5,-20
728,-21,2,-13,-26,-1,29,-44,13,-32,-6,-9,-10,28,-4,-9,-26,32,33,129,42,-68,-23,-62,6,-23,-9,30,54,-28,27,-42,-29,-12,-7,47,95,88,-7,-12,-26,-6,-32,16,-21,36,136,72,-17,28,28,-16,42,18,64,426,-574,-161,-78,-43,-2,6,0,30,14,-11,31,1,20,-29,-8,12,-15,-40,-10,-12,14,-3,3,-4,94,23,-28,12,-15,-28,-10,35,-5,13,-32,16,-42,-15,27,-13,5,28,45,5,-20,-22
729,2,-13,-26,-1,29,-44,13,-32,-6,-9,-10,28,-4,-9,-26,32,33,129,42,-68,-23,-62,6,-23,-9,30,54,-28,27,-42,-29,-12,-7,47,95,88,-7,-12,-26,-6,-32,16,-21,36,136,72,-17,28,28,-16,42,18,64,426,-574,-161,-78,-43,-2,6,0,30,14,-11,31,1,20,-29,-8,12,-15,-40,-10,-12,14,-3,3,-4,94,23,-28,12,-15,-28,-10,35,-5,13,-32,16,-42,-15,27,-13,5,28,45,5,-20,-22,-4
730,-13,-26,-1,29,-44,13,-32,-6,-9,-10,28,-4,-9,-26,32,33,129,42,-68,-23,-62,6,-23,-9,30,54,-28,27,-42,-29,-12,-7,47,95,88,-7,-12,-26,-6,-32,16,-21,36,136,72,-17,28,28,-16,42,18,64,426,-574,-161,-78,-43,-2,6,0,30,14,-11,31,1,20,-29,-8,12,-15,-40,-10,-12,14,-3,3,-4,94,23,-28,12,-15,-28,-10,35,-5,13,-32,16,-42,-15,27,-13,5,28,45,5,-20,-22,-4,17
731,-26,-1,29,-44,13,-32,-6,-9,-10,28,-4,-9,-26,32,33,129,42,-68,-23,-62,6,-23,-9,30,54,-28,27,-42,-29,-12,-7,47,95,88,-7,-12,-26,-6,-32,16,-21,36,136,72,-17,28,28,-16,42,18,64,426,-574,-161,-78,-43,-2,6,0,30,14,-11,31,1,20,-29,-8,12,-15,-40,-10,-12,14,-3,3,-4,94,23,-28,12,-15,-28,-10,35,-5,13,-32,16,-42,-15,27,-13,5,28,45,5,-20,-22,-4,17,-9
732,-1,29,-44,13,-32,-6,-9,-10,28,-4,-9,-26,32,33,129,42,-68,-23,-62,6,-23,-9,30,54,-28,27,-42,-29,-12,-7,47,95,88,-7,-12,-26,-6,-32,16,-21,36,136,72,-17,28,28,-16,42,18,64,426,-574,-161,-78,-43,-2,6,0,30,14,-11,31,1,20,-29,-8,12,-15,-40,-10,-12,14,-3,3,-4,94,23,-28,12,-15,-28,-10,35,-5,13,-32,16,-42,-15,27,-13,5,28,45,5,-20,-22,-4,17,-9,30
733,29,-44,13,-32,-6,-9,-10,28,-4,-9,-26,32,33,129,42,-68,-23,-62,6,-23,-9,30,54,-28,27,-42,-29,-12,-7,47,95,88,-7,-12,-26,-6,-32,16,-21,36,136,72,-17,28,28,-16,42,18,64,426,-574,-161,-78,-43,-2,6,0,30,14,-11,31,1,20,-29,-8,12,-15,-40,-10,-12,14,-3,3,-4,94,23,-28,12,-15,-28,-10,35,-5,13,-32,16,-42,-15,27,-13,5,28,45,5,-20,-22,-4,17,-9,30,-57
734,-44,13,-32,-6,-9,-10,28,-4,-9,-26,32,33,129,42,-68,-23,-62,6,-23,-9,30,54,-28,27,-42,-29,-12,-7,47,95,88,-7,-12,-26,-6,-32,16,-21,36,136,72,-17,28,28,-16,42,18,64,426,-574,-161,-78,-43,-2,6,0,30,14,-11,31,1,20,-29,-8,12,-15,-40,-10,-12,14,-3,3,-4,94,23,-28,12,-15,-28,-10,35,-5,13,-32,16,-42,-15,27,-13,5,28,45,5,-20,-22,-4,17,-9,30,-57,59
735,13,-32,-6,-9,-10,28,-4,-9,-26,32,33,129,42,-68,-23,-62,6,-23,-9,30,54,-28,27,-42,-29,-12,-7,47,95,88,-7,-12,-26,-6,-32,16,-21,36,136,72,-17,28,28,-16,42,18,64,426,-574,-161,-78,-43,-2,6,0,30,14,-11,31,1,20,-29,-8,12,-15,-40,-10,-12,14,-3,3,-4,94,23,-28,12,-15,-28,-10,35,-5,13,-32,16,-42,-15,27,-13,5,28,45,5,-20,-22,-4,17,-9,30,-57,59,-64
736,-32,-6,-9,-10,28,-4,-9,-26,32,33,129,42,-68,-23,-62,6,-23,-9,30,54,-28,27,-42,-29,-12,-7,47,95,88,-7,-12,-26,-6,-32,16,-21,36,136,72,-17,28,28,-16,42,18,64,426,-574,-161,-78,-43,-2,6,0,30,14,-11,31,1,20,-29,-8,12,-15,-40,-10,-12,14,-3,3,-4,94,23,-28,12,-15,-28,-10,35,-5,13,-32,16,-42,-15,27,-13,5,28,45,5,-20,-22,-4,17,-9,30,-57,59,-64,29
737,-6,-9,-10,28,-4,-9,-26,32,33,129,42,-68,-23,-62,6,-23,-9,30,54,-28,27,-42,-29,-12,-7,47,95,88,-7,-12,-26,-6,-32,16,-21,36,136,72,-17,28,28,-16,42,18,64,426,-574,-161,-78,-43,-2,6,0,30,14,-11,31,1,20,-29,-8,12,-15,-40,-10,-12,14,-3,3,-4,94,23,-28,12,-15,-28,-10,35,-5,13,-32,16,-42,-15,27,-13,5,28,45,5,-20,-22,-4,17,-9,30,-57,59,-64,29,11
738,-9,-10,28,-4,-9,-26,32,33,129,42,-68,-23,-62,6,-23,-9,30,54,-28,27,-42,-29,-12,-7,47,95,88,-7,-12,-26,-6,-32,16,-21,36,136,72,-17,28,28,-16,42,18,64,426,-574,-161,-78,-43,-2,6,0,30,14,-11,31,1,20,-29,-8,12,-15,-40,-10,-12,14,-3,3,-4,94,23,-28,12,-15,-28,-10,35,-5,13,-32,16,-42,-15,27,-13,5,28,45,5,-20,-22,-4,17,-9,30,-57,59,-64,29,11,-1
739,-10,28,-4,-9,-26,32,33,129,42,-68,-23,-62,6,-23,-9,30,54,-28,27,-42,-29,-12,-7,47,95,88,-7,-12,-26,-6,-32,16,-21,36,136,72,-17,28,28,-16,42,18,64,426,-574,-161,-78,-43,-2,6,0,30,14,-11,31,1,20,-29,-8,12,-15,-40,-10,-12,14,-3,3,-4,94,23,-28,12,-15,-28,-10,35,-5,13,-32,16,-42,-15,27,-13,5,28,45,5,-20,-22,-4,17,-9,30,-57,59,-64,29,11,-1,10
740,28,-4,-9,-26,32,33,129,42,-68,-23,-62,6,-23,-9,30,54,-28,27,-42,-29,-12,-7,47,95,88,-7,-12,-26,-6,-32,16,-21,36,136,72,-17,28,28,-16,42,18,64,426,-574,-161,-78,-43,-2,6,0,30,14,-11,31,1,20,-29,-8,12,-15,-40,-10,-12,14,-3,3,-4,94,23,-28,12,-15,-28,-10,35,-5,13,-32,16,-42,-15,27,-13,5,28,45,5,-20,-22,-4,17,-9,30,-57,59,-64,29,11,-1,10,-23
741,-4,-9,-26,32,33,129,42,-68,-23,-62,6,-23,-9,30,54,-28,27,-42,-29,-12,-7,47,95,88,-7,-12,-26,-6,-32,16,-21,36,136,72,-17,28,28,-16,42,18,64,426,-574,-161,-78,-43,-2,6,0,30,14,-11,31,1,20,-29,-8,12,-15,-40,-10,-12,14,-3,3,-4,94,23,-28,12,-15,-28,-10,35,-5,13,-32,16,-42,-15,27,-13,5,28,45,5,-20,-22,-4,17,-9,30,-57,59,-64,29,11,-1,10,-23,30
742,-9,-26,32,33,129,42,-68,-23,-62,6,-23,-9,30,54,-28,27,-42,-29,-12,-7,47,95,88,-7,-12,-26,-6,-32,16,-21,36,136,72,-17,28,28,-16,42,18,64,426,-574,-161,-78,-43,-2,6,0,30,14,-11,31,1,20,-29,-8,12,-15,-40,-10,-12,14,-3,3,-4,94,23,-28,12,-15,-28,-10,35,-5,13,-32,16,-42,-15,27,-13,5,28,45,5,-20,-22,-4,17,-9,30,-57,59,-64,29,11,-1,10,-23,30,21
743,-26,32,33,129,42,-68,-23,-62,6,-23,-9,30,54,-28,27,-42,-29,-12,-7,47,95,88,-7,-12,-26,-6,-32,16,-21,36,136,72,-17,28,28,-16,42,18,64,426,-574,-161,-78,-43,-2,6,0,30,14,-11,31,1,20,-29,-8,12,-15,-40,-10,-12,14,-3,3,-4,94,23,-28,12,-15,-28,-10,35,-5,13,-32,16,-42,-15,27,-13,5,28,45,5,-20,-22,-4,17,-9,30,-57,59,-64,29,11,-1,10,-23,30,21,2
744,32,33,129,42,-68,-23,-62,6,-23,-9,30,54,-28,27,-42,-29,-12,-7,47,95,88,-7,-12,-26,-6,-32,16,-21,36,136,72,-17,28,28,-16,42,18,64,426,-574,-161,-78,-43,-2,6,0,30,14,-11,31,1,20,-29,-8,12,-15,-40,-10,-12,14,-3,3,-4,94,23,-28,12,-15,-28,-10,35,-5,13,-32,16,-42,-15,27,-13,5,28,45,5,-20,-22,-4,17,-9,30,-57,59,-64,29,11,-1,10,-23,30,21,2,-9
745,33,129,42,-68,-23,-62,6,-23,-9,30,54,-28,27,-42,-29,-12,-7,47,95,88,-7,-12,-26,-6,-32,16,-21,36,136,72,-17,28,28,-16,42,18,64,426,-574,-161,-78,-43,-2,6,0,30,14,-11,31,1,20,-29,-8,12,-15,-40,-10,-12,14,-3,3,-4,94,23,-28,12,-15,-28,-10,35,-5,13,-32,16,-42,-15,27,-13,5,28,45,5,-20,-22,-4,17,-9,30,-57,59,-64,29,11,-1,10,-23,30,21,2,-9,35
746,129,42,-68,-23,-62,6,-23,-9,30,54,-28,27,-42,-29,-12,-7,47,95,88,-7,-12,-26,-6,-32,16,-21,36,136,72,-17,28,28,-16,42,18,64,426,-574,-161,-78,-43,-2,6,0,30,14,-11,31,1,20,-29,-8,12,-15,-40,-10,-12,14,-3,3,-4,94,23,-28,12,-15,-28,-10,35,-5,13,-32,16,-42,-15,27,-13,5,28,45,5,-20,-22,-4,17,-9,30,-57,59,-64,29,11,-1,10,-23,30,21,2,-9,35,-20
747,42,-68,-23,-62,6,-23,-9,30,54,-28,27,-42,-29,-12,-7,47,95,88,-7,-12,-26,-6,-32,16,-21,36,136,72,-17,28,28,-16,42,18,64,426,-574,-161,-78,-43,-2,6,0,30,14,-11,31,1,20,-29,-8,12,-15,-40,-10,-12,14,-3,3,-4,94,23,-28,12,-15,-28,-10,35,-5,13,-32,16,-42,-15,27,-13,5,28,45,5,-20,-22,-4,17,-9,30,-57,59,-64,29,11,-1,10,-23,30,21,2,-9,35,-20,18
748,-68,-23,-62,6,-23,-9,30,54,-28,27,-42,-29,-12,-7,47,95,88,-7,-12,-26,-6,-32,16,-21,36,136,72,-17,28,28,-16,42,18,64,426,-574,-161,-78,-43,-2,6,0,30,14,-11,31,1,20,-29,-8,12,-15,-40,-10,-12,14,-3,3,-4,94,23,-28,12,-15,-28,-10,35,-5,13,-32,16,-42,-15,27,-13,5,28,45,5,-20,-22,-4,17,-9,30,-57,59,-64,29,11,-1,10,-23,30,21,2,-9,35,-20,18,-8
749,-23,-62,6,-23,-9,30,54,-28,27,-42,-29,-12,-7,47,95,88,-7,-12,-26,-6,-32,16,-21,36,136,72,-17,28,28,-16,42,18,64,426,-574,-161,-78,-43,-2,6,0,30,14,-11,31,1,20,-29,-8,12,-15,-40,-10,-12,14,-3,3,-4,94,23,-28,12,-15,-28,-10,35,-5,13,-32,16,-42,-15,27,-13,5,28,45,5,-20,-22,-4,17,-9,30,-57,59,-64,29,11,-1,10,-23,30,21,2,-9,35,-20,18,-8,15
750,-62,6,-23,-9,30,54,-28,27,-42,-29,-12,-7,47,95,88,-7,-12,-26,-6,-32,16,-21,36,136,72,-17,28,28,-16,42,18,64,426,-574,-161,-78,-43,-2,6,0,30,14,-11,31,1,20,-29,-8,12,-15,-40,-10,-12,14,-3,3,-4,94,23,-28,12,-15,-28,-10,35,-5,13,-32,16,-42,-15,27,-13,5,28,45,5,-20,-22,-4,17,-9,30,-57,59,-64,29,11,-1,10,-23,30,21,2,-9,35,-20,18,-8,15,41
751,6,-23,-9,30,54,-28,27,-42,-29,-12,-7,47,95,88,-7,-12,-26,-6,-32,16,-21,36,136,72,-17,28,28,-16,42,18,64,426,-574,-161,-78,-43,-2,6,0,30,14,-11,31,1,20,-29,-8,12,-15,-40,-10,-12,14,-3,3,-4,94,23,-28,12,-15,-28,-10,35,-5,13,-32,16,-42,-15,27,-13,5,28,45,5,-20,-22,-4,17,-9,30,-57,59,-64,29,11,-1,10,-23,30,21,2,-9,35,-20,18,-8,15,41,114
752,-23,-9,30,54,-28,27,-42,-29,-12,-7,47,95,88,-7,-12,-26,-6,-32,16,-21,36,136,72,-17,28,28,-16,42,18,64,426,-574,-161,-78,-43,-2,6,0,30,14,-11,31,1,20,-29,-8,12,-15,-40,-10,-12,14,-3,3,-4,94,23,-28,12,-15,-28,-10,35,-5,13,-32,16,-42,-15,27,-13,5,28,45,5,-20,-22,-4,17,-9,30,-57,59,-64,29,11,-1,10,-23,30,21,2,-9,35,-20,18,-8,15,41,114,-23
753,-9,30,54,-28,27,-42,-29,-12,-7,47,95,88,-7,-12,-26,-6,-32,16,-21,36,136,72,-17,28,28,-16,42,18,64,426,-574,-161,-78,-43,-2,6,0,30,14,-11,31,1,20,-29,-8,12,-15,-40,-10,-12,14,-3,3,-4,94,23,-28,12,-15,-28,-10,35,-5,13,-32,16,-42,-15,27,-13,5,28,45,5,-20,-22,-4,17,-9,30,-57,59,-64,29,11,-1,10,-23,30,21,2,-9,35,-20,18,-8,15,41,114,-23,-28
754,30,54,-28,27,-42,-29,-12,-7,47,95,88,-7,-12,-26,-6,-32,16,-21,36,136,72,-17,28,28,-16,42,18,64,426,-574,-161,-78,-43,-2,6,0,30,14,-11,31,1,20,-29,-8,12,-15,-40,-10,-12,14,-3,3,-4,94,23,-28,12,-15,-28,-10,35,-5,13,-32,16,-42,-15,27,-13,5,28,45,5,-20,-22,-4,17,-9,30,-57,59,-64,29,11,-1,10,-23,30,21,2,-9,35,-20,18,-8,15,41,114,-23,-28,33
755,54,-28,27,-42,-29,-12,-7,47,95,88,-7,-12,-26,-6,-32,16,-21,36,136,72,-17,28,28,-16,42,18,64,426,-574,-161,-78,-43,-2,6,0,30,14,-11,31,1,20,-29,-8,12,-15,-40,-10,-12,14,-3,3,-4,94,23,-28,12,-15,-28,-10,35,-5,13,-32,16,-42,-15,27,-13,5,28,45,5,-20,-22,-4,17,-9,30,-57,59,-64,29,11,-1,10,-23,30,21,2,-9,35,-20,18,-8,15,41,114,-23,-28,33,4
756,-28,27,-42,-29,-12,-7,47,95,88,-7,-12,-26,-6,-32,16,-21,36,136,72,-17,28,28,-16,42,18,64,426,-574,-161,-78,-43,-2,6,0,30,14,-11,31,1,20,-29,-8,12,-15,-40,-10,-12,14,-3,3,-4,94,23,-28,12,-15,-28,-10,35,-5,13,-32,16,-42,-15,27,-13,5,28,45,5,-20,-22,-4,17,-9,30,-57,59,-64,29,11,-1,10,-23,30,21,2,-9,35,-20,18,-8,15,41,114,-23,-28,33,4,37
757,27,-42,-29,-12,-7,47,95,88,-7,-12,-26,-6,-32,16,-21,36,136,72,-17,28,28,-16,42,18,64,426,-574,-161,-78,-43,-2,6,0,30,14,-11,31,1,20,-29,-8,12,-15,-40,-10,-12,14,-3,3,-4,94,23,-28,12,-15,-28,-10,35,-5,13,-32,16,-42,-15,27,-13,5,28,45,5,-20,-22,-4,17,-9,30,-57,59,-64,29,11,-1,10,-23,30,21,2,-9,35,-20,18,-8,15,41,114,-23,-28,33,4,37,59
758,-42,-29,-12,-7,47,95,88,-7,-12,-26,-6,-32,16,-21,36,136,72,-17,28,28,-16,42,18,64,426,-574,-161,-78,-43,-2,6,0,30,14,-11,31,1,20,-29,-8,12,-15,-40,-10,-12,14,-3,3,-4,94,23,-28,12,-15,-28,-10,35,-5,13,-32,16,-42,-15,27,-13,5,28,45,5,-20,-22,-4,17,-9,30,-57,59,-64,29,11,-1,10,-23,30,21,2,-9,35,-20,18,-8,15,41,114,-23,-28,33,4,37,59,72
759,-29,-12,-7,47,95,88,-7,-12,-26,-6,-32,16,-21,36,136,72,-17,28,28,-16,42,18,64,426,-574,-161,-78,-43,-2,6,0,30,14,-11,31,1,20,-29,-8,12,-15,-40,-10,-12,14,-3,3,-4,94,23,-28,12,-15,-28,-10,35,-5,13,-32,16,-42,-15,27,-13,5,28,45,5,-20,-22,-4,17,-9,30,-57,59,-64,29,11,-1,10,-23,30,21,2,-9,35,-20,18,-8,15,41,114,-23,-28,33,4,37,59,72,-5
760,-12,-7,47,95,88,-7,-12,-26,-6,-32,16,-21,36,136,72,-17,28,28,-16,42,18,64,426,-574,-161,-78,-43,-2,6,0,30,14,-11,31,1,20,-29,-8,12,-15,-40,-10,-12,14,-3,3,-4,94,23,-28,12,-15,-28,-10,35,-5,13,-32,16,-42,-15,27,-13,5,28,45,5,-20,-22,-4,17,-9,30,-57,59,-64,29,11,-1,10,-23,30,21,2,-9,35,-20,18,-8,15,41,114,-23,-28,33,4,37,59,72,-5,-1
761,-7,47,95,88,-7,-12,-26,-6,-32,16,-21,36,136,72,-17,28,28,-16,42,18,64,426,-574,-161,-78,-43,-2,6,0,30,14,-11,31,1,20,-29,-8,12,-15,-40,-10,-12,14,-3,3,-4,94,23,-28,12,-15,-28,-10,35,-5,13,-32,16,-42,-15,27,-13,5,28,45,5,-20,-22,-4,17,-9,30,-57,59,-64,29,11,-1,10,-23,30,21,2,-9,35,-20,18,-8,15,41,114,-23,-28,33,4,37,59,72,-5,-1,-10
762,47,95,88,-7,-12,-26,-6,-32,16,-21,36,136,72,-17,28,28,-16,42,18,64,426,-574,-161,-78,-43,-2,6,0,30,14,-11,31,1,20,-29,-8,12,-15,-40,-10,-12,14,-3,3,-4,94,23,-28,12,-15,-28,-10,35,-5,13,-32,16,-42,-15,27,-13,5,28,45,5,-20,-22,-4,17,-9,30,-57,59,-64,29,11,-1,10,-23,30,21,2,-9,35,-20,18,-8,15,41,114,-23,-28,33,4,37,59,72,-5,-1,-10,33
763,95,88,-7,-12,-26,-6,-32,16,-21,36,136,72,-17,28,28,-16,42,18,64,426,-574,-161,-78,-43,-2,6,0,30,14,-11,31,1,20,-29,-8,12,-15,-40,-10,-12,14,-3,3,-4,94,23,-28,12,-15,-28,-10,35,-5,13,-32,16,-42,-15,27,-13,5,28,45,5,-20,-22,-4,17,-9,30,-57,59,-64,29,11,-1,10,-23,30,21,2,-9,35,-20,18,-8,15,41,114,-23,-28,33,4,37,59,72,-5,-1,-10,33,23
764,88,-7,-12,-26,-6,-32,16,-21,36,136,72,-17,28,28,-16,42,18,64,426,-574,-161,-78,-43,-2,6,0,30,14,-11,31,1,20,-29,-8,12,-15,-40,-10,-12,14,-3,3,-4,94,23,-28,12,-15,-28,-10,35,-5,13,-32,16,-42,-15,27,-13,5,28,45,5,-20,-22,-4,17,-9,30,-57,59,-64,29,11,-1,10,-23,30,21,2,-9,35,-20,18,-8,15,41,114,-23,-28,33,4,37,59,72,-5,-1,-10,33,23,-32
765,-7,-12,-26,-6,-32,16,-21,36,136,72,-17,28,28,-16,42,18,64,426,-574,-161,-78,-43,-2,6,0,30,14,-11,31,1,20,-29,-8,12,-15,-40,-10,-12,14,-3,3,-4,94,23,-28,12,-15,-28,-10,35,-5,13,-32,16,-42,-15,27,-13,5,28,45,5,-20,-22,-4,17,-9,30,-57,59,-64,29,11,-1,10,-23,30,21,2,-9,35,-20,18,-8,15,41,114,-23,-28,33,4,37,59,72,-5,-1,-10,33,23,-32,-58
766,-12,-26,-6,-32,16,-21,36,136,72,-17,28,28,-16,42,18,64,426,-574,-161,-78,-43,-2,6,0,30,14,-11,31,1,20,-29,-8,12,-15,-40,-10,-12,14,-3,3,-4,94,23,-28,12,-15,-28,-10,35,-5,13,-32,16,-42,-15,27,-13,5,28,45,5,-20,-22,-4,17,-9,30,-57,59,-64,29,11,-1,10,-23,30,21,2,-9,35,-20,18,-8,15,41,114,-23,-28,33,4,37,59,72,-5,-1,-10,33,23,-32,-58,-107
767,-26,-6,-32,16,-21,36,136,72,-17,28,28,-16,42,18,64,426,-574,-161,-78,-43,-2,6,0,30,14,-11,31,1,20,-29,-8,12,-15,-40,-10,-12,14,-3,3,-4,94,23,-28,12,-15,-28,-10,35,-5,13,-32,16,-42,-15,27,-13,5,28,45,5,-20,-22,-4,17,-9,30,-57,59,-64,29,11,-1,10,-23,30,21,2,-9,35,-20,18,-8,15,41,114,-23,-28,33,4,37,59,72,-5,-1,-10,33,23,-32,-58,-107,58
768,-6,-32,16,-21,36,136,72,-17,28,28,-16,42,18,64,426,-574,-161,-78,-43,-2,6,0,30,14,-11,31,1,20,-29,-8,12,-15,-40,-10,-12,14,-3,3,-4,94,23,-28,12,-15,-28,-10,35,-5,13,-32,16,-42,-15,27,-13,5,28,45,5,-20,-22,-4,17,-9,30,-57,59,-64,29,11,-1,10,-23,30,21,2,-9,35,-20,18,-8,15,41,114,-23,-28,33,4,37,59,72,-5,-1,-10,33,23,-32,-58,-107,58,-71
769,-32,16,-21,36,136,72,-17,28,28,-16,42,18,64,426,-574,-161,-78,-43,-2,6,0,30,14,-11,31,1,20,-29,-8,12,-15,-40,-10,-12,14,-3,3,-4,94,23,-28,12,-15,-28,-10,35,-5,13,-32,16,-42,-15,27,-13,5,28,45,5,-20,-22,-4,17,-9,30,-57,59,-64,29,11,-1,10,-23,30,21,2,-9,35,-20,18,-8,15,41,114,-23,-28,33,4,37,59,72,-5,-1,-10,33,23,-32,-58,-107,58,-71,-126
770,16,-21,36,136,72,-17,28,28,-16,42,18,64,426,-574,-161,-78,-43,-2,6,0,30,14,-11,31,1,20,-29,-8,12,-15,-40,-10,-12,14,-3,3,-4,94,23,-28,12,-15,-28,-10,35,-5,13,-32,16,-42,-15,27,-13,5,28,45,5,-20,-22,-4,17,-9,30,-57,59,-64,29,11,-1,10,-23,30,21,2,-9,35,-20,18,-8,15,41,114,-23,-28,33,4,37,59,72,-5,-1,-10,33,23,-32,-58,-107,58,-71,-126,5
771,-21,36,136,72,-17,28,28,-16,42,18,64,426,-574,-161,-78,-43,-2,6,0,30,14,-11,31,1,20,-29,-8,12,-15,-40,-10,-12,14,-3,3,-4,94,23,-28,12,-15,-28,-10,35,-5,13,-32,16,-42,-15,27,-13,5,28,45,5,-20,-22,-4,17,-9,30,-57,59,-64,29,11,-1,10,-23,30,21,2,-9,35,-20,18,-8,15,41,114,-23,-28,33,4,37,59,72,-5,-1,-10,33,23,-32,-58,-107,58,-71,-126,5,34
772,36,136,72,-17,28,28,-16,42,18,64,426,-574,-161,-78,-43,-2,6,0,30,14,-11,31,1,20,-29,-8,12,-15,-40,-10,-12,14,-3,3,-4,94,23,-28,12,-15,-28,-10,35,-5,13,-32,16,-42,-15,27,-13,5,28,45,5,-20,-22,-4,17,-9,30,-57,59,-64,29,11,-1,10,-23,30,21,2,-9,35,-20,18,-8,15,41,114,-23,-28,33,4,37,59,72,-5,-1,-10,33,23,-32,-58,-107,58,-71,-126,5,34,3
773,136,72,-17,28,28,-16,42,18,64,426,-574,-161,-78,-43,-2,6,0,30,14,-11,31,1,20,-29,-8,12,-15,-40,-10,-12,14,-3,3,-4,94,23,-28,12,-15,-28,-10,35,-5,13,-32,16,-42,-15,27,-13,5,28,45,5,-20,-22,-4,17,-9,30,-57,59,-64,29,11,-1,10,-23,30,21,2,-9,35,-20,18,-8,15,41,114,-23,-28,33,4,37,59,72,-5,-1,-10,33,23,-32,-58,-107,58,-71,-126,5,34,3,-16
774,72,-17,28,28,-16,42,18,64,426,-574,-161,-78,-43,-2,6,0,30,14,-11,31,1,20,-29,-8,12,-15,-40,-10,-12,14,-3,3,-4,94,23,-28,12,-15,-28,-10,35,-5,13,-32,16,-42,-15,27,-13,5,28,45,5,-20,-22,-4,17,-9,30,-57,59,-64,29,11,-1,10,-23,30,21,2,-9,35,-20,18,-8,15,41,114,-23,-28,33,4,37,59,72,-5,-1,-10,33,23,-32,-58,-107,58,-71,-126,5,34,3,-16,-14
775,-17,28,28,-16,42,18,64,426,-574,-161,-78,-43,-2,6,0,30,14,-11,31,1,20,-29,-8,12,-15,-40,-10,-12,14,-3,3,-4,94,23,-28,12,-15,-28,-10,35,-5,13,-32,16,-42,-15,27,-13,5,28,45,5,-20,-22,-4,17,-9,30,-57,59,-64,29,11,-1,10,-23,30,21,2,-9,35,-20,18,-8,15,41,114,-23,-28,33,4,37,59,72,-5,-1,-10,33,23,-32,-58,-107,58,-71,-126,5,34,3,-16,-14,-20
776,28,28,-16,42,18,64,426,-574,-161,-78,-43,-2,6,0,30,14,-11,31,1,20,-29,-8,12,-15,-40,-10,-12,14,-3,3,-4,94,23,-28,12,-15,-28,-10,35,-5,13,-32,16,-42,-15,27,-13,5,28,45,5,-20,-22,-4,17,-9,30,-57,59,-64,29,11,-1,10,-23,30,21,2,-9,35,-20,18,-8,15,41,114,-23,-28,33,4,37,59,72,-5,-1,-10,33,23,-32,-58,-107,58,-71,-126,5,34,3,-16,-14,-20,-73
777,28,-16,42,18,64,426,-574,-161,-78,-43,-2,6,0,30,14,-11,31,1,20,-29,-8,12,-15,-40,-10,-12,14,-3,3,-4,94,23,-28,12,-15,-28,-10,35,-5,13,-32,16,-42,-15,27,-13,5,28,45,5,-20,-22,-4,17,-9,30,-57,59,-64,29,11,-1,10,-23,30,21,2,-9,35,-20,18,-8,15,41,114,-23,-28,33,4,37,59,72,-5,-1,-10,33,23,-32,-58,-107,58,-71,-126,5,34,3,-16,-14,-20,-73,52
778,-16,42,18,64,426,-574,-161,-78,-43,-2,6,0,30,14,-11,31,1,20,-29,-8,12,-15,-40,-10,-12,14,-3,3,-4,94,23,-28,12,-15,-28,-10,35,-5,13,-32,16,-42,-15,27,-13,5,28,45,5,-20,-22,-4,17,-9,30,-57,59,-64,29,11,-1,10,-23,30,21,2,-9,35,-20,18,-8,15,41,114,-23,-28,33,4,37,59,72,-5,-1,-10,33,23,-32,-58,-107,58,-71,-126,5,34,3,-16,-14,-20,-73,52,42
779,42,18,64,426,-574,-161,-78,-43,-2,6,0,30,14,-11,31,1,20,-29,-8,12,-15,-40,-10,-12,14,-3,3,-4,94,23,-28,12,-15,-28,-10,35,-5,13,-32,16,-42,-15,27,-13,5,28,45,5,-20,-22,-4,17,-9,30,-57,59,-64,29,11,-1,10,-23,30,21,2,-9,35,-20,18,-8,15,41,114,-23,-28,33,4,37,59,72,-5,-1,-10,33,23,-32,-58,-107,58,-71,-126,5,34,3,-16,-14,-20,-73,52,42,-9
780,18,64,426,-574,-161,-78,-43,-2,6,0,30,14,-11,31,1,20,-29,-8,12,-15,-40,-10,-12,14,-3,3,-4,94,23,-28,12,-15,-28,-10,35,-5,13,-32,16,-42,-15,27,-13,5,28,45,5,-20,-22,-4,17,-9,30,-57,59,-64,29,11,-1,10,-23,30,21,2,-9,35,-20,18,-8,15,41,114,-23,-28,33,4,37,59,72,-5,-1,-10,33,23,-32,-58,-107,58,-71,-126,5,34,3,-16,-14,-20,-73,52,42,-9,-54
781,64,426,-574,-161,-78,-43,-2,6,0,30,14,-11,31,1,20,-29,-8,12,-15,-40,-10,-12,14,-3,3,-4,94,23,-28,12,-15,-28,-10,35,-5,13,-32,16,-42,-15,27,-13,5,28,45,5,-20,-22,-4,17,-9,30,-57,59,-64,29,11,-1,10,-23,30,21,2,-9,35,-20,18,-8,15,41,114,-23,-28,33,4,37,59,72,-5,-1,-10,33,23,-32,-58,-107,58,-71,-126,5,34,3,-16,-14,-20,-73,52,42,-9,-54,-64
782,426,-574,-161,-78,-43,-2,6,0,30,14,-11,31,1,20,-29,-8,12,-15,-40,-10,-12,14,-3,3,-4,94,23,-28,12,-15,-28,-10,35,-5,13,-32,16,-42,-15,27,-13,5,28,45,5,-20,-22,-4,17,-9,30,-57,59,-64,29,11,-1,10,-23,30,21,2,-9,35,-20,18,-8,15,41,114,-23,-28,33,4,37,59,72,-5,-1,-10,33,23,-32,-58,-107,58,-71,-126,5,34,3,-16,-14,-20,-73,52,42,-9,-54,-64,7
783,-574,-161,-78,-43,-2,6,0,30,14,-11,31,1,20,-29,-8,12,-15,-40,-10,-12,14,-3,3,-4,94,23,-28,12,-15,-28,-10,35,-5,13,-32,16,-42,-15,27,-13,5,28,45,5,-20,-22,-4,17,-9,30,-57,59,-64,29,11,-1,10,-23,30,21,2,-9,35,-20,18,-8,15,41,114,-23,-28,33,4,37,59,72,-5,-1,-10,33,23,-32,-58,-107,58,-71,-126,5,34,3,-16,-14,-20,-73,52,42,-9,-54,-64,7,-1
784,-161,-78,-43,-2,6,0,30,14,-11,31,1,20,-29,-8,12,-15,-40,-10,-12,14,-3,3,-4,94,23,-28,12,-15,-28,-10,35,-5,13,-32,16,-42,-15,27,-13,5,28,45,5,-20,-22,-4,17,-9,30,-57,59,-64,29,11,-1,10,-23,30,21,2,-9,35,-20,18,-8,15,41,114,-23,-28,33,4,37,59,72,-5,-1,-10,33,23,-32,-58,-107,58,-71,-126,5,34,3,-16,-14,-20,-73,52,42,-9,-54,-64,7,-1,14
785,-78,-43,-2,6,0,30,14,-11,31,1,20,-29,-8,12,-15,-40,-10,-12,14,-3,3,-4,94,23,-28,12,-15,-28,-10,35,-5,13,-32,16,-42,-15,27,-13,5,28,45,5,-20,-22,-4,17,-9,30,-57,59,-64,29,11,-1,10,-23,30,21,2,-9,35,-20,18,-8,15,41,114,-23,-28,33,4,37,59,72,-5,-1,-10,33,23,-32,-58,-107,58,-71,-126,5,34,3,-16,-14,-20,-73,52,42,-9,-54,-64,7,-1,14,13
786,-43,-2,6,0,30,14,-11,31,1,20,-29,-8,12,-15,-40,-10,-12,14,-3,3,-4,94,23,-28,12,-15,-28,-10,35,-5,13,-32,16,-42,-15,27,-13,5,28,45,5,-20,-22,-4,17,-9,30,-57,59,-64,29,11,-1,10,-23,30,21,2,-9,35,-20,18,-8,15,41,114,-23,-28,33,4,37,59,72,-5,-1,-10,33,23,-32,-58,-107,58,-71,-126,5,34,3,-16,-14,-20,-73,52,42,-9,-54,-64,7,-1,14,13,-16
787,-2,6,0,30,14,-11,31,1,20,-29,-8,12,-15,-40,-10,-12,14,-3,3,-4,94,23,-28,12,-15,-28,-10,35,-5,13,-32,16,-42,-15,27,-13,5,28,45,5,-20,-22,-4,17,-9,30,-57,59,-64,29,11,-1,10,-23,30,21,2,-9,35,-20,18,-8,15,41,114,-23,-28,33,4,37,59,72,-5,-1,-10,33,23,-32,-58,-107,58,-71,-126,5,34,3,-16,-14,-20,-73,52,42,-9,-54,-64,7,-1,14,13,-16,18
788,6,0,30,14,-11,31,1,20,-29,-8,12,-15,-40,-10,-12,14,-3,3,-4,94,23,-28,12,-15,-28,-10,35,-5,13,-32,16,-42,-15,27,-13,5,28,45,5,-20,-22,-4,17,-9,30,-57,59,-64,29,11,-1,10,-23,30,21,2,-9,35,-20,18,-8,15,41,114,-23,-28,33,4,37,59,72,-5,-1,-10,33,23,-32,-58,-107,58,-71,-126,5,34,3,-16,-14,-20,-73,52,42,-9,-54,-64,7,-1,14,13,-16,18,-4
789,0,30,14,-11,31,1,20,-29,-8,12,-15,-40,-10,-12,14,-3,3,-4,94,23,-28,12,-15,-28,-10,35,-5,13,-32,16,-42,-15,27,-13,5,28,45,5,-20,-22,-4,17,-9,30,-57,59,-64,29,11,-1,10,-23,30,21,2,-9,35,-20,18,-8,15,41,114,-23,-28,33,4,37,59,72,-5,-1,-10,33,23,-32,-58,-107,58,-71,-126,5,34,3,-16,-14,-20,-73,52,42,-9,-54,-64,7,-1,14,13,-16,18,-4,40
790,30,14,-11,31,1,20,-29,-8,12,-15,-40,-10,-12,14,-3,3,-4,94,23,-28,12,-15,-28,-10,35,-5,13,-32,16,-42,-15,27,-13,5,28,45,5,-20,-22,-4,17,-9,30,-57,59,-64,29,11,-1,10,-23,30,21,2,-9,35,-20,18,-8,15,41,114,-23,-28,33,4,37,59,72,-5,-1,-10,33,23,-32,-58,-107,58,-71,-126,5,34,3,-16,-14,-20,-73,52,42,-9,-54,-64,7,-1,14,13,-16,18,-4,40,145
791,14,-11,31,1,20,-29,-8,12,-15,-40,-10,-12,14,-3,3,-4,94,23,-28,12,-15,-28,-10,35,-5,13,-32,16,-42,-15,27,-13,5,28,45,5,-20,-22,-4,17,-9,30,-57,59,-64,29,11,-1,10,-23,30,21,2,-9,35,-20,18,-8,15,41,114,-23,-28,33,4,37,59,72,-5,-1,-10,33,23,-32,-58,-107,58,-71,-126,5,34,3,-16,-14,-20,-73,52,42,-9,-54,-64,7,-1,14,13,-16,18,-4,40,145,-4
792,-11,31,1,20,-29,-8,12,-15,-40,-10,-12,14,-3,3,-4,94,23,-28,12,-15,-28,-10,35,-5,13,-32,16,-42,-15,27,-13,5,28,45,5,-20,-22,-4,17,-9,30,-57,59,-64,29,11,-1,10,-23,30,21,2,-9,35,-20,18,-8,15,41,114,-23,-28,33,4,37,59,72,-5,-1,-10,33,23,-32,-58,-107,58,-71,-126,5,34,3,-16,-14,-20,-73,52,42,-9,-54,-64,7,-1,14,13,-16,18,-4,40,145,-4,-8
793,31,1,20,-29,-8,12,-15,-40,-10,-12,14,-3,3,-4,94,23,-28,12,-15,-28,-10,35,-5,13,-32,16,-42,-15,27,-13,5,28,45,5,-20,-22,-4,17,-9,30,-57,59,-64,29,11,-1,10,-23,30,21,2,-9,35,-20,18,-8,15,41,114,-23,-28,33,4,37,59,72,-5,-1,-10,33,23,-32,-58,-107,58,-71,-126,5,34,3,-16,-14,-20,-73,52,42,-9,-54,-64,7,-1,14,13,-16,18,-4,40,145,-4,-8,-32
794,1,20,-29,-8,12,-15,-40,-10,-12,14,-3,3,-4,94,23,-28,12,-15,-28,-10,35,-5,13,-32,16,-42,-15,27,-13,5,28,45,5,-20,-22,-4,17,-9,30,-57,59,-64,29,11,-1,10,-23,30,21,2,-9,35,-20,18,-8,15,41,114,-23,-28,33,4,37,59,72,-5,-1,-10,33,23,-32,-58,-107,58,-71,-126,5,34,3,-16,-14,-20,-73,52,42,-9,-54,-64,7,-1,14,13,-16,18,-4,40,145,-4,-8,-32,76
795,20,-29,-8,12,-15,-40,-10,-12,14,-3,3,-4,94,23,-28,12,-15,-28,-10,35,-5,13,-32,16,-42,-15,27,-13,5,28,45,5,-20,-22,-4,17,-9,30,-57,59,-64,29,11,-1,10,-23,30,21,2,-9,35,-20,18,-8,15,41,114,-23,-28,33,4,37,59,72,-5,-1,-10,33,23,-32,-58,-107,58,-71,-126,5,34,3,-16,-14,-20,-73,52,42,-9,-54,-64,7,-1,14,13,-16,18,-4,40,145,-4,-8,-32,76,31
796,-29,-8,12,-15,-40,-10,-12,14,-3,3,-4,94,23,-28,12,-15,-28,-10,35,-5,13,-32,16,-42,-15,27,-13,5,28,45,5,-20,-22,-4,17,-9,30,-57,59,-64,29,11,-1,10,-23,30,21,2,-9,35,-20,18,-8,15,41,114,-23,-28,33,4,37,59,72,-5,-1,-10,33,23,-32,-58,-107,58,-71,-126,5,34,3,-16,-14,-20,-73,52,42,-9,-54,-64,7,-1,14,13,-16,18,-4,40,145,-4,-8,-32,76,31,-64
797,-8,12,-15,-40,-10,-12,14,-3,3,-4,94,23,-28,12,-15,-28,-10,35,-5,13,-32,16,-42,-15,27,-13,5,28,45,5,-20,-22,-4,17,-9,30,-57,59,-64,29,11,-1,10,-23,30,21,2,-9,35,-20,18,-8,15,41,114,-23,-28,33,4,37,59,72,-5,-1,-10,33,23,-32,-58,-107,58,-71,-126,5,34,3,-16,-14,-20,-73,52,42,-9,-54,-64,7,-1,14,13,-16,18,-4,40,145,-4,-8,-32,76,31,-64,42
798,12,-15,-40,-10,-12,14,-3,3,-4,94,23,-28,12,-15,-28,-10,35,-5,13,-32,16,-42,-15,27,-13,5,28,45,5,-20,-22,-4,17,-9,30,-57,59,-64,29,11,-1,10,-23,30,21,2,-9,35,-20,18,-8,15,41,114,-23,-28,33,4,37,59,72,-5,-1,-10,33,23,-32,-58,-107,58,-71,-126,5,34,3,-16,-14,-20,-73,52,42,-9,-54,-64,7,-1,14,13,-16,18,-4,40,145,-4,-8,-32,76,31,-64,42,14
799,-15,-40,-10,-12,14,-3,3,-4,94,23,-28,12,-15,-28,-10,35,-5,13,-32,16,-42,-15,27,-13,5,28,45,5,-20,-22,-4,17,-9,30,-57,59,-64,29,11,-1,10,-23,30,21,2,-9,35,-20,18,-8,15,41,114,-23,-28,33,4,37,59,72,-5,-1,-10,33,23,-32,-58,-107,58,-71,-126,5,34,3,-16,-14,-20,-73,52,42,-9,-54,-64,7,-1,14,13,-16,18,-4,40,145,-4,-8,-32,76,31,-64,42,14,-38
800,-40,-10,-12,14,-3,3,-4,94,23,-28,12,-15,-28,-10,35,-5,13,-32,16,-42,-15,27,-13,5,28,45,5,-20,-22,-4,17,-9,30,-57,59,-64,29,11,-1,10,-23,30,21,2,-9,35,-20,18,-8,15,41,114,-23,-28,33,4,37,59,72,-5,-1,-10,33,23,-32,-58,-107,58,-71,-126,5,34,3,-16,-14,-20,-73,52,42,-9,-54,-64,7,-1,14,13,-16,18,-4,40,145,-4,-8,-32,76,31,-64,42,14,-38,15
801,-10,-12,14,-3,3,-4,94,23,-28,12,-15,-28,-10,35,-5,13,-32,16,-42,-15,27,-13,5,28,45,5,-20,-22,-4,17,-9,30,-57,59,-64,29,11,-1,10,-23,30,21,2,-9,35,-20,18,-8,15,41,114,-23,-28,33,4,37,59,72,-5,-1,-10,33,23,-32,-58,-107,58,-71,-126,5,34,3,-16,-14,-20,-73,52,42,-9,-54,-64,7,-1,14,13,-16,18,-4,40,145,-4,-8,-32,76,31,-64,42,14,-38,15,-23
802,-12,14,-3,3,-4,94,23,-28,12,-15,-28,-10,35,-5,13,-32,16,-42,-15,27,-13,5,28,45,5,-20,-22,-4,17,-9,30,-57,59,-64,29,11,-1,10,-23,30,21,2,-9,35,-20,18,-8,15,41,114,-23,-28,33,4,37,59,72,-5,-1,-10,33,23,-32,-58,-107,58,-71,-126,5,34,3,-16,-14,-20,-73,52,42,-9,-54,-64,7,-1,14,13,-16,18,-4,40,145,-4,-8,-32,76,31,-64,42,14,-38,15,-23,108
803,14,-3,3,-4,94,23,-28,12,-15,-28,-10,35,-5,13,-32,16,-42,-15,27,-13,5,28,45,5,-20,-22,-4,17,-9,30,-57,59,-64,29,11,-1,10,-23,30,21,2,-9,35,-20,18,-8,15,41,114,-23,-28,33,4,37,59,72,-5,-1,-10,33,23,-32,-58,-107,58,-71,-126,5,34,3,-16,-14,-20,-73,52,42,-9,-54,-64,7,-1,14,13,-16,18,-4,40,145,-4,-8,-32,76,31,-64,42,14,-38,15,-23,108,-108
804,-3,3,-4,94,23,-28,12,-15,-28,-10,35,-5,13,-32,16,-42,-15,27,-13,5,28,45,5,-20,-22,-4,17,-9,30,-57,59,-64,29,11,-1,10,-23,30,21,2,-9,35,-20,18,-8,15,41,114,-23,-28,33,4,37,59,72,-5,-1,-10,33,23,-32,-58,-107,58,-71,-126,5,34,3,-16,-14,-20,-73,52,42,-9,-54,-64,7,-1,14,13,-16,18,-4,40,145,-4,-8,-32,76,31,-64,42,14,-38,15,-23,108,-108,-40
805,3,-4,94,23,-28,12,-15,-28,-10,35,-5,13,-32,16,-42,-15,27,-13,5,28,45,5,-20,-22,-4,17,-9,30,-57,59,-64,29,11,-1,10,-23,30,21,2,-9,35,-20,18,-8,15,41,114,-23,-28,33,4,37,59,72,-5,-1,-10,33,23,-32,-58,-107,58,-71,-126,5,34,3,-16,-14,-20,-73,52,42,-9,-54,-64,7,-1,14,13,-16,18,-4,40,145,-4,-8,-32,76,31,-64,42,14,-38,15,-23,108,-108,-40,46
806,-4,94,23,-28,12,-15,-28,-10,35,-5,13,-32,16,-42,-15,27,-13,5,28,45,5,-20,-22,-4,17,-9,30,-57,59,-64,29,11,-1,10,-23,30,21,2,-9,35,-20,18,-8,15,41,114,-23,-28,33,4,37,59,72,-5,-1,-10,33,23,-32,-58,-107,58,-71,-126,5,34,3,-16,-14,-20,-73,52,42,-9,-54,-64,7,-1,14,13,-16,18,-4,40,145,-4,-8,-32,76,31,-64,42,14,-38,15,-23,108,-108,-40,46,51
807,94,23,-28,12,-15,-28,-10,35,-5,13,-32,16,-42,-15,27,-13,5,28,45,5,-20,-22,-4,17,-9,30,-57,59,-64,29,11,-1,10,-23,30,21,2,-9,35,-20,18,-8,15,41,114,-23,-28,33,4,37,59,72,-5,-1,-10,33,23,-32,-58,-107,58,-71,-126,5,34,3,-16,-14,-20,-73,52,42,-9,-54,-64,7,-1,14,13,-16,18,-4,40,145,-4,-8,-32,76,31,-64,42,14,-38,15,-23,108,-108,-40,46,51,6
808,23,-28,12,-15,-28,-10,35,-5,13,-32,16,-42,-15,27,-13,5,28,45,5,-20,-22,-4,17,-9,30,-57,59,-64,29,11,-1,10,-23,30,21,2,-9,35,-20,18,-8,15,41,114,-23,-28,33,4,37,59,72,-5,-1,-10,33,23,-32,-58,-107,58,-71,-126,5,34,3,-16,-14,-20,-73,52,42,-9,-54,-64,7,-1,14,13,-16,18,-4,40,145,-4,-8,-32,76,31,-64,42,14,-38,15,-23,108,-108,-40,46,51,6,35
809,-28,12,-15,-28,-10,35,-5,13,-32,16,-42,-15,27,-13,5,28,45,5,-20,-22,-4,17,-9,30,-57,59,-64,29,11,-1,10,-23,30,21,2,-9,35,-20,18,-8,15,41,114,-23,-28,33,4,37,59,72,-5,-1,-10,33,23,-32,-58,-107,58,-71,-126,5,34,3,-16,-14,-20,-73,52,42,-9,-54,-64,7,-1,14,13,-16,18,-4,40,145,-4,-8,-32,76,31,-64,42,14,-38,15,-23,108,-108,-40,46,51,6,35,-4
810,12,-15,-28,-10,35,-5,13,-32,16,-42,-15,27,-13,5,28,45,5,-20,-22,-4,17,-9,30,-57,59,-64,29,11,-1,10,-23,30,21,2,-9,35,-20,18,-8,15,41,114,-23,-28,33,4,37,59,72,-5,-1,-10,33,23,-32,-58,-107,58,-71,-126,5,34,3,-16,-14,-20,-73,52,42,-9,-54,-64,7,-1,14,13,-16,18,-4,40,145,-4,-8,-32,76,31,-64,42,14,-38,15,-23,108,-108,-40,46,51,6,35,-4,7
811,-15,-28,-10,35,-5,13,-32,16,-42,-15,27,-13,5,28,45,5,-20,-22,-4,17,-9,30,-57,59,-64,29,11,-1,10,-23,30,21,2,-9,35,-20,18,-8,15,41,114,-23,-28,33,4,37,59,72,-5,-1,-10,33,23,-32,-58,-107,58,-71,-126,5,34,3,-16,-14,-20,-73,52,42,-9,-54,-64,7,-1,14,13,-16,18,-4,40,145,-4,-8,-32,76,31,-64,42,14,-38,15,-23,108,-108,-40,46,51,6,35,-4,7,74
812,-28,-10,35,-5,13,-32,16,-42,-15,27,-13,5,28,45,5,-20,-22,-4,17,-9,30,-57,59,-64,29,11,-1,10,-23,30,21,2,-9,35,-20,18,-8,15,41,114,-23,-28,33,4,37,59,72,-5,-1,-10,33,23,-32,-58,-107,58,-71,-126,5,34,3,-16,-14,-20,-73,52,42,-9,-54,-64,7,-1,14,13,-16,18,-4,40,145,-4,-8,-32,76,31,-64,42,14,-38,15,-23,108,-108,-40,46,51,6,35,-4,7,74,32
813,-10,35,-5,13,-32,16,-42,-15,27,-13,5,28,45,5,-20,-22,-4,17,-9,30,-57,59,-64,29,11,-1,10,-23,30,21,2,-9,35,-20,18,-8,15,41,114,-23,-28,33,4,37,59,72,-5,-1,-10,33,23,-32,-58,-107,58,-71,-126,5,34,3,-16,-14,-20,-73,52,42,-9,-54,-64,7,-1,14,13,-16,18,-4,40,145,-4,-8,-32,76,31,-64,42,14,-38,15,-23,108,-108,-40,46,51,6,35,-4,7,74,32,89
814,35,-5,13,-32,16,-42,-15,27,-13,5,28,45,5,-20,-22,-4,17,-9,30,-57,59,-64,29,11,-1,10,-23,30,21,2,-9,35,-20,18,-8,15,41,114,-23,-28,33,4,37,59,72,-5,-1,-10,33,23,-32,-58,-107,58,-71,-126,5,34,3,-16,-14,-20,-73,52,42,-9,-54,-64,7,-1,14,13,-16,18,-4,40,145,-4,-8,-32,76,31,-64,42,14,-38,15,-23,108,-108,-40,46,51,6,35,-4,7,74,32,89,72
815,-5,13,-32,16,-42,-15,27,-13,5,28,45,5,-20,-22,-4,17,-9,30,-57,59,-64,29,11,-1,10,-23,30,21,2,-9,35,-20,18,-8,15,41,114,-23,-28,33,4,37,59,72,-5,-1,-10,33,23,-32,-58,-107,58,-71,-126,5,34,3,-16,-14,-20,-73,52,42,-9,-54,-64,7,-1,14,13,-16,18,-4,40,145,-4,-8,-32,76,31,-64,42,14,-38,15,-23,108,-108,-40,46,51,6,35,-4,7,74,32,89,72,-36
816,13,-32,16,-42,-15,27,-13,5,28,45,5,-20,-22,-4,17,-9,30,-57,59,-64,29,11,-1,10,-23,30,21,2,-9,35,-20,18,-8,15,41,114,-23,-28,33,4,37,59,72,-5,-1,-10,33,23,-32,-58,-107,58,-71,-126,5,34,3,-16,-14,-20,-73,52,42,-9,-54,-64,7,-1,14,13,-16,18,-4,40,145,-4,-8,-32,76,31,-64,42,14,-38,15,-23,108,-108,-40,46,51,6,35,-4,7,74,32,89,72,-36,-86
817,-32,16,-42,-15,27,-13,5,28,45,5,-20,-22,-4,17,-9,30,-57,59,-64,29,11,-1,10,-23,30,21,2,-9,35,-20,18,-8,15,41,114,-23,-28,33,4,37,59,72,-5,-1,-10,33,23,-32,-58,-107,58,-71,-126,5,34,3,-16,-14,-20,-73,52,42,-9,-54,-64,7,-1,14,13,-16,18,-4,40,145,-4,-8,-32,76,31,-64,42,14,-38,15,-23,108,-108,-40,46,51,6,35,-4,7,74,32,89,72,-36,-86,-164
818,16,-42,-15,27,-13,5,28,45,5,-20,-22,-4,17,-9,30,-57,59,-64,29,11,-1,10,-23,30,21,2,-9,35,-20,18,-8,15,41,114,-23,-28,33,4,37,59,72,-5,-1,-10,33,23,-32,-58,-107,58,-71,-126,5,34,3,-16,-14,-20,-73,52,42,-9,-54,-64,7,-1,14,13,-16,18,-4,40,145,-4,-8,-32,76,31,-64,42,14,-38,15,-23,108,-108,-40,46,51,6,35,-4,7,74,32,89,72,-36,-86,-164,3
819,-42,-15,27,-13,5,28,45,5,-20,-22,-4,17,-9,30,-57,59,-64,29,11,-1,10,-23,30,21,2,-9,35,-20,18,-8,15,41,114,-23,-28,33,4,37,59,72,-5,-1,-10,33,23,-32,-58,-107,58,-71,-126,5,34,3,-16,-14,-20,-73,52,42,-9,-54,-64,7,-1,14,13,-16,18,-4,40,145,-4,-8,-32,76,31,-64,42,14,-38,15,-23,108,-108,-40,46,51,6,35,-4,7,74,32,89,72,-36,-86,-164,3,51
820,-15,27,-13,5,28,45,5,-20,-22,-4,17,-9,30,-57,59,-64,29,11,-1,10,-23,30,21,2,-9,35,-20,18,-8,15,41,114,-23,-28,33,4,37,59,72,-5,-1,-10,33,23,-32,-58,-107,58,-71,-126,5,34,3,-16,-14,-20,-73,52,42,-9,-54,-64,7,-1,14,13,-16,18,-4,40,145,-4,-8,-32,76,31,-64,42,14,-38,15,-23,108,-108,-40,46,51,6,35,-4,7,74,32,89,72,-36,-86,-164,3,51,1
821,27,-13,5,28,45,5,-20,-22,-4,17,-9,30,-57,59,-64,29,11,-1,10,-23,30,21,2,-9,35,-20,18,-8,15,41,114,-23,-28,33,4,37,59,72,-5,-1,-10,33,23,-32,-58,-107,58,-71,-126,5,34,3,-16,-14,-20,-73,52,42,-9,-54,-64,7,-1,14,13,-16,18,-4,40,145,-4,-8,-32,76,31,-64,42,14,-38,15,-23,108,-108,-40,46,51,6,35,-4,7,74,32,89,72,-36,-86,-164,3,51,1,54
822,-13,5,28,45,5,-20,-22,-4,17,-9,30,-57,59,-64,29,11,-1,10,-23,30,21,2,-9,35,-20,18,-8,15,41,114,-23,-28,33,4,37,59,72,-5,-1,-10,33,23,-32,-58,-107,58,-71,-126,5,34,3,-16,-14,-20,-73,52,42,-9,-54,-64,7,-1,14,13,-16,18,-4,40,145,-4,-8,-32,76,31,-64,42,14,-38,15,-23,108,-108,-40,46,51,6,35,-4,7,74,32,89,72,-36,-86,-164,3,51,1,54,3
823,5,28,45,5,-20,-22,-4,17,-9,30,-57,59,-64,29,11,-1,10,-23,30,21,2,-9,35,-20,18,-8,15,41,114,-23,-28,33,4,37,59,72,-5,-1,-10,33,23,-32,-58,-107,58,-71,-126,5,34,3,-16,-14,-20,-73,52,42,-9,-54,-64,7,-1,14,13,-16,18,-4,40,145,-4,-8,-32,76,31,-64,42,14,-38,15,-23,108,-108,-40,46,51,6,35,-4,7,74,32,89,72,-36,-86,-164,3,51,1,54,3,5
824,28,45,5,-20,-22,-4,17,-9,30,-57,59,-64,29,11,-1,10,-23,30,21,2,-9,35,-20,18,-8,15,41,114,-23,-28,33,4,37,59,72,-5,-1,-10,33,23,-32,-58,-107,58,-71,-126,5,34,3,-16,-14,-20,-73,52,42,-9,-54,-64,7,-1,14,13,-16,18,-4,40,145,-4,-8,-32,76,31,-64,42,14,-38,15,-23,108,-108,-40,46,51,6,35,-4,7,74,32,89,72,-36,-86,-164,3,51,1,54,3,5,-13
825,45,5,-20,-22,-4,17,-9,30,-57,59,-64,29,11,-1,10,-23,30,21,2,-9,35,-20,18,-8,15,41,114,-23,-28,33,4,37,59,72,-5,-1,-10,33,23,-32,-58,-107,58,-71,-126,5,34,3,-16,-14,-20,-73,52,42,-9,-54,-64,7,-1,14,13,-16,18,-4,40,145,-4,-8,-32,76,31,-64,42,14,-38,15,-23,108,-108,-40,46,51,6,35,-4,7,74,32,89,72,-36,-86,-164,3,51,1,54,3,5,-13,-18
826,5,-20,-22,-4,17,-9,30,-57,59,-64,29,11,-1,10,-23,30,21,2,-9,35,-20,18,-8,15,41,114,-23,-28,33,4,37,59,72,-5,-1,-10,33,23,-32,-58,-107,58,-71,-126,5,34,3,-16,-14,-20,-73,52,42,-9,-54,-64,7,-1,14,13,-16,18,-4,40,145,-4,-8,-32,76,31,-64,42,14,-38,15,-23,108,-108,-40,46,51,6,35,-4,7,74,32,89,72,-36,-86,-164,3,51,1,54,3,5,-13,-18,2
827,-20,-22,-4,17,-9,30,-57,59,-64,29,11,-1,10,-23,30,21,2,-9,35,-20,18,-8,15,41,114,-23,-28,33,4,37,59,72,-5,-1,-10,33,23,-32,-58,-107,58,-71,-126,5,34,3,-16,-14,-20,-73,52,42,-9,-54,-64,7,-1,14,13,-16,18,-4,40,145,-4,-8,-32,76,31,-64,42,14,-38,15,-23,108,-108,-40,46,51,6,35,-4,7,74,32,89,72,-36,-86,-164,3,51,1,54,3,5,-13,-18,2,-148
828,-22,-4,17,-9,30,-57,59,-64,29,11,-1,10,-23,30,21,2,-9,35,-20,18,-8,15,41,114,-23,-28,33,4,37,59,72,-5,-1,-10,33,23,-32,-58,-107,58,-71,-126,5,34,3,-16,-14,-20,-73,52,42,-9,-54,-64,7,-1,14,13,-16,18,-4,40,145,-4,-8,-32,76,31,-64,42,14,-38,15,-23,108,-108,-40,46,51,6,35,-4,7,74,32,89,72,-36,-86,-164,3,51,1,54,3,5,-13,-18,2,-148,98
829,-4,17,-9,30,-57,59,-64,29,11,-1,10,-23,30,21,2,-9,35,-20,18,-8,15,41,114,-23,-28,33,4,37,59,72,-5,-1,-10,33,23,-32,-58,-107,58,-71,-126,5,34,3,-16,-14,-20,-73,52,42,-9,-54,-64,7,-1,14,13,-16,18,-4,40,145,-4,-8,-32,76,31,-64,42,14,-38,15,-23,108,-108,-40,46,51,6,35,-4,7,74,32,89,72,-36,-86,-164,3,51,1,54,3,5,-13,-18,2,-148,98,-49
830,17,-9,30,-57,59,-64,29,11,-1,10,-23,30,21,2,-9,35,-20,18,-8,15,41,114,-23,-28,33,4,37,59,72,-5,-1,-10,33,23,-32,-58,-107,58,-71,-126,5,34,3,-16,-14,-20,-73,52,42,-9,-54,-64,7,-1,14,13,-16,18,-4,40,145,-4,-8,-32,76,31,-64,42,14,-38,15,-23,108,-108,-40,46,51,6,35,-4,7,74,32,89,72,-36,-86,-164,3,51,1,54,3,5,-13,-18,2,-148,98,-49,-41
831,-9,30,-57,59,-64,29,11,-1,10,-23,30,21,2,-9,35,-20,18,-8,15,41,114,-23,-28,33,4,37,59,72,-5,-1,-10,33,23,-32,-58,-107,58,-71,-126,5,34,3,-16,-14,-20,-73,52,42,-9,-54,-64,7,-1,14,13,-16,18,-4,40,145,-4,-8,-32,76,31,-64,42,14,-38,15,-23,108,-108,-40,46,51,6,35,-4,7,74,32,89,72,-36,-86,-164,3,51,1,54,3,5,-13,-18,2,-148,98,-49,-41,-30
832,30,-57,59,-64,29,11,-1,10,-23,30,21,2,-9,35,-20,18,-8,15,41,114,-23,-28,33,4,37,59,72,-5,-1,-10,33,23,-32,-58,-107,58,-71,-126,5,34,3,-16,-14,-20,-73,52,42,-9,-54,-64,7,-1,14,13,-16,18,-4,40,145,-4,-8,-32,76,31,-64,42,14,-38,15,-23,108,-108,-40,46,51,6,35,-4,7,74,32,89,72,-36,-86,-164,3,51,1,54,3,5,-13,-18,2,-148,98,-49,-41,-30,-37
833,-57,59,-64,29,11,-1,10,-23,30,21,2,-9,35,-20,18,-8,15,41,114,-23,-28,33,4,37,59,72,-5,-1,-10,33,23,-32,-58,-107,58,-71,-126,5,34,3,-16,-14,-20,-73,52,42,-9,-54,-64,7,-1,14,13,-16,18,-4,40,145,-4,-8,-32,76,31,-64,42,14,-38,15,-23,108,-108,-40,46,51,6,35,-4,7,74,32,89,72,-36,-86,-164,3,51,1,54,3,5,-13,-18,2,-148,98,-49,-41,-30,-37,21
834,59,-64,29,11,-1,10,-23,30,21,2,-9,35,-20,18,-8,15,41,114,-23,-28,33,4,37,59,72,-5,-1,-10,33,23,-32,-58,-107,58,-71,-126,5,34,3,-16,-14,-20,-73,52,42,-9,-54,-64,7,-1,14,13,-16,18,-4,40,145,-4,-8,-32,76,31,-64,42,14,-38,15,-23,108,-108,-40,46,51,6,35,-4,7,74,32,89,72,-36,-86,-164,3,51,1,54,3,5,-13,-18,2,-148,98,-49,-41,-30,-37,21,41
835,-64,29,11,-1,10,-23,30,21,2,-9,35,-20,18,-8,15,41,114,-23,-28,33,4,37,59,72,-5,-1,-10,33,23,-32,-58,-107,58,-71,-126,5,34,3,-16,-14,-20,-73,52,42,-9,-54,-64,7,-1,14,13,-16,18,-4,40,145,-4,-8,-32,76,31,-64,42,14,-38,15,-23,108,-108,-40,46,51,6,35,-4,7,74,32,89,72,-36,-86,-164,3,51,1,54,3,5,-13,-18,2,-148,98,-49,-41,-30,-37,21,41,-63
836,29,11,-1,10,-23,30,21,2,-9,35,-20,18,-8,15,41,114,-23,-28,33,4,37,59,72,-5,-1,-10,33,23,-32,-58,-107,58,-71,-126,5,34,3,-16,-14,-20,-73,52,42,-9,-54,-64,7,-1,14,13,-16,18,-4,40,145,-4,-8,-32,76,31,-64,42,14,-38,15,-23,108,-108,-40,46,51,6,35,-4,7,74,32,89,72,-36,-86,-164,3,51,1,54,3,5,-13,-18,2,-148,98,-49,-41,-30,-37,21,41,-63,-20
837,11,-1,10,-23,30,21,2,-9,35,-20,18,-8,15,41,114,-23,-28,33,4,37,59,72,-5,-1,-10,33,23,-32,-58,-107,58,-71,-126,5,34,3,-16,-14,-20,-73,52,42,-9,-54,-64,7,-1,14,13,-16,18,-4,40,145,-4,-8,-32,76,31,-64,42,14,-38,15,-23,108,-108,-40,46,51,6,35,-4,7,74,32,89,72,-36,-86,-164,3,51,1,54,3,5,-13,-18,2,-148,98,-49,-41,-30,-37,21,41,-63,-20,8
838,-1,10,-23,30,21,2,-9,35,-20,18,-8,15,41,114,-23,-28,33,4,37,59,72,-5,-1,-10,33,23,-32,-58,-107,58,-71,-126,5,34,3,-16,-14,-20,-73,52,42,-9,-54,-64,7,-1,14,13,-16,18,-4,40,145,-4,-8,-32,76,31,-64,42,14,-38,15,-23,108,-108,-40,46,51,6,35,-4,7,74,32,89,72,-36,-86,-164,3,51,1,54,3,5,-13,-18,2,-148,98,-49,-41,-30,-37,21,41,-63,-20,8,87
839,10,-23,30,21,2,-9,35,-20,18,-8,15,41,114,-23,-28,33,4,37,59,72,-5,-1,-10,33,23,-32,-58,-107,58,-71,-126,5,34,3,-16,-14,-20,-73,52,42,-9,-54,-64,7,-1,14,13,-16,18,-4,40,145,-4,-8,-32,76,31,-64,42,14,-38,15,-23,108,-108,-40,46,51,6,35,-4,7,74,32,89,72,-36,-86,-164,3,51,1,54,3,5,-13,-18,2,-148,98,-49,-41,-30,-37,21,41,-63,-20,8,87,-69
840,-23,30,21,2,-9,35,-20,18,-8,15,41,114,-23,-28,33,4,37,59,72,-5,-1,-10,33,23,-32,-58,-107,58,-71,-126,5,34,3,-16,-14,-20,-73,52,42,-9,-54,-64,7,-1,14,13,-16,18,-4,40,145,-4,-8,-32,76,31,-64,42,14,-38,15,-23,108,-108,-40,46,51,6,35,-4,7,74,32,89,72,-36,-86,-164,3,51,1,54,3,5,-13,-18,2,-148,98,-49,-41,-30,-37,21,41,-63,-20,8,87,-69,-28
841,30,21,2,-9,35,-20,18,-8,15,41,114,-23,-28,33,4,37,59,72,-5,-1,-10,33,23,-32,-58,-107,58,-71,-126,5,34,3,-16,-14,-20,-73,52,42,-9,-54,-64,7,-1,14,13,-16,18,-4,40,145,-4,-8,-32,76,31,-64,42,14,-38,15,-23,108,-108,-40,46,51,6,35,-4,7,74,32,89,72,-36,-86,-164,3,51,1,54,3,5,-13,-18,2,-148,98,-49,-41,-30,-37,21,41,-63,-20,8,87,-69,-28,27
842,21,2,-9,35,-20,18,-8,15,41,114,-23,-28,33,4,37,59,72,-5,-1,-10,33,23,-32,-58,-107,58,-71,-126,5,34,3,-16,-14,-20,-73,52,42,-9,-54,-64,7,-1,14,13,-16,18,-4,40,145,-4,-8,-32,76,31,-64,42,14,-38,15,-23,108,-108,-40,46,51,6,35,-4,7,74,32,89,72,-36,-86,-164,3,51,1,54,3,5,-13,-18,2,-148,98,-49,-41,-30,-37,21,41,-63,-20,8,87,-69,-28,27,27
843,2,-9,35,-20,18,-8,15,41,114,-23,-28,33,4,37,59,72,-5,-1,-10,33,23,-32,-58,-107,58,-71,-126,5,34,3,-16,-14,-20,-73,52,42,-9,-54,-64,7,-1,14,13,-16,18,-4,40,145,-4,-8,-32,76,31,-64,42,14,-38,15,-23,108,-108,-40,46,51,6,35,-4,7,74,32,89,72,-36,-86,-164,3,51,1,54,3,5,-13,-18,2,-148,98,-49,-41,-30,-37,21,41,-63,-20,8,87,-69,-28,27,27,41
844,-9,35,-20,18,-8,15,41,114,-23,-28,33,4,37,59,72,-5,-1,-10,33,23,-32,-58,-107,58,-71,-126,5,34,3,-16,-14,-20,-73,52,42,-9,-54,-64,7,-1,14,13,-16,18,-4,40,145,-4,-8,-32,76,31,-64,42,14,-38,15,-23,108,-108,-40,46,51,6,35,-4,7,74,32,89,72,-36,-86,-164,3,51,1,54,3,5,-13,-18,2,-148,98,-49,-41,-30,-37,21,41,-63,-20,8,87,-69,-28,27,27,41,-32
845,35,-20,18,-8,15,41,114,-23,-28,33,4,37,59,72,-5,-1,-10,33,23,-32,-58,-107,58,-71,-126,5,34,3,-16,-14,-20,-73,52,42,-9,-54,-64,7,-1,14,13,-16,18,-4,40,145,-4,-8,-32,76,31,-64,42,14,-38,15,-23,108,-108,-40,46,51,6,35,-4,7,74,32,89,72,-36,-86,-164,3,51,1,54,3,5,-13,-18,2,-148,98,-49,-41,-30,-37,21,41,-63,-20,8,87,-69,-28,27,27,41,-32,3
846,-20,18,-8,15,41,114,-23,-28,33,4,37,59,72,-5,-1,-10,33,23,-32,-58,-107,58,-71,-126,5,34,3,-16,-14,-20,-73,52,42,-9,-54,-64,7,-1,14,13,-16,18,-4,40,145,-4,-8,-32,76,31,-64,42,14,-38,15,-23,108,-108,-40,46,51,6,35,-4,7,74,32,89,72,-36,-86,-164,3,51,1,54,3,5,-13,-18,2,-148,98,-49,-41,-30,-37,21,41,-63,-20,8,87,-69,-28,27,27,41,-32,3,17
847,18,-8,15,41,114,-23,-28,33,4,37,59,72,-5,-1,-10,33,23,-32,-58,-107,58,-71,-126,5,34,3,-16,-14,-20,-73,52,42,-9,-54,-64,7,-1,14,13,-16,18,-4,40,145,-4,-8,-32,76,31,-64,42,14,-38,15,-23,108,-108,-40,46,51,6,35,-4,7,74,32,89,72,-36,-86,-164,3,51,1,54,3,5,-13,-18,2,-148,98,-49,-41,-30,-37,21,41,-63,-20,8,87,-69,-28,27,27,41,-32,3,17,27
848,-8,15,41,114,-23,-28,33,4,37,59,72,-5,-1,-10,33,23,-32,-58,-107,58,-71,-126,5,34,3,-16,-14,-20,-73,52,42,-9,-54,-64,7,-1,14,13,-16,18,-4,40,145,-4,-8,-32,76,31,-64,42,14,-38,15,-23,108,-108,-40,46,51,6,35,-4,7,74,32,89,72,-36,-86,-164,3,51,1,54,3,5,-13,-18,2,-148,98,-49,-41,-30,-37,21,41,-63,-20,8,87,-69,-28,27,27,41,-32,3,17,27,20
849,15,41,114,-23,-28,33,4,37,59,72,-5,-1,-10,33,23,-32,-58,-107,58,-71,-126,5,34,3,-16,-14,-20,-73,52,42,-9,-54,-64,7,-1,14,13,-16,18,-4,40,145,-4,-8,-32,76,31,-64,42,14,-38,15,-23,108,-108,-40,46,51,6,35,-4,7,74,32,89,72,-36,-86,-164,3,51,1,54,3,5,-13,-18,2,-148,98,-49,-41,-30,-37,21,41,-63,-20,8,87,-69,-28,27,27,41,-32,3,17,27,20,83
850,41,114,-23,-28,33,4,37,59,72,-5,-1,-10,33,23,-32,-58,-107,58,-71,-126,5,34,3,-16,-14,-20,-73,52,42,-9,-54,-64,7,-1,14,13,-16,18,-4,40,145,-4,-8,-32,76,31,-64,42,14,-38,15,-23,108,-108,-40,46,51,6,35,-4,7,74,32,89,72,-36,-86,-164,3,51,1,54,3,5,-13,-18,2,-148,98,-49,-41,-30,-37,21,41,-63,-20,8,87,-69,-28,27,27,41,-32,3,17,27,20,83,52
851,114,-23,-28,33,4,37,59,72,-5,-1,-10,33,23,-32,-58,-107,58,-71,-126,5,34,3,-16,-14,-20,-73,52,42,-9,-54,-64,7,-1,14,13,-16,18,-4,40,145,-4,-8,-32,76,31,-64,42,14,-38,15,-23,108,-108,-40,46,51,6,35,-4,7,74,32,89,72,-36,-86,-164,3,51,1,54,3,5,-13,-18,2,-148,98,-49,-41,-30,-37,21,41,-63,-20,8,87,-69,-28,27,27,41,-32,3,17,27,20,83,52,-56
852,-23,-28,33,4,37,59,72,-5,-1,-10,33,23,-32,-58,-107,58,-71,-126,5,34,3,-16,-14,-20,-73,52,42,-9,-54,-64,7,-1,14,13,-16,18,-4,40,145,-4,-8,-32,76,31,-64,42,14,-38,15,-23,108,-108,-40,46,51,6,35,-4,7,74,32,89,72,-36,-86,-164,3,51,1,54,3,5,-13,-18,2,-148,98,-49,-41,-30,-37,21,41,-63,-20,8,87,-69,-28,27,27,41,-32,3,17,27,20,83,52,-56,-70
853,-28,33,4,37,59,72,-5,-1,-10,33,23,-32,-58,-107,58,-71,-126,5,34,3,-16,-14,-20,-73,52,42,-9,-54,-64,7,-1,14,13,-16,18,-4,40,145,-4,-8,-32,76,31,-64,42,14,-38,15,-23,108,-108,-40,46,51,6,35,-4,7,74,32,89,72,-36,-86,-164,3,51,1,54,3,5,-13,-18,2,-148,98,-49,-41,-30,-37,21,41,-63,-20,8,87,-69,-28,27,27,41,-32,3,17,27,20,83,52,-56,-70,-76
854,33,4,37,59,72,-5,-1,-10,33,23,-32,-58,-107,58,-71,-126,5,34,3,-16,-14,-20,-73,52,42,-9,-54,-64,7,-1,14,13,-16,18,-4,40,145,-4,-8,-32,76,31,-64,42,14,-38,15,-23,108,-108,-40,46,51,6,35,-4,7,74,32,89,72,-36,-86,-164,3,51,1,54,3,5,-13,-18,2,-148,98,-49,-41,-30,-37,21,41,-63,-20,8,87,-69,-28,27,27,41,-32,3,17,27,20,83,52,-56,-70,-76,-31
855,4,37,59,72,-5,-1,-10,33,23,-32,-58,-107,58,-71,-126,5,34,3,-16,-14,-20,-73,52,42,-9,-54,-64,7,-1,14,13,-16,18,-4,40,145,-4,-8,-32,76,31,-64,42,14,-38,15,-23,108,-108,-40,46,51,6,35,-4,7,74,32,89,72,-36,-86,-164,3,51,1,54,3,5,-13,-18,2,-148,98,-49,-41,-30,-37,21,41,-63,-20,8,87,-69,-28,27,27,41,-32,3,17,27,20,83,52,-56,-70,-76,-31,8
856,37,59,72,-5,-1,-10,33,23,-32,-58,-107,58,-71,-126,5,34,3,-16,-14,-20,-73,52,42,-9,-54,-64,7,-1,14,13,-16,18,-4,40,145,-4,-8,-32,76,31,-64,42,14,-38,15,-23,108,-108,-40,46,51,6,35,-4,7,74,32,89,72,-36,-86,-164,3,51,1,54,3,5,-13,-18,2,-148,98,-49,-41,-30,-37,21,41,-63,-20,8,87,-69,-28,27,27,41,-32,3,17,27,20,83,52,-56,-70,-76,-31,8,-51
857,59,72,-5,-1,-10,33,23,-32,-58,-107,58,-71,-126,5,34,3,-16,-14,-20,-73,52,42,-9,-54,-64,7,-1,14,13,-16,18,-4,40,145,-4,-8,-32,76,31,-64,42,14,-38,15,-23,108,-108,-40,46,51,6,35,-4,7,74,32,89,72,-36,-86,-164,3,51,1,54,3,5,-13,-18,2,-148,98,-49,-41,-30,-37,21,41,-63,-20,8,87,-69,-28,27,27,41,-32,3,17,27,20,83,52,-56,-70,-76,-31,8,-51,-2
858,72,-5,-1,-10,33,23,-32,-58,-107,58,-71,-126,5,34,3,-16,-14,-20,-73,52,42,-9,-54,-64,7,-1,14,13,-16,18,-4,40,145,-4,-8,-32,76,31,-64,42,14,-38,15,-23,108,-108,-40,46,51,6,35,-4,7,74,32,89,72,-36,-86,-164,3,51,1,54,3,5,-13,-18,2,-148,98,-49,-41,-30,-37,21,41,-63,-20,8,87,-69,-28,27,27,41,-32,3,17,27,20,83,52,-56,-70,-76,-31,8,-51,-2,39
859,-5,-1,-10,33,23,-32,-58,-107,58,-71,-126,5,34,3,-16,-14,-20,-73,52,42,-9,-54,-64,7,-1,14,13,-16,18,-4,40,145,-4,-8,-32,76,31,-64,42,14,-38,15,-23,108,-108,-40,46,51,6,35,-4,7,74,32,89,72,-36,-86,-164,3,51,1,54,3,5,-13,-18,2,-148,98,-49,-41,-30,-37,21,41,-63,-20,8,87,-69,-28,27,27,41,-32,3,17,27,20,83,52,-56,-70,-76,-31,8,-51,-2,39,5
860,-1,-10,33,23,-32,-58,-107,58,-71,-126,5,34,3,-16,-14,-20,-73,52,42,-9,-54,-64,7,-1,14,13,-16,18,-4,40,145,-4,-8,-32,76,31,-64,42,14,-38,15,-23,108,-108,-40,46,51,6,35,-4,7,74,32,89,72,-36,-86,-164,3,51,1,54,3,5,-13,-18,2,-148,98,-49,-41,-30,-37,21,41,-63,-20,8,87,-69,-28,27,27,41,-32,3,17,27,20,83,52,-56,-70,-76,-31,8,-51,-2,39,5,-28
861,-10,33,23,-32,-58,-107,58,-71,-126,5,34,3,-16,-14,-20,-73,52,42,-9,-54,-64,7,-1,14,13,-16,18,-4,40,145,-4,-8,-32,76,31,-64,42,14,-38,15,-23,108,-108,-40,46,51,6,35,-4,7,74,32,89,72,-36,-86,-164,3,51,1,54,3,5,-13,-18,2,-148,98,-49,-41,-30,-37,21,41,-63,-20,8,87,-69,-28,27,27,41,-32,3,17,27,20,83,52,-56,-70,-76,-31,8,-51,-2,39,5,-28,33
862,33,23,-32,-58,-107,58,-71,-126,5,34,3,-16,-14,-20,-73,52,42,-9,-54,-64,7,-1,14,13,-16,18,-4,40,145,-4,-8,-32,76,31,-64,42,14,-38,15,-23,108,-108,-40,46,51,6,35,-4,7,74,32,89,72,-36,-86,-164,3,51,1,54,3,5,-13,-18,2,-148,98,-49,-41,-30,-37,21,41,-63,-20,8,87,-69,-28,27,27,41,-32,3,17,27,20,83,52,-56,-70,-76,-31,8,-51,-2,39,5,-28,33,-4
863,23,-32,-58,-107,58,-71,-126,5,34,3,-16,-14,-20,-73,52,42,-9,-54,-64,7,-1,14,13,-16,18,-4,40,145,-4,-8,-32,76,31,-64,42,14,-38,15,-23,108,-108,-40,46,51,6,35,-4,7,74,32,89,72,-36,-86,-164,3,51,1,54,3,5,-13,-18,2,-148,98,-49,-41,-30,-37,21,41,-63,-20,8,87,-69,-28,27,27,41,-32,3,17,27,20,83,52,-56,-70,-76,-31,8,-51,-2,39,5,-28,33,-4,8
864,-32,-58,-107,58,-71,-126,5,34,3,-16,-14,-20,-73,52,42,-9,-54,-64,7,-1,14,13,-16,18,-4,40,145,-4,-8,-32,76,31,-64,42,14,-38,15,-23,108,-108,-40,46,51,6,35,-4,7,74,32,89,72,-36,-86,-164,3,51,1,54,3,5,-13,-18,2,-148,98,-49,-41,-30,-37,21,41,-63,-20,8,87,-69,-28,27,27,41,-32,3,17,27,20,83,52,-56,-70,-76,-31,8,-51,-2,39,5,-28,33,-4,8,-38
865,-58,-107,58,-71,-126,5,34,3,-16,-14,-20,-73,52,42,-9,-54,-64,7,-1,14,13,-16,18,-4,40,145,-4,-8,-32,76,31,-64,42,14,-38,15,-23,108,-108,-40,46,51,6,35,-4,7,74,32,89,72,-36,-86,-164,3,51,1,54,3,5,-13,-18,2,-148,98,-49,-41,-30,-37,21,41,-63,-20,8,87,-69,-28,27,27,41,-32,3,17,27,20,83,52,-56,-70,-76,-31,8,-51,-2,39,5,-28,33,-4,8,-38,-15
866,-107,58,-71,-126,5,34,3,-16,-14,-20,-73,52,42,-9,-54,-64,7,-1,14,13,-16,18,-4,40,145,-4,-8,-32,76,31,-64,42,14,-38,15,-23,108,-108,-40,46,51,6,35,-4,7,74,32,89,72,-36,-86,-164,3,51,1,54,3,5,-13,-18,2,-148,98,-49,-41,-30,-37,21,41,-63,-20,8,87,-69,-28,27,27,41,-32,3,17,27,20,83,52,-56,-70,-76,-31,8,-51,-2,39,5,-28,33,-4,8,-38,-15,16
867,58,-71,-126,5,34,3,-16,-14,-20,-73,52,42,-9,-54,-64,7,-1,14,13,-16,18,-4,40,145,-4,-8,-32,76,31,-64,42,14,-38,15,-23,108,-108,-40,46,51,6,35,-4,7,74,32,89,72,-36,-86,-164,3,51,1,54,3,5,-13,-18,2,-148,98,-49,-41,-30,-37,21,41,-63,-20,8,87,-69,-28,27,27,41,-32,3,17,27,20,83,52,-56,-70,-76,-31,8,-51,-2,39,5,-28,33,-4,8,-38,-15,16,-35
868,-71,-126,5,34,3,-16,-14,-20,-73,52,42,-9,-54,-64,7,-1,14,13,-16,18,-4,40,145,-4,-8,-32,76,31,-64,42,14,-38,15,-23,108,-108,-40,46,51,6,35,-4,7,74,32,89,72,-36,-86,-164,3,51,1,54,3,5,-13,-18,2,-148,98,-49,-41,-30,-37,21,41,-63,-20,8,87,-69,-28,27,27,41,-32,3,17,27,20,83,52,-56,-70,-76,-31,8,-51,-2,39,5,-28,33,-4,8,-38,-15,16,-35,19
869,-126,5,34,3,-16,-14,-20,-73,52,42,-9,-54,-64,7,-1,14,13,-16,18,-4,40,145,-4,-8,-32,76,31,-64,42,14,-38,15,-23,108,-108,-40,46,51,6,35,-4,7,74,32,89,72,-36,-86,-164,3,51,1,54,3,5,-13,-18,2,-148,98,-49,-41,-30,-37,21,41,-63,-20,8,87,-69,-28,27,27,41,-32,3,17,27,20,83,52,-56,-70,-76,-31,8,-51,-2,39,5,-28,33,-4,8,-38,-15,16,-35,19,22
870,5,34,3,-16,-14,-20,-73,52,42,-9,-54,-64,7,-1,14,13,-16,18,-4,40,145,-4,-8,-32,76,31,-64,42,14,-38,15,-23,108,-108,-40,46,51,6,35,-4,7,74,32,89,72,-36,-86,-164,3,51,1,54,3,5,-13,-18,2,-148,98,-49,-41,-30,-37,21,41,-63,-20,8,87,-69,-28,27,27,41,-32,3,17,27,20,83,52,-56,-70,-76,-31,8,-51,-2,39,5,-28,33,-4,8,-38,-15,16,-35,19,22,14
871,34,3,-16,-14,-20,-73,52,42,-9,-54,-64,7,-1,14,13,-16,18,-4,40,145,-4,-8,-32,76,31,-64,42,14,-38,15,-23,108,-108,-40,46,51,6,35,-4,7,74,32,89,72,-36,-86,-164,3,51,1,54,3,5,-13,-18,2,-148,98,-49,-41,-30,-37,21,41,-63,-20,8,87,-69,-28,27,27,41,-32,3,17,27,20,83,52,-56,-70,-76,-31,8,-51,-2,39,5,-28,33,-4,8,-38,-15,16,-35,19,22,14,18
872,3,-16,-14,-20,-73,52,42,-9,-54,-64,7,-1,14,13,-16,18,-4,40,145,-4,-8,-32,76,31,-64,42,14,-38,15,-23,108,-108,-40,46,51,6,35,-4,7,74,32,89,72,-36,-86,-164,3,51,1,54,3,5,-13,-18,2,-148,98,-49,-41,-30,-37,21,41,-63,-20,8,87,-69,-28,27,27,41,-32,3,17,27,20,83,52,-56,-70,-76,-31,8,-51,-2,39,5,-28,33,-4,8,-38,-15,16,-35,19,22,14,18,4
873,-16,-14,-20,-73,52,42,-9,-54,-64,7,-1,14,13,-16,18,-4,40,145,-4,-8,-32,76,31,-64,42,14,-38,15,-23,108,-108,-40,46,51,6,35,-4,7,74,32,89,72,-36,-86,-164,3,51,1,54,3,5,-13,-18,2,-148,98,-49,-41,-30,-37,21,41,-63,-20,8,87,-69,-28,27,27,41,-32,3,17,27,20,83,52,-56,-70,-76,-31,8,-51,-2,39,5,-28,33,-4,8,-38,-15,16,-35,19,22,14,18,4,-6
874,-14,-20,-73,52,42,-9,-54,-64,7,-1,14,13,-16,18,-4,40,145,-4,-8,-32,76,31,-64,42,14,-38,15,-23,108,-108,-40,46,51,6,35,-4,7,74,32,89,72,-36,-86,-164,3,51,1,54,3,5,-13,-18,2,-148,98,-49,-41,-30,-37,21,41,-63,-20,8,87,-69,-28,27,27,41,-32,3,17,27,20,83,52,-56,-70,-76,-31,8,-51,-2,39,5,-28,33,-4,8,-38,-15,16,-35,19,22,14,18,4,-6,43
875,-20,-73,52,42,-9,-54,-64,7,-1,14,13,-16,18,-4,40,145,-4,-8,-32,76,31,-64,42,14,-38,15,-23,108,-108,-40,46,51,6,35,-4,7,74,32,89,72,-36,-86,-164,3,51,1,54,3,5,-13,-18,2,-148,98,-49,-41,-30,-37,21,41,-63,-20,8,87,-69,-28,27,27,41,-32,3,17,27,20,83,52,-56,-70,-76,-31,8,-51,-2,39,5,-28,33,-4,8,-38,-15,16,-35,19,22,14,18,4,-6,43,-59
876,-73,52,42,-9,-54,-64,7,-1,14,13,-16,18,-4,40,145,-4,-8,-32,76,31,-64,42,14,-38,15,-23,108,-108,-40,46,51,6,35,-4,7,74,32,89,72,-36,-86,-164,3,51,1,54,3,5,-13,-18,2,-148,98,-49,-41,-30,-37,21,41,-63,-20,8,87,-69,-28,27,27,41,-32,3,17,27,20,83,52,-56,-70,-76,-31,8,-51,-2,39,5,-28,33,-4,8,-38,-15,16,-35,19,22,14,18,4,-6,43,-59,-68
877,52,42,-9,-54,-64,7,-1,14,13,-16,18,-4,40,145,-4,-8,-32,76,31,-64,42,14,-38,15,-23,108,-108,-40,46,51,6,35,-4,7,74,32,89,72,-36,-86,-164,3,51,1,54,3,5,-13,-18,2,-148,98,-49,-41,-30,-37,21,41,-63,-20,8,87,-69,-28,27,27,41,-32,3,17,27,20,83,52,-56,-70,-76,-31,8,-51,-2,39,5,-28,33,-4,8,-38,-15,16,-35,19,22,14,18,4,-6,43,-59,-68,131
878,42,-9,-54,-64,7,-1,14,13,-16,18,-4,40,145,-4,-8,-32,76,31,-64,42,14,-38,15,-23,108,-108,-40,46,51,6,35,-4,7,74,32,89,72,-36,-86,-164,3,51,1,54,3,5,-13,-18,2,-148,98,-49,-41,-30,-37,21,41,-63,-20,8,87,-69,-28,27,27,41,-32,3,17,27,20,83,52,-56,-70,-76,-31,8,-51,-2,39,5,-28,33,-4,8,-38,-15,16,-35,19,22,14,18,4,-6,43,-59,-68,131,161
879,-9,-54,-64,7,-1,14,13,-16,18,-4,40,145,-4,-8,-32,76,31,-64,42,14,-38,15,-23,108,-108,-40,46,51,6,35,-4,7,74,32,89,72,-36,-86,-164,3,51,1,54,3,5,-13,-18,2,-148,98,-49,-41,-30,-37,21,41,-63,-20,8,87,-69,-28,27,27,41,-32,3,17,27,20,83,52,-56,-70,-76,-31,8,-51,-2,39,5,-28,33,-4,8,-38,-15,16,-35,19,22,14,18,4,-6,43,-59,-68,131,161,-27
880,-54,-64,7,-1,14,13,-16,18,-4,40,145,-4,-8,-32,76,31,-64,42,14,-38,15,-23,108,-108,-40,46,51,6,35,-4,7,74,32,89,72,-36,-86,-164,3,51,1,54,3,5,-13,-18,2,-148,98,-49,-41,-30,-37,21,41,-63,-20,8,87,-69,-28,27,27,41,-32,3,17,27,20,83,52,-56,-70,-76,-31,8,-51,-2,39,5,-28,33,-4,8,-38,-15,16,-35,19,22,14,18,4,-6,43,-59,-68,131,161,-27,44
881,-64,7,-1,14,13,-16,18,-4,40,145,-4,-8,-32,76,31,-64,42,14,-38,15,-23,108,-108,-40,46,51,6,35,-4,7,74,32,89,72,-36,-86,-164,3,51,1,54,3,5,-13,-18,2,-148,98,-49,-41,-30,-37,21,41,-63,-20,8,87,-69,-28,27,27,41,-32,3,17,27,20,83,52,-56,-70,-76,-31,8,-51,-2,39,5,-28,33,-4,8,-38,-15,16,-35,19,22,14,18,4,-6,43,-59,-68,131,161,-27,44,74
882,7,-1,14,13,-16,18,-4,40,145,-4,-8,-32,76,31,-64,42,14,-38,15,-23,108,-108,-40,46,51,6,35,-4,7,74,32,89,72,-36,-86,-164,3,51,1,54,3,5,-13,-18,2,-148,98,-49,-41,-30,-37,21,41,-63,-20,8,87,-69,-28,27,27,41,-32,3,17,27,20,83,52,-56,-70,-76,-31,8,-51,-2,39,5,-28,33,-4,8,-38,-15,16,-35,19,22,14,18,4,-6,43,-59,-68,131,161,-27,44,74,217
883,-1,14,13,-16,18,-4,40,145,-4,-8,-32,76,31,-64,42,14,-38,15,-23,108,-108,-40,46,51,6,35,-4,7,74,32,89,72,-36,-86,-164,3,51,1,54,3,5,-13,-18,2,-148,98,-49,-41,-30,-37,21,41,-63,-20,8,87,-69,-28,27,27,41,-32,3,17,27,20,83,52,-56,-70,-76,-31,8,-51,-2,39,5,-28,33,-4,8,-38,-15,16,-35,19,22,14,18,4,-6,43,-59,-68,131,161,-27,44,74,217,156
884,14,13,-16,18,-4,40,145,-4,-8,-32,76,31,-64,42,14,-38,15,-23,108,-108,-40,46,51,6,35,-4,7,74,32,89,72,-36,-86,-164,3,51,1,54,3,5,-13,-18,2,-148,98,-49,-41,-30,-37,21,41,-63,-20,8,87,-69,-28,27,27,41,-32,3,17,27,20,83,52,-56,-70,-76,-31,8,-51,-2,39,5,-28,33,-4,8,-38,-15,16,-35,19,22,14,18,4,-6,43,-59,-68,131,161,-27,44,74,217,156,-83
885,13,-16,18,-4,40,145,-4,-8,-32,76,31,-64,42,14,-38,15,-23,108,-108,-40,46,51,6,35,-4,7,74,32,89,72,-36,-86,-164,3,51,1,54,3,5,-13,-18,2,-148,98,-49,-41,-30,-37,21,41,-63,-20,8,87,-69,-28,27,27,41,-32,3,17,27,20,83,52,-56,-70,-76,-31,8,-51,-2,39,5,-28,33,-4,8,-38,-15,16,-35,19,22,14,18,4,-6,43,-59,-68,131,161,-27,44,74,217,156,-83,76
886,-16,18,-4,40,145,-4,-8,-32,76,31,-64,42,14,-38,15,-23,108,-108,-40,46,51,6,35,-4,7,74,32,89,72,-36,-86,-164,3,51,1,54,3,5,-13,-18,2,-148,98,-49,-41,-30,-37,21,41,-63,-20,8,87,-69,-28,27,27,41,-32,3,17,27,20,83,52,-56,-70,-76,-31,8,-51,-2,39,5,-28,33,-4,8,-38,-15,16,-35,19,22,14,18,4,-6,43,-59,-68,131,161,-27,44,74,217,156,-83,76,-60
887,18,-4,40,145,-4,-8,-32,76,31,-64,42,14,-38,15,-23,108,-108,-40,46,51,6,35,-4,7,74,32,89,72,-36,-86,-164,3,51,1,54,3,5,-13,-18,2,-148,98,-49,-41,-30,-37,21,41,-63,-20,8,87,-69,-28,27,27,41,-32,3,17,27,20,83,52,-56,-70,-76,-31,8,-51,-2,39,5,-28,33,-4,8,-38,-15,16,-35,19,22,14,18,4,-6,43,-59,-68,131,161,-27,44,74,217,156,-83,76,-60,-325
888,-4,40,145,-4,-8,-32,76,31,-64,42,14,-38,15,-23,108,-108,-40,46,51,6,35,-4,7,74,32,89,72,-36,-86,-164,3,51,1,54,3,5,-13,-18,2,-148,98,-49,-41,-30,-37,21,41,-63,-20,8,87,-69,-28,27,27,41,-32,3,17,27,20,83,52,-56,-70,-76,-31,8,-51,-2,39,5,-28,33,-4,8,-38,-15,16,-35,19,22,14,18,4,-6,43,-59,-68,131,161,-27,44,74,217,156,-83,76,-60,-325,2
889,40,145,-4,-8,-32,76,31,-64,42,14,-38,15,-23,108,-108,-40,46,51,6,35,-4,7,74,32,89,72,-36,-86,-164,3,51,1,54,3,5,-13,-18,2,-148,98,-49,-41,-30,-37,21,41,-63,-20,8,87,-69,-28,27,27,41,-32,3,17,27,20,83,52,-56,-70,-76,-31,8,-51,-2,39,5,-28,33,-4,8,-38,-15,16,-35,19,22,14,18,4,-6,43,-59,-68,131,161,-27,44,74,217,156,-83,76,-60,-325,2,-103
890,145,-4,-8,-32,76,31,-64,42,14,-38,15,-23,108,-108,-40,46,51,6,35,-4,7,74,32,89,72,-36,-86,-164,3,51,1,54,3,5,-13,-18,2,-148,98,-49,-41,-30,-37,21,41,-63,-20,8,87,-69,-28,27,27,41,-32,3,17,27,20,83,52,-56,-70,-76,-31,8,-51,-2,39,5,-28,33,-4,8,-38,-15,16,-35,19,22,14,18,4,-6,43,-59,-68,131,161,-27,44,74,217,156,-83,76,-60,-325,2,-103,-14
891,-4,-8,-32,76,31,-64,42,14,-38,15,-23,108,-108,-40,46,51,6,35,-4,7,74,32,89,72,-36,-86,-164,3,51,1,54,3,5,-13,-18,2,-148,98,-49,-41,-30,-37,21,41,-63,-20,8,87,-69,-28,27,27,41,-32,3,17,27,20,83,52,-56,-70,-76,-31,8,-51,-2,39,5,-28,33,-4,8,-38,-15,16,-35,19,22,14,18,4,-6,43,-59,-68,131,161,-27,44,74,217,156,-83,76,-60,-325,2,-103,-14,-26
892,-8,-32,76,31,-64,42,14,-38,15,-23,108,-108,-40,46,51,6,35,-4,7,74,32,89,72,-36,-86,-164,3,51,1,54,3,5,-13,-18,2,-148,98,-49,-41,-30,-37,21,41,-63,-20,8,87,-69,-28,27,27,41,-32,3,17,27,20,83,52,-56,-70,-76,-31,8,-51,-2,39,5,-28,33,-4,8,-38,-15,16,-35,19,22,14,18,4,-6,43,-59,-68,131,161,-27,44,74,217,156,-83,76,-60,-325,2,-103,-14,-26,4
893,-32,76,31,-64,42,14,-38,15,-23,108,-108,-40,46,51,6,35,-4,7,74,32,89,72,-36,-86,-164,3,51,1,54,3,5,-13,-18,2,-148,98,-49,-41,-30,-37,21,41,-63,-20,8,87,-69,-28,27,27,41,-32,3,17,27,20,83,52,-56,-70,-76,-31,8,-51,-2,39,5,-28,33,-4,8,-38,-15,16,-35,19,22,14,18,4,-6,43,-59,-68,131,161,-27,44,74,217,156,-83,76,-60,-325,2,-103,-14,-26,4,125
894,76,31,-64,42,14,-38,15,-23,108,-108,-40,46,51,6,35,-4,7,74,32,89,72,-36,-86,-164,3,51,1,54,3,5,-13,-18,2,-148,98,-49,-41,-30,-37,21,41,-63,-20,8,87,-69,-28,27,27,41,-32,3,17,27,20,83,52,-56,-70,-76,-31,8,-51,-2,39,5,-28,33,-4,8,-38,-15,16,-35,19,22,14,18,4,-6,43,-59,-68,131,161,-27,44,74,217,156,-83,76,-60,-325,2,-103,-14,-26,4,125,81
895,31,-64,42,14,-38,15,-23,108,-108,-40,46,51,6,35,-4,7,74,32,89,72,-36,-86,-164,3,51,1,54,3,5,-13,-18,2,-148,98,-49,-41,-30,-37,21,41,-63,-20,8,87,-69,-28,27,27,41,-32,3,17,27,20,83,52,-56,-70,-76,-31,8,-51,-2,39,5,-28,33,-4,8,-38,-15,16,-35,19,22,14,18,4,-6,43,-59,-68,131,161,-27,44,74,217,156,-83,76,-60,-325,2,-103,-14,-26,4,125,81,-10
896,-64,42,14,-38,15,-23,108,-108,-40,46,51,6,35,-4,7,74,32,89,72,-36,-86,-164,3,51,1,54,3,5,-13,-18,2,-148,98,-49,-41,-30,-37,21,41,-63,-20,8,87,-69,-28,27,27,41,-32,3,17,27,20,83,52,-56,-70,-76,-31,8,-51,-2,39,5,-28,33,-4,8,-38,-15,16,-35,19,22,14,18,4,-6,43,-59,-68,131,161,-27,44,74,217,156,-83,76,-60,-325,2,-103,-14,-26,4,125,81,-10,-153
897,42,14,-38,15,-23,108,-108,-40,46,51,6,35,-4,7,74,32,89,72,-36,-86,-164,3,51,1,54,3,5,-13,-18,2,-148,98,-49,-41,-30,-37,21,41,-63,-20,8,87,-69,-28,27,27,41,-32,3,17,27,20,83,52,-56,-70,-76,-31,8,-51,-2,39,5,-28,33,-4,8,-38,-15,16,-35,19,22,14,18,4,-6,43,-59,-68,131,161,-27,44,74,217,156,-83,76,-60,-325,2,-103,-14,-26,4,125,81,-10,-153,55
898,14,-38,15,-23,108,-108,-40,46,51,6,35,-4,7,74,32,89,72,-36,-86,-164,3,51,1,54,3,5,-13,-18,2,-148,98,-49,-41,-30,-37,21,41,-63,-20,8,87,-69,-28,27,27,41,-32,3,17,27,20,83,52,-56,-70,-76,-31,8,-51,-2,39,5,-28,33,-4,8,-38,-15,16,-35,19,22,14,18,4,-6,43,-59,-68,131,161,-27,44,74,217,156,-83,76,-60,-325,2,-103,-14,-26,4,125,81,-10,-153,55,-33
899,-38,15,-23,108,-108,-40,46,51,6,35,-4,7,74,32,89,72,-36,-86,-164,3,51,1,54,3,5,-13,-18,2,-148,98,-49,-41,-30,-37,21,41,-63,-20,8,87,-69,-28,27,27,41,-32,3,17,27,20,83,52,-56,-70,-76,-31,8,-51,-2,39,5,-28,33,-4,8,-38,-15,16,-35,19,22,14,18,4,-6,43,-59,-68,131,161,-27,44,74,217,156,-83,76,-60,-325,2,-103,-14,-26,4,125,81,-10,-153,55,-33,-104
900,15,-23,108,-108,-40,46,51,6,35,-4,7,74,32,89,72,-36,-86,-164,3,51,1,54,3,5,-13,-18,2,-148,98,-49,-41,-30,-37,21,41,-63,-20,8,87,-69,-28,27,27,41,-32,3,17,27,20,83,52,-56,-70,-76,-31,8,-51,-2,39,5,-28,33,-4,8,-38,-15,16,-35,19,22,14,18,4,-6,43,-59,-68,131,161,-27,44,74,217,156,-83,76,-60,-325,2,-103,-14,-26,4,125,81,-10,-153,55,-33,-104,97
901,-23,108,-108,-40,46,51,6,35,-4,7,74,32,89,72,-36,-86,-164,3,51,1,54,3,5,-13,-18,2,-148,98,-49,-41,-30,-37,21,41,-63,-20,8,87,-69,-28,27,27,41,-32,3,17,27,20,83,52,-56,-70,-76,-31,8,-51,-2,39,5,-28,33,-4,8,-38,-15,16,-35,19,22,14,18,4,-6,43,-59,-68,131,161,-27,44,74,217,156,-83,76,-60,-325,2,-103,-14,-26,4,125,81,-10,-153,55,-33,-104,97,310
902,108,-108,-40,46,51,6,35,-4,7,74,32,89,72,-36,-86,-164,3,51,1,54,3,5,-13,-18,2,-148,98,-49,-41,-30,-37,21,41,-63,-20,8,87,-69,-28,27,27,41,-32,3,17,27,20,83,52,-56,-70,-76,-31,8,-51,-2,39,5,-28,33,-4,8,-38,-15,16,-35,19,22,14,18,4,-6,43,-59,-68,131,161,-27,44,74,217,156,-83,76,-60,-325,2,-103,-14,-26,4,125,81,-10,-153,55,-33,-104,97,310,78
903,-108,-40,46,51,6,35,-4,7,74,32,89,72,-36,-86,-164,3,51,1,54,3,5,-13,-18,2,-148,98,-49,-41,-30,-37,21,41,-63,-20,8,87,-69,-28,27,27,41,-32,3,17,27,20,83,52,-56,-70,-76,-31,8,-51,-2,39,5,-28,33,-4,8,-38,-15,16,-35,19,22,14,18,4,-6,43,-59,-68,131,161,-27,44,74,217,156,-83,76,-60,-325,2,-103,-14,-26,4,125,81,-10,-153,55,-33,-104,97,310,78,175
904,-40,46,51,6,35,-4,7,74,32,89,72,-36,-86,-164,3,51,1,54,3,5,-13,-18,2,-148,98,-49,-41,-30,-37,21,41,-63,-20,8,87,-69,-28,27,27,41,-32,3,17,27,20,83,52,-56,-70,-76,-31,8,-51,-2,39,5,-28,33,-4,8,-38,-15,16,-35,19,22,14,18,4,-6,43,-59,-68,131,161,-27,44,74,217,156,-83,76,-60,-325,2,-103,-14,-26,4,125,81,-10,-153,55,-33,-104,97,310,78,175,159
905,46,51,6,35,-4,7,74,32,89,72,-36,-86,-164,3,51,1,54,3,5,-13,-18,2,-148,98,-49,-41,-30,-37,21,41,-63,-20,8,87,-69,-28,27,27,41,-32,3,17,27,20,83,52,-56,-70,-76,-31,8,-51,-2,39,5,-28,33,-4,8,-38,-15,16,-35,19,22,14,18,4,-6,43,-59,-68,131,161,-27,44,74,217,156,-83,76,-60,-325,2,-103,-14,-26,4,125,81,-10,-153,55,-33,-104,97,310,78,175,159,-250
906,51,6,35,-4,7,74,32,89,72,-36,-86,-164,3,51,1,54,3,5,-13,-18,2,-148,98,-49,-41,-30,-37,21,41,-63,-20,8,87,-69,-28,27,27,41,-32,3,17,27,20,83,52,-56,-70,-76,-31,8,-51,-2,39,5,-28,33,-4,8,-38,-15,16,-35,19,22,14,18,4,-6,43,-59,-68,131,161,-27,44,74,217,156,-83,76,-60,-325,2,-103,-14,-26,4,125,81,-10,-153,55,-33,-104,97,310,78,175,159,-250,198
907,6,35,-4,7,74,32,89,72,-36,-86,-164,3,51,1,54,3,5,-13,-18,2,-148,98,-49,-41,-30,-37,21,41,-63,-20,8,87,-69,-28,27,27,41,-32,3,17,27,20,83,52,-56,-70,-76,-31,8,-51,-2,39,5,-28,33,-4,8,-38,-15,16,-35,19,22,14,18,4,-6,43,-59,-68,131,161,-27,44,74,217,156,-83,76,-60,-325,2,-103,-14,-26,4,125,81,-10,-153,55,-33,-104,97,310,78,175,159,-250,198,-128
908,35,-4,7,74,32,89,72,-36,-86,-164,3,51,1,54,3,5,-13,-18,2,-148,98,-49,-41,-30,-37,21,41,-63,-20,8,87,-69,-28,27,27,41,-32,3,17,27,20,83,52,-56,-70,-76,-31,8,-51,-2,39,5,-28,33,-4,8,-38,-15,16,-35,19,22,14,18,4,-6,43,-59,-68,131,161,-27,44,74,217,156,-83,76,-60,-325,2,-103,-14,-26,4,125,81,-10,-153,55,-33,-104,97,310,78,175,159,-250,198,-128,214
909,-4,7,74,32,89,72,-36,-86,-164,3,51,1,54,3,5,-13,-18,2,-148,98,-49,-41,-30,-37,21,41,-63,-20,8,87,-69,-28,27,27,41,-32,3,17,27,20,83,52,-56,-70,-76,-31,8,-51,-2,39,5,-28,33,-4,8,-38,-15,16,-35,19,22,14,18,4,-6,43,-59,-68,131,161,-27,44,74,217,156,-83,76,-60,-325,2,-103,-14,-26,4,125,81,-10,-153,55,-33,-104,97,310,78,175,159,-250,198,-128,214,511
910,7,74,32,89,72,-36,-86,-164,3,51,1,54,3,5,-13,-18,2,-148,98,-49,-41,-30,-37,21,41,-63,-20,8,87,-69,-28,27,27,41,-32,3,17,27,20,83,52,-56,-70,-76,-31,8,-51,-2,39,5,-28,33,-4,8,-38,-15,16,-35,19,22,14,18,4,-6,43,-59,-68,131,161,-27,44,74,217,156,-83,76,-60,-325,2,-103,-14,-26,4,125,81,-10,-153,55,-33,-104,97,310,78,175,159,-250,198,-128,214,511,627
911,74,32,89,72,-36,-86,-164,3,51,1,54,3,5,-13,-18,2,-148,98,-49,-41,-30,-37,21,41,-63,-20,8,87,-69,-28,27,27,41,-32,3,17,27,20,83,52,-56,-70,-76,-31,8,-51,-2,39,5,-28,33,-4,8,-38,-15,16,-35,19,22,14,18,4,-6,43,-59,-68,131,161,-27,44,74,217,156,-83,76,-60,-325,2,-103,-14,-26,4,125,81,-10,-153,55,-33,-104,97,310,78,175,159,-250,198,-128,214,511,627,-410
912,32,89,72,-36,-86,-164,3,51,1,54,3,5,-13,-18,2,-148,98,-49,-41,-30,-37,21,41,-63,-20,8,87,-69,-28,27,27,41,-32,3,17,27,20,83,52,-56,-70,-76,-31,8,-51,-2,39,5,-28,33,-4,8,-38,-15,16,-35,19,22,14,18,4,-6,43,-59,-68,131,161,-27,44,74,217,156,-83,76,-60,-325,2,-103,-14,-26,4,125,81,-10,-153,55,-33,-104,97,310,78,175,159,-250,198,-128,214,511,627,-410,-273
913,89,72,-36,-86,-164,3,51,1,54,3,5,-13,-18,2,-148,98,-49,-41,-30,-37,21,41,-63,-20,8,87,-69,-28,27,27,41,-32,3,17,27,20,83,52,-56,-70,-76,-31,8,-51,-2,39,5,-28,33,-4,8,-38,-15,16,-35,19,22,14,18,4,-6,43,-59,-68,131,161,-27,44,74,217,156,-83,76,-60,-325,2,-103,-14,-26,4,125,81,-10,-153,55,-33,-104,97,310,78,175,159,-250,198,-128,214,511,627,-410,-273,-17
914,72,-36,-86,-164,3,51,1,54,3,5,-13,-18,2,-148,98,-49,-41,-30,-37,21,41,-63,-20,8,87,-69,-28,27,27,41,-32,3,17,27,20,83,52,-56,-70,-76,-31,8,-51,-2,39,5,-28,33,-4,8,-38,-15,16,-35,19,22,14,18,4,-6,43,-59,-68,131,161,-27,44,74,217,156,-83,76,-60,-325,2,-103,-14,-26,4,125,81,-10,-153,55,-33,-104,97,310,78,175,159,-250,198,-128,214,511,627,-410,-273,-17,-138
915,-36,-86,-164,3,51,1,54,3,5,-13,-18,2,-148,98,-49,-41,-30,-37,21,41,-63,-20,8,87,-69,-28,27,27,41,-32,3,17,27,20,83,52,-56,-70,-76,-31,8,-51,-2,39,5,-28,33,-4,8,-38,-15,16,-35,19,22,14,18,4,-6,43,-59,-68,131,161,-27,44,74,217,156,-83,76,-60,-325,2,-103,-14,-26,4,125,81,-10,-153,55,-33,-104,97,310,78,175,159,-250,198,-128,214,511,627,-410,-273,-17,-138,0
916,-86,-164,3,51,1,54,3,5,-13,-18,2,-148,98,-49,-41,-30,-37,21,41,-63,-20,8,87,-69,-28,27,27,41,-32,3,17,27,20,83,52,-56,-70,-76,-31,8,-51,-2,39,5,-28,33,-4,8,-38,-15,16,-35,19,22,14,18,4,-6,43,-59,-68,131,161,-27,44,74,217,156,-83,76,-60,-325,2,-103,-14,-26,4,125,81,-10,-153,55,-33,-104,97,310,78,175,159,-250,198,-128,214,511,627,-410,-273,-17,-138,0,0
917,-164,3,51,1,54,3,5,-13,-18,2,-148,98,-49,-41,-30,-37,21,41,-63,-20,8,87,-69,-28,27,27,41,-32,3,17,27,20,83,52,-56,-70,-76,-31,8,-51,-2,39,5,-28,33,-4,8,-38,-15,16,-35,19,22,14,18,4,-6,43,-59,-68,131,161,-27,44,74,217,156,-83,76,-60,-325,2,-103,-14,-26,4,125,81,-10,-153,55,-33,-104,97,310,78,175,159,-250,198,-128,214,511,627,-410,-273,-17,-138,0,0,0
918,3,51,1,54,3,5,-13,-18,2,-148,98,-49,-41,-30,-37,21,41,-63,-20,8,87,-69,-28,27,27,41,-32,3,17,27,20,83,52,-56,-70,-76,-31,8,-51,-2,39,5,-28,33,-4,8,-38,-15,16,-35,19,22,14,18,4,-6,43,-59,-68,131,161,-27,44,74,217,156,-83,76,-60,-325,2,-103,-14,-26,4,125,81,-10,-153,55,-33,-104,97,310,78,175,159,-250,198,-128,214,511,627,-410,-273,-17,-138,0,0,0,0
919,51,1,54,3,5,-13,-18,2,-148,98,-49,-41,-30,-37,21,41,-63,-20,8,87,-69,-28,27,27,41,-32,3,17,27,20,83,52,-56,-70,-76,-31,8,-51,-2,39,5,-28,33,-4,8,-38,-15,16,-35,19,22,14,18,4,-6,43,-59,-68,131,161,-27,44,74,217,156,-83,76,-60,-325,2,-103,-14,-26,4,125,81,-10,-153,55,-33,-104,97,310,78,175,159,-250,198,-128,214,511,627,-410,-273,-17,-138,0,0,0,0,0
920,1,54,3,5,-13,-18,2,-148,98,-49,-41,-30,-37,21,41,-63,-20,8,87,-69,-28,27,27,41,-32,3,17,27,20,83,52,-56,-70,-76,-31,8,-51,-2,39,5,-28,33,-4,8,-38,-15,16,-35,19,22,14,18,4,-6,43,-59,-68,131,161,-27,44,74,217,156,-83,76,-60,-325,2,-103,-14,-26,4,125,81,-10,-153,55,-33,-104,97,310,78,175,159,-250,198,-128,214,511,627,-410,-273,-17,-138,0,0,0,0,0,0
921,54,3,5,-13,-18,2,-148,98,-49,-41,-30,-37,21,41,-63,-20,8,87,-69,-28,27,27,41,-32,3,17,27,20,83,52,-56,-70,-76,-31,8,-51,-2,39,5,-28,33,-4,8,-38,-15,16,-35,19,22,14,18,4,-6,43,-59,-68,131,161,-27,44,74,217,156,-83,76,-60,-325,2,-103,-14,-26,4,125,81,-10,-153,55,-33,-104,97,310,78,175,159,-250,198,-128,214,511,627,-410,-273,-17,-138,0,0,0,0,0,0,0
922,3,5,-13,-18,2,-148,98,-49,-41,-30,-37,21,41,-63,-20,8,87,-69,-28,27,27,41,-32,3,17,27,20,83,52,-56,-70,-76,-31,8,-51,-2,39,5,-28,33,-4,8,-38,-15,16,-35,19,22,14,18,4,-6,43,-59,-68,131,161,-27,44,74,217,156,-83,76,-60,-325,2,-103,-14,-26,4,125,81,-10,-153,55,-33,-104,97,310,78,175,159,-250,198,-128,214,511,627,-410,-273,-17,-138,0,0,0,0,0,0,0,0
923,5,-13,-18,2,-148,98,-49,-41,-30,-37,21,41,-63,-20,8,87,-69,-28,27,27,41,-32,3,17,27,20,83,52,-56,-70,-76,-31,8,-51,-2,39,5,-28,33,-4,8,-38,-15,16,-35,19,22,14,18,4,-6,43,-59,-68,131,161,-27,44,74,217,156,-83,76,-60,-325,2,-103,-14,-26,4,125,81,-10,-153,55,-33,-104,97,310,78,175,159,-250,198,-128,214,511,627,-410,-273,-17,-138,0,0,0,0,0,0,0,0,0
924,-13,-18,2,-148,98,-49,-41,-30,-37,21,41,-63,-20,8,87,-69,-28,27,27,41,-32,3,17,27,20,83,52,-56,-70,-76,-31,8,-51,-2,39,5,-28,33,-4,8,-38,-15,16,-35,19,22,14,18,4,-6,43,-59,-68,131,161,-27,44,74,217,156,-83,76,-60,-325,2,-103,-14,-26,4,125,81,-10,-153,55,-33,-104,97,310,78,175,159,-250,198,-128,214,511,627,-410,-273,-17,-138,0,0,0,0,0,0,0,0,0,60
925,-18,2,-148,98,-49,-41,-30,-37,21,41,-63,-20,8,87,-69,-28,27,27,41,-32,3,17,27,20,83,52,-56,-70,-76,-31,8,-51,-2,39,5,-28,33,-4,8,-38,-15,16,-35,19,22,14,18,4,-6,43,-59,-68,131,161,-27,44,74,217,156,-83,76,-60,-325,2,-103,-14,-26,4,125,81,-10,-153,55,-33,-104,97,310,78,175,159,-250,198,-128,214,511,627,-410,-273,-17,-138,0,0,0,0,0,0,0,0,0,60,-2
926,2,-148,98,-49,-41,-30,-37,21,41,-63,-20,8,87,-69,-28,27,27,41,-32,3,17,27,20,83,52,-56,-70,-76,-31,8,-51,-2,39,5,-28,33,-4,8,-38,-15,16,-35,19,22,14,18,4,-6,43,-59,-68,131,161,-27,44,74,217,156,-83,76,-60,-325,2,-103,-14,-26,4,125,81,-10,-153,55,-33,-104,97,310,78,175,159,-250,198,-128,214,511,627,-410,-273,-17,-138,0,0,0,0,0,0,0,0,0,60,-2,4
927,-148,98,-49,-41,-30,-37,21,41,-63,-20,8,87,-69,-28,27,27,41,-32,3,17,27,20,83,52,-56,-70,-76,-31,8,-51,-2,39,5,-28,33,-4,8,-38,-15,16,-35,19,22,14,18,4,-6,43,-59,-68,131,161,-27,44,74,217,156,-83,76,-60,-325,2,-103,-14,-26,4,125,81,-10,-153,55,-33,-104,97,310,78,175,159,-250,198,-128,214,511,627,-410,-273,-17,-138,0,0,0,0,0,0,0,0,0,60,-2,4,-2
928,98,-49,-41,-30,-37,21,41,-63,-20,8,87,-69,-28,27,27,41,-32,3,17,27,20,83,52,-56,-70,-76,-31,8,-51,-2,39,5,-28,33,-4,8,-38,-15,16,-35,19,22,14,18,4,-6,43,-59,-68,131,161,-27,44,74,217,156,-83,76,-60,-325,2,-103,-14,-26,4,125,81,-10,-153,55,-33,-104,97,310,78,175,159,-250,198,-128,214,511,627,-410,-273,-17,-138,0,0,0,0,0,0,0,0,0,60,-2,4,-2,7
929,-49,-41,-30,-37,21,41,-63,-20,8,87,-69,-28,27,27,41,-32,3,17,27,20,83,52,-56,-70,-76,-31,8,-51,-2,39,5,-28,33,-4,8,-38,-15,16,-35,19,22,14,18,4,-6,43,-59,-68,131,161,-27,44,74,217,156,-83,76,-60,-325,2,-103,-14,-26,4,125,81,-10,-153,55,-33,-104,97,310,78,175,159,-250,198,-128,214,511,627,-410,-273,-17,-138,0,0,0,0,0,0,0,0,0,60,-2,4,-2,7,13
930,-41,-30,-37,21,41,-63,-20,8,87,-69,-28,27,27,41,-32,3,17,27,20,83,52,-56,-70,-76,-31,8,-51,-2,39,5,-28,33,-4,8,-38,-15,16,-35,19,22,14,18,4,-6,43,-59,-68,131,161,-27,44,74,217,156,-83,76,-60,-325,2,-103,-14,-26,4,125,81,-10,-153,55,-33,-104,97,310,78,175,159,-250,198,-128,214,511,627,-410,-273,-17,-138,0,0,0,0,0,0,0,0,0,60,-2,4,-2,7,13,-16
931,-30,-37,21,41,-63,-20,8,87,-69,-28,27,27,41,-32,3,17,27,20,83,52,-56,-70,-76,-31,8,-51,-2,39,5,-28,33,-4,8,-38,-15,16,-35,19,22,14,18,4,-6,43,-59,-68,131,161,-27,44,74,217,156,-83,76,-60,-325,2,-103,-14,-26,4,125,81,-10,-153,55,-33,-104,97,310,78,175,159,-250,198,-128,214,511,627,-410,-273,-17,-138,0,0,0,0,0,0,0,0,0,60,-2,4,-2,7,13,-16,5
932,-37,21,41,-63,-20,8,87,-69,-28,27,27,41,-32,3,17,27,20,83,52,-56,-70,-76,-31,8,-51,-2,39,5,-28,33,-4,8,-38,-15,16,-35,19,22,14,18,4,-6,43,-59,-68,131,161,-27,44,74,217,156,-83,76,-60,-325,2,-103,-14,-26,4,125,81,-10,-153,55,-33,-104,97,310,78,175,159,-250,198,-128,214,511,627,-410,-273,-17,-138,0,0,0,0,0,0,0,0,0,60,-2,4,-2,7,13,-16,5,111
933,21,41,-63,-20,8,87,-69,-28,27,27,41,-32,3,17,27,20,83,52,-56,-70,-76,-31,8,-51,-2,39,5,-28,33,-4,8,-38,-15,16,-35,19,22,14,18,4,-6,43,-59,-68,131,161,-27,44,74,217,156,-83,76,-60,-325,2,-103,-14,-26,4,125,81,-10,-153,55,-33,-104,97,310,78,175,159,-250,198,-128,214,511,627,-410,-273,-17,-138,0,0,0,0,0,0,0,0,0,60,-2,4,-2,7,13,-16,5,111,128
934,41,-63,-20,8,87,-69,-28,27,27,41,-32,3,17,27,20,83,52,-56,-70,-76,-31,8,-51,-2,39,5,-28,33,-4,8,-38,-15,16,-35,19,22,14,18,4,-6,43,-59,-68,131,161,-27,44,74,217,156,-83,76,-60,-325,2,-103,-14,-26,4,125,81,-10,-153,55,-33,-104,97,310,78,175,159,-250,198,-128,214,511,627,-410,-273,-17,-138,0,0,0,0,0,0,0,0,0,60,-2,4,-2,7,13,-16,5,111,128,58
935,-63,-20,8,87,-69,-28,27,27,41,-32,3,17,27,20,83,52,-56,-70,-76,-31,8,-51,-2,39,5,-28,33,-4,8,-38,-15,16,-35,19,22,14,18,4,-6,43,-59,-68,131,161,-27,44,74,217,156,-83,76,-60,-325,2,-103,-14,-26,4,125,81,-10,-153,55,-33,-104,97,310,78,175,159,-250,198,-128,214,511,627,-410,-273,-17,-138,0,0,0,0,0,0,0,0,0,60,-2,4,-2,7,13,-16,5,111,128,58,-176
936,-20,8,87,-69,-28,27,27,41,-32,3,17,27,20,83,52,-56,-70,-76,-31,8,-51,-2,39,5,-28,33,-4,8,-38,-15,16,-35,19,22,14,18,4,-6,43,-59,-68,131,161,-27,44,74,217,156,-83,76,-60,-325,2,-103,-14,-26,4,125,81,-10,-153,55,-33,-104,97,310,78,175,159,-250,198,-128,214,511,627,-410,-273,-17,-138,0,0,0,0,0,0,0,0,0,60,-2,4,-2,7,13,-16,5,111,128,58,-176,-115
937,8,87,-69,-28,27,27,41,-32,3,17,27,20,83,52,-56,-70,-76,-31,8,-51,-2,39,5,-28,33,-4,8,-38,-15,16,-35,19,22,14,18,4,-6,43,-59,-68,131,161,-27,44,74,217,156,-83,76,-60,-325,2,-103,-14,-26,4,125,81,-10,-153,55,-33,-104,97,310,78,175,159,-250,198,-128,214,511,627,-410,-273,-17,-138,0,0,0,0,0,0,0,0,0,60,-2,4,-2,7,13,-16,5,111,128,58,-176,-115,-31
938,87,-69,-28,27,27,41,-32,3,17,27,20,83,52,-56,-70,-76,-31,8,-51,-2,39,5,-28,33,-4,8,-38,-15,16,-35,19,22,14,18,4,-6,43,-59,-68,131,161,-27,44,74,217,156,-83,76,-60,-325,2,-103,-14,-26,4,125,81,-10,-153,55,-33,-104,97,310,78,175,159,-250,198,-128,214,511,627,-410,-273,-17,-138,0,0,0,0,0,0,0,0,0,60,-2,4,-2,7,13,-16,5,111,128,58,-176,-115,-31,2
939,-69,-28,27,27,41,-32,3,17,27,20,83,52,-56,-70,-76,-31,8,-51,-2,39,5,-28,33,-4,8,-38,-15,16,-35,19,22,14,18,4,-6,43,-59,-68,131,161,-27,44,74,217,156,-83,76,-60,-325,2,-103,-14,-26,4,125,81,-10,-153,55,-33,-104,97,310,78,175,159,-250,198,-128,214,511,627,-410,-273,-17,-138,0,0,0,0,0,0,0,0,0,60,-2,4,-2,7,13,-16,5,111,128,58,-176,-115,-31,2,10
940,-28,27,27,41,-32,3,17,27,20,83,52,-56,-70,-76,-31,8,-51,-2,39,5,-28,33,-4,8,-38,-15,16,-35,19,22,14,18,4,-6,43,-59,-68,131,161,-27,44,74,217,156,-83,76,-60,-325,2,-103,-14,-26,4,125,81,-10,-153,55,-33,-104,97,310,78,175,159,-250,198,-128,214,511,627,-410,-273,-17,-138,0,0,0,0,0,0,0,0,0,60,-2,4,-2,7,13,-16,5,111,128,58,-176,-115,-31,2,10,76
941,27,27,41,-32,3,17,27,20,83,52,-56,-70,-76,-31,8,-51,-2,39,5,-28,33,-4,8,-38,-15,16,-35,19,22,14,18,4,-6,43,-59,-68,131,161,-27,44,74,217,156,-83,76,-60,-325,2,-103,-14,-26,4,125,81,-10,-153,55,-33,-104,97,310,78,175,159,-250,198,-128,214,511,627,-410,-273,-17,-138,0,0,0,0,0,0,0,0,0,60,-2,4,-2,7,13,-16,5,111,128,58,-176,-115,-31,2,10,76,136
942,27,41,-32,3,17,27,20,83,52,-56,-70,-76,-31,8,-51,-2,39,5,-28,33,-4,8,-38,-15,16,-35,19,22,14,18,4,-6,43,-59,-68,131,161,-27,44,74,217,156,-83,76,-60,-325,2,-103,-14,-26,4,125,81,-10,-153,55,-33,-104,97,310,78,175,159,-250,198,-128,214,511,627,-410,-273,-17,-138,0,0,0,0,0,0,0,0,0,60,-2,4,-2,7,13,-16,5,111,128,58,-176,-115,-31,2,10,76,136,158
943,41,-32,3,17,27,20,83,52,-56,-70,-76,-31,8,-51,-2,39,5,-28,33,-4,8,-38,-15,16,-35,19,22,14,18,4,-6,43,-59,-68,131,161,-27,44,74,217,156,-83,76,-60,-325,2,-103,-14,-26,4,125,81,-10,-153,55,-33,-104,97,310,78,175,159,-250,198,-128,214,511,627,-410,-273,-17,-138,0,0,0,0,0,0,0,0,0,60,-2,4,-2,7,13,-16,5,111,128,58,-176,-115,-31,2,10,76,136,158,-254
944,-32,3,17,27,20,83,52,-56,-70,-76,-31,8,-51,-2,39,5,-28,33,-4,8,-38,-15,16,-35,19,22,14,18,4,-6,43,-59,-68,131,161,-27,44,74,217,156,-83,76,-60,-325,2,-103,-14,-26,4,125,81,-10,-153,55,-33,-104,97,310,78,175,159,-250,198,-128,214,511,627,-410,-273,-17,-138,0,0,0,0,0,0,0,0,0,60,-2,4,-2,7,13,-16,5,111,128,58,-176,-115,-31,2,10,76,136,158,-254,116
945,3,17,27,20,83,52,-56,-70,-76,-31,8,-51,-2,39,5,-28,33,-4,8,-38,-15,16,-35,19,22,14,18,4,-6,43,-59,-68,131,161,-27,44,74,217,156,-83,76,-60,-325,2,-103,-14,-26,4,125,81,-10,-153,55,-33,-104,97,310,78,175,159,-250,198,-128,214,511,627,-410,-273,-17,-138,0,0,0,0,0,0,0,0,0,60,-2,4,-2,7,13,-16,5,111,128,58,-176,-115,-31,2,10,76,136,158,-254,116,290
946,17,27,20,83,52,-56,-70,-76,-31,8,-51,-2,39,5,-28,33,-4,8,-38,-15,16,-35,19,22,14,18,4,-6,43,-59,-68,131,161,-27,44,74,217,156,-83,76,-60,-325,2,-103,-14,-26,4,125,81,-10,-153,55,-33,-104,97,310,78,175,159,-250,198,-128,214,511,627,-410,-273,-17,-138,0,0,0,0,0,0,0,0,0,60,-2,4,-2,7,13,-16,5,111,128,58,-176,-115,-31,2,10,76,136,158,-254,116,290,194
947,27,20,83,52,-56,-70,-76,-31,8,-51,-2,39,5,-28,33,-4,8,-38,-15,16,-35,19,22,14,18,4,-6,43,-59,-68,131,161,-27,44,74,217,156,-83,76,-60,-325,2,-103,-14,-26,4,125,81,-10,-153,55,-33,-104,97,310,78,175,159,-250,198,-128,214,511,627,-410,-273,-17,-138,0,0,0,0,0,0,0,0,0,60,-2,4,-2,7,13,-16,5,111,128,58,-176,-115,-31,2,10,76,136,158,-254,116,290,194,-87
948,20,83,52,-56,-70,-76,-31,8,-51,-2,39,5,-28,33,-4,8,-38,-15,16,-35,19,22,14,18,4,-6,43,-59,-68,131,161,-27,44,74,217,156,-83,76,-60,-325,2,-103,-14,-26,4,125,81,-10,-153,55,-33,-104,97,310,78,175,159,-250,198,-128,214,511,627,-410,-273,-17,-138,0,0,0,0,0,0,0,0,0,60,-2,4,-2,7,13,-16,5,111,128,58,-176,-115,-31,2,10,76,136,158,-254,116,290,194,-87,-123
949,83,52,-56,-70,-76,-31,8,-51,-2,39,5,-28,33,-4,8,-38,-15,16,-35,19,22,14,18,4,-6,43,-59,-68,131,161,-27,44,74,217,156,-83,76,-60,-325,2,-103,-14,-26,4,125,81,-10,-153,55,-33,-104,97,310,78,175,159,-250,198,-128,214,511,627,-410,-273,-17,-138,0,0,0,0,0,0,0,0,0,60,-2,4,-2,7,13,-16,5,111,128,58,-176,-115,-31,2,10,76,136,158,-254,116,290,194,-87,-123,-213
950,52,-56,-70,-76,-31,8,-51,-2,39,5,-28,33,-4,8,-38,-15,16,-35,19,22,14,18,4,-6,43,-59,-68,131,161,-27,44,74,217,156,-83,76,-60,-325,2,-103,-14,-26,4,125,81,-10,-153,55,-33,-104,97,310,78,175,159,-250,198,-128,214,511,627,-410,-273,-17,-138,0,0,0,0,0,0,0,0,0,60,-2,4,-2,7,13,-16,5,111,128,58,-176,-115,-31,2,10,76,136,158,-254,116,290,194,-87,-123,-213,-27
951,-56,-70,-76,-31,8,-51,-2,39,5,-28,33,-4,8,-38,-15,16,-35,19,22,14,18,4,-6,43,-59,-68,131,161,-27,44,74,217,156,-83,76,-60,-325,2,-103,-14,-26,4,125,81,-10,-153,55,-33,-104,97,310,78,175,159,-250,198,-128,214,511,627,-410,-273,-17,-138,0,0,0,0,0,0,0,0,0,60,-2,4,-2,7,13,-16,5,111,128,58,-176,-115,-31,2,10,76,136,158,-254,116,290,194,-87,-123,-213,-27,-388
952,-70,-76,-31,8,-51,-2,39,5,-28,33,-4,8,-38,-15,16,-35,19,22,14,18,4,-6,43,-59,-68,131,161,-27,44,74,217,156,-83,76,-60,-325,2,-103,-14,-26,4,125,81,-10,-153,55,-33,-104,97,310,78,175,159,-250,198,-128,214,511,627,-410,-273,-17,-138,0,0,0,0,0,0,0,0,0,60,-2,4,-2,7,13,-16,5,111,128,58,-176,-115,-31,2,10,76,136,158,-254,116,290,194,-87,-123,-213,-27,-388,-339
953,-76,-31,8,-51,-2,39,5,-28,33,-4,8,-38,-15,16,-35,19,22,14,18,4,-6,43,-59,-68,131,161,-27,44,74,217,156,-83,76,-60,-325,2,-103,-14,-26,4,125,81,-10,-153,55,-33,-104,97,310,78,175,159,-250,198,-128,214,511,627,-410,-273,-17,-138,0,0,0,0,0,0,0,0,0,60,-2,4,-2,7,13,-16,5,111,128,58,-176,-115,-31,2,10,76,136,158,-254,116,290,194,-87,-123,-213,-27,-388,-339,-67
954,-31,8,-51,-2,39,5,-28,33,-4,8,-38,-15,16,-35,19,22,14,18,4,-6,43,-59,-68,131,161,-27,44,74,217,156,-83,76,-60,-325,2,-103,-14,-26,4,125,81,-10,-153,55,-33,-104,97,310,78,175,159,-250,198,-128,214,511,627,-410,-273,-17,-138,0,0,0,0,0,0,0,0,0,60,-2,4,-2,7,13,-16,5,111,128,58,-176,-115,-31,2,10,76,136,158,-254,116,290,194,-87,-123,-213,-27,-388,-339,-67,39
955,8,-51,-2,39,5,-28,33,-4,8,-38,-15,16,-35,19,22,14,18,4,-6,43,-59,-68,131,161,-27,44,74,217,156,-83,76,-60,-325,2,-103,-14,-26,4,125,81,-10,-153,55,-33,-104,97,310,78,175,159,-250,198,-128,214,511,627,-410,-273,-17,-138,0,0,0,0,0,0,0,0,0,60,-2,4,-2,7,13,-16,5,111,128,58,-176,-115,-31,2,10,76,136,158,-254,116,290,194,-87,-123,-213,-27,-388,-339,-67,39,-117
956,-51,-2,39,5,-28,33,-4,8,-38,-15,16,-35,19,22,14,18,4,-6,43,-59,-68,131,161,-27,44,74,217,156,-83,76,-60,-325,2,-103,-14,-26,4,125,81,-10,-153,55,-33,-104,97,310,78,175,159,-250,198,-128,214,511,627,-410,-273,-17,-138,0,0,0,0,0,0,0,0,0,60,-2,4,-2,7,13,-16,5,111,128,58,-176,-115,-31,2,10,76,136,158,-254,116,290,194,-87,-123,-213,-27,-388,-339,-67,39,-117,-22
957,-2,39,5,-28,33,-4,8,-38,-15,16,-35,19,22,14,18,4,-6,43,-59,-68,131,161,-27,44,74,217,156,-83,76,-60,-325,2,-103,-14,-26,4,125,81,-10,-153,55,-33,-104,97,310,78,175,159,-250,198,-128,214,511,627,-410,-273,-17,-138,0,0,0,0,0,0,0,0,0,60,-2,4,-2,7,13,-16,5,111,128,58,-176,-115,-31,2,10,76,136,158,-254,116,290,194,-87,-123,-213,-27,-388,-339,-67,39,-117,-22,-219
958,39,5,-28,33,-4,8,-38,-15,16,-35,19,22,14,18,4,-6,43,-59,-68,131,161,-27,44,74,217,156,-83,76,-60,-325,2,-103,-14,-26,4,125,81,-10,-153,55,-33,-104,97,310,78,175,159,-250,198,-128,214,511,627,-410,-273,-17,-138,0,0,0,0,0,0,0,0,0,60,-2,4,-2,7,13,-16,5,111,128,58,-176,-115,-31,2,10,76,136,158,-254,116,290,194,-87,-123,-213,-27,-388,-339,-67,39,-117,-22,-219,189
959,5,-28,33,-4,8,-38,-15,16,-35,19,22,14,18,4,-6,43,-59,-68,131,161,-27,44,74,217,156,-83,76,-60,-325,2,-103,-14,-26,4,125,81,-10,-153,55,-33,-104,97,310,78,175,159,-250,198,-128,214,511,627,-410,-273,-17,-138,0,0,0,0,0,0,0,0,0,60,-2,4,-2,7,13,-16,5,111,128,58,-176,-115,-31,2,10,76,136,158,-254,116,290,194,-87,-123,-213,-27,-388,-339,-67,39,-117,-22,-219,189,-69
960,-28,33,-4,8,-38,-15,16,-35,19,22,14,18,4,-6,43,-59,-68,131,161,-27,44,74,217,156,-83,76,-60,-325,2,-103,-14,-26,4,125,81,-10,-153,55,-33,-104,97,310,78,175,159,-250,198,-128,214,511,627,-410,-273,-17,-138,0,0,0,0,0,0,0,0,0,60,-2,4,-2,7,13,-16,5,111,128,58,-176,-115,-31,2,10,76,136,158,-254,116,290,194,-87,-123,-213,-27,-388,-339,-67,39,-117,-22,-219,189,-69,-253
961,33,-4,8,-38,-15,16,-35,19,22,14,18,4,-6,43,-59,-68,131,161,-27,44,74,217,156,-83,76,-60,-325,2,-103,-14,-26,4,125,81,-10,-153,55,-33,-104,97,310,78,175,159,-250,198,-128,214,511,627,-410,-273,-17,-138,0,0,0,0,0,0,0,0,0,60,-2,4,-2,7,13,-16,5,111,128,58,-176,-115,-31,2,10,76,136,158,-254,116,290,194,-87,-123,-213,-27,-388,-339,-67,39,-117,-22,-219,189,-69,-253,-42
962,-4,8,-38,-15,16,-35,19,22,14,18,4,-6,43,-59,-68,131,161,-27,44,74,217,156,-83,76,-60,-325,2,-103,-14,-26,4,125,81,-10,-153,55,-33,-104,97,310,78,175,159,-250,198,-128,214,511,627,-410,-273,-17,-138,0,0,0,0,0,0,0,0,0,60,-2,4,-2,7,13,-16,5,111,128,58,-176,-115,-31,2,10,76,136,158,-254,116,290,194,-87,-123,-213,-27,-388,-339,-67,39,-117,-22,-219,189,-69,-253,-42,48
963,8,-38,-15,16,-35,19,22,14,18,4,-6,43,-59,-68,131,161,-27,44,74,217,156,-83,76,-60,-325,2,-103,-14,-26,4,125,81,-10,-153,55,-33,-104,97,310,78,175,159,-250,198,-128,214,511,627,-410,-273,-17,-138,0,0,0,0,0,0,0,0,0,60,-2,4,-2,7,13,-16,5,111,128,58,-176,-115,-31,2,10,76,136,158,-254,116,290,194,-87,-123,-213,-27,-388,-339,-67,39,-117,-22,-219,189,-69,-253,-42,48,-172
964,-38,-15,16,-35,19,22,14,18,4,-6,43,-59,-68,131,161,-27,44,74,217,156,-83,76,-60,-325,2,-103,-14,-26,4,125,81,-10,-153,55,-33,-104,97,310,78,175,159,-250,198,-128,214,511,627,-410,-273,-17,-138,0,0,0,0,0,0,0,0,0,60,-2,4,-2,7,13,-16,5,111,128,58,-176,-115,-31,2,10,76,136,158,-254,116,290,194,-87,-123,-213,-27,-388,-339,-67,39,-117,-22,-219,189,-69,-253,-42,48,-172,-38
965,-15,16,-35,19,22,14,18,4,-6,43,-59,-68,131,161,-27,44,74,217,156,-83,76,-60,-325,2,-103,-14,-26,4,125,81,-10,-153,55,-33,-104,97,310,78,175,159,-250,198,-128,214,511,627,-410,-273,-17,-138,0,0,0,0,0,0,0,0,0,60,-2,4,-2,7,13,-16,5,111,128,58,-176,-115,-31,2,10,76,136,158,-254,116,290,194,-87,-123,-213,-27,-388,-339,-67,39,-117,-22,-219,189,-69,-253,-42,48,-172,-38,73
966,16,-35,19,22,14,18,4,-6,43,-59,-68,131,161,-27,44,74,217,156,-83,76,-60,-325,2,-103,-14,-26,4,125,81,-10,-153,55,-33,-104,97,310,78,175,159,-250,198,-128,214,511,627,-410,-273,-17,-138,0,0,0,0,0,0,0,0,0,60,-2,4,-2,7,13,-16,5,111,128,58,-176,-115,-31,2,10,76,136,158,-254,116,290,194,-87,-123,-213,-27,-388,-339,-67,39,-117,-22,-219,189,-69,-253,-42,48,-172,-38,73,-28
967,-35,19,22,14,18,4,-6,43,-59,-68,131,161,-27,44,74,217,156,-83,76,-60,-325,2,-103,-14,-26,4,125,81,-10,-153,55,-33,-104,97,310,78,175,159,-250,198,-128,214,511,627,-410,-273,-17,-138,0,0,0,0,0,0,0,0,0,60,-2,4,-2,7,13,-16,5,111,128,58,-176,-115,-31,2,10,76,136,158,-254,116,290,194,-87,-123,-213,-27,-388,-339,-67,39,-117,-22,-219,189,-69,-253,-42,48,-172,-38,73,-28,203
968,19,22,14,18,4,-6,43,-59,-68,131,161,-27,44,74,217,156,-83,76,-60,-325,2,-103,-14,-26,4,125,81,-10,-153,55,-33,-104,97,310,78,175,159,-250,198,-128,214,511,627,-410,-273,-17,-138,0,0,0,0,0,0,0,0,0,60,-2,4,-2,7,13,-16,5,111,128,58,-176,-115,-31,2,10,76,136,158,-254,116,290,194,-87,-123,-213,-27,-388,-339,-67,39,-117,-22,-219,189,-69,-253,-42,48,-172,-38,73,-28,203,45
969,22,14,18,4,-6,43,-59,-68,131,161,-27,44,74,217,156,-83,76,-60,-325,2,-103,-14,-26,4,125,81,-10,-153,55,-33,-104,97,310,78,175,159,-250,198,-128,214,511,627,-410,-273,-17,-138,0,0,0,0,0,0,0,0,0,60,-2,4,-2,7,13,-16,5,111,128,58,-176,-115,-31,2,10,76,136,158,-254,116,290,194,-87,-123,-213,-27,-388,-339,-67,39,-117,-22,-219,189,-69,-253,-42,48,-172,-38,73,-28,203,45,24
970,14,18,4,-6,43,-59,-68,131,161,-27,44,74,217,156,-83,76,-60,-325,2,-103,-14,-26,4,125,81,-10,-153,55,-33,-104,97,310,78,175,159,-250,198,-128,214,511,627,-410,-273,-17,-138,0,0,0,0,0,0,0,0,0,60,-2,4,-2,7,13,-16,5,111,128,58,-176,-115,-31,2,10,76,136,158,-254,116,290,194,-87,-123,-213,-27,-388,-339,-67,39,-117,-22,-219,189,-69,-253,-42,48,-172,-38,73,-28,203,45,24,7
971,18,4,-6,43,-59,-68,131,161,-27,44,74,217,156,-83,76,-60,-325,2,-103,-14,-26,4,125,81,-10,-153,55,-33,-104,97,310,78,175,159,-250,198,-128,214,511,627,-410,-273,-17,-138,0,0,0,0,0,0,0,0,0,60,-2,4,-2,7,13,-16,5,111,128,58,-176,-115,-31,2,10,76,136,158,-254,116,290,194,-87,-123,-213,-27,-388,-339,-67,39,-117,-22,-219,189,-69,-253,-42,48,-172,-38,73,-28,203,45,24,7,-210
972,4,-6,43,-59,-68,131,161,-27,44,74,217,156,-83,76,-60,-325,2,-103,-14,-26,4,125,81,-10,-153,55,-33,-104,97,310,78,175,159,-250,198,-128,214,511,627,-410,-273,-17,-138,0,0,0,0,0,0,0,0,0,60,-2,4,-2,7,13,-16,5,111,128,58,-176,-115,-31,2,10,76,136,158,-254,116,290,194,-87,-123,-213,-27,-388,-339,-67,39,-117,-22,-219,189,-69,-253,-42,48,-172,-38,73,-28,203,45,24,7,-210,-2
973,-6,43,-59,-68,131,161,-27,44,74,217,156,-83,76,-60,-325,2,-103,-14,-26,4,125,81,-10,-153,55,-33,-104,97,310,78,175,159,-250,198,-128,214,511,627,-410,-273,-17,-138,0,0,0,0,0,0,0,0,0,60,-2,4,-2,7,13,-16,5,111,128,58,-176,-115,-31,2,10,76,136,158,-254,116,290,194,-87,-123,-213,-27,-388,-339,-67,39,-117,-22,-219,189,-69,-253,-42,48,-172,-38,73,-28,203,45,24,7,-210,-2,-96
974,43,-59,-68,131,161,-27,44,74,217,156,-83,76,-60,-325,2,-103,-14,-26,4,125,81,-10,-153,55,-33,-104,97,310,78,175,159,-250,198,-128,214,511,627,-410,-273,-17,-138,0,0,0,0,0,0,0,0,0,60,-2,4,-2,7,13,-16,5,111,128,58,-176,-115,-31,2,10,76,136,158,-254,116,290,194,-87,-123,-213,-27,-388,-339,-67,39,-117,-22,-219,189,-69,-253,-42,48,-172,-38,73,-28,203,45,24,7,-210,-2,-96,-8
975,-59,-68,131,161,-27,44,74,217,156,-83,76,-60,-325,2,-103,-14,-26,4,125,81,-10,-153,55,-33,-104,97,310,78,175,159,-250,198,-128,214,511,627,-410,-273,-17,-138,0,0,0,0,0,0,0,0,0,60,-2,4,-2,7,13,-16,5,111,128,58,-176,-115,-31,2,10,76,136,158,-254,116,290,194,-87,-123,-213,-27,-388,-339,-67,39,-117,-22,-219,189,-69,-253,-42,48,-172,-38,73,-28,203,45,24,7,-210,-2,-96,-8,87
976,-68,131,161,-27,44,74,217,156,-83,76,-60,-325,2,-103,-14,-26,4,125,81,-10,-153,55,-33,-104,97,310,78,175,159,-250,198,-128,214,511,627,-410,-273,-17,-138,0,0,0,0,0,0,0,0,0,60,-2,4,-2,7,13,-16,5,111,128,58,-176,-115,-31,2,10,76,136,158,-254,116,290,194,-87,-123,-213,-27,-388,-339,-67,39,-117,-22,-219,189,-69,-253,-42,48,-172,-38,73,-28,203,45,24,7,-210,-2,-96,-8,87,51
977,131,161,-27,44,74,217,156,-83,76,-60,-325,2,-103,-14,-26,4,125,81,-10,-153,55,-33,-104,97,310,78,175,159,-250,198,-128,214,511,627,-410,-273,-17,-138,0,0,0,0,0,0,0,0,0,60,-2,4,-2,7,13,-16,5,111,128,58,-176,-115,-31,2,10,76,136,158,-254,116,290,194,-87,-123,-213,-27,-388,-339,-67,39,-117,-22,-219,189,-69,-253,-42,48,-172,-38,73,-28,203,45,24,7,-210,-2,-96,-8,87,51,52
978,161,-27,44,74,217,156,-83,76,-60,-325,2,-103,-14,-26,4,125,81,-10,-153,55,-33,-104,97,310,78,175,159,-250,198,-128,214,511,627,-410,-273,-17,-138,0,0,0,0,0,0,0,0,0,60,-2,4,-2,7,13,-16,5,111,128,58,-176,-115,-31,2,10,76,136,158,-254,116,290,194,-87,-123,-213,-27,-388,-339,-67,39,-117,-22,-219,189,-69,-253,-42,48,-172,-38,73,-28,203,45,24,7,-210,-2,-96,-8,87,51,52,-62
979,-27,44,74,217,156,-83,76,-60,-325,2,-103,-14,-26,4,125,81,-10,-153,55,-33,-104,97,310,78,175,159,-250,198,-128,214,511,627,-410,-273,-17,-138,0,0,0,0,0,0,0,0,0,60,-2,4,-2,7,13,-16,5,111,128,58,-176,-115,-31,2,10,76,136,158,-254,116,290,194,-87,-123,-213,-27,-388,-339,-67,39,-117,-22,-219,189,-69,-253,-42,48,-172,-38,73,-28,203,45,24,7,-210,-2,-96,-8,87,51,52,-62,-2
980,44,74,217,156,-83,76,-60,-325,2,-103,-14,-26,4,125,81,-10,-153,55,-33,-104,97,310,78,175,159,-250,198,-128,214,511,627,-410,-273,-17,-138,0,0,0,0,0,0,0,0,0,60,-2,4,-2,7,13,-16,5,111,128,58,-176,-115,-31,2,10,76,136,158,-254,116,290,194,-87,-123,-213,-27,-388,-339,-67,39,-117,-22,-219,189,-69,-253,-42,48,-172,-38,73,-28,203,45,24,7,-210,-2,-96,-8,87,51,52,-62,-2,17
981,74,217,156,-83,76,-60,-325,2,-103,-14,-26,4,125,81,-10,-153,55,-33,-104,97,310,78,175,159,-250,198,-128,214,511,627,-410,-273,-17,-138,0,0,0,0,0,0,0,0,0,60,-2,4,-2,7,13,-16,5,111,128,58,-176,-115,-31,2,10,76,136,158,-254,116,290,194,-87,-123,-213,-27,-388,-339,-67,39,-117,-22,-219,189,-69,-253,-42,48,-172,-38,73,-28,203,45,24,7,-210,-2,-96,-8,87,51,52,-62,-2,17,59
982,217,156,-83,76,-60,-325,2,-103,-14,-26,4,125,81,-10,-153,55,-33,-104,97,310,78,175,159,-250,198,-128,214,511,627,-410,-273,-17,-138,0,0,0,0,0,0,0,0,0,60,-2,4,-2,7,13,-16,5,111,128,58,-176,-115,-31,2,10,76,136,158,-254,116,290,194,-87,-123,-213,-27,-388,-339,-67,39,-117,-22,-219,189,-69,-253,-42,48,-172,-38,73,-28,203,45,24,7,-210,-2,-96,-8,87,51,52,-62,-2,17,59,-55
983,156,-83,76,-60,-325,2,-103,-14,-26,4,125,81,-10,-153,55,-33,-104,97,310,78,175,159,-250,198,-128,214,511,627,-410,-273,-17,-138,0,0,0,0,0,0,0,0,0,60,-2,4,-2,7,13,-16,5,111,128,58,-176,-115,-31,2,10,76,136,158,-254,116,290,194,-87,-123,-213,-27,-388,-339,-67,39,-117,-22,-219,189,-69,-253,-42,48,-172,-38,73,-28,203,45,24,7,-210,-2,-96,-8,87,51,52,-62,-2,17,59,-55,-106
984,-83,76,-60,-325,2,-103,-14,-26,4,125,81,-10,-153,55,-33,-104,97,310,78,175,159,-250,198,-128,214,511,627,-410,-273,-17,-138,0,0,0,0,0,0,0,0,0,60,-2,4,-2,7,13,-16,5,111,128,58,-176,-115,-31,2,10,76,136,158,-254,116,290,194,-87,-123,-213,-27,-388,-339,-67,39,-117,-22,-219,189,-69,-253,-42,48,-172,-38,73,-28,203,45,24,7,-210,-2,-96,-8,87,51,52,-62,-2,17,59,-55,-106,-78
985,76,-60,-325,2,-103,-14,-26,4,125,81,-10,-153,55,-33,-104,97,310,78,175,159,-250,198,-128,214,511,627,-410,-273,-17,-138,0,0,0,0,0,0,0,0,0,60,-2,4,-2,7,13,-16,5,111,128,58,-176,-115,-31,2,10,76,136,158,-254,116,290,194,-87,-123,-213,-27,-388,-339,-67,39,-117,-22,-219,189,-69,-253,-42,48,-172,-38,73,-28,203,45,24,7,-210,-2,-96,-8,87,51,52,-62,-2,17,59,-55,-106,-78,1
986,-60,-325,2,-103,-14,-26,4,125,81,-10,-153,55,-33,-104,97,310,78,175,159,-250,198,-128,214,511,627,-410,-273,-17,-138,0,0,0,0,0,0,0,0,0,60,-2,4,-2,7,13,-16,5,111,128,58,-176,-115,-31,2,10,76,136,158,-254,116,290,194,-87,-123,-213,-27,-388,-339,-67,39,-117,-22,-219,189,-69,-253,-42,48,-172,-38,73,-28,203,45,24,7,-210,-2,-96,-8,87,51,52,-62,-2,17,59,-55,-106,-78,1,38
987,-325,2,-103,-14,-26,4,125,81,-10,-153,55,-33,-104,97,310,78,175,159,-250,198,-128,214,511,627,-410,-273,-17,-138,0,0,0,0,0,0,0,0,0,60,-2,4,-2,7,13,-16,5,111,128,58,-176,-115,-31,2,10,76,136,158,-254,116,290,194,-87,-123,-213,-27,-388,-339,-67,39,-117,-22,-219,189,-69,-253,-42,48,-172,-38,73,-28,203,45,24,7,-210,-2,-96,-8,87,51,52,-62,-2,17,59,-55,-106,-78,1,38,31
988,2,-103,-14,-26,4,125,81,-10,-153,55,-33,-104,97,310,78,175,159,-250,198,-128,214,511,627,-410,-273,-17,-138,0,0,0,0,0,0,0,0,0,60,-2,4,-2,7,13,-16,5,111,128,58,-176,-115,-31,2,10,76,136,158,-254,116,290,194,-87,-123,-213,-27,-388,-339,-67,39,-117,-22,-219,189,-69,-253,-42,48,-172,-38,73,-28,203,45,24,7,-210,-2,-96,-8,87,51,52,-62,-2,17,59,-55,-106,-78,1,38,31,-36
989,-103,-14,-26,4,125,81,-10,-153,55,-33,-104,97,310,78,175,159,-250,198,-128,214,511,627,-410,-273,-17,-138,0,0,0,0,0,0,0,0,0,60,-2,4,-2,7,13,-16,5,111,128,58,-176,-115,-31,2,10,76,136,158,-254,116,290,194,-87,-123,-213,-27,-388,-339,-67,39,-117,-22,-219,189,-69,-253,-42,48,-172,-38,73,-28,203,45,24,7,-210,-2,-96,-8,87,51,52,-62,-2,17,59,-55,-106,-78,1,38,31,-36,-11
990,-14,-26,4,125,81,-10,-153,55,-33,-104,97,310,78,175,159,-250,198,-128,214,511,627,-410,-273,-17,-138,0,0,0,0,0,0,0,0,0,60,-2,4,-2,7,13,-16,5,111,128,58,-176,-115,-31,2,10,76,136,158,-254,116,290,194,-87,-123,-213,-27,-388,-339,-67,39,-117,-22,-219,189,-69,-253,-42,48,-172,-38,73,-28,203,45,24,7,-210,-2,-96,-8,87,51,52,-62,-2,17,59,-55,-106,-78,1,38,31,-36,-11,22
991,-26,4,125,81,-10,-153,55,-33,-104,97,310,78,175,159,-250,198,-128,214,511,627,-410,-273,-17,-138,0,0,0,0,0,0,0,0,0,60,-2,4,-2,7,13,-16,5,111,128,58,-176,-115,-31,2,10,76,136,158,-254,116,290,194,-87,-123,-213,-27,-388,-339,-67,39,-117,-22,-219,189,-69,-253,-42,48,-172,-38,73,-28,203,45,24,7,-210,-2,-96,-8,87,51,52,-62,-2,17,59,-55,-106,-78,1,38,31,-36,-11,22,32
992,4,125,81,-10,-153,55,-33,-104,97,310,78,175,159,-250,198,-128,214,511,627,-410,-273,-17,-138,0,0,0,0,0,0,0,0,0,60,-2,4,-2,7,13,-16,5,111,128,58,-176,-115,-31,2,10,76,136,158,-254,116,290,194,-87,-123,-213,-27,-388,-339,-67,39,-117,-22,-219,189,-69,-253,-42,48,-172,-38,73,-28,203,45,24,7,-210,-2,-96,-8,87,51,52,-62,-2,17,59,-55,-106,-78,1,38,31,-36,-11,22,32,-40
993,125,81,-10,-153,55,-33,-104,97,310,78,175,159,-250,198,-128,214,511,627,-410,-273,-17,-138,0,0,0,0,0,0,0,0,0,60,-2,4,-2,7,13,-16,5,111,128,58,-176,-115,-31,2,10,76,136,158,-254,116,290,194,-87,-123,-213,-27,-388,-339,-67,39,-117,-22,-219,189,-69,-253,-42,48,-172,-38,73,-28,203,45,24,7,-210,-2,-96,-8,87,51,52,-62,-2,17,59,-55,-106,-78,1,38,31,-36,-11,22,32,-40,-12
994,81,-10,-153,55,-33,-104,97,310,78,175,159,-250,198,-128,214,511,627,-410,-273,-17,-138,0,0,0,0,0,0,0,0,0,60,-2,4,-2,7,13,-16,5,111,128,58,-176,-115,-31,2,10,76,136,158,-254,116,290,194,-87,-123,-213,-27,-388,-339,-67,39,-117,-22,-219,189,-69,-253,-42,48,-172,-38,73,-28,203,45,24,7,-210,-2,-96,-8,87,51,52,-62,-2,17,59,-55,-106,-78,1,38,31,-36,-11,22,32,-40,-12,24
995,-10,-153,55,-33,-104,97,310,78,175,159,-250,198,-128,214,511,627,-410,-273,-17,-138,0,0,0,0,0,0,0,0,0,60,-2,4,-2,7,13,-16,5,111,128,58,-176,-115,-31,2,10,76,136,158,-254,116,290,194,-87,-123,-213,-27,-388,-339,-67,39,-117,-22,-219,189,-69,-253,-42,48,-172,-38,73,-28,203,45,24,7,-210,-2,-96,-8,87,51,52,-62,-2,17,59,-55,-106,-78,1,38,31,-36,-11,22,32,-40,-12,24,50
996,-153,55,-33,-104,97,310,78,175,159,-250,198,-128,214,511,627,-410,-273,-17,-138,0,0,0,0,0,0,0,0,0,60,-2,4,-2,7,13,-16,5,111,128,58,-176,-115,-31,2,10,76,136,158,-254,116,290,194,-87,-123,-213,-27,-388,-339,-67,39,-117,-22,-219,189,-69,-253,-42,48,-172,-38,73,-28,203,45,24,7,-210,-2,-96,-8,87,51,52,-62,-2,17,59,-55,-106,-78,1,38,31,-36,-11,22,32,-40,-12,24,50,120
997,55,-33,-104,97,310,78,175,159,-250,198,-128,214,511,627,-410,-273,-17,-138,0,0,0,0,0,0,0,0,0,60,-2,4,-2,7,13,-16,5,111,128,58,-176,-115,-31,2,10,76,136,158,-254,116,290,194,-87,-123,-213,-27,-388,-339,-67,39,-117,-22,-219,189,-69,-253,-42,48,-172,-38,73,-28,203,45,24,7,-210,-2,-96,-8,87,51,52,-62,-2,17,59,-55,-106,-78,1,38,31,-36,-11,22,32,-40,-12,24,50,120,50
998,-33,-104,97,310,78,175,159,-250,198,-128,214,511,627,-410,-273,-17,-138,0,0,0,0,0,0,0,0,0,60,-2,4,-2,7,13,-16,5,111,128,58,-176,-115,-31,2,10,76,136,158,-254,116,290,194,-87,-123,-213,-27,-388,-339,-67,39,-117,-22,-219,189,-69,-253,-42,48,-172,-38,73,-28,203,45,24,7,-210,-2,-96,-8,87,51,52,-62,-2,17,59,-55,-106,-78,1,38,31,-36,-11,22,32,-40,-12,24,50,120,50,26
999,-104,97,310,78,175,159,-250,198,-128,214,511,627,-410,-273,-17,-138,0,0,0,0,0,0,0,0,0,60,-2,4,-2,7,13,-16,5,111,128,58,-176,-115,-31,2,10,76,136,158,-254,116,290,194,-87,-123,-213,-27,-388,-339,-67,39,-117,-22,-219,189,-69,-253,-42,48,-172,-38,73,-28,203,45,24,7,-210,-2,-96,-8,87,51,52,-62,-2,17,59,-55,-106,-78,1,38,31,-36,-11,22,32,-40,-12,24,50,120,50,26,129
1000,97,310,78,175,159,-250,198,-128,214,511,627,-410,-273,-17,-138,0,0,0,0,0,0,0,0,0,60,-2,4,-2,7,13,-16,5,111,128,58,-176,-115,-31,2,10,76,136,158,-254,116,290,194,-87,-123,-213,-27,-388,-339,-67,39,-117,-22,-219,189,-69,-253,-42,48,-172,-38,73,-28,203,45,24,7,-210,-2,-96,-8,87,51,52,-62,-2,17,59,-55,-106,-78,1,38,31,-36,-11,22,32,-40,-12,24,50,120,50,26,129,73
1001,310,78,175,159,-250,198,-128,214,511,627,-410,-273,-17,-138,0,0,0,0,0,0,0,0,0,60,-2,4,-2,7,13,-16,5,111,128,58,-176,-115,-31,2,10,76,136,158,-254,116,290,194,-87,-123,-213,-27,-388,-339,-67,39,-117,-22,-219,189,-69,-253,-42,48,-172,-38,73,-28,203,45,24,7,-210,-2,-96,-8,87,51,52,-62,-2,17,59,-55,-106,-78,1,38,31,-36,-11,22,32,-40,-12,24,50,120,50,26,129,73,165
1002,78,175,159,-250,198,-128,214,511,627,-410,-273,-17,-138,0,0,0,0,0,0,0,0,0,60,-2,4,-2,7,13,-16,5,111,128,58,-176,-115,-31,2,10,76,136,158,-254,116,290,194,-87,-123,-213,-27,-388,-339,-67,39,-117,-22,-219,189,-69,-253,-42,48,-172,-38,73,-28,203,45,24,7,-210,-2,-96,-8,87,51,52,-62,-2,17,59,-55,-106,-78,1,38,31,-36,-11,22,32,-40,-12,24,50,120,50,26,129,73,165,174
1003,175,159,-250,198,-128,214,511,627,-410,-273,-17,-138,0,0,0,0,0,0,0,0,0,60,-2,4,-2,7,13,-16,5,111,128,58,-176,-115,-31,2,10,76,136,158,-254,116,290,194,-87,-123,-213,-27,-388,-339,-67,39,-117,-22,-219,189,-69,-253,-42,48,-172,-38,73,-28,203,45,24,7,-210,-2,-96,-8,87,51,52,-62,-2,17,59,-55,-106,-78,1,38,31,-36,-11,22,32,-40,-12,24,50,120,50,26,129,73,165,174,-25
1004,159,-250,198,-128,214,511,627,-410,-273,-17,-138,0,0,0,0,0,0,0,0,0,60,-2,4,-2,7,13,-16,5,111,128,58,-176,-115,-31,2,10,76,136,158,-254,116,290,194,-87,-123,-213,-27,-388,-339,-67,39,-117,-22,-219,189,-69,-253,-42,48,-172,-38,73,-28,203,45,24,7,-210,-2,-96,-8,87,51,52,-62,-2,17,59,-55,-106,-78,1,38,31,-36,-11,22,32,-40,-12,24,50,120,50,26,129,73,165,174,-25,-154
1005,-250,198,-128,214,511,627,-410,-273,-17,-138,0,0,0,0,0,0,0,0,0,60,-2,4,-2,7,13,-16,5,111,128,58,-176,-115,-31,2,10,76,136,158,-254,116,290,194,-87,-123,-213,-27,-388,-339,-67,39,-117,-22,-219,189,-69,-253,-42,48,-172,-38,73,-28,203,45,24,7,-210,-2,-96,-8,87,51,52,-62,-2,17,59,-55,-106,-78,1,38,31,-36,-11,22,32,-40,-12,24,50,120,50,26,129,73,165,174,-25,-154,-169
1006,198,-128,214,511,627,-410,-273,-17,-138,0,0,0,0,0,0,0,0,0,60,-2,4,-2,7,13,-16,5,111,128,58,-176,-115,-31,2,10,76,136,158,-254,116,290,194,-87,-123,-213,-27,-388,-339,-67,39,-117,-22,-219,189,-69,-253,-42,48,-172,-38,73,-28,203,45,24,7,-210,-2,-96,-8,87,51,52,-62,-2,17,59,-55,-106,-78,1,38,31,-36,-11,22,32,-40,-12,24,50,120,50,26,129,73,165,174,-25,-154,-169,176
1007,-128,214,511,627,-410,-273,-17,-138,0,0,0,0,0,0,0,0,0,60,-2,4,-2,7,13,-16,5,111,128,58,-176,-115,-31,2,10,76,136,158,-254,116,290,194,-87,-123,-213,-27,-388,-339,-67,39,-117,-22,-219,189,-69,-253,-42,48,-172,-38,73,-28,203,45,24,7,-210,-2,-96,-8,87,51,52,-62,-2,17,59,-55,-106,-78,1,38,31,-36,-11,22,32,-40,-12,24,50,120,50,26,129,73,165,174,-25,-154,-169,176,-99
1008,214,511,627,-410,-273,-17,-138,0,0,0,0,0,0,0,0,0,60,-2,4,-2,7,13,-16,5,111,128,58,-176,-115,-31,2,10,76,136,158,-254,116,290,194,-87,-123,-213,-27,-388,-339,-67,39,-117,-22,-219,189,-69,-253,-42,48,-172,-38,73,-28,203,45,24,7,-210,-2,-96,-8,87,51,52,-62,-2,17,59,-55,-106,-78,1,38,31,-36,-11,22,32,-40,-12,24,50,120,50,26,129,73,165,174,-25,-154,-169,176,-99,-60
1009,511,627,-410,-273,-17,-138,0,0,0,0,0,0,0,0,0,60,-2,4,-2,7,13,-16,5,111,128,58,-176,-115,-31,2,10,76,136,158,-254,116,290,194,-87,-123,-213,-27,-388,-339,-67,39,-117,-22,-219,189,-69,-253,-42,48,-172,-38,73,-28,203,45,24,7,-210,-2,-96,-8,87,51,52,-62,-2,17,59,-55,-106,-78,1,38,31,-36,-11,22,32,-40,-12,24,50,120,50,26,129,73,165,174,-25,-154,-169,176,-99,-60,107
1010,627,-410,-273,-17,-138,0,0,0,0,0,0,0,0,0,60,-2,4,-2,7,13,-16,5,111,128,58,-176,-115,-31,2,10,76,136,158,-254,116,290,194,-87,-123,-213,-27,-388,-339,-67,39,-117,-22,-219,189,-69,-253,-42,48,-172,-38,73,-28,203,45,24,7,-210,-2,-96,-8,87,51,52,-62,-2,17,59,-55,-106,-78,1,38,31,-36,-11,22,32,-40,-12,24,50,120,50,26,129,73,165,174,-25,-154,-169,176,-99,-60,107,-113
1011,-410,-273,-17,-138,0,0,0,0,0,0,0,0,0,60,-2,4,-2,7,13,-16,5,111,128,58,-176,-115,-31,2,10,76,136,158,-254,116,290,194,-87,-123,-213,-27,-388,-339,-67,39,-117,-22,-219,189,-69,-253,-42,48,-172,-38,73,-28,203,45,24,7,-210,-2,-96,-8,87,51,52,-62,-2,17,59,-55,-106,-78,1,38,31,-36,-11,22,32,-40,-12,24,50,120,50,26,129,73,165,174,-25,-154,-169,176,-99,-60,107,-113,-55
1012,-273,-17,-138,0,0,0,0,0,0,0,0,0,60,-2,4,-2,7,13,-16,5,111,128,58,-176,-115,-31,2,10,76,136,158,-254,116,290,194,-87,-123,-213,-27,-388,-339,-67,39,-117,-22,-219,189,-69,-253,-42,48,-172,-38,73,-28,203,45,24,7,-210,-2,-96,-8,87,51,52,-62,-2,17,59,-55,-106,-78,1,38,31,-36,-11,22,32,-40,-12,24,50,120,50,26,129,73,165,174,-25,-154,-169,176,-99,-60,107,-113,-55,141
1013,-17,-138,0,0,0,0,0,0,0,0,0,60,-2,4,-2,7,13,-16,5,111,128,58,-176,-115,-31,2,10,76,136,158,-254,116,290,194,-87,-123,-213,-27,-388,-339,-67,39,-117,-22,-219,189,-69,-253,-42,48,-172,-38,73,-28,203,45,24,7,-210,-2,-96,-8,87,51,52,-62,-2,17,59,-55,-106,-78,1,38,31,-36,-11,22,32,-40,-12,24,50,120,50,26,129,73,165,174,-25,-154,-169,176,-99,-60,107,-113,-55,141,158
1014,-138,0,0,0,0,0,0,0,0,0,60,-2,4,-2,7,13,-16,5,111,128,58,-176,-115,-31,2,10,76,136,158,-254,116,290,194,-87,-123,-213,-27,-388,-339,-67,39,-117,-22,-219,189,-69,-253,-42,48,-172,-38,73,-28,203,45,24,7,-210,-2,-96,-8,87,51,52,-62,-2,17,59,-55,-106,-78,1,38,31,-36,-11,22,32,-40,-12,24,50,120,50,26,129,73,165,174,-25,-154,-169,176,-99,-60,107,-113,-55,141,158,16
1015,0,0,0,0,0,0,0,0,0,60,-2,4,-2,7,13,-16,5,111,128,58,-176,-115,-31,2,10,76,136,158,-254,116,290,194,-87,-123,-213,-27,-388,-339,-67,39,-117,-22,-219,189,-69,-253,-42,48,-172,-38,73,-28,203,45,24,7,-210,-2,-96,-8,87,51,52,-62,-2,17,59,-55,-106,-78,1,38,31,-36,-11,22,32,-40,-12,24,50,120,50,26,129,73,165,174,-25,-154,-169,176,-99,-60,107,-113,-55,141,158,16,-93
1016,0,0,0,0,0,0,0,0,60,-2,4,-2,7,13,-16,5,111,128,58,-176,-115,-31,2,10,76,136,158,-254,116,290,194,-87,-123,-213,-27,-388,-339,-67,39,-117,-22,-219,189,-69,-253,-42,48,-172,-38,73,-28,203,45,24,7,-210,-2,-96,-8,87,51,52,-62,-2,17,59,-55,-106,-78,1,38,31,-36,-11,22,32,-40,-12,24,50,120,50,26,129,73,165,174,-25,-154,-169,176,-99,-60,107,-113,-55,141,158,16,-93,-61
1017,0,0,0,0,0,0,0,60,-2,4,-2,7,13,-16,5,111,128,58,-176,-115,-31,2,10,76,136,158,-254,116,290,194,-87,-123,-213,-27,-388,-339,-67,39,-117,-22,-219,189,-69,-253,-42,48,-172,-38,73,-28,203,45,24,7,-210,-2,-96,-8,87,51,52,-62,-2,17,59,-55,-106,-78,1,38,31,-36,-11,22,32,-40,-12,24,50,120,50,26,129,73,165,174,-25,-154,-169,176,-99,-60,107,-113,-55,141,158,16,-93,-61,15
1018,0,0,0,0,0,0,60,-2,4,-2,7,13,-16,5,111,128,58,-176,-115,-31,2,10,76,136,158,-254,116,290,194,-87,-123,-213,-27,-388,-339,-67,39,-117,-22,-219,189,-69,-253,-42,48,-172,-38,73,-28,203,45,24,7,-210,-2,-96,-8,87,51,52,-62,-2,17,59,-55,-106,-78,1,38,31,-36,-11,22,32,-40,-12,24,50,120,50,26,129,73,165,174,-25,-154,-169,176,-99,-60,107,-113,-55,141,158,16,-93,-61,15,-11
1019,0,0,0,0,0,60,-2,4,-2,7,13,-16,5,111,128,58,-176,-115,-31,2,10,76,136,158,-254,116,290,194,-87,-123,-213,-27,-388,-339,-67,39,-117,-22,-219,189,-69,-253,-42,48,-172,-38,73,-28,203,45,24,7,-210,-2,-96,-8,87,51,52,-62,-2,17,59,-55,-106,-78,1,38,31,-36,-11,22,32,-40,-12,24,50,120,50,26,129,73,165,174,-25,-154,-169,176,-99,-60,107,-113,-55,141,158,16,-93,-61,15,-11,-137
1020,0,0,0,0,60,-2,4,-2,7,13,-16,5,111,128,58,-176,-115,-31,2,10,76,136,158,-254,116,290,194,-87,-123,-213,-27,-388,-339,-67,39,-117,-22,-219,189,-69,-253,-42,48,-172,-38,73,-28,203,45,24,7,-210,-2,-96,-8,87,51,52,-62,-2,17,59,-55,-106,-78,1,38,31,-36,-11,22,32,-40,-12,24,50,120,50,26,129,73,165,174,-25,-154,-169,176,-99,-60,107,-113,-55,141,158,16,-93,-61,15,-11,-137,-58
1021,0,0,0,60,-2,4,-2,7,13,-16,5,111,128,58,-176,-115,-31,2,10,76,136,158,-254,116,290,194,-87,-123,-213,-27,-388,-339,-67,39,-117,-22,-219,189,-69,-253,-42,48,-172,-38,73,-28,203,45,24,7,-210,-2,-96,-8,87,51,52,-62,-2,17,59,-55,-106,-78,1,38,31,-36,-11,22,32,-40,-12,24,50,120,50,26,129,73,165,174,-25,-154,-169,176,-99,-60,107,-113,-55,141,158,16,-93,-61,15,-11,-137,-58,-62
1022,0,0,60,-2,4,-2,7,13,-16,5,111,128,58,-176,-115,-31,2,10,76,136,158,-254,116,290,194,-87,-123,-213,-27,-388,-339,-67,39,-117,-22,-219,189,-69,-253,-42,48,-172,-38,73,-28,203,45,24,7,-210,-2,-96,-8,87,51,52,-62,-2,17,59,-55,-106,-78,1,38,31,-36,-11,22,32,-40,-12,24,50,120,50,26,129,73,165,174,-25,-154,-169,176,-99,-60,107,-113,-55,141,158,16,-93,-61,15,-11,-137,-58,-62,-24
1023,0,60,-2,4,-2,7,13,-16,5,111,128,58,-176,-115,-31,2,10,76,136,158,-254,116,290,194,-87,-123,-213,-27,-388,-339,-67,39,-117,-22,-219,189,-69,-253,-42,48,-172,-38,73,-28,203,45,24,7,-210,-2,-96,-8,87,51,52,-62,-2,17,59,-55,-106,-78,1,38,31,-36,-11,22,32,-40,-12,24,50,120,50,26,129,73,165,174,-25,-154,-169,176,-99,-60,107,-113,-55,141,158,16,-93,-61,15,-11,-137,-58,-62,-24,57
1024,60,-2,4,-2,7,13,-16,5,111,128,58,-176,-115,-31,2,10,76,136,158,-254,116,290,194,-87,-123,-213,-27,-388,-339,-67,39,-117,-22,-219,189,-69,-253,-42,48,-172,-38,73,-28,203,45,24,7,-210,-2,-96,-8,87,51,52,-62,-2,17,59,-55,-106,-78,1,38,31,-36,-11,22,32,-40,-12,24,50,120,50,26,129,73,165,174,-25,-154,-169,176,-99,-60,107,-113,-55,141,158,16,-93,-61,15,-11,-137,-58,-62,-24,57,-20
1025,-2,4,-2,7,13,-16,5,111,128,58,-176,-115,-31,2,10,76,136,158,-254,116,290,194,-87,-123,-213,-27,-388,-339,-67,39,-117,-22,-219,189,-69,-253,-42,48,-172,-38,73,-28,203,45,24,7,-210,-2,-96,-8,87,51,52,-62,-2,17,59,-55,-106,-78,1,38,31,-36,-11,22,32,-40,-12,24,50,120,50,26,129,73,165,174,-25,-154,-169,176,-99,-60,107,-113,-55,141,158,16,-93,-61,15,-11,-137,-58,-62,-24,57,-20,11
1026,4,-2,7,13,-16,5,111,128,58,-176,-115,-31,2,10,76,136,158,-254,116,290,194,-87,-123,-213,-27,-388,-339,-67,39,-117,-22,-219,189,-69,-253,-42,48,-172,-38,73,-28,203,45,24,7,-210,-2,-96,-8,87,51,52,-62,-2,17,59,-55,-106,-78,1,38,31,-36,-11,22,32,-40,-12,24,50,120,50,26,129,73,165,174,-25,-154,-169,176,-99,-60,107,-113,-55,141,158,16,-93,-61,15,-11,-137,-58,-62,-24,57,-20,11,-15
1027,-2,7,13,-16,5,111,128,58,-176,-115,-31,2,10,76,136,158,-254,116,290,194,-87,-123,-213,-27,-388,-339,-67,39,-117,-22,-219,189,-69,-253,-42,48,-172,-38,73,-28,203,45,24,7,-210,-2,-96,-8,87,51,52,-62,-2,17,59,-55,-106,-78,1,38,31,-36,-11,22,32,-40,-12,24,50,120,50,26,129,73,165,174,-25,-154,-169,176,-99,-60,107,-113,-55,141,158,16,-93,-61,15,-11,-137,-58,-62,-24,57,-20,11,-15,-23
1028,7,13,-16,5,111,128,58,-176,-115,-31,2,10,76,136,158,-254,116,290,194,-87,-123,-213,-27,-388,-339,-67,39,-117,-22,-219,189,-69,-253,-42,48,-172,-38,73,-28,203,45,24,7,-210,-2,-96,-8,87,51,52,-62,-2,17,59,-55,-106,-78,1,38,31,-36,-11,22,32,-40,-12,24,50,120,50,26,129,73,165,174,-25,-154,-169,176,-99,-60,107,-113,-55,141,158,16,-93,-61,15,-11,-137,-58,-62,-24,57,-20,11,-15,-23,-13
1029,13,-16,5,111,128,58,-176,-115,-31,2,10,76,136,158,-254,116,290,194,-87,-123,-213,-27,-388,-339,-67,39,-117,-22,-219,189,-69,-253,-42,48,-172,-38,73,-28,203,45,24,7,-210,-2,-96,-8,87,51,52,-62,-2,17,59,-55,-106,-78,1,38,31,-36,-11,22,32,-40,-12,24,50,120,50,26,129,73,165,174,-25,-154,-169,176,-99,-60,107,-113,-55,141,158,16,-93,-61,15,-11,-137,-58,-62,-24,57,-20,11,-15,-23,-13,-1
1030,-16,5,111,128,58,-176,-115,-31,2,10,76,136,158,-254,116,290,194,-87,-123,-213,-27,-388,-339,-67,39,-117,-22,-219,189,-69,-253,-42,48,-172,-38,73,-28,203,45,24,7,-210,-2,-96,-8,87,51,52,-62,-2,17,59,-55,-106,-78,1,38,31,-36,-11,22,32,-40,-12,24,50,120,50,26,129,73,165,174,-25,-154,-169,176,-99,-60,107,-113,-55,141,158,16,-93,-61,15,-11,-137,-58,-62,-24,57,-20,11,-15,-23,-13,-1,117
1031,5,111,128,58,-176,-115,-31,2,10,76,136,158,-254,116,290,194,-87,-123,-213,-27,-388,-339,-67,39,-117,-22,-219,189,-69,-253,-42,48,-172,-38,73,-28,203,45,24,7,-210,-2,-96,-8,87,51,52,-62,-2,17,59,-55,-106,-78,1,38,31,-36,-11,22,32,-40,-12,24,50,120,50,26,129,73,165,174,-25,-154,-169,176,-99,-60,107,-113,-55,141,158,16,-93,-61,15,-11,-137,-58,-62,-24,57,-20,11,-15,-23,-13,-1,117,-13
1032,111,128,58,-176,-115,-31,2,10,76,136,158,-254,116,290,194,-87,-123,-213,-27,-388,-339,-67,39,-117,-22,-219,189,-69,-253,-42,48,-172,-38,73,-28,203,45,24,7,-210,-2,-96,-8,87,51,52,-62,-2,17,59,-55,-106,-78,1,38,31,-36,-11,22,32,-40,-12,24,50,120,50,26,129,73,165,174,-25,-154,-169,176,-99,-60,107,-113,-55,141,158,16,-93,-61,15,-11,-137,-58,-62,-24,57,-20,11,-15,-23,-13,-1,117,-13,-19
1033,128,58,-176,-115,-31,2,10,76,136,158,-254,116,290,194,-87,-123,-213,-27,-388,-339,-67,39,-117,-22,-219,189,-69,-253,-42,48,-172,-38,73,-28,203,45,24,7,-210,-2,-96,-8,87,51,52,-62,-2,17,59,-55,-106,-78,1,38,31,-36,-11,22,32,-40,-12,24,50,120,50,26,129,73,165,174,-25,-154,-169,176,-99,-60,107,-113,-55,141,158,16,-93,-61,15,-11,-137,-58,-62,-24,57,-20,11,-15,-23,-13,-1,117,-13,-19,-30
1034,58,-176,-115,-31,2,10,76,136,158,-254,116,290,194,-87,-123,-213,-27,-388,-339,-67,39,-117,-22,-219,189,-69,-253,-42,48,-172,-38,73,-28,203,45,24,7,-210,-2,-96,-8,87,51,52,-62,-2,17,59,-55,-106,-78,1,38,31,-36,-11,22,32,-40,-12,24,50,120,50,26,129,73,165,174,-25,-154,-169,176,-99,-60,107,-113,-55,141,158,16,-93,-61,15,-11,-137,-58,-62,-24,57,-20,11,-15,-23,-13,-1,117,-13,-19,-30,-80
1035,-176,-115,-31,2,10,76,136,158,-254,116,290,194,-87,-123,-213,-27,-388,-339,-67,39,-117,-22,-219,189,-69,-253,-42,48,-172,-38,73,-28,203,45,24,7,-210,-2,-96,-8,87,51,52,-62,-2,17,59,-55,-106,-78,1,38,31,-36,-11,22,32,-40,-12,24,50,120,50,26,129,73,165,174,-25,-154,-169,176,-99,-60,107,-113,-55,141,158,16,-93,-61,15,-11,-137,-58,-62,-24,57,-20,11,-15,-23,-13,-1,117,-13,-19,-30,-80,-55
1036,-115,-31,2,10,76,136,158,-254,116,290,194,-87,-123,-213,-27,-388,-339,-67,39,-117,-22,-219,189,-69,-253,-42,48,-172,-38,73,-28,203,45,24,7,-210,-2,-96,-8,87,51,52,-62,-2,17,59,-55,-106,-78,1,38,31,-36,-11,22,32,-40,-12,24,50,120,50,26,129,73,165,174,-25,-154,-169,176,-99,-60,107,-113,-55,141,158,16,-93,-61,15,-11,-137,-58,-62,-24,57,-20,11,-15,-23,-13,-1,117,-13,-19,-30,-80,-55,-8
1037,-31,2,10,76,136,158,-254,116,290,194,-87,-123,-213,-27,-388,-339,-67,39,-117,-22,-219,189,-69,-253,-42,48,-172,-38,73,-28,203,45,24,7,-210,-2,-96,-8,87,51,52,-62,-2,17,59,-55,-106,-78,1,38,31,-36,-11,22,32,-40,-12,24,50,120,50,26,129,73,165,174,-25,-154,-169,176,-99,-60,107,-113,-55,141,158,16,-93,-61,15,-11,-137,-58,-62,-24,57,-20,11,-15,-23,-13,-1,117,-13,-19,-30,-80,-55,-8,30
1038,2,10,76,136,158,-254,116,290,194,-87,-123,-213,-27,-388,-339,-67,39,-117,-22,-219,189,-69,-253,-42,48,-172,-38,73,-28,203,45,24,7,-210,-2,-96,-8,87,51,52,-62,-2,17,59,-55,-106,-78,1,38,31,-36,-11,22,32,-40,-12,24,50,120,50,26,129,73,165,174,-25,-154,-169,176,-99,-60,107,-113,-55,141,158,16,-93,-61,15,-11,-137,-58,-62,-24,57,-20,11,-15,-23,-13,-1,117,-13,-19,-30,-80,-55,-8,30,5
1039,10,76,136,158,-254,116,290,194,-87,-123,-213,-27,-388,-339,-67,39,-117,-22,-219,189,-69,-253,-42,48,-172,-38,73,-28,203,45,24,7,-210,-2,-96,-8,87,51,52,-62,-2,17,59,-55,-106,-78,1,38,31,-36,-11,22,32,-40,-12,24,50,120,50,26,129,73,165,174,-25,-154,-169,176,-99,-60,107,-113,-55,141,158,16,-93,-61,15,-11,-137,-58,-62,-24,57,-20,11,-15,-23,-13,-1,117,-13,-19,-30,-80,-55,-8,30,5,37
1040,76,136,158,-254,116,290,194,-87,-123,-213,-27,-388,-339,-67,39,-117,-22,-219,189,-69,-253,-42,48,-172,-38,73,-28,203,45,24,7,-210,-2,-96,-8,87,51,52,-62,-2,17,59,-55,-106,-78,1,38,31,-36,-11,22,32,-40,-12,24,50,120,50,26,129,73,165,174,-25,-154,-169,176,-99,-60,107,-113,-55,141,158,16,-93,-61,15,-11,-137,-58,-62,-24,57,-20,11,-15,-23,-13,-1,117,-13,-19,-30,-80,-55,-8,30,5,37,74
1041,136,158,-254,116,290,194,-87,-123,-213,-27,-388,-339,-67,39,-117,-22,-219,189,-69,-253,-42,48,-172,-38,73,-28,203,45,24,7,-210,-2,-96,-8,87,51,52,-62,-2,17,59,-55,-106,-78,1,38,31,-36,-11,22,32,-40,-12,24,50,120,50,26,129,73,165,174,-25,-154,-169,176,-99,-60,107,-113,-55,141,158,16,-93,-61,15,-11,-137,-58,-62,-24,57,-20,11,-15,-23,-13,-1,117,-13,-19,-30,-80,-55,-8,30,5,37,74,151
1042,158,-254,116,290,194,-87,-123,-213,-27,-388,-339,-67,39,-117,-22,-219,189,-69,-253,-42,48,-172,-38,73,-28,203,45,24,7,-210,-2,-96,-8,87,51,52,-62,-2,17,59,-55,-106,-78,1,38,31,-36,-11,22,32,-40,-12,24,50,120,50,26,129,73,165,174,-25,-154,-169,176,-99,-60,107,-113,-55,141,158,16,-93,-61,15,-11,-137,-58,-62,-24,57,-20,11,-15,-23,-13,-1,117,-13,-19,-30,-80,-55,-8,30,5,37,74,151,-12
1043,-254,116,290,194,-87,-123,-213,-27,-388,-339,-67,39,-117,-22,-219,189,-69,-253,-42,48,-172,-38,73,-28,203,45,24,7,-210,-2,-96,-8,87,51,52,-62,-2,17,59,-55,-106,-78,1,38,31,-36,-11,22,32,-40,-12,24,50,120,50,26,129,73,165,174,-25,-154,-169,176,-99,-60,107,-113,-55,141,158,16,-93,-61,15,-11,-137,-58,-62,-24,57,-20,11,-15,-23,-13,-1,117,-13,-19,-30,-80,-55,-8,30,5,37,74,151,-12,-136
1044,116,290,194,-87,-123,-213,-27,-388,-339,-67,39,-117,-22,-219,189,-69,-253,-42,48,-172,-38,73,-28,203,45,24,7,-210,-2,-96,-8,87,51,52,-62,-2,17,59,-55,-106,-78,1,38,31,-36,-11,22,32,-40,-12,24,50,120,50,26,129,73,165,174,-25,-154,-169,176,-99,-60,107,-113,-55,141,158,16,-93,-61,15,-11,-137,-58,-62,-24,57,-20,11,-15,-23,-13,-1,117,-13,-19,-30,-80,-55,-8,30,5,37,74,151,-12,-136,-113
1045,290,194,-87,-123,-213,-27,-388,-339,-67,39,-117,-22,-219,189,-69,-253,-42,48,-172,-38,73,-28,203,45,24,7,-210,-2,-96,-8,87,51,52,-62,-2,17,59,-55,-106,-78,1,38,31,-36,-11,22,32,-40,-12,24,50,120,50,26,129,73,165,174,-25,-154,-169,176,-99,-60,107,-113,-55,141,158,16,-93,-61,15,-11,-137,-58,-62,-24,57,-20,11,-15,-23,-13,-1,117,-13,-19,-30,-80,-55,-8,30,5,37,74,151,-12,-136,-113,-166
1046,194,-87,-123,-213,-27,-388,-339,-67,39,-117,-22,-219,189,-69,-253,-42,48,-172,-38,73,-28,203,45,24,7,-210,-2,-96,-8,87,51,52,-62,-2,17,59,-55,-106,-78,1,38,31,-36,-11,22,32,-40,-12,24,50,120,50,26,129,73,165,174,-25,-154,-169,176,-99,-60,107,-113,-55,141,158,16,-93,-61,15,-11,-137,-58,-62,-24,57,-20,11,-15,-23,-13,-1,117,-13,-19,-30,-80,-55,-8,30,5,37,74,151,-12,-136,-113,-166,17
1047,-87,-123,-213,-27,-388,-339,-67,39,-117,-22,-219,189,-69,-253,-42,48,-172,-38,73,-28,203,45,24,7,-210,-2,-96,-8,87,51,52,-62,-2,17,59,-55,-106,-78,1,38,31,-36,-11,22,32,-40,-12,24,50,120,50,26,129,73,165,174,-25,-154,-169,176,-99,-60,107,-113,-55,141,158,16,-93,-61,15,-11,-137,-58,-62,-24,57,-20,11,-15,-23,-13,-1,117,-13,-19,-30,-80,-55,-8,30,5,37,74,151,-12,-136,-113,-166,17,18
1048,-123,-213,-27,-388,-339,-67,39,-117,-22,-219,189,-69,-253,-42,48,-172,-38,73,-28,203,45,24,7,-210,-2,-96,-8,87,51,52,-62,-2,17,59,-55,-106,-78,1,38,31,-36,-11,22,32,-40,-12,24,50,120,50,26,129,73,165,174,-25,-154,-169,176,-99,-60,107,-113,-55,141,158,16,-93,-61,15,-11,-137,-58,-62,-24,57,-20,11,-15,-23,-13,-1,117,-13,-19,-30,-80,-55,-8,30,5,37,74,151,-12,-136,-113,-166,17,18,5
1049,-213,-27,-388,-339,-67,39,-117,-22,-219,189,-69,-253,-42,48,-172,-38,73,-28,203,45,24,7,-210,-2,-96,-8,87,51,52,-62,-2,17,59,-55,-106,-78,1,38,31,-36,-11,22,32,-40,-12,24,50,120,50,26,129,73,165,174,-25,-154,-169,176,-99,-60,107,-113,-55,141,158,16,-93,-61,15,-11,-137,-58,-62,-24,57,-20,11,-15,-23,-13,-1,117,-13,-19,-30,-80,-55,-8,30,5,37,74,151,-12,-136,-113,-166,17,18,5,3
1050,-27,-388,-339,-67,39,-117,-22,-219,189,-69,-253,-42,48,-172,-38,73,-28,203,45,24,7,-210,-2,-96,-8,87,51,52,-62,-2,17,59,-55,-106,-78,1,38,31,-36,-11,22,32,-40,-12,24,50,120,50,26,129,73,165,174,-25,-154,-169,176,-99,-60,107,-113,-55,141,158,16,-93,-61,15,-11,-137,-58,-62,-24,57,-20,11,-15,-23,-13,-1,117,-13,-19,-30,-80,-55,-8,30,5,37,74,151,-12,-136,-113,-166,17,18,5,3,28
1051,-388,-339,-67,39,-117,-22,-219,189,-69,-253,-42,48,-172,-38,73,-28,203,45,24,7,-210,-2,-96,-8,87,51,52,-62,-2,17,59,-55,-106,-78,1,38,31,-36,-11,22,32,-40,-12,24,50,120,50,26,129,73,165,174,-25,-154,-169,176,-99,-60,107,-113,-55,141,158,16,-93,-61,15,-11,-137,-58,-62,-24,57,-20,11,-15,-23,-13,-1,117,-13,-19,-30,-80,-55,-8,30,5,37,74,151,-12,-136,-113,-166,17,18,5,3,28,78
1052,-339,-67,39,-117,-22,-219,189,-69,-253,-42,48,-172,-38,73,-28,203,45,24,7,-210,-2,-96,-8,87,51,52,-62,-2,17,59,-55,-106,-78,1,38,31,-36,-11,22,32,-40,-12,24,50,120,50,26,129,73,165,174,-25,-154,-169,176,-99,-60,107,-113,-55,141,158,16,-93,-61,15,-11,-137,-58,-62,-24,57,-20,11,-15,-23,-13,-1,117,-13,-19,-30,-80,-55,-8,30,5,37,74,151,-12,-136,-113,-166,17,18,5,3,28,78,-44
1053,-67,39,-117,-22,-219,189,-69,-253,-42,48,-172,-38,73,-28,203,45,24,7,-210,-2,-96,-8,87,51,52,-62,-2,17,59,-55,-106,-78,1,38,31,-36,-11,22,32,-40,-12,24,50,120,50,26,129,73,165,174,-25,-154,-169,176,-99,-60,107,-113,-55,141,158,16,-93,-61,15,-11,-137,-58,-62,-24,57,-20,11,-15,-23,-13,-1,117,-13,-19,-30,-80,-55,-8,30,5,37,74,151,-12,-136,-113,-166,17,18,5,3,28,78,-44,-70
1054,39,-117,-22,-219,189,-69,-253,-42,48,-172,-38,73,-28,203,45,24,7,-210,-2,-96,-8,87,51,52,-62,-2,17,59,-55,-106,-78,1,38,31,-36,-11,22,32,-40,-12,24,50,120,50,26,129,73,165,174,-25,-154,-169,176,-99,-60,107,-113,-55,141,158,16,-93,-61,15,-11,-137,-58,-62,-24,57,-20,11,-15,-23,-13,-1,117,-13,-19,-30,-80,-55,-8,30,5,37,74,151,-12,-136,-113,-166,17,18,5,3,28,78,-44,-70,-134
1055,-117,-22,-219,189,-69,-253,-42,48,-172,-38,73,-28,203,45,24,7,-210,-2,-96,-8,87,51,52,-62,-2,17,59,-55,-106,-78,1,38,31,-36,-11,22,32,-40,-12,24,50,120,50,26,129,73,165,174,-25,-154,-169,176,-99,-60,107,-113,-55,141,158,16,-93,-61,15,-11,-137,-58,-62,-24,57,-20,11,-15,-23,-13,-1,117,-13,-19,-30,-80,-55,-8,30,5,37,74,151,-12,-136,-113,-166,17,18,5,3,28,78,-44,-70,-134,80
1056,-22,-219,189,-69,-253,-42,48,-172,-38,73,-28,203,45,24,7,-210,-2,-96,-8,87,51,52,-62,-2,17,59,-55,-106,-78,1,38,31,-36,-11,22,32,-40,-12,24,50,120,50,26,129,73,165,174,-25,-154,-169,176,-99,-60,107,-113,-55,141,158,16,-93,-61,15,-11,-137,-58,-62,-24,57,-20,11,-15,-23,-13,-1,117,-13,-19,-30,-80,-55,-8,30,5,37,74,151,-12,-136,-113,-166,17,18,5,3,28,78,-44,-70,-134,80,210
1057,-219,189,-69,-253,-42,48,-172,-38,73,-28,203,45,24,7,-210,-2,-96,-8,87,51,52,-62,-2,17,59,-55,-106,-78,1,38,31,-36,-11,22,32,-40,-12,24,50,120,50,26,129,73,165,174,-25,-154,-169,176,-99,-60,107,-113,-55,141,158,16,-93,-61,15,-11,-137,-58,-62,-24,57,-20,11,-15,-23,-13,-1,117,-13,-19,-30,-80,-55,-8,30,5,37,74,151,-12,-136,-113,-166,17,18,5,3,28,78,-44,-70,-134,80,210,-10
1058,189,-69,-253,-42,48,-172,-38,73,-28,203,45,24,7,-210,-2,-96,-8,87,51,52,-62,-2,17,59,-55,-106,-78,1,38,31,-36,-11,22,32,-40,-12,24,50,120,50,26,129,73,165,174,-25,-154,-169,176,-99,-60,107,-113,-55,141,158,16,-93,-61,15,-11,-137,-58,-62,-24,57,-20,11,-15,-23,-13,-1,117,-13,-19,-30,-80,-55,-8,30,5,37,74,151,-12,-136,-113,-166,17,18,5,3,28,78,-44,-70,-134,80,210,-10,-6
1059,-69,-253,-42,48,-172,-38,73,-28,203,45,24,7,-210,-2,-96,-8,87,51,52,-62,-2,17,59,-55,-106,-78,1,38,31,-36,-11,22,32,-40,-12,24,50,120,50,26,129,73,165,174,-25,-154,-169,176,-99,-60,107,-113,-55,141,158,16,-93,-61,15,-11,-137,-58,-62,-24,57,-20,11,-15,-23,-13,-1,117,-13,-19,-30,-80,-55,-8,30,5,37,74,151,-12,-136,-113,-166,17,18,5,3,28,78,-44,-70,-134,80,210,-10,-6,-47
1060,-253,-42,48,-172,-38,73,-28,203,45,24,7,-210,-2,-96,-8,87,51,52,-62,-2,17,59,-55,-106,-78,1,38,31,-36,-11,22,32,-40,-12,24,50,120,50,26,129,73,165,174,-25,-154,-169,176,-99,-60,107,-113,-55,141,158,16,-93,-61,15,-11,-137,-58,-62,-24,57,-20,11,-15,-23,-13,-1,117,-13,-19,-30,-80,-55,-8,30,5,37,74,151,-12,-136,-113,-166,17,18,5,3,28,78,-44,-70,-134,80,210,-10,-6,-47,-36
1061,-42,48,-172,-38,73,-28,203,45,24,7,-210,-2,-96,-8,87,51,52,-62,-2,17,59,-55,-106,-78,1,38,31,-36,-11,22,32,-40,-12,24,50,120,50,26,129,73,165,174,-25,-154,-169,176,-99,-60,107,-113,-55,141,158,16,-93,-61,15,-11,-137,-58,-62,-24,57,-20,11,-15,-23,-13,-1,117,-13,-19,-30,-80,-55,-8,30,5,37,74,151,-12,-136,-113,-166,17,18,5,3,28,78,-44,-70,-134,80,210,-10,-6,-47,-36,15
1062,48,-172,-38,73,-28,203,45,24,7,-210,-2,-96,-8,87,51,52,-62,-2,17,59,-55,-106,-78,1,38,31,-36,-11,22,32,-40,-12,24,50,120,50,26,129,73,165,174,-25,-154,-169,176,-99,-60,107,-113,-55,141,158,16,-93,-61,15,-11,-137,-58,-62,-24,57,-20,11,-15,-23,-13,-1,117,-13,-19,-30,-80,-55,-8,30,5,37,74,151,-12,-136,-113,-166,17,18,5,3,28,78,-44,-70,-134,80,210,-10,-6,-47,-36,15,-19
1063,-172,-38,73,-28,203,45,24,7,-210,-2,-96,-8,87,51,52,-62,-2,17,59,-55,-106,-78,1,38,31,-36,-11,22,32,-40,-12,24,50,120,50,26,129,73,165,174,-25,-154,-169,176,-99,-60,107,-113,-55,141,158,16,-93,-61,15,-11,-137,-58,-62,-24,57,-20,11,-15,-23,-13,-1,117,-13,-19,-30,-80,-55,-8,30,5,37,74,151,-12,-136,-113,-166,17,18,5,3,28,78,-44,-70,-134,80,210,-10,-6,-47,-36,15,-19,-80
1064,-38,73,-28,203,45,24,7,-210,-2,-96,-8,87,51,52,-62,-2,17,59,-55,-106,-78,1,38,31,-36,-11,22,32,-40,-12,24,50,120,50,26,129,73,165,174,-25,-154,-169,176,-99,-60,107,-113,-55,141,158,16,-93,-61,15,-11,-137,-58,-62,-24,57,-20,11,-15,-23,-13,-1,117,-13,-19,-30,-80,-55,-8,30,5,37,74,151,-12,-136,-113,-166,17,18,5,3,28,78,-44,-70,-134,80,210,-10,-6,-47,-36,15,-19,-80,-103
1065,73,-28,203,45,24,7,-210,-2,-96,-8,87,51,52,-62,-2,17,59,-55,-106,-78,1,38,31,-36,-11,22,32,-40,-12,24,50,120,50,26,129,73,165,174,-25,-154,-169,176,-99,-60,107,-113,-55,141,158,16,-93,-61,15,-11,-137,-58,-62,-24,57,-20,11,-15,-23,-13,-1,117,-13,-19,-30,-80,-55,-8,30,5,37,74,151,-12,-136,-113,-166,17,18,5,3,28,78,-44,-70,-134,80,210,-10,-6,-47,-36,15,-19,-80,-103,37
1066,-28,203,45,24,7,-210,-2,-96,-8,87,51,52,-62,-2,17,59,-55,-106,-78,1,38,31,-36,-11,22,32,-40,-12,24,50,120,50,26,129,73,165,174,-25,-154,-169,176,-99,-60,107,-113,-55,141,158,16,-93,-61,15,-11,-137,-58,-62,-24,57,-20,11,-15,-23,-13,-1,117,-13,-19,-30,-80,-55,-8,30,5,37,74,151,-12,-136,-113,-166,17,18,5,3,28,78,-44,-70,-134,80,210,-10,-6,-47,-36,15,-19,-80,-103,37,-50
1067,203,45,24,7,-210,-2,-96,-8,87,51,52,-62,-2,17,59,-55,-106,-78,1,38,31,-36,-11,22,32,-40,-12,24,50,120,50,26,129,73,165,174,-25,-154,-169,176,-99,-60,107,-113,-55,141,158,16,-93,-61,15,-11,-137,-58,-62,-24,57,-20,11,-15,-23,-13,-1,117,-13,-19,-30,-80,-55,-8,30,5,37,74,151,-12,-136,-113,-166,17,18,5,3,28,78,-44,-70,-134,80,210,-10,-6,-47,-36,15,-19,-80,-103,37,-50,-46
1068,45,24,7,-210,-2,-96,-8,87,51,52,-62,-2,17,59,-55,-106,-78,1,38,31,-36,-11,22,32,-40,-12,24,50,120,50,26,129,73,165,174,-25,-154,-169,176,-99,-60,107,-113,-55,141,158,16,-93,-61,15,-11,-137,-58,-62,-24,57,-20,11,-15,-23,-13,-1,117,-13,-19,-30,-80,-55,-8,30,5,37,74,151,-12,-136,-113,-166,17,18,5,3,28,78,-44,-70,-134,80,210,-10,-6,-47,-36,15,-19,-80,-103,37,-50,-46,-80
1069,24,7,-210,-2,-96,-8,87,51,52,-62,-2,17,59,-55,-106,-78,1,38,31,-36,-11,22,32,-40,-12,24,50,120,50,26,129,73,165,174,-25,-154,-169,176,-99,-60,107,-113,-55,141,158,16,-93,-61,15,-11,-137,-58,-62,-24,57,-20,11,-15,-23,-13,-1,117,-13,-19,-30,-80,-55,-8,30,5,37,74,151,-12,-136,-113,-166,17,18,5,3,28,78,-44,-70,-134,80,210,-10,-6,-47,-36,15,-19,-80,-103,37,-50,-46,-80,2
1070,7,-210,-2,-96,-8,87,51,52,-62,-2,17,59,-55,-106,-78,1,38,31,-36,-11,22,32,-40,-12,24,50,120,50,26,129,73,165,174,-25,-154,-169,176,-99,-60,107,-113,-55,141,158,16,-93,-61,15,-11,-137,-58,-62,-24,57,-20,11,-15,-23,-13,-1,117,-13,-19,-30,-80,-55,-8,30,5,37,74,151,-12,-136,-113,-166,17,18,5,3,28,78,-44,-70,-134,80,210,-10,-6,-47,-36,15,-19,-80,-103,37,-50,-46,-80,2,-67
1071,-210,-2,-96,-8,87,51,52,-62,-2,17,59,-55,-106,-78,1,38,31,-36,-11,22,32,-40,-12,24,50,120,50,26,129,73,165,174,-25,-154,-169,176,-99,-60,107,-113,-55,141,158,16,-93,-61,15,-11,-137,-58,-62,-24,57,-20,11,-15,-23,-13,-1,117,-13,-19,-30,-80,-55,-8,30,5,37,74,151,-12,-136,-113,-166,17,18,5,3,28,78,-44,-70,-134,80,210,-10,-6,-47,-36,15,-19,-80,-103,37,-50,-46,-80,2,-67,-34
1072,-2,-96,-8,87,51,52,-62,-2,17,59,-55,-106,-78,1,38,31,-36,-11,22,32,-40,-12,24,50,120,50,26,129,73,165,174,-25,-154,-169,176,-99,-60,107,-113,-55,141,158,16,-93,-61,15,-11,-137,-58,-62,-24,57,-20,11,-15,-23,-13,-1,117,-13,-19,-30,-80,-55,-8,30,5,37,74,151,-12,-136,-113,-166,17,18,5,3,28,78,-44,-70,-134,80,210,-10,-6,-47,-36,15,-19,-80,-103,37,-50,-46,-80,2,-67,-34,-47
1073,-96,-8,87,51,52,-62,-2,17,59,-55,-106,-78,1,38,31,-36,-11,22,32,-40,-12,24,50,120,50,26,129,73,165,174,-25,-154,-169,176,-99,-60,107,-113,-55,141,158,16,-93,-61,15,-11,-137,-58,-62,-24,57,-20,11,-15,-23,-13,-1,117,-13,-19,-30,-80,-55,-8,30,5,37,74,151,-12,-136,-113,-166,17,18,5,3,28,78,-44,-70,-134,80,210,-10,-6,-47,-36,15,-19,-80,-103,37,-50,-46,-80,2,-67,-34,-47,31
1074,-8,87,51,52,-62,-2,17,59,-55,-106,-78,1,38,31,-36,-11,22,32,-40,-12,24,50,120,50,26,129,73,165,174,-25,-154,-169,176,-99,-60,107,-113,-55,141,158,16,-93,-61,15,-11,-137,-58,-62,-24,57,-20,11,-15,-23,-13,-1,117,-13,-19,-30,-80,-55,-8,30,5,37,74,151,-12,-136,-113,-166,17,18,5,3,28,78,-44,-70,-134,80,210,-10,-6,-47,-36,15,-19,-80,-103,37,-50,-46,-80,2,-67,-34,-47,31,20
1075,87,51,52,-62,-2,17,59,-55,-106,-78,1,38,31,-36,-11,22,32,-40,-12,24,50,120,50,26,129,73,165,174,-25,-154,-169,176,-99,-60,107,-113,-55,141,158,16,-93,-61,15,-11,-137,-58,-62,-24,57,-20,11,-15,-23,-13,-1,117,-13,-19,-30,-80,-55,-8,30,5,37,74,151,-12,-136,-113,-166,17,18,5,3,28,78,-44,-70,-134,80,210,-10,-6,-47,-36,15,-19,-80,-103,37,-50,-46,-80,2,-67,-34,-47,31,20,-4
1076,51,52,-62,-2,17,59,-55,-106,-78,1,38,31,-36,-11,22,32,-40,-12,24,50,120,50,26,129,73,165,174,-25,-154,-169,176,-99,-60,107,-113,-55,141,158,16,-93,-61,15,-11,-137,-58,-62,-24,57,-20,11,-15,-23,-13,-1,117,-13,-19,-30,-80,-55,-8,30,5,37,74,151,-12,-136,-113,-166,17,18,5,3,28,78,-44,-70,-134,80,210,-10,-6,-47,-36,15,-19,-80,-103,37,-50,-46,-80,2,-67,-34,-47,31,20,-4,6
1077,52,-62,-2,17,59,-55,-106,-78,1,38,31,-36,-11,22,32,-40,-12,24,50,120,50,26,129,73,165,174,-25,-154,-169,176,-99,-60,107,-113,-55,141,158,16,-93,-61,15,-11,-137,-58,-62,-24,57,-20,11,-15,-23,-13,-1,117,-13,-19,-30,-80,-55,-8,30,5,37,74,151,-12,-136,-113,-166,17,18,5,3,28,78,-44,-70,-134,80,210,-10,-6,-47,-36,15,-19,-80,-103,37,-50,-46,-80,2,-67,-34,-47,31,20,-4,6,30
1078,-62,-2,17,59,-55,-106,-78,1,38,31,-36,-11,22,32,-40,-12,24,50,120,50,26,129,73,165,174,-25,-154,-169,176,-99,-60,107,-113,-55,141,158,16,-93,-61,15,-11,-137,-58,-62,-24,57,-20,11,-15,-23,-13,-1,117,-13,-19,-30,-80,-55,-8,30,5,37,74,151,-12,-136,-113,-166,17,18,5,3,28,78,-44,-70,-134,80,210,-10,-6,-47,-36,15,-19,-80,-103,37,-50,-46,-80,2,-67,-34,-47,31,20,-4,6,30,4
1079,-2,17,59,-55,-106,-78,1,38,31,-36,-11,22,32,-40,-12,24,50,120,50,26,129,73,165,174,-25,-154,-169,176,-99,-60,107,-113,-55,141,158,16,-93,-61,15,-11,-137,-58,-62,-24,57,-20,11,-15,-23,-13,-1,117,-13,-19,-30,-80,-55,-8,30,5,37,74,151,-12,-136,-113,-166,17,18,5,3,28,78,-44,-70,-134,80,210,-10,-6,-47,-36,15,-19,-80,-103,37,-50,-46,-80,2,-67,-34,-47,31,20,-4,6,30,4,-68
1080,17,59,-55,-106,-78,1,38,31,-36,-11,22,32,-40,-12,24,50,120,50,26,129,73,165,174,-25,-154,-169,176,-99,-60,107,-113,-55,141,158,16,-93,-61,15,-11,-137,-58,-62,-24,57,-20,11,-15,-23,-13,-1,117,-13,-19,-30,-80,-55,-8,30,5,37,74,151,-12,-136,-113,-166,17,18,5,3,28,78,-44,-70,-134,80,210,-10,-6,-47,-36,15,-19,-80,-103,37,-50,-46,-80,2,-67,-34,-47,31,20,-4,6,30,4,-68,-230
1081,59,-55,-106,-78,1,38,31,-36,-11,22,32,-40,-12,24,50,120,50,26,129,73,165,174,-25,-154,-169,176,-99,-60,107,-113,-55,141,158,16,-93,-61,15,-11,-137,-58,-62,-24,57,-20,11,-15,-23,-13,-1,117,-13,-19,-30,-80,-55,-8,30,5,37,74,151,-12,-136,-113,-166,17,18,5,3,28,78,-44,-70,-134,80,210,-10,-6,-47,-36,15,-19,-80,-103,37,-50,-46,-80,2,-67,-34,-47,31,20,-4,6,30,4,-68,-230,-34
1082,-55,-106,-78,1,38,31,-36,-11,22,32,-40,-12,24,50,120,50,26,129,73,165,174,-25,-154,-169,176,-99,-60,107,-113,-55,141,158,16,-93,-61,15,-11,-137,-58,-62,-24,57,-20,11,-15,-23,-13,-1,117,-13,-19,-30,-80,-55,-8,30,5,37,74,151,-12,-136,-113,-166,17,18,5,3,28,78,-44,-70,-134,80,210,-10,-6,-47,-36,15,-19,-80,-103,37,-50,-46,-80,2,-67,-34,-47,31,20,-4,6,30,4,-68,-230,-34,3
1083,-106,-78,1,38,31,-36,-11,22,32,-40,-12,24,50,120,50,26,129,73,165,174,-25,-154,-169,176,-99,-60,107,-113,-55,141,158,16,-93,-61,15,-11,-137,-58,-62,-24,57,-20,11,-15,-23,-13,-1,117,-13,-19,-30,-80,-55,-8,30,5,37,74,151,-12,-136,-113,-166,17,18,5,3,28,78,-44,-70,-134,80,210,-10,-6,-47,-36,15,-19,-80,-103,37,-50,-46,-80,2,-67,-34,-47,31,20,-4,6,30,4,-68,-230,-34,3,26
1084,-78,1,38,31,-36,-11,22,32,-40,-12,24,50,120,50,26,129,73,165,174,-25,-154,-169,176,-99,-60,107,-113,-55,141,158,16,-93,-61,15,-11,-137,-58,-62,-24,57,-20,11,-15,-23,-13,-1,117,-13,-19,-30,-80,-55,-8,30,5,37,74,151,-12,-136,-113,-166,17,18,5,3,28,78,-44,-70,-134,80,210,-10,-6,-47,-36,15,-19,-80,-103,37,-50,-46,-80,2,-67,-34,-47,31,20,-4,6,30,4,-68,-230,-34,3,26,78
1085,1,38,31,-36,-11,22,32,-40,-12,24,50,120,50,26,129,73,165,174,-25,-154,-169,176,-99,-60,107,-113,-55,141,158,16,-93,-61,15,-11,-137,-58,-62,-24,57,-20,11,-15,-23,-13,-1,117,-13,-19,-30,-80,-55,-8,30,5,37,74,151,-12,-136,-113,-166,17,18,5,3,28,78,-44,-70,-134,80,210,-10,-6,-47,-36,15,-19,-80,-103,37,-50,-46,-80,2,-67,-34,-47,31,20,-4,6,30,4,-68,-230,-34,3,26,78,-42
1086,38,31,-36,-11,22,32,-40,-12,24,50,120,50,26,129,73,165,174,-25,-154,-169,176,-99,-60,107,-113,-55,141,158,16,-93,-61,15,-11,-137,-58,-62,-24,57,-20,11,-15,-23,-13,-1,117,-13,-19,-30,-80,-55,-8,30,5,37,74,151,-12,-136,-113,-166,17,18,5,3,28,78,-44,-70,-134,80,210,-10,-6,-47,-36,15,-19,-80,-103,37,-50,-46,-80,2,-67,-34,-47,31,20,-4,6,30,4,-68,-230,-34,3,26,78,-42,15
1087,31,-36,-11,22,32,-40,-12,24,50,120,50,26,129,73,165,174,-25,-154,-169,176,-99,-60,107,-113,-55,141,158,16,-93,-61,15,-11,-137,-58,-62,-24,57,-20,11,-15,-23,-13,-1,117,-13,-19,-30,-80,-55,-8,30,5,37,74,151,-12,-136,-113,-166,17,18,5,3,28,78,-44,-70,-134,80,210,-10,-6,-47,-36,15,-19,-80,-103,37,-50,-46,-80,2,-67,-34,-47,31,20,-4,6,30,4,-68,-230,-34,3,26,78,-42,15,11
1088,-36,-11,22,32,-40,-12,24,50,120,50,26,129,73,165,174,-25,-154,-169,176,-99,-60,107,-113,-55,141,158,16,-93,-61,15,-11,-137,-58,-62,-24,57,-20,11,-15,-23,-13,-1,117,-13,-19,-30,-80,-55,-8,30,5,37,74,151,-12,-136,-113,-166,17,18,5,3,28,78,-44,-70,-134,80,210,-10,-6,-47,-36,15,-19,-80,-103,37,-50,-46,-80,2,-67,-34,-47,31,20,-4,6,30,4,-68,-230,-34,3,26,78,-42,15,11,-31
1089,-11,22,32,-40,-12,24,50,120,50,26,129,73,165,174,-25,-154,-169,176,-99,-60,107,-113,-55,141,158,16,-93,-61,15,-11,-137,-58,-62,-24,57,-20,11,-15,-23,-13,-1,117,-13,-19,-30,-80,-55,-8,30,5,37,74,151,-12,-136,-113,-166,17,18,5,3,28,78,-44,-70,-134,80,210,-10,-6,-47,-36,15,-19,-80,-103,37,-50,-46,-80,2,-67,-34,-47,31,20,-4,6,30,4,-68,-230,-34,3,26,78,-42,15,11,-31,1
1090,22,32,-40,-12,24,50,120,50,26,129,73,165,174,-25,-154,-169,176,-99,-60,107,-113,-55,141,158,16,-93,-61,15,-11,-137,-58,-62,-24,57,-20,11,-15,-23,-13,-1,117,-13,-19,-30,-80,-55,-8,30,5,37,74,151,-12,-136,-113,-166,17,18,5,3,28,78,-44,-70,-134,80,210,-10,-6,-47,-36,15,-19,-80,-103,37,-50,-46,-80,2,-67,-34,-47,31,20,-4,6,30,4,-68,-230,-34,3,26,78,-42,15,11,-31,1,15
1091,32,-40,-12,24,50,120,50,26,129,73,165,174,-25,-154,-169,176,-99,-60,107,-113,-55,141,158,16,-93,-61,15,-11,-137,-58,-62,-24,57,-20,11,-15,-23,-13,-1,117,-13,-19,-30,-80,-55,-8,30,5,37,74,151,-12,-136,-113,-166,17,18,5,3,28,78,-44,-70,-134,80,210,-10,-6,-47,-36,15,-19,-80,-103,37,-50,-46,-80,2,-67,-34,-47,31,20,-4,6,30,4,-68,-230,-34,3,26,78,-42,15,11,-31,1,15,-57
1092,-40,-12,24,50,120,50,26,129,73,165,174,-25,-154,-169,176,-99,-60,107,-113,-55,141,158,16,-93,-61,15,-11,-137,-58,-62,-24,57,-20,11,-15,-23,-13,-1,117,-13,-19,-30,-80,-55,-8,30,5,37,74,151,-12,-136,-113,-166,17,18,5,3,28,78,-44,-70,-134,80,210,-10,-6,-47,-36,15,-19,-80,-103,37,-50,-46,-80,2,-67,-34,-47,31,20,-4,6,30,4,-68,-230,-34,3,26,78,-42,15,11,-31,1,15,-57,-19
1093,-12,24,50,120,50,26,129,73,165,174,-25,-154,-169,176,-99,-60,107,-113,-55,141,158,16,-93,-61,15,-11,-137,-58,-62,-24,57,-20,11,-15,-23,-13,-1,117,-13,-19,-30,-80,-55,-8,30,5,37,74,151,-12,-136,-113,-166,17,18,5,3,28,78,-44,-70,-134,80,210,-10,-6,-47,-36,15,-19,-80,-103,37,-50,-46,-80,2,-67,-34,-47,31,20,-4,6,30,4,-68,-230,-34,3,26,78,-42,15,11,-31,1,15,-57,-19,32
1094,24,50,120,50,26,129,73,165,174,-25,-154,-169,176,-99,-60,107,-113,-55,141,158,16,-93,-61,15,-11,-137,-58,-62,-24,57,-20,11,-15,-23,-13,-1,117,-13,-19,-30,-80,-55,-8,30,5,37,74,151,-12,-136,-113,-166,17,18,5,3,28,78,-44,-70,-134,80,210,-10,-6,-47,-36,15,-19,-80,-103,37,-50,-46,-80,2,-67,-34,-47,31,20,-4,6,30,4,-68,-230,-34,3,26,78,-42,15,11,-31,1,15,-57,-19,32,10
1095,50,120,50,26,129,73,165,174,-25,-154,-169,176,-99,-60,107,-113,-55,141,158,16,-93,-61,15,-11,-137,-58,-62,-24,57,-20,11,-15,-23,-13,-1,117,-13,-19,-30,-80,-55,-8,30,5,37,74,151,-12,-136,-113,-166,17,18,5,3,28,78,-44,-70,-134,80,210,-10,-6,-47,-36,15,-19,-80,-103,37,-50,-46,-80,2,-67,-34,-47,31,20,-4,6,30,4,-68,-230,-34,3,26,78,-42,15,11,-31,1,15,-57,-19,32,10,-50
1096,120,50,26,129,73,165,174,-25,-154,-169,176,-99,-60,107,-113,-55,141,158,16,-93,-61,15,-11,-137,-58,-62,-24,57,-20,11,-15,-23,-13,-1,117,-13,-19,-30,-80,-55,-8,30,5,37,74,151,-12,-136,-113,-166,17,18,5,3,28,78,-44,-70,-134,80,210,-10,-6,-47,-36,15,-19,-80,-103,37,-50,-46,-80,2,-67,-34,-47,31,20,-4,6,30,4,-68,-230,-34,3,26,78,-42,15,11,-31,1,15,-57,-19,32,10,-50,-42
1097,50,26,129,73,165,174,-25,-154,-169,176,-99,-60,107,-113,-55,141,158,16,-93,-61,15,-11,-137,-58,-62,-24,57,-20,11,-15,-23,-13,-1,117,-13,-19,-30,-80,-55,-8,30,5,37,74,151,-12,-136,-113,-166,17,18,5,3,28,78,-44,-70,-134,80,210,-10,-6,-47,-36,15,-19,-80,-103,37,-50,-46,-80,2,-67,-34,-47,31,20,-4,6,30,4,-68,-230,-34,3,26,78,-42,15,11,-31,1,15,-57,-19,32,10,-50,-42,10
1098,26,129,73,165,174,-25,-154,-169,176,-99,-60,107,-113,-55,141,158,16,-93,-61,15,-11,-137,-58,-62,-24,57,-20,11,-15,-23,-13,-1,117,-13,-19,-30,-80,-55,-8,30,5,37,74,151,-12,-136,-113,-166,17,18,5,3,28,78,-44,-70,-134,80,210,-10,-6,-47,-36,15,-19,-80,-103,37,-50,-46,-80,2,-67,-34,-47,31,20,-4,6,30,4,-68,-230,-34,3,26,78,-42,15,11,-31,1,15,-57,-19,32,10,-50,-42,10,16
1099,129,73,165,174,-25,-154,-169,176,-99,-60,107,-113,-55,141,158,16,-93,-61,15,-11,-137,-58,-62,-24,57,-20,11,-15,-23,-13,-1,117,-13,-19,-30,-80,-55,-8,30,5,37,74,151,-12,-136,-113,-166,17,18,5,3,28,78,-44,-70,-134,80,210,-10,-6,-47,-36,15,-19,-80,-103,37,-50,-46,-80,2,-67,-34,-47,31,20,-4,6,30,4,-68,-230,-34,3,26,78,-42,15,11,-31,1,15,-57,-19,32,10,-50,-42,10,16,0
1100,73,165,174,-25,-154,-169,176,-99,-60,107,-113,-55,141,158,16,-93,-61,15,-11,-137,-58,-62,-24,57,-20,11,-15,-23,-13,-1,117,-13,-19,-30,-80,-55,-8,30,5,37,74,151,-12,-136,-113,-166,17,18,5,3,28,78,-44,-70,-134,80,210,-10,-6,-47,-36,15,-19,-80,-103,37,-50,-46,-80,2,-67,-34,-47,31,20,-4,6,30,4,-68,-230,-34,3,26,78,-42,15,11,-31,1,15,-57,-19,32,10,-50,-42,10,16,0,50
1101,165,174,-25,-154,-169,176,-99,-60,107,-113,-55,141,158,16,-93,-61,15,-11,-137,-58,-62,-24,57,-20,11,-15,-23,-13,-1,117,-13,-19,-30,-80,-55,-8,30,5,37,74,151,-12,-136,-113,-166,17,18,5,3,28,78,-44,-70,-134,80,210,-10,-6,-47,-36,15,-19,-80,-103,37,-50,-46,-80,2,-67,-34,-47,31,20,-4,6,30,4,-68,-230,-34,3,26,78,-42,15,11,-31,1,15,-57,-19,32,10,-50,-42,10,16,0,50,108
1102,174,-25,-154,-169,176,-99,-60,107,-113,-55,141,158,16,-93,-61,15,-11,-137,-58,-62,-24,57,-20,11,-15,-23,-13,-1,117,-13,-19,-30,-80,-55,-8,30,5,37,74,151,-12,-136,-113,-166,17,18,5,3,28,78,-44,-70,-134,80,210,-10,-6,-47,-36,15,-19,-80,-103,37,-50,-46,-80,2,-67,-34,-47,31,20,-4,6,30,4,-68,-230,-34,3,26,78,-42,15,11,-31,1,15,-57,-19,32,10,-50,-42,10,16,0,50,108,104
1103,-25,-154,-169,176,-99,-60,107,-113,-55,141,158,16,-93,-61,15,-11,-137,-58,-62,-24,57,-20,11,-15,-23,-13,-1,117,-13,-19,-30,-80,-55,-8,30,5,37,74,151,-12,-136,-113,-166,17,18,5,3,28,78,-44,-70,-134,80,210,-10,-6,-47,-36,15,-19,-80,-103,37,-50,-46,-80,2,-67,-34,-47,31,20,-4,6,30,4,-68,-230,-34,3,26,78,-42,15,11,-31,1,15,-57,-19,32,10,-50,-42,10,16,0,50,108,104,45
1104,-154,-169,176,-99,-60,107,-113,-55,141,158,16,-93,-61,15,-11,-137,-58,-62,-24,57,-20,11,-15,-23,-13,-1,117,-13,-19,-30,-80,-55,-8,30,5,37,74,151,-12,-136,-113,-166,17,18,5,3,28,78,-44,-70,-134,80,210,-10,-6,-47,-36,15,-19,-80,-103,37,-50,-46,-80,2,-67,-34,-47,31,20,-4,6,30,4,-68,-230,-34,3,26,78,-42,15,11,-31,1,15,-57,-19,32,10,-50,-42,10,16,0,50,108,104,45,194
1105,-169,176,-99,-60,107,-113,-55,141,158,16,-93,-61,15,-11,-137,-58,-62,-24,57,-20,11,-15,-23,-13,-1,117,-13,-19,-30,-80,-55,-8,30,5,37,74,151,-12,-136,-113,-166,17,18,5,3,28,78,-44,-70,-134,80,210,-10,-6,-47,-36,15,-19,-80,-103,37,-50,-46,-80,2,-67,-34,-47,31,20,-4,6,30,4,-68,-230,-34,3,26,78,-42,15,11,-31,1,15,-57,-19,32,10,-50,-42,10,16,0,50,108,104,45,194,-75
1106,176,-99,-60,107,-113,-55,141,158,16,-93,-61,15,-11,-137,-58,-62,-24,57,-20,11,-15,-23,-13,-1,117,-13,-19,-30,-80,-55,-8,30,5,37,74,151,-12,-136,-113,-166,17,18,5,3,28,78,-44,-70,-134,80,210,-10,-6,-47,-36,15,-19,-80,-103,37,-50,-46,-80,2,-67,-34,-47,31,20,-4,6,30,4,-68,-230,-34,3,26,78,-42,15,11,-31,1,15,-57,-19,32,10,-50,-42,10,16,0,50,108,104,45,194,-75,-45
1107,-99,-60,107,-113,-55,141,158,16,-93,-61,15,-11,-137,-58,-62,-24,57,-20,11,-15,-23,-13,-1,117,-13,-19,-30,-80,-55,-8,30,5,37,74,151,-12,-136,-113,-166,17,18,5,3,28,78,-44,-70,-134,80,210,-10,-6,-47,-36,15,-19,-80,-103,37,-50,-46,-80,2,-67,-34,-47,31,20,-4,6,30,4,-68,-230,-34,3,26,78,-42,15,11,-31,1,15,-57,-19,32,10,-50,-42,10,16,0,50,108,104,45,194,-75,-45,-34
1108,-60,107,-113,-55,141,158,16,-93,-61,15,-11,-137,-58,-62,-24,57,-20,11,-15,-23,-13,-1,117,-13,-19,-30,-80,-55,-8,30,5,37,74,151,-12,-136,-113,-166,17,18,5,3,28,78,-44,-70,-134,80,210,-10,-6,-47,-36,15,-19,-80,-103,37,-50,-46,-80,2,-67,-34,-47,31,20,-4,6,30,4,-68,-230,-34,3,26,78,-42,15,11,-31,1,15,-57,-19,32,10,-50,-42,10,16,0,50,108,104,45,194,-75,-45,-34,51
1109,107,-113,-55,141,158,16,-93,-61,15,-11,-137,-58,-62,-24,57,-20,11,-15,-23,-13,-1,117,-13,-19,-30,-80,-55,-8,30,5,37,74,151,-12,-136,-113,-166,17,18,5,3,28,78,-44,-70,-134,80,210,-10,-6,-47,-36,15,-19,-80,-103,37,-50,-46,-80,2,-67,-34,-47,31,20,-4,6,30,4,-68,-230,-34,3,26,78,-42,15,11,-31,1,15,-57,-19,32,10,-50,-42,10,16,0,50,108,104,45,194,-75,-45,-34,51,-38
1110,-113,-55,141,158,16,-93,-61,15,-11,-137,-58,-62,-24,57,-20,11,-15,-23,-13,-1,117,-13,-19,-30,-80,-55,-8,30,5,37,74,151,-12,-136,-113,-166,17,18,5,3,28,78,-44,-70,-134,80,210,-10,-6,-47,-36,15,-19,-80,-103,37,-50,-46,-80,2,-67,-34,-47,31,20,-4,6,30,4,-68,-230,-34,3,26,78,-42,15,11,-31,1,15,-57,-19,32,10,-50,-42,10,16,0,50,108,104,45,194,-75,-45,-34,51,-38,46
1111,-55,141,158,16,-93,-61,15,-11,-137,-58,-62,-24,57,-20,11,-15,-23,-13,-1,117,-13,-19,-30,-80,-55,-8,30,5,37,74,151,-12,-136,-113,-166,17,18,5,3,28,78,-44,-70,-134,80,210,-10,-6,-47,-36,15,-19,-80,-103,37,-50,-46,-80,2,-67,-34,-47,31,20,-4,6,30,4,-68,-230,-34,3,26,78,-42,15,11,-31,1,15,-57,-19,32,10,-50,-42,10,16,0,50,108,104,45,194,-75,-45,-34,51,-38,46,25
1112,141,158,16,-93,-61,15,-11,-137,-58,-62,-24,57,-20,11,-15,-23,-13,-1,117,-13,-19,-30,-80,-55,-8,30,5,37,74,151,-12,-136,-113,-166,17,18,5,3,28,78,-44,-70,-134,80,210,-10,-6,-47,-36,15,-19,-80,-103,37,-50,-46,-80,2,-67,-34,-47,31,20,-4,6,30,4,-68,-230,-34,3,26,78,-42,15,11,-31,1,15,-57,-19,32,10,-50,-42,10,16,0,50,108,104,45,194,-75,-45,-34,51,-38,46,25,-30
1113,158,16,-93,-61,15,-11,-137,-58,-62,-24,57,-20,11,-15,-23,-13,-1,117,-13,-19,-30,-80,-55,-8,30,5,37,74,151,-12,-136,-113,-166,17,18,5,3,28,78,-44,-70,-134,80,210,-10,-6,-47,-36,15,-19,-80,-103,37,-50,-46,-80,2,-67,-34,-47,31,20,-4,6,30,4,-68,-230,-34,3,26,78,-42,15,11,-31,1,15,-57,-19,32,10,-50,-42,10,16,0,50,108,104,45,194,-75,-45,-34,51,-38,46,25,-30,-61
1114,16,-93,-61,15,-11,-137,-58,-62,-24,57,-20,11,-15,-23,-13,-1,117,-13,-19,-30,-80,-55,-8,30,5,37,74,151,-12,-136,-113,-166,17,18,5,3,28,78,-44,-70,-134,80,210,-10,-6,-47,-36,15,-19,-80,-103,37,-50,-46,-80,2,-67,-34,-47,31,20,-4,6,30,4,-68,-230,-34,3,26,78,-42,15,11,-31,1,15,-57,-19,32,10,-50,-42,10,16,0,50,108,104,45,194,-75,-45,-34,51,-38,46,25,-30,-61,64
1115,-93,-61,15,-11,-137,-58,-62,-24,57,-20,11,-15,-23,-13,-1,117,-13,-19,-30,-80,-55,-8,30,5,37,74,151,-12,-136,-113,-166,17,18,5,3,28,78,-44,-70,-134,80,210,-10,-6,-47,-36,15,-19,-80,-103,37,-50,-46,-80,2,-67,-34,-47,31,20,-4,6,30,4,-68,-230,-34,3,26,78,-42,15,11,-31,1,15,-57,-19,32,10,-50,-42,10,16,0,50,108,104,45,194,-75,-45,-34,51,-38,46,25,-30,-61,64,87
1116,-61,15,-11,-137,-58,-62,-24,57,-20,11,-15,-23,-13,-1,117,-13,-19,-30,-80,-55,-8,30,5,37,74,151,-12,-136,-113,-166,17,18,5,3,28,78,-44,-70,-134,80,210,-10,-6,-47,-36,15,-19,-80,-103,37,-50,-46,-80,2,-67,-34,-47,31,20,-4,6,30,4,-68,-230,-34,3,26,78,-42,15,11,-31,1,15,-57,-19,32,10,-50,-42,10,16,0,50,108,104,45,194,-75,-45,-34,51,-38,46,25,-30,-61,64,87,5
1117,15,-11,-137,-58,-62,-24,57,-20,11,-15,-23,-13,-1,117,-13,-19,-30,-80,-55,-8,30,5,37,74,151,-12,-136,-113,-166,17,18,5,3,28,78,-44,-70,-134,80,210,-10,-6,-47,-36,15,-19,-80,-103,37,-50,-46,-80,2,-67,-34,-47,31,20,-4,6,30,4,-68,-230,-34,3,26,78,-42,15,11,-31,1,15,-57,-19,32,10,-50,-42,10,16,0,50,108,104,45,194,-75,-45,-34,51,-38,46,25,-30,-61,64,87,5,78
1118,-11,-137,-58,-62,-24,57,-20,11,-15,-23,-13,-1,117,-13,-19,-30,-80,-55,-8,30,5,37,74,151,-12,-136,-113,-166,17,18,5,3,28,78,-44,-70,-134,80,210,-10,-6,-47,-36,15,-19,-80,-103,37,-50,-46,-80,2,-67,-34,-47,31,20,-4,6,30,4,-68,-230,-34,3,26,78,-42,15,11,-31,1,15,-57,-19,32,10,-50,-42,10,16,0,50,108,104,45,194,-75,-45,-34,51,-38,46,25,-30,-61,64,87,5,78,10
1119,-137,-58,-62,-24,57,-20,11,-15,-23,-13,-1,117,-13,-19,-30,-80,-55,-8,30,5,37,74,151,-12,-136,-113,-166,17,18,5,3,28,78,-44,-70,-134,80,210,-10,-6,-47,-36,15,-19,-80,-103,37,-50,-46,-80,2,-67,-34,-47,31,20,-4,6,30,4,-68,-230,-34,3,26,78,-42,15,11,-31,1,15,-57,-19,32,10,-50,-42,10,16,0,50,108,104,45,194,-75,-45,-34,51,-38,46,25,-30,-61,64,87,5,78,10,-54
1120,-58,-62,-24,57,-20,11,-15,-23,-13,-1,117,-13,-19,-30,-80,-55,-8,30,5,37,74,151,-12,-136,-113,-166,17,18,5,3,28,78,-44,-70,-134,80,210,-10,-6,-47,-36,15,-19,-80,-103,37,-50,-46,-80,2,-67,-34,-47,31,20,-4,6,30,4,-68,-230,-34,3,26,78,-42,15,11,-31,1,15,-57,-19,32,10,-50,-42,10,16,0,50,108,104,45,194,-75,-45,-34,51,-38,46,25,-30,-61,64,87,5,78,10,-54,10
1121,-62,-24,57,-20,11,-15,-23,-13,-1,117,-13,-19,-30,-80,-55,-8,30,5,37,74,151,-12,-136,-113,-166,17,18,5,3,28,78,-44,-70,-134,80,210,-10,-6,-47,-36,15,-19,-80,-103,37,-50,-46,-80,2,-67,-34,-47,31,20,-4,6,30,4,-68,-230,-34,3,26,78,-42,15,11,-31,1,15,-57,-19,32,10,-50,-42,10,16,0,50,108,104,45,194,-75,-45,-34,51,-38,46,25,-30,-61,64,87,5,78,10,-54,10,10
1122,-24,57,-20,11,-15,-23,-13,-1,117,-13,-19,-30,-80,-55,-8,30,5,37,74,151,-12,-136,-113,-166,17,18,5,3,28,78,-44,-70,-134,80,210,-10,-6,-47,-36,15,-19,-80,-103,37,-50,-46,-80,2,-67,-34,-47,31,20,-4,6,30,4,-68,-230,-34,3,26,78,-42,15,11,-31,1,15,-57,-19,32,10,-50,-42,10,16,0,50,108,104,45,194,-75,-45,-34,51,-38,46,25,-30,-61,64,87,5,78,10,-54,10,10,-20
1123,57,-20,11,-15,-23,-13,-1,117,-13,-19,-30,-80,-55,-8,30,5,37,74,151,-12,-136,-113,-166,17,18,5,3,28,78,-44,-70,-134,80,210,-10,-6,-47,-36,15,-19,-80,-103,37,-50,-46,-80,2,-67,-34,-47,31,20,-4,6,30,4,-68,-230,-34,3,26,78,-42,15,11,-31,1,15,-57,-19,32,10,-50,-42,10,16,0,50,108,104,45,194,-75,-45,-34,51,-38,46,25,-30,-61,64,87,5,78,10,-54,10,10,-20,0
1124,-20,11,-15,-23,-13,-1,117,-13,-19,-30,-80,-55,-8,30,5,37,74,151,-12,-136,-113,-166,17,18,5,3,28,78,-44,-70,-134,80,210,-10,-6,-47,-36,15,-19,-80,-103,37,-50,-46,-80,2,-67,-34,-47,31,20,-4,6,30,4,-68,-230,-34,3,26,78,-42,15,11,-31,1,15,-57,-19,32,10,-50,-42,10,16,0,50,108,104,45,194,-75,-45,-34,51,-38,46,25,-30,-61,64,87,5,78,10,-54,10,10,-20,0,-40
1125,11,-15,-23,-13,-1,117,-13,-19,-30,-80,-55,-8,30,5,37,74,151,-12,-136,-113,-166,17,18,5,3,28,78,-44,-70,-134,80,210,-10,-6,-47,-36,15,-19,-80,-103,37,-50,-46,-80,2,-67,-34,-47,31,20,-4,6,30,4,-68,-230,-34,3,26,78,-42,15,11,-31,1,15,-57,-19,32,10,-50,-42,10,16,0,50,108,104,45,194,-75,-45,-34,51,-38,46,25,-30,-61,64,87,5,78,10,-54,10,10,-20,0,-40,30
1126,-15,-23,-13,-1,117,-13,-19,-30,-80,-55,-8,30,5,37,74,151,-12,-136,-113,-166,17,18,5,3,28,78,-44,-70,-134,80,210,-10,-6,-47,-36,15,-19,-80,-103,37,-50,-46,-80,2,-67,-34,-47,31,20,-4,6,30,4,-68,-230,-34,3,26,78,-42,15,11,-31,1,15,-57,-19,32,10,-50,-42,10,16,0,50,108,104,45,194,-75,-45,-34,51,-38,46,25,-30,-61,64,87,5,78,10,-54,10,10,-20,0,-40,30,-60
1127,-23,-13,-1,117,-13,-19,-30,-80,-55,-8,30,5,37,74,151,-12,-136,-113,-166,17,18,5,3,28,78,-44,-70,-134,80,210,-10,-6,-47,-36,15,-19,-80,-103,37,-50,-46,-80,2,-67,-34,-47,31,20,-4,6,30,4,-68,-230,-34,3,26,78,-42,15,11,-31,1,15,-57,-19,32,10,-50,-42,10,16,0,50,108,104,45,194,-75,-45,-34,51,-38,46,25,-30,-61,64,87,5,78,10,-54,10,10,-20,0,-40,30,-60,-90
1128,-13,-1,117,-13,-19,-30,-80,-55,-8,30,5,37,74,151,-12,-136,-113,-166,17,18,5,3,28,78,-44,-70,-134,80,210,-10,-6,-47,-36,15,-19,-80,-103,37,-50,-46,-80,2,-67,-34,-47,31,20,-4,6,30,4,-68,-230,-34,3,26,78,-42,15,11,-31,1,15,-57,-19,32,10,-50,-42,10,16,0,50,108,104,45,194,-75,-45,-34,51,-38,46,25,-30,-61,64,87,5,78,10,-54,10,10,-20,0,-40,30,-60,-90,30
1129,-1,117,-13,-19,-30,-80,-55,-8,30,5,37,74,151,-12,-136,-113,-166,17,18,5,3,28,78,-44,-70,-134,80,210,-10,-6,-47,-36,15,-19,-80,-103,37,-50,-46,-80,2,-67,-34,-47,31,20,-4,6,30,4,-68,-230,-34,3,26,78,-42,15,11,-31,1,15,-57,-19,32,10,-50,-42,10,16,0,50,108,104,45,194,-75,-45,-34,51,-38,46,25,-30,-61,64,87,5,78,10,-54,10,10,-20,0,-40,30,-60,-90,30,30
1130,117,-13,-19,-30,-80,-55,-8,30,5,37,74,151,-12,-136,-113,-166,17,18,5,3,28,78,-44,-70,-134,80,210,-10,-6,-47,-36,15,-19,-80,-103,37,-50,-46,-80,2,-67,-34,-47,31,20,-4,6,30,4,-68,-230,-34,3,26,78,-42,15,11,-31,1,15,-57,-19,32,10,-50,-42,10,16,0,50,108,104,45,194,-75,-45,-34,51,-38,46,25,-30,-61,64,87,5,78,10,-54,10,10,-20,0,-40,30,-60,-90,30,30,70
1131,-13,-19,-30,-80,-55,-8,30,5,37,74,151,-12,-136,-113,-166,17,18,5,3,28,78,-44,-70,-134,80,210,-10,-6,-47,-36,15,-19,-80,-103,37,-50,-46,-80,2,-67,-34,-47,31,20,-4,6,30,4,-68,-230,-34,3,26,78,-42,15,11,-31,1,15,-57,-19,32,10,-50,-42,10,16,0,50,108,104,45,194,-75,-45,-34,51,-38,46,25,-30,-61,64,87,5,78,10,-54,10,10,-20,0,-40,30,-60,-90,30,30,70,90
1132,-19,-30,-80,-55,-8,30,5,37,74,151,-12,-136,-113,-166,17,18,5,3,28,78,-44,-70,-134,80,210,-10,-6,-47,-36,15,-19,-80,-103,37,-50,-46,-80,2,-67,-34,-47,31,20,-4,6,30,4,-68,-230,-34,3,26,78,-42,15,11,-31,1,15,-57,-19,32,10,-50,-42,10,16,0,50,108,104,45,194,-75,-45,-34,51,-38,46,25,-30,-61,64,87,5,78,10,-54,10,10,-20,0,-40,30,-60,-90,30,30,70,90,-40
1133,-30,-80,-55,-8,30,5,37,74,151,-12,-136,-113,-166,17,18,5,3,28,78,-44,-70,-134,80,210,-10,-6,-47,-36,15,-19,-80,-103,37,-50,-46,-80,2,-67,-34,-47,31,20,-4,6,30,4,-68,-230,-34,3,26,78,-42,15,11,-31,1,15,-57,-19,32,10,-50,-42,10,16,0,50,108,104,45,194,-75,-45,-34,51,-38,46,25,-30,-61,64,87,5,78,10,-54,10,10,-20,0,-40,30,-60,-90,30,30,70,90,-40,20
1134,-80,-55,-8,30,5,37,74,151,-12,-136,-113,-166,17,18,5,3,28,78,-44,-70,-134,80,210,-10,-6,-47,-36,15,-19,-80,-103,37,-50,-46,-80,2,-67,-34,-47,31,20,-4,6,30,4,-68,-230,-34,3,26,78,-42,15,11,-31,1,15,-57,-19,32,10,-50,-42,10,16,0,50,108,104,45,194,-75,-45,-34,51,-38,46,25,-30,-61,64,87,5,78,10,-54,10,10,-20,0,-40,30,-60,-90,30,30,70,90,-40,20,20
1135,-55,-8,30,5,37,74,151,-12,-136,-113,-166,17,18,5,3,28,78,-44,-70,-134,80,210,-10,-6,-47,-36,15,-19,-80,-103,37,-50,-46,-80,2,-67,-34,-47,31,20,-4,6,30,4,-68,-230,-34,3,26,78,-42,15,11,-31,1,15,-57,-19,32,10,-50,-42,10,16,0,50,108,104,45,194,-75,-45,-34,51,-38,46,25,-30,-61,64,87,5,78,10,-54,10,10,-20,0,-40,30,-60,-90,30,30,70,90,-40,20,20,-20
1136,-8,30,5,37,74,151,-12,-136,-113,-166,17,18,5,3,28,78,-44,-70,-134,80,210,-10,-6,-47,-36,15,-19,-80,-103,37,-50,-46,-80,2,-67,-34,-47,31,20,-4,6,30,4,-68,-230,-34,3,26,78,-42,15,11,-31,1,15,-57,-19,32,10,-50,-42,10,16,0,50,108,104,45,194,-75,-45,-34,51,-38,46,25,-30,-61,64,87,5,78,10,-54,10,10,-20,0,-40,30,-60,-90,30,30,70,90,-40,20,20,-20,-10
1137,30,5,37,74,151,-12,-136,-113,-166,17,18,5,3,28,78,-44,-70,-134,80,210,-10,-6,-47,-36,15,-19,-80,-103,37,-50,-46,-80,2,-67,-34,-47,31,20,-4,6,30,4,-68,-230,-34,3,26,78,-42,15,11,-31,1,15,-57,-19,32,10,-50,-42,10,16,0,50,108,104,45,194,-75,-45,-34,51,-38,46,25,-30,-61,64,87,5,78,10,-54,10,10,-20,0,-40,30,-60,-90,30,30,70,90,-40,20,20,-20,-10,-30
1138,5,37,74,151,-12,-136,-113,-166,17,18,5,3,28,78,-44,-70,-134,80,210,-10,-6,-47,-36,15,-19,-80,-103,37,-50,-46,-80,2,-67,-34,-47,31,20,-4,6,30,4,-68,-230,-34,3,26,78,-42,15,11,-31,1,15,-57,-19,32,10,-50,-42,10,16,0,50,108,104,45,194,-75,-45,-34,51,-38,46,25,-30,-61,64,87,5,78,10,-54,10,10,-20,0,-40,30,-60,-90,30,30,70,90,-40,20,20,-20,-10,-30,-50
1139,37,74,151,-12,-136,-113,-166,17,18,5,3,28,78,-44,-70,-134,80,210,-10,-6,-47,-36,15,-19,-80,-103,37,-50,-46,-80,2,-67,-34,-47,31,20,-4,6,30,4,-68,-230,-34,3,26,78,-42,15,11,-31,1,15,-57,-19,32,10,-50,-42,10,16,0,50,108,104,45,194,-75,-45,-34,51,-38,46,25,-30,-61,64,87,5,78,10,-54,10,10,-20,0,-40,30,-60,-90,30,30,70,90,-40,20,20,-20,-10,-30,-50,-20
1140,74,151,-12,-136,-113,-166,17,18,5,3,28,78,-44,-70,-134,80,210,-10,-6,-47,-36,15,-19,-80,-103,37,-50,-46,-80,2,-67,-34,-47,31,20,-4,6,30,4,-68,-230,-34,3,26,78,-42,15,11,-31,1,15,-57,-19,32,10,-50,-42,10,16,0,50,108,104,45,194,-75,-45,-34,51,-38,46,25,-30,-61,64,87,5,78,10,-54,10,10,-20,0,-40,30,-60,-90,30,30,70,90,-40,20,20,-20,-10,-30,-50,-20,130
1141,151,-12,-136,-113,-166,17,18,5,3,28,78,-44,-70,-134,80,210,-10,-6,-47,-36,15,-19,-80,-103,37,-50,-46,-80,2,-67,-34,-47,31,20,-4,6,30,4,-68,-230,-34,3,26,78,-42,15,11,-31,1,15,-57,-19,32,10,-50,-42,10,16,0,50,108,104,45,194,-75,-45,-34,51,-38,46,25,-30,-61,64,87,5,78,10,-54,10,10,-20,0,-40,30,-60,-90,30,30,70,90,-40,20,20,-20,-10,-30,-50,-20,130,90
1142,-12,-136,-113,-166,17,18,5,3,28,78,-44,-70,-134,80,210,-10,-6,-47,-36,15,-19,-80,-103,37,-50,-46,-80,2,-67,-34,-47,31,20,-4,6,30,4,-68,-230,-34,3,26,78,-42,15,11,-31,1,15,-57,-19,32,10,-50,-42,10,16,0,50,108,104,45,194,-75,-45,-34,51,-38,46,25,-30,-61,64,87,5,78,10,-54,10,10,-20,0,-40,30,-60,-90,30,30,70,90,-40,20,20,-20,-10,-30,-50,-20,130,90,10
1143,-136,-113,-166,17,18,5,3,28,78,-44,-70,-134,80,210,-10,-6,-47,-36,15,-19,-80,-103,37,-50,-46,-80,2,-67,-34,-47,31,20,-4,6,30,4,-68,-230,-34,3,26,78,-42,15,11,-31,1,15,-57,-19,32,10,-50,-42,10,16,0,50,108,104,45,194,-75,-45,-34,51,-38,46,25,-30,-61,64,87,5,78,10,-54,10,10,-20,0,-40,30,-60,-90,30,30,70,90,-40,20,20,-20,-10,-30,-50,-20,130,90,10,20
1144,-113,-166,17,18,5,3,28,78,-44,-70,-134,80,210,-10,-6,-47,-36,15,-19,-80,-103,37,-50,-46,-80,2,-67,-34,-47,31,20,-4,6,30,4,-68,-230,-34,3,26,78,-42,15,11,-31,1,15,-57,-19,32,10,-50,-42,10,16,0,50,108,104,45,194,-75,-45,-34,51,-38,46,25,-30,-61,64,87,5,78,10,-54,10,10,-20,0,-40,30,-60,-90,30,30,70,90,-40,20,20,-20,-10,-30,-50,-20,130,90,10,20,20
1145,-166,17,18,5,3,28,78,-44,-70,-134,80,210,-10,-6,-47,-36,15,-19,-80,-103,37,-50,-46,-80,2,-67,-34,-47,31,20,-4,6,30,4,-68,-230,-34,3,26,78,-42,15,11,-31,1,15,-57,-19,32,10,-50,-42,10,16,0,50,108,104,45,194,-75,-45,-34,51,-38,46,25,-30,-61,64,87,5,78,10,-54,10,10,-20,0,-40,30,-60,-90,30,30,70,90,-40,20,20,-20,-10,-30,-50,-20,130,90,10,20,20,150
1146,17,18,5,3,28,78,-44,-70,-134,80,210,-10,-6,-47,-36,15,-19,-80,-103,37,-50,-46,-80,2,-67,-34,-47,31,20,-4,6,30,4,-68,-230,-34,3,26,78,-42,15,11,-31,1,15,-57,-19,32,10,-50,-42,10,16,0,50,108,104,45,194,-75,-45,-34,51,-38,46,25,-30,-61,64,87,5,78,10,-54,10,10,-20,0,-40,30,-60,-90,30,30,70,90,-40,20,20,-20,-10,-30,-50,-20,130,90,10,20,20,150,20
1147,18,5,3,28,78,-44,-70,-134,80,210,-10,-6,-47,-36,15,-19,-80,-103,37,-50,-46,-80,2,-67,-34,-47,31,20,-4,6,30,4,-68,-230,-34,3,26,78,-42,15,11,-31,1,15,-57,-19,32,10,-50,-42,10,16,0,50,108,104,45,194,-75,-45,-34,51,-38,46,25,-30,-61,64,87,5,78,10,-54,10,10,-20,0,-40,30,-60,-90,30,30,70,90,-40,20,20,-20,-10,-30,-50,-20,130,90,10,20,20,150,20,10
1148,5,3,28,78,-44,-70,-134,80,210,-10,-6,-47,-36,15,-19,-80,-103,37,-50,-46,-80,2,-67,-34,-47,31,20,-4,6,30,4,-68,-230,-34,3,26,78,-42,15,11,-31,1,15,-57,-19,32,10,-50,-42,10,16,0,50,108,104,45,194,-75,-45,-34,51,-38,46,25,-30,-61,64,87,5,78,10,-54,10,10,-20,0,-40,30,-60,-90,30,30,70,90,-40,20,20,-20,-10,-30,-50,-20,130,90,10,20,20,150,20,10,40
1149,3,28,78,-44,-70,-134,80,210,-10,-6,-47,-36,15,-19,-80,-103,37,-50,-46,-80,2,-67,-34,-47,31,20,-4,6,30,4,-68,-230,-34,3,26,78,-42,15,11,-31,1,15,-57,-19,32,10,-50,-42,10,16,0,50,108,104,45,194,-75,-45,-34,51,-38,46,25,-30,-61,64,87,5,78,10,-54,10,10,-20,0,-40,30,-60,-90,30,30,70,90,-40,20,20,-20,-10,-30,-50,-20,130,90,10,20,20,150,20,10,40,-40
1150,28,78,-44,-70,-134,80,210,-10,-6,-47,-36,15,-19,-80,-103,37,-50,-46,-80,2,-67,-34,-47,31,20,-4,6,30,4,-68,-230,-34,3,26,78,-42,15,11,-31,1,15,-57,-19,32,10,-50,-42,10,16,0,50,108,104,45,194,-75,-45,-34,51,-38,46,25,-30,-61,64,87,5,78,10,-54,10,10,-20,0,-40,30,-60,-90,30,30,70,90,-40,20,20,-20,-10,-30,-50,-20,130,90,10,20,20,150,20,10,40,-40,-80
1151,78,-44,-70,-134,80,210,-10,-6,-47,-36,15,-19,-80,-103,37,-50,-46,-80,2,-67,-34,-47,31,20,-4,6,30,4,-68,-230,-34,3,26,78,-42,15,11,-31,1,15,-57,-19,32,10,-50,-42,10,16,0,50,108,104,45,194,-75,-45,-34,51,-38,46,25,-30,-61,64,87,5,78,10,-54,10,10,-20,0,-40,30,-60,-90,30,30,70,90,-40,20,20,-20,-10,-30,-50,-20,130,90,10,20,20,150,20,10,40,-40,-80,-80
1152,-44,-70,-134,80,210,-10,-6,-47,-36,15,-19,-80,-103,37,-50,-46,-80,2,-67,-34,-47,31,20,-4,6,30,4,-68,-230,-34,3,26,78,-42,15,11,-31,1,15,-57,-19,32,10,-50,-42,10,16,0,50,108,104,45,194,-75,-45,-34,51,-38,46,25,-30,-61,64,87,5,78,10,-54,10,10,-20,0,-40,30,-60,-90,30,30,70,90,-40,20,20,-20,-10,-30,-50,-20,130,90,10,20,20,150,20,10,40,-40,-80,-80,40
1153,-70,-134,80,210,-10,-6,-47,-36,15,-19,-80,-103,37,-50,-46,-80,2,-67,-34,-47,31,20,-4,6,30,4,-68,-230,-34,3,26,78,-42,15,11,-31,1,15,-57,-19,32,10,-50,-42,10,16,0,50,108,104,45,194,-75,-45,-34,51,-38,46,25,-30,-61,64,87,5,78,10,-54,10,10,-20,0,-40,30,-60,-90,30,30,70,90,-40,20,20,-20,-10,-30,-50,-20,130,90,10,20,20,150,20,10,40,-40,-80,-80,40,-130
1154,-134,80,210,-10,-6,-47,-36,15,-19,-80,-103,37,-50,-46,-80,2,-67,-34,-47,31,20,-4,6,30,4,-68,-230,-34,3,26,78,-42,15,11,-31,1,15,-57,-19,32,10,-50,-42,10,16,0,50,108,104,45,194,-75,-45,-34,51,-38,46,25,-30,-61,64,87,5,78,10,-54,10,10,-20,0,-40,30,-60,-90,30,30,70,90,-40,20,20,-20,-10,-30,-50,-20,130,90,10,20,20,150,20,10,40,-40,-80,-80,40,-130,-30
1155,80,210,-10,-6,-47,-36,15,-19,-80,-103,37,-50,-46,-80,2,-67,-34,-47,31,20,-4,6,30,4,-68,-230,-34,3,26,78,-42,15,11,-31,1,15,-57,-19,32,10,-50,-42,10,16,0,50,108,104,45,194,-75,-45,-34,51,-38,46,25,-30,-61,64,87,5,78,10,-54,10,10,-20,0,-40,30,-60,-90,30,30,70,90,-40,20,20,-20,-10,-30,-50,-20,130,90,10,20,20,150,20,10,40,-40,-80,-80,40,-130,-30,-70
1156,210,-10,-6,-47,-36,15,-19,-80,-103,37,-50,-46,-80,2,-67,-34,-47,31,20,-4,6,30,4,-68,-230,-34,3,26,78,-42,15,11,-31,1,15,-57,-19,32,10,-50,-42,10,16,0,50,108,104,45,194,-75,-45,-34,51,-38,46,25,-30,-61,64,87,5,78,10,-54,10,10,-20,0,-40,30,-60,-90,30,30,70,90,-40,20,20,-20,-10,-30,-50,-20,130,90,10,20,20,150,20,10,40,-40,-80,-80,40,-130,-30,-70,-100
1157,-10,-6,-47,-36,15,-19,-80,-103,37,-50,-46,-80,2,-67,-34,-47,31,20,-4,6,30,4,-68,-230,-34,3,26,78,-42,15,11,-31,1,15,-57,-19,32,10,-50,-42,10,16,0,50,108,104,45,194,-75,-45,-34,51,-38,46,25,-30,-61,64,87,5,78,10,-54,10,10,-20,0,-40,30,-60,-90,30,30,70,90,-40,20,20,-20,-10,-30,-50,-20,130,90,10,20,20,150,20,10,40,-40,-80,-80,40,-130,-30,-70,-100,30
1158,-6,-47,-36,15,-19,-80,-103,37,-50,-46,-80,2,-67,-34,-47,31,20,-4,6,30,4,-68,-230,-34,3,26,78,-42,15,11,-31,1,15,-57,-19,32,10,-50,-42,10,16,0,50,108,104,45,194,-75,-45,-34,51,-38,46,25,-30,-61,64,87,5,78,10,-54,10,10,-20,0,-40,30,-60,-90,30,30,70,90,-40,20,20,-20,-10,-30,-50,-20,130,90,10,20,20,150,20,10,40,-40,-80,-80,40,-130,-30,-70,-100,30,10
1159,-47,-36,15,-19,-80,-103,37,-50,-46,-80,2,-67,-34,-47,31,20,-4,6,30,4,-68,-230,-34,3,26,78,-42,15,11,-31,1,15,-57,-19,32,10,-50,-42,10,16,0,50,108,104,45,194,-75,-45,-34,51,-38,46,25,-30,-61,64,87,5,78,10,-54,10,10,-20,0,-40,30,-60,-90,30,30,70,90,-40,20,20,-20,-10,-30,-50,-20,130,90,10,20,20,150,20,10,40,-40,-80,-80,40,-130,-30,-70,-100,30,10,0
1160,-36,15,-19,-80,-103,37,-50,-46,-80,2,-67,-34,-47,31,20,-4,6,30,4,-68,-230,-34,3,26,78,-42,15,11,-31,1,15,-57,-19,32,10,-50,-42,10,16,0,50,108,104,45,194,-75,-45,-34,51,-38,46,25,-30,-61,64,87,5,78,10,-54,10,10,-20,0,-40,30,-60,-90,30,30,70,90,-40,20,20,-20,-10,-30,-50,-20,130,90,10,20,20,150,20,10,40,-40,-80,-80,40,-130,-30,-70,-100,30,10,0,-70
1161,15,-19,-80,-103,37,-50,-46,-80,2,-67,-34,-47,31,20,-4,6,30,4,-68,-230,-34,3,26,78,-42,15,11,-31,1,15,-57,-19,32,10,-50,-42,10,16,0,50,108,104,45,194,-75,-45,-34,51,-38,46,25,-30,-61,64,87,5,78,10,-54,10,10,-20,0,-40,30,-60,-90,30,30,70,90,-40,20,20,-20,-10,-30,-50,-20,130,90,10,20,20,150,20,10,40,-40,-80,-80,40,-130,-30,-70,-100,30,10,0,-70,-40
1162,-19,-80,-103,37,-50,-46,-80,2,-67,-34,-47,31,20,-4,6,30,4,-68,-230,-34,3,26,78,-42,15,11,-31,1,15,-57,-19,32,10,-50,-42,10,16,0,50,108,104,45,194,-75,-45,-34,51,-38,46,25,-30,-61,64,87,5,78,10,-54,10,10,-20,0,-40,30,-60,-90,30,30,70,90,-40,20,20,-20,-10,-30,-50,-20,130,90,10,20,20,150,20,10,40,-40,-80,-80,40,-130,-30,-70,-100,30,10,0,-70,-40,-50
1163,-80,-103,37,-50,-46,-80,2,-67,-34,-47,31,20,-4,6,30,4,-68,-230,-34,3,26,78,-42,15,11,-31,1,15,-57,-19,32,10,-50,-42,10,16,0,50,108,104,45,194,-75,-45,-34,51,-38,46,25,-30,-61,64,87,5,78,10,-54,10,10,-20,0,-40,30,-60,-90,30,30,70,90,-40,20,20,-20,-10,-30,-50,-20,130,90,10,20,20,150,20,10,40,-40,-80,-80,40,-130,-30,-70,-100,30,10,0,-70,-40,-50,-40
1164,-103,37,-50,-46,-80,2,-67,-34,-47,31,20,-4,6,30,4,-68,-230,-34,3,26,78,-42,15,11,-31,1,15,-57,-19,32,10,-50,-42,10,16,0,50,108,104,45,194,-75,-45,-34,51,-38,46,25,-30,-61,64,87,5,78,10,-54,10,10,-20,0,-40,30,-60,-90,30,30,70,90,-40,20,20,-20,-10,-30,-50,-20,130,90,10,20,20,150,20,10,40,-40,-80,-80,40,-130,-30,-70,-100,30,10,0,-70,-40,-50,-40,-60
1165,37,-50,-46,-80,2,-67,-34,-47,31,20,-4,6,30,4,-68,-230,-34,3,26,78,-42,15,11,-31,1,15,-57,-19,32,10,-50,-42,10,16,0,50,108,104,45,194,-75,-45,-34,51,-38,46,25,-30,-61,64,87,5,78,10,-54,10,10,-20,0,-40,30,-60,-90,30,30,70,90,-40,20,20,-20,-10,-30,-50,-20,130,90,10,20,20,150,20,10,40,-40,-80,-80,40,-130,-30,-70,-100,30,10,0,-70,-40,-50,-40,-60,-60
1166,-50,-46,-80,2,-67,-34,-47,31,20,-4,6,30,4,-68,-230,-34,3,26,78,-42,15,11,-31,1,15,-57,-19,32,10,-50,-42,10,16,0,50,108,104,45,194,-75,-45,-34,51,-38,46,25,-30,-61,64,87,5,78,10,-54,10,10,-20,0,-40,30,-60,-90,30,30,70,90,-40,20,20,-20,-10,-30,-50,-20,130,90,10,20,20,150,20,10,40,-40,-80,-80,40,-130,-30,-70,-100,30,10,0,-70,-40,-50,-40,-60,-60,0
1167,-46,-80,2,-67,-34,-47,31,20,-4,6,30,4,-68,-230,-34,3,26,78,-42,15,11,-31,1,15,-57,-19,32,10,-50,-42,10,16,0,50,108,104,45,194,-75,-45,-34,51,-38,46,25,-30,-61,64,87,5,78,10,-54,10,10,-20,0,-40,30,-60,-90,30,30,70,90,-40,20,20,-20,-10,-30,-50,-20,130,90,10,20,20,150,20,10,40,-40,-80,-80,40,-130,-30,-70,-100,30,10,0,-70,-40,-50,-40,-60,-60,0,10
1168,-80,2,-67,-34,-47,31,20,-4,6,30,4,-68,-230,-34,3,26,78,-42,15,11,-31,1,15,-57,-19,32,10,-50,-42,10,16,0,50,108,104,45,194,-75,-45,-34,51,-38,46,25,-30,-61,64,87,5,78,10,-54,10,10,-20,0,-40,30,-60,-90,30,30,70,90,-40,20,20,-20,-10,-30,-50,-20,130,90,10,20,20,150,20,10,40,-40,-80,-80,40,-130,-30,-70,-100,30,10,0,-70,-40,-50,-40,-60,-60,0,10,-20
1169,2,-67,-34,-47,31,20,-4,6,30,4,-68,-230,-34,3,26,78,-42,15,11,-31,1,15,-57,-19,32,10,-50,-42,10,16,0,50,108,104,45,194,-75,-45,-34,51,-38,46,25,-30,-61,64,87,5,78,10,-54,10,10,-20,0,-40,30,-60,-90,30,30,70,90,-40,20,20,-20,-10,-30,-50,-20,130,90,10,20,20,150,20,10,40,-40,-80,-80,40,-130,-30,-70,-100,30,10,0,-70,-40,-50,-40,-60,-60,0,10,-20,20
1170,-67,-34,-47,31,20,-4,6,30,4,-68,-230,-34,3,26,78,-42,15,11,-31,1,15,-57,-19,32,10,-50,-42,10,16,0,50,108,104,45,194,-75,-45,-34,51,-38,46,25,-30,-61,64,87,5,78,10,-54,10,10,-20,0,-40,30,-60,-90,30,30,70,90,-40,20,20,-20,-10,-30,-50,-20,130,90,10,20,20,150,20,10,40,-40,-80,-80,40,-130,-30,-70,-100,30,10,0,-70,-40,-50,-40,-60,-60,0,10,-20,20,20
1171,-34,-47,31,20,-4,6,30,4,-68,-230,-34,3,26,78,-42,15,11,-31,1,15,-57,-19,32,10,-50,-42,10,16,0,50,108,104,45,194,-75,-45,-34,51,-38,46,25,-30,-61,64,87,5,78,10,-54,10,10,-20,0,-40,30,-60,-90,30,30,70,90,-40,20,20,-20,-10,-30,-50,-20,130,90,10,20,20,150,20,10,40,-40,-80,-80,40,-130,-30,-70,-100,30,10,0,-70,-40,-50,-40,-60,-60,0,10,-20,20,20,10
1172,-47,31,20,-4,6,30,4,-68,-230,-34,3,26,78,-42,15,11,-31,1,15,-57,-19,32,10,-50,-42,10,16,0,50,108,104,45,194,-75,-45,-34,51,-38,46,25,-30,-61,64,87,5,78,10,-54,10,10,-20,0,-40,30,-60,-90,30,30,70,90,-40,20,20,-20,-10,-30,-50,-20,130,90,10,20,20,150,20,10,40,-40,-80,-80,40,-130,-30,-70,-100,30,10,0,-70,-40,-50,-40,-60,-60,0,10,-20,20,20,10,0
1173,31,20,-4,6,30,4,-68,-230,-34,3,26,78,-42,15,11,-31,1,15,-57,-19,32,10,-50,-42,10,16,0,50,108,104,45,194,-75,-45,-34,51,-38,46,25,-30,-61,64,87,5,78,10,-54,10,10,-20,0,-40,30,-60,-90,30,30,70,90,-40,20,20,-20,-10,-30,-50,-20,130,90,10,20,20,150,20,10,40,-40,-80,-80,40,-130,-30,-70,-100,30,10,0,-70,-40,-50,-40,-60,-60,0,10,-20,20,20,10,0,20
1174,20,-4,6,30,4,-68,-230,-34,3,26,78,-42,15,11,-31,1,15,-57,-19,32,10,-50,-42,10,16,0,50,108,104,45,194,-75,-45,-34,51,-38,46,25,-30,-61,64,87,5,78,10,-54,10,10,-20,0,-40,30,-60,-90,30,30,70,90,-40,20,20,-20,-10,-30,-50,-20,130,90,10,20,20,150,20,10,40,-40,-80,-80,40,-130,-30,-70,-100,30,10,0,-70,-40,-50,-40,-60,-60,0,10,-20,20,20,10,0,20,80
1175,-4,6,30,4,-68,-230,-34,3,26,78,-42,15,11,-31,1,15,-57,-19,32,10,-50,-42,10,16,0,50,108,104,45,194,-75,-45,-34,51,-38,46,25,-30,-61,64,87,5,78,10,-54,10,10,-20,0,-40,30,-60,-90,30,30,70,90,-40,20,20,-20,-10,-30,-50,-20,130,90,10,20,20,150,20,10,40,-40,-80,-80,40,-130,-30,-70,-100,30,10,0,-70,-40,-50,-40,-60,-60,0,10,-20,20,20,10,0,20,80,-50
1176,6,30,4,-68,-230,-34,3,26,78,-42,15,11,-31,1,15,-57,-19,32,10,-50,-42,10,16,0,50,108,104,45,194,-75,-45,-34,51,-38,46,25,-30,-61,64,87,5,78,10,-54,10,10,-20,0,-40,30,-60,-90,30,30,70,90,-40,20,20,-20,-10,-30,-50,-20,130,90,10,20,20,150,20,10,40,-40,-80,-80,40,-130,-30,-70,-100,30,10,0,-70,-40,-50,-40,-60,-60,0,10,-20,20,20,10,0,20,80,-50,-70
1177,30,4,-68,-230,-34,3,26,78,-42,15,11,-31,1,15,-57,-19,32,10,-50,-42,10,16,0,50,108,104,45,194,-75,-45,-34,51,-38,46,25,-30,-61,64,87,5,78,10,-54,10,10,-20,0,-40,30,-60,-90,30,30,70,90,-40,20,20,-20,-10,-30,-50,-20,130,90,10,20,20,150,20,10,40,-40,-80,-80,40,-130,-30,-70,-100,30,10,0,-70,-40,-50,-40,-60,-60,0,10,-20,20,20,10,0,20,80,-50,-70,10
1178,4,-68,-230,-34,3,26,78,-42,15,11,-31,1,15,-57,-19,32,10,-50,-42,10,16,0,50,108,104,45,194,-75,-45,-34,51,-38,46,25,-30,-61,64,87,5,78,10,-54,10,10,-20,0,-40,30,-60,-90,30,30,70,90,-40,20,20,-20,-10,-30,-50,-20,130,90,10,20,20,150,20,10,40,-40,-80,-80,40,-130,-30,-70,-100,30,10,0,-70,-40,-50,-40,-60,-60,0,10,-20,20,20,10,0,20,80,-50,-70,10,190
1179,-68,-230,-34,3,26,78,-42,15,11,-31,1,15,-57,-19,32,10,-50,-42,10,16,0,50,108,104,45,194,-75,-45,-34,51,-38,46,25,-30,-61,64,87,5,78,10,-54,10,10,-20,0,-40,30,-60,-90,30,30,70,90,-40,20,20,-20,-10,-30,-50,-20,130,90,10,20,20,150,20,10,40,-40,-80,-80,40,-130,-30,-70,-100,30,10,0,-70,-40,-50,-40,-60,-60,0,10,-20,20,20,10,0,20,80,-50,-70,10,190,-20
1180,-230,-34,3,26,78,-42,15,11,-31,1,15,-57,-19,32,10,-50,-42,10,16,0,50,108,104,45,194,-75,-45,-34,51,-38,46,25,-30,-61,64,87,5,78,10,-54,10,10,-20,0,-40,30,-60,-90,30,30,70,90,-40,20,20,-20,-10,-30,-50,-20,130,90,10,20,20,150,20,10,40,-40,-80,-80,40,-130,-30,-70,-100,30,10,0,-70,-40,-50,-40,-60,-60,0,10,-20,20,20,10,0,20,80,-50,-70,10,190,-20,40
1181,-34,3,26,78,-42,15,11,-31,1,15,-57,-19,32,10,-50,-42,10,16,0,50,108,104,45,194,-75,-45,-34,51,-38,46,25,-30,-61,64,87,5,78,10,-54,10,10,-20,0,-40,30,-60,-90,30,30,70,90,-40,20,20,-20,-10,-30,-50,-20,130,90,10,20,20,150,20,10,40,-40,-80,-80,40,-130,-30,-70,-100,30,10,0,-70,-40,-50,-40,-60,-60,0,10,-20,20,20,10,0,20,80,-50,-70,10,190,-20,40,130
1182,3,26,78,-42,15,11,-31,1,15,-57,-19,32,10,-50,-42,10,16,0,50,108,104,45,194,-75,-45,-34,51,-38,46,25,-30,-61,64,87,5,78,10,-54,10,10,-20,0,-40,30,-60,-90,30,30,70,90,-40,20,20,-20,-10,-30,-50,-20,130,90,10,20,20,150,20,10,40,-40,-80,-80,40,-130,-30,-70,-100,30,10,0,-70,-40,-50,-40,-60,-60,0,10,-20,20,20,10,0,20,80,-50,-70,10,190,-20,40,130,0
1183,26,78,-42,15,11,-31,1,15,-57,-19,32,10,-50,-42,10,16,0,50,108,104,45,194,-75,-45,-34,51,-38,46,25,-30,-61,64,87,5,78,10,-54,10,10,-20,0,-40,30,-60,-90,30,30,70,90,-40,20,20,-20,-10,-30,-50,-20,130,90,10,20,20,150,20,10,40,-40,-80,-80,40,-130,-30,-70,-100,30,10,0,-70,-40,-50,-40,-60,-60,0,10,-20,20,20,10,0,20,80,-50,-70,10,190,-20,40,130,0,10
1184,78,-42,15,11,-31,1,15,-57,-19,32,10,-50,-42,10,16,0,50,108,104,45,194,-75,-45,-34,51,-38,46,25,-30,-61,64,87,5,78,10,-54,10,10,-20,0,-40,30,-60,-90,30,30,70,90,-40,20,20,-20,-10,-30,-50,-20,130,90,10,20,20,150,20,10,40,-40,-80,-80,40,-130,-30,-70,-100,30,10,0,-70,-40,-50,-40,-60,-60,0,10,-20,20,20,10,0,20,80,-50,-70,10,190,-20,40,130,0,10,20
1185,-42,15,11,-31,1,15,-57,-19,32,10,-50,-42,10,16,0,50,108,104,45,194,-75,-45,-34,51,-38,46,25,-30,-61,64,87,5,78,10,-54,10,10,-20,0,-40,30,-60,-90,30,30,70,90,-40,20,20,-20,-10,-30,-50,-20,130,90,10,20,20,150,20,10,40,-40,-80,-80,40,-130,-30,-70,-100,30,10,0,-70,-40,-50,-40,-60,-60,0,10,-20,20,20,10,0,20,80,-50,-70,10,190,-20,40,130,0,10,20,40
1186,15,11,-31,1,15,-57,-19,32,10,-50,-42,10,16,0,50,108,104,45,194,-75,-45,-34,51,-38,46,25,-30,-61,64,87,5,78,10,-54,10,10,-20,0,-40,30,-60,-90,30,30,70,90,-40,20,20,-20,-10,-30,-50,-20,130,90,10,20,20,150,20,10,40,-40,-80,-80,40,-130,-30,-70,-100,30,10,0,-70,-40,-50,-40,-60,-60,0,10,-20,20,20,10,0,20,80,-50,-70,10,190,-20,40,130,0,10,20,40,-140
1187,11,-31,1,15,-57,-19,32,10,-50,-42,10,16,0,50,108,104,45,194,-75,-45,-34,51,-38,46,25,-30,-61,64,87,5,78,10,-54,10,10,-20,0,-40,30,-60,-90,30,30,70,90,-40,20,20,-20,-10,-30,-50,-20,130,90,10,20,20,150,20,10,40,-40,-80,-80,40,-130,-30,-70,-100,30,10,0,-70,-40,-50,-40,-60,-60,0,10,-20,20,20,10,0,20,80,-50,-70,10,190,-20,40,130,0,10,20,40,-140,-130
1188,-31,1,15,-57,-19,32,10,-50,-42,10,16,0,50,108,104,45,194,-75,-45,-34,51,-38,46,25,-30,-61,64,87,5,78,10,-54,10,10,-20,0,-40,30,-60,-90,30,30,70,90,-40,20,20,-20,-10,-30,-50,-20,130,90,10,20,20,150,20,10,40,-40,-80,-80,40,-130,-30,-70,-100,30,10,0,-70,-40,-50,-40,-60,-60,0,10,-20,20,20,10,0,20,80,-50,-70,10,190,-20,40,130,0,10,20,40,-140,-130,-60
1189,1,15,-57,-19,32,10,-50,-42,10,16,0,50,108,104,45,194,-75,-45,-34,51,-38,46,25,-30,-61,64,87,5,78,10,-54,10,10,-20,0,-40,30,-60,-90,30,30,70,90,-40,20,20,-20,-10,-30,-50,-20,130,90,10,20,20,150,20,10,40,-40,-80,-80,40,-130,-30,-70,-100,30,10,0,-70,-40,-50,-40,-60,-60,0,10,-20,20,20,10,0,20,80,-50,-70,10,190,-20,40,130,0,10,20,40,-140,-130,-60,-40
1190,15,-57,-19,32,10,-50,-42,10,16,0,50,108,104,45,194,-75,-45,-34,51,-38,46,25,-30,-61,64,87,5,78,10,-54,10,10,-20,0,-40,30,-60,-90,30,30,70,90,-40,20,20,-20,-10,-30,-50,-20,130,90,10,20,20,150,20,10,40,-40,-80,-80,40,-130,-30,-70,-100,30,10,0,-70,-40,-50,-40,-60,-60,0,10,-20,20,20,10,0,20,80,-50,-70,10,190,-20,40,130,0,10,20,40,-140,-130,-60,-40,60
1191,-57,-19,32,10,-50,-42,10,16,0,50,108,104,45,194,-75,-45,-34,51,-38,46,25,-30,-61,64,87,5,78,10,-54,10,10,-20,0,-40,30,-60,-90,30,30,70,90,-40,20,20,-20,-10,-30,-50,-20,130,90,10,20,20,150,20,10,40,-40,-80,-80,40,-130,-30,-70,-100,30,10,0,-70,-40,-50,-40,-60,-60,0,10,-20,20,20,10,0,20,80,-50,-70,10,190,-20,40,130,0,10,20,40,-140,-130,-60,-40,60,70
1192,-19,32,10,-50,-42,10,16,0,50,108,104,45,194,-75,-45,-34,51,-38,46,25,-30,-61,64,87,5,78,10,-54,10,10,-20,0,-40,30,-60,-90,30,30,70,90,-40,20,20,-20,-10,-30,-50,-20,130,90,10,20,20,150,20,10,40,-40,-80,-80,40,-130,-30,-70,-100,30,10,0,-70,-40,-50,-40,-60,-60,0,10,-20,20,20,10,0,20,80,-50,-70,10,190,-20,40,130,0,10,20,40,-140,-130,-60,-40,60,70,30
1193,32,10,-50,-42,10,16,0,50,108,104,45,194,-75,-45,-34,51,-38,46,25,-30,-61,64,87,5,78,10,-54,10,10,-20,0,-40,30,-60,-90,30,30,70,90,-40,20,20,-20,-10,-30,-50,-20,130,90,10,20,20,150,20,10,40,-40,-80,-80,40,-130,-30,-70,-100,30,10,0,-70,-40,-50,-40,-60,-60,0,10,-20,20,20,10,0,20,80,-50,-70,10,190,-20,40,130,0,10,20,40,-140,-130,-60,-40,60,70,30,10
1194,10,-50,-42,10,16,0,50,108,104,45,194,-75,-45,-34,51,-38,46,25,-30,-61,64,87,5,78,10,-54,10,10,-20,0,-40,30,-60,-90,30,30,70,90,-40,20,20,-20,-10,-30,-50,-20,130,90,10,20,20,150,20,10,40,-40,-80,-80,40,-130,-30,-70,-100,30,10,0,-70,-40,-50,-40,-60,-60,0,10,-20,20,20,10,0,20,80,-50,-70,10,190,-20,40,130,0,10,20,40,-140,-130,-60,-40,60,70,30,10,10
1195,-50,-42,10,16,0,50,108,104,45,194,-75,-45,-34,51,-38,46,25,-30,-61,64,87,5,78,10,-54,10,10,-20,0,-40,30,-60,-90,30,30,70,90,-40,20,20,-20,-10,-30,-50,-20,130,90,10,20,20,150,20,10,40,-40,-80,-80,40,-130,-30,-70,-100,30,10,0,-70,-40,-50,-40,-60,-60,0,10,-20,20,20,10,0,20,80,-50,-70,10,190,-20,40,130,0,10,20,40,-140,-130,-60,-40,60,70,30,10,10,-40
1196,-42,10,16,0,50,108,104,45,194,-75,-45,-34,51,-38,46,25,-30,-61,64,87,5,78,10,-54,10,10,-20,0,-40,30,-60,-90,30,30,70,90,-40,20,20,-20,-10,-30,-50,-20,130,90,10,20,20,150,20,10,40,-40,-80,-80,40,-130,-30,-70,-100,30,10,0,-70,-40,-50,-40,-60,-60,0,10,-20,20,20,10,0,20,80,-50,-70,10,190,-20,40,130,0,10,20,40,-140,-130,-60,-40,60,70,30,10,10,-40,50
1197,10,16,0,50,108,104,45,194,-75,-45,-34,51,-38,46,25,-30,-61,64,87,5,78,10,-54,10,10,-20,0,-40,30,-60,-90,30,30,70,90,-40,20,20,-20,-10,-30,-50,-20,130,90,10,20,20,150,20,10,40,-40,-80,-80,40,-130,-30,-70,-100,30,10,0,-70,-40,-50,-40,-60,-60,0,10,-20,20,20,10,0,20,80,-50,-70,10,190,-20,40,130,0,10,20,40,-140,-130,-60,-40,60,70,30,10,10,-40,50,10
1198,16,0,50,108,104,45,194,-75,-45,-34,51,-38,46,25,-30,-61,64,87,5,78,10,-54,10,10,-20,0,-40,30,-60,-90,30,30,70,90,-40,20,20,-20,-10,-30,-50,-20,130,90,10,20,20,150,20,10,40,-40,-80,-80,40,-130,-30,-70,-100,30,10,0,-70,-40,-50,-40,-60,-60,0,10,-20,20,20,10,0,20,80,-50,-70,10,190,-20,40,130,0,10,20,40,-140,-130,-60,-40,60,70,30,10,10,-40,50,10,60
1199,0,50,108,104,45,194,-75,-45,-34,51,-38,46,25,-30,-61,64,87,5,78,10,-54,10,10,-20,0,-40,30,-60,-90,30,30,70,90,-40,20,20,-20,-10,-30,-50,-20,130,90,10,20,20,150,20,10,40,-40,-80,-80,40,-130,-30,-70,-100,30,10,0,-70,-40,-50,-40,-60,-60,0,10,-20,20,20,10,0,20,80,-50,-70,10,190,-20,40,130,0,10,20,40,-140,-130,-60,-40,60,70,30,10,10,-40,50,10,60,40
1200,50,108,104,45,194,-75,-45,-34,51,-38,46,25,-30,-61,64,87,5,78,10,-54,10,10,-20,0,-40,30,-60,-90,30,30,70,90,-40,20,20,-20,-10,-30,-50,-20,130,90,10,20,20,150,20,10,40,-40,-80,-80,40,-130,-30,-70,-100,30,10,0,-70,-40,-50,-40,-60,-60,0,10,-20,20,20,10,0,20,80,-50,-70,10,190,-20,40,130,0,10,20,40,-140,-130,-60,-40,60,70,30,10,10,-40,50,10,60,40,20
1201,108,104,45,194,-75,-45,-34,51,-38,46,25,-30,-61,64,87,5,78,10,-54,10,10,-20,0,-40,30,-60,-90,30,30,70,90,-40,20,20,-20,-10,-30,-50,-20,130,90,10,20,20,150,20,10,40,-40,-80,-80,40,-130,-30,-70,-100,30,10,0,-70,-40,-50,-40,-60,-60,0,10,-20,20,20,10,0,20,80,-50,-70,10,190,-20,40,130,0,10,20,40,-140,-130,-60,-40,60,70,30,10,10,-40,50,10,60,40,20,60
1202,104,45,194,-75,-45,-34,51,-38,46,25,-30,-61,64,87,5,78,10,-54,10,10,-20,0,-40,30,-60,-90,30,30,70,90,-40,20,20,-20,-10,-30,-50,-20,130,90,10,20,20,150,20,10,40,-40,-80,-80,40,-130,-30,-70,-100,30,10,0,-70,-40,-50,-40,-60,-60,0,10,-20,20,20,10,0,20,80,-50,-70,10,190,-20,40,130,0,10,20,40,-140,-130,-60,-40,60,70,30,10,10,-40,50,10,60,40,20,60,60
1203,45,194,-75,-45,-34,51,-38,46,25,-30,-61,64,87,5,78,10,-54,10,10,-20,0,-40,30,-60,-90,30,30,70,90,-40,20,20,-20,-10,-30,-50,-20,130,90,10,20,20,150,20,10,40,-40,-80,-80,40,-130,-30,-70,-100,30,10,0,-70,-40,-50,-40,-60,-60,0,10,-20,20,20,10,0,20,80,-50,-70,10,190,-20,40,130,0,10,20,40,-140,-130,-60,-40,60,70,30,10,10,-40,50,10,60,40,20,60,60,-40
1204,194,-75,-45,-34,51,-38,46,25,-30,-61,64,87,5,78,10,-54,10,10,-20,0,-40,30,-60,-90,30,30,70,90,-40,20,20,-20,-10,-30,-50,-20,130,90,10,20,20,150,20,10,40,-40,-80,-80,40,-130,-30,-70,-100,30,10,0,-70,-40,-50,-40,-60,-60,0,10,-20,20,20,10,0,20,80,-50,-70,10,190,-20,40,130,0,10,20,40,-140,-130,-60,-40,60,70,30,10,10,-40,50,10,60,40,20,60,60,-40,20
1205,-75,-45,-34,51,-38,46,25,-30,-61,64,87,5,78,10,-54,10,10,-20,0,-40,30,-60,-90,30,30,70,90,-40,20,20,-20,-10,-30,-50,-20,130,90,10,20,20,150,20,10,40,-40,-80,-80,40,-130,-30,-70,-100,30,10,0,-70,-40,-50,-40,-60,-60,0,10,-20,20,20,10,0,20,80,-50,-70,10,190,-20,40,130,0,10,20,40,-140,-130,-60,-40,60,70,30,10,10,-40,50,10,60,40,20,60,60,-40,20,100
1206,-45,-34,51,-38,46,25,-30,-61,64,87,5,78,10,-54,10,10,-20,0,-40,30,-60,-90,30,30,70,90,-40,20,20,-20,-10,-30,-50,-20,130,90,10,20,20,150,20,10,40,-40,-80,-80,40,-130,-30,-70,-100,30,10,0,-70,-40,-50,-40,-60,-60,0,10,-20,20,20,10,0,20,80,-50,-70,10,190,-20,40,130,0,10,20,40,-140,-130,-60,-40,60,70,30,10,10,-40,50,10,60,40,20,60,60,-40,20,100,40
1207,-34,51,-38,46,25,-30,-61,64,87,5,78,10,-54,10,10,-20,0,-40,30,-60,-90,30,30,70,90,-40,20,20,-20,-10,-30,-50,-20,130,90,10,20,20,150,20,10,40,-40,-80,-80,40,-130,-30,-70,-100,30,10,0,-70,-40,-50,-40,-60,-60,0,10,-20,20,20,10,0,20,80,-50,-70,10,190,-20,40,130,0,10,20,40,-140,-130,-60,-40,60,70,30,10,10,-40,50,10,60,40,20,60,60,-40,20,100,40,-10
1208,51,-38,46,25,-30,-61,64,87,5,78,10,-54,10,10,-20,0,-40,30,-60,-90,30,30,70,90,-40,20,20,-20,-10,-30,-50,-20,130,90,10,20,20,150,20,10,40,-40,-80,-80,40,-130,-30,-70,-100,30,10,0,-70,-40,-50,-40,-60,-60,0,10,-20,20,20,10,0,20,80,-50,-70,10,190,-20,40,130,0,10,20,40,-140,-130,-60,-40,60,70,30,10,10,-40,50,10,60,40,20,60,60,-40,20,100,40,-10,-10
1209,-38,46,25,-30,-61,64,87,5,78,10,-54,10,10,-20,0,-40,30,-60,-90,30,30,70,90,-40,20,20,-20,-10,-30,-50,-20,130,90,10,20,20,150,20,10,40,-40,-80,-80,40,-130,-30,-70,-100,30,10,0,-70,-40,-50,-40,-60,-60,0,10,-20,20,20,10,0,20,80,-50,-70,10,190,-20,40,130,0,10,20,40,-140,-130,-60,-40,60,70,30,10,10,-40,50,10,60,40,20,60,60,-40,20,100,40,-10,-10,-50
1210,46,25,-30,-61,64,87,5,78,10,-54,10,10,-20,0,-40,30,-60,-90,30,30,70,90,-40,20,20,-20,-10,-30,-50,-20,130,90,10,20,20,150,20,10,40,-40,-80,-80,40,-130,-30,-70,-100,30,10,0,-70,-40,-50,-40,-60,-60,0,10,-20,20,20,10,0,20,80,-50,-70,10,190,-20,40,130,0,10,20,40,-140,-130,-60,-40,60,70,30,10,10,-40,50,10,60,40,20,60,60,-40,20,100,40,-10,-10,-50,-10
1211,25,-30,-61,64,87,5,78,10,-54,10,10,-20,0,-40,30,-60,-90,30,30,70,90,-40,20,20,-20,-10,-30,-50,-20,130,90,10,20,20,150,20,10,40,-40,-80,-80,40,-130,-30,-70,-100,30,10,0,-70,-40,-50,-40,-60,-60,0,10,-20,20,20,10,0,20,80,-50,-70,10,190,-20,40,130,0,10,20,40,-140,-130,-60,-40,60,70,30,10,10,-40,50,10,60,40,20,60,60,-40,20,100,40,-10,-10,-50,-10,-40
1212,-30,-61,64,87,5,78,10,-54,10,10,-20,0,-40,30,-60,-90,30,30,70,90,-40,20,20,-20,-10,-30,-50,-20,130,90,10,20,20,150,20,10,40,-40,-80,-80,40,-130,-30,-70,-100,30,10,0,-70,-40,-50,-40,-60,-60,0,10,-20,20,20,10,0,20,80,-50,-70,10,190,-20,40,130,0,10,20,40,-140,-130,-60,-40,60,70,30,10,10,-40,50,10,60,40,20,60,60,-40,20,100,40,-10,-10,-50,-10,-40,0
1213,-61,64,87,5,78,10,-54,10,10,-20,0,-40,30,-60,-90,30,30,70,90,-40,20,20,-20,-10,-30,-50,-20,130,90,10,20,20,150,20,10,40,-40,-80,-80,40,-130,-30,-70,-100,30,10,0,-70,-40,-50,-40,-60,-60,0,10,-20,20,20,10,0,20,80,-50,-70,10,190,-20,40,130,0,10,20,40,-140,-130,-60,-40,60,70,30,10,10,-40,50,10,60,40,20,60,60,-40,20,100,40,-10,-10,-50,-10,-40,0,19
1214,64,87,5,78,10,-54,10,10,-20,0,-40,30,-60,-90,30,30,70,90,-40,20,20,-20,-10,-30,-50,-20,130,90,10,20,20,150,20,10,40,-40,-80,-80,40,-130,-30,-70,-100,30,10,0,-70,-40,-50,-40,-60,-60,0,10,-20,20,20,10,0,20,80,-50,-70,10,190,-20,40,130,0,10,20,40,-140,-130,-60,-40,60,70,30,10,10,-40,50,10,60,40,20,60,60,-40,20,100,40,-10,-10,-50,-10,-40,0,19,88
1215,87,5,78,10,-54,10,10,-20,0,-40,30,-60,-90,30,30,70,90,-40,20,20,-20,-10,-30,-50,-20,130,90,10,20,20,150,20,10,40,-40,-80,-80,40,-130,-30,-70,-100,30,10,0,-70,-40,-50,-40,-60,-60,0,10,-20,20,20,10,0,20,80,-50,-70,10,190,-20,40,130,0,10,20,40,-140,-130,-60,-40,60,70,30,10,10,-40,50,10,60,40,20,60,60,-40,20,100,40,-10,-10,-50,-10,-40,0,19,88,-8
1216,5,78,10,-54,10,10,-20,0,-40,30,-60,-90,30,30,70,90,-40,20,20,-20,-10,-30,-50,-20,130,90,10,20,20,150,20,10,40,-40,-80,-80,40,-130,-30,-70,-100,30,10,0,-70,-40,-50,-40,-60,-60,0,10,-20,20,20,10,0,20,80,-50,-70,10,190,-20,40,130,0,10,20,40,-140,-130,-60,-40,60,70,30,10,10,-40,50,10,60,40,20,60,60,-40,20,100,40,-10,-10,-50,-10,-40,0,19,88,-8,3
1217,78,10,-54,10,10,-20,0,-40,30,-60,-90,30,30,70,90,-40,20,20,-20,-10,-30,-50,-20,130,90,10,20,20,150,20,10,40,-40,-80,-80,40,-130,-30,-70,-100,30,10,0,-70,-40,-50,-40,-60,-60,0,10,-20,20,20,10,0,20,80,-50,-70,10,190,-20,40,130,0,10,20,40,-140,-130,-60,-40,60,70,30,10,10,-40,50,10,60,40,20,60,60,-40,20,100,40,-10,-10,-50,-10,-40,0,19,88,-8,3,96
1218,10,-54,10,10,-20,0,-40,30,-60,-90,30,30,70,90,-40,20,20,-20,-10,-30,-50,-20,130,90,10,20,20,150,20,10,40,-40,-80,-80,40,-130,-30,-70,-100,30,10,0,-70,-40,-50,-40,-60,-60,0,10,-20,20,20,10,0,20,80,-50,-70,10,190,-20,40,130,0,10,20,40,-140,-130,-60,-40,60,70,30,10,10,-40,50,10,60,40,20,60,60,-40,20,100,40,-10,-10,-50,-10,-40,0,19,88,-8,3,96,80
1219,-54,10,10,-20,0,-40,30,-60,-90,30,30,70,90,-40,20,20,-20,-10,-30,-50,-20,130,90,10,20,20,150,20,10,40,-40,-80,-80,40,-130,-30,-70,-100,30,10,0,-70,-40,-50,-40,-60,-60,0,10,-20,20,20,10,0,20,80,-50,-70,10,190,-20,40,130,0,10,20,40,-140,-130,-60,-40,60,70,30,10,10,-40,50,10,60,40,20,60,60,-40,20,100,40,-10,-10,-50,-10,-40,0,19,88,-8,3,96,80,21
1220,10,10,-20,0,-40,30,-60,-90,30,30,70,90,-40,20,20,-20,-10,-30,-50,-20,130,90,10,20,20,150,20,10,40,-40,-80,-80,40,-130,-30,-70,-100,30,10,0,-70,-40,-50,-40,-60,-60,0,10,-20,20,20,10,0,20,80,-50,-70,10,190,-20,40,130,0,10,20,40,-140,-130,-60,-40,60,70,30,10,10,-40,50,10,60,40,20,60,60,-40,20,100,40,-10,-10,-50,-10,-40,0,19,88,-8,3,96,80,21,23
1221,10,-20,0,-40,30,-60,-90,30,30,70,90,-40,20,20,-20,-10,-30,-50,-20,130,90,10,20,20,150,20,10,40,-40,-80,-80,40,-130,-30,-70,-100,30,10,0,-70,-40,-50,-40,-60,-60,0,10,-20,20,20,10,0,20,80,-50,-70,10,190,-20,40,130,0,10,20,40,-140,-130,-60,-40,60,70,30,10,10,-40,50,10,60,40,20,60,60,-40,20,100,40,-10,-10,-50,-10,-40,0,19,88,-8,3,96,80,21,23,-21
1222,-20,0,-40,30,-60,-90,30,30,70,90,-40,20,20,-20,-10,-30,-50,-20,130,90,10,20,20,150,20,10,40,-40,-80,-80,40,-130,-30,-70,-100,30,10,0,-70,-40,-50,-40,-60,-60,0,10,-20,20,20,10,0,20,80,-50,-70,10,190,-20,40,130,0,10,20,40,-140,-130,-60,-40,60,70,30,10,10,-40,50,10,60,40,20,60,60,-40,20,100,40,-10,-10,-50,-10,-40,0,19,88,-8,3,96,80,21,23,-21,9
1223,0,-40,30,-60,-90,30,30,70,90,-40,20,20,-20,-10,-30,-50,-20,130,90,10,20,20,150,20,10,40,-40,-80,-80,40,-130,-30,-70,-100,30,10,0,-70,-40,-50,-40,-60,-60,0,10,-20,20,20,10,0,20,80,-50,-70,10,190,-20,40,130,0,10,20,40,-140,-130,-60,-40,60,70,30,10,10,-40,50,10,60,40,20,60,60,-40,20,100,40,-10,-10,-50,-10,-40,0,19,88,-8,3,96,80,21,23,-21,9,-10
1224,-40,30,-60,-90,30,30,70,90,-40,20,20,-20,-10,-30,-50,-20,130,90,10,20,20,150,20,10,40,-40,-80,-80,40,-130,-30,-70,-100,30,10,0,-70,-40,-50,-40,-60,-60,0,10,-20,20,20,10,0,20,80,-50,-70,10,190,-20,40,130,0,10,20,40,-140,-130,-60,-40,60,70,30,10,10,-40,50,10,60,40,20,60,60,-40,20,100,40,-10,-10,-50,-10,-40,0,19,88,-8,3,96,80,21,23,-21,9,-10,20
1225,30,-60,-90,30,30,70,90,-40,20,20,-20,-10,-30,-50,-20,130,90,10,20,20,150,20,10,40,-40,-80,-80,40,-130,-30,-70,-100,30,10,0,-70,-40,-50,-40,-60,-60,0,10,-20,20,20,10,0,20,80,-50,-70,10,190,-20,40,130,0,10,20,40,-140,-130,-60,-40,60,70,30,10,10,-40,50,10,60,40,20,60,60,-40,20,100,40,-10,-10,-50,-10,-40,0,19,88,-8,3,96,80,21,23,-21,9,-10,20,-27
1226,-60,-90,30,30,70,90,-40,20,20,-20,-10,-30,-50,-20,130,90,10,20,20,150,20,10,40,-40,-80,-80,40,-130,-30,-70,-100,30,10,0,-70,-40,-50,-40,-60,-60,0,10,-20,20,20,10,0,20,80,-50,-70,10,190,-20,40,130,0,10,20,40,-140,-130,-60,-40,60,70,30,10,10,-40,50,10,60,40,20,60,60,-40,20,100,40,-10,-10,-50,-10,-40,0,19,88,-8,3,96,80,21,23,-21,9,-10,20,-27,42
1227,-90,30,30,70,90,-40,20,20,-20,-10,-30,-50,-20,130,90,10,20,20,150,20,10,40,-40,-80,-80,40,-130,-30,-70,-100,30,10,0,-70,-40,-50,-40,-60,-60,0,10,-20,20,20,10,0,20,80,-50,-70,10,190,-20,40,130,0,10,20,40,-140,-130,-60,-40,60,70,30,10,10,-40,50,10,60,40,20,60,60,-40,20,100,40,-10,-10,-50,-10,-40,0,19,88,-8,3,96,80,21,23,-21,9,-10,20,-27,42,65
1228,30,30,70,90,-40,20,20,-20,-10,-30,-50,-20,130,90,10,20,20,150,20,10,40,-40,-80,-80,40,-130,-30,-70,-100,30,10,0,-70,-40,-50,-40,-60,-60,0,10,-20,20,20,10,0,20,80,-50,-70,10,190,-20,40,130,0,10,20,40,-140,-130,-60,-40,60,70,30,10,10,-40,50,10,60,40,20,60,60,-40,20,100,40,-10,-10,-50,-10,-40,0,19,88,-8,3,96,80,21,23,-21,9,-10,20,-27,42,65,43
1229,30,70,90,-40,20,20,-20,-10,-30,-50,-20,130,90,10,20,20,150,20,10,40,-40,-80,-80,40,-130,-30,-70,-100,30,10,0,-70,-40,-50,-40,-60,-60,0,10,-20,20,20,10,0,20,80,-50,-70,10,190,-20,40,130,0,10,20,40,-140,-130,-60,-40,60,70,30,10,10,-40,50,10,60,40,20,60,60,-40,20,100,40,-10,-10,-50,-10,-40,0,19,88,-8,3,96,80,21,23,-21,9,-10,20,-27,42,65,43,94
1230,70,90,-40,20,20,-20,-10,-30,-50,-20,130,90,10,20,20,150,20,10,40,-40,-80,-80,40,-130,-30,-70,-100,30,10,0,-70,-40,-50,-40,-60,-60,0,10,-20,20,20,10,0,20,80,-50,-70,10,190,-20,40,130,0,10,20,40,-140,-130,-60,-40,60,70,30,10,10,-40,50,10,60,40,20,60,60,-40,20,100,40,-10,-10,-50,-10,-40,0,19,88,-8,3,96,80,21,23,-21,9,-10,20,-27,42,65,43,94,22
1231,90,-40,20,20,-20,-10,-30,-50,-20,130,90,10,20,20,150,20,10,40,-40,-80,-80,40,-130,-30,-70,-100,30,10,0,-70,-40,-50,-40,-60,-60,0,10,-20,20,20,10,0,20,80,-50,-70,10,190,-20,40,130,0,10,20,40,-140,-130,-60,-40,60,70,30,10,10,-40,50,10,60,40,20,60,60,-40,20,100,40,-10,-10,-50,-10,-40,0,19,88,-8,3,96,80,21,23,-21,9,-10,20,-27,42,65,43,94,22,0
1232,-40,20,20,-20,-10,-30,-50,-20,130,90,10,20,20,150,20,10,40,-40,-80,-80,40,-130,-30,-70,-100,30,10,0,-70,-40,-50,-40,-60,-60,0,10,-20,20,20,10,0,20,80,-50,-70,10,190,-20,40,130,0,10,20,40,-140,-130,-60,-40,60,70,30,10,10,-40,50,10,60,40,20,60,60,-40,20,100,40,-10,-10,-50,-10,-40,0,19,88,-8,3,96,80,21,23,-21,9,-10,20,-27,42,65,43,94,22,0,0
1233,20,20,-20,-10,-30,-50,-20,130,90,10,20,20,150,20,10,40,-40,-80,-80,40,-130,-30,-70,-100,30,10,0,-70,-40,-50,-40,-60,-60,0,10,-20,20,20,10,0,20,80,-50,-70,10,190,-20,40,130,0,10,20,40,-140,-130,-60,-40,60,70,30,10,10,-40,50,10,60,40,20,60,60,-40,20,100,40,-10,-10,-50,-10,-40,0,19,88,-8,3,96,80,21,23,-21,9,-10,20,-27,42,65,43,94,22,0,0,0
1234,20,-20,-10,-30,-50,-20,130,90,10,20,20,150,20,10,40,-40,-80,-80,40,-130,-30,-70,-100,30,10,0,-70,-40,-50,-40,-60,-60,0,10,-20,20,20,10,0,20,80,-50,-70,10,190,-20,40,130,0,10,20,40,-140,-130,-60,-40,60,70,30,10,10,-40,50,10,60,40,20,60,60,-40,20,100,40,-10,-10,-50,-10,-40,0,19,88,-8,3,96,80,21,23,-21,9,-10,20,-27,42,65,43,94,22,0,0,0,1
1235,-20,-10,-30,-50,-20,130,90,10,20,20,150,20,10,40,-40,-80,-80,40,-130,-30,-70,-100,30,10,0,-70,-40,-50,-40,-60,-60,0,10,-20,20,20,10,0,20,80,-50,-70,10,190,-20,40,130,0,10,20,40,-140,-130,-60,-40,60,70,30,10,10,-40,50,10,60,40,20,60,60,-40,20,100,40,-10,-10,-50,-10,-40,0,19,88,-8,3,96,80,21,23,-21,9,-10,20,-27,42,65,43,94,22,0,0,0,1,-80
1236,-10,-30,-50,-20,130,90,10,20,20,150,20,10,40,-40,-80,-80,40,-130,-30,-70,-100,30,10,0,-70,-40,-50,-40,-60,-60,0,10,-20,20,20,10,0,20,80,-50,-70,10,190,-20,40,130,0,10,20,40,-140,-130,-60,-40,60,70,30,10,10,-40,50,10,60,40,20,60,60,-40,20,100,40,-10,-10,-50,-10,-40,0,19,88,-8,3,96,80,21,23,-21,9,-10,20,-27,42,65,43,94,22,0,0,0,1,-80,-70
