target_index,t-100,t-99,t-98,t-97,t-96,t-95,t-94,t-93,t-92,t-91,t-90,t-89,t-88,t-87,t-86,t-85,t-84,t-83,t-82,t-81,t-80,t-79,t-78,t-77,t-76,t-75,t-74,t-73,t-72,t-71,t-70,t-69,t-68,t-67,t-66,t-65,t-64,t-63,t-62,t-61,t-60,t-59,t-58,t-57,t-56,t-55,t-54,t-53,t-52,t-51,t-50,t-49,t-48,t-47,t-46,t-45,t-44,t-43,t-42,t-41,t-40,t-39,t-38,t-37,t-36,t-35,t-34,t-33,t-32,t-31,t-30,t-29,t-28,t-27,t-26,t-25,t-24,t-23,t-22,t-21,t-20,t-19,t-18,t-17,t-16,t-15,t-14,t-13,t-12,t-11,t-10,t-9,t-8,t-7,t-6,t-5,t-4,t-3,t-2,t-1,target
101,0,-20,0,10,0,-10,0,0,0,20,0,0,0,0,-10,0,0,-20,10,0,0,0,10,0,10,0,0,10,0,0,40,0,0,0,0,-10,0,-20,0,-10,0,-10,-10,0,10,-10,10,0,20,0,0,0,0,20,-30,0,-10,0,0,0,0,-10,0,-10,0,0,-10,0,0,-10,0,0,-10,-10,0,0,-10,0,0,10,20,0,0,0,0,0,-10,10,0,-10,-10,0,10,10,0,0,10,0,10,10,0
102,-20,0,10,0,-10,0,0,0,20,0,0,0,0,-10,0,0,-20,10,0,0,0,10,0,10,0,0,10,0,0,40,0,0,0,0,-10,0,-20,0,-10,0,-10,-10,0,10,-10,10,0,20,0,0,0,0,20,-30,0,-10,0,0,0,0,-10,0,-10,0,0,-10,0,0,-10,0,0,-10,-10,0,0,-10,0,0,10,20,0,0,0,0,0,-10,10,0,-10,-10,0,10,10,0,0,10,0,10,10,0,10
103,0,10,0,-10,0,0,0,20,0,0,0,0,-10,0,0,-20,10,0,0,0,10,0,10,0,0,10,0,0,40,0,0,0,0,-10,0,-20,0,-10,0,-10,-10,0,10,-10,10,0,20,0,0,0,0,20,-30,0,-10,0,0,0,0,-10,0,-10,0,0,-10,0,0,-10,0,0,-10,-10,0,0,-10,0,0,10,20,0,0,0,0,0,-10,10,0,-10,-10,0,10,10,0,0,10,0,10,10,0,10,0
104,10,0,-10,0,0,0,20,0,0,0,0,-10,0,0,-20,10,0,0,0,10,0,10,0,0,10,0,0,40,0,0,0,0,-10,0,-20,0,-10,0,-10,-10,0,10,-10,10,0,20,0,0,0,0,20,-30,0,-10,0,0,0,0,-10,0,-10,0,0,-10,0,0,-10,0,0,-10,-10,0,0,-10,0,0,10,20,0,0,0,0,0,-10,10,0,-10,-10,0,10,10,0,0,10,0,10,10,0,10,0,20
105,0,-10,0,0,0,20,0,0,0,0,-10,0,0,-20,10,0,0,0,10,0,10,0,0,10,0,0,40,0,0,0,0,-10,0,-20,0,-10,0,-10,-10,0,10,-10,10,0,20,0,0,0,0,20,-30,0,-10,0,0,0,0,-10,0,-10,0,0,-10,0,0,-10,0,0,-10,-10,0,0,-10,0,0,10,20,0,0,0,0,0,-10,10,0,-10,-10,0,10,10,0,0,10,0,10,10,0,10,0,20,0
106,-10,0,0,0,20,0,0,0,0,-10,0,0,-20,10,0,0,0,10,0,10,0,0,10,0,0,40,0,0,0,0,-10,0,-20,0,-10,0,-10,-10,0,10,-10,10,0,20,0,0,0,0,20,-30,0,-10,0,0,0,0,-10,0,-10,0,0,-10,0,0,-10,0,0,-10,-10,0,0,-10,0,0,10,20,0,0,0,0,0,-10,10,0,-10,-10,0,10,10,0,0,10,0,10,10,0,10,0,20,0,0
107,0,0,0,20,0,0,0,0,-10,0,0,-20,10,0,0,0,10,0,10,0,0,10,0,0,40,0,0,0,0,-10,0,-20,0,-10,0,-10,-10,0,10,-10,10,0,20,0,0,0,0,20,-30,0,-10,0,0,0,0,-10,0,-10,0,0,-10,0,0,-10,0,0,-10,-10,0,0,-10,0,0,10,20,0,0,0,0,0,-10,10,0,-10,-10,0,10,10,0,0,10,0,10,10,0,10,0,20,0,0,0
108,0,0,20,0,0,0,0,-10,0,0,-20,10,0,0,0,10,0,10,0,0,10,0,0,40,0,0,0,0,-10,0,-20,0,-10,0,-10,-10,0,10,-10,10,0,20,0,0,0,0,20,-30,0,-10,0,0,0,0,-10,0,-10,0,0,-10,0,0,-10,0,0,-10,-10,0,0,-10,0,0,10,20,0,0,0,0,0,-10,10,0,-10,-10,0,10,10,0,0,10,0,10,10,0,10,0,20,0,0,0,130
109,0,20,0,0,0,0,-10,0,0,-20,10,0,0,0,10,0,10,0,0,10,0,0,40,0,0,0,0,-10,0,-20,0,-10,0,-10,-10,0,10,-10,10,0,20,0,0,0,0,20,-30,0,-10,0,0,0,0,-10,0,-10,0,0,-10,0,0,-10,0,0,-10,-10,0,0,-10,0,0,10,20,0,0,0,0,0,-10,10,0,-10,-10,0,10,10,0,0,10,0,10,10,0,10,0,20,0,0,0,130,30
110,20,0,0,0,0,-10,0,0,-20,10,0,0,0,10,0,10,0,0,10,0,0,40,0,0,0,0,-10,0,-20,0,-10,0,-10,-10,0,10,-10,10,0,20,0,0,0,0,20,-30,0,-10,0,0,0,0,-10,0,-10,0,0,-10,0,0,-10,0,0,-10,-10,0,0,-10,0,0,10,20,0,0,0,0,0,-10,10,0,-10,-10,0,10,10,0,0,10,0,10,10,0,10,0,20,0,0,0,130,30,0
111,0,0,0,0,-10,0,0,-20,10,0,0,0,10,0,10,0,0,10,0,0,40,0,0,0,0,-10,0,-20,0,-10,0,-10,-10,0,10,-10,10,0,20,0,0,0,0,20,-30,0,-10,0,0,0,0,-10,0,-10,0,0,-10,0,0,-10,0,0,-10,-10,0,0,-10,0,0,10,20,0,0,0,0,0,-10,10,0,-10,-10,0,10,10,0,0,10,0,10,10,0,10,0,20,0,0,0,130,30,0,0
112,0,0,0,-10,0,0,-20,10,0,0,0,10,0,10,0,0,10,0,0,40,0,0,0,0,-10,0,-20,0,-10,0,-10,-10,0,10,-10,10,0,20,0,0,0,0,20,-30,0,-10,0,0,0,0,-10,0,-10,0,0,-10,0,0,-10,0,0,-10,-10,0,0,-10,0,0,10,20,0,0,0,0,0,-10,10,0,-10,-10,0,10,10,0,0,10,0,10,10,0,10,0,20,0,0,0,130,30,0,0,0
113,0,0,-10,0,0,-20,10,0,0,0,10,0,10,0,0,10,0,0,40,0,0,0,0,-10,0,-20,0,-10,0,-10,-10,0,10,-10,10,0,20,0,0,0,0,20,-30,0,-10,0,0,0,0,-10,0,-10,0,0,-10,0,0,-10,0,0,-10,-10,0,0,-10,0,0,10,20,0,0,0,0,0,-10,10,0,-10,-10,0,10,10,0,0,10,0,10,10,0,10,0,20,0,0,0,130,30,0,0,0,0
114,0,-10,0,0,-20,10,0,0,0,10,0,10,0,0,10,0,0,40,0,0,0,0,-10,0,-20,0,-10,0,-10,-10,0,10,-10,10,0,20,0,0,0,0,20,-30,0,-10,0,0,0,0,-10,0,-10,0,0,-10,0,0,-10,0,0,-10,-10,0,0,-10,0,0,10,20,0,0,0,0,0,-10,10,0,-10,-10,0,10,10,0,0,10,0,10,10,0,10,0,20,0,0,0,130,30,0,0,0,0,0
115,-10,0,0,-20,10,0,0,0,10,0,10,0,0,10,0,0,40,0,0,0,0,-10,0,-20,0,-10,0,-10,-10,0,10,-10,10,0,20,0,0,0,0,20,-30,0,-10,0,0,0,0,-10,0,-10,0,0,-10,0,0,-10,0,0,-10,-10,0,0,-10,0,0,10,20,0,0,0,0,0,-10,10,0,-10,-10,0,10,10,0,0,10,0,10,10,0,10,0,20,0,0,0,130,30,0,0,0,0,0,0
116,0,0,-20,10,0,0,0,10,0,10,0,0,10,0,0,40,0,0,0,0,-10,0,-20,0,-10,0,-10,-10,0,10,-10,10,0,20,0,0,0,0,20,-30,0,-10,0,0,0,0,-10,0,-10,0,0,-10,0,0,-10,0,0,-10,-10,0,0,-10,0,0,10,20,0,0,0,0,0,-10,10,0,-10,-10,0,10,10,0,0,10,0,10,10,0,10,0,20,0,0,0,130,30,0,0,0,0,0,0,0
117,0,-20,10,0,0,0,10,0,10,0,0,10,0,0,40,0,0,0,0,-10,0,-20,0,-10,0,-10,-10,0,10,-10,10,0,20,0,0,0,0,20,-30,0,-10,0,0,0,0,-10,0,-10,0,0,-10,0,0,-10,0,0,-10,-10,0,0,-10,0,0,10,20,0,0,0,0,0,-10,10,0,-10,-10,0,10,10,0,0,10,0,10,10,0,10,0,20,0,0,0,130,30,0,0,0,0,0,0,0,0
118,-20,10,0,0,0,10,0,10,0,0,10,0,0,40,0,0,0,0,-10,0,-20,0,-10,0,-10,-10,0,10,-10,10,0,20,0,0,0,0,20,-30,0,-10,0,0,0,0,-10,0,-10,0,0,-10,0,0,-10,0,0,-10,-10,0,0,-10,0,0,10,20,0,0,0,0,0,-10,10,0,-10,-10,0,10,10,0,0,10,0,10,10,0,10,0,20,0,0,0,130,30,0,0,0,0,0,0,0,0,0
119,10,0,0,0,10,0,10,0,0,10,0,0,40,0,0,0,0,-10,0,-20,0,-10,0,-10,-10,0,10,-10,10,0,20,0,0,0,0,20,-30,0,-10,0,0,0,0,-10,0,-10,0,0,-10,0,0,-10,0,0,-10,-10,0,0,-10,0,0,10,20,0,0,0,0,0,-10,10,0,-10,-10,0,10,10,0,0,10,0,10,10,0,10,0,20,0,0,0,130,30,0,0,0,0,0,0,0,0,0,-10
120,0,0,0,10,0,10,0,0,10,0,0,40,0,0,0,0,-10,0,-20,0,-10,0,-10,-10,0,10,-10,10,0,20,0,0,0,0,20,-30,0,-10,0,0,0,0,-10,0,-10,0,0,-10,0,0,-10,0,0,-10,-10,0,0,-10,0,0,10,20,0,0,0,0,0,-10,10,0,-10,-10,0,10,10,0,0,10,0,10,10,0,10,0,20,0,0,0,130,30,0,0,0,0,0,0,0,0,0,-10,20
121,0,0,10,0,10,0,0,10,0,0,40,0,0,0,0,-10,0,-20,0,-10,0,-10,-10,0,10,-10,10,0,20,0,0,0,0,20,-30,0,-10,0,0,0,0,-10,0,-10,0,0,-10,0,0,-10,0,0,-10,-10,0,0,-10,0,0,10,20,0,0,0,0,0,-10,10,0,-10,-10,0,10,10,0,0,10,0,10,10,0,10,0,20,0,0,0,130,30,0,0,0,0,0,0,0,0,0,-10,20,0
122,0,10,0,10,0,0,10,0,0,40,0,0,0,0,-10,0,-20,0,-10,0,-10,-10,0,10,-10,10,0,20,0,0,0,0,20,-30,0,-10,0,0,0,0,-10,0,-10,0,0,-10,0,0,-10,0,0,-10,-10,0,0,-10,0,0,10,20,0,0,0,0,0,-10,10,0,-10,-10,0,10,10,0,0,10,0,10,10,0,10,0,20,0,0,0,130,30,0,0,0,0,0,0,0,0,0,-10,20,0,-10
123,10,0,10,0,0,10,0,0,40,0,0,0,0,-10,0,-20,0,-10,0,-10,-10,0,10,-10,10,0,20,0,0,0,0,20,-30,0,-10,0,0,0,0,-10,0,-10,0,0,-10,0,0,-10,0,0,-10,-10,0,0,-10,0,0,10,20,0,0,0,0,0,-10,10,0,-10,-10,0,10,10,0,0,10,0,10,10,0,10,0,20,0,0,0,130,30,0,0,0,0,0,0,0,0,0,-10,20,0,-10,0
124,0,10,0,0,10,0,0,40,0,0,0,0,-10,0,-20,0,-10,0,-10,-10,0,10,-10,10,0,20,0,0,0,0,20,-30,0,-10,0,0,0,0,-10,0,-10,0,0,-10,0,0,-10,0,0,-10,-10,0,0,-10,0,0,10,20,0,0,0,0,0,-10,10,0,-10,-10,0,10,10,0,0,10,0,10,10,0,10,0,20,0,0,0,130,30,0,0,0,0,0,0,0,0,0,-10,20,0,-10,0,0
125,10,0,0,10,0,0,40,0,0,0,0,-10,0,-20,0,-10,0,-10,-10,0,10,-10,10,0,20,0,0,0,0,20,-30,0,-10,0,0,0,0,-10,0,-10,0,0,-10,0,0,-10,0,0,-10,-10,0,0,-10,0,0,10,20,0,0,0,0,0,-10,10,0,-10,-10,0,10,10,0,0,10,0,10,10,0,10,0,20,0,0,0,130,30,0,0,0,0,0,0,0,0,0,-10,20,0,-10,0,0,0
126,0,0,10,0,0,40,0,0,0,0,-10,0,-20,0,-10,0,-10,-10,0,10,-10,10,0,20,0,0,0,0,20,-30,0,-10,0,0,0,0,-10,0,-10,0,0,-10,0,0,-10,0,0,-10,-10,0,0,-10,0,0,10,20,0,0,0,0,0,-10,10,0,-10,-10,0,10,10,0,0,10,0,10,10,0,10,0,20,0,0,0,130,30,0,0,0,0,0,0,0,0,0,-10,20,0,-10,0,0,0,0
127,0,10,0,0,40,0,0,0,0,-10,0,-20,0,-10,0,-10,-10,0,10,-10,10,0,20,0,0,0,0,20,-30,0,-10,0,0,0,0,-10,0,-10,0,0,-10,0,0,-10,0,0,-10,-10,0,0,-10,0,0,10,20,0,0,0,0,0,-10,10,0,-10,-10,0,10,10,0,0,10,0,10,10,0,10,0,20,0,0,0,130,30,0,0,0,0,0,0,0,0,0,-10,20,0,-10,0,0,0,0,0
128,10,0,0,40,0,0,0,0,-10,0,-20,0,-10,0,-10,-10,0,10,-10,10,0,20,0,0,0,0,20,-30,0,-10,0,0,0,0,-10,0,-10,0,0,-10,0,0,-10,0,0,-10,-10,0,0,-10,0,0,10,20,0,0,0,0,0,-10,10,0,-10,-10,0,10,10,0,0,10,0,10,10,0,10,0,20,0,0,0,130,30,0,0,0,0,0,0,0,0,0,-10,20,0,-10,0,0,0,0,0,0
129,0,0,40,0,0,0,0,-10,0,-20,0,-10,0,-10,-10,0,10,-10,10,0,20,0,0,0,0,20,-30,0,-10,0,0,0,0,-10,0,-10,0,0,-10,0,0,-10,0,0,-10,-10,0,0,-10,0,0,10,20,0,0,0,0,0,-10,10,0,-10,-10,0,10,10,0,0,10,0,10,10,0,10,0,20,0,0,0,130,30,0,0,0,0,0,0,0,0,0,-10,20,0,-10,0,0,0,0,0,0,0
130,0,40,0,0,0,0,-10,0,-20,0,-10,0,-10,-10,0,10,-10,10,0,20,0,0,0,0,20,-30,0,-10,0,0,0,0,-10,0,-10,0,0,-10,0,0,-10,0,0,-10,-10,0,0,-10,0,0,10,20,0,0,0,0,0,-10,10,0,-10,-10,0,10,10,0,0,10,0,10,10,0,10,0,20,0,0,0,130,30,0,0,0,0,0,0,0,0,0,-10,20,0,-10,0,0,0,0,0,0,0,0
131,40,0,0,0,0,-10,0,-20,0,-10,0,-10,-10,0,10,-10,10,0,20,0,0,0,0,20,-30,0,-10,0,0,0,0,-10,0,-10,0,0,-10,0,0,-10,0,0,-10,-10,0,0,-10,0,0,10,20,0,0,0,0,0,-10,10,0,-10,-10,0,10,10,0,0,10,0,10,10,0,10,0,20,0,0,0,130,30,0,0,0,0,0,0,0,0,0,-10,20,0,-10,0,0,0,0,0,0,0,0,0
132,0,0,0,0,-10,0,-20,0,-10,0,-10,-10,0,10,-10,10,0,20,0,0,0,0,20,-30,0,-10,0,0,0,0,-10,0,-10,0,0,-10,0,0,-10,0,0,-10,-10,0,0,-10,0,0,10,20,0,0,0,0,0,-10,10,0,-10,-10,0,10,10,0,0,10,0,10,10,0,10,0,20,0,0,0,130,30,0,0,0,0,0,0,0,0,0,-10,20,0,-10,0,0,0,0,0,0,0,0,0,0
133,0,0,0,-10,0,-20,0,-10,0,-10,-10,0,10,-10,10,0,20,0,0,0,0,20,-30,0,-10,0,0,0,0,-10,0,-10,0,0,-10,0,0,-10,0,0,-10,-10,0,0,-10,0,0,10,20,0,0,0,0,0,-10,10,0,-10,-10,0,10,10,0,0,10,0,10,10,0,10,0,20,0,0,0,130,30,0,0,0,0,0,0,0,0,0,-10,20,0,-10,0,0,0,0,0,0,0,0,0,0,0
134,0,0,-10,0,-20,0,-10,0,-10,-10,0,10,-10,10,0,20,0,0,0,0,20,-30,0,-10,0,0,0,0,-10,0,-10,0,0,-10,0,0,-10,0,0,-10,-10,0,0,-10,0,0,10,20,0,0,0,0,0,-10,10,0,-10,-10,0,10,10,0,0,10,0,10,10,0,10,0,20,0,0,0,130,30,0,0,0,0,0,0,0,0,0,-10,20,0,-10,0,0,0,0,0,0,0,0,0,0,0,0
135,0,-10,0,-20,0,-10,0,-10,-10,0,10,-10,10,0,20,0,0,0,0,20,-30,0,-10,0,0,0,0,-10,0,-10,0,0,-10,0,0,-10,0,0,-10,-10,0,0,-10,0,0,10,20,0,0,0,0,0,-10,10,0,-10,-10,0,10,10,0,0,10,0,10,10,0,10,0,20,0,0,0,130,30,0,0,0,0,0,0,0,0,0,-10,20,0,-10,0,0,0,0,0,0,0,0,0,0,0,0,0
136,-10,0,-20,0,-10,0,-10,-10,0,10,-10,10,0,20,0,0,0,0,20,-30,0,-10,0,0,0,0,-10,0,-10,0,0,-10,0,0,-10,0,0,-10,-10,0,0,-10,0,0,10,20,0,0,0,0,0,-10,10,0,-10,-10,0,10,10,0,0,10,0,10,10,0,10,0,20,0,0,0,130,30,0,0,0,0,0,0,0,0,0,-10,20,0,-10,0,0,0,0,0,0,0,0,0,0,0,0,0,0
137,0,-20,0,-10,0,-10,-10,0,10,-10,10,0,20,0,0,0,0,20,-30,0,-10,0,0,0,0,-10,0,-10,0,0,-10,0,0,-10,0,0,-10,-10,0,0,-10,0,0,10,20,0,0,0,0,0,-10,10,0,-10,-10,0,10,10,0,0,10,0,10,10,0,10,0,20,0,0,0,130,30,0,0,0,0,0,0,0,0,0,-10,20,0,-10,0,0,0,0,0,0,0,0,0,0,0,0,0,0,0
138,-20,0,-10,0,-10,-10,0,10,-10,10,0,20,0,0,0,0,20,-30,0,-10,0,0,0,0,-10,0,-10,0,0,-10,0,0,-10,0,0,-10,-10,0,0,-10,0,0,10,20,0,0,0,0,0,-10,10,0,-10,-10,0,10,10,0,0,10,0,10,10,0,10,0,20,0,0,0,130,30,0,0,0,0,0,0,0,0,0,-10,20,0,-10,0,0,0,0,0,0,0,0,0,0,0,0,0,0,0,0
139,0,-10,0,-10,-10,0,10,-10,10,0,20,0,0,0,0,20,-30,0,-10,0,0,0,0,-10,0,-10,0,0,-10,0,0,-10,0,0,-10,-10,0,0,-10,0,0,10,20,0,0,0,0,0,-10,10,0,-10,-10,0,10,10,0,0,10,0,10,10,0,10,0,20,0,0,0,130,30,0,0,0,0,0,0,0,0,0,-10,20,0,-10,0,0,0,0,0,0,0,0,0,0,0,0,0,0,0,0,0
140,-10,0,-10,-10,0,10,-10,10,0,20,0,0,0,0,20,-30,0,-10,0,0,0,0,-10,0,-10,0,0,-10,0,0,-10,0,0,-10,-10,0,0,-10,0,0,10,20,0,0,0,0,0,-10,10,0,-10,-10,0,10,10,0,0,10,0,10,10,0,10,0,20,0,0,0,130,30,0,0,0,0,0,0,0,0,0,-10,20,0,-10,0,0,0,0,0,0,0,0,0,0,0,0,0,0,0,0,0,-10
141,0,-10,-10,0,10,-10,10,0,20,0,0,0,0,20,-30,0,-10,0,0,0,0,-10,0,-10,0,0,-10,0,0,-10,0,0,-10,-10,0,0,-10,0,0,10,20,0,0,0,0,0,-10,10,0,-10,-10,0,10,10,0,0,10,0,10,10,0,10,0,20,0,0,0,130,30,0,0,0,0,0,0,0,0,0,-10,20,0,-10,0,0,0,0,0,0,0,0,0,0,0,0,0,0,0,0,0,-10,0
142,-10,-10,0,10,-10,10,0,20,0,0,0,0,20,-30,0,-10,0,0,0,0,-10,0,-10,0,0,-10,0,0,-10,0,0,-10,-10,0,0,-10,0,0,10,20,0,0,0,0,0,-10,10,0,-10,-10,0,10,10,0,0,10,0,10,10,0,10,0,20,0,0,0,130,30,0,0,0,0,0,0,0,0,0,-10,20,0,-10,0,0,0,0,0,0,0,0,0,0,0,0,0,0,0,0,0,-10,0,-10
143,-10,0,10,-10,10,0,20,0,0,0,0,20,-30,0,-10,0,0,0,0,-10,0,-10,0,0,-10,0,0,-10,0,0,-10,-10,0,0,-10,0,0,10,20,0,0,0,0,0,-10,10,0,-10,-10,0,10,10,0,0,10,0,10,10,0,10,0,20,0,0,0,130,30,0,0,0,0,0,0,0,0,0,-10,20,0,-10,0,0,0,0,0,0,0,0,0,0,0,0,0,0,0,0,0,-10,0,-10,0
144,0,10,-10,10,0,20,0,0,0,0,20,-30,0,-10,0,0,0,0,-10,0,-10,0,0,-10,0,0,-10,0,0,-10,-10,0,0,-10,0,0,10,20,0,0,0,0,0,-10,10,0,-10,-10,0,10,10,0,0,10,0,10,10,0,10,0,20,0,0,0,130,30,0,0,0,0,0,0,0,0,0,-10,20,0,-10,0,0,0,0,0,0,0,0,0,0,0,0,0,0,0,0,0,-10,0,-10,0,0
145,10,-10,10,0,20,0,0,0,0,20,-30,0,-10,0,0,0,0,-10,0,-10,0,0,-10,0,0,-10,0,0,-10,-10,0,0,-10,0,0,10,20,0,0,0,0,0,-10,10,0,-10,-10,0,10,10,0,0,10,0,10,10,0,10,0,20,0,0,0,130,30,0,0,0,0,0,0,0,0,0,-10,20,0,-10,0,0,0,0,0,0,0,0,0,0,0,0,0,0,0,0,0,-10,0,-10,0,0,0
146,-10,10,0,20,0,0,0,0,20,-30,0,-10,0,0,0,0,-10,0,-10,0,0,-10,0,0,-10,0,0,-10,-10,0,0,-10,0,0,10,20,0,0,0,0,0,-10,10,0,-10,-10,0,10,10,0,0,10,0,10,10,0,10,0,20,0,0,0,130,30,0,0,0,0,0,0,0,0,0,-10,20,0,-10,0,0,0,0,0,0,0,0,0,0,0,0,0,0,0,0,0,-10,0,-10,0,0,0,0
147,10,0,20,0,0,0,0,20,-30,0,-10,0,0,0,0,-10,0,-10,0,0,-10,0,0,-10,0,0,-10,-10,0,0,-10,0,0,10,20,0,0,0,0,0,-10,10,0,-10,-10,0,10,10,0,0,10,0,10,10,0,10,0,20,0,0,0,130,30,0,0,0,0,0,0,0,0,0,-10,20,0,-10,0,0,0,0,0,0,0,0,0,0,0,0,0,0,0,0,0,-10,0,-10,0,0,0,0,0
148,0,20,0,0,0,0,20,-30,0,-10,0,0,0,0,-10,0,-10,0,0,-10,0,0,-10,0,0,-10,-10,0,0,-10,0,0,10,20,0,0,0,0,0,-10,10,0,-10,-10,0,10,10,0,0,10,0,10,10,0,10,0,20,0,0,0,130,30,0,0,0,0,0,0,0,0,0,-10,20,0,-10,0,0,0,0,0,0,0,0,0,0,0,0,0,0,0,0,0,-10,0,-10,0,0,0,0,0,0
149,20,0,0,0,0,20,-30,0,-10,0,0,0,0,-10,0,-10,0,0,-10,0,0,-10,0,0,-10,-10,0,0,-10,0,0,10,20,0,0,0,0,0,-10,10,0,-10,-10,0,10,10,0,0,10,0,10,10,0,10,0,20,0,0,0,130,30,0,0,0,0,0,0,0,0,0,-10,20,0,-10,0,0,0,0,0,0,0,0,0,0,0,0,0,0,0,0,0,-10,0,-10,0,0,0,0,0,0,10
150,0,0,0,0,20,-30,0,-10,0,0,0,0,-10,0,-10,0,0,-10,0,0,-10,0,0,-10,-10,0,0,-10,0,0,10,20,0,0,0,0,0,-10,10,0,-10,-10,0,10,10,0,0,10,0,10,10,0,10,0,20,0,0,0,130,30,0,0,0,0,0,0,0,0,0,-10,20,0,-10,0,0,0,0,0,0,0,0,0,0,0,0,0,0,0,0,0,-10,0,-10,0,0,0,0,0,0,10,0
151,0,0,0,20,-30,0,-10,0,0,0,0,-10,0,-10,0,0,-10,0,0,-10,0,0,-10,-10,0,0,-10,0,0,10,20,0,0,0,0,0,-10,10,0,-10,-10,0,10,10,0,0,10,0,10,10,0,10,0,20,0,0,0,130,30,0,0,0,0,0,0,0,0,0,-10,20,0,-10,0,0,0,0,0,0,0,0,0,0,0,0,0,0,0,0,0,-10,0,-10,0,0,0,0,0,0,10,0,0
152,0,0,20,-30,0,-10,0,0,0,0,-10,0,-10,0,0,-10,0,0,-10,0,0,-10,-10,0,0,-10,0,0,10,20,0,0,0,0,0,-10,10,0,-10,-10,0,10,10,0,0,10,0,10,10,0,10,0,20,0,0,0,130,30,0,0,0,0,0,0,0,0,0,-10,20,0,-10,0,0,0,0,0,0,0,0,0,0,0,0,0,0,0,0,0,-10,0,-10,0,0,0,0,0,0,10,0,0,0
153,0,20,-30,0,-10,0,0,0,0,-10,0,-10,0,0,-10,0,0,-10,0,0,-10,-10,0,0,-10,0,0,10,20,0,0,0,0,0,-10,10,0,-10,-10,0,10,10,0,0,10,0,10,10,0,10,0,20,0,0,0,130,30,0,0,0,0,0,0,0,0,0,-10,20,0,-10,0,0,0,0,0,0,0,0,0,0,0,0,0,0,0,0,0,-10,0,-10,0,0,0,0,0,0,10,0,0,0,10
154,20,-30,0,-10,0,0,0,0,-10,0,-10,0,0,-10,0,0,-10,0,0,-10,-10,0,0,-10,0,0,10,20,0,0,0,0,0,-10,10,0,-10,-10,0,10,10,0,0,10,0,10,10,0,10,0,20,0,0,0,130,30,0,0,0,0,0,0,0,0,0,-10,20,0,-10,0,0,0,0,0,0,0,0,0,0,0,0,0,0,0,0,0,-10,0,-10,0,0,0,0,0,0,10,0,0,0,10,10
155,-30,0,-10,0,0,0,0,-10,0,-10,0,0,-10,0,0,-10,0,0,-10,-10,0,0,-10,0,0,10,20,0,0,0,0,0,-10,10,0,-10,-10,0,10,10,0,0,10,0,10,10,0,10,0,20,0,0,0,130,30,0,0,0,0,0,0,0,0,0,-10,20,0,-10,0,0,0,0,0,0,0,0,0,0,0,0,0,0,0,0,0,-10,0,-10,0,0,0,0,0,0,10,0,0,0,10,10,0
156,0,-10,0,0,0,0,-10,0,-10,0,0,-10,0,0,-10,0,0,-10,-10,0,0,-10,0,0,10,20,0,0,0,0,0,-10,10,0,-10,-10,0,10,10,0,0,10,0,10,10,0,10,0,20,0,0,0,130,30,0,0,0,0,0,0,0,0,0,-10,20,0,-10,0,0,0,0,0,0,0,0,0,0,0,0,0,0,0,0,0,-10,0,-10,0,0,0,0,0,0,10,0,0,0,10,10,0,0
157,-10,0,0,0,0,-10,0,-10,0,0,-10,0,0,-10,0,0,-10,-10,0,0,-10,0,0,10,20,0,0,0,0,0,-10,10,0,-10,-10,0,10,10,0,0,10,0,10,10,0,10,0,20,0,0,0,130,30,0,0,0,0,0,0,0,0,0,-10,20,0,-10,0,0,0,0,0,0,0,0,0,0,0,0,0,0,0,0,0,-10,0,-10,0,0,0,0,0,0,10,0,0,0,10,10,0,0,0
158,0,0,0,0,-10,0,-10,0,0,-10,0,0,-10,0,0,-10,-10,0,0,-10,0,0,10,20,0,0,0,0,0,-10,10,0,-10,-10,0,10,10,0,0,10,0,10,10,0,10,0,20,0,0,0,130,30,0,0,0,0,0,0,0,0,0,-10,20,0,-10,0,0,0,0,0,0,0,0,0,0,0,0,0,0,0,0,0,-10,0,-10,0,0,0,0,0,0,10,0,0,0,10,10,0,0,0,0
159,0,0,0,-10,0,-10,0,0,-10,0,0,-10,0,0,-10,-10,0,0,-10,0,0,10,20,0,0,0,0,0,-10,10,0,-10,-10,0,10,10,0,0,10,0,10,10,0,10,0,20,0,0,0,130,30,0,0,0,0,0,0,0,0,0,-10,20,0,-10,0,0,0,0,0,0,0,0,0,0,0,0,0,0,0,0,0,-10,0,-10,0,0,0,0,0,0,10,0,0,0,10,10,0,0,0,0,0
160,0,0,-10,0,-10,0,0,-10,0,0,-10,0,0,-10,-10,0,0,-10,0,0,10,20,0,0,0,0,0,-10,10,0,-10,-10,0,10,10,0,0,10,0,10,10,0,10,0,20,0,0,0,130,30,0,0,0,0,0,0,0,0,0,-10,20,0,-10,0,0,0,0,0,0,0,0,0,0,0,0,0,0,0,0,0,-10,0,-10,0,0,0,0,0,0,10,0,0,0,10,10,0,0,0,0,0,20
161,0,-10,0,-10,0,0,-10,0,0,-10,0,0,-10,-10,0,0,-10,0,0,10,20,0,0,0,0,0,-10,10,0,-10,-10,0,10,10,0,0,10,0,10,10,0,10,0,20,0,0,0,130,30,0,0,0,0,0,0,0,0,0,-10,20,0,-10,0,0,0,0,0,0,0,0,0,0,0,0,0,0,0,0,0,-10,0,-10,0,0,0,0,0,0,10,0,0,0,10,10,0,0,0,0,0,20,0
162,-10,0,-10,0,0,-10,0,0,-10,0,0,-10,-10,0,0,-10,0,0,10,20,0,0,0,0,0,-10,10,0,-10,-10,0,10,10,0,0,10,0,10,10,0,10,0,20,0,0,0,130,30,0,0,0,0,0,0,0,0,0,-10,20,0,-10,0,0,0,0,0,0,0,0,0,0,0,0,0,0,0,0,0,-10,0,-10,0,0,0,0,0,0,10,0,0,0,10,10,0,0,0,0,0,20,0,10
163,0,-10,0,0,-10,0,0,-10,0,0,-10,-10,0,0,-10,0,0,10,20,0,0,0,0,0,-10,10,0,-10,-10,0,10,10,0,0,10,0,10,10,0,10,0,20,0,0,0,130,30,0,0,0,0,0,0,0,0,0,-10,20,0,-10,0,0,0,0,0,0,0,0,0,0,0,0,0,0,0,0,0,-10,0,-10,0,0,0,0,0,0,10,0,0,0,10,10,0,0,0,0,0,20,0,10,0
164,-10,0,0,-10,0,0,-10,0,0,-10,-10,0,0,-10,0,0,10,20,0,0,0,0,0,-10,10,0,-10,-10,0,10,10,0,0,10,0,10,10,0,10,0,20,0,0,0,130,30,0,0,0,0,0,0,0,0,0,-10,20,0,-10,0,0,0,0,0,0,0,0,0,0,0,0,0,0,0,0,0,-10,0,-10,0,0,0,0,0,0,10,0,0,0,10,10,0,0,0,0,0,20,0,10,0,0
165,0,0,-10,0,0,-10,0,0,-10,-10,0,0,-10,0,0,10,20,0,0,0,0,0,-10,10,0,-10,-10,0,10,10,0,0,10,0,10,10,0,10,0,20,0,0,0,130,30,0,0,0,0,0,0,0,0,0,-10,20,0,-10,0,0,0,0,0,0,0,0,0,0,0,0,0,0,0,0,0,-10,0,-10,0,0,0,0,0,0,10,0,0,0,10,10,0,0,0,0,0,20,0,10,0,0,10
166,0,-10,0,0,-10,0,0,-10,-10,0,0,-10,0,0,10,20,0,0,0,0,0,-10,10,0,-10,-10,0,10,10,0,0,10,0,10,10,0,10,0,20,0,0,0,130,30,0,0,0,0,0,0,0,0,0,-10,20,0,-10,0,0,0,0,0,0,0,0,0,0,0,0,0,0,0,0,0,-10,0,-10,0,0,0,0,0,0,10,0,0,0,10,10,0,0,0,0,0,20,0,10,0,0,10,150
167,-10,0,0,-10,0,0,-10,-10,0,0,-10,0,0,10,20,0,0,0,0,0,-10,10,0,-10,-10,0,10,10,0,0,10,0,10,10,0,10,0,20,0,0,0,130,30,0,0,0,0,0,0,0,0,0,-10,20,0,-10,0,0,0,0,0,0,0,0,0,0,0,0,0,0,0,0,0,-10,0,-10,0,0,0,0,0,0,10,0,0,0,10,10,0,0,0,0,0,20,0,10,0,0,10,150,100
168,0,0,-10,0,0,-10,-10,0,0,-10,0,0,10,20,0,0,0,0,0,-10,10,0,-10,-10,0,10,10,0,0,10,0,10,10,0,10,0,20,0,0,0,130,30,0,0,0,0,0,0,0,0,0,-10,20,0,-10,0,0,0,0,0,0,0,0,0,0,0,0,0,0,0,0,0,-10,0,-10,0,0,0,0,0,0,10,0,0,0,10,10,0,0,0,0,0,20,0,10,0,0,10,150,100,30
169,0,-10,0,0,-10,-10,0,0,-10,0,0,10,20,0,0,0,0,0,-10,10,0,-10,-10,0,10,10,0,0,10,0,10,10,0,10,0,20,0,0,0,130,30,0,0,0,0,0,0,0,0,0,-10,20,0,-10,0,0,0,0,0,0,0,0,0,0,0,0,0,0,0,0,0,-10,0,-10,0,0,0,0,0,0,10,0,0,0,10,10,0,0,0,0,0,20,0,10,0,0,10,150,100,30,20
170,-10,0,0,-10,-10,0,0,-10,0,0,10,20,0,0,0,0,0,-10,10,0,-10,-10,0,10,10,0,0,10,0,10,10,0,10,0,20,0,0,0,130,30,0,0,0,0,0,0,0,0,0,-10,20,0,-10,0,0,0,0,0,0,0,0,0,0,0,0,0,0,0,0,0,-10,0,-10,0,0,0,0,0,0,10,0,0,0,10,10,0,0,0,0,0,20,0,10,0,0,10,150,100,30,20,30
171,0,0,-10,-10,0,0,-10,0,0,10,20,0,0,0,0,0,-10,10,0,-10,-10,0,10,10,0,0,10,0,10,10,0,10,0,20,0,0,0,130,30,0,0,0,0,0,0,0,0,0,-10,20,0,-10,0,0,0,0,0,0,0,0,0,0,0,0,0,0,0,0,0,-10,0,-10,0,0,0,0,0,0,10,0,0,0,10,10,0,0,0,0,0,20,0,10,0,0,10,150,100,30,20,30,60
172,0,-10,-10,0,0,-10,0,0,10,20,0,0,0,0,0,-10,10,0,-10,-10,0,10,10,0,0,10,0,10,10,0,10,0,20,0,0,0,130,30,0,0,0,0,0,0,0,0,0,-10,20,0,-10,0,0,0,0,0,0,0,0,0,0,0,0,0,0,0,0,0,-10,0,-10,0,0,0,0,0,0,10,0,0,0,10,10,0,0,0,0,0,20,0,10,0,0,10,150,100,30,20,30,60,-30
173,-10,-10,0,0,-10,0,0,10,20,0,0,0,0,0,-10,10,0,-10,-10,0,10,10,0,0,10,0,10,10,0,10,0,20,0,0,0,130,30,0,0,0,0,0,0,0,0,0,-10,20,0,-10,0,0,0,0,0,0,0,0,0,0,0,0,0,0,0,0,0,-10,0,-10,0,0,0,0,0,0,10,0,0,0,10,10,0,0,0,0,0,20,0,10,0,0,10,150,100,30,20,30,60,-30,10
174,-10,0,0,-10,0,0,10,20,0,0,0,0,0,-10,10,0,-10,-10,0,10,10,0,0,10,0,10,10,0,10,0,20,0,0,0,130,30,0,0,0,0,0,0,0,0,0,-10,20,0,-10,0,0,0,0,0,0,0,0,0,0,0,0,0,0,0,0,0,-10,0,-10,0,0,0,0,0,0,10,0,0,0,10,10,0,0,0,0,0,20,0,10,0,0,10,150,100,30,20,30,60,-30,10,-20
175,0,0,-10,0,0,10,20,0,0,0,0,0,-10,10,0,-10,-10,0,10,10,0,0,10,0,10,10,0,10,0,20,0,0,0,130,30,0,0,0,0,0,0,0,0,0,-10,20,0,-10,0,0,0,0,0,0,0,0,0,0,0,0,0,0,0,0,0,-10,0,-10,0,0,0,0,0,0,10,0,0,0,10,10,0,0,0,0,0,20,0,10,0,0,10,150,100,30,20,30,60,-30,10,-20,-40
176,0,-10,0,0,10,20,0,0,0,0,0,-10,10,0,-10,-10,0,10,10,0,0,10,0,10,10,0,10,0,20,0,0,0,130,30,0,0,0,0,0,0,0,0,0,-10,20,0,-10,0,0,0,0,0,0,0,0,0,0,0,0,0,0,0,0,0,-10,0,-10,0,0,0,0,0,0,10,0,0,0,10,10,0,0,0,0,0,20,0,10,0,0,10,150,100,30,20,30,60,-30,10,-20,-40,20
177,-10,0,0,10,20,0,0,0,0,0,-10,10,0,-10,-10,0,10,10,0,0,10,0,10,10,0,10,0,20,0,0,0,130,30,0,0,0,0,0,0,0,0,0,-10,20,0,-10,0,0,0,0,0,0,0,0,0,0,0,0,0,0,0,0,0,-10,0,-10,0,0,0,0,0,0,10,0,0,0,10,10,0,0,0,0,0,20,0,10,0,0,10,150,100,30,20,30,60,-30,10,-20,-40,20,60
178,0,0,10,20,0,0,0,0,0,-10,10,0,-10,-10,0,10,10,0,0,10,0,10,10,0,10,0,20,0,0,0,130,30,0,0,0,0,0,0,0,0,0,-10,20,0,-10,0,0,0,0,0,0,0,0,0,0,0,0,0,0,0,0,0,-10,0,-10,0,0,0,0,0,0,10,0,0,0,10,10,0,0,0,0,0,20,0,10,0,0,10,150,100,30,20,30,60,-30,10,-20,-40,20,60,50
179,0,10,20,0,0,0,0,0,-10,10,0,-10,-10,0,10,10,0,0,10,0,10,10,0,10,0,20,0,0,0,130,30,0,0,0,0,0,0,0,0,0,-10,20,0,-10,0,0,0,0,0,0,0,0,0,0,0,0,0,0,0,0,0,-10,0,-10,0,0,0,0,0,0,10,0,0,0,10,10,0,0,0,0,0,20,0,10,0,0,10,150,100,30,20,30,60,-30,10,-20,-40,20,60,50,10
180,10,20,0,0,0,0,0,-10,10,0,-10,-10,0,10,10,0,0,10,0,10,10,0,10,0,20,0,0,0,130,30,0,0,0,0,0,0,0,0,0,-10,20,0,-10,0,0,0,0,0,0,0,0,0,0,0,0,0,0,0,0,0,-10,0,-10,0,0,0,0,0,0,10,0,0,0,10,10,0,0,0,0,0,20,0,10,0,0,10,150,100,30,20,30,60,-30,10,-20,-40,20,60,50,10,30
181,20,0,0,0,0,0,-10,10,0,-10,-10,0,10,10,0,0,10,0,10,10,0,10,0,20,0,0,0,130,30,0,0,0,0,0,0,0,0,0,-10,20,0,-10,0,0,0,0,0,0,0,0,0,0,0,0,0,0,0,0,0,-10,0,-10,0,0,0,0,0,0,10,0,0,0,10,10,0,0,0,0,0,20,0,10,0,0,10,150,100,30,20,30,60,-30,10,-20,-40,20,60,50,10,30,20
182,0,0,0,0,0,-10,10,0,-10,-10,0,10,10,0,0,10,0,10,10,0,10,0,20,0,0,0,130,30,0,0,0,0,0,0,0,0,0,-10,20,0,-10,0,0,0,0,0,0,0,0,0,0,0,0,0,0,0,0,0,-10,0,-10,0,0,0,0,0,0,10,0,0,0,10,10,0,0,0,0,0,20,0,10,0,0,10,150,100,30,20,30,60,-30,10,-20,-40,20,60,50,10,30,20,10
183,0,0,0,0,-10,10,0,-10,-10,0,10,10,0,0,10,0,10,10,0,10,0,20,0,0,0,130,30,0,0,0,0,0,0,0,0,0,-10,20,0,-10,0,0,0,0,0,0,0,0,0,0,0,0,0,0,0,0,0,-10,0,-10,0,0,0,0,0,0,10,0,0,0,10,10,0,0,0,0,0,20,0,10,0,0,10,150,100,30,20,30,60,-30,10,-20,-40,20,60,50,10,30,20,10,10
184,0,0,0,-10,10,0,-10,-10,0,10,10,0,0,10,0,10,10,0,10,0,20,0,0,0,130,30,0,0,0,0,0,0,0,0,0,-10,20,0,-10,0,0,0,0,0,0,0,0,0,0,0,0,0,0,0,0,0,-10,0,-10,0,0,0,0,0,0,10,0,0,0,10,10,0,0,0,0,0,20,0,10,0,0,10,150,100,30,20,30,60,-30,10,-20,-40,20,60,50,10,30,20,10,10,-10
185,0,0,-10,10,0,-10,-10,0,10,10,0,0,10,0,10,10,0,10,0,20,0,0,0,130,30,0,0,0,0,0,0,0,0,0,-10,20,0,-10,0,0,0,0,0,0,0,0,0,0,0,0,0,0,0,0,0,-10,0,-10,0,0,0,0,0,0,10,0,0,0,10,10,0,0,0,0,0,20,0,10,0,0,10,150,100,30,20,30,60,-30,10,-20,-40,20,60,50,10,30,20,10,10,-10,0
186,0,-10,10,0,-10,-10,0,10,10,0,0,10,0,10,10,0,10,0,20,0,0,0,130,30,0,0,0,0,0,0,0,0,0,-10,20,0,-10,0,0,0,0,0,0,0,0,0,0,0,0,0,0,0,0,0,-10,0,-10,0,0,0,0,0,0,10,0,0,0,10,10,0,0,0,0,0,20,0,10,0,0,10,150,100,30,20,30,60,-30,10,-20,-40,20,60,50,10,30,20,10,10,-10,0,40
187,-10,10,0,-10,-10,0,10,10,0,0,10,0,10,10,0,10,0,20,0,0,0,130,30,0,0,0,0,0,0,0,0,0,-10,20,0,-10,0,0,0,0,0,0,0,0,0,0,0,0,0,0,0,0,0,-10,0,-10,0,0,0,0,0,0,10,0,0,0,10,10,0,0,0,0,0,20,0,10,0,0,10,150,100,30,20,30,60,-30,10,-20,-40,20,60,50,10,30,20,10,10,-10,0,40,-30
188,10,0,-10,-10,0,10,10,0,0,10,0,10,10,0,10,0,20,0,0,0,130,30,0,0,0,0,0,0,0,0,0,-10,20,0,-10,0,0,0,0,0,0,0,0,0,0,0,0,0,0,0,0,0,-10,0,-10,0,0,0,0,0,0,10,0,0,0,10,10,0,0,0,0,0,20,0,10,0,0,10,150,100,30,20,30,60,-30,10,-20,-40,20,60,50,10,30,20,10,10,-10,0,40,-30,-10
189,0,-10,-10,0,10,10,0,0,10,0,10,10,0,10,0,20,0,0,0,130,30,0,0,0,0,0,0,0,0,0,-10,20,0,-10,0,0,0,0,0,0,0,0,0,0,0,0,0,0,0,0,0,-10,0,-10,0,0,0,0,0,0,10,0,0,0,10,10,0,0,0,0,0,20,0,10,0,0,10,150,100,30,20,30,60,-30,10,-20,-40,20,60,50,10,30,20,10,10,-10,0,40,-30,-10,10
190,-10,-10,0,10,10,0,0,10,0,10,10,0,10,0,20,0,0,0,130,30,0,0,0,0,0,0,0,0,0,-10,20,0,-10,0,0,0,0,0,0,0,0,0,0,0,0,0,0,0,0,0,-10,0,-10,0,0,0,0,0,0,10,0,0,0,10,10,0,0,0,0,0,20,0,10,0,0,10,150,100,30,20,30,60,-30,10,-20,-40,20,60,50,10,30,20,10,10,-10,0,40,-30,-10,10,-50
191,-10,0,10,10,0,0,10,0,10,10,0,10,0,20,0,0,0,130,30,0,0,0,0,0,0,0,0,0,-10,20,0,-10,0,0,0,0,0,0,0,0,0,0,0,0,0,0,0,0,0,-10,0,-10,0,0,0,0,0,0,10,0,0,0,10,10,0,0,0,0,0,20,0,10,0,0,10,150,100,30,20,30,60,-30,10,-20,-40,20,60,50,10,30,20,10,10,-10,0,40,-30,-10,10,-50,-30
192,0,10,10,0,0,10,0,10,10,0,10,0,20,0,0,0,130,30,0,0,0,0,0,0,0,0,0,-10,20,0,-10,0,0,0,0,0,0,0,0,0,0,0,0,0,0,0,0,0,-10,0,-10,0,0,0,0,0,0,10,0,0,0,10,10,0,0,0,0,0,20,0,10,0,0,10,150,100,30,20,30,60,-30,10,-20,-40,20,60,50,10,30,20,10,10,-10,0,40,-30,-10,10,-50,-30,-20
193,10,10,0,0,10,0,10,10,0,10,0,20,0,0,0,130,30,0,0,0,0,0,0,0,0,0,-10,20,0,-10,0,0,0,0,0,0,0,0,0,0,0,0,0,0,0,0,0,-10,0,-10,0,0,0,0,0,0,10,0,0,0,10,10,0,0,0,0,0,20,0,10,0,0,10,150,100,30,20,30,60,-30,10,-20,-40,20,60,50,10,30,20,10,10,-10,0,40,-30,-10,10,-50,-30,-20,-60
194,10,0,0,10,0,10,10,0,10,0,20,0,0,0,130,30,0,0,0,0,0,0,0,0,0,-10,20,0,-10,0,0,0,0,0,0,0,0,0,0,0,0,0,0,0,0,0,-10,0,-10,0,0,0,0,0,0,10,0,0,0,10,10,0,0,0,0,0,20,0,10,0,0,10,150,100,30,20,30,60,-30,10,-20,-40,20,60,50,10,30,20,10,10,-10,0,40,-30,-10,10,-50,-30,-20,-60,-30
195,0,0,10,0,10,10,0,10,0,20,0,0,0,130,30,0,0,0,0,0,0,0,0,0,-10,20,0,-10,0,0,0,0,0,0,0,0,0,0,0,0,0,0,0,0,0,-10,0,-10,0,0,0,0,0,0,10,0,0,0,10,10,0,0,0,0,0,20,0,10,0,0,10,150,100,30,20,30,60,-30,10,-20,-40,20,60,50,10,30,20,10,10,-10,0,40,-30,-10,10,-50,-30,-20,-60,-30,-40
196,0,10,0,10,10,0,10,0,20,0,0,0,130,30,0,0,0,0,0,0,0,0,0,-10,20,0,-10,0,0,0,0,0,0,0,0,0,0,0,0,0,0,0,0,0,-10,0,-10,0,0,0,0,0,0,10,0,0,0,10,10,0,0,0,0,0,20,0,10,0,0,10,150,100,30,20,30,60,-30,10,-20,-40,20,60,50,10,30,20,10,10,-10,0,40,-30,-10,10,-50,-30,-20,-60,-30,-40,-10
197,10,0,10,10,0,10,0,20,0,0,0,130,30,0,0,0,0,0,0,0,0,0,-10,20,0,-10,0,0,0,0,0,0,0,0,0,0,0,0,0,0,0,0,0,-10,0,-10,0,0,0,0,0,0,10,0,0,0,10,10,0,0,0,0,0,20,0,10,0,0,10,150,100,30,20,30,60,-30,10,-20,-40,20,60,50,10,30,20,10,10,-10,0,40,-30,-10,10,-50,-30,-20,-60,-30,-40,-10,-10
198,0,10,10,0,10,0,20,0,0,0,130,30,0,0,0,0,0,0,0,0,0,-10,20,0,-10,0,0,0,0,0,0,0,0,0,0,0,0,0,0,0,0,0,-10,0,-10,0,0,0,0,0,0,10,0,0,0,10,10,0,0,0,0,0,20,0,10,0,0,10,150,100,30,20,30,60,-30,10,-20,-40,20,60,50,10,30,20,10,10,-10,0,40,-30,-10,10,-50,-30,-20,-60,-30,-40,-10,-10,10
199,10,10,0,10,0,20,0,0,0,130,30,0,0,0,0,0,0,0,0,0,-10,20,0,-10,0,0,0,0,0,0,0,0,0,0,0,0,0,0,0,0,0,-10,0,-10,0,0,0,0,0,0,10,0,0,0,10,10,0,0,0,0,0,20,0,10,0,0,10,150,100,30,20,30,60,-30,10,-20,-40,20,60,50,10,30,20,10,10,-10,0,40,-30,-10,10,-50,-30,-20,-60,-30,-40,-10,-10,10,0
200,10,0,10,0,20,0,0,0,130,30,0,0,0,0,0,0,0,0,0,-10,20,0,-10,0,0,0,0,0,0,0,0,0,0,0,0,0,0,0,0,0,-10,0,-10,0,0,0,0,0,0,10,0,0,0,10,10,0,0,0,0,0,20,0,10,0,0,10,150,100,30,20,30,60,-30,10,-20,-40,20,60,50,10,30,20,10,10,-10,0,40,-30,-10,10,-50,-30,-20,-60,-30,-40,-10,-10,10,0,-10
201,0,10,0,20,0,0,0,130,30,0,0,0,0,0,0,0,0,0,-10,20,0,-10,0,0,0,0,0,0,0,0,0,0,0,0,0,0,0,0,0,-10,0,-10,0,0,0,0,0,0,10,0,0,0,10,10,0,0,0,0,0,20,0,10,0,0,10,150,100,30,20,30,60,-30,10,-20,-40,20,60,50,10,30,20,10,10,-10,0,40,-30,-10,10,-50,-30,-20,-60,-30,-40,-10,-10,10,0,-10,-10
202,10,0,20,0,0,0,130,30,0,0,0,0,0,0,0,0,0,-10,20,0,-10,0,0,0,0,0,0,0,0,0,0,0,0,0,0,0,0,0,-10,0,-10,0,0,0,0,0,0,10,0,0,0,10,10,0,0,0,0,0,20,0,10,0,0,10,150,100,30,20,30,60,-30,10,-20,-40,20,60,50,10,30,20,10,10,-10,0,40,-30,-10,10,-50,-30,-20,-60,-30,-40,-10,-10,10,0,-10,-10,-10
203,0,20,0,0,0,130,30,0,0,0,0,0,0,0,0,0,-10,20,0,-10,0,0,0,0,0,0,0,0,0,0,0,0,0,0,0,0,0,-10,0,-10,0,0,0,0,0,0,10,0,0,0,10,10,0,0,0,0,0,20,0,10,0,0,10,150,100,30,20,30,60,-30,10,-20,-40,20,60,50,10,30,20,10,10,-10,0,40,-30,-10,10,-50,-30,-20,-60,-30,-40,-10,-10,10,0,-10,-10,-10,0
204,20,0,0,0,130,30,0,0,0,0,0,0,0,0,0,-10,20,0,-10,0,0,0,0,0,0,0,0,0,0,0,0,0,0,0,0,0,-10,0,-10,0,0,0,0,0,0,10,0,0,0,10,10,0,0,0,0,0,20,0,10,0,0,10,150,100,30,20,30,60,-30,10,-20,-40,20,60,50,10,30,20,10,10,-10,0,40,-30,-10,10,-50,-30,-20,-60,-30,-40,-10,-10,10,0,-10,-10,-10,0,10
205,0,0,0,130,30,0,0,0,0,0,0,0,0,0,-10,20,0,-10,0,0,0,0,0,0,0,0,0,0,0,0,0,0,0,0,0,-10,0,-10,0,0,0,0,0,0,10,0,0,0,10,10,0,0,0,0,0,20,0,10,0,0,10,150,100,30,20,30,60,-30,10,-20,-40,20,60,50,10,30,20,10,10,-10,0,40,-30,-10,10,-50,-30,-20,-60,-30,-40,-10,-10,10,0,-10,-10,-10,0,10,0
206,0,0,130,30,0,0,0,0,0,0,0,0,0,-10,20,0,-10,0,0,0,0,0,0,0,0,0,0,0,0,0,0,0,0,0,-10,0,-10,0,0,0,0,0,0,10,0,0,0,10,10,0,0,0,0,0,20,0,10,0,0,10,150,100,30,20,30,60,-30,10,-20,-40,20,60,50,10,30,20,10,10,-10,0,40,-30,-10,10,-50,-30,-20,-60,-30,-40,-10,-10,10,0,-10,-10,-10,0,10,0,-10
207,0,130,30,0,0,0,0,0,0,0,0,0,-10,20,0,-10,0,0,0,0,0,0,0,0,0,0,0,0,0,0,0,0,0,-10,0,-10,0,0,0,0,0,0,10,0,0,0,10,10,0,0,0,0,0,20,0,10,0,0,10,150,100,30,20,30,60,-30,10,-20,-40,20,60,50,10,30,20,10,10,-10,0,40,-30,-10,10,-50,-30,-20,-60,-30,-40,-10,-10,10,0,-10,-10,-10,0,10,0,-10,20
208,130,30,0,0,0,0,0,0,0,0,0,-10,20,0,-10,0,0,0,0,0,0,0,0,0,0,0,0,0,0,0,0,0,-10,0,-10,0,0,0,0,0,0,10,0,0,0,10,10,0,0,0,0,0,20,0,10,0,0,10,150,100,30,20,30,60,-30,10,-20,-40,20,60,50,10,30,20,10,10,-10,0,40,-30,-10,10,-50,-30,-20,-60,-30,-40,-10,-10,10,0,-10,-10,-10,0,10,0,-10,20,0
209,30,0,0,0,0,0,0,0,0,0,-10,20,0,-10,0,0,0,0,0,0,0,0,0,0,0,0,0,0,0,0,0,-10,0,-10,0,0,0,0,0,0,10,0,0,0,10,10,0,0,0,0,0,20,0,10,0,0,10,150,100,30,20,30,60,-30,10,-20,-40,20,60,50,10,30,20,10,10,-10,0,40,-30,-10,10,-50,-30,-20,-60,-30,-40,-10,-10,10,0,-10,-10,-10,0,10,0,-10,20,0,30
210,0,0,0,0,0,0,0,0,0,-10,20,0,-10,0,0,0,0,0,0,0,0,0,0,0,0,0,0,0,0,0,-10,0,-10,0,0,0,0,0,0,10,0,0,0,10,10,0,0,0,0,0,20,0,10,0,0,10,150,100,30,20,30,60,-30,10,-20,-40,20,60,50,10,30,20,10,10,-10,0,40,-30,-10,10,-50,-30,-20,-60,-30,-40,-10,-10,10,0,-10,-10,-10,0,10,0,-10,20,0,30,40
211,0,0,0,0,0,0,0,0,-10,20,0,-10,0,0,0,0,0,0,0,0,0,0,0,0,0,0,0,0,0,-10,0,-10,0,0,0,0,0,0,10,0,0,0,10,10,0,0,0,0,0,20,0,10,0,0,10,150,100,30,20,30,60,-30,10,-20,-40,20,60,50,10,30,20,10,10,-10,0,40,-30,-10,10,-50,-30,-20,-60,-30,-40,-10,-10,10,0,-10,-10,-10,0,10,0,-10,20,0,30,40,60
212,0,0,0,0,0,0,0,-10,20,0,-10,0,0,0,0,0,0,0,0,0,0,0,0,0,0,0,0,0,-10,0,-10,0,0,0,0,0,0,10,0,0,0,10,10,0,0,0,0,0,20,0,10,0,0,10,150,100,30,20,30,60,-30,10,-20,-40,20,60,50,10,30,20,10,10,-10,0,40,-30,-10,10,-50,-30,-20,-60,-30,-40,-10,-10,10,0,-10,-10,-10,0,10,0,-10,20,0,30,40,60,110
213,0,0,0,0,0,0,-10,20,0,-10,0,0,0,0,0,0,0,0,0,0,0,0,0,0,0,0,0,-10,0,-10,0,0,0,0,0,0,10,0,0,0,10,10,0,0,0,0,0,20,0,10,0,0,10,150,100,30,20,30,60,-30,10,-20,-40,20,60,50,10,30,20,10,10,-10,0,40,-30,-10,10,-50,-30,-20,-60,-30,-40,-10,-10,10,0,-10,-10,-10,0,10,0,-10,20,0,30,40,60,110,130
214,0,0,0,0,0,-10,20,0,-10,0,0,0,0,0,0,0,0,0,0,0,0,0,0,0,0,0,-10,0,-10,0,0,0,0,0,0,10,0,0,0,10,10,0,0,0,0,0,20,0,10,0,0,10,150,100,30,20,30,60,-30,10,-20,-40,20,60,50,10,30,20,10,10,-10,0,40,-30,-10,10,-50,-30,-20,-60,-30,-40,-10,-10,10,0,-10,-10,-10,0,10,0,-10,20,0,30,40,60,110,130,20
215,0,0,0,0,-10,20,0,-10,0,0,0,0,0,0,0,0,0,0,0,0,0,0,0,0,0,-10,0,-10,0,0,0,0,0,0,10,0,0,0,10,10,0,0,0,0,0,20,0,10,0,0,10,150,100,30,20,30,60,-30,10,-20,-40,20,60,50,10,30,20,10,10,-10,0,40,-30,-10,10,-50,-30,-20,-60,-30,-40,-10,-10,10,0,-10,-10,-10,0,10,0,-10,20,0,30,40,60,110,130,20,120
216,0,0,0,-10,20,0,-10,0,0,0,0,0,0,0,0,0,0,0,0,0,0,0,0,0,-10,0,-10,0,0,0,0,0,0,10,0,0,0,10,10,0,0,0,0,0,20,0,10,0,0,10,150,100,30,20,30,60,-30,10,-20,-40,20,60,50,10,30,20,10,10,-10,0,40,-30,-10,10,-50,-30,-20,-60,-30,-40,-10,-10,10,0,-10,-10,-10,0,10,0,-10,20,0,30,40,60,110,130,20,120,80
217,0,0,-10,20,0,-10,0,0,0,0,0,0,0,0,0,0,0,0,0,0,0,0,0,-10,0,-10,0,0,0,0,0,0,10,0,0,0,10,10,0,0,0,0,0,20,0,10,0,0,10,150,100,30,20,30,60,-30,10,-20,-40,20,60,50,10,30,20,10,10,-10,0,40,-30,-10,10,-50,-30,-20,-60,-30,-40,-10,-10,10,0,-10,-10,-10,0,10,0,-10,20,0,30,40,60,110,130,20,120,80,10
218,0,-10,20,0,-10,0,0,0,0,0,0,0,0,0,0,0,0,0,0,0,0,0,-10,0,-10,0,0,0,0,0,0,10,0,0,0,10,10,0,0,0,0,0,20,0,10,0,0,10,150,100,30,20,30,60,-30,10,-20,-40,20,60,50,10,30,20,10,10,-10,0,40,-30,-10,10,-50,-30,-20,-60,-30,-40,-10,-10,10,0,-10,-10,-10,0,10,0,-10,20,0,30,40,60,110,130,20,120,80,10,0
219,-10,20,0,-10,0,0,0,0,0,0,0,0,0,0,0,0,0,0,0,0,0,-10,0,-10,0,0,0,0,0,0,10,0,0,0,10,10,0,0,0,0,0,20,0,10,0,0,10,150,100,30,20,30,60,-30,10,-20,-40,20,60,50,10,30,20,10,10,-10,0,40,-30,-10,10,-50,-30,-20,-60,-30,-40,-10,-10,10,0,-10,-10,-10,0,10,0,-10,20,0,30,40,60,110,130,20,120,80,10,0,10
220,20,0,-10,0,0,0,0,0,0,0,0,0,0,0,0,0,0,0,0,0,-10,0,-10,0,0,0,0,0,0,10,0,0,0,10,10,0,0,0,0,0,20,0,10,0,0,10,150,100,30,20,30,60,-30,10,-20,-40,20,60,50,10,30,20,10,10,-10,0,40,-30,-10,10,-50,-30,-20,-60,-30,-40,-10,-10,10,0,-10,-10,-10,0,10,0,-10,20,0,30,40,60,110,130,20,120,80,10,0,10,0
221,0,-10,0,0,0,0,0,0,0,0,0,0,0,0,0,0,0,0,0,-10,0,-10,0,0,0,0,0,0,10,0,0,0,10,10,0,0,0,0,0,20,0,10,0,0,10,150,100,30,20,30,60,-30,10,-20,-40,20,60,50,10,30,20,10,10,-10,0,40,-30,-10,10,-50,-30,-20,-60,-30,-40,-10,-10,10,0,-10,-10,-10,0,10,0,-10,20,0,30,40,60,110,130,20,120,80,10,0,10,0,0
222,-10,0,0,0,0,0,0,0,0,0,0,0,0,0,0,0,0,0,-10,0,-10,0,0,0,0,0,0,10,0,0,0,10,10,0,0,0,0,0,20,0,10,0,0,10,150,100,30,20,30,60,-30,10,-20,-40,20,60,50,10,30,20,10,10,-10,0,40,-30,-10,10,-50,-30,-20,-60,-30,-40,-10,-10,10,0,-10,-10,-10,0,10,0,-10,20,0,30,40,60,110,130,20,120,80,10,0,10,0,0,-10
223,0,0,0,0,0,0,0,0,0,0,0,0,0,0,0,0,0,-10,0,-10,0,0,0,0,0,0,10,0,0,0,10,10,0,0,0,0,0,20,0,10,0,0,10,150,100,30,20,30,60,-30,10,-20,-40,20,60,50,10,30,20,10,10,-10,0,40,-30,-10,10,-50,-30,-20,-60,-30,-40,-10,-10,10,0,-10,-10,-10,0,10,0,-10,20,0,30,40,60,110,130,20,120,80,10,0,10,0,0,-10,0
224,0,0,0,0,0,0,0,0,0,0,0,0,0,0,0,0,-10,0,-10,0,0,0,0,0,0,10,0,0,0,10,10,0,0,0,0,0,20,0,10,0,0,10,150,100,30,20,30,60,-30,10,-20,-40,20,60,50,10,30,20,10,10,-10,0,40,-30,-10,10,-50,-30,-20,-60,-30,-40,-10,-10,10,0,-10,-10,-10,0,10,0,-10,20,0,30,40,60,110,130,20,120,80,10,0,10,0,0,-10,0,0
225,0,0,0,0,0,0,0,0,0,0,0,0,0,0,0,-10,0,-10,0,0,0,0,0,0,10,0,0,0,10,10,0,0,0,0,0,20,0,10,0,0,10,150,100,30,20,30,60,-30,10,-20,-40,20,60,50,10,30,20,10,10,-10,0,40,-30,-10,10,-50,-30,-20,-60,-30,-40,-10,-10,10,0,-10,-10,-10,0,10,0,-10,20,0,30,40,60,110,130,20,120,80,10,0,10,0,0,-10,0,0,10
226,0,0,0,0,0,0,0,0,0,0,0,0,0,0,-10,0,-10,0,0,0,0,0,0,10,0,0,0,10,10,0,0,0,0,0,20,0,10,0,0,10,150,100,30,20,30,60,-30,10,-20,-40,20,60,50,10,30,20,10,10,-10,0,40,-30,-10,10,-50,-30,-20,-60,-30,-40,-10,-10,10,0,-10,-10,-10,0,10,0,-10,20,0,30,40,60,110,130,20,120,80,10,0,10,0,0,-10,0,0,10,0
227,0,0,0,0,0,0,0,0,0,0,0,0,0,-10,0,-10,0,0,0,0,0,0,10,0,0,0,10,10,0,0,0,0,0,20,0,10,0,0,10,150,100,30,20,30,60,-30,10,-20,-40,20,60,50,10,30,20,10,10,-10,0,40,-30,-10,10,-50,-30,-20,-60,-30,-40,-10,-10,10,0,-10,-10,-10,0,10,0,-10,20,0,30,40,60,110,130,20,120,80,10,0,10,0,0,-10,0,0,10,0,-10
228,0,0,0,0,0,0,0,0,0,0,0,0,-10,0,-10,0,0,0,0,0,0,10,0,0,0,10,10,0,0,0,0,0,20,0,10,0,0,10,150,100,30,20,30,60,-30,10,-20,-40,20,60,50,10,30,20,10,10,-10,0,40,-30,-10,10,-50,-30,-20,-60,-30,-40,-10,-10,10,0,-10,-10,-10,0,10,0,-10,20,0,30,40,60,110,130,20,120,80,10,0,10,0,0,-10,0,0,10,0,-10,-60
229,0,0,0,0,0,0,0,0,0,0,0,-10,0,-10,0,0,0,0,0,0,10,0,0,0,10,10,0,0,0,0,0,20,0,10,0,0,10,150,100,30,20,30,60,-30,10,-20,-40,20,60,50,10,30,20,10,10,-10,0,40,-30,-10,10,-50,-30,-20,-60,-30,-40,-10,-10,10,0,-10,-10,-10,0,10,0,-10,20,0,30,40,60,110,130,20,120,80,10,0,10,0,0,-10,0,0,10,0,-10,-60,-10
230,0,0,0,0,0,0,0,0,0,0,-10,0,-10,0,0,0,0,0,0,10,0,0,0,10,10,0,0,0,0,0,20,0,10,0,0,10,150,100,30,20,30,60,-30,10,-20,-40,20,60,50,10,30,20,10,10,-10,0,40,-30,-10,10,-50,-30,-20,-60,-30,-40,-10,-10,10,0,-10,-10,-10,0,10,0,-10,20,0,30,40,60,110,130,20,120,80,10,0,10,0,0,-10,0,0,10,0,-10,-60,-10,-20
231,0,0,0,0,0,0,0,0,0,-10,0,-10,0,0,0,0,0,0,10,0,0,0,10,10,0,0,0,0,0,20,0,10,0,0,10,150,100,30,20,30,60,-30,10,-20,-40,20,60,50,10,30,20,10,10,-10,0,40,-30,-10,10,-50,-30,-20,-60,-30,-40,-10,-10,10,0,-10,-10,-10,0,10,0,-10,20,0,30,40,60,110,130,20,120,80,10,0,10,0,0,-10,0,0,10,0,-10,-60,-10,-20,0
232,0,0,0,0,0,0,0,0,-10,0,-10,0,0,0,0,0,0,10,0,0,0,10,10,0,0,0,0,0,20,0,10,0,0,10,150,100,30,20,30,60,-30,10,-20,-40,20,60,50,10,30,20,10,10,-10,0,40,-30,-10,10,-50,-30,-20,-60,-30,-40,-10,-10,10,0,-10,-10,-10,0,10,0,-10,20,0,30,40,60,110,130,20,120,80,10,0,10,0,0,-10,0,0,10,0,-10,-60,-10,-20,0,-40
233,0,0,0,0,0,0,0,-10,0,-10,0,0,0,0,0,0,10,0,0,0,10,10,0,0,0,0,0,20,0,10,0,0,10,150,100,30,20,30,60,-30,10,-20,-40,20,60,50,10,30,20,10,10,-10,0,40,-30,-10,10,-50,-30,-20,-60,-30,-40,-10,-10,10,0,-10,-10,-10,0,10,0,-10,20,0,30,40,60,110,130,20,120,80,10,0,10,0,0,-10,0,0,10,0,-10,-60,-10,-20,0,-40,0
234,0,0,0,0,0,0,-10,0,-10,0,0,0,0,0,0,10,0,0,0,10,10,0,0,0,0,0,20,0,10,0,0,10,150,100,30,20,30,60,-30,10,-20,-40,20,60,50,10,30,20,10,10,-10,0,40,-30,-10,10,-50,-30,-20,-60,-30,-40,-10,-10,10,0,-10,-10,-10,0,10,0,-10,20,0,30,40,60,110,130,20,120,80,10,0,10,0,0,-10,0,0,10,0,-10,-60,-10,-20,0,-40,0,-10
235,0,0,0,0,0,-10,0,-10,0,0,0,0,0,0,10,0,0,0,10,10,0,0,0,0,0,20,0,10,0,0,10,150,100,30,20,30,60,-30,10,-20,-40,20,60,50,10,30,20,10,10,-10,0,40,-30,-10,10,-50,-30,-20,-60,-30,-40,-10,-10,10,0,-10,-10,-10,0,10,0,-10,20,0,30,40,60,110,130,20,120,80,10,0,10,0,0,-10,0,0,10,0,-10,-60,-10,-20,0,-40,0,-10,0
236,0,0,0,0,-10,0,-10,0,0,0,0,0,0,10,0,0,0,10,10,0,0,0,0,0,20,0,10,0,0,10,150,100,30,20,30,60,-30,10,-20,-40,20,60,50,10,30,20,10,10,-10,0,40,-30,-10,10,-50,-30,-20,-60,-30,-40,-10,-10,10,0,-10,-10,-10,0,10,0,-10,20,0,30,40,60,110,130,20,120,80,10,0,10,0,0,-10,0,0,10,0,-10,-60,-10,-20,0,-40,0,-10,0,-10
237,0,0,0,-10,0,-10,0,0,0,0,0,0,10,0,0,0,10,10,0,0,0,0,0,20,0,10,0,0,10,150,100,30,20,30,60,-30,10,-20,-40,20,60,50,10,30,20,10,10,-10,0,40,-30,-10,10,-50,-30,-20,-60,-30,-40,-10,-10,10,0,-10,-10,-10,0,10,0,-10,20,0,30,40,60,110,130,20,120,80,10,0,10,0,0,-10,0,0,10,0,-10,-60,-10,-20,0,-40,0,-10,0,-10,-10
238,0,0,-10,0,-10,0,0,0,0,0,0,10,0,0,0,10,10,0,0,0,0,0,20,0,10,0,0,10,150,100,30,20,30,60,-30,10,-20,-40,20,60,50,10,30,20,10,10,-10,0,40,-30,-10,10,-50,-30,-20,-60,-30,-40,-10,-10,10,0,-10,-10,-10,0,10,0,-10,20,0,30,40,60,110,130,20,120,80,10,0,10,0,0,-10,0,0,10,0,-10,-60,-10,-20,0,-40,0,-10,0,-10,-10,-30
239,0,-10,0,-10,0,0,0,0,0,0,10,0,0,0,10,10,0,0,0,0,0,20,0,10,0,0,10,150,100,30,20,30,60,-30,10,-20,-40,20,60,50,10,30,20,10,10,-10,0,40,-30,-10,10,-50,-30,-20,-60,-30,-40,-10,-10,10,0,-10,-10,-10,0,10,0,-10,20,0,30,40,60,110,130,20,120,80,10,0,10,0,0,-10,0,0,10,0,-10,-60,-10,-20,0,-40,0,-10,0,-10,-10,-30,-10
240,-10,0,-10,0,0,0,0,0,0,10,0,0,0,10,10,0,0,0,0,0,20,0,10,0,0,10,150,100,30,20,30,60,-30,10,-20,-40,20,60,50,10,30,20,10,10,-10,0,40,-30,-10,10,-50,-30,-20,-60,-30,-40,-10,-10,10,0,-10,-10,-10,0,10,0,-10,20,0,30,40,60,110,130,20,120,80,10,0,10,0,0,-10,0,0,10,0,-10,-60,-10,-20,0,-40,0,-10,0,-10,-10,-30,-10,10
241,0,-10,0,0,0,0,0,0,10,0,0,0,10,10,0,0,0,0,0,20,0,10,0,0,10,150,100,30,20,30,60,-30,10,-20,-40,20,60,50,10,30,20,10,10,-10,0,40,-30,-10,10,-50,-30,-20,-60,-30,-40,-10,-10,10,0,-10,-10,-10,0,10,0,-10,20,0,30,40,60,110,130,20,120,80,10,0,10,0,0,-10,0,0,10,0,-10,-60,-10,-20,0,-40,0,-10,0,-10,-10,-30,-10,10,10
242,-10,0,0,0,0,0,0,10,0,0,0,10,10,0,0,0,0,0,20,0,10,0,0,10,150,100,30,20,30,60,-30,10,-20,-40,20,60,50,10,30,20,10,10,-10,0,40,-30,-10,10,-50,-30,-20,-60,-30,-40,-10,-10,10,0,-10,-10,-10,0,10,0,-10,20,0,30,40,60,110,130,20,120,80,10,0,10,0,0,-10,0,0,10,0,-10,-60,-10,-20,0,-40,0,-10,0,-10,-10,-30,-10,10,10,20
243,0,0,0,0,0,0,10,0,0,0,10,10,0,0,0,0,0,20,0,10,0,0,10,150,100,30,20,30,60,-30,10,-20,-40,20,60,50,10,30,20,10,10,-10,0,40,-30,-10,10,-50,-30,-20,-60,-30,-40,-10,-10,10,0,-10,-10,-10,0,10,0,-10,20,0,30,40,60,110,130,20,120,80,10,0,10,0,0,-10,0,0,10,0,-10,-60,-10,-20,0,-40,0,-10,0,-10,-10,-30,-10,10,10,20,70
244,0,0,0,0,0,10,0,0,0,10,10,0,0,0,0,0,20,0,10,0,0,10,150,100,30,20,30,60,-30,10,-20,-40,20,60,50,10,30,20,10,10,-10,0,40,-30,-10,10,-50,-30,-20,-60,-30,-40,-10,-10,10,0,-10,-10,-10,0,10,0,-10,20,0,30,40,60,110,130,20,120,80,10,0,10,0,0,-10,0,0,10,0,-10,-60,-10,-20,0,-40,0,-10,0,-10,-10,-30,-10,10,10,20,70,30
245,0,0,0,0,10,0,0,0,10,10,0,0,0,0,0,20,0,10,0,0,10,150,100,30,20,30,60,-30,10,-20,-40,20,60,50,10,30,20,10,10,-10,0,40,-30,-10,10,-50,-30,-20,-60,-30,-40,-10,-10,10,0,-10,-10,-10,0,10,0,-10,20,0,30,40,60,110,130,20,120,80,10,0,10,0,0,-10,0,0,10,0,-10,-60,-10,-20,0,-40,0,-10,0,-10,-10,-30,-10,10,10,20,70,30,30
246,0,0,0,10,0,0,0,10,10,0,0,0,0,0,20,0,10,0,0,10,150,100,30,20,30,60,-30,10,-20,-40,20,60,50,10,30,20,10,10,-10,0,40,-30,-10,10,-50,-30,-20,-60,-30,-40,-10,-10,10,0,-10,-10,-10,0,10,0,-10,20,0,30,40,60,110,130,20,120,80,10,0,10,0,0,-10,0,0,10,0,-10,-60,-10,-20,0,-40,0,-10,0,-10,-10,-30,-10,10,10,20,70,30,30,20
247,0,0,10,0,0,0,10,10,0,0,0,0,0,20,0,10,0,0,10,150,100,30,20,30,60,-30,10,-20,-40,20,60,50,10,30,20,10,10,-10,0,40,-30,-10,10,-50,-30,-20,-60,-30,-40,-10,-10,10,0,-10,-10,-10,0,10,0,-10,20,0,30,40,60,110,130,20,120,80,10,0,10,0,0,-10,0,0,10,0,-10,-60,-10,-20,0,-40,0,-10,0,-10,-10,-30,-10,10,10,20,70,30,30,20,0
248,0,10,0,0,0,10,10,0,0,0,0,0,20,0,10,0,0,10,150,100,30,20,30,60,-30,10,-20,-40,20,60,50,10,30,20,10,10,-10,0,40,-30,-10,10,-50,-30,-20,-60,-30,-40,-10,-10,10,0,-10,-10,-10,0,10,0,-10,20,0,30,40,60,110,130,20,120,80,10,0,10,0,0,-10,0,0,10,0,-10,-60,-10,-20,0,-40,0,-10,0,-10,-10,-30,-10,10,10,20,70,30,30,20,0,0
249,10,0,0,0,10,10,0,0,0,0,0,20,0,10,0,0,10,150,100,30,20,30,60,-30,10,-20,-40,20,60,50,10,30,20,10,10,-10,0,40,-30,-10,10,-50,-30,-20,-60,-30,-40,-10,-10,10,0,-10,-10,-10,0,10,0,-10,20,0,30,40,60,110,130,20,120,80,10,0,10,0,0,-10,0,0,10,0,-10,-60,-10,-20,0,-40,0,-10,0,-10,-10,-30,-10,10,10,20,70,30,30,20,0,0,-10
250,0,0,0,10,10,0,0,0,0,0,20,0,10,0,0,10,150,100,30,20,30,60,-30,10,-20,-40,20,60,50,10,30,20,10,10,-10,0,40,-30,-10,10,-50,-30,-20,-60,-30,-40,-10,-10,10,0,-10,-10,-10,0,10,0,-10,20,0,30,40,60,110,130,20,120,80,10,0,10,0,0,-10,0,0,10,0,-10,-60,-10,-20,0,-40,0,-10,0,-10,-10,-30,-10,10,10,20,70,30,30,20,0,0,-10,-10
251,0,0,10,10,0,0,0,0,0,20,0,10,0,0,10,150,100,30,20,30,60,-30,10,-20,-40,20,60,50,10,30,20,10,10,-10,0,40,-30,-10,10,-50,-30,-20,-60,-30,-40,-10,-10,10,0,-10,-10,-10,0,10,0,-10,20,0,30,40,60,110,130,20,120,80,10,0,10,0,0,-10,0,0,10,0,-10,-60,-10,-20,0,-40,0,-10,0,-10,-10,-30,-10,10,10,20,70,30,30,20,0,0,-10,-10,-20
252,0,10,10,0,0,0,0,0,20,0,10,0,0,10,150,100,30,20,30,60,-30,10,-20,-40,20,60,50,10,30,20,10,10,-10,0,40,-30,-10,10,-50,-30,-20,-60,-30,-40,-10,-10,10,0,-10,-10,-10,0,10,0,-10,20,0,30,40,60,110,130,20,120,80,10,0,10,0,0,-10,0,0,10,0,-10,-60,-10,-20,0,-40,0,-10,0,-10,-10,-30,-10,10,10,20,70,30,30,20,0,0,-10,-10,-20,0
253,10,10,0,0,0,0,0,20,0,10,0,0,10,150,100,30,20,30,60,-30,10,-20,-40,20,60,50,10,30,20,10,10,-10,0,40,-30,-10,10,-50,-30,-20,-60,-30,-40,-10,-10,10,0,-10,-10,-10,0,10,0,-10,20,0,30,40,60,110,130,20,120,80,10,0,10,0,0,-10,0,0,10,0,-10,-60,-10,-20,0,-40,0,-10,0,-10,-10,-30,-10,10,10,20,70,30,30,20,0,0,-10,-10,-20,0,0
254,10,0,0,0,0,0,20,0,10,0,0,10,150,100,30,20,30,60,-30,10,-20,-40,20,60,50,10,30,20,10,10,-10,0,40,-30,-10,10,-50,-30,-20,-60,-30,-40,-10,-10,10,0,-10,-10,-10,0,10,0,-10,20,0,30,40,60,110,130,20,120,80,10,0,10,0,0,-10,0,0,10,0,-10,-60,-10,-20,0,-40,0,-10,0,-10,-10,-30,-10,10,10,20,70,30,30,20,0,0,-10,-10,-20,0,0,-10
255,0,0,0,0,0,20,0,10,0,0,10,150,100,30,20,30,60,-30,10,-20,-40,20,60,50,10,30,20,10,10,-10,0,40,-30,-10,10,-50,-30,-20,-60,-30,-40,-10,-10,10,0,-10,-10,-10,0,10,0,-10,20,0,30,40,60,110,130,20,120,80,10,0,10,0,0,-10,0,0,10,0,-10,-60,-10,-20,0,-40,0,-10,0,-10,-10,-30,-10,10,10,20,70,30,30,20,0,0,-10,-10,-20,0,0,-10,-10
256,0,0,0,0,20,0,10,0,0,10,150,100,30,20,30,60,-30,10,-20,-40,20,60,50,10,30,20,10,10,-10,0,40,-30,-10,10,-50,-30,-20,-60,-30,-40,-10,-10,10,0,-10,-10,-10,0,10,0,-10,20,0,30,40,60,110,130,20,120,80,10,0,10,0,0,-10,0,0,10,0,-10,-60,-10,-20,0,-40,0,-10,0,-10,-10,-30,-10,10,10,20,70,30,30,20,0,0,-10,-10,-20,0,0,-10,-10,-10
257,0,0,0,20,0,10,0,0,10,150,100,30,20,30,60,-30,10,-20,-40,20,60,50,10,30,20,10,10,-10,0,40,-30,-10,10,-50,-30,-20,-60,-30,-40,-10,-10,10,0,-10,-10,-10,0,10,0,-10,20,0,30,40,60,110,130,20,120,80,10,0,10,0,0,-10,0,0,10,0,-10,-60,-10,-20,0,-40,0,-10,0,-10,-10,-30,-10,10,10,20,70,30,30,20,0,0,-10,-10,-20,0,0,-10,-10,-10,-10
258,0,0,20,0,10,0,0,10,150,100,30,20,30,60,-30,10,-20,-40,20,60,50,10,30,20,10,10,-10,0,40,-30,-10,10,-50,-30,-20,-60,-30,-40,-10,-10,10,0,-10,-10,-10,0,10,0,-10,20,0,30,40,60,110,130,20,120,80,10,0,10,0,0,-10,0,0,10,0,-10,-60,-10,-20,0,-40,0,-10,0,-10,-10,-30,-10,10,10,20,70,30,30,20,0,0,-10,-10,-20,0,0,-10,-10,-10,-10,10
259,0,20,0,10,0,0,10,150,100,30,20,30,60,-30,10,-20,-40,20,60,50,10,30,20,10,10,-10,0,40,-30,-10,10,-50,-30,-20,-60,-30,-40,-10,-10,10,0,-10,-10,-10,0,10,0,-10,20,0,30,40,60,110,130,20,120,80,10,0,10,0,0,-10,0,0,10,0,-10,-60,-10,-20,0,-40,0,-10,0,-10,-10,-30,-10,10,10,20,70,30,30,20,0,0,-10,-10,-20,0,0,-10,-10,-10,-10,10,10
260,20,0,10,0,0,10,150,100,30,20,30,60,-30,10,-20,-40,20,60,50,10,30,20,10,10,-10,0,40,-30,-10,10,-50,-30,-20,-60,-30,-40,-10,-10,10,0,-10,-10,-10,0,10,0,-10,20,0,30,40,60,110,130,20,120,80,10,0,10,0,0,-10,0,0,10,0,-10,-60,-10,-20,0,-40,0,-10,0,-10,-10,-30,-10,10,10,20,70,30,30,20,0,0,-10,-10,-20,0,0,-10,-10,-10,-10,10,10,0
261,0,10,0,0,10,150,100,30,20,30,60,-30,10,-20,-40,20,60,50,10,30,20,10,10,-10,0,40,-30,-10,10,-50,-30,-20,-60,-30,-40,-10,-10,10,0,-10,-10,-10,0,10,0,-10,20,0,30,40,60,110,130,20,120,80,10,0,10,0,0,-10,0,0,10,0,-10,-60,-10,-20,0,-40,0,-10,0,-10,-10,-30,-10,10,10,20,70,30,30,20,0,0,-10,-10,-20,0,0,-10,-10,-10,-10,10,10,0,0
262,10,0,0,10,150,100,30,20,30,60,-30,10,-20,-40,20,60,50,10,30,20,10,10,-10,0,40,-30,-10,10,-50,-30,-20,-60,-30,-40,-10,-10,10,0,-10,-10,-10,0,10,0,-10,20,0,30,40,60,110,130,20,120,80,10,0,10,0,0,-10,0,0,10,0,-10,-60,-10,-20,0,-40,0,-10,0,-10,-10,-30,-10,10,10,20,70,30,30,20,0,0,-10,-10,-20,0,0,-10,-10,-10,-10,10,10,0,0,0
263,0,0,10,150,100,30,20,30,60,-30,10,-20,-40,20,60,50,10,30,20,10,10,-10,0,40,-30,-10,10,-50,-30,-20,-60,-30,-40,-10,-10,10,0,-10,-10,-10,0,10,0,-10,20,0,30,40,60,110,130,20,120,80,10,0,10,0,0,-10,0,0,10,0,-10,-60,-10,-20,0,-40,0,-10,0,-10,-10,-30,-10,10,10,20,70,30,30,20,0,0,-10,-10,-20,0,0,-10,-10,-10,-10,10,10,0,0,0,0
264,0,10,150,100,30,20,30,60,-30,10,-20,-40,20,60,50,10,30,20,10,10,-10,0,40,-30,-10,10,-50,-30,-20,-60,-30,-40,-10,-10,10,0,-10,-10,-10,0,10,0,-10,20,0,30,40,60,110,130,20,120,80,10,0,10,0,0,-10,0,0,10,0,-10,-60,-10,-20,0,-40,0,-10,0,-10,-10,-30,-10,10,10,20,70,30,30,20,0,0,-10,-10,-20,0,0,-10,-10,-10,-10,10,10,0,0,0,0,-10
265,10,150,100,30,20,30,60,-30,10,-20,-40,20,60,50,10,30,20,10,10,-10,0,40,-30,-10,10,-50,-30,-20,-60,-30,-40,-10,-10,10,0,-10,-10,-10,0,10,0,-10,20,0,30,40,60,110,130,20,120,80,10,0,10,0,0,-10,0,0,10,0,-10,-60,-10,-20,0,-40,0,-10,0,-10,-10,-30,-10,10,10,20,70,30,30,20,0,0,-10,-10,-20,0,0,-10,-10,-10,-10,10,10,0,0,0,0,-10,10
266,150,100,30,20,30,60,-30,10,-20,-40,20,60,50,10,30,20,10,10,-10,0,40,-30,-10,10,-50,-30,-20,-60,-30,-40,-10,-10,10,0,-10,-10,-10,0,10,0,-10,20,0,30,40,60,110,130,20,120,80,10,0,10,0,0,-10,0,0,10,0,-10,-60,-10,-20,0,-40,0,-10,0,-10,-10,-30,-10,10,10,20,70,30,30,20,0,0,-10,-10,-20,0,0,-10,-10,-10,-10,10,10,0,0,0,0,-10,10,0
267,100,30,20,30,60,-30,10,-20,-40,20,60,50,10,30,20,10,10,-10,0,40,-30,-10,10,-50,-30,-20,-60,-30,-40,-10,-10,10,0,-10,-10,-10,0,10,0,-10,20,0,30,40,60,110,130,20,120,80,10,0,10,0,0,-10,0,0,10,0,-10,-60,-10,-20,0,-40,0,-10,0,-10,-10,-30,-10,10,10,20,70,30,30,20,0,0,-10,-10,-20,0,0,-10,-10,-10,-10,10,10,0,0,0,0,-10,10,0,10
268,30,20,30,60,-30,10,-20,-40,20,60,50,10,30,20,10,10,-10,0,40,-30,-10,10,-50,-30,-20,-60,-30,-40,-10,-10,10,0,-10,-10,-10,0,10,0,-10,20,0,30,40,60,110,130,20,120,80,10,0,10,0,0,-10,0,0,10,0,-10,-60,-10,-20,0,-40,0,-10,0,-10,-10,-30,-10,10,10,20,70,30,30,20,0,0,-10,-10,-20,0,0,-10,-10,-10,-10,10,10,0,0,0,0,-10,10,0,10,-10
269,20,30,60,-30,10,-20,-40,20,60,50,10,30,20,10,10,-10,0,40,-30,-10,10,-50,-30,-20,-60,-30,-40,-10,-10,10,0,-10,-10,-10,0,10,0,-10,20,0,30,40,60,110,130,20,120,80,10,0,10,0,0,-10,0,0,10,0,-10,-60,-10,-20,0,-40,0,-10,0,-10,-10,-30,-10,10,10,20,70,30,30,20,0,0,-10,-10,-20,0,0,-10,-10,-10,-10,10,10,0,0,0,0,-10,10,0,10,-10,0
270,30,60,-30,10,-20,-40,20,60,50,10,30,20,10,10,-10,0,40,-30,-10,10,-50,-30,-20,-60,-30,-40,-10,-10,10,0,-10,-10,-10,0,10,0,-10,20,0,30,40,60,110,130,20,120,80,10,0,10,0,0,-10,0,0,10,0,-10,-60,-10,-20,0,-40,0,-10,0,-10,-10,-30,-10,10,10,20,70,30,30,20,0,0,-10,-10,-20,0,0,-10,-10,-10,-10,10,10,0,0,0,0,-10,10,0,10,-10,0,20
271,60,-30,10,-20,-40,20,60,50,10,30,20,10,10,-10,0,40,-30,-10,10,-50,-30,-20,-60,-30,-40,-10,-10,10,0,-10,-10,-10,0,10,0,-10,20,0,30,40,60,110,130,20,120,80,10,0,10,0,0,-10,0,0,10,0,-10,-60,-10,-20,0,-40,0,-10,0,-10,-10,-30,-10,10,10,20,70,30,30,20,0,0,-10,-10,-20,0,0,-10,-10,-10,-10,10,10,0,0,0,0,-10,10,0,10,-10,0,20,-10
272,-30,10,-20,-40,20,60,50,10,30,20,10,10,-10,0,40,-30,-10,10,-50,-30,-20,-60,-30,-40,-10,-10,10,0,-10,-10,-10,0,10,0,-10,20,0,30,40,60,110,130,20,120,80,10,0,10,0,0,-10,0,0,10,0,-10,-60,-10,-20,0,-40,0,-10,0,-10,-10,-30,-10,10,10,20,70,30,30,20,0,0,-10,-10,-20,0,0,-10,-10,-10,-10,10,10,0,0,0,0,-10,10,0,10,-10,0,20,-10,10
273,10,-20,-40,20,60,50,10,30,20,10,10,-10,0,40,-30,-10,10,-50,-30,-20,-60,-30,-40,-10,-10,10,0,-10,-10,-10,0,10,0,-10,20,0,30,40,60,110,130,20,120,80,10,0,10,0,0,-10,0,0,10,0,-10,-60,-10,-20,0,-40,0,-10,0,-10,-10,-30,-10,10,10,20,70,30,30,20,0,0,-10,-10,-20,0,0,-10,-10,-10,-10,10,10,0,0,0,0,-10,10,0,10,-10,0,20,-10,10,10
274,-20,-40,20,60,50,10,30,20,10,10,-10,0,40,-30,-10,10,-50,-30,-20,-60,-30,-40,-10,-10,10,0,-10,-10,-10,0,10,0,-10,20,0,30,40,60,110,130,20,120,80,10,0,10,0,0,-10,0,0,10,0,-10,-60,-10,-20,0,-40,0,-10,0,-10,-10,-30,-10,10,10,20,70,30,30,20,0,0,-10,-10,-20,0,0,-10,-10,-10,-10,10,10,0,0,0,0,-10,10,0,10,-10,0,20,-10,10,10,10
275,-40,20,60,50,10,30,20,10,10,-10,0,40,-30,-10,10,-50,-30,-20,-60,-30,-40,-10,-10,10,0,-10,-10,-10,0,10,0,-10,20,0,30,40,60,110,130,20,120,80,10,0,10,0,0,-10,0,0,10,0,-10,-60,-10,-20,0,-40,0,-10,0,-10,-10,-30,-10,10,10,20,70,30,30,20,0,0,-10,-10,-20,0,0,-10,-10,-10,-10,10,10,0,0,0,0,-10,10,0,10,-10,0,20,-10,10,10,10,0
276,20,60,50,10,30,20,10,10,-10,0,40,-30,-10,10,-50,-30,-20,-60,-30,-40,-10,-10,10,0,-10,-10,-10,0,10,0,-10,20,0,30,40,60,110,130,20,120,80,10,0,10,0,0,-10,0,0,10,0,-10,-60,-10,-20,0,-40,0,-10,0,-10,-10,-30,-10,10,10,20,70,30,30,20,0,0,-10,-10,-20,0,0,-10,-10,-10,-10,10,10,0,0,0,0,-10,10,0,10,-10,0,20,-10,10,10,10,0,20
277,60,50,10,30,20,10,10,-10,0,40,-30,-10,10,-50,-30,-20,-60,-30,-40,-10,-10,10,0,-10,-10,-10,0,10,0,-10,20,0,30,40,60,110,130,20,120,80,10,0,10,0,0,-10,0,0,10,0,-10,-60,-10,-20,0,-40,0,-10,0,-10,-10,-30,-10,10,10,20,70,30,30,20,0,0,-10,-10,-20,0,0,-10,-10,-10,-10,10,10,0,0,0,0,-10,10,0,10,-10,0,20,-10,10,10,10,0,20,0
278,50,10,30,20,10,10,-10,0,40,-30,-10,10,-50,-30,-20,-60,-30,-40,-10,-10,10,0,-10,-10,-10,0,10,0,-10,20,0,30,40,60,110,130,20,120,80,10,0,10,0,0,-10,0,0,10,0,-10,-60,-10,-20,0,-40,0,-10,0,-10,-10,-30,-10,10,10,20,70,30,30,20,0,0,-10,-10,-20,0,0,-10,-10,-10,-10,10,10,0,0,0,0,-10,10,0,10,-10,0,20,-10,10,10,10,0,20,0,0
279,10,30,20,10,10,-10,0,40,-30,-10,10,-50,-30,-20,-60,-30,-40,-10,-10,10,0,-10,-10,-10,0,10,0,-10,20,0,30,40,60,110,130,20,120,80,10,0,10,0,0,-10,0,0,10,0,-10,-60,-10,-20,0,-40,0,-10,0,-10,-10,-30,-10,10,10,20,70,30,30,20,0,0,-10,-10,-20,0,0,-10,-10,-10,-10,10,10,0,0,0,0,-10,10,0,10,-10,0,20,-10,10,10,10,0,20,0,0,20
280,30,20,10,10,-10,0,40,-30,-10,10,-50,-30,-20,-60,-30,-40,-10,-10,10,0,-10,-10,-10,0,10,0,-10,20,0,30,40,60,110,130,20,120,80,10,0,10,0,0,-10,0,0,10,0,-10,-60,-10,-20,0,-40,0,-10,0,-10,-10,-30,-10,10,10,20,70,30,30,20,0,0,-10,-10,-20,0,0,-10,-10,-10,-10,10,10,0,0,0,0,-10,10,0,10,-10,0,20,-10,10,10,10,0,20,0,0,20,-10
281,20,10,10,-10,0,40,-30,-10,10,-50,-30,-20,-60,-30,-40,-10,-10,10,0,-10,-10,-10,0,10,0,-10,20,0,30,40,60,110,130,20,120,80,10,0,10,0,0,-10,0,0,10,0,-10,-60,-10,-20,0,-40,0,-10,0,-10,-10,-30,-10,10,10,20,70,30,30,20,0,0,-10,-10,-20,0,0,-10,-10,-10,-10,10,10,0,0,0,0,-10,10,0,10,-10,0,20,-10,10,10,10,0,20,0,0,20,-10,10
282,10,10,-10,0,40,-30,-10,10,-50,-30,-20,-60,-30,-40,-10,-10,10,0,-10,-10,-10,0,10,0,-10,20,0,30,40,60,110,130,20,120,80,10,0,10,0,0,-10,0,0,10,0,-10,-60,-10,-20,0,-40,0,-10,0,-10,-10,-30,-10,10,10,20,70,30,30,20,0,0,-10,-10,-20,0,0,-10,-10,-10,-10,10,10,0,0,0,0,-10,10,0,10,-10,0,20,-10,10,10,10,0,20,0,0,20,-10,10,30
283,10,-10,0,40,-30,-10,10,-50,-30,-20,-60,-30,-40,-10,-10,10,0,-10,-10,-10,0,10,0,-10,20,0,30,40,60,110,130,20,120,80,10,0,10,0,0,-10,0,0,10,0,-10,-60,-10,-20,0,-40,0,-10,0,-10,-10,-30,-10,10,10,20,70,30,30,20,0,0,-10,-10,-20,0,0,-10,-10,-10,-10,10,10,0,0,0,0,-10,10,0,10,-10,0,20,-10,10,10,10,0,20,0,0,20,-10,10,30,0
284,-10,0,40,-30,-10,10,-50,-30,-20,-60,-30,-40,-10,-10,10,0,-10,-10,-10,0,10,0,-10,20,0,30,40,60,110,130,20,120,80,10,0,10,0,0,-10,0,0,10,0,-10,-60,-10,-20,0,-40,0,-10,0,-10,-10,-30,-10,10,10,20,70,30,30,20,0,0,-10,-10,-20,0,0,-10,-10,-10,-10,10,10,0,0,0,0,-10,10,0,10,-10,0,20,-10,10,10,10,0,20,0,0,20,-10,10,30,0,-10
285,0,40,-30,-10,10,-50,-30,-20,-60,-30,-40,-10,-10,10,0,-10,-10,-10,0,10,0,-10,20,0,30,40,60,110,130,20,120,80,10,0,10,0,0,-10,0,0,10,0,-10,-60,-10,-20,0,-40,0,-10,0,-10,-10,-30,-10,10,10,20,70,30,30,20,0,0,-10,-10,-20,0,0,-10,-10,-10,-10,10,10,0,0,0,0,-10,10,0,10,-10,0,20,-10,10,10,10,0,20,0,0,20,-10,10,30,0,-10,20
286,40,-30,-10,10,-50,-30,-20,-60,-30,-40,-10,-10,10,0,-10,-10,-10,0,10,0,-10,20,0,30,40,60,110,130,20,120,80,10,0,10,0,0,-10,0,0,10,0,-10,-60,-10,-20,0,-40,0,-10,0,-10,-10,-30,-10,10,10,20,70,30,30,20,0,0,-10,-10,-20,0,0,-10,-10,-10,-10,10,10,0,0,0,0,-10,10,0,10,-10,0,20,-10,10,10,10,0,20,0,0,20,-10,10,30,0,-10,20,-10
287,-30,-10,10,-50,-30,-20,-60,-30,-40,-10,-10,10,0,-10,-10,-10,0,10,0,-10,20,0,30,40,60,110,130,20,120,80,10,0,10,0,0,-10,0,0,10,0,-10,-60,-10,-20,0,-40,0,-10,0,-10,-10,-30,-10,10,10,20,70,30,30,20,0,0,-10,-10,-20,0,0,-10,-10,-10,-10,10,10,0,0,0,0,-10,10,0,10,-10,0,20,-10,10,10,10,0,20,0,0,20,-10,10,30,0,-10,20,-10,0
288,-10,10,-50,-30,-20,-60,-30,-40,-10,-10,10,0,-10,-10,-10,0,10,0,-10,20,0,30,40,60,110,130,20,120,80,10,0,10,0,0,-10,0,0,10,0,-10,-60,-10,-20,0,-40,0,-10,0,-10,-10,-30,-10,10,10,20,70,30,30,20,0,0,-10,-10,-20,0,0,-10,-10,-10,-10,10,10,0,0,0,0,-10,10,0,10,-10,0,20,-10,10,10,10,0,20,0,0,20,-10,10,30,0,-10,20,-10,0,30
289,10,-50,-30,-20,-60,-30,-40,-10,-10,10,0,-10,-10,-10,0,10,0,-10,20,0,30,40,60,110,130,20,120,80,10,0,10,0,0,-10,0,0,10,0,-10,-60,-10,-20,0,-40,0,-10,0,-10,-10,-30,-10,10,10,20,70,30,30,20,0,0,-10,-10,-20,0,0,-10,-10,-10,-10,10,10,0,0,0,0,-10,10,0,10,-10,0,20,-10,10,10,10,0,20,0,0,20,-10,10,30,0,-10,20,-10,0,30,-10
290,-50,-30,-20,-60,-30,-40,-10,-10,10,0,-10,-10,-10,0,10,0,-10,20,0,30,40,60,110,130,20,120,80,10,0,10,0,0,-10,0,0,10,0,-10,-60,-10,-20,0,-40,0,-10,0,-10,-10,-30,-10,10,10,20,70,30,30,20,0,0,-10,-10,-20,0,0,-10,-10,-10,-10,10,10,0,0,0,0,-10,10,0,10,-10,0,20,-10,10,10,10,0,20,0,0,20,-10,10,30,0,-10,20,-10,0,30,-10,0
291,-30,-20,-60,-30,-40,-10,-10,10,0,-10,-10,-10,0,10,0,-10,20,0,30,40,60,110,130,20,120,80,10,0,10,0,0,-10,0,0,10,0,-10,-60,-10,-20,0,-40,0,-10,0,-10,-10,-30,-10,10,10,20,70,30,30,20,0,0,-10,-10,-20,0,0,-10,-10,-10,-10,10,10,0,0,0,0,-10,10,0,10,-10,0,20,-10,10,10,10,0,20,0,0,20,-10,10,30,0,-10,20,-10,0,30,-10,0,10
292,-20,-60,-30,-40,-10,-10,10,0,-10,-10,-10,0,10,0,-10,20,0,30,40,60,110,130,20,120,80,10,0,10,0,0,-10,0,0,10,0,-10,-60,-10,-20,0,-40,0,-10,0,-10,-10,-30,-10,10,10,20,70,30,30,20,0,0,-10,-10,-20,0,0,-10,-10,-10,-10,10,10,0,0,0,0,-10,10,0,10,-10,0,20,-10,10,10,10,0,20,0,0,20,-10,10,30,0,-10,20,-10,0,30,-10,0,10,0
293,-60,-30,-40,-10,-10,10,0,-10,-10,-10,0,10,0,-10,20,0,30,40,60,110,130,20,120,80,10,0,10,0,0,-10,0,0,10,0,-10,-60,-10,-20,0,-40,0,-10,0,-10,-10,-30,-10,10,10,20,70,30,30,20,0,0,-10,-10,-20,0,0,-10,-10,-10,-10,10,10,0,0,0,0,-10,10,0,10,-10,0,20,-10,10,10,10,0,20,0,0,20,-10,10,30,0,-10,20,-10,0,30,-10,0,10,0,10
294,-30,-40,-10,-10,10,0,-10,-10,-10,0,10,0,-10,20,0,30,40,60,110,130,20,120,80,10,0,10,0,0,-10,0,0,10,0,-10,-60,-10,-20,0,-40,0,-10,0,-10,-10,-30,-10,10,10,20,70,30,30,20,0,0,-10,-10,-20,0,0,-10,-10,-10,-10,10,10,0,0,0,0,-10,10,0,10,-10,0,20,-10,10,10,10,0,20,0,0,20,-10,10,30,0,-10,20,-10,0,30,-10,0,10,0,10,-10
295,-40,-10,-10,10,0,-10,-10,-10,0,10,0,-10,20,0,30,40,60,110,130,20,120,80,10,0,10,0,0,-10,0,0,10,0,-10,-60,-10,-20,0,-40,0,-10,0,-10,-10,-30,-10,10,10,20,70,30,30,20,0,0,-10,-10,-20,0,0,-10,-10,-10,-10,10,10,0,0,0,0,-10,10,0,10,-10,0,20,-10,10,10,10,0,20,0,0,20,-10,10,30,0,-10,20,-10,0,30,-10,0,10,0,10,-10,0
296,-10,-10,10,0,-10,-10,-10,0,10,0,-10,20,0,30,40,60,110,130,20,120,80,10,0,10,0,0,-10,0,0,10,0,-10,-60,-10,-20,0,-40,0,-10,0,-10,-10,-30,-10,10,10,20,70,30,30,20,0,0,-10,-10,-20,0,0,-10,-10,-10,-10,10,10,0,0,0,0,-10,10,0,10,-10,0,20,-10,10,10,10,0,20,0,0,20,-10,10,30,0,-10,20,-10,0,30,-10,0,10,0,10,-10,0,0
297,-10,10,0,-10,-10,-10,0,10,0,-10,20,0,30,40,60,110,130,20,120,80,10,0,10,0,0,-10,0,0,10,0,-10,-60,-10,-20,0,-40,0,-10,0,-10,-10,-30,-10,10,10,20,70,30,30,20,0,0,-10,-10,-20,0,0,-10,-10,-10,-10,10,10,0,0,0,0,-10,10,0,10,-10,0,20,-10,10,10,10,0,20,0,0,20,-10,10,30,0,-10,20,-10,0,30,-10,0,10,0,10,-10,0,0,0
298,10,0,-10,-10,-10,0,10,0,-10,20,0,30,40,60,110,130,20,120,80,10,0,10,0,0,-10,0,0,10,0,-10,-60,-10,-20,0,-40,0,-10,0,-10,-10,-30,-10,10,10,20,70,30,30,20,0,0,-10,-10,-20,0,0,-10,-10,-10,-10,10,10,0,0,0,0,-10,10,0,10,-10,0,20,-10,10,10,10,0,20,0,0,20,-10,10,30,0,-10,20,-10,0,30,-10,0,10,0,10,-10,0,0,0,0
299,0,-10,-10,-10,0,10,0,-10,20,0,30,40,60,110,130,20,120,80,10,0,10,0,0,-10,0,0,10,0,-10,-60,-10,-20,0,-40,0,-10,0,-10,-10,-30,-10,10,10,20,70,30,30,20,0,0,-10,-10,-20,0,0,-10,-10,-10,-10,10,10,0,0,0,0,-10,10,0,10,-10,0,20,-10,10,10,10,0,20,0,0,20,-10,10,30,0,-10,20,-10,0,30,-10,0,10,0,10,-10,0,0,0,0,10
300,-10,-10,-10,0,10,0,-10,20,0,30,40,60,110,130,20,120,80,10,0,10,0,0,-10,0,0,10,0,-10,-60,-10,-20,0,-40,0,-10,0,-10,-10,-30,-10,10,10,20,70,30,30,20,0,0,-10,-10,-20,0,0,-10,-10,-10,-10,10,10,0,0,0,0,-10,10,0,10,-10,0,20,-10,10,10,10,0,20,0,0,20,-10,10,30,0,-10,20,-10,0,30,-10,0,10,0,10,-10,0,0,0,0,10,0
301,-10,-10,0,10,0,-10,20,0,30,40,60,110,130,20,120,80,10,0,10,0,0,-10,0,0,10,0,-10,-60,-10,-20,0,-40,0,-10,0,-10,-10,-30,-10,10,10,20,70,30,30,20,0,0,-10,-10,-20,0,0,-10,-10,-10,-10,10,10,0,0,0,0,-10,10,0,10,-10,0,20,-10,10,10,10,0,20,0,0,20,-10,10,30,0,-10,20,-10,0,30,-10,0,10,0,10,-10,0,0,0,0,10,0,-10
302,-10,0,10,0,-10,20,0,30,40,60,110,130,20,120,80,10,0,10,0,0,-10,0,0,10,0,-10,-60,-10,-20,0,-40,0,-10,0,-10,-10,-30,-10,10,10,20,70,30,30,20,0,0,-10,-10,-20,0,0,-10,-10,-10,-10,10,10,0,0,0,0,-10,10,0,10,-10,0,20,-10,10,10,10,0,20,0,0,20,-10,10,30,0,-10,20,-10,0,30,-10,0,10,0,10,-10,0,0,0,0,10,0,-10,10
303,0,10,0,-10,20,0,30,40,60,110,130,20,120,80,10,0,10,0,0,-10,0,0,10,0,-10,-60,-10,-20,0,-40,0,-10,0,-10,-10,-30,-10,10,10,20,70,30,30,20,0,0,-10,-10,-20,0,0,-10,-10,-10,-10,10,10,0,0,0,0,-10,10,0,10,-10,0,20,-10,10,10,10,0,20,0,0,20,-10,10,30,0,-10,20,-10,0,30,-10,0,10,0,10,-10,0,0,0,0,10,0,-10,10,10
304,10,0,-10,20,0,30,40,60,110,130,20,120,80,10,0,10,0,0,-10,0,0,10,0,-10,-60,-10,-20,0,-40,0,-10,0,-10,-10,-30,-10,10,10,20,70,30,30,20,0,0,-10,-10,-20,0,0,-10,-10,-10,-10,10,10,0,0,0,0,-10,10,0,10,-10,0,20,-10,10,10,10,0,20,0,0,20,-10,10,30,0,-10,20,-10,0,30,-10,0,10,0,10,-10,0,0,0,0,10,0,-10,10,10,-10
305,0,-10,20,0,30,40,60,110,130,20,120,80,10,0,10,0,0,-10,0,0,10,0,-10,-60,-10,-20,0,-40,0,-10,0,-10,-10,-30,-10,10,10,20,70,30,30,20,0,0,-10,-10,-20,0,0,-10,-10,-10,-10,10,10,0,0,0,0,-10,10,0,10,-10,0,20,-10,10,10,10,0,20,0,0,20,-10,10,30,0,-10,20,-10,0,30,-10,0,10,0,10,-10,0,0,0,0,10,0,-10,10,10,-10,-10
306,-10,20,0,30,40,60,110,130,20,120,80,10,0,10,0,0,-10,0,0,10,0,-10,-60,-10,-20,0,-40,0,-10,0,-10,-10,-30,-10,10,10,20,70,30,30,20,0,0,-10,-10,-20,0,0,-10,-10,-10,-10,10,10,0,0,0,0,-10,10,0,10,-10,0,20,-10,10,10,10,0,20,0,0,20,-10,10,30,0,-10,20,-10,0,30,-10,0,10,0,10,-10,0,0,0,0,10,0,-10,10,10,-10,-10,-10
307,20,0,30,40,60,110,130,20,120,80,10,0,10,0,0,-10,0,0,10,0,-10,-60,-10,-20,0,-40,0,-10,0,-10,-10,-30,-10,10,10,20,70,30,30,20,0,0,-10,-10,-20,0,0,-10,-10,-10,-10,10,10,0,0,0,0,-10,10,0,10,-10,0,20,-10,10,10,10,0,20,0,0,20,-10,10,30,0,-10,20,-10,0,30,-10,0,10,0,10,-10,0,0,0,0,10,0,-10,10,10,-10,-10,-10,-10
308,0,30,40,60,110,130,20,120,80,10,0,10,0,0,-10,0,0,10,0,-10,-60,-10,-20,0,-40,0,-10,0,-10,-10,-30,-10,10,10,20,70,30,30,20,0,0,-10,-10,-20,0,0,-10,-10,-10,-10,10,10,0,0,0,0,-10,10,0,10,-10,0,20,-10,10,10,10,0,20,0,0,20,-10,10,30,0,-10,20,-10,0,30,-10,0,10,0,10,-10,0,0,0,0,10,0,-10,10,10,-10,-10,-10,-10,0
309,30,40,60,110,130,20,120,80,10,0,10,0,0,-10,0,0,10,0,-10,-60,-10,-20,0,-40,0,-10,0,-10,-10,-30,-10,10,10,20,70,30,30,20,0,0,-10,-10,-20,0,0,-10,-10,-10,-10,10,10,0,0,0,0,-10,10,0,10,-10,0,20,-10,10,10,10,0,20,0,0,20,-10,10,30,0,-10,20,-10,0,30,-10,0,10,0,10,-10,0,0,0,0,10,0,-10,10,10,-10,-10,-10,-10,0,20
310,40,60,110,130,20,120,80,10,0,10,0,0,-10,0,0,10,0,-10,-60,-10,-20,0,-40,0,-10,0,-10,-10,-30,-10,10,10,20,70,30,30,20,0,0,-10,-10,-20,0,0,-10,-10,-10,-10,10,10,0,0,0,0,-10,10,0,10,-10,0,20,-10,10,10,10,0,20,0,0,20,-10,10,30,0,-10,20,-10,0,30,-10,0,10,0,10,-10,0,0,0,0,10,0,-10,10,10,-10,-10,-10,-10,0,20,0
311,60,110,130,20,120,80,10,0,10,0,0,-10,0,0,10,0,-10,-60,-10,-20,0,-40,0,-10,0,-10,-10,-30,-10,10,10,20,70,30,30,20,0,0,-10,-10,-20,0,0,-10,-10,-10,-10,10,10,0,0,0,0,-10,10,0,10,-10,0,20,-10,10,10,10,0,20,0,0,20,-10,10,30,0,-10,20,-10,0,30,-10,0,10,0,10,-10,0,0,0,0,10,0,-10,10,10,-10,-10,-10,-10,0,20,0,10
312,110,130,20,120,80,10,0,10,0,0,-10,0,0,10,0,-10,-60,-10,-20,0,-40,0,-10,0,-10,-10,-30,-10,10,10,20,70,30,30,20,0,0,-10,-10,-20,0,0,-10,-10,-10,-10,10,10,0,0,0,0,-10,10,0,10,-10,0,20,-10,10,10,10,0,20,0,0,20,-10,10,30,0,-10,20,-10,0,30,-10,0,10,0,10,-10,0,0,0,0,10,0,-10,10,10,-10,-10,-10,-10,0,20,0,10,0
313,130,20,120,80,10,0,10,0,0,-10,0,0,10,0,-10,-60,-10,-20,0,-40,0,-10,0,-10,-10,-30,-10,10,10,20,70,30,30,20,0,0,-10,-10,-20,0,0,-10,-10,-10,-10,10,10,0,0,0,0,-10,10,0,10,-10,0,20,-10,10,10,10,0,20,0,0,20,-10,10,30,0,-10,20,-10,0,30,-10,0,10,0,10,-10,0,0,0,0,10,0,-10,10,10,-10,-10,-10,-10,0,20,0,10,0,0
314,20,120,80,10,0,10,0,0,-10,0,0,10,0,-10,-60,-10,-20,0,-40,0,-10,0,-10,-10,-30,-10,10,10,20,70,30,30,20,0,0,-10,-10,-20,0,0,-10,-10,-10,-10,10,10,0,0,0,0,-10,10,0,10,-10,0,20,-10,10,10,10,0,20,0,0,20,-10,10,30,0,-10,20,-10,0,30,-10,0,10,0,10,-10,0,0,0,0,10,0,-10,10,10,-10,-10,-10,-10,0,20,0,10,0,0,-10
315,120,80,10,0,10,0,0,-10,0,0,10,0,-10,-60,-10,-20,0,-40,0,-10,0,-10,-10,-30,-10,10,10,20,70,30,30,20,0,0,-10,-10,-20,0,0,-10,-10,-10,-10,10,10,0,0,0,0,-10,10,0,10,-10,0,20,-10,10,10,10,0,20,0,0,20,-10,10,30,0,-10,20,-10,0,30,-10,0,10,0,10,-10,0,0,0,0,10,0,-10,10,10,-10,-10,-10,-10,0,20,0,10,0,0,-10,10
316,80,10,0,10,0,0,-10,0,0,10,0,-10,-60,-10,-20,0,-40,0,-10,0,-10,-10,-30,-10,10,10,20,70,30,30,20,0,0,-10,-10,-20,0,0,-10,-10,-10,-10,10,10,0,0,0,0,-10,10,0,10,-10,0,20,-10,10,10,10,0,20,0,0,20,-10,10,30,0,-10,20,-10,0,30,-10,0,10,0,10,-10,0,0,0,0,10,0,-10,10,10,-10,-10,-10,-10,0,20,0,10,0,0,-10,10,0
317,10,0,10,0,0,-10,0,0,10,0,-10,-60,-10,-20,0,-40,0,-10,0,-10,-10,-30,-10,10,10,20,70,30,30,20,0,0,-10,-10,-20,0,0,-10,-10,-10,-10,10,10,0,0,0,0,-10,10,0,10,-10,0,20,-10,10,10,10,0,20,0,0,20,-10,10,30,0,-10,20,-10,0,30,-10,0,10,0,10,-10,0,0,0,0,10,0,-10,10,10,-10,-10,-10,-10,0,20,0,10,0,0,-10,10,0,0
318,0,10,0,0,-10,0,0,10,0,-10,-60,-10,-20,0,-40,0,-10,0,-10,-10,-30,-10,10,10,20,70,30,30,20,0,0,-10,-10,-20,0,0,-10,-10,-10,-10,10,10,0,0,0,0,-10,10,0,10,-10,0,20,-10,10,10,10,0,20,0,0,20,-10,10,30,0,-10,20,-10,0,30,-10,0,10,0,10,-10,0,0,0,0,10,0,-10,10,10,-10,-10,-10,-10,0,20,0,10,0,0,-10,10,0,0,0
319,10,0,0,-10,0,0,10,0,-10,-60,-10,-20,0,-40,0,-10,0,-10,-10,-30,-10,10,10,20,70,30,30,20,0,0,-10,-10,-20,0,0,-10,-10,-10,-10,10,10,0,0,0,0,-10,10,0,10,-10,0,20,-10,10,10,10,0,20,0,0,20,-10,10,30,0,-10,20,-10,0,30,-10,0,10,0,10,-10,0,0,0,0,10,0,-10,10,10,-10,-10,-10,-10,0,20,0,10,0,0,-10,10,0,0,0,0
320,0,0,-10,0,0,10,0,-10,-60,-10,-20,0,-40,0,-10,0,-10,-10,-30,-10,10,10,20,70,30,30,20,0,0,-10,-10,-20,0,0,-10,-10,-10,-10,10,10,0,0,0,0,-10,10,0,10,-10,0,20,-10,10,10,10,0,20,0,0,20,-10,10,30,0,-10,20,-10,0,30,-10,0,10,0,10,-10,0,0,0,0,10,0,-10,10,10,-10,-10,-10,-10,0,20,0,10,0,0,-10,10,0,0,0,0,0
321,0,-10,0,0,10,0,-10,-60,-10,-20,0,-40,0,-10,0,-10,-10,-30,-10,10,10,20,70,30,30,20,0,0,-10,-10,-20,0,0,-10,-10,-10,-10,10,10,0,0,0,0,-10,10,0,10,-10,0,20,-10,10,10,10,0,20,0,0,20,-10,10,30,0,-10,20,-10,0,30,-10,0,10,0,10,-10,0,0,0,0,10,0,-10,10,10,-10,-10,-10,-10,0,20,0,10,0,0,-10,10,0,0,0,0,0,0
322,-10,0,0,10,0,-10,-60,-10,-20,0,-40,0,-10,0,-10,-10,-30,-10,10,10,20,70,30,30,20,0,0,-10,-10,-20,0,0,-10,-10,-10,-10,10,10,0,0,0,0,-10,10,0,10,-10,0,20,-10,10,10,10,0,20,0,0,20,-10,10,30,0,-10,20,-10,0,30,-10,0,10,0,10,-10,0,0,0,0,10,0,-10,10,10,-10,-10,-10,-10,0,20,0,10,0,0,-10,10,0,0,0,0,0,0,0
323,0,0,10,0,-10,-60,-10,-20,0,-40,0,-10,0,-10,-10,-30,-10,10,10,20,70,30,30,20,0,0,-10,-10,-20,0,0,-10,-10,-10,-10,10,10,0,0,0,0,-10,10,0,10,-10,0,20,-10,10,10,10,0,20,0,0,20,-10,10,30,0,-10,20,-10,0,30,-10,0,10,0,10,-10,0,0,0,0,10,0,-10,10,10,-10,-10,-10,-10,0,20,0,10,0,0,-10,10,0,0,0,0,0,0,0,0
324,0,10,0,-10,-60,-10,-20,0,-40,0,-10,0,-10,-10,-30,-10,10,10,20,70,30,30,20,0,0,-10,-10,-20,0,0,-10,-10,-10,-10,10,10,0,0,0,0,-10,10,0,10,-10,0,20,-10,10,10,10,0,20,0,0,20,-10,10,30,0,-10,20,-10,0,30,-10,0,10,0,10,-10,0,0,0,0,10,0,-10,10,10,-10,-10,-10,-10,0,20,0,10,0,0,-10,10,0,0,0,0,0,0,0,0,0
325,10,0,-10,-60,-10,-20,0,-40,0,-10,0,-10,-10,-30,-10,10,10,20,70,30,30,20,0,0,-10,-10,-20,0,0,-10,-10,-10,-10,10,10,0,0,0,0,-10,10,0,10,-10,0,20,-10,10,10,10,0,20,0,0,20,-10,10,30,0,-10,20,-10,0,30,-10,0,10,0,10,-10,0,0,0,0,10,0,-10,10,10,-10,-10,-10,-10,0,20,0,10,0,0,-10,10,0,0,0,0,0,0,0,0,0,10
326,0,-10,-60,-10,-20,0,-40,0,-10,0,-10,-10,-30,-10,10,10,20,70,30,30,20,0,0,-10,-10,-20,0,0,-10,-10,-10,-10,10,10,0,0,0,0,-10,10,0,10,-10,0,20,-10,10,10,10,0,20,0,0,20,-10,10,30,0,-10,20,-10,0,30,-10,0,10,0,10,-10,0,0,0,0,10,0,-10,10,10,-10,-10,-10,-10,0,20,0,10,0,0,-10,10,0,0,0,0,0,0,0,0,0,10,0
327,-10,-60,-10,-20,0,-40,0,-10,0,-10,-10,-30,-10,10,10,20,70,30,30,20,0,0,-10,-10,-20,0,0,-10,-10,-10,-10,10,10,0,0,0,0,-10,10,0,10,-10,0,20,-10,10,10,10,0,20,0,0,20,-10,10,30,0,-10,20,-10,0,30,-10,0,10,0,10,-10,0,0,0,0,10,0,-10,10,10,-10,-10,-10,-10,0,20,0,10,0,0,-10,10,0,0,0,0,0,0,0,0,0,10,0,0
328,-60,-10,-20,0,-40,0,-10,0,-10,-10,-30,-10,10,10,20,70,30,30,20,0,0,-10,-10,-20,0,0,-10,-10,-10,-10,10,10,0,0,0,0,-10,10,0,10,-10,0,20,-10,10,10,10,0,20,0,0,20,-10,10,30,0,-10,20,-10,0,30,-10,0,10,0,10,-10,0,0,0,0,10,0,-10,10,10,-10,-10,-10,-10,0,20,0,10,0,0,-10,10,0,0,0,0,0,0,0,0,0,10,0,0,10
329,-10,-20,0,-40,0,-10,0,-10,-10,-30,-10,10,10,20,70,30,30,20,0,0,-10,-10,-20,0,0,-10,-10,-10,-10,10,10,0,0,0,0,-10,10,0,10,-10,0,20,-10,10,10,10,0,20,0,0,20,-10,10,30,0,-10,20,-10,0,30,-10,0,10,0,10,-10,0,0,0,0,10,0,-10,10,10,-10,-10,-10,-10,0,20,0,10,0,0,-10,10,0,0,0,0,0,0,0,0,0,10,0,0,10,0
330,-20,0,-40,0,-10,0,-10,-10,-30,-10,10,10,20,70,30,30,20,0,0,-10,-10,-20,0,0,-10,-10,-10,-10,10,10,0,0,0,0,-10,10,0,10,-10,0,20,-10,10,10,10,0,20,0,0,20,-10,10,30,0,-10,20,-10,0,30,-10,0,10,0,10,-10,0,0,0,0,10,0,-10,10,10,-10,-10,-10,-10,0,20,0,10,0,0,-10,10,0,0,0,0,0,0,0,0,0,10,0,0,10,0,0
331,0,-40,0,-10,0,-10,-10,-30,-10,10,10,20,70,30,30,20,0,0,-10,-10,-20,0,0,-10,-10,-10,-10,10,10,0,0,0,0,-10,10,0,10,-10,0,20,-10,10,10,10,0,20,0,0,20,-10,10,30,0,-10,20,-10,0,30,-10,0,10,0,10,-10,0,0,0,0,10,0,-10,10,10,-10,-10,-10,-10,0,20,0,10,0,0,-10,10,0,0,0,0,0,0,0,0,0,10,0,0,10,0,0,0
332,-40,0,-10,0,-10,-10,-30,-10,10,10,20,70,30,30,20,0,0,-10,-10,-20,0,0,-10,-10,-10,-10,10,10,0,0,0,0,-10,10,0,10,-10,0,20,-10,10,10,10,0,20,0,0,20,-10,10,30,0,-10,20,-10,0,30,-10,0,10,0,10,-10,0,0,0,0,10,0,-10,10,10,-10,-10,-10,-10,0,20,0,10,0,0,-10,10,0,0,0,0,0,0,0,0,0,10,0,0,10,0,0,0,-10
333,0,-10,0,-10,-10,-30,-10,10,10,20,70,30,30,20,0,0,-10,-10,-20,0,0,-10,-10,-10,-10,10,10,0,0,0,0,-10,10,0,10,-10,0,20,-10,10,10,10,0,20,0,0,20,-10,10,30,0,-10,20,-10,0,30,-10,0,10,0,10,-10,0,0,0,0,10,0,-10,10,10,-10,-10,-10,-10,0,20,0,10,0,0,-10,10,0,0,0,0,0,0,0,0,0,10,0,0,10,0,0,0,-10,-20
334,-10,0,-10,-10,-30,-10,10,10,20,70,30,30,20,0,0,-10,-10,-20,0,0,-10,-10,-10,-10,10,10,0,0,0,0,-10,10,0,10,-10,0,20,-10,10,10,10,0,20,0,0,20,-10,10,30,0,-10,20,-10,0,30,-10,0,10,0,10,-10,0,0,0,0,10,0,-10,10,10,-10,-10,-10,-10,0,20,0,10,0,0,-10,10,0,0,0,0,0,0,0,0,0,10,0,0,10,0,0,0,-10,-20,0
335,0,-10,-10,-30,-10,10,10,20,70,30,30,20,0,0,-10,-10,-20,0,0,-10,-10,-10,-10,10,10,0,0,0,0,-10,10,0,10,-10,0,20,-10,10,10,10,0,20,0,0,20,-10,10,30,0,-10,20,-10,0,30,-10,0,10,0,10,-10,0,0,0,0,10,0,-10,10,10,-10,-10,-10,-10,0,20,0,10,0,0,-10,10,0,0,0,0,0,0,0,0,0,10,0,0,10,0,0,0,-10,-20,0,0
336,-10,-10,-30,-10,10,10,20,70,30,30,20,0,0,-10,-10,-20,0,0,-10,-10,-10,-10,10,10,0,0,0,0,-10,10,0,10,-10,0,20,-10,10,10,10,0,20,0,0,20,-10,10,30,0,-10,20,-10,0,30,-10,0,10,0,10,-10,0,0,0,0,10,0,-10,10,10,-10,-10,-10,-10,0,20,0,10,0,0,-10,10,0,0,0,0,0,0,0,0,0,10,0,0,10,0,0,0,-10,-20,0,0,-10
337,-10,-30,-10,10,10,20,70,30,30,20,0,0,-10,-10,-20,0,0,-10,-10,-10,-10,10,10,0,0,0,0,-10,10,0,10,-10,0,20,-10,10,10,10,0,20,0,0,20,-10,10,30,0,-10,20,-10,0,30,-10,0,10,0,10,-10,0,0,0,0,10,0,-10,10,10,-10,-10,-10,-10,0,20,0,10,0,0,-10,10,0,0,0,0,0,0,0,0,0,10,0,0,10,0,0,0,-10,-20,0,0,-10,0
338,-30,-10,10,10,20,70,30,30,20,0,0,-10,-10,-20,0,0,-10,-10,-10,-10,10,10,0,0,0,0,-10,10,0,10,-10,0,20,-10,10,10,10,0,20,0,0,20,-10,10,30,0,-10,20,-10,0,30,-10,0,10,0,10,-10,0,0,0,0,10,0,-10,10,10,-10,-10,-10,-10,0,20,0,10,0,0,-10,10,0,0,0,0,0,0,0,0,0,10,0,0,10,0,0,0,-10,-20,0,0,-10,0,0
339,-10,10,10,20,70,30,30,20,0,0,-10,-10,-20,0,0,-10,-10,-10,-10,10,10,0,0,0,0,-10,10,0,10,-10,0,20,-10,10,10,10,0,20,0,0,20,-10,10,30,0,-10,20,-10,0,30,-10,0,10,0,10,-10,0,0,0,0,10,0,-10,10,10,-10,-10,-10,-10,0,20,0,10,0,0,-10,10,0,0,0,0,0,0,0,0,0,10,0,0,10,0,0,0,-10,-20,0,0,-10,0,0,0
340,10,10,20,70,30,30,20,0,0,-10,-10,-20,0,0,-10,-10,-10,-10,10,10,0,0,0,0,-10,10,0,10,-10,0,20,-10,10,10,10,0,20,0,0,20,-10,10,30,0,-10,20,-10,0,30,-10,0,10,0,10,-10,0,0,0,0,10,0,-10,10,10,-10,-10,-10,-10,0,20,0,10,0,0,-10,10,0,0,0,0,0,0,0,0,0,10,0,0,10,0,0,0,-10,-20,0,0,-10,0,0,0,-10
341,10,20,70,30,30,20,0,0,-10,-10,-20,0,0,-10,-10,-10,-10,10,10,0,0,0,0,-10,10,0,10,-10,0,20,-10,10,10,10,0,20,0,0,20,-10,10,30,0,-10,20,-10,0,30,-10,0,10,0,10,-10,0,0,0,0,10,0,-10,10,10,-10,-10,-10,-10,0,20,0,10,0,0,-10,10,0,0,0,0,0,0,0,0,0,10,0,0,10,0,0,0,-10,-20,0,0,-10,0,0,0,-10,-10
342,20,70,30,30,20,0,0,-10,-10,-20,0,0,-10,-10,-10,-10,10,10,0,0,0,0,-10,10,0,10,-10,0,20,-10,10,10,10,0,20,0,0,20,-10,10,30,0,-10,20,-10,0,30,-10,0,10,0,10,-10,0,0,0,0,10,0,-10,10,10,-10,-10,-10,-10,0,20,0,10,0,0,-10,10,0,0,0,0,0,0,0,0,0,10,0,0,10,0,0,0,-10,-20,0,0,-10,0,0,0,-10,-10,-30
343,70,30,30,20,0,0,-10,-10,-20,0,0,-10,-10,-10,-10,10,10,0,0,0,0,-10,10,0,10,-10,0,20,-10,10,10,10,0,20,0,0,20,-10,10,30,0,-10,20,-10,0,30,-10,0,10,0,10,-10,0,0,0,0,10,0,-10,10,10,-10,-10,-10,-10,0,20,0,10,0,0,-10,10,0,0,0,0,0,0,0,0,0,10,0,0,10,0,0,0,-10,-20,0,0,-10,0,0,0,-10,-10,-30,-10
344,30,30,20,0,0,-10,-10,-20,0,0,-10,-10,-10,-10,10,10,0,0,0,0,-10,10,0,10,-10,0,20,-10,10,10,10,0,20,0,0,20,-10,10,30,0,-10,20,-10,0,30,-10,0,10,0,10,-10,0,0,0,0,10,0,-10,10,10,-10,-10,-10,-10,0,20,0,10,0,0,-10,10,0,0,0,0,0,0,0,0,0,10,0,0,10,0,0,0,-10,-20,0,0,-10,0,0,0,-10,-10,-30,-10,0
345,30,20,0,0,-10,-10,-20,0,0,-10,-10,-10,-10,10,10,0,0,0,0,-10,10,0,10,-10,0,20,-10,10,10,10,0,20,0,0,20,-10,10,30,0,-10,20,-10,0,30,-10,0,10,0,10,-10,0,0,0,0,10,0,-10,10,10,-10,-10,-10,-10,0,20,0,10,0,0,-10,10,0,0,0,0,0,0,0,0,0,10,0,0,10,0,0,0,-10,-20,0,0,-10,0,0,0,-10,-10,-30,-10,0,-10
346,20,0,0,-10,-10,-20,0,0,-10,-10,-10,-10,10,10,0,0,0,0,-10,10,0,10,-10,0,20,-10,10,10,10,0,20,0,0,20,-10,10,30,0,-10,20,-10,0,30,-10,0,10,0,10,-10,0,0,0,0,10,0,-10,10,10,-10,-10,-10,-10,0,20,0,10,0,0,-10,10,0,0,0,0,0,0,0,0,0,10,0,0,10,0,0,0,-10,-20,0,0,-10,0,0,0,-10,-10,-30,-10,0,-10,0
347,0,0,-10,-10,-20,0,0,-10,-10,-10,-10,10,10,0,0,0,0,-10,10,0,10,-10,0,20,-10,10,10,10,0,20,0,0,20,-10,10,30,0,-10,20,-10,0,30,-10,0,10,0,10,-10,0,0,0,0,10,0,-10,10,10,-10,-10,-10,-10,0,20,0,10,0,0,-10,10,0,0,0,0,0,0,0,0,0,10,0,0,10,0,0,0,-10,-20,0,0,-10,0,0,0,-10,-10,-30,-10,0,-10,0,0
348,0,-10,-10,-20,0,0,-10,-10,-10,-10,10,10,0,0,0,0,-10,10,0,10,-10,0,20,-10,10,10,10,0,20,0,0,20,-10,10,30,0,-10,20,-10,0,30,-10,0,10,0,10,-10,0,0,0,0,10,0,-10,10,10,-10,-10,-10,-10,0,20,0,10,0,0,-10,10,0,0,0,0,0,0,0,0,0,10,0,0,10,0,0,0,-10,-20,0,0,-10,0,0,0,-10,-10,-30,-10,0,-10,0,0,0
349,-10,-10,-20,0,0,-10,-10,-10,-10,10,10,0,0,0,0,-10,10,0,10,-10,0,20,-10,10,10,10,0,20,0,0,20,-10,10,30,0,-10,20,-10,0,30,-10,0,10,0,10,-10,0,0,0,0,10,0,-10,10,10,-10,-10,-10,-10,0,20,0,10,0,0,-10,10,0,0,0,0,0,0,0,0,0,10,0,0,10,0,0,0,-10,-20,0,0,-10,0,0,0,-10,-10,-30,-10,0,-10,0,0,0,-10
350,-10,-20,0,0,-10,-10,-10,-10,10,10,0,0,0,0,-10,10,0,10,-10,0,20,-10,10,10,10,0,20,0,0,20,-10,10,30,0,-10,20,-10,0,30,-10,0,10,0,10,-10,0,0,0,0,10,0,-10,10,10,-10,-10,-10,-10,0,20,0,10,0,0,-10,10,0,0,0,0,0,0,0,0,0,10,0,0,10,0,0,0,-10,-20,0,0,-10,0,0,0,-10,-10,-30,-10,0,-10,0,0,0,-10,-10
351,-20,0,0,-10,-10,-10,-10,10,10,0,0,0,0,-10,10,0,10,-10,0,20,-10,10,10,10,0,20,0,0,20,-10,10,30,0,-10,20,-10,0,30,-10,0,10,0,10,-10,0,0,0,0,10,0,-10,10,10,-10,-10,-10,-10,0,20,0,10,0,0,-10,10,0,0,0,0,0,0,0,0,0,10,0,0,10,0,0,0,-10,-20,0,0,-10,0,0,0,-10,-10,-30,-10,0,-10,0,0,0,-10,-10,0
352,0,0,-10,-10,-10,-10,10,10,0,0,0,0,-10,10,0,10,-10,0,20,-10,10,10,10,0,20,0,0,20,-10,10,30,0,-10,20,-10,0,30,-10,0,10,0,10,-10,0,0,0,0,10,0,-10,10,10,-10,-10,-10,-10,0,20,0,10,0,0,-10,10,0,0,0,0,0,0,0,0,0,10,0,0,10,0,0,0,-10,-20,0,0,-10,0,0,0,-10,-10,-30,-10,0,-10,0,0,0,-10,-10,0,0
353,0,-10,-10,-10,-10,10,10,0,0,0,0,-10,10,0,10,-10,0,20,-10,10,10,10,0,20,0,0,20,-10,10,30,0,-10,20,-10,0,30,-10,0,10,0,10,-10,0,0,0,0,10,0,-10,10,10,-10,-10,-10,-10,0,20,0,10,0,0,-10,10,0,0,0,0,0,0,0,0,0,10,0,0,10,0,0,0,-10,-20,0,0,-10,0,0,0,-10,-10,-30,-10,0,-10,0,0,0,-10,-10,0,0,-10
354,-10,-10,-10,-10,10,10,0,0,0,0,-10,10,0,10,-10,0,20,-10,10,10,10,0,20,0,0,20,-10,10,30,0,-10,20,-10,0,30,-10,0,10,0,10,-10,0,0,0,0,10,0,-10,10,10,-10,-10,-10,-10,0,20,0,10,0,0,-10,10,0,0,0,0,0,0,0,0,0,10,0,0,10,0,0,0,-10,-20,0,0,-10,0,0,0,-10,-10,-30,-10,0,-10,0,0,0,-10,-10,0,0,-10,0
355,-10,-10,-10,10,10,0,0,0,0,-10,10,0,10,-10,0,20,-10,10,10,10,0,20,0,0,20,-10,10,30,0,-10,20,-10,0,30,-10,0,10,0,10,-10,0,0,0,0,10,0,-10,10,10,-10,-10,-10,-10,0,20,0,10,0,0,-10,10,0,0,0,0,0,0,0,0,0,10,0,0,10,0,0,0,-10,-20,0,0,-10,0,0,0,-10,-10,-30,-10,0,-10,0,0,0,-10,-10,0,0,-10,0,-10
356,-10,-10,10,10,0,0,0,0,-10,10,0,10,-10,0,20,-10,10,10,10,0,20,0,0,20,-10,10,30,0,-10,20,-10,0,30,-10,0,10,0,10,-10,0,0,0,0,10,0,-10,10,10,-10,-10,-10,-10,0,20,0,10,0,0,-10,10,0,0,0,0,0,0,0,0,0,10,0,0,10,0,0,0,-10,-20,0,0,-10,0,0,0,-10,-10,-30,-10,0,-10,0,0,0,-10,-10,0,0,-10,0,-10,0
357,-10,10,10,0,0,0,0,-10,10,0,10,-10,0,20,-10,10,10,10,0,20,0,0,20,-10,10,30,0,-10,20,-10,0,30,-10,0,10,0,10,-10,0,0,0,0,10,0,-10,10,10,-10,-10,-10,-10,0,20,0,10,0,0,-10,10,0,0,0,0,0,0,0,0,0,10,0,0,10,0,0,0,-10,-20,0,0,-10,0,0,0,-10,-10,-30,-10,0,-10,0,0,0,-10,-10,0,0,-10,0,-10,0,10
358,10,10,0,0,0,0,-10,10,0,10,-10,0,20,-10,10,10,10,0,20,0,0,20,-10,10,30,0,-10,20,-10,0,30,-10,0,10,0,10,-10,0,0,0,0,10,0,-10,10,10,-10,-10,-10,-10,0,20,0,10,0,0,-10,10,0,0,0,0,0,0,0,0,0,10,0,0,10,0,0,0,-10,-20,0,0,-10,0,0,0,-10,-10,-30,-10,0,-10,0,0,0,-10,-10,0,0,-10,0,-10,0,10,-10
359,10,0,0,0,0,-10,10,0,10,-10,0,20,-10,10,10,10,0,20,0,0,20,-10,10,30,0,-10,20,-10,0,30,-10,0,10,0,10,-10,0,0,0,0,10,0,-10,10,10,-10,-10,-10,-10,0,20,0,10,0,0,-10,10,0,0,0,0,0,0,0,0,0,10,0,0,10,0,0,0,-10,-20,0,0,-10,0,0,0,-10,-10,-30,-10,0,-10,0,0,0,-10,-10,0,0,-10,0,-10,0,10,-10,0
360,0,0,0,0,-10,10,0,10,-10,0,20,-10,10,10,10,0,20,0,0,20,-10,10,30,0,-10,20,-10,0,30,-10,0,10,0,10,-10,0,0,0,0,10,0,-10,10,10,-10,-10,-10,-10,0,20,0,10,0,0,-10,10,0,0,0,0,0,0,0,0,0,10,0,0,10,0,0,0,-10,-20,0,0,-10,0,0,0,-10,-10,-30,-10,0,-10,0,0,0,-10,-10,0,0,-10,0,-10,0,10,-10,0,10
361,0,0,0,-10,10,0,10,-10,0,20,-10,10,10,10,0,20,0,0,20,-10,10,30,0,-10,20,-10,0,30,-10,0,10,0,10,-10,0,0,0,0,10,0,-10,10,10,-10,-10,-10,-10,0,20,0,10,0,0,-10,10,0,0,0,0,0,0,0,0,0,10,0,0,10,0,0,0,-10,-20,0,0,-10,0,0,0,-10,-10,-30,-10,0,-10,0,0,0,-10,-10,0,0,-10,0,-10,0,10,-10,0,10,-30
362,0,0,-10,10,0,10,-10,0,20,-10,10,10,10,0,20,0,0,20,-10,10,30,0,-10,20,-10,0,30,-10,0,10,0,10,-10,0,0,0,0,10,0,-10,10,10,-10,-10,-10,-10,0,20,0,10,0,0,-10,10,0,0,0,0,0,0,0,0,0,10,0,0,10,0,0,0,-10,-20,0,0,-10,0,0,0,-10,-10,-30,-10,0,-10,0,0,0,-10,-10,0,0,-10,0,-10,0,10,-10,0,10,-30,10
363,0,-10,10,0,10,-10,0,20,-10,10,10,10,0,20,0,0,20,-10,10,30,0,-10,20,-10,0,30,-10,0,10,0,10,-10,0,0,0,0,10,0,-10,10,10,-10,-10,-10,-10,0,20,0,10,0,0,-10,10,0,0,0,0,0,0,0,0,0,10,0,0,10,0,0,0,-10,-20,0,0,-10,0,0,0,-10,-10,-30,-10,0,-10,0,0,0,-10,-10,0,0,-10,0,-10,0,10,-10,0,10,-30,10,-10
364,-10,10,0,10,-10,0,20,-10,10,10,10,0,20,0,0,20,-10,10,30,0,-10,20,-10,0,30,-10,0,10,0,10,-10,0,0,0,0,10,0,-10,10,10,-10,-10,-10,-10,0,20,0,10,0,0,-10,10,0,0,0,0,0,0,0,0,0,10,0,0,10,0,0,0,-10,-20,0,0,-10,0,0,0,-10,-10,-30,-10,0,-10,0,0,0,-10,-10,0,0,-10,0,-10,0,10,-10,0,10,-30,10,-10,0
365,10,0,10,-10,0,20,-10,10,10,10,0,20,0,0,20,-10,10,30,0,-10,20,-10,0,30,-10,0,10,0,10,-10,0,0,0,0,10,0,-10,10,10,-10,-10,-10,-10,0,20,0,10,0,0,-10,10,0,0,0,0,0,0,0,0,0,10,0,0,10,0,0,0,-10,-20,0,0,-10,0,0,0,-10,-10,-30,-10,0,-10,0,0,0,-10,-10,0,0,-10,0,-10,0,10,-10,0,10,-30,10,-10,0,0
366,0,10,-10,0,20,-10,10,10,10,0,20,0,0,20,-10,10,30,0,-10,20,-10,0,30,-10,0,10,0,10,-10,0,0,0,0,10,0,-10,10,10,-10,-10,-10,-10,0,20,0,10,0,0,-10,10,0,0,0,0,0,0,0,0,0,10,0,0,10,0,0,0,-10,-20,0,0,-10,0,0,0,-10,-10,-30,-10,0,-10,0,0,0,-10,-10,0,0,-10,0,-10,0,10,-10,0,10,-30,10,-10,0,0,-10
367,10,-10,0,20,-10,10,10,10,0,20,0,0,20,-10,10,30,0,-10,20,-10,0,30,-10,0,10,0,10,-10,0,0,0,0,10,0,-10,10,10,-10,-10,-10,-10,0,20,0,10,0,0,-10,10,0,0,0,0,0,0,0,0,0,10,0,0,10,0,0,0,-10,-20,0,0,-10,0,0,0,-10,-10,-30,-10,0,-10,0,0,0,-10,-10,0,0,-10,0,-10,0,10,-10,0,10,-30,10,-10,0,0,-10,-10
368,-10,0,20,-10,10,10,10,0,20,0,0,20,-10,10,30,0,-10,20,-10,0,30,-10,0,10,0,10,-10,0,0,0,0,10,0,-10,10,10,-10,-10,-10,-10,0,20,0,10,0,0,-10,10,0,0,0,0,0,0,0,0,0,10,0,0,10,0,0,0,-10,-20,0,0,-10,0,0,0,-10,-10,-30,-10,0,-10,0,0,0,-10,-10,0,0,-10,0,-10,0,10,-10,0,10,-30,10,-10,0,0,-10,-10,0
369,0,20,-10,10,10,10,0,20,0,0,20,-10,10,30,0,-10,20,-10,0,30,-10,0,10,0,10,-10,0,0,0,0,10,0,-10,10,10,-10,-10,-10,-10,0,20,0,10,0,0,-10,10,0,0,0,0,0,0,0,0,0,10,0,0,10,0,0,0,-10,-20,0,0,-10,0,0,0,-10,-10,-30,-10,0,-10,0,0,0,-10,-10,0,0,-10,0,-10,0,10,-10,0,10,-30,10,-10,0,0,-10,-10,0,-10
370,20,-10,10,10,10,0,20,0,0,20,-10,10,30,0,-10,20,-10,0,30,-10,0,10,0,10,-10,0,0,0,0,10,0,-10,10,10,-10,-10,-10,-10,0,20,0,10,0,0,-10,10,0,0,0,0,0,0,0,0,0,10,0,0,10,0,0,0,-10,-20,0,0,-10,0,0,0,-10,-10,-30,-10,0,-10,0,0,0,-10,-10,0,0,-10,0,-10,0,10,-10,0,10,-30,10,-10,0,0,-10,-10,0,-10,0
371,-10,10,10,10,0,20,0,0,20,-10,10,30,0,-10,20,-10,0,30,-10,0,10,0,10,-10,0,0,0,0,10,0,-10,10,10,-10,-10,-10,-10,0,20,0,10,0,0,-10,10,0,0,0,0,0,0,0,0,0,10,0,0,10,0,0,0,-10,-20,0,0,-10,0,0,0,-10,-10,-30,-10,0,-10,0,0,0,-10,-10,0,0,-10,0,-10,0,10,-10,0,10,-30,10,-10,0,0,-10,-10,0,-10,0,10
372,10,10,10,0,20,0,0,20,-10,10,30,0,-10,20,-10,0,30,-10,0,10,0,10,-10,0,0,0,0,10,0,-10,10,10,-10,-10,-10,-10,0,20,0,10,0,0,-10,10,0,0,0,0,0,0,0,0,0,10,0,0,10,0,0,0,-10,-20,0,0,-10,0,0,0,-10,-10,-30,-10,0,-10,0,0,0,-10,-10,0,0,-10,0,-10,0,10,-10,0,10,-30,10,-10,0,0,-10,-10,0,-10,0,10,0
373,10,10,0,20,0,0,20,-10,10,30,0,-10,20,-10,0,30,-10,0,10,0,10,-10,0,0,0,0,10,0,-10,10,10,-10,-10,-10,-10,0,20,0,10,0,0,-10,10,0,0,0,0,0,0,0,0,0,10,0,0,10,0,0,0,-10,-20,0,0,-10,0,0,0,-10,-10,-30,-10,0,-10,0,0,0,-10,-10,0,0,-10,0,-10,0,10,-10,0,10,-30,10,-10,0,0,-10,-10,0,-10,0,10,0,-10
374,10,0,20,0,0,20,-10,10,30,0,-10,20,-10,0,30,-10,0,10,0,10,-10,0,0,0,0,10,0,-10,10,10,-10,-10,-10,-10,0,20,0,10,0,0,-10,10,0,0,0,0,0,0,0,0,0,10,0,0,10,0,0,0,-10,-20,0,0,-10,0,0,0,-10,-10,-30,-10,0,-10,0,0,0,-10,-10,0,0,-10,0,-10,0,10,-10,0,10,-30,10,-10,0,0,-10,-10,0,-10,0,10,0,-10,10
375,0,20,0,0,20,-10,10,30,0,-10,20,-10,0,30,-10,0,10,0,10,-10,0,0,0,0,10,0,-10,10,10,-10,-10,-10,-10,0,20,0,10,0,0,-10,10,0,0,0,0,0,0,0,0,0,10,0,0,10,0,0,0,-10,-20,0,0,-10,0,0,0,-10,-10,-30,-10,0,-10,0,0,0,-10,-10,0,0,-10,0,-10,0,10,-10,0,10,-30,10,-10,0,0,-10,-10,0,-10,0,10,0,-10,10,0
376,20,0,0,20,-10,10,30,0,-10,20,-10,0,30,-10,0,10,0,10,-10,0,0,0,0,10,0,-10,10,10,-10,-10,-10,-10,0,20,0,10,0,0,-10,10,0,0,0,0,0,0,0,0,0,10,0,0,10,0,0,0,-10,-20,0,0,-10,0,0,0,-10,-10,-30,-10,0,-10,0,0,0,-10,-10,0,0,-10,0,-10,0,10,-10,0,10,-30,10,-10,0,0,-10,-10,0,-10,0,10,0,-10,10,0,0
377,0,0,20,-10,10,30,0,-10,20,-10,0,30,-10,0,10,0,10,-10,0,0,0,0,10,0,-10,10,10,-10,-10,-10,-10,0,20,0,10,0,0,-10,10,0,0,0,0,0,0,0,0,0,10,0,0,10,0,0,0,-10,-20,0,0,-10,0,0,0,-10,-10,-30,-10,0,-10,0,0,0,-10,-10,0,0,-10,0,-10,0,10,-10,0,10,-30,10,-10,0,0,-10,-10,0,-10,0,10,0,-10,10,0,0,0
378,0,20,-10,10,30,0,-10,20,-10,0,30,-10,0,10,0,10,-10,0,0,0,0,10,0,-10,10,10,-10,-10,-10,-10,0,20,0,10,0,0,-10,10,0,0,0,0,0,0,0,0,0,10,0,0,10,0,0,0,-10,-20,0,0,-10,0,0,0,-10,-10,-30,-10,0,-10,0,0,0,-10,-10,0,0,-10,0,-10,0,10,-10,0,10,-30,10,-10,0,0,-10,-10,0,-10,0,10,0,-10,10,0,0,0,0
379,20,-10,10,30,0,-10,20,-10,0,30,-10,0,10,0,10,-10,0,0,0,0,10,0,-10,10,10,-10,-10,-10,-10,0,20,0,10,0,0,-10,10,0,0,0,0,0,0,0,0,0,10,0,0,10,0,0,0,-10,-20,0,0,-10,0,0,0,-10,-10,-30,-10,0,-10,0,0,0,-10,-10,0,0,-10,0,-10,0,10,-10,0,10,-30,10,-10,0,0,-10,-10,0,-10,0,10,0,-10,10,0,0,0,0,-20
380,-10,10,30,0,-10,20,-10,0,30,-10,0,10,0,10,-10,0,0,0,0,10,0,-10,10,10,-10,-10,-10,-10,0,20,0,10,0,0,-10,10,0,0,0,0,0,0,0,0,0,10,0,0,10,0,0,0,-10,-20,0,0,-10,0,0,0,-10,-10,-30,-10,0,-10,0,0,0,-10,-10,0,0,-10,0,-10,0,10,-10,0,10,-30,10,-10,0,0,-10,-10,0,-10,0,10,0,-10,10,0,0,0,0,-20,0
381,10,30,0,-10,20,-10,0,30,-10,0,10,0,10,-10,0,0,0,0,10,0,-10,10,10,-10,-10,-10,-10,0,20,0,10,0,0,-10,10,0,0,0,0,0,0,0,0,0,10,0,0,10,0,0,0,-10,-20,0,0,-10,0,0,0,-10,-10,-30,-10,0,-10,0,0,0,-10,-10,0,0,-10,0,-10,0,10,-10,0,10,-30,10,-10,0,0,-10,-10,0,-10,0,10,0,-10,10,0,0,0,0,-20,0,20
382,30,0,-10,20,-10,0,30,-10,0,10,0,10,-10,0,0,0,0,10,0,-10,10,10,-10,-10,-10,-10,0,20,0,10,0,0,-10,10,0,0,0,0,0,0,0,0,0,10,0,0,10,0,0,0,-10,-20,0,0,-10,0,0,0,-10,-10,-30,-10,0,-10,0,0,0,-10,-10,0,0,-10,0,-10,0,10,-10,0,10,-30,10,-10,0,0,-10,-10,0,-10,0,10,0,-10,10,0,0,0,0,-20,0,20,-10
383,0,-10,20,-10,0,30,-10,0,10,0,10,-10,0,0,0,0,10,0,-10,10,10,-10,-10,-10,-10,0,20,0,10,0,0,-10,10,0,0,0,0,0,0,0,0,0,10,0,0,10,0,0,0,-10,-20,0,0,-10,0,0,0,-10,-10,-30,-10,0,-10,0,0,0,-10,-10,0,0,-10,0,-10,0,10,-10,0,10,-30,10,-10,0,0,-10,-10,0,-10,0,10,0,-10,10,0,0,0,0,-20,0,20,-10,0
384,-10,20,-10,0,30,-10,0,10,0,10,-10,0,0,0,0,10,0,-10,10,10,-10,-10,-10,-10,0,20,0,10,0,0,-10,10,0,0,0,0,0,0,0,0,0,10,0,0,10,0,0,0,-10,-20,0,0,-10,0,0,0,-10,-10,-30,-10,0,-10,0,0,0,-10,-10,0,0,-10,0,-10,0,10,-10,0,10,-30,10,-10,0,0,-10,-10,0,-10,0,10,0,-10,10,0,0,0,0,-20,0,20,-10,0,10
385,20,-10,0,30,-10,0,10,0,10,-10,0,0,0,0,10,0,-10,10,10,-10,-10,-10,-10,0,20,0,10,0,0,-10,10,0,0,0,0,0,0,0,0,0,10,0,0,10,0,0,0,-10,-20,0,0,-10,0,0,0,-10,-10,-30,-10,0,-10,0,0,0,-10,-10,0,0,-10,0,-10,0,10,-10,0,10,-30,10,-10,0,0,-10,-10,0,-10,0,10,0,-10,10,0,0,0,0,-20,0,20,-10,0,10,10
386,-10,0,30,-10,0,10,0,10,-10,0,0,0,0,10,0,-10,10,10,-10,-10,-10,-10,0,20,0,10,0,0,-10,10,0,0,0,0,0,0,0,0,0,10,0,0,10,0,0,0,-10,-20,0,0,-10,0,0,0,-10,-10,-30,-10,0,-10,0,0,0,-10,-10,0,0,-10,0,-10,0,10,-10,0,10,-30,10,-10,0,0,-10,-10,0,-10,0,10,0,-10,10,0,0,0,0,-20,0,20,-10,0,10,10,-10
387,0,30,-10,0,10,0,10,-10,0,0,0,0,10,0,-10,10,10,-10,-10,-10,-10,0,20,0,10,0,0,-10,10,0,0,0,0,0,0,0,0,0,10,0,0,10,0,0,0,-10,-20,0,0,-10,0,0,0,-10,-10,-30,-10,0,-10,0,0,0,-10,-10,0,0,-10,0,-10,0,10,-10,0,10,-30,10,-10,0,0,-10,-10,0,-10,0,10,0,-10,10,0,0,0,0,-20,0,20,-10,0,10,10,-10,10
388,30,-10,0,10,0,10,-10,0,0,0,0,10,0,-10,10,10,-10,-10,-10,-10,0,20,0,10,0,0,-10,10,0,0,0,0,0,0,0,0,0,10,0,0,10,0,0,0,-10,-20,0,0,-10,0,0,0,-10,-10,-30,-10,0,-10,0,0,0,-10,-10,0,0,-10,0,-10,0,10,-10,0,10,-30,10,-10,0,0,-10,-10,0,-10,0,10,0,-10,10,0,0,0,0,-20,0,20,-10,0,10,10,-10,10,0
389,-10,0,10,0,10,-10,0,0,0,0,10,0,-10,10,10,-10,-10,-10,-10,0,20,0,10,0,0,-10,10,0,0,0,0,0,0,0,0,0,10,0,0,10,0,0,0,-10,-20,0,0,-10,0,0,0,-10,-10,-30,-10,0,-10,0,0,0,-10,-10,0,0,-10,0,-10,0,10,-10,0,10,-30,10,-10,0,0,-10,-10,0,-10,0,10,0,-10,10,0,0,0,0,-20,0,20,-10,0,10,10,-10,10,0,0
390,0,10,0,10,-10,0,0,0,0,10,0,-10,10,10,-10,-10,-10,-10,0,20,0,10,0,0,-10,10,0,0,0,0,0,0,0,0,0,10,0,0,10,0,0,0,-10,-20,0,0,-10,0,0,0,-10,-10,-30,-10,0,-10,0,0,0,-10,-10,0,0,-10,0,-10,0,10,-10,0,10,-30,10,-10,0,0,-10,-10,0,-10,0,10,0,-10,10,0,0,0,0,-20,0,20,-10,0,10,10,-10,10,0,0,10
391,10,0,10,-10,0,0,0,0,10,0,-10,10,10,-10,-10,-10,-10,0,20,0,10,0,0,-10,10,0,0,0,0,0,0,0,0,0,10,0,0,10,0,0,0,-10,-20,0,0,-10,0,0,0,-10,-10,-30,-10,0,-10,0,0,0,-10,-10,0,0,-10,0,-10,0,10,-10,0,10,-30,10,-10,0,0,-10,-10,0,-10,0,10,0,-10,10,0,0,0,0,-20,0,20,-10,0,10,10,-10,10,0,0,10,0
392,0,10,-10,0,0,0,0,10,0,-10,10,10,-10,-10,-10,-10,0,20,0,10,0,0,-10,10,0,0,0,0,0,0,0,0,0,10,0,0,10,0,0,0,-10,-20,0,0,-10,0,0,0,-10,-10,-30,-10,0,-10,0,0,0,-10,-10,0,0,-10,0,-10,0,10,-10,0,10,-30,10,-10,0,0,-10,-10,0,-10,0,10,0,-10,10,0,0,0,0,-20,0,20,-10,0,10,10,-10,10,0,0,10,0,0
393,10,-10,0,0,0,0,10,0,-10,10,10,-10,-10,-10,-10,0,20,0,10,0,0,-10,10,0,0,0,0,0,0,0,0,0,10,0,0,10,0,0,0,-10,-20,0,0,-10,0,0,0,-10,-10,-30,-10,0,-10,0,0,0,-10,-10,0,0,-10,0,-10,0,10,-10,0,10,-30,10,-10,0,0,-10,-10,0,-10,0,10,0,-10,10,0,0,0,0,-20,0,20,-10,0,10,10,-10,10,0,0,10,0,0,10
394,-10,0,0,0,0,10,0,-10,10,10,-10,-10,-10,-10,0,20,0,10,0,0,-10,10,0,0,0,0,0,0,0,0,0,10,0,0,10,0,0,0,-10,-20,0,0,-10,0,0,0,-10,-10,-30,-10,0,-10,0,0,0,-10,-10,0,0,-10,0,-10,0,10,-10,0,10,-30,10,-10,0,0,-10,-10,0,-10,0,10,0,-10,10,0,0,0,0,-20,0,20,-10,0,10,10,-10,10,0,0,10,0,0,10,0
395,0,0,0,0,10,0,-10,10,10,-10,-10,-10,-10,0,20,0,10,0,0,-10,10,0,0,0,0,0,0,0,0,0,10,0,0,10,0,0,0,-10,-20,0,0,-10,0,0,0,-10,-10,-30,-10,0,-10,0,0,0,-10,-10,0,0,-10,0,-10,0,10,-10,0,10,-30,10,-10,0,0,-10,-10,0,-10,0,10,0,-10,10,0,0,0,0,-20,0,20,-10,0,10,10,-10,10,0,0,10,0,0,10,0,0
396,0,0,0,10,0,-10,10,10,-10,-10,-10,-10,0,20,0,10,0,0,-10,10,0,0,0,0,0,0,0,0,0,10,0,0,10,0,0,0,-10,-20,0,0,-10,0,0,0,-10,-10,-30,-10,0,-10,0,0,0,-10,-10,0,0,-10,0,-10,0,10,-10,0,10,-30,10,-10,0,0,-10,-10,0,-10,0,10,0,-10,10,0,0,0,0,-20,0,20,-10,0,10,10,-10,10,0,0,10,0,0,10,0,0,-10
397,0,0,10,0,-10,10,10,-10,-10,-10,-10,0,20,0,10,0,0,-10,10,0,0,0,0,0,0,0,0,0,10,0,0,10,0,0,0,-10,-20,0,0,-10,0,0,0,-10,-10,-30,-10,0,-10,0,0,0,-10,-10,0,0,-10,0,-10,0,10,-10,0,10,-30,10,-10,0,0,-10,-10,0,-10,0,10,0,-10,10,0,0,0,0,-20,0,20,-10,0,10,10,-10,10,0,0,10,0,0,10,0,0,-10,0
398,0,10,0,-10,10,10,-10,-10,-10,-10,0,20,0,10,0,0,-10,10,0,0,0,0,0,0,0,0,0,10,0,0,10,0,0,0,-10,-20,0,0,-10,0,0,0,-10,-10,-30,-10,0,-10,0,0,0,-10,-10,0,0,-10,0,-10,0,10,-10,0,10,-30,10,-10,0,0,-10,-10,0,-10,0,10,0,-10,10,0,0,0,0,-20,0,20,-10,0,10,10,-10,10,0,0,10,0,0,10,0,0,-10,0,0
399,10,0,-10,10,10,-10,-10,-10,-10,0,20,0,10,0,0,-10,10,0,0,0,0,0,0,0,0,0,10,0,0,10,0,0,0,-10,-20,0,0,-10,0,0,0,-10,-10,-30,-10,0,-10,0,0,0,-10,-10,0,0,-10,0,-10,0,10,-10,0,10,-30,10,-10,0,0,-10,-10,0,-10,0,10,0,-10,10,0,0,0,0,-20,0,20,-10,0,10,10,-10,10,0,0,10,0,0,10,0,0,-10,0,0,20
400,0,-10,10,10,-10,-10,-10,-10,0,20,0,10,0,0,-10,10,0,0,0,0,0,0,0,0,0,10,0,0,10,0,0,0,-10,-20,0,0,-10,0,0,0,-10,-10,-30,-10,0,-10,0,0,0,-10,-10,0,0,-10,0,-10,0,10,-10,0,10,-30,10,-10,0,0,-10,-10,0,-10,0,10,0,-10,10,0,0,0,0,-20,0,20,-10,0,10,10,-10,10,0,0,10,0,0,10,0,0,-10,0,0,20,10
401,-10,10,10,-10,-10,-10,-10,0,20,0,10,0,0,-10,10,0,0,0,0,0,0,0,0,0,10,0,0,10,0,0,0,-10,-20,0,0,-10,0,0,0,-10,-10,-30,-10,0,-10,0,0,0,-10,-10,0,0,-10,0,-10,0,10,-10,0,10,-30,10,-10,0,0,-10,-10,0,-10,0,10,0,-10,10,0,0,0,0,-20,0,20,-10,0,10,10,-10,10,0,0,10,0,0,10,0,0,-10,0,0,20,10,-10
402,10,10,-10,-10,-10,-10,0,20,0,10,0,0,-10,10,0,0,0,0,0,0,0,0,0,10,0,0,10,0,0,0,-10,-20,0,0,-10,0,0,0,-10,-10,-30,-10,0,-10,0,0,0,-10,-10,0,0,-10,0,-10,0,10,-10,0,10,-30,10,-10,0,0,-10,-10,0,-10,0,10,0,-10,10,0,0,0,0,-20,0,20,-10,0,10,10,-10,10,0,0,10,0,0,10,0,0,-10,0,0,20,10,-10,0
403,10,-10,-10,-10,-10,0,20,0,10,0,0,-10,10,0,0,0,0,0,0,0,0,0,10,0,0,10,0,0,0,-10,-20,0,0,-10,0,0,0,-10,-10,-30,-10,0,-10,0,0,0,-10,-10,0,0,-10,0,-10,0,10,-10,0,10,-30,10,-10,0,0,-10,-10,0,-10,0,10,0,-10,10,0,0,0,0,-20,0,20,-10,0,10,10,-10,10,0,0,10,0,0,10,0,0,-10,0,0,20,10,-10,0,0
404,-10,-10,-10,-10,0,20,0,10,0,0,-10,10,0,0,0,0,0,0,0,0,0,10,0,0,10,0,0,0,-10,-20,0,0,-10,0,0,0,-10,-10,-30,-10,0,-10,0,0,0,-10,-10,0,0,-10,0,-10,0,10,-10,0,10,-30,10,-10,0,0,-10,-10,0,-10,0,10,0,-10,10,0,0,0,0,-20,0,20,-10,0,10,10,-10,10,0,0,10,0,0,10,0,0,-10,0,0,20,10,-10,0,0,0
405,-10,-10,-10,0,20,0,10,0,0,-10,10,0,0,0,0,0,0,0,0,0,10,0,0,10,0,0,0,-10,-20,0,0,-10,0,0,0,-10,-10,-30,-10,0,-10,0,0,0,-10,-10,0,0,-10,0,-10,0,10,-10,0,10,-30,10,-10,0,0,-10,-10,0,-10,0,10,0,-10,10,0,0,0,0,-20,0,20,-10,0,10,10,-10,10,0,0,10,0,0,10,0,0,-10,0,0,20,10,-10,0,0,0,0
406,-10,-10,0,20,0,10,0,0,-10,10,0,0,0,0,0,0,0,0,0,10,0,0,10,0,0,0,-10,-20,0,0,-10,0,0,0,-10,-10,-30,-10,0,-10,0,0,0,-10,-10,0,0,-10,0,-10,0,10,-10,0,10,-30,10,-10,0,0,-10,-10,0,-10,0,10,0,-10,10,0,0,0,0,-20,0,20,-10,0,10,10,-10,10,0,0,10,0,0,10,0,0,-10,0,0,20,10,-10,0,0,0,0,10
407,-10,0,20,0,10,0,0,-10,10,0,0,0,0,0,0,0,0,0,10,0,0,10,0,0,0,-10,-20,0,0,-10,0,0,0,-10,-10,-30,-10,0,-10,0,0,0,-10,-10,0,0,-10,0,-10,0,10,-10,0,10,-30,10,-10,0,0,-10,-10,0,-10,0,10,0,-10,10,0,0,0,0,-20,0,20,-10,0,10,10,-10,10,0,0,10,0,0,10,0,0,-10,0,0,20,10,-10,0,0,0,0,10,10
408,0,20,0,10,0,0,-10,10,0,0,0,0,0,0,0,0,0,10,0,0,10,0,0,0,-10,-20,0,0,-10,0,0,0,-10,-10,-30,-10,0,-10,0,0,0,-10,-10,0,0,-10,0,-10,0,10,-10,0,10,-30,10,-10,0,0,-10,-10,0,-10,0,10,0,-10,10,0,0,0,0,-20,0,20,-10,0,10,10,-10,10,0,0,10,0,0,10,0,0,-10,0,0,20,10,-10,0,0,0,0,10,10,0
409,20,0,10,0,0,-10,10,0,0,0,0,0,0,0,0,0,10,0,0,10,0,0,0,-10,-20,0,0,-10,0,0,0,-10,-10,-30,-10,0,-10,0,0,0,-10,-10,0,0,-10,0,-10,0,10,-10,0,10,-30,10,-10,0,0,-10,-10,0,-10,0,10,0,-10,10,0,0,0,0,-20,0,20,-10,0,10,10,-10,10,0,0,10,0,0,10,0,0,-10,0,0,20,10,-10,0,0,0,0,10,10,0,10
410,0,10,0,0,-10,10,0,0,0,0,0,0,0,0,0,10,0,0,10,0,0,0,-10,-20,0,0,-10,0,0,0,-10,-10,-30,-10,0,-10,0,0,0,-10,-10,0,0,-10,0,-10,0,10,-10,0,10,-30,10,-10,0,0,-10,-10,0,-10,0,10,0,-10,10,0,0,0,0,-20,0,20,-10,0,10,10,-10,10,0,0,10,0,0,10,0,0,-10,0,0,20,10,-10,0,0,0,0,10,10,0,10,10
411,10,0,0,-10,10,0,0,0,0,0,0,0,0,0,10,0,0,10,0,0,0,-10,-20,0,0,-10,0,0,0,-10,-10,-30,-10,0,-10,0,0,0,-10,-10,0,0,-10,0,-10,0,10,-10,0,10,-30,10,-10,0,0,-10,-10,0,-10,0,10,0,-10,10,0,0,0,0,-20,0,20,-10,0,10,10,-10,10,0,0,10,0,0,10,0,0,-10,0,0,20,10,-10,0,0,0,0,10,10,0,10,10,10
412,0,0,-10,10,0,0,0,0,0,0,0,0,0,10,0,0,10,0,0,0,-10,-20,0,0,-10,0,0,0,-10,-10,-30,-10,0,-10,0,0,0,-10,-10,0,0,-10,0,-10,0,10,-10,0,10,-30,10,-10,0,0,-10,-10,0,-10,0,10,0,-10,10,0,0,0,0,-20,0,20,-10,0,10,10,-10,10,0,0,10,0,0,10,0,0,-10,0,0,20,10,-10,0,0,0,0,10,10,0,10,10,10,0
413,0,-10,10,0,0,0,0,0,0,0,0,0,10,0,0,10,0,0,0,-10,-20,0,0,-10,0,0,0,-10,-10,-30,-10,0,-10,0,0,0,-10,-10,0,0,-10,0,-10,0,10,-10,0,10,-30,10,-10,0,0,-10,-10,0,-10,0,10,0,-10,10,0,0,0,0,-20,0,20,-10,0,10,10,-10,10,0,0,10,0,0,10,0,0,-10,0,0,20,10,-10,0,0,0,0,10,10,0,10,10,10,0,-10
414,-10,10,0,0,0,0,0,0,0,0,0,10,0,0,10,0,0,0,-10,-20,0,0,-10,0,0,0,-10,-10,-30,-10,0,-10,0,0,0,-10,-10,0,0,-10,0,-10,0,10,-10,0,10,-30,10,-10,0,0,-10,-10,0,-10,0,10,0,-10,10,0,0,0,0,-20,0,20,-10,0,10,10,-10,10,0,0,10,0,0,10,0,0,-10,0,0,20,10,-10,0,0,0,0,10,10,0,10,10,10,0,-10,0
415,10,0,0,0,0,0,0,0,0,0,10,0,0,10,0,0,0,-10,-20,0,0,-10,0,0,0,-10,-10,-30,-10,0,-10,0,0,0,-10,-10,0,0,-10,0,-10,0,10,-10,0,10,-30,10,-10,0,0,-10,-10,0,-10,0,10,0,-10,10,0,0,0,0,-20,0,20,-10,0,10,10,-10,10,0,0,10,0,0,10,0,0,-10,0,0,20,10,-10,0,0,0,0,10,10,0,10,10,10,0,-10,0,0
416,0,0,0,0,0,0,0,0,0,10,0,0,10,0,0,0,-10,-20,0,0,-10,0,0,0,-10,-10,-30,-10,0,-10,0,0,0,-10,-10,0,0,-10,0,-10,0,10,-10,0,10,-30,10,-10,0,0,-10,-10,0,-10,0,10,0,-10,10,0,0,0,0,-20,0,20,-10,0,10,10,-10,10,0,0,10,0,0,10,0,0,-10,0,0,20,10,-10,0,0,0,0,10,10,0,10,10,10,0,-10,0,0,0
417,0,0,0,0,0,0,0,0,10,0,0,10,0,0,0,-10,-20,0,0,-10,0,0,0,-10,-10,-30,-10,0,-10,0,0,0,-10,-10,0,0,-10,0,-10,0,10,-10,0,10,-30,10,-10,0,0,-10,-10,0,-10,0,10,0,-10,10,0,0,0,0,-20,0,20,-10,0,10,10,-10,10,0,0,10,0,0,10,0,0,-10,0,0,20,10,-10,0,0,0,0,10,10,0,10,10,10,0,-10,0,0,0,30
418,0,0,0,0,0,0,0,10,0,0,10,0,0,0,-10,-20,0,0,-10,0,0,0,-10,-10,-30,-10,0,-10,0,0,0,-10,-10,0,0,-10,0,-10,0,10,-10,0,10,-30,10,-10,0,0,-10,-10,0,-10,0,10,0,-10,10,0,0,0,0,-20,0,20,-10,0,10,10,-10,10,0,0,10,0,0,10,0,0,-10,0,0,20,10,-10,0,0,0,0,10,10,0,10,10,10,0,-10,0,0,0,30,0
419,0,0,0,0,0,0,10,0,0,10,0,0,0,-10,-20,0,0,-10,0,0,0,-10,-10,-30,-10,0,-10,0,0,0,-10,-10,0,0,-10,0,-10,0,10,-10,0,10,-30,10,-10,0,0,-10,-10,0,-10,0,10,0,-10,10,0,0,0,0,-20,0,20,-10,0,10,10,-10,10,0,0,10,0,0,10,0,0,-10,0,0,20,10,-10,0,0,0,0,10,10,0,10,10,10,0,-10,0,0,0,30,0,0
420,0,0,0,0,0,10,0,0,10,0,0,0,-10,-20,0,0,-10,0,0,0,-10,-10,-30,-10,0,-10,0,0,0,-10,-10,0,0,-10,0,-10,0,10,-10,0,10,-30,10,-10,0,0,-10,-10,0,-10,0,10,0,-10,10,0,0,0,0,-20,0,20,-10,0,10,10,-10,10,0,0,10,0,0,10,0,0,-10,0,0,20,10,-10,0,0,0,0,10,10,0,10,10,10,0,-10,0,0,0,30,0,0,10
421,0,0,0,0,10,0,0,10,0,0,0,-10,-20,0,0,-10,0,0,0,-10,-10,-30,-10,0,-10,0,0,0,-10,-10,0,0,-10,0,-10,0,10,-10,0,10,-30,10,-10,0,0,-10,-10,0,-10,0,10,0,-10,10,0,0,0,0,-20,0,20,-10,0,10,10,-10,10,0,0,10,0,0,10,0,0,-10,0,0,20,10,-10,0,0,0,0,10,10,0,10,10,10,0,-10,0,0,0,30,0,0,10,0
422,0,0,0,10,0,0,10,0,0,0,-10,-20,0,0,-10,0,0,0,-10,-10,-30,-10,0,-10,0,0,0,-10,-10,0,0,-10,0,-10,0,10,-10,0,10,-30,10,-10,0,0,-10,-10,0,-10,0,10,0,-10,10,0,0,0,0,-20,0,20,-10,0,10,10,-10,10,0,0,10,0,0,10,0,0,-10,0,0,20,10,-10,0,0,0,0,10,10,0,10,10,10,0,-10,0,0,0,30,0,0,10,0,0
423,0,0,10,0,0,10,0,0,0,-10,-20,0,0,-10,0,0,0,-10,-10,-30,-10,0,-10,0,0,0,-10,-10,0,0,-10,0,-10,0,10,-10,0,10,-30,10,-10,0,0,-10,-10,0,-10,0,10,0,-10,10,0,0,0,0,-20,0,20,-10,0,10,10,-10,10,0,0,10,0,0,10,0,0,-10,0,0,20,10,-10,0,0,0,0,10,10,0,10,10,10,0,-10,0,0,0,30,0,0,10,0,0,10
424,0,10,0,0,10,0,0,0,-10,-20,0,0,-10,0,0,0,-10,-10,-30,-10,0,-10,0,0,0,-10,-10,0,0,-10,0,-10,0,10,-10,0,10,-30,10,-10,0,0,-10,-10,0,-10,0,10,0,-10,10,0,0,0,0,-20,0,20,-10,0,10,10,-10,10,0,0,10,0,0,10,0,0,-10,0,0,20,10,-10,0,0,0,0,10,10,0,10,10,10,0,-10,0,0,0,30,0,0,10,0,0,10,0
425,10,0,0,10,0,0,0,-10,-20,0,0,-10,0,0,0,-10,-10,-30,-10,0,-10,0,0,0,-10,-10,0,0,-10,0,-10,0,10,-10,0,10,-30,10,-10,0,0,-10,-10,0,-10,0,10,0,-10,10,0,0,0,0,-20,0,20,-10,0,10,10,-10,10,0,0,10,0,0,10,0,0,-10,0,0,20,10,-10,0,0,0,0,10,10,0,10,10,10,0,-10,0,0,0,30,0,0,10,0,0,10,0,-10
426,0,0,10,0,0,0,-10,-20,0,0,-10,0,0,0,-10,-10,-30,-10,0,-10,0,0,0,-10,-10,0,0,-10,0,-10,0,10,-10,0,10,-30,10,-10,0,0,-10,-10,0,-10,0,10,0,-10,10,0,0,0,0,-20,0,20,-10,0,10,10,-10,10,0,0,10,0,0,10,0,0,-10,0,0,20,10,-10,0,0,0,0,10,10,0,10,10,10,0,-10,0,0,0,30,0,0,10,0,0,10,0,-10,-10
427,0,10,0,0,0,-10,-20,0,0,-10,0,0,0,-10,-10,-30,-10,0,-10,0,0,0,-10,-10,0,0,-10,0,-10,0,10,-10,0,10,-30,10,-10,0,0,-10,-10,0,-10,0,10,0,-10,10,0,0,0,0,-20,0,20,-10,0,10,10,-10,10,0,0,10,0,0,10,0,0,-10,0,0,20,10,-10,0,0,0,0,10,10,0,10,10,10,0,-10,0,0,0,30,0,0,10,0,0,10,0,-10,-10,0
428,10,0,0,0,-10,-20,0,0,-10,0,0,0,-10,-10,-30,-10,0,-10,0,0,0,-10,-10,0,0,-10,0,-10,0,10,-10,0,10,-30,10,-10,0,0,-10,-10,0,-10,0,10,0,-10,10,0,0,0,0,-20,0,20,-10,0,10,10,-10,10,0,0,10,0,0,10,0,0,-10,0,0,20,10,-10,0,0,0,0,10,10,0,10,10,10,0,-10,0,0,0,30,0,0,10,0,0,10,0,-10,-10,0,-10
429,0,0,0,-10,-20,0,0,-10,0,0,0,-10,-10,-30,-10,0,-10,0,0,0,-10,-10,0,0,-10,0,-10,0,10,-10,0,10,-30,10,-10,0,0,-10,-10,0,-10,0,10,0,-10,10,0,0,0,0,-20,0,20,-10,0,10,10,-10,10,0,0,10,0,0,10,0,0,-10,0,0,20,10,-10,0,0,0,0,10,10,0,10,10,10,0,-10,0,0,0,30,0,0,10,0,0,10,0,-10,-10,0,-10,0
430,0,0,-10,-20,0,0,-10,0,0,0,-10,-10,-30,-10,0,-10,0,0,0,-10,-10,0,0,-10,0,-10,0,10,-10,0,10,-30,10,-10,0,0,-10,-10,0,-10,0,10,0,-10,10,0,0,0,0,-20,0,20,-10,0,10,10,-10,10,0,0,10,0,0,10,0,0,-10,0,0,20,10,-10,0,0,0,0,10,10,0,10,10,10,0,-10,0,0,0,30,0,0,10,0,0,10,0,-10,-10,0,-10,0,0
431,0,-10,-20,0,0,-10,0,0,0,-10,-10,-30,-10,0,-10,0,0,0,-10,-10,0,0,-10,0,-10,0,10,-10,0,10,-30,10,-10,0,0,-10,-10,0,-10,0,10,0,-10,10,0,0,0,0,-20,0,20,-10,0,10,10,-10,10,0,0,10,0,0,10,0,0,-10,0,0,20,10,-10,0,0,0,0,10,10,0,10,10,10,0,-10,0,0,0,30,0,0,10,0,0,10,0,-10,-10,0,-10,0,0,0
432,-10,-20,0,0,-10,0,0,0,-10,-10,-30,-10,0,-10,0,0,0,-10,-10,0,0,-10,0,-10,0,10,-10,0,10,-30,10,-10,0,0,-10,-10,0,-10,0,10,0,-10,10,0,0,0,0,-20,0,20,-10,0,10,10,-10,10,0,0,10,0,0,10,0,0,-10,0,0,20,10,-10,0,0,0,0,10,10,0,10,10,10,0,-10,0,0,0,30,0,0,10,0,0,10,0,-10,-10,0,-10,0,0,0,10
433,-20,0,0,-10,0,0,0,-10,-10,-30,-10,0,-10,0,0,0,-10,-10,0,0,-10,0,-10,0,10,-10,0,10,-30,10,-10,0,0,-10,-10,0,-10,0,10,0,-10,10,0,0,0,0,-20,0,20,-10,0,10,10,-10,10,0,0,10,0,0,10,0,0,-10,0,0,20,10,-10,0,0,0,0,10,10,0,10,10,10,0,-10,0,0,0,30,0,0,10,0,0,10,0,-10,-10,0,-10,0,0,0,10,0
434,0,0,-10,0,0,0,-10,-10,-30,-10,0,-10,0,0,0,-10,-10,0,0,-10,0,-10,0,10,-10,0,10,-30,10,-10,0,0,-10,-10,0,-10,0,10,0,-10,10,0,0,0,0,-20,0,20,-10,0,10,10,-10,10,0,0,10,0,0,10,0,0,-10,0,0,20,10,-10,0,0,0,0,10,10,0,10,10,10,0,-10,0,0,0,30,0,0,10,0,0,10,0,-10,-10,0,-10,0,0,0,10,0,-10
435,0,-10,0,0,0,-10,-10,-30,-10,0,-10,0,0,0,-10,-10,0,0,-10,0,-10,0,10,-10,0,10,-30,10,-10,0,0,-10,-10,0,-10,0,10,0,-10,10,0,0,0,0,-20,0,20,-10,0,10,10,-10,10,0,0,10,0,0,10,0,0,-10,0,0,20,10,-10,0,0,0,0,10,10,0,10,10,10,0,-10,0,0,0,30,0,0,10,0,0,10,0,-10,-10,0,-10,0,0,0,10,0,-10,-30
436,-10,0,0,0,-10,-10,-30,-10,0,-10,0,0,0,-10,-10,0,0,-10,0,-10,0,10,-10,0,10,-30,10,-10,0,0,-10,-10,0,-10,0,10,0,-10,10,0,0,0,0,-20,0,20,-10,0,10,10,-10,10,0,0,10,0,0,10,0,0,-10,0,0,20,10,-10,0,0,0,0,10,10,0,10,10,10,0,-10,0,0,0,30,0,0,10,0,0,10,0,-10,-10,0,-10,0,0,0,10,0,-10,-30,0
437,0,0,0,-10,-10,-30,-10,0,-10,0,0,0,-10,-10,0,0,-10,0,-10,0,10,-10,0,10,-30,10,-10,0,0,-10,-10,0,-10,0,10,0,-10,10,0,0,0,0,-20,0,20,-10,0,10,10,-10,10,0,0,10,0,0,10,0,0,-10,0,0,20,10,-10,0,0,0,0,10,10,0,10,10,10,0,-10,0,0,0,30,0,0,10,0,0,10,0,-10,-10,0,-10,0,0,0,10,0,-10,-30,0,10
438,0,0,-10,-10,-30,-10,0,-10,0,0,0,-10,-10,0,0,-10,0,-10,0,10,-10,0,10,-30,10,-10,0,0,-10,-10,0,-10,0,10,0,-10,10,0,0,0,0,-20,0,20,-10,0,10,10,-10,10,0,0,10,0,0,10,0,0,-10,0,0,20,10,-10,0,0,0,0,10,10,0,10,10,10,0,-10,0,0,0,30,0,0,10,0,0,10,0,-10,-10,0,-10,0,0,0,10,0,-10,-30,0,10,10
439,0,-10,-10,-30,-10,0,-10,0,0,0,-10,-10,0,0,-10,0,-10,0,10,-10,0,10,-30,10,-10,0,0,-10,-10,0,-10,0,10,0,-10,10,0,0,0,0,-20,0,20,-10,0,10,10,-10,10,0,0,10,0,0,10,0,0,-10,0,0,20,10,-10,0,0,0,0,10,10,0,10,10,10,0,-10,0,0,0,30,0,0,10,0,0,10,0,-10,-10,0,-10,0,0,0,10,0,-10,-30,0,10,10,20
440,-10,-10,-30,-10,0,-10,0,0,0,-10,-10,0,0,-10,0,-10,0,10,-10,0,10,-30,10,-10,0,0,-10,-10,0,-10,0,10,0,-10,10,0,0,0,0,-20,0,20,-10,0,10,10,-10,10,0,0,10,0,0,10,0,0,-10,0,0,20,10,-10,0,0,0,0,10,10,0,10,10,10,0,-10,0,0,0,30,0,0,10,0,0,10,0,-10,-10,0,-10,0,0,0,10,0,-10,-30,0,10,10,20,0
441,-10,-30,-10,0,-10,0,0,0,-10,-10,0,0,-10,0,-10,0,10,-10,0,10,-30,10,-10,0,0,-10,-10,0,-10,0,10,0,-10,10,0,0,0,0,-20,0,20,-10,0,10,10,-10,10,0,0,10,0,0,10,0,0,-10,0,0,20,10,-10,0,0,0,0,10,10,0,10,10,10,0,-10,0,0,0,30,0,0,10,0,0,10,0,-10,-10,0,-10,0,0,0,10,0,-10,-30,0,10,10,20,0,-20
442,-30,-10,0,-10,0,0,0,-10,-10,0,0,-10,0,-10,0,10,-10,0,10,-30,10,-10,0,0,-10,-10,0,-10,0,10,0,-10,10,0,0,0,0,-20,0,20,-10,0,10,10,-10,10,0,0,10,0,0,10,0,0,-10,0,0,20,10,-10,0,0,0,0,10,10,0,10,10,10,0,-10,0,0,0,30,0,0,10,0,0,10,0,-10,-10,0,-10,0,0,0,10,0,-10,-30,0,10,10,20,0,-20,10
443,-10,0,-10,0,0,0,-10,-10,0,0,-10,0,-10,0,10,-10,0,10,-30,10,-10,0,0,-10,-10,0,-10,0,10,0,-10,10,0,0,0,0,-20,0,20,-10,0,10,10,-10,10,0,0,10,0,0,10,0,0,-10,0,0,20,10,-10,0,0,0,0,10,10,0,10,10,10,0,-10,0,0,0,30,0,0,10,0,0,10,0,-10,-10,0,-10,0,0,0,10,0,-10,-30,0,10,10,20,0,-20,10,0
444,0,-10,0,0,0,-10,-10,0,0,-10,0,-10,0,10,-10,0,10,-30,10,-10,0,0,-10,-10,0,-10,0,10,0,-10,10,0,0,0,0,-20,0,20,-10,0,10,10,-10,10,0,0,10,0,0,10,0,0,-10,0,0,20,10,-10,0,0,0,0,10,10,0,10,10,10,0,-10,0,0,0,30,0,0,10,0,0,10,0,-10,-10,0,-10,0,0,0,10,0,-10,-30,0,10,10,20,0,-20,10,0,0
445,-10,0,0,0,-10,-10,0,0,-10,0,-10,0,10,-10,0,10,-30,10,-10,0,0,-10,-10,0,-10,0,10,0,-10,10,0,0,0,0,-20,0,20,-10,0,10,10,-10,10,0,0,10,0,0,10,0,0,-10,0,0,20,10,-10,0,0,0,0,10,10,0,10,10,10,0,-10,0,0,0,30,0,0,10,0,0,10,0,-10,-10,0,-10,0,0,0,10,0,-10,-30,0,10,10,20,0,-20,10,0,0,-10
446,0,0,0,-10,-10,0,0,-10,0,-10,0,10,-10,0,10,-30,10,-10,0,0,-10,-10,0,-10,0,10,0,-10,10,0,0,0,0,-20,0,20,-10,0,10,10,-10,10,0,0,10,0,0,10,0,0,-10,0,0,20,10,-10,0,0,0,0,10,10,0,10,10,10,0,-10,0,0,0,30,0,0,10,0,0,10,0,-10,-10,0,-10,0,0,0,10,0,-10,-30,0,10,10,20,0,-20,10,0,0,-10,-10
447,0,0,-10,-10,0,0,-10,0,-10,0,10,-10,0,10,-30,10,-10,0,0,-10,-10,0,-10,0,10,0,-10,10,0,0,0,0,-20,0,20,-10,0,10,10,-10,10,0,0,10,0,0,10,0,0,-10,0,0,20,10,-10,0,0,0,0,10,10,0,10,10,10,0,-10,0,0,0,30,0,0,10,0,0,10,0,-10,-10,0,-10,0,0,0,10,0,-10,-30,0,10,10,20,0,-20,10,0,0,-10,-10,20
448,0,-10,-10,0,0,-10,0,-10,0,10,-10,0,10,-30,10,-10,0,0,-10,-10,0,-10,0,10,0,-10,10,0,0,0,0,-20,0,20,-10,0,10,10,-10,10,0,0,10,0,0,10,0,0,-10,0,0,20,10,-10,0,0,0,0,10,10,0,10,10,10,0,-10,0,0,0,30,0,0,10,0,0,10,0,-10,-10,0,-10,0,0,0,10,0,-10,-30,0,10,10,20,0,-20,10,0,0,-10,-10,20,10
449,-10,-10,0,0,-10,0,-10,0,10,-10,0,10,-30,10,-10,0,0,-10,-10,0,-10,0,10,0,-10,10,0,0,0,0,-20,0,20,-10,0,10,10,-10,10,0,0,10,0,0,10,0,0,-10,0,0,20,10,-10,0,0,0,0,10,10,0,10,10,10,0,-10,0,0,0,30,0,0,10,0,0,10,0,-10,-10,0,-10,0,0,0,10,0,-10,-30,0,10,10,20,0,-20,10,0,0,-10,-10,20,10,0
450,-10,0,0,-10,0,-10,0,10,-10,0,10,-30,10,-10,0,0,-10,-10,0,-10,0,10,0,-10,10,0,0,0,0,-20,0,20,-10,0,10,10,-10,10,0,0,10,0,0,10,0,0,-10,0,0,20,10,-10,0,0,0,0,10,10,0,10,10,10,0,-10,0,0,0,30,0,0,10,0,0,10,0,-10,-10,0,-10,0,0,0,10,0,-10,-30,0,10,10,20,0,-20,10,0,0,-10,-10,20,10,0,20
451,0,0,-10,0,-10,0,10,-10,0,10,-30,10,-10,0,0,-10,-10,0,-10,0,10,0,-10,10,0,0,0,0,-20,0,20,-10,0,10,10,-10,10,0,0,10,0,0,10,0,0,-10,0,0,20,10,-10,0,0,0,0,10,10,0,10,10,10,0,-10,0,0,0,30,0,0,10,0,0,10,0,-10,-10,0,-10,0,0,0,10,0,-10,-30,0,10,10,20,0,-20,10,0,0,-10,-10,20,10,0,20,-10
452,0,-10,0,-10,0,10,-10,0,10,-30,10,-10,0,0,-10,-10,0,-10,0,10,0,-10,10,0,0,0,0,-20,0,20,-10,0,10,10,-10,10,0,0,10,0,0,10,0,0,-10,0,0,20,10,-10,0,0,0,0,10,10,0,10,10,10,0,-10,0,0,0,30,0,0,10,0,0,10,0,-10,-10,0,-10,0,0,0,10,0,-10,-30,0,10,10,20,0,-20,10,0,0,-10,-10,20,10,0,20,-10,0
453,-10,0,-10,0,10,-10,0,10,-30,10,-10,0,0,-10,-10,0,-10,0,10,0,-10,10,0,0,0,0,-20,0,20,-10,0,10,10,-10,10,0,0,10,0,0,10,0,0,-10,0,0,20,10,-10,0,0,0,0,10,10,0,10,10,10,0,-10,0,0,0,30,0,0,10,0,0,10,0,-10,-10,0,-10,0,0,0,10,0,-10,-30,0,10,10,20,0,-20,10,0,0,-10,-10,20,10,0,20,-10,0,10
454,0,-10,0,10,-10,0,10,-30,10,-10,0,0,-10,-10,0,-10,0,10,0,-10,10,0,0,0,0,-20,0,20,-10,0,10,10,-10,10,0,0,10,0,0,10,0,0,-10,0,0,20,10,-10,0,0,0,0,10,10,0,10,10,10,0,-10,0,0,0,30,0,0,10,0,0,10,0,-10,-10,0,-10,0,0,0,10,0,-10,-30,0,10,10,20,0,-20,10,0,0,-10,-10,20,10,0,20,-10,0,10,0
455,-10,0,10,-10,0,10,-30,10,-10,0,0,-10,-10,0,-10,0,10,0,-10,10,0,0,0,0,-20,0,20,-10,0,10,10,-10,10,0,0,10,0,0,10,0,0,-10,0,0,20,10,-10,0,0,0,0,10,10,0,10,10,10,0,-10,0,0,0,30,0,0,10,0,0,10,0,-10,-10,0,-10,0,0,0,10,0,-10,-30,0,10,10,20,0,-20,10,0,0,-10,-10,20,10,0,20,-10,0,10,0,-10
456,0,10,-10,0,10,-30,10,-10,0,0,-10,-10,0,-10,0,10,0,-10,10,0,0,0,0,-20,0,20,-10,0,10,10,-10,10,0,0,10,0,0,10,0,0,-10,0,0,20,10,-10,0,0,0,0,10,10,0,10,10,10,0,-10,0,0,0,30,0,0,10,0,0,10,0,-10,-10,0,-10,0,0,0,10,0,-10,-30,0,10,10,20,0,-20,10,0,0,-10,-10,20,10,0,20,-10,0,10,0,-10,20
457,10,-10,0,10,-30,10,-10,0,0,-10,-10,0,-10,0,10,0,-10,10,0,0,0,0,-20,0,20,-10,0,10,10,-10,10,0,0,10,0,0,10,0,0,-10,0,0,20,10,-10,0,0,0,0,10,10,0,10,10,10,0,-10,0,0,0,30,0,0,10,0,0,10,0,-10,-10,0,-10,0,0,0,10,0,-10,-30,0,10,10,20,0,-20,10,0,0,-10,-10,20,10,0,20,-10,0,10,0,-10,20,0
458,-10,0,10,-30,10,-10,0,0,-10,-10,0,-10,0,10,0,-10,10,0,0,0,0,-20,0,20,-10,0,10,10,-10,10,0,0,10,0,0,10,0,0,-10,0,0,20,10,-10,0,0,0,0,10,10,0,10,10,10,0,-10,0,0,0,30,0,0,10,0,0,10,0,-10,-10,0,-10,0,0,0,10,0,-10,-30,0,10,10,20,0,-20,10,0,0,-10,-10,20,10,0,20,-10,0,10,0,-10,20,0,10
459,0,10,-30,10,-10,0,0,-10,-10,0,-10,0,10,0,-10,10,0,0,0,0,-20,0,20,-10,0,10,10,-10,10,0,0,10,0,0,10,0,0,-10,0,0,20,10,-10,0,0,0,0,10,10,0,10,10,10,0,-10,0,0,0,30,0,0,10,0,0,10,0,-10,-10,0,-10,0,0,0,10,0,-10,-30,0,10,10,20,0,-20,10,0,0,-10,-10,20,10,0,20,-10,0,10,0,-10,20,0,10,-10
460,10,-30,10,-10,0,0,-10,-10,0,-10,0,10,0,-10,10,0,0,0,0,-20,0,20,-10,0,10,10,-10,10,0,0,10,0,0,10,0,0,-10,0,0,20,10,-10,0,0,0,0,10,10,0,10,10,10,0,-10,0,0,0,30,0,0,10,0,0,10,0,-10,-10,0,-10,0,0,0,10,0,-10,-30,0,10,10,20,0,-20,10,0,0,-10,-10,20,10,0,20,-10,0,10,0,-10,20,0,10,-10,0
461,-30,10,-10,0,0,-10,-10,0,-10,0,10,0,-10,10,0,0,0,0,-20,0,20,-10,0,10,10,-10,10,0,0,10,0,0,10,0,0,-10,0,0,20,10,-10,0,0,0,0,10,10,0,10,10,10,0,-10,0,0,0,30,0,0,10,0,0,10,0,-10,-10,0,-10,0,0,0,10,0,-10,-30,0,10,10,20,0,-20,10,0,0,-10,-10,20,10,0,20,-10,0,10,0,-10,20,0,10,-10,0,10
462,10,-10,0,0,-10,-10,0,-10,0,10,0,-10,10,0,0,0,0,-20,0,20,-10,0,10,10,-10,10,0,0,10,0,0,10,0,0,-10,0,0,20,10,-10,0,0,0,0,10,10,0,10,10,10,0,-10,0,0,0,30,0,0,10,0,0,10,0,-10,-10,0,-10,0,0,0,10,0,-10,-30,0,10,10,20,0,-20,10,0,0,-10,-10,20,10,0,20,-10,0,10,0,-10,20,0,10,-10,0,10,10
463,-10,0,0,-10,-10,0,-10,0,10,0,-10,10,0,0,0,0,-20,0,20,-10,0,10,10,-10,10,0,0,10,0,0,10,0,0,-10,0,0,20,10,-10,0,0,0,0,10,10,0,10,10,10,0,-10,0,0,0,30,0,0,10,0,0,10,0,-10,-10,0,-10,0,0,0,10,0,-10,-30,0,10,10,20,0,-20,10,0,0,-10,-10,20,10,0,20,-10,0,10,0,-10,20,0,10,-10,0,10,10,-10
464,0,0,-10,-10,0,-10,0,10,0,-10,10,0,0,0,0,-20,0,20,-10,0,10,10,-10,10,0,0,10,0,0,10,0,0,-10,0,0,20,10,-10,0,0,0,0,10,10,0,10,10,10,0,-10,0,0,0,30,0,0,10,0,0,10,0,-10,-10,0,-10,0,0,0,10,0,-10,-30,0,10,10,20,0,-20,10,0,0,-10,-10,20,10,0,20,-10,0,10,0,-10,20,0,10,-10,0,10,10,-10,10
465,0,-10,-10,0,-10,0,10,0,-10,10,0,0,0,0,-20,0,20,-10,0,10,10,-10,10,0,0,10,0,0,10,0,0,-10,0,0,20,10,-10,0,0,0,0,10,10,0,10,10,10,0,-10,0,0,0,30,0,0,10,0,0,10,0,-10,-10,0,-10,0,0,0,10,0,-10,-30,0,10,10,20,0,-20,10,0,0,-10,-10,20,10,0,20,-10,0,10,0,-10,20,0,10,-10,0,10,10,-10,10,0
466,-10,-10,0,-10,0,10,0,-10,10,0,0,0,0,-20,0,20,-10,0,10,10,-10,10,0,0,10,0,0,10,0,0,-10,0,0,20,10,-10,0,0,0,0,10,10,0,10,10,10,0,-10,0,0,0,30,0,0,10,0,0,10,0,-10,-10,0,-10,0,0,0,10,0,-10,-30,0,10,10,20,0,-20,10,0,0,-10,-10,20,10,0,20,-10,0,10,0,-10,20,0,10,-10,0,10,10,-10,10,0,-30
467,-10,0,-10,0,10,0,-10,10,0,0,0,0,-20,0,20,-10,0,10,10,-10,10,0,0,10,0,0,10,0,0,-10,0,0,20,10,-10,0,0,0,0,10,10,0,10,10,10,0,-10,0,0,0,30,0,0,10,0,0,10,0,-10,-10,0,-10,0,0,0,10,0,-10,-30,0,10,10,20,0,-20,10,0,0,-10,-10,20,10,0,20,-10,0,10,0,-10,20,0,10,-10,0,10,10,-10,10,0,-30,-10
468,0,-10,0,10,0,-10,10,0,0,0,0,-20,0,20,-10,0,10,10,-10,10,0,0,10,0,0,10,0,0,-10,0,0,20,10,-10,0,0,0,0,10,10,0,10,10,10,0,-10,0,0,0,30,0,0,10,0,0,10,0,-10,-10,0,-10,0,0,0,10,0,-10,-30,0,10,10,20,0,-20,10,0,0,-10,-10,20,10,0,20,-10,0,10,0,-10,20,0,10,-10,0,10,10,-10,10,0,-30,-10,10
469,-10,0,10,0,-10,10,0,0,0,0,-20,0,20,-10,0,10,10,-10,10,0,0,10,0,0,10,0,0,-10,0,0,20,10,-10,0,0,0,0,10,10,0,10,10,10,0,-10,0,0,0,30,0,0,10,0,0,10,0,-10,-10,0,-10,0,0,0,10,0,-10,-30,0,10,10,20,0,-20,10,0,0,-10,-10,20,10,0,20,-10,0,10,0,-10,20,0,10,-10,0,10,10,-10,10,0,-30,-10,10,0
470,0,10,0,-10,10,0,0,0,0,-20,0,20,-10,0,10,10,-10,10,0,0,10,0,0,10,0,0,-10,0,0,20,10,-10,0,0,0,0,10,10,0,10,10,10,0,-10,0,0,0,30,0,0,10,0,0,10,0,-10,-10,0,-10,0,0,0,10,0,-10,-30,0,10,10,20,0,-20,10,0,0,-10,-10,20,10,0,20,-10,0,10,0,-10,20,0,10,-10,0,10,10,-10,10,0,-30,-10,10,0,-20
471,10,0,-10,10,0,0,0,0,-20,0,20,-10,0,10,10,-10,10,0,0,10,0,0,10,0,0,-10,0,0,20,10,-10,0,0,0,0,10,10,0,10,10,10,0,-10,0,0,0,30,0,0,10,0,0,10,0,-10,-10,0,-10,0,0,0,10,0,-10,-30,0,10,10,20,0,-20,10,0,0,-10,-10,20,10,0,20,-10,0,10,0,-10,20,0,10,-10,0,10,10,-10,10,0,-30,-10,10,0,-20,20
472,0,-10,10,0,0,0,0,-20,0,20,-10,0,10,10,-10,10,0,0,10,0,0,10,0,0,-10,0,0,20,10,-10,0,0,0,0,10,10,0,10,10,10,0,-10,0,0,0,30,0,0,10,0,0,10,0,-10,-10,0,-10,0,0,0,10,0,-10,-30,0,10,10,20,0,-20,10,0,0,-10,-10,20,10,0,20,-10,0,10,0,-10,20,0,10,-10,0,10,10,-10,10,0,-30,-10,10,0,-20,20,0
473,-10,10,0,0,0,0,-20,0,20,-10,0,10,10,-10,10,0,0,10,0,0,10,0,0,-10,0,0,20,10,-10,0,0,0,0,10,10,0,10,10,10,0,-10,0,0,0,30,0,0,10,0,0,10,0,-10,-10,0,-10,0,0,0,10,0,-10,-30,0,10,10,20,0,-20,10,0,0,-10,-10,20,10,0,20,-10,0,10,0,-10,20,0,10,-10,0,10,10,-10,10,0,-30,-10,10,0,-20,20,0,0
474,10,0,0,0,0,-20,0,20,-10,0,10,10,-10,10,0,0,10,0,0,10,0,0,-10,0,0,20,10,-10,0,0,0,0,10,10,0,10,10,10,0,-10,0,0,0,30,0,0,10,0,0,10,0,-10,-10,0,-10,0,0,0,10,0,-10,-30,0,10,10,20,0,-20,10,0,0,-10,-10,20,10,0,20,-10,0,10,0,-10,20,0,10,-10,0,10,10,-10,10,0,-30,-10,10,0,-20,20,0,0,0
475,0,0,0,0,-20,0,20,-10,0,10,10,-10,10,0,0,10,0,0,10,0,0,-10,0,0,20,10,-10,0,0,0,0,10,10,0,10,10,10,0,-10,0,0,0,30,0,0,10,0,0,10,0,-10,-10,0,-10,0,0,0,10,0,-10,-30,0,10,10,20,0,-20,10,0,0,-10,-10,20,10,0,20,-10,0,10,0,-10,20,0,10,-10,0,10,10,-10,10,0,-30,-10,10,0,-20,20,0,0,0,-10
476,0,0,0,-20,0,20,-10,0,10,10,-10,10,0,0,10,0,0,10,0,0,-10,0,0,20,10,-10,0,0,0,0,10,10,0,10,10,10,0,-10,0,0,0,30,0,0,10,0,0,10,0,-10,-10,0,-10,0,0,0,10,0,-10,-30,0,10,10,20,0,-20,10,0,0,-10,-10,20,10,0,20,-10,0,10,0,-10,20,0,10,-10,0,10,10,-10,10,0,-30,-10,10,0,-20,20,0,0,0,-10,0
477,0,0,-20,0,20,-10,0,10,10,-10,10,0,0,10,0,0,10,0,0,-10,0,0,20,10,-10,0,0,0,0,10,10,0,10,10,10,0,-10,0,0,0,30,0,0,10,0,0,10,0,-10,-10,0,-10,0,0,0,10,0,-10,-30,0,10,10,20,0,-20,10,0,0,-10,-10,20,10,0,20,-10,0,10,0,-10,20,0,10,-10,0,10,10,-10,10,0,-30,-10,10,0,-20,20,0,0,0,-10,0,-10
478,0,-20,0,20,-10,0,10,10,-10,10,0,0,10,0,0,10,0,0,-10,0,0,20,10,-10,0,0,0,0,10,10,0,10,10,10,0,-10,0,0,0,30,0,0,10,0,0,10,0,-10,-10,0,-10,0,0,0,10,0,-10,-30,0,10,10,20,0,-20,10,0,0,-10,-10,20,10,0,20,-10,0,10,0,-10,20,0,10,-10,0,10,10,-10,10,0,-30,-10,10,0,-20,20,0,0,0,-10,0,-10,0
479,-20,0,20,-10,0,10,10,-10,10,0,0,10,0,0,10,0,0,-10,0,0,20,10,-10,0,0,0,0,10,10,0,10,10,10,0,-10,0,0,0,30,0,0,10,0,0,10,0,-10,-10,0,-10,0,0,0,10,0,-10,-30,0,10,10,20,0,-20,10,0,0,-10,-10,20,10,0,20,-10,0,10,0,-10,20,0,10,-10,0,10,10,-10,10,0,-30,-10,10,0,-20,20,0,0,0,-10,0,-10,0,0
480,0,20,-10,0,10,10,-10,10,0,0,10,0,0,10,0,0,-10,0,0,20,10,-10,0,0,0,0,10,10,0,10,10,10,0,-10,0,0,0,30,0,0,10,0,0,10,0,-10,-10,0,-10,0,0,0,10,0,-10,-30,0,10,10,20,0,-20,10,0,0,-10,-10,20,10,0,20,-10,0,10,0,-10,20,0,10,-10,0,10,10,-10,10,0,-30,-10,10,0,-20,20,0,0,0,-10,0,-10,0,0,10
481,20,-10,0,10,10,-10,10,0,0,10,0,0,10,0,0,-10,0,0,20,10,-10,0,0,0,0,10,10,0,10,10,10,0,-10,0,0,0,30,0,0,10,0,0,10,0,-10,-10,0,-10,0,0,0,10,0,-10,-30,0,10,10,20,0,-20,10,0,0,-10,-10,20,10,0,20,-10,0,10,0,-10,20,0,10,-10,0,10,10,-10,10,0,-30,-10,10,0,-20,20,0,0,0,-10,0,-10,0,0,10,20
482,-10,0,10,10,-10,10,0,0,10,0,0,10,0,0,-10,0,0,20,10,-10,0,0,0,0,10,10,0,10,10,10,0,-10,0,0,0,30,0,0,10,0,0,10,0,-10,-10,0,-10,0,0,0,10,0,-10,-30,0,10,10,20,0,-20,10,0,0,-10,-10,20,10,0,20,-10,0,10,0,-10,20,0,10,-10,0,10,10,-10,10,0,-30,-10,10,0,-20,20,0,0,0,-10,0,-10,0,0,10,20,0
483,0,10,10,-10,10,0,0,10,0,0,10,0,0,-10,0,0,20,10,-10,0,0,0,0,10,10,0,10,10,10,0,-10,0,0,0,30,0,0,10,0,0,10,0,-10,-10,0,-10,0,0,0,10,0,-10,-30,0,10,10,20,0,-20,10,0,0,-10,-10,20,10,0,20,-10,0,10,0,-10,20,0,10,-10,0,10,10,-10,10,0,-30,-10,10,0,-20,20,0,0,0,-10,0,-10,0,0,10,20,0,20
484,10,10,-10,10,0,0,10,0,0,10,0,0,-10,0,0,20,10,-10,0,0,0,0,10,10,0,10,10,10,0,-10,0,0,0,30,0,0,10,0,0,10,0,-10,-10,0,-10,0,0,0,10,0,-10,-30,0,10,10,20,0,-20,10,0,0,-10,-10,20,10,0,20,-10,0,10,0,-10,20,0,10,-10,0,10,10,-10,10,0,-30,-10,10,0,-20,20,0,0,0,-10,0,-10,0,0,10,20,0,20,0
485,10,-10,10,0,0,10,0,0,10,0,0,-10,0,0,20,10,-10,0,0,0,0,10,10,0,10,10,10,0,-10,0,0,0,30,0,0,10,0,0,10,0,-10,-10,0,-10,0,0,0,10,0,-10,-30,0,10,10,20,0,-20,10,0,0,-10,-10,20,10,0,20,-10,0,10,0,-10,20,0,10,-10,0,10,10,-10,10,0,-30,-10,10,0,-20,20,0,0,0,-10,0,-10,0,0,10,20,0,20,0,10
486,-10,10,0,0,10,0,0,10,0,0,-10,0,0,20,10,-10,0,0,0,0,10,10,0,10,10,10,0,-10,0,0,0,30,0,0,10,0,0,10,0,-10,-10,0,-10,0,0,0,10,0,-10,-30,0,10,10,20,0,-20,10,0,0,-10,-10,20,10,0,20,-10,0,10,0,-10,20,0,10,-10,0,10,10,-10,10,0,-30,-10,10,0,-20,20,0,0,0,-10,0,-10,0,0,10,20,0,20,0,10,10
487,10,0,0,10,0,0,10,0,0,-10,0,0,20,10,-10,0,0,0,0,10,10,0,10,10,10,0,-10,0,0,0,30,0,0,10,0,0,10,0,-10,-10,0,-10,0,0,0,10,0,-10,-30,0,10,10,20,0,-20,10,0,0,-10,-10,20,10,0,20,-10,0,10,0,-10,20,0,10,-10,0,10,10,-10,10,0,-30,-10,10,0,-20,20,0,0,0,-10,0,-10,0,0,10,20,0,20,0,10,10,10
488,0,0,10,0,0,10,0,0,-10,0,0,20,10,-10,0,0,0,0,10,10,0,10,10,10,0,-10,0,0,0,30,0,0,10,0,0,10,0,-10,-10,0,-10,0,0,0,10,0,-10,-30,0,10,10,20,0,-20,10,0,0,-10,-10,20,10,0,20,-10,0,10,0,-10,20,0,10,-10,0,10,10,-10,10,0,-30,-10,10,0,-20,20,0,0,0,-10,0,-10,0,0,10,20,0,20,0,10,10,10,20
489,0,10,0,0,10,0,0,-10,0,0,20,10,-10,0,0,0,0,10,10,0,10,10,10,0,-10,0,0,0,30,0,0,10,0,0,10,0,-10,-10,0,-10,0,0,0,10,0,-10,-30,0,10,10,20,0,-20,10,0,0,-10,-10,20,10,0,20,-10,0,10,0,-10,20,0,10,-10,0,10,10,-10,10,0,-30,-10,10,0,-20,20,0,0,0,-10,0,-10,0,0,10,20,0,20,0,10,10,10,20,30
490,10,0,0,10,0,0,-10,0,0,20,10,-10,0,0,0,0,10,10,0,10,10,10,0,-10,0,0,0,30,0,0,10,0,0,10,0,-10,-10,0,-10,0,0,0,10,0,-10,-30,0,10,10,20,0,-20,10,0,0,-10,-10,20,10,0,20,-10,0,10,0,-10,20,0,10,-10,0,10,10,-10,10,0,-30,-10,10,0,-20,20,0,0,0,-10,0,-10,0,0,10,20,0,20,0,10,10,10,20,30,0
491,0,0,10,0,0,-10,0,0,20,10,-10,0,0,0,0,10,10,0,10,10,10,0,-10,0,0,0,30,0,0,10,0,0,10,0,-10,-10,0,-10,0,0,0,10,0,-10,-30,0,10,10,20,0,-20,10,0,0,-10,-10,20,10,0,20,-10,0,10,0,-10,20,0,10,-10,0,10,10,-10,10,0,-30,-10,10,0,-20,20,0,0,0,-10,0,-10,0,0,10,20,0,20,0,10,10,10,20,30,0,10
492,0,10,0,0,-10,0,0,20,10,-10,0,0,0,0,10,10,0,10,10,10,0,-10,0,0,0,30,0,0,10,0,0,10,0,-10,-10,0,-10,0,0,0,10,0,-10,-30,0,10,10,20,0,-20,10,0,0,-10,-10,20,10,0,20,-10,0,10,0,-10,20,0,10,-10,0,10,10,-10,10,0,-30,-10,10,0,-20,20,0,0,0,-10,0,-10,0,0,10,20,0,20,0,10,10,10,20,30,0,10,70
493,10,0,0,-10,0,0,20,10,-10,0,0,0,0,10,10,0,10,10,10,0,-10,0,0,0,30,0,0,10,0,0,10,0,-10,-10,0,-10,0,0,0,10,0,-10,-30,0,10,10,20,0,-20,10,0,0,-10,-10,20,10,0,20,-10,0,10,0,-10,20,0,10,-10,0,10,10,-10,10,0,-30,-10,10,0,-20,20,0,0,0,-10,0,-10,0,0,10,20,0,20,0,10,10,10,20,30,0,10,70,60
494,0,0,-10,0,0,20,10,-10,0,0,0,0,10,10,0,10,10,10,0,-10,0,0,0,30,0,0,10,0,0,10,0,-10,-10,0,-10,0,0,0,10,0,-10,-30,0,10,10,20,0,-20,10,0,0,-10,-10,20,10,0,20,-10,0,10,0,-10,20,0,10,-10,0,10,10,-10,10,0,-30,-10,10,0,-20,20,0,0,0,-10,0,-10,0,0,10,20,0,20,0,10,10,10,20,30,0,10,70,60,330
495,0,-10,0,0,20,10,-10,0,0,0,0,10,10,0,10,10,10,0,-10,0,0,0,30,0,0,10,0,0,10,0,-10,-10,0,-10,0,0,0,10,0,-10,-30,0,10,10,20,0,-20,10,0,0,-10,-10,20,10,0,20,-10,0,10,0,-10,20,0,10,-10,0,10,10,-10,10,0,-30,-10,10,0,-20,20,0,0,0,-10,0,-10,0,0,10,20,0,20,0,10,10,10,20,30,0,10,70,60,330,250
496,-10,0,0,20,10,-10,0,0,0,0,10,10,0,10,10,10,0,-10,0,0,0,30,0,0,10,0,0,10,0,-10,-10,0,-10,0,0,0,10,0,-10,-30,0,10,10,20,0,-20,10,0,0,-10,-10,20,10,0,20,-10,0,10,0,-10,20,0,10,-10,0,10,10,-10,10,0,-30,-10,10,0,-20,20,0,0,0,-10,0,-10,0,0,10,20,0,20,0,10,10,10,20,30,0,10,70,60,330,250,210
497,0,0,20,10,-10,0,0,0,0,10,10,0,10,10,10,0,-10,0,0,0,30,0,0,10,0,0,10,0,-10,-10,0,-10,0,0,0,10,0,-10,-30,0,10,10,20,0,-20,10,0,0,-10,-10,20,10,0,20,-10,0,10,0,-10,20,0,10,-10,0,10,10,-10,10,0,-30,-10,10,0,-20,20,0,0,0,-10,0,-10,0,0,10,20,0,20,0,10,10,10,20,30,0,10,70,60,330,250,210,250
498,0,20,10,-10,0,0,0,0,10,10,0,10,10,10,0,-10,0,0,0,30,0,0,10,0,0,10,0,-10,-10,0,-10,0,0,0,10,0,-10,-30,0,10,10,20,0,-20,10,0,0,-10,-10,20,10,0,20,-10,0,10,0,-10,20,0,10,-10,0,10,10,-10,10,0,-30,-10,10,0,-20,20,0,0,0,-10,0,-10,0,0,10,20,0,20,0,10,10,10,20,30,0,10,70,60,330,250,210,250,240
499,20,10,-10,0,0,0,0,10,10,0,10,10,10,0,-10,0,0,0,30,0,0,10,0,0,10,0,-10,-10,0,-10,0,0,0,10,0,-10,-30,0,10,10,20,0,-20,10,0,0,-10,-10,20,10,0,20,-10,0,10,0,-10,20,0,10,-10,0,10,10,-10,10,0,-30,-10,10,0,-20,20,0,0,0,-10,0,-10,0,0,10,20,0,20,0,10,10,10,20,30,0,10,70,60,330,250,210,250,240,350
500,10,-10,0,0,0,0,10,10,0,10,10,10,0,-10,0,0,0,30,0,0,10,0,0,10,0,-10,-10,0,-10,0,0,0,10,0,-10,-30,0,10,10,20,0,-20,10,0,0,-10,-10,20,10,0,20,-10,0,10,0,-10,20,0,10,-10,0,10,10,-10,10,0,-30,-10,10,0,-20,20,0,0,0,-10,0,-10,0,0,10,20,0,20,0,10,10,10,20,30,0,10,70,60,330,250,210,250,240,350,190
501,-10,0,0,0,0,10,10,0,10,10,10,0,-10,0,0,0,30,0,0,10,0,0,10,0,-10,-10,0,-10,0,0,0,10,0,-10,-30,0,10,10,20,0,-20,10,0,0,-10,-10,20,10,0,20,-10,0,10,0,-10,20,0,10,-10,0,10,10,-10,10,0,-30,-10,10,0,-20,20,0,0,0,-10,0,-10,0,0,10,20,0,20,0,10,10,10,20,30,0,10,70,60,330,250,210,250,240,350,190,210
502,0,0,0,0,10,10,0,10,10,10,0,-10,0,0,0,30,0,0,10,0,0,10,0,-10,-10,0,-10,0,0,0,10,0,-10,-30,0,10,10,20,0,-20,10,0,0,-10,-10,20,10,0,20,-10,0,10,0,-10,20,0,10,-10,0,10,10,-10,10,0,-30,-10,10,0,-20,20,0,0,0,-10,0,-10,0,0,10,20,0,20,0,10,10,10,20,30,0,10,70,60,330,250,210,250,240,350,190,210,230
503,0,0,0,10,10,0,10,10,10,0,-10,0,0,0,30,0,0,10,0,0,10,0,-10,-10,0,-10,0,0,0,10,0,-10,-30,0,10,10,20,0,-20,10,0,0,-10,-10,20,10,0,20,-10,0,10,0,-10,20,0,10,-10,0,10,10,-10,10,0,-30,-10,10,0,-20,20,0,0,0,-10,0,-10,0,0,10,20,0,20,0,10,10,10,20,30,0,10,70,60,330,250,210,250,240,350,190,210,230,130
504,0,0,10,10,0,10,10,10,0,-10,0,0,0,30,0,0,10,0,0,10,0,-10,-10,0,-10,0,0,0,10,0,-10,-30,0,10,10,20,0,-20,10,0,0,-10,-10,20,10,0,20,-10,0,10,0,-10,20,0,10,-10,0,10,10,-10,10,0,-30,-10,10,0,-20,20,0,0,0,-10,0,-10,0,0,10,20,0,20,0,10,10,10,20,30,0,10,70,60,330,250,210,250,240,350,190,210,230,130,60
505,0,10,10,0,10,10,10,0,-10,0,0,0,30,0,0,10,0,0,10,0,-10,-10,0,-10,0,0,0,10,0,-10,-30,0,10,10,20,0,-20,10,0,0,-10,-10,20,10,0,20,-10,0,10,0,-10,20,0,10,-10,0,10,10,-10,10,0,-30,-10,10,0,-20,20,0,0,0,-10,0,-10,0,0,10,20,0,20,0,10,10,10,20,30,0,10,70,60,330,250,210,250,240,350,190,210,230,130,60,150
506,10,10,0,10,10,10,0,-10,0,0,0,30,0,0,10,0,0,10,0,-10,-10,0,-10,0,0,0,10,0,-10,-30,0,10,10,20,0,-20,10,0,0,-10,-10,20,10,0,20,-10,0,10,0,-10,20,0,10,-10,0,10,10,-10,10,0,-30,-10,10,0,-20,20,0,0,0,-10,0,-10,0,0,10,20,0,20,0,10,10,10,20,30,0,10,70,60,330,250,210,250,240,350,190,210,230,130,60,150,160
507,10,0,10,10,10,0,-10,0,0,0,30,0,0,10,0,0,10,0,-10,-10,0,-10,0,0,0,10,0,-10,-30,0,10,10,20,0,-20,10,0,0,-10,-10,20,10,0,20,-10,0,10,0,-10,20,0,10,-10,0,10,10,-10,10,0,-30,-10,10,0,-20,20,0,0,0,-10,0,-10,0,0,10,20,0,20,0,10,10,10,20,30,0,10,70,60,330,250,210,250,240,350,190,210,230,130,60,150,160,-10
508,0,10,10,10,0,-10,0,0,0,30,0,0,10,0,0,10,0,-10,-10,0,-10,0,0,0,10,0,-10,-30,0,10,10,20,0,-20,10,0,0,-10,-10,20,10,0,20,-10,0,10,0,-10,20,0,10,-10,0,10,10,-10,10,0,-30,-10,10,0,-20,20,0,0,0,-10,0,-10,0,0,10,20,0,20,0,10,10,10,20,30,0,10,70,60,330,250,210,250,240,350,190,210,230,130,60,150,160,-10,40
509,10,10,10,0,-10,0,0,0,30,0,0,10,0,0,10,0,-10,-10,0,-10,0,0,0,10,0,-10,-30,0,10,10,20,0,-20,10,0,0,-10,-10,20,10,0,20,-10,0,10,0,-10,20,0,10,-10,0,10,10,-10,10,0,-30,-10,10,0,-20,20,0,0,0,-10,0,-10,0,0,10,20,0,20,0,10,10,10,20,30,0,10,70,60,330,250,210,250,240,350,190,210,230,130,60,150,160,-10,40,-50
510,10,10,0,-10,0,0,0,30,0,0,10,0,0,10,0,-10,-10,0,-10,0,0,0,10,0,-10,-30,0,10,10,20,0,-20,10,0,0,-10,-10,20,10,0,20,-10,0,10,0,-10,20,0,10,-10,0,10,10,-10,10,0,-30,-10,10,0,-20,20,0,0,0,-10,0,-10,0,0,10,20,0,20,0,10,10,10,20,30,0,10,70,60,330,250,210,250,240,350,190,210,230,130,60,150,160,-10,40,-50,-20
511,10,0,-10,0,0,0,30,0,0,10,0,0,10,0,-10,-10,0,-10,0,0,0,10,0,-10,-30,0,10,10,20,0,-20,10,0,0,-10,-10,20,10,0,20,-10,0,10,0,-10,20,0,10,-10,0,10,10,-10,10,0,-30,-10,10,0,-20,20,0,0,0,-10,0,-10,0,0,10,20,0,20,0,10,10,10,20,30,0,10,70,60,330,250,210,250,240,350,190,210,230,130,60,150,160,-10,40,-50,-20,30
512,0,-10,0,0,0,30,0,0,10,0,0,10,0,-10,-10,0,-10,0,0,0,10,0,-10,-30,0,10,10,20,0,-20,10,0,0,-10,-10,20,10,0,20,-10,0,10,0,-10,20,0,10,-10,0,10,10,-10,10,0,-30,-10,10,0,-20,20,0,0,0,-10,0,-10,0,0,10,20,0,20,0,10,10,10,20,30,0,10,70,60,330,250,210,250,240,350,190,210,230,130,60,150,160,-10,40,-50,-20,30,30
513,-10,0,0,0,30,0,0,10,0,0,10,0,-10,-10,0,-10,0,0,0,10,0,-10,-30,0,10,10,20,0,-20,10,0,0,-10,-10,20,10,0,20,-10,0,10,0,-10,20,0,10,-10,0,10,10,-10,10,0,-30,-10,10,0,-20,20,0,0,0,-10,0,-10,0,0,10,20,0,20,0,10,10,10,20,30,0,10,70,60,330,250,210,250,240,350,190,210,230,130,60,150,160,-10,40,-50,-20,30,30,20
514,0,0,0,30,0,0,10,0,0,10,0,-10,-10,0,-10,0,0,0,10,0,-10,-30,0,10,10,20,0,-20,10,0,0,-10,-10,20,10,0,20,-10,0,10,0,-10,20,0,10,-10,0,10,10,-10,10,0,-30,-10,10,0,-20,20,0,0,0,-10,0,-10,0,0,10,20,0,20,0,10,10,10,20,30,0,10,70,60,330,250,210,250,240,350,190,210,230,130,60,150,160,-10,40,-50,-20,30,30,20,40
515,0,0,30,0,0,10,0,0,10,0,-10,-10,0,-10,0,0,0,10,0,-10,-30,0,10,10,20,0,-20,10,0,0,-10,-10,20,10,0,20,-10,0,10,0,-10,20,0,10,-10,0,10,10,-10,10,0,-30,-10,10,0,-20,20,0,0,0,-10,0,-10,0,0,10,20,0,20,0,10,10,10,20,30,0,10,70,60,330,250,210,250,240,350,190,210,230,130,60,150,160,-10,40,-50,-20,30,30,20,40,20
516,0,30,0,0,10,0,0,10,0,-10,-10,0,-10,0,0,0,10,0,-10,-30,0,10,10,20,0,-20,10,0,0,-10,-10,20,10,0,20,-10,0,10,0,-10,20,0,10,-10,0,10,10,-10,10,0,-30,-10,10,0,-20,20,0,0,0,-10,0,-10,0,0,10,20,0,20,0,10,10,10,20,30,0,10,70,60,330,250,210,250,240,350,190,210,230,130,60,150,160,-10,40,-50,-20,30,30,20,40,20,70
517,30,0,0,10,0,0,10,0,-10,-10,0,-10,0,0,0,10,0,-10,-30,0,10,10,20,0,-20,10,0,0,-10,-10,20,10,0,20,-10,0,10,0,-10,20,0,10,-10,0,10,10,-10,10,0,-30,-10,10,0,-20,20,0,0,0,-10,0,-10,0,0,10,20,0,20,0,10,10,10,20,30,0,10,70,60,330,250,210,250,240,350,190,210,230,130,60,150,160,-10,40,-50,-20,30,30,20,40,20,70,80
518,0,0,10,0,0,10,0,-10,-10,0,-10,0,0,0,10,0,-10,-30,0,10,10,20,0,-20,10,0,0,-10,-10,20,10,0,20,-10,0,10,0,-10,20,0,10,-10,0,10,10,-10,10,0,-30,-10,10,0,-20,20,0,0,0,-10,0,-10,0,0,10,20,0,20,0,10,10,10,20,30,0,10,70,60,330,250,210,250,240,350,190,210,230,130,60,150,160,-10,40,-50,-20,30,30,20,40,20,70,80,40
519,0,10,0,0,10,0,-10,-10,0,-10,0,0,0,10,0,-10,-30,0,10,10,20,0,-20,10,0,0,-10,-10,20,10,0,20,-10,0,10,0,-10,20,0,10,-10,0,10,10,-10,10,0,-30,-10,10,0,-20,20,0,0,0,-10,0,-10,0,0,10,20,0,20,0,10,10,10,20,30,0,10,70,60,330,250,210,250,240,350,190,210,230,130,60,150,160,-10,40,-50,-20,30,30,20,40,20,70,80,40,10
520,10,0,0,10,0,-10,-10,0,-10,0,0,0,10,0,-10,-30,0,10,10,20,0,-20,10,0,0,-10,-10,20,10,0,20,-10,0,10,0,-10,20,0,10,-10,0,10,10,-10,10,0,-30,-10,10,0,-20,20,0,0,0,-10,0,-10,0,0,10,20,0,20,0,10,10,10,20,30,0,10,70,60,330,250,210,250,240,350,190,210,230,130,60,150,160,-10,40,-50,-20,30,30,20,40,20,70,80,40,10,10
521,0,0,10,0,-10,-10,0,-10,0,0,0,10,0,-10,-30,0,10,10,20,0,-20,10,0,0,-10,-10,20,10,0,20,-10,0,10,0,-10,20,0,10,-10,0,10,10,-10,10,0,-30,-10,10,0,-20,20,0,0,0,-10,0,-10,0,0,10,20,0,20,0,10,10,10,20,30,0,10,70,60,330,250,210,250,240,350,190,210,230,130,60,150,160,-10,40,-50,-20,30,30,20,40,20,70,80,40,10,10,0
522,0,10,0,-10,-10,0,-10,0,0,0,10,0,-10,-30,0,10,10,20,0,-20,10,0,0,-10,-10,20,10,0,20,-10,0,10,0,-10,20,0,10,-10,0,10,10,-10,10,0,-30,-10,10,0,-20,20,0,0,0,-10,0,-10,0,0,10,20,0,20,0,10,10,10,20,30,0,10,70,60,330,250,210,250,240,350,190,210,230,130,60,150,160,-10,40,-50,-20,30,30,20,40,20,70,80,40,10,10,0,20
523,10,0,-10,-10,0,-10,0,0,0,10,0,-10,-30,0,10,10,20,0,-20,10,0,0,-10,-10,20,10,0,20,-10,0,10,0,-10,20,0,10,-10,0,10,10,-10,10,0,-30,-10,10,0,-20,20,0,0,0,-10,0,-10,0,0,10,20,0,20,0,10,10,10,20,30,0,10,70,60,330,250,210,250,240,350,190,210,230,130,60,150,160,-10,40,-50,-20,30,30,20,40,20,70,80,40,10,10,0,20,50
524,0,-10,-10,0,-10,0,0,0,10,0,-10,-30,0,10,10,20,0,-20,10,0,0,-10,-10,20,10,0,20,-10,0,10,0,-10,20,0,10,-10,0,10,10,-10,10,0,-30,-10,10,0,-20,20,0,0,0,-10,0,-10,0,0,10,20,0,20,0,10,10,10,20,30,0,10,70,60,330,250,210,250,240,350,190,210,230,130,60,150,160,-10,40,-50,-20,30,30,20,40,20,70,80,40,10,10,0,20,50,20
525,-10,-10,0,-10,0,0,0,10,0,-10,-30,0,10,10,20,0,-20,10,0,0,-10,-10,20,10,0,20,-10,0,10,0,-10,20,0,10,-10,0,10,10,-10,10,0,-30,-10,10,0,-20,20,0,0,0,-10,0,-10,0,0,10,20,0,20,0,10,10,10,20,30,0,10,70,60,330,250,210,250,240,350,190,210,230,130,60,150,160,-10,40,-50,-20,30,30,20,40,20,70,80,40,10,10,0,20,50,20,10
526,-10,0,-10,0,0,0,10,0,-10,-30,0,10,10,20,0,-20,10,0,0,-10,-10,20,10,0,20,-10,0,10,0,-10,20,0,10,-10,0,10,10,-10,10,0,-30,-10,10,0,-20,20,0,0,0,-10,0,-10,0,0,10,20,0,20,0,10,10,10,20,30,0,10,70,60,330,250,210,250,240,350,190,210,230,130,60,150,160,-10,40,-50,-20,30,30,20,40,20,70,80,40,10,10,0,20,50,20,10,10
527,0,-10,0,0,0,10,0,-10,-30,0,10,10,20,0,-20,10,0,0,-10,-10,20,10,0,20,-10,0,10,0,-10,20,0,10,-10,0,10,10,-10,10,0,-30,-10,10,0,-20,20,0,0,0,-10,0,-10,0,0,10,20,0,20,0,10,10,10,20,30,0,10,70,60,330,250,210,250,240,350,190,210,230,130,60,150,160,-10,40,-50,-20,30,30,20,40,20,70,80,40,10,10,0,20,50,20,10,10,-30
528,-10,0,0,0,10,0,-10,-30,0,10,10,20,0,-20,10,0,0,-10,-10,20,10,0,20,-10,0,10,0,-10,20,0,10,-10,0,10,10,-10,10,0,-30,-10,10,0,-20,20,0,0,0,-10,0,-10,0,0,10,20,0,20,0,10,10,10,20,30,0,10,70,60,330,250,210,250,240,350,190,210,230,130,60,150,160,-10,40,-50,-20,30,30,20,40,20,70,80,40,10,10,0,20,50,20,10,10,-30,10
529,0,0,0,10,0,-10,-30,0,10,10,20,0,-20,10,0,0,-10,-10,20,10,0,20,-10,0,10,0,-10,20,0,10,-10,0,10,10,-10,10,0,-30,-10,10,0,-20,20,0,0,0,-10,0,-10,0,0,10,20,0,20,0,10,10,10,20,30,0,10,70,60,330,250,210,250,240,350,190,210,230,130,60,150,160,-10,40,-50,-20,30,30,20,40,20,70,80,40,10,10,0,20,50,20,10,10,-30,10,30
530,0,0,10,0,-10,-30,0,10,10,20,0,-20,10,0,0,-10,-10,20,10,0,20,-10,0,10,0,-10,20,0,10,-10,0,10,10,-10,10,0,-30,-10,10,0,-20,20,0,0,0,-10,0,-10,0,0,10,20,0,20,0,10,10,10,20,30,0,10,70,60,330,250,210,250,240,350,190,210,230,130,60,150,160,-10,40,-50,-20,30,30,20,40,20,70,80,40,10,10,0,20,50,20,10,10,-30,10,30,-10
531,0,10,0,-10,-30,0,10,10,20,0,-20,10,0,0,-10,-10,20,10,0,20,-10,0,10,0,-10,20,0,10,-10,0,10,10,-10,10,0,-30,-10,10,0,-20,20,0,0,0,-10,0,-10,0,0,10,20,0,20,0,10,10,10,20,30,0,10,70,60,330,250,210,250,240,350,190,210,230,130,60,150,160,-10,40,-50,-20,30,30,20,40,20,70,80,40,10,10,0,20,50,20,10,10,-30,10,30,-10,30
532,10,0,-10,-30,0,10,10,20,0,-20,10,0,0,-10,-10,20,10,0,20,-10,0,10,0,-10,20,0,10,-10,0,10,10,-10,10,0,-30,-10,10,0,-20,20,0,0,0,-10,0,-10,0,0,10,20,0,20,0,10,10,10,20,30,0,10,70,60,330,250,210,250,240,350,190,210,230,130,60,150,160,-10,40,-50,-20,30,30,20,40,20,70,80,40,10,10,0,20,50,20,10,10,-30,10,30,-10,30,20
533,0,-10,-30,0,10,10,20,0,-20,10,0,0,-10,-10,20,10,0,20,-10,0,10,0,-10,20,0,10,-10,0,10,10,-10,10,0,-30,-10,10,0,-20,20,0,0,0,-10,0,-10,0,0,10,20,0,20,0,10,10,10,20,30,0,10,70,60,330,250,210,250,240,350,190,210,230,130,60,150,160,-10,40,-50,-20,30,30,20,40,20,70,80,40,10,10,0,20,50,20,10,10,-30,10,30,-10,30,20,0
534,-10,-30,0,10,10,20,0,-20,10,0,0,-10,-10,20,10,0,20,-10,0,10,0,-10,20,0,10,-10,0,10,10,-10,10,0,-30,-10,10,0,-20,20,0,0,0,-10,0,-10,0,0,10,20,0,20,0,10,10,10,20,30,0,10,70,60,330,250,210,250,240,350,190,210,230,130,60,150,160,-10,40,-50,-20,30,30,20,40,20,70,80,40,10,10,0,20,50,20,10,10,-30,10,30,-10,30,20,0,10
535,-30,0,10,10,20,0,-20,10,0,0,-10,-10,20,10,0,20,-10,0,10,0,-10,20,0,10,-10,0,10,10,-10,10,0,-30,-10,10,0,-20,20,0,0,0,-10,0,-10,0,0,10,20,0,20,0,10,10,10,20,30,0,10,70,60,330,250,210,250,240,350,190,210,230,130,60,150,160,-10,40,-50,-20,30,30,20,40,20,70,80,40,10,10,0,20,50,20,10,10,-30,10,30,-10,30,20,0,10,0
536,0,10,10,20,0,-20,10,0,0,-10,-10,20,10,0,20,-10,0,10,0,-10,20,0,10,-10,0,10,10,-10,10,0,-30,-10,10,0,-20,20,0,0,0,-10,0,-10,0,0,10,20,0,20,0,10,10,10,20,30,0,10,70,60,330,250,210,250,240,350,190,210,230,130,60,150,160,-10,40,-50,-20,30,30,20,40,20,70,80,40,10,10,0,20,50,20,10,10,-30,10,30,-10,30,20,0,10,0,-10
537,10,10,20,0,-20,10,0,0,-10,-10,20,10,0,20,-10,0,10,0,-10,20,0,10,-10,0,10,10,-10,10,0,-30,-10,10,0,-20,20,0,0,0,-10,0,-10,0,0,10,20,0,20,0,10,10,10,20,30,0,10,70,60,330,250,210,250,240,350,190,210,230,130,60,150,160,-10,40,-50,-20,30,30,20,40,20,70,80,40,10,10,0,20,50,20,10,10,-30,10,30,-10,30,20,0,10,0,-10,20
538,10,20,0,-20,10,0,0,-10,-10,20,10,0,20,-10,0,10,0,-10,20,0,10,-10,0,10,10,-10,10,0,-30,-10,10,0,-20,20,0,0,0,-10,0,-10,0,0,10,20,0,20,0,10,10,10,20,30,0,10,70,60,330,250,210,250,240,350,190,210,230,130,60,150,160,-10,40,-50,-20,30,30,20,40,20,70,80,40,10,10,0,20,50,20,10,10,-30,10,30,-10,30,20,0,10,0,-10,20,0
539,20,0,-20,10,0,0,-10,-10,20,10,0,20,-10,0,10,0,-10,20,0,10,-10,0,10,10,-10,10,0,-30,-10,10,0,-20,20,0,0,0,-10,0,-10,0,0,10,20,0,20,0,10,10,10,20,30,0,10,70,60,330,250,210,250,240,350,190,210,230,130,60,150,160,-10,40,-50,-20,30,30,20,40,20,70,80,40,10,10,0,20,50,20,10,10,-30,10,30,-10,30,20,0,10,0,-10,20,0,10
540,0,-20,10,0,0,-10,-10,20,10,0,20,-10,0,10,0,-10,20,0,10,-10,0,10,10,-10,10,0,-30,-10,10,0,-20,20,0,0,0,-10,0,-10,0,0,10,20,0,20,0,10,10,10,20,30,0,10,70,60,330,250,210,250,240,350,190,210,230,130,60,150,160,-10,40,-50,-20,30,30,20,40,20,70,80,40,10,10,0,20,50,20,10,10,-30,10,30,-10,30,20,0,10,0,-10,20,0,10,-30
541,-20,10,0,0,-10,-10,20,10,0,20,-10,0,10,0,-10,20,0,10,-10,0,10,10,-10,10,0,-30,-10,10,0,-20,20,0,0,0,-10,0,-10,0,0,10,20,0,20,0,10,10,10,20,30,0,10,70,60,330,250,210,250,240,350,190,210,230,130,60,150,160,-10,40,-50,-20,30,30,20,40,20,70,80,40,10,10,0,20,50,20,10,10,-30,10,30,-10,30,20,0,10,0,-10,20,0,10,-30,0
542,10,0,0,-10,-10,20,10,0,20,-10,0,10,0,-10,20,0,10,-10,0,10,10,-10,10,0,-30,-10,10,0,-20,20,0,0,0,-10,0,-10,0,0,10,20,0,20,0,10,10,10,20,30,0,10,70,60,330,250,210,250,240,350,190,210,230,130,60,150,160,-10,40,-50,-20,30,30,20,40,20,70,80,40,10,10,0,20,50,20,10,10,-30,10,30,-10,30,20,0,10,0,-10,20,0,10,-30,0,0
543,0,0,-10,-10,20,10,0,20,-10,0,10,0,-10,20,0,10,-10,0,10,10,-10,10,0,-30,-10,10,0,-20,20,0,0,0,-10,0,-10,0,0,10,20,0,20,0,10,10,10,20,30,0,10,70,60,330,250,210,250,240,350,190,210,230,130,60,150,160,-10,40,-50,-20,30,30,20,40,20,70,80,40,10,10,0,20,50,20,10,10,-30,10,30,-10,30,20,0,10,0,-10,20,0,10,-30,0,0,0
544,0,-10,-10,20,10,0,20,-10,0,10,0,-10,20,0,10,-10,0,10,10,-10,10,0,-30,-10,10,0,-20,20,0,0,0,-10,0,-10,0,0,10,20,0,20,0,10,10,10,20,30,0,10,70,60,330,250,210,250,240,350,190,210,230,130,60,150,160,-10,40,-50,-20,30,30,20,40,20,70,80,40,10,10,0,20,50,20,10,10,-30,10,30,-10,30,20,0,10,0,-10,20,0,10,-30,0,0,0,-10
545,-10,-10,20,10,0,20,-10,0,10,0,-10,20,0,10,-10,0,10,10,-10,10,0,-30,-10,10,0,-20,20,0,0,0,-10,0,-10,0,0,10,20,0,20,0,10,10,10,20,30,0,10,70,60,330,250,210,250,240,350,190,210,230,130,60,150,160,-10,40,-50,-20,30,30,20,40,20,70,80,40,10,10,0,20,50,20,10,10,-30,10,30,-10,30,20,0,10,0,-10,20,0,10,-30,0,0,0,-10,0
546,-10,20,10,0,20,-10,0,10,0,-10,20,0,10,-10,0,10,10,-10,10,0,-30,-10,10,0,-20,20,0,0,0,-10,0,-10,0,0,10,20,0,20,0,10,10,10,20,30,0,10,70,60,330,250,210,250,240,350,190,210,230,130,60,150,160,-10,40,-50,-20,30,30,20,40,20,70,80,40,10,10,0,20,50,20,10,10,-30,10,30,-10,30,20,0,10,0,-10,20,0,10,-30,0,0,0,-10,0,30
547,20,10,0,20,-10,0,10,0,-10,20,0,10,-10,0,10,10,-10,10,0,-30,-10,10,0,-20,20,0,0,0,-10,0,-10,0,0,10,20,0,20,0,10,10,10,20,30,0,10,70,60,330,250,210,250,240,350,190,210,230,130,60,150,160,-10,40,-50,-20,30,30,20,40,20,70,80,40,10,10,0,20,50,20,10,10,-30,10,30,-10,30,20,0,10,0,-10,20,0,10,-30,0,0,0,-10,0,30,40
548,10,0,20,-10,0,10,0,-10,20,0,10,-10,0,10,10,-10,10,0,-30,-10,10,0,-20,20,0,0,0,-10,0,-10,0,0,10,20,0,20,0,10,10,10,20,30,0,10,70,60,330,250,210,250,240,350,190,210,230,130,60,150,160,-10,40,-50,-20,30,30,20,40,20,70,80,40,10,10,0,20,50,20,10,10,-30,10,30,-10,30,20,0,10,0,-10,20,0,10,-30,0,0,0,-10,0,30,40,0
549,0,20,-10,0,10,0,-10,20,0,10,-10,0,10,10,-10,10,0,-30,-10,10,0,-20,20,0,0,0,-10,0,-10,0,0,10,20,0,20,0,10,10,10,20,30,0,10,70,60,330,250,210,250,240,350,190,210,230,130,60,150,160,-10,40,-50,-20,30,30,20,40,20,70,80,40,10,10,0,20,50,20,10,10,-30,10,30,-10,30,20,0,10,0,-10,20,0,10,-30,0,0,0,-10,0,30,40,0,50
550,20,-10,0,10,0,-10,20,0,10,-10,0,10,10,-10,10,0,-30,-10,10,0,-20,20,0,0,0,-10,0,-10,0,0,10,20,0,20,0,10,10,10,20,30,0,10,70,60,330,250,210,250,240,350,190,210,230,130,60,150,160,-10,40,-50,-20,30,30,20,40,20,70,80,40,10,10,0,20,50,20,10,10,-30,10,30,-10,30,20,0,10,0,-10,20,0,10,-30,0,0,0,-10,0,30,40,0,50,-20
551,-10,0,10,0,-10,20,0,10,-10,0,10,10,-10,10,0,-30,-10,10,0,-20,20,0,0,0,-10,0,-10,0,0,10,20,0,20,0,10,10,10,20,30,0,10,70,60,330,250,210,250,240,350,190,210,230,130,60,150,160,-10,40,-50,-20,30,30,20,40,20,70,80,40,10,10,0,20,50,20,10,10,-30,10,30,-10,30,20,0,10,0,-10,20,0,10,-30,0,0,0,-10,0,30,40,0,50,-20,50
552,0,10,0,-10,20,0,10,-10,0,10,10,-10,10,0,-30,-10,10,0,-20,20,0,0,0,-10,0,-10,0,0,10,20,0,20,0,10,10,10,20,30,0,10,70,60,330,250,210,250,240,350,190,210,230,130,60,150,160,-10,40,-50,-20,30,30,20,40,20,70,80,40,10,10,0,20,50,20,10,10,-30,10,30,-10,30,20,0,10,0,-10,20,0,10,-30,0,0,0,-10,0,30,40,0,50,-20,50,140
553,10,0,-10,20,0,10,-10,0,10,10,-10,10,0,-30,-10,10,0,-20,20,0,0,0,-10,0,-10,0,0,10,20,0,20,0,10,10,10,20,30,0,10,70,60,330,250,210,250,240,350,190,210,230,130,60,150,160,-10,40,-50,-20,30,30,20,40,20,70,80,40,10,10,0,20,50,20,10,10,-30,10,30,-10,30,20,0,10,0,-10,20,0,10,-30,0,0,0,-10,0,30,40,0,50,-20,50,140,90
554,0,-10,20,0,10,-10,0,10,10,-10,10,0,-30,-10,10,0,-20,20,0,0,0,-10,0,-10,0,0,10,20,0,20,0,10,10,10,20,30,0,10,70,60,330,250,210,250,240,350,190,210,230,130,60,150,160,-10,40,-50,-20,30,30,20,40,20,70,80,40,10,10,0,20,50,20,10,10,-30,10,30,-10,30,20,0,10,0,-10,20,0,10,-30,0,0,0,-10,0,30,40,0,50,-20,50,140,90,70
555,-10,20,0,10,-10,0,10,10,-10,10,0,-30,-10,10,0,-20,20,0,0,0,-10,0,-10,0,0,10,20,0,20,0,10,10,10,20,30,0,10,70,60,330,250,210,250,240,350,190,210,230,130,60,150,160,-10,40,-50,-20,30,30,20,40,20,70,80,40,10,10,0,20,50,20,10,10,-30,10,30,-10,30,20,0,10,0,-10,20,0,10,-30,0,0,0,-10,0,30,40,0,50,-20,50,140,90,70,240
556,20,0,10,-10,0,10,10,-10,10,0,-30,-10,10,0,-20,20,0,0,0,-10,0,-10,0,0,10,20,0,20,0,10,10,10,20,30,0,10,70,60,330,250,210,250,240,350,190,210,230,130,60,150,160,-10,40,-50,-20,30,30,20,40,20,70,80,40,10,10,0,20,50,20,10,10,-30,10,30,-10,30,20,0,10,0,-10,20,0,10,-30,0,0,0,-10,0,30,40,0,50,-20,50,140,90,70,240,210
557,0,10,-10,0,10,10,-10,10,0,-30,-10,10,0,-20,20,0,0,0,-10,0,-10,0,0,10,20,0,20,0,10,10,10,20,30,0,10,70,60,330,250,210,250,240,350,190,210,230,130,60,150,160,-10,40,-50,-20,30,30,20,40,20,70,80,40,10,10,0,20,50,20,10,10,-30,10,30,-10,30,20,0,10,0,-10,20,0,10,-30,0,0,0,-10,0,30,40,0,50,-20,50,140,90,70,240,210,100
558,10,-10,0,10,10,-10,10,0,-30,-10,10,0,-20,20,0,0,0,-10,0,-10,0,0,10,20,0,20,0,10,10,10,20,30,0,10,70,60,330,250,210,250,240,350,190,210,230,130,60,150,160,-10,40,-50,-20,30,30,20,40,20,70,80,40,10,10,0,20,50,20,10,10,-30,10,30,-10,30,20,0,10,0,-10,20,0,10,-30,0,0,0,-10,0,30,40,0,50,-20,50,140,90,70,240,210,100,320
559,-10,0,10,10,-10,10,0,-30,-10,10,0,-20,20,0,0,0,-10,0,-10,0,0,10,20,0,20,0,10,10,10,20,30,0,10,70,60,330,250,210,250,240,350,190,210,230,130,60,150,160,-10,40,-50,-20,30,30,20,40,20,70,80,40,10,10,0,20,50,20,10,10,-30,10,30,-10,30,20,0,10,0,-10,20,0,10,-30,0,0,0,-10,0,30,40,0,50,-20,50,140,90,70,240,210,100,320,190
560,0,10,10,-10,10,0,-30,-10,10,0,-20,20,0,0,0,-10,0,-10,0,0,10,20,0,20,0,10,10,10,20,30,0,10,70,60,330,250,210,250,240,350,190,210,230,130,60,150,160,-10,40,-50,-20,30,30,20,40,20,70,80,40,10,10,0,20,50,20,10,10,-30,10,30,-10,30,20,0,10,0,-10,20,0,10,-30,0,0,0,-10,0,30,40,0,50,-20,50,140,90,70,240,210,100,320,190,80
561,10,10,-10,10,0,-30,-10,10,0,-20,20,0,0,0,-10,0,-10,0,0,10,20,0,20,0,10,10,10,20,30,0,10,70,60,330,250,210,250,240,350,190,210,230,130,60,150,160,-10,40,-50,-20,30,30,20,40,20,70,80,40,10,10,0,20,50,20,10,10,-30,10,30,-10,30,20,0,10,0,-10,20,0,10,-30,0,0,0,-10,0,30,40,0,50,-20,50,140,90,70,240,210,100,320,190,80,160
562,10,-10,10,0,-30,-10,10,0,-20,20,0,0,0,-10,0,-10,0,0,10,20,0,20,0,10,10,10,20,30,0,10,70,60,330,250,210,250,240,350,190,210,230,130,60,150,160,-10,40,-50,-20,30,30,20,40,20,70,80,40,10,10,0,20,50,20,10,10,-30,10,30,-10,30,20,0,10,0,-10,20,0,10,-30,0,0,0,-10,0,30,40,0,50,-20,50,140,90,70,240,210,100,320,190,80,160,80
563,-10,10,0,-30,-10,10,0,-20,20,0,0,0,-10,0,-10,0,0,10,20,0,20,0,10,10,10,20,30,0,10,70,60,330,250,210,250,240,350,190,210,230,130,60,150,160,-10,40,-50,-20,30,30,20,40,20,70,80,40,10,10,0,20,50,20,10,10,-30,10,30,-10,30,20,0,10,0,-10,20,0,10,-30,0,0,0,-10,0,30,40,0,50,-20,50,140,90,70,240,210,100,320,190,80,160,80,110
564,10,0,-30,-10,10,0,-20,20,0,0,0,-10,0,-10,0,0,10,20,0,20,0,10,10,10,20,30,0,10,70,60,330,250,210,250,240,350,190,210,230,130,60,150,160,-10,40,-50,-20,30,30,20,40,20,70,80,40,10,10,0,20,50,20,10,10,-30,10,30,-10,30,20,0,10,0,-10,20,0,10,-30,0,0,0,-10,0,30,40,0,50,-20,50,140,90,70,240,210,100,320,190,80,160,80,110,300
565,0,-30,-10,10,0,-20,20,0,0,0,-10,0,-10,0,0,10,20,0,20,0,10,10,10,20,30,0,10,70,60,330,250,210,250,240,350,190,210,230,130,60,150,160,-10,40,-50,-20,30,30,20,40,20,70,80,40,10,10,0,20,50,20,10,10,-30,10,30,-10,30,20,0,10,0,-10,20,0,10,-30,0,0,0,-10,0,30,40,0,50,-20,50,140,90,70,240,210,100,320,190,80,160,80,110,300,140
566,-30,-10,10,0,-20,20,0,0,0,-10,0,-10,0,0,10,20,0,20,0,10,10,10,20,30,0,10,70,60,330,250,210,250,240,350,190,210,230,130,60,150,160,-10,40,-50,-20,30,30,20,40,20,70,80,40,10,10,0,20,50,20,10,10,-30,10,30,-10,30,20,0,10,0,-10,20,0,10,-30,0,0,0,-10,0,30,40,0,50,-20,50,140,90,70,240,210,100,320,190,80,160,80,110,300,140,160
567,-10,10,0,-20,20,0,0,0,-10,0,-10,0,0,10,20,0,20,0,10,10,10,20,30,0,10,70,60,330,250,210,250,240,350,190,210,230,130,60,150,160,-10,40,-50,-20,30,30,20,40,20,70,80,40,10,10,0,20,50,20,10,10,-30,10,30,-10,30,20,0,10,0,-10,20,0,10,-30,0,0,0,-10,0,30,40,0,50,-20,50,140,90,70,240,210,100,320,190,80,160,80,110,300,140,160,250
568,10,0,-20,20,0,0,0,-10,0,-10,0,0,10,20,0,20,0,10,10,10,20,30,0,10,70,60,330,250,210,250,240,350,190,210,230,130,60,150,160,-10,40,-50,-20,30,30,20,40,20,70,80,40,10,10,0,20,50,20,10,10,-30,10,30,-10,30,20,0,10,0,-10,20,0,10,-30,0,0,0,-10,0,30,40,0,50,-20,50,140,90,70,240,210,100,320,190,80,160,80,110,300,140,160,250,180
569,0,-20,20,0,0,0,-10,0,-10,0,0,10,20,0,20,0,10,10,10,20,30,0,10,70,60,330,250,210,250,240,350,190,210,230,130,60,150,160,-10,40,-50,-20,30,30,20,40,20,70,80,40,10,10,0,20,50,20,10,10,-30,10,30,-10,30,20,0,10,0,-10,20,0,10,-30,0,0,0,-10,0,30,40,0,50,-20,50,140,90,70,240,210,100,320,190,80,160,80,110,300,140,160,250,180,30
570,-20,20,0,0,0,-10,0,-10,0,0,10,20,0,20,0,10,10,10,20,30,0,10,70,60,330,250,210,250,240,350,190,210,230,130,60,150,160,-10,40,-50,-20,30,30,20,40,20,70,80,40,10,10,0,20,50,20,10,10,-30,10,30,-10,30,20,0,10,0,-10,20,0,10,-30,0,0,0,-10,0,30,40,0,50,-20,50,140,90,70,240,210,100,320,190,80,160,80,110,300,140,160,250,180,30,-30
571,20,0,0,0,-10,0,-10,0,0,10,20,0,20,0,10,10,10,20,30,0,10,70,60,330,250,210,250,240,350,190,210,230,130,60,150,160,-10,40,-50,-20,30,30,20,40,20,70,80,40,10,10,0,20,50,20,10,10,-30,10,30,-10,30,20,0,10,0,-10,20,0,10,-30,0,0,0,-10,0,30,40,0,50,-20,50,140,90,70,240,210,100,320,190,80,160,80,110,300,140,160,250,180,30,-30,40
572,0,0,0,-10,0,-10,0,0,10,20,0,20,0,10,10,10,20,30,0,10,70,60,330,250,210,250,240,350,190,210,230,130,60,150,160,-10,40,-50,-20,30,30,20,40,20,70,80,40,10,10,0,20,50,20,10,10,-30,10,30,-10,30,20,0,10,0,-10,20,0,10,-30,0,0,0,-10,0,30,40,0,50,-20,50,140,90,70,240,210,100,320,190,80,160,80,110,300,140,160,250,180,30,-30,40,-70
573,0,0,-10,0,-10,0,0,10,20,0,20,0,10,10,10,20,30,0,10,70,60,330,250,210,250,240,350,190,210,230,130,60,150,160,-10,40,-50,-20,30,30,20,40,20,70,80,40,10,10,0,20,50,20,10,10,-30,10,30,-10,30,20,0,10,0,-10,20,0,10,-30,0,0,0,-10,0,30,40,0,50,-20,50,140,90,70,240,210,100,320,190,80,160,80,110,300,140,160,250,180,30,-30,40,-70,70
574,0,-10,0,-10,0,0,10,20,0,20,0,10,10,10,20,30,0,10,70,60,330,250,210,250,240,350,190,210,230,130,60,150,160,-10,40,-50,-20,30,30,20,40,20,70,80,40,10,10,0,20,50,20,10,10,-30,10,30,-10,30,20,0,10,0,-10,20,0,10,-30,0,0,0,-10,0,30,40,0,50,-20,50,140,90,70,240,210,100,320,190,80,160,80,110,300,140,160,250,180,30,-30,40,-70,70,80
575,-10,0,-10,0,0,10,20,0,20,0,10,10,10,20,30,0,10,70,60,330,250,210,250,240,350,190,210,230,130,60,150,160,-10,40,-50,-20,30,30,20,40,20,70,80,40,10,10,0,20,50,20,10,10,-30,10,30,-10,30,20,0,10,0,-10,20,0,10,-30,0,0,0,-10,0,30,40,0,50,-20,50,140,90,70,240,210,100,320,190,80,160,80,110,300,140,160,250,180,30,-30,40,-70,70,80,50
576,0,-10,0,0,10,20,0,20,0,10,10,10,20,30,0,10,70,60,330,250,210,250,240,350,190,210,230,130,60,150,160,-10,40,-50,-20,30,30,20,40,20,70,80,40,10,10,0,20,50,20,10,10,-30,10,30,-10,30,20,0,10,0,-10,20,0,10,-30,0,0,0,-10,0,30,40,0,50,-20,50,140,90,70,240,210,100,320,190,80,160,80,110,300,140,160,250,180,30,-30,40,-70,70,80,50,280
577,-10,0,0,10,20,0,20,0,10,10,10,20,30,0,10,70,60,330,250,210,250,240,350,190,210,230,130,60,150,160,-10,40,-50,-20,30,30,20,40,20,70,80,40,10,10,0,20,50,20,10,10,-30,10,30,-10,30,20,0,10,0,-10,20,0,10,-30,0,0,0,-10,0,30,40,0,50,-20,50,140,90,70,240,210,100,320,190,80,160,80,110,300,140,160,250,180,30,-30,40,-70,70,80,50,280,220
578,0,0,10,20,0,20,0,10,10,10,20,30,0,10,70,60,330,250,210,250,240,350,190,210,230,130,60,150,160,-10,40,-50,-20,30,30,20,40,20,70,80,40,10,10,0,20,50,20,10,10,-30,10,30,-10,30,20,0,10,0,-10,20,0,10,-30,0,0,0,-10,0,30,40,0,50,-20,50,140,90,70,240,210,100,320,190,80,160,80,110,300,140,160,250,180,30,-30,40,-70,70,80,50,280,220,60
579,0,10,20,0,20,0,10,10,10,20,30,0,10,70,60,330,250,210,250,240,350,190,210,230,130,60,150,160,-10,40,-50,-20,30,30,20,40,20,70,80,40,10,10,0,20,50,20,10,10,-30,10,30,-10,30,20,0,10,0,-10,20,0,10,-30,0,0,0,-10,0,30,40,0,50,-20,50,140,90,70,240,210,100,320,190,80,160,80,110,300,140,160,250,180,30,-30,40,-70,70,80,50,280,220,60,230
580,10,20,0,20,0,10,10,10,20,30,0,10,70,60,330,250,210,250,240,350,190,210,230,130,60,150,160,-10,40,-50,-20,30,30,20,40,20,70,80,40,10,10,0,20,50,20,10,10,-30,10,30,-10,30,20,0,10,0,-10,20,0,10,-30,0,0,0,-10,0,30,40,0,50,-20,50,140,90,70,240,210,100,320,190,80,160,80,110,300,140,160,250,180,30,-30,40,-70,70,80,50,280,220,60,230,170
581,20,0,20,0,10,10,10,20,30,0,10,70,60,330,250,210,250,240,350,190,210,230,130,60,150,160,-10,40,-50,-20,30,30,20,40,20,70,80,40,10,10,0,20,50,20,10,10,-30,10,30,-10,30,20,0,10,0,-10,20,0,10,-30,0,0,0,-10,0,30,40,0,50,-20,50,140,90,70,240,210,100,320,190,80,160,80,110,300,140,160,250,180,30,-30,40,-70,70,80,50,280,220,60,230,170,40
582,0,20,0,10,10,10,20,30,0,10,70,60,330,250,210,250,240,350,190,210,230,130,60,150,160,-10,40,-50,-20,30,30,20,40,20,70,80,40,10,10,0,20,50,20,10,10,-30,10,30,-10,30,20,0,10,0,-10,20,0,10,-30,0,0,0,-10,0,30,40,0,50,-20,50,140,90,70,240,210,100,320,190,80,160,80,110,300,140,160,250,180,30,-30,40,-70,70,80,50,280,220,60,230,170,40,20
583,20,0,10,10,10,20,30,0,10,70,60,330,250,210,250,240,350,190,210,230,130,60,150,160,-10,40,-50,-20,30,30,20,40,20,70,80,40,10,10,0,20,50,20,10,10,-30,10,30,-10,30,20,0,10,0,-10,20,0,10,-30,0,0,0,-10,0,30,40,0,50,-20,50,140,90,70,240,210,100,320,190,80,160,80,110,300,140,160,250,180,30,-30,40,-70,70,80,50,280,220,60,230,170,40,20,30
584,0,10,10,10,20,30,0,10,70,60,330,250,210,250,240,350,190,210,230,130,60,150,160,-10,40,-50,-20,30,30,20,40,20,70,80,40,10,10,0,20,50,20,10,10,-30,10,30,-10,30,20,0,10,0,-10,20,0,10,-30,0,0,0,-10,0,30,40,0,50,-20,50,140,90,70,240,210,100,320,190,80,160,80,110,300,140,160,250,180,30,-30,40,-70,70,80,50,280,220,60,230,170,40,20,30,10
585,10,10,10,20,30,0,10,70,60,330,250,210,250,240,350,190,210,230,130,60,150,160,-10,40,-50,-20,30,30,20,40,20,70,80,40,10,10,0,20,50,20,10,10,-30,10,30,-10,30,20,0,10,0,-10,20,0,10,-30,0,0,0,-10,0,30,40,0,50,-20,50,140,90,70,240,210,100,320,190,80,160,80,110,300,140,160,250,180,30,-30,40,-70,70,80,50,280,220,60,230,170,40,20,30,10,-120
586,10,10,20,30,0,10,70,60,330,250,210,250,240,350,190,210,230,130,60,150,160,-10,40,-50,-20,30,30,20,40,20,70,80,40,10,10,0,20,50,20,10,10,-30,10,30,-10,30,20,0,10,0,-10,20,0,10,-30,0,0,0,-10,0,30,40,0,50,-20,50,140,90,70,240,210,100,320,190,80,160,80,110,300,140,160,250,180,30,-30,40,-70,70,80,50,280,220,60,230,170,40,20,30,10,-120,-120
587,10,20,30,0,10,70,60,330,250,210,250,240,350,190,210,230,130,60,150,160,-10,40,-50,-20,30,30,20,40,20,70,80,40,10,10,0,20,50,20,10,10,-30,10,30,-10,30,20,0,10,0,-10,20,0,10,-30,0,0,0,-10,0,30,40,0,50,-20,50,140,90,70,240,210,100,320,190,80,160,80,110,300,140,160,250,180,30,-30,40,-70,70,80,50,280,220,60,230,170,40,20,30,10,-120,-120,-20
588,20,30,0,10,70,60,330,250,210,250,240,350,190,210,230,130,60,150,160,-10,40,-50,-20,30,30,20,40,20,70,80,40,10,10,0,20,50,20,10,10,-30,10,30,-10,30,20,0,10,0,-10,20,0,10,-30,0,0,0,-10,0,30,40,0,50,-20,50,140,90,70,240,210,100,320,190,80,160,80,110,300,140,160,250,180,30,-30,40,-70,70,80,50,280,220,60,230,170,40,20,30,10,-120,-120,-20,0
589,30,0,10,70,60,330,250,210,250,240,350,190,210,230,130,60,150,160,-10,40,-50,-20,30,30,20,40,20,70,80,40,10,10,0,20,50,20,10,10,-30,10,30,-10,30,20,0,10,0,-10,20,0,10,-30,0,0,0,-10,0,30,40,0,50,-20,50,140,90,70,240,210,100,320,190,80,160,80,110,300,140,160,250,180,30,-30,40,-70,70,80,50,280,220,60,230,170,40,20,30,10,-120,-120,-20,0,-20
590,0,10,70,60,330,250,210,250,240,350,190,210,230,130,60,150,160,-10,40,-50,-20,30,30,20,40,20,70,80,40,10,10,0,20,50,20,10,10,-30,10,30,-10,30,20,0,10,0,-10,20,0,10,-30,0,0,0,-10,0,30,40,0,50,-20,50,140,90,70,240,210,100,320,190,80,160,80,110,300,140,160,250,180,30,-30,40,-70,70,80,50,280,220,60,230,170,40,20,30,10,-120,-120,-20,0,-20,-20
591,10,70,60,330,250,210,250,240,350,190,210,230,130,60,150,160,-10,40,-50,-20,30,30,20,40,20,70,80,40,10,10,0,20,50,20,10,10,-30,10,30,-10,30,20,0,10,0,-10,20,0,10,-30,0,0,0,-10,0,30,40,0,50,-20,50,140,90,70,240,210,100,320,190,80,160,80,110,300,140,160,250,180,30,-30,40,-70,70,80,50,280,220,60,230,170,40,20,30,10,-120,-120,-20,0,-20,-20,-100
592,70,60,330,250,210,250,240,350,190,210,230,130,60,150,160,-10,40,-50,-20,30,30,20,40,20,70,80,40,10,10,0,20,50,20,10,10,-30,10,30,-10,30,20,0,10,0,-10,20,0,10,-30,0,0,0,-10,0,30,40,0,50,-20,50,140,90,70,240,210,100,320,190,80,160,80,110,300,140,160,250,180,30,-30,40,-70,70,80,50,280,220,60,230,170,40,20,30,10,-120,-120,-20,0,-20,-20,-100,-20
593,60,330,250,210,250,240,350,190,210,230,130,60,150,160,-10,40,-50,-20,30,30,20,40,20,70,80,40,10,10,0,20,50,20,10,10,-30,10,30,-10,30,20,0,10,0,-10,20,0,10,-30,0,0,0,-10,0,30,40,0,50,-20,50,140,90,70,240,210,100,320,190,80,160,80,110,300,140,160,250,180,30,-30,40,-70,70,80,50,280,220,60,230,170,40,20,30,10,-120,-120,-20,0,-20,-20,-100,-20,-170
594,330,250,210,250,240,350,190,210,230,130,60,150,160,-10,40,-50,-20,30,30,20,40,20,70,80,40,10,10,0,20,50,20,10,10,-30,10,30,-10,30,20,0,10,0,-10,20,0,10,-30,0,0,0,-10,0,30,40,0,50,-20,50,140,90,70,240,210,100,320,190,80,160,80,110,300,140,160,250,180,30,-30,40,-70,70,80,50,280,220,60,230,170,40,20,30,10,-120,-120,-20,0,-20,-20,-100,-20,-170,-60
595,250,210,250,240,350,190,210,230,130,60,150,160,-10,40,-50,-20,30,30,20,40,20,70,80,40,10,10,0,20,50,20,10,10,-30,10,30,-10,30,20,0,10,0,-10,20,0,10,-30,0,0,0,-10,0,30,40,0,50,-20,50,140,90,70,240,210,100,320,190,80,160,80,110,300,140,160,250,180,30,-30,40,-70,70,80,50,280,220,60,230,170,40,20,30,10,-120,-120,-20,0,-20,-20,-100,-20,-170,-60,0
596,210,250,240,350,190,210,230,130,60,150,160,-10,40,-50,-20,30,30,20,40,20,70,80,40,10,10,0,20,50,20,10,10,-30,10,30,-10,30,20,0,10,0,-10,20,0,10,-30,0,0,0,-10,0,30,40,0,50,-20,50,140,90,70,240,210,100,320,190,80,160,80,110,300,140,160,250,180,30,-30,40,-70,70,80,50,280,220,60,230,170,40,20,30,10,-120,-120,-20,0,-20,-20,-100,-20,-170,-60,0,-70
597,250,240,350,190,210,230,130,60,150,160,-10,40,-50,-20,30,30,20,40,20,70,80,40,10,10,0,20,50,20,10,10,-30,10,30,-10,30,20,0,10,0,-10,20,0,10,-30,0,0,0,-10,0,30,40,0,50,-20,50,140,90,70,240,210,100,320,190,80,160,80,110,300,140,160,250,180,30,-30,40,-70,70,80,50,280,220,60,230,170,40,20,30,10,-120,-120,-20,0,-20,-20,-100,-20,-170,-60,0,-70,-20
598,240,350,190,210,230,130,60,150,160,-10,40,-50,-20,30,30,20,40,20,70,80,40,10,10,0,20,50,20,10,10,-30,10,30,-10,30,20,0,10,0,-10,20,0,10,-30,0,0,0,-10,0,30,40,0,50,-20,50,140,90,70,240,210,100,320,190,80,160,80,110,300,140,160,250,180,30,-30,40,-70,70,80,50,280,220,60,230,170,40,20,30,10,-120,-120,-20,0,-20,-20,-100,-20,-170,-60,0,-70,-20,-20
599,350,190,210,230,130,60,150,160,-10,40,-50,-20,30,30,20,40,20,70,80,40,10,10,0,20,50,20,10,10,-30,10,30,-10,30,20,0,10,0,-10,20,0,10,-30,0,0,0,-10,0,30,40,0,50,-20,50,140,90,70,240,210,100,320,190,80,160,80,110,300,140,160,250,180,30,-30,40,-70,70,80,50,280,220,60,230,170,40,20,30,10,-120,-120,-20,0,-20,-20,-100,-20,-170,-60,0,-70,-20,-20,-80
600,190,210,230,130,60,150,160,-10,40,-50,-20,30,30,20,40,20,70,80,40,10,10,0,20,50,20,10,10,-30,10,30,-10,30,20,0,10,0,-10,20,0,10,-30,0,0,0,-10,0,30,40,0,50,-20,50,140,90,70,240,210,100,320,190,80,160,80,110,300,140,160,250,180,30,-30,40,-70,70,80,50,280,220,60,230,170,40,20,30,10,-120,-120,-20,0,-20,-20,-100,-20,-170,-60,0,-70,-20,-20,-80,-90
601,210,230,130,60,150,160,-10,40,-50,-20,30,30,20,40,20,70,80,40,10,10,0,20,50,20,10,10,-30,10,30,-10,30,20,0,10,0,-10,20,0,10,-30,0,0,0,-10,0,30,40,0,50,-20,50,140,90,70,240,210,100,320,190,80,160,80,110,300,140,160,250,180,30,-30,40,-70,70,80,50,280,220,60,230,170,40,20,30,10,-120,-120,-20,0,-20,-20,-100,-20,-170,-60,0,-70,-20,-20,-80,-90,30
602,230,130,60,150,160,-10,40,-50,-20,30,30,20,40,20,70,80,40,10,10,0,20,50,20,10,10,-30,10,30,-10,30,20,0,10,0,-10,20,0,10,-30,0,0,0,-10,0,30,40,0,50,-20,50,140,90,70,240,210,100,320,190,80,160,80,110,300,140,160,250,180,30,-30,40,-70,70,80,50,280,220,60,230,170,40,20,30,10,-120,-120,-20,0,-20,-20,-100,-20,-170,-60,0,-70,-20,-20,-80,-90,30,-40
603,130,60,150,160,-10,40,-50,-20,30,30,20,40,20,70,80,40,10,10,0,20,50,20,10,10,-30,10,30,-10,30,20,0,10,0,-10,20,0,10,-30,0,0,0,-10,0,30,40,0,50,-20,50,140,90,70,240,210,100,320,190,80,160,80,110,300,140,160,250,180,30,-30,40,-70,70,80,50,280,220,60,230,170,40,20,30,10,-120,-120,-20,0,-20,-20,-100,-20,-170,-60,0,-70,-20,-20,-80,-90,30,-40,0
604,60,150,160,-10,40,-50,-20,30,30,20,40,20,70,80,40,10,10,0,20,50,20,10,10,-30,10,30,-10,30,20,0,10,0,-10,20,0,10,-30,0,0,0,-10,0,30,40,0,50,-20,50,140,90,70,240,210,100,320,190,80,160,80,110,300,140,160,250,180,30,-30,40,-70,70,80,50,280,220,60,230,170,40,20,30,10,-120,-120,-20,0,-20,-20,-100,-20,-170,-60,0,-70,-20,-20,-80,-90,30,-40,0,0
605,150,160,-10,40,-50,-20,30,30,20,40,20,70,80,40,10,10,0,20,50,20,10,10,-30,10,30,-10,30,20,0,10,0,-10,20,0,10,-30,0,0,0,-10,0,30,40,0,50,-20,50,140,90,70,240,210,100,320,190,80,160,80,110,300,140,160,250,180,30,-30,40,-70,70,80,50,280,220,60,230,170,40,20,30,10,-120,-120,-20,0,-20,-20,-100,-20,-170,-60,0,-70,-20,-20,-80,-90,30,-40,0,0,-10
606,160,-10,40,-50,-20,30,30,20,40,20,70,80,40,10,10,0,20,50,20,10,10,-30,10,30,-10,30,20,0,10,0,-10,20,0,10,-30,0,0,0,-10,0,30,40,0,50,-20,50,140,90,70,240,210,100,320,190,80,160,80,110,300,140,160,250,180,30,-30,40,-70,70,80,50,280,220,60,230,170,40,20,30,10,-120,-120,-20,0,-20,-20,-100,-20,-170,-60,0,-70,-20,-20,-80,-90,30,-40,0,0,-10,240
607,-10,40,-50,-20,30,30,20,40,20,70,80,40,10,10,0,20,50,20,10,10,-30,10,30,-10,30,20,0,10,0,-10,20,0,10,-30,0,0,0,-10,0,30,40,0,50,-20,50,140,90,70,240,210,100,320,190,80,160,80,110,300,140,160,250,180,30,-30,40,-70,70,80,50,280,220,60,230,170,40,20,30,10,-120,-120,-20,0,-20,-20,-100,-20,-170,-60,0,-70,-20,-20,-80,-90,30,-40,0,0,-10,240,20
608,40,-50,-20,30,30,20,40,20,70,80,40,10,10,0,20,50,20,10,10,-30,10,30,-10,30,20,0,10,0,-10,20,0,10,-30,0,0,0,-10,0,30,40,0,50,-20,50,140,90,70,240,210,100,320,190,80,160,80,110,300,140,160,250,180,30,-30,40,-70,70,80,50,280,220,60,230,170,40,20,30,10,-120,-120,-20,0,-20,-20,-100,-20,-170,-60,0,-70,-20,-20,-80,-90,30,-40,0,0,-10,240,20,-60
609,-50,-20,30,30,20,40,20,70,80,40,10,10,0,20,50,20,10,10,-30,10,30,-10,30,20,0,10,0,-10,20,0,10,-30,0,0,0,-10,0,30,40,0,50,-20,50,140,90,70,240,210,100,320,190,80,160,80,110,300,140,160,250,180,30,-30,40,-70,70,80,50,280,220,60,230,170,40,20,30,10,-120,-120,-20,0,-20,-20,-100,-20,-170,-60,0,-70,-20,-20,-80,-90,30,-40,0,0,-10,240,20,-60,-20
610,-20,30,30,20,40,20,70,80,40,10,10,0,20,50,20,10,10,-30,10,30,-10,30,20,0,10,0,-10,20,0,10,-30,0,0,0,-10,0,30,40,0,50,-20,50,140,90,70,240,210,100,320,190,80,160,80,110,300,140,160,250,180,30,-30,40,-70,70,80,50,280,220,60,230,170,40,20,30,10,-120,-120,-20,0,-20,-20,-100,-20,-170,-60,0,-70,-20,-20,-80,-90,30,-40,0,0,-10,240,20,-60,-20,40
611,30,30,20,40,20,70,80,40,10,10,0,20,50,20,10,10,-30,10,30,-10,30,20,0,10,0,-10,20,0,10,-30,0,0,0,-10,0,30,40,0,50,-20,50,140,90,70,240,210,100,320,190,80,160,80,110,300,140,160,250,180,30,-30,40,-70,70,80,50,280,220,60,230,170,40,20,30,10,-120,-120,-20,0,-20,-20,-100,-20,-170,-60,0,-70,-20,-20,-80,-90,30,-40,0,0,-10,240,20,-60,-20,40,90
612,30,20,40,20,70,80,40,10,10,0,20,50,20,10,10,-30,10,30,-10,30,20,0,10,0,-10,20,0,10,-30,0,0,0,-10,0,30,40,0,50,-20,50,140,90,70,240,210,100,320,190,80,160,80,110,300,140,160,250,180,30,-30,40,-70,70,80,50,280,220,60,230,170,40,20,30,10,-120,-120,-20,0,-20,-20,-100,-20,-170,-60,0,-70,-20,-20,-80,-90,30,-40,0,0,-10,240,20,-60,-20,40,90,-60
613,20,40,20,70,80,40,10,10,0,20,50,20,10,10,-30,10,30,-10,30,20,0,10,0,-10,20,0,10,-30,0,0,0,-10,0,30,40,0,50,-20,50,140,90,70,240,210,100,320,190,80,160,80,110,300,140,160,250,180,30,-30,40,-70,70,80,50,280,220,60,230,170,40,20,30,10,-120,-120,-20,0,-20,-20,-100,-20,-170,-60,0,-70,-20,-20,-80,-90,30,-40,0,0,-10,240,20,-60,-20,40,90,-60,-270
614,40,20,70,80,40,10,10,0,20,50,20,10,10,-30,10,30,-10,30,20,0,10,0,-10,20,0,10,-30,0,0,0,-10,0,30,40,0,50,-20,50,140,90,70,240,210,100,320,190,80,160,80,110,300,140,160,250,180,30,-30,40,-70,70,80,50,280,220,60,230,170,40,20,30,10,-120,-120,-20,0,-20,-20,-100,-20,-170,-60,0,-70,-20,-20,-80,-90,30,-40,0,0,-10,240,20,-60,-20,40,90,-60,-270,200
615,20,70,80,40,10,10,0,20,50,20,10,10,-30,10,30,-10,30,20,0,10,0,-10,20,0,10,-30,0,0,0,-10,0,30,40,0,50,-20,50,140,90,70,240,210,100,320,190,80,160,80,110,300,140,160,250,180,30,-30,40,-70,70,80,50,280,220,60,230,170,40,20,30,10,-120,-120,-20,0,-20,-20,-100,-20,-170,-60,0,-70,-20,-20,-80,-90,30,-40,0,0,-10,240,20,-60,-20,40,90,-60,-270,200,20
616,70,80,40,10,10,0,20,50,20,10,10,-30,10,30,-10,30,20,0,10,0,-10,20,0,10,-30,0,0,0,-10,0,30,40,0,50,-20,50,140,90,70,240,210,100,320,190,80,160,80,110,300,140,160,250,180,30,-30,40,-70,70,80,50,280,220,60,230,170,40,20,30,10,-120,-120,-20,0,-20,-20,-100,-20,-170,-60,0,-70,-20,-20,-80,-90,30,-40,0,0,-10,240,20,-60,-20,40,90,-60,-270,200,20,-10
617,80,40,10,10,0,20,50,20,10,10,-30,10,30,-10,30,20,0,10,0,-10,20,0,10,-30,0,0,0,-10,0,30,40,0,50,-20,50,140,90,70,240,210,100,320,190,80,160,80,110,300,140,160,250,180,30,-30,40,-70,70,80,50,280,220,60,230,170,40,20,30,10,-120,-120,-20,0,-20,-20,-100,-20,-170,-60,0,-70,-20,-20,-80,-90,30,-40,0,0,-10,240,20,-60,-20,40,90,-60,-270,200,20,-10,10
618,40,10,10,0,20,50,20,10,10,-30,10,30,-10,30,20,0,10,0,-10,20,0,10,-30,0,0,0,-10,0,30,40,0,50,-20,50,140,90,70,240,210,100,320,190,80,160,80,110,300,140,160,250,180,30,-30,40,-70,70,80,50,280,220,60,230,170,40,20,30,10,-120,-120,-20,0,-20,-20,-100,-20,-170,-60,0,-70,-20,-20,-80,-90,30,-40,0,0,-10,240,20,-60,-20,40,90,-60,-270,200,20,-10,10,0
619,10,10,0,20,50,20,10,10,-30,10,30,-10,30,20,0,10,0,-10,20,0,10,-30,0,0,0,-10,0,30,40,0,50,-20,50,140,90,70,240,210,100,320,190,80,160,80,110,300,140,160,250,180,30,-30,40,-70,70,80,50,280,220,60,230,170,40,20,30,10,-120,-120,-20,0,-20,-20,-100,-20,-170,-60,0,-70,-20,-20,-80,-90,30,-40,0,0,-10,240,20,-60,-20,40,90,-60,-270,200,20,-10,10,0,-130
620,10,0,20,50,20,10,10,-30,10,30,-10,30,20,0,10,0,-10,20,0,10,-30,0,0,0,-10,0,30,40,0,50,-20,50,140,90,70,240,210,100,320,190,80,160,80,110,300,140,160,250,180,30,-30,40,-70,70,80,50,280,220,60,230,170,40,20,30,10,-120,-120,-20,0,-20,-20,-100,-20,-170,-60,0,-70,-20,-20,-80,-90,30,-40,0,0,-10,240,20,-60,-20,40,90,-60,-270,200,20,-10,10,0,-130,-90
621,0,20,50,20,10,10,-30,10,30,-10,30,20,0,10,0,-10,20,0,10,-30,0,0,0,-10,0,30,40,0,50,-20,50,140,90,70,240,210,100,320,190,80,160,80,110,300,140,160,250,180,30,-30,40,-70,70,80,50,280,220,60,230,170,40,20,30,10,-120,-120,-20,0,-20,-20,-100,-20,-170,-60,0,-70,-20,-20,-80,-90,30,-40,0,0,-10,240,20,-60,-20,40,90,-60,-270,200,20,-10,10,0,-130,-90,-50
622,20,50,20,10,10,-30,10,30,-10,30,20,0,10,0,-10,20,0,10,-30,0,0,0,-10,0,30,40,0,50,-20,50,140,90,70,240,210,100,320,190,80,160,80,110,300,140,160,250,180,30,-30,40,-70,70,80,50,280,220,60,230,170,40,20,30,10,-120,-120,-20,0,-20,-20,-100,-20,-170,-60,0,-70,-20,-20,-80,-90,30,-40,0,0,-10,240,20,-60,-20,40,90,-60,-270,200,20,-10,10,0,-130,-90,-50,-40
623,50,20,10,10,-30,10,30,-10,30,20,0,10,0,-10,20,0,10,-30,0,0,0,-10,0,30,40,0,50,-20,50,140,90,70,240,210,100,320,190,80,160,80,110,300,140,160,250,180,30,-30,40,-70,70,80,50,280,220,60,230,170,40,20,30,10,-120,-120,-20,0,-20,-20,-100,-20,-170,-60,0,-70,-20,-20,-80,-90,30,-40,0,0,-10,240,20,-60,-20,40,90,-60,-270,200,20,-10,10,0,-130,-90,-50,-40,10
624,20,10,10,-30,10,30,-10,30,20,0,10,0,-10,20,0,10,-30,0,0,0,-10,0,30,40,0,50,-20,50,140,90,70,240,210,100,320,190,80,160,80,110,300,140,160,250,180,30,-30,40,-70,70,80,50,280,220,60,230,170,40,20,30,10,-120,-120,-20,0,-20,-20,-100,-20,-170,-60,0,-70,-20,-20,-80,-90,30,-40,0,0,-10,240,20,-60,-20,40,90,-60,-270,200,20,-10,10,0,-130,-90,-50,-40,10,50
625,10,10,-30,10,30,-10,30,20,0,10,0,-10,20,0,10,-30,0,0,0,-10,0,30,40,0,50,-20,50,140,90,70,240,210,100,320,190,80,160,80,110,300,140,160,250,180,30,-30,40,-70,70,80,50,280,220,60,230,170,40,20,30,10,-120,-120,-20,0,-20,-20,-100,-20,-170,-60,0,-70,-20,-20,-80,-90,30,-40,0,0,-10,240,20,-60,-20,40,90,-60,-270,200,20,-10,10,0,-130,-90,-50,-40,10,50,0
626,10,-30,10,30,-10,30,20,0,10,0,-10,20,0,10,-30,0,0,0,-10,0,30,40,0,50,-20,50,140,90,70,240,210,100,320,190,80,160,80,110,300,140,160,250,180,30,-30,40,-70,70,80,50,280,220,60,230,170,40,20,30,10,-120,-120,-20,0,-20,-20,-100,-20,-170,-60,0,-70,-20,-20,-80,-90,30,-40,0,0,-10,240,20,-60,-20,40,90,-60,-270,200,20,-10,10,0,-130,-90,-50,-40,10,50,0,0
627,-30,10,30,-10,30,20,0,10,0,-10,20,0,10,-30,0,0,0,-10,0,30,40,0,50,-20,50,140,90,70,240,210,100,320,190,80,160,80,110,300,140,160,250,180,30,-30,40,-70,70,80,50,280,220,60,230,170,40,20,30,10,-120,-120,-20,0,-20,-20,-100,-20,-170,-60,0,-70,-20,-20,-80,-90,30,-40,0,0,-10,240,20,-60,-20,40,90,-60,-270,200,20,-10,10,0,-130,-90,-50,-40,10,50,0,0,-20
628,10,30,-10,30,20,0,10,0,-10,20,0,10,-30,0,0,0,-10,0,30,40,0,50,-20,50,140,90,70,240,210,100,320,190,80,160,80,110,300,140,160,250,180,30,-30,40,-70,70,80,50,280,220,60,230,170,40,20,30,10,-120,-120,-20,0,-20,-20,-100,-20,-170,-60,0,-70,-20,-20,-80,-90,30,-40,0,0,-10,240,20,-60,-20,40,90,-60,-270,200,20,-10,10,0,-130,-90,-50,-40,10,50,0,0,-20,20
629,30,-10,30,20,0,10,0,-10,20,0,10,-30,0,0,0,-10,0,30,40,0,50,-20,50,140,90,70,240,210,100,320,190,80,160,80,110,300,140,160,250,180,30,-30,40,-70,70,80,50,280,220,60,230,170,40,20,30,10,-120,-120,-20,0,-20,-20,-100,-20,-170,-60,0,-70,-20,-20,-80,-90,30,-40,0,0,-10,240,20,-60,-20,40,90,-60,-270,200,20,-10,10,0,-130,-90,-50,-40,10,50,0,0,-20,20,80
630,-10,30,20,0,10,0,-10,20,0,10,-30,0,0,0,-10,0,30,40,0,50,-20,50,140,90,70,240,210,100,320,190,80,160,80,110,300,140,160,250,180,30,-30,40,-70,70,80,50,280,220,60,230,170,40,20,30,10,-120,-120,-20,0,-20,-20,-100,-20,-170,-60,0,-70,-20,-20,-80,-90,30,-40,0,0,-10,240,20,-60,-20,40,90,-60,-270,200,20,-10,10,0,-130,-90,-50,-40,10,50,0,0,-20,20,80,10
631,30,20,0,10,0,-10,20,0,10,-30,0,0,0,-10,0,30,40,0,50,-20,50,140,90,70,240,210,100,320,190,80,160,80,110,300,140,160,250,180,30,-30,40,-70,70,80,50,280,220,60,230,170,40,20,30,10,-120,-120,-20,0,-20,-20,-100,-20,-170,-60,0,-70,-20,-20,-80,-90,30,-40,0,0,-10,240,20,-60,-20,40,90,-60,-270,200,20,-10,10,0,-130,-90,-50,-40,10,50,0,0,-20,20,80,10,110
632,20,0,10,0,-10,20,0,10,-30,0,0,0,-10,0,30,40,0,50,-20,50,140,90,70,240,210,100,320,190,80,160,80,110,300,140,160,250,180,30,-30,40,-70,70,80,50,280,220,60,230,170,40,20,30,10,-120,-120,-20,0,-20,-20,-100,-20,-170,-60,0,-70,-20,-20,-80,-90,30,-40,0,0,-10,240,20,-60,-20,40,90,-60,-270,200,20,-10,10,0,-130,-90,-50,-40,10,50,0,0,-20,20,80,10,110,-40
633,0,10,0,-10,20,0,10,-30,0,0,0,-10,0,30,40,0,50,-20,50,140,90,70,240,210,100,320,190,80,160,80,110,300,140,160,250,180,30,-30,40,-70,70,80,50,280,220,60,230,170,40,20,30,10,-120,-120,-20,0,-20,-20,-100,-20,-170,-60,0,-70,-20,-20,-80,-90,30,-40,0,0,-10,240,20,-60,-20,40,90,-60,-270,200,20,-10,10,0,-130,-90,-50,-40,10,50,0,0,-20,20,80,10,110,-40,-120
634,10,0,-10,20,0,10,-30,0,0,0,-10,0,30,40,0,50,-20,50,140,90,70,240,210,100,320,190,80,160,80,110,300,140,160,250,180,30,-30,40,-70,70,80,50,280,220,60,230,170,40,20,30,10,-120,-120,-20,0,-20,-20,-100,-20,-170,-60,0,-70,-20,-20,-80,-90,30,-40,0,0,-10,240,20,-60,-20,40,90,-60,-270,200,20,-10,10,0,-130,-90,-50,-40,10,50,0,0,-20,20,80,10,110,-40,-120,-50
635,0,-10,20,0,10,-30,0,0,0,-10,0,30,40,0,50,-20,50,140,90,70,240,210,100,320,190,80,160,80,110,300,140,160,250,180,30,-30,40,-70,70,80,50,280,220,60,230,170,40,20,30,10,-120,-120,-20,0,-20,-20,-100,-20,-170,-60,0,-70,-20,-20,-80,-90,30,-40,0,0,-10,240,20,-60,-20,40,90,-60,-270,200,20,-10,10,0,-130,-90,-50,-40,10,50,0,0,-20,20,80,10,110,-40,-120,-50,20
636,-10,20,0,10,-30,0,0,0,-10,0,30,40,0,50,-20,50,140,90,70,240,210,100,320,190,80,160,80,110,300,140,160,250,180,30,-30,40,-70,70,80,50,280,220,60,230,170,40,20,30,10,-120,-120,-20,0,-20,-20,-100,-20,-170,-60,0,-70,-20,-20,-80,-90,30,-40,0,0,-10,240,20,-60,-20,40,90,-60,-270,200,20,-10,10,0,-130,-90,-50,-40,10,50,0,0,-20,20,80,10,110,-40,-120,-50,20,130
637,20,0,10,-30,0,0,0,-10,0,30,40,0,50,-20,50,140,90,70,240,210,100,320,190,80,160,80,110,300,140,160,250,180,30,-30,40,-70,70,80,50,280,220,60,230,170,40,20,30,10,-120,-120,-20,0,-20,-20,-100,-20,-170,-60,0,-70,-20,-20,-80,-90,30,-40,0,0,-10,240,20,-60,-20,40,90,-60,-270,200,20,-10,10,0,-130,-90,-50,-40,10,50,0,0,-20,20,80,10,110,-40,-120,-50,20,130,-190
638,0,10,-30,0,0,0,-10,0,30,40,0,50,-20,50,140,90,70,240,210,100,320,190,80,160,80,110,300,140,160,250,180,30,-30,40,-70,70,80,50,280,220,60,230,170,40,20,30,10,-120,-120,-20,0,-20,-20,-100,-20,-170,-60,0,-70,-20,-20,-80,-90,30,-40,0,0,-10,240,20,-60,-20,40,90,-60,-270,200,20,-10,10,0,-130,-90,-50,-40,10,50,0,0,-20,20,80,10,110,-40,-120,-50,20,130,-190,40
639,10,-30,0,0,0,-10,0,30,40,0,50,-20,50,140,90,70,240,210,100,320,190,80,160,80,110,300,140,160,250,180,30,-30,40,-70,70,80,50,280,220,60,230,170,40,20,30,10,-120,-120,-20,0,-20,-20,-100,-20,-170,-60,0,-70,-20,-20,-80,-90,30,-40,0,0,-10,240,20,-60,-20,40,90,-60,-270,200,20,-10,10,0,-130,-90,-50,-40,10,50,0,0,-20,20,80,10,110,-40,-120,-50,20,130,-190,40,-360
640,-30,0,0,0,-10,0,30,40,0,50,-20,50,140,90,70,240,210,100,320,190,80,160,80,110,300,140,160,250,180,30,-30,40,-70,70,80,50,280,220,60,230,170,40,20,30,10,-120,-120,-20,0,-20,-20,-100,-20,-170,-60,0,-70,-20,-20,-80,-90,30,-40,0,0,-10,240,20,-60,-20,40,90,-60,-270,200,20,-10,10,0,-130,-90,-50,-40,10,50,0,0,-20,20,80,10,110,-40,-120,-50,20,130,-190,40,-360,-160
641,0,0,0,-10,0,30,40,0,50,-20,50,140,90,70,240,210,100,320,190,80,160,80,110,300,140,160,250,180,30,-30,40,-70,70,80,50,280,220,60,230,170,40,20,30,10,-120,-120,-20,0,-20,-20,-100,-20,-170,-60,0,-70,-20,-20,-80,-90,30,-40,0,0,-10,240,20,-60,-20,40,90,-60,-270,200,20,-10,10,0,-130,-90,-50,-40,10,50,0,0,-20,20,80,10,110,-40,-120,-50,20,130,-190,40,-360,-160,-40
642,0,0,-10,0,30,40,0,50,-20,50,140,90,70,240,210,100,320,190,80,160,80,110,300,140,160,250,180,30,-30,40,-70,70,80,50,280,220,60,230,170,40,20,30,10,-120,-120,-20,0,-20,-20,-100,-20,-170,-60,0,-70,-20,-20,-80,-90,30,-40,0,0,-10,240,20,-60,-20,40,90,-60,-270,200,20,-10,10,0,-130,-90,-50,-40,10,50,0,0,-20,20,80,10,110,-40,-120,-50,20,130,-190,40,-360,-160,-40,-10
643,0,-10,0,30,40,0,50,-20,50,140,90,70,240,210,100,320,190,80,160,80,110,300,140,160,250,180,30,-30,40,-70,70,80,50,280,220,60,230,170,40,20,30,10,-120,-120,-20,0,-20,-20,-100,-20,-170,-60,0,-70,-20,-20,-80,-90,30,-40,0,0,-10,240,20,-60,-20,40,90,-60,-270,200,20,-10,10,0,-130,-90,-50,-40,10,50,0,0,-20,20,80,10,110,-40,-120,-50,20,130,-190,40,-360,-160,-40,-10,-20
644,-10,0,30,40,0,50,-20,50,140,90,70,240,210,100,320,190,80,160,80,110,300,140,160,250,180,30,-30,40,-70,70,80,50,280,220,60,230,170,40,20,30,10,-120,-120,-20,0,-20,-20,-100,-20,-170,-60,0,-70,-20,-20,-80,-90,30,-40,0,0,-10,240,20,-60,-20,40,90,-60,-270,200,20,-10,10,0,-130,-90,-50,-40,10,50,0,0,-20,20,80,10,110,-40,-120,-50,20,130,-190,40,-360,-160,-40,-10,-20,40
645,0,30,40,0,50,-20,50,140,90,70,240,210,100,320,190,80,160,80,110,300,140,160,250,180,30,-30,40,-70,70,80,50,280,220,60,230,170,40,20,30,10,-120,-120,-20,0,-20,-20,-100,-20,-170,-60,0,-70,-20,-20,-80,-90,30,-40,0,0,-10,240,20,-60,-20,40,90,-60,-270,200,20,-10,10,0,-130,-90,-50,-40,10,50,0,0,-20,20,80,10,110,-40,-120,-50,20,130,-190,40,-360,-160,-40,-10,-20,40,30
646,30,40,0,50,-20,50,140,90,70,240,210,100,320,190,80,160,80,110,300,140,160,250,180,30,-30,40,-70,70,80,50,280,220,60,230,170,40,20,30,10,-120,-120,-20,0,-20,-20,-100,-20,-170,-60,0,-70,-20,-20,-80,-90,30,-40,0,0,-10,240,20,-60,-20,40,90,-60,-270,200,20,-10,10,0,-130,-90,-50,-40,10,50,0,0,-20,20,80,10,110,-40,-120,-50,20,130,-190,40,-360,-160,-40,-10,-20,40,30,-40
647,40,0,50,-20,50,140,90,70,240,210,100,320,190,80,160,80,110,300,140,160,250,180,30,-30,40,-70,70,80,50,280,220,60,230,170,40,20,30,10,-120,-120,-20,0,-20,-20,-100,-20,-170,-60,0,-70,-20,-20,-80,-90,30,-40,0,0,-10,240,20,-60,-20,40,90,-60,-270,200,20,-10,10,0,-130,-90,-50,-40,10,50,0,0,-20,20,80,10,110,-40,-120,-50,20,130,-190,40,-360,-160,-40,-10,-20,40,30,-40,40
648,0,50,-20,50,140,90,70,240,210,100,320,190,80,160,80,110,300,140,160,250,180,30,-30,40,-70,70,80,50,280,220,60,230,170,40,20,30,10,-120,-120,-20,0,-20,-20,-100,-20,-170,-60,0,-70,-20,-20,-80,-90,30,-40,0,0,-10,240,20,-60,-20,40,90,-60,-270,200,20,-10,10,0,-130,-90,-50,-40,10,50,0,0,-20,20,80,10,110,-40,-120,-50,20,130,-190,40,-360,-160,-40,-10,-20,40,30,-40,40,180
649,50,-20,50,140,90,70,240,210,100,320,190,80,160,80,110,300,140,160,250,180,30,-30,40,-70,70,80,50,280,220,60,230,170,40,20,30,10,-120,-120,-20,0,-20,-20,-100,-20,-170,-60,0,-70,-20,-20,-80,-90,30,-40,0,0,-10,240,20,-60,-20,40,90,-60,-270,200,20,-10,10,0,-130,-90,-50,-40,10,50,0,0,-20,20,80,10,110,-40,-120,-50,20,130,-190,40,-360,-160,-40,-10,-20,40,30,-40,40,180,80
650,-20,50,140,90,70,240,210,100,320,190,80,160,80,110,300,140,160,250,180,30,-30,40,-70,70,80,50,280,220,60,230,170,40,20,30,10,-120,-120,-20,0,-20,-20,-100,-20,-170,-60,0,-70,-20,-20,-80,-90,30,-40,0,0,-10,240,20,-60,-20,40,90,-60,-270,200,20,-10,10,0,-130,-90,-50,-40,10,50,0,0,-20,20,80,10,110,-40,-120,-50,20,130,-190,40,-360,-160,-40,-10,-20,40,30,-40,40,180,80,90
651,50,140,90,70,240,210,100,320,190,80,160,80,110,300,140,160,250,180,30,-30,40,-70,70,80,50,280,220,60,230,170,40,20,30,10,-120,-120,-20,0,-20,-20,-100,-20,-170,-60,0,-70,-20,-20,-80,-90,30,-40,0,0,-10,240,20,-60,-20,40,90,-60,-270,200,20,-10,10,0,-130,-90,-50,-40,10,50,0,0,-20,20,80,10,110,-40,-120,-50,20,130,-190,40,-360,-160,-40,-10,-20,40,30,-40,40,180,80,90,40
652,140,90,70,240,210,100,320,190,80,160,80,110,300,140,160,250,180,30,-30,40,-70,70,80,50,280,220,60,230,170,40,20,30,10,-120,-120,-20,0,-20,-20,-100,-20,-170,-60,0,-70,-20,-20,-80,-90,30,-40,0,0,-10,240,20,-60,-20,40,90,-60,-270,200,20,-10,10,0,-130,-90,-50,-40,10,50,0,0,-20,20,80,10,110,-40,-120,-50,20,130,-190,40,-360,-160,-40,-10,-20,40,30,-40,40,180,80,90,40,110
653,90,70,240,210,100,320,190,80,160,80,110,300,140,160,250,180,30,-30,40,-70,70,80,50,280,220,60,230,170,40,20,30,10,-120,-120,-20,0,-20,-20,-100,-20,-170,-60,0,-70,-20,-20,-80,-90,30,-40,0,0,-10,240,20,-60,-20,40,90,-60,-270,200,20,-10,10,0,-130,-90,-50,-40,10,50,0,0,-20,20,80,10,110,-40,-120,-50,20,130,-190,40,-360,-160,-40,-10,-20,40,30,-40,40,180,80,90,40,110,260
654,70,240,210,100,320,190,80,160,80,110,300,140,160,250,180,30,-30,40,-70,70,80,50,280,220,60,230,170,40,20,30,10,-120,-120,-20,0,-20,-20,-100,-20,-170,-60,0,-70,-20,-20,-80,-90,30,-40,0,0,-10,240,20,-60,-20,40,90,-60,-270,200,20,-10,10,0,-130,-90,-50,-40,10,50,0,0,-20,20,80,10,110,-40,-120,-50,20,130,-190,40,-360,-160,-40,-10,-20,40,30,-40,40,180,80,90,40,110,260,-150
655,240,210,100,320,190,80,160,80,110,300,140,160,250,180,30,-30,40,-70,70,80,50,280,220,60,230,170,40,20,30,10,-120,-120,-20,0,-20,-20,-100,-20,-170,-60,0,-70,-20,-20,-80,-90,30,-40,0,0,-10,240,20,-60,-20,40,90,-60,-270,200,20,-10,10,0,-130,-90,-50,-40,10,50,0,0,-20,20,80,10,110,-40,-120,-50,20,130,-190,40,-360,-160,-40,-10,-20,40,30,-40,40,180,80,90,40,110,260,-150,-70
656,210,100,320,190,80,160,80,110,300,140,160,250,180,30,-30,40,-70,70,80,50,280,220,60,230,170,40,20,30,10,-120,-120,-20,0,-20,-20,-100,-20,-170,-60,0,-70,-20,-20,-80,-90,30,-40,0,0,-10,240,20,-60,-20,40,90,-60,-270,200,20,-10,10,0,-130,-90,-50,-40,10,50,0,0,-20,20,80,10,110,-40,-120,-50,20,130,-190,40,-360,-160,-40,-10,-20,40,30,-40,40,180,80,90,40,110,260,-150,-70,-10
657,100,320,190,80,160,80,110,300,140,160,250,180,30,-30,40,-70,70,80,50,280,220,60,230,170,40,20,30,10,-120,-120,-20,0,-20,-20,-100,-20,-170,-60,0,-70,-20,-20,-80,-90,30,-40,0,0,-10,240,20,-60,-20,40,90,-60,-270,200,20,-10,10,0,-130,-90,-50,-40,10,50,0,0,-20,20,80,10,110,-40,-120,-50,20,130,-190,40,-360,-160,-40,-10,-20,40,30,-40,40,180,80,90,40,110,260,-150,-70,-10,130
658,320,190,80,160,80,110,300,140,160,250,180,30,-30,40,-70,70,80,50,280,220,60,230,170,40,20,30,10,-120,-120,-20,0,-20,-20,-100,-20,-170,-60,0,-70,-20,-20,-80,-90,30,-40,0,0,-10,240,20,-60,-20,40,90,-60,-270,200,20,-10,10,0,-130,-90,-50,-40,10,50,0,0,-20,20,80,10,110,-40,-120,-50,20,130,-190,40,-360,-160,-40,-10,-20,40,30,-40,40,180,80,90,40,110,260,-150,-70,-10,130,80
659,190,80,160,80,110,300,140,160,250,180,30,-30,40,-70,70,80,50,280,220,60,230,170,40,20,30,10,-120,-120,-20,0,-20,-20,-100,-20,-170,-60,0,-70,-20,-20,-80,-90,30,-40,0,0,-10,240,20,-60,-20,40,90,-60,-270,200,20,-10,10,0,-130,-90,-50,-40,10,50,0,0,-20,20,80,10,110,-40,-120,-50,20,130,-190,40,-360,-160,-40,-10,-20,40,30,-40,40,180,80,90,40,110,260,-150,-70,-10,130,80,60
660,80,160,80,110,300,140,160,250,180,30,-30,40,-70,70,80,50,280,220,60,230,170,40,20,30,10,-120,-120,-20,0,-20,-20,-100,-20,-170,-60,0,-70,-20,-20,-80,-90,30,-40,0,0,-10,240,20,-60,-20,40,90,-60,-270,200,20,-10,10,0,-130,-90,-50,-40,10,50,0,0,-20,20,80,10,110,-40,-120,-50,20,130,-190,40,-360,-160,-40,-10,-20,40,30,-40,40,180,80,90,40,110,260,-150,-70,-10,130,80,60,120
661,160,80,110,300,140,160,250,180,30,-30,40,-70,70,80,50,280,220,60,230,170,40,20,30,10,-120,-120,-20,0,-20,-20,-100,-20,-170,-60,0,-70,-20,-20,-80,-90,30,-40,0,0,-10,240,20,-60,-20,40,90,-60,-270,200,20,-10,10,0,-130,-90,-50,-40,10,50,0,0,-20,20,80,10,110,-40,-120,-50,20,130,-190,40,-360,-160,-40,-10,-20,40,30,-40,40,180,80,90,40,110,260,-150,-70,-10,130,80,60,120,90
662,80,110,300,140,160,250,180,30,-30,40,-70,70,80,50,280,220,60,230,170,40,20,30,10,-120,-120,-20,0,-20,-20,-100,-20,-170,-60,0,-70,-20,-20,-80,-90,30,-40,0,0,-10,240,20,-60,-20,40,90,-60,-270,200,20,-10,10,0,-130,-90,-50,-40,10,50,0,0,-20,20,80,10,110,-40,-120,-50,20,130,-190,40,-360,-160,-40,-10,-20,40,30,-40,40,180,80,90,40,110,260,-150,-70,-10,130,80,60,120,90,180
663,110,300,140,160,250,180,30,-30,40,-70,70,80,50,280,220,60,230,170,40,20,30,10,-120,-120,-20,0,-20,-20,-100,-20,-170,-60,0,-70,-20,-20,-80,-90,30,-40,0,0,-10,240,20,-60,-20,40,90,-60,-270,200,20,-10,10,0,-130,-90,-50,-40,10,50,0,0,-20,20,80,10,110,-40,-120,-50,20,130,-190,40,-360,-160,-40,-10,-20,40,30,-40,40,180,80,90,40,110,260,-150,-70,-10,130,80,60,120,90,180,120
664,300,140,160,250,180,30,-30,40,-70,70,80,50,280,220,60,230,170,40,20,30,10,-120,-120,-20,0,-20,-20,-100,-20,-170,-60,0,-70,-20,-20,-80,-90,30,-40,0,0,-10,240,20,-60,-20,40,90,-60,-270,200,20,-10,10,0,-130,-90,-50,-40,10,50,0,0,-20,20,80,10,110,-40,-120,-50,20,130,-190,40,-360,-160,-40,-10,-20,40,30,-40,40,180,80,90,40,110,260,-150,-70,-10,130,80,60,120,90,180,120,100
665,140,160,250,180,30,-30,40,-70,70,80,50,280,220,60,230,170,40,20,30,10,-120,-120,-20,0,-20,-20,-100,-20,-170,-60,0,-70,-20,-20,-80,-90,30,-40,0,0,-10,240,20,-60,-20,40,90,-60,-270,200,20,-10,10,0,-130,-90,-50,-40,10,50,0,0,-20,20,80,10,110,-40,-120,-50,20,130,-190,40,-360,-160,-40,-10,-20,40,30,-40,40,180,80,90,40,110,260,-150,-70,-10,130,80,60,120,90,180,120,100,150
666,160,250,180,30,-30,40,-70,70,80,50,280,220,60,230,170,40,20,30,10,-120,-120,-20,0,-20,-20,-100,-20,-170,-60,0,-70,-20,-20,-80,-90,30,-40,0,0,-10,240,20,-60,-20,40,90,-60,-270,200,20,-10,10,0,-130,-90,-50,-40,10,50,0,0,-20,20,80,10,110,-40,-120,-50,20,130,-190,40,-360,-160,-40,-10,-20,40,30,-40,40,180,80,90,40,110,260,-150,-70,-10,130,80,60,120,90,180,120,100,150,280
667,250,180,30,-30,40,-70,70,80,50,280,220,60,230,170,40,20,30,10,-120,-120,-20,0,-20,-20,-100,-20,-170,-60,0,-70,-20,-20,-80,-90,30,-40,0,0,-10,240,20,-60,-20,40,90,-60,-270,200,20,-10,10,0,-130,-90,-50,-40,10,50,0,0,-20,20,80,10,110,-40,-120,-50,20,130,-190,40,-360,-160,-40,-10,-20,40,30,-40,40,180,80,90,40,110,260,-150,-70,-10,130,80,60,120,90,180,120,100,150,280,80
668,180,30,-30,40,-70,70,80,50,280,220,60,230,170,40,20,30,10,-120,-120,-20,0,-20,-20,-100,-20,-170,-60,0,-70,-20,-20,-80,-90,30,-40,0,0,-10,240,20,-60,-20,40,90,-60,-270,200,20,-10,10,0,-130,-90,-50,-40,10,50,0,0,-20,20,80,10,110,-40,-120,-50,20,130,-190,40,-360,-160,-40,-10,-20,40,30,-40,40,180,80,90,40,110,260,-150,-70,-10,130,80,60,120,90,180,120,100,150,280,80,60
669,30,-30,40,-70,70,80,50,280,220,60,230,170,40,20,30,10,-120,-120,-20,0,-20,-20,-100,-20,-170,-60,0,-70,-20,-20,-80,-90,30,-40,0,0,-10,240,20,-60,-20,40,90,-60,-270,200,20,-10,10,0,-130,-90,-50,-40,10,50,0,0,-20,20,80,10,110,-40,-120,-50,20,130,-190,40,-360,-160,-40,-10,-20,40,30,-40,40,180,80,90,40,110,260,-150,-70,-10,130,80,60,120,90,180,120,100,150,280,80,60,140
670,-30,40,-70,70,80,50,280,220,60,230,170,40,20,30,10,-120,-120,-20,0,-20,-20,-100,-20,-170,-60,0,-70,-20,-20,-80,-90,30,-40,0,0,-10,240,20,-60,-20,40,90,-60,-270,200,20,-10,10,0,-130,-90,-50,-40,10,50,0,0,-20,20,80,10,110,-40,-120,-50,20,130,-190,40,-360,-160,-40,-10,-20,40,30,-40,40,180,80,90,40,110,260,-150,-70,-10,130,80,60,120,90,180,120,100,150,280,80,60,140,140
671,40,-70,70,80,50,280,220,60,230,170,40,20,30,10,-120,-120,-20,0,-20,-20,-100,-20,-170,-60,0,-70,-20,-20,-80,-90,30,-40,0,0,-10,240,20,-60,-20,40,90,-60,-270,200,20,-10,10,0,-130,-90,-50,-40,10,50,0,0,-20,20,80,10,110,-40,-120,-50,20,130,-190,40,-360,-160,-40,-10,-20,40,30,-40,40,180,80,90,40,110,260,-150,-70,-10,130,80,60,120,90,180,120,100,150,280,80,60,140,140,140
672,-70,70,80,50,280,220,60,230,170,40,20,30,10,-120,-120,-20,0,-20,-20,-100,-20,-170,-60,0,-70,-20,-20,-80,-90,30,-40,0,0,-10,240,20,-60,-20,40,90,-60,-270,200,20,-10,10,0,-130,-90,-50,-40,10,50,0,0,-20,20,80,10,110,-40,-120,-50,20,130,-190,40,-360,-160,-40,-10,-20,40,30,-40,40,180,80,90,40,110,260,-150,-70,-10,130,80,60,120,90,180,120,100,150,280,80,60,140,140,140,300
673,70,80,50,280,220,60,230,170,40,20,30,10,-120,-120,-20,0,-20,-20,-100,-20,-170,-60,0,-70,-20,-20,-80,-90,30,-40,0,0,-10,240,20,-60,-20,40,90,-60,-270,200,20,-10,10,0,-130,-90,-50,-40,10,50,0,0,-20,20,80,10,110,-40,-120,-50,20,130,-190,40,-360,-160,-40,-10,-20,40,30,-40,40,180,80,90,40,110,260,-150,-70,-10,130,80,60,120,90,180,120,100,150,280,80,60,140,140,140,300,40
674,80,50,280,220,60,230,170,40,20,30,10,-120,-120,-20,0,-20,-20,-100,-20,-170,-60,0,-70,-20,-20,-80,-90,30,-40,0,0,-10,240,20,-60,-20,40,90,-60,-270,200,20,-10,10,0,-130,-90,-50,-40,10,50,0,0,-20,20,80,10,110,-40,-120,-50,20,130,-190,40,-360,-160,-40,-10,-20,40,30,-40,40,180,80,90,40,110,260,-150,-70,-10,130,80,60,120,90,180,120,100,150,280,80,60,140,140,140,300,40,-90
675,50,280,220,60,230,170,40,20,30,10,-120,-120,-20,0,-20,-20,-100,-20,-170,-60,0,-70,-20,-20,-80,-90,30,-40,0,0,-10,240,20,-60,-20,40,90,-60,-270,200,20,-10,10,0,-130,-90,-50,-40,10,50,0,0,-20,20,80,10,110,-40,-120,-50,20,130,-190,40,-360,-160,-40,-10,-20,40,30,-40,40,180,80,90,40,110,260,-150,-70,-10,130,80,60,120,90,180,120,100,150,280,80,60,140,140,140,300,40,-90,80
676,280,220,60,230,170,40,20,30,10,-120,-120,-20,0,-20,-20,-100,-20,-170,-60,0,-70,-20,-20,-80,-90,30,-40,0,0,-10,240,20,-60,-20,40,90,-60,-270,200,20,-10,10,0,-130,-90,-50,-40,10,50,0,0,-20,20,80,10,110,-40,-120,-50,20,130,-190,40,-360,-160,-40,-10,-20,40,30,-40,40,180,80,90,40,110,260,-150,-70,-10,130,80,60,120,90,180,120,100,150,280,80,60,140,140,140,300,40,-90,80,30
677,220,60,230,170,40,20,30,10,-120,-120,-20,0,-20,-20,-100,-20,-170,-60,0,-70,-20,-20,-80,-90,30,-40,0,0,-10,240,20,-60,-20,40,90,-60,-270,200,20,-10,10,0,-130,-90,-50,-40,10,50,0,0,-20,20,80,10,110,-40,-120,-50,20,130,-190,40,-360,-160,-40,-10,-20,40,30,-40,40,180,80,90,40,110,260,-150,-70,-10,130,80,60,120,90,180,120,100,150,280,80,60,140,140,140,300,40,-90,80,30,-220
678,60,230,170,40,20,30,10,-120,-120,-20,0,-20,-20,-100,-20,-170,-60,0,-70,-20,-20,-80,-90,30,-40,0,0,-10,240,20,-60,-20,40,90,-60,-270,200,20,-10,10,0,-130,-90,-50,-40,10,50,0,0,-20,20,80,10,110,-40,-120,-50,20,130,-190,40,-360,-160,-40,-10,-20,40,30,-40,40,180,80,90,40,110,260,-150,-70,-10,130,80,60,120,90,180,120,100,150,280,80,60,140,140,140,300,40,-90,80,30,-220,-150
679,230,170,40,20,30,10,-120,-120,-20,0,-20,-20,-100,-20,-170,-60,0,-70,-20,-20,-80,-90,30,-40,0,0,-10,240,20,-60,-20,40,90,-60,-270,200,20,-10,10,0,-130,-90,-50,-40,10,50,0,0,-20,20,80,10,110,-40,-120,-50,20,130,-190,40,-360,-160,-40,-10,-20,40,30,-40,40,180,80,90,40,110,260,-150,-70,-10,130,80,60,120,90,180,120,100,150,280,80,60,140,140,140,300,40,-90,80,30,-220,-150,-70
680,170,40,20,30,10,-120,-120,-20,0,-20,-20,-100,-20,-170,-60,0,-70,-20,-20,-80,-90,30,-40,0,0,-10,240,20,-60,-20,40,90,-60,-270,200,20,-10,10,0,-130,-90,-50,-40,10,50,0,0,-20,20,80,10,110,-40,-120,-50,20,130,-190,40,-360,-160,-40,-10,-20,40,30,-40,40,180,80,90,40,110,260,-150,-70,-10,130,80,60,120,90,180,120,100,150,280,80,60,140,140,140,300,40,-90,80,30,-220,-150,-70,-100
681,40,20,30,10,-120,-120,-20,0,-20,-20,-100,-20,-170,-60,0,-70,-20,-20,-80,-90,30,-40,0,0,-10,240,20,-60,-20,40,90,-60,-270,200,20,-10,10,0,-130,-90,-50,-40,10,50,0,0,-20,20,80,10,110,-40,-120,-50,20,130,-190,40,-360,-160,-40,-10,-20,40,30,-40,40,180,80,90,40,110,260,-150,-70,-10,130,80,60,120,90,180,120,100,150,280,80,60,140,140,140,300,40,-90,80,30,-220,-150,-70,-100,10
682,20,30,10,-120,-120,-20,0,-20,-20,-100,-20,-170,-60,0,-70,-20,-20,-80,-90,30,-40,0,0,-10,240,20,-60,-20,40,90,-60,-270,200,20,-10,10,0,-130,-90,-50,-40,10,50,0,0,-20,20,80,10,110,-40,-120,-50,20,130,-190,40,-360,-160,-40,-10,-20,40,30,-40,40,180,80,90,40,110,260,-150,-70,-10,130,80,60,120,90,180,120,100,150,280,80,60,140,140,140,300,40,-90,80,30,-220,-150,-70,-100,10,-80
683,30,10,-120,-120,-20,0,-20,-20,-100,-20,-170,-60,0,-70,-20,-20,-80,-90,30,-40,0,0,-10,240,20,-60,-20,40,90,-60,-270,200,20,-10,10,0,-130,-90,-50,-40,10,50,0,0,-20,20,80,10,110,-40,-120,-50,20,130,-190,40,-360,-160,-40,-10,-20,40,30,-40,40,180,80,90,40,110,260,-150,-70,-10,130,80,60,120,90,180,120,100,150,280,80,60,140,140,140,300,40,-90,80,30,-220,-150,-70,-100,10,-80,-10
684,10,-120,-120,-20,0,-20,-20,-100,-20,-170,-60,0,-70,-20,-20,-80,-90,30,-40,0,0,-10,240,20,-60,-20,40,90,-60,-270,200,20,-10,10,0,-130,-90,-50,-40,10,50,0,0,-20,20,80,10,110,-40,-120,-50,20,130,-190,40,-360,-160,-40,-10,-20,40,30,-40,40,180,80,90,40,110,260,-150,-70,-10,130,80,60,120,90,180,120,100,150,280,80,60,140,140,140,300,40,-90,80,30,-220,-150,-70,-100,10,-80,-10,-20
685,-120,-120,-20,0,-20,-20,-100,-20,-170,-60,0,-70,-20,-20,-80,-90,30,-40,0,0,-10,240,20,-60,-20,40,90,-60,-270,200,20,-10,10,0,-130,-90,-50,-40,10,50,0,0,-20,20,80,10,110,-40,-120,-50,20,130,-190,40,-360,-160,-40,-10,-20,40,30,-40,40,180,80,90,40,110,260,-150,-70,-10,130,80,60,120,90,180,120,100,150,280,80,60,140,140,140,300,40,-90,80,30,-220,-150,-70,-100,10,-80,-10,-20,-10
686,-120,-20,0,-20,-20,-100,-20,-170,-60,0,-70,-20,-20,-80,-90,30,-40,0,0,-10,240,20,-60,-20,40,90,-60,-270,200,20,-10,10,0,-130,-90,-50,-40,10,50,0,0,-20,20,80,10,110,-40,-120,-50,20,130,-190,40,-360,-160,-40,-10,-20,40,30,-40,40,180,80,90,40,110,260,-150,-70,-10,130,80,60,120,90,180,120,100,150,280,80,60,140,140,140,300,40,-90,80,30,-220,-150,-70,-100,10,-80,-10,-20,-10,-60
687,-20,0,-20,-20,-100,-20,-170,-60,0,-70,-20,-20,-80,-90,30,-40,0,0,-10,240,20,-60,-20,40,90,-60,-270,200,20,-10,10,0,-130,-90,-50,-40,10,50,0,0,-20,20,80,10,110,-40,-120,-50,20,130,-190,40,-360,-160,-40,-10,-20,40,30,-40,40,180,80,90,40,110,260,-150,-70,-10,130,80,60,120,90,180,120,100,150,280,80,60,140,140,140,300,40,-90,80,30,-220,-150,-70,-100,10,-80,-10,-20,-10,-60,-30
688,0,-20,-20,-100,-20,-170,-60,0,-70,-20,-20,-80,-90,30,-40,0,0,-10,240,20,-60,-20,40,90,-60,-270,200,20,-10,10,0,-130,-90,-50,-40,10,50,0,0,-20,20,80,10,110,-40,-120,-50,20,130,-190,40,-360,-160,-40,-10,-20,40,30,-40,40,180,80,90,40,110,260,-150,-70,-10,130,80,60,120,90,180,120,100,150,280,80,60,140,140,140,300,40,-90,80,30,-220,-150,-70,-100,10,-80,-10,-20,-10,-60,-30,40
689,-20,-20,-100,-20,-170,-60,0,-70,-20,-20,-80,-90,30,-40,0,0,-10,240,20,-60,-20,40,90,-60,-270,200,20,-10,10,0,-130,-90,-50,-40,10,50,0,0,-20,20,80,10,110,-40,-120,-50,20,130,-190,40,-360,-160,-40,-10,-20,40,30,-40,40,180,80,90,40,110,260,-150,-70,-10,130,80,60,120,90,180,120,100,150,280,80,60,140,140,140,300,40,-90,80,30,-220,-150,-70,-100,10,-80,-10,-20,-10,-60,-30,40,30
690,-20,-100,-20,-170,-60,0,-70,-20,-20,-80,-90,30,-40,0,0,-10,240,20,-60,-20,40,90,-60,-270,200,20,-10,10,0,-130,-90,-50,-40,10,50,0,0,-20,20,80,10,110,-40,-120,-50,20,130,-190,40,-360,-160,-40,-10,-20,40,30,-40,40,180,80,90,40,110,260,-150,-70,-10,130,80,60,120,90,180,120,100,150,280,80,60,140,140,140,300,40,-90,80,30,-220,-150,-70,-100,10,-80,-10,-20,-10,-60,-30,40,30,0
691,-100,-20,-170,-60,0,-70,-20,-20,-80,-90,30,-40,0,0,-10,240,20,-60,-20,40,90,-60,-270,200,20,-10,10,0,-130,-90,-50,-40,10,50,0,0,-20,20,80,10,110,-40,-120,-50,20,130,-190,40,-360,-160,-40,-10,-20,40,30,-40,40,180,80,90,40,110,260,-150,-70,-10,130,80,60,120,90,180,120,100,150,280,80,60,140,140,140,300,40,-90,80,30,-220,-150,-70,-100,10,-80,-10,-20,-10,-60,-30,40,30,0,-40
692,-20,-170,-60,0,-70,-20,-20,-80,-90,30,-40,0,0,-10,240,20,-60,-20,40,90,-60,-270,200,20,-10,10,0,-130,-90,-50,-40,10,50,0,0,-20,20,80,10,110,-40,-120,-50,20,130,-190,40,-360,-160,-40,-10,-20,40,30,-40,40,180,80,90,40,110,260,-150,-70,-10,130,80,60,120,90,180,120,100,150,280,80,60,140,140,140,300,40,-90,80,30,-220,-150,-70,-100,10,-80,-10,-20,-10,-60,-30,40,30,0,-40,420
693,-170,-60,0,-70,-20,-20,-80,-90,30,-40,0,0,-10,240,20,-60,-20,40,90,-60,-270,200,20,-10,10,0,-130,-90,-50,-40,10,50,0,0,-20,20,80,10,110,-40,-120,-50,20,130,-190,40,-360,-160,-40,-10,-20,40,30,-40,40,180,80,90,40,110,260,-150,-70,-10,130,80,60,120,90,180,120,100,150,280,80,60,140,140,140,300,40,-90,80,30,-220,-150,-70,-100,10,-80,-10,-20,-10,-60,-30,40,30,0,-40,420,350
694,-60,0,-70,-20,-20,-80,-90,30,-40,0,0,-10,240,20,-60,-20,40,90,-60,-270,200,20,-10,10,0,-130,-90,-50,-40,10,50,0,0,-20,20,80,10,110,-40,-120,-50,20,130,-190,40,-360,-160,-40,-10,-20,40,30,-40,40,180,80,90,40,110,260,-150,-70,-10,130,80,60,120,90,180,120,100,150,280,80,60,140,140,140,300,40,-90,80,30,-220,-150,-70,-100,10,-80,-10,-20,-10,-60,-30,40,30,0,-40,420,350,170
695,0,-70,-20,-20,-80,-90,30,-40,0,0,-10,240,20,-60,-20,40,90,-60,-270,200,20,-10,10,0,-130,-90,-50,-40,10,50,0,0,-20,20,80,10,110,-40,-120,-50,20,130,-190,40,-360,-160,-40,-10,-20,40,30,-40,40,180,80,90,40,110,260,-150,-70,-10,130,80,60,120,90,180,120,100,150,280,80,60,140,140,140,300,40,-90,80,30,-220,-150,-70,-100,10,-80,-10,-20,-10,-60,-30,40,30,0,-40,420,350,170,-230
696,-70,-20,-20,-80,-90,30,-40,0,0,-10,240,20,-60,-20,40,90,-60,-270,200,20,-10,10,0,-130,-90,-50,-40,10,50,0,0,-20,20,80,10,110,-40,-120,-50,20,130,-190,40,-360,-160,-40,-10,-20,40,30,-40,40,180,80,90,40,110,260,-150,-70,-10,130,80,60,120,90,180,120,100,150,280,80,60,140,140,140,300,40,-90,80,30,-220,-150,-70,-100,10,-80,-10,-20,-10,-60,-30,40,30,0,-40,420,350,170,-230,-30
697,-20,-20,-80,-90,30,-40,0,0,-10,240,20,-60,-20,40,90,-60,-270,200,20,-10,10,0,-130,-90,-50,-40,10,50,0,0,-20,20,80,10,110,-40,-120,-50,20,130,-190,40,-360,-160,-40,-10,-20,40,30,-40,40,180,80,90,40,110,260,-150,-70,-10,130,80,60,120,90,180,120,100,150,280,80,60,140,140,140,300,40,-90,80,30,-220,-150,-70,-100,10,-80,-10,-20,-10,-60,-30,40,30,0,-40,420,350,170,-230,-30,-80
698,-20,-80,-90,30,-40,0,0,-10,240,20,-60,-20,40,90,-60,-270,200,20,-10,10,0,-130,-90,-50,-40,10,50,0,0,-20,20,80,10,110,-40,-120,-50,20,130,-190,40,-360,-160,-40,-10,-20,40,30,-40,40,180,80,90,40,110,260,-150,-70,-10,130,80,60,120,90,180,120,100,150,280,80,60,140,140,140,300,40,-90,80,30,-220,-150,-70,-100,10,-80,-10,-20,-10,-60,-30,40,30,0,-40,420,350,170,-230,-30,-80,-350
699,-80,-90,30,-40,0,0,-10,240,20,-60,-20,40,90,-60,-270,200,20,-10,10,0,-130,-90,-50,-40,10,50,0,0,-20,20,80,10,110,-40,-120,-50,20,130,-190,40,-360,-160,-40,-10,-20,40,30,-40,40,180,80,90,40,110,260,-150,-70,-10,130,80,60,120,90,180,120,100,150,280,80,60,140,140,140,300,40,-90,80,30,-220,-150,-70,-100,10,-80,-10,-20,-10,-60,-30,40,30,0,-40,420,350,170,-230,-30,-80,-350,-30
700,-90,30,-40,0,0,-10,240,20,-60,-20,40,90,-60,-270,200,20,-10,10,0,-130,-90,-50,-40,10,50,0,0,-20,20,80,10,110,-40,-120,-50,20,130,-190,40,-360,-160,-40,-10,-20,40,30,-40,40,180,80,90,40,110,260,-150,-70,-10,130,80,60,120,90,180,120,100,150,280,80,60,140,140,140,300,40,-90,80,30,-220,-150,-70,-100,10,-80,-10,-20,-10,-60,-30,40,30,0,-40,420,350,170,-230,-30,-80,-350,-30,-100
701,30,-40,0,0,-10,240,20,-60,-20,40,90,-60,-270,200,20,-10,10,0,-130,-90,-50,-40,10,50,0,0,-20,20,80,10,110,-40,-120,-50,20,130,-190,40,-360,-160,-40,-10,-20,40,30,-40,40,180,80,90,40,110,260,-150,-70,-10,130,80,60,120,90,180,120,100,150,280,80,60,140,140,140,300,40,-90,80,30,-220,-150,-70,-100,10,-80,-10,-20,-10,-60,-30,40,30,0,-40,420,350,170,-230,-30,-80,-350,-30,-100,-20
702,-40,0,0,-10,240,20,-60,-20,40,90,-60,-270,200,20,-10,10,0,-130,-90,-50,-40,10,50,0,0,-20,20,80,10,110,-40,-120,-50,20,130,-190,40,-360,-160,-40,-10,-20,40,30,-40,40,180,80,90,40,110,260,-150,-70,-10,130,80,60,120,90,180,120,100,150,280,80,60,140,140,140,300,40,-90,80,30,-220,-150,-70,-100,10,-80,-10,-20,-10,-60,-30,40,30,0,-40,420,350,170,-230,-30,-80,-350,-30,-100,-20,-200
703,0,0,-10,240,20,-60,-20,40,90,-60,-270,200,20,-10,10,0,-130,-90,-50,-40,10,50,0,0,-20,20,80,10,110,-40,-120,-50,20,130,-190,40,-360,-160,-40,-10,-20,40,30,-40,40,180,80,90,40,110,260,-150,-70,-10,130,80,60,120,90,180,120,100,150,280,80,60,140,140,140,300,40,-90,80,30,-220,-150,-70,-100,10,-80,-10,-20,-10,-60,-30,40,30,0,-40,420,350,170,-230,-30,-80,-350,-30,-100,-20,-200,-60
704,0,-10,240,20,-60,-20,40,90,-60,-270,200,20,-10,10,0,-130,-90,-50,-40,10,50,0,0,-20,20,80,10,110,-40,-120,-50,20,130,-190,40,-360,-160,-40,-10,-20,40,30,-40,40,180,80,90,40,110,260,-150,-70,-10,130,80,60,120,90,180,120,100,150,280,80,60,140,140,140,300,40,-90,80,30,-220,-150,-70,-100,10,-80,-10,-20,-10,-60,-30,40,30,0,-40,420,350,170,-230,-30,-80,-350,-30,-100,-20,-200,-60,60
705,-10,240,20,-60,-20,40,90,-60,-270,200,20,-10,10,0,-130,-90,-50,-40,10,50,0,0,-20,20,80,10,110,-40,-120,-50,20,130,-190,40,-360,-160,-40,-10,-20,40,30,-40,40,180,80,90,40,110,260,-150,-70,-10,130,80,60,120,90,180,120,100,150,280,80,60,140,140,140,300,40,-90,80,30,-220,-150,-70,-100,10,-80,-10,-20,-10,-60,-30,40,30,0,-40,420,350,170,-230,-30,-80,-350,-30,-100,-20,-200,-60,60,0
706,240,20,-60,-20,40,90,-60,-270,200,20,-10,10,0,-130,-90,-50,-40,10,50,0,0,-20,20,80,10,110,-40,-120,-50,20,130,-190,40,-360,-160,-40,-10,-20,40,30,-40,40,180,80,90,40,110,260,-150,-70,-10,130,80,60,120,90,180,120,100,150,280,80,60,140,140,140,300,40,-90,80,30,-220,-150,-70,-100,10,-80,-10,-20,-10,-60,-30,40,30,0,-40,420,350,170,-230,-30,-80,-350,-30,-100,-20,-200,-60,60,0,0
707,20,-60,-20,40,90,-60,-270,200,20,-10,10,0,-130,-90,-50,-40,10,50,0,0,-20,20,80,10,110,-40,-120,-50,20,130,-190,40,-360,-160,-40,-10,-20,40,30,-40,40,180,80,90,40,110,260,-150,-70,-10,130,80,60,120,90,180,120,100,150,280,80,60,140,140,140,300,40,-90,80,30,-220,-150,-70,-100,10,-80,-10,-20,-10,-60,-30,40,30,0,-40,420,350,170,-230,-30,-80,-350,-30,-100,-20,-200,-60,60,0,0,20
708,-60,-20,40,90,-60,-270,200,20,-10,10,0,-130,-90,-50,-40,10,50,0,0,-20,20,80,10,110,-40,-120,-50,20,130,-190,40,-360,-160,-40,-10,-20,40,30,-40,40,180,80,90,40,110,260,-150,-70,-10,130,80,60,120,90,180,120,100,150,280,80,60,140,140,140,300,40,-90,80,30,-220,-150,-70,-100,10,-80,-10,-20,-10,-60,-30,40,30,0,-40,420,350,170,-230,-30,-80,-350,-30,-100,-20,-200,-60,60,0,0,20,-150
709,-20,40,90,-60,-270,200,20,-10,10,0,-130,-90,-50,-40,10,50,0,0,-20,20,80,10,110,-40,-120,-50,20,130,-190,40,-360,-160,-40,-10,-20,40,30,-40,40,180,80,90,40,110,260,-150,-70,-10,130,80,60,120,90,180,120,100,150,280,80,60,140,140,140,300,40,-90,80,30,-220,-150,-70,-100,10,-80,-10,-20,-10,-60,-30,40,30,0,-40,420,350,170,-230,-30,-80,-350,-30,-100,-20,-200,-60,60,0,0,20,-150,-110
710,40,90,-60,-270,200,20,-10,10,0,-130,-90,-50,-40,10,50,0,0,-20,20,80,10,110,-40,-120,-50,20,130,-190,40,-360,-160,-40,-10,-20,40,30,-40,40,180,80,90,40,110,260,-150,-70,-10,130,80,60,120,90,180,120,100,150,280,80,60,140,140,140,300,40,-90,80,30,-220,-150,-70,-100,10,-80,-10,-20,-10,-60,-30,40,30,0,-40,420,350,170,-230,-30,-80,-350,-30,-100,-20,-200,-60,60,0,0,20,-150,-110,-10
711,90,-60,-270,200,20,-10,10,0,-130,-90,-50,-40,10,50,0,0,-20,20,80,10,110,-40,-120,-50,20,130,-190,40,-360,-160,-40,-10,-20,40,30,-40,40,180,80,90,40,110,260,-150,-70,-10,130,80,60,120,90,180,120,100,150,280,80,60,140,140,140,300,40,-90,80,30,-220,-150,-70,-100,10,-80,-10,-20,-10,-60,-30,40,30,0,-40,420,350,170,-230,-30,-80,-350,-30,-100,-20,-200,-60,60,0,0,20,-150,-110,-10,30
712,-60,-270,200,20,-10,10,0,-130,-90,-50,-40,10,50,0,0,-20,20,80,10,110,-40,-120,-50,20,130,-190,40,-360,-160,-40,-10,-20,40,30,-40,40,180,80,90,40,110,260,-150,-70,-10,130,80,60,120,90,180,120,100,150,280,80,60,140,140,140,300,40,-90,80,30,-220,-150,-70,-100,10,-80,-10,-20,-10,-60,-30,40,30,0,-40,420,350,170,-230,-30,-80,-350,-30,-100,-20,-200,-60,60,0,0,20,-150,-110,-10,30,20
713,-270,200,20,-10,10,0,-130,-90,-50,-40,10,50,0,0,-20,20,80,10,110,-40,-120,-50,20,130,-190,40,-360,-160,-40,-10,-20,40,30,-40,40,180,80,90,40,110,260,-150,-70,-10,130,80,60,120,90,180,120,100,150,280,80,60,140,140,140,300,40,-90,80,30,-220,-150,-70,-100,10,-80,-10,-20,-10,-60,-30,40,30,0,-40,420,350,170,-230,-30,-80,-350,-30,-100,-20,-200,-60,60,0,0,20,-150,-110,-10,30,20,220
714,200,20,-10,10,0,-130,-90,-50,-40,10,50,0,0,-20,20,80,10,110,-40,-120,-50,20,130,-190,40,-360,-160,-40,-10,-20,40,30,-40,40,180,80,90,40,110,260,-150,-70,-10,130,80,60,120,90,180,120,100,150,280,80,60,140,140,140,300,40,-90,80,30,-220,-150,-70,-100,10,-80,-10,-20,-10,-60,-30,40,30,0,-40,420,350,170,-230,-30,-80,-350,-30,-100,-20,-200,-60,60,0,0,20,-150,-110,-10,30,20,220,30
715,20,-10,10,0,-130,-90,-50,-40,10,50,0,0,-20,20,80,10,110,-40,-120,-50,20,130,-190,40,-360,-160,-40,-10,-20,40,30,-40,40,180,80,90,40,110,260,-150,-70,-10,130,80,60,120,90,180,120,100,150,280,80,60,140,140,140,300,40,-90,80,30,-220,-150,-70,-100,10,-80,-10,-20,-10,-60,-30,40,30,0,-40,420,350,170,-230,-30,-80,-350,-30,-100,-20,-200,-60,60,0,0,20,-150,-110,-10,30,20,220,30,30
716,-10,10,0,-130,-90,-50,-40,10,50,0,0,-20,20,80,10,110,-40,-120,-50,20,130,-190,40,-360,-160,-40,-10,-20,40,30,-40,40,180,80,90,40,110,260,-150,-70,-10,130,80,60,120,90,180,120,100,150,280,80,60,140,140,140,300,40,-90,80,30,-220,-150,-70,-100,10,-80,-10,-20,-10,-60,-30,40,30,0,-40,420,350,170,-230,-30,-80,-350,-30,-100,-20,-200,-60,60,0,0,20,-150,-110,-10,30,20,220,30,30,50
717,10,0,-130,-90,-50,-40,10,50,0,0,-20,20,80,10,110,-40,-120,-50,20,130,-190,40,-360,-160,-40,-10,-20,40,30,-40,40,180,80,90,40,110,260,-150,-70,-10,130,80,60,120,90,180,120,100,150,280,80,60,140,140,140,300,40,-90,80,30,-220,-150,-70,-100,10,-80,-10,-20,-10,-60,-30,40,30,0,-40,420,350,170,-230,-30,-80,-350,-30,-100,-20,-200,-60,60,0,0,20,-150,-110,-10,30,20,220,30,30,50,-30
718,0,-130,-90,-50,-40,10,50,0,0,-20,20,80,10,110,-40,-120,-50,20,130,-190,40,-360,-160,-40,-10,-20,40,30,-40,40,180,80,90,40,110,260,-150,-70,-10,130,80,60,120,90,180,120,100,150,280,80,60,140,140,140,300,40,-90,80,30,-220,-150,-70,-100,10,-80,-10,-20,-10,-60,-30,40,30,0,-40,420,350,170,-230,-30,-80,-350,-30,-100,-20,-200,-60,60,0,0,20,-150,-110,-10,30,20,220,30,30,50,-30,70
719,-130,-90,-50,-40,10,50,0,0,-20,20,80,10,110,-40,-120,-50,20,130,-190,40,-360,-160,-40,-10,-20,40,30,-40,40,180,80,90,40,110,260,-150,-70,-10,130,80,60,120,90,180,120,100,150,280,80,60,140,140,140,300,40,-90,80,30,-220,-150,-70,-100,10,-80,-10,-20,-10,-60,-30,40,30,0,-40,420,350,170,-230,-30,-80,-350,-30,-100,-20,-200,-60,60,0,0,20,-150,-110,-10,30,20,220,30,30,50,-30,70,-200
720,-90,-50,-40,10,50,0,0,-20,20,80,10,110,-40,-120,-50,20,130,-190,40,-360,-160,-40,-10,-20,40,30,-40,40,180,80,90,40,110,260,-150,-70,-10,130,80,60,120,90,180,120,100,150,280,80,60,140,140,140,300,40,-90,80,30,-220,-150,-70,-100,10,-80,-10,-20,-10,-60,-30,40,30,0,-40,420,350,170,-230,-30,-80,-350,-30,-100,-20,-200,-60,60,0,0,20,-150,-110,-10,30,20,220,30,30,50,-30,70,-200,40
721,-50,-40,10,50,0,0,-20,20,80,10,110,-40,-120,-50,20,130,-190,40,-360,-160,-40,-10,-20,40,30,-40,40,180,80,90,40,110,260,-150,-70,-10,130,80,60,120,90,180,120,100,150,280,80,60,140,140,140,300,40,-90,80,30,-220,-150,-70,-100,10,-80,-10,-20,-10,-60,-30,40,30,0,-40,420,350,170,-230,-30,-80,-350,-30,-100,-20,-200,-60,60,0,0,20,-150,-110,-10,30,20,220,30,30,50,-30,70,-200,40,90
722,-40,10,50,0,0,-20,20,80,10,110,-40,-120,-50,20,130,-190,40,-360,-160,-40,-10,-20,40,30,-40,40,180,80,90,40,110,260,-150,-70,-10,130,80,60,120,90,180,120,100,150,280,80,60,140,140,140,300,40,-90,80,30,-220,-150,-70,-100,10,-80,-10,-20,-10,-60,-30,40,30,0,-40,420,350,170,-230,-30,-80,-350,-30,-100,-20,-200,-60,60,0,0,20,-150,-110,-10,30,20,220,30,30,50,-30,70,-200,40,90,-70
723,10,50,0,0,-20,20,80,10,110,-40,-120,-50,20,130,-190,40,-360,-160,-40,-10,-20,40,30,-40,40,180,80,90,40,110,260,-150,-70,-10,130,80,60,120,90,180,120,100,150,280,80,60,140,140,140,300,40,-90,80,30,-220,-150,-70,-100,10,-80,-10,-20,-10,-60,-30,40,30,0,-40,420,350,170,-230,-30,-80,-350,-30,-100,-20,-200,-60,60,0,0,20,-150,-110,-10,30,20,220,30,30,50,-30,70,-200,40,90,-70,190
724,50,0,0,-20,20,80,10,110,-40,-120,-50,20,130,-190,40,-360,-160,-40,-10,-20,40,30,-40,40,180,80,90,40,110,260,-150,-70,-10,130,80,60,120,90,180,120,100,150,280,80,60,140,140,140,300,40,-90,80,30,-220,-150,-70,-100,10,-80,-10,-20,-10,-60,-30,40,30,0,-40,420,350,170,-230,-30,-80,-350,-30,-100,-20,-200,-60,60,0,0,20,-150,-110,-10,30,20,220,30,30,50,-30,70,-200,40,90,-70,190,-80
725,0,0,-20,20,80,10,110,-40,-120,-50,20,130,-190,40,-360,-160,-40,-10,-20,40,30,-40,40,180,80,90,40,110,260,-150,-70,-10,130,80,60,120,90,180,120,100,150,280,80,60,140,140,140,300,40,-90,80,30,-220,-150,-70,-100,10,-80,-10,-20,-10,-60,-30,40,30,0,-40,420,350,170,-230,-30,-80,-350,-30,-100,-20,-200,-60,60,0,0,20,-150,-110,-10,30,20,220,30,30,50,-30,70,-200,40,90,-70,190,-80,20
726,0,-20,20,80,10,110,-40,-120,-50,20,130,-190,40,-360,-160,-40,-10,-20,40,30,-40,40,180,80,90,40,110,260,-150,-70,-10,130,80,60,120,90,180,120,100,150,280,80,60,140,140,140,300,40,-90,80,30,-220,-150,-70,-100,10,-80,-10,-20,-10,-60,-30,40,30,0,-40,420,350,170,-230,-30,-80,-350,-30,-100,-20,-200,-60,60,0,0,20,-150,-110,-10,30,20,220,30,30,50,-30,70,-200,40,90,-70,190,-80,20,-70
727,-20,20,80,10,110,-40,-120,-50,20,130,-190,40,-360,-160,-40,-10,-20,40,30,-40,40,180,80,90,40,110,260,-150,-70,-10,130,80,60,120,90,180,120,100,150,280,80,60,140,140,140,300,40,-90,80,30,-220,-150,-70,-100,10,-80,-10,-20,-10,-60,-30,40,30,0,-40,420,350,170,-230,-30,-80,-350,-30,-100,-20,-200,-60,60,0,0,20,-150,-110,-10,30,20,220,30,30,50,-30,70,-200,40,90,-70,190,-80,20,-70,-20
728,20,80,10,110,-40,-120,-50,20,130,-190,40,-360,-160,-40,-10,-20,40,30,-40,40,180,80,90,40,110,260,-150,-70,-10,130,80,60,120,90,180,120,100,150,280,80,60,140,140,140,300,40,-90,80,30,-220,-150,-70,-100,10,-80,-10,-20,-10,-60,-30,40,30,0,-40,420,350,170,-230,-30,-80,-350,-30,-100,-20,-200,-60,60,0,0,20,-150,-110,-10,30,20,220,30,30,50,-30,70,-200,40,90,-70,190,-80,20,-70,-20,-10
729,80,10,110,-40,-120,-50,20,130,-190,40,-360,-160,-40,-10,-20,40,30,-40,40,180,80,90,40,110,260,-150,-70,-10,130,80,60,120,90,180,120,100,150,280,80,60,140,140,140,300,40,-90,80,30,-220,-150,-70,-100,10,-80,-10,-20,-10,-60,-30,40,30,0,-40,420,350,170,-230,-30,-80,-350,-30,-100,-20,-200,-60,60,0,0,20,-150,-110,-10,30,20,220,30,30,50,-30,70,-200,40,90,-70,190,-80,20,-70,-20,-10,-10
730,10,110,-40,-120,-50,20,130,-190,40,-360,-160,-40,-10,-20,40,30,-40,40,180,80,90,40,110,260,-150,-70,-10,130,80,60,120,90,180,120,100,150,280,80,60,140,140,140,300,40,-90,80,30,-220,-150,-70,-100,10,-80,-10,-20,-10,-60,-30,40,30,0,-40,420,350,170,-230,-30,-80,-350,-30,-100,-20,-200,-60,60,0,0,20,-150,-110,-10,30,20,220,30,30,50,-30,70,-200,40,90,-70,190,-80,20,-70,-20,-10,-10,30
731,110,-40,-120,-50,20,130,-190,40,-360,-160,-40,-10,-20,40,30,-40,40,180,80,90,40,110,260,-150,-70,-10,130,80,60,120,90,180,120,100,150,280,80,60,140,140,140,300,40,-90,80,30,-220,-150,-70,-100,10,-80,-10,-20,-10,-60,-30,40,30,0,-40,420,350,170,-230,-30,-80,-350,-30,-100,-20,-200,-60,60,0,0,20,-150,-110,-10,30,20,220,30,30,50,-30,70,-200,40,90,-70,190,-80,20,-70,-20,-10,-10,30,-180
732,-40,-120,-50,20,130,-190,40,-360,-160,-40,-10,-20,40,30,-40,40,180,80,90,40,110,260,-150,-70,-10,130,80,60,120,90,180,120,100,150,280,80,60,140,140,140,300,40,-90,80,30,-220,-150,-70,-100,10,-80,-10,-20,-10,-60,-30,40,30,0,-40,420,350,170,-230,-30,-80,-350,-30,-100,-20,-200,-60,60,0,0,20,-150,-110,-10,30,20,220,30,30,50,-30,70,-200,40,90,-70,190,-80,20,-70,-20,-10,-10,30,-180,-10
733,-120,-50,20,130,-190,40,-360,-160,-40,-10,-20,40,30,-40,40,180,80,90,40,110,260,-150,-70,-10,130,80,60,120,90,180,120,100,150,280,80,60,140,140,140,300,40,-90,80,30,-220,-150,-70,-100,10,-80,-10,-20,-10,-60,-30,40,30,0,-40,420,350,170,-230,-30,-80,-350,-30,-100,-20,-200,-60,60,0,0,20,-150,-110,-10,30,20,220,30,30,50,-30,70,-200,40,90,-70,190,-80,20,-70,-20,-10,-10,30,-180,-10,-50
734,-50,20,130,-190,40,-360,-160,-40,-10,-20,40,30,-40,40,180,80,90,40,110,260,-150,-70,-10,130,80,60,120,90,180,120,100,150,280,80,60,140,140,140,300,40,-90,80,30,-220,-150,-70,-100,10,-80,-10,-20,-10,-60,-30,40,30,0,-40,420,350,170,-230,-30,-80,-350,-30,-100,-20,-200,-60,60,0,0,20,-150,-110,-10,30,20,220,30,30,50,-30,70,-200,40,90,-70,190,-80,20,-70,-20,-10,-10,30,-180,-10,-50,30
735,20,130,-190,40,-360,-160,-40,-10,-20,40,30,-40,40,180,80,90,40,110,260,-150,-70,-10,130,80,60,120,90,180,120,100,150,280,80,60,140,140,140,300,40,-90,80,30,-220,-150,-70,-100,10,-80,-10,-20,-10,-60,-30,40,30,0,-40,420,350,170,-230,-30,-80,-350,-30,-100,-20,-200,-60,60,0,0,20,-150,-110,-10,30,20,220,30,30,50,-30,70,-200,40,90,-70,190,-80,20,-70,-20,-10,-10,30,-180,-10,-50,30,120
736,130,-190,40,-360,-160,-40,-10,-20,40,30,-40,40,180,80,90,40,110,260,-150,-70,-10,130,80,60,120,90,180,120,100,150,280,80,60,140,140,140,300,40,-90,80,30,-220,-150,-70,-100,10,-80,-10,-20,-10,-60,-30,40,30,0,-40,420,350,170,-230,-30,-80,-350,-30,-100,-20,-200,-60,60,0,0,20,-150,-110,-10,30,20,220,30,30,50,-30,70,-200,40,90,-70,190,-80,20,-70,-20,-10,-10,30,-180,-10,-50,30,120,120
737,-190,40,-360,-160,-40,-10,-20,40,30,-40,40,180,80,90,40,110,260,-150,-70,-10,130,80,60,120,90,180,120,100,150,280,80,60,140,140,140,300,40,-90,80,30,-220,-150,-70,-100,10,-80,-10,-20,-10,-60,-30,40,30,0,-40,420,350,170,-230,-30,-80,-350,-30,-100,-20,-200,-60,60,0,0,20,-150,-110,-10,30,20,220,30,30,50,-30,70,-200,40,90,-70,190,-80,20,-70,-20,-10,-10,30,-180,-10,-50,30,120,120,90
738,40,-360,-160,-40,-10,-20,40,30,-40,40,180,80,90,40,110,260,-150,-70,-10,130,80,60,120,90,180,120,100,150,280,80,60,140,140,140,300,40,-90,80,30,-220,-150,-70,-100,10,-80,-10,-20,-10,-60,-30,40,30,0,-40,420,350,170,-230,-30,-80,-350,-30,-100,-20,-200,-60,60,0,0,20,-150,-110,-10,30,20,220,30,30,50,-30,70,-200,40,90,-70,190,-80,20,-70,-20,-10,-10,30,-180,-10,-50,30,120,120,90,120
739,-360,-160,-40,-10,-20,40,30,-40,40,180,80,90,40,110,260,-150,-70,-10,130,80,60,120,90,180,120,100,150,280,80,60,140,140,140,300,40,-90,80,30,-220,-150,-70,-100,10,-80,-10,-20,-10,-60,-30,40,30,0,-40,420,350,170,-230,-30,-80,-350,-30,-100,-20,-200,-60,60,0,0,20,-150,-110,-10,30,20,220,30,30,50,-30,70,-200,40,90,-70,190,-80,20,-70,-20,-10,-10,30,-180,-10,-50,30,120,120,90,120,230
740,-160,-40,-10,-20,40,30,-40,40,180,80,90,40,110,260,-150,-70,-10,130,80,60,120,90,180,120,100,150,280,80,60,140,140,140,300,40,-90,80,30,-220,-150,-70,-100,10,-80,-10,-20,-10,-60,-30,40,30,0,-40,420,350,170,-230,-30,-80,-350,-30,-100,-20,-200,-60,60,0,0,20,-150,-110,-10,30,20,220,30,30,50,-30,70,-200,40,90,-70,190,-80,20,-70,-20,-10,-10,30,-180,-10,-50,30,120,120,90,120,230,460
741,-40,-10,-20,40,30,-40,40,180,80,90,40,110,260,-150,-70,-10,130,80,60,120,90,180,120,100,150,280,80,60,140,140,140,300,40,-90,80,30,-220,-150,-70,-100,10,-80,-10,-20,-10,-60,-30,40,30,0,-40,420,350,170,-230,-30,-80,-350,-30,-100,-20,-200,-60,60,0,0,20,-150,-110,-10,30,20,220,30,30,50,-30,70,-200,40,90,-70,190,-80,20,-70,-20,-10,-10,30,-180,-10,-50,30,120,120,90,120,230,460,140
742,-10,-20,40,30,-40,40,180,80,90,40,110,260,-150,-70,-10,130,80,60,120,90,180,120,100,150,280,80,60,140,140,140,300,40,-90,80,30,-220,-150,-70,-100,10,-80,-10,-20,-10,-60,-30,40,30,0,-40,420,350,170,-230,-30,-80,-350,-30,-100,-20,-200,-60,60,0,0,20,-150,-110,-10,30,20,220,30,30,50,-30,70,-200,40,90,-70,190,-80,20,-70,-20,-10,-10,30,-180,-10,-50,30,120,120,90,120,230,460,140,80
743,-20,40,30,-40,40,180,80,90,40,110,260,-150,-70,-10,130,80,60,120,90,180,120,100,150,280,80,60,140,140,140,300,40,-90,80,30,-220,-150,-70,-100,10,-80,-10,-20,-10,-60,-30,40,30,0,-40,420,350,170,-230,-30,-80,-350,-30,-100,-20,-200,-60,60,0,0,20,-150,-110,-10,30,20,220,30,30,50,-30,70,-200,40,90,-70,190,-80,20,-70,-20,-10,-10,30,-180,-10,-50,30,120,120,90,120,230,460,140,80,100
744,40,30,-40,40,180,80,90,40,110,260,-150,-70,-10,130,80,60,120,90,180,120,100,150,280,80,60,140,140,140,300,40,-90,80,30,-220,-150,-70,-100,10,-80,-10,-20,-10,-60,-30,40,30,0,-40,420,350,170,-230,-30,-80,-350,-30,-100,-20,-200,-60,60,0,0,20,-150,-110,-10,30,20,220,30,30,50,-30,70,-200,40,90,-70,190,-80,20,-70,-20,-10,-10,30,-180,-10,-50,30,120,120,90,120,230,460,140,80,100,260
745,30,-40,40,180,80,90,40,110,260,-150,-70,-10,130,80,60,120,90,180,120,100,150,280,80,60,140,140,140,300,40,-90,80,30,-220,-150,-70,-100,10,-80,-10,-20,-10,-60,-30,40,30,0,-40,420,350,170,-230,-30,-80,-350,-30,-100,-20,-200,-60,60,0,0,20,-150,-110,-10,30,20,220,30,30,50,-30,70,-200,40,90,-70,190,-80,20,-70,-20,-10,-10,30,-180,-10,-50,30,120,120,90,120,230,460,140,80,100,260,230
746,-40,40,180,80,90,40,110,260,-150,-70,-10,130,80,60,120,90,180,120,100,150,280,80,60,140,140,140,300,40,-90,80,30,-220,-150,-70,-100,10,-80,-10,-20,-10,-60,-30,40,30,0,-40,420,350,170,-230,-30,-80,-350,-30,-100,-20,-200,-60,60,0,0,20,-150,-110,-10,30,20,220,30,30,50,-30,70,-200,40,90,-70,190,-80,20,-70,-20,-10,-10,30,-180,-10,-50,30,120,120,90,120,230,460,140,80,100,260,230,60
747,40,180,80,90,40,110,260,-150,-70,-10,130,80,60,120,90,180,120,100,150,280,80,60,140,140,140,300,40,-90,80,30,-220,-150,-70,-100,10,-80,-10,-20,-10,-60,-30,40,30,0,-40,420,350,170,-230,-30,-80,-350,-30,-100,-20,-200,-60,60,0,0,20,-150,-110,-10,30,20,220,30,30,50,-30,70,-200,40,90,-70,190,-80,20,-70,-20,-10,-10,30,-180,-10,-50,30,120,120,90,120,230,460,140,80,100,260,230,60,300
748,180,80,90,40,110,260,-150,-70,-10,130,80,60,120,90,180,120,100,150,280,80,60,140,140,140,300,40,-90,80,30,-220,-150,-70,-100,10,-80,-10,-20,-10,-60,-30,40,30,0,-40,420,350,170,-230,-30,-80,-350,-30,-100,-20,-200,-60,60,0,0,20,-150,-110,-10,30,20,220,30,30,50,-30,70,-200,40,90,-70,190,-80,20,-70,-20,-10,-10,30,-180,-10,-50,30,120,120,90,120,230,460,140,80,100,260,230,60,300,50
749,80,90,40,110,260,-150,-70,-10,130,80,60,120,90,180,120,100,150,280,80,60,140,140,140,300,40,-90,80,30,-220,-150,-70,-100,10,-80,-10,-20,-10,-60,-30,40,30,0,-40,420,350,170,-230,-30,-80,-350,-30,-100,-20,-200,-60,60,0,0,20,-150,-110,-10,30,20,220,30,30,50,-30,70,-200,40,90,-70,190,-80,20,-70,-20,-10,-10,30,-180,-10,-50,30,120,120,90,120,230,460,140,80,100,260,230,60,300,50,-170
750,90,40,110,260,-150,-70,-10,130,80,60,120,90,180,120,100,150,280,80,60,140,140,140,300,40,-90,80,30,-220,-150,-70,-100,10,-80,-10,-20,-10,-60,-30,40,30,0,-40,420,350,170,-230,-30,-80,-350,-30,-100,-20,-200,-60,60,0,0,20,-150,-110,-10,30,20,220,30,30,50,-30,70,-200,40,90,-70,190,-80,20,-70,-20,-10,-10,30,-180,-10,-50,30,120,120,90,120,230,460,140,80,100,260,230,60,300,50,-170,10
751,40,110,260,-150,-70,-10,130,80,60,120,90,180,120,100,150,280,80,60,140,140,140,300,40,-90,80,30,-220,-150,-70,-100,10,-80,-10,-20,-10,-60,-30,40,30,0,-40,420,350,170,-230,-30,-80,-350,-30,-100,-20,-200,-60,60,0,0,20,-150,-110,-10,30,20,220,30,30,50,-30,70,-200,40,90,-70,190,-80,20,-70,-20,-10,-10,30,-180,-10,-50,30,120,120,90,120,230,460,140,80,100,260,230,60,300,50,-170,10,-80
752,110,260,-150,-70,-10,130,80,60,120,90,180,120,100,150,280,80,60,140,140,140,300,40,-90,80,30,-220,-150,-70,-100,10,-80,-10,-20,-10,-60,-30,40,30,0,-40,420,350,170,-230,-30,-80,-350,-30,-100,-20,-200,-60,60,0,0,20,-150,-110,-10,30,20,220,30,30,50,-30,70,-200,40,90,-70,190,-80,20,-70,-20,-10,-10,30,-180,-10,-50,30,120,120,90,120,230,460,140,80,100,260,230,60,300,50,-170,10,-80,-80
753,260,-150,-70,-10,130,80,60,120,90,180,120,100,150,280,80,60,140,140,140,300,40,-90,80,30,-220,-150,-70,-100,10,-80,-10,-20,-10,-60,-30,40,30,0,-40,420,350,170,-230,-30,-80,-350,-30,-100,-20,-200,-60,60,0,0,20,-150,-110,-10,30,20,220,30,30,50,-30,70,-200,40,90,-70,190,-80,20,-70,-20,-10,-10,30,-180,-10,-50,30,120,120,90,120,230,460,140,80,100,260,230,60,300,50,-170,10,-80,-80,-150
754,-150,-70,-10,130,80,60,120,90,180,120,100,150,280,80,60,140,140,140,300,40,-90,80,30,-220,-150,-70,-100,10,-80,-10,-20,-10,-60,-30,40,30,0,-40,420,350,170,-230,-30,-80,-350,-30,-100,-20,-200,-60,60,0,0,20,-150,-110,-10,30,20,220,30,30,50,-30,70,-200,40,90,-70,190,-80,20,-70,-20,-10,-10,30,-180,-10,-50,30,120,120,90,120,230,460,140,80,100,260,230,60,300,50,-170,10,-80,-80,-150,-270
755,-70,-10,130,80,60,120,90,180,120,100,150,280,80,60,140,140,140,300,40,-90,80,30,-220,-150,-70,-100,10,-80,-10,-20,-10,-60,-30,40,30,0,-40,420,350,170,-230,-30,-80,-350,-30,-100,-20,-200,-60,60,0,0,20,-150,-110,-10,30,20,220,30,30,50,-30,70,-200,40,90,-70,190,-80,20,-70,-20,-10,-10,30,-180,-10,-50,30,120,120,90,120,230,460,140,80,100,260,230,60,300,50,-170,10,-80,-80,-150,-270,-20
756,-10,130,80,60,120,90,180,120,100,150,280,80,60,140,140,140,300,40,-90,80,30,-220,-150,-70,-100,10,-80,-10,-20,-10,-60,-30,40,30,0,-40,420,350,170,-230,-30,-80,-350,-30,-100,-20,-200,-60,60,0,0,20,-150,-110,-10,30,20,220,30,30,50,-30,70,-200,40,90,-70,190,-80,20,-70,-20,-10,-10,30,-180,-10,-50,30,120,120,90,120,230,460,140,80,100,260,230,60,300,50,-170,10,-80,-80,-150,-270,-20,30
757,130,80,60,120,90,180,120,100,150,280,80,60,140,140,140,300,40,-90,80,30,-220,-150,-70,-100,10,-80,-10,-20,-10,-60,-30,40,30,0,-40,420,350,170,-230,-30,-80,-350,-30,-100,-20,-200,-60,60,0,0,20,-150,-110,-10,30,20,220,30,30,50,-30,70,-200,40,90,-70,190,-80,20,-70,-20,-10,-10,30,-180,-10,-50,30,120,120,90,120,230,460,140,80,100,260,230,60,300,50,-170,10,-80,-80,-150,-270,-20,30,40
758,80,60,120,90,180,120,100,150,280,80,60,140,140,140,300,40,-90,80,30,-220,-150,-70,-100,10,-80,-10,-20,-10,-60,-30,40,30,0,-40,420,350,170,-230,-30,-80,-350,-30,-100,-20,-200,-60,60,0,0,20,-150,-110,-10,30,20,220,30,30,50,-30,70,-200,40,90,-70,190,-80,20,-70,-20,-10,-10,30,-180,-10,-50,30,120,120,90,120,230,460,140,80,100,260,230,60,300,50,-170,10,-80,-80,-150,-270,-20,30,40,0
759,60,120,90,180,120,100,150,280,80,60,140,140,140,300,40,-90,80,30,-220,-150,-70,-100,10,-80,-10,-20,-10,-60,-30,40,30,0,-40,420,350,170,-230,-30,-80,-350,-30,-100,-20,-200,-60,60,0,0,20,-150,-110,-10,30,20,220,30,30,50,-30,70,-200,40,90,-70,190,-80,20,-70,-20,-10,-10,30,-180,-10,-50,30,120,120,90,120,230,460,140,80,100,260,230,60,300,50,-170,10,-80,-80,-150,-270,-20,30,40,0,180
760,120,90,180,120,100,150,280,80,60,140,140,140,300,40,-90,80,30,-220,-150,-70,-100,10,-80,-10,-20,-10,-60,-30,40,30,0,-40,420,350,170,-230,-30,-80,-350,-30,-100,-20,-200,-60,60,0,0,20,-150,-110,-10,30,20,220,30,30,50,-30,70,-200,40,90,-70,190,-80,20,-70,-20,-10,-10,30,-180,-10,-50,30,120,120,90,120,230,460,140,80,100,260,230,60,300,50,-170,10,-80,-80,-150,-270,-20,30,40,0,180,80
761,90,180,120,100,150,280,80,60,140,140,140,300,40,-90,80,30,-220,-150,-70,-100,10,-80,-10,-20,-10,-60,-30,40,30,0,-40,420,350,170,-230,-30,-80,-350,-30,-100,-20,-200,-60,60,0,0,20,-150,-110,-10,30,20,220,30,30,50,-30,70,-200,40,90,-70,190,-80,20,-70,-20,-10,-10,30,-180,-10,-50,30,120,120,90,120,230,460,140,80,100,260,230,60,300,50,-170,10,-80,-80,-150,-270,-20,30,40,0,180,80,-10
762,180,120,100,150,280,80,60,140,140,140,300,40,-90,80,30,-220,-150,-70,-100,10,-80,-10,-20,-10,-60,-30,40,30,0,-40,420,350,170,-230,-30,-80,-350,-30,-100,-20,-200,-60,60,0,0,20,-150,-110,-10,30,20,220,30,30,50,-30,70,-200,40,90,-70,190,-80,20,-70,-20,-10,-10,30,-180,-10,-50,30,120,120,90,120,230,460,140,80,100,260,230,60,300,50,-170,10,-80,-80,-150,-270,-20,30,40,0,180,80,-10,-80
763,120,100,150,280,80,60,140,140,140,300,40,-90,80,30,-220,-150,-70,-100,10,-80,-10,-20,-10,-60,-30,40,30,0,-40,420,350,170,-230,-30,-80,-350,-30,-100,-20,-200,-60,60,0,0,20,-150,-110,-10,30,20,220,30,30,50,-30,70,-200,40,90,-70,190,-80,20,-70,-20,-10,-10,30,-180,-10,-50,30,120,120,90,120,230,460,140,80,100,260,230,60,300,50,-170,10,-80,-80,-150,-270,-20,30,40,0,180,80,-10,-80,40
764,100,150,280,80,60,140,140,140,300,40,-90,80,30,-220,-150,-70,-100,10,-80,-10,-20,-10,-60,-30,40,30,0,-40,420,350,170,-230,-30,-80,-350,-30,-100,-20,-200,-60,60,0,0,20,-150,-110,-10,30,20,220,30,30,50,-30,70,-200,40,90,-70,190,-80,20,-70,-20,-10,-10,30,-180,-10,-50,30,120,120,90,120,230,460,140,80,100,260,230,60,300,50,-170,10,-80,-80,-150,-270,-20,30,40,0,180,80,-10,-80,40,70
765,150,280,80,60,140,140,140,300,40,-90,80,30,-220,-150,-70,-100,10,-80,-10,-20,-10,-60,-30,40,30,0,-40,420,350,170,-230,-30,-80,-350,-30,-100,-20,-200,-60,60,0,0,20,-150,-110,-10,30,20,220,30,30,50,-30,70,-200,40,90,-70,190,-80,20,-70,-20,-10,-10,30,-180,-10,-50,30,120,120,90,120,230,460,140,80,100,260,230,60,300,50,-170,10,-80,-80,-150,-270,-20,30,40,0,180,80,-10,-80,40,70,-100
766,280,80,60,140,140,140,300,40,-90,80,30,-220,-150,-70,-100,10,-80,-10,-20,-10,-60,-30,40,30,0,-40,420,350,170,-230,-30,-80,-350,-30,-100,-20,-200,-60,60,0,0,20,-150,-110,-10,30,20,220,30,30,50,-30,70,-200,40,90,-70,190,-80,20,-70,-20,-10,-10,30,-180,-10,-50,30,120,120,90,120,230,460,140,80,100,260,230,60,300,50,-170,10,-80,-80,-150,-270,-20,30,40,0,180,80,-10,-80,40,70,-100,20
767,80,60,140,140,140,300,40,-90,80,30,-220,-150,-70,-100,10,-80,-10,-20,-10,-60,-30,40,30,0,-40,420,350,170,-230,-30,-80,-350,-30,-100,-20,-200,-60,60,0,0,20,-150,-110,-10,30,20,220,30,30,50,-30,70,-200,40,90,-70,190,-80,20,-70,-20,-10,-10,30,-180,-10,-50,30,120,120,90,120,230,460,140,80,100,260,230,60,300,50,-170,10,-80,-80,-150,-270,-20,30,40,0,180,80,-10,-80,40,70,-100,20,40
768,60,140,140,140,300,40,-90,80,30,-220,-150,-70,-100,10,-80,-10,-20,-10,-60,-30,40,30,0,-40,420,350,170,-230,-30,-80,-350,-30,-100,-20,-200,-60,60,0,0,20,-150,-110,-10,30,20,220,30,30,50,-30,70,-200,40,90,-70,190,-80,20,-70,-20,-10,-10,30,-180,-10,-50,30,120,120,90,120,230,460,140,80,100,260,230,60,300,50,-170,10,-80,-80,-150,-270,-20,30,40,0,180,80,-10,-80,40,70,-100,20,40,40
769,140,140,140,300,40,-90,80,30,-220,-150,-70,-100,10,-80,-10,-20,-10,-60,-30,40,30,0,-40,420,350,170,-230,-30,-80,-350,-30,-100,-20,-200,-60,60,0,0,20,-150,-110,-10,30,20,220,30,30,50,-30,70,-200,40,90,-70,190,-80,20,-70,-20,-10,-10,30,-180,-10,-50,30,120,120,90,120,230,460,140,80,100,260,230,60,300,50,-170,10,-80,-80,-150,-270,-20,30,40,0,180,80,-10,-80,40,70,-100,20,40,40,-20
770,140,140,300,40,-90,80,30,-220,-150,-70,-100,10,-80,-10,-20,-10,-60,-30,40,30,0,-40,420,350,170,-230,-30,-80,-350,-30,-100,-20,-200,-60,60,0,0,20,-150,-110,-10,30,20,220,30,30,50,-30,70,-200,40,90,-70,190,-80,20,-70,-20,-10,-10,30,-180,-10,-50,30,120,120,90,120,230,460,140,80,100,260,230,60,300,50,-170,10,-80,-80,-150,-270,-20,30,40,0,180,80,-10,-80,40,70,-100,20,40,40,-20,-100
771,140,300,40,-90,80,30,-220,-150,-70,-100,10,-80,-10,-20,-10,-60,-30,40,30,0,-40,420,350,170,-230,-30,-80,-350,-30,-100,-20,-200,-60,60,0,0,20,-150,-110,-10,30,20,220,30,30,50,-30,70,-200,40,90,-70,190,-80,20,-70,-20,-10,-10,30,-180,-10,-50,30,120,120,90,120,230,460,140,80,100,260,230,60,300,50,-170,10,-80,-80,-150,-270,-20,30,40,0,180,80,-10,-80,40,70,-100,20,40,40,-20,-100,-50
772,300,40,-90,80,30,-220,-150,-70,-100,10,-80,-10,-20,-10,-60,-30,40,30,0,-40,420,350,170,-230,-30,-80,-350,-30,-100,-20,-200,-60,60,0,0,20,-150,-110,-10,30,20,220,30,30,50,-30,70,-200,40,90,-70,190,-80,20,-70,-20,-10,-10,30,-180,-10,-50,30,120,120,90,120,230,460,140,80,100,260,230,60,300,50,-170,10,-80,-80,-150,-270,-20,30,40,0,180,80,-10,-80,40,70,-100,20,40,40,-20,-100,-50,-40
773,40,-90,80,30,-220,-150,-70,-100,10,-80,-10,-20,-10,-60,-30,40,30,0,-40,420,350,170,-230,-30,-80,-350,-30,-100,-20,-200,-60,60,0,0,20,-150,-110,-10,30,20,220,30,30,50,-30,70,-200,40,90,-70,190,-80,20,-70,-20,-10,-10,30,-180,-10,-50,30,120,120,90,120,230,460,140,80,100,260,230,60,300,50,-170,10,-80,-80,-150,-270,-20,30,40,0,180,80,-10,-80,40,70,-100,20,40,40,-20,-100,-50,-40,-60
774,-90,80,30,-220,-150,-70,-100,10,-80,-10,-20,-10,-60,-30,40,30,0,-40,420,350,170,-230,-30,-80,-350,-30,-100,-20,-200,-60,60,0,0,20,-150,-110,-10,30,20,220,30,30,50,-30,70,-200,40,90,-70,190,-80,20,-70,-20,-10,-10,30,-180,-10,-50,30,120,120,90,120,230,460,140,80,100,260,230,60,300,50,-170,10,-80,-80,-150,-270,-20,30,40,0,180,80,-10,-80,40,70,-100,20,40,40,-20,-100,-50,-40,-60,60
775,80,30,-220,-150,-70,-100,10,-80,-10,-20,-10,-60,-30,40,30,0,-40,420,350,170,-230,-30,-80,-350,-30,-100,-20,-200,-60,60,0,0,20,-150,-110,-10,30,20,220,30,30,50,-30,70,-200,40,90,-70,190,-80,20,-70,-20,-10,-10,30,-180,-10,-50,30,120,120,90,120,230,460,140,80,100,260,230,60,300,50,-170,10,-80,-80,-150,-270,-20,30,40,0,180,80,-10,-80,40,70,-100,20,40,40,-20,-100,-50,-40,-60,60,90
776,30,-220,-150,-70,-100,10,-80,-10,-20,-10,-60,-30,40,30,0,-40,420,350,170,-230,-30,-80,-350,-30,-100,-20,-200,-60,60,0,0,20,-150,-110,-10,30,20,220,30,30,50,-30,70,-200,40,90,-70,190,-80,20,-70,-20,-10,-10,30,-180,-10,-50,30,120,120,90,120,230,460,140,80,100,260,230,60,300,50,-170,10,-80,-80,-150,-270,-20,30,40,0,180,80,-10,-80,40,70,-100,20,40,40,-20,-100,-50,-40,-60,60,90,10
777,-220,-150,-70,-100,10,-80,-10,-20,-10,-60,-30,40,30,0,-40,420,350,170,-230,-30,-80,-350,-30,-100,-20,-200,-60,60,0,0,20,-150,-110,-10,30,20,220,30,30,50,-30,70,-200,40,90,-70,190,-80,20,-70,-20,-10,-10,30,-180,-10,-50,30,120,120,90,120,230,460,140,80,100,260,230,60,300,50,-170,10,-80,-80,-150,-270,-20,30,40,0,180,80,-10,-80,40,70,-100,20,40,40,-20,-100,-50,-40,-60,60,90,10,-60
778,-150,-70,-100,10,-80,-10,-20,-10,-60,-30,40,30,0,-40,420,350,170,-230,-30,-80,-350,-30,-100,-20,-200,-60,60,0,0,20,-150,-110,-10,30,20,220,30,30,50,-30,70,-200,40,90,-70,190,-80,20,-70,-20,-10,-10,30,-180,-10,-50,30,120,120,90,120,230,460,140,80,100,260,230,60,300,50,-170,10,-80,-80,-150,-270,-20,30,40,0,180,80,-10,-80,40,70,-100,20,40,40,-20,-100,-50,-40,-60,60,90,10,-60,0
779,-70,-100,10,-80,-10,-20,-10,-60,-30,40,30,0,-40,420,350,170,-230,-30,-80,-350,-30,-100,-20,-200,-60,60,0,0,20,-150,-110,-10,30,20,220,30,30,50,-30,70,-200,40,90,-70,190,-80,20,-70,-20,-10,-10,30,-180,-10,-50,30,120,120,90,120,230,460,140,80,100,260,230,60,300,50,-170,10,-80,-80,-150,-270,-20,30,40,0,180,80,-10,-80,40,70,-100,20,40,40,-20,-100,-50,-40,-60,60,90,10,-60,0,-10
780,-100,10,-80,-10,-20,-10,-60,-30,40,30,0,-40,420,350,170,-230,-30,-80,-350,-30,-100,-20,-200,-60,60,0,0,20,-150,-110,-10,30,20,220,30,30,50,-30,70,-200,40,90,-70,190,-80,20,-70,-20,-10,-10,30,-180,-10,-50,30,120,120,90,120,230,460,140,80,100,260,230,60,300,50,-170,10,-80,-80,-150,-270,-20,30,40,0,180,80,-10,-80,40,70,-100,20,40,40,-20,-100,-50,-40,-60,60,90,10,-60,0,-10,-30
781,10,-80,-10,-20,-10,-60,-30,40,30,0,-40,420,350,170,-230,-30,-80,-350,-30,-100,-20,-200,-60,60,0,0,20,-150,-110,-10,30,20,220,30,30,50,-30,70,-200,40,90,-70,190,-80,20,-70,-20,-10,-10,30,-180,-10,-50,30,120,120,90,120,230,460,140,80,100,260,230,60,300,50,-170,10,-80,-80,-150,-270,-20,30,40,0,180,80,-10,-80,40,70,-100,20,40,40,-20,-100,-50,-40,-60,60,90,10,-60,0,-10,-30,-170
782,-80,-10,-20,-10,-60,-30,40,30,0,-40,420,350,170,-230,-30,-80,-350,-30,-100,-20,-200,-60,60,0,0,20,-150,-110,-10,30,20,220,30,30,50,-30,70,-200,40,90,-70,190,-80,20,-70,-20,-10,-10,30,-180,-10,-50,30,120,120,90,120,230,460,140,80,100,260,230,60,300,50,-170,10,-80,-80,-150,-270,-20,30,40,0,180,80,-10,-80,40,70,-100,20,40,40,-20,-100,-50,-40,-60,60,90,10,-60,0,-10,-30,-170,-100
783,-10,-20,-10,-60,-30,40,30,0,-40,420,350,170,-230,-30,-80,-350,-30,-100,-20,-200,-60,60,0,0,20,-150,-110,-10,30,20,220,30,30,50,-30,70,-200,40,90,-70,190,-80,20,-70,-20,-10,-10,30,-180,-10,-50,30,120,120,90,120,230,460,140,80,100,260,230,60,300,50,-170,10,-80,-80,-150,-270,-20,30,40,0,180,80,-10,-80,40,70,-100,20,40,40,-20,-100,-50,-40,-60,60,90,10,-60,0,-10,-30,-170,-100,-80
784,-20,-10,-60,-30,40,30,0,-40,420,350,170,-230,-30,-80,-350,-30,-100,-20,-200,-60,60,0,0,20,-150,-110,-10,30,20,220,30,30,50,-30,70,-200,40,90,-70,190,-80,20,-70,-20,-10,-10,30,-180,-10,-50,30,120,120,90,120,230,460,140,80,100,260,230,60,300,50,-170,10,-80,-80,-150,-270,-20,30,40,0,180,80,-10,-80,40,70,-100,20,40,40,-20,-100,-50,-40,-60,60,90,10,-60,0,-10,-30,-170,-100,-80,-40
785,-10,-60,-30,40,30,0,-40,420,350,170,-230,-30,-80,-350,-30,-100,-20,-200,-60,60,0,0,20,-150,-110,-10,30,20,220,30,30,50,-30,70,-200,40,90,-70,190,-80,20,-70,-20,-10,-10,30,-180,-10,-50,30,120,120,90,120,230,460,140,80,100,260,230,60,300,50,-170,10,-80,-80,-150,-270,-20,30,40,0,180,80,-10,-80,40,70,-100,20,40,40,-20,-100,-50,-40,-60,60,90,10,-60,0,-10,-30,-170,-100,-80,-40,-50
786,-60,-30,40,30,0,-40,420,350,170,-230,-30,-80,-350,-30,-100,-20,-200,-60,60,0,0,20,-150,-110,-10,30,20,220,30,30,50,-30,70,-200,40,90,-70,190,-80,20,-70,-20,-10,-10,30,-180,-10,-50,30,120,120,90,120,230,460,140,80,100,260,230,60,300,50,-170,10,-80,-80,-150,-270,-20,30,40,0,180,80,-10,-80,40,70,-100,20,40,40,-20,-100,-50,-40,-60,60,90,10,-60,0,-10,-30,-170,-100,-80,-40,-50,-30
787,-30,40,30,0,-40,420,350,170,-230,-30,-80,-350,-30,-100,-20,-200,-60,60,0,0,20,-150,-110,-10,30,20,220,30,30,50,-30,70,-200,40,90,-70,190,-80,20,-70,-20,-10,-10,30,-180,-10,-50,30,120,120,90,120,230,460,140,80,100,260,230,60,300,50,-170,10,-80,-80,-150,-270,-20,30,40,0,180,80,-10,-80,40,70,-100,20,40,40,-20,-100,-50,-40,-60,60,90,10,-60,0,-10,-30,-170,-100,-80,-40,-50,-30,-70
788,40,30,0,-40,420,350,170,-230,-30,-80,-350,-30,-100,-20,-200,-60,60,0,0,20,-150,-110,-10,30,20,220,30,30,50,-30,70,-200,40,90,-70,190,-80,20,-70,-20,-10,-10,30,-180,-10,-50,30,120,120,90,120,230,460,140,80,100,260,230,60,300,50,-170,10,-80,-80,-150,-270,-20,30,40,0,180,80,-10,-80,40,70,-100,20,40,40,-20,-100,-50,-40,-60,60,90,10,-60,0,-10,-30,-170,-100,-80,-40,-50,-30,-70,-90
789,30,0,-40,420,350,170,-230,-30,-80,-350,-30,-100,-20,-200,-60,60,0,0,20,-150,-110,-10,30,20,220,30,30,50,-30,70,-200,40,90,-70,190,-80,20,-70,-20,-10,-10,30,-180,-10,-50,30,120,120,90,120,230,460,140,80,100,260,230,60,300,50,-170,10,-80,-80,-150,-270,-20,30,40,0,180,80,-10,-80,40,70,-100,20,40,40,-20,-100,-50,-40,-60,60,90,10,-60,0,-10,-30,-170,-100,-80,-40,-50,-30,-70,-90,-30
790,0,-40,420,350,170,-230,-30,-80,-350,-30,-100,-20,-200,-60,60,0,0,20,-150,-110,-10,30,20,220,30,30,50,-30,70,-200,40,90,-70,190,-80,20,-70,-20,-10,-10,30,-180,-10,-50,30,120,120,90,120,230,460,140,80,100,260,230,60,300,50,-170,10,-80,-80,-150,-270,-20,30,40,0,180,80,-10,-80,40,70,-100,20,40,40,-20,-100,-50,-40,-60,60,90,10,-60,0,-10,-30,-170,-100,-80,-40,-50,-30,-70,-90,-30,20
791,-40,420,350,170,-230,-30,-80,-350,-30,-100,-20,-200,-60,60,0,0,20,-150,-110,-10,30,20,220,30,30,50,-30,70,-200,40,90,-70,190,-80,20,-70,-20,-10,-10,30,-180,-10,-50,30,120,120,90,120,230,460,140,80,100,260,230,60,300,50,-170,10,-80,-80,-150,-270,-20,30,40,0,180,80,-10,-80,40,70,-100,20,40,40,-20,-100,-50,-40,-60,60,90,10,-60,0,-10,-30,-170,-100,-80,-40,-50,-30,-70,-90,-30,20,-50
792,420,350,170,-230,-30,-80,-350,-30,-100,-20,-200,-60,60,0,0,20,-150,-110,-10,30,20,220,30,30,50,-30,70,-200,40,90,-70,190,-80,20,-70,-20,-10,-10,30,-180,-10,-50,30,120,120,90,120,230,460,140,80,100,260,230,60,300,50,-170,10,-80,-80,-150,-270,-20,30,40,0,180,80,-10,-80,40,70,-100,20,40,40,-20,-100,-50,-40,-60,60,90,10,-60,0,-10,-30,-170,-100,-80,-40,-50,-30,-70,-90,-30,20,-50,-60
793,350,170,-230,-30,-80,-350,-30,-100,-20,-200,-60,60,0,0,20,-150,-110,-10,30,20,220,30,30,50,-30,70,-200,40,90,-70,190,-80,20,-70,-20,-10,-10,30,-180,-10,-50,30,120,120,90,120,230,460,140,80,100,260,230,60,300,50,-170,10,-80,-80,-150,-270,-20,30,40,0,180,80,-10,-80,40,70,-100,20,40,40,-20,-100,-50,-40,-60,60,90,10,-60,0,-10,-30,-170,-100,-80,-40,-50,-30,-70,-90,-30,20,-50,-60,-120
794,170,-230,-30,-80,-350,-30,-100,-20,-200,-60,60,0,0,20,-150,-110,-10,30,20,220,30,30,50,-30,70,-200,40,90,-70,190,-80,20,-70,-20,-10,-10,30,-180,-10,-50,30,120,120,90,120,230,460,140,80,100,260,230,60,300,50,-170,10,-80,-80,-150,-270,-20,30,40,0,180,80,-10,-80,40,70,-100,20,40,40,-20,-100,-50,-40,-60,60,90,10,-60,0,-10,-30,-170,-100,-80,-40,-50,-30,-70,-90,-30,20,-50,-60,-120,-70
795,-230,-30,-80,-350,-30,-100,-20,-200,-60,60,0,0,20,-150,-110,-10,30,20,220,30,30,50,-30,70,-200,40,90,-70,190,-80,20,-70,-20,-10,-10,30,-180,-10,-50,30,120,120,90,120,230,460,140,80,100,260,230,60,300,50,-170,10,-80,-80,-150,-270,-20,30,40,0,180,80,-10,-80,40,70,-100,20,40,40,-20,-100,-50,-40,-60,60,90,10,-60,0,-10,-30,-170,-100,-80,-40,-50,-30,-70,-90,-30,20,-50,-60,-120,-70,-20
796,-30,-80,-350,-30,-100,-20,-200,-60,60,0,0,20,-150,-110,-10,30,20,220,30,30,50,-30,70,-200,40,90,-70,190,-80,20,-70,-20,-10,-10,30,-180,-10,-50,30,120,120,90,120,230,460,140,80,100,260,230,60,300,50,-170,10,-80,-80,-150,-270,-20,30,40,0,180,80,-10,-80,40,70,-100,20,40,40,-20,-100,-50,-40,-60,60,90,10,-60,0,-10,-30,-170,-100,-80,-40,-50,-30,-70,-90,-30,20,-50,-60,-120,-70,-20,80
797,-80,-350,-30,-100,-20,-200,-60,60,0,0,20,-150,-110,-10,30,20,220,30,30,50,-30,70,-200,40,90,-70,190,-80,20,-70,-20,-10,-10,30,-180,-10,-50,30,120,120,90,120,230,460,140,80,100,260,230,60,300,50,-170,10,-80,-80,-150,-270,-20,30,40,0,180,80,-10,-80,40,70,-100,20,40,40,-20,-100,-50,-40,-60,60,90,10,-60,0,-10,-30,-170,-100,-80,-40,-50,-30,-70,-90,-30,20,-50,-60,-120,-70,-20,80,60
798,-350,-30,-100,-20,-200,-60,60,0,0,20,-150,-110,-10,30,20,220,30,30,50,-30,70,-200,40,90,-70,190,-80,20,-70,-20,-10,-10,30,-180,-10,-50,30,120,120,90,120,230,460,140,80,100,260,230,60,300,50,-170,10,-80,-80,-150,-270,-20,30,40,0,180,80,-10,-80,40,70,-100,20,40,40,-20,-100,-50,-40,-60,60,90,10,-60,0,-10,-30,-170,-100,-80,-40,-50,-30,-70,-90,-30,20,-50,-60,-120,-70,-20,80,60,50
799,-30,-100,-20,-200,-60,60,0,0,20,-150,-110,-10,30,20,220,30,30,50,-30,70,-200,40,90,-70,190,-80,20,-70,-20,-10,-10,30,-180,-10,-50,30,120,120,90,120,230,460,140,80,100,260,230,60,300,50,-170,10,-80,-80,-150,-270,-20,30,40,0,180,80,-10,-80,40,70,-100,20,40,40,-20,-100,-50,-40,-60,60,90,10,-60,0,-10,-30,-170,-100,-80,-40,-50,-30,-70,-90,-30,20,-50,-60,-120,-70,-20,80,60,50,10
800,-100,-20,-200,-60,60,0,0,20,-150,-110,-10,30,20,220,30,30,50,-30,70,-200,40,90,-70,190,-80,20,-70,-20,-10,-10,30,-180,-10,-50,30,120,120,90,120,230,460,140,80,100,260,230,60,300,50,-170,10,-80,-80,-150,-270,-20,30,40,0,180,80,-10,-80,40,70,-100,20,40,40,-20,-100,-50,-40,-60,60,90,10,-60,0,-10,-30,-170,-100,-80,-40,-50,-30,-70,-90,-30,20,-50,-60,-120,-70,-20,80,60,50,10,140
801,-20,-200,-60,60,0,0,20,-150,-110,-10,30,20,220,30,30,50,-30,70,-200,40,90,-70,190,-80,20,-70,-20,-10,-10,30,-180,-10,-50,30,120,120,90,120,230,460,140,80,100,260,230,60,300,50,-170,10,-80,-80,-150,-270,-20,30,40,0,180,80,-10,-80,40,70,-100,20,40,40,-20,-100,-50,-40,-60,60,90,10,-60,0,-10,-30,-170,-100,-80,-40,-50,-30,-70,-90,-30,20,-50,-60,-120,-70,-20,80,60,50,10,140,220
802,-200,-60,60,0,0,20,-150,-110,-10,30,20,220,30,30,50,-30,70,-200,40,90,-70,190,-80,20,-70,-20,-10,-10,30,-180,-10,-50,30,120,120,90,120,230,460,140,80,100,260,230,60,300,50,-170,10,-80,-80,-150,-270,-20,30,40,0,180,80,-10,-80,40,70,-100,20,40,40,-20,-100,-50,-40,-60,60,90,10,-60,0,-10,-30,-170,-100,-80,-40,-50,-30,-70,-90,-30,20,-50,-60,-120,-70,-20,80,60,50,10,140,220,100
803,-60,60,0,0,20,-150,-110,-10,30,20,220,30,30,50,-30,70,-200,40,90,-70,190,-80,20,-70,-20,-10,-10,30,-180,-10,-50,30,120,120,90,120,230,460,140,80,100,260,230,60,300,50,-170,10,-80,-80,-150,-270,-20,30,40,0,180,80,-10,-80,40,70,-100,20,40,40,-20,-100,-50,-40,-60,60,90,10,-60,0,-10,-30,-170,-100,-80,-40,-50,-30,-70,-90,-30,20,-50,-60,-120,-70,-20,80,60,50,10,140,220,100,100
804,60,0,0,20,-150,-110,-10,30,20,220,30,30,50,-30,70,-200,40,90,-70,190,-80,20,-70,-20,-10,-10,30,-180,-10,-50,30,120,120,90,120,230,460,140,80,100,260,230,60,300,50,-170,10,-80,-80,-150,-270,-20,30,40,0,180,80,-10,-80,40,70,-100,20,40,40,-20,-100,-50,-40,-60,60,90,10,-60,0,-10,-30,-170,-100,-80,-40,-50,-30,-70,-90,-30,20,-50,-60,-120,-70,-20,80,60,50,10,140,220,100,100,80
805,0,0,20,-150,-110,-10,30,20,220,30,30,50,-30,70,-200,40,90,-70,190,-80,20,-70,-20,-10,-10,30,-180,-10,-50,30,120,120,90,120,230,460,140,80,100,260,230,60,300,50,-170,10,-80,-80,-150,-270,-20,30,40,0,180,80,-10,-80,40,70,-100,20,40,40,-20,-100,-50,-40,-60,60,90,10,-60,0,-10,-30,-170,-100,-80,-40,-50,-30,-70,-90,-30,20,-50,-60,-120,-70,-20,80,60,50,10,140,220,100,100,80,170
806,0,20,-150,-110,-10,30,20,220,30,30,50,-30,70,-200,40,90,-70,190,-80,20,-70,-20,-10,-10,30,-180,-10,-50,30,120,120,90,120,230,460,140,80,100,260,230,60,300,50,-170,10,-80,-80,-150,-270,-20,30,40,0,180,80,-10,-80,40,70,-100,20,40,40,-20,-100,-50,-40,-60,60,90,10,-60,0,-10,-30,-170,-100,-80,-40,-50,-30,-70,-90,-30,20,-50,-60,-120,-70,-20,80,60,50,10,140,220,100,100,80,170,170
807,20,-150,-110,-10,30,20,220,30,30,50,-30,70,-200,40,90,-70,190,-80,20,-70,-20,-10,-10,30,-180,-10,-50,30,120,120,90,120,230,460,140,80,100,260,230,60,300,50,-170,10,-80,-80,-150,-270,-20,30,40,0,180,80,-10,-80,40,70,-100,20,40,40,-20,-100,-50,-40,-60,60,90,10,-60,0,-10,-30,-170,-100,-80,-40,-50,-30,-70,-90,-30,20,-50,-60,-120,-70,-20,80,60,50,10,140,220,100,100,80,170,170,40
808,-150,-110,-10,30,20,220,30,30,50,-30,70,-200,40,90,-70,190,-80,20,-70,-20,-10,-10,30,-180,-10,-50,30,120,120,90,120,230,460,140,80,100,260,230,60,300,50,-170,10,-80,-80,-150,-270,-20,30,40,0,180,80,-10,-80,40,70,-100,20,40,40,-20,-100,-50,-40,-60,60,90,10,-60,0,-10,-30,-170,-100,-80,-40,-50,-30,-70,-90,-30,20,-50,-60,-120,-70,-20,80,60,50,10,140,220,100,100,80,170,170,40,30
809,-110,-10,30,20,220,30,30,50,-30,70,-200,40,90,-70,190,-80,20,-70,-20,-10,-10,30,-180,-10,-50,30,120,120,90,120,230,460,140,80,100,260,230,60,300,50,-170,10,-80,-80,-150,-270,-20,30,40,0,180,80,-10,-80,40,70,-100,20,40,40,-20,-100,-50,-40,-60,60,90,10,-60,0,-10,-30,-170,-100,-80,-40,-50,-30,-70,-90,-30,20,-50,-60,-120,-70,-20,80,60,50,10,140,220,100,100,80,170,170,40,30,110
810,-10,30,20,220,30,30,50,-30,70,-200,40,90,-70,190,-80,20,-70,-20,-10,-10,30,-180,-10,-50,30,120,120,90,120,230,460,140,80,100,260,230,60,300,50,-170,10,-80,-80,-150,-270,-20,30,40,0,180,80,-10,-80,40,70,-100,20,40,40,-20,-100,-50,-40,-60,60,90,10,-60,0,-10,-30,-170,-100,-80,-40,-50,-30,-70,-90,-30,20,-50,-60,-120,-70,-20,80,60,50,10,140,220,100,100,80,170,170,40,30,110,290
811,30,20,220,30,30,50,-30,70,-200,40,90,-70,190,-80,20,-70,-20,-10,-10,30,-180,-10,-50,30,120,120,90,120,230,460,140,80,100,260,230,60,300,50,-170,10,-80,-80,-150,-270,-20,30,40,0,180,80,-10,-80,40,70,-100,20,40,40,-20,-100,-50,-40,-60,60,90,10,-60,0,-10,-30,-170,-100,-80,-40,-50,-30,-70,-90,-30,20,-50,-60,-120,-70,-20,80,60,50,10,140,220,100,100,80,170,170,40,30,110,290,-230
812,20,220,30,30,50,-30,70,-200,40,90,-70,190,-80,20,-70,-20,-10,-10,30,-180,-10,-50,30,120,120,90,120,230,460,140,80,100,260,230,60,300,50,-170,10,-80,-80,-150,-270,-20,30,40,0,180,80,-10,-80,40,70,-100,20,40,40,-20,-100,-50,-40,-60,60,90,10,-60,0,-10,-30,-170,-100,-80,-40,-50,-30,-70,-90,-30,20,-50,-60,-120,-70,-20,80,60,50,10,140,220,100,100,80,170,170,40,30,110,290,-230,0
813,220,30,30,50,-30,70,-200,40,90,-70,190,-80,20,-70,-20,-10,-10,30,-180,-10,-50,30,120,120,90,120,230,460,140,80,100,260,230,60,300,50,-170,10,-80,-80,-150,-270,-20,30,40,0,180,80,-10,-80,40,70,-100,20,40,40,-20,-100,-50,-40,-60,60,90,10,-60,0,-10,-30,-170,-100,-80,-40,-50,-30,-70,-90,-30,20,-50,-60,-120,-70,-20,80,60,50,10,140,220,100,100,80,170,170,40,30,110,290,-230,0,10
814,30,30,50,-30,70,-200,40,90,-70,190,-80,20,-70,-20,-10,-10,30,-180,-10,-50,30,120,120,90,120,230,460,140,80,100,260,230,60,300,50,-170,10,-80,-80,-150,-270,-20,30,40,0,180,80,-10,-80,40,70,-100,20,40,40,-20,-100,-50,-40,-60,60,90,10,-60,0,-10,-30,-170,-100,-80,-40,-50,-30,-70,-90,-30,20,-50,-60,-120,-70,-20,80,60,50,10,140,220,100,100,80,170,170,40,30,110,290,-230,0,10,-120
815,30,50,-30,70,-200,40,90,-70,190,-80,20,-70,-20,-10,-10,30,-180,-10,-50,30,120,120,90,120,230,460,140,80,100,260,230,60,300,50,-170,10,-80,-80,-150,-270,-20,30,40,0,180,80,-10,-80,40,70,-100,20,40,40,-20,-100,-50,-40,-60,60,90,10,-60,0,-10,-30,-170,-100,-80,-40,-50,-30,-70,-90,-30,20,-50,-60,-120,-70,-20,80,60,50,10,140,220,100,100,80,170,170,40,30,110,290,-230,0,10,-120,40
816,50,-30,70,-200,40,90,-70,190,-80,20,-70,-20,-10,-10,30,-180,-10,-50,30,120,120,90,120,230,460,140,80,100,260,230,60,300,50,-170,10,-80,-80,-150,-270,-20,30,40,0,180,80,-10,-80,40,70,-100,20,40,40,-20,-100,-50,-40,-60,60,90,10,-60,0,-10,-30,-170,-100,-80,-40,-50,-30,-70,-90,-30,20,-50,-60,-120,-70,-20,80,60,50,10,140,220,100,100,80,170,170,40,30,110,290,-230,0,10,-120,40,320
817,-30,70,-200,40,90,-70,190,-80,20,-70,-20,-10,-10,30,-180,-10,-50,30,120,120,90,120,230,460,140,80,100,260,230,60,300,50,-170,10,-80,-80,-150,-270,-20,30,40,0,180,80,-10,-80,40,70,-100,20,40,40,-20,-100,-50,-40,-60,60,90,10,-60,0,-10,-30,-170,-100,-80,-40,-50,-30,-70,-90,-30,20,-50,-60,-120,-70,-20,80,60,50,10,140,220,100,100,80,170,170,40,30,110,290,-230,0,10,-120,40,320,180
818,70,-200,40,90,-70,190,-80,20,-70,-20,-10,-10,30,-180,-10,-50,30,120,120,90,120,230,460,140,80,100,260,230,60,300,50,-170,10,-80,-80,-150,-270,-20,30,40,0,180,80,-10,-80,40,70,-100,20,40,40,-20,-100,-50,-40,-60,60,90,10,-60,0,-10,-30,-170,-100,-80,-40,-50,-30,-70,-90,-30,20,-50,-60,-120,-70,-20,80,60,50,10,140,220,100,100,80,170,170,40,30,110,290,-230,0,10,-120,40,320,180,-10
819,-200,40,90,-70,190,-80,20,-70,-20,-10,-10,30,-180,-10,-50,30,120,120,90,120,230,460,140,80,100,260,230,60,300,50,-170,10,-80,-80,-150,-270,-20,30,40,0,180,80,-10,-80,40,70,-100,20,40,40,-20,-100,-50,-40,-60,60,90,10,-60,0,-10,-30,-170,-100,-80,-40,-50,-30,-70,-90,-30,20,-50,-60,-120,-70,-20,80,60,50,10,140,220,100,100,80,170,170,40,30,110,290,-230,0,10,-120,40,320,180,-10,-230
820,40,90,-70,190,-80,20,-70,-20,-10,-10,30,-180,-10,-50,30,120,120,90,120,230,460,140,80,100,260,230,60,300,50,-170,10,-80,-80,-150,-270,-20,30,40,0,180,80,-10,-80,40,70,-100,20,40,40,-20,-100,-50,-40,-60,60,90,10,-60,0,-10,-30,-170,-100,-80,-40,-50,-30,-70,-90,-30,20,-50,-60,-120,-70,-20,80,60,50,10,140,220,100,100,80,170,170,40,30,110,290,-230,0,10,-120,40,320,180,-10,-230,-40
821,90,-70,190,-80,20,-70,-20,-10,-10,30,-180,-10,-50,30,120,120,90,120,230,460,140,80,100,260,230,60,300,50,-170,10,-80,-80,-150,-270,-20,30,40,0,180,80,-10,-80,40,70,-100,20,40,40,-20,-100,-50,-40,-60,60,90,10,-60,0,-10,-30,-170,-100,-80,-40,-50,-30,-70,-90,-30,20,-50,-60,-120,-70,-20,80,60,50,10,140,220,100,100,80,170,170,40,30,110,290,-230,0,10,-120,40,320,180,-10,-230,-40,-90
822,-70,190,-80,20,-70,-20,-10,-10,30,-180,-10,-50,30,120,120,90,120,230,460,140,80,100,260,230,60,300,50,-170,10,-80,-80,-150,-270,-20,30,40,0,180,80,-10,-80,40,70,-100,20,40,40,-20,-100,-50,-40,-60,60,90,10,-60,0,-10,-30,-170,-100,-80,-40,-50,-30,-70,-90,-30,20,-50,-60,-120,-70,-20,80,60,50,10,140,220,100,100,80,170,170,40,30,110,290,-230,0,10,-120,40,320,180,-10,-230,-40,-90,-410
823,190,-80,20,-70,-20,-10,-10,30,-180,-10,-50,30,120,120,90,120,230,460,140,80,100,260,230,60,300,50,-170,10,-80,-80,-150,-270,-20,30,40,0,180,80,-10,-80,40,70,-100,20,40,40,-20,-100,-50,-40,-60,60,90,10,-60,0,-10,-30,-170,-100,-80,-40,-50,-30,-70,-90,-30,20,-50,-60,-120,-70,-20,80,60,50,10,140,220,100,100,80,170,170,40,30,110,290,-230,0,10,-120,40,320,180,-10,-230,-40,-90,-410,-240
824,-80,20,-70,-20,-10,-10,30,-180,-10,-50,30,120,120,90,120,230,460,140,80,100,260,230,60,300,50,-170,10,-80,-80,-150,-270,-20,30,40,0,180,80,-10,-80,40,70,-100,20,40,40,-20,-100,-50,-40,-60,60,90,10,-60,0,-10,-30,-170,-100,-80,-40,-50,-30,-70,-90,-30,20,-50,-60,-120,-70,-20,80,60,50,10,140,220,100,100,80,170,170,40,30,110,290,-230,0,10,-120,40,320,180,-10,-230,-40,-90,-410,-240,260
825,20,-70,-20,-10,-10,30,-180,-10,-50,30,120,120,90,120,230,460,140,80,100,260,230,60,300,50,-170,10,-80,-80,-150,-270,-20,30,40,0,180,80,-10,-80,40,70,-100,20,40,40,-20,-100,-50,-40,-60,60,90,10,-60,0,-10,-30,-170,-100,-80,-40,-50,-30,-70,-90,-30,20,-50,-60,-120,-70,-20,80,60,50,10,140,220,100,100,80,170,170,40,30,110,290,-230,0,10,-120,40,320,180,-10,-230,-40,-90,-410,-240,260,-330
826,-70,-20,-10,-10,30,-180,-10,-50,30,120,120,90,120,230,460,140,80,100,260,230,60,300,50,-170,10,-80,-80,-150,-270,-20,30,40,0,180,80,-10,-80,40,70,-100,20,40,40,-20,-100,-50,-40,-60,60,90,10,-60,0,-10,-30,-170,-100,-80,-40,-50,-30,-70,-90,-30,20,-50,-60,-120,-70,-20,80,60,50,10,140,220,100,100,80,170,170,40,30,110,290,-230,0,10,-120,40,320,180,-10,-230,-40,-90,-410,-240,260,-330,-160
827,-20,-10,-10,30,-180,-10,-50,30,120,120,90,120,230,460,140,80,100,260,230,60,300,50,-170,10,-80,-80,-150,-270,-20,30,40,0,180,80,-10,-80,40,70,-100,20,40,40,-20,-100,-50,-40,-60,60,90,10,-60,0,-10,-30,-170,-100,-80,-40,-50,-30,-70,-90,-30,20,-50,-60,-120,-70,-20,80,60,50,10,140,220,100,100,80,170,170,40,30,110,290,-230,0,10,-120,40,320,180,-10,-230,-40,-90,-410,-240,260,-330,-160,-270
828,-10,-10,30,-180,-10,-50,30,120,120,90,120,230,460,140,80,100,260,230,60,300,50,-170,10,-80,-80,-150,-270,-20,30,40,0,180,80,-10,-80,40,70,-100,20,40,40,-20,-100,-50,-40,-60,60,90,10,-60,0,-10,-30,-170,-100,-80,-40,-50,-30,-70,-90,-30,20,-50,-60,-120,-70,-20,80,60,50,10,140,220,100,100,80,170,170,40,30,110,290,-230,0,10,-120,40,320,180,-10,-230,-40,-90,-410,-240,260,-330,-160,-270,10
829,-10,30,-180,-10,-50,30,120,120,90,120,230,460,140,80,100,260,230,60,300,50,-170,10,-80,-80,-150,-270,-20,30,40,0,180,80,-10,-80,40,70,-100,20,40,40,-20,-100,-50,-40,-60,60,90,10,-60,0,-10,-30,-170,-100,-80,-40,-50,-30,-70,-90,-30,20,-50,-60,-120,-70,-20,80,60,50,10,140,220,100,100,80,170,170,40,30,110,290,-230,0,10,-120,40,320,180,-10,-230,-40,-90,-410,-240,260,-330,-160,-270,10,30
830,30,-180,-10,-50,30,120,120,90,120,230,460,140,80,100,260,230,60,300,50,-170,10,-80,-80,-150,-270,-20,30,40,0,180,80,-10,-80,40,70,-100,20,40,40,-20,-100,-50,-40,-60,60,90,10,-60,0,-10,-30,-170,-100,-80,-40,-50,-30,-70,-90,-30,20,-50,-60,-120,-70,-20,80,60,50,10,140,220,100,100,80,170,170,40,30,110,290,-230,0,10,-120,40,320,180,-10,-230,-40,-90,-410,-240,260,-330,-160,-270,10,30,320
831,-180,-10,-50,30,120,120,90,120,230,460,140,80,100,260,230,60,300,50,-170,10,-80,-80,-150,-270,-20,30,40,0,180,80,-10,-80,40,70,-100,20,40,40,-20,-100,-50,-40,-60,60,90,10,-60,0,-10,-30,-170,-100,-80,-40,-50,-30,-70,-90,-30,20,-50,-60,-120,-70,-20,80,60,50,10,140,220,100,100,80,170,170,40,30,110,290,-230,0,10,-120,40,320,180,-10,-230,-40,-90,-410,-240,260,-330,-160,-270,10,30,320,300
832,-10,-50,30,120,120,90,120,230,460,140,80,100,260,230,60,300,50,-170,10,-80,-80,-150,-270,-20,30,40,0,180,80,-10,-80,40,70,-100,20,40,40,-20,-100,-50,-40,-60,60,90,10,-60,0,-10,-30,-170,-100,-80,-40,-50,-30,-70,-90,-30,20,-50,-60,-120,-70,-20,80,60,50,10,140,220,100,100,80,170,170,40,30,110,290,-230,0,10,-120,40,320,180,-10,-230,-40,-90,-410,-240,260,-330,-160,-270,10,30,320,300,-20
833,-50,30,120,120,90,120,230,460,140,80,100,260,230,60,300,50,-170,10,-80,-80,-150,-270,-20,30,40,0,180,80,-10,-80,40,70,-100,20,40,40,-20,-100,-50,-40,-60,60,90,10,-60,0,-10,-30,-170,-100,-80,-40,-50,-30,-70,-90,-30,20,-50,-60,-120,-70,-20,80,60,50,10,140,220,100,100,80,170,170,40,30,110,290,-230,0,10,-120,40,320,180,-10,-230,-40,-90,-410,-240,260,-330,-160,-270,10,30,320,300,-20,10
834,30,120,120,90,120,230,460,140,80,100,260,230,60,300,50,-170,10,-80,-80,-150,-270,-20,30,40,0,180,80,-10,-80,40,70,-100,20,40,40,-20,-100,-50,-40,-60,60,90,10,-60,0,-10,-30,-170,-100,-80,-40,-50,-30,-70,-90,-30,20,-50,-60,-120,-70,-20,80,60,50,10,140,220,100,100,80,170,170,40,30,110,290,-230,0,10,-120,40,320,180,-10,-230,-40,-90,-410,-240,260,-330,-160,-270,10,30,320,300,-20,10,240
835,120,120,90,120,230,460,140,80,100,260,230,60,300,50,-170,10,-80,-80,-150,-270,-20,30,40,0,180,80,-10,-80,40,70,-100,20,40,40,-20,-100,-50,-40,-60,60,90,10,-60,0,-10,-30,-170,-100,-80,-40,-50,-30,-70,-90,-30,20,-50,-60,-120,-70,-20,80,60,50,10,140,220,100,100,80,170,170,40,30,110,290,-230,0,10,-120,40,320,180,-10,-230,-40,-90,-410,-240,260,-330,-160,-270,10,30,320,300,-20,10,240,130
836,120,90,120,230,460,140,80,100,260,230,60,300,50,-170,10,-80,-80,-150,-270,-20,30,40,0,180,80,-10,-80,40,70,-100,20,40,40,-20,-100,-50,-40,-60,60,90,10,-60,0,-10,-30,-170,-100,-80,-40,-50,-30,-70,-90,-30,20,-50,-60,-120,-70,-20,80,60,50,10,140,220,100,100,80,170,170,40,30,110,290,-230,0,10,-120,40,320,180,-10,-230,-40,-90,-410,-240,260,-330,-160,-270,10,30,320,300,-20,10,240,130,60
837,90,120,230,460,140,80,100,260,230,60,300,50,-170,10,-80,-80,-150,-270,-20,30,40,0,180,80,-10,-80,40,70,-100,20,40,40,-20,-100,-50,-40,-60,60,90,10,-60,0,-10,-30,-170,-100,-80,-40,-50,-30,-70,-90,-30,20,-50,-60,-120,-70,-20,80,60,50,10,140,220,100,100,80,170,170,40,30,110,290,-230,0,10,-120,40,320,180,-10,-230,-40,-90,-410,-240,260,-330,-160,-270,10,30,320,300,-20,10,240,130,60,230
838,120,230,460,140,80,100,260,230,60,300,50,-170,10,-80,-80,-150,-270,-20,30,40,0,180,80,-10,-80,40,70,-100,20,40,40,-20,-100,-50,-40,-60,60,90,10,-60,0,-10,-30,-170,-100,-80,-40,-50,-30,-70,-90,-30,20,-50,-60,-120,-70,-20,80,60,50,10,140,220,100,100,80,170,170,40,30,110,290,-230,0,10,-120,40,320,180,-10,-230,-40,-90,-410,-240,260,-330,-160,-270,10,30,320,300,-20,10,240,130,60,230,100
839,230,460,140,80,100,260,230,60,300,50,-170,10,-80,-80,-150,-270,-20,30,40,0,180,80,-10,-80,40,70,-100,20,40,40,-20,-100,-50,-40,-60,60,90,10,-60,0,-10,-30,-170,-100,-80,-40,-50,-30,-70,-90,-30,20,-50,-60,-120,-70,-20,80,60,50,10,140,220,100,100,80,170,170,40,30,110,290,-230,0,10,-120,40,320,180,-10,-230,-40,-90,-410,-240,260,-330,-160,-270,10,30,320,300,-20,10,240,130,60,230,100,-120
840,460,140,80,100,260,230,60,300,50,-170,10,-80,-80,-150,-270,-20,30,40,0,180,80,-10,-80,40,70,-100,20,40,40,-20,-100,-50,-40,-60,60,90,10,-60,0,-10,-30,-170,-100,-80,-40,-50,-30,-70,-90,-30,20,-50,-60,-120,-70,-20,80,60,50,10,140,220,100,100,80,170,170,40,30,110,290,-230,0,10,-120,40,320,180,-10,-230,-40,-90,-410,-240,260,-330,-160,-270,10,30,320,300,-20,10,240,130,60,230,100,-120,550
841,140,80,100,260,230,60,300,50,-170,10,-80,-80,-150,-270,-20,30,40,0,180,80,-10,-80,40,70,-100,20,40,40,-20,-100,-50,-40,-60,60,90,10,-60,0,-10,-30,-170,-100,-80,-40,-50,-30,-70,-90,-30,20,-50,-60,-120,-70,-20,80,60,50,10,140,220,100,100,80,170,170,40,30,110,290,-230,0,10,-120,40,320,180,-10,-230,-40,-90,-410,-240,260,-330,-160,-270,10,30,320,300,-20,10,240,130,60,230,100,-120,550,900
842,80,100,260,230,60,300,50,-170,10,-80,-80,-150,-270,-20,30,40,0,180,80,-10,-80,40,70,-100,20,40,40,-20,-100,-50,-40,-60,60,90,10,-60,0,-10,-30,-170,-100,-80,-40,-50,-30,-70,-90,-30,20,-50,-60,-120,-70,-20,80,60,50,10,140,220,100,100,80,170,170,40,30,110,290,-230,0,10,-120,40,320,180,-10,-230,-40,-90,-410,-240,260,-330,-160,-270,10,30,320,300,-20,10,240,130,60,230,100,-120,550,900,220
843,100,260,230,60,300,50,-170,10,-80,-80,-150,-270,-20,30,40,0,180,80,-10,-80,40,70,-100,20,40,40,-20,-100,-50,-40,-60,60,90,10,-60,0,-10,-30,-170,-100,-80,-40,-50,-30,-70,-90,-30,20,-50,-60,-120,-70,-20,80,60,50,10,140,220,100,100,80,170,170,40,30,110,290,-230,0,10,-120,40,320,180,-10,-230,-40,-90,-410,-240,260,-330,-160,-270,10,30,320,300,-20,10,240,130,60,230,100,-120,550,900,220,-850
844,260,230,60,300,50,-170,10,-80,-80,-150,-270,-20,30,40,0,180,80,-10,-80,40,70,-100,20,40,40,-20,-100,-50,-40,-60,60,90,10,-60,0,-10,-30,-170,-100,-80,-40,-50,-30,-70,-90,-30,20,-50,-60,-120,-70,-20,80,60,50,10,140,220,100,100,80,170,170,40,30,110,290,-230,0,10,-120,40,320,180,-10,-230,-40,-90,-410,-240,260,-330,-160,-270,10,30,320,300,-20,10,240,130,60,230,100,-120,550,900,220,-850,0
845,230,60,300,50,-170,10,-80,-80,-150,-270,-20,30,40,0,180,80,-10,-80,40,70,-100,20,40,40,-20,-100,-50,-40,-60,60,90,10,-60,0,-10,-30,-170,-100,-80,-40,-50,-30,-70,-90,-30,20,-50,-60,-120,-70,-20,80,60,50,10,140,220,100,100,80,170,170,40,30,110,290,-230,0,10,-120,40,320,180,-10,-230,-40,-90,-410,-240,260,-330,-160,-270,10,30,320,300,-20,10,240,130,60,230,100,-120,550,900,220,-850,0,140
846,60,300,50,-170,10,-80,-80,-150,-270,-20,30,40,0,180,80,-10,-80,40,70,-100,20,40,40,-20,-100,-50,-40,-60,60,90,10,-60,0,-10,-30,-170,-100,-80,-40,-50,-30,-70,-90,-30,20,-50,-60,-120,-70,-20,80,60,50,10,140,220,100,100,80,170,170,40,30,110,290,-230,0,10,-120,40,320,180,-10,-230,-40,-90,-410,-240,260,-330,-160,-270,10,30,320,300,-20,10,240,130,60,230,100,-120,550,900,220,-850,0,140,-260
847,300,50,-170,10,-80,-80,-150,-270,-20,30,40,0,180,80,-10,-80,40,70,-100,20,40,40,-20,-100,-50,-40,-60,60,90,10,-60,0,-10,-30,-170,-100,-80,-40,-50,-30,-70,-90,-30,20,-50,-60,-120,-70,-20,80,60,50,10,140,220,100,100,80,170,170,40,30,110,290,-230,0,10,-120,40,320,180,-10,-230,-40,-90,-410,-240,260,-330,-160,-270,10,30,320,300,-20,10,240,130,60,230,100,-120,550,900,220,-850,0,140,-260,110
848,50,-170,10,-80,-80,-150,-270,-20,30,40,0,180,80,-10,-80,40,70,-100,20,40,40,-20,-100,-50,-40,-60,60,90,10,-60,0,-10,-30,-170,-100,-80,-40,-50,-30,-70,-90,-30,20,-50,-60,-120,-70,-20,80,60,50,10,140,220,100,100,80,170,170,40,30,110,290,-230,0,10,-120,40,320,180,-10,-230,-40,-90,-410,-240,260,-330,-160,-270,10,30,320,300,-20,10,240,130,60,230,100,-120,550,900,220,-850,0,140,-260,110,-70
849,-170,10,-80,-80,-150,-270,-20,30,40,0,180,80,-10,-80,40,70,-100,20,40,40,-20,-100,-50,-40,-60,60,90,10,-60,0,-10,-30,-170,-100,-80,-40,-50,-30,-70,-90,-30,20,-50,-60,-120,-70,-20,80,60,50,10,140,220,100,100,80,170,170,40,30,110,290,-230,0,10,-120,40,320,180,-10,-230,-40,-90,-410,-240,260,-330,-160,-270,10,30,320,300,-20,10,240,130,60,230,100,-120,550,900,220,-850,0,140,-260,110,-70,70
850,10,-80,-80,-150,-270,-20,30,40,0,180,80,-10,-80,40,70,-100,20,40,40,-20,-100,-50,-40,-60,60,90,10,-60,0,-10,-30,-170,-100,-80,-40,-50,-30,-70,-90,-30,20,-50,-60,-120,-70,-20,80,60,50,10,140,220,100,100,80,170,170,40,30,110,290,-230,0,10,-120,40,320,180,-10,-230,-40,-90,-410,-240,260,-330,-160,-270,10,30,320,300,-20,10,240,130,60,230,100,-120,550,900,220,-850,0,140,-260,110,-70,70,-20
851,-80,-80,-150,-270,-20,30,40,0,180,80,-10,-80,40,70,-100,20,40,40,-20,-100,-50,-40,-60,60,90,10,-60,0,-10,-30,-170,-100,-80,-40,-50,-30,-70,-90,-30,20,-50,-60,-120,-70,-20,80,60,50,10,140,220,100,100,80,170,170,40,30,110,290,-230,0,10,-120,40,320,180,-10,-230,-40,-90,-410,-240,260,-330,-160,-270,10,30,320,300,-20,10,240,130,60,230,100,-120,550,900,220,-850,0,140,-260,110,-70,70,-20,280
852,-80,-150,-270,-20,30,40,0,180,80,-10,-80,40,70,-100,20,40,40,-20,-100,-50,-40,-60,60,90,10,-60,0,-10,-30,-170,-100,-80,-40,-50,-30,-70,-90,-30,20,-50,-60,-120,-70,-20,80,60,50,10,140,220,100,100,80,170,170,40,30,110,290,-230,0,10,-120,40,320,180,-10,-230,-40,-90,-410,-240,260,-330,-160,-270,10,30,320,300,-20,10,240,130,60,230,100,-120,550,900,220,-850,0,140,-260,110,-70,70,-20,280,700
853,-150,-270,-20,30,40,0,180,80,-10,-80,40,70,-100,20,40,40,-20,-100,-50,-40,-60,60,90,10,-60,0,-10,-30,-170,-100,-80,-40,-50,-30,-70,-90,-30,20,-50,-60,-120,-70,-20,80,60,50,10,140,220,100,100,80,170,170,40,30,110,290,-230,0,10,-120,40,320,180,-10,-230,-40,-90,-410,-240,260,-330,-160,-270,10,30,320,300,-20,10,240,130,60,230,100,-120,550,900,220,-850,0,140,-260,110,-70,70,-20,280,700,20
854,-270,-20,30,40,0,180,80,-10,-80,40,70,-100,20,40,40,-20,-100,-50,-40,-60,60,90,10,-60,0,-10,-30,-170,-100,-80,-40,-50,-30,-70,-90,-30,20,-50,-60,-120,-70,-20,80,60,50,10,140,220,100,100,80,170,170,40,30,110,290,-230,0,10,-120,40,320,180,-10,-230,-40,-90,-410,-240,260,-330,-160,-270,10,30,320,300,-20,10,240,130,60,230,100,-120,550,900,220,-850,0,140,-260,110,-70,70,-20,280,700,20,-30
855,-20,30,40,0,180,80,-10,-80,40,70,-100,20,40,40,-20,-100,-50,-40,-60,60,90,10,-60,0,-10,-30,-170,-100,-80,-40,-50,-30,-70,-90,-30,20,-50,-60,-120,-70,-20,80,60,50,10,140,220,100,100,80,170,170,40,30,110,290,-230,0,10,-120,40,320,180,-10,-230,-40,-90,-410,-240,260,-330,-160,-270,10,30,320,300,-20,10,240,130,60,230,100,-120,550,900,220,-850,0,140,-260,110,-70,70,-20,280,700,20,-30,410
856,30,40,0,180,80,-10,-80,40,70,-100,20,40,40,-20,-100,-50,-40,-60,60,90,10,-60,0,-10,-30,-170,-100,-80,-40,-50,-30,-70,-90,-30,20,-50,-60,-120,-70,-20,80,60,50,10,140,220,100,100,80,170,170,40,30,110,290,-230,0,10,-120,40,320,180,-10,-230,-40,-90,-410,-240,260,-330,-160,-270,10,30,320,300,-20,10,240,130,60,230,100,-120,550,900,220,-850,0,140,-260,110,-70,70,-20,280,700,20,-30,410,90
857,40,0,180,80,-10,-80,40,70,-100,20,40,40,-20,-100,-50,-40,-60,60,90,10,-60,0,-10,-30,-170,-100,-80,-40,-50,-30,-70,-90,-30,20,-50,-60,-120,-70,-20,80,60,50,10,140,220,100,100,80,170,170,40,30,110,290,-230,0,10,-120,40,320,180,-10,-230,-40,-90,-410,-240,260,-330,-160,-270,10,30,320,300,-20,10,240,130,60,230,100,-120,550,900,220,-850,0,140,-260,110,-70,70,-20,280,700,20,-30,410,90,310
858,0,180,80,-10,-80,40,70,-100,20,40,40,-20,-100,-50,-40,-60,60,90,10,-60,0,-10,-30,-170,-100,-80,-40,-50,-30,-70,-90,-30,20,-50,-60,-120,-70,-20,80,60,50,10,140,220,100,100,80,170,170,40,30,110,290,-230,0,10,-120,40,320,180,-10,-230,-40,-90,-410,-240,260,-330,-160,-270,10,30,320,300,-20,10,240,130,60,230,100,-120,550,900,220,-850,0,140,-260,110,-70,70,-20,280,700,20,-30,410,90,310,330
859,180,80,-10,-80,40,70,-100,20,40,40,-20,-100,-50,-40,-60,60,90,10,-60,0,-10,-30,-170,-100,-80,-40,-50,-30,-70,-90,-30,20,-50,-60,-120,-70,-20,80,60,50,10,140,220,100,100,80,170,170,40,30,110,290,-230,0,10,-120,40,320,180,-10,-230,-40,-90,-410,-240,260,-330,-160,-270,10,30,320,300,-20,10,240,130,60,230,100,-120,550,900,220,-850,0,140,-260,110,-70,70,-20,280,700,20,-30,410,90,310,330,670
860,80,-10,-80,40,70,-100,20,40,40,-20,-100,-50,-40,-60,60,90,10,-60,0,-10,-30,-170,-100,-80,-40,-50,-30,-70,-90,-30,20,-50,-60,-120,-70,-20,80,60,50,10,140,220,100,100,80,170,170,40,30,110,290,-230,0,10,-120,40,320,180,-10,-230,-40,-90,-410,-240,260,-330,-160,-270,10,30,320,300,-20,10,240,130,60,230,100,-120,550,900,220,-850,0,140,-260,110,-70,70,-20,280,700,20,-30,410,90,310,330,670,550
861,-10,-80,40,70,-100,20,40,40,-20,-100,-50,-40,-60,60,90,10,-60,0,-10,-30,-170,-100,-80,-40,-50,-30,-70,-90,-30,20,-50,-60,-120,-70,-20,80,60,50,10,140,220,100,100,80,170,170,40,30,110,290,-230,0,10,-120,40,320,180,-10,-230,-40,-90,-410,-240,260,-330,-160,-270,10,30,320,300,-20,10,240,130,60,230,100,-120,550,900,220,-850,0,140,-260,110,-70,70,-20,280,700,20,-30,410,90,310,330,670,550,220
862,-80,40,70,-100,20,40,40,-20,-100,-50,-40,-60,60,90,10,-60,0,-10,-30,-170,-100,-80,-40,-50,-30,-70,-90,-30,20,-50,-60,-120,-70,-20,80,60,50,10,140,220,100,100,80,170,170,40,30,110,290,-230,0,10,-120,40,320,180,-10,-230,-40,-90,-410,-240,260,-330,-160,-270,10,30,320,300,-20,10,240,130,60,230,100,-120,550,900,220,-850,0,140,-260,110,-70,70,-20,280,700,20,-30,410,90,310,330,670,550,220,270
863,40,70,-100,20,40,40,-20,-100,-50,-40,-60,60,90,10,-60,0,-10,-30,-170,-100,-80,-40,-50,-30,-70,-90,-30,20,-50,-60,-120,-70,-20,80,60,50,10,140,220,100,100,80,170,170,40,30,110,290,-230,0,10,-120,40,320,180,-10,-230,-40,-90,-410,-240,260,-330,-160,-270,10,30,320,300,-20,10,240,130,60,230,100,-120,550,900,220,-850,0,140,-260,110,-70,70,-20,280,700,20,-30,410,90,310,330,670,550,220,270,-20
864,70,-100,20,40,40,-20,-100,-50,-40,-60,60,90,10,-60,0,-10,-30,-170,-100,-80,-40,-50,-30,-70,-90,-30,20,-50,-60,-120,-70,-20,80,60,50,10,140,220,100,100,80,170,170,40,30,110,290,-230,0,10,-120,40,320,180,-10,-230,-40,-90,-410,-240,260,-330,-160,-270,10,30,320,300,-20,10,240,130,60,230,100,-120,550,900,220,-850,0,140,-260,110,-70,70,-20,280,700,20,-30,410,90,310,330,670,550,220,270,-20,-50
865,-100,20,40,40,-20,-100,-50,-40,-60,60,90,10,-60,0,-10,-30,-170,-100,-80,-40,-50,-30,-70,-90,-30,20,-50,-60,-120,-70,-20,80,60,50,10,140,220,100,100,80,170,170,40,30,110,290,-230,0,10,-120,40,320,180,-10,-230,-40,-90,-410,-240,260,-330,-160,-270,10,30,320,300,-20,10,240,130,60,230,100,-120,550,900,220,-850,0,140,-260,110,-70,70,-20,280,700,20,-30,410,90,310,330,670,550,220,270,-20,-50,140
866,20,40,40,-20,-100,-50,-40,-60,60,90,10,-60,0,-10,-30,-170,-100,-80,-40,-50,-30,-70,-90,-30,20,-50,-60,-120,-70,-20,80,60,50,10,140,220,100,100,80,170,170,40,30,110,290,-230,0,10,-120,40,320,180,-10,-230,-40,-90,-410,-240,260,-330,-160,-270,10,30,320,300,-20,10,240,130,60,230,100,-120,550,900,220,-850,0,140,-260,110,-70,70,-20,280,700,20,-30,410,90,310,330,670,550,220,270,-20,-50,140,590
867,40,40,-20,-100,-50,-40,-60,60,90,10,-60,0,-10,-30,-170,-100,-80,-40,-50,-30,-70,-90,-30,20,-50,-60,-120,-70,-20,80,60,50,10,140,220,100,100,80,170,170,40,30,110,290,-230,0,10,-120,40,320,180,-10,-230,-40,-90,-410,-240,260,-330,-160,-270,10,30,320,300,-20,10,240,130,60,230,100,-120,550,900,220,-850,0,140,-260,110,-70,70,-20,280,700,20,-30,410,90,310,330,670,550,220,270,-20,-50,140,590,-90
868,40,-20,-100,-50,-40,-60,60,90,10,-60,0,-10,-30,-170,-100,-80,-40,-50,-30,-70,-90,-30,20,-50,-60,-120,-70,-20,80,60,50,10,140,220,100,100,80,170,170,40,30,110,290,-230,0,10,-120,40,320,180,-10,-230,-40,-90,-410,-240,260,-330,-160,-270,10,30,320,300,-20,10,240,130,60,230,100,-120,550,900,220,-850,0,140,-260,110,-70,70,-20,280,700,20,-30,410,90,310,330,670,550,220,270,-20,-50,140,590,-90,-320
869,-20,-100,-50,-40,-60,60,90,10,-60,0,-10,-30,-170,-100,-80,-40,-50,-30,-70,-90,-30,20,-50,-60,-120,-70,-20,80,60,50,10,140,220,100,100,80,170,170,40,30,110,290,-230,0,10,-120,40,320,180,-10,-230,-40,-90,-410,-240,260,-330,-160,-270,10,30,320,300,-20,10,240,130,60,230,100,-120,550,900,220,-850,0,140,-260,110,-70,70,-20,280,700,20,-30,410,90,310,330,670,550,220,270,-20,-50,140,590,-90,-320,-310
870,-100,-50,-40,-60,60,90,10,-60,0,-10,-30,-170,-100,-80,-40,-50,-30,-70,-90,-30,20,-50,-60,-120,-70,-20,80,60,50,10,140,220,100,100,80,170,170,40,30,110,290,-230,0,10,-120,40,320,180,-10,-230,-40,-90,-410,-240,260,-330,-160,-270,10,30,320,300,-20,10,240,130,60,230,100,-120,550,900,220,-850,0,140,-260,110,-70,70,-20,280,700,20,-30,410,90,310,330,670,550,220,270,-20,-50,140,590,-90,-320,-310,420
871,-50,-40,-60,60,90,10,-60,0,-10,-30,-170,-100,-80,-40,-50,-30,-70,-90,-30,20,-50,-60,-120,-70,-20,80,60,50,10,140,220,100,100,80,170,170,40,30,110,290,-230,0,10,-120,40,320,180,-10,-230,-40,-90,-410,-240,260,-330,-160,-270,10,30,320,300,-20,10,240,130,60,230,100,-120,550,900,220,-850,0,140,-260,110,-70,70,-20,280,700,20,-30,410,90,310,330,670,550,220,270,-20,-50,140,590,-90,-320,-310,420,170
872,-40,-60,60,90,10,-60,0,-10,-30,-170,-100,-80,-40,-50,-30,-70,-90,-30,20,-50,-60,-120,-70,-20,80,60,50,10,140,220,100,100,80,170,170,40,30,110,290,-230,0,10,-120,40,320,180,-10,-230,-40,-90,-410,-240,260,-330,-160,-270,10,30,320,300,-20,10,240,130,60,230,100,-120,550,900,220,-850,0,140,-260,110,-70,70,-20,280,700,20,-30,410,90,310,330,670,550,220,270,-20,-50,140,590,-90,-320,-310,420,170,1280
873,-60,60,90,10,-60,0,-10,-30,-170,-100,-80,-40,-50,-30,-70,-90,-30,20,-50,-60,-120,-70,-20,80,60,50,10,140,220,100,100,80,170,170,40,30,110,290,-230,0,10,-120,40,320,180,-10,-230,-40,-90,-410,-240,260,-330,-160,-270,10,30,320,300,-20,10,240,130,60,230,100,-120,550,900,220,-850,0,140,-260,110,-70,70,-20,280,700,20,-30,410,90,310,330,670,550,220,270,-20,-50,140,590,-90,-320,-310,420,170,1280,1310
874,60,90,10,-60,0,-10,-30,-170,-100,-80,-40,-50,-30,-70,-90,-30,20,-50,-60,-120,-70,-20,80,60,50,10,140,220,100,100,80,170,170,40,30,110,290,-230,0,10,-120,40,320,180,-10,-230,-40,-90,-410,-240,260,-330,-160,-270,10,30,320,300,-20,10,240,130,60,230,100,-120,550,900,220,-850,0,140,-260,110,-70,70,-20,280,700,20,-30,410,90,310,330,670,550,220,270,-20,-50,140,590,-90,-320,-310,420,170,1280,1310,-720
875,90,10,-60,0,-10,-30,-170,-100,-80,-40,-50,-30,-70,-90,-30,20,-50,-60,-120,-70,-20,80,60,50,10,140,220,100,100,80,170,170,40,30,110,290,-230,0,10,-120,40,320,180,-10,-230,-40,-90,-410,-240,260,-330,-160,-270,10,30,320,300,-20,10,240,130,60,230,100,-120,550,900,220,-850,0,140,-260,110,-70,70,-20,280,700,20,-30,410,90,310,330,670,550,220,270,-20,-50,140,590,-90,-320,-310,420,170,1280,1310,-720,10
876,10,-60,0,-10,-30,-170,-100,-80,-40,-50,-30,-70,-90,-30,20,-50,-60,-120,-70,-20,80,60,50,10,140,220,100,100,80,170,170,40,30,110,290,-230,0,10,-120,40,320,180,-10,-230,-40,-90,-410,-240,260,-330,-160,-270,10,30,320,300,-20,10,240,130,60,230,100,-120,550,900,220,-850,0,140,-260,110,-70,70,-20,280,700,20,-30,410,90,310,330,670,550,220,270,-20,-50,140,590,-90,-320,-310,420,170,1280,1310,-720,10,380
877,-60,0,-10,-30,-170,-100,-80,-40,-50,-30,-70,-90,-30,20,-50,-60,-120,-70,-20,80,60,50,10,140,220,100,100,80,170,170,40,30,110,290,-230,0,10,-120,40,320,180,-10,-230,-40,-90,-410,-240,260,-330,-160,-270,10,30,320,300,-20,10,240,130,60,230,100,-120,550,900,220,-850,0,140,-260,110,-70,70,-20,280,700,20,-30,410,90,310,330,670,550,220,270,-20,-50,140,590,-90,-320,-310,420,170,1280,1310,-720,10,380,-30
878,0,-10,-30,-170,-100,-80,-40,-50,-30,-70,-90,-30,20,-50,-60,-120,-70,-20,80,60,50,10,140,220,100,100,80,170,170,40,30,110,290,-230,0,10,-120,40,320,180,-10,-230,-40,-90,-410,-240,260,-330,-160,-270,10,30,320,300,-20,10,240,130,60,230,100,-120,550,900,220,-850,0,140,-260,110,-70,70,-20,280,700,20,-30,410,90,310,330,670,550,220,270,-20,-50,140,590,-90,-320,-310,420,170,1280,1310,-720,10,380,-30,0
879,-10,-30,-170,-100,-80,-40,-50,-30,-70,-90,-30,20,-50,-60,-120,-70,-20,80,60,50,10,140,220,100,100,80,170,170,40,30,110,290,-230,0,10,-120,40,320,180,-10,-230,-40,-90,-410,-240,260,-330,-160,-270,10,30,320,300,-20,10,240,130,60,230,100,-120,550,900,220,-850,0,140,-260,110,-70,70,-20,280,700,20,-30,410,90,310,330,670,550,220,270,-20,-50,140,590,-90,-320,-310,420,170,1280,1310,-720,10,380,-30,0,130
880,-30,-170,-100,-80,-40,-50,-30,-70,-90,-30,20,-50,-60,-120,-70,-20,80,60,50,10,140,220,100,100,80,170,170,40,30,110,290,-230,0,10,-120,40,320,180,-10,-230,-40,-90,-410,-240,260,-330,-160,-270,10,30,320,300,-20,10,240,130,60,230,100,-120,550,900,220,-850,0,140,-260,110,-70,70,-20,280,700,20,-30,410,90,310,330,670,550,220,270,-20,-50,140,590,-90,-320,-310,420,170,1280,1310,-720,10,380,-30,0,130,530
881,-170,-100,-80,-40,-50,-30,-70,-90,-30,20,-50,-60,-120,-70,-20,80,60,50,10,140,220,100,100,80,170,170,40,30,110,290,-230,0,10,-120,40,320,180,-10,-230,-40,-90,-410,-240,260,-330,-160,-270,10,30,320,300,-20,10,240,130,60,230,100,-120,550,900,220,-850,0,140,-260,110,-70,70,-20,280,700,20,-30,410,90,310,330,670,550,220,270,-20,-50,140,590,-90,-320,-310,420,170,1280,1310,-720,10,380,-30,0,130,530,600
882,-100,-80,-40,-50,-30,-70,-90,-30,20,-50,-60,-120,-70,-20,80,60,50,10,140,220,100,100,80,170,170,40,30,110,290,-230,0,10,-120,40,320,180,-10,-230,-40,-90,-410,-240,260,-330,-160,-270,10,30,320,300,-20,10,240,130,60,230,100,-120,550,900,220,-850,0,140,-260,110,-70,70,-20,280,700,20,-30,410,90,310,330,670,550,220,270,-20,-50,140,590,-90,-320,-310,420,170,1280,1310,-720,10,380,-30,0,130,530,600,80
883,-80,-40,-50,-30,-70,-90,-30,20,-50,-60,-120,-70,-20,80,60,50,10,140,220,100,100,80,170,170,40,30,110,290,-230,0,10,-120,40,320,180,-10,-230,-40,-90,-410,-240,260,-330,-160,-270,10,30,320,300,-20,10,240,130,60,230,100,-120,550,900,220,-850,0,140,-260,110,-70,70,-20,280,700,20,-30,410,90,310,330,670,550,220,270,-20,-50,140,590,-90,-320,-310,420,170,1280,1310,-720,10,380,-30,0,130,530,600,80,280
884,-40,-50,-30,-70,-90,-30,20,-50,-60,-120,-70,-20,80,60,50,10,140,220,100,100,80,170,170,40,30,110,290,-230,0,10,-120,40,320,180,-10,-230,-40,-90,-410,-240,260,-330,-160,-270,10,30,320,300,-20,10,240,130,60,230,100,-120,550,900,220,-850,0,140,-260,110,-70,70,-20,280,700,20,-30,410,90,310,330,670,550,220,270,-20,-50,140,590,-90,-320,-310,420,170,1280,1310,-720,10,380,-30,0,130,530,600,80,280,-590
885,-50,-30,-70,-90,-30,20,-50,-60,-120,-70,-20,80,60,50,10,140,220,100,100,80,170,170,40,30,110,290,-230,0,10,-120,40,320,180,-10,-230,-40,-90,-410,-240,260,-330,-160,-270,10,30,320,300,-20,10,240,130,60,230,100,-120,550,900,220,-850,0,140,-260,110,-70,70,-20,280,700,20,-30,410,90,310,330,670,550,220,270,-20,-50,140,590,-90,-320,-310,420,170,1280,1310,-720,10,380,-30,0,130,530,600,80,280,-590,-280
886,-30,-70,-90,-30,20,-50,-60,-120,-70,-20,80,60,50,10,140,220,100,100,80,170,170,40,30,110,290,-230,0,10,-120,40,320,180,-10,-230,-40,-90,-410,-240,260,-330,-160,-270,10,30,320,300,-20,10,240,130,60,230,100,-120,550,900,220,-850,0,140,-260,110,-70,70,-20,280,700,20,-30,410,90,310,330,670,550,220,270,-20,-50,140,590,-90,-320,-310,420,170,1280,1310,-720,10,380,-30,0,130,530,600,80,280,-590,-280,-530
887,-70,-90,-30,20,-50,-60,-120,-70,-20,80,60,50,10,140,220,100,100,80,170,170,40,30,110,290,-230,0,10,-120,40,320,180,-10,-230,-40,-90,-410,-240,260,-330,-160,-270,10,30,320,300,-20,10,240,130,60,230,100,-120,550,900,220,-850,0,140,-260,110,-70,70,-20,280,700,20,-30,410,90,310,330,670,550,220,270,-20,-50,140,590,-90,-320,-310,420,170,1280,1310,-720,10,380,-30,0,130,530,600,80,280,-590,-280,-530,250
888,-90,-30,20,-50,-60,-120,-70,-20,80,60,50,10,140,220,100,100,80,170,170,40,30,110,290,-230,0,10,-120,40,320,180,-10,-230,-40,-90,-410,-240,260,-330,-160,-270,10,30,320,300,-20,10,240,130,60,230,100,-120,550,900,220,-850,0,140,-260,110,-70,70,-20,280,700,20,-30,410,90,310,330,670,550,220,270,-20,-50,140,590,-90,-320,-310,420,170,1280,1310,-720,10,380,-30,0,130,530,600,80,280,-590,-280,-530,250,100
889,-30,20,-50,-60,-120,-70,-20,80,60,50,10,140,220,100,100,80,170,170,40,30,110,290,-230,0,10,-120,40,320,180,-10,-230,-40,-90,-410,-240,260,-330,-160,-270,10,30,320,300,-20,10,240,130,60,230,100,-120,550,900,220,-850,0,140,-260,110,-70,70,-20,280,700,20,-30,410,90,310,330,670,550,220,270,-20,-50,140,590,-90,-320,-310,420,170,1280,1310,-720,10,380,-30,0,130,530,600,80,280,-590,-280,-530,250,100,30
890,20,-50,-60,-120,-70,-20,80,60,50,10,140,220,100,100,80,170,170,40,30,110,290,-230,0,10,-120,40,320,180,-10,-230,-40,-90,-410,-240,260,-330,-160,-270,10,30,320,300,-20,10,240,130,60,230,100,-120,550,900,220,-850,0,140,-260,110,-70,70,-20,280,700,20,-30,410,90,310,330,670,550,220,270,-20,-50,140,590,-90,-320,-310,420,170,1280,1310,-720,10,380,-30,0,130,530,600,80,280,-590,-280,-530,250,100,30,320
891,-50,-60,-120,-70,-20,80,60,50,10,140,220,100,100,80,170,170,40,30,110,290,-230,0,10,-120,40,320,180,-10,-230,-40,-90,-410,-240,260,-330,-160,-270,10,30,320,300,-20,10,240,130,60,230,100,-120,550,900,220,-850,0,140,-260,110,-70,70,-20,280,700,20,-30,410,90,310,330,670,550,220,270,-20,-50,140,590,-90,-320,-310,420,170,1280,1310,-720,10,380,-30,0,130,530,600,80,280,-590,-280,-530,250,100,30,320,180
892,-60,-120,-70,-20,80,60,50,10,140,220,100,100,80,170,170,40,30,110,290,-230,0,10,-120,40,320,180,-10,-230,-40,-90,-410,-240,260,-330,-160,-270,10,30,320,300,-20,10,240,130,60,230,100,-120,550,900,220,-850,0,140,-260,110,-70,70,-20,280,700,20,-30,410,90,310,330,670,550,220,270,-20,-50,140,590,-90,-320,-310,420,170,1280,1310,-720,10,380,-30,0,130,530,600,80,280,-590,-280,-530,250,100,30,320,180,800
893,-120,-70,-20,80,60,50,10,140,220,100,100,80,170,170,40,30,110,290,-230,0,10,-120,40,320,180,-10,-230,-40,-90,-410,-240,260,-330,-160,-270,10,30,320,300,-20,10,240,130,60,230,100,-120,550,900,220,-850,0,140,-260,110,-70,70,-20,280,700,20,-30,410,90,310,330,670,550,220,270,-20,-50,140,590,-90,-320,-310,420,170,1280,1310,-720,10,380,-30,0,130,530,600,80,280,-590,-280,-530,250,100,30,320,180,800,210
894,-70,-20,80,60,50,10,140,220,100,100,80,170,170,40,30,110,290,-230,0,10,-120,40,320,180,-10,-230,-40,-90,-410,-240,260,-330,-160,-270,10,30,320,300,-20,10,240,130,60,230,100,-120,550,900,220,-850,0,140,-260,110,-70,70,-20,280,700,20,-30,410,90,310,330,670,550,220,270,-20,-50,140,590,-90,-320,-310,420,170,1280,1310,-720,10,380,-30,0,130,530,600,80,280,-590,-280,-530,250,100,30,320,180,800,210,420
895,-20,80,60,50,10,140,220,100,100,80,170,170,40,30,110,290,-230,0,10,-120,40,320,180,-10,-230,-40,-90,-410,-240,260,-330,-160,-270,10,30,320,300,-20,10,240,130,60,230,100,-120,550,900,220,-850,0,140,-260,110,-70,70,-20,280,700,20,-30,410,90,310,330,670,550,220,270,-20,-50,140,590,-90,-320,-310,420,170,1280,1310,-720,10,380,-30,0,130,530,600,80,280,-590,-280,-530,250,100,30,320,180,800,210,420,-880
896,80,60,50,10,140,220,100,100,80,170,170,40,30,110,290,-230,0,10,-120,40,320,180,-10,-230,-40,-90,-410,-240,260,-330,-160,-270,10,30,320,300,-20,10,240,130,60,230,100,-120,550,900,220,-850,0,140,-260,110,-70,70,-20,280,700,20,-30,410,90,310,330,670,550,220,270,-20,-50,140,590,-90,-320,-310,420,170,1280,1310,-720,10,380,-30,0,130,530,600,80,280,-590,-280,-530,250,100,30,320,180,800,210,420,-880,490
897,60,50,10,140,220,100,100,80,170,170,40,30,110,290,-230,0,10,-120,40,320,180,-10,-230,-40,-90,-410,-240,260,-330,-160,-270,10,30,320,300,-20,10,240,130,60,230,100,-120,550,900,220,-850,0,140,-260,110,-70,70,-20,280,700,20,-30,410,90,310,330,670,550,220,270,-20,-50,140,590,-90,-320,-310,420,170,1280,1310,-720,10,380,-30,0,130,530,600,80,280,-590,-280,-530,250,100,30,320,180,800,210,420,-880,490,610
898,50,10,140,220,100,100,80,170,170,40,30,110,290,-230,0,10,-120,40,320,180,-10,-230,-40,-90,-410,-240,260,-330,-160,-270,10,30,320,300,-20,10,240,130,60,230,100,-120,550,900,220,-850,0,140,-260,110,-70,70,-20,280,700,20,-30,410,90,310,330,670,550,220,270,-20,-50,140,590,-90,-320,-310,420,170,1280,1310,-720,10,380,-30,0,130,530,600,80,280,-590,-280,-530,250,100,30,320,180,800,210,420,-880,490,610,1460
899,10,140,220,100,100,80,170,170,40,30,110,290,-230,0,10,-120,40,320,180,-10,-230,-40,-90,-410,-240,260,-330,-160,-270,10,30,320,300,-20,10,240,130,60,230,100,-120,550,900,220,-850,0,140,-260,110,-70,70,-20,280,700,20,-30,410,90,310,330,670,550,220,270,-20,-50,140,590,-90,-320,-310,420,170,1280,1310,-720,10,380,-30,0,130,530,600,80,280,-590,-280,-530,250,100,30,320,180,800,210,420,-880,490,610,1460,-310
900,140,220,100,100,80,170,170,40,30,110,290,-230,0,10,-120,40,320,180,-10,-230,-40,-90,-410,-240,260,-330,-160,-270,10,30,320,300,-20,10,240,130,60,230,100,-120,550,900,220,-850,0,140,-260,110,-70,70,-20,280,700,20,-30,410,90,310,330,670,550,220,270,-20,-50,140,590,-90,-320,-310,420,170,1280,1310,-720,10,380,-30,0,130,530,600,80,280,-590,-280,-530,250,100,30,320,180,800,210,420,-880,490,610,1460,-310,650
901,220,100,100,80,170,170,40,30,110,290,-230,0,10,-120,40,320,180,-10,-230,-40,-90,-410,-240,260,-330,-160,-270,10,30,320,300,-20,10,240,130,60,230,100,-120,550,900,220,-850,0,140,-260,110,-70,70,-20,280,700,20,-30,410,90,310,330,670,550,220,270,-20,-50,140,590,-90,-320,-310,420,170,1280,1310,-720,10,380,-30,0,130,530,600,80,280,-590,-280,-530,250,100,30,320,180,800,210,420,-880,490,610,1460,-310,650,50
902,100,100,80,170,170,40,30,110,290,-230,0,10,-120,40,320,180,-10,-230,-40,-90,-410,-240,260,-330,-160,-270,10,30,320,300,-20,10,240,130,60,230,100,-120,550,900,220,-850,0,140,-260,110,-70,70,-20,280,700,20,-30,410,90,310,330,670,550,220,270,-20,-50,140,590,-90,-320,-310,420,170,1280,1310,-720,10,380,-30,0,130,530,600,80,280,-590,-280,-530,250,100,30,320,180,800,210,420,-880,490,610,1460,-310,650,50,920
903,100,80,170,170,40,30,110,290,-230,0,10,-120,40,320,180,-10,-230,-40,-90,-410,-240,260,-330,-160,-270,10,30,320,300,-20,10,240,130,60,230,100,-120,550,900,220,-850,0,140,-260,110,-70,70,-20,280,700,20,-30,410,90,310,330,670,550,220,270,-20,-50,140,590,-90,-320,-310,420,170,1280,1310,-720,10,380,-30,0,130,530,600,80,280,-590,-280,-530,250,100,30,320,180,800,210,420,-880,490,610,1460,-310,650,50,920,940
904,80,170,170,40,30,110,290,-230,0,10,-120,40,320,180,-10,-230,-40,-90,-410,-240,260,-330,-160,-270,10,30,320,300,-20,10,240,130,60,230,100,-120,550,900,220,-850,0,140,-260,110,-70,70,-20,280,700,20,-30,410,90,310,330,670,550,220,270,-20,-50,140,590,-90,-320,-310,420,170,1280,1310,-720,10,380,-30,0,130,530,600,80,280,-590,-280,-530,250,100,30,320,180,800,210,420,-880,490,610,1460,-310,650,50,920,940,1490
905,170,170,40,30,110,290,-230,0,10,-120,40,320,180,-10,-230,-40,-90,-410,-240,260,-330,-160,-270,10,30,320,300,-20,10,240,130,60,230,100,-120,550,900,220,-850,0,140,-260,110,-70,70,-20,280,700,20,-30,410,90,310,330,670,550,220,270,-20,-50,140,590,-90,-320,-310,420,170,1280,1310,-720,10,380,-30,0,130,530,600,80,280,-590,-280,-530,250,100,30,320,180,800,210,420,-880,490,610,1460,-310,650,50,920,940,1490,970
906,170,40,30,110,290,-230,0,10,-120,40,320,180,-10,-230,-40,-90,-410,-240,260,-330,-160,-270,10,30,320,300,-20,10,240,130,60,230,100,-120,550,900,220,-850,0,140,-260,110,-70,70,-20,280,700,20,-30,410,90,310,330,670,550,220,270,-20,-50,140,590,-90,-320,-310,420,170,1280,1310,-720,10,380,-30,0,130,530,600,80,280,-590,-280,-530,250,100,30,320,180,800,210,420,-880,490,610,1460,-310,650,50,920,940,1490,970,2030
907,40,30,110,290,-230,0,10,-120,40,320,180,-10,-230,-40,-90,-410,-240,260,-330,-160,-270,10,30,320,300,-20,10,240,130,60,230,100,-120,550,900,220,-850,0,140,-260,110,-70,70,-20,280,700,20,-30,410,90,310,330,670,550,220,270,-20,-50,140,590,-90,-320,-310,420,170,1280,1310,-720,10,380,-30,0,130,530,600,80,280,-590,-280,-530,250,100,30,320,180,800,210,420,-880,490,610,1460,-310,650,50,920,940,1490,970,2030,-650
908,30,110,290,-230,0,10,-120,40,320,180,-10,-230,-40,-90,-410,-240,260,-330,-160,-270,10,30,320,300,-20,10,240,130,60,230,100,-120,550,900,220,-850,0,140,-260,110,-70,70,-20,280,700,20,-30,410,90,310,330,670,550,220,270,-20,-50,140,590,-90,-320,-310,420,170,1280,1310,-720,10,380,-30,0,130,530,600,80,280,-590,-280,-530,250,100,30,320,180,800,210,420,-880,490,610,1460,-310,650,50,920,940,1490,970,2030,-650,320
909,110,290,-230,0,10,-120,40,320,180,-10,-230,-40,-90,-410,-240,260,-330,-160,-270,10,30,320,300,-20,10,240,130,60,230,100,-120,550,900,220,-850,0,140,-260,110,-70,70,-20,280,700,20,-30,410,90,310,330,670,550,220,270,-20,-50,140,590,-90,-320,-310,420,170,1280,1310,-720,10,380,-30,0,130,530,600,80,280,-590,-280,-530,250,100,30,320,180,800,210,420,-880,490,610,1460,-310,650,50,920,940,1490,970,2030,-650,320,-3660
910,290,-230,0,10,-120,40,320,180,-10,-230,-40,-90,-410,-240,260,-330,-160,-270,10,30,320,300,-20,10,240,130,60,230,100,-120,550,900,220,-850,0,140,-260,110,-70,70,-20,280,700,20,-30,410,90,310,330,670,550,220,270,-20,-50,140,590,-90,-320,-310,420,170,1280,1310,-720,10,380,-30,0,130,530,600,80,280,-590,-280,-530,250,100,30,320,180,800,210,420,-880,490,610,1460,-310,650,50,920,940,1490,970,2030,-650,320,-3660,-2950
911,-230,0,10,-120,40,320,180,-10,-230,-40,-90,-410,-240,260,-330,-160,-270,10,30,320,300,-20,10,240,130,60,230,100,-120,550,900,220,-850,0,140,-260,110,-70,70,-20,280,700,20,-30,410,90,310,330,670,550,220,270,-20,-50,140,590,-90,-320,-310,420,170,1280,1310,-720,10,380,-30,0,130,530,600,80,280,-590,-280,-530,250,100,30,320,180,800,210,420,-880,490,610,1460,-310,650,50,920,940,1490,970,2030,-650,320,-3660,-2950,-2690
912,0,10,-120,40,320,180,-10,-230,-40,-90,-410,-240,260,-330,-160,-270,10,30,320,300,-20,10,240,130,60,230,100,-120,550,900,220,-850,0,140,-260,110,-70,70,-20,280,700,20,-30,410,90,310,330,670,550,220,270,-20,-50,140,590,-90,-320,-310,420,170,1280,1310,-720,10,380,-30,0,130,530,600,80,280,-590,-280,-530,250,100,30,320,180,800,210,420,-880,490,610,1460,-310,650,50,920,940,1490,970,2030,-650,320,-3660,-2950,-2690,130
913,10,-120,40,320,180,-10,-230,-40,-90,-410,-240,260,-330,-160,-270,10,30,320,300,-20,10,240,130,60,230,100,-120,550,900,220,-850,0,140,-260,110,-70,70,-20,280,700,20,-30,410,90,310,330,670,550,220,270,-20,-50,140,590,-90,-320,-310,420,170,1280,1310,-720,10,380,-30,0,130,530,600,80,280,-590,-280,-530,250,100,30,320,180,800,210,420,-880,490,610,1460,-310,650,50,920,940,1490,970,2030,-650,320,-3660,-2950,-2690,130,350
914,-120,40,320,180,-10,-230,-40,-90,-410,-240,260,-330,-160,-270,10,30,320,300,-20,10,240,130,60,230,100,-120,550,900,220,-850,0,140,-260,110,-70,70,-20,280,700,20,-30,410,90,310,330,670,550,220,270,-20,-50,140,590,-90,-320,-310,420,170,1280,1310,-720,10,380,-30,0,130,530,600,80,280,-590,-280,-530,250,100,30,320,180,800,210,420,-880,490,610,1460,-310,650,50,920,940,1490,970,2030,-650,320,-3660,-2950,-2690,130,350,-150
915,40,320,180,-10,-230,-40,-90,-410,-240,260,-330,-160,-270,10,30,320,300,-20,10,240,130,60,230,100,-120,550,900,220,-850,0,140,-260,110,-70,70,-20,280,700,20,-30,410,90,310,330,670,550,220,270,-20,-50,140,590,-90,-320,-310,420,170,1280,1310,-720,10,380,-30,0,130,530,600,80,280,-590,-280,-530,250,100,30,320,180,800,210,420,-880,490,610,1460,-310,650,50,920,940,1490,970,2030,-650,320,-3660,-2950,-2690,130,350,-150,-250
916,320,180,-10,-230,-40,-90,-410,-240,260,-330,-160,-270,10,30,320,300,-20,10,240,130,60,230,100,-120,550,900,220,-850,0,140,-260,110,-70,70,-20,280,700,20,-30,410,90,310,330,670,550,220,270,-20,-50,140,590,-90,-320,-310,420,170,1280,1310,-720,10,380,-30,0,130,530,600,80,280,-590,-280,-530,250,100,30,320,180,800,210,420,-880,490,610,1460,-310,650,50,920,940,1490,970,2030,-650,320,-3660,-2950,-2690,130,350,-150,-250,330
917,180,-10,-230,-40,-90,-410,-240,260,-330,-160,-270,10,30,320,300,-20,10,240,130,60,230,100,-120,550,900,220,-850,0,140,-260,110,-70,70,-20,280,700,20,-30,410,90,310,330,670,550,220,270,-20,-50,140,590,-90,-320,-310,420,170,1280,1310,-720,10,380,-30,0,130,530,600,80,280,-590,-280,-530,250,100,30,320,180,800,210,420,-880,490,610,1460,-310,650,50,920,940,1490,970,2030,-650,320,-3660,-2950,-2690,130,350,-150,-250,330,940
918,-10,-230,-40,-90,-410,-240,260,-330,-160,-270,10,30,320,300,-20,10,240,130,60,230,100,-120,550,900,220,-850,0,140,-260,110,-70,70,-20,280,700,20,-30,410,90,310,330,670,550,220,270,-20,-50,140,590,-90,-320,-310,420,170,1280,1310,-720,10,380,-30,0,130,530,600,80,280,-590,-280,-530,250,100,30,320,180,800,210,420,-880,490,610,1460,-310,650,50,920,940,1490,970,2030,-650,320,-3660,-2950,-2690,130,350,-150,-250,330,940,330
919,-230,-40,-90,-410,-240,260,-330,-160,-270,10,30,320,300,-20,10,240,130,60,230,100,-120,550,900,220,-850,0,140,-260,110,-70,70,-20,280,700,20,-30,410,90,310,330,670,550,220,270,-20,-50,140,590,-90,-320,-310,420,170,1280,1310,-720,10,380,-30,0,130,530,600,80,280,-590,-280,-530,250,100,30,320,180,800,210,420,-880,490,610,1460,-310,650,50,920,940,1490,970,2030,-650,320,-3660,-2950,-2690,130,350,-150,-250,330,940,330,490
920,-40,-90,-410,-240,260,-330,-160,-270,10,30,320,300,-20,10,240,130,60,230,100,-120,550,900,220,-850,0,140,-260,110,-70,70,-20,280,700,20,-30,410,90,310,330,670,550,220,270,-20,-50,140,590,-90,-320,-310,420,170,1280,1310,-720,10,380,-30,0,130,530,600,80,280,-590,-280,-530,250,100,30,320,180,800,210,420,-880,490,610,1460,-310,650,50,920,940,1490,970,2030,-650,320,-3660,-2950,-2690,130,350,-150,-250,330,940,330,490,250
921,-90,-410,-240,260,-330,-160,-270,10,30,320,300,-20,10,240,130,60,230,100,-120,550,900,220,-850,0,140,-260,110,-70,70,-20,280,700,20,-30,410,90,310,330,670,550,220,270,-20,-50,140,590,-90,-320,-310,420,170,1280,1310,-720,10,380,-30,0,130,530,600,80,280,-590,-280,-530,250,100,30,320,180,800,210,420,-880,490,610,1460,-310,650,50,920,940,1490,970,2030,-650,320,-3660,-2950,-2690,130,350,-150,-250,330,940,330,490,250,-30
922,-410,-240,260,-330,-160,-270,10,30,320,300,-20,10,240,130,60,230,100,-120,550,900,220,-850,0,140,-260,110,-70,70,-20,280,700,20,-30,410,90,310,330,670,550,220,270,-20,-50,140,590,-90,-320,-310,420,170,1280,1310,-720,10,380,-30,0,130,530,600,80,280,-590,-280,-530,250,100,30,320,180,800,210,420,-880,490,610,1460,-310,650,50,920,940,1490,970,2030,-650,320,-3660,-2950,-2690,130,350,-150,-250,330,940,330,490,250,-30,380
923,-240,260,-330,-160,-270,10,30,320,300,-20,10,240,130,60,230,100,-120,550,900,220,-850,0,140,-260,110,-70,70,-20,280,700,20,-30,410,90,310,330,670,550,220,270,-20,-50,140,590,-90,-320,-310,420,170,1280,1310,-720,10,380,-30,0,130,530,600,80,280,-590,-280,-530,250,100,30,320,180,800,210,420,-880,490,610,1460,-310,650,50,920,940,1490,970,2030,-650,320,-3660,-2950,-2690,130,350,-150,-250,330,940,330,490,250,-30,380,760
924,260,-330,-160,-270,10,30,320,300,-20,10,240,130,60,230,100,-120,550,900,220,-850,0,140,-260,110,-70,70,-20,280,700,20,-30,410,90,310,330,670,550,220,270,-20,-50,140,590,-90,-320,-310,420,170,1280,1310,-720,10,380,-30,0,130,530,600,80,280,-590,-280,-530,250,100,30,320,180,800,210,420,-880,490,610,1460,-310,650,50,920,940,1490,970,2030,-650,320,-3660,-2950,-2690,130,350,-150,-250,330,940,330,490,250,-30,380,760,710
925,-330,-160,-270,10,30,320,300,-20,10,240,130,60,230,100,-120,550,900,220,-850,0,140,-260,110,-70,70,-20,280,700,20,-30,410,90,310,330,670,550,220,270,-20,-50,140,590,-90,-320,-310,420,170,1280,1310,-720,10,380,-30,0,130,530,600,80,280,-590,-280,-530,250,100,30,320,180,800,210,420,-880,490,610,1460,-310,650,50,920,940,1490,970,2030,-650,320,-3660,-2950,-2690,130,350,-150,-250,330,940,330,490,250,-30,380,760,710,770
926,-160,-270,10,30,320,300,-20,10,240,130,60,230,100,-120,550,900,220,-850,0,140,-260,110,-70,70,-20,280,700,20,-30,410,90,310,330,670,550,220,270,-20,-50,140,590,-90,-320,-310,420,170,1280,1310,-720,10,380,-30,0,130,530,600,80,280,-590,-280,-530,250,100,30,320,180,800,210,420,-880,490,610,1460,-310,650,50,920,940,1490,970,2030,-650,320,-3660,-2950,-2690,130,350,-150,-250,330,940,330,490,250,-30,380,760,710,770,370
927,-270,10,30,320,300,-20,10,240,130,60,230,100,-120,550,900,220,-850,0,140,-260,110,-70,70,-20,280,700,20,-30,410,90,310,330,670,550,220,270,-20,-50,140,590,-90,-320,-310,420,170,1280,1310,-720,10,380,-30,0,130,530,600,80,280,-590,-280,-530,250,100,30,320,180,800,210,420,-880,490,610,1460,-310,650,50,920,940,1490,970,2030,-650,320,-3660,-2950,-2690,130,350,-150,-250,330,940,330,490,250,-30,380,760,710,770,370,200
928,10,30,320,300,-20,10,240,130,60,230,100,-120,550,900,220,-850,0,140,-260,110,-70,70,-20,280,700,20,-30,410,90,310,330,670,550,220,270,-20,-50,140,590,-90,-320,-310,420,170,1280,1310,-720,10,380,-30,0,130,530,600,80,280,-590,-280,-530,250,100,30,320,180,800,210,420,-880,490,610,1460,-310,650,50,920,940,1490,970,2030,-650,320,-3660,-2950,-2690,130,350,-150,-250,330,940,330,490,250,-30,380,760,710,770,370,200,-320
929,30,320,300,-20,10,240,130,60,230,100,-120,550,900,220,-850,0,140,-260,110,-70,70,-20,280,700,20,-30,410,90,310,330,670,550,220,270,-20,-50,140,590,-90,-320,-310,420,170,1280,1310,-720,10,380,-30,0,130,530,600,80,280,-590,-280,-530,250,100,30,320,180,800,210,420,-880,490,610,1460,-310,650,50,920,940,1490,970,2030,-650,320,-3660,-2950,-2690,130,350,-150,-250,330,940,330,490,250,-30,380,760,710,770,370,200,-320,-780
930,320,300,-20,10,240,130,60,230,100,-120,550,900,220,-850,0,140,-260,110,-70,70,-20,280,700,20,-30,410,90,310,330,670,550,220,270,-20,-50,140,590,-90,-320,-310,420,170,1280,1310,-720,10,380,-30,0,130,530,600,80,280,-590,-280,-530,250,100,30,320,180,800,210,420,-880,490,610,1460,-310,650,50,920,940,1490,970,2030,-650,320,-3660,-2950,-2690,130,350,-150,-250,330,940,330,490,250,-30,380,760,710,770,370,200,-320,-780,-630
931,300,-20,10,240,130,60,230,100,-120,550,900,220,-850,0,140,-260,110,-70,70,-20,280,700,20,-30,410,90,310,330,670,550,220,270,-20,-50,140,590,-90,-320,-310,420,170,1280,1310,-720,10,380,-30,0,130,530,600,80,280,-590,-280,-530,250,100,30,320,180,800,210,420,-880,490,610,1460,-310,650,50,920,940,1490,970,2030,-650,320,-3660,-2950,-2690,130,350,-150,-250,330,940,330,490,250,-30,380,760,710,770,370,200,-320,-780,-630,290
932,-20,10,240,130,60,230,100,-120,550,900,220,-850,0,140,-260,110,-70,70,-20,280,700,20,-30,410,90,310,330,670,550,220,270,-20,-50,140,590,-90,-320,-310,420,170,1280,1310,-720,10,380,-30,0,130,530,600,80,280,-590,-280,-530,250,100,30,320,180,800,210,420,-880,490,610,1460,-310,650,50,920,940,1490,970,2030,-650,320,-3660,-2950,-2690,130,350,-150,-250,330,940,330,490,250,-30,380,760,710,770,370,200,-320,-780,-630,290,330
933,10,240,130,60,230,100,-120,550,900,220,-850,0,140,-260,110,-70,70,-20,280,700,20,-30,410,90,310,330,670,550,220,270,-20,-50,140,590,-90,-320,-310,420,170,1280,1310,-720,10,380,-30,0,130,530,600,80,280,-590,-280,-530,250,100,30,320,180,800,210,420,-880,490,610,1460,-310,650,50,920,940,1490,970,2030,-650,320,-3660,-2950,-2690,130,350,-150,-250,330,940,330,490,250,-30,380,760,710,770,370,200,-320,-780,-630,290,330,460
934,240,130,60,230,100,-120,550,900,220,-850,0,140,-260,110,-70,70,-20,280,700,20,-30,410,90,310,330,670,550,220,270,-20,-50,140,590,-90,-320,-310,420,170,1280,1310,-720,10,380,-30,0,130,530,600,80,280,-590,-280,-530,250,100,30,320,180,800,210,420,-880,490,610,1460,-310,650,50,920,940,1490,970,2030,-650,320,-3660,-2950,-2690,130,350,-150,-250,330,940,330,490,250,-30,380,760,710,770,370,200,-320,-780,-630,290,330,460,960
935,130,60,230,100,-120,550,900,220,-850,0,140,-260,110,-70,70,-20,280,700,20,-30,410,90,310,330,670,550,220,270,-20,-50,140,590,-90,-320,-310,420,170,1280,1310,-720,10,380,-30,0,130,530,600,80,280,-590,-280,-530,250,100,30,320,180,800,210,420,-880,490,610,1460,-310,650,50,920,940,1490,970,2030,-650,320,-3660,-2950,-2690,130,350,-150,-250,330,940,330,490,250,-30,380,760,710,770,370,200,-320,-780,-630,290,330,460,960,730
936,60,230,100,-120,550,900,220,-850,0,140,-260,110,-70,70,-20,280,700,20,-30,410,90,310,330,670,550,220,270,-20,-50,140,590,-90,-320,-310,420,170,1280,1310,-720,10,380,-30,0,130,530,600,80,280,-590,-280,-530,250,100,30,320,180,800,210,420,-880,490,610,1460,-310,650,50,920,940,1490,970,2030,-650,320,-3660,-2950,-2690,130,350,-150,-250,330,940,330,490,250,-30,380,760,710,770,370,200,-320,-780,-630,290,330,460,960,730,1190
937,230,100,-120,550,900,220,-850,0,140,-260,110,-70,70,-20,280,700,20,-30,410,90,310,330,670,550,220,270,-20,-50,140,590,-90,-320,-310,420,170,1280,1310,-720,10,380,-30,0,130,530,600,80,280,-590,-280,-530,250,100,30,320,180,800,210,420,-880,490,610,1460,-310,650,50,920,940,1490,970,2030,-650,320,-3660,-2950,-2690,130,350,-150,-250,330,940,330,490,250,-30,380,760,710,770,370,200,-320,-780,-630,290,330,460,960,730,1190,1410
938,100,-120,550,900,220,-850,0,140,-260,110,-70,70,-20,280,700,20,-30,410,90,310,330,670,550,220,270,-20,-50,140,590,-90,-320,-310,420,170,1280,1310,-720,10,380,-30,0,130,530,600,80,280,-590,-280,-530,250,100,30,320,180,800,210,420,-880,490,610,1460,-310,650,50,920,940,1490,970,2030,-650,320,-3660,-2950,-2690,130,350,-150,-250,330,940,330,490,250,-30,380,760,710,770,370,200,-320,-780,-630,290,330,460,960,730,1190,1410,600
939,-120,550,900,220,-850,0,140,-260,110,-70,70,-20,280,700,20,-30,410,90,310,330,670,550,220,270,-20,-50,140,590,-90,-320,-310,420,170,1280,1310,-720,10,380,-30,0,130,530,600,80,280,-590,-280,-530,250,100,30,320,180,800,210,420,-880,490,610,1460,-310,650,50,920,940,1490,970,2030,-650,320,-3660,-2950,-2690,130,350,-150,-250,330,940,330,490,250,-30,380,760,710,770,370,200,-320,-780,-630,290,330,460,960,730,1190,1410,600,1450
940,550,900,220,-850,0,140,-260,110,-70,70,-20,280,700,20,-30,410,90,310,330,670,550,220,270,-20,-50,140,590,-90,-320,-310,420,170,1280,1310,-720,10,380,-30,0,130,530,600,80,280,-590,-280,-530,250,100,30,320,180,800,210,420,-880,490,610,1460,-310,650,50,920,940,1490,970,2030,-650,320,-3660,-2950,-2690,130,350,-150,-250,330,940,330,490,250,-30,380,760,710,770,370,200,-320,-780,-630,290,330,460,960,730,1190,1410,600,1450,980
941,900,220,-850,0,140,-260,110,-70,70,-20,280,700,20,-30,410,90,310,330,670,550,220,270,-20,-50,140,590,-90,-320,-310,420,170,1280,1310,-720,10,380,-30,0,130,530,600,80,280,-590,-280,-530,250,100,30,320,180,800,210,420,-880,490,610,1460,-310,650,50,920,940,1490,970,2030,-650,320,-3660,-2950,-2690,130,350,-150,-250,330,940,330,490,250,-30,380,760,710,770,370,200,-320,-780,-630,290,330,460,960,730,1190,1410,600,1450,980,-220
942,220,-850,0,140,-260,110,-70,70,-20,280,700,20,-30,410,90,310,330,670,550,220,270,-20,-50,140,590,-90,-320,-310,420,170,1280,1310,-720,10,380,-30,0,130,530,600,80,280,-590,-280,-530,250,100,30,320,180,800,210,420,-880,490,610,1460,-310,650,50,920,940,1490,970,2030,-650,320,-3660,-2950,-2690,130,350,-150,-250,330,940,330,490,250,-30,380,760,710,770,370,200,-320,-780,-630,290,330,460,960,730,1190,1410,600,1450,980,-220,-100
943,-850,0,140,-260,110,-70,70,-20,280,700,20,-30,410,90,310,330,670,550,220,270,-20,-50,140,590,-90,-320,-310,420,170,1280,1310,-720,10,380,-30,0,130,530,600,80,280,-590,-280,-530,250,100,30,320,180,800,210,420,-880,490,610,1460,-310,650,50,920,940,1490,970,2030,-650,320,-3660,-2950,-2690,130,350,-150,-250,330,940,330,490,250,-30,380,760,710,770,370,200,-320,-780,-630,290,330,460,960,730,1190,1410,600,1450,980,-220,-100,-160
944,0,140,-260,110,-70,70,-20,280,700,20,-30,410,90,310,330,670,550,220,270,-20,-50,140,590,-90,-320,-310,420,170,1280,1310,-720,10,380,-30,0,130,530,600,80,280,-590,-280,-530,250,100,30,320,180,800,210,420,-880,490,610,1460,-310,650,50,920,940,1490,970,2030,-650,320,-3660,-2950,-2690,130,350,-150,-250,330,940,330,490,250,-30,380,760,710,770,370,200,-320,-780,-630,290,330,460,960,730,1190,1410,600,1450,980,-220,-100,-160,-100
945,140,-260,110,-70,70,-20,280,700,20,-30,410,90,310,330,670,550,220,270,-20,-50,140,590,-90,-320,-310,420,170,1280,1310,-720,10,380,-30,0,130,530,600,80,280,-590,-280,-530,250,100,30,320,180,800,210,420,-880,490,610,1460,-310,650,50,920,940,1490,970,2030,-650,320,-3660,-2950,-2690,130,350,-150,-250,330,940,330,490,250,-30,380,760,710,770,370,200,-320,-780,-630,290,330,460,960,730,1190,1410,600,1450,980,-220,-100,-160,-100,-1080
946,-260,110,-70,70,-20,280,700,20,-30,410,90,310,330,670,550,220,270,-20,-50,140,590,-90,-320,-310,420,170,1280,1310,-720,10,380,-30,0,130,530,600,80,280,-590,-280,-530,250,100,30,320,180,800,210,420,-880,490,610,1460,-310,650,50,920,940,1490,970,2030,-650,320,-3660,-2950,-2690,130,350,-150,-250,330,940,330,490,250,-30,380,760,710,770,370,200,-320,-780,-630,290,330,460,960,730,1190,1410,600,1450,980,-220,-100,-160,-100,-1080,-960
947,110,-70,70,-20,280,700,20,-30,410,90,310,330,670,550,220,270,-20,-50,140,590,-90,-320,-310,420,170,1280,1310,-720,10,380,-30,0,130,530,600,80,280,-590,-280,-530,250,100,30,320,180,800,210,420,-880,490,610,1460,-310,650,50,920,940,1490,970,2030,-650,320,-3660,-2950,-2690,130,350,-150,-250,330,940,330,490,250,-30,380,760,710,770,370,200,-320,-780,-630,290,330,460,960,730,1190,1410,600,1450,980,-220,-100,-160,-100,-1080,-960,-1120
948,-70,70,-20,280,700,20,-30,410,90,310,330,670,550,220,270,-20,-50,140,590,-90,-320,-310,420,170,1280,1310,-720,10,380,-30,0,130,530,600,80,280,-590,-280,-530,250,100,30,320,180,800,210,420,-880,490,610,1460,-310,650,50,920,940,1490,970,2030,-650,320,-3660,-2950,-2690,130,350,-150,-250,330,940,330,490,250,-30,380,760,710,770,370,200,-320,-780,-630,290,330,460,960,730,1190,1410,600,1450,980,-220,-100,-160,-100,-1080,-960,-1120,390
949,70,-20,280,700,20,-30,410,90,310,330,670,550,220,270,-20,-50,140,590,-90,-320,-310,420,170,1280,1310,-720,10,380,-30,0,130,530,600,80,280,-590,-280,-530,250,100,30,320,180,800,210,420,-880,490,610,1460,-310,650,50,920,940,1490,970,2030,-650,320,-3660,-2950,-2690,130,350,-150,-250,330,940,330,490,250,-30,380,760,710,770,370,200,-320,-780,-630,290,330,460,960,730,1190,1410,600,1450,980,-220,-100,-160,-100,-1080,-960,-1120,390,660
950,-20,280,700,20,-30,410,90,310,330,670,550,220,270,-20,-50,140,590,-90,-320,-310,420,170,1280,1310,-720,10,380,-30,0,130,530,600,80,280,-590,-280,-530,250,100,30,320,180,800,210,420,-880,490,610,1460,-310,650,50,920,940,1490,970,2030,-650,320,-3660,-2950,-2690,130,350,-150,-250,330,940,330,490,250,-30,380,760,710,770,370,200,-320,-780,-630,290,330,460,960,730,1190,1410,600,1450,980,-220,-100,-160,-100,-1080,-960,-1120,390,660,1240
951,280,700,20,-30,410,90,310,330,670,550,220,270,-20,-50,140,590,-90,-320,-310,420,170,1280,1310,-720,10,380,-30,0,130,530,600,80,280,-590,-280,-530,250,100,30,320,180,800,210,420,-880,490,610,1460,-310,650,50,920,940,1490,970,2030,-650,320,-3660,-2950,-2690,130,350,-150,-250,330,940,330,490,250,-30,380,760,710,770,370,200,-320,-780,-630,290,330,460,960,730,1190,1410,600,1450,980,-220,-100,-160,-100,-1080,-960,-1120,390,660,1240,160
952,700,20,-30,410,90,310,330,670,550,220,270,-20,-50,140,590,-90,-320,-310,420,170,1280,1310,-720,10,380,-30,0,130,530,600,80,280,-590,-280,-530,250,100,30,320,180,800,210,420,-880,490,610,1460,-310,650,50,920,940,1490,970,2030,-650,320,-3660,-2950,-2690,130,350,-150,-250,330,940,330,490,250,-30,380,760,710,770,370,200,-320,-780,-630,290,330,460,960,730,1190,1410,600,1450,980,-220,-100,-160,-100,-1080,-960,-1120,390,660,1240,160,-770
953,20,-30,410,90,310,330,670,550,220,270,-20,-50,140,590,-90,-320,-310,420,170,1280,1310,-720,10,380,-30,0,130,530,600,80,280,-590,-280,-530,250,100,30,320,180,800,210,420,-880,490,610,1460,-310,650,50,920,940,1490,970,2030,-650,320,-3660,-2950,-2690,130,350,-150,-250,330,940,330,490,250,-30,380,760,710,770,370,200,-320,-780,-630,290,330,460,960,730,1190,1410,600,1450,980,-220,-100,-160,-100,-1080,-960,-1120,390,660,1240,160,-770,-2180
954,-30,410,90,310,330,670,550,220,270,-20,-50,140,590,-90,-320,-310,420,170,1280,1310,-720,10,380,-30,0,130,530,600,80,280,-590,-280,-530,250,100,30,320,180,800,210,420,-880,490,610,1460,-310,650,50,920,940,1490,970,2030,-650,320,-3660,-2950,-2690,130,350,-150,-250,330,940,330,490,250,-30,380,760,710,770,370,200,-320,-780,-630,290,330,460,960,730,1190,1410,600,1450,980,-220,-100,-160,-100,-1080,-960,-1120,390,660,1240,160,-770,-2180,-460
955,410,90,310,330,670,550,220,270,-20,-50,140,590,-90,-320,-310,420,170,1280,1310,-720,10,380,-30,0,130,530,600,80,280,-590,-280,-530,250,100,30,320,180,800,210,420,-880,490,610,1460,-310,650,50,920,940,1490,970,2030,-650,320,-3660,-2950,-2690,130,350,-150,-250,330,940,330,490,250,-30,380,760,710,770,370,200,-320,-780,-630,290,330,460,960,730,1190,1410,600,1450,980,-220,-100,-160,-100,-1080,-960,-1120,390,660,1240,160,-770,-2180,-460,40
956,90,310,330,670,550,220,270,-20,-50,140,590,-90,-320,-310,420,170,1280,1310,-720,10,380,-30,0,130,530,600,80,280,-590,-280,-530,250,100,30,320,180,800,210,420,-880,490,610,1460,-310,650,50,920,940,1490,970,2030,-650,320,-3660,-2950,-2690,130,350,-150,-250,330,940,330,490,250,-30,380,760,710,770,370,200,-320,-780,-630,290,330,460,960,730,1190,1410,600,1450,980,-220,-100,-160,-100,-1080,-960,-1120,390,660,1240,160,-770,-2180,-460,40,420
957,310,330,670,550,220,270,-20,-50,140,590,-90,-320,-310,420,170,1280,1310,-720,10,380,-30,0,130,530,600,80,280,-590,-280,-530,250,100,30,320,180,800,210,420,-880,490,610,1460,-310,650,50,920,940,1490,970,2030,-650,320,-3660,-2950,-2690,130,350,-150,-250,330,940,330,490,250,-30,380,760,710,770,370,200,-320,-780,-630,290,330,460,960,730,1190,1410,600,1450,980,-220,-100,-160,-100,-1080,-960,-1120,390,660,1240,160,-770,-2180,-460,40,420,80
958,330,670,550,220,270,-20,-50,140,590,-90,-320,-310,420,170,1280,1310,-720,10,380,-30,0,130,530,600,80,280,-590,-280,-530,250,100,30,320,180,800,210,420,-880,490,610,1460,-310,650,50,920,940,1490,970,2030,-650,320,-3660,-2950,-2690,130,350,-150,-250,330,940,330,490,250,-30,380,760,710,770,370,200,-320,-780,-630,290,330,460,960,730,1190,1410,600,1450,980,-220,-100,-160,-100,-1080,-960,-1120,390,660,1240,160,-770,-2180,-460,40,420,80,-370
959,670,550,220,270,-20,-50,140,590,-90,-320,-310,420,170,1280,1310,-720,10,380,-30,0,130,530,600,80,280,-590,-280,-530,250,100,30,320,180,800,210,420,-880,490,610,1460,-310,650,50,920,940,1490,970,2030,-650,320,-3660,-2950,-2690,130,350,-150,-250,330,940,330,490,250,-30,380,760,710,770,370,200,-320,-780,-630,290,330,460,960,730,1190,1410,600,1450,980,-220,-100,-160,-100,-1080,-960,-1120,390,660,1240,160,-770,-2180,-460,40,420,80,-370,60
960,550,220,270,-20,-50,140,590,-90,-320,-310,420,170,1280,1310,-720,10,380,-30,0,130,530,600,80,280,-590,-280,-530,250,100,30,320,180,800,210,420,-880,490,610,1460,-310,650,50,920,940,1490,970,2030,-650,320,-3660,-2950,-2690,130,350,-150,-250,330,940,330,490,250,-30,380,760,710,770,370,200,-320,-780,-630,290,330,460,960,730,1190,1410,600,1450,980,-220,-100,-160,-100,-1080,-960,-1120,390,660,1240,160,-770,-2180,-460,40,420,80,-370,60,830
961,220,270,-20,-50,140,590,-90,-320,-310,420,170,1280,1310,-720,10,380,-30,0,130,530,600,80,280,-590,-280,-530,250,100,30,320,180,800,210,420,-880,490,610,1460,-310,650,50,920,940,1490,970,2030,-650,320,-3660,-2950,-2690,130,350,-150,-250,330,940,330,490,250,-30,380,760,710,770,370,200,-320,-780,-630,290,330,460,960,730,1190,1410,600,1450,980,-220,-100,-160,-100,-1080,-960,-1120,390,660,1240,160,-770,-2180,-460,40,420,80,-370,60,830,1040
962,270,-20,-50,140,590,-90,-320,-310,420,170,1280,1310,-720,10,380,-30,0,130,530,600,80,280,-590,-280,-530,250,100,30,320,180,800,210,420,-880,490,610,1460,-310,650,50,920,940,1490,970,2030,-650,320,-3660,-2950,-2690,130,350,-150,-250,330,940,330,490,250,-30,380,760,710,770,370,200,-320,-780,-630,290,330,460,960,730,1190,1410,600,1450,980,-220,-100,-160,-100,-1080,-960,-1120,390,660,1240,160,-770,-2180,-460,40,420,80,-370,60,830,1040,-620
963,-20,-50,140,590,-90,-320,-310,420,170,1280,1310,-720,10,380,-30,0,130,530,600,80,280,-590,-280,-530,250,100,30,320,180,800,210,420,-880,490,610,1460,-310,650,50,920,940,1490,970,2030,-650,320,-3660,-2950,-2690,130,350,-150,-250,330,940,330,490,250,-30,380,760,710,770,370,200,-320,-780,-630,290,330,460,960,730,1190,1410,600,1450,980,-220,-100,-160,-100,-1080,-960,-1120,390,660,1240,160,-770,-2180,-460,40,420,80,-370,60,830,1040,-620,-620
964,-50,140,590,-90,-320,-310,420,170,1280,1310,-720,10,380,-30,0,130,530,600,80,280,-590,-280,-530,250,100,30,320,180,800,210,420,-880,490,610,1460,-310,650,50,920,940,1490,970,2030,-650,320,-3660,-2950,-2690,130,350,-150,-250,330,940,330,490,250,-30,380,760,710,770,370,200,-320,-780,-630,290,330,460,960,730,1190,1410,600,1450,980,-220,-100,-160,-100,-1080,-960,-1120,390,660,1240,160,-770,-2180,-460,40,420,80,-370,60,830,1040,-620,-620,-40
965,140,590,-90,-320,-310,420,170,1280,1310,-720,10,380,-30,0,130,530,600,80,280,-590,-280,-530,250,100,30,320,180,800,210,420,-880,490,610,1460,-310,650,50,920,940,1490,970,2030,-650,320,-3660,-2950,-2690,130,350,-150,-250,330,940,330,490,250,-30,380,760,710,770,370,200,-320,-780,-630,290,330,460,960,730,1190,1410,600,1450,980,-220,-100,-160,-100,-1080,-960,-1120,390,660,1240,160,-770,-2180,-460,40,420,80,-370,60,830,1040,-620,-620,-40,10
966,590,-90,-320,-310,420,170,1280,1310,-720,10,380,-30,0,130,530,600,80,280,-590,-280,-530,250,100,30,320,180,800,210,420,-880,490,610,1460,-310,650,50,920,940,1490,970,2030,-650,320,-3660,-2950,-2690,130,350,-150,-250,330,940,330,490,250,-30,380,760,710,770,370,200,-320,-780,-630,290,330,460,960,730,1190,1410,600,1450,980,-220,-100,-160,-100,-1080,-960,-1120,390,660,1240,160,-770,-2180,-460,40,420,80,-370,60,830,1040,-620,-620,-40,10,-330
967,-90,-320,-310,420,170,1280,1310,-720,10,380,-30,0,130,530,600,80,280,-590,-280,-530,250,100,30,320,180,800,210,420,-880,490,610,1460,-310,650,50,920,940,1490,970,2030,-650,320,-3660,-2950,-2690,130,350,-150,-250,330,940,330,490,250,-30,380,760,710,770,370,200,-320,-780,-630,290,330,460,960,730,1190,1410,600,1450,980,-220,-100,-160,-100,-1080,-960,-1120,390,660,1240,160,-770,-2180,-460,40,420,80,-370,60,830,1040,-620,-620,-40,10,-330,-50
968,-320,-310,420,170,1280,1310,-720,10,380,-30,0,130,530,600,80,280,-590,-280,-530,250,100,30,320,180,800,210,420,-880,490,610,1460,-310,650,50,920,940,1490,970,2030,-650,320,-3660,-2950,-2690,130,350,-150,-250,330,940,330,490,250,-30,380,760,710,770,370,200,-320,-780,-630,290,330,460,960,730,1190,1410,600,1450,980,-220,-100,-160,-100,-1080,-960,-1120,390,660,1240,160,-770,-2180,-460,40,420,80,-370,60,830,1040,-620,-620,-40,10,-330,-50,-60
969,-310,420,170,1280,1310,-720,10,380,-30,0,130,530,600,80,280,-590,-280,-530,250,100,30,320,180,800,210,420,-880,490,610,1460,-310,650,50,920,940,1490,970,2030,-650,320,-3660,-2950,-2690,130,350,-150,-250,330,940,330,490,250,-30,380,760,710,770,370,200,-320,-780,-630,290,330,460,960,730,1190,1410,600,1450,980,-220,-100,-160,-100,-1080,-960,-1120,390,660,1240,160,-770,-2180,-460,40,420,80,-370,60,830,1040,-620,-620,-40,10,-330,-50,-60,-420
970,420,170,1280,1310,-720,10,380,-30,0,130,530,600,80,280,-590,-280,-530,250,100,30,320,180,800,210,420,-880,490,610,1460,-310,650,50,920,940,1490,970,2030,-650,320,-3660,-2950,-2690,130,350,-150,-250,330,940,330,490,250,-30,380,760,710,770,370,200,-320,-780,-630,290,330,460,960,730,1190,1410,600,1450,980,-220,-100,-160,-100,-1080,-960,-1120,390,660,1240,160,-770,-2180,-460,40,420,80,-370,60,830,1040,-620,-620,-40,10,-330,-50,-60,-420,-450
971,170,1280,1310,-720,10,380,-30,0,130,530,600,80,280,-590,-280,-530,250,100,30,320,180,800,210,420,-880,490,610,1460,-310,650,50,920,940,1490,970,2030,-650,320,-3660,-2950,-2690,130,350,-150,-250,330,940,330,490,250,-30,380,760,710,770,370,200,-320,-780,-630,290,330,460,960,730,1190,1410,600,1450,980,-220,-100,-160,-100,-1080,-960,-1120,390,660,1240,160,-770,-2180,-460,40,420,80,-370,60,830,1040,-620,-620,-40,10,-330,-50,-60,-420,-450,200
972,1280,1310,-720,10,380,-30,0,130,530,600,80,280,-590,-280,-530,250,100,30,320,180,800,210,420,-880,490,610,1460,-310,650,50,920,940,1490,970,2030,-650,320,-3660,-2950,-2690,130,350,-150,-250,330,940,330,490,250,-30,380,760,710,770,370,200,-320,-780,-630,290,330,460,960,730,1190,1410,600,1450,980,-220,-100,-160,-100,-1080,-960,-1120,390,660,1240,160,-770,-2180,-460,40,420,80,-370,60,830,1040,-620,-620,-40,10,-330,-50,-60,-420,-450,200,380
973,1310,-720,10,380,-30,0,130,530,600,80,280,-590,-280,-530,250,100,30,320,180,800,210,420,-880,490,610,1460,-310,650,50,920,940,1490,970,2030,-650,320,-3660,-2950,-2690,130,350,-150,-250,330,940,330,490,250,-30,380,760,710,770,370,200,-320,-780,-630,290,330,460,960,730,1190,1410,600,1450,980,-220,-100,-160,-100,-1080,-960,-1120,390,660,1240,160,-770,-2180,-460,40,420,80,-370,60,830,1040,-620,-620,-40,10,-330,-50,-60,-420,-450,200,380,280
974,-720,10,380,-30,0,130,530,600,80,280,-590,-280,-530,250,100,30,320,180,800,210,420,-880,490,610,1460,-310,650,50,920,940,1490,970,2030,-650,320,-3660,-2950,-2690,130,350,-150,-250,330,940,330,490,250,-30,380,760,710,770,370,200,-320,-780,-630,290,330,460,960,730,1190,1410,600,1450,980,-220,-100,-160,-100,-1080,-960,-1120,390,660,1240,160,-770,-2180,-460,40,420,80,-370,60,830,1040,-620,-620,-40,10,-330,-50,-60,-420,-450,200,380,280,-750
975,10,380,-30,0,130,530,600,80,280,-590,-280,-530,250,100,30,320,180,800,210,420,-880,490,610,1460,-310,650,50,920,940,1490,970,2030,-650,320,-3660,-2950,-2690,130,350,-150,-250,330,940,330,490,250,-30,380,760,710,770,370,200,-320,-780,-630,290,330,460,960,730,1190,1410,600,1450,980,-220,-100,-160,-100,-1080,-960,-1120,390,660,1240,160,-770,-2180,-460,40,420,80,-370,60,830,1040,-620,-620,-40,10,-330,-50,-60,-420,-450,200,380,280,-750,370
976,380,-30,0,130,530,600,80,280,-590,-280,-530,250,100,30,320,180,800,210,420,-880,490,610,1460,-310,650,50,920,940,1490,970,2030,-650,320,-3660,-2950,-2690,130,350,-150,-250,330,940,330,490,250,-30,380,760,710,770,370,200,-320,-780,-630,290,330,460,960,730,1190,1410,600,1450,980,-220,-100,-160,-100,-1080,-960,-1120,390,660,1240,160,-770,-2180,-460,40,420,80,-370,60,830,1040,-620,-620,-40,10,-330,-50,-60,-420,-450,200,380,280,-750,370,-570
977,-30,0,130,530,600,80,280,-590,-280,-530,250,100,30,320,180,800,210,420,-880,490,610,1460,-310,650,50,920,940,1490,970,2030,-650,320,-3660,-2950,-2690,130,350,-150,-250,330,940,330,490,250,-30,380,760,710,770,370,200,-320,-780,-630,290,330,460,960,730,1190,1410,600,1450,980,-220,-100,-160,-100,-1080,-960,-1120,390,660,1240,160,-770,-2180,-460,40,420,80,-370,60,830,1040,-620,-620,-40,10,-330,-50,-60,-420,-450,200,380,280,-750,370,-570,70
978,0,130,530,600,80,280,-590,-280,-530,250,100,30,320,180,800,210,420,-880,490,610,1460,-310,650,50,920,940,1490,970,2030,-650,320,-3660,-2950,-2690,130,350,-150,-250,330,940,330,490,250,-30,380,760,710,770,370,200,-320,-780,-630,290,330,460,960,730,1190,1410,600,1450,980,-220,-100,-160,-100,-1080,-960,-1120,390,660,1240,160,-770,-2180,-460,40,420,80,-370,60,830,1040,-620,-620,-40,10,-330,-50,-60,-420,-450,200,380,280,-750,370,-570,70,590
979,130,530,600,80,280,-590,-280,-530,250,100,30,320,180,800,210,420,-880,490,610,1460,-310,650,50,920,940,1490,970,2030,-650,320,-3660,-2950,-2690,130,350,-150,-250,330,940,330,490,250,-30,380,760,710,770,370,200,-320,-780,-630,290,330,460,960,730,1190,1410,600,1450,980,-220,-100,-160,-100,-1080,-960,-1120,390,660,1240,160,-770,-2180,-460,40,420,80,-370,60,830,1040,-620,-620,-40,10,-330,-50,-60,-420,-450,200,380,280,-750,370,-570,70,590,70
980,530,600,80,280,-590,-280,-530,250,100,30,320,180,800,210,420,-880,490,610,1460,-310,650,50,920,940,1490,970,2030,-650,320,-3660,-2950,-2690,130,350,-150,-250,330,940,330,490,250,-30,380,760,710,770,370,200,-320,-780,-630,290,330,460,960,730,1190,1410,600,1450,980,-220,-100,-160,-100,-1080,-960,-1120,390,660,1240,160,-770,-2180,-460,40,420,80,-370,60,830,1040,-620,-620,-40,10,-330,-50,-60,-420,-450,200,380,280,-750,370,-570,70,590,70,-330
981,600,80,280,-590,-280,-530,250,100,30,320,180,800,210,420,-880,490,610,1460,-310,650,50,920,940,1490,970,2030,-650,320,-3660,-2950,-2690,130,350,-150,-250,330,940,330,490,250,-30,380,760,710,770,370,200,-320,-780,-630,290,330,460,960,730,1190,1410,600,1450,980,-220,-100,-160,-100,-1080,-960,-1120,390,660,1240,160,-770,-2180,-460,40,420,80,-370,60,830,1040,-620,-620,-40,10,-330,-50,-60,-420,-450,200,380,280,-750,370,-570,70,590,70,-330,-850
982,80,280,-590,-280,-530,250,100,30,320,180,800,210,420,-880,490,610,1460,-310,650,50,920,940,1490,970,2030,-650,320,-3660,-2950,-2690,130,350,-150,-250,330,940,330,490,250,-30,380,760,710,770,370,200,-320,-780,-630,290,330,460,960,730,1190,1410,600,1450,980,-220,-100,-160,-100,-1080,-960,-1120,390,660,1240,160,-770,-2180,-460,40,420,80,-370,60,830,1040,-620,-620,-40,10,-330,-50,-60,-420,-450,200,380,280,-750,370,-570,70,590,70,-330,-850,-950
983,280,-590,-280,-530,250,100,30,320,180,800,210,420,-880,490,610,1460,-310,650,50,920,940,1490,970,2030,-650,320,-3660,-2950,-2690,130,350,-150,-250,330,940,330,490,250,-30,380,760,710,770,370,200,-320,-780,-630,290,330,460,960,730,1190,1410,600,1450,980,-220,-100,-160,-100,-1080,-960,-1120,390,660,1240,160,-770,-2180,-460,40,420,80,-370,60,830,1040,-620,-620,-40,10,-330,-50,-60,-420,-450,200,380,280,-750,370,-570,70,590,70,-330,-850,-950,-1170
984,-590,-280,-530,250,100,30,320,180,800,210,420,-880,490,610,1460,-310,650,50,920,940,1490,970,2030,-650,320,-3660,-2950,-2690,130,350,-150,-250,330,940,330,490,250,-30,380,760,710,770,370,200,-320,-780,-630,290,330,460,960,730,1190,1410,600,1450,980,-220,-100,-160,-100,-1080,-960,-1120,390,660,1240,160,-770,-2180,-460,40,420,80,-370,60,830,1040,-620,-620,-40,10,-330,-50,-60,-420,-450,200,380,280,-750,370,-570,70,590,70,-330,-850,-950,-1170,-2140
985,-280,-530,250,100,30,320,180,800,210,420,-880,490,610,1460,-310,650,50,920,940,1490,970,2030,-650,320,-3660,-2950,-2690,130,350,-150,-250,330,940,330,490,250,-30,380,760,710,770,370,200,-320,-780,-630,290,330,460,960,730,1190,1410,600,1450,980,-220,-100,-160,-100,-1080,-960,-1120,390,660,1240,160,-770,-2180,-460,40,420,80,-370,60,830,1040,-620,-620,-40,10,-330,-50,-60,-420,-450,200,380,280,-750,370,-570,70,590,70,-330,-850,-950,-1170,-2140,40
986,-530,250,100,30,320,180,800,210,420,-880,490,610,1460,-310,650,50,920,940,1490,970,2030,-650,320,-3660,-2950,-2690,130,350,-150,-250,330,940,330,490,250,-30,380,760,710,770,370,200,-320,-780,-630,290,330,460,960,730,1190,1410,600,1450,980,-220,-100,-160,-100,-1080,-960,-1120,390,660,1240,160,-770,-2180,-460,40,420,80,-370,60,830,1040,-620,-620,-40,10,-330,-50,-60,-420,-450,200,380,280,-750,370,-570,70,590,70,-330,-850,-950,-1170,-2140,40,230
987,250,100,30,320,180,800,210,420,-880,490,610,1460,-310,650,50,920,940,1490,970,2030,-650,320,-3660,-2950,-2690,130,350,-150,-250,330,940,330,490,250,-30,380,760,710,770,370,200,-320,-780,-630,290,330,460,960,730,1190,1410,600,1450,980,-220,-100,-160,-100,-1080,-960,-1120,390,660,1240,160,-770,-2180,-460,40,420,80,-370,60,830,1040,-620,-620,-40,10,-330,-50,-60,-420,-450,200,380,280,-750,370,-570,70,590,70,-330,-850,-950,-1170,-2140,40,230,80
988,100,30,320,180,800,210,420,-880,490,610,1460,-310,650,50,920,940,1490,970,2030,-650,320,-3660,-2950,-2690,130,350,-150,-250,330,940,330,490,250,-30,380,760,710,770,370,200,-320,-780,-630,290,330,460,960,730,1190,1410,600,1450,980,-220,-100,-160,-100,-1080,-960,-1120,390,660,1240,160,-770,-2180,-460,40,420,80,-370,60,830,1040,-620,-620,-40,10,-330,-50,-60,-420,-450,200,380,280,-750,370,-570,70,590,70,-330,-850,-950,-1170,-2140,40,230,80,300
989,30,320,180,800,210,420,-880,490,610,1460,-310,650,50,920,940,1490,970,2030,-650,320,-3660,-2950,-2690,130,350,-150,-250,330,940,330,490,250,-30,380,760,710,770,370,200,-320,-780,-630,290,330,460,960,730,1190,1410,600,1450,980,-220,-100,-160,-100,-1080,-960,-1120,390,660,1240,160,-770,-2180,-460,40,420,80,-370,60,830,1040,-620,-620,-40,10,-330,-50,-60,-420,-450,200,380,280,-750,370,-570,70,590,70,-330,-850,-950,-1170,-2140,40,230,80,300,270
990,320,180,800,210,420,-880,490,610,1460,-310,650,50,920,940,1490,970,2030,-650,320,-3660,-2950,-2690,130,350,-150,-250,330,940,330,490,250,-30,380,760,710,770,370,200,-320,-780,-630,290,330,460,960,730,1190,1410,600,1450,980,-220,-100,-160,-100,-1080,-960,-1120,390,660,1240,160,-770,-2180,-460,40,420,80,-370,60,830,1040,-620,-620,-40,10,-330,-50,-60,-420,-450,200,380,280,-750,370,-570,70,590,70,-330,-850,-950,-1170,-2140,40,230,80,300,270,30
991,180,800,210,420,-880,490,610,1460,-310,650,50,920,940,1490,970,2030,-650,320,-3660,-2950,-2690,130,350,-150,-250,330,940,330,490,250,-30,380,760,710,770,370,200,-320,-780,-630,290,330,460,960,730,1190,1410,600,1450,980,-220,-100,-160,-100,-1080,-960,-1120,390,660,1240,160,-770,-2180,-460,40,420,80,-370,60,830,1040,-620,-620,-40,10,-330,-50,-60,-420,-450,200,380,280,-750,370,-570,70,590,70,-330,-850,-950,-1170,-2140,40,230,80,300,270,30,-630
992,800,210,420,-880,490,610,1460,-310,650,50,920,940,1490,970,2030,-650,320,-3660,-2950,-2690,130,350,-150,-250,330,940,330,490,250,-30,380,760,710,770,370,200,-320,-780,-630,290,330,460,960,730,1190,1410,600,1450,980,-220,-100,-160,-100,-1080,-960,-1120,390,660,1240,160,-770,-2180,-460,40,420,80,-370,60,830,1040,-620,-620,-40,10,-330,-50,-60,-420,-450,200,380,280,-750,370,-570,70,590,70,-330,-850,-950,-1170,-2140,40,230,80,300,270,30,-630,-880
993,210,420,-880,490,610,1460,-310,650,50,920,940,1490,970,2030,-650,320,-3660,-2950,-2690,130,350,-150,-250,330,940,330,490,250,-30,380,760,710,770,370,200,-320,-780,-630,290,330,460,960,730,1190,1410,600,1450,980,-220,-100,-160,-100,-1080,-960,-1120,390,660,1240,160,-770,-2180,-460,40,420,80,-370,60,830,1040,-620,-620,-40,10,-330,-50,-60,-420,-450,200,380,280,-750,370,-570,70,590,70,-330,-850,-950,-1170,-2140,40,230,80,300,270,30,-630,-880,-120
994,420,-880,490,610,1460,-310,650,50,920,940,1490,970,2030,-650,320,-3660,-2950,-2690,130,350,-150,-250,330,940,330,490,250,-30,380,760,710,770,370,200,-320,-780,-630,290,330,460,960,730,1190,1410,600,1450,980,-220,-100,-160,-100,-1080,-960,-1120,390,660,1240,160,-770,-2180,-460,40,420,80,-370,60,830,1040,-620,-620,-40,10,-330,-50,-60,-420,-450,200,380,280,-750,370,-570,70,590,70,-330,-850,-950,-1170,-2140,40,230,80,300,270,30,-630,-880,-120,-100
995,-880,490,610,1460,-310,650,50,920,940,1490,970,2030,-650,320,-3660,-2950,-2690,130,350,-150,-250,330,940,330,490,250,-30,380,760,710,770,370,200,-320,-780,-630,290,330,460,960,730,1190,1410,600,1450,980,-220,-100,-160,-100,-1080,-960,-1120,390,660,1240,160,-770,-2180,-460,40,420,80,-370,60,830,1040,-620,-620,-40,10,-330,-50,-60,-420,-450,200,380,280,-750,370,-570,70,590,70,-330,-850,-950,-1170,-2140,40,230,80,300,270,30,-630,-880,-120,-100,-410
996,490,610,1460,-310,650,50,920,940,1490,970,2030,-650,320,-3660,-2950,-2690,130,350,-150,-250,330,940,330,490,250,-30,380,760,710,770,370,200,-320,-780,-630,290,330,460,960,730,1190,1410,600,1450,980,-220,-100,-160,-100,-1080,-960,-1120,390,660,1240,160,-770,-2180,-460,40,420,80,-370,60,830,1040,-620,-620,-40,10,-330,-50,-60,-420,-450,200,380,280,-750,370,-570,70,590,70,-330,-850,-950,-1170,-2140,40,230,80,300,270,30,-630,-880,-120,-100,-410,-650
997,610,1460,-310,650,50,920,940,1490,970,2030,-650,320,-3660,-2950,-2690,130,350,-150,-250,330,940,330,490,250,-30,380,760,710,770,370,200,-320,-780,-630,290,330,460,960,730,1190,1410,600,1450,980,-220,-100,-160,-100,-1080,-960,-1120,390,660,1240,160,-770,-2180,-460,40,420,80,-370,60,830,1040,-620,-620,-40,10,-330,-50,-60,-420,-450,200,380,280,-750,370,-570,70,590,70,-330,-850,-950,-1170,-2140,40,230,80,300,270,30,-630,-880,-120,-100,-410,-650,-440
998,1460,-310,650,50,920,940,1490,970,2030,-650,320,-3660,-2950,-2690,130,350,-150,-250,330,940,330,490,250,-30,380,760,710,770,370,200,-320,-780,-630,290,330,460,960,730,1190,1410,600,1450,980,-220,-100,-160,-100,-1080,-960,-1120,390,660,1240,160,-770,-2180,-460,40,420,80,-370,60,830,1040,-620,-620,-40,10,-330,-50,-60,-420,-450,200,380,280,-750,370,-570,70,590,70,-330,-850,-950,-1170,-2140,40,230,80,300,270,30,-630,-880,-120,-100,-410,-650,-440,220
999,-310,650,50,920,940,1490,970,2030,-650,320,-3660,-2950,-2690,130,350,-150,-250,330,940,330,490,250,-30,380,760,710,770,370,200,-320,-780,-630,290,330,460,960,730,1190,1410,600,1450,980,-220,-100,-160,-100,-1080,-960,-1120,390,660,1240,160,-770,-2180,-460,40,420,80,-370,60,830,1040,-620,-620,-40,10,-330,-50,-60,-420,-450,200,380,280,-750,370,-570,70,590,70,-330,-850,-950,-1170,-2140,40,230,80,300,270,30,-630,-880,-120,-100,-410,-650,-440,220,330
1000,650,50,920,940,1490,970,2030,-650,320,-3660,-2950,-2690,130,350,-150,-250,330,940,330,490,250,-30,380,760,710,770,370,200,-320,-780,-630,290,330,460,960,730,1190,1410,600,1450,980,-220,-100,-160,-100,-1080,-960,-1120,390,660,1240,160,-770,-2180,-460,40,420,80,-370,60,830,1040,-620,-620,-40,10,-330,-50,-60,-420,-450,200,380,280,-750,370,-570,70,590,70,-330,-850,-950,-1170,-2140,40,230,80,300,270,30,-630,-880,-120,-100,-410,-650,-440,220,330,220
1001,50,920,940,1490,970,2030,-650,320,-3660,-2950,-2690,130,350,-150,-250,330,940,330,490,250,-30,380,760,710,770,370,200,-320,-780,-630,290,330,460,960,730,1190,1410,600,1450,980,-220,-100,-160,-100,-1080,-960,-1120,390,660,1240,160,-770,-2180,-460,40,420,80,-370,60,830,1040,-620,-620,-40,10,-330,-50,-60,-420,-450,200,380,280,-750,370,-570,70,590,70,-330,-850,-950,-1170,-2140,40,230,80,300,270,30,-630,-880,-120,-100,-410,-650,-440,220,330,220,10
1002,920,940,1490,970,2030,-650,320,-3660,-2950,-2690,130,350,-150,-250,330,940,330,490,250,-30,380,760,710,770,370,200,-320,-780,-630,290,330,460,960,730,1190,1410,600,1450,980,-220,-100,-160,-100,-1080,-960,-1120,390,660,1240,160,-770,-2180,-460,40,420,80,-370,60,830,1040,-620,-620,-40,10,-330,-50,-60,-420,-450,200,380,280,-750,370,-570,70,590,70,-330,-850,-950,-1170,-2140,40,230,80,300,270,30,-630,-880,-120,-100,-410,-650,-440,220,330,220,10,-180
1003,940,1490,970,2030,-650,320,-3660,-2950,-2690,130,350,-150,-250,330,940,330,490,250,-30,380,760,710,770,370,200,-320,-780,-630,290,330,460,960,730,1190,1410,600,1450,980,-220,-100,-160,-100,-1080,-960,-1120,390,660,1240,160,-770,-2180,-460,40,420,80,-370,60,830,1040,-620,-620,-40,10,-330,-50,-60,-420,-450,200,380,280,-750,370,-570,70,590,70,-330,-850,-950,-1170,-2140,40,230,80,300,270,30,-630,-880,-120,-100,-410,-650,-440,220,330,220,10,-180,150
1004,1490,970,2030,-650,320,-3660,-2950,-2690,130,350,-150,-250,330,940,330,490,250,-30,380,760,710,770,370,200,-320,-780,-630,290,330,460,960,730,1190,1410,600,1450,980,-220,-100,-160,-100,-1080,-960,-1120,390,660,1240,160,-770,-2180,-460,40,420,80,-370,60,830,1040,-620,-620,-40,10,-330,-50,-60,-420,-450,200,380,280,-750,370,-570,70,590,70,-330,-850,-950,-1170,-2140,40,230,80,300,270,30,-630,-880,-120,-100,-410,-650,-440,220,330,220,10,-180,150,330
1005,970,2030,-650,320,-3660,-2950,-2690,130,350,-150,-250,330,940,330,490,250,-30,380,760,710,770,370,200,-320,-780,-630,290,330,460,960,730,1190,1410,600,1450,980,-220,-100,-160,-100,-1080,-960,-1120,390,660,1240,160,-770,-2180,-460,40,420,80,-370,60,830,1040,-620,-620,-40,10,-330,-50,-60,-420,-450,200,380,280,-750,370,-570,70,590,70,-330,-850,-950,-1170,-2140,40,230,80,300,270,30,-630,-880,-120,-100,-410,-650,-440,220,330,220,10,-180,150,330,340
1006,2030,-650,320,-3660,-2950,-2690,130,350,-150,-250,330,940,330,490,250,-30,380,760,710,770,370,200,-320,-780,-630,290,330,460,960,730,1190,1410,600,1450,980,-220,-100,-160,-100,-1080,-960,-1120,390,660,1240,160,-770,-2180,-460,40,420,80,-370,60,830,1040,-620,-620,-40,10,-330,-50,-60,-420,-450,200,380,280,-750,370,-570,70,590,70,-330,-850,-950,-1170,-2140,40,230,80,300,270,30,-630,-880,-120,-100,-410,-650,-440,220,330,220,10,-180,150,330,340,640
1007,-650,320,-3660,-2950,-2690,130,350,-150,-250,330,940,330,490,250,-30,380,760,710,770,370,200,-320,-780,-630,290,330,460,960,730,1190,1410,600,1450,980,-220,-100,-160,-100,-1080,-960,-1120,390,660,1240,160,-770,-2180,-460,40,420,80,-370,60,830,1040,-620,-620,-40,10,-330,-50,-60,-420,-450,200,380,280,-750,370,-570,70,590,70,-330,-850,-950,-1170,-2140,40,230,80,300,270,30,-630,-880,-120,-100,-410,-650,-440,220,330,220,10,-180,150,330,340,640,-60
