target_index,t-100,t-99,t-98,t-97,t-96,t-95,t-94,t-93,t-92,t-91,t-90,t-89,t-88,t-87,t-86,t-85,t-84,t-83,t-82,t-81,t-80,t-79,t-78,t-77,t-76,t-75,t-74,t-73,t-72,t-71,t-70,t-69,t-68,t-67,t-66,t-65,t-64,t-63,t-62,t-61,t-60,t-59,t-58,t-57,t-56,t-55,t-54,t-53,t-52,t-51,t-50,t-49,t-48,t-47,t-46,t-45,t-44,t-43,t-42,t-41,t-40,t-39,t-38,t-37,t-36,t-35,t-34,t-33,t-32,t-31,t-30,t-29,t-28,t-27,t-26,t-25,t-24,t-23,t-22,t-21,t-20,t-19,t-18,t-17,t-16,t-15,t-14,t-13,t-12,t-11,t-10,t-9,t-8,t-7,t-6,t-5,t-4,t-3,t-2,t-1,target
101,-965,98,-241,-167,-4,35,787,168,-544,-355,315,-403,-333,366,434,211,-274,-383,1438,601,-1218,-903,103,54,296,-90,-423,491,476,-860,1682,-830,1281,-702,-86,-299,-196,383,1333,-769,682,2769,-1303,-1814,2836,871,1272,-4021,-2424,550,-455,-561,94,595,-622,-345,-180,61,1575,-1468,-169,436,-579,488,-254,-188,575,-44,-710,123,493,1179,495,-2189,-289,484,386,-656,-57,-210,158,-595,357,474,-171,1524,-1428,306,1583,-1175,204,1583,933,1207,-3539,697,934,3155,-1844,1662,-4126
102,98,-241,-167,-4,35,787,168,-544,-355,315,-403,-333,366,434,211,-274,-383,1438,601,-1218,-903,103,54,296,-90,-423,491,476,-860,1682,-830,1281,-702,-86,-299,-196,383,1333,-769,682,2769,-1303,-1814,2836,871,1272,-4021,-2424,550,-455,-561,94,595,-622,-345,-180,61,1575,-1468,-169,436,-579,488,-254,-188,575,-44,-710,123,493,1179,495,-2189,-289,484,386,-656,-57,-210,158,-595,357,474,-171,1524,-1428,306,1583,-1175,204,1583,933,1207,-3539,697,934,3155,-1844,1662,-4126,-686
103,-241,-167,-4,35,787,168,-544,-355,315,-403,-333,366,434,211,-274,-383,1438,601,-1218,-903,103,54,296,-90,-423,491,476,-860,1682,-830,1281,-702,-86,-299,-196,383,1333,-769,682,2769,-1303,-1814,2836,871,1272,-4021,-2424,550,-455,-561,94,595,-622,-345,-180,61,1575,-1468,-169,436,-579,488,-254,-188,575,-44,-710,123,493,1179,495,-2189,-289,484,386,-656,-57,-210,158,-595,357,474,-171,1524,-1428,306,1583,-1175,204,1583,933,1207,-3539,697,934,3155,-1844,1662,-4126,-686,283
104,-167,-4,35,787,168,-544,-355,315,-403,-333,366,434,211,-274,-383,1438,601,-1218,-903,103,54,296,-90,-423,491,476,-860,1682,-830,1281,-702,-86,-299,-196,383,1333,-769,682,2769,-1303,-1814,2836,871,1272,-4021,-2424,550,-455,-561,94,595,-622,-345,-180,61,1575,-1468,-169,436,-579,488,-254,-188,575,-44,-710,123,493,1179,495,-2189,-289,484,386,-656,-57,-210,158,-595,357,474,-171,1524,-1428,306,1583,-1175,204,1583,933,1207,-3539,697,934,3155,-1844,1662,-4126,-686,283,-415
105,-4,35,787,168,-544,-355,315,-403,-333,366,434,211,-274,-383,1438,601,-1218,-903,103,54,296,-90,-423,491,476,-860,1682,-830,1281,-702,-86,-299,-196,383,1333,-769,682,2769,-1303,-1814,2836,871,1272,-4021,-2424,550,-455,-561,94,595,-622,-345,-180,61,1575,-1468,-169,436,-579,488,-254,-188,575,-44,-710,123,493,1179,495,-2189,-289,484,386,-656,-57,-210,158,-595,357,474,-171,1524,-1428,306,1583,-1175,204,1583,933,1207,-3539,697,934,3155,-1844,1662,-4126,-686,283,-415,-512
106,35,787,168,-544,-355,315,-403,-333,366,434,211,-274,-383,1438,601,-1218,-903,103,54,296,-90,-423,491,476,-860,1682,-830,1281,-702,-86,-299,-196,383,1333,-769,682,2769,-1303,-1814,2836,871,1272,-4021,-2424,550,-455,-561,94,595,-622,-345,-180,61,1575,-1468,-169,436,-579,488,-254,-188,575,-44,-710,123,493,1179,495,-2189,-289,484,386,-656,-57,-210,158,-595,357,474,-171,1524,-1428,306,1583,-1175,204,1583,933,1207,-3539,697,934,3155,-1844,1662,-4126,-686,283,-415,-512,230
107,787,168,-544,-355,315,-403,-333,366,434,211,-274,-383,1438,601,-1218,-903,103,54,296,-90,-423,491,476,-860,1682,-830,1281,-702,-86,-299,-196,383,1333,-769,682,2769,-1303,-1814,2836,871,1272,-4021,-2424,550,-455,-561,94,595,-622,-345,-180,61,1575,-1468,-169,436,-579,488,-254,-188,575,-44,-710,123,493,1179,495,-2189,-289,484,386,-656,-57,-210,158,-595,357,474,-171,1524,-1428,306,1583,-1175,204,1583,933,1207,-3539,697,934,3155,-1844,1662,-4126,-686,283,-415,-512,230,160
108,168,-544,-355,315,-403,-333,366,434,211,-274,-383,1438,601,-1218,-903,103,54,296,-90,-423,491,476,-860,1682,-830,1281,-702,-86,-299,-196,383,1333,-769,682,2769,-1303,-1814,2836,871,1272,-4021,-2424,550,-455,-561,94,595,-622,-345,-180,61,1575,-1468,-169,436,-579,488,-254,-188,575,-44,-710,123,493,1179,495,-2189,-289,484,386,-656,-57,-210,158,-595,357,474,-171,1524,-1428,306,1583,-1175,204,1583,933,1207,-3539,697,934,3155,-1844,1662,-4126,-686,283,-415,-512,230,160,37
109,-544,-355,315,-403,-333,366,434,211,-274,-383,1438,601,-1218,-903,103,54,296,-90,-423,491,476,-860,1682,-830,1281,-702,-86,-299,-196,383,1333,-769,682,2769,-1303,-1814,2836,871,1272,-4021,-2424,550,-455,-561,94,595,-622,-345,-180,61,1575,-1468,-169,436,-579,488,-254,-188,575,-44,-710,123,493,1179,495,-2189,-289,484,386,-656,-57,-210,158,-595,357,474,-171,1524,-1428,306,1583,-1175,204,1583,933,1207,-3539,697,934,3155,-1844,1662,-4126,-686,283,-415,-512,230,160,37,-521
110,-355,315,-403,-333,366,434,211,-274,-383,1438,601,-1218,-903,103,54,296,-90,-423,491,476,-860,1682,-830,1281,-702,-86,-299,-196,383,1333,-769,682,2769,-1303,-1814,2836,871,1272,-4021,-2424,550,-455,-561,94,595,-622,-345,-180,61,1575,-1468,-169,436,-579,488,-254,-188,575,-44,-710,123,493,1179,495,-2189,-289,484,386,-656,-57,-210,158,-595,357,474,-171,1524,-1428,306,1583,-1175,204,1583,933,1207,-3539,697,934,3155,-1844,1662,-4126,-686,283,-415,-512,230,160,37,-521,-501
111,315,-403,-333,366,434,211,-274,-383,1438,601,-1218,-903,103,54,296,-90,-423,491,476,-860,1682,-830,1281,-702,-86,-299,-196,383,1333,-769,682,2769,-1303,-1814,2836,871,1272,-4021,-2424,550,-455,-561,94,595,-622,-345,-180,61,1575,-1468,-169,436,-579,488,-254,-188,575,-44,-710,123,493,1179,495,-2189,-289,484,386,-656,-57,-210,158,-595,357,474,-171,1524,-1428,306,1583,-1175,204,1583,933,1207,-3539,697,934,3155,-1844,1662,-4126,-686,283,-415,-512,230,160,37,-521,-501,1722
112,-403,-333,366,434,211,-274,-383,1438,601,-1218,-903,103,54,296,-90,-423,491,476,-860,1682,-830,1281,-702,-86,-299,-196,383,1333,-769,682,2769,-1303,-1814,2836,871,1272,-4021,-2424,550,-455,-561,94,595,-622,-345,-180,61,1575,-1468,-169,436,-579,488,-254,-188,575,-44,-710,123,493,1179,495,-2189,-289,484,386,-656,-57,-210,158,-595,357,474,-171,1524,-1428,306,1583,-1175,204,1583,933,1207,-3539,697,934,3155,-1844,1662,-4126,-686,283,-415,-512,230,160,37,-521,-501,1722,611
113,-333,366,434,211,-274,-383,1438,601,-1218,-903,103,54,296,-90,-423,491,476,-860,1682,-830,1281,-702,-86,-299,-196,383,1333,-769,682,2769,-1303,-1814,2836,871,1272,-4021,-2424,550,-455,-561,94,595,-622,-345,-180,61,1575,-1468,-169,436,-579,488,-254,-188,575,-44,-710,123,493,1179,495,-2189,-289,484,386,-656,-57,-210,158,-595,357,474,-171,1524,-1428,306,1583,-1175,204,1583,933,1207,-3539,697,934,3155,-1844,1662,-4126,-686,283,-415,-512,230,160,37,-521,-501,1722,611,-1763
114,366,434,211,-274,-383,1438,601,-1218,-903,103,54,296,-90,-423,491,476,-860,1682,-830,1281,-702,-86,-299,-196,383,1333,-769,682,2769,-1303,-1814,2836,871,1272,-4021,-2424,550,-455,-561,94,595,-622,-345,-180,61,1575,-1468,-169,436,-579,488,-254,-188,575,-44,-710,123,493,1179,495,-2189,-289,484,386,-656,-57,-210,158,-595,357,474,-171,1524,-1428,306,1583,-1175,204,1583,933,1207,-3539,697,934,3155,-1844,1662,-4126,-686,283,-415,-512,230,160,37,-521,-501,1722,611,-1763,159
115,434,211,-274,-383,1438,601,-1218,-903,103,54,296,-90,-423,491,476,-860,1682,-830,1281,-702,-86,-299,-196,383,1333,-769,682,2769,-1303,-1814,2836,871,1272,-4021,-2424,550,-455,-561,94,595,-622,-345,-180,61,1575,-1468,-169,436,-579,488,-254,-188,575,-44,-710,123,493,1179,495,-2189,-289,484,386,-656,-57,-210,158,-595,357,474,-171,1524,-1428,306,1583,-1175,204,1583,933,1207,-3539,697,934,3155,-1844,1662,-4126,-686,283,-415,-512,230,160,37,-521,-501,1722,611,-1763,159,-210
116,211,-274,-383,1438,601,-1218,-903,103,54,296,-90,-423,491,476,-860,1682,-830,1281,-702,-86,-299,-196,383,1333,-769,682,2769,-1303,-1814,2836,871,1272,-4021,-2424,550,-455,-561,94,595,-622,-345,-180,61,1575,-1468,-169,436,-579,488,-254,-188,575,-44,-710,123,493,1179,495,-2189,-289,484,386,-656,-57,-210,158,-595,357,474,-171,1524,-1428,306,1583,-1175,204,1583,933,1207,-3539,697,934,3155,-1844,1662,-4126,-686,283,-415,-512,230,160,37,-521,-501,1722,611,-1763,159,-210,329
117,-274,-383,1438,601,-1218,-903,103,54,296,-90,-423,491,476,-860,1682,-830,1281,-702,-86,-299,-196,383,1333,-769,682,2769,-1303,-1814,2836,871,1272,-4021,-2424,550,-455,-561,94,595,-622,-345,-180,61,1575,-1468,-169,436,-579,488,-254,-188,575,-44,-710,123,493,1179,495,-2189,-289,484,386,-656,-57,-210,158,-595,357,474,-171,1524,-1428,306,1583,-1175,204,1583,933,1207,-3539,697,934,3155,-1844,1662,-4126,-686,283,-415,-512,230,160,37,-521,-501,1722,611,-1763,159,-210,329,-160
118,-383,1438,601,-1218,-903,103,54,296,-90,-423,491,476,-860,1682,-830,1281,-702,-86,-299,-196,383,1333,-769,682,2769,-1303,-1814,2836,871,1272,-4021,-2424,550,-455,-561,94,595,-622,-345,-180,61,1575,-1468,-169,436,-579,488,-254,-188,575,-44,-710,123,493,1179,495,-2189,-289,484,386,-656,-57,-210,158,-595,357,474,-171,1524,-1428,306,1583,-1175,204,1583,933,1207,-3539,697,934,3155,-1844,1662,-4126,-686,283,-415,-512,230,160,37,-521,-501,1722,611,-1763,159,-210,329,-160,318
119,1438,601,-1218,-903,103,54,296,-90,-423,491,476,-860,1682,-830,1281,-702,-86,-299,-196,383,1333,-769,682,2769,-1303,-1814,2836,871,1272,-4021,-2424,550,-455,-561,94,595,-622,-345,-180,61,1575,-1468,-169,436,-579,488,-254,-188,575,-44,-710,123,493,1179,495,-2189,-289,484,386,-656,-57,-210,158,-595,357,474,-171,1524,-1428,306,1583,-1175,204,1583,933,1207,-3539,697,934,3155,-1844,1662,-4126,-686,283,-415,-512,230,160,37,-521,-501,1722,611,-1763,159,-210,329,-160,318,-197
120,601,-1218,-903,103,54,296,-90,-423,491,476,-860,1682,-830,1281,-702,-86,-299,-196,383,1333,-769,682,2769,-1303,-1814,2836,871,1272,-4021,-2424,550,-455,-561,94,595,-622,-345,-180,61,1575,-1468,-169,436,-579,488,-254,-188,575,-44,-710,123,493,1179,495,-2189,-289,484,386,-656,-57,-210,158,-595,357,474,-171,1524,-1428,306,1583,-1175,204,1583,933,1207,-3539,697,934,3155,-1844,1662,-4126,-686,283,-415,-512,230,160,37,-521,-501,1722,611,-1763,159,-210,329,-160,318,-197,-742
121,-1218,-903,103,54,296,-90,-423,491,476,-860,1682,-830,1281,-702,-86,-299,-196,383,1333,-769,682,2769,-1303,-1814,2836,871,1272,-4021,-2424,550,-455,-561,94,595,-622,-345,-180,61,1575,-1468,-169,436,-579,488,-254,-188,575,-44,-710,123,493,1179,495,-2189,-289,484,386,-656,-57,-210,158,-595,357,474,-171,1524,-1428,306,1583,-1175,204,1583,933,1207,-3539,697,934,3155,-1844,1662,-4126,-686,283,-415,-512,230,160,37,-521,-501,1722,611,-1763,159,-210,329,-160,318,-197,-742,357
122,-903,103,54,296,-90,-423,491,476,-860,1682,-830,1281,-702,-86,-299,-196,383,1333,-769,682,2769,-1303,-1814,2836,871,1272,-4021,-2424,550,-455,-561,94,595,-622,-345,-180,61,1575,-1468,-169,436,-579,488,-254,-188,575,-44,-710,123,493,1179,495,-2189,-289,484,386,-656,-57,-210,158,-595,357,474,-171,1524,-1428,306,1583,-1175,204,1583,933,1207,-3539,697,934,3155,-1844,1662,-4126,-686,283,-415,-512,230,160,37,-521,-501,1722,611,-1763,159,-210,329,-160,318,-197,-742,357,-66
123,103,54,296,-90,-423,491,476,-860,1682,-830,1281,-702,-86,-299,-196,383,1333,-769,682,2769,-1303,-1814,2836,871,1272,-4021,-2424,550,-455,-561,94,595,-622,-345,-180,61,1575,-1468,-169,436,-579,488,-254,-188,575,-44,-710,123,493,1179,495,-2189,-289,484,386,-656,-57,-210,158,-595,357,474,-171,1524,-1428,306,1583,-1175,204,1583,933,1207,-3539,697,934,3155,-1844,1662,-4126,-686,283,-415,-512,230,160,37,-521,-501,1722,611,-1763,159,-210,329,-160,318,-197,-742,357,-66,368
124,54,296,-90,-423,491,476,-860,1682,-830,1281,-702,-86,-299,-196,383,1333,-769,682,2769,-1303,-1814,2836,871,1272,-4021,-2424,550,-455,-561,94,595,-622,-345,-180,61,1575,-1468,-169,436,-579,488,-254,-188,575,-44,-710,123,493,1179,495,-2189,-289,484,386,-656,-57,-210,158,-595,357,474,-171,1524,-1428,306,1583,-1175,204,1583,933,1207,-3539,697,934,3155,-1844,1662,-4126,-686,283,-415,-512,230,160,37,-521,-501,1722,611,-1763,159,-210,329,-160,318,-197,-742,357,-66,368,638
125,296,-90,-423,491,476,-860,1682,-830,1281,-702,-86,-299,-196,383,1333,-769,682,2769,-1303,-1814,2836,871,1272,-4021,-2424,550,-455,-561,94,595,-622,-345,-180,61,1575,-1468,-169,436,-579,488,-254,-188,575,-44,-710,123,493,1179,495,-2189,-289,484,386,-656,-57,-210,158,-595,357,474,-171,1524,-1428,306,1583,-1175,204,1583,933,1207,-3539,697,934,3155,-1844,1662,-4126,-686,283,-415,-512,230,160,37,-521,-501,1722,611,-1763,159,-210,329,-160,318,-197,-742,357,-66,368,638,380
126,-90,-423,491,476,-860,1682,-830,1281,-702,-86,-299,-196,383,1333,-769,682,2769,-1303,-1814,2836,871,1272,-4021,-2424,550,-455,-561,94,595,-622,-345,-180,61,1575,-1468,-169,436,-579,488,-254,-188,575,-44,-710,123,493,1179,495,-2189,-289,484,386,-656,-57,-210,158,-595,357,474,-171,1524,-1428,306,1583,-1175,204,1583,933,1207,-3539,697,934,3155,-1844,1662,-4126,-686,283,-415,-512,230,160,37,-521,-501,1722,611,-1763,159,-210,329,-160,318,-197,-742,357,-66,368,638,380,-873
127,-423,491,476,-860,1682,-830,1281,-702,-86,-299,-196,383,1333,-769,682,2769,-1303,-1814,2836,871,1272,-4021,-2424,550,-455,-561,94,595,-622,-345,-180,61,1575,-1468,-169,436,-579,488,-254,-188,575,-44,-710,123,493,1179,495,-2189,-289,484,386,-656,-57,-210,158,-595,357,474,-171,1524,-1428,306,1583,-1175,204,1583,933,1207,-3539,697,934,3155,-1844,1662,-4126,-686,283,-415,-512,230,160,37,-521,-501,1722,611,-1763,159,-210,329,-160,318,-197,-742,357,-66,368,638,380,-873,-283
128,491,476,-860,1682,-830,1281,-702,-86,-299,-196,383,1333,-769,682,2769,-1303,-1814,2836,871,1272,-4021,-2424,550,-455,-561,94,595,-622,-345,-180,61,1575,-1468,-169,436,-579,488,-254,-188,575,-44,-710,123,493,1179,495,-2189,-289,484,386,-656,-57,-210,158,-595,357,474,-171,1524,-1428,306,1583,-1175,204,1583,933,1207,-3539,697,934,3155,-1844,1662,-4126,-686,283,-415,-512,230,160,37,-521,-501,1722,611,-1763,159,-210,329,-160,318,-197,-742,357,-66,368,638,380,-873,-283,36
129,476,-860,1682,-830,1281,-702,-86,-299,-196,383,1333,-769,682,2769,-1303,-1814,2836,871,1272,-4021,-2424,550,-455,-561,94,595,-622,-345,-180,61,1575,-1468,-169,436,-579,488,-254,-188,575,-44,-710,123,493,1179,495,-2189,-289,484,386,-656,-57,-210,158,-595,357,474,-171,1524,-1428,306,1583,-1175,204,1583,933,1207,-3539,697,934,3155,-1844,1662,-4126,-686,283,-415,-512,230,160,37,-521,-501,1722,611,-1763,159,-210,329,-160,318,-197,-742,357,-66,368,638,380,-873,-283,36,-166
130,-860,1682,-830,1281,-702,-86,-299,-196,383,1333,-769,682,2769,-1303,-1814,2836,871,1272,-4021,-2424,550,-455,-561,94,595,-622,-345,-180,61,1575,-1468,-169,436,-579,488,-254,-188,575,-44,-710,123,493,1179,495,-2189,-289,484,386,-656,-57,-210,158,-595,357,474,-171,1524,-1428,306,1583,-1175,204,1583,933,1207,-3539,697,934,3155,-1844,1662,-4126,-686,283,-415,-512,230,160,37,-521,-501,1722,611,-1763,159,-210,329,-160,318,-197,-742,357,-66,368,638,380,-873,-283,36,-166,19
131,1682,-830,1281,-702,-86,-299,-196,383,1333,-769,682,2769,-1303,-1814,2836,871,1272,-4021,-2424,550,-455,-561,94,595,-622,-345,-180,61,1575,-1468,-169,436,-579,488,-254,-188,575,-44,-710,123,493,1179,495,-2189,-289,484,386,-656,-57,-210,158,-595,357,474,-171,1524,-1428,306,1583,-1175,204,1583,933,1207,-3539,697,934,3155,-1844,1662,-4126,-686,283,-415,-512,230,160,37,-521,-501,1722,611,-1763,159,-210,329,-160,318,-197,-742,357,-66,368,638,380,-873,-283,36,-166,19,-617
132,-830,1281,-702,-86,-299,-196,383,1333,-769,682,2769,-1303,-1814,2836,871,1272,-4021,-2424,550,-455,-561,94,595,-622,-345,-180,61,1575,-1468,-169,436,-579,488,-254,-188,575,-44,-710,123,493,1179,495,-2189,-289,484,386,-656,-57,-210,158,-595,357,474,-171,1524,-1428,306,1583,-1175,204,1583,933,1207,-3539,697,934,3155,-1844,1662,-4126,-686,283,-415,-512,230,160,37,-521,-501,1722,611,-1763,159,-210,329,-160,318,-197,-742,357,-66,368,638,380,-873,-283,36,-166,19,-617,1008
133,1281,-702,-86,-299,-196,383,1333,-769,682,2769,-1303,-1814,2836,871,1272,-4021,-2424,550,-455,-561,94,595,-622,-345,-180,61,1575,-1468,-169,436,-579,488,-254,-188,575,-44,-710,123,493,1179,495,-2189,-289,484,386,-656,-57,-210,158,-595,357,474,-171,1524,-1428,306,1583,-1175,204,1583,933,1207,-3539,697,934,3155,-1844,1662,-4126,-686,283,-415,-512,230,160,37,-521,-501,1722,611,-1763,159,-210,329,-160,318,-197,-742,357,-66,368,638,380,-873,-283,36,-166,19,-617,1008,-14
134,-702,-86,-299,-196,383,1333,-769,682,2769,-1303,-1814,2836,871,1272,-4021,-2424,550,-455,-561,94,595,-622,-345,-180,61,1575,-1468,-169,436,-579,488,-254,-188,575,-44,-710,123,493,1179,495,-2189,-289,484,386,-656,-57,-210,158,-595,357,474,-171,1524,-1428,306,1583,-1175,204,1583,933,1207,-3539,697,934,3155,-1844,1662,-4126,-686,283,-415,-512,230,160,37,-521,-501,1722,611,-1763,159,-210,329,-160,318,-197,-742,357,-66,368,638,380,-873,-283,36,-166,19,-617,1008,-14,-768
135,-86,-299,-196,383,1333,-769,682,2769,-1303,-1814,2836,871,1272,-4021,-2424,550,-455,-561,94,595,-622,-345,-180,61,1575,-1468,-169,436,-579,488,-254,-188,575,-44,-710,123,493,1179,495,-2189,-289,484,386,-656,-57,-210,158,-595,357,474,-171,1524,-1428,306,1583,-1175,204,1583,933,1207,-3539,697,934,3155,-1844,1662,-4126,-686,283,-415,-512,230,160,37,-521,-501,1722,611,-1763,159,-210,329,-160,318,-197,-742,357,-66,368,638,380,-873,-283,36,-166,19,-617,1008,-14,-768,332
136,-299,-196,383,1333,-769,682,2769,-1303,-1814,2836,871,1272,-4021,-2424,550,-455,-561,94,595,-622,-345,-180,61,1575,-1468,-169,436,-579,488,-254,-188,575,-44,-710,123,493,1179,495,-2189,-289,484,386,-656,-57,-210,158,-595,357,474,-171,1524,-1428,306,1583,-1175,204,1583,933,1207,-3539,697,934,3155,-1844,1662,-4126,-686,283,-415,-512,230,160,37,-521,-501,1722,611,-1763,159,-210,329,-160,318,-197,-742,357,-66,368,638,380,-873,-283,36,-166,19,-617,1008,-14,-768,332,-74
137,-196,383,1333,-769,682,2769,-1303,-1814,2836,871,1272,-4021,-2424,550,-455,-561,94,595,-622,-345,-180,61,1575,-1468,-169,436,-579,488,-254,-188,575,-44,-710,123,493,1179,495,-2189,-289,484,386,-656,-57,-210,158,-595,357,474,-171,1524,-1428,306,1583,-1175,204,1583,933,1207,-3539,697,934,3155,-1844,1662,-4126,-686,283,-415,-512,230,160,37,-521,-501,1722,611,-1763,159,-210,329,-160,318,-197,-742,357,-66,368,638,380,-873,-283,36,-166,19,-617,1008,-14,-768,332,-74,268
138,383,1333,-769,682,2769,-1303,-1814,2836,871,1272,-4021,-2424,550,-455,-561,94,595,-622,-345,-180,61,1575,-1468,-169,436,-579,488,-254,-188,575,-44,-710,123,493,1179,495,-2189,-289,484,386,-656,-57,-210,158,-595,357,474,-171,1524,-1428,306,1583,-1175,204,1583,933,1207,-3539,697,934,3155,-1844,1662,-4126,-686,283,-415,-512,230,160,37,-521,-501,1722,611,-1763,159,-210,329,-160,318,-197,-742,357,-66,368,638,380,-873,-283,36,-166,19,-617,1008,-14,-768,332,-74,268,527
139,1333,-769,682,2769,-1303,-1814,2836,871,1272,-4021,-2424,550,-455,-561,94,595,-622,-345,-180,61,1575,-1468,-169,436,-579,488,-254,-188,575,-44,-710,123,493,1179,495,-2189,-289,484,386,-656,-57,-210,158,-595,357,474,-171,1524,-1428,306,1583,-1175,204,1583,933,1207,-3539,697,934,3155,-1844,1662,-4126,-686,283,-415,-512,230,160,37,-521,-501,1722,611,-1763,159,-210,329,-160,318,-197,-742,357,-66,368,638,380,-873,-283,36,-166,19,-617,1008,-14,-768,332,-74,268,527,-538
140,-769,682,2769,-1303,-1814,2836,871,1272,-4021,-2424,550,-455,-561,94,595,-622,-345,-180,61,1575,-1468,-169,436,-579,488,-254,-188,575,-44,-710,123,493,1179,495,-2189,-289,484,386,-656,-57,-210,158,-595,357,474,-171,1524,-1428,306,1583,-1175,204,1583,933,1207,-3539,697,934,3155,-1844,1662,-4126,-686,283,-415,-512,230,160,37,-521,-501,1722,611,-1763,159,-210,329,-160,318,-197,-742,357,-66,368,638,380,-873,-283,36,-166,19,-617,1008,-14,-768,332,-74,268,527,-538,672
141,682,2769,-1303,-1814,2836,871,1272,-4021,-2424,550,-455,-561,94,595,-622,-345,-180,61,1575,-1468,-169,436,-579,488,-254,-188,575,-44,-710,123,493,1179,495,-2189,-289,484,386,-656,-57,-210,158,-595,357,474,-171,1524,-1428,306,1583,-1175,204,1583,933,1207,-3539,697,934,3155,-1844,1662,-4126,-686,283,-415,-512,230,160,37,-521,-501,1722,611,-1763,159,-210,329,-160,318,-197,-742,357,-66,368,638,380,-873,-283,36,-166,19,-617,1008,-14,-768,332,-74,268,527,-538,672,489
142,2769,-1303,-1814,2836,871,1272,-4021,-2424,550,-455,-561,94,595,-622,-345,-180,61,1575,-1468,-169,436,-579,488,-254,-188,575,-44,-710,123,493,1179,495,-2189,-289,484,386,-656,-57,-210,158,-595,357,474,-171,1524,-1428,306,1583,-1175,204,1583,933,1207,-3539,697,934,3155,-1844,1662,-4126,-686,283,-415,-512,230,160,37,-521,-501,1722,611,-1763,159,-210,329,-160,318,-197,-742,357,-66,368,638,380,-873,-283,36,-166,19,-617,1008,-14,-768,332,-74,268,527,-538,672,489,-96
143,-1303,-1814,2836,871,1272,-4021,-2424,550,-455,-561,94,595,-622,-345,-180,61,1575,-1468,-169,436,-579,488,-254,-188,575,-44,-710,123,493,1179,495,-2189,-289,484,386,-656,-57,-210,158,-595,357,474,-171,1524,-1428,306,1583,-1175,204,1583,933,1207,-3539,697,934,3155,-1844,1662,-4126,-686,283,-415,-512,230,160,37,-521,-501,1722,611,-1763,159,-210,329,-160,318,-197,-742,357,-66,368,638,380,-873,-283,36,-166,19,-617,1008,-14,-768,332,-74,268,527,-538,672,489,-96,-1253
144,-1814,2836,871,1272,-4021,-2424,550,-455,-561,94,595,-622,-345,-180,61,1575,-1468,-169,436,-579,488,-254,-188,575,-44,-710,123,493,1179,495,-2189,-289,484,386,-656,-57,-210,158,-595,357,474,-171,1524,-1428,306,1583,-1175,204,1583,933,1207,-3539,697,934,3155,-1844,1662,-4126,-686,283,-415,-512,230,160,37,-521,-501,1722,611,-1763,159,-210,329,-160,318,-197,-742,357,-66,368,638,380,-873,-283,36,-166,19,-617,1008,-14,-768,332,-74,268,527,-538,672,489,-96,-1253,1189
145,2836,871,1272,-4021,-2424,550,-455,-561,94,595,-622,-345,-180,61,1575,-1468,-169,436,-579,488,-254,-188,575,-44,-710,123,493,1179,495,-2189,-289,484,386,-656,-57,-210,158,-595,357,474,-171,1524,-1428,306,1583,-1175,204,1583,933,1207,-3539,697,934,3155,-1844,1662,-4126,-686,283,-415,-512,230,160,37,-521,-501,1722,611,-1763,159,-210,329,-160,318,-197,-742,357,-66,368,638,380,-873,-283,36,-166,19,-617,1008,-14,-768,332,-74,268,527,-538,672,489,-96,-1253,1189,-22
146,871,1272,-4021,-2424,550,-455,-561,94,595,-622,-345,-180,61,1575,-1468,-169,436,-579,488,-254,-188,575,-44,-710,123,493,1179,495,-2189,-289,484,386,-656,-57,-210,158,-595,357,474,-171,1524,-1428,306,1583,-1175,204,1583,933,1207,-3539,697,934,3155,-1844,1662,-4126,-686,283,-415,-512,230,160,37,-521,-501,1722,611,-1763,159,-210,329,-160,318,-197,-742,357,-66,368,638,380,-873,-283,36,-166,19,-617,1008,-14,-768,332,-74,268,527,-538,672,489,-96,-1253,1189,-22,2442
147,1272,-4021,-2424,550,-455,-561,94,595,-622,-345,-180,61,1575,-1468,-169,436,-579,488,-254,-188,575,-44,-710,123,493,1179,495,-2189,-289,484,386,-656,-57,-210,158,-595,357,474,-171,1524,-1428,306,1583,-1175,204,1583,933,1207,-3539,697,934,3155,-1844,1662,-4126,-686,283,-415,-512,230,160,37,-521,-501,1722,611,-1763,159,-210,329,-160,318,-197,-742,357,-66,368,638,380,-873,-283,36,-166,19,-617,1008,-14,-768,332,-74,268,527,-538,672,489,-96,-1253,1189,-22,2442,-1884
148,-4021,-2424,550,-455,-561,94,595,-622,-345,-180,61,1575,-1468,-169,436,-579,488,-254,-188,575,-44,-710,123,493,1179,495,-2189,-289,484,386,-656,-57,-210,158,-595,357,474,-171,1524,-1428,306,1583,-1175,204,1583,933,1207,-3539,697,934,3155,-1844,1662,-4126,-686,283,-415,-512,230,160,37,-521,-501,1722,611,-1763,159,-210,329,-160,318,-197,-742,357,-66,368,638,380,-873,-283,36,-166,19,-617,1008,-14,-768,332,-74,268,527,-538,672,489,-96,-1253,1189,-22,2442,-1884,2464
149,-2424,550,-455,-561,94,595,-622,-345,-180,61,1575,-1468,-169,436,-579,488,-254,-188,575,-44,-710,123,493,1179,495,-2189,-289,484,386,-656,-57,-210,158,-595,357,474,-171,1524,-1428,306,1583,-1175,204,1583,933,1207,-3539,697,934,3155,-1844,1662,-4126,-686,283,-415,-512,230,160,37,-521,-501,1722,611,-1763,159,-210,329,-160,318,-197,-742,357,-66,368,638,380,-873,-283,36,-166,19,-617,1008,-14,-768,332,-74,268,527,-538,672,489,-96,-1253,1189,-22,2442,-1884,2464,-3261
150,550,-455,-561,94,595,-622,-345,-180,61,1575,-1468,-169,436,-579,488,-254,-188,575,-44,-710,123,493,1179,495,-2189,-289,484,386,-656,-57,-210,158,-595,357,474,-171,1524,-1428,306,1583,-1175,204,1583,933,1207,-3539,697,934,3155,-1844,1662,-4126,-686,283,-415,-512,230,160,37,-521,-501,1722,611,-1763,159,-210,329,-160,318,-197,-742,357,-66,368,638,380,-873,-283,36,-166,19,-617,1008,-14,-768,332,-74,268,527,-538,672,489,-96,-1253,1189,-22,2442,-1884,2464,-3261,5739
151,-455,-561,94,595,-622,-345,-180,61,1575,-1468,-169,436,-579,488,-254,-188,575,-44,-710,123,493,1179,495,-2189,-289,484,386,-656,-57,-210,158,-595,357,474,-171,1524,-1428,306,1583,-1175,204,1583,933,1207,-3539,697,934,3155,-1844,1662,-4126,-686,283,-415,-512,230,160,37,-521,-501,1722,611,-1763,159,-210,329,-160,318,-197,-742,357,-66,368,638,380,-873,-283,36,-166,19,-617,1008,-14,-768,332,-74,268,527,-538,672,489,-96,-1253,1189,-22,2442,-1884,2464,-3261,5739,-4412
152,-561,94,595,-622,-345,-180,61,1575,-1468,-169,436,-579,488,-254,-188,575,-44,-710,123,493,1179,495,-2189,-289,484,386,-656,-57,-210,158,-595,357,474,-171,1524,-1428,306,1583,-1175,204,1583,933,1207,-3539,697,934,3155,-1844,1662,-4126,-686,283,-415,-512,230,160,37,-521,-501,1722,611,-1763,159,-210,329,-160,318,-197,-742,357,-66,368,638,380,-873,-283,36,-166,19,-617,1008,-14,-768,332,-74,268,527,-538,672,489,-96,-1253,1189,-22,2442,-1884,2464,-3261,5739,-4412,926
153,94,595,-622,-345,-180,61,1575,-1468,-169,436,-579,488,-254,-188,575,-44,-710,123,493,1179,495,-2189,-289,484,386,-656,-57,-210,158,-595,357,474,-171,1524,-1428,306,1583,-1175,204,1583,933,1207,-3539,697,934,3155,-1844,1662,-4126,-686,283,-415,-512,230,160,37,-521,-501,1722,611,-1763,159,-210,329,-160,318,-197,-742,357,-66,368,638,380,-873,-283,36,-166,19,-617,1008,-14,-768,332,-74,268,527,-538,672,489,-96,-1253,1189,-22,2442,-1884,2464,-3261,5739,-4412,926,-1906
154,595,-622,-345,-180,61,1575,-1468,-169,436,-579,488,-254,-188,575,-44,-710,123,493,1179,495,-2189,-289,484,386,-656,-57,-210,158,-595,357,474,-171,1524,-1428,306,1583,-1175,204,1583,933,1207,-3539,697,934,3155,-1844,1662,-4126,-686,283,-415,-512,230,160,37,-521,-501,1722,611,-1763,159,-210,329,-160,318,-197,-742,357,-66,368,638,380,-873,-283,36,-166,19,-617,1008,-14,-768,332,-74,268,527,-538,672,489,-96,-1253,1189,-22,2442,-1884,2464,-3261,5739,-4412,926,-1906,839
155,-622,-345,-180,61,1575,-1468,-169,436,-579,488,-254,-188,575,-44,-710,123,493,1179,495,-2189,-289,484,386,-656,-57,-210,158,-595,357,474,-171,1524,-1428,306,1583,-1175,204,1583,933,1207,-3539,697,934,3155,-1844,1662,-4126,-686,283,-415,-512,230,160,37,-521,-501,1722,611,-1763,159,-210,329,-160,318,-197,-742,357,-66,368,638,380,-873,-283,36,-166,19,-617,1008,-14,-768,332,-74,268,527,-538,672,489,-96,-1253,1189,-22,2442,-1884,2464,-3261,5739,-4412,926,-1906,839,-1505
156,-345,-180,61,1575,-1468,-169,436,-579,488,-254,-188,575,-44,-710,123,493,1179,495,-2189,-289,484,386,-656,-57,-210,158,-595,357,474,-171,1524,-1428,306,1583,-1175,204,1583,933,1207,-3539,697,934,3155,-1844,1662,-4126,-686,283,-415,-512,230,160,37,-521,-501,1722,611,-1763,159,-210,329,-160,318,-197,-742,357,-66,368,638,380,-873,-283,36,-166,19,-617,1008,-14,-768,332,-74,268,527,-538,672,489,-96,-1253,1189,-22,2442,-1884,2464,-3261,5739,-4412,926,-1906,839,-1505,1482
157,-180,61,1575,-1468,-169,436,-579,488,-254,-188,575,-44,-710,123,493,1179,495,-2189,-289,484,386,-656,-57,-210,158,-595,357,474,-171,1524,-1428,306,1583,-1175,204,1583,933,1207,-3539,697,934,3155,-1844,1662,-4126,-686,283,-415,-512,230,160,37,-521,-501,1722,611,-1763,159,-210,329,-160,318,-197,-742,357,-66,368,638,380,-873,-283,36,-166,19,-617,1008,-14,-768,332,-74,268,527,-538,672,489,-96,-1253,1189,-22,2442,-1884,2464,-3261,5739,-4412,926,-1906,839,-1505,1482,-1603
158,61,1575,-1468,-169,436,-579,488,-254,-188,575,-44,-710,123,493,1179,495,-2189,-289,484,386,-656,-57,-210,158,-595,357,474,-171,1524,-1428,306,1583,-1175,204,1583,933,1207,-3539,697,934,3155,-1844,1662,-4126,-686,283,-415,-512,230,160,37,-521,-501,1722,611,-1763,159,-210,329,-160,318,-197,-742,357,-66,368,638,380,-873,-283,36,-166,19,-617,1008,-14,-768,332,-74,268,527,-538,672,489,-96,-1253,1189,-22,2442,-1884,2464,-3261,5739,-4412,926,-1906,839,-1505,1482,-1603,-139
159,1575,-1468,-169,436,-579,488,-254,-188,575,-44,-710,123,493,1179,495,-2189,-289,484,386,-656,-57,-210,158,-595,357,474,-171,1524,-1428,306,1583,-1175,204,1583,933,1207,-3539,697,934,3155,-1844,1662,-4126,-686,283,-415,-512,230,160,37,-521,-501,1722,611,-1763,159,-210,329,-160,318,-197,-742,357,-66,368,638,380,-873,-283,36,-166,19,-617,1008,-14,-768,332,-74,268,527,-538,672,489,-96,-1253,1189,-22,2442,-1884,2464,-3261,5739,-4412,926,-1906,839,-1505,1482,-1603,-139,-41
160,-1468,-169,436,-579,488,-254,-188,575,-44,-710,123,493,1179,495,-2189,-289,484,386,-656,-57,-210,158,-595,357,474,-171,1524,-1428,306,1583,-1175,204,1583,933,1207,-3539,697,934,3155,-1844,1662,-4126,-686,283,-415,-512,230,160,37,-521,-501,1722,611,-1763,159,-210,329,-160,318,-197,-742,357,-66,368,638,380,-873,-283,36,-166,19,-617,1008,-14,-768,332,-74,268,527,-538,672,489,-96,-1253,1189,-22,2442,-1884,2464,-3261,5739,-4412,926,-1906,839,-1505,1482,-1603,-139,-41,-146
161,-169,436,-579,488,-254,-188,575,-44,-710,123,493,1179,495,-2189,-289,484,386,-656,-57,-210,158,-595,357,474,-171,1524,-1428,306,1583,-1175,204,1583,933,1207,-3539,697,934,3155,-1844,1662,-4126,-686,283,-415,-512,230,160,37,-521,-501,1722,611,-1763,159,-210,329,-160,318,-197,-742,357,-66,368,638,380,-873,-283,36,-166,19,-617,1008,-14,-768,332,-74,268,527,-538,672,489,-96,-1253,1189,-22,2442,-1884,2464,-3261,5739,-4412,926,-1906,839,-1505,1482,-1603,-139,-41,-146,-441
162,436,-579,488,-254,-188,575,-44,-710,123,493,1179,495,-2189,-289,484,386,-656,-57,-210,158,-595,357,474,-171,1524,-1428,306,1583,-1175,204,1583,933,1207,-3539,697,934,3155,-1844,1662,-4126,-686,283,-415,-512,230,160,37,-521,-501,1722,611,-1763,159,-210,329,-160,318,-197,-742,357,-66,368,638,380,-873,-283,36,-166,19,-617,1008,-14,-768,332,-74,268,527,-538,672,489,-96,-1253,1189,-22,2442,-1884,2464,-3261,5739,-4412,926,-1906,839,-1505,1482,-1603,-139,-41,-146,-441,510
163,-579,488,-254,-188,575,-44,-710,123,493,1179,495,-2189,-289,484,386,-656,-57,-210,158,-595,357,474,-171,1524,-1428,306,1583,-1175,204,1583,933,1207,-3539,697,934,3155,-1844,1662,-4126,-686,283,-415,-512,230,160,37,-521,-501,1722,611,-1763,159,-210,329,-160,318,-197,-742,357,-66,368,638,380,-873,-283,36,-166,19,-617,1008,-14,-768,332,-74,268,527,-538,672,489,-96,-1253,1189,-22,2442,-1884,2464,-3261,5739,-4412,926,-1906,839,-1505,1482,-1603,-139,-41,-146,-441,510,414
164,488,-254,-188,575,-44,-710,123,493,1179,495,-2189,-289,484,386,-656,-57,-210,158,-595,357,474,-171,1524,-1428,306,1583,-1175,204,1583,933,1207,-3539,697,934,3155,-1844,1662,-4126,-686,283,-415,-512,230,160,37,-521,-501,1722,611,-1763,159,-210,329,-160,318,-197,-742,357,-66,368,638,380,-873,-283,36,-166,19,-617,1008,-14,-768,332,-74,268,527,-538,672,489,-96,-1253,1189,-22,2442,-1884,2464,-3261,5739,-4412,926,-1906,839,-1505,1482,-1603,-139,-41,-146,-441,510,414,-131
165,-254,-188,575,-44,-710,123,493,1179,495,-2189,-289,484,386,-656,-57,-210,158,-595,357,474,-171,1524,-1428,306,1583,-1175,204,1583,933,1207,-3539,697,934,3155,-1844,1662,-4126,-686,283,-415,-512,230,160,37,-521,-501,1722,611,-1763,159,-210,329,-160,318,-197,-742,357,-66,368,638,380,-873,-283,36,-166,19,-617,1008,-14,-768,332,-74,268,527,-538,672,489,-96,-1253,1189,-22,2442,-1884,2464,-3261,5739,-4412,926,-1906,839,-1505,1482,-1603,-139,-41,-146,-441,510,414,-131,323
166,-188,575,-44,-710,123,493,1179,495,-2189,-289,484,386,-656,-57,-210,158,-595,357,474,-171,1524,-1428,306,1583,-1175,204,1583,933,1207,-3539,697,934,3155,-1844,1662,-4126,-686,283,-415,-512,230,160,37,-521,-501,1722,611,-1763,159,-210,329,-160,318,-197,-742,357,-66,368,638,380,-873,-283,36,-166,19,-617,1008,-14,-768,332,-74,268,527,-538,672,489,-96,-1253,1189,-22,2442,-1884,2464,-3261,5739,-4412,926,-1906,839,-1505,1482,-1603,-139,-41,-146,-441,510,414,-131,323,-935
167,575,-44,-710,123,493,1179,495,-2189,-289,484,386,-656,-57,-210,158,-595,357,474,-171,1524,-1428,306,1583,-1175,204,1583,933,1207,-3539,697,934,3155,-1844,1662,-4126,-686,283,-415,-512,230,160,37,-521,-501,1722,611,-1763,159,-210,329,-160,318,-197,-742,357,-66,368,638,380,-873,-283,36,-166,19,-617,1008,-14,-768,332,-74,268,527,-538,672,489,-96,-1253,1189,-22,2442,-1884,2464,-3261,5739,-4412,926,-1906,839,-1505,1482,-1603,-139,-41,-146,-441,510,414,-131,323,-935,497
168,-44,-710,123,493,1179,495,-2189,-289,484,386,-656,-57,-210,158,-595,357,474,-171,1524,-1428,306,1583,-1175,204,1583,933,1207,-3539,697,934,3155,-1844,1662,-4126,-686,283,-415,-512,230,160,37,-521,-501,1722,611,-1763,159,-210,329,-160,318,-197,-742,357,-66,368,638,380,-873,-283,36,-166,19,-617,1008,-14,-768,332,-74,268,527,-538,672,489,-96,-1253,1189,-22,2442,-1884,2464,-3261,5739,-4412,926,-1906,839,-1505,1482,-1603,-139,-41,-146,-441,510,414,-131,323,-935,497,-128
169,-710,123,493,1179,495,-2189,-289,484,386,-656,-57,-210,158,-595,357,474,-171,1524,-1428,306,1583,-1175,204,1583,933,1207,-3539,697,934,3155,-1844,1662,-4126,-686,283,-415,-512,230,160,37,-521,-501,1722,611,-1763,159,-210,329,-160,318,-197,-742,357,-66,368,638,380,-873,-283,36,-166,19,-617,1008,-14,-768,332,-74,268,527,-538,672,489,-96,-1253,1189,-22,2442,-1884,2464,-3261,5739,-4412,926,-1906,839,-1505,1482,-1603,-139,-41,-146,-441,510,414,-131,323,-935,497,-128,275
170,123,493,1179,495,-2189,-289,484,386,-656,-57,-210,158,-595,357,474,-171,1524,-1428,306,1583,-1175,204,1583,933,1207,-3539,697,934,3155,-1844,1662,-4126,-686,283,-415,-512,230,160,37,-521,-501,1722,611,-1763,159,-210,329,-160,318,-197,-742,357,-66,368,638,380,-873,-283,36,-166,19,-617,1008,-14,-768,332,-74,268,527,-538,672,489,-96,-1253,1189,-22,2442,-1884,2464,-3261,5739,-4412,926,-1906,839,-1505,1482,-1603,-139,-41,-146,-441,510,414,-131,323,-935,497,-128,275,-5
171,493,1179,495,-2189,-289,484,386,-656,-57,-210,158,-595,357,474,-171,1524,-1428,306,1583,-1175,204,1583,933,1207,-3539,697,934,3155,-1844,1662,-4126,-686,283,-415,-512,230,160,37,-521,-501,1722,611,-1763,159,-210,329,-160,318,-197,-742,357,-66,368,638,380,-873,-283,36,-166,19,-617,1008,-14,-768,332,-74,268,527,-538,672,489,-96,-1253,1189,-22,2442,-1884,2464,-3261,5739,-4412,926,-1906,839,-1505,1482,-1603,-139,-41,-146,-441,510,414,-131,323,-935,497,-128,275,-5,-85
172,1179,495,-2189,-289,484,386,-656,-57,-210,158,-595,357,474,-171,1524,-1428,306,1583,-1175,204,1583,933,1207,-3539,697,934,3155,-1844,1662,-4126,-686,283,-415,-512,230,160,37,-521,-501,1722,611,-1763,159,-210,329,-160,318,-197,-742,357,-66,368,638,380,-873,-283,36,-166,19,-617,1008,-14,-768,332,-74,268,527,-538,672,489,-96,-1253,1189,-22,2442,-1884,2464,-3261,5739,-4412,926,-1906,839,-1505,1482,-1603,-139,-41,-146,-441,510,414,-131,323,-935,497,-128,275,-5,-85,-236
173,495,-2189,-289,484,386,-656,-57,-210,158,-595,357,474,-171,1524,-1428,306,1583,-1175,204,1583,933,1207,-3539,697,934,3155,-1844,1662,-4126,-686,283,-415,-512,230,160,37,-521,-501,1722,611,-1763,159,-210,329,-160,318,-197,-742,357,-66,368,638,380,-873,-283,36,-166,19,-617,1008,-14,-768,332,-74,268,527,-538,672,489,-96,-1253,1189,-22,2442,-1884,2464,-3261,5739,-4412,926,-1906,839,-1505,1482,-1603,-139,-41,-146,-441,510,414,-131,323,-935,497,-128,275,-5,-85,-236,67
174,-2189,-289,484,386,-656,-57,-210,158,-595,357,474,-171,1524,-1428,306,1583,-1175,204,1583,933,1207,-3539,697,934,3155,-1844,1662,-4126,-686,283,-415,-512,230,160,37,-521,-501,1722,611,-1763,159,-210,329,-160,318,-197,-742,357,-66,368,638,380,-873,-283,36,-166,19,-617,1008,-14,-768,332,-74,268,527,-538,672,489,-96,-1253,1189,-22,2442,-1884,2464,-3261,5739,-4412,926,-1906,839,-1505,1482,-1603,-139,-41,-146,-441,510,414,-131,323,-935,497,-128,275,-5,-85,-236,67,520
175,-289,484,386,-656,-57,-210,158,-595,357,474,-171,1524,-1428,306,1583,-1175,204,1583,933,1207,-3539,697,934,3155,-1844,1662,-4126,-686,283,-415,-512,230,160,37,-521,-501,1722,611,-1763,159,-210,329,-160,318,-197,-742,357,-66,368,638,380,-873,-283,36,-166,19,-617,1008,-14,-768,332,-74,268,527,-538,672,489,-96,-1253,1189,-22,2442,-1884,2464,-3261,5739,-4412,926,-1906,839,-1505,1482,-1603,-139,-41,-146,-441,510,414,-131,323,-935,497,-128,275,-5,-85,-236,67,520,-1044
176,484,386,-656,-57,-210,158,-595,357,474,-171,1524,-1428,306,1583,-1175,204,1583,933,1207,-3539,697,934,3155,-1844,1662,-4126,-686,283,-415,-512,230,160,37,-521,-501,1722,611,-1763,159,-210,329,-160,318,-197,-742,357,-66,368,638,380,-873,-283,36,-166,19,-617,1008,-14,-768,332,-74,268,527,-538,672,489,-96,-1253,1189,-22,2442,-1884,2464,-3261,5739,-4412,926,-1906,839,-1505,1482,-1603,-139,-41,-146,-441,510,414,-131,323,-935,497,-128,275,-5,-85,-236,67,520,-1044,1302
177,386,-656,-57,-210,158,-595,357,474,-171,1524,-1428,306,1583,-1175,204,1583,933,1207,-3539,697,934,3155,-1844,1662,-4126,-686,283,-415,-512,230,160,37,-521,-501,1722,611,-1763,159,-210,329,-160,318,-197,-742,357,-66,368,638,380,-873,-283,36,-166,19,-617,1008,-14,-768,332,-74,268,527,-538,672,489,-96,-1253,1189,-22,2442,-1884,2464,-3261,5739,-4412,926,-1906,839,-1505,1482,-1603,-139,-41,-146,-441,510,414,-131,323,-935,497,-128,275,-5,-85,-236,67,520,-1044,1302,994
178,-656,-57,-210,158,-595,357,474,-171,1524,-1428,306,1583,-1175,204,1583,933,1207,-3539,697,934,3155,-1844,1662,-4126,-686,283,-415,-512,230,160,37,-521,-501,1722,611,-1763,159,-210,329,-160,318,-197,-742,357,-66,368,638,380,-873,-283,36,-166,19,-617,1008,-14,-768,332,-74,268,527,-538,672,489,-96,-1253,1189,-22,2442,-1884,2464,-3261,5739,-4412,926,-1906,839,-1505,1482,-1603,-139,-41,-146,-441,510,414,-131,323,-935,497,-128,275,-5,-85,-236,67,520,-1044,1302,994,93
179,-57,-210,158,-595,357,474,-171,1524,-1428,306,1583,-1175,204,1583,933,1207,-3539,697,934,3155,-1844,1662,-4126,-686,283,-415,-512,230,160,37,-521,-501,1722,611,-1763,159,-210,329,-160,318,-197,-742,357,-66,368,638,380,-873,-283,36,-166,19,-617,1008,-14,-768,332,-74,268,527,-538,672,489,-96,-1253,1189,-22,2442,-1884,2464,-3261,5739,-4412,926,-1906,839,-1505,1482,-1603,-139,-41,-146,-441,510,414,-131,323,-935,497,-128,275,-5,-85,-236,67,520,-1044,1302,994,93,-1447
180,-210,158,-595,357,474,-171,1524,-1428,306,1583,-1175,204,1583,933,1207,-3539,697,934,3155,-1844,1662,-4126,-686,283,-415,-512,230,160,37,-521,-501,1722,611,-1763,159,-210,329,-160,318,-197,-742,357,-66,368,638,380,-873,-283,36,-166,19,-617,1008,-14,-768,332,-74,268,527,-538,672,489,-96,-1253,1189,-22,2442,-1884,2464,-3261,5739,-4412,926,-1906,839,-1505,1482,-1603,-139,-41,-146,-441,510,414,-131,323,-935,497,-128,275,-5,-85,-236,67,520,-1044,1302,994,93,-1447,-664
181,158,-595,357,474,-171,1524,-1428,306,1583,-1175,204,1583,933,1207,-3539,697,934,3155,-1844,1662,-4126,-686,283,-415,-512,230,160,37,-521,-501,1722,611,-1763,159,-210,329,-160,318,-197,-742,357,-66,368,638,380,-873,-283,36,-166,19,-617,1008,-14,-768,332,-74,268,527,-538,672,489,-96,-1253,1189,-22,2442,-1884,2464,-3261,5739,-4412,926,-1906,839,-1505,1482,-1603,-139,-41,-146,-441,510,414,-131,323,-935,497,-128,275,-5,-85,-236,67,520,-1044,1302,994,93,-1447,-664,230
182,-595,357,474,-171,1524,-1428,306,1583,-1175,204,1583,933,1207,-3539,697,934,3155,-1844,1662,-4126,-686,283,-415,-512,230,160,37,-521,-501,1722,611,-1763,159,-210,329,-160,318,-197,-742,357,-66,368,638,380,-873,-283,36,-166,19,-617,1008,-14,-768,332,-74,268,527,-538,672,489,-96,-1253,1189,-22,2442,-1884,2464,-3261,5739,-4412,926,-1906,839,-1505,1482,-1603,-139,-41,-146,-441,510,414,-131,323,-935,497,-128,275,-5,-85,-236,67,520,-1044,1302,994,93,-1447,-664,230,-214
183,357,474,-171,1524,-1428,306,1583,-1175,204,1583,933,1207,-3539,697,934,3155,-1844,1662,-4126,-686,283,-415,-512,230,160,37,-521,-501,1722,611,-1763,159,-210,329,-160,318,-197,-742,357,-66,368,638,380,-873,-283,36,-166,19,-617,1008,-14,-768,332,-74,268,527,-538,672,489,-96,-1253,1189,-22,2442,-1884,2464,-3261,5739,-4412,926,-1906,839,-1505,1482,-1603,-139,-41,-146,-441,510,414,-131,323,-935,497,-128,275,-5,-85,-236,67,520,-1044,1302,994,93,-1447,-664,230,-214,-132
184,474,-171,1524,-1428,306,1583,-1175,204,1583,933,1207,-3539,697,934,3155,-1844,1662,-4126,-686,283,-415,-512,230,160,37,-521,-501,1722,611,-1763,159,-210,329,-160,318,-197,-742,357,-66,368,638,380,-873,-283,36,-166,19,-617,1008,-14,-768,332,-74,268,527,-538,672,489,-96,-1253,1189,-22,2442,-1884,2464,-3261,5739,-4412,926,-1906,839,-1505,1482,-1603,-139,-41,-146,-441,510,414,-131,323,-935,497,-128,275,-5,-85,-236,67,520,-1044,1302,994,93,-1447,-664,230,-214,-132,134
185,-171,1524,-1428,306,1583,-1175,204,1583,933,1207,-3539,697,934,3155,-1844,1662,-4126,-686,283,-415,-512,230,160,37,-521,-501,1722,611,-1763,159,-210,329,-160,318,-197,-742,357,-66,368,638,380,-873,-283,36,-166,19,-617,1008,-14,-768,332,-74,268,527,-538,672,489,-96,-1253,1189,-22,2442,-1884,2464,-3261,5739,-4412,926,-1906,839,-1505,1482,-1603,-139,-41,-146,-441,510,414,-131,323,-935,497,-128,275,-5,-85,-236,67,520,-1044,1302,994,93,-1447,-664,230,-214,-132,134,337
186,1524,-1428,306,1583,-1175,204,1583,933,1207,-3539,697,934,3155,-1844,1662,-4126,-686,283,-415,-512,230,160,37,-521,-501,1722,611,-1763,159,-210,329,-160,318,-197,-742,357,-66,368,638,380,-873,-283,36,-166,19,-617,1008,-14,-768,332,-74,268,527,-538,672,489,-96,-1253,1189,-22,2442,-1884,2464,-3261,5739,-4412,926,-1906,839,-1505,1482,-1603,-139,-41,-146,-441,510,414,-131,323,-935,497,-128,275,-5,-85,-236,67,520,-1044,1302,994,93,-1447,-664,230,-214,-132,134,337,-542
187,-1428,306,1583,-1175,204,1583,933,1207,-3539,697,934,3155,-1844,1662,-4126,-686,283,-415,-512,230,160,37,-521,-501,1722,611,-1763,159,-210,329,-160,318,-197,-742,357,-66,368,638,380,-873,-283,36,-166,19,-617,1008,-14,-768,332,-74,268,527,-538,672,489,-96,-1253,1189,-22,2442,-1884,2464,-3261,5739,-4412,926,-1906,839,-1505,1482,-1603,-139,-41,-146,-441,510,414,-131,323,-935,497,-128,275,-5,-85,-236,67,520,-1044,1302,994,93,-1447,-664,230,-214,-132,134,337,-542,230
188,306,1583,-1175,204,1583,933,1207,-3539,697,934,3155,-1844,1662,-4126,-686,283,-415,-512,230,160,37,-521,-501,1722,611,-1763,159,-210,329,-160,318,-197,-742,357,-66,368,638,380,-873,-283,36,-166,19,-617,1008,-14,-768,332,-74,268,527,-538,672,489,-96,-1253,1189,-22,2442,-1884,2464,-3261,5739,-4412,926,-1906,839,-1505,1482,-1603,-139,-41,-146,-441,510,414,-131,323,-935,497,-128,275,-5,-85,-236,67,520,-1044,1302,994,93,-1447,-664,230,-214,-132,134,337,-542,230,494
189,1583,-1175,204,1583,933,1207,-3539,697,934,3155,-1844,1662,-4126,-686,283,-415,-512,230,160,37,-521,-501,1722,611,-1763,159,-210,329,-160,318,-197,-742,357,-66,368,638,380,-873,-283,36,-166,19,-617,1008,-14,-768,332,-74,268,527,-538,672,489,-96,-1253,1189,-22,2442,-1884,2464,-3261,5739,-4412,926,-1906,839,-1505,1482,-1603,-139,-41,-146,-441,510,414,-131,323,-935,497,-128,275,-5,-85,-236,67,520,-1044,1302,994,93,-1447,-664,230,-214,-132,134,337,-542,230,494,-358
190,-1175,204,1583,933,1207,-3539,697,934,3155,-1844,1662,-4126,-686,283,-415,-512,230,160,37,-521,-501,1722,611,-1763,159,-210,329,-160,318,-197,-742,357,-66,368,638,380,-873,-283,36,-166,19,-617,1008,-14,-768,332,-74,268,527,-538,672,489,-96,-1253,1189,-22,2442,-1884,2464,-3261,5739,-4412,926,-1906,839,-1505,1482,-1603,-139,-41,-146,-441,510,414,-131,323,-935,497,-128,275,-5,-85,-236,67,520,-1044,1302,994,93,-1447,-664,230,-214,-132,134,337,-542,230,494,-358,1936
191,204,1583,933,1207,-3539,697,934,3155,-1844,1662,-4126,-686,283,-415,-512,230,160,37,-521,-501,1722,611,-1763,159,-210,329,-160,318,-197,-742,357,-66,368,638,380,-873,-283,36,-166,19,-617,1008,-14,-768,332,-74,268,527,-538,672,489,-96,-1253,1189,-22,2442,-1884,2464,-3261,5739,-4412,926,-1906,839,-1505,1482,-1603,-139,-41,-146,-441,510,414,-131,323,-935,497,-128,275,-5,-85,-236,67,520,-1044,1302,994,93,-1447,-664,230,-214,-132,134,337,-542,230,494,-358,1936,-521
192,1583,933,1207,-3539,697,934,3155,-1844,1662,-4126,-686,283,-415,-512,230,160,37,-521,-501,1722,611,-1763,159,-210,329,-160,318,-197,-742,357,-66,368,638,380,-873,-283,36,-166,19,-617,1008,-14,-768,332,-74,268,527,-538,672,489,-96,-1253,1189,-22,2442,-1884,2464,-3261,5739,-4412,926,-1906,839,-1505,1482,-1603,-139,-41,-146,-441,510,414,-131,323,-935,497,-128,275,-5,-85,-236,67,520,-1044,1302,994,93,-1447,-664,230,-214,-132,134,337,-542,230,494,-358,1936,-521,-1362
193,933,1207,-3539,697,934,3155,-1844,1662,-4126,-686,283,-415,-512,230,160,37,-521,-501,1722,611,-1763,159,-210,329,-160,318,-197,-742,357,-66,368,638,380,-873,-283,36,-166,19,-617,1008,-14,-768,332,-74,268,527,-538,672,489,-96,-1253,1189,-22,2442,-1884,2464,-3261,5739,-4412,926,-1906,839,-1505,1482,-1603,-139,-41,-146,-441,510,414,-131,323,-935,497,-128,275,-5,-85,-236,67,520,-1044,1302,994,93,-1447,-664,230,-214,-132,134,337,-542,230,494,-358,1936,-521,-1362,-44
194,1207,-3539,697,934,3155,-1844,1662,-4126,-686,283,-415,-512,230,160,37,-521,-501,1722,611,-1763,159,-210,329,-160,318,-197,-742,357,-66,368,638,380,-873,-283,36,-166,19,-617,1008,-14,-768,332,-74,268,527,-538,672,489,-96,-1253,1189,-22,2442,-1884,2464,-3261,5739,-4412,926,-1906,839,-1505,1482,-1603,-139,-41,-146,-441,510,414,-131,323,-935,497,-128,275,-5,-85,-236,67,520,-1044,1302,994,93,-1447,-664,230,-214,-132,134,337,-542,230,494,-358,1936,-521,-1362,-44,2286
195,-3539,697,934,3155,-1844,1662,-4126,-686,283,-415,-512,230,160,37,-521,-501,1722,611,-1763,159,-210,329,-160,318,-197,-742,357,-66,368,638,380,-873,-283,36,-166,19,-617,1008,-14,-768,332,-74,268,527,-538,672,489,-96,-1253,1189,-22,2442,-1884,2464,-3261,5739,-4412,926,-1906,839,-1505,1482,-1603,-139,-41,-146,-441,510,414,-131,323,-935,497,-128,275,-5,-85,-236,67,520,-1044,1302,994,93,-1447,-664,230,-214,-132,134,337,-542,230,494,-358,1936,-521,-1362,-44,2286,-2441
196,697,934,3155,-1844,1662,-4126,-686,283,-415,-512,230,160,37,-521,-501,1722,611,-1763,159,-210,329,-160,318,-197,-742,357,-66,368,638,380,-873,-283,36,-166,19,-617,1008,-14,-768,332,-74,268,527,-538,672,489,-96,-1253,1189,-22,2442,-1884,2464,-3261,5739,-4412,926,-1906,839,-1505,1482,-1603,-139,-41,-146,-441,510,414,-131,323,-935,497,-128,275,-5,-85,-236,67,520,-1044,1302,994,93,-1447,-664,230,-214,-132,134,337,-542,230,494,-358,1936,-521,-1362,-44,2286,-2441,1838
197,934,3155,-1844,1662,-4126,-686,283,-415,-512,230,160,37,-521,-501,1722,611,-1763,159,-210,329,-160,318,-197,-742,357,-66,368,638,380,-873,-283,36,-166,19,-617,1008,-14,-768,332,-74,268,527,-538,672,489,-96,-1253,1189,-22,2442,-1884,2464,-3261,5739,-4412,926,-1906,839,-1505,1482,-1603,-139,-41,-146,-441,510,414,-131,323,-935,497,-128,275,-5,-85,-236,67,520,-1044,1302,994,93,-1447,-664,230,-214,-132,134,337,-542,230,494,-358,1936,-521,-1362,-44,2286,-2441,1838,-637
198,3155,-1844,1662,-4126,-686,283,-415,-512,230,160,37,-521,-501,1722,611,-1763,159,-210,329,-160,318,-197,-742,357,-66,368,638,380,-873,-283,36,-166,19,-617,1008,-14,-768,332,-74,268,527,-538,672,489,-96,-1253,1189,-22,2442,-1884,2464,-3261,5739,-4412,926,-1906,839,-1505,1482,-1603,-139,-41,-146,-441,510,414,-131,323,-935,497,-128,275,-5,-85,-236,67,520,-1044,1302,994,93,-1447,-664,230,-214,-132,134,337,-542,230,494,-358,1936,-521,-1362,-44,2286,-2441,1838,-637,3781
199,-1844,1662,-4126,-686,283,-415,-512,230,160,37,-521,-501,1722,611,-1763,159,-210,329,-160,318,-197,-742,357,-66,368,638,380,-873,-283,36,-166,19,-617,1008,-14,-768,332,-74,268,527,-538,672,489,-96,-1253,1189,-22,2442,-1884,2464,-3261,5739,-4412,926,-1906,839,-1505,1482,-1603,-139,-41,-146,-441,510,414,-131,323,-935,497,-128,275,-5,-85,-236,67,520,-1044,1302,994,93,-1447,-664,230,-214,-132,134,337,-542,230,494,-358,1936,-521,-1362,-44,2286,-2441,1838,-637,3781,-3215
200,1662,-4126,-686,283,-415,-512,230,160,37,-521,-501,1722,611,-1763,159,-210,329,-160,318,-197,-742,357,-66,368,638,380,-873,-283,36,-166,19,-617,1008,-14,-768,332,-74,268,527,-538,672,489,-96,-1253,1189,-22,2442,-1884,2464,-3261,5739,-4412,926,-1906,839,-1505,1482,-1603,-139,-41,-146,-441,510,414,-131,323,-935,497,-128,275,-5,-85,-236,67,520,-1044,1302,994,93,-1447,-664,230,-214,-132,134,337,-542,230,494,-358,1936,-521,-1362,-44,2286,-2441,1838,-637,3781,-3215,483
201,-4126,-686,283,-415,-512,230,160,37,-521,-501,1722,611,-1763,159,-210,329,-160,318,-197,-742,357,-66,368,638,380,-873,-283,36,-166,19,-617,1008,-14,-768,332,-74,268,527,-538,672,489,-96,-1253,1189,-22,2442,-1884,2464,-3261,5739,-4412,926,-1906,839,-1505,1482,-1603,-139,-41,-146,-441,510,414,-131,323,-935,497,-128,275,-5,-85,-236,67,520,-1044,1302,994,93,-1447,-664,230,-214,-132,134,337,-542,230,494,-358,1936,-521,-1362,-44,2286,-2441,1838,-637,3781,-3215,483,3048
202,-686,283,-415,-512,230,160,37,-521,-501,1722,611,-1763,159,-210,329,-160,318,-197,-742,357,-66,368,638,380,-873,-283,36,-166,19,-617,1008,-14,-768,332,-74,268,527,-538,672,489,-96,-1253,1189,-22,2442,-1884,2464,-3261,5739,-4412,926,-1906,839,-1505,1482,-1603,-139,-41,-146,-441,510,414,-131,323,-935,497,-128,275,-5,-85,-236,67,520,-1044,1302,994,93,-1447,-664,230,-214,-132,134,337,-542,230,494,-358,1936,-521,-1362,-44,2286,-2441,1838,-637,3781,-3215,483,3048,-2831
203,283,-415,-512,230,160,37,-521,-501,1722,611,-1763,159,-210,329,-160,318,-197,-742,357,-66,368,638,380,-873,-283,36,-166,19,-617,1008,-14,-768,332,-74,268,527,-538,672,489,-96,-1253,1189,-22,2442,-1884,2464,-3261,5739,-4412,926,-1906,839,-1505,1482,-1603,-139,-41,-146,-441,510,414,-131,323,-935,497,-128,275,-5,-85,-236,67,520,-1044,1302,994,93,-1447,-664,230,-214,-132,134,337,-542,230,494,-358,1936,-521,-1362,-44,2286,-2441,1838,-637,3781,-3215,483,3048,-2831,1087
204,-415,-512,230,160,37,-521,-501,1722,611,-1763,159,-210,329,-160,318,-197,-742,357,-66,368,638,380,-873,-283,36,-166,19,-617,1008,-14,-768,332,-74,268,527,-538,672,489,-96,-1253,1189,-22,2442,-1884,2464,-3261,5739,-4412,926,-1906,839,-1505,1482,-1603,-139,-41,-146,-441,510,414,-131,323,-935,497,-128,275,-5,-85,-236,67,520,-1044,1302,994,93,-1447,-664,230,-214,-132,134,337,-542,230,494,-358,1936,-521,-1362,-44,2286,-2441,1838,-637,3781,-3215,483,3048,-2831,1087,1004
205,-512,230,160,37,-521,-501,1722,611,-1763,159,-210,329,-160,318,-197,-742,357,-66,368,638,380,-873,-283,36,-166,19,-617,1008,-14,-768,332,-74,268,527,-538,672,489,-96,-1253,1189,-22,2442,-1884,2464,-3261,5739,-4412,926,-1906,839,-1505,1482,-1603,-139,-41,-146,-441,510,414,-131,323,-935,497,-128,275,-5,-85,-236,67,520,-1044,1302,994,93,-1447,-664,230,-214,-132,134,337,-542,230,494,-358,1936,-521,-1362,-44,2286,-2441,1838,-637,3781,-3215,483,3048,-2831,1087,1004,-3324
206,230,160,37,-521,-501,1722,611,-1763,159,-210,329,-160,318,-197,-742,357,-66,368,638,380,-873,-283,36,-166,19,-617,1008,-14,-768,332,-74,268,527,-538,672,489,-96,-1253,1189,-22,2442,-1884,2464,-3261,5739,-4412,926,-1906,839,-1505,1482,-1603,-139,-41,-146,-441,510,414,-131,323,-935,497,-128,275,-5,-85,-236,67,520,-1044,1302,994,93,-1447,-664,230,-214,-132,134,337,-542,230,494,-358,1936,-521,-1362,-44,2286,-2441,1838,-637,3781,-3215,483,3048,-2831,1087,1004,-3324,652
207,160,37,-521,-501,1722,611,-1763,159,-210,329,-160,318,-197,-742,357,-66,368,638,380,-873,-283,36,-166,19,-617,1008,-14,-768,332,-74,268,527,-538,672,489,-96,-1253,1189,-22,2442,-1884,2464,-3261,5739,-4412,926,-1906,839,-1505,1482,-1603,-139,-41,-146,-441,510,414,-131,323,-935,497,-128,275,-5,-85,-236,67,520,-1044,1302,994,93,-1447,-664,230,-214,-132,134,337,-542,230,494,-358,1936,-521,-1362,-44,2286,-2441,1838,-637,3781,-3215,483,3048,-2831,1087,1004,-3324,652,-496
208,37,-521,-501,1722,611,-1763,159,-210,329,-160,318,-197,-742,357,-66,368,638,380,-873,-283,36,-166,19,-617,1008,-14,-768,332,-74,268,527,-538,672,489,-96,-1253,1189,-22,2442,-1884,2464,-3261,5739,-4412,926,-1906,839,-1505,1482,-1603,-139,-41,-146,-441,510,414,-131,323,-935,497,-128,275,-5,-85,-236,67,520,-1044,1302,994,93,-1447,-664,230,-214,-132,134,337,-542,230,494,-358,1936,-521,-1362,-44,2286,-2441,1838,-637,3781,-3215,483,3048,-2831,1087,1004,-3324,652,-496,107
209,-521,-501,1722,611,-1763,159,-210,329,-160,318,-197,-742,357,-66,368,638,380,-873,-283,36,-166,19,-617,1008,-14,-768,332,-74,268,527,-538,672,489,-96,-1253,1189,-22,2442,-1884,2464,-3261,5739,-4412,926,-1906,839,-1505,1482,-1603,-139,-41,-146,-441,510,414,-131,323,-935,497,-128,275,-5,-85,-236,67,520,-1044,1302,994,93,-1447,-664,230,-214,-132,134,337,-542,230,494,-358,1936,-521,-1362,-44,2286,-2441,1838,-637,3781,-3215,483,3048,-2831,1087,1004,-3324,652,-496,107,-1228
210,-501,1722,611,-1763,159,-210,329,-160,318,-197,-742,357,-66,368,638,380,-873,-283,36,-166,19,-617,1008,-14,-768,332,-74,268,527,-538,672,489,-96,-1253,1189,-22,2442,-1884,2464,-3261,5739,-4412,926,-1906,839,-1505,1482,-1603,-139,-41,-146,-441,510,414,-131,323,-935,497,-128,275,-5,-85,-236,67,520,-1044,1302,994,93,-1447,-664,230,-214,-132,134,337,-542,230,494,-358,1936,-521,-1362,-44,2286,-2441,1838,-637,3781,-3215,483,3048,-2831,1087,1004,-3324,652,-496,107,-1228,-481
211,1722,611,-1763,159,-210,329,-160,318,-197,-742,357,-66,368,638,380,-873,-283,36,-166,19,-617,1008,-14,-768,332,-74,268,527,-538,672,489,-96,-1253,1189,-22,2442,-1884,2464,-3261,5739,-4412,926,-1906,839,-1505,1482,-1603,-139,-41,-146,-441,510,414,-131,323,-935,497,-128,275,-5,-85,-236,67,520,-1044,1302,994,93,-1447,-664,230,-214,-132,134,337,-542,230,494,-358,1936,-521,-1362,-44,2286,-2441,1838,-637,3781,-3215,483,3048,-2831,1087,1004,-3324,652,-496,107,-1228,-481,1011
212,611,-1763,159,-210,329,-160,318,-197,-742,357,-66,368,638,380,-873,-283,36,-166,19,-617,1008,-14,-768,332,-74,268,527,-538,672,489,-96,-1253,1189,-22,2442,-1884,2464,-3261,5739,-4412,926,-1906,839,-1505,1482,-1603,-139,-41,-146,-441,510,414,-131,323,-935,497,-128,275,-5,-85,-236,67,520,-1044,1302,994,93,-1447,-664,230,-214,-132,134,337,-542,230,494,-358,1936,-521,-1362,-44,2286,-2441,1838,-637,3781,-3215,483,3048,-2831,1087,1004,-3324,652,-496,107,-1228,-481,1011,-586
213,-1763,159,-210,329,-160,318,-197,-742,357,-66,368,638,380,-873,-283,36,-166,19,-617,1008,-14,-768,332,-74,268,527,-538,672,489,-96,-1253,1189,-22,2442,-1884,2464,-3261,5739,-4412,926,-1906,839,-1505,1482,-1603,-139,-41,-146,-441,510,414,-131,323,-935,497,-128,275,-5,-85,-236,67,520,-1044,1302,994,93,-1447,-664,230,-214,-132,134,337,-542,230,494,-358,1936,-521,-1362,-44,2286,-2441,1838,-637,3781,-3215,483,3048,-2831,1087,1004,-3324,652,-496,107,-1228,-481,1011,-586,53
214,159,-210,329,-160,318,-197,-742,357,-66,368,638,380,-873,-283,36,-166,19,-617,1008,-14,-768,332,-74,268,527,-538,672,489,-96,-1253,1189,-22,2442,-1884,2464,-3261,5739,-4412,926,-1906,839,-1505,1482,-1603,-139,-41,-146,-441,510,414,-131,323,-935,497,-128,275,-5,-85,-236,67,520,-1044,1302,994,93,-1447,-664,230,-214,-132,134,337,-542,230,494,-358,1936,-521,-1362,-44,2286,-2441,1838,-637,3781,-3215,483,3048,-2831,1087,1004,-3324,652,-496,107,-1228,-481,1011,-586,53,-381
215,-210,329,-160,318,-197,-742,357,-66,368,638,380,-873,-283,36,-166,19,-617,1008,-14,-768,332,-74,268,527,-538,672,489,-96,-1253,1189,-22,2442,-1884,2464,-3261,5739,-4412,926,-1906,839,-1505,1482,-1603,-139,-41,-146,-441,510,414,-131,323,-935,497,-128,275,-5,-85,-236,67,520,-1044,1302,994,93,-1447,-664,230,-214,-132,134,337,-542,230,494,-358,1936,-521,-1362,-44,2286,-2441,1838,-637,3781,-3215,483,3048,-2831,1087,1004,-3324,652,-496,107,-1228,-481,1011,-586,53,-381,1215
216,329,-160,318,-197,-742,357,-66,368,638,380,-873,-283,36,-166,19,-617,1008,-14,-768,332,-74,268,527,-538,672,489,-96,-1253,1189,-22,2442,-1884,2464,-3261,5739,-4412,926,-1906,839,-1505,1482,-1603,-139,-41,-146,-441,510,414,-131,323,-935,497,-128,275,-5,-85,-236,67,520,-1044,1302,994,93,-1447,-664,230,-214,-132,134,337,-542,230,494,-358,1936,-521,-1362,-44,2286,-2441,1838,-637,3781,-3215,483,3048,-2831,1087,1004,-3324,652,-496,107,-1228,-481,1011,-586,53,-381,1215,125
217,-160,318,-197,-742,357,-66,368,638,380,-873,-283,36,-166,19,-617,1008,-14,-768,332,-74,268,527,-538,672,489,-96,-1253,1189,-22,2442,-1884,2464,-3261,5739,-4412,926,-1906,839,-1505,1482,-1603,-139,-41,-146,-441,510,414,-131,323,-935,497,-128,275,-5,-85,-236,67,520,-1044,1302,994,93,-1447,-664,230,-214,-132,134,337,-542,230,494,-358,1936,-521,-1362,-44,2286,-2441,1838,-637,3781,-3215,483,3048,-2831,1087,1004,-3324,652,-496,107,-1228,-481,1011,-586,53,-381,1215,125,-739
218,318,-197,-742,357,-66,368,638,380,-873,-283,36,-166,19,-617,1008,-14,-768,332,-74,268,527,-538,672,489,-96,-1253,1189,-22,2442,-1884,2464,-3261,5739,-4412,926,-1906,839,-1505,1482,-1603,-139,-41,-146,-441,510,414,-131,323,-935,497,-128,275,-5,-85,-236,67,520,-1044,1302,994,93,-1447,-664,230,-214,-132,134,337,-542,230,494,-358,1936,-521,-1362,-44,2286,-2441,1838,-637,3781,-3215,483,3048,-2831,1087,1004,-3324,652,-496,107,-1228,-481,1011,-586,53,-381,1215,125,-739,463
219,-197,-742,357,-66,368,638,380,-873,-283,36,-166,19,-617,1008,-14,-768,332,-74,268,527,-538,672,489,-96,-1253,1189,-22,2442,-1884,2464,-3261,5739,-4412,926,-1906,839,-1505,1482,-1603,-139,-41,-146,-441,510,414,-131,323,-935,497,-128,275,-5,-85,-236,67,520,-1044,1302,994,93,-1447,-664,230,-214,-132,134,337,-542,230,494,-358,1936,-521,-1362,-44,2286,-2441,1838,-637,3781,-3215,483,3048,-2831,1087,1004,-3324,652,-496,107,-1228,-481,1011,-586,53,-381,1215,125,-739,463,-789
220,-742,357,-66,368,638,380,-873,-283,36,-166,19,-617,1008,-14,-768,332,-74,268,527,-538,672,489,-96,-1253,1189,-22,2442,-1884,2464,-3261,5739,-4412,926,-1906,839,-1505,1482,-1603,-139,-41,-146,-441,510,414,-131,323,-935,497,-128,275,-5,-85,-236,67,520,-1044,1302,994,93,-1447,-664,230,-214,-132,134,337,-542,230,494,-358,1936,-521,-1362,-44,2286,-2441,1838,-637,3781,-3215,483,3048,-2831,1087,1004,-3324,652,-496,107,-1228,-481,1011,-586,53,-381,1215,125,-739,463,-789,1102
221,357,-66,368,638,380,-873,-283,36,-166,19,-617,1008,-14,-768,332,-74,268,527,-538,672,489,-96,-1253,1189,-22,2442,-1884,2464,-3261,5739,-4412,926,-1906,839,-1505,1482,-1603,-139,-41,-146,-441,510,414,-131,323,-935,497,-128,275,-5,-85,-236,67,520,-1044,1302,994,93,-1447,-664,230,-214,-132,134,337,-542,230,494,-358,1936,-521,-1362,-44,2286,-2441,1838,-637,3781,-3215,483,3048,-2831,1087,1004,-3324,652,-496,107,-1228,-481,1011,-586,53,-381,1215,125,-739,463,-789,1102,-1134
222,-66,368,638,380,-873,-283,36,-166,19,-617,1008,-14,-768,332,-74,268,527,-538,672,489,-96,-1253,1189,-22,2442,-1884,2464,-3261,5739,-4412,926,-1906,839,-1505,1482,-1603,-139,-41,-146,-441,510,414,-131,323,-935,497,-128,275,-5,-85,-236,67,520,-1044,1302,994,93,-1447,-664,230,-214,-132,134,337,-542,230,494,-358,1936,-521,-1362,-44,2286,-2441,1838,-637,3781,-3215,483,3048,-2831,1087,1004,-3324,652,-496,107,-1228,-481,1011,-586,53,-381,1215,125,-739,463,-789,1102,-1134,-49
223,368,638,380,-873,-283,36,-166,19,-617,1008,-14,-768,332,-74,268,527,-538,672,489,-96,-1253,1189,-22,2442,-1884,2464,-3261,5739,-4412,926,-1906,839,-1505,1482,-1603,-139,-41,-146,-441,510,414,-131,323,-935,497,-128,275,-5,-85,-236,67,520,-1044,1302,994,93,-1447,-664,230,-214,-132,134,337,-542,230,494,-358,1936,-521,-1362,-44,2286,-2441,1838,-637,3781,-3215,483,3048,-2831,1087,1004,-3324,652,-496,107,-1228,-481,1011,-586,53,-381,1215,125,-739,463,-789,1102,-1134,-49,501
224,638,380,-873,-283,36,-166,19,-617,1008,-14,-768,332,-74,268,527,-538,672,489,-96,-1253,1189,-22,2442,-1884,2464,-3261,5739,-4412,926,-1906,839,-1505,1482,-1603,-139,-41,-146,-441,510,414,-131,323,-935,497,-128,275,-5,-85,-236,67,520,-1044,1302,994,93,-1447,-664,230,-214,-132,134,337,-542,230,494,-358,1936,-521,-1362,-44,2286,-2441,1838,-637,3781,-3215,483,3048,-2831,1087,1004,-3324,652,-496,107,-1228,-481,1011,-586,53,-381,1215,125,-739,463,-789,1102,-1134,-49,501,186
225,380,-873,-283,36,-166,19,-617,1008,-14,-768,332,-74,268,527,-538,672,489,-96,-1253,1189,-22,2442,-1884,2464,-3261,5739,-4412,926,-1906,839,-1505,1482,-1603,-139,-41,-146,-441,510,414,-131,323,-935,497,-128,275,-5,-85,-236,67,520,-1044,1302,994,93,-1447,-664,230,-214,-132,134,337,-542,230,494,-358,1936,-521,-1362,-44,2286,-2441,1838,-637,3781,-3215,483,3048,-2831,1087,1004,-3324,652,-496,107,-1228,-481,1011,-586,53,-381,1215,125,-739,463,-789,1102,-1134,-49,501,186,688
226,-873,-283,36,-166,19,-617,1008,-14,-768,332,-74,268,527,-538,672,489,-96,-1253,1189,-22,2442,-1884,2464,-3261,5739,-4412,926,-1906,839,-1505,1482,-1603,-139,-41,-146,-441,510,414,-131,323,-935,497,-128,275,-5,-85,-236,67,520,-1044,1302,994,93,-1447,-664,230,-214,-132,134,337,-542,230,494,-358,1936,-521,-1362,-44,2286,-2441,1838,-637,3781,-3215,483,3048,-2831,1087,1004,-3324,652,-496,107,-1228,-481,1011,-586,53,-381,1215,125,-739,463,-789,1102,-1134,-49,501,186,688,-1141
227,-283,36,-166,19,-617,1008,-14,-768,332,-74,268,527,-538,672,489,-96,-1253,1189,-22,2442,-1884,2464,-3261,5739,-4412,926,-1906,839,-1505,1482,-1603,-139,-41,-146,-441,510,414,-131,323,-935,497,-128,275,-5,-85,-236,67,520,-1044,1302,994,93,-1447,-664,230,-214,-132,134,337,-542,230,494,-358,1936,-521,-1362,-44,2286,-2441,1838,-637,3781,-3215,483,3048,-2831,1087,1004,-3324,652,-496,107,-1228,-481,1011,-586,53,-381,1215,125,-739,463,-789,1102,-1134,-49,501,186,688,-1141,-428
228,36,-166,19,-617,1008,-14,-768,332,-74,268,527,-538,672,489,-96,-1253,1189,-22,2442,-1884,2464,-3261,5739,-4412,926,-1906,839,-1505,1482,-1603,-139,-41,-146,-441,510,414,-131,323,-935,497,-128,275,-5,-85,-236,67,520,-1044,1302,994,93,-1447,-664,230,-214,-132,134,337,-542,230,494,-358,1936,-521,-1362,-44,2286,-2441,1838,-637,3781,-3215,483,3048,-2831,1087,1004,-3324,652,-496,107,-1228,-481,1011,-586,53,-381,1215,125,-739,463,-789,1102,-1134,-49,501,186,688,-1141,-428,1774
229,-166,19,-617,1008,-14,-768,332,-74,268,527,-538,672,489,-96,-1253,1189,-22,2442,-1884,2464,-3261,5739,-4412,926,-1906,839,-1505,1482,-1603,-139,-41,-146,-441,510,414,-131,323,-935,497,-128,275,-5,-85,-236,67,520,-1044,1302,994,93,-1447,-664,230,-214,-132,134,337,-542,230,494,-358,1936,-521,-1362,-44,2286,-2441,1838,-637,3781,-3215,483,3048,-2831,1087,1004,-3324,652,-496,107,-1228,-481,1011,-586,53,-381,1215,125,-739,463,-789,1102,-1134,-49,501,186,688,-1141,-428,1774,2111
230,19,-617,1008,-14,-768,332,-74,268,527,-538,672,489,-96,-1253,1189,-22,2442,-1884,2464,-3261,5739,-4412,926,-1906,839,-1505,1482,-1603,-139,-41,-146,-441,510,414,-131,323,-935,497,-128,275,-5,-85,-236,67,520,-1044,1302,994,93,-1447,-664,230,-214,-132,134,337,-542,230,494,-358,1936,-521,-1362,-44,2286,-2441,1838,-637,3781,-3215,483,3048,-2831,1087,1004,-3324,652,-496,107,-1228,-481,1011,-586,53,-381,1215,125,-739,463,-789,1102,-1134,-49,501,186,688,-1141,-428,1774,2111,-1891
231,-617,1008,-14,-768,332,-74,268,527,-538,672,489,-96,-1253,1189,-22,2442,-1884,2464,-3261,5739,-4412,926,-1906,839,-1505,1482,-1603,-139,-41,-146,-441,510,414,-131,323,-935,497,-128,275,-5,-85,-236,67,520,-1044,1302,994,93,-1447,-664,230,-214,-132,134,337,-542,230,494,-358,1936,-521,-1362,-44,2286,-2441,1838,-637,3781,-3215,483,3048,-2831,1087,1004,-3324,652,-496,107,-1228,-481,1011,-586,53,-381,1215,125,-739,463,-789,1102,-1134,-49,501,186,688,-1141,-428,1774,2111,-1891,-1112
232,1008,-14,-768,332,-74,268,527,-538,672,489,-96,-1253,1189,-22,2442,-1884,2464,-3261,5739,-4412,926,-1906,839,-1505,1482,-1603,-139,-41,-146,-441,510,414,-131,323,-935,497,-128,275,-5,-85,-236,67,520,-1044,1302,994,93,-1447,-664,230,-214,-132,134,337,-542,230,494,-358,1936,-521,-1362,-44,2286,-2441,1838,-637,3781,-3215,483,3048,-2831,1087,1004,-3324,652,-496,107,-1228,-481,1011,-586,53,-381,1215,125,-739,463,-789,1102,-1134,-49,501,186,688,-1141,-428,1774,2111,-1891,-1112,-633
233,-14,-768,332,-74,268,527,-538,672,489,-96,-1253,1189,-22,2442,-1884,2464,-3261,5739,-4412,926,-1906,839,-1505,1482,-1603,-139,-41,-146,-441,510,414,-131,323,-935,497,-128,275,-5,-85,-236,67,520,-1044,1302,994,93,-1447,-664,230,-214,-132,134,337,-542,230,494,-358,1936,-521,-1362,-44,2286,-2441,1838,-637,3781,-3215,483,3048,-2831,1087,1004,-3324,652,-496,107,-1228,-481,1011,-586,53,-381,1215,125,-739,463,-789,1102,-1134,-49,501,186,688,-1141,-428,1774,2111,-1891,-1112,-633,670
234,-768,332,-74,268,527,-538,672,489,-96,-1253,1189,-22,2442,-1884,2464,-3261,5739,-4412,926,-1906,839,-1505,1482,-1603,-139,-41,-146,-441,510,414,-131,323,-935,497,-128,275,-5,-85,-236,67,520,-1044,1302,994,93,-1447,-664,230,-214,-132,134,337,-542,230,494,-358,1936,-521,-1362,-44,2286,-2441,1838,-637,3781,-3215,483,3048,-2831,1087,1004,-3324,652,-496,107,-1228,-481,1011,-586,53,-381,1215,125,-739,463,-789,1102,-1134,-49,501,186,688,-1141,-428,1774,2111,-1891,-1112,-633,670,-702
235,332,-74,268,527,-538,672,489,-96,-1253,1189,-22,2442,-1884,2464,-3261,5739,-4412,926,-1906,839,-1505,1482,-1603,-139,-41,-146,-441,510,414,-131,323,-935,497,-128,275,-5,-85,-236,67,520,-1044,1302,994,93,-1447,-664,230,-214,-132,134,337,-542,230,494,-358,1936,-521,-1362,-44,2286,-2441,1838,-637,3781,-3215,483,3048,-2831,1087,1004,-3324,652,-496,107,-1228,-481,1011,-586,53,-381,1215,125,-739,463,-789,1102,-1134,-49,501,186,688,-1141,-428,1774,2111,-1891,-1112,-633,670,-702,343
236,-74,268,527,-538,672,489,-96,-1253,1189,-22,2442,-1884,2464,-3261,5739,-4412,926,-1906,839,-1505,1482,-1603,-139,-41,-146,-441,510,414,-131,323,-935,497,-128,275,-5,-85,-236,67,520,-1044,1302,994,93,-1447,-664,230,-214,-132,134,337,-542,230,494,-358,1936,-521,-1362,-44,2286,-2441,1838,-637,3781,-3215,483,3048,-2831,1087,1004,-3324,652,-496,107,-1228,-481,1011,-586,53,-381,1215,125,-739,463,-789,1102,-1134,-49,501,186,688,-1141,-428,1774,2111,-1891,-1112,-633,670,-702,343,-722
237,268,527,-538,672,489,-96,-1253,1189,-22,2442,-1884,2464,-3261,5739,-4412,926,-1906,839,-1505,1482,-1603,-139,-41,-146,-441,510,414,-131,323,-935,497,-128,275,-5,-85,-236,67,520,-1044,1302,994,93,-1447,-664,230,-214,-132,134,337,-542,230,494,-358,1936,-521,-1362,-44,2286,-2441,1838,-637,3781,-3215,483,3048,-2831,1087,1004,-3324,652,-496,107,-1228,-481,1011,-586,53,-381,1215,125,-739,463,-789,1102,-1134,-49,501,186,688,-1141,-428,1774,2111,-1891,-1112,-633,670,-702,343,-722,238
238,527,-538,672,489,-96,-1253,1189,-22,2442,-1884,2464,-3261,5739,-4412,926,-1906,839,-1505,1482,-1603,-139,-41,-146,-441,510,414,-131,323,-935,497,-128,275,-5,-85,-236,67,520,-1044,1302,994,93,-1447,-664,230,-214,-132,134,337,-542,230,494,-358,1936,-521,-1362,-44,2286,-2441,1838,-637,3781,-3215,483,3048,-2831,1087,1004,-3324,652,-496,107,-1228,-481,1011,-586,53,-381,1215,125,-739,463,-789,1102,-1134,-49,501,186,688,-1141,-428,1774,2111,-1891,-1112,-633,670,-702,343,-722,238,533
239,-538,672,489,-96,-1253,1189,-22,2442,-1884,2464,-3261,5739,-4412,926,-1906,839,-1505,1482,-1603,-139,-41,-146,-441,510,414,-131,323,-935,497,-128,275,-5,-85,-236,67,520,-1044,1302,994,93,-1447,-664,230,-214,-132,134,337,-542,230,494,-358,1936,-521,-1362,-44,2286,-2441,1838,-637,3781,-3215,483,3048,-2831,1087,1004,-3324,652,-496,107,-1228,-481,1011,-586,53,-381,1215,125,-739,463,-789,1102,-1134,-49,501,186,688,-1141,-428,1774,2111,-1891,-1112,-633,670,-702,343,-722,238,533,-96
240,672,489,-96,-1253,1189,-22,2442,-1884,2464,-3261,5739,-4412,926,-1906,839,-1505,1482,-1603,-139,-41,-146,-441,510,414,-131,323,-935,497,-128,275,-5,-85,-236,67,520,-1044,1302,994,93,-1447,-664,230,-214,-132,134,337,-542,230,494,-358,1936,-521,-1362,-44,2286,-2441,1838,-637,3781,-3215,483,3048,-2831,1087,1004,-3324,652,-496,107,-1228,-481,1011,-586,53,-381,1215,125,-739,463,-789,1102,-1134,-49,501,186,688,-1141,-428,1774,2111,-1891,-1112,-633,670,-702,343,-722,238,533,-96,120
241,489,-96,-1253,1189,-22,2442,-1884,2464,-3261,5739,-4412,926,-1906,839,-1505,1482,-1603,-139,-41,-146,-441,510,414,-131,323,-935,497,-128,275,-5,-85,-236,67,520,-1044,1302,994,93,-1447,-664,230,-214,-132,134,337,-542,230,494,-358,1936,-521,-1362,-44,2286,-2441,1838,-637,3781,-3215,483,3048,-2831,1087,1004,-3324,652,-496,107,-1228,-481,1011,-586,53,-381,1215,125,-739,463,-789,1102,-1134,-49,501,186,688,-1141,-428,1774,2111,-1891,-1112,-633,670,-702,343,-722,238,533,-96,120,589
242,-96,-1253,1189,-22,2442,-1884,2464,-3261,5739,-4412,926,-1906,839,-1505,1482,-1603,-139,-41,-146,-441,510,414,-131,323,-935,497,-128,275,-5,-85,-236,67,520,-1044,1302,994,93,-1447,-664,230,-214,-132,134,337,-542,230,494,-358,1936,-521,-1362,-44,2286,-2441,1838,-637,3781,-3215,483,3048,-2831,1087,1004,-3324,652,-496,107,-1228,-481,1011,-586,53,-381,1215,125,-739,463,-789,1102,-1134,-49,501,186,688,-1141,-428,1774,2111,-1891,-1112,-633,670,-702,343,-722,238,533,-96,120,589,619
243,-1253,1189,-22,2442,-1884,2464,-3261,5739,-4412,926,-1906,839,-1505,1482,-1603,-139,-41,-146,-441,510,414,-131,323,-935,497,-128,275,-5,-85,-236,67,520,-1044,1302,994,93,-1447,-664,230,-214,-132,134,337,-542,230,494,-358,1936,-521,-1362,-44,2286,-2441,1838,-637,3781,-3215,483,3048,-2831,1087,1004,-3324,652,-496,107,-1228,-481,1011,-586,53,-381,1215,125,-739,463,-789,1102,-1134,-49,501,186,688,-1141,-428,1774,2111,-1891,-1112,-633,670,-702,343,-722,238,533,-96,120,589,619,-423
244,1189,-22,2442,-1884,2464,-3261,5739,-4412,926,-1906,839,-1505,1482,-1603,-139,-41,-146,-441,510,414,-131,323,-935,497,-128,275,-5,-85,-236,67,520,-1044,1302,994,93,-1447,-664,230,-214,-132,134,337,-542,230,494,-358,1936,-521,-1362,-44,2286,-2441,1838,-637,3781,-3215,483,3048,-2831,1087,1004,-3324,652,-496,107,-1228,-481,1011,-586,53,-381,1215,125,-739,463,-789,1102,-1134,-49,501,186,688,-1141,-428,1774,2111,-1891,-1112,-633,670,-702,343,-722,238,533,-96,120,589,619,-423,114
245,-22,2442,-1884,2464,-3261,5739,-4412,926,-1906,839,-1505,1482,-1603,-139,-41,-146,-441,510,414,-131,323,-935,497,-128,275,-5,-85,-236,67,520,-1044,1302,994,93,-1447,-664,230,-214,-132,134,337,-542,230,494,-358,1936,-521,-1362,-44,2286,-2441,1838,-637,3781,-3215,483,3048,-2831,1087,1004,-3324,652,-496,107,-1228,-481,1011,-586,53,-381,1215,125,-739,463,-789,1102,-1134,-49,501,186,688,-1141,-428,1774,2111,-1891,-1112,-633,670,-702,343,-722,238,533,-96,120,589,619,-423,114,-500
246,2442,-1884,2464,-3261,5739,-4412,926,-1906,839,-1505,1482,-1603,-139,-41,-146,-441,510,414,-131,323,-935,497,-128,275,-5,-85,-236,67,520,-1044,1302,994,93,-1447,-664,230,-214,-132,134,337,-542,230,494,-358,1936,-521,-1362,-44,2286,-2441,1838,-637,3781,-3215,483,3048,-2831,1087,1004,-3324,652,-496,107,-1228,-481,1011,-586,53,-381,1215,125,-739,463,-789,1102,-1134,-49,501,186,688,-1141,-428,1774,2111,-1891,-1112,-633,670,-702,343,-722,238,533,-96,120,589,619,-423,114,-500,706
247,-1884,2464,-3261,5739,-4412,926,-1906,839,-1505,1482,-1603,-139,-41,-146,-441,510,414,-131,323,-935,497,-128,275,-5,-85,-236,67,520,-1044,1302,994,93,-1447,-664,230,-214,-132,134,337,-542,230,494,-358,1936,-521,-1362,-44,2286,-2441,1838,-637,3781,-3215,483,3048,-2831,1087,1004,-3324,652,-496,107,-1228,-481,1011,-586,53,-381,1215,125,-739,463,-789,1102,-1134,-49,501,186,688,-1141,-428,1774,2111,-1891,-1112,-633,670,-702,343,-722,238,533,-96,120,589,619,-423,114,-500,706,356
248,2464,-3261,5739,-4412,926,-1906,839,-1505,1482,-1603,-139,-41,-146,-441,510,414,-131,323,-935,497,-128,275,-5,-85,-236,67,520,-1044,1302,994,93,-1447,-664,230,-214,-132,134,337,-542,230,494,-358,1936,-521,-1362,-44,2286,-2441,1838,-637,3781,-3215,483,3048,-2831,1087,1004,-3324,652,-496,107,-1228,-481,1011,-586,53,-381,1215,125,-739,463,-789,1102,-1134,-49,501,186,688,-1141,-428,1774,2111,-1891,-1112,-633,670,-702,343,-722,238,533,-96,120,589,619,-423,114,-500,706,356,-244
249,-3261,5739,-4412,926,-1906,839,-1505,1482,-1603,-139,-41,-146,-441,510,414,-131,323,-935,497,-128,275,-5,-85,-236,67,520,-1044,1302,994,93,-1447,-664,230,-214,-132,134,337,-542,230,494,-358,1936,-521,-1362,-44,2286,-2441,1838,-637,3781,-3215,483,3048,-2831,1087,1004,-3324,652,-496,107,-1228,-481,1011,-586,53,-381,1215,125,-739,463,-789,1102,-1134,-49,501,186,688,-1141,-428,1774,2111,-1891,-1112,-633,670,-702,343,-722,238,533,-96,120,589,619,-423,114,-500,706,356,-244,-500
250,5739,-4412,926,-1906,839,-1505,1482,-1603,-139,-41,-146,-441,510,414,-131,323,-935,497,-128,275,-5,-85,-236,67,520,-1044,1302,994,93,-1447,-664,230,-214,-132,134,337,-542,230,494,-358,1936,-521,-1362,-44,2286,-2441,1838,-637,3781,-3215,483,3048,-2831,1087,1004,-3324,652,-496,107,-1228,-481,1011,-586,53,-381,1215,125,-739,463,-789,1102,-1134,-49,501,186,688,-1141,-428,1774,2111,-1891,-1112,-633,670,-702,343,-722,238,533,-96,120,589,619,-423,114,-500,706,356,-244,-500,2331
251,-4412,926,-1906,839,-1505,1482,-1603,-139,-41,-146,-441,510,414,-131,323,-935,497,-128,275,-5,-85,-236,67,520,-1044,1302,994,93,-1447,-664,230,-214,-132,134,337,-542,230,494,-358,1936,-521,-1362,-44,2286,-2441,1838,-637,3781,-3215,483,3048,-2831,1087,1004,-3324,652,-496,107,-1228,-481,1011,-586,53,-381,1215,125,-739,463,-789,1102,-1134,-49,501,186,688,-1141,-428,1774,2111,-1891,-1112,-633,670,-702,343,-722,238,533,-96,120,589,619,-423,114,-500,706,356,-244,-500,2331,1719
252,926,-1906,839,-1505,1482,-1603,-139,-41,-146,-441,510,414,-131,323,-935,497,-128,275,-5,-85,-236,67,520,-1044,1302,994,93,-1447,-664,230,-214,-132,134,337,-542,230,494,-358,1936,-521,-1362,-44,2286,-2441,1838,-637,3781,-3215,483,3048,-2831,1087,1004,-3324,652,-496,107,-1228,-481,1011,-586,53,-381,1215,125,-739,463,-789,1102,-1134,-49,501,186,688,-1141,-428,1774,2111,-1891,-1112,-633,670,-702,343,-722,238,533,-96,120,589,619,-423,114,-500,706,356,-244,-500,2331,1719,-1884
253,-1906,839,-1505,1482,-1603,-139,-41,-146,-441,510,414,-131,323,-935,497,-128,275,-5,-85,-236,67,520,-1044,1302,994,93,-1447,-664,230,-214,-132,134,337,-542,230,494,-358,1936,-521,-1362,-44,2286,-2441,1838,-637,3781,-3215,483,3048,-2831,1087,1004,-3324,652,-496,107,-1228,-481,1011,-586,53,-381,1215,125,-739,463,-789,1102,-1134,-49,501,186,688,-1141,-428,1774,2111,-1891,-1112,-633,670,-702,343,-722,238,533,-96,120,589,619,-423,114,-500,706,356,-244,-500,2331,1719,-1884,3320
254,839,-1505,1482,-1603,-139,-41,-146,-441,510,414,-131,323,-935,497,-128,275,-5,-85,-236,67,520,-1044,1302,994,93,-1447,-664,230,-214,-132,134,337,-542,230,494,-358,1936,-521,-1362,-44,2286,-2441,1838,-637,3781,-3215,483,3048,-2831,1087,1004,-3324,652,-496,107,-1228,-481,1011,-586,53,-381,1215,125,-739,463,-789,1102,-1134,-49,501,186,688,-1141,-428,1774,2111,-1891,-1112,-633,670,-702,343,-722,238,533,-96,120,589,619,-423,114,-500,706,356,-244,-500,2331,1719,-1884,3320,-1656
255,-1505,1482,-1603,-139,-41,-146,-441,510,414,-131,323,-935,497,-128,275,-5,-85,-236,67,520,-1044,1302,994,93,-1447,-664,230,-214,-132,134,337,-542,230,494,-358,1936,-521,-1362,-44,2286,-2441,1838,-637,3781,-3215,483,3048,-2831,1087,1004,-3324,652,-496,107,-1228,-481,1011,-586,53,-381,1215,125,-739,463,-789,1102,-1134,-49,501,186,688,-1141,-428,1774,2111,-1891,-1112,-633,670,-702,343,-722,238,533,-96,120,589,619,-423,114,-500,706,356,-244,-500,2331,1719,-1884,3320,-1656,2517
256,1482,-1603,-139,-41,-146,-441,510,414,-131,323,-935,497,-128,275,-5,-85,-236,67,520,-1044,1302,994,93,-1447,-664,230,-214,-132,134,337,-542,230,494,-358,1936,-521,-1362,-44,2286,-2441,1838,-637,3781,-3215,483,3048,-2831,1087,1004,-3324,652,-496,107,-1228,-481,1011,-586,53,-381,1215,125,-739,463,-789,1102,-1134,-49,501,186,688,-1141,-428,1774,2111,-1891,-1112,-633,670,-702,343,-722,238,533,-96,120,589,619,-423,114,-500,706,356,-244,-500,2331,1719,-1884,3320,-1656,2517,-521
257,-1603,-139,-41,-146,-441,510,414,-131,323,-935,497,-128,275,-5,-85,-236,67,520,-1044,1302,994,93,-1447,-664,230,-214,-132,134,337,-542,230,494,-358,1936,-521,-1362,-44,2286,-2441,1838,-637,3781,-3215,483,3048,-2831,1087,1004,-3324,652,-496,107,-1228,-481,1011,-586,53,-381,1215,125,-739,463,-789,1102,-1134,-49,501,186,688,-1141,-428,1774,2111,-1891,-1112,-633,670,-702,343,-722,238,533,-96,120,589,619,-423,114,-500,706,356,-244,-500,2331,1719,-1884,3320,-1656,2517,-521,-4537
258,-139,-41,-146,-441,510,414,-131,323,-935,497,-128,275,-5,-85,-236,67,520,-1044,1302,994,93,-1447,-664,230,-214,-132,134,337,-542,230,494,-358,1936,-521,-1362,-44,2286,-2441,1838,-637,3781,-3215,483,3048,-2831,1087,1004,-3324,652,-496,107,-1228,-481,1011,-586,53,-381,1215,125,-739,463,-789,1102,-1134,-49,501,186,688,-1141,-428,1774,2111,-1891,-1112,-633,670,-702,343,-722,238,533,-96,120,589,619,-423,114,-500,706,356,-244,-500,2331,1719,-1884,3320,-1656,2517,-521,-4537,-1092
259,-41,-146,-441,510,414,-131,323,-935,497,-128,275,-5,-85,-236,67,520,-1044,1302,994,93,-1447,-664,230,-214,-132,134,337,-542,230,494,-358,1936,-521,-1362,-44,2286,-2441,1838,-637,3781,-3215,483,3048,-2831,1087,1004,-3324,652,-496,107,-1228,-481,1011,-586,53,-381,1215,125,-739,463,-789,1102,-1134,-49,501,186,688,-1141,-428,1774,2111,-1891,-1112,-633,670,-702,343,-722,238,533,-96,120,589,619,-423,114,-500,706,356,-244,-500,2331,1719,-1884,3320,-1656,2517,-521,-4537,-1092,486
260,-146,-441,510,414,-131,323,-935,497,-128,275,-5,-85,-236,67,520,-1044,1302,994,93,-1447,-664,230,-214,-132,134,337,-542,230,494,-358,1936,-521,-1362,-44,2286,-2441,1838,-637,3781,-3215,483,3048,-2831,1087,1004,-3324,652,-496,107,-1228,-481,1011,-586,53,-381,1215,125,-739,463,-789,1102,-1134,-49,501,186,688,-1141,-428,1774,2111,-1891,-1112,-633,670,-702,343,-722,238,533,-96,120,589,619,-423,114,-500,706,356,-244,-500,2331,1719,-1884,3320,-1656,2517,-521,-4537,-1092,486,-287
261,-441,510,414,-131,323,-935,497,-128,275,-5,-85,-236,67,520,-1044,1302,994,93,-1447,-664,230,-214,-132,134,337,-542,230,494,-358,1936,-521,-1362,-44,2286,-2441,1838,-637,3781,-3215,483,3048,-2831,1087,1004,-3324,652,-496,107,-1228,-481,1011,-586,53,-381,1215,125,-739,463,-789,1102,-1134,-49,501,186,688,-1141,-428,1774,2111,-1891,-1112,-633,670,-702,343,-722,238,533,-96,120,589,619,-423,114,-500,706,356,-244,-500,2331,1719,-1884,3320,-1656,2517,-521,-4537,-1092,486,-287,-1156
262,510,414,-131,323,-935,497,-128,275,-5,-85,-236,67,520,-1044,1302,994,93,-1447,-664,230,-214,-132,134,337,-542,230,494,-358,1936,-521,-1362,-44,2286,-2441,1838,-637,3781,-3215,483,3048,-2831,1087,1004,-3324,652,-496,107,-1228,-481,1011,-586,53,-381,1215,125,-739,463,-789,1102,-1134,-49,501,186,688,-1141,-428,1774,2111,-1891,-1112,-633,670,-702,343,-722,238,533,-96,120,589,619,-423,114,-500,706,356,-244,-500,2331,1719,-1884,3320,-1656,2517,-521,-4537,-1092,486,-287,-1156,356
263,414,-131,323,-935,497,-128,275,-5,-85,-236,67,520,-1044,1302,994,93,-1447,-664,230,-214,-132,134,337,-542,230,494,-358,1936,-521,-1362,-44,2286,-2441,1838,-637,3781,-3215,483,3048,-2831,1087,1004,-3324,652,-496,107,-1228,-481,1011,-586,53,-381,1215,125,-739,463,-789,1102,-1134,-49,501,186,688,-1141,-428,1774,2111,-1891,-1112,-633,670,-702,343,-722,238,533,-96,120,589,619,-423,114,-500,706,356,-244,-500,2331,1719,-1884,3320,-1656,2517,-521,-4537,-1092,486,-287,-1156,356,436
264,-131,323,-935,497,-128,275,-5,-85,-236,67,520,-1044,1302,994,93,-1447,-664,230,-214,-132,134,337,-542,230,494,-358,1936,-521,-1362,-44,2286,-2441,1838,-637,3781,-3215,483,3048,-2831,1087,1004,-3324,652,-496,107,-1228,-481,1011,-586,53,-381,1215,125,-739,463,-789,1102,-1134,-49,501,186,688,-1141,-428,1774,2111,-1891,-1112,-633,670,-702,343,-722,238,533,-96,120,589,619,-423,114,-500,706,356,-244,-500,2331,1719,-1884,3320,-1656,2517,-521,-4537,-1092,486,-287,-1156,356,436,-435
265,323,-935,497,-128,275,-5,-85,-236,67,520,-1044,1302,994,93,-1447,-664,230,-214,-132,134,337,-542,230,494,-358,1936,-521,-1362,-44,2286,-2441,1838,-637,3781,-3215,483,3048,-2831,1087,1004,-3324,652,-496,107,-1228,-481,1011,-586,53,-381,1215,125,-739,463,-789,1102,-1134,-49,501,186,688,-1141,-428,1774,2111,-1891,-1112,-633,670,-702,343,-722,238,533,-96,120,589,619,-423,114,-500,706,356,-244,-500,2331,1719,-1884,3320,-1656,2517,-521,-4537,-1092,486,-287,-1156,356,436,-435,-550
266,-935,497,-128,275,-5,-85,-236,67,520,-1044,1302,994,93,-1447,-664,230,-214,-132,134,337,-542,230,494,-358,1936,-521,-1362,-44,2286,-2441,1838,-637,3781,-3215,483,3048,-2831,1087,1004,-3324,652,-496,107,-1228,-481,1011,-586,53,-381,1215,125,-739,463,-789,1102,-1134,-49,501,186,688,-1141,-428,1774,2111,-1891,-1112,-633,670,-702,343,-722,238,533,-96,120,589,619,-423,114,-500,706,356,-244,-500,2331,1719,-1884,3320,-1656,2517,-521,-4537,-1092,486,-287,-1156,356,436,-435,-550,167
267,497,-128,275,-5,-85,-236,67,520,-1044,1302,994,93,-1447,-664,230,-214,-132,134,337,-542,230,494,-358,1936,-521,-1362,-44,2286,-2441,1838,-637,3781,-3215,483,3048,-2831,1087,1004,-3324,652,-496,107,-1228,-481,1011,-586,53,-381,1215,125,-739,463,-789,1102,-1134,-49,501,186,688,-1141,-428,1774,2111,-1891,-1112,-633,670,-702,343,-722,238,533,-96,120,589,619,-423,114,-500,706,356,-244,-500,2331,1719,-1884,3320,-1656,2517,-521,-4537,-1092,486,-287,-1156,356,436,-435,-550,167,1157
268,-128,275,-5,-85,-236,67,520,-1044,1302,994,93,-1447,-664,230,-214,-132,134,337,-542,230,494,-358,1936,-521,-1362,-44,2286,-2441,1838,-637,3781,-3215,483,3048,-2831,1087,1004,-3324,652,-496,107,-1228,-481,1011,-586,53,-381,1215,125,-739,463,-789,1102,-1134,-49,501,186,688,-1141,-428,1774,2111,-1891,-1112,-633,670,-702,343,-722,238,533,-96,120,589,619,-423,114,-500,706,356,-244,-500,2331,1719,-1884,3320,-1656,2517,-521,-4537,-1092,486,-287,-1156,356,436,-435,-550,167,1157,144
269,275,-5,-85,-236,67,520,-1044,1302,994,93,-1447,-664,230,-214,-132,134,337,-542,230,494,-358,1936,-521,-1362,-44,2286,-2441,1838,-637,3781,-3215,483,3048,-2831,1087,1004,-3324,652,-496,107,-1228,-481,1011,-586,53,-381,1215,125,-739,463,-789,1102,-1134,-49,501,186,688,-1141,-428,1774,2111,-1891,-1112,-633,670,-702,343,-722,238,533,-96,120,589,619,-423,114,-500,706,356,-244,-500,2331,1719,-1884,3320,-1656,2517,-521,-4537,-1092,486,-287,-1156,356,436,-435,-550,167,1157,144,439
270,-5,-85,-236,67,520,-1044,1302,994,93,-1447,-664,230,-214,-132,134,337,-542,230,494,-358,1936,-521,-1362,-44,2286,-2441,1838,-637,3781,-3215,483,3048,-2831,1087,1004,-3324,652,-496,107,-1228,-481,1011,-586,53,-381,1215,125,-739,463,-789,1102,-1134,-49,501,186,688,-1141,-428,1774,2111,-1891,-1112,-633,670,-702,343,-722,238,533,-96,120,589,619,-423,114,-500,706,356,-244,-500,2331,1719,-1884,3320,-1656,2517,-521,-4537,-1092,486,-287,-1156,356,436,-435,-550,167,1157,144,439,-1051
271,-85,-236,67,520,-1044,1302,994,93,-1447,-664,230,-214,-132,134,337,-542,230,494,-358,1936,-521,-1362,-44,2286,-2441,1838,-637,3781,-3215,483,3048,-2831,1087,1004,-3324,652,-496,107,-1228,-481,1011,-586,53,-381,1215,125,-739,463,-789,1102,-1134,-49,501,186,688,-1141,-428,1774,2111,-1891,-1112,-633,670,-702,343,-722,238,533,-96,120,589,619,-423,114,-500,706,356,-244,-500,2331,1719,-1884,3320,-1656,2517,-521,-4537,-1092,486,-287,-1156,356,436,-435,-550,167,1157,144,439,-1051,-153
272,-236,67,520,-1044,1302,994,93,-1447,-664,230,-214,-132,134,337,-542,230,494,-358,1936,-521,-1362,-44,2286,-2441,1838,-637,3781,-3215,483,3048,-2831,1087,1004,-3324,652,-496,107,-1228,-481,1011,-586,53,-381,1215,125,-739,463,-789,1102,-1134,-49,501,186,688,-1141,-428,1774,2111,-1891,-1112,-633,670,-702,343,-722,238,533,-96,120,589,619,-423,114,-500,706,356,-244,-500,2331,1719,-1884,3320,-1656,2517,-521,-4537,-1092,486,-287,-1156,356,436,-435,-550,167,1157,144,439,-1051,-153,-220
273,67,520,-1044,1302,994,93,-1447,-664,230,-214,-132,134,337,-542,230,494,-358,1936,-521,-1362,-44,2286,-2441,1838,-637,3781,-3215,483,3048,-2831,1087,1004,-3324,652,-496,107,-1228,-481,1011,-586,53,-381,1215,125,-739,463,-789,1102,-1134,-49,501,186,688,-1141,-428,1774,2111,-1891,-1112,-633,670,-702,343,-722,238,533,-96,120,589,619,-423,114,-500,706,356,-244,-500,2331,1719,-1884,3320,-1656,2517,-521,-4537,-1092,486,-287,-1156,356,436,-435,-550,167,1157,144,439,-1051,-153,-220,294
274,520,-1044,1302,994,93,-1447,-664,230,-214,-132,134,337,-542,230,494,-358,1936,-521,-1362,-44,2286,-2441,1838,-637,3781,-3215,483,3048,-2831,1087,1004,-3324,652,-496,107,-1228,-481,1011,-586,53,-381,1215,125,-739,463,-789,1102,-1134,-49,501,186,688,-1141,-428,1774,2111,-1891,-1112,-633,670,-702,343,-722,238,533,-96,120,589,619,-423,114,-500,706,356,-244,-500,2331,1719,-1884,3320,-1656,2517,-521,-4537,-1092,486,-287,-1156,356,436,-435,-550,167,1157,144,439,-1051,-153,-220,294,-775
275,-1044,1302,994,93,-1447,-664,230,-214,-132,134,337,-542,230,494,-358,1936,-521,-1362,-44,2286,-2441,1838,-637,3781,-3215,483,3048,-2831,1087,1004,-3324,652,-496,107,-1228,-481,1011,-586,53,-381,1215,125,-739,463,-789,1102,-1134,-49,501,186,688,-1141,-428,1774,2111,-1891,-1112,-633,670,-702,343,-722,238,533,-96,120,589,619,-423,114,-500,706,356,-244,-500,2331,1719,-1884,3320,-1656,2517,-521,-4537,-1092,486,-287,-1156,356,436,-435,-550,167,1157,144,439,-1051,-153,-220,294,-775,526
276,1302,994,93,-1447,-664,230,-214,-132,134,337,-542,230,494,-358,1936,-521,-1362,-44,2286,-2441,1838,-637,3781,-3215,483,3048,-2831,1087,1004,-3324,652,-496,107,-1228,-481,1011,-586,53,-381,1215,125,-739,463,-789,1102,-1134,-49,501,186,688,-1141,-428,1774,2111,-1891,-1112,-633,670,-702,343,-722,238,533,-96,120,589,619,-423,114,-500,706,356,-244,-500,2331,1719,-1884,3320,-1656,2517,-521,-4537,-1092,486,-287,-1156,356,436,-435,-550,167,1157,144,439,-1051,-153,-220,294,-775,526,-604
277,994,93,-1447,-664,230,-214,-132,134,337,-542,230,494,-358,1936,-521,-1362,-44,2286,-2441,1838,-637,3781,-3215,483,3048,-2831,1087,1004,-3324,652,-496,107,-1228,-481,1011,-586,53,-381,1215,125,-739,463,-789,1102,-1134,-49,501,186,688,-1141,-428,1774,2111,-1891,-1112,-633,670,-702,343,-722,238,533,-96,120,589,619,-423,114,-500,706,356,-244,-500,2331,1719,-1884,3320,-1656,2517,-521,-4537,-1092,486,-287,-1156,356,436,-435,-550,167,1157,144,439,-1051,-153,-220,294,-775,526,-604,376
278,93,-1447,-664,230,-214,-132,134,337,-542,230,494,-358,1936,-521,-1362,-44,2286,-2441,1838,-637,3781,-3215,483,3048,-2831,1087,1004,-3324,652,-496,107,-1228,-481,1011,-586,53,-381,1215,125,-739,463,-789,1102,-1134,-49,501,186,688,-1141,-428,1774,2111,-1891,-1112,-633,670,-702,343,-722,238,533,-96,120,589,619,-423,114,-500,706,356,-244,-500,2331,1719,-1884,3320,-1656,2517,-521,-4537,-1092,486,-287,-1156,356,436,-435,-550,167,1157,144,439,-1051,-153,-220,294,-775,526,-604,376,-8
279,-1447,-664,230,-214,-132,134,337,-542,230,494,-358,1936,-521,-1362,-44,2286,-2441,1838,-637,3781,-3215,483,3048,-2831,1087,1004,-3324,652,-496,107,-1228,-481,1011,-586,53,-381,1215,125,-739,463,-789,1102,-1134,-49,501,186,688,-1141,-428,1774,2111,-1891,-1112,-633,670,-702,343,-722,238,533,-96,120,589,619,-423,114,-500,706,356,-244,-500,2331,1719,-1884,3320,-1656,2517,-521,-4537,-1092,486,-287,-1156,356,436,-435,-550,167,1157,144,439,-1051,-153,-220,294,-775,526,-604,376,-8,11
280,-664,230,-214,-132,134,337,-542,230,494,-358,1936,-521,-1362,-44,2286,-2441,1838,-637,3781,-3215,483,3048,-2831,1087,1004,-3324,652,-496,107,-1228,-481,1011,-586,53,-381,1215,125,-739,463,-789,1102,-1134,-49,501,186,688,-1141,-428,1774,2111,-1891,-1112,-633,670,-702,343,-722,238,533,-96,120,589,619,-423,114,-500,706,356,-244,-500,2331,1719,-1884,3320,-1656,2517,-521,-4537,-1092,486,-287,-1156,356,436,-435,-550,167,1157,144,439,-1051,-153,-220,294,-775,526,-604,376,-8,11,-287
281,230,-214,-132,134,337,-542,230,494,-358,1936,-521,-1362,-44,2286,-2441,1838,-637,3781,-3215,483,3048,-2831,1087,1004,-3324,652,-496,107,-1228,-481,1011,-586,53,-381,1215,125,-739,463,-789,1102,-1134,-49,501,186,688,-1141,-428,1774,2111,-1891,-1112,-633,670,-702,343,-722,238,533,-96,120,589,619,-423,114,-500,706,356,-244,-500,2331,1719,-1884,3320,-1656,2517,-521,-4537,-1092,486,-287,-1156,356,436,-435,-550,167,1157,144,439,-1051,-153,-220,294,-775,526,-604,376,-8,11,-287,3145
282,-214,-132,134,337,-542,230,494,-358,1936,-521,-1362,-44,2286,-2441,1838,-637,3781,-3215,483,3048,-2831,1087,1004,-3324,652,-496,107,-1228,-481,1011,-586,53,-381,1215,125,-739,463,-789,1102,-1134,-49,501,186,688,-1141,-428,1774,2111,-1891,-1112,-633,670,-702,343,-722,238,533,-96,120,589,619,-423,114,-500,706,356,-244,-500,2331,1719,-1884,3320,-1656,2517,-521,-4537,-1092,486,-287,-1156,356,436,-435,-550,167,1157,144,439,-1051,-153,-220,294,-775,526,-604,376,-8,11,-287,3145,-419
283,-132,134,337,-542,230,494,-358,1936,-521,-1362,-44,2286,-2441,1838,-637,3781,-3215,483,3048,-2831,1087,1004,-3324,652,-496,107,-1228,-481,1011,-586,53,-381,1215,125,-739,463,-789,1102,-1134,-49,501,186,688,-1141,-428,1774,2111,-1891,-1112,-633,670,-702,343,-722,238,533,-96,120,589,619,-423,114,-500,706,356,-244,-500,2331,1719,-1884,3320,-1656,2517,-521,-4537,-1092,486,-287,-1156,356,436,-435,-550,167,1157,144,439,-1051,-153,-220,294,-775,526,-604,376,-8,11,-287,3145,-419,-2062
284,134,337,-542,230,494,-358,1936,-521,-1362,-44,2286,-2441,1838,-637,3781,-3215,483,3048,-2831,1087,1004,-3324,652,-496,107,-1228,-481,1011,-586,53,-381,1215,125,-739,463,-789,1102,-1134,-49,501,186,688,-1141,-428,1774,2111,-1891,-1112,-633,670,-702,343,-722,238,533,-96,120,589,619,-423,114,-500,706,356,-244,-500,2331,1719,-1884,3320,-1656,2517,-521,-4537,-1092,486,-287,-1156,356,436,-435,-550,167,1157,144,439,-1051,-153,-220,294,-775,526,-604,376,-8,11,-287,3145,-419,-2062,-462
285,337,-542,230,494,-358,1936,-521,-1362,-44,2286,-2441,1838,-637,3781,-3215,483,3048,-2831,1087,1004,-3324,652,-496,107,-1228,-481,1011,-586,53,-381,1215,125,-739,463,-789,1102,-1134,-49,501,186,688,-1141,-428,1774,2111,-1891,-1112,-633,670,-702,343,-722,238,533,-96,120,589,619,-423,114,-500,706,356,-244,-500,2331,1719,-1884,3320,-1656,2517,-521,-4537,-1092,486,-287,-1156,356,436,-435,-550,167,1157,144,439,-1051,-153,-220,294,-775,526,-604,376,-8,11,-287,3145,-419,-2062,-462,38
286,-542,230,494,-358,1936,-521,-1362,-44,2286,-2441,1838,-637,3781,-3215,483,3048,-2831,1087,1004,-3324,652,-496,107,-1228,-481,1011,-586,53,-381,1215,125,-739,463,-789,1102,-1134,-49,501,186,688,-1141,-428,1774,2111,-1891,-1112,-633,670,-702,343,-722,238,533,-96,120,589,619,-423,114,-500,706,356,-244,-500,2331,1719,-1884,3320,-1656,2517,-521,-4537,-1092,486,-287,-1156,356,436,-435,-550,167,1157,144,439,-1051,-153,-220,294,-775,526,-604,376,-8,11,-287,3145,-419,-2062,-462,38,75
287,230,494,-358,1936,-521,-1362,-44,2286,-2441,1838,-637,3781,-3215,483,3048,-2831,1087,1004,-3324,652,-496,107,-1228,-481,1011,-586,53,-381,1215,125,-739,463,-789,1102,-1134,-49,501,186,688,-1141,-428,1774,2111,-1891,-1112,-633,670,-702,343,-722,238,533,-96,120,589,619,-423,114,-500,706,356,-244,-500,2331,1719,-1884,3320,-1656,2517,-521,-4537,-1092,486,-287,-1156,356,436,-435,-550,167,1157,144,439,-1051,-153,-220,294,-775,526,-604,376,-8,11,-287,3145,-419,-2062,-462,38,75,-814
288,494,-358,1936,-521,-1362,-44,2286,-2441,1838,-637,3781,-3215,483,3048,-2831,1087,1004,-3324,652,-496,107,-1228,-481,1011,-586,53,-381,1215,125,-739,463,-789,1102,-1134,-49,501,186,688,-1141,-428,1774,2111,-1891,-1112,-633,670,-702,343,-722,238,533,-96,120,589,619,-423,114,-500,706,356,-244,-500,2331,1719,-1884,3320,-1656,2517,-521,-4537,-1092,486,-287,-1156,356,436,-435,-550,167,1157,144,439,-1051,-153,-220,294,-775,526,-604,376,-8,11,-287,3145,-419,-2062,-462,38,75,-814,410
289,-358,1936,-521,-1362,-44,2286,-2441,1838,-637,3781,-3215,483,3048,-2831,1087,1004,-3324,652,-496,107,-1228,-481,1011,-586,53,-381,1215,125,-739,463,-789,1102,-1134,-49,501,186,688,-1141,-428,1774,2111,-1891,-1112,-633,670,-702,343,-722,238,533,-96,120,589,619,-423,114,-500,706,356,-244,-500,2331,1719,-1884,3320,-1656,2517,-521,-4537,-1092,486,-287,-1156,356,436,-435,-550,167,1157,144,439,-1051,-153,-220,294,-775,526,-604,376,-8,11,-287,3145,-419,-2062,-462,38,75,-814,410,102
290,1936,-521,-1362,-44,2286,-2441,1838,-637,3781,-3215,483,3048,-2831,1087,1004,-3324,652,-496,107,-1228,-481,1011,-586,53,-381,1215,125,-739,463,-789,1102,-1134,-49,501,186,688,-1141,-428,1774,2111,-1891,-1112,-633,670,-702,343,-722,238,533,-96,120,589,619,-423,114,-500,706,356,-244,-500,2331,1719,-1884,3320,-1656,2517,-521,-4537,-1092,486,-287,-1156,356,436,-435,-550,167,1157,144,439,-1051,-153,-220,294,-775,526,-604,376,-8,11,-287,3145,-419,-2062,-462,38,75,-814,410,102,-385
291,-521,-1362,-44,2286,-2441,1838,-637,3781,-3215,483,3048,-2831,1087,1004,-3324,652,-496,107,-1228,-481,1011,-586,53,-381,1215,125,-739,463,-789,1102,-1134,-49,501,186,688,-1141,-428,1774,2111,-1891,-1112,-633,670,-702,343,-722,238,533,-96,120,589,619,-423,114,-500,706,356,-244,-500,2331,1719,-1884,3320,-1656,2517,-521,-4537,-1092,486,-287,-1156,356,436,-435,-550,167,1157,144,439,-1051,-153,-220,294,-775,526,-604,376,-8,11,-287,3145,-419,-2062,-462,38,75,-814,410,102,-385,353
292,-1362,-44,2286,-2441,1838,-637,3781,-3215,483,3048,-2831,1087,1004,-3324,652,-496,107,-1228,-481,1011,-586,53,-381,1215,125,-739,463,-789,1102,-1134,-49,501,186,688,-1141,-428,1774,2111,-1891,-1112,-633,670,-702,343,-722,238,533,-96,120,589,619,-423,114,-500,706,356,-244,-500,2331,1719,-1884,3320,-1656,2517,-521,-4537,-1092,486,-287,-1156,356,436,-435,-550,167,1157,144,439,-1051,-153,-220,294,-775,526,-604,376,-8,11,-287,3145,-419,-2062,-462,38,75,-814,410,102,-385,353,-381
293,-44,2286,-2441,1838,-637,3781,-3215,483,3048,-2831,1087,1004,-3324,652,-496,107,-1228,-481,1011,-586,53,-381,1215,125,-739,463,-789,1102,-1134,-49,501,186,688,-1141,-428,1774,2111,-1891,-1112,-633,670,-702,343,-722,238,533,-96,120,589,619,-423,114,-500,706,356,-244,-500,2331,1719,-1884,3320,-1656,2517,-521,-4537,-1092,486,-287,-1156,356,436,-435,-550,167,1157,144,439,-1051,-153,-220,294,-775,526,-604,376,-8,11,-287,3145,-419,-2062,-462,38,75,-814,410,102,-385,353,-381,289
294,2286,-2441,1838,-637,3781,-3215,483,3048,-2831,1087,1004,-3324,652,-496,107,-1228,-481,1011,-586,53,-381,1215,125,-739,463,-789,1102,-1134,-49,501,186,688,-1141,-428,1774,2111,-1891,-1112,-633,670,-702,343,-722,238,533,-96,120,589,619,-423,114,-500,706,356,-244,-500,2331,1719,-1884,3320,-1656,2517,-521,-4537,-1092,486,-287,-1156,356,436,-435,-550,167,1157,144,439,-1051,-153,-220,294,-775,526,-604,376,-8,11,-287,3145,-419,-2062,-462,38,75,-814,410,102,-385,353,-381,289,1559
295,-2441,1838,-637,3781,-3215,483,3048,-2831,1087,1004,-3324,652,-496,107,-1228,-481,1011,-586,53,-381,1215,125,-739,463,-789,1102,-1134,-49,501,186,688,-1141,-428,1774,2111,-1891,-1112,-633,670,-702,343,-722,238,533,-96,120,589,619,-423,114,-500,706,356,-244,-500,2331,1719,-1884,3320,-1656,2517,-521,-4537,-1092,486,-287,-1156,356,436,-435,-550,167,1157,144,439,-1051,-153,-220,294,-775,526,-604,376,-8,11,-287,3145,-419,-2062,-462,38,75,-814,410,102,-385,353,-381,289,1559,-407
296,1838,-637,3781,-3215,483,3048,-2831,1087,1004,-3324,652,-496,107,-1228,-481,1011,-586,53,-381,1215,125,-739,463,-789,1102,-1134,-49,501,186,688,-1141,-428,1774,2111,-1891,-1112,-633,670,-702,343,-722,238,533,-96,120,589,619,-423,114,-500,706,356,-244,-500,2331,1719,-1884,3320,-1656,2517,-521,-4537,-1092,486,-287,-1156,356,436,-435,-550,167,1157,144,439,-1051,-153,-220,294,-775,526,-604,376,-8,11,-287,3145,-419,-2062,-462,38,75,-814,410,102,-385,353,-381,289,1559,-407,-512
297,-637,3781,-3215,483,3048,-2831,1087,1004,-3324,652,-496,107,-1228,-481,1011,-586,53,-381,1215,125,-739,463,-789,1102,-1134,-49,501,186,688,-1141,-428,1774,2111,-1891,-1112,-633,670,-702,343,-722,238,533,-96,120,589,619,-423,114,-500,706,356,-244,-500,2331,1719,-1884,3320,-1656,2517,-521,-4537,-1092,486,-287,-1156,356,436,-435,-550,167,1157,144,439,-1051,-153,-220,294,-775,526,-604,376,-8,11,-287,3145,-419,-2062,-462,38,75,-814,410,102,-385,353,-381,289,1559,-407,-512,-4
298,3781,-3215,483,3048,-2831,1087,1004,-3324,652,-496,107,-1228,-481,1011,-586,53,-381,1215,125,-739,463,-789,1102,-1134,-49,501,186,688,-1141,-428,1774,2111,-1891,-1112,-633,670,-702,343,-722,238,533,-96,120,589,619,-423,114,-500,706,356,-244,-500,2331,1719,-1884,3320,-1656,2517,-521,-4537,-1092,486,-287,-1156,356,436,-435,-550,167,1157,144,439,-1051,-153,-220,294,-775,526,-604,376,-8,11,-287,3145,-419,-2062,-462,38,75,-814,410,102,-385,353,-381,289,1559,-407,-512,-4,1779
299,-3215,483,3048,-2831,1087,1004,-3324,652,-496,107,-1228,-481,1011,-586,53,-381,1215,125,-739,463,-789,1102,-1134,-49,501,186,688,-1141,-428,1774,2111,-1891,-1112,-633,670,-702,343,-722,238,533,-96,120,589,619,-423,114,-500,706,356,-244,-500,2331,1719,-1884,3320,-1656,2517,-521,-4537,-1092,486,-287,-1156,356,436,-435,-550,167,1157,144,439,-1051,-153,-220,294,-775,526,-604,376,-8,11,-287,3145,-419,-2062,-462,38,75,-814,410,102,-385,353,-381,289,1559,-407,-512,-4,1779,-191
300,483,3048,-2831,1087,1004,-3324,652,-496,107,-1228,-481,1011,-586,53,-381,1215,125,-739,463,-789,1102,-1134,-49,501,186,688,-1141,-428,1774,2111,-1891,-1112,-633,670,-702,343,-722,238,533,-96,120,589,619,-423,114,-500,706,356,-244,-500,2331,1719,-1884,3320,-1656,2517,-521,-4537,-1092,486,-287,-1156,356,436,-435,-550,167,1157,144,439,-1051,-153,-220,294,-775,526,-604,376,-8,11,-287,3145,-419,-2062,-462,38,75,-814,410,102,-385,353,-381,289,1559,-407,-512,-4,1779,-191,-1070
301,3048,-2831,1087,1004,-3324,652,-496,107,-1228,-481,1011,-586,53,-381,1215,125,-739,463,-789,1102,-1134,-49,501,186,688,-1141,-428,1774,2111,-1891,-1112,-633,670,-702,343,-722,238,533,-96,120,589,619,-423,114,-500,706,356,-244,-500,2331,1719,-1884,3320,-1656,2517,-521,-4537,-1092,486,-287,-1156,356,436,-435,-550,167,1157,144,439,-1051,-153,-220,294,-775,526,-604,376,-8,11,-287,3145,-419,-2062,-462,38,75,-814,410,102,-385,353,-381,289,1559,-407,-512,-4,1779,-191,-1070,1628
302,-2831,1087,1004,-3324,652,-496,107,-1228,-481,1011,-586,53,-381,1215,125,-739,463,-789,1102,-1134,-49,501,186,688,-1141,-428,1774,2111,-1891,-1112,-633,670,-702,343,-722,238,533,-96,120,589,619,-423,114,-500,706,356,-244,-500,2331,1719,-1884,3320,-1656,2517,-521,-4537,-1092,486,-287,-1156,356,436,-435,-550,167,1157,144,439,-1051,-153,-220,294,-775,526,-604,376,-8,11,-287,3145,-419,-2062,-462,38,75,-814,410,102,-385,353,-381,289,1559,-407,-512,-4,1779,-191,-1070,1628,-849
303,1087,1004,-3324,652,-496,107,-1228,-481,1011,-586,53,-381,1215,125,-739,463,-789,1102,-1134,-49,501,186,688,-1141,-428,1774,2111,-1891,-1112,-633,670,-702,343,-722,238,533,-96,120,589,619,-423,114,-500,706,356,-244,-500,2331,1719,-1884,3320,-1656,2517,-521,-4537,-1092,486,-287,-1156,356,436,-435,-550,167,1157,144,439,-1051,-153,-220,294,-775,526,-604,376,-8,11,-287,3145,-419,-2062,-462,38,75,-814,410,102,-385,353,-381,289,1559,-407,-512,-4,1779,-191,-1070,1628,-849,2851
304,1004,-3324,652,-496,107,-1228,-481,1011,-586,53,-381,1215,125,-739,463,-789,1102,-1134,-49,501,186,688,-1141,-428,1774,2111,-1891,-1112,-633,670,-702,343,-722,238,533,-96,120,589,619,-423,114,-500,706,356,-244,-500,2331,1719,-1884,3320,-1656,2517,-521,-4537,-1092,486,-287,-1156,356,436,-435,-550,167,1157,144,439,-1051,-153,-220,294,-775,526,-604,376,-8,11,-287,3145,-419,-2062,-462,38,75,-814,410,102,-385,353,-381,289,1559,-407,-512,-4,1779,-191,-1070,1628,-849,2851,-1191
305,-3324,652,-496,107,-1228,-481,1011,-586,53,-381,1215,125,-739,463,-789,1102,-1134,-49,501,186,688,-1141,-428,1774,2111,-1891,-1112,-633,670,-702,343,-722,238,533,-96,120,589,619,-423,114,-500,706,356,-244,-500,2331,1719,-1884,3320,-1656,2517,-521,-4537,-1092,486,-287,-1156,356,436,-435,-550,167,1157,144,439,-1051,-153,-220,294,-775,526,-604,376,-8,11,-287,3145,-419,-2062,-462,38,75,-814,410,102,-385,353,-381,289,1559,-407,-512,-4,1779,-191,-1070,1628,-849,2851,-1191,-504
306,652,-496,107,-1228,-481,1011,-586,53,-381,1215,125,-739,463,-789,1102,-1134,-49,501,186,688,-1141,-428,1774,2111,-1891,-1112,-633,670,-702,343,-722,238,533,-96,120,589,619,-423,114,-500,706,356,-244,-500,2331,1719,-1884,3320,-1656,2517,-521,-4537,-1092,486,-287,-1156,356,436,-435,-550,167,1157,144,439,-1051,-153,-220,294,-775,526,-604,376,-8,11,-287,3145,-419,-2062,-462,38,75,-814,410,102,-385,353,-381,289,1559,-407,-512,-4,1779,-191,-1070,1628,-849,2851,-1191,-504,3353
307,-496,107,-1228,-481,1011,-586,53,-381,1215,125,-739,463,-789,1102,-1134,-49,501,186,688,-1141,-428,1774,2111,-1891,-1112,-633,670,-702,343,-722,238,533,-96,120,589,619,-423,114,-500,706,356,-244,-500,2331,1719,-1884,3320,-1656,2517,-521,-4537,-1092,486,-287,-1156,356,436,-435,-550,167,1157,144,439,-1051,-153,-220,294,-775,526,-604,376,-8,11,-287,3145,-419,-2062,-462,38,75,-814,410,102,-385,353,-381,289,1559,-407,-512,-4,1779,-191,-1070,1628,-849,2851,-1191,-504,3353,556
308,107,-1228,-481,1011,-586,53,-381,1215,125,-739,463,-789,1102,-1134,-49,501,186,688,-1141,-428,1774,2111,-1891,-1112,-633,670,-702,343,-722,238,533,-96,120,589,619,-423,114,-500,706,356,-244,-500,2331,1719,-1884,3320,-1656,2517,-521,-4537,-1092,486,-287,-1156,356,436,-435,-550,167,1157,144,439,-1051,-153,-220,294,-775,526,-604,376,-8,11,-287,3145,-419,-2062,-462,38,75,-814,410,102,-385,353,-381,289,1559,-407,-512,-4,1779,-191,-1070,1628,-849,2851,-1191,-504,3353,556,162
309,-1228,-481,1011,-586,53,-381,1215,125,-739,463,-789,1102,-1134,-49,501,186,688,-1141,-428,1774,2111,-1891,-1112,-633,670,-702,343,-722,238,533,-96,120,589,619,-423,114,-500,706,356,-244,-500,2331,1719,-1884,3320,-1656,2517,-521,-4537,-1092,486,-287,-1156,356,436,-435,-550,167,1157,144,439,-1051,-153,-220,294,-775,526,-604,376,-8,11,-287,3145,-419,-2062,-462,38,75,-814,410,102,-385,353,-381,289,1559,-407,-512,-4,1779,-191,-1070,1628,-849,2851,-1191,-504,3353,556,162,-3849
310,-481,1011,-586,53,-381,1215,125,-739,463,-789,1102,-1134,-49,501,186,688,-1141,-428,1774,2111,-1891,-1112,-633,670,-702,343,-722,238,533,-96,120,589,619,-423,114,-500,706,356,-244,-500,2331,1719,-1884,3320,-1656,2517,-521,-4537,-1092,486,-287,-1156,356,436,-435,-550,167,1157,144,439,-1051,-153,-220,294,-775,526,-604,376,-8,11,-287,3145,-419,-2062,-462,38,75,-814,410,102,-385,353,-381,289,1559,-407,-512,-4,1779,-191,-1070,1628,-849,2851,-1191,-504,3353,556,162,-3849,-2049
311,1011,-586,53,-381,1215,125,-739,463,-789,1102,-1134,-49,501,186,688,-1141,-428,1774,2111,-1891,-1112,-633,670,-702,343,-722,238,533,-96,120,589,619,-423,114,-500,706,356,-244,-500,2331,1719,-1884,3320,-1656,2517,-521,-4537,-1092,486,-287,-1156,356,436,-435,-550,167,1157,144,439,-1051,-153,-220,294,-775,526,-604,376,-8,11,-287,3145,-419,-2062,-462,38,75,-814,410,102,-385,353,-381,289,1559,-407,-512,-4,1779,-191,-1070,1628,-849,2851,-1191,-504,3353,556,162,-3849,-2049,1595
312,-586,53,-381,1215,125,-739,463,-789,1102,-1134,-49,501,186,688,-1141,-428,1774,2111,-1891,-1112,-633,670,-702,343,-722,238,533,-96,120,589,619,-423,114,-500,706,356,-244,-500,2331,1719,-1884,3320,-1656,2517,-521,-4537,-1092,486,-287,-1156,356,436,-435,-550,167,1157,144,439,-1051,-153,-220,294,-775,526,-604,376,-8,11,-287,3145,-419,-2062,-462,38,75,-814,410,102,-385,353,-381,289,1559,-407,-512,-4,1779,-191,-1070,1628,-849,2851,-1191,-504,3353,556,162,-3849,-2049,1595,-1393
313,53,-381,1215,125,-739,463,-789,1102,-1134,-49,501,186,688,-1141,-428,1774,2111,-1891,-1112,-633,670,-702,343,-722,238,533,-96,120,589,619,-423,114,-500,706,356,-244,-500,2331,1719,-1884,3320,-1656,2517,-521,-4537,-1092,486,-287,-1156,356,436,-435,-550,167,1157,144,439,-1051,-153,-220,294,-775,526,-604,376,-8,11,-287,3145,-419,-2062,-462,38,75,-814,410,102,-385,353,-381,289,1559,-407,-512,-4,1779,-191,-1070,1628,-849,2851,-1191,-504,3353,556,162,-3849,-2049,1595,-1393,60
314,-381,1215,125,-739,463,-789,1102,-1134,-49,501,186,688,-1141,-428,1774,2111,-1891,-1112,-633,670,-702,343,-722,238,533,-96,120,589,619,-423,114,-500,706,356,-244,-500,2331,1719,-1884,3320,-1656,2517,-521,-4537,-1092,486,-287,-1156,356,436,-435,-550,167,1157,144,439,-1051,-153,-220,294,-775,526,-604,376,-8,11,-287,3145,-419,-2062,-462,38,75,-814,410,102,-385,353,-381,289,1559,-407,-512,-4,1779,-191,-1070,1628,-849,2851,-1191,-504,3353,556,162,-3849,-2049,1595,-1393,60,-574
315,1215,125,-739,463,-789,1102,-1134,-49,501,186,688,-1141,-428,1774,2111,-1891,-1112,-633,670,-702,343,-722,238,533,-96,120,589,619,-423,114,-500,706,356,-244,-500,2331,1719,-1884,3320,-1656,2517,-521,-4537,-1092,486,-287,-1156,356,436,-435,-550,167,1157,144,439,-1051,-153,-220,294,-775,526,-604,376,-8,11,-287,3145,-419,-2062,-462,38,75,-814,410,102,-385,353,-381,289,1559,-407,-512,-4,1779,-191,-1070,1628,-849,2851,-1191,-504,3353,556,162,-3849,-2049,1595,-1393,60,-574,188
316,125,-739,463,-789,1102,-1134,-49,501,186,688,-1141,-428,1774,2111,-1891,-1112,-633,670,-702,343,-722,238,533,-96,120,589,619,-423,114,-500,706,356,-244,-500,2331,1719,-1884,3320,-1656,2517,-521,-4537,-1092,486,-287,-1156,356,436,-435,-550,167,1157,144,439,-1051,-153,-220,294,-775,526,-604,376,-8,11,-287,3145,-419,-2062,-462,38,75,-814,410,102,-385,353,-381,289,1559,-407,-512,-4,1779,-191,-1070,1628,-849,2851,-1191,-504,3353,556,162,-3849,-2049,1595,-1393,60,-574,188,-25
317,-739,463,-789,1102,-1134,-49,501,186,688,-1141,-428,1774,2111,-1891,-1112,-633,670,-702,343,-722,238,533,-96,120,589,619,-423,114,-500,706,356,-244,-500,2331,1719,-1884,3320,-1656,2517,-521,-4537,-1092,486,-287,-1156,356,436,-435,-550,167,1157,144,439,-1051,-153,-220,294,-775,526,-604,376,-8,11,-287,3145,-419,-2062,-462,38,75,-814,410,102,-385,353,-381,289,1559,-407,-512,-4,1779,-191,-1070,1628,-849,2851,-1191,-504,3353,556,162,-3849,-2049,1595,-1393,60,-574,188,-25,-436
318,463,-789,1102,-1134,-49,501,186,688,-1141,-428,1774,2111,-1891,-1112,-633,670,-702,343,-722,238,533,-96,120,589,619,-423,114,-500,706,356,-244,-500,2331,1719,-1884,3320,-1656,2517,-521,-4537,-1092,486,-287,-1156,356,436,-435,-550,167,1157,144,439,-1051,-153,-220,294,-775,526,-604,376,-8,11,-287,3145,-419,-2062,-462,38,75,-814,410,102,-385,353,-381,289,1559,-407,-512,-4,1779,-191,-1070,1628,-849,2851,-1191,-504,3353,556,162,-3849,-2049,1595,-1393,60,-574,188,-25,-436,-456
319,-789,1102,-1134,-49,501,186,688,-1141,-428,1774,2111,-1891,-1112,-633,670,-702,343,-722,238,533,-96,120,589,619,-423,114,-500,706,356,-244,-500,2331,1719,-1884,3320,-1656,2517,-521,-4537,-1092,486,-287,-1156,356,436,-435,-550,167,1157,144,439,-1051,-153,-220,294,-775,526,-604,376,-8,11,-287,3145,-419,-2062,-462,38,75,-814,410,102,-385,353,-381,289,1559,-407,-512,-4,1779,-191,-1070,1628,-849,2851,-1191,-504,3353,556,162,-3849,-2049,1595,-1393,60,-574,188,-25,-436,-456,1154
320,1102,-1134,-49,501,186,688,-1141,-428,1774,2111,-1891,-1112,-633,670,-702,343,-722,238,533,-96,120,589,619,-423,114,-500,706,356,-244,-500,2331,1719,-1884,3320,-1656,2517,-521,-4537,-1092,486,-287,-1156,356,436,-435,-550,167,1157,144,439,-1051,-153,-220,294,-775,526,-604,376,-8,11,-287,3145,-419,-2062,-462,38,75,-814,410,102,-385,353,-381,289,1559,-407,-512,-4,1779,-191,-1070,1628,-849,2851,-1191,-504,3353,556,162,-3849,-2049,1595,-1393,60,-574,188,-25,-436,-456,1154,-344
321,-1134,-49,501,186,688,-1141,-428,1774,2111,-1891,-1112,-633,670,-702,343,-722,238,533,-96,120,589,619,-423,114,-500,706,356,-244,-500,2331,1719,-1884,3320,-1656,2517,-521,-4537,-1092,486,-287,-1156,356,436,-435,-550,167,1157,144,439,-1051,-153,-220,294,-775,526,-604,376,-8,11,-287,3145,-419,-2062,-462,38,75,-814,410,102,-385,353,-381,289,1559,-407,-512,-4,1779,-191,-1070,1628,-849,2851,-1191,-504,3353,556,162,-3849,-2049,1595,-1393,60,-574,188,-25,-436,-456,1154,-344,-319
322,-49,501,186,688,-1141,-428,1774,2111,-1891,-1112,-633,670,-702,343,-722,238,533,-96,120,589,619,-423,114,-500,706,356,-244,-500,2331,1719,-1884,3320,-1656,2517,-521,-4537,-1092,486,-287,-1156,356,436,-435,-550,167,1157,144,439,-1051,-153,-220,294,-775,526,-604,376,-8,11,-287,3145,-419,-2062,-462,38,75,-814,410,102,-385,353,-381,289,1559,-407,-512,-4,1779,-191,-1070,1628,-849,2851,-1191,-504,3353,556,162,-3849,-2049,1595,-1393,60,-574,188,-25,-436,-456,1154,-344,-319,-319
323,501,186,688,-1141,-428,1774,2111,-1891,-1112,-633,670,-702,343,-722,238,533,-96,120,589,619,-423,114,-500,706,356,-244,-500,2331,1719,-1884,3320,-1656,2517,-521,-4537,-1092,486,-287,-1156,356,436,-435,-550,167,1157,144,439,-1051,-153,-220,294,-775,526,-604,376,-8,11,-287,3145,-419,-2062,-462,38,75,-814,410,102,-385,353,-381,289,1559,-407,-512,-4,1779,-191,-1070,1628,-849,2851,-1191,-504,3353,556,162,-3849,-2049,1595,-1393,60,-574,188,-25,-436,-456,1154,-344,-319,-319,-528
324,186,688,-1141,-428,1774,2111,-1891,-1112,-633,670,-702,343,-722,238,533,-96,120,589,619,-423,114,-500,706,356,-244,-500,2331,1719,-1884,3320,-1656,2517,-521,-4537,-1092,486,-287,-1156,356,436,-435,-550,167,1157,144,439,-1051,-153,-220,294,-775,526,-604,376,-8,11,-287,3145,-419,-2062,-462,38,75,-814,410,102,-385,353,-381,289,1559,-407,-512,-4,1779,-191,-1070,1628,-849,2851,-1191,-504,3353,556,162,-3849,-2049,1595,-1393,60,-574,188,-25,-436,-456,1154,-344,-319,-319,-528,2428
325,688,-1141,-428,1774,2111,-1891,-1112,-633,670,-702,343,-722,238,533,-96,120,589,619,-423,114,-500,706,356,-244,-500,2331,1719,-1884,3320,-1656,2517,-521,-4537,-1092,486,-287,-1156,356,436,-435,-550,167,1157,144,439,-1051,-153,-220,294,-775,526,-604,376,-8,11,-287,3145,-419,-2062,-462,38,75,-814,410,102,-385,353,-381,289,1559,-407,-512,-4,1779,-191,-1070,1628,-849,2851,-1191,-504,3353,556,162,-3849,-2049,1595,-1393,60,-574,188,-25,-436,-456,1154,-344,-319,-319,-528,2428,-2314
326,-1141,-428,1774,2111,-1891,-1112,-633,670,-702,343,-722,238,533,-96,120,589,619,-423,114,-500,706,356,-244,-500,2331,1719,-1884,3320,-1656,2517,-521,-4537,-1092,486,-287,-1156,356,436,-435,-550,167,1157,144,439,-1051,-153,-220,294,-775,526,-604,376,-8,11,-287,3145,-419,-2062,-462,38,75,-814,410,102,-385,353,-381,289,1559,-407,-512,-4,1779,-191,-1070,1628,-849,2851,-1191,-504,3353,556,162,-3849,-2049,1595,-1393,60,-574,188,-25,-436,-456,1154,-344,-319,-319,-528,2428,-2314,-195
327,-428,1774,2111,-1891,-1112,-633,670,-702,343,-722,238,533,-96,120,589,619,-423,114,-500,706,356,-244,-500,2331,1719,-1884,3320,-1656,2517,-521,-4537,-1092,486,-287,-1156,356,436,-435,-550,167,1157,144,439,-1051,-153,-220,294,-775,526,-604,376,-8,11,-287,3145,-419,-2062,-462,38,75,-814,410,102,-385,353,-381,289,1559,-407,-512,-4,1779,-191,-1070,1628,-849,2851,-1191,-504,3353,556,162,-3849,-2049,1595,-1393,60,-574,188,-25,-436,-456,1154,-344,-319,-319,-528,2428,-2314,-195,641
328,1774,2111,-1891,-1112,-633,670,-702,343,-722,238,533,-96,120,589,619,-423,114,-500,706,356,-244,-500,2331,1719,-1884,3320,-1656,2517,-521,-4537,-1092,486,-287,-1156,356,436,-435,-550,167,1157,144,439,-1051,-153,-220,294,-775,526,-604,376,-8,11,-287,3145,-419,-2062,-462,38,75,-814,410,102,-385,353,-381,289,1559,-407,-512,-4,1779,-191,-1070,1628,-849,2851,-1191,-504,3353,556,162,-3849,-2049,1595,-1393,60,-574,188,-25,-436,-456,1154,-344,-319,-319,-528,2428,-2314,-195,641,98
329,2111,-1891,-1112,-633,670,-702,343,-722,238,533,-96,120,589,619,-423,114,-500,706,356,-244,-500,2331,1719,-1884,3320,-1656,2517,-521,-4537,-1092,486,-287,-1156,356,436,-435,-550,167,1157,144,439,-1051,-153,-220,294,-775,526,-604,376,-8,11,-287,3145,-419,-2062,-462,38,75,-814,410,102,-385,353,-381,289,1559,-407,-512,-4,1779,-191,-1070,1628,-849,2851,-1191,-504,3353,556,162,-3849,-2049,1595,-1393,60,-574,188,-25,-436,-456,1154,-344,-319,-319,-528,2428,-2314,-195,641,98,-3
330,-1891,-1112,-633,670,-702,343,-722,238,533,-96,120,589,619,-423,114,-500,706,356,-244,-500,2331,1719,-1884,3320,-1656,2517,-521,-4537,-1092,486,-287,-1156,356,436,-435,-550,167,1157,144,439,-1051,-153,-220,294,-775,526,-604,376,-8,11,-287,3145,-419,-2062,-462,38,75,-814,410,102,-385,353,-381,289,1559,-407,-512,-4,1779,-191,-1070,1628,-849,2851,-1191,-504,3353,556,162,-3849,-2049,1595,-1393,60,-574,188,-25,-436,-456,1154,-344,-319,-319,-528,2428,-2314,-195,641,98,-3,902
331,-1112,-633,670,-702,343,-722,238,533,-96,120,589,619,-423,114,-500,706,356,-244,-500,2331,1719,-1884,3320,-1656,2517,-521,-4537,-1092,486,-287,-1156,356,436,-435,-550,167,1157,144,439,-1051,-153,-220,294,-775,526,-604,376,-8,11,-287,3145,-419,-2062,-462,38,75,-814,410,102,-385,353,-381,289,1559,-407,-512,-4,1779,-191,-1070,1628,-849,2851,-1191,-504,3353,556,162,-3849,-2049,1595,-1393,60,-574,188,-25,-436,-456,1154,-344,-319,-319,-528,2428,-2314,-195,641,98,-3,902,-874
332,-633,670,-702,343,-722,238,533,-96,120,589,619,-423,114,-500,706,356,-244,-500,2331,1719,-1884,3320,-1656,2517,-521,-4537,-1092,486,-287,-1156,356,436,-435,-550,167,1157,144,439,-1051,-153,-220,294,-775,526,-604,376,-8,11,-287,3145,-419,-2062,-462,38,75,-814,410,102,-385,353,-381,289,1559,-407,-512,-4,1779,-191,-1070,1628,-849,2851,-1191,-504,3353,556,162,-3849,-2049,1595,-1393,60,-574,188,-25,-436,-456,1154,-344,-319,-319,-528,2428,-2314,-195,641,98,-3,902,-874,-427
333,670,-702,343,-722,238,533,-96,120,589,619,-423,114,-500,706,356,-244,-500,2331,1719,-1884,3320,-1656,2517,-521,-4537,-1092,486,-287,-1156,356,436,-435,-550,167,1157,144,439,-1051,-153,-220,294,-775,526,-604,376,-8,11,-287,3145,-419,-2062,-462,38,75,-814,410,102,-385,353,-381,289,1559,-407,-512,-4,1779,-191,-1070,1628,-849,2851,-1191,-504,3353,556,162,-3849,-2049,1595,-1393,60,-574,188,-25,-436,-456,1154,-344,-319,-319,-528,2428,-2314,-195,641,98,-3,902,-874,-427,2350
334,-702,343,-722,238,533,-96,120,589,619,-423,114,-500,706,356,-244,-500,2331,1719,-1884,3320,-1656,2517,-521,-4537,-1092,486,-287,-1156,356,436,-435,-550,167,1157,144,439,-1051,-153,-220,294,-775,526,-604,376,-8,11,-287,3145,-419,-2062,-462,38,75,-814,410,102,-385,353,-381,289,1559,-407,-512,-4,1779,-191,-1070,1628,-849,2851,-1191,-504,3353,556,162,-3849,-2049,1595,-1393,60,-574,188,-25,-436,-456,1154,-344,-319,-319,-528,2428,-2314,-195,641,98,-3,902,-874,-427,2350,-68
335,343,-722,238,533,-96,120,589,619,-423,114,-500,706,356,-244,-500,2331,1719,-1884,3320,-1656,2517,-521,-4537,-1092,486,-287,-1156,356,436,-435,-550,167,1157,144,439,-1051,-153,-220,294,-775,526,-604,376,-8,11,-287,3145,-419,-2062,-462,38,75,-814,410,102,-385,353,-381,289,1559,-407,-512,-4,1779,-191,-1070,1628,-849,2851,-1191,-504,3353,556,162,-3849,-2049,1595,-1393,60,-574,188,-25,-436,-456,1154,-344,-319,-319,-528,2428,-2314,-195,641,98,-3,902,-874,-427,2350,-68,-1192
336,-722,238,533,-96,120,589,619,-423,114,-500,706,356,-244,-500,2331,1719,-1884,3320,-1656,2517,-521,-4537,-1092,486,-287,-1156,356,436,-435,-550,167,1157,144,439,-1051,-153,-220,294,-775,526,-604,376,-8,11,-287,3145,-419,-2062,-462,38,75,-814,410,102,-385,353,-381,289,1559,-407,-512,-4,1779,-191,-1070,1628,-849,2851,-1191,-504,3353,556,162,-3849,-2049,1595,-1393,60,-574,188,-25,-436,-456,1154,-344,-319,-319,-528,2428,-2314,-195,641,98,-3,902,-874,-427,2350,-68,-1192,-703
337,238,533,-96,120,589,619,-423,114,-500,706,356,-244,-500,2331,1719,-1884,3320,-1656,2517,-521,-4537,-1092,486,-287,-1156,356,436,-435,-550,167,1157,144,439,-1051,-153,-220,294,-775,526,-604,376,-8,11,-287,3145,-419,-2062,-462,38,75,-814,410,102,-385,353,-381,289,1559,-407,-512,-4,1779,-191,-1070,1628,-849,2851,-1191,-504,3353,556,162,-3849,-2049,1595,-1393,60,-574,188,-25,-436,-456,1154,-344,-319,-319,-528,2428,-2314,-195,641,98,-3,902,-874,-427,2350,-68,-1192,-703,6
338,533,-96,120,589,619,-423,114,-500,706,356,-244,-500,2331,1719,-1884,3320,-1656,2517,-521,-4537,-1092,486,-287,-1156,356,436,-435,-550,167,1157,144,439,-1051,-153,-220,294,-775,526,-604,376,-8,11,-287,3145,-419,-2062,-462,38,75,-814,410,102,-385,353,-381,289,1559,-407,-512,-4,1779,-191,-1070,1628,-849,2851,-1191,-504,3353,556,162,-3849,-2049,1595,-1393,60,-574,188,-25,-436,-456,1154,-344,-319,-319,-528,2428,-2314,-195,641,98,-3,902,-874,-427,2350,-68,-1192,-703,6,247
339,-96,120,589,619,-423,114,-500,706,356,-244,-500,2331,1719,-1884,3320,-1656,2517,-521,-4537,-1092,486,-287,-1156,356,436,-435,-550,167,1157,144,439,-1051,-153,-220,294,-775,526,-604,376,-8,11,-287,3145,-419,-2062,-462,38,75,-814,410,102,-385,353,-381,289,1559,-407,-512,-4,1779,-191,-1070,1628,-849,2851,-1191,-504,3353,556,162,-3849,-2049,1595,-1393,60,-574,188,-25,-436,-456,1154,-344,-319,-319,-528,2428,-2314,-195,641,98,-3,902,-874,-427,2350,-68,-1192,-703,6,247,-848
340,120,589,619,-423,114,-500,706,356,-244,-500,2331,1719,-1884,3320,-1656,2517,-521,-4537,-1092,486,-287,-1156,356,436,-435,-550,167,1157,144,439,-1051,-153,-220,294,-775,526,-604,376,-8,11,-287,3145,-419,-2062,-462,38,75,-814,410,102,-385,353,-381,289,1559,-407,-512,-4,1779,-191,-1070,1628,-849,2851,-1191,-504,3353,556,162,-3849,-2049,1595,-1393,60,-574,188,-25,-436,-456,1154,-344,-319,-319,-528,2428,-2314,-195,641,98,-3,902,-874,-427,2350,-68,-1192,-703,6,247,-848,-196
341,589,619,-423,114,-500,706,356,-244,-500,2331,1719,-1884,3320,-1656,2517,-521,-4537,-1092,486,-287,-1156,356,436,-435,-550,167,1157,144,439,-1051,-153,-220,294,-775,526,-604,376,-8,11,-287,3145,-419,-2062,-462,38,75,-814,410,102,-385,353,-381,289,1559,-407,-512,-4,1779,-191,-1070,1628,-849,2851,-1191,-504,3353,556,162,-3849,-2049,1595,-1393,60,-574,188,-25,-436,-456,1154,-344,-319,-319,-528,2428,-2314,-195,641,98,-3,902,-874,-427,2350,-68,-1192,-703,6,247,-848,-196,614
342,619,-423,114,-500,706,356,-244,-500,2331,1719,-1884,3320,-1656,2517,-521,-4537,-1092,486,-287,-1156,356,436,-435,-550,167,1157,144,439,-1051,-153,-220,294,-775,526,-604,376,-8,11,-287,3145,-419,-2062,-462,38,75,-814,410,102,-385,353,-381,289,1559,-407,-512,-4,1779,-191,-1070,1628,-849,2851,-1191,-504,3353,556,162,-3849,-2049,1595,-1393,60,-574,188,-25,-436,-456,1154,-344,-319,-319,-528,2428,-2314,-195,641,98,-3,902,-874,-427,2350,-68,-1192,-703,6,247,-848,-196,614,40
343,-423,114,-500,706,356,-244,-500,2331,1719,-1884,3320,-1656,2517,-521,-4537,-1092,486,-287,-1156,356,436,-435,-550,167,1157,144,439,-1051,-153,-220,294,-775,526,-604,376,-8,11,-287,3145,-419,-2062,-462,38,75,-814,410,102,-385,353,-381,289,1559,-407,-512,-4,1779,-191,-1070,1628,-849,2851,-1191,-504,3353,556,162,-3849,-2049,1595,-1393,60,-574,188,-25,-436,-456,1154,-344,-319,-319,-528,2428,-2314,-195,641,98,-3,902,-874,-427,2350,-68,-1192,-703,6,247,-848,-196,614,40,-998
344,114,-500,706,356,-244,-500,2331,1719,-1884,3320,-1656,2517,-521,-4537,-1092,486,-287,-1156,356,436,-435,-550,167,1157,144,439,-1051,-153,-220,294,-775,526,-604,376,-8,11,-287,3145,-419,-2062,-462,38,75,-814,410,102,-385,353,-381,289,1559,-407,-512,-4,1779,-191,-1070,1628,-849,2851,-1191,-504,3353,556,162,-3849,-2049,1595,-1393,60,-574,188,-25,-436,-456,1154,-344,-319,-319,-528,2428,-2314,-195,641,98,-3,902,-874,-427,2350,-68,-1192,-703,6,247,-848,-196,614,40,-998,687
345,-500,706,356,-244,-500,2331,1719,-1884,3320,-1656,2517,-521,-4537,-1092,486,-287,-1156,356,436,-435,-550,167,1157,144,439,-1051,-153,-220,294,-775,526,-604,376,-8,11,-287,3145,-419,-2062,-462,38,75,-814,410,102,-385,353,-381,289,1559,-407,-512,-4,1779,-191,-1070,1628,-849,2851,-1191,-504,3353,556,162,-3849,-2049,1595,-1393,60,-574,188,-25,-436,-456,1154,-344,-319,-319,-528,2428,-2314,-195,641,98,-3,902,-874,-427,2350,-68,-1192,-703,6,247,-848,-196,614,40,-998,687,59
346,706,356,-244,-500,2331,1719,-1884,3320,-1656,2517,-521,-4537,-1092,486,-287,-1156,356,436,-435,-550,167,1157,144,439,-1051,-153,-220,294,-775,526,-604,376,-8,11,-287,3145,-419,-2062,-462,38,75,-814,410,102,-385,353,-381,289,1559,-407,-512,-4,1779,-191,-1070,1628,-849,2851,-1191,-504,3353,556,162,-3849,-2049,1595,-1393,60,-574,188,-25,-436,-456,1154,-344,-319,-319,-528,2428,-2314,-195,641,98,-3,902,-874,-427,2350,-68,-1192,-703,6,247,-848,-196,614,40,-998,687,59,757
347,356,-244,-500,2331,1719,-1884,3320,-1656,2517,-521,-4537,-1092,486,-287,-1156,356,436,-435,-550,167,1157,144,439,-1051,-153,-220,294,-775,526,-604,376,-8,11,-287,3145,-419,-2062,-462,38,75,-814,410,102,-385,353,-381,289,1559,-407,-512,-4,1779,-191,-1070,1628,-849,2851,-1191,-504,3353,556,162,-3849,-2049,1595,-1393,60,-574,188,-25,-436,-456,1154,-344,-319,-319,-528,2428,-2314,-195,641,98,-3,902,-874,-427,2350,-68,-1192,-703,6,247,-848,-196,614,40,-998,687,59,757,-63
348,-244,-500,2331,1719,-1884,3320,-1656,2517,-521,-4537,-1092,486,-287,-1156,356,436,-435,-550,167,1157,144,439,-1051,-153,-220,294,-775,526,-604,376,-8,11,-287,3145,-419,-2062,-462,38,75,-814,410,102,-385,353,-381,289,1559,-407,-512,-4,1779,-191,-1070,1628,-849,2851,-1191,-504,3353,556,162,-3849,-2049,1595,-1393,60,-574,188,-25,-436,-456,1154,-344,-319,-319,-528,2428,-2314,-195,641,98,-3,902,-874,-427,2350,-68,-1192,-703,6,247,-848,-196,614,40,-998,687,59,757,-63,133
349,-500,2331,1719,-1884,3320,-1656,2517,-521,-4537,-1092,486,-287,-1156,356,436,-435,-550,167,1157,144,439,-1051,-153,-220,294,-775,526,-604,376,-8,11,-287,3145,-419,-2062,-462,38,75,-814,410,102,-385,353,-381,289,1559,-407,-512,-4,1779,-191,-1070,1628,-849,2851,-1191,-504,3353,556,162,-3849,-2049,1595,-1393,60,-574,188,-25,-436,-456,1154,-344,-319,-319,-528,2428,-2314,-195,641,98,-3,902,-874,-427,2350,-68,-1192,-703,6,247,-848,-196,614,40,-998,687,59,757,-63,133,68
350,2331,1719,-1884,3320,-1656,2517,-521,-4537,-1092,486,-287,-1156,356,436,-435,-550,167,1157,144,439,-1051,-153,-220,294,-775,526,-604,376,-8,11,-287,3145,-419,-2062,-462,38,75,-814,410,102,-385,353,-381,289,1559,-407,-512,-4,1779,-191,-1070,1628,-849,2851,-1191,-504,3353,556,162,-3849,-2049,1595,-1393,60,-574,188,-25,-436,-456,1154,-344,-319,-319,-528,2428,-2314,-195,641,98,-3,902,-874,-427,2350,-68,-1192,-703,6,247,-848,-196,614,40,-998,687,59,757,-63,133,68,-234
351,1719,-1884,3320,-1656,2517,-521,-4537,-1092,486,-287,-1156,356,436,-435,-550,167,1157,144,439,-1051,-153,-220,294,-775,526,-604,376,-8,11,-287,3145,-419,-2062,-462,38,75,-814,410,102,-385,353,-381,289,1559,-407,-512,-4,1779,-191,-1070,1628,-849,2851,-1191,-504,3353,556,162,-3849,-2049,1595,-1393,60,-574,188,-25,-436,-456,1154,-344,-319,-319,-528,2428,-2314,-195,641,98,-3,902,-874,-427,2350,-68,-1192,-703,6,247,-848,-196,614,40,-998,687,59,757,-63,133,68,-234,250
352,-1884,3320,-1656,2517,-521,-4537,-1092,486,-287,-1156,356,436,-435,-550,167,1157,144,439,-1051,-153,-220,294,-775,526,-604,376,-8,11,-287,3145,-419,-2062,-462,38,75,-814,410,102,-385,353,-381,289,1559,-407,-512,-4,1779,-191,-1070,1628,-849,2851,-1191,-504,3353,556,162,-3849,-2049,1595,-1393,60,-574,188,-25,-436,-456,1154,-344,-319,-319,-528,2428,-2314,-195,641,98,-3,902,-874,-427,2350,-68,-1192,-703,6,247,-848,-196,614,40,-998,687,59,757,-63,133,68,-234,250,-632
353,3320,-1656,2517,-521,-4537,-1092,486,-287,-1156,356,436,-435,-550,167,1157,144,439,-1051,-153,-220,294,-775,526,-604,376,-8,11,-287,3145,-419,-2062,-462,38,75,-814,410,102,-385,353,-381,289,1559,-407,-512,-4,1779,-191,-1070,1628,-849,2851,-1191,-504,3353,556,162,-3849,-2049,1595,-1393,60,-574,188,-25,-436,-456,1154,-344,-319,-319,-528,2428,-2314,-195,641,98,-3,902,-874,-427,2350,-68,-1192,-703,6,247,-848,-196,614,40,-998,687,59,757,-63,133,68,-234,250,-632,1767
354,-1656,2517,-521,-4537,-1092,486,-287,-1156,356,436,-435,-550,167,1157,144,439,-1051,-153,-220,294,-775,526,-604,376,-8,11,-287,3145,-419,-2062,-462,38,75,-814,410,102,-385,353,-381,289,1559,-407,-512,-4,1779,-191,-1070,1628,-849,2851,-1191,-504,3353,556,162,-3849,-2049,1595,-1393,60,-574,188,-25,-436,-456,1154,-344,-319,-319,-528,2428,-2314,-195,641,98,-3,902,-874,-427,2350,-68,-1192,-703,6,247,-848,-196,614,40,-998,687,59,757,-63,133,68,-234,250,-632,1767,-1165
355,2517,-521,-4537,-1092,486,-287,-1156,356,436,-435,-550,167,1157,144,439,-1051,-153,-220,294,-775,526,-604,376,-8,11,-287,3145,-419,-2062,-462,38,75,-814,410,102,-385,353,-381,289,1559,-407,-512,-4,1779,-191,-1070,1628,-849,2851,-1191,-504,3353,556,162,-3849,-2049,1595,-1393,60,-574,188,-25,-436,-456,1154,-344,-319,-319,-528,2428,-2314,-195,641,98,-3,902,-874,-427,2350,-68,-1192,-703,6,247,-848,-196,614,40,-998,687,59,757,-63,133,68,-234,250,-632,1767,-1165,1855
356,-521,-4537,-1092,486,-287,-1156,356,436,-435,-550,167,1157,144,439,-1051,-153,-220,294,-775,526,-604,376,-8,11,-287,3145,-419,-2062,-462,38,75,-814,410,102,-385,353,-381,289,1559,-407,-512,-4,1779,-191,-1070,1628,-849,2851,-1191,-504,3353,556,162,-3849,-2049,1595,-1393,60,-574,188,-25,-436,-456,1154,-344,-319,-319,-528,2428,-2314,-195,641,98,-3,902,-874,-427,2350,-68,-1192,-703,6,247,-848,-196,614,40,-998,687,59,757,-63,133,68,-234,250,-632,1767,-1165,1855,-678
357,-4537,-1092,486,-287,-1156,356,436,-435,-550,167,1157,144,439,-1051,-153,-220,294,-775,526,-604,376,-8,11,-287,3145,-419,-2062,-462,38,75,-814,410,102,-385,353,-381,289,1559,-407,-512,-4,1779,-191,-1070,1628,-849,2851,-1191,-504,3353,556,162,-3849,-2049,1595,-1393,60,-574,188,-25,-436,-456,1154,-344,-319,-319,-528,2428,-2314,-195,641,98,-3,902,-874,-427,2350,-68,-1192,-703,6,247,-848,-196,614,40,-998,687,59,757,-63,133,68,-234,250,-632,1767,-1165,1855,-678,-205
358,-1092,486,-287,-1156,356,436,-435,-550,167,1157,144,439,-1051,-153,-220,294,-775,526,-604,376,-8,11,-287,3145,-419,-2062,-462,38,75,-814,410,102,-385,353,-381,289,1559,-407,-512,-4,1779,-191,-1070,1628,-849,2851,-1191,-504,3353,556,162,-3849,-2049,1595,-1393,60,-574,188,-25,-436,-456,1154,-344,-319,-319,-528,2428,-2314,-195,641,98,-3,902,-874,-427,2350,-68,-1192,-703,6,247,-848,-196,614,40,-998,687,59,757,-63,133,68,-234,250,-632,1767,-1165,1855,-678,-205,542
359,486,-287,-1156,356,436,-435,-550,167,1157,144,439,-1051,-153,-220,294,-775,526,-604,376,-8,11,-287,3145,-419,-2062,-462,38,75,-814,410,102,-385,353,-381,289,1559,-407,-512,-4,1779,-191,-1070,1628,-849,2851,-1191,-504,3353,556,162,-3849,-2049,1595,-1393,60,-574,188,-25,-436,-456,1154,-344,-319,-319,-528,2428,-2314,-195,641,98,-3,902,-874,-427,2350,-68,-1192,-703,6,247,-848,-196,614,40,-998,687,59,757,-63,133,68,-234,250,-632,1767,-1165,1855,-678,-205,542,2727
360,-287,-1156,356,436,-435,-550,167,1157,144,439,-1051,-153,-220,294,-775,526,-604,376,-8,11,-287,3145,-419,-2062,-462,38,75,-814,410,102,-385,353,-381,289,1559,-407,-512,-4,1779,-191,-1070,1628,-849,2851,-1191,-504,3353,556,162,-3849,-2049,1595,-1393,60,-574,188,-25,-436,-456,1154,-344,-319,-319,-528,2428,-2314,-195,641,98,-3,902,-874,-427,2350,-68,-1192,-703,6,247,-848,-196,614,40,-998,687,59,757,-63,133,68,-234,250,-632,1767,-1165,1855,-678,-205,542,2727,542
361,-1156,356,436,-435,-550,167,1157,144,439,-1051,-153,-220,294,-775,526,-604,376,-8,11,-287,3145,-419,-2062,-462,38,75,-814,410,102,-385,353,-381,289,1559,-407,-512,-4,1779,-191,-1070,1628,-849,2851,-1191,-504,3353,556,162,-3849,-2049,1595,-1393,60,-574,188,-25,-436,-456,1154,-344,-319,-319,-528,2428,-2314,-195,641,98,-3,902,-874,-427,2350,-68,-1192,-703,6,247,-848,-196,614,40,-998,687,59,757,-63,133,68,-234,250,-632,1767,-1165,1855,-678,-205,542,2727,542,-3263
362,356,436,-435,-550,167,1157,144,439,-1051,-153,-220,294,-775,526,-604,376,-8,11,-287,3145,-419,-2062,-462,38,75,-814,410,102,-385,353,-381,289,1559,-407,-512,-4,1779,-191,-1070,1628,-849,2851,-1191,-504,3353,556,162,-3849,-2049,1595,-1393,60,-574,188,-25,-436,-456,1154,-344,-319,-319,-528,2428,-2314,-195,641,98,-3,902,-874,-427,2350,-68,-1192,-703,6,247,-848,-196,614,40,-998,687,59,757,-63,133,68,-234,250,-632,1767,-1165,1855,-678,-205,542,2727,542,-3263,-1598
363,436,-435,-550,167,1157,144,439,-1051,-153,-220,294,-775,526,-604,376,-8,11,-287,3145,-419,-2062,-462,38,75,-814,410,102,-385,353,-381,289,1559,-407,-512,-4,1779,-191,-1070,1628,-849,2851,-1191,-504,3353,556,162,-3849,-2049,1595,-1393,60,-574,188,-25,-436,-456,1154,-344,-319,-319,-528,2428,-2314,-195,641,98,-3,902,-874,-427,2350,-68,-1192,-703,6,247,-848,-196,614,40,-998,687,59,757,-63,133,68,-234,250,-632,1767,-1165,1855,-678,-205,542,2727,542,-3263,-1598,-221
364,-435,-550,167,1157,144,439,-1051,-153,-220,294,-775,526,-604,376,-8,11,-287,3145,-419,-2062,-462,38,75,-814,410,102,-385,353,-381,289,1559,-407,-512,-4,1779,-191,-1070,1628,-849,2851,-1191,-504,3353,556,162,-3849,-2049,1595,-1393,60,-574,188,-25,-436,-456,1154,-344,-319,-319,-528,2428,-2314,-195,641,98,-3,902,-874,-427,2350,-68,-1192,-703,6,247,-848,-196,614,40,-998,687,59,757,-63,133,68,-234,250,-632,1767,-1165,1855,-678,-205,542,2727,542,-3263,-1598,-221,558
365,-550,167,1157,144,439,-1051,-153,-220,294,-775,526,-604,376,-8,11,-287,3145,-419,-2062,-462,38,75,-814,410,102,-385,353,-381,289,1559,-407,-512,-4,1779,-191,-1070,1628,-849,2851,-1191,-504,3353,556,162,-3849,-2049,1595,-1393,60,-574,188,-25,-436,-456,1154,-344,-319,-319,-528,2428,-2314,-195,641,98,-3,902,-874,-427,2350,-68,-1192,-703,6,247,-848,-196,614,40,-998,687,59,757,-63,133,68,-234,250,-632,1767,-1165,1855,-678,-205,542,2727,542,-3263,-1598,-221,558,-1347
366,167,1157,144,439,-1051,-153,-220,294,-775,526,-604,376,-8,11,-287,3145,-419,-2062,-462,38,75,-814,410,102,-385,353,-381,289,1559,-407,-512,-4,1779,-191,-1070,1628,-849,2851,-1191,-504,3353,556,162,-3849,-2049,1595,-1393,60,-574,188,-25,-436,-456,1154,-344,-319,-319,-528,2428,-2314,-195,641,98,-3,902,-874,-427,2350,-68,-1192,-703,6,247,-848,-196,614,40,-998,687,59,757,-63,133,68,-234,250,-632,1767,-1165,1855,-678,-205,542,2727,542,-3263,-1598,-221,558,-1347,425
367,1157,144,439,-1051,-153,-220,294,-775,526,-604,376,-8,11,-287,3145,-419,-2062,-462,38,75,-814,410,102,-385,353,-381,289,1559,-407,-512,-4,1779,-191,-1070,1628,-849,2851,-1191,-504,3353,556,162,-3849,-2049,1595,-1393,60,-574,188,-25,-436,-456,1154,-344,-319,-319,-528,2428,-2314,-195,641,98,-3,902,-874,-427,2350,-68,-1192,-703,6,247,-848,-196,614,40,-998,687,59,757,-63,133,68,-234,250,-632,1767,-1165,1855,-678,-205,542,2727,542,-3263,-1598,-221,558,-1347,425,806
368,144,439,-1051,-153,-220,294,-775,526,-604,376,-8,11,-287,3145,-419,-2062,-462,38,75,-814,410,102,-385,353,-381,289,1559,-407,-512,-4,1779,-191,-1070,1628,-849,2851,-1191,-504,3353,556,162,-3849,-2049,1595,-1393,60,-574,188,-25,-436,-456,1154,-344,-319,-319,-528,2428,-2314,-195,641,98,-3,902,-874,-427,2350,-68,-1192,-703,6,247,-848,-196,614,40,-998,687,59,757,-63,133,68,-234,250,-632,1767,-1165,1855,-678,-205,542,2727,542,-3263,-1598,-221,558,-1347,425,806,-794
369,439,-1051,-153,-220,294,-775,526,-604,376,-8,11,-287,3145,-419,-2062,-462,38,75,-814,410,102,-385,353,-381,289,1559,-407,-512,-4,1779,-191,-1070,1628,-849,2851,-1191,-504,3353,556,162,-3849,-2049,1595,-1393,60,-574,188,-25,-436,-456,1154,-344,-319,-319,-528,2428,-2314,-195,641,98,-3,902,-874,-427,2350,-68,-1192,-703,6,247,-848,-196,614,40,-998,687,59,757,-63,133,68,-234,250,-632,1767,-1165,1855,-678,-205,542,2727,542,-3263,-1598,-221,558,-1347,425,806,-794,-767
370,-1051,-153,-220,294,-775,526,-604,376,-8,11,-287,3145,-419,-2062,-462,38,75,-814,410,102,-385,353,-381,289,1559,-407,-512,-4,1779,-191,-1070,1628,-849,2851,-1191,-504,3353,556,162,-3849,-2049,1595,-1393,60,-574,188,-25,-436,-456,1154,-344,-319,-319,-528,2428,-2314,-195,641,98,-3,902,-874,-427,2350,-68,-1192,-703,6,247,-848,-196,614,40,-998,687,59,757,-63,133,68,-234,250,-632,1767,-1165,1855,-678,-205,542,2727,542,-3263,-1598,-221,558,-1347,425,806,-794,-767,307
371,-153,-220,294,-775,526,-604,376,-8,11,-287,3145,-419,-2062,-462,38,75,-814,410,102,-385,353,-381,289,1559,-407,-512,-4,1779,-191,-1070,1628,-849,2851,-1191,-504,3353,556,162,-3849,-2049,1595,-1393,60,-574,188,-25,-436,-456,1154,-344,-319,-319,-528,2428,-2314,-195,641,98,-3,902,-874,-427,2350,-68,-1192,-703,6,247,-848,-196,614,40,-998,687,59,757,-63,133,68,-234,250,-632,1767,-1165,1855,-678,-205,542,2727,542,-3263,-1598,-221,558,-1347,425,806,-794,-767,307,771
372,-220,294,-775,526,-604,376,-8,11,-287,3145,-419,-2062,-462,38,75,-814,410,102,-385,353,-381,289,1559,-407,-512,-4,1779,-191,-1070,1628,-849,2851,-1191,-504,3353,556,162,-3849,-2049,1595,-1393,60,-574,188,-25,-436,-456,1154,-344,-319,-319,-528,2428,-2314,-195,641,98,-3,902,-874,-427,2350,-68,-1192,-703,6,247,-848,-196,614,40,-998,687,59,757,-63,133,68,-234,250,-632,1767,-1165,1855,-678,-205,542,2727,542,-3263,-1598,-221,558,-1347,425,806,-794,-767,307,771,-788
373,294,-775,526,-604,376,-8,11,-287,3145,-419,-2062,-462,38,75,-814,410,102,-385,353,-381,289,1559,-407,-512,-4,1779,-191,-1070,1628,-849,2851,-1191,-504,3353,556,162,-3849,-2049,1595,-1393,60,-574,188,-25,-436,-456,1154,-344,-319,-319,-528,2428,-2314,-195,641,98,-3,902,-874,-427,2350,-68,-1192,-703,6,247,-848,-196,614,40,-998,687,59,757,-63,133,68,-234,250,-632,1767,-1165,1855,-678,-205,542,2727,542,-3263,-1598,-221,558,-1347,425,806,-794,-767,307,771,-788,882
374,-775,526,-604,376,-8,11,-287,3145,-419,-2062,-462,38,75,-814,410,102,-385,353,-381,289,1559,-407,-512,-4,1779,-191,-1070,1628,-849,2851,-1191,-504,3353,556,162,-3849,-2049,1595,-1393,60,-574,188,-25,-436,-456,1154,-344,-319,-319,-528,2428,-2314,-195,641,98,-3,902,-874,-427,2350,-68,-1192,-703,6,247,-848,-196,614,40,-998,687,59,757,-63,133,68,-234,250,-632,1767,-1165,1855,-678,-205,542,2727,542,-3263,-1598,-221,558,-1347,425,806,-794,-767,307,771,-788,882,-470
375,526,-604,376,-8,11,-287,3145,-419,-2062,-462,38,75,-814,410,102,-385,353,-381,289,1559,-407,-512,-4,1779,-191,-1070,1628,-849,2851,-1191,-504,3353,556,162,-3849,-2049,1595,-1393,60,-574,188,-25,-436,-456,1154,-344,-319,-319,-528,2428,-2314,-195,641,98,-3,902,-874,-427,2350,-68,-1192,-703,6,247,-848,-196,614,40,-998,687,59,757,-63,133,68,-234,250,-632,1767,-1165,1855,-678,-205,542,2727,542,-3263,-1598,-221,558,-1347,425,806,-794,-767,307,771,-788,882,-470,-28
376,-604,376,-8,11,-287,3145,-419,-2062,-462,38,75,-814,410,102,-385,353,-381,289,1559,-407,-512,-4,1779,-191,-1070,1628,-849,2851,-1191,-504,3353,556,162,-3849,-2049,1595,-1393,60,-574,188,-25,-436,-456,1154,-344,-319,-319,-528,2428,-2314,-195,641,98,-3,902,-874,-427,2350,-68,-1192,-703,6,247,-848,-196,614,40,-998,687,59,757,-63,133,68,-234,250,-632,1767,-1165,1855,-678,-205,542,2727,542,-3263,-1598,-221,558,-1347,425,806,-794,-767,307,771,-788,882,-470,-28,-358
377,376,-8,11,-287,3145,-419,-2062,-462,38,75,-814,410,102,-385,353,-381,289,1559,-407,-512,-4,1779,-191,-1070,1628,-849,2851,-1191,-504,3353,556,162,-3849,-2049,1595,-1393,60,-574,188,-25,-436,-456,1154,-344,-319,-319,-528,2428,-2314,-195,641,98,-3,902,-874,-427,2350,-68,-1192,-703,6,247,-848,-196,614,40,-998,687,59,757,-63,133,68,-234,250,-632,1767,-1165,1855,-678,-205,542,2727,542,-3263,-1598,-221,558,-1347,425,806,-794,-767,307,771,-788,882,-470,-28,-358,268
378,-8,11,-287,3145,-419,-2062,-462,38,75,-814,410,102,-385,353,-381,289,1559,-407,-512,-4,1779,-191,-1070,1628,-849,2851,-1191,-504,3353,556,162,-3849,-2049,1595,-1393,60,-574,188,-25,-436,-456,1154,-344,-319,-319,-528,2428,-2314,-195,641,98,-3,902,-874,-427,2350,-68,-1192,-703,6,247,-848,-196,614,40,-998,687,59,757,-63,133,68,-234,250,-632,1767,-1165,1855,-678,-205,542,2727,542,-3263,-1598,-221,558,-1347,425,806,-794,-767,307,771,-788,882,-470,-28,-358,268,-393
379,11,-287,3145,-419,-2062,-462,38,75,-814,410,102,-385,353,-381,289,1559,-407,-512,-4,1779,-191,-1070,1628,-849,2851,-1191,-504,3353,556,162,-3849,-2049,1595,-1393,60,-574,188,-25,-436,-456,1154,-344,-319,-319,-528,2428,-2314,-195,641,98,-3,902,-874,-427,2350,-68,-1192,-703,6,247,-848,-196,614,40,-998,687,59,757,-63,133,68,-234,250,-632,1767,-1165,1855,-678,-205,542,2727,542,-3263,-1598,-221,558,-1347,425,806,-794,-767,307,771,-788,882,-470,-28,-358,268,-393,492
380,-287,3145,-419,-2062,-462,38,75,-814,410,102,-385,353,-381,289,1559,-407,-512,-4,1779,-191,-1070,1628,-849,2851,-1191,-504,3353,556,162,-3849,-2049,1595,-1393,60,-574,188,-25,-436,-456,1154,-344,-319,-319,-528,2428,-2314,-195,641,98,-3,902,-874,-427,2350,-68,-1192,-703,6,247,-848,-196,614,40,-998,687,59,757,-63,133,68,-234,250,-632,1767,-1165,1855,-678,-205,542,2727,542,-3263,-1598,-221,558,-1347,425,806,-794,-767,307,771,-788,882,-470,-28,-358,268,-393,492,-97
381,3145,-419,-2062,-462,38,75,-814,410,102,-385,353,-381,289,1559,-407,-512,-4,1779,-191,-1070,1628,-849,2851,-1191,-504,3353,556,162,-3849,-2049,1595,-1393,60,-574,188,-25,-436,-456,1154,-344,-319,-319,-528,2428,-2314,-195,641,98,-3,902,-874,-427,2350,-68,-1192,-703,6,247,-848,-196,614,40,-998,687,59,757,-63,133,68,-234,250,-632,1767,-1165,1855,-678,-205,542,2727,542,-3263,-1598,-221,558,-1347,425,806,-794,-767,307,771,-788,882,-470,-28,-358,268,-393,492,-97,-580
382,-419,-2062,-462,38,75,-814,410,102,-385,353,-381,289,1559,-407,-512,-4,1779,-191,-1070,1628,-849,2851,-1191,-504,3353,556,162,-3849,-2049,1595,-1393,60,-574,188,-25,-436,-456,1154,-344,-319,-319,-528,2428,-2314,-195,641,98,-3,902,-874,-427,2350,-68,-1192,-703,6,247,-848,-196,614,40,-998,687,59,757,-63,133,68,-234,250,-632,1767,-1165,1855,-678,-205,542,2727,542,-3263,-1598,-221,558,-1347,425,806,-794,-767,307,771,-788,882,-470,-28,-358,268,-393,492,-97,-580,50
383,-2062,-462,38,75,-814,410,102,-385,353,-381,289,1559,-407,-512,-4,1779,-191,-1070,1628,-849,2851,-1191,-504,3353,556,162,-3849,-2049,1595,-1393,60,-574,188,-25,-436,-456,1154,-344,-319,-319,-528,2428,-2314,-195,641,98,-3,902,-874,-427,2350,-68,-1192,-703,6,247,-848,-196,614,40,-998,687,59,757,-63,133,68,-234,250,-632,1767,-1165,1855,-678,-205,542,2727,542,-3263,-1598,-221,558,-1347,425,806,-794,-767,307,771,-788,882,-470,-28,-358,268,-393,492,-97,-580,50,83
384,-462,38,75,-814,410,102,-385,353,-381,289,1559,-407,-512,-4,1779,-191,-1070,1628,-849,2851,-1191,-504,3353,556,162,-3849,-2049,1595,-1393,60,-574,188,-25,-436,-456,1154,-344,-319,-319,-528,2428,-2314,-195,641,98,-3,902,-874,-427,2350,-68,-1192,-703,6,247,-848,-196,614,40,-998,687,59,757,-63,133,68,-234,250,-632,1767,-1165,1855,-678,-205,542,2727,542,-3263,-1598,-221,558,-1347,425,806,-794,-767,307,771,-788,882,-470,-28,-358,268,-393,492,-97,-580,50,83,50
385,38,75,-814,410,102,-385,353,-381,289,1559,-407,-512,-4,1779,-191,-1070,1628,-849,2851,-1191,-504,3353,556,162,-3849,-2049,1595,-1393,60,-574,188,-25,-436,-456,1154,-344,-319,-319,-528,2428,-2314,-195,641,98,-3,902,-874,-427,2350,-68,-1192,-703,6,247,-848,-196,614,40,-998,687,59,757,-63,133,68,-234,250,-632,1767,-1165,1855,-678,-205,542,2727,542,-3263,-1598,-221,558,-1347,425,806,-794,-767,307,771,-788,882,-470,-28,-358,268,-393,492,-97,-580,50,83,50,1810
386,75,-814,410,102,-385,353,-381,289,1559,-407,-512,-4,1779,-191,-1070,1628,-849,2851,-1191,-504,3353,556,162,-3849,-2049,1595,-1393,60,-574,188,-25,-436,-456,1154,-344,-319,-319,-528,2428,-2314,-195,641,98,-3,902,-874,-427,2350,-68,-1192,-703,6,247,-848,-196,614,40,-998,687,59,757,-63,133,68,-234,250,-632,1767,-1165,1855,-678,-205,542,2727,542,-3263,-1598,-221,558,-1347,425,806,-794,-767,307,771,-788,882,-470,-28,-358,268,-393,492,-97,-580,50,83,50,1810,-386
387,-814,410,102,-385,353,-381,289,1559,-407,-512,-4,1779,-191,-1070,1628,-849,2851,-1191,-504,3353,556,162,-3849,-2049,1595,-1393,60,-574,188,-25,-436,-456,1154,-344,-319,-319,-528,2428,-2314,-195,641,98,-3,902,-874,-427,2350,-68,-1192,-703,6,247,-848,-196,614,40,-998,687,59,757,-63,133,68,-234,250,-632,1767,-1165,1855,-678,-205,542,2727,542,-3263,-1598,-221,558,-1347,425,806,-794,-767,307,771,-788,882,-470,-28,-358,268,-393,492,-97,-580,50,83,50,1810,-386,-738
388,410,102,-385,353,-381,289,1559,-407,-512,-4,1779,-191,-1070,1628,-849,2851,-1191,-504,3353,556,162,-3849,-2049,1595,-1393,60,-574,188,-25,-436,-456,1154,-344,-319,-319,-528,2428,-2314,-195,641,98,-3,902,-874,-427,2350,-68,-1192,-703,6,247,-848,-196,614,40,-998,687,59,757,-63,133,68,-234,250,-632,1767,-1165,1855,-678,-205,542,2727,542,-3263,-1598,-221,558,-1347,425,806,-794,-767,307,771,-788,882,-470,-28,-358,268,-393,492,-97,-580,50,83,50,1810,-386,-738,120
389,102,-385,353,-381,289,1559,-407,-512,-4,1779,-191,-1070,1628,-849,2851,-1191,-504,3353,556,162,-3849,-2049,1595,-1393,60,-574,188,-25,-436,-456,1154,-344,-319,-319,-528,2428,-2314,-195,641,98,-3,902,-874,-427,2350,-68,-1192,-703,6,247,-848,-196,614,40,-998,687,59,757,-63,133,68,-234,250,-632,1767,-1165,1855,-678,-205,542,2727,542,-3263,-1598,-221,558,-1347,425,806,-794,-767,307,771,-788,882,-470,-28,-358,268,-393,492,-97,-580,50,83,50,1810,-386,-738,120,-913
390,-385,353,-381,289,1559,-407,-512,-4,1779,-191,-1070,1628,-849,2851,-1191,-504,3353,556,162,-3849,-2049,1595,-1393,60,-574,188,-25,-436,-456,1154,-344,-319,-319,-528,2428,-2314,-195,641,98,-3,902,-874,-427,2350,-68,-1192,-703,6,247,-848,-196,614,40,-998,687,59,757,-63,133,68,-234,250,-632,1767,-1165,1855,-678,-205,542,2727,542,-3263,-1598,-221,558,-1347,425,806,-794,-767,307,771,-788,882,-470,-28,-358,268,-393,492,-97,-580,50,83,50,1810,-386,-738,120,-913,-91
391,353,-381,289,1559,-407,-512,-4,1779,-191,-1070,1628,-849,2851,-1191,-504,3353,556,162,-3849,-2049,1595,-1393,60,-574,188,-25,-436,-456,1154,-344,-319,-319,-528,2428,-2314,-195,641,98,-3,902,-874,-427,2350,-68,-1192,-703,6,247,-848,-196,614,40,-998,687,59,757,-63,133,68,-234,250,-632,1767,-1165,1855,-678,-205,542,2727,542,-3263,-1598,-221,558,-1347,425,806,-794,-767,307,771,-788,882,-470,-28,-358,268,-393,492,-97,-580,50,83,50,1810,-386,-738,120,-913,-91,-354
392,-381,289,1559,-407,-512,-4,1779,-191,-1070,1628,-849,2851,-1191,-504,3353,556,162,-3849,-2049,1595,-1393,60,-574,188,-25,-436,-456,1154,-344,-319,-319,-528,2428,-2314,-195,641,98,-3,902,-874,-427,2350,-68,-1192,-703,6,247,-848,-196,614,40,-998,687,59,757,-63,133,68,-234,250,-632,1767,-1165,1855,-678,-205,542,2727,542,-3263,-1598,-221,558,-1347,425,806,-794,-767,307,771,-788,882,-470,-28,-358,268,-393,492,-97,-580,50,83,50,1810,-386,-738,120,-913,-91,-354,-92
393,289,1559,-407,-512,-4,1779,-191,-1070,1628,-849,2851,-1191,-504,3353,556,162,-3849,-2049,1595,-1393,60,-574,188,-25,-436,-456,1154,-344,-319,-319,-528,2428,-2314,-195,641,98,-3,902,-874,-427,2350,-68,-1192,-703,6,247,-848,-196,614,40,-998,687,59,757,-63,133,68,-234,250,-632,1767,-1165,1855,-678,-205,542,2727,542,-3263,-1598,-221,558,-1347,425,806,-794,-767,307,771,-788,882,-470,-28,-358,268,-393,492,-97,-580,50,83,50,1810,-386,-738,120,-913,-91,-354,-92,970
394,1559,-407,-512,-4,1779,-191,-1070,1628,-849,2851,-1191,-504,3353,556,162,-3849,-2049,1595,-1393,60,-574,188,-25,-436,-456,1154,-344,-319,-319,-528,2428,-2314,-195,641,98,-3,902,-874,-427,2350,-68,-1192,-703,6,247,-848,-196,614,40,-998,687,59,757,-63,133,68,-234,250,-632,1767,-1165,1855,-678,-205,542,2727,542,-3263,-1598,-221,558,-1347,425,806,-794,-767,307,771,-788,882,-470,-28,-358,268,-393,492,-97,-580,50,83,50,1810,-386,-738,120,-913,-91,-354,-92,970,-455
395,-407,-512,-4,1779,-191,-1070,1628,-849,2851,-1191,-504,3353,556,162,-3849,-2049,1595,-1393,60,-574,188,-25,-436,-456,1154,-344,-319,-319,-528,2428,-2314,-195,641,98,-3,902,-874,-427,2350,-68,-1192,-703,6,247,-848,-196,614,40,-998,687,59,757,-63,133,68,-234,250,-632,1767,-1165,1855,-678,-205,542,2727,542,-3263,-1598,-221,558,-1347,425,806,-794,-767,307,771,-788,882,-470,-28,-358,268,-393,492,-97,-580,50,83,50,1810,-386,-738,120,-913,-91,-354,-92,970,-455,-638
396,-512,-4,1779,-191,-1070,1628,-849,2851,-1191,-504,3353,556,162,-3849,-2049,1595,-1393,60,-574,188,-25,-436,-456,1154,-344,-319,-319,-528,2428,-2314,-195,641,98,-3,902,-874,-427,2350,-68,-1192,-703,6,247,-848,-196,614,40,-998,687,59,757,-63,133,68,-234,250,-632,1767,-1165,1855,-678,-205,542,2727,542,-3263,-1598,-221,558,-1347,425,806,-794,-767,307,771,-788,882,-470,-28,-358,268,-393,492,-97,-580,50,83,50,1810,-386,-738,120,-913,-91,-354,-92,970,-455,-638,389
397,-4,1779,-191,-1070,1628,-849,2851,-1191,-504,3353,556,162,-3849,-2049,1595,-1393,60,-574,188,-25,-436,-456,1154,-344,-319,-319,-528,2428,-2314,-195,641,98,-3,902,-874,-427,2350,-68,-1192,-703,6,247,-848,-196,614,40,-998,687,59,757,-63,133,68,-234,250,-632,1767,-1165,1855,-678,-205,542,2727,542,-3263,-1598,-221,558,-1347,425,806,-794,-767,307,771,-788,882,-470,-28,-358,268,-393,492,-97,-580,50,83,50,1810,-386,-738,120,-913,-91,-354,-92,970,-455,-638,389,-188
398,1779,-191,-1070,1628,-849,2851,-1191,-504,3353,556,162,-3849,-2049,1595,-1393,60,-574,188,-25,-436,-456,1154,-344,-319,-319,-528,2428,-2314,-195,641,98,-3,902,-874,-427,2350,-68,-1192,-703,6,247,-848,-196,614,40,-998,687,59,757,-63,133,68,-234,250,-632,1767,-1165,1855,-678,-205,542,2727,542,-3263,-1598,-221,558,-1347,425,806,-794,-767,307,771,-788,882,-470,-28,-358,268,-393,492,-97,-580,50,83,50,1810,-386,-738,120,-913,-91,-354,-92,970,-455,-638,389,-188,425
399,-191,-1070,1628,-849,2851,-1191,-504,3353,556,162,-3849,-2049,1595,-1393,60,-574,188,-25,-436,-456,1154,-344,-319,-319,-528,2428,-2314,-195,641,98,-3,902,-874,-427,2350,-68,-1192,-703,6,247,-848,-196,614,40,-998,687,59,757,-63,133,68,-234,250,-632,1767,-1165,1855,-678,-205,542,2727,542,-3263,-1598,-221,558,-1347,425,806,-794,-767,307,771,-788,882,-470,-28,-358,268,-393,492,-97,-580,50,83,50,1810,-386,-738,120,-913,-91,-354,-92,970,-455,-638,389,-188,425,801
400,-1070,1628,-849,2851,-1191,-504,3353,556,162,-3849,-2049,1595,-1393,60,-574,188,-25,-436,-456,1154,-344,-319,-319,-528,2428,-2314,-195,641,98,-3,902,-874,-427,2350,-68,-1192,-703,6,247,-848,-196,614,40,-998,687,59,757,-63,133,68,-234,250,-632,1767,-1165,1855,-678,-205,542,2727,542,-3263,-1598,-221,558,-1347,425,806,-794,-767,307,771,-788,882,-470,-28,-358,268,-393,492,-97,-580,50,83,50,1810,-386,-738,120,-913,-91,-354,-92,970,-455,-638,389,-188,425,801,0
401,1628,-849,2851,-1191,-504,3353,556,162,-3849,-2049,1595,-1393,60,-574,188,-25,-436,-456,1154,-344,-319,-319,-528,2428,-2314,-195,641,98,-3,902,-874,-427,2350,-68,-1192,-703,6,247,-848,-196,614,40,-998,687,59,757,-63,133,68,-234,250,-632,1767,-1165,1855,-678,-205,542,2727,542,-3263,-1598,-221,558,-1347,425,806,-794,-767,307,771,-788,882,-470,-28,-358,268,-393,492,-97,-580,50,83,50,1810,-386,-738,120,-913,-91,-354,-92,970,-455,-638,389,-188,425,801,0,186
402,-849,2851,-1191,-504,3353,556,162,-3849,-2049,1595,-1393,60,-574,188,-25,-436,-456,1154,-344,-319,-319,-528,2428,-2314,-195,641,98,-3,902,-874,-427,2350,-68,-1192,-703,6,247,-848,-196,614,40,-998,687,59,757,-63,133,68,-234,250,-632,1767,-1165,1855,-678,-205,542,2727,542,-3263,-1598,-221,558,-1347,425,806,-794,-767,307,771,-788,882,-470,-28,-358,268,-393,492,-97,-580,50,83,50,1810,-386,-738,120,-913,-91,-354,-92,970,-455,-638,389,-188,425,801,0,186,-48
403,2851,-1191,-504,3353,556,162,-3849,-2049,1595,-1393,60,-574,188,-25,-436,-456,1154,-344,-319,-319,-528,2428,-2314,-195,641,98,-3,902,-874,-427,2350,-68,-1192,-703,6,247,-848,-196,614,40,-998,687,59,757,-63,133,68,-234,250,-632,1767,-1165,1855,-678,-205,542,2727,542,-3263,-1598,-221,558,-1347,425,806,-794,-767,307,771,-788,882,-470,-28,-358,268,-393,492,-97,-580,50,83,50,1810,-386,-738,120,-913,-91,-354,-92,970,-455,-638,389,-188,425,801,0,186,-48,200
404,-1191,-504,3353,556,162,-3849,-2049,1595,-1393,60,-574,188,-25,-436,-456,1154,-344,-319,-319,-528,2428,-2314,-195,641,98,-3,902,-874,-427,2350,-68,-1192,-703,6,247,-848,-196,614,40,-998,687,59,757,-63,133,68,-234,250,-632,1767,-1165,1855,-678,-205,542,2727,542,-3263,-1598,-221,558,-1347,425,806,-794,-767,307,771,-788,882,-470,-28,-358,268,-393,492,-97,-580,50,83,50,1810,-386,-738,120,-913,-91,-354,-92,970,-455,-638,389,-188,425,801,0,186,-48,200,-1074
405,-504,3353,556,162,-3849,-2049,1595,-1393,60,-574,188,-25,-436,-456,1154,-344,-319,-319,-528,2428,-2314,-195,641,98,-3,902,-874,-427,2350,-68,-1192,-703,6,247,-848,-196,614,40,-998,687,59,757,-63,133,68,-234,250,-632,1767,-1165,1855,-678,-205,542,2727,542,-3263,-1598,-221,558,-1347,425,806,-794,-767,307,771,-788,882,-470,-28,-358,268,-393,492,-97,-580,50,83,50,1810,-386,-738,120,-913,-91,-354,-92,970,-455,-638,389,-188,425,801,0,186,-48,200,-1074,1073
406,3353,556,162,-3849,-2049,1595,-1393,60,-574,188,-25,-436,-456,1154,-344,-319,-319,-528,2428,-2314,-195,641,98,-3,902,-874,-427,2350,-68,-1192,-703,6,247,-848,-196,614,40,-998,687,59,757,-63,133,68,-234,250,-632,1767,-1165,1855,-678,-205,542,2727,542,-3263,-1598,-221,558,-1347,425,806,-794,-767,307,771,-788,882,-470,-28,-358,268,-393,492,-97,-580,50,83,50,1810,-386,-738,120,-913,-91,-354,-92,970,-455,-638,389,-188,425,801,0,186,-48,200,-1074,1073,-153
407,556,162,-3849,-2049,1595,-1393,60,-574,188,-25,-436,-456,1154,-344,-319,-319,-528,2428,-2314,-195,641,98,-3,902,-874,-427,2350,-68,-1192,-703,6,247,-848,-196,614,40,-998,687,59,757,-63,133,68,-234,250,-632,1767,-1165,1855,-678,-205,542,2727,542,-3263,-1598,-221,558,-1347,425,806,-794,-767,307,771,-788,882,-470,-28,-358,268,-393,492,-97,-580,50,83,50,1810,-386,-738,120,-913,-91,-354,-92,970,-455,-638,389,-188,425,801,0,186,-48,200,-1074,1073,-153,-1063
408,162,-3849,-2049,1595,-1393,60,-574,188,-25,-436,-456,1154,-344,-319,-319,-528,2428,-2314,-195,641,98,-3,902,-874,-427,2350,-68,-1192,-703,6,247,-848,-196,614,40,-998,687,59,757,-63,133,68,-234,250,-632,1767,-1165,1855,-678,-205,542,2727,542,-3263,-1598,-221,558,-1347,425,806,-794,-767,307,771,-788,882,-470,-28,-358,268,-393,492,-97,-580,50,83,50,1810,-386,-738,120,-913,-91,-354,-92,970,-455,-638,389,-188,425,801,0,186,-48,200,-1074,1073,-153,-1063,944
409,-3849,-2049,1595,-1393,60,-574,188,-25,-436,-456,1154,-344,-319,-319,-528,2428,-2314,-195,641,98,-3,902,-874,-427,2350,-68,-1192,-703,6,247,-848,-196,614,40,-998,687,59,757,-63,133,68,-234,250,-632,1767,-1165,1855,-678,-205,542,2727,542,-3263,-1598,-221,558,-1347,425,806,-794,-767,307,771,-788,882,-470,-28,-358,268,-393,492,-97,-580,50,83,50,1810,-386,-738,120,-913,-91,-354,-92,970,-455,-638,389,-188,425,801,0,186,-48,200,-1074,1073,-153,-1063,944,510
410,-2049,1595,-1393,60,-574,188,-25,-436,-456,1154,-344,-319,-319,-528,2428,-2314,-195,641,98,-3,902,-874,-427,2350,-68,-1192,-703,6,247,-848,-196,614,40,-998,687,59,757,-63,133,68,-234,250,-632,1767,-1165,1855,-678,-205,542,2727,542,-3263,-1598,-221,558,-1347,425,806,-794,-767,307,771,-788,882,-470,-28,-358,268,-393,492,-97,-580,50,83,50,1810,-386,-738,120,-913,-91,-354,-92,970,-455,-638,389,-188,425,801,0,186,-48,200,-1074,1073,-153,-1063,944,510,438
411,1595,-1393,60,-574,188,-25,-436,-456,1154,-344,-319,-319,-528,2428,-2314,-195,641,98,-3,902,-874,-427,2350,-68,-1192,-703,6,247,-848,-196,614,40,-998,687,59,757,-63,133,68,-234,250,-632,1767,-1165,1855,-678,-205,542,2727,542,-3263,-1598,-221,558,-1347,425,806,-794,-767,307,771,-788,882,-470,-28,-358,268,-393,492,-97,-580,50,83,50,1810,-386,-738,120,-913,-91,-354,-92,970,-455,-638,389,-188,425,801,0,186,-48,200,-1074,1073,-153,-1063,944,510,438,480
412,-1393,60,-574,188,-25,-436,-456,1154,-344,-319,-319,-528,2428,-2314,-195,641,98,-3,902,-874,-427,2350,-68,-1192,-703,6,247,-848,-196,614,40,-998,687,59,757,-63,133,68,-234,250,-632,1767,-1165,1855,-678,-205,542,2727,542,-3263,-1598,-221,558,-1347,425,806,-794,-767,307,771,-788,882,-470,-28,-358,268,-393,492,-97,-580,50,83,50,1810,-386,-738,120,-913,-91,-354,-92,970,-455,-638,389,-188,425,801,0,186,-48,200,-1074,1073,-153,-1063,944,510,438,480,2250
413,60,-574,188,-25,-436,-456,1154,-344,-319,-319,-528,2428,-2314,-195,641,98,-3,902,-874,-427,2350,-68,-1192,-703,6,247,-848,-196,614,40,-998,687,59,757,-63,133,68,-234,250,-632,1767,-1165,1855,-678,-205,542,2727,542,-3263,-1598,-221,558,-1347,425,806,-794,-767,307,771,-788,882,-470,-28,-358,268,-393,492,-97,-580,50,83,50,1810,-386,-738,120,-913,-91,-354,-92,970,-455,-638,389,-188,425,801,0,186,-48,200,-1074,1073,-153,-1063,944,510,438,480,2250,-1349
414,-574,188,-25,-436,-456,1154,-344,-319,-319,-528,2428,-2314,-195,641,98,-3,902,-874,-427,2350,-68,-1192,-703,6,247,-848,-196,614,40,-998,687,59,757,-63,133,68,-234,250,-632,1767,-1165,1855,-678,-205,542,2727,542,-3263,-1598,-221,558,-1347,425,806,-794,-767,307,771,-788,882,-470,-28,-358,268,-393,492,-97,-580,50,83,50,1810,-386,-738,120,-913,-91,-354,-92,970,-455,-638,389,-188,425,801,0,186,-48,200,-1074,1073,-153,-1063,944,510,438,480,2250,-1349,-934
415,188,-25,-436,-456,1154,-344,-319,-319,-528,2428,-2314,-195,641,98,-3,902,-874,-427,2350,-68,-1192,-703,6,247,-848,-196,614,40,-998,687,59,757,-63,133,68,-234,250,-632,1767,-1165,1855,-678,-205,542,2727,542,-3263,-1598,-221,558,-1347,425,806,-794,-767,307,771,-788,882,-470,-28,-358,268,-393,492,-97,-580,50,83,50,1810,-386,-738,120,-913,-91,-354,-92,970,-455,-638,389,-188,425,801,0,186,-48,200,-1074,1073,-153,-1063,944,510,438,480,2250,-1349,-934,368
416,-25,-436,-456,1154,-344,-319,-319,-528,2428,-2314,-195,641,98,-3,902,-874,-427,2350,-68,-1192,-703,6,247,-848,-196,614,40,-998,687,59,757,-63,133,68,-234,250,-632,1767,-1165,1855,-678,-205,542,2727,542,-3263,-1598,-221,558,-1347,425,806,-794,-767,307,771,-788,882,-470,-28,-358,268,-393,492,-97,-580,50,83,50,1810,-386,-738,120,-913,-91,-354,-92,970,-455,-638,389,-188,425,801,0,186,-48,200,-1074,1073,-153,-1063,944,510,438,480,2250,-1349,-934,368,-912
417,-436,-456,1154,-344,-319,-319,-528,2428,-2314,-195,641,98,-3,902,-874,-427,2350,-68,-1192,-703,6,247,-848,-196,614,40,-998,687,59,757,-63,133,68,-234,250,-632,1767,-1165,1855,-678,-205,542,2727,542,-3263,-1598,-221,558,-1347,425,806,-794,-767,307,771,-788,882,-470,-28,-358,268,-393,492,-97,-580,50,83,50,1810,-386,-738,120,-913,-91,-354,-92,970,-455,-638,389,-188,425,801,0,186,-48,200,-1074,1073,-153,-1063,944,510,438,480,2250,-1349,-934,368,-912,-2011
418,-456,1154,-344,-319,-319,-528,2428,-2314,-195,641,98,-3,902,-874,-427,2350,-68,-1192,-703,6,247,-848,-196,614,40,-998,687,59,757,-63,133,68,-234,250,-632,1767,-1165,1855,-678,-205,542,2727,542,-3263,-1598,-221,558,-1347,425,806,-794,-767,307,771,-788,882,-470,-28,-358,268,-393,492,-97,-580,50,83,50,1810,-386,-738,120,-913,-91,-354,-92,970,-455,-638,389,-188,425,801,0,186,-48,200,-1074,1073,-153,-1063,944,510,438,480,2250,-1349,-934,368,-912,-2011,2005
419,1154,-344,-319,-319,-528,2428,-2314,-195,641,98,-3,902,-874,-427,2350,-68,-1192,-703,6,247,-848,-196,614,40,-998,687,59,757,-63,133,68,-234,250,-632,1767,-1165,1855,-678,-205,542,2727,542,-3263,-1598,-221,558,-1347,425,806,-794,-767,307,771,-788,882,-470,-28,-358,268,-393,492,-97,-580,50,83,50,1810,-386,-738,120,-913,-91,-354,-92,970,-455,-638,389,-188,425,801,0,186,-48,200,-1074,1073,-153,-1063,944,510,438,480,2250,-1349,-934,368,-912,-2011,2005,-1148
420,-344,-319,-319,-528,2428,-2314,-195,641,98,-3,902,-874,-427,2350,-68,-1192,-703,6,247,-848,-196,614,40,-998,687,59,757,-63,133,68,-234,250,-632,1767,-1165,1855,-678,-205,542,2727,542,-3263,-1598,-221,558,-1347,425,806,-794,-767,307,771,-788,882,-470,-28,-358,268,-393,492,-97,-580,50,83,50,1810,-386,-738,120,-913,-91,-354,-92,970,-455,-638,389,-188,425,801,0,186,-48,200,-1074,1073,-153,-1063,944,510,438,480,2250,-1349,-934,368,-912,-2011,2005,-1148,-223
421,-319,-319,-528,2428,-2314,-195,641,98,-3,902,-874,-427,2350,-68,-1192,-703,6,247,-848,-196,614,40,-998,687,59,757,-63,133,68,-234,250,-632,1767,-1165,1855,-678,-205,542,2727,542,-3263,-1598,-221,558,-1347,425,806,-794,-767,307,771,-788,882,-470,-28,-358,268,-393,492,-97,-580,50,83,50,1810,-386,-738,120,-913,-91,-354,-92,970,-455,-638,389,-188,425,801,0,186,-48,200,-1074,1073,-153,-1063,944,510,438,480,2250,-1349,-934,368,-912,-2011,2005,-1148,-223,140
422,-319,-528,2428,-2314,-195,641,98,-3,902,-874,-427,2350,-68,-1192,-703,6,247,-848,-196,614,40,-998,687,59,757,-63,133,68,-234,250,-632,1767,-1165,1855,-678,-205,542,2727,542,-3263,-1598,-221,558,-1347,425,806,-794,-767,307,771,-788,882,-470,-28,-358,268,-393,492,-97,-580,50,83,50,1810,-386,-738,120,-913,-91,-354,-92,970,-455,-638,389,-188,425,801,0,186,-48,200,-1074,1073,-153,-1063,944,510,438,480,2250,-1349,-934,368,-912,-2011,2005,-1148,-223,140,47
423,-528,2428,-2314,-195,641,98,-3,902,-874,-427,2350,-68,-1192,-703,6,247,-848,-196,614,40,-998,687,59,757,-63,133,68,-234,250,-632,1767,-1165,1855,-678,-205,542,2727,542,-3263,-1598,-221,558,-1347,425,806,-794,-767,307,771,-788,882,-470,-28,-358,268,-393,492,-97,-580,50,83,50,1810,-386,-738,120,-913,-91,-354,-92,970,-455,-638,389,-188,425,801,0,186,-48,200,-1074,1073,-153,-1063,944,510,438,480,2250,-1349,-934,368,-912,-2011,2005,-1148,-223,140,47,-802
424,2428,-2314,-195,641,98,-3,902,-874,-427,2350,-68,-1192,-703,6,247,-848,-196,614,40,-998,687,59,757,-63,133,68,-234,250,-632,1767,-1165,1855,-678,-205,542,2727,542,-3263,-1598,-221,558,-1347,425,806,-794,-767,307,771,-788,882,-470,-28,-358,268,-393,492,-97,-580,50,83,50,1810,-386,-738,120,-913,-91,-354,-92,970,-455,-638,389,-188,425,801,0,186,-48,200,-1074,1073,-153,-1063,944,510,438,480,2250,-1349,-934,368,-912,-2011,2005,-1148,-223,140,47,-802,64
425,-2314,-195,641,98,-3,902,-874,-427,2350,-68,-1192,-703,6,247,-848,-196,614,40,-998,687,59,757,-63,133,68,-234,250,-632,1767,-1165,1855,-678,-205,542,2727,542,-3263,-1598,-221,558,-1347,425,806,-794,-767,307,771,-788,882,-470,-28,-358,268,-393,492,-97,-580,50,83,50,1810,-386,-738,120,-913,-91,-354,-92,970,-455,-638,389,-188,425,801,0,186,-48,200,-1074,1073,-153,-1063,944,510,438,480,2250,-1349,-934,368,-912,-2011,2005,-1148,-223,140,47,-802,64,2089
426,-195,641,98,-3,902,-874,-427,2350,-68,-1192,-703,6,247,-848,-196,614,40,-998,687,59,757,-63,133,68,-234,250,-632,1767,-1165,1855,-678,-205,542,2727,542,-3263,-1598,-221,558,-1347,425,806,-794,-767,307,771,-788,882,-470,-28,-358,268,-393,492,-97,-580,50,83,50,1810,-386,-738,120,-913,-91,-354,-92,970,-455,-638,389,-188,425,801,0,186,-48,200,-1074,1073,-153,-1063,944,510,438,480,2250,-1349,-934,368,-912,-2011,2005,-1148,-223,140,47,-802,64,2089,-1467
427,641,98,-3,902,-874,-427,2350,-68,-1192,-703,6,247,-848,-196,614,40,-998,687,59,757,-63,133,68,-234,250,-632,1767,-1165,1855,-678,-205,542,2727,542,-3263,-1598,-221,558,-1347,425,806,-794,-767,307,771,-788,882,-470,-28,-358,268,-393,492,-97,-580,50,83,50,1810,-386,-738,120,-913,-91,-354,-92,970,-455,-638,389,-188,425,801,0,186,-48,200,-1074,1073,-153,-1063,944,510,438,480,2250,-1349,-934,368,-912,-2011,2005,-1148,-223,140,47,-802,64,2089,-1467,-533
428,98,-3,902,-874,-427,2350,-68,-1192,-703,6,247,-848,-196,614,40,-998,687,59,757,-63,133,68,-234,250,-632,1767,-1165,1855,-678,-205,542,2727,542,-3263,-1598,-221,558,-1347,425,806,-794,-767,307,771,-788,882,-470,-28,-358,268,-393,492,-97,-580,50,83,50,1810,-386,-738,120,-913,-91,-354,-92,970,-455,-638,389,-188,425,801,0,186,-48,200,-1074,1073,-153,-1063,944,510,438,480,2250,-1349,-934,368,-912,-2011,2005,-1148,-223,140,47,-802,64,2089,-1467,-533,377
429,-3,902,-874,-427,2350,-68,-1192,-703,6,247,-848,-196,614,40,-998,687,59,757,-63,133,68,-234,250,-632,1767,-1165,1855,-678,-205,542,2727,542,-3263,-1598,-221,558,-1347,425,806,-794,-767,307,771,-788,882,-470,-28,-358,268,-393,492,-97,-580,50,83,50,1810,-386,-738,120,-913,-91,-354,-92,970,-455,-638,389,-188,425,801,0,186,-48,200,-1074,1073,-153,-1063,944,510,438,480,2250,-1349,-934,368,-912,-2011,2005,-1148,-223,140,47,-802,64,2089,-1467,-533,377,256
430,902,-874,-427,2350,-68,-1192,-703,6,247,-848,-196,614,40,-998,687,59,757,-63,133,68,-234,250,-632,1767,-1165,1855,-678,-205,542,2727,542,-3263,-1598,-221,558,-1347,425,806,-794,-767,307,771,-788,882,-470,-28,-358,268,-393,492,-97,-580,50,83,50,1810,-386,-738,120,-913,-91,-354,-92,970,-455,-638,389,-188,425,801,0,186,-48,200,-1074,1073,-153,-1063,944,510,438,480,2250,-1349,-934,368,-912,-2011,2005,-1148,-223,140,47,-802,64,2089,-1467,-533,377,256,-442
431,-874,-427,2350,-68,-1192,-703,6,247,-848,-196,614,40,-998,687,59,757,-63,133,68,-234,250,-632,1767,-1165,1855,-678,-205,542,2727,542,-3263,-1598,-221,558,-1347,425,806,-794,-767,307,771,-788,882,-470,-28,-358,268,-393,492,-97,-580,50,83,50,1810,-386,-738,120,-913,-91,-354,-92,970,-455,-638,389,-188,425,801,0,186,-48,200,-1074,1073,-153,-1063,944,510,438,480,2250,-1349,-934,368,-912,-2011,2005,-1148,-223,140,47,-802,64,2089,-1467,-533,377,256,-442,43
432,-427,2350,-68,-1192,-703,6,247,-848,-196,614,40,-998,687,59,757,-63,133,68,-234,250,-632,1767,-1165,1855,-678,-205,542,2727,542,-3263,-1598,-221,558,-1347,425,806,-794,-767,307,771,-788,882,-470,-28,-358,268,-393,492,-97,-580,50,83,50,1810,-386,-738,120,-913,-91,-354,-92,970,-455,-638,389,-188,425,801,0,186,-48,200,-1074,1073,-153,-1063,944,510,438,480,2250,-1349,-934,368,-912,-2011,2005,-1148,-223,140,47,-802,64,2089,-1467,-533,377,256,-442,43,-155
433,2350,-68,-1192,-703,6,247,-848,-196,614,40,-998,687,59,757,-63,133,68,-234,250,-632,1767,-1165,1855,-678,-205,542,2727,542,-3263,-1598,-221,558,-1347,425,806,-794,-767,307,771,-788,882,-470,-28,-358,268,-393,492,-97,-580,50,83,50,1810,-386,-738,120,-913,-91,-354,-92,970,-455,-638,389,-188,425,801,0,186,-48,200,-1074,1073,-153,-1063,944,510,438,480,2250,-1349,-934,368,-912,-2011,2005,-1148,-223,140,47,-802,64,2089,-1467,-533,377,256,-442,43,-155,-295
434,-68,-1192,-703,6,247,-848,-196,614,40,-998,687,59,757,-63,133,68,-234,250,-632,1767,-1165,1855,-678,-205,542,2727,542,-3263,-1598,-221,558,-1347,425,806,-794,-767,307,771,-788,882,-470,-28,-358,268,-393,492,-97,-580,50,83,50,1810,-386,-738,120,-913,-91,-354,-92,970,-455,-638,389,-188,425,801,0,186,-48,200,-1074,1073,-153,-1063,944,510,438,480,2250,-1349,-934,368,-912,-2011,2005,-1148,-223,140,47,-802,64,2089,-1467,-533,377,256,-442,43,-155,-295,124
435,-1192,-703,6,247,-848,-196,614,40,-998,687,59,757,-63,133,68,-234,250,-632,1767,-1165,1855,-678,-205,542,2727,542,-3263,-1598,-221,558,-1347,425,806,-794,-767,307,771,-788,882,-470,-28,-358,268,-393,492,-97,-580,50,83,50,1810,-386,-738,120,-913,-91,-354,-92,970,-455,-638,389,-188,425,801,0,186,-48,200,-1074,1073,-153,-1063,944,510,438,480,2250,-1349,-934,368,-912,-2011,2005,-1148,-223,140,47,-802,64,2089,-1467,-533,377,256,-442,43,-155,-295,124,119
436,-703,6,247,-848,-196,614,40,-998,687,59,757,-63,133,68,-234,250,-632,1767,-1165,1855,-678,-205,542,2727,542,-3263,-1598,-221,558,-1347,425,806,-794,-767,307,771,-788,882,-470,-28,-358,268,-393,492,-97,-580,50,83,50,1810,-386,-738,120,-913,-91,-354,-92,970,-455,-638,389,-188,425,801,0,186,-48,200,-1074,1073,-153,-1063,944,510,438,480,2250,-1349,-934,368,-912,-2011,2005,-1148,-223,140,47,-802,64,2089,-1467,-533,377,256,-442,43,-155,-295,124,119,-125
437,6,247,-848,-196,614,40,-998,687,59,757,-63,133,68,-234,250,-632,1767,-1165,1855,-678,-205,542,2727,542,-3263,-1598,-221,558,-1347,425,806,-794,-767,307,771,-788,882,-470,-28,-358,268,-393,492,-97,-580,50,83,50,1810,-386,-738,120,-913,-91,-354,-92,970,-455,-638,389,-188,425,801,0,186,-48,200,-1074,1073,-153,-1063,944,510,438,480,2250,-1349,-934,368,-912,-2011,2005,-1148,-223,140,47,-802,64,2089,-1467,-533,377,256,-442,43,-155,-295,124,119,-125,1771
438,247,-848,-196,614,40,-998,687,59,757,-63,133,68,-234,250,-632,1767,-1165,1855,-678,-205,542,2727,542,-3263,-1598,-221,558,-1347,425,806,-794,-767,307,771,-788,882,-470,-28,-358,268,-393,492,-97,-580,50,83,50,1810,-386,-738,120,-913,-91,-354,-92,970,-455,-638,389,-188,425,801,0,186,-48,200,-1074,1073,-153,-1063,944,510,438,480,2250,-1349,-934,368,-912,-2011,2005,-1148,-223,140,47,-802,64,2089,-1467,-533,377,256,-442,43,-155,-295,124,119,-125,1771,2102
439,-848,-196,614,40,-998,687,59,757,-63,133,68,-234,250,-632,1767,-1165,1855,-678,-205,542,2727,542,-3263,-1598,-221,558,-1347,425,806,-794,-767,307,771,-788,882,-470,-28,-358,268,-393,492,-97,-580,50,83,50,1810,-386,-738,120,-913,-91,-354,-92,970,-455,-638,389,-188,425,801,0,186,-48,200,-1074,1073,-153,-1063,944,510,438,480,2250,-1349,-934,368,-912,-2011,2005,-1148,-223,140,47,-802,64,2089,-1467,-533,377,256,-442,43,-155,-295,124,119,-125,1771,2102,-2959
440,-196,614,40,-998,687,59,757,-63,133,68,-234,250,-632,1767,-1165,1855,-678,-205,542,2727,542,-3263,-1598,-221,558,-1347,425,806,-794,-767,307,771,-788,882,-470,-28,-358,268,-393,492,-97,-580,50,83,50,1810,-386,-738,120,-913,-91,-354,-92,970,-455,-638,389,-188,425,801,0,186,-48,200,-1074,1073,-153,-1063,944,510,438,480,2250,-1349,-934,368,-912,-2011,2005,-1148,-223,140,47,-802,64,2089,-1467,-533,377,256,-442,43,-155,-295,124,119,-125,1771,2102,-2959,-827
441,614,40,-998,687,59,757,-63,133,68,-234,250,-632,1767,-1165,1855,-678,-205,542,2727,542,-3263,-1598,-221,558,-1347,425,806,-794,-767,307,771,-788,882,-470,-28,-358,268,-393,492,-97,-580,50,83,50,1810,-386,-738,120,-913,-91,-354,-92,970,-455,-638,389,-188,425,801,0,186,-48,200,-1074,1073,-153,-1063,944,510,438,480,2250,-1349,-934,368,-912,-2011,2005,-1148,-223,140,47,-802,64,2089,-1467,-533,377,256,-442,43,-155,-295,124,119,-125,1771,2102,-2959,-827,682
442,40,-998,687,59,757,-63,133,68,-234,250,-632,1767,-1165,1855,-678,-205,542,2727,542,-3263,-1598,-221,558,-1347,425,806,-794,-767,307,771,-788,882,-470,-28,-358,268,-393,492,-97,-580,50,83,50,1810,-386,-738,120,-913,-91,-354,-92,970,-455,-638,389,-188,425,801,0,186,-48,200,-1074,1073,-153,-1063,944,510,438,480,2250,-1349,-934,368,-912,-2011,2005,-1148,-223,140,47,-802,64,2089,-1467,-533,377,256,-442,43,-155,-295,124,119,-125,1771,2102,-2959,-827,682,-545
443,-998,687,59,757,-63,133,68,-234,250,-632,1767,-1165,1855,-678,-205,542,2727,542,-3263,-1598,-221,558,-1347,425,806,-794,-767,307,771,-788,882,-470,-28,-358,268,-393,492,-97,-580,50,83,50,1810,-386,-738,120,-913,-91,-354,-92,970,-455,-638,389,-188,425,801,0,186,-48,200,-1074,1073,-153,-1063,944,510,438,480,2250,-1349,-934,368,-912,-2011,2005,-1148,-223,140,47,-802,64,2089,-1467,-533,377,256,-442,43,-155,-295,124,119,-125,1771,2102,-2959,-827,682,-545,-363
444,687,59,757,-63,133,68,-234,250,-632,1767,-1165,1855,-678,-205,542,2727,542,-3263,-1598,-221,558,-1347,425,806,-794,-767,307,771,-788,882,-470,-28,-358,268,-393,492,-97,-580,50,83,50,1810,-386,-738,120,-913,-91,-354,-92,970,-455,-638,389,-188,425,801,0,186,-48,200,-1074,1073,-153,-1063,944,510,438,480,2250,-1349,-934,368,-912,-2011,2005,-1148,-223,140,47,-802,64,2089,-1467,-533,377,256,-442,43,-155,-295,124,119,-125,1771,2102,-2959,-827,682,-545,-363,-145
445,59,757,-63,133,68,-234,250,-632,1767,-1165,1855,-678,-205,542,2727,542,-3263,-1598,-221,558,-1347,425,806,-794,-767,307,771,-788,882,-470,-28,-358,268,-393,492,-97,-580,50,83,50,1810,-386,-738,120,-913,-91,-354,-92,970,-455,-638,389,-188,425,801,0,186,-48,200,-1074,1073,-153,-1063,944,510,438,480,2250,-1349,-934,368,-912,-2011,2005,-1148,-223,140,47,-802,64,2089,-1467,-533,377,256,-442,43,-155,-295,124,119,-125,1771,2102,-2959,-827,682,-545,-363,-145,-241
446,757,-63,133,68,-234,250,-632,1767,-1165,1855,-678,-205,542,2727,542,-3263,-1598,-221,558,-1347,425,806,-794,-767,307,771,-788,882,-470,-28,-358,268,-393,492,-97,-580,50,83,50,1810,-386,-738,120,-913,-91,-354,-92,970,-455,-638,389,-188,425,801,0,186,-48,200,-1074,1073,-153,-1063,944,510,438,480,2250,-1349,-934,368,-912,-2011,2005,-1148,-223,140,47,-802,64,2089,-1467,-533,377,256,-442,43,-155,-295,124,119,-125,1771,2102,-2959,-827,682,-545,-363,-145,-241,-22
447,-63,133,68,-234,250,-632,1767,-1165,1855,-678,-205,542,2727,542,-3263,-1598,-221,558,-1347,425,806,-794,-767,307,771,-788,882,-470,-28,-358,268,-393,492,-97,-580,50,83,50,1810,-386,-738,120,-913,-91,-354,-92,970,-455,-638,389,-188,425,801,0,186,-48,200,-1074,1073,-153,-1063,944,510,438,480,2250,-1349,-934,368,-912,-2011,2005,-1148,-223,140,47,-802,64,2089,-1467,-533,377,256,-442,43,-155,-295,124,119,-125,1771,2102,-2959,-827,682,-545,-363,-145,-241,-22,-124
448,133,68,-234,250,-632,1767,-1165,1855,-678,-205,542,2727,542,-3263,-1598,-221,558,-1347,425,806,-794,-767,307,771,-788,882,-470,-28,-358,268,-393,492,-97,-580,50,83,50,1810,-386,-738,120,-913,-91,-354,-92,970,-455,-638,389,-188,425,801,0,186,-48,200,-1074,1073,-153,-1063,944,510,438,480,2250,-1349,-934,368,-912,-2011,2005,-1148,-223,140,47,-802,64,2089,-1467,-533,377,256,-442,43,-155,-295,124,119,-125,1771,2102,-2959,-827,682,-545,-363,-145,-241,-22,-124,122
449,68,-234,250,-632,1767,-1165,1855,-678,-205,542,2727,542,-3263,-1598,-221,558,-1347,425,806,-794,-767,307,771,-788,882,-470,-28,-358,268,-393,492,-97,-580,50,83,50,1810,-386,-738,120,-913,-91,-354,-92,970,-455,-638,389,-188,425,801,0,186,-48,200,-1074,1073,-153,-1063,944,510,438,480,2250,-1349,-934,368,-912,-2011,2005,-1148,-223,140,47,-802,64,2089,-1467,-533,377,256,-442,43,-155,-295,124,119,-125,1771,2102,-2959,-827,682,-545,-363,-145,-241,-22,-124,122,204
450,-234,250,-632,1767,-1165,1855,-678,-205,542,2727,542,-3263,-1598,-221,558,-1347,425,806,-794,-767,307,771,-788,882,-470,-28,-358,268,-393,492,-97,-580,50,83,50,1810,-386,-738,120,-913,-91,-354,-92,970,-455,-638,389,-188,425,801,0,186,-48,200,-1074,1073,-153,-1063,944,510,438,480,2250,-1349,-934,368,-912,-2011,2005,-1148,-223,140,47,-802,64,2089,-1467,-533,377,256,-442,43,-155,-295,124,119,-125,1771,2102,-2959,-827,682,-545,-363,-145,-241,-22,-124,122,204,1547
451,250,-632,1767,-1165,1855,-678,-205,542,2727,542,-3263,-1598,-221,558,-1347,425,806,-794,-767,307,771,-788,882,-470,-28,-358,268,-393,492,-97,-580,50,83,50,1810,-386,-738,120,-913,-91,-354,-92,970,-455,-638,389,-188,425,801,0,186,-48,200,-1074,1073,-153,-1063,944,510,438,480,2250,-1349,-934,368,-912,-2011,2005,-1148,-223,140,47,-802,64,2089,-1467,-533,377,256,-442,43,-155,-295,124,119,-125,1771,2102,-2959,-827,682,-545,-363,-145,-241,-22,-124,122,204,1547,172
452,-632,1767,-1165,1855,-678,-205,542,2727,542,-3263,-1598,-221,558,-1347,425,806,-794,-767,307,771,-788,882,-470,-28,-358,268,-393,492,-97,-580,50,83,50,1810,-386,-738,120,-913,-91,-354,-92,970,-455,-638,389,-188,425,801,0,186,-48,200,-1074,1073,-153,-1063,944,510,438,480,2250,-1349,-934,368,-912,-2011,2005,-1148,-223,140,47,-802,64,2089,-1467,-533,377,256,-442,43,-155,-295,124,119,-125,1771,2102,-2959,-827,682,-545,-363,-145,-241,-22,-124,122,204,1547,172,-610
453,1767,-1165,1855,-678,-205,542,2727,542,-3263,-1598,-221,558,-1347,425,806,-794,-767,307,771,-788,882,-470,-28,-358,268,-393,492,-97,-580,50,83,50,1810,-386,-738,120,-913,-91,-354,-92,970,-455,-638,389,-188,425,801,0,186,-48,200,-1074,1073,-153,-1063,944,510,438,480,2250,-1349,-934,368,-912,-2011,2005,-1148,-223,140,47,-802,64,2089,-1467,-533,377,256,-442,43,-155,-295,124,119,-125,1771,2102,-2959,-827,682,-545,-363,-145,-241,-22,-124,122,204,1547,172,-610,-132
454,-1165,1855,-678,-205,542,2727,542,-3263,-1598,-221,558,-1347,425,806,-794,-767,307,771,-788,882,-470,-28,-358,268,-393,492,-97,-580,50,83,50,1810,-386,-738,120,-913,-91,-354,-92,970,-455,-638,389,-188,425,801,0,186,-48,200,-1074,1073,-153,-1063,944,510,438,480,2250,-1349,-934,368,-912,-2011,2005,-1148,-223,140,47,-802,64,2089,-1467,-533,377,256,-442,43,-155,-295,124,119,-125,1771,2102,-2959,-827,682,-545,-363,-145,-241,-22,-124,122,204,1547,172,-610,-132,560
455,1855,-678,-205,542,2727,542,-3263,-1598,-221,558,-1347,425,806,-794,-767,307,771,-788,882,-470,-28,-358,268,-393,492,-97,-580,50,83,50,1810,-386,-738,120,-913,-91,-354,-92,970,-455,-638,389,-188,425,801,0,186,-48,200,-1074,1073,-153,-1063,944,510,438,480,2250,-1349,-934,368,-912,-2011,2005,-1148,-223,140,47,-802,64,2089,-1467,-533,377,256,-442,43,-155,-295,124,119,-125,1771,2102,-2959,-827,682,-545,-363,-145,-241,-22,-124,122,204,1547,172,-610,-132,560,621
456,-678,-205,542,2727,542,-3263,-1598,-221,558,-1347,425,806,-794,-767,307,771,-788,882,-470,-28,-358,268,-393,492,-97,-580,50,83,50,1810,-386,-738,120,-913,-91,-354,-92,970,-455,-638,389,-188,425,801,0,186,-48,200,-1074,1073,-153,-1063,944,510,438,480,2250,-1349,-934,368,-912,-2011,2005,-1148,-223,140,47,-802,64,2089,-1467,-533,377,256,-442,43,-155,-295,124,119,-125,1771,2102,-2959,-827,682,-545,-363,-145,-241,-22,-124,122,204,1547,172,-610,-132,560,621,-1495
457,-205,542,2727,542,-3263,-1598,-221,558,-1347,425,806,-794,-767,307,771,-788,882,-470,-28,-358,268,-393,492,-97,-580,50,83,50,1810,-386,-738,120,-913,-91,-354,-92,970,-455,-638,389,-188,425,801,0,186,-48,200,-1074,1073,-153,-1063,944,510,438,480,2250,-1349,-934,368,-912,-2011,2005,-1148,-223,140,47,-802,64,2089,-1467,-533,377,256,-442,43,-155,-295,124,119,-125,1771,2102,-2959,-827,682,-545,-363,-145,-241,-22,-124,122,204,1547,172,-610,-132,560,621,-1495,2234
458,542,2727,542,-3263,-1598,-221,558,-1347,425,806,-794,-767,307,771,-788,882,-470,-28,-358,268,-393,492,-97,-580,50,83,50,1810,-386,-738,120,-913,-91,-354,-92,970,-455,-638,389,-188,425,801,0,186,-48,200,-1074,1073,-153,-1063,944,510,438,480,2250,-1349,-934,368,-912,-2011,2005,-1148,-223,140,47,-802,64,2089,-1467,-533,377,256,-442,43,-155,-295,124,119,-125,1771,2102,-2959,-827,682,-545,-363,-145,-241,-22,-124,122,204,1547,172,-610,-132,560,621,-1495,2234,49
459,2727,542,-3263,-1598,-221,558,-1347,425,806,-794,-767,307,771,-788,882,-470,-28,-358,268,-393,492,-97,-580,50,83,50,1810,-386,-738,120,-913,-91,-354,-92,970,-455,-638,389,-188,425,801,0,186,-48,200,-1074,1073,-153,-1063,944,510,438,480,2250,-1349,-934,368,-912,-2011,2005,-1148,-223,140,47,-802,64,2089,-1467,-533,377,256,-442,43,-155,-295,124,119,-125,1771,2102,-2959,-827,682,-545,-363,-145,-241,-22,-124,122,204,1547,172,-610,-132,560,621,-1495,2234,49,1490
460,542,-3263,-1598,-221,558,-1347,425,806,-794,-767,307,771,-788,882,-470,-28,-358,268,-393,492,-97,-580,50,83,50,1810,-386,-738,120,-913,-91,-354,-92,970,-455,-638,389,-188,425,801,0,186,-48,200,-1074,1073,-153,-1063,944,510,438,480,2250,-1349,-934,368,-912,-2011,2005,-1148,-223,140,47,-802,64,2089,-1467,-533,377,256,-442,43,-155,-295,124,119,-125,1771,2102,-2959,-827,682,-545,-363,-145,-241,-22,-124,122,204,1547,172,-610,-132,560,621,-1495,2234,49,1490,-3098
461,-3263,-1598,-221,558,-1347,425,806,-794,-767,307,771,-788,882,-470,-28,-358,268,-393,492,-97,-580,50,83,50,1810,-386,-738,120,-913,-91,-354,-92,970,-455,-638,389,-188,425,801,0,186,-48,200,-1074,1073,-153,-1063,944,510,438,480,2250,-1349,-934,368,-912,-2011,2005,-1148,-223,140,47,-802,64,2089,-1467,-533,377,256,-442,43,-155,-295,124,119,-125,1771,2102,-2959,-827,682,-545,-363,-145,-241,-22,-124,122,204,1547,172,-610,-132,560,621,-1495,2234,49,1490,-3098,879
462,-1598,-221,558,-1347,425,806,-794,-767,307,771,-788,882,-470,-28,-358,268,-393,492,-97,-580,50,83,50,1810,-386,-738,120,-913,-91,-354,-92,970,-455,-638,389,-188,425,801,0,186,-48,200,-1074,1073,-153,-1063,944,510,438,480,2250,-1349,-934,368,-912,-2011,2005,-1148,-223,140,47,-802,64,2089,-1467,-533,377,256,-442,43,-155,-295,124,119,-125,1771,2102,-2959,-827,682,-545,-363,-145,-241,-22,-124,122,204,1547,172,-610,-132,560,621,-1495,2234,49,1490,-3098,879,1387
463,-221,558,-1347,425,806,-794,-767,307,771,-788,882,-470,-28,-358,268,-393,492,-97,-580,50,83,50,1810,-386,-738,120,-913,-91,-354,-92,970,-455,-638,389,-188,425,801,0,186,-48,200,-1074,1073,-153,-1063,944,510,438,480,2250,-1349,-934,368,-912,-2011,2005,-1148,-223,140,47,-802,64,2089,-1467,-533,377,256,-442,43,-155,-295,124,119,-125,1771,2102,-2959,-827,682,-545,-363,-145,-241,-22,-124,122,204,1547,172,-610,-132,560,621,-1495,2234,49,1490,-3098,879,1387,4267
464,558,-1347,425,806,-794,-767,307,771,-788,882,-470,-28,-358,268,-393,492,-97,-580,50,83,50,1810,-386,-738,120,-913,-91,-354,-92,970,-455,-638,389,-188,425,801,0,186,-48,200,-1074,1073,-153,-1063,944,510,438,480,2250,-1349,-934,368,-912,-2011,2005,-1148,-223,140,47,-802,64,2089,-1467,-533,377,256,-442,43,-155,-295,124,119,-125,1771,2102,-2959,-827,682,-545,-363,-145,-241,-22,-124,122,204,1547,172,-610,-132,560,621,-1495,2234,49,1490,-3098,879,1387,4267,-1762
465,-1347,425,806,-794,-767,307,771,-788,882,-470,-28,-358,268,-393,492,-97,-580,50,83,50,1810,-386,-738,120,-913,-91,-354,-92,970,-455,-638,389,-188,425,801,0,186,-48,200,-1074,1073,-153,-1063,944,510,438,480,2250,-1349,-934,368,-912,-2011,2005,-1148,-223,140,47,-802,64,2089,-1467,-533,377,256,-442,43,-155,-295,124,119,-125,1771,2102,-2959,-827,682,-545,-363,-145,-241,-22,-124,122,204,1547,172,-610,-132,560,621,-1495,2234,49,1490,-3098,879,1387,4267,-1762,-3781
466,425,806,-794,-767,307,771,-788,882,-470,-28,-358,268,-393,492,-97,-580,50,83,50,1810,-386,-738,120,-913,-91,-354,-92,970,-455,-638,389,-188,425,801,0,186,-48,200,-1074,1073,-153,-1063,944,510,438,480,2250,-1349,-934,368,-912,-2011,2005,-1148,-223,140,47,-802,64,2089,-1467,-533,377,256,-442,43,-155,-295,124,119,-125,1771,2102,-2959,-827,682,-545,-363,-145,-241,-22,-124,122,204,1547,172,-610,-132,560,621,-1495,2234,49,1490,-3098,879,1387,4267,-1762,-3781,-870
467,806,-794,-767,307,771,-788,882,-470,-28,-358,268,-393,492,-97,-580,50,83,50,1810,-386,-738,120,-913,-91,-354,-92,970,-455,-638,389,-188,425,801,0,186,-48,200,-1074,1073,-153,-1063,944,510,438,480,2250,-1349,-934,368,-912,-2011,2005,-1148,-223,140,47,-802,64,2089,-1467,-533,377,256,-442,43,-155,-295,124,119,-125,1771,2102,-2959,-827,682,-545,-363,-145,-241,-22,-124,122,204,1547,172,-610,-132,560,621,-1495,2234,49,1490,-3098,879,1387,4267,-1762,-3781,-870,221
468,-794,-767,307,771,-788,882,-470,-28,-358,268,-393,492,-97,-580,50,83,50,1810,-386,-738,120,-913,-91,-354,-92,970,-455,-638,389,-188,425,801,0,186,-48,200,-1074,1073,-153,-1063,944,510,438,480,2250,-1349,-934,368,-912,-2011,2005,-1148,-223,140,47,-802,64,2089,-1467,-533,377,256,-442,43,-155,-295,124,119,-125,1771,2102,-2959,-827,682,-545,-363,-145,-241,-22,-124,122,204,1547,172,-610,-132,560,621,-1495,2234,49,1490,-3098,879,1387,4267,-1762,-3781,-870,221,-1221
469,-767,307,771,-788,882,-470,-28,-358,268,-393,492,-97,-580,50,83,50,1810,-386,-738,120,-913,-91,-354,-92,970,-455,-638,389,-188,425,801,0,186,-48,200,-1074,1073,-153,-1063,944,510,438,480,2250,-1349,-934,368,-912,-2011,2005,-1148,-223,140,47,-802,64,2089,-1467,-533,377,256,-442,43,-155,-295,124,119,-125,1771,2102,-2959,-827,682,-545,-363,-145,-241,-22,-124,122,204,1547,172,-610,-132,560,621,-1495,2234,49,1490,-3098,879,1387,4267,-1762,-3781,-870,221,-1221,-291
470,307,771,-788,882,-470,-28,-358,268,-393,492,-97,-580,50,83,50,1810,-386,-738,120,-913,-91,-354,-92,970,-455,-638,389,-188,425,801,0,186,-48,200,-1074,1073,-153,-1063,944,510,438,480,2250,-1349,-934,368,-912,-2011,2005,-1148,-223,140,47,-802,64,2089,-1467,-533,377,256,-442,43,-155,-295,124,119,-125,1771,2102,-2959,-827,682,-545,-363,-145,-241,-22,-124,122,204,1547,172,-610,-132,560,621,-1495,2234,49,1490,-3098,879,1387,4267,-1762,-3781,-870,221,-1221,-291,509
471,771,-788,882,-470,-28,-358,268,-393,492,-97,-580,50,83,50,1810,-386,-738,120,-913,-91,-354,-92,970,-455,-638,389,-188,425,801,0,186,-48,200,-1074,1073,-153,-1063,944,510,438,480,2250,-1349,-934,368,-912,-2011,2005,-1148,-223,140,47,-802,64,2089,-1467,-533,377,256,-442,43,-155,-295,124,119,-125,1771,2102,-2959,-827,682,-545,-363,-145,-241,-22,-124,122,204,1547,172,-610,-132,560,621,-1495,2234,49,1490,-3098,879,1387,4267,-1762,-3781,-870,221,-1221,-291,509,602
472,-788,882,-470,-28,-358,268,-393,492,-97,-580,50,83,50,1810,-386,-738,120,-913,-91,-354,-92,970,-455,-638,389,-188,425,801,0,186,-48,200,-1074,1073,-153,-1063,944,510,438,480,2250,-1349,-934,368,-912,-2011,2005,-1148,-223,140,47,-802,64,2089,-1467,-533,377,256,-442,43,-155,-295,124,119,-125,1771,2102,-2959,-827,682,-545,-363,-145,-241,-22,-124,122,204,1547,172,-610,-132,560,621,-1495,2234,49,1490,-3098,879,1387,4267,-1762,-3781,-870,221,-1221,-291,509,602,-414
473,882,-470,-28,-358,268,-393,492,-97,-580,50,83,50,1810,-386,-738,120,-913,-91,-354,-92,970,-455,-638,389,-188,425,801,0,186,-48,200,-1074,1073,-153,-1063,944,510,438,480,2250,-1349,-934,368,-912,-2011,2005,-1148,-223,140,47,-802,64,2089,-1467,-533,377,256,-442,43,-155,-295,124,119,-125,1771,2102,-2959,-827,682,-545,-363,-145,-241,-22,-124,122,204,1547,172,-610,-132,560,621,-1495,2234,49,1490,-3098,879,1387,4267,-1762,-3781,-870,221,-1221,-291,509,602,-414,463
474,-470,-28,-358,268,-393,492,-97,-580,50,83,50,1810,-386,-738,120,-913,-91,-354,-92,970,-455,-638,389,-188,425,801,0,186,-48,200,-1074,1073,-153,-1063,944,510,438,480,2250,-1349,-934,368,-912,-2011,2005,-1148,-223,140,47,-802,64,2089,-1467,-533,377,256,-442,43,-155,-295,124,119,-125,1771,2102,-2959,-827,682,-545,-363,-145,-241,-22,-124,122,204,1547,172,-610,-132,560,621,-1495,2234,49,1490,-3098,879,1387,4267,-1762,-3781,-870,221,-1221,-291,509,602,-414,463,-663
475,-28,-358,268,-393,492,-97,-580,50,83,50,1810,-386,-738,120,-913,-91,-354,-92,970,-455,-638,389,-188,425,801,0,186,-48,200,-1074,1073,-153,-1063,944,510,438,480,2250,-1349,-934,368,-912,-2011,2005,-1148,-223,140,47,-802,64,2089,-1467,-533,377,256,-442,43,-155,-295,124,119,-125,1771,2102,-2959,-827,682,-545,-363,-145,-241,-22,-124,122,204,1547,172,-610,-132,560,621,-1495,2234,49,1490,-3098,879,1387,4267,-1762,-3781,-870,221,-1221,-291,509,602,-414,463,-663,1026
476,-358,268,-393,492,-97,-580,50,83,50,1810,-386,-738,120,-913,-91,-354,-92,970,-455,-638,389,-188,425,801,0,186,-48,200,-1074,1073,-153,-1063,944,510,438,480,2250,-1349,-934,368,-912,-2011,2005,-1148,-223,140,47,-802,64,2089,-1467,-533,377,256,-442,43,-155,-295,124,119,-125,1771,2102,-2959,-827,682,-545,-363,-145,-241,-22,-124,122,204,1547,172,-610,-132,560,621,-1495,2234,49,1490,-3098,879,1387,4267,-1762,-3781,-870,221,-1221,-291,509,602,-414,463,-663,1026,-351
477,268,-393,492,-97,-580,50,83,50,1810,-386,-738,120,-913,-91,-354,-92,970,-455,-638,389,-188,425,801,0,186,-48,200,-1074,1073,-153,-1063,944,510,438,480,2250,-1349,-934,368,-912,-2011,2005,-1148,-223,140,47,-802,64,2089,-1467,-533,377,256,-442,43,-155,-295,124,119,-125,1771,2102,-2959,-827,682,-545,-363,-145,-241,-22,-124,122,204,1547,172,-610,-132,560,621,-1495,2234,49,1490,-3098,879,1387,4267,-1762,-3781,-870,221,-1221,-291,509,602,-414,463,-663,1026,-351,646
478,-393,492,-97,-580,50,83,50,1810,-386,-738,120,-913,-91,-354,-92,970,-455,-638,389,-188,425,801,0,186,-48,200,-1074,1073,-153,-1063,944,510,438,480,2250,-1349,-934,368,-912,-2011,2005,-1148,-223,140,47,-802,64,2089,-1467,-533,377,256,-442,43,-155,-295,124,119,-125,1771,2102,-2959,-827,682,-545,-363,-145,-241,-22,-124,122,204,1547,172,-610,-132,560,621,-1495,2234,49,1490,-3098,879,1387,4267,-1762,-3781,-870,221,-1221,-291,509,602,-414,463,-663,1026,-351,646,-1042
479,492,-97,-580,50,83,50,1810,-386,-738,120,-913,-91,-354,-92,970,-455,-638,389,-188,425,801,0,186,-48,200,-1074,1073,-153,-1063,944,510,438,480,2250,-1349,-934,368,-912,-2011,2005,-1148,-223,140,47,-802,64,2089,-1467,-533,377,256,-442,43,-155,-295,124,119,-125,1771,2102,-2959,-827,682,-545,-363,-145,-241,-22,-124,122,204,1547,172,-610,-132,560,621,-1495,2234,49,1490,-3098,879,1387,4267,-1762,-3781,-870,221,-1221,-291,509,602,-414,463,-663,1026,-351,646,-1042,-8
480,-97,-580,50,83,50,1810,-386,-738,120,-913,-91,-354,-92,970,-455,-638,389,-188,425,801,0,186,-48,200,-1074,1073,-153,-1063,944,510,438,480,2250,-1349,-934,368,-912,-2011,2005,-1148,-223,140,47,-802,64,2089,-1467,-533,377,256,-442,43,-155,-295,124,119,-125,1771,2102,-2959,-827,682,-545,-363,-145,-241,-22,-124,122,204,1547,172,-610,-132,560,621,-1495,2234,49,1490,-3098,879,1387,4267,-1762,-3781,-870,221,-1221,-291,509,602,-414,463,-663,1026,-351,646,-1042,-8,165
481,-580,50,83,50,1810,-386,-738,120,-913,-91,-354,-92,970,-455,-638,389,-188,425,801,0,186,-48,200,-1074,1073,-153,-1063,944,510,438,480,2250,-1349,-934,368,-912,-2011,2005,-1148,-223,140,47,-802,64,2089,-1467,-533,377,256,-442,43,-155,-295,124,119,-125,1771,2102,-2959,-827,682,-545,-363,-145,-241,-22,-124,122,204,1547,172,-610,-132,560,621,-1495,2234,49,1490,-3098,879,1387,4267,-1762,-3781,-870,221,-1221,-291,509,602,-414,463,-663,1026,-351,646,-1042,-8,165,-35
482,50,83,50,1810,-386,-738,120,-913,-91,-354,-92,970,-455,-638,389,-188,425,801,0,186,-48,200,-1074,1073,-153,-1063,944,510,438,480,2250,-1349,-934,368,-912,-2011,2005,-1148,-223,140,47,-802,64,2089,-1467,-533,377,256,-442,43,-155,-295,124,119,-125,1771,2102,-2959,-827,682,-545,-363,-145,-241,-22,-124,122,204,1547,172,-610,-132,560,621,-1495,2234,49,1490,-3098,879,1387,4267,-1762,-3781,-870,221,-1221,-291,509,602,-414,463,-663,1026,-351,646,-1042,-8,165,-35,-14
483,83,50,1810,-386,-738,120,-913,-91,-354,-92,970,-455,-638,389,-188,425,801,0,186,-48,200,-1074,1073,-153,-1063,944,510,438,480,2250,-1349,-934,368,-912,-2011,2005,-1148,-223,140,47,-802,64,2089,-1467,-533,377,256,-442,43,-155,-295,124,119,-125,1771,2102,-2959,-827,682,-545,-363,-145,-241,-22,-124,122,204,1547,172,-610,-132,560,621,-1495,2234,49,1490,-3098,879,1387,4267,-1762,-3781,-870,221,-1221,-291,509,602,-414,463,-663,1026,-351,646,-1042,-8,165,-35,-14,331
484,50,1810,-386,-738,120,-913,-91,-354,-92,970,-455,-638,389,-188,425,801,0,186,-48,200,-1074,1073,-153,-1063,944,510,438,480,2250,-1349,-934,368,-912,-2011,2005,-1148,-223,140,47,-802,64,2089,-1467,-533,377,256,-442,43,-155,-295,124,119,-125,1771,2102,-2959,-827,682,-545,-363,-145,-241,-22,-124,122,204,1547,172,-610,-132,560,621,-1495,2234,49,1490,-3098,879,1387,4267,-1762,-3781,-870,221,-1221,-291,509,602,-414,463,-663,1026,-351,646,-1042,-8,165,-35,-14,331,576
485,1810,-386,-738,120,-913,-91,-354,-92,970,-455,-638,389,-188,425,801,0,186,-48,200,-1074,1073,-153,-1063,944,510,438,480,2250,-1349,-934,368,-912,-2011,2005,-1148,-223,140,47,-802,64,2089,-1467,-533,377,256,-442,43,-155,-295,124,119,-125,1771,2102,-2959,-827,682,-545,-363,-145,-241,-22,-124,122,204,1547,172,-610,-132,560,621,-1495,2234,49,1490,-3098,879,1387,4267,-1762,-3781,-870,221,-1221,-291,509,602,-414,463,-663,1026,-351,646,-1042,-8,165,-35,-14,331,576,292
486,-386,-738,120,-913,-91,-354,-92,970,-455,-638,389,-188,425,801,0,186,-48,200,-1074,1073,-153,-1063,944,510,438,480,2250,-1349,-934,368,-912,-2011,2005,-1148,-223,140,47,-802,64,2089,-1467,-533,377,256,-442,43,-155,-295,124,119,-125,1771,2102,-2959,-827,682,-545,-363,-145,-241,-22,-124,122,204,1547,172,-610,-132,560,621,-1495,2234,49,1490,-3098,879,1387,4267,-1762,-3781,-870,221,-1221,-291,509,602,-414,463,-663,1026,-351,646,-1042,-8,165,-35,-14,331,576,292,-1198
487,-738,120,-913,-91,-354,-92,970,-455,-638,389,-188,425,801,0,186,-48,200,-1074,1073,-153,-1063,944,510,438,480,2250,-1349,-934,368,-912,-2011,2005,-1148,-223,140,47,-802,64,2089,-1467,-533,377,256,-442,43,-155,-295,124,119,-125,1771,2102,-2959,-827,682,-545,-363,-145,-241,-22,-124,122,204,1547,172,-610,-132,560,621,-1495,2234,49,1490,-3098,879,1387,4267,-1762,-3781,-870,221,-1221,-291,509,602,-414,463,-663,1026,-351,646,-1042,-8,165,-35,-14,331,576,292,-1198,-448
488,120,-913,-91,-354,-92,970,-455,-638,389,-188,425,801,0,186,-48,200,-1074,1073,-153,-1063,944,510,438,480,2250,-1349,-934,368,-912,-2011,2005,-1148,-223,140,47,-802,64,2089,-1467,-533,377,256,-442,43,-155,-295,124,119,-125,1771,2102,-2959,-827,682,-545,-363,-145,-241,-22,-124,122,204,1547,172,-610,-132,560,621,-1495,2234,49,1490,-3098,879,1387,4267,-1762,-3781,-870,221,-1221,-291,509,602,-414,463,-663,1026,-351,646,-1042,-8,165,-35,-14,331,576,292,-1198,-448,-4
489,-913,-91,-354,-92,970,-455,-638,389,-188,425,801,0,186,-48,200,-1074,1073,-153,-1063,944,510,438,480,2250,-1349,-934,368,-912,-2011,2005,-1148,-223,140,47,-802,64,2089,-1467,-533,377,256,-442,43,-155,-295,124,119,-125,1771,2102,-2959,-827,682,-545,-363,-145,-241,-22,-124,122,204,1547,172,-610,-132,560,621,-1495,2234,49,1490,-3098,879,1387,4267,-1762,-3781,-870,221,-1221,-291,509,602,-414,463,-663,1026,-351,646,-1042,-8,165,-35,-14,331,576,292,-1198,-448,-4,821
490,-91,-354,-92,970,-455,-638,389,-188,425,801,0,186,-48,200,-1074,1073,-153,-1063,944,510,438,480,2250,-1349,-934,368,-912,-2011,2005,-1148,-223,140,47,-802,64,2089,-1467,-533,377,256,-442,43,-155,-295,124,119,-125,1771,2102,-2959,-827,682,-545,-363,-145,-241,-22,-124,122,204,1547,172,-610,-132,560,621,-1495,2234,49,1490,-3098,879,1387,4267,-1762,-3781,-870,221,-1221,-291,509,602,-414,463,-663,1026,-351,646,-1042,-8,165,-35,-14,331,576,292,-1198,-448,-4,821,4106
491,-354,-92,970,-455,-638,389,-188,425,801,0,186,-48,200,-1074,1073,-153,-1063,944,510,438,480,2250,-1349,-934,368,-912,-2011,2005,-1148,-223,140,47,-802,64,2089,-1467,-533,377,256,-442,43,-155,-295,124,119,-125,1771,2102,-2959,-827,682,-545,-363,-145,-241,-22,-124,122,204,1547,172,-610,-132,560,621,-1495,2234,49,1490,-3098,879,1387,4267,-1762,-3781,-870,221,-1221,-291,509,602,-414,463,-663,1026,-351,646,-1042,-8,165,-35,-14,331,576,292,-1198,-448,-4,821,4106,-1725
492,-92,970,-455,-638,389,-188,425,801,0,186,-48,200,-1074,1073,-153,-1063,944,510,438,480,2250,-1349,-934,368,-912,-2011,2005,-1148,-223,140,47,-802,64,2089,-1467,-533,377,256,-442,43,-155,-295,124,119,-125,1771,2102,-2959,-827,682,-545,-363,-145,-241,-22,-124,122,204,1547,172,-610,-132,560,621,-1495,2234,49,1490,-3098,879,1387,4267,-1762,-3781,-870,221,-1221,-291,509,602,-414,463,-663,1026,-351,646,-1042,-8,165,-35,-14,331,576,292,-1198,-448,-4,821,4106,-1725,-2860
493,970,-455,-638,389,-188,425,801,0,186,-48,200,-1074,1073,-153,-1063,944,510,438,480,2250,-1349,-934,368,-912,-2011,2005,-1148,-223,140,47,-802,64,2089,-1467,-533,377,256,-442,43,-155,-295,124,119,-125,1771,2102,-2959,-827,682,-545,-363,-145,-241,-22,-124,122,204,1547,172,-610,-132,560,621,-1495,2234,49,1490,-3098,879,1387,4267,-1762,-3781,-870,221,-1221,-291,509,602,-414,463,-663,1026,-351,646,-1042,-8,165,-35,-14,331,576,292,-1198,-448,-4,821,4106,-1725,-2860,322
494,-455,-638,389,-188,425,801,0,186,-48,200,-1074,1073,-153,-1063,944,510,438,480,2250,-1349,-934,368,-912,-2011,2005,-1148,-223,140,47,-802,64,2089,-1467,-533,377,256,-442,43,-155,-295,124,119,-125,1771,2102,-2959,-827,682,-545,-363,-145,-241,-22,-124,122,204,1547,172,-610,-132,560,621,-1495,2234,49,1490,-3098,879,1387,4267,-1762,-3781,-870,221,-1221,-291,509,602,-414,463,-663,1026,-351,646,-1042,-8,165,-35,-14,331,576,292,-1198,-448,-4,821,4106,-1725,-2860,322,-244
495,-638,389,-188,425,801,0,186,-48,200,-1074,1073,-153,-1063,944,510,438,480,2250,-1349,-934,368,-912,-2011,2005,-1148,-223,140,47,-802,64,2089,-1467,-533,377,256,-442,43,-155,-295,124,119,-125,1771,2102,-2959,-827,682,-545,-363,-145,-241,-22,-124,122,204,1547,172,-610,-132,560,621,-1495,2234,49,1490,-3098,879,1387,4267,-1762,-3781,-870,221,-1221,-291,509,602,-414,463,-663,1026,-351,646,-1042,-8,165,-35,-14,331,576,292,-1198,-448,-4,821,4106,-1725,-2860,322,-244,-5
496,389,-188,425,801,0,186,-48,200,-1074,1073,-153,-1063,944,510,438,480,2250,-1349,-934,368,-912,-2011,2005,-1148,-223,140,47,-802,64,2089,-1467,-533,377,256,-442,43,-155,-295,124,119,-125,1771,2102,-2959,-827,682,-545,-363,-145,-241,-22,-124,122,204,1547,172,-610,-132,560,621,-1495,2234,49,1490,-3098,879,1387,4267,-1762,-3781,-870,221,-1221,-291,509,602,-414,463,-663,1026,-351,646,-1042,-8,165,-35,-14,331,576,292,-1198,-448,-4,821,4106,-1725,-2860,322,-244,-5,428
497,-188,425,801,0,186,-48,200,-1074,1073,-153,-1063,944,510,438,480,2250,-1349,-934,368,-912,-2011,2005,-1148,-223,140,47,-802,64,2089,-1467,-533,377,256,-442,43,-155,-295,124,119,-125,1771,2102,-2959,-827,682,-545,-363,-145,-241,-22,-124,122,204,1547,172,-610,-132,560,621,-1495,2234,49,1490,-3098,879,1387,4267,-1762,-3781,-870,221,-1221,-291,509,602,-414,463,-663,1026,-351,646,-1042,-8,165,-35,-14,331,576,292,-1198,-448,-4,821,4106,-1725,-2860,322,-244,-5,428,-1663
498,425,801,0,186,-48,200,-1074,1073,-153,-1063,944,510,438,480,2250,-1349,-934,368,-912,-2011,2005,-1148,-223,140,47,-802,64,2089,-1467,-533,377,256,-442,43,-155,-295,124,119,-125,1771,2102,-2959,-827,682,-545,-363,-145,-241,-22,-124,122,204,1547,172,-610,-132,560,621,-1495,2234,49,1490,-3098,879,1387,4267,-1762,-3781,-870,221,-1221,-291,509,602,-414,463,-663,1026,-351,646,-1042,-8,165,-35,-14,331,576,292,-1198,-448,-4,821,4106,-1725,-2860,322,-244,-5,428,-1663,1706
499,801,0,186,-48,200,-1074,1073,-153,-1063,944,510,438,480,2250,-1349,-934,368,-912,-2011,2005,-1148,-223,140,47,-802,64,2089,-1467,-533,377,256,-442,43,-155,-295,124,119,-125,1771,2102,-2959,-827,682,-545,-363,-145,-241,-22,-124,122,204,1547,172,-610,-132,560,621,-1495,2234,49,1490,-3098,879,1387,4267,-1762,-3781,-870,221,-1221,-291,509,602,-414,463,-663,1026,-351,646,-1042,-8,165,-35,-14,331,576,292,-1198,-448,-4,821,4106,-1725,-2860,322,-244,-5,428,-1663,1706,-175
500,0,186,-48,200,-1074,1073,-153,-1063,944,510,438,480,2250,-1349,-934,368,-912,-2011,2005,-1148,-223,140,47,-802,64,2089,-1467,-533,377,256,-442,43,-155,-295,124,119,-125,1771,2102,-2959,-827,682,-545,-363,-145,-241,-22,-124,122,204,1547,172,-610,-132,560,621,-1495,2234,49,1490,-3098,879,1387,4267,-1762,-3781,-870,221,-1221,-291,509,602,-414,463,-663,1026,-351,646,-1042,-8,165,-35,-14,331,576,292,-1198,-448,-4,821,4106,-1725,-2860,322,-244,-5,428,-1663,1706,-175,-466
501,186,-48,200,-1074,1073,-153,-1063,944,510,438,480,2250,-1349,-934,368,-912,-2011,2005,-1148,-223,140,47,-802,64,2089,-1467,-533,377,256,-442,43,-155,-295,124,119,-125,1771,2102,-2959,-827,682,-545,-363,-145,-241,-22,-124,122,204,1547,172,-610,-132,560,621,-1495,2234,49,1490,-3098,879,1387,4267,-1762,-3781,-870,221,-1221,-291,509,602,-414,463,-663,1026,-351,646,-1042,-8,165,-35,-14,331,576,292,-1198,-448,-4,821,4106,-1725,-2860,322,-244,-5,428,-1663,1706,-175,-466,-47
502,-48,200,-1074,1073,-153,-1063,944,510,438,480,2250,-1349,-934,368,-912,-2011,2005,-1148,-223,140,47,-802,64,2089,-1467,-533,377,256,-442,43,-155,-295,124,119,-125,1771,2102,-2959,-827,682,-545,-363,-145,-241,-22,-124,122,204,1547,172,-610,-132,560,621,-1495,2234,49,1490,-3098,879,1387,4267,-1762,-3781,-870,221,-1221,-291,509,602,-414,463,-663,1026,-351,646,-1042,-8,165,-35,-14,331,576,292,-1198,-448,-4,821,4106,-1725,-2860,322,-244,-5,428,-1663,1706,-175,-466,-47,1196
503,200,-1074,1073,-153,-1063,944,510,438,480,2250,-1349,-934,368,-912,-2011,2005,-1148,-223,140,47,-802,64,2089,-1467,-533,377,256,-442,43,-155,-295,124,119,-125,1771,2102,-2959,-827,682,-545,-363,-145,-241,-22,-124,122,204,1547,172,-610,-132,560,621,-1495,2234,49,1490,-3098,879,1387,4267,-1762,-3781,-870,221,-1221,-291,509,602,-414,463,-663,1026,-351,646,-1042,-8,165,-35,-14,331,576,292,-1198,-448,-4,821,4106,-1725,-2860,322,-244,-5,428,-1663,1706,-175,-466,-47,1196,846
504,-1074,1073,-153,-1063,944,510,438,480,2250,-1349,-934,368,-912,-2011,2005,-1148,-223,140,47,-802,64,2089,-1467,-533,377,256,-442,43,-155,-295,124,119,-125,1771,2102,-2959,-827,682,-545,-363,-145,-241,-22,-124,122,204,1547,172,-610,-132,560,621,-1495,2234,49,1490,-3098,879,1387,4267,-1762,-3781,-870,221,-1221,-291,509,602,-414,463,-663,1026,-351,646,-1042,-8,165,-35,-14,331,576,292,-1198,-448,-4,821,4106,-1725,-2860,322,-244,-5,428,-1663,1706,-175,-466,-47,1196,846,-1866
505,1073,-153,-1063,944,510,438,480,2250,-1349,-934,368,-912,-2011,2005,-1148,-223,140,47,-802,64,2089,-1467,-533,377,256,-442,43,-155,-295,124,119,-125,1771,2102,-2959,-827,682,-545,-363,-145,-241,-22,-124,122,204,1547,172,-610,-132,560,621,-1495,2234,49,1490,-3098,879,1387,4267,-1762,-3781,-870,221,-1221,-291,509,602,-414,463,-663,1026,-351,646,-1042,-8,165,-35,-14,331,576,292,-1198,-448,-4,821,4106,-1725,-2860,322,-244,-5,428,-1663,1706,-175,-466,-47,1196,846,-1866,767
506,-153,-1063,944,510,438,480,2250,-1349,-934,368,-912,-2011,2005,-1148,-223,140,47,-802,64,2089,-1467,-533,377,256,-442,43,-155,-295,124,119,-125,1771,2102,-2959,-827,682,-545,-363,-145,-241,-22,-124,122,204,1547,172,-610,-132,560,621,-1495,2234,49,1490,-3098,879,1387,4267,-1762,-3781,-870,221,-1221,-291,509,602,-414,463,-663,1026,-351,646,-1042,-8,165,-35,-14,331,576,292,-1198,-448,-4,821,4106,-1725,-2860,322,-244,-5,428,-1663,1706,-175,-466,-47,1196,846,-1866,767,599
507,-1063,944,510,438,480,2250,-1349,-934,368,-912,-2011,2005,-1148,-223,140,47,-802,64,2089,-1467,-533,377,256,-442,43,-155,-295,124,119,-125,1771,2102,-2959,-827,682,-545,-363,-145,-241,-22,-124,122,204,1547,172,-610,-132,560,621,-1495,2234,49,1490,-3098,879,1387,4267,-1762,-3781,-870,221,-1221,-291,509,602,-414,463,-663,1026,-351,646,-1042,-8,165,-35,-14,331,576,292,-1198,-448,-4,821,4106,-1725,-2860,322,-244,-5,428,-1663,1706,-175,-466,-47,1196,846,-1866,767,599,137
508,944,510,438,480,2250,-1349,-934,368,-912,-2011,2005,-1148,-223,140,47,-802,64,2089,-1467,-533,377,256,-442,43,-155,-295,124,119,-125,1771,2102,-2959,-827,682,-545,-363,-145,-241,-22,-124,122,204,1547,172,-610,-132,560,621,-1495,2234,49,1490,-3098,879,1387,4267,-1762,-3781,-870,221,-1221,-291,509,602,-414,463,-663,1026,-351,646,-1042,-8,165,-35,-14,331,576,292,-1198,-448,-4,821,4106,-1725,-2860,322,-244,-5,428,-1663,1706,-175,-466,-47,1196,846,-1866,767,599,137,-1080
509,510,438,480,2250,-1349,-934,368,-912,-2011,2005,-1148,-223,140,47,-802,64,2089,-1467,-533,377,256,-442,43,-155,-295,124,119,-125,1771,2102,-2959,-827,682,-545,-363,-145,-241,-22,-124,122,204,1547,172,-610,-132,560,621,-1495,2234,49,1490,-3098,879,1387,4267,-1762,-3781,-870,221,-1221,-291,509,602,-414,463,-663,1026,-351,646,-1042,-8,165,-35,-14,331,576,292,-1198,-448,-4,821,4106,-1725,-2860,322,-244,-5,428,-1663,1706,-175,-466,-47,1196,846,-1866,767,599,137,-1080,1194
510,438,480,2250,-1349,-934,368,-912,-2011,2005,-1148,-223,140,47,-802,64,2089,-1467,-533,377,256,-442,43,-155,-295,124,119,-125,1771,2102,-2959,-827,682,-545,-363,-145,-241,-22,-124,122,204,1547,172,-610,-132,560,621,-1495,2234,49,1490,-3098,879,1387,4267,-1762,-3781,-870,221,-1221,-291,509,602,-414,463,-663,1026,-351,646,-1042,-8,165,-35,-14,331,576,292,-1198,-448,-4,821,4106,-1725,-2860,322,-244,-5,428,-1663,1706,-175,-466,-47,1196,846,-1866,767,599,137,-1080,1194,641
511,480,2250,-1349,-934,368,-912,-2011,2005,-1148,-223,140,47,-802,64,2089,-1467,-533,377,256,-442,43,-155,-295,124,119,-125,1771,2102,-2959,-827,682,-545,-363,-145,-241,-22,-124,122,204,1547,172,-610,-132,560,621,-1495,2234,49,1490,-3098,879,1387,4267,-1762,-3781,-870,221,-1221,-291,509,602,-414,463,-663,1026,-351,646,-1042,-8,165,-35,-14,331,576,292,-1198,-448,-4,821,4106,-1725,-2860,322,-244,-5,428,-1663,1706,-175,-466,-47,1196,846,-1866,767,599,137,-1080,1194,641,3083
512,2250,-1349,-934,368,-912,-2011,2005,-1148,-223,140,47,-802,64,2089,-1467,-533,377,256,-442,43,-155,-295,124,119,-125,1771,2102,-2959,-827,682,-545,-363,-145,-241,-22,-124,122,204,1547,172,-610,-132,560,621,-1495,2234,49,1490,-3098,879,1387,4267,-1762,-3781,-870,221,-1221,-291,509,602,-414,463,-663,1026,-351,646,-1042,-8,165,-35,-14,331,576,292,-1198,-448,-4,821,4106,-1725,-2860,322,-244,-5,428,-1663,1706,-175,-466,-47,1196,846,-1866,767,599,137,-1080,1194,641,3083,-3540
513,-1349,-934,368,-912,-2011,2005,-1148,-223,140,47,-802,64,2089,-1467,-533,377,256,-442,43,-155,-295,124,119,-125,1771,2102,-2959,-827,682,-545,-363,-145,-241,-22,-124,122,204,1547,172,-610,-132,560,621,-1495,2234,49,1490,-3098,879,1387,4267,-1762,-3781,-870,221,-1221,-291,509,602,-414,463,-663,1026,-351,646,-1042,-8,165,-35,-14,331,576,292,-1198,-448,-4,821,4106,-1725,-2860,322,-244,-5,428,-1663,1706,-175,-466,-47,1196,846,-1866,767,599,137,-1080,1194,641,3083,-3540,-754
514,-934,368,-912,-2011,2005,-1148,-223,140,47,-802,64,2089,-1467,-533,377,256,-442,43,-155,-295,124,119,-125,1771,2102,-2959,-827,682,-545,-363,-145,-241,-22,-124,122,204,1547,172,-610,-132,560,621,-1495,2234,49,1490,-3098,879,1387,4267,-1762,-3781,-870,221,-1221,-291,509,602,-414,463,-663,1026,-351,646,-1042,-8,165,-35,-14,331,576,292,-1198,-448,-4,821,4106,-1725,-2860,322,-244,-5,428,-1663,1706,-175,-466,-47,1196,846,-1866,767,599,137,-1080,1194,641,3083,-3540,-754,3948
515,368,-912,-2011,2005,-1148,-223,140,47,-802,64,2089,-1467,-533,377,256,-442,43,-155,-295,124,119,-125,1771,2102,-2959,-827,682,-545,-363,-145,-241,-22,-124,122,204,1547,172,-610,-132,560,621,-1495,2234,49,1490,-3098,879,1387,4267,-1762,-3781,-870,221,-1221,-291,509,602,-414,463,-663,1026,-351,646,-1042,-8,165,-35,-14,331,576,292,-1198,-448,-4,821,4106,-1725,-2860,322,-244,-5,428,-1663,1706,-175,-466,-47,1196,846,-1866,767,599,137,-1080,1194,641,3083,-3540,-754,3948,1202
516,-912,-2011,2005,-1148,-223,140,47,-802,64,2089,-1467,-533,377,256,-442,43,-155,-295,124,119,-125,1771,2102,-2959,-827,682,-545,-363,-145,-241,-22,-124,122,204,1547,172,-610,-132,560,621,-1495,2234,49,1490,-3098,879,1387,4267,-1762,-3781,-870,221,-1221,-291,509,602,-414,463,-663,1026,-351,646,-1042,-8,165,-35,-14,331,576,292,-1198,-448,-4,821,4106,-1725,-2860,322,-244,-5,428,-1663,1706,-175,-466,-47,1196,846,-1866,767,599,137,-1080,1194,641,3083,-3540,-754,3948,1202,-962
517,-2011,2005,-1148,-223,140,47,-802,64,2089,-1467,-533,377,256,-442,43,-155,-295,124,119,-125,1771,2102,-2959,-827,682,-545,-363,-145,-241,-22,-124,122,204,1547,172,-610,-132,560,621,-1495,2234,49,1490,-3098,879,1387,4267,-1762,-3781,-870,221,-1221,-291,509,602,-414,463,-663,1026,-351,646,-1042,-8,165,-35,-14,331,576,292,-1198,-448,-4,821,4106,-1725,-2860,322,-244,-5,428,-1663,1706,-175,-466,-47,1196,846,-1866,767,599,137,-1080,1194,641,3083,-3540,-754,3948,1202,-962,1122
518,2005,-1148,-223,140,47,-802,64,2089,-1467,-533,377,256,-442,43,-155,-295,124,119,-125,1771,2102,-2959,-827,682,-545,-363,-145,-241,-22,-124,122,204,1547,172,-610,-132,560,621,-1495,2234,49,1490,-3098,879,1387,4267,-1762,-3781,-870,221,-1221,-291,509,602,-414,463,-663,1026,-351,646,-1042,-8,165,-35,-14,331,576,292,-1198,-448,-4,821,4106,-1725,-2860,322,-244,-5,428,-1663,1706,-175,-466,-47,1196,846,-1866,767,599,137,-1080,1194,641,3083,-3540,-754,3948,1202,-962,1122,-4841
519,-1148,-223,140,47,-802,64,2089,-1467,-533,377,256,-442,43,-155,-295,124,119,-125,1771,2102,-2959,-827,682,-545,-363,-145,-241,-22,-124,122,204,1547,172,-610,-132,560,621,-1495,2234,49,1490,-3098,879,1387,4267,-1762,-3781,-870,221,-1221,-291,509,602,-414,463,-663,1026,-351,646,-1042,-8,165,-35,-14,331,576,292,-1198,-448,-4,821,4106,-1725,-2860,322,-244,-5,428,-1663,1706,-175,-466,-47,1196,846,-1866,767,599,137,-1080,1194,641,3083,-3540,-754,3948,1202,-962,1122,-4841,596
520,-223,140,47,-802,64,2089,-1467,-533,377,256,-442,43,-155,-295,124,119,-125,1771,2102,-2959,-827,682,-545,-363,-145,-241,-22,-124,122,204,1547,172,-610,-132,560,621,-1495,2234,49,1490,-3098,879,1387,4267,-1762,-3781,-870,221,-1221,-291,509,602,-414,463,-663,1026,-351,646,-1042,-8,165,-35,-14,331,576,292,-1198,-448,-4,821,4106,-1725,-2860,322,-244,-5,428,-1663,1706,-175,-466,-47,1196,846,-1866,767,599,137,-1080,1194,641,3083,-3540,-754,3948,1202,-962,1122,-4841,596,-467
521,140,47,-802,64,2089,-1467,-533,377,256,-442,43,-155,-295,124,119,-125,1771,2102,-2959,-827,682,-545,-363,-145,-241,-22,-124,122,204,1547,172,-610,-132,560,621,-1495,2234,49,1490,-3098,879,1387,4267,-1762,-3781,-870,221,-1221,-291,509,602,-414,463,-663,1026,-351,646,-1042,-8,165,-35,-14,331,576,292,-1198,-448,-4,821,4106,-1725,-2860,322,-244,-5,428,-1663,1706,-175,-466,-47,1196,846,-1866,767,599,137,-1080,1194,641,3083,-3540,-754,3948,1202,-962,1122,-4841,596,-467,572
522,47,-802,64,2089,-1467,-533,377,256,-442,43,-155,-295,124,119,-125,1771,2102,-2959,-827,682,-545,-363,-145,-241,-22,-124,122,204,1547,172,-610,-132,560,621,-1495,2234,49,1490,-3098,879,1387,4267,-1762,-3781,-870,221,-1221,-291,509,602,-414,463,-663,1026,-351,646,-1042,-8,165,-35,-14,331,576,292,-1198,-448,-4,821,4106,-1725,-2860,322,-244,-5,428,-1663,1706,-175,-466,-47,1196,846,-1866,767,599,137,-1080,1194,641,3083,-3540,-754,3948,1202,-962,1122,-4841,596,-467,572,-1162
523,-802,64,2089,-1467,-533,377,256,-442,43,-155,-295,124,119,-125,1771,2102,-2959,-827,682,-545,-363,-145,-241,-22,-124,122,204,1547,172,-610,-132,560,621,-1495,2234,49,1490,-3098,879,1387,4267,-1762,-3781,-870,221,-1221,-291,509,602,-414,463,-663,1026,-351,646,-1042,-8,165,-35,-14,331,576,292,-1198,-448,-4,821,4106,-1725,-2860,322,-244,-5,428,-1663,1706,-175,-466,-47,1196,846,-1866,767,599,137,-1080,1194,641,3083,-3540,-754,3948,1202,-962,1122,-4841,596,-467,572,-1162,-32
524,64,2089,-1467,-533,377,256,-442,43,-155,-295,124,119,-125,1771,2102,-2959,-827,682,-545,-363,-145,-241,-22,-124,122,204,1547,172,-610,-132,560,621,-1495,2234,49,1490,-3098,879,1387,4267,-1762,-3781,-870,221,-1221,-291,509,602,-414,463,-663,1026,-351,646,-1042,-8,165,-35,-14,331,576,292,-1198,-448,-4,821,4106,-1725,-2860,322,-244,-5,428,-1663,1706,-175,-466,-47,1196,846,-1866,767,599,137,-1080,1194,641,3083,-3540,-754,3948,1202,-962,1122,-4841,596,-467,572,-1162,-32,-693
525,2089,-1467,-533,377,256,-442,43,-155,-295,124,119,-125,1771,2102,-2959,-827,682,-545,-363,-145,-241,-22,-124,122,204,1547,172,-610,-132,560,621,-1495,2234,49,1490,-3098,879,1387,4267,-1762,-3781,-870,221,-1221,-291,509,602,-414,463,-663,1026,-351,646,-1042,-8,165,-35,-14,331,576,292,-1198,-448,-4,821,4106,-1725,-2860,322,-244,-5,428,-1663,1706,-175,-466,-47,1196,846,-1866,767,599,137,-1080,1194,641,3083,-3540,-754,3948,1202,-962,1122,-4841,596,-467,572,-1162,-32,-693,287
526,-1467,-533,377,256,-442,43,-155,-295,124,119,-125,1771,2102,-2959,-827,682,-545,-363,-145,-241,-22,-124,122,204,1547,172,-610,-132,560,621,-1495,2234,49,1490,-3098,879,1387,4267,-1762,-3781,-870,221,-1221,-291,509,602,-414,463,-663,1026,-351,646,-1042,-8,165,-35,-14,331,576,292,-1198,-448,-4,821,4106,-1725,-2860,322,-244,-5,428,-1663,1706,-175,-466,-47,1196,846,-1866,767,599,137,-1080,1194,641,3083,-3540,-754,3948,1202,-962,1122,-4841,596,-467,572,-1162,-32,-693,287,-361
527,-533,377,256,-442,43,-155,-295,124,119,-125,1771,2102,-2959,-827,682,-545,-363,-145,-241,-22,-124,122,204,1547,172,-610,-132,560,621,-1495,2234,49,1490,-3098,879,1387,4267,-1762,-3781,-870,221,-1221,-291,509,602,-414,463,-663,1026,-351,646,-1042,-8,165,-35,-14,331,576,292,-1198,-448,-4,821,4106,-1725,-2860,322,-244,-5,428,-1663,1706,-175,-466,-47,1196,846,-1866,767,599,137,-1080,1194,641,3083,-3540,-754,3948,1202,-962,1122,-4841,596,-467,572,-1162,-32,-693,287,-361,799
528,377,256,-442,43,-155,-295,124,119,-125,1771,2102,-2959,-827,682,-545,-363,-145,-241,-22,-124,122,204,1547,172,-610,-132,560,621,-1495,2234,49,1490,-3098,879,1387,4267,-1762,-3781,-870,221,-1221,-291,509,602,-414,463,-663,1026,-351,646,-1042,-8,165,-35,-14,331,576,292,-1198,-448,-4,821,4106,-1725,-2860,322,-244,-5,428,-1663,1706,-175,-466,-47,1196,846,-1866,767,599,137,-1080,1194,641,3083,-3540,-754,3948,1202,-962,1122,-4841,596,-467,572,-1162,-32,-693,287,-361,799,-681
529,256,-442,43,-155,-295,124,119,-125,1771,2102,-2959,-827,682,-545,-363,-145,-241,-22,-124,122,204,1547,172,-610,-132,560,621,-1495,2234,49,1490,-3098,879,1387,4267,-1762,-3781,-870,221,-1221,-291,509,602,-414,463,-663,1026,-351,646,-1042,-8,165,-35,-14,331,576,292,-1198,-448,-4,821,4106,-1725,-2860,322,-244,-5,428,-1663,1706,-175,-466,-47,1196,846,-1866,767,599,137,-1080,1194,641,3083,-3540,-754,3948,1202,-962,1122,-4841,596,-467,572,-1162,-32,-693,287,-361,799,-681,2027
530,-442,43,-155,-295,124,119,-125,1771,2102,-2959,-827,682,-545,-363,-145,-241,-22,-124,122,204,1547,172,-610,-132,560,621,-1495,2234,49,1490,-3098,879,1387,4267,-1762,-3781,-870,221,-1221,-291,509,602,-414,463,-663,1026,-351,646,-1042,-8,165,-35,-14,331,576,292,-1198,-448,-4,821,4106,-1725,-2860,322,-244,-5,428,-1663,1706,-175,-466,-47,1196,846,-1866,767,599,137,-1080,1194,641,3083,-3540,-754,3948,1202,-962,1122,-4841,596,-467,572,-1162,-32,-693,287,-361,799,-681,2027,-2215
531,43,-155,-295,124,119,-125,1771,2102,-2959,-827,682,-545,-363,-145,-241,-22,-124,122,204,1547,172,-610,-132,560,621,-1495,2234,49,1490,-3098,879,1387,4267,-1762,-3781,-870,221,-1221,-291,509,602,-414,463,-663,1026,-351,646,-1042,-8,165,-35,-14,331,576,292,-1198,-448,-4,821,4106,-1725,-2860,322,-244,-5,428,-1663,1706,-175,-466,-47,1196,846,-1866,767,599,137,-1080,1194,641,3083,-3540,-754,3948,1202,-962,1122,-4841,596,-467,572,-1162,-32,-693,287,-361,799,-681,2027,-2215,-118
532,-155,-295,124,119,-125,1771,2102,-2959,-827,682,-545,-363,-145,-241,-22,-124,122,204,1547,172,-610,-132,560,621,-1495,2234,49,1490,-3098,879,1387,4267,-1762,-3781,-870,221,-1221,-291,509,602,-414,463,-663,1026,-351,646,-1042,-8,165,-35,-14,331,576,292,-1198,-448,-4,821,4106,-1725,-2860,322,-244,-5,428,-1663,1706,-175,-466,-47,1196,846,-1866,767,599,137,-1080,1194,641,3083,-3540,-754,3948,1202,-962,1122,-4841,596,-467,572,-1162,-32,-693,287,-361,799,-681,2027,-2215,-118,215
533,-295,124,119,-125,1771,2102,-2959,-827,682,-545,-363,-145,-241,-22,-124,122,204,1547,172,-610,-132,560,621,-1495,2234,49,1490,-3098,879,1387,4267,-1762,-3781,-870,221,-1221,-291,509,602,-414,463,-663,1026,-351,646,-1042,-8,165,-35,-14,331,576,292,-1198,-448,-4,821,4106,-1725,-2860,322,-244,-5,428,-1663,1706,-175,-466,-47,1196,846,-1866,767,599,137,-1080,1194,641,3083,-3540,-754,3948,1202,-962,1122,-4841,596,-467,572,-1162,-32,-693,287,-361,799,-681,2027,-2215,-118,215,142
534,124,119,-125,1771,2102,-2959,-827,682,-545,-363,-145,-241,-22,-124,122,204,1547,172,-610,-132,560,621,-1495,2234,49,1490,-3098,879,1387,4267,-1762,-3781,-870,221,-1221,-291,509,602,-414,463,-663,1026,-351,646,-1042,-8,165,-35,-14,331,576,292,-1198,-448,-4,821,4106,-1725,-2860,322,-244,-5,428,-1663,1706,-175,-466,-47,1196,846,-1866,767,599,137,-1080,1194,641,3083,-3540,-754,3948,1202,-962,1122,-4841,596,-467,572,-1162,-32,-693,287,-361,799,-681,2027,-2215,-118,215,142,-505
535,119,-125,1771,2102,-2959,-827,682,-545,-363,-145,-241,-22,-124,122,204,1547,172,-610,-132,560,621,-1495,2234,49,1490,-3098,879,1387,4267,-1762,-3781,-870,221,-1221,-291,509,602,-414,463,-663,1026,-351,646,-1042,-8,165,-35,-14,331,576,292,-1198,-448,-4,821,4106,-1725,-2860,322,-244,-5,428,-1663,1706,-175,-466,-47,1196,846,-1866,767,599,137,-1080,1194,641,3083,-3540,-754,3948,1202,-962,1122,-4841,596,-467,572,-1162,-32,-693,287,-361,799,-681,2027,-2215,-118,215,142,-505,448
536,-125,1771,2102,-2959,-827,682,-545,-363,-145,-241,-22,-124,122,204,1547,172,-610,-132,560,621,-1495,2234,49,1490,-3098,879,1387,4267,-1762,-3781,-870,221,-1221,-291,509,602,-414,463,-663,1026,-351,646,-1042,-8,165,-35,-14,331,576,292,-1198,-448,-4,821,4106,-1725,-2860,322,-244,-5,428,-1663,1706,-175,-466,-47,1196,846,-1866,767,599,137,-1080,1194,641,3083,-3540,-754,3948,1202,-962,1122,-4841,596,-467,572,-1162,-32,-693,287,-361,799,-681,2027,-2215,-118,215,142,-505,448,-326
537,1771,2102,-2959,-827,682,-545,-363,-145,-241,-22,-124,122,204,1547,172,-610,-132,560,621,-1495,2234,49,1490,-3098,879,1387,4267,-1762,-3781,-870,221,-1221,-291,509,602,-414,463,-663,1026,-351,646,-1042,-8,165,-35,-14,331,576,292,-1198,-448,-4,821,4106,-1725,-2860,322,-244,-5,428,-1663,1706,-175,-466,-47,1196,846,-1866,767,599,137,-1080,1194,641,3083,-3540,-754,3948,1202,-962,1122,-4841,596,-467,572,-1162,-32,-693,287,-361,799,-681,2027,-2215,-118,215,142,-505,448,-326,1131
538,2102,-2959,-827,682,-545,-363,-145,-241,-22,-124,122,204,1547,172,-610,-132,560,621,-1495,2234,49,1490,-3098,879,1387,4267,-1762,-3781,-870,221,-1221,-291,509,602,-414,463,-663,1026,-351,646,-1042,-8,165,-35,-14,331,576,292,-1198,-448,-4,821,4106,-1725,-2860,322,-244,-5,428,-1663,1706,-175,-466,-47,1196,846,-1866,767,599,137,-1080,1194,641,3083,-3540,-754,3948,1202,-962,1122,-4841,596,-467,572,-1162,-32,-693,287,-361,799,-681,2027,-2215,-118,215,142,-505,448,-326,1131,-1040
539,-2959,-827,682,-545,-363,-145,-241,-22,-124,122,204,1547,172,-610,-132,560,621,-1495,2234,49,1490,-3098,879,1387,4267,-1762,-3781,-870,221,-1221,-291,509,602,-414,463,-663,1026,-351,646,-1042,-8,165,-35,-14,331,576,292,-1198,-448,-4,821,4106,-1725,-2860,322,-244,-5,428,-1663,1706,-175,-466,-47,1196,846,-1866,767,599,137,-1080,1194,641,3083,-3540,-754,3948,1202,-962,1122,-4841,596,-467,572,-1162,-32,-693,287,-361,799,-681,2027,-2215,-118,215,142,-505,448,-326,1131,-1040,-167
540,-827,682,-545,-363,-145,-241,-22,-124,122,204,1547,172,-610,-132,560,621,-1495,2234,49,1490,-3098,879,1387,4267,-1762,-3781,-870,221,-1221,-291,509,602,-414,463,-663,1026,-351,646,-1042,-8,165,-35,-14,331,576,292,-1198,-448,-4,821,4106,-1725,-2860,322,-244,-5,428,-1663,1706,-175,-466,-47,1196,846,-1866,767,599,137,-1080,1194,641,3083,-3540,-754,3948,1202,-962,1122,-4841,596,-467,572,-1162,-32,-693,287,-361,799,-681,2027,-2215,-118,215,142,-505,448,-326,1131,-1040,-167,-292
541,682,-545,-363,-145,-241,-22,-124,122,204,1547,172,-610,-132,560,621,-1495,2234,49,1490,-3098,879,1387,4267,-1762,-3781,-870,221,-1221,-291,509,602,-414,463,-663,1026,-351,646,-1042,-8,165,-35,-14,331,576,292,-1198,-448,-4,821,4106,-1725,-2860,322,-244,-5,428,-1663,1706,-175,-466,-47,1196,846,-1866,767,599,137,-1080,1194,641,3083,-3540,-754,3948,1202,-962,1122,-4841,596,-467,572,-1162,-32,-693,287,-361,799,-681,2027,-2215,-118,215,142,-505,448,-326,1131,-1040,-167,-292,254
542,-545,-363,-145,-241,-22,-124,122,204,1547,172,-610,-132,560,621,-1495,2234,49,1490,-3098,879,1387,4267,-1762,-3781,-870,221,-1221,-291,509,602,-414,463,-663,1026,-351,646,-1042,-8,165,-35,-14,331,576,292,-1198,-448,-4,821,4106,-1725,-2860,322,-244,-5,428,-1663,1706,-175,-466,-47,1196,846,-1866,767,599,137,-1080,1194,641,3083,-3540,-754,3948,1202,-962,1122,-4841,596,-467,572,-1162,-32,-693,287,-361,799,-681,2027,-2215,-118,215,142,-505,448,-326,1131,-1040,-167,-292,254,2540
543,-363,-145,-241,-22,-124,122,204,1547,172,-610,-132,560,621,-1495,2234,49,1490,-3098,879,1387,4267,-1762,-3781,-870,221,-1221,-291,509,602,-414,463,-663,1026,-351,646,-1042,-8,165,-35,-14,331,576,292,-1198,-448,-4,821,4106,-1725,-2860,322,-244,-5,428,-1663,1706,-175,-466,-47,1196,846,-1866,767,599,137,-1080,1194,641,3083,-3540,-754,3948,1202,-962,1122,-4841,596,-467,572,-1162,-32,-693,287,-361,799,-681,2027,-2215,-118,215,142,-505,448,-326,1131,-1040,-167,-292,254,2540,262
544,-145,-241,-22,-124,122,204,1547,172,-610,-132,560,621,-1495,2234,49,1490,-3098,879,1387,4267,-1762,-3781,-870,221,-1221,-291,509,602,-414,463,-663,1026,-351,646,-1042,-8,165,-35,-14,331,576,292,-1198,-448,-4,821,4106,-1725,-2860,322,-244,-5,428,-1663,1706,-175,-466,-47,1196,846,-1866,767,599,137,-1080,1194,641,3083,-3540,-754,3948,1202,-962,1122,-4841,596,-467,572,-1162,-32,-693,287,-361,799,-681,2027,-2215,-118,215,142,-505,448,-326,1131,-1040,-167,-292,254,2540,262,-2499
545,-241,-22,-124,122,204,1547,172,-610,-132,560,621,-1495,2234,49,1490,-3098,879,1387,4267,-1762,-3781,-870,221,-1221,-291,509,602,-414,463,-663,1026,-351,646,-1042,-8,165,-35,-14,331,576,292,-1198,-448,-4,821,4106,-1725,-2860,322,-244,-5,428,-1663,1706,-175,-466,-47,1196,846,-1866,767,599,137,-1080,1194,641,3083,-3540,-754,3948,1202,-962,1122,-4841,596,-467,572,-1162,-32,-693,287,-361,799,-681,2027,-2215,-118,215,142,-505,448,-326,1131,-1040,-167,-292,254,2540,262,-2499,-664
546,-22,-124,122,204,1547,172,-610,-132,560,621,-1495,2234,49,1490,-3098,879,1387,4267,-1762,-3781,-870,221,-1221,-291,509,602,-414,463,-663,1026,-351,646,-1042,-8,165,-35,-14,331,576,292,-1198,-448,-4,821,4106,-1725,-2860,322,-244,-5,428,-1663,1706,-175,-466,-47,1196,846,-1866,767,599,137,-1080,1194,641,3083,-3540,-754,3948,1202,-962,1122,-4841,596,-467,572,-1162,-32,-693,287,-361,799,-681,2027,-2215,-118,215,142,-505,448,-326,1131,-1040,-167,-292,254,2540,262,-2499,-664,-951
547,-124,122,204,1547,172,-610,-132,560,621,-1495,2234,49,1490,-3098,879,1387,4267,-1762,-3781,-870,221,-1221,-291,509,602,-414,463,-663,1026,-351,646,-1042,-8,165,-35,-14,331,576,292,-1198,-448,-4,821,4106,-1725,-2860,322,-244,-5,428,-1663,1706,-175,-466,-47,1196,846,-1866,767,599,137,-1080,1194,641,3083,-3540,-754,3948,1202,-962,1122,-4841,596,-467,572,-1162,-32,-693,287,-361,799,-681,2027,-2215,-118,215,142,-505,448,-326,1131,-1040,-167,-292,254,2540,262,-2499,-664,-951,1129
548,122,204,1547,172,-610,-132,560,621,-1495,2234,49,1490,-3098,879,1387,4267,-1762,-3781,-870,221,-1221,-291,509,602,-414,463,-663,1026,-351,646,-1042,-8,165,-35,-14,331,576,292,-1198,-448,-4,821,4106,-1725,-2860,322,-244,-5,428,-1663,1706,-175,-466,-47,1196,846,-1866,767,599,137,-1080,1194,641,3083,-3540,-754,3948,1202,-962,1122,-4841,596,-467,572,-1162,-32,-693,287,-361,799,-681,2027,-2215,-118,215,142,-505,448,-326,1131,-1040,-167,-292,254,2540,262,-2499,-664,-951,1129,-324
549,204,1547,172,-610,-132,560,621,-1495,2234,49,1490,-3098,879,1387,4267,-1762,-3781,-870,221,-1221,-291,509,602,-414,463,-663,1026,-351,646,-1042,-8,165,-35,-14,331,576,292,-1198,-448,-4,821,4106,-1725,-2860,322,-244,-5,428,-1663,1706,-175,-466,-47,1196,846,-1866,767,599,137,-1080,1194,641,3083,-3540,-754,3948,1202,-962,1122,-4841,596,-467,572,-1162,-32,-693,287,-361,799,-681,2027,-2215,-118,215,142,-505,448,-326,1131,-1040,-167,-292,254,2540,262,-2499,-664,-951,1129,-324,13
550,1547,172,-610,-132,560,621,-1495,2234,49,1490,-3098,879,1387,4267,-1762,-3781,-870,221,-1221,-291,509,602,-414,463,-663,1026,-351,646,-1042,-8,165,-35,-14,331,576,292,-1198,-448,-4,821,4106,-1725,-2860,322,-244,-5,428,-1663,1706,-175,-466,-47,1196,846,-1866,767,599,137,-1080,1194,641,3083,-3540,-754,3948,1202,-962,1122,-4841,596,-467,572,-1162,-32,-693,287,-361,799,-681,2027,-2215,-118,215,142,-505,448,-326,1131,-1040,-167,-292,254,2540,262,-2499,-664,-951,1129,-324,13,40
551,172,-610,-132,560,621,-1495,2234,49,1490,-3098,879,1387,4267,-1762,-3781,-870,221,-1221,-291,509,602,-414,463,-663,1026,-351,646,-1042,-8,165,-35,-14,331,576,292,-1198,-448,-4,821,4106,-1725,-2860,322,-244,-5,428,-1663,1706,-175,-466,-47,1196,846,-1866,767,599,137,-1080,1194,641,3083,-3540,-754,3948,1202,-962,1122,-4841,596,-467,572,-1162,-32,-693,287,-361,799,-681,2027,-2215,-118,215,142,-505,448,-326,1131,-1040,-167,-292,254,2540,262,-2499,-664,-951,1129,-324,13,40,520
552,-610,-132,560,621,-1495,2234,49,1490,-3098,879,1387,4267,-1762,-3781,-870,221,-1221,-291,509,602,-414,463,-663,1026,-351,646,-1042,-8,165,-35,-14,331,576,292,-1198,-448,-4,821,4106,-1725,-2860,322,-244,-5,428,-1663,1706,-175,-466,-47,1196,846,-1866,767,599,137,-1080,1194,641,3083,-3540,-754,3948,1202,-962,1122,-4841,596,-467,572,-1162,-32,-693,287,-361,799,-681,2027,-2215,-118,215,142,-505,448,-326,1131,-1040,-167,-292,254,2540,262,-2499,-664,-951,1129,-324,13,40,520,-268
553,-132,560,621,-1495,2234,49,1490,-3098,879,1387,4267,-1762,-3781,-870,221,-1221,-291,509,602,-414,463,-663,1026,-351,646,-1042,-8,165,-35,-14,331,576,292,-1198,-448,-4,821,4106,-1725,-2860,322,-244,-5,428,-1663,1706,-175,-466,-47,1196,846,-1866,767,599,137,-1080,1194,641,3083,-3540,-754,3948,1202,-962,1122,-4841,596,-467,572,-1162,-32,-693,287,-361,799,-681,2027,-2215,-118,215,142,-505,448,-326,1131,-1040,-167,-292,254,2540,262,-2499,-664,-951,1129,-324,13,40,520,-268,-349
554,560,621,-1495,2234,49,1490,-3098,879,1387,4267,-1762,-3781,-870,221,-1221,-291,509,602,-414,463,-663,1026,-351,646,-1042,-8,165,-35,-14,331,576,292,-1198,-448,-4,821,4106,-1725,-2860,322,-244,-5,428,-1663,1706,-175,-466,-47,1196,846,-1866,767,599,137,-1080,1194,641,3083,-3540,-754,3948,1202,-962,1122,-4841,596,-467,572,-1162,-32,-693,287,-361,799,-681,2027,-2215,-118,215,142,-505,448,-326,1131,-1040,-167,-292,254,2540,262,-2499,-664,-951,1129,-324,13,40,520,-268,-349,507
555,621,-1495,2234,49,1490,-3098,879,1387,4267,-1762,-3781,-870,221,-1221,-291,509,602,-414,463,-663,1026,-351,646,-1042,-8,165,-35,-14,331,576,292,-1198,-448,-4,821,4106,-1725,-2860,322,-244,-5,428,-1663,1706,-175,-466,-47,1196,846,-1866,767,599,137,-1080,1194,641,3083,-3540,-754,3948,1202,-962,1122,-4841,596,-467,572,-1162,-32,-693,287,-361,799,-681,2027,-2215,-118,215,142,-505,448,-326,1131,-1040,-167,-292,254,2540,262,-2499,-664,-951,1129,-324,13,40,520,-268,-349,507,2613
556,-1495,2234,49,1490,-3098,879,1387,4267,-1762,-3781,-870,221,-1221,-291,509,602,-414,463,-663,1026,-351,646,-1042,-8,165,-35,-14,331,576,292,-1198,-448,-4,821,4106,-1725,-2860,322,-244,-5,428,-1663,1706,-175,-466,-47,1196,846,-1866,767,599,137,-1080,1194,641,3083,-3540,-754,3948,1202,-962,1122,-4841,596,-467,572,-1162,-32,-693,287,-361,799,-681,2027,-2215,-118,215,142,-505,448,-326,1131,-1040,-167,-292,254,2540,262,-2499,-664,-951,1129,-324,13,40,520,-268,-349,507,2613,-2026
557,2234,49,1490,-3098,879,1387,4267,-1762,-3781,-870,221,-1221,-291,509,602,-414,463,-663,1026,-351,646,-1042,-8,165,-35,-14,331,576,292,-1198,-448,-4,821,4106,-1725,-2860,322,-244,-5,428,-1663,1706,-175,-466,-47,1196,846,-1866,767,599,137,-1080,1194,641,3083,-3540,-754,3948,1202,-962,1122,-4841,596,-467,572,-1162,-32,-693,287,-361,799,-681,2027,-2215,-118,215,142,-505,448,-326,1131,-1040,-167,-292,254,2540,262,-2499,-664,-951,1129,-324,13,40,520,-268,-349,507,2613,-2026,-244
558,49,1490,-3098,879,1387,4267,-1762,-3781,-870,221,-1221,-291,509,602,-414,463,-663,1026,-351,646,-1042,-8,165,-35,-14,331,576,292,-1198,-448,-4,821,4106,-1725,-2860,322,-244,-5,428,-1663,1706,-175,-466,-47,1196,846,-1866,767,599,137,-1080,1194,641,3083,-3540,-754,3948,1202,-962,1122,-4841,596,-467,572,-1162,-32,-693,287,-361,799,-681,2027,-2215,-118,215,142,-505,448,-326,1131,-1040,-167,-292,254,2540,262,-2499,-664,-951,1129,-324,13,40,520,-268,-349,507,2613,-2026,-244,400
559,1490,-3098,879,1387,4267,-1762,-3781,-870,221,-1221,-291,509,602,-414,463,-663,1026,-351,646,-1042,-8,165,-35,-14,331,576,292,-1198,-448,-4,821,4106,-1725,-2860,322,-244,-5,428,-1663,1706,-175,-466,-47,1196,846,-1866,767,599,137,-1080,1194,641,3083,-3540,-754,3948,1202,-962,1122,-4841,596,-467,572,-1162,-32,-693,287,-361,799,-681,2027,-2215,-118,215,142,-505,448,-326,1131,-1040,-167,-292,254,2540,262,-2499,-664,-951,1129,-324,13,40,520,-268,-349,507,2613,-2026,-244,400,1030
560,-3098,879,1387,4267,-1762,-3781,-870,221,-1221,-291,509,602,-414,463,-663,1026,-351,646,-1042,-8,165,-35,-14,331,576,292,-1198,-448,-4,821,4106,-1725,-2860,322,-244,-5,428,-1663,1706,-175,-466,-47,1196,846,-1866,767,599,137,-1080,1194,641,3083,-3540,-754,3948,1202,-962,1122,-4841,596,-467,572,-1162,-32,-693,287,-361,799,-681,2027,-2215,-118,215,142,-505,448,-326,1131,-1040,-167,-292,254,2540,262,-2499,-664,-951,1129,-324,13,40,520,-268,-349,507,2613,-2026,-244,400,1030,-818
561,879,1387,4267,-1762,-3781,-870,221,-1221,-291,509,602,-414,463,-663,1026,-351,646,-1042,-8,165,-35,-14,331,576,292,-1198,-448,-4,821,4106,-1725,-2860,322,-244,-5,428,-1663,1706,-175,-466,-47,1196,846,-1866,767,599,137,-1080,1194,641,3083,-3540,-754,3948,1202,-962,1122,-4841,596,-467,572,-1162,-32,-693,287,-361,799,-681,2027,-2215,-118,215,142,-505,448,-326,1131,-1040,-167,-292,254,2540,262,-2499,-664,-951,1129,-324,13,40,520,-268,-349,507,2613,-2026,-244,400,1030,-818,219
562,1387,4267,-1762,-3781,-870,221,-1221,-291,509,602,-414,463,-663,1026,-351,646,-1042,-8,165,-35,-14,331,576,292,-1198,-448,-4,821,4106,-1725,-2860,322,-244,-5,428,-1663,1706,-175,-466,-47,1196,846,-1866,767,599,137,-1080,1194,641,3083,-3540,-754,3948,1202,-962,1122,-4841,596,-467,572,-1162,-32,-693,287,-361,799,-681,2027,-2215,-118,215,142,-505,448,-326,1131,-1040,-167,-292,254,2540,262,-2499,-664,-951,1129,-324,13,40,520,-268,-349,507,2613,-2026,-244,400,1030,-818,219,859
563,4267,-1762,-3781,-870,221,-1221,-291,509,602,-414,463,-663,1026,-351,646,-1042,-8,165,-35,-14,331,576,292,-1198,-448,-4,821,4106,-1725,-2860,322,-244,-5,428,-1663,1706,-175,-466,-47,1196,846,-1866,767,599,137,-1080,1194,641,3083,-3540,-754,3948,1202,-962,1122,-4841,596,-467,572,-1162,-32,-693,287,-361,799,-681,2027,-2215,-118,215,142,-505,448,-326,1131,-1040,-167,-292,254,2540,262,-2499,-664,-951,1129,-324,13,40,520,-268,-349,507,2613,-2026,-244,400,1030,-818,219,859,1685
564,-1762,-3781,-870,221,-1221,-291,509,602,-414,463,-663,1026,-351,646,-1042,-8,165,-35,-14,331,576,292,-1198,-448,-4,821,4106,-1725,-2860,322,-244,-5,428,-1663,1706,-175,-466,-47,1196,846,-1866,767,599,137,-1080,1194,641,3083,-3540,-754,3948,1202,-962,1122,-4841,596,-467,572,-1162,-32,-693,287,-361,799,-681,2027,-2215,-118,215,142,-505,448,-326,1131,-1040,-167,-292,254,2540,262,-2499,-664,-951,1129,-324,13,40,520,-268,-349,507,2613,-2026,-244,400,1030,-818,219,859,1685,-154
565,-3781,-870,221,-1221,-291,509,602,-414,463,-663,1026,-351,646,-1042,-8,165,-35,-14,331,576,292,-1198,-448,-4,821,4106,-1725,-2860,322,-244,-5,428,-1663,1706,-175,-466,-47,1196,846,-1866,767,599,137,-1080,1194,641,3083,-3540,-754,3948,1202,-962,1122,-4841,596,-467,572,-1162,-32,-693,287,-361,799,-681,2027,-2215,-118,215,142,-505,448,-326,1131,-1040,-167,-292,254,2540,262,-2499,-664,-951,1129,-324,13,40,520,-268,-349,507,2613,-2026,-244,400,1030,-818,219,859,1685,-154,-1757
566,-870,221,-1221,-291,509,602,-414,463,-663,1026,-351,646,-1042,-8,165,-35,-14,331,576,292,-1198,-448,-4,821,4106,-1725,-2860,322,-244,-5,428,-1663,1706,-175,-466,-47,1196,846,-1866,767,599,137,-1080,1194,641,3083,-3540,-754,3948,1202,-962,1122,-4841,596,-467,572,-1162,-32,-693,287,-361,799,-681,2027,-2215,-118,215,142,-505,448,-326,1131,-1040,-167,-292,254,2540,262,-2499,-664,-951,1129,-324,13,40,520,-268,-349,507,2613,-2026,-244,400,1030,-818,219,859,1685,-154,-1757,1186
567,221,-1221,-291,509,602,-414,463,-663,1026,-351,646,-1042,-8,165,-35,-14,331,576,292,-1198,-448,-4,821,4106,-1725,-2860,322,-244,-5,428,-1663,1706,-175,-466,-47,1196,846,-1866,767,599,137,-1080,1194,641,3083,-3540,-754,3948,1202,-962,1122,-4841,596,-467,572,-1162,-32,-693,287,-361,799,-681,2027,-2215,-118,215,142,-505,448,-326,1131,-1040,-167,-292,254,2540,262,-2499,-664,-951,1129,-324,13,40,520,-268,-349,507,2613,-2026,-244,400,1030,-818,219,859,1685,-154,-1757,1186,1965
568,-1221,-291,509,602,-414,463,-663,1026,-351,646,-1042,-8,165,-35,-14,331,576,292,-1198,-448,-4,821,4106,-1725,-2860,322,-244,-5,428,-1663,1706,-175,-466,-47,1196,846,-1866,767,599,137,-1080,1194,641,3083,-3540,-754,3948,1202,-962,1122,-4841,596,-467,572,-1162,-32,-693,287,-361,799,-681,2027,-2215,-118,215,142,-505,448,-326,1131,-1040,-167,-292,254,2540,262,-2499,-664,-951,1129,-324,13,40,520,-268,-349,507,2613,-2026,-244,400,1030,-818,219,859,1685,-154,-1757,1186,1965,3449
569,-291,509,602,-414,463,-663,1026,-351,646,-1042,-8,165,-35,-14,331,576,292,-1198,-448,-4,821,4106,-1725,-2860,322,-244,-5,428,-1663,1706,-175,-466,-47,1196,846,-1866,767,599,137,-1080,1194,641,3083,-3540,-754,3948,1202,-962,1122,-4841,596,-467,572,-1162,-32,-693,287,-361,799,-681,2027,-2215,-118,215,142,-505,448,-326,1131,-1040,-167,-292,254,2540,262,-2499,-664,-951,1129,-324,13,40,520,-268,-349,507,2613,-2026,-244,400,1030,-818,219,859,1685,-154,-1757,1186,1965,3449,-3155
570,509,602,-414,463,-663,1026,-351,646,-1042,-8,165,-35,-14,331,576,292,-1198,-448,-4,821,4106,-1725,-2860,322,-244,-5,428,-1663,1706,-175,-466,-47,1196,846,-1866,767,599,137,-1080,1194,641,3083,-3540,-754,3948,1202,-962,1122,-4841,596,-467,572,-1162,-32,-693,287,-361,799,-681,2027,-2215,-118,215,142,-505,448,-326,1131,-1040,-167,-292,254,2540,262,-2499,-664,-951,1129,-324,13,40,520,-268,-349,507,2613,-2026,-244,400,1030,-818,219,859,1685,-154,-1757,1186,1965,3449,-3155,-1081
571,602,-414,463,-663,1026,-351,646,-1042,-8,165,-35,-14,331,576,292,-1198,-448,-4,821,4106,-1725,-2860,322,-244,-5,428,-1663,1706,-175,-466,-47,1196,846,-1866,767,599,137,-1080,1194,641,3083,-3540,-754,3948,1202,-962,1122,-4841,596,-467,572,-1162,-32,-693,287,-361,799,-681,2027,-2215,-118,215,142,-505,448,-326,1131,-1040,-167,-292,254,2540,262,-2499,-664,-951,1129,-324,13,40,520,-268,-349,507,2613,-2026,-244,400,1030,-818,219,859,1685,-154,-1757,1186,1965,3449,-3155,-1081,-2853
572,-414,463,-663,1026,-351,646,-1042,-8,165,-35,-14,331,576,292,-1198,-448,-4,821,4106,-1725,-2860,322,-244,-5,428,-1663,1706,-175,-466,-47,1196,846,-1866,767,599,137,-1080,1194,641,3083,-3540,-754,3948,1202,-962,1122,-4841,596,-467,572,-1162,-32,-693,287,-361,799,-681,2027,-2215,-118,215,142,-505,448,-326,1131,-1040,-167,-292,254,2540,262,-2499,-664,-951,1129,-324,13,40,520,-268,-349,507,2613,-2026,-244,400,1030,-818,219,859,1685,-154,-1757,1186,1965,3449,-3155,-1081,-2853,-324
573,463,-663,1026,-351,646,-1042,-8,165,-35,-14,331,576,292,-1198,-448,-4,821,4106,-1725,-2860,322,-244,-5,428,-1663,1706,-175,-466,-47,1196,846,-1866,767,599,137,-1080,1194,641,3083,-3540,-754,3948,1202,-962,1122,-4841,596,-467,572,-1162,-32,-693,287,-361,799,-681,2027,-2215,-118,215,142,-505,448,-326,1131,-1040,-167,-292,254,2540,262,-2499,-664,-951,1129,-324,13,40,520,-268,-349,507,2613,-2026,-244,400,1030,-818,219,859,1685,-154,-1757,1186,1965,3449,-3155,-1081,-2853,-324,-729
574,-663,1026,-351,646,-1042,-8,165,-35,-14,331,576,292,-1198,-448,-4,821,4106,-1725,-2860,322,-244,-5,428,-1663,1706,-175,-466,-47,1196,846,-1866,767,599,137,-1080,1194,641,3083,-3540,-754,3948,1202,-962,1122,-4841,596,-467,572,-1162,-32,-693,287,-361,799,-681,2027,-2215,-118,215,142,-505,448,-326,1131,-1040,-167,-292,254,2540,262,-2499,-664,-951,1129,-324,13,40,520,-268,-349,507,2613,-2026,-244,400,1030,-818,219,859,1685,-154,-1757,1186,1965,3449,-3155,-1081,-2853,-324,-729,-10
575,1026,-351,646,-1042,-8,165,-35,-14,331,576,292,-1198,-448,-4,821,4106,-1725,-2860,322,-244,-5,428,-1663,1706,-175,-466,-47,1196,846,-1866,767,599,137,-1080,1194,641,3083,-3540,-754,3948,1202,-962,1122,-4841,596,-467,572,-1162,-32,-693,287,-361,799,-681,2027,-2215,-118,215,142,-505,448,-326,1131,-1040,-167,-292,254,2540,262,-2499,-664,-951,1129,-324,13,40,520,-268,-349,507,2613,-2026,-244,400,1030,-818,219,859,1685,-154,-1757,1186,1965,3449,-3155,-1081,-2853,-324,-729,-10,-1513
576,-351,646,-1042,-8,165,-35,-14,331,576,292,-1198,-448,-4,821,4106,-1725,-2860,322,-244,-5,428,-1663,1706,-175,-466,-47,1196,846,-1866,767,599,137,-1080,1194,641,3083,-3540,-754,3948,1202,-962,1122,-4841,596,-467,572,-1162,-32,-693,287,-361,799,-681,2027,-2215,-118,215,142,-505,448,-326,1131,-1040,-167,-292,254,2540,262,-2499,-664,-951,1129,-324,13,40,520,-268,-349,507,2613,-2026,-244,400,1030,-818,219,859,1685,-154,-1757,1186,1965,3449,-3155,-1081,-2853,-324,-729,-10,-1513,1694
577,646,-1042,-8,165,-35,-14,331,576,292,-1198,-448,-4,821,4106,-1725,-2860,322,-244,-5,428,-1663,1706,-175,-466,-47,1196,846,-1866,767,599,137,-1080,1194,641,3083,-3540,-754,3948,1202,-962,1122,-4841,596,-467,572,-1162,-32,-693,287,-361,799,-681,2027,-2215,-118,215,142,-505,448,-326,1131,-1040,-167,-292,254,2540,262,-2499,-664,-951,1129,-324,13,40,520,-268,-349,507,2613,-2026,-244,400,1030,-818,219,859,1685,-154,-1757,1186,1965,3449,-3155,-1081,-2853,-324,-729,-10,-1513,1694,-1301
578,-1042,-8,165,-35,-14,331,576,292,-1198,-448,-4,821,4106,-1725,-2860,322,-244,-5,428,-1663,1706,-175,-466,-47,1196,846,-1866,767,599,137,-1080,1194,641,3083,-3540,-754,3948,1202,-962,1122,-4841,596,-467,572,-1162,-32,-693,287,-361,799,-681,2027,-2215,-118,215,142,-505,448,-326,1131,-1040,-167,-292,254,2540,262,-2499,-664,-951,1129,-324,13,40,520,-268,-349,507,2613,-2026,-244,400,1030,-818,219,859,1685,-154,-1757,1186,1965,3449,-3155,-1081,-2853,-324,-729,-10,-1513,1694,-1301,1528
579,-8,165,-35,-14,331,576,292,-1198,-448,-4,821,4106,-1725,-2860,322,-244,-5,428,-1663,1706,-175,-466,-47,1196,846,-1866,767,599,137,-1080,1194,641,3083,-3540,-754,3948,1202,-962,1122,-4841,596,-467,572,-1162,-32,-693,287,-361,799,-681,2027,-2215,-118,215,142,-505,448,-326,1131,-1040,-167,-292,254,2540,262,-2499,-664,-951,1129,-324,13,40,520,-268,-349,507,2613,-2026,-244,400,1030,-818,219,859,1685,-154,-1757,1186,1965,3449,-3155,-1081,-2853,-324,-729,-10,-1513,1694,-1301,1528,-362
580,165,-35,-14,331,576,292,-1198,-448,-4,821,4106,-1725,-2860,322,-244,-5,428,-1663,1706,-175,-466,-47,1196,846,-1866,767,599,137,-1080,1194,641,3083,-3540,-754,3948,1202,-962,1122,-4841,596,-467,572,-1162,-32,-693,287,-361,799,-681,2027,-2215,-118,215,142,-505,448,-326,1131,-1040,-167,-292,254,2540,262,-2499,-664,-951,1129,-324,13,40,520,-268,-349,507,2613,-2026,-244,400,1030,-818,219,859,1685,-154,-1757,1186,1965,3449,-3155,-1081,-2853,-324,-729,-10,-1513,1694,-1301,1528,-362,83
581,-35,-14,331,576,292,-1198,-448,-4,821,4106,-1725,-2860,322,-244,-5,428,-1663,1706,-175,-466,-47,1196,846,-1866,767,599,137,-1080,1194,641,3083,-3540,-754,3948,1202,-962,1122,-4841,596,-467,572,-1162,-32,-693,287,-361,799,-681,2027,-2215,-118,215,142,-505,448,-326,1131,-1040,-167,-292,254,2540,262,-2499,-664,-951,1129,-324,13,40,520,-268,-349,507,2613,-2026,-244,400,1030,-818,219,859,1685,-154,-1757,1186,1965,3449,-3155,-1081,-2853,-324,-729,-10,-1513,1694,-1301,1528,-362,83,737
582,-14,331,576,292,-1198,-448,-4,821,4106,-1725,-2860,322,-244,-5,428,-1663,1706,-175,-466,-47,1196,846,-1866,767,599,137,-1080,1194,641,3083,-3540,-754,3948,1202,-962,1122,-4841,596,-467,572,-1162,-32,-693,287,-361,799,-681,2027,-2215,-118,215,142,-505,448,-326,1131,-1040,-167,-292,254,2540,262,-2499,-664,-951,1129,-324,13,40,520,-268,-349,507,2613,-2026,-244,400,1030,-818,219,859,1685,-154,-1757,1186,1965,3449,-3155,-1081,-2853,-324,-729,-10,-1513,1694,-1301,1528,-362,83,737,-1080
583,331,576,292,-1198,-448,-4,821,4106,-1725,-2860,322,-244,-5,428,-1663,1706,-175,-466,-47,1196,846,-1866,767,599,137,-1080,1194,641,3083,-3540,-754,3948,1202,-962,1122,-4841,596,-467,572,-1162,-32,-693,287,-361,799,-681,2027,-2215,-118,215,142,-505,448,-326,1131,-1040,-167,-292,254,2540,262,-2499,-664,-951,1129,-324,13,40,520,-268,-349,507,2613,-2026,-244,400,1030,-818,219,859,1685,-154,-1757,1186,1965,3449,-3155,-1081,-2853,-324,-729,-10,-1513,1694,-1301,1528,-362,83,737,-1080,89
584,576,292,-1198,-448,-4,821,4106,-1725,-2860,322,-244,-5,428,-1663,1706,-175,-466,-47,1196,846,-1866,767,599,137,-1080,1194,641,3083,-3540,-754,3948,1202,-962,1122,-4841,596,-467,572,-1162,-32,-693,287,-361,799,-681,2027,-2215,-118,215,142,-505,448,-326,1131,-1040,-167,-292,254,2540,262,-2499,-664,-951,1129,-324,13,40,520,-268,-349,507,2613,-2026,-244,400,1030,-818,219,859,1685,-154,-1757,1186,1965,3449,-3155,-1081,-2853,-324,-729,-10,-1513,1694,-1301,1528,-362,83,737,-1080,89,-101
585,292,-1198,-448,-4,821,4106,-1725,-2860,322,-244,-5,428,-1663,1706,-175,-466,-47,1196,846,-1866,767,599,137,-1080,1194,641,3083,-3540,-754,3948,1202,-962,1122,-4841,596,-467,572,-1162,-32,-693,287,-361,799,-681,2027,-2215,-118,215,142,-505,448,-326,1131,-1040,-167,-292,254,2540,262,-2499,-664,-951,1129,-324,13,40,520,-268,-349,507,2613,-2026,-244,400,1030,-818,219,859,1685,-154,-1757,1186,1965,3449,-3155,-1081,-2853,-324,-729,-10,-1513,1694,-1301,1528,-362,83,737,-1080,89,-101,467
586,-1198,-448,-4,821,4106,-1725,-2860,322,-244,-5,428,-1663,1706,-175,-466,-47,1196,846,-1866,767,599,137,-1080,1194,641,3083,-3540,-754,3948,1202,-962,1122,-4841,596,-467,572,-1162,-32,-693,287,-361,799,-681,2027,-2215,-118,215,142,-505,448,-326,1131,-1040,-167,-292,254,2540,262,-2499,-664,-951,1129,-324,13,40,520,-268,-349,507,2613,-2026,-244,400,1030,-818,219,859,1685,-154,-1757,1186,1965,3449,-3155,-1081,-2853,-324,-729,-10,-1513,1694,-1301,1528,-362,83,737,-1080,89,-101,467,-689
587,-448,-4,821,4106,-1725,-2860,322,-244,-5,428,-1663,1706,-175,-466,-47,1196,846,-1866,767,599,137,-1080,1194,641,3083,-3540,-754,3948,1202,-962,1122,-4841,596,-467,572,-1162,-32,-693,287,-361,799,-681,2027,-2215,-118,215,142,-505,448,-326,1131,-1040,-167,-292,254,2540,262,-2499,-664,-951,1129,-324,13,40,520,-268,-349,507,2613,-2026,-244,400,1030,-818,219,859,1685,-154,-1757,1186,1965,3449,-3155,-1081,-2853,-324,-729,-10,-1513,1694,-1301,1528,-362,83,737,-1080,89,-101,467,-689,199
588,-4,821,4106,-1725,-2860,322,-244,-5,428,-1663,1706,-175,-466,-47,1196,846,-1866,767,599,137,-1080,1194,641,3083,-3540,-754,3948,1202,-962,1122,-4841,596,-467,572,-1162,-32,-693,287,-361,799,-681,2027,-2215,-118,215,142,-505,448,-326,1131,-1040,-167,-292,254,2540,262,-2499,-664,-951,1129,-324,13,40,520,-268,-349,507,2613,-2026,-244,400,1030,-818,219,859,1685,-154,-1757,1186,1965,3449,-3155,-1081,-2853,-324,-729,-10,-1513,1694,-1301,1528,-362,83,737,-1080,89,-101,467,-689,199,983
589,821,4106,-1725,-2860,322,-244,-5,428,-1663,1706,-175,-466,-47,1196,846,-1866,767,599,137,-1080,1194,641,3083,-3540,-754,3948,1202,-962,1122,-4841,596,-467,572,-1162,-32,-693,287,-361,799,-681,2027,-2215,-118,215,142,-505,448,-326,1131,-1040,-167,-292,254,2540,262,-2499,-664,-951,1129,-324,13,40,520,-268,-349,507,2613,-2026,-244,400,1030,-818,219,859,1685,-154,-1757,1186,1965,3449,-3155,-1081,-2853,-324,-729,-10,-1513,1694,-1301,1528,-362,83,737,-1080,89,-101,467,-689,199,983,-444
590,4106,-1725,-2860,322,-244,-5,428,-1663,1706,-175,-466,-47,1196,846,-1866,767,599,137,-1080,1194,641,3083,-3540,-754,3948,1202,-962,1122,-4841,596,-467,572,-1162,-32,-693,287,-361,799,-681,2027,-2215,-118,215,142,-505,448,-326,1131,-1040,-167,-292,254,2540,262,-2499,-664,-951,1129,-324,13,40,520,-268,-349,507,2613,-2026,-244,400,1030,-818,219,859,1685,-154,-1757,1186,1965,3449,-3155,-1081,-2853,-324,-729,-10,-1513,1694,-1301,1528,-362,83,737,-1080,89,-101,467,-689,199,983,-444,-247
591,-1725,-2860,322,-244,-5,428,-1663,1706,-175,-466,-47,1196,846,-1866,767,599,137,-1080,1194,641,3083,-3540,-754,3948,1202,-962,1122,-4841,596,-467,572,-1162,-32,-693,287,-361,799,-681,2027,-2215,-118,215,142,-505,448,-326,1131,-1040,-167,-292,254,2540,262,-2499,-664,-951,1129,-324,13,40,520,-268,-349,507,2613,-2026,-244,400,1030,-818,219,859,1685,-154,-1757,1186,1965,3449,-3155,-1081,-2853,-324,-729,-10,-1513,1694,-1301,1528,-362,83,737,-1080,89,-101,467,-689,199,983,-444,-247,-369
592,-2860,322,-244,-5,428,-1663,1706,-175,-466,-47,1196,846,-1866,767,599,137,-1080,1194,641,3083,-3540,-754,3948,1202,-962,1122,-4841,596,-467,572,-1162,-32,-693,287,-361,799,-681,2027,-2215,-118,215,142,-505,448,-326,1131,-1040,-167,-292,254,2540,262,-2499,-664,-951,1129,-324,13,40,520,-268,-349,507,2613,-2026,-244,400,1030,-818,219,859,1685,-154,-1757,1186,1965,3449,-3155,-1081,-2853,-324,-729,-10,-1513,1694,-1301,1528,-362,83,737,-1080,89,-101,467,-689,199,983,-444,-247,-369,127
593,322,-244,-5,428,-1663,1706,-175,-466,-47,1196,846,-1866,767,599,137,-1080,1194,641,3083,-3540,-754,3948,1202,-962,1122,-4841,596,-467,572,-1162,-32,-693,287,-361,799,-681,2027,-2215,-118,215,142,-505,448,-326,1131,-1040,-167,-292,254,2540,262,-2499,-664,-951,1129,-324,13,40,520,-268,-349,507,2613,-2026,-244,400,1030,-818,219,859,1685,-154,-1757,1186,1965,3449,-3155,-1081,-2853,-324,-729,-10,-1513,1694,-1301,1528,-362,83,737,-1080,89,-101,467,-689,199,983,-444,-247,-369,127,138
594,-244,-5,428,-1663,1706,-175,-466,-47,1196,846,-1866,767,599,137,-1080,1194,641,3083,-3540,-754,3948,1202,-962,1122,-4841,596,-467,572,-1162,-32,-693,287,-361,799,-681,2027,-2215,-118,215,142,-505,448,-326,1131,-1040,-167,-292,254,2540,262,-2499,-664,-951,1129,-324,13,40,520,-268,-349,507,2613,-2026,-244,400,1030,-818,219,859,1685,-154,-1757,1186,1965,3449,-3155,-1081,-2853,-324,-729,-10,-1513,1694,-1301,1528,-362,83,737,-1080,89,-101,467,-689,199,983,-444,-247,-369,127,138,3283
595,-5,428,-1663,1706,-175,-466,-47,1196,846,-1866,767,599,137,-1080,1194,641,3083,-3540,-754,3948,1202,-962,1122,-4841,596,-467,572,-1162,-32,-693,287,-361,799,-681,2027,-2215,-118,215,142,-505,448,-326,1131,-1040,-167,-292,254,2540,262,-2499,-664,-951,1129,-324,13,40,520,-268,-349,507,2613,-2026,-244,400,1030,-818,219,859,1685,-154,-1757,1186,1965,3449,-3155,-1081,-2853,-324,-729,-10,-1513,1694,-1301,1528,-362,83,737,-1080,89,-101,467,-689,199,983,-444,-247,-369,127,138,3283,-2890
596,428,-1663,1706,-175,-466,-47,1196,846,-1866,767,599,137,-1080,1194,641,3083,-3540,-754,3948,1202,-962,1122,-4841,596,-467,572,-1162,-32,-693,287,-361,799,-681,2027,-2215,-118,215,142,-505,448,-326,1131,-1040,-167,-292,254,2540,262,-2499,-664,-951,1129,-324,13,40,520,-268,-349,507,2613,-2026,-244,400,1030,-818,219,859,1685,-154,-1757,1186,1965,3449,-3155,-1081,-2853,-324,-729,-10,-1513,1694,-1301,1528,-362,83,737,-1080,89,-101,467,-689,199,983,-444,-247,-369,127,138,3283,-2890,-362
597,-1663,1706,-175,-466,-47,1196,846,-1866,767,599,137,-1080,1194,641,3083,-3540,-754,3948,1202,-962,1122,-4841,596,-467,572,-1162,-32,-693,287,-361,799,-681,2027,-2215,-118,215,142,-505,448,-326,1131,-1040,-167,-292,254,2540,262,-2499,-664,-951,1129,-324,13,40,520,-268,-349,507,2613,-2026,-244,400,1030,-818,219,859,1685,-154,-1757,1186,1965,3449,-3155,-1081,-2853,-324,-729,-10,-1513,1694,-1301,1528,-362,83,737,-1080,89,-101,467,-689,199,983,-444,-247,-369,127,138,3283,-2890,-362,-97
598,1706,-175,-466,-47,1196,846,-1866,767,599,137,-1080,1194,641,3083,-3540,-754,3948,1202,-962,1122,-4841,596,-467,572,-1162,-32,-693,287,-361,799,-681,2027,-2215,-118,215,142,-505,448,-326,1131,-1040,-167,-292,254,2540,262,-2499,-664,-951,1129,-324,13,40,520,-268,-349,507,2613,-2026,-244,400,1030,-818,219,859,1685,-154,-1757,1186,1965,3449,-3155,-1081,-2853,-324,-729,-10,-1513,1694,-1301,1528,-362,83,737,-1080,89,-101,467,-689,199,983,-444,-247,-369,127,138,3283,-2890,-362,-97,522
599,-175,-466,-47,1196,846,-1866,767,599,137,-1080,1194,641,3083,-3540,-754,3948,1202,-962,1122,-4841,596,-467,572,-1162,-32,-693,287,-361,799,-681,2027,-2215,-118,215,142,-505,448,-326,1131,-1040,-167,-292,254,2540,262,-2499,-664,-951,1129,-324,13,40,520,-268,-349,507,2613,-2026,-244,400,1030,-818,219,859,1685,-154,-1757,1186,1965,3449,-3155,-1081,-2853,-324,-729,-10,-1513,1694,-1301,1528,-362,83,737,-1080,89,-101,467,-689,199,983,-444,-247,-369,127,138,3283,-2890,-362,-97,522,-258
600,-466,-47,1196,846,-1866,767,599,137,-1080,1194,641,3083,-3540,-754,3948,1202,-962,1122,-4841,596,-467,572,-1162,-32,-693,287,-361,799,-681,2027,-2215,-118,215,142,-505,448,-326,1131,-1040,-167,-292,254,2540,262,-2499,-664,-951,1129,-324,13,40,520,-268,-349,507,2613,-2026,-244,400,1030,-818,219,859,1685,-154,-1757,1186,1965,3449,-3155,-1081,-2853,-324,-729,-10,-1513,1694,-1301,1528,-362,83,737,-1080,89,-101,467,-689,199,983,-444,-247,-369,127,138,3283,-2890,-362,-97,522,-258,-701
601,-47,1196,846,-1866,767,599,137,-1080,1194,641,3083,-3540,-754,3948,1202,-962,1122,-4841,596,-467,572,-1162,-32,-693,287,-361,799,-681,2027,-2215,-118,215,142,-505,448,-326,1131,-1040,-167,-292,254,2540,262,-2499,-664,-951,1129,-324,13,40,520,-268,-349,507,2613,-2026,-244,400,1030,-818,219,859,1685,-154,-1757,1186,1965,3449,-3155,-1081,-2853,-324,-729,-10,-1513,1694,-1301,1528,-362,83,737,-1080,89,-101,467,-689,199,983,-444,-247,-369,127,138,3283,-2890,-362,-97,522,-258,-701,1237
602,1196,846,-1866,767,599,137,-1080,1194,641,3083,-3540,-754,3948,1202,-962,1122,-4841,596,-467,572,-1162,-32,-693,287,-361,799,-681,2027,-2215,-118,215,142,-505,448,-326,1131,-1040,-167,-292,254,2540,262,-2499,-664,-951,1129,-324,13,40,520,-268,-349,507,2613,-2026,-244,400,1030,-818,219,859,1685,-154,-1757,1186,1965,3449,-3155,-1081,-2853,-324,-729,-10,-1513,1694,-1301,1528,-362,83,737,-1080,89,-101,467,-689,199,983,-444,-247,-369,127,138,3283,-2890,-362,-97,522,-258,-701,1237,-1200
603,846,-1866,767,599,137,-1080,1194,641,3083,-3540,-754,3948,1202,-962,1122,-4841,596,-467,572,-1162,-32,-693,287,-361,799,-681,2027,-2215,-118,215,142,-505,448,-326,1131,-1040,-167,-292,254,2540,262,-2499,-664,-951,1129,-324,13,40,520,-268,-349,507,2613,-2026,-244,400,1030,-818,219,859,1685,-154,-1757,1186,1965,3449,-3155,-1081,-2853,-324,-729,-10,-1513,1694,-1301,1528,-362,83,737,-1080,89,-101,467,-689,199,983,-444,-247,-369,127,138,3283,-2890,-362,-97,522,-258,-701,1237,-1200,102
604,-1866,767,599,137,-1080,1194,641,3083,-3540,-754,3948,1202,-962,1122,-4841,596,-467,572,-1162,-32,-693,287,-361,799,-681,2027,-2215,-118,215,142,-505,448,-326,1131,-1040,-167,-292,254,2540,262,-2499,-664,-951,1129,-324,13,40,520,-268,-349,507,2613,-2026,-244,400,1030,-818,219,859,1685,-154,-1757,1186,1965,3449,-3155,-1081,-2853,-324,-729,-10,-1513,1694,-1301,1528,-362,83,737,-1080,89,-101,467,-689,199,983,-444,-247,-369,127,138,3283,-2890,-362,-97,522,-258,-701,1237,-1200,102,-253
605,767,599,137,-1080,1194,641,3083,-3540,-754,3948,1202,-962,1122,-4841,596,-467,572,-1162,-32,-693,287,-361,799,-681,2027,-2215,-118,215,142,-505,448,-326,1131,-1040,-167,-292,254,2540,262,-2499,-664,-951,1129,-324,13,40,520,-268,-349,507,2613,-2026,-244,400,1030,-818,219,859,1685,-154,-1757,1186,1965,3449,-3155,-1081,-2853,-324,-729,-10,-1513,1694,-1301,1528,-362,83,737,-1080,89,-101,467,-689,199,983,-444,-247,-369,127,138,3283,-2890,-362,-97,522,-258,-701,1237,-1200,102,-253,424
606,599,137,-1080,1194,641,3083,-3540,-754,3948,1202,-962,1122,-4841,596,-467,572,-1162,-32,-693,287,-361,799,-681,2027,-2215,-118,215,142,-505,448,-326,1131,-1040,-167,-292,254,2540,262,-2499,-664,-951,1129,-324,13,40,520,-268,-349,507,2613,-2026,-244,400,1030,-818,219,859,1685,-154,-1757,1186,1965,3449,-3155,-1081,-2853,-324,-729,-10,-1513,1694,-1301,1528,-362,83,737,-1080,89,-101,467,-689,199,983,-444,-247,-369,127,138,3283,-2890,-362,-97,522,-258,-701,1237,-1200,102,-253,424,-127
607,137,-1080,1194,641,3083,-3540,-754,3948,1202,-962,1122,-4841,596,-467,572,-1162,-32,-693,287,-361,799,-681,2027,-2215,-118,215,142,-505,448,-326,1131,-1040,-167,-292,254,2540,262,-2499,-664,-951,1129,-324,13,40,520,-268,-349,507,2613,-2026,-244,400,1030,-818,219,859,1685,-154,-1757,1186,1965,3449,-3155,-1081,-2853,-324,-729,-10,-1513,1694,-1301,1528,-362,83,737,-1080,89,-101,467,-689,199,983,-444,-247,-369,127,138,3283,-2890,-362,-97,522,-258,-701,1237,-1200,102,-253,424,-127,772
608,-1080,1194,641,3083,-3540,-754,3948,1202,-962,1122,-4841,596,-467,572,-1162,-32,-693,287,-361,799,-681,2027,-2215,-118,215,142,-505,448,-326,1131,-1040,-167,-292,254,2540,262,-2499,-664,-951,1129,-324,13,40,520,-268,-349,507,2613,-2026,-244,400,1030,-818,219,859,1685,-154,-1757,1186,1965,3449,-3155,-1081,-2853,-324,-729,-10,-1513,1694,-1301,1528,-362,83,737,-1080,89,-101,467,-689,199,983,-444,-247,-369,127,138,3283,-2890,-362,-97,522,-258,-701,1237,-1200,102,-253,424,-127,772,-312
609,1194,641,3083,-3540,-754,3948,1202,-962,1122,-4841,596,-467,572,-1162,-32,-693,287,-361,799,-681,2027,-2215,-118,215,142,-505,448,-326,1131,-1040,-167,-292,254,2540,262,-2499,-664,-951,1129,-324,13,40,520,-268,-349,507,2613,-2026,-244,400,1030,-818,219,859,1685,-154,-1757,1186,1965,3449,-3155,-1081,-2853,-324,-729,-10,-1513,1694,-1301,1528,-362,83,737,-1080,89,-101,467,-689,199,983,-444,-247,-369,127,138,3283,-2890,-362,-97,522,-258,-701,1237,-1200,102,-253,424,-127,772,-312,-807
610,641,3083,-3540,-754,3948,1202,-962,1122,-4841,596,-467,572,-1162,-32,-693,287,-361,799,-681,2027,-2215,-118,215,142,-505,448,-326,1131,-1040,-167,-292,254,2540,262,-2499,-664,-951,1129,-324,13,40,520,-268,-349,507,2613,-2026,-244,400,1030,-818,219,859,1685,-154,-1757,1186,1965,3449,-3155,-1081,-2853,-324,-729,-10,-1513,1694,-1301,1528,-362,83,737,-1080,89,-101,467,-689,199,983,-444,-247,-369,127,138,3283,-2890,-362,-97,522,-258,-701,1237,-1200,102,-253,424,-127,772,-312,-807,301
611,3083,-3540,-754,3948,1202,-962,1122,-4841,596,-467,572,-1162,-32,-693,287,-361,799,-681,2027,-2215,-118,215,142,-505,448,-326,1131,-1040,-167,-292,254,2540,262,-2499,-664,-951,1129,-324,13,40,520,-268,-349,507,2613,-2026,-244,400,1030,-818,219,859,1685,-154,-1757,1186,1965,3449,-3155,-1081,-2853,-324,-729,-10,-1513,1694,-1301,1528,-362,83,737,-1080,89,-101,467,-689,199,983,-444,-247,-369,127,138,3283,-2890,-362,-97,522,-258,-701,1237,-1200,102,-253,424,-127,772,-312,-807,301,1274
612,-3540,-754,3948,1202,-962,1122,-4841,596,-467,572,-1162,-32,-693,287,-361,799,-681,2027,-2215,-118,215,142,-505,448,-326,1131,-1040,-167,-292,254,2540,262,-2499,-664,-951,1129,-324,13,40,520,-268,-349,507,2613,-2026,-244,400,1030,-818,219,859,1685,-154,-1757,1186,1965,3449,-3155,-1081,-2853,-324,-729,-10,-1513,1694,-1301,1528,-362,83,737,-1080,89,-101,467,-689,199,983,-444,-247,-369,127,138,3283,-2890,-362,-97,522,-258,-701,1237,-1200,102,-253,424,-127,772,-312,-807,301,1274,-459
613,-754,3948,1202,-962,1122,-4841,596,-467,572,-1162,-32,-693,287,-361,799,-681,2027,-2215,-118,215,142,-505,448,-326,1131,-1040,-167,-292,254,2540,262,-2499,-664,-951,1129,-324,13,40,520,-268,-349,507,2613,-2026,-244,400,1030,-818,219,859,1685,-154,-1757,1186,1965,3449,-3155,-1081,-2853,-324,-729,-10,-1513,1694,-1301,1528,-362,83,737,-1080,89,-101,467,-689,199,983,-444,-247,-369,127,138,3283,-2890,-362,-97,522,-258,-701,1237,-1200,102,-253,424,-127,772,-312,-807,301,1274,-459,1341
614,3948,1202,-962,1122,-4841,596,-467,572,-1162,-32,-693,287,-361,799,-681,2027,-2215,-118,215,142,-505,448,-326,1131,-1040,-167,-292,254,2540,262,-2499,-664,-951,1129,-324,13,40,520,-268,-349,507,2613,-2026,-244,400,1030,-818,219,859,1685,-154,-1757,1186,1965,3449,-3155,-1081,-2853,-324,-729,-10,-1513,1694,-1301,1528,-362,83,737,-1080,89,-101,467,-689,199,983,-444,-247,-369,127,138,3283,-2890,-362,-97,522,-258,-701,1237,-1200,102,-253,424,-127,772,-312,-807,301,1274,-459,1341,-388
615,1202,-962,1122,-4841,596,-467,572,-1162,-32,-693,287,-361,799,-681,2027,-2215,-118,215,142,-505,448,-326,1131,-1040,-167,-292,254,2540,262,-2499,-664,-951,1129,-324,13,40,520,-268,-349,507,2613,-2026,-244,400,1030,-818,219,859,1685,-154,-1757,1186,1965,3449,-3155,-1081,-2853,-324,-729,-10,-1513,1694,-1301,1528,-362,83,737,-1080,89,-101,467,-689,199,983,-444,-247,-369,127,138,3283,-2890,-362,-97,522,-258,-701,1237,-1200,102,-253,424,-127,772,-312,-807,301,1274,-459,1341,-388,183
616,-962,1122,-4841,596,-467,572,-1162,-32,-693,287,-361,799,-681,2027,-2215,-118,215,142,-505,448,-326,1131,-1040,-167,-292,254,2540,262,-2499,-664,-951,1129,-324,13,40,520,-268,-349,507,2613,-2026,-244,400,1030,-818,219,859,1685,-154,-1757,1186,1965,3449,-3155,-1081,-2853,-324,-729,-10,-1513,1694,-1301,1528,-362,83,737,-1080,89,-101,467,-689,199,983,-444,-247,-369,127,138,3283,-2890,-362,-97,522,-258,-701,1237,-1200,102,-253,424,-127,772,-312,-807,301,1274,-459,1341,-388,183,1376
617,1122,-4841,596,-467,572,-1162,-32,-693,287,-361,799,-681,2027,-2215,-118,215,142,-505,448,-326,1131,-1040,-167,-292,254,2540,262,-2499,-664,-951,1129,-324,13,40,520,-268,-349,507,2613,-2026,-244,400,1030,-818,219,859,1685,-154,-1757,1186,1965,3449,-3155,-1081,-2853,-324,-729,-10,-1513,1694,-1301,1528,-362,83,737,-1080,89,-101,467,-689,199,983,-444,-247,-369,127,138,3283,-2890,-362,-97,522,-258,-701,1237,-1200,102,-253,424,-127,772,-312,-807,301,1274,-459,1341,-388,183,1376,-2617
618,-4841,596,-467,572,-1162,-32,-693,287,-361,799,-681,2027,-2215,-118,215,142,-505,448,-326,1131,-1040,-167,-292,254,2540,262,-2499,-664,-951,1129,-324,13,40,520,-268,-349,507,2613,-2026,-244,400,1030,-818,219,859,1685,-154,-1757,1186,1965,3449,-3155,-1081,-2853,-324,-729,-10,-1513,1694,-1301,1528,-362,83,737,-1080,89,-101,467,-689,199,983,-444,-247,-369,127,138,3283,-2890,-362,-97,522,-258,-701,1237,-1200,102,-253,424,-127,772,-312,-807,301,1274,-459,1341,-388,183,1376,-2617,-93
619,596,-467,572,-1162,-32,-693,287,-361,799,-681,2027,-2215,-118,215,142,-505,448,-326,1131,-1040,-167,-292,254,2540,262,-2499,-664,-951,1129,-324,13,40,520,-268,-349,507,2613,-2026,-244,400,1030,-818,219,859,1685,-154,-1757,1186,1965,3449,-3155,-1081,-2853,-324,-729,-10,-1513,1694,-1301,1528,-362,83,737,-1080,89,-101,467,-689,199,983,-444,-247,-369,127,138,3283,-2890,-362,-97,522,-258,-701,1237,-1200,102,-253,424,-127,772,-312,-807,301,1274,-459,1341,-388,183,1376,-2617,-93,1253
620,-467,572,-1162,-32,-693,287,-361,799,-681,2027,-2215,-118,215,142,-505,448,-326,1131,-1040,-167,-292,254,2540,262,-2499,-664,-951,1129,-324,13,40,520,-268,-349,507,2613,-2026,-244,400,1030,-818,219,859,1685,-154,-1757,1186,1965,3449,-3155,-1081,-2853,-324,-729,-10,-1513,1694,-1301,1528,-362,83,737,-1080,89,-101,467,-689,199,983,-444,-247,-369,127,138,3283,-2890,-362,-97,522,-258,-701,1237,-1200,102,-253,424,-127,772,-312,-807,301,1274,-459,1341,-388,183,1376,-2617,-93,1253,1768
621,572,-1162,-32,-693,287,-361,799,-681,2027,-2215,-118,215,142,-505,448,-326,1131,-1040,-167,-292,254,2540,262,-2499,-664,-951,1129,-324,13,40,520,-268,-349,507,2613,-2026,-244,400,1030,-818,219,859,1685,-154,-1757,1186,1965,3449,-3155,-1081,-2853,-324,-729,-10,-1513,1694,-1301,1528,-362,83,737,-1080,89,-101,467,-689,199,983,-444,-247,-369,127,138,3283,-2890,-362,-97,522,-258,-701,1237,-1200,102,-253,424,-127,772,-312,-807,301,1274,-459,1341,-388,183,1376,-2617,-93,1253,1768,3210
622,-1162,-32,-693,287,-361,799,-681,2027,-2215,-118,215,142,-505,448,-326,1131,-1040,-167,-292,254,2540,262,-2499,-664,-951,1129,-324,13,40,520,-268,-349,507,2613,-2026,-244,400,1030,-818,219,859,1685,-154,-1757,1186,1965,3449,-3155,-1081,-2853,-324,-729,-10,-1513,1694,-1301,1528,-362,83,737,-1080,89,-101,467,-689,199,983,-444,-247,-369,127,138,3283,-2890,-362,-97,522,-258,-701,1237,-1200,102,-253,424,-127,772,-312,-807,301,1274,-459,1341,-388,183,1376,-2617,-93,1253,1768,3210,-3374
623,-32,-693,287,-361,799,-681,2027,-2215,-118,215,142,-505,448,-326,1131,-1040,-167,-292,254,2540,262,-2499,-664,-951,1129,-324,13,40,520,-268,-349,507,2613,-2026,-244,400,1030,-818,219,859,1685,-154,-1757,1186,1965,3449,-3155,-1081,-2853,-324,-729,-10,-1513,1694,-1301,1528,-362,83,737,-1080,89,-101,467,-689,199,983,-444,-247,-369,127,138,3283,-2890,-362,-97,522,-258,-701,1237,-1200,102,-253,424,-127,772,-312,-807,301,1274,-459,1341,-388,183,1376,-2617,-93,1253,1768,3210,-3374,-3195
624,-693,287,-361,799,-681,2027,-2215,-118,215,142,-505,448,-326,1131,-1040,-167,-292,254,2540,262,-2499,-664,-951,1129,-324,13,40,520,-268,-349,507,2613,-2026,-244,400,1030,-818,219,859,1685,-154,-1757,1186,1965,3449,-3155,-1081,-2853,-324,-729,-10,-1513,1694,-1301,1528,-362,83,737,-1080,89,-101,467,-689,199,983,-444,-247,-369,127,138,3283,-2890,-362,-97,522,-258,-701,1237,-1200,102,-253,424,-127,772,-312,-807,301,1274,-459,1341,-388,183,1376,-2617,-93,1253,1768,3210,-3374,-3195,140
625,287,-361,799,-681,2027,-2215,-118,215,142,-505,448,-326,1131,-1040,-167,-292,254,2540,262,-2499,-664,-951,1129,-324,13,40,520,-268,-349,507,2613,-2026,-244,400,1030,-818,219,859,1685,-154,-1757,1186,1965,3449,-3155,-1081,-2853,-324,-729,-10,-1513,1694,-1301,1528,-362,83,737,-1080,89,-101,467,-689,199,983,-444,-247,-369,127,138,3283,-2890,-362,-97,522,-258,-701,1237,-1200,102,-253,424,-127,772,-312,-807,301,1274,-459,1341,-388,183,1376,-2617,-93,1253,1768,3210,-3374,-3195,140,-967
626,-361,799,-681,2027,-2215,-118,215,142,-505,448,-326,1131,-1040,-167,-292,254,2540,262,-2499,-664,-951,1129,-324,13,40,520,-268,-349,507,2613,-2026,-244,400,1030,-818,219,859,1685,-154,-1757,1186,1965,3449,-3155,-1081,-2853,-324,-729,-10,-1513,1694,-1301,1528,-362,83,737,-1080,89,-101,467,-689,199,983,-444,-247,-369,127,138,3283,-2890,-362,-97,522,-258,-701,1237,-1200,102,-253,424,-127,772,-312,-807,301,1274,-459,1341,-388,183,1376,-2617,-93,1253,1768,3210,-3374,-3195,140,-967,522
627,799,-681,2027,-2215,-118,215,142,-505,448,-326,1131,-1040,-167,-292,254,2540,262,-2499,-664,-951,1129,-324,13,40,520,-268,-349,507,2613,-2026,-244,400,1030,-818,219,859,1685,-154,-1757,1186,1965,3449,-3155,-1081,-2853,-324,-729,-10,-1513,1694,-1301,1528,-362,83,737,-1080,89,-101,467,-689,199,983,-444,-247,-369,127,138,3283,-2890,-362,-97,522,-258,-701,1237,-1200,102,-253,424,-127,772,-312,-807,301,1274,-459,1341,-388,183,1376,-2617,-93,1253,1768,3210,-3374,-3195,140,-967,522,498
628,-681,2027,-2215,-118,215,142,-505,448,-326,1131,-1040,-167,-292,254,2540,262,-2499,-664,-951,1129,-324,13,40,520,-268,-349,507,2613,-2026,-244,400,1030,-818,219,859,1685,-154,-1757,1186,1965,3449,-3155,-1081,-2853,-324,-729,-10,-1513,1694,-1301,1528,-362,83,737,-1080,89,-101,467,-689,199,983,-444,-247,-369,127,138,3283,-2890,-362,-97,522,-258,-701,1237,-1200,102,-253,424,-127,772,-312,-807,301,1274,-459,1341,-388,183,1376,-2617,-93,1253,1768,3210,-3374,-3195,140,-967,522,498,-446
629,2027,-2215,-118,215,142,-505,448,-326,1131,-1040,-167,-292,254,2540,262,-2499,-664,-951,1129,-324,13,40,520,-268,-349,507,2613,-2026,-244,400,1030,-818,219,859,1685,-154,-1757,1186,1965,3449,-3155,-1081,-2853,-324,-729,-10,-1513,1694,-1301,1528,-362,83,737,-1080,89,-101,467,-689,199,983,-444,-247,-369,127,138,3283,-2890,-362,-97,522,-258,-701,1237,-1200,102,-253,424,-127,772,-312,-807,301,1274,-459,1341,-388,183,1376,-2617,-93,1253,1768,3210,-3374,-3195,140,-967,522,498,-446,-712
630,-2215,-118,215,142,-505,448,-326,1131,-1040,-167,-292,254,2540,262,-2499,-664,-951,1129,-324,13,40,520,-268,-349,507,2613,-2026,-244,400,1030,-818,219,859,1685,-154,-1757,1186,1965,3449,-3155,-1081,-2853,-324,-729,-10,-1513,1694,-1301,1528,-362,83,737,-1080,89,-101,467,-689,199,983,-444,-247,-369,127,138,3283,-2890,-362,-97,522,-258,-701,1237,-1200,102,-253,424,-127,772,-312,-807,301,1274,-459,1341,-388,183,1376,-2617,-93,1253,1768,3210,-3374,-3195,140,-967,522,498,-446,-712,685
631,-118,215,142,-505,448,-326,1131,-1040,-167,-292,254,2540,262,-2499,-664,-951,1129,-324,13,40,520,-268,-349,507,2613,-2026,-244,400,1030,-818,219,859,1685,-154,-1757,1186,1965,3449,-3155,-1081,-2853,-324,-729,-10,-1513,1694,-1301,1528,-362,83,737,-1080,89,-101,467,-689,199,983,-444,-247,-369,127,138,3283,-2890,-362,-97,522,-258,-701,1237,-1200,102,-253,424,-127,772,-312,-807,301,1274,-459,1341,-388,183,1376,-2617,-93,1253,1768,3210,-3374,-3195,140,-967,522,498,-446,-712,685,-211
632,215,142,-505,448,-326,1131,-1040,-167,-292,254,2540,262,-2499,-664,-951,1129,-324,13,40,520,-268,-349,507,2613,-2026,-244,400,1030,-818,219,859,1685,-154,-1757,1186,1965,3449,-3155,-1081,-2853,-324,-729,-10,-1513,1694,-1301,1528,-362,83,737,-1080,89,-101,467,-689,199,983,-444,-247,-369,127,138,3283,-2890,-362,-97,522,-258,-701,1237,-1200,102,-253,424,-127,772,-312,-807,301,1274,-459,1341,-388,183,1376,-2617,-93,1253,1768,3210,-3374,-3195,140,-967,522,498,-446,-712,685,-211,-536
633,142,-505,448,-326,1131,-1040,-167,-292,254,2540,262,-2499,-664,-951,1129,-324,13,40,520,-268,-349,507,2613,-2026,-244,400,1030,-818,219,859,1685,-154,-1757,1186,1965,3449,-3155,-1081,-2853,-324,-729,-10,-1513,1694,-1301,1528,-362,83,737,-1080,89,-101,467,-689,199,983,-444,-247,-369,127,138,3283,-2890,-362,-97,522,-258,-701,1237,-1200,102,-253,424,-127,772,-312,-807,301,1274,-459,1341,-388,183,1376,-2617,-93,1253,1768,3210,-3374,-3195,140,-967,522,498,-446,-712,685,-211,-536,1245
634,-505,448,-326,1131,-1040,-167,-292,254,2540,262,-2499,-664,-951,1129,-324,13,40,520,-268,-349,507,2613,-2026,-244,400,1030,-818,219,859,1685,-154,-1757,1186,1965,3449,-3155,-1081,-2853,-324,-729,-10,-1513,1694,-1301,1528,-362,83,737,-1080,89,-101,467,-689,199,983,-444,-247,-369,127,138,3283,-2890,-362,-97,522,-258,-701,1237,-1200,102,-253,424,-127,772,-312,-807,301,1274,-459,1341,-388,183,1376,-2617,-93,1253,1768,3210,-3374,-3195,140,-967,522,498,-446,-712,685,-211,-536,1245,-1281
635,448,-326,1131,-1040,-167,-292,254,2540,262,-2499,-664,-951,1129,-324,13,40,520,-268,-349,507,2613,-2026,-244,400,1030,-818,219,859,1685,-154,-1757,1186,1965,3449,-3155,-1081,-2853,-324,-729,-10,-1513,1694,-1301,1528,-362,83,737,-1080,89,-101,467,-689,199,983,-444,-247,-369,127,138,3283,-2890,-362,-97,522,-258,-701,1237,-1200,102,-253,424,-127,772,-312,-807,301,1274,-459,1341,-388,183,1376,-2617,-93,1253,1768,3210,-3374,-3195,140,-967,522,498,-446,-712,685,-211,-536,1245,-1281,43
636,-326,1131,-1040,-167,-292,254,2540,262,-2499,-664,-951,1129,-324,13,40,520,-268,-349,507,2613,-2026,-244,400,1030,-818,219,859,1685,-154,-1757,1186,1965,3449,-3155,-1081,-2853,-324,-729,-10,-1513,1694,-1301,1528,-362,83,737,-1080,89,-101,467,-689,199,983,-444,-247,-369,127,138,3283,-2890,-362,-97,522,-258,-701,1237,-1200,102,-253,424,-127,772,-312,-807,301,1274,-459,1341,-388,183,1376,-2617,-93,1253,1768,3210,-3374,-3195,140,-967,522,498,-446,-712,685,-211,-536,1245,-1281,43,-193
637,1131,-1040,-167,-292,254,2540,262,-2499,-664,-951,1129,-324,13,40,520,-268,-349,507,2613,-2026,-244,400,1030,-818,219,859,1685,-154,-1757,1186,1965,3449,-3155,-1081,-2853,-324,-729,-10,-1513,1694,-1301,1528,-362,83,737,-1080,89,-101,467,-689,199,983,-444,-247,-369,127,138,3283,-2890,-362,-97,522,-258,-701,1237,-1200,102,-253,424,-127,772,-312,-807,301,1274,-459,1341,-388,183,1376,-2617,-93,1253,1768,3210,-3374,-3195,140,-967,522,498,-446,-712,685,-211,-536,1245,-1281,43,-193,724
638,-1040,-167,-292,254,2540,262,-2499,-664,-951,1129,-324,13,40,520,-268,-349,507,2613,-2026,-244,400,1030,-818,219,859,1685,-154,-1757,1186,1965,3449,-3155,-1081,-2853,-324,-729,-10,-1513,1694,-1301,1528,-362,83,737,-1080,89,-101,467,-689,199,983,-444,-247,-369,127,138,3283,-2890,-362,-97,522,-258,-701,1237,-1200,102,-253,424,-127,772,-312,-807,301,1274,-459,1341,-388,183,1376,-2617,-93,1253,1768,3210,-3374,-3195,140,-967,522,498,-446,-712,685,-211,-536,1245,-1281,43,-193,724,-706
639,-167,-292,254,2540,262,-2499,-664,-951,1129,-324,13,40,520,-268,-349,507,2613,-2026,-244,400,1030,-818,219,859,1685,-154,-1757,1186,1965,3449,-3155,-1081,-2853,-324,-729,-10,-1513,1694,-1301,1528,-362,83,737,-1080,89,-101,467,-689,199,983,-444,-247,-369,127,138,3283,-2890,-362,-97,522,-258,-701,1237,-1200,102,-253,424,-127,772,-312,-807,301,1274,-459,1341,-388,183,1376,-2617,-93,1253,1768,3210,-3374,-3195,140,-967,522,498,-446,-712,685,-211,-536,1245,-1281,43,-193,724,-706,-32
640,-292,254,2540,262,-2499,-664,-951,1129,-324,13,40,520,-268,-349,507,2613,-2026,-244,400,1030,-818,219,859,1685,-154,-1757,1186,1965,3449,-3155,-1081,-2853,-324,-729,-10,-1513,1694,-1301,1528,-362,83,737,-1080,89,-101,467,-689,199,983,-444,-247,-369,127,138,3283,-2890,-362,-97,522,-258,-701,1237,-1200,102,-253,424,-127,772,-312,-807,301,1274,-459,1341,-388,183,1376,-2617,-93,1253,1768,3210,-3374,-3195,140,-967,522,498,-446,-712,685,-211,-536,1245,-1281,43,-193,724,-706,-32,230
641,254,2540,262,-2499,-664,-951,1129,-324,13,40,520,-268,-349,507,2613,-2026,-244,400,1030,-818,219,859,1685,-154,-1757,1186,1965,3449,-3155,-1081,-2853,-324,-729,-10,-1513,1694,-1301,1528,-362,83,737,-1080,89,-101,467,-689,199,983,-444,-247,-369,127,138,3283,-2890,-362,-97,522,-258,-701,1237,-1200,102,-253,424,-127,772,-312,-807,301,1274,-459,1341,-388,183,1376,-2617,-93,1253,1768,3210,-3374,-3195,140,-967,522,498,-446,-712,685,-211,-536,1245,-1281,43,-193,724,-706,-32,230,1102
642,2540,262,-2499,-664,-951,1129,-324,13,40,520,-268,-349,507,2613,-2026,-244,400,1030,-818,219,859,1685,-154,-1757,1186,1965,3449,-3155,-1081,-2853,-324,-729,-10,-1513,1694,-1301,1528,-362,83,737,-1080,89,-101,467,-689,199,983,-444,-247,-369,127,138,3283,-2890,-362,-97,522,-258,-701,1237,-1200,102,-253,424,-127,772,-312,-807,301,1274,-459,1341,-388,183,1376,-2617,-93,1253,1768,3210,-3374,-3195,140,-967,522,498,-446,-712,685,-211,-536,1245,-1281,43,-193,724,-706,-32,230,1102,-1354
643,262,-2499,-664,-951,1129,-324,13,40,520,-268,-349,507,2613,-2026,-244,400,1030,-818,219,859,1685,-154,-1757,1186,1965,3449,-3155,-1081,-2853,-324,-729,-10,-1513,1694,-1301,1528,-362,83,737,-1080,89,-101,467,-689,199,983,-444,-247,-369,127,138,3283,-2890,-362,-97,522,-258,-701,1237,-1200,102,-253,424,-127,772,-312,-807,301,1274,-459,1341,-388,183,1376,-2617,-93,1253,1768,3210,-3374,-3195,140,-967,522,498,-446,-712,685,-211,-536,1245,-1281,43,-193,724,-706,-32,230,1102,-1354,690
644,-2499,-664,-951,1129,-324,13,40,520,-268,-349,507,2613,-2026,-244,400,1030,-818,219,859,1685,-154,-1757,1186,1965,3449,-3155,-1081,-2853,-324,-729,-10,-1513,1694,-1301,1528,-362,83,737,-1080,89,-101,467,-689,199,983,-444,-247,-369,127,138,3283,-2890,-362,-97,522,-258,-701,1237,-1200,102,-253,424,-127,772,-312,-807,301,1274,-459,1341,-388,183,1376,-2617,-93,1253,1768,3210,-3374,-3195,140,-967,522,498,-446,-712,685,-211,-536,1245,-1281,43,-193,724,-706,-32,230,1102,-1354,690,179
645,-664,-951,1129,-324,13,40,520,-268,-349,507,2613,-2026,-244,400,1030,-818,219,859,1685,-154,-1757,1186,1965,3449,-3155,-1081,-2853,-324,-729,-10,-1513,1694,-1301,1528,-362,83,737,-1080,89,-101,467,-689,199,983,-444,-247,-369,127,138,3283,-2890,-362,-97,522,-258,-701,1237,-1200,102,-253,424,-127,772,-312,-807,301,1274,-459,1341,-388,183,1376,-2617,-93,1253,1768,3210,-3374,-3195,140,-967,522,498,-446,-712,685,-211,-536,1245,-1281,43,-193,724,-706,-32,230,1102,-1354,690,179,617
646,-951,1129,-324,13,40,520,-268,-349,507,2613,-2026,-244,400,1030,-818,219,859,1685,-154,-1757,1186,1965,3449,-3155,-1081,-2853,-324,-729,-10,-1513,1694,-1301,1528,-362,83,737,-1080,89,-101,467,-689,199,983,-444,-247,-369,127,138,3283,-2890,-362,-97,522,-258,-701,1237,-1200,102,-253,424,-127,772,-312,-807,301,1274,-459,1341,-388,183,1376,-2617,-93,1253,1768,3210,-3374,-3195,140,-967,522,498,-446,-712,685,-211,-536,1245,-1281,43,-193,724,-706,-32,230,1102,-1354,690,179,617,2663
647,1129,-324,13,40,520,-268,-349,507,2613,-2026,-244,400,1030,-818,219,859,1685,-154,-1757,1186,1965,3449,-3155,-1081,-2853,-324,-729,-10,-1513,1694,-1301,1528,-362,83,737,-1080,89,-101,467,-689,199,983,-444,-247,-369,127,138,3283,-2890,-362,-97,522,-258,-701,1237,-1200,102,-253,424,-127,772,-312,-807,301,1274,-459,1341,-388,183,1376,-2617,-93,1253,1768,3210,-3374,-3195,140,-967,522,498,-446,-712,685,-211,-536,1245,-1281,43,-193,724,-706,-32,230,1102,-1354,690,179,617,2663,-1296
648,-324,13,40,520,-268,-349,507,2613,-2026,-244,400,1030,-818,219,859,1685,-154,-1757,1186,1965,3449,-3155,-1081,-2853,-324,-729,-10,-1513,1694,-1301,1528,-362,83,737,-1080,89,-101,467,-689,199,983,-444,-247,-369,127,138,3283,-2890,-362,-97,522,-258,-701,1237,-1200,102,-253,424,-127,772,-312,-807,301,1274,-459,1341,-388,183,1376,-2617,-93,1253,1768,3210,-3374,-3195,140,-967,522,498,-446,-712,685,-211,-536,1245,-1281,43,-193,724,-706,-32,230,1102,-1354,690,179,617,2663,-1296,-1968
649,13,40,520,-268,-349,507,2613,-2026,-244,400,1030,-818,219,859,1685,-154,-1757,1186,1965,3449,-3155,-1081,-2853,-324,-729,-10,-1513,1694,-1301,1528,-362,83,737,-1080,89,-101,467,-689,199,983,-444,-247,-369,127,138,3283,-2890,-362,-97,522,-258,-701,1237,-1200,102,-253,424,-127,772,-312,-807,301,1274,-459,1341,-388,183,1376,-2617,-93,1253,1768,3210,-3374,-3195,140,-967,522,498,-446,-712,685,-211,-536,1245,-1281,43,-193,724,-706,-32,230,1102,-1354,690,179,617,2663,-1296,-1968,-328
650,40,520,-268,-349,507,2613,-2026,-244,400,1030,-818,219,859,1685,-154,-1757,1186,1965,3449,-3155,-1081,-2853,-324,-729,-10,-1513,1694,-1301,1528,-362,83,737,-1080,89,-101,467,-689,199,983,-444,-247,-369,127,138,3283,-2890,-362,-97,522,-258,-701,1237,-1200,102,-253,424,-127,772,-312,-807,301,1274,-459,1341,-388,183,1376,-2617,-93,1253,1768,3210,-3374,-3195,140,-967,522,498,-446,-712,685,-211,-536,1245,-1281,43,-193,724,-706,-32,230,1102,-1354,690,179,617,2663,-1296,-1968,-328,383
651,520,-268,-349,507,2613,-2026,-244,400,1030,-818,219,859,1685,-154,-1757,1186,1965,3449,-3155,-1081,-2853,-324,-729,-10,-1513,1694,-1301,1528,-362,83,737,-1080,89,-101,467,-689,199,983,-444,-247,-369,127,138,3283,-2890,-362,-97,522,-258,-701,1237,-1200,102,-253,424,-127,772,-312,-807,301,1274,-459,1341,-388,183,1376,-2617,-93,1253,1768,3210,-3374,-3195,140,-967,522,498,-446,-712,685,-211,-536,1245,-1281,43,-193,724,-706,-32,230,1102,-1354,690,179,617,2663,-1296,-1968,-328,383,1282
652,-268,-349,507,2613,-2026,-244,400,1030,-818,219,859,1685,-154,-1757,1186,1965,3449,-3155,-1081,-2853,-324,-729,-10,-1513,1694,-1301,1528,-362,83,737,-1080,89,-101,467,-689,199,983,-444,-247,-369,127,138,3283,-2890,-362,-97,522,-258,-701,1237,-1200,102,-253,424,-127,772,-312,-807,301,1274,-459,1341,-388,183,1376,-2617,-93,1253,1768,3210,-3374,-3195,140,-967,522,498,-446,-712,685,-211,-536,1245,-1281,43,-193,724,-706,-32,230,1102,-1354,690,179,617,2663,-1296,-1968,-328,383,1282,-1282
653,-349,507,2613,-2026,-244,400,1030,-818,219,859,1685,-154,-1757,1186,1965,3449,-3155,-1081,-2853,-324,-729,-10,-1513,1694,-1301,1528,-362,83,737,-1080,89,-101,467,-689,199,983,-444,-247,-369,127,138,3283,-2890,-362,-97,522,-258,-701,1237,-1200,102,-253,424,-127,772,-312,-807,301,1274,-459,1341,-388,183,1376,-2617,-93,1253,1768,3210,-3374,-3195,140,-967,522,498,-446,-712,685,-211,-536,1245,-1281,43,-193,724,-706,-32,230,1102,-1354,690,179,617,2663,-1296,-1968,-328,383,1282,-1282,-515
654,507,2613,-2026,-244,400,1030,-818,219,859,1685,-154,-1757,1186,1965,3449,-3155,-1081,-2853,-324,-729,-10,-1513,1694,-1301,1528,-362,83,737,-1080,89,-101,467,-689,199,983,-444,-247,-369,127,138,3283,-2890,-362,-97,522,-258,-701,1237,-1200,102,-253,424,-127,772,-312,-807,301,1274,-459,1341,-388,183,1376,-2617,-93,1253,1768,3210,-3374,-3195,140,-967,522,498,-446,-712,685,-211,-536,1245,-1281,43,-193,724,-706,-32,230,1102,-1354,690,179,617,2663,-1296,-1968,-328,383,1282,-1282,-515,-235
655,2613,-2026,-244,400,1030,-818,219,859,1685,-154,-1757,1186,1965,3449,-3155,-1081,-2853,-324,-729,-10,-1513,1694,-1301,1528,-362,83,737,-1080,89,-101,467,-689,199,983,-444,-247,-369,127,138,3283,-2890,-362,-97,522,-258,-701,1237,-1200,102,-253,424,-127,772,-312,-807,301,1274,-459,1341,-388,183,1376,-2617,-93,1253,1768,3210,-3374,-3195,140,-967,522,498,-446,-712,685,-211,-536,1245,-1281,43,-193,724,-706,-32,230,1102,-1354,690,179,617,2663,-1296,-1968,-328,383,1282,-1282,-515,-235,256
656,-2026,-244,400,1030,-818,219,859,1685,-154,-1757,1186,1965,3449,-3155,-1081,-2853,-324,-729,-10,-1513,1694,-1301,1528,-362,83,737,-1080,89,-101,467,-689,199,983,-444,-247,-369,127,138,3283,-2890,-362,-97,522,-258,-701,1237,-1200,102,-253,424,-127,772,-312,-807,301,1274,-459,1341,-388,183,1376,-2617,-93,1253,1768,3210,-3374,-3195,140,-967,522,498,-446,-712,685,-211,-536,1245,-1281,43,-193,724,-706,-32,230,1102,-1354,690,179,617,2663,-1296,-1968,-328,383,1282,-1282,-515,-235,256,413
657,-244,400,1030,-818,219,859,1685,-154,-1757,1186,1965,3449,-3155,-1081,-2853,-324,-729,-10,-1513,1694,-1301,1528,-362,83,737,-1080,89,-101,467,-689,199,983,-444,-247,-369,127,138,3283,-2890,-362,-97,522,-258,-701,1237,-1200,102,-253,424,-127,772,-312,-807,301,1274,-459,1341,-388,183,1376,-2617,-93,1253,1768,3210,-3374,-3195,140,-967,522,498,-446,-712,685,-211,-536,1245,-1281,43,-193,724,-706,-32,230,1102,-1354,690,179,617,2663,-1296,-1968,-328,383,1282,-1282,-515,-235,256,413,238
658,400,1030,-818,219,859,1685,-154,-1757,1186,1965,3449,-3155,-1081,-2853,-324,-729,-10,-1513,1694,-1301,1528,-362,83,737,-1080,89,-101,467,-689,199,983,-444,-247,-369,127,138,3283,-2890,-362,-97,522,-258,-701,1237,-1200,102,-253,424,-127,772,-312,-807,301,1274,-459,1341,-388,183,1376,-2617,-93,1253,1768,3210,-3374,-3195,140,-967,522,498,-446,-712,685,-211,-536,1245,-1281,43,-193,724,-706,-32,230,1102,-1354,690,179,617,2663,-1296,-1968,-328,383,1282,-1282,-515,-235,256,413,238,-113
659,1030,-818,219,859,1685,-154,-1757,1186,1965,3449,-3155,-1081,-2853,-324,-729,-10,-1513,1694,-1301,1528,-362,83,737,-1080,89,-101,467,-689,199,983,-444,-247,-369,127,138,3283,-2890,-362,-97,522,-258,-701,1237,-1200,102,-253,424,-127,772,-312,-807,301,1274,-459,1341,-388,183,1376,-2617,-93,1253,1768,3210,-3374,-3195,140,-967,522,498,-446,-712,685,-211,-536,1245,-1281,43,-193,724,-706,-32,230,1102,-1354,690,179,617,2663,-1296,-1968,-328,383,1282,-1282,-515,-235,256,413,238,-113,148
660,-818,219,859,1685,-154,-1757,1186,1965,3449,-3155,-1081,-2853,-324,-729,-10,-1513,1694,-1301,1528,-362,83,737,-1080,89,-101,467,-689,199,983,-444,-247,-369,127,138,3283,-2890,-362,-97,522,-258,-701,1237,-1200,102,-253,424,-127,772,-312,-807,301,1274,-459,1341,-388,183,1376,-2617,-93,1253,1768,3210,-3374,-3195,140,-967,522,498,-446,-712,685,-211,-536,1245,-1281,43,-193,724,-706,-32,230,1102,-1354,690,179,617,2663,-1296,-1968,-328,383,1282,-1282,-515,-235,256,413,238,-113,148,1838
661,219,859,1685,-154,-1757,1186,1965,3449,-3155,-1081,-2853,-324,-729,-10,-1513,1694,-1301,1528,-362,83,737,-1080,89,-101,467,-689,199,983,-444,-247,-369,127,138,3283,-2890,-362,-97,522,-258,-701,1237,-1200,102,-253,424,-127,772,-312,-807,301,1274,-459,1341,-388,183,1376,-2617,-93,1253,1768,3210,-3374,-3195,140,-967,522,498,-446,-712,685,-211,-536,1245,-1281,43,-193,724,-706,-32,230,1102,-1354,690,179,617,2663,-1296,-1968,-328,383,1282,-1282,-515,-235,256,413,238,-113,148,1838,-1522
662,859,1685,-154,-1757,1186,1965,3449,-3155,-1081,-2853,-324,-729,-10,-1513,1694,-1301,1528,-362,83,737,-1080,89,-101,467,-689,199,983,-444,-247,-369,127,138,3283,-2890,-362,-97,522,-258,-701,1237,-1200,102,-253,424,-127,772,-312,-807,301,1274,-459,1341,-388,183,1376,-2617,-93,1253,1768,3210,-3374,-3195,140,-967,522,498,-446,-712,685,-211,-536,1245,-1281,43,-193,724,-706,-32,230,1102,-1354,690,179,617,2663,-1296,-1968,-328,383,1282,-1282,-515,-235,256,413,238,-113,148,1838,-1522,-485
663,1685,-154,-1757,1186,1965,3449,-3155,-1081,-2853,-324,-729,-10,-1513,1694,-1301,1528,-362,83,737,-1080,89,-101,467,-689,199,983,-444,-247,-369,127,138,3283,-2890,-362,-97,522,-258,-701,1237,-1200,102,-253,424,-127,772,-312,-807,301,1274,-459,1341,-388,183,1376,-2617,-93,1253,1768,3210,-3374,-3195,140,-967,522,498,-446,-712,685,-211,-536,1245,-1281,43,-193,724,-706,-32,230,1102,-1354,690,179,617,2663,-1296,-1968,-328,383,1282,-1282,-515,-235,256,413,238,-113,148,1838,-1522,-485,920
664,-154,-1757,1186,1965,3449,-3155,-1081,-2853,-324,-729,-10,-1513,1694,-1301,1528,-362,83,737,-1080,89,-101,467,-689,199,983,-444,-247,-369,127,138,3283,-2890,-362,-97,522,-258,-701,1237,-1200,102,-253,424,-127,772,-312,-807,301,1274,-459,1341,-388,183,1376,-2617,-93,1253,1768,3210,-3374,-3195,140,-967,522,498,-446,-712,685,-211,-536,1245,-1281,43,-193,724,-706,-32,230,1102,-1354,690,179,617,2663,-1296,-1968,-328,383,1282,-1282,-515,-235,256,413,238,-113,148,1838,-1522,-485,920,-282
665,-1757,1186,1965,3449,-3155,-1081,-2853,-324,-729,-10,-1513,1694,-1301,1528,-362,83,737,-1080,89,-101,467,-689,199,983,-444,-247,-369,127,138,3283,-2890,-362,-97,522,-258,-701,1237,-1200,102,-253,424,-127,772,-312,-807,301,1274,-459,1341,-388,183,1376,-2617,-93,1253,1768,3210,-3374,-3195,140,-967,522,498,-446,-712,685,-211,-536,1245,-1281,43,-193,724,-706,-32,230,1102,-1354,690,179,617,2663,-1296,-1968,-328,383,1282,-1282,-515,-235,256,413,238,-113,148,1838,-1522,-485,920,-282,-47
666,1186,1965,3449,-3155,-1081,-2853,-324,-729,-10,-1513,1694,-1301,1528,-362,83,737,-1080,89,-101,467,-689,199,983,-444,-247,-369,127,138,3283,-2890,-362,-97,522,-258,-701,1237,-1200,102,-253,424,-127,772,-312,-807,301,1274,-459,1341,-388,183,1376,-2617,-93,1253,1768,3210,-3374,-3195,140,-967,522,498,-446,-712,685,-211,-536,1245,-1281,43,-193,724,-706,-32,230,1102,-1354,690,179,617,2663,-1296,-1968,-328,383,1282,-1282,-515,-235,256,413,238,-113,148,1838,-1522,-485,920,-282,-47,941
667,1965,3449,-3155,-1081,-2853,-324,-729,-10,-1513,1694,-1301,1528,-362,83,737,-1080,89,-101,467,-689,199,983,-444,-247,-369,127,138,3283,-2890,-362,-97,522,-258,-701,1237,-1200,102,-253,424,-127,772,-312,-807,301,1274,-459,1341,-388,183,1376,-2617,-93,1253,1768,3210,-3374,-3195,140,-967,522,498,-446,-712,685,-211,-536,1245,-1281,43,-193,724,-706,-32,230,1102,-1354,690,179,617,2663,-1296,-1968,-328,383,1282,-1282,-515,-235,256,413,238,-113,148,1838,-1522,-485,920,-282,-47,941,-217
668,3449,-3155,-1081,-2853,-324,-729,-10,-1513,1694,-1301,1528,-362,83,737,-1080,89,-101,467,-689,199,983,-444,-247,-369,127,138,3283,-2890,-362,-97,522,-258,-701,1237,-1200,102,-253,424,-127,772,-312,-807,301,1274,-459,1341,-388,183,1376,-2617,-93,1253,1768,3210,-3374,-3195,140,-967,522,498,-446,-712,685,-211,-536,1245,-1281,43,-193,724,-706,-32,230,1102,-1354,690,179,617,2663,-1296,-1968,-328,383,1282,-1282,-515,-235,256,413,238,-113,148,1838,-1522,-485,920,-282,-47,941,-217,1495
669,-3155,-1081,-2853,-324,-729,-10,-1513,1694,-1301,1528,-362,83,737,-1080,89,-101,467,-689,199,983,-444,-247,-369,127,138,3283,-2890,-362,-97,522,-258,-701,1237,-1200,102,-253,424,-127,772,-312,-807,301,1274,-459,1341,-388,183,1376,-2617,-93,1253,1768,3210,-3374,-3195,140,-967,522,498,-446,-712,685,-211,-536,1245,-1281,43,-193,724,-706,-32,230,1102,-1354,690,179,617,2663,-1296,-1968,-328,383,1282,-1282,-515,-235,256,413,238,-113,148,1838,-1522,-485,920,-282,-47,941,-217,1495,-826
670,-1081,-2853,-324,-729,-10,-1513,1694,-1301,1528,-362,83,737,-1080,89,-101,467,-689,199,983,-444,-247,-369,127,138,3283,-2890,-362,-97,522,-258,-701,1237,-1200,102,-253,424,-127,772,-312,-807,301,1274,-459,1341,-388,183,1376,-2617,-93,1253,1768,3210,-3374,-3195,140,-967,522,498,-446,-712,685,-211,-536,1245,-1281,43,-193,724,-706,-32,230,1102,-1354,690,179,617,2663,-1296,-1968,-328,383,1282,-1282,-515,-235,256,413,238,-113,148,1838,-1522,-485,920,-282,-47,941,-217,1495,-826,-935
671,-2853,-324,-729,-10,-1513,1694,-1301,1528,-362,83,737,-1080,89,-101,467,-689,199,983,-444,-247,-369,127,138,3283,-2890,-362,-97,522,-258,-701,1237,-1200,102,-253,424,-127,772,-312,-807,301,1274,-459,1341,-388,183,1376,-2617,-93,1253,1768,3210,-3374,-3195,140,-967,522,498,-446,-712,685,-211,-536,1245,-1281,43,-193,724,-706,-32,230,1102,-1354,690,179,617,2663,-1296,-1968,-328,383,1282,-1282,-515,-235,256,413,238,-113,148,1838,-1522,-485,920,-282,-47,941,-217,1495,-826,-935,2562
672,-324,-729,-10,-1513,1694,-1301,1528,-362,83,737,-1080,89,-101,467,-689,199,983,-444,-247,-369,127,138,3283,-2890,-362,-97,522,-258,-701,1237,-1200,102,-253,424,-127,772,-312,-807,301,1274,-459,1341,-388,183,1376,-2617,-93,1253,1768,3210,-3374,-3195,140,-967,522,498,-446,-712,685,-211,-536,1245,-1281,43,-193,724,-706,-32,230,1102,-1354,690,179,617,2663,-1296,-1968,-328,383,1282,-1282,-515,-235,256,413,238,-113,148,1838,-1522,-485,920,-282,-47,941,-217,1495,-826,-935,2562,2770
673,-729,-10,-1513,1694,-1301,1528,-362,83,737,-1080,89,-101,467,-689,199,983,-444,-247,-369,127,138,3283,-2890,-362,-97,522,-258,-701,1237,-1200,102,-253,424,-127,772,-312,-807,301,1274,-459,1341,-388,183,1376,-2617,-93,1253,1768,3210,-3374,-3195,140,-967,522,498,-446,-712,685,-211,-536,1245,-1281,43,-193,724,-706,-32,230,1102,-1354,690,179,617,2663,-1296,-1968,-328,383,1282,-1282,-515,-235,256,413,238,-113,148,1838,-1522,-485,920,-282,-47,941,-217,1495,-826,-935,2562,2770,1435
674,-10,-1513,1694,-1301,1528,-362,83,737,-1080,89,-101,467,-689,199,983,-444,-247,-369,127,138,3283,-2890,-362,-97,522,-258,-701,1237,-1200,102,-253,424,-127,772,-312,-807,301,1274,-459,1341,-388,183,1376,-2617,-93,1253,1768,3210,-3374,-3195,140,-967,522,498,-446,-712,685,-211,-536,1245,-1281,43,-193,724,-706,-32,230,1102,-1354,690,179,617,2663,-1296,-1968,-328,383,1282,-1282,-515,-235,256,413,238,-113,148,1838,-1522,-485,920,-282,-47,941,-217,1495,-826,-935,2562,2770,1435,-5756
675,-1513,1694,-1301,1528,-362,83,737,-1080,89,-101,467,-689,199,983,-444,-247,-369,127,138,3283,-2890,-362,-97,522,-258,-701,1237,-1200,102,-253,424,-127,772,-312,-807,301,1274,-459,1341,-388,183,1376,-2617,-93,1253,1768,3210,-3374,-3195,140,-967,522,498,-446,-712,685,-211,-536,1245,-1281,43,-193,724,-706,-32,230,1102,-1354,690,179,617,2663,-1296,-1968,-328,383,1282,-1282,-515,-235,256,413,238,-113,148,1838,-1522,-485,920,-282,-47,941,-217,1495,-826,-935,2562,2770,1435,-5756,-2144
676,1694,-1301,1528,-362,83,737,-1080,89,-101,467,-689,199,983,-444,-247,-369,127,138,3283,-2890,-362,-97,522,-258,-701,1237,-1200,102,-253,424,-127,772,-312,-807,301,1274,-459,1341,-388,183,1376,-2617,-93,1253,1768,3210,-3374,-3195,140,-967,522,498,-446,-712,685,-211,-536,1245,-1281,43,-193,724,-706,-32,230,1102,-1354,690,179,617,2663,-1296,-1968,-328,383,1282,-1282,-515,-235,256,413,238,-113,148,1838,-1522,-485,920,-282,-47,941,-217,1495,-826,-935,2562,2770,1435,-5756,-2144,598
677,-1301,1528,-362,83,737,-1080,89,-101,467,-689,199,983,-444,-247,-369,127,138,3283,-2890,-362,-97,522,-258,-701,1237,-1200,102,-253,424,-127,772,-312,-807,301,1274,-459,1341,-388,183,1376,-2617,-93,1253,1768,3210,-3374,-3195,140,-967,522,498,-446,-712,685,-211,-536,1245,-1281,43,-193,724,-706,-32,230,1102,-1354,690,179,617,2663,-1296,-1968,-328,383,1282,-1282,-515,-235,256,413,238,-113,148,1838,-1522,-485,920,-282,-47,941,-217,1495,-826,-935,2562,2770,1435,-5756,-2144,598,-276
678,1528,-362,83,737,-1080,89,-101,467,-689,199,983,-444,-247,-369,127,138,3283,-2890,-362,-97,522,-258,-701,1237,-1200,102,-253,424,-127,772,-312,-807,301,1274,-459,1341,-388,183,1376,-2617,-93,1253,1768,3210,-3374,-3195,140,-967,522,498,-446,-712,685,-211,-536,1245,-1281,43,-193,724,-706,-32,230,1102,-1354,690,179,617,2663,-1296,-1968,-328,383,1282,-1282,-515,-235,256,413,238,-113,148,1838,-1522,-485,920,-282,-47,941,-217,1495,-826,-935,2562,2770,1435,-5756,-2144,598,-276,-613
679,-362,83,737,-1080,89,-101,467,-689,199,983,-444,-247,-369,127,138,3283,-2890,-362,-97,522,-258,-701,1237,-1200,102,-253,424,-127,772,-312,-807,301,1274,-459,1341,-388,183,1376,-2617,-93,1253,1768,3210,-3374,-3195,140,-967,522,498,-446,-712,685,-211,-536,1245,-1281,43,-193,724,-706,-32,230,1102,-1354,690,179,617,2663,-1296,-1968,-328,383,1282,-1282,-515,-235,256,413,238,-113,148,1838,-1522,-485,920,-282,-47,941,-217,1495,-826,-935,2562,2770,1435,-5756,-2144,598,-276,-613,-310
680,83,737,-1080,89,-101,467,-689,199,983,-444,-247,-369,127,138,3283,-2890,-362,-97,522,-258,-701,1237,-1200,102,-253,424,-127,772,-312,-807,301,1274,-459,1341,-388,183,1376,-2617,-93,1253,1768,3210,-3374,-3195,140,-967,522,498,-446,-712,685,-211,-536,1245,-1281,43,-193,724,-706,-32,230,1102,-1354,690,179,617,2663,-1296,-1968,-328,383,1282,-1282,-515,-235,256,413,238,-113,148,1838,-1522,-485,920,-282,-47,941,-217,1495,-826,-935,2562,2770,1435,-5756,-2144,598,-276,-613,-310,940
681,737,-1080,89,-101,467,-689,199,983,-444,-247,-369,127,138,3283,-2890,-362,-97,522,-258,-701,1237,-1200,102,-253,424,-127,772,-312,-807,301,1274,-459,1341,-388,183,1376,-2617,-93,1253,1768,3210,-3374,-3195,140,-967,522,498,-446,-712,685,-211,-536,1245,-1281,43,-193,724,-706,-32,230,1102,-1354,690,179,617,2663,-1296,-1968,-328,383,1282,-1282,-515,-235,256,413,238,-113,148,1838,-1522,-485,920,-282,-47,941,-217,1495,-826,-935,2562,2770,1435,-5756,-2144,598,-276,-613,-310,940,-785
682,-1080,89,-101,467,-689,199,983,-444,-247,-369,127,138,3283,-2890,-362,-97,522,-258,-701,1237,-1200,102,-253,424,-127,772,-312,-807,301,1274,-459,1341,-388,183,1376,-2617,-93,1253,1768,3210,-3374,-3195,140,-967,522,498,-446,-712,685,-211,-536,1245,-1281,43,-193,724,-706,-32,230,1102,-1354,690,179,617,2663,-1296,-1968,-328,383,1282,-1282,-515,-235,256,413,238,-113,148,1838,-1522,-485,920,-282,-47,941,-217,1495,-826,-935,2562,2770,1435,-5756,-2144,598,-276,-613,-310,940,-785,470
683,89,-101,467,-689,199,983,-444,-247,-369,127,138,3283,-2890,-362,-97,522,-258,-701,1237,-1200,102,-253,424,-127,772,-312,-807,301,1274,-459,1341,-388,183,1376,-2617,-93,1253,1768,3210,-3374,-3195,140,-967,522,498,-446,-712,685,-211,-536,1245,-1281,43,-193,724,-706,-32,230,1102,-1354,690,179,617,2663,-1296,-1968,-328,383,1282,-1282,-515,-235,256,413,238,-113,148,1838,-1522,-485,920,-282,-47,941,-217,1495,-826,-935,2562,2770,1435,-5756,-2144,598,-276,-613,-310,940,-785,470,-206
684,-101,467,-689,199,983,-444,-247,-369,127,138,3283,-2890,-362,-97,522,-258,-701,1237,-1200,102,-253,424,-127,772,-312,-807,301,1274,-459,1341,-388,183,1376,-2617,-93,1253,1768,3210,-3374,-3195,140,-967,522,498,-446,-712,685,-211,-536,1245,-1281,43,-193,724,-706,-32,230,1102,-1354,690,179,617,2663,-1296,-1968,-328,383,1282,-1282,-515,-235,256,413,238,-113,148,1838,-1522,-485,920,-282,-47,941,-217,1495,-826,-935,2562,2770,1435,-5756,-2144,598,-276,-613,-310,940,-785,470,-206,103
685,467,-689,199,983,-444,-247,-369,127,138,3283,-2890,-362,-97,522,-258,-701,1237,-1200,102,-253,424,-127,772,-312,-807,301,1274,-459,1341,-388,183,1376,-2617,-93,1253,1768,3210,-3374,-3195,140,-967,522,498,-446,-712,685,-211,-536,1245,-1281,43,-193,724,-706,-32,230,1102,-1354,690,179,617,2663,-1296,-1968,-328,383,1282,-1282,-515,-235,256,413,238,-113,148,1838,-1522,-485,920,-282,-47,941,-217,1495,-826,-935,2562,2770,1435,-5756,-2144,598,-276,-613,-310,940,-785,470,-206,103,220
686,-689,199,983,-444,-247,-369,127,138,3283,-2890,-362,-97,522,-258,-701,1237,-1200,102,-253,424,-127,772,-312,-807,301,1274,-459,1341,-388,183,1376,-2617,-93,1253,1768,3210,-3374,-3195,140,-967,522,498,-446,-712,685,-211,-536,1245,-1281,43,-193,724,-706,-32,230,1102,-1354,690,179,617,2663,-1296,-1968,-328,383,1282,-1282,-515,-235,256,413,238,-113,148,1838,-1522,-485,920,-282,-47,941,-217,1495,-826,-935,2562,2770,1435,-5756,-2144,598,-276,-613,-310,940,-785,470,-206,103,220,1153
687,199,983,-444,-247,-369,127,138,3283,-2890,-362,-97,522,-258,-701,1237,-1200,102,-253,424,-127,772,-312,-807,301,1274,-459,1341,-388,183,1376,-2617,-93,1253,1768,3210,-3374,-3195,140,-967,522,498,-446,-712,685,-211,-536,1245,-1281,43,-193,724,-706,-32,230,1102,-1354,690,179,617,2663,-1296,-1968,-328,383,1282,-1282,-515,-235,256,413,238,-113,148,1838,-1522,-485,920,-282,-47,941,-217,1495,-826,-935,2562,2770,1435,-5756,-2144,598,-276,-613,-310,940,-785,470,-206,103,220,1153,-1129
688,983,-444,-247,-369,127,138,3283,-2890,-362,-97,522,-258,-701,1237,-1200,102,-253,424,-127,772,-312,-807,301,1274,-459,1341,-388,183,1376,-2617,-93,1253,1768,3210,-3374,-3195,140,-967,522,498,-446,-712,685,-211,-536,1245,-1281,43,-193,724,-706,-32,230,1102,-1354,690,179,617,2663,-1296,-1968,-328,383,1282,-1282,-515,-235,256,413,238,-113,148,1838,-1522,-485,920,-282,-47,941,-217,1495,-826,-935,2562,2770,1435,-5756,-2144,598,-276,-613,-310,940,-785,470,-206,103,220,1153,-1129,-376
689,-444,-247,-369,127,138,3283,-2890,-362,-97,522,-258,-701,1237,-1200,102,-253,424,-127,772,-312,-807,301,1274,-459,1341,-388,183,1376,-2617,-93,1253,1768,3210,-3374,-3195,140,-967,522,498,-446,-712,685,-211,-536,1245,-1281,43,-193,724,-706,-32,230,1102,-1354,690,179,617,2663,-1296,-1968,-328,383,1282,-1282,-515,-235,256,413,238,-113,148,1838,-1522,-485,920,-282,-47,941,-217,1495,-826,-935,2562,2770,1435,-5756,-2144,598,-276,-613,-310,940,-785,470,-206,103,220,1153,-1129,-376,507
690,-247,-369,127,138,3283,-2890,-362,-97,522,-258,-701,1237,-1200,102,-253,424,-127,772,-312,-807,301,1274,-459,1341,-388,183,1376,-2617,-93,1253,1768,3210,-3374,-3195,140,-967,522,498,-446,-712,685,-211,-536,1245,-1281,43,-193,724,-706,-32,230,1102,-1354,690,179,617,2663,-1296,-1968,-328,383,1282,-1282,-515,-235,256,413,238,-113,148,1838,-1522,-485,920,-282,-47,941,-217,1495,-826,-935,2562,2770,1435,-5756,-2144,598,-276,-613,-310,940,-785,470,-206,103,220,1153,-1129,-376,507,-867
691,-369,127,138,3283,-2890,-362,-97,522,-258,-701,1237,-1200,102,-253,424,-127,772,-312,-807,301,1274,-459,1341,-388,183,1376,-2617,-93,1253,1768,3210,-3374,-3195,140,-967,522,498,-446,-712,685,-211,-536,1245,-1281,43,-193,724,-706,-32,230,1102,-1354,690,179,617,2663,-1296,-1968,-328,383,1282,-1282,-515,-235,256,413,238,-113,148,1838,-1522,-485,920,-282,-47,941,-217,1495,-826,-935,2562,2770,1435,-5756,-2144,598,-276,-613,-310,940,-785,470,-206,103,220,1153,-1129,-376,507,-867,113
692,127,138,3283,-2890,-362,-97,522,-258,-701,1237,-1200,102,-253,424,-127,772,-312,-807,301,1274,-459,1341,-388,183,1376,-2617,-93,1253,1768,3210,-3374,-3195,140,-967,522,498,-446,-712,685,-211,-536,1245,-1281,43,-193,724,-706,-32,230,1102,-1354,690,179,617,2663,-1296,-1968,-328,383,1282,-1282,-515,-235,256,413,238,-113,148,1838,-1522,-485,920,-282,-47,941,-217,1495,-826,-935,2562,2770,1435,-5756,-2144,598,-276,-613,-310,940,-785,470,-206,103,220,1153,-1129,-376,507,-867,113,1064
693,138,3283,-2890,-362,-97,522,-258,-701,1237,-1200,102,-253,424,-127,772,-312,-807,301,1274,-459,1341,-388,183,1376,-2617,-93,1253,1768,3210,-3374,-3195,140,-967,522,498,-446,-712,685,-211,-536,1245,-1281,43,-193,724,-706,-32,230,1102,-1354,690,179,617,2663,-1296,-1968,-328,383,1282,-1282,-515,-235,256,413,238,-113,148,1838,-1522,-485,920,-282,-47,941,-217,1495,-826,-935,2562,2770,1435,-5756,-2144,598,-276,-613,-310,940,-785,470,-206,103,220,1153,-1129,-376,507,-867,113,1064,412
694,3283,-2890,-362,-97,522,-258,-701,1237,-1200,102,-253,424,-127,772,-312,-807,301,1274,-459,1341,-388,183,1376,-2617,-93,1253,1768,3210,-3374,-3195,140,-967,522,498,-446,-712,685,-211,-536,1245,-1281,43,-193,724,-706,-32,230,1102,-1354,690,179,617,2663,-1296,-1968,-328,383,1282,-1282,-515,-235,256,413,238,-113,148,1838,-1522,-485,920,-282,-47,941,-217,1495,-826,-935,2562,2770,1435,-5756,-2144,598,-276,-613,-310,940,-785,470,-206,103,220,1153,-1129,-376,507,-867,113,1064,412,-994
695,-2890,-362,-97,522,-258,-701,1237,-1200,102,-253,424,-127,772,-312,-807,301,1274,-459,1341,-388,183,1376,-2617,-93,1253,1768,3210,-3374,-3195,140,-967,522,498,-446,-712,685,-211,-536,1245,-1281,43,-193,724,-706,-32,230,1102,-1354,690,179,617,2663,-1296,-1968,-328,383,1282,-1282,-515,-235,256,413,238,-113,148,1838,-1522,-485,920,-282,-47,941,-217,1495,-826,-935,2562,2770,1435,-5756,-2144,598,-276,-613,-310,940,-785,470,-206,103,220,1153,-1129,-376,507,-867,113,1064,412,-994,11
696,-362,-97,522,-258,-701,1237,-1200,102,-253,424,-127,772,-312,-807,301,1274,-459,1341,-388,183,1376,-2617,-93,1253,1768,3210,-3374,-3195,140,-967,522,498,-446,-712,685,-211,-536,1245,-1281,43,-193,724,-706,-32,230,1102,-1354,690,179,617,2663,-1296,-1968,-328,383,1282,-1282,-515,-235,256,413,238,-113,148,1838,-1522,-485,920,-282,-47,941,-217,1495,-826,-935,2562,2770,1435,-5756,-2144,598,-276,-613,-310,940,-785,470,-206,103,220,1153,-1129,-376,507,-867,113,1064,412,-994,11,-127
697,-97,522,-258,-701,1237,-1200,102,-253,424,-127,772,-312,-807,301,1274,-459,1341,-388,183,1376,-2617,-93,1253,1768,3210,-3374,-3195,140,-967,522,498,-446,-712,685,-211,-536,1245,-1281,43,-193,724,-706,-32,230,1102,-1354,690,179,617,2663,-1296,-1968,-328,383,1282,-1282,-515,-235,256,413,238,-113,148,1838,-1522,-485,920,-282,-47,941,-217,1495,-826,-935,2562,2770,1435,-5756,-2144,598,-276,-613,-310,940,-785,470,-206,103,220,1153,-1129,-376,507,-867,113,1064,412,-994,11,-127,171
698,522,-258,-701,1237,-1200,102,-253,424,-127,772,-312,-807,301,1274,-459,1341,-388,183,1376,-2617,-93,1253,1768,3210,-3374,-3195,140,-967,522,498,-446,-712,685,-211,-536,1245,-1281,43,-193,724,-706,-32,230,1102,-1354,690,179,617,2663,-1296,-1968,-328,383,1282,-1282,-515,-235,256,413,238,-113,148,1838,-1522,-485,920,-282,-47,941,-217,1495,-826,-935,2562,2770,1435,-5756,-2144,598,-276,-613,-310,940,-785,470,-206,103,220,1153,-1129,-376,507,-867,113,1064,412,-994,11,-127,171,544
699,-258,-701,1237,-1200,102,-253,424,-127,772,-312,-807,301,1274,-459,1341,-388,183,1376,-2617,-93,1253,1768,3210,-3374,-3195,140,-967,522,498,-446,-712,685,-211,-536,1245,-1281,43,-193,724,-706,-32,230,1102,-1354,690,179,617,2663,-1296,-1968,-328,383,1282,-1282,-515,-235,256,413,238,-113,148,1838,-1522,-485,920,-282,-47,941,-217,1495,-826,-935,2562,2770,1435,-5756,-2144,598,-276,-613,-310,940,-785,470,-206,103,220,1153,-1129,-376,507,-867,113,1064,412,-994,11,-127,171,544,2003
700,-701,1237,-1200,102,-253,424,-127,772,-312,-807,301,1274,-459,1341,-388,183,1376,-2617,-93,1253,1768,3210,-3374,-3195,140,-967,522,498,-446,-712,685,-211,-536,1245,-1281,43,-193,724,-706,-32,230,1102,-1354,690,179,617,2663,-1296,-1968,-328,383,1282,-1282,-515,-235,256,413,238,-113,148,1838,-1522,-485,920,-282,-47,941,-217,1495,-826,-935,2562,2770,1435,-5756,-2144,598,-276,-613,-310,940,-785,470,-206,103,220,1153,-1129,-376,507,-867,113,1064,412,-994,11,-127,171,544,2003,-2103
701,1237,-1200,102,-253,424,-127,772,-312,-807,301,1274,-459,1341,-388,183,1376,-2617,-93,1253,1768,3210,-3374,-3195,140,-967,522,498,-446,-712,685,-211,-536,1245,-1281,43,-193,724,-706,-32,230,1102,-1354,690,179,617,2663,-1296,-1968,-328,383,1282,-1282,-515,-235,256,413,238,-113,148,1838,-1522,-485,920,-282,-47,941,-217,1495,-826,-935,2562,2770,1435,-5756,-2144,598,-276,-613,-310,940,-785,470,-206,103,220,1153,-1129,-376,507,-867,113,1064,412,-994,11,-127,171,544,2003,-2103,-592
702,-1200,102,-253,424,-127,772,-312,-807,301,1274,-459,1341,-388,183,1376,-2617,-93,1253,1768,3210,-3374,-3195,140,-967,522,498,-446,-712,685,-211,-536,1245,-1281,43,-193,724,-706,-32,230,1102,-1354,690,179,617,2663,-1296,-1968,-328,383,1282,-1282,-515,-235,256,413,238,-113,148,1838,-1522,-485,920,-282,-47,941,-217,1495,-826,-935,2562,2770,1435,-5756,-2144,598,-276,-613,-310,940,-785,470,-206,103,220,1153,-1129,-376,507,-867,113,1064,412,-994,11,-127,171,544,2003,-2103,-592,-143
703,102,-253,424,-127,772,-312,-807,301,1274,-459,1341,-388,183,1376,-2617,-93,1253,1768,3210,-3374,-3195,140,-967,522,498,-446,-712,685,-211,-536,1245,-1281,43,-193,724,-706,-32,230,1102,-1354,690,179,617,2663,-1296,-1968,-328,383,1282,-1282,-515,-235,256,413,238,-113,148,1838,-1522,-485,920,-282,-47,941,-217,1495,-826,-935,2562,2770,1435,-5756,-2144,598,-276,-613,-310,940,-785,470,-206,103,220,1153,-1129,-376,507,-867,113,1064,412,-994,11,-127,171,544,2003,-2103,-592,-143,1042
704,-253,424,-127,772,-312,-807,301,1274,-459,1341,-388,183,1376,-2617,-93,1253,1768,3210,-3374,-3195,140,-967,522,498,-446,-712,685,-211,-536,1245,-1281,43,-193,724,-706,-32,230,1102,-1354,690,179,617,2663,-1296,-1968,-328,383,1282,-1282,-515,-235,256,413,238,-113,148,1838,-1522,-485,920,-282,-47,941,-217,1495,-826,-935,2562,2770,1435,-5756,-2144,598,-276,-613,-310,940,-785,470,-206,103,220,1153,-1129,-376,507,-867,113,1064,412,-994,11,-127,171,544,2003,-2103,-592,-143,1042,-1394
705,424,-127,772,-312,-807,301,1274,-459,1341,-388,183,1376,-2617,-93,1253,1768,3210,-3374,-3195,140,-967,522,498,-446,-712,685,-211,-536,1245,-1281,43,-193,724,-706,-32,230,1102,-1354,690,179,617,2663,-1296,-1968,-328,383,1282,-1282,-515,-235,256,413,238,-113,148,1838,-1522,-485,920,-282,-47,941,-217,1495,-826,-935,2562,2770,1435,-5756,-2144,598,-276,-613,-310,940,-785,470,-206,103,220,1153,-1129,-376,507,-867,113,1064,412,-994,11,-127,171,544,2003,-2103,-592,-143,1042,-1394,-71
706,-127,772,-312,-807,301,1274,-459,1341,-388,183,1376,-2617,-93,1253,1768,3210,-3374,-3195,140,-967,522,498,-446,-712,685,-211,-536,1245,-1281,43,-193,724,-706,-32,230,1102,-1354,690,179,617,2663,-1296,-1968,-328,383,1282,-1282,-515,-235,256,413,238,-113,148,1838,-1522,-485,920,-282,-47,941,-217,1495,-826,-935,2562,2770,1435,-5756,-2144,598,-276,-613,-310,940,-785,470,-206,103,220,1153,-1129,-376,507,-867,113,1064,412,-994,11,-127,171,544,2003,-2103,-592,-143,1042,-1394,-71,32
707,772,-312,-807,301,1274,-459,1341,-388,183,1376,-2617,-93,1253,1768,3210,-3374,-3195,140,-967,522,498,-446,-712,685,-211,-536,1245,-1281,43,-193,724,-706,-32,230,1102,-1354,690,179,617,2663,-1296,-1968,-328,383,1282,-1282,-515,-235,256,413,238,-113,148,1838,-1522,-485,920,-282,-47,941,-217,1495,-826,-935,2562,2770,1435,-5756,-2144,598,-276,-613,-310,940,-785,470,-206,103,220,1153,-1129,-376,507,-867,113,1064,412,-994,11,-127,171,544,2003,-2103,-592,-143,1042,-1394,-71,32,962
708,-312,-807,301,1274,-459,1341,-388,183,1376,-2617,-93,1253,1768,3210,-3374,-3195,140,-967,522,498,-446,-712,685,-211,-536,1245,-1281,43,-193,724,-706,-32,230,1102,-1354,690,179,617,2663,-1296,-1968,-328,383,1282,-1282,-515,-235,256,413,238,-113,148,1838,-1522,-485,920,-282,-47,941,-217,1495,-826,-935,2562,2770,1435,-5756,-2144,598,-276,-613,-310,940,-785,470,-206,103,220,1153,-1129,-376,507,-867,113,1064,412,-994,11,-127,171,544,2003,-2103,-592,-143,1042,-1394,-71,32,962,-1500
709,-807,301,1274,-459,1341,-388,183,1376,-2617,-93,1253,1768,3210,-3374,-3195,140,-967,522,498,-446,-712,685,-211,-536,1245,-1281,43,-193,724,-706,-32,230,1102,-1354,690,179,617,2663,-1296,-1968,-328,383,1282,-1282,-515,-235,256,413,238,-113,148,1838,-1522,-485,920,-282,-47,941,-217,1495,-826,-935,2562,2770,1435,-5756,-2144,598,-276,-613,-310,940,-785,470,-206,103,220,1153,-1129,-376,507,-867,113,1064,412,-994,11,-127,171,544,2003,-2103,-592,-143,1042,-1394,-71,32,962,-1500,513
710,301,1274,-459,1341,-388,183,1376,-2617,-93,1253,1768,3210,-3374,-3195,140,-967,522,498,-446,-712,685,-211,-536,1245,-1281,43,-193,724,-706,-32,230,1102,-1354,690,179,617,2663,-1296,-1968,-328,383,1282,-1282,-515,-235,256,413,238,-113,148,1838,-1522,-485,920,-282,-47,941,-217,1495,-826,-935,2562,2770,1435,-5756,-2144,598,-276,-613,-310,940,-785,470,-206,103,220,1153,-1129,-376,507,-867,113,1064,412,-994,11,-127,171,544,2003,-2103,-592,-143,1042,-1394,-71,32,962,-1500,513,66
711,1274,-459,1341,-388,183,1376,-2617,-93,1253,1768,3210,-3374,-3195,140,-967,522,498,-446,-712,685,-211,-536,1245,-1281,43,-193,724,-706,-32,230,1102,-1354,690,179,617,2663,-1296,-1968,-328,383,1282,-1282,-515,-235,256,413,238,-113,148,1838,-1522,-485,920,-282,-47,941,-217,1495,-826,-935,2562,2770,1435,-5756,-2144,598,-276,-613,-310,940,-785,470,-206,103,220,1153,-1129,-376,507,-867,113,1064,412,-994,11,-127,171,544,2003,-2103,-592,-143,1042,-1394,-71,32,962,-1500,513,66,712
712,-459,1341,-388,183,1376,-2617,-93,1253,1768,3210,-3374,-3195,140,-967,522,498,-446,-712,685,-211,-536,1245,-1281,43,-193,724,-706,-32,230,1102,-1354,690,179,617,2663,-1296,-1968,-328,383,1282,-1282,-515,-235,256,413,238,-113,148,1838,-1522,-485,920,-282,-47,941,-217,1495,-826,-935,2562,2770,1435,-5756,-2144,598,-276,-613,-310,940,-785,470,-206,103,220,1153,-1129,-376,507,-867,113,1064,412,-994,11,-127,171,544,2003,-2103,-592,-143,1042,-1394,-71,32,962,-1500,513,66,712,760
713,1341,-388,183,1376,-2617,-93,1253,1768,3210,-3374,-3195,140,-967,522,498,-446,-712,685,-211,-536,1245,-1281,43,-193,724,-706,-32,230,1102,-1354,690,179,617,2663,-1296,-1968,-328,383,1282,-1282,-515,-235,256,413,238,-113,148,1838,-1522,-485,920,-282,-47,941,-217,1495,-826,-935,2562,2770,1435,-5756,-2144,598,-276,-613,-310,940,-785,470,-206,103,220,1153,-1129,-376,507,-867,113,1064,412,-994,11,-127,171,544,2003,-2103,-592,-143,1042,-1394,-71,32,962,-1500,513,66,712,760,-1188
714,-388,183,1376,-2617,-93,1253,1768,3210,-3374,-3195,140,-967,522,498,-446,-712,685,-211,-536,1245,-1281,43,-193,724,-706,-32,230,1102,-1354,690,179,617,2663,-1296,-1968,-328,383,1282,-1282,-515,-235,256,413,238,-113,148,1838,-1522,-485,920,-282,-47,941,-217,1495,-826,-935,2562,2770,1435,-5756,-2144,598,-276,-613,-310,940,-785,470,-206,103,220,1153,-1129,-376,507,-867,113,1064,412,-994,11,-127,171,544,2003,-2103,-592,-143,1042,-1394,-71,32,962,-1500,513,66,712,760,-1188,-217
715,183,1376,-2617,-93,1253,1768,3210,-3374,-3195,140,-967,522,498,-446,-712,685,-211,-536,1245,-1281,43,-193,724,-706,-32,230,1102,-1354,690,179,617,2663,-1296,-1968,-328,383,1282,-1282,-515,-235,256,413,238,-113,148,1838,-1522,-485,920,-282,-47,941,-217,1495,-826,-935,2562,2770,1435,-5756,-2144,598,-276,-613,-310,940,-785,470,-206,103,220,1153,-1129,-376,507,-867,113,1064,412,-994,11,-127,171,544,2003,-2103,-592,-143,1042,-1394,-71,32,962,-1500,513,66,712,760,-1188,-217,1629
716,1376,-2617,-93,1253,1768,3210,-3374,-3195,140,-967,522,498,-446,-712,685,-211,-536,1245,-1281,43,-193,724,-706,-32,230,1102,-1354,690,179,617,2663,-1296,-1968,-328,383,1282,-1282,-515,-235,256,413,238,-113,148,1838,-1522,-485,920,-282,-47,941,-217,1495,-826,-935,2562,2770,1435,-5756,-2144,598,-276,-613,-310,940,-785,470,-206,103,220,1153,-1129,-376,507,-867,113,1064,412,-994,11,-127,171,544,2003,-2103,-592,-143,1042,-1394,-71,32,962,-1500,513,66,712,760,-1188,-217,1629,-216
717,-2617,-93,1253,1768,3210,-3374,-3195,140,-967,522,498,-446,-712,685,-211,-536,1245,-1281,43,-193,724,-706,-32,230,1102,-1354,690,179,617,2663,-1296,-1968,-328,383,1282,-1282,-515,-235,256,413,238,-113,148,1838,-1522,-485,920,-282,-47,941,-217,1495,-826,-935,2562,2770,1435,-5756,-2144,598,-276,-613,-310,940,-785,470,-206,103,220,1153,-1129,-376,507,-867,113,1064,412,-994,11,-127,171,544,2003,-2103,-592,-143,1042,-1394,-71,32,962,-1500,513,66,712,760,-1188,-217,1629,-216,-1274
718,-93,1253,1768,3210,-3374,-3195,140,-967,522,498,-446,-712,685,-211,-536,1245,-1281,43,-193,724,-706,-32,230,1102,-1354,690,179,617,2663,-1296,-1968,-328,383,1282,-1282,-515,-235,256,413,238,-113,148,1838,-1522,-485,920,-282,-47,941,-217,1495,-826,-935,2562,2770,1435,-5756,-2144,598,-276,-613,-310,940,-785,470,-206,103,220,1153,-1129,-376,507,-867,113,1064,412,-994,11,-127,171,544,2003,-2103,-592,-143,1042,-1394,-71,32,962,-1500,513,66,712,760,-1188,-217,1629,-216,-1274,915
719,1253,1768,3210,-3374,-3195,140,-967,522,498,-446,-712,685,-211,-536,1245,-1281,43,-193,724,-706,-32,230,1102,-1354,690,179,617,2663,-1296,-1968,-328,383,1282,-1282,-515,-235,256,413,238,-113,148,1838,-1522,-485,920,-282,-47,941,-217,1495,-826,-935,2562,2770,1435,-5756,-2144,598,-276,-613,-310,940,-785,470,-206,103,220,1153,-1129,-376,507,-867,113,1064,412,-994,11,-127,171,544,2003,-2103,-592,-143,1042,-1394,-71,32,962,-1500,513,66,712,760,-1188,-217,1629,-216,-1274,915,1659
720,1768,3210,-3374,-3195,140,-967,522,498,-446,-712,685,-211,-536,1245,-1281,43,-193,724,-706,-32,230,1102,-1354,690,179,617,2663,-1296,-1968,-328,383,1282,-1282,-515,-235,256,413,238,-113,148,1838,-1522,-485,920,-282,-47,941,-217,1495,-826,-935,2562,2770,1435,-5756,-2144,598,-276,-613,-310,940,-785,470,-206,103,220,1153,-1129,-376,507,-867,113,1064,412,-994,11,-127,171,544,2003,-2103,-592,-143,1042,-1394,-71,32,962,-1500,513,66,712,760,-1188,-217,1629,-216,-1274,915,1659,1039
721,3210,-3374,-3195,140,-967,522,498,-446,-712,685,-211,-536,1245,-1281,43,-193,724,-706,-32,230,1102,-1354,690,179,617,2663,-1296,-1968,-328,383,1282,-1282,-515,-235,256,413,238,-113,148,1838,-1522,-485,920,-282,-47,941,-217,1495,-826,-935,2562,2770,1435,-5756,-2144,598,-276,-613,-310,940,-785,470,-206,103,220,1153,-1129,-376,507,-867,113,1064,412,-994,11,-127,171,544,2003,-2103,-592,-143,1042,-1394,-71,32,962,-1500,513,66,712,760,-1188,-217,1629,-216,-1274,915,1659,1039,-2432
722,-3374,-3195,140,-967,522,498,-446,-712,685,-211,-536,1245,-1281,43,-193,724,-706,-32,230,1102,-1354,690,179,617,2663,-1296,-1968,-328,383,1282,-1282,-515,-235,256,413,238,-113,148,1838,-1522,-485,920,-282,-47,941,-217,1495,-826,-935,2562,2770,1435,-5756,-2144,598,-276,-613,-310,940,-785,470,-206,103,220,1153,-1129,-376,507,-867,113,1064,412,-994,11,-127,171,544,2003,-2103,-592,-143,1042,-1394,-71,32,962,-1500,513,66,712,760,-1188,-217,1629,-216,-1274,915,1659,1039,-2432,169
723,-3195,140,-967,522,498,-446,-712,685,-211,-536,1245,-1281,43,-193,724,-706,-32,230,1102,-1354,690,179,617,2663,-1296,-1968,-328,383,1282,-1282,-515,-235,256,413,238,-113,148,1838,-1522,-485,920,-282,-47,941,-217,1495,-826,-935,2562,2770,1435,-5756,-2144,598,-276,-613,-310,940,-785,470,-206,103,220,1153,-1129,-376,507,-867,113,1064,412,-994,11,-127,171,544,2003,-2103,-592,-143,1042,-1394,-71,32,962,-1500,513,66,712,760,-1188,-217,1629,-216,-1274,915,1659,1039,-2432,169,1615
724,140,-967,522,498,-446,-712,685,-211,-536,1245,-1281,43,-193,724,-706,-32,230,1102,-1354,690,179,617,2663,-1296,-1968,-328,383,1282,-1282,-515,-235,256,413,238,-113,148,1838,-1522,-485,920,-282,-47,941,-217,1495,-826,-935,2562,2770,1435,-5756,-2144,598,-276,-613,-310,940,-785,470,-206,103,220,1153,-1129,-376,507,-867,113,1064,412,-994,11,-127,171,544,2003,-2103,-592,-143,1042,-1394,-71,32,962,-1500,513,66,712,760,-1188,-217,1629,-216,-1274,915,1659,1039,-2432,169,1615,1560
725,-967,522,498,-446,-712,685,-211,-536,1245,-1281,43,-193,724,-706,-32,230,1102,-1354,690,179,617,2663,-1296,-1968,-328,383,1282,-1282,-515,-235,256,413,238,-113,148,1838,-1522,-485,920,-282,-47,941,-217,1495,-826,-935,2562,2770,1435,-5756,-2144,598,-276,-613,-310,940,-785,470,-206,103,220,1153,-1129,-376,507,-867,113,1064,412,-994,11,-127,171,544,2003,-2103,-592,-143,1042,-1394,-71,32,962,-1500,513,66,712,760,-1188,-217,1629,-216,-1274,915,1659,1039,-2432,169,1615,1560,958
726,522,498,-446,-712,685,-211,-536,1245,-1281,43,-193,724,-706,-32,230,1102,-1354,690,179,617,2663,-1296,-1968,-328,383,1282,-1282,-515,-235,256,413,238,-113,148,1838,-1522,-485,920,-282,-47,941,-217,1495,-826,-935,2562,2770,1435,-5756,-2144,598,-276,-613,-310,940,-785,470,-206,103,220,1153,-1129,-376,507,-867,113,1064,412,-994,11,-127,171,544,2003,-2103,-592,-143,1042,-1394,-71,32,962,-1500,513,66,712,760,-1188,-217,1629,-216,-1274,915,1659,1039,-2432,169,1615,1560,958,-4537
727,498,-446,-712,685,-211,-536,1245,-1281,43,-193,724,-706,-32,230,1102,-1354,690,179,617,2663,-1296,-1968,-328,383,1282,-1282,-515,-235,256,413,238,-113,148,1838,-1522,-485,920,-282,-47,941,-217,1495,-826,-935,2562,2770,1435,-5756,-2144,598,-276,-613,-310,940,-785,470,-206,103,220,1153,-1129,-376,507,-867,113,1064,412,-994,11,-127,171,544,2003,-2103,-592,-143,1042,-1394,-71,32,962,-1500,513,66,712,760,-1188,-217,1629,-216,-1274,915,1659,1039,-2432,169,1615,1560,958,-4537,-847
728,-446,-712,685,-211,-536,1245,-1281,43,-193,724,-706,-32,230,1102,-1354,690,179,617,2663,-1296,-1968,-328,383,1282,-1282,-515,-235,256,413,238,-113,148,1838,-1522,-485,920,-282,-47,941,-217,1495,-826,-935,2562,2770,1435,-5756,-2144,598,-276,-613,-310,940,-785,470,-206,103,220,1153,-1129,-376,507,-867,113,1064,412,-994,11,-127,171,544,2003,-2103,-592,-143,1042,-1394,-71,32,962,-1500,513,66,712,760,-1188,-217,1629,-216,-1274,915,1659,1039,-2432,169,1615,1560,958,-4537,-847,-369
729,-712,685,-211,-536,1245,-1281,43,-193,724,-706,-32,230,1102,-1354,690,179,617,2663,-1296,-1968,-328,383,1282,-1282,-515,-235,256,413,238,-113,148,1838,-1522,-485,920,-282,-47,941,-217,1495,-826,-935,2562,2770,1435,-5756,-2144,598,-276,-613,-310,940,-785,470,-206,103,220,1153,-1129,-376,507,-867,113,1064,412,-994,11,-127,171,544,2003,-2103,-592,-143,1042,-1394,-71,32,962,-1500,513,66,712,760,-1188,-217,1629,-216,-1274,915,1659,1039,-2432,169,1615,1560,958,-4537,-847,-369,2674
730,685,-211,-536,1245,-1281,43,-193,724,-706,-32,230,1102,-1354,690,179,617,2663,-1296,-1968,-328,383,1282,-1282,-515,-235,256,413,238,-113,148,1838,-1522,-485,920,-282,-47,941,-217,1495,-826,-935,2562,2770,1435,-5756,-2144,598,-276,-613,-310,940,-785,470,-206,103,220,1153,-1129,-376,507,-867,113,1064,412,-994,11,-127,171,544,2003,-2103,-592,-143,1042,-1394,-71,32,962,-1500,513,66,712,760,-1188,-217,1629,-216,-1274,915,1659,1039,-2432,169,1615,1560,958,-4537,-847,-369,2674,-2754
731,-211,-536,1245,-1281,43,-193,724,-706,-32,230,1102,-1354,690,179,617,2663,-1296,-1968,-328,383,1282,-1282,-515,-235,256,413,238,-113,148,1838,-1522,-485,920,-282,-47,941,-217,1495,-826,-935,2562,2770,1435,-5756,-2144,598,-276,-613,-310,940,-785,470,-206,103,220,1153,-1129,-376,507,-867,113,1064,412,-994,11,-127,171,544,2003,-2103,-592,-143,1042,-1394,-71,32,962,-1500,513,66,712,760,-1188,-217,1629,-216,-1274,915,1659,1039,-2432,169,1615,1560,958,-4537,-847,-369,2674,-2754,145
732,-536,1245,-1281,43,-193,724,-706,-32,230,1102,-1354,690,179,617,2663,-1296,-1968,-328,383,1282,-1282,-515,-235,256,413,238,-113,148,1838,-1522,-485,920,-282,-47,941,-217,1495,-826,-935,2562,2770,1435,-5756,-2144,598,-276,-613,-310,940,-785,470,-206,103,220,1153,-1129,-376,507,-867,113,1064,412,-994,11,-127,171,544,2003,-2103,-592,-143,1042,-1394,-71,32,962,-1500,513,66,712,760,-1188,-217,1629,-216,-1274,915,1659,1039,-2432,169,1615,1560,958,-4537,-847,-369,2674,-2754,145,-107
733,1245,-1281,43,-193,724,-706,-32,230,1102,-1354,690,179,617,2663,-1296,-1968,-328,383,1282,-1282,-515,-235,256,413,238,-113,148,1838,-1522,-485,920,-282,-47,941,-217,1495,-826,-935,2562,2770,1435,-5756,-2144,598,-276,-613,-310,940,-785,470,-206,103,220,1153,-1129,-376,507,-867,113,1064,412,-994,11,-127,171,544,2003,-2103,-592,-143,1042,-1394,-71,32,962,-1500,513,66,712,760,-1188,-217,1629,-216,-1274,915,1659,1039,-2432,169,1615,1560,958,-4537,-847,-369,2674,-2754,145,-107,-25
734,-1281,43,-193,724,-706,-32,230,1102,-1354,690,179,617,2663,-1296,-1968,-328,383,1282,-1282,-515,-235,256,413,238,-113,148,1838,-1522,-485,920,-282,-47,941,-217,1495,-826,-935,2562,2770,1435,-5756,-2144,598,-276,-613,-310,940,-785,470,-206,103,220,1153,-1129,-376,507,-867,113,1064,412,-994,11,-127,171,544,2003,-2103,-592,-143,1042,-1394,-71,32,962,-1500,513,66,712,760,-1188,-217,1629,-216,-1274,915,1659,1039,-2432,169,1615,1560,958,-4537,-847,-369,2674,-2754,145,-107,-25,579
735,43,-193,724,-706,-32,230,1102,-1354,690,179,617,2663,-1296,-1968,-328,383,1282,-1282,-515,-235,256,413,238,-113,148,1838,-1522,-485,920,-282,-47,941,-217,1495,-826,-935,2562,2770,1435,-5756,-2144,598,-276,-613,-310,940,-785,470,-206,103,220,1153,-1129,-376,507,-867,113,1064,412,-994,11,-127,171,544,2003,-2103,-592,-143,1042,-1394,-71,32,962,-1500,513,66,712,760,-1188,-217,1629,-216,-1274,915,1659,1039,-2432,169,1615,1560,958,-4537,-847,-369,2674,-2754,145,-107,-25,579,-527
736,-193,724,-706,-32,230,1102,-1354,690,179,617,2663,-1296,-1968,-328,383,1282,-1282,-515,-235,256,413,238,-113,148,1838,-1522,-485,920,-282,-47,941,-217,1495,-826,-935,2562,2770,1435,-5756,-2144,598,-276,-613,-310,940,-785,470,-206,103,220,1153,-1129,-376,507,-867,113,1064,412,-994,11,-127,171,544,2003,-2103,-592,-143,1042,-1394,-71,32,962,-1500,513,66,712,760,-1188,-217,1629,-216,-1274,915,1659,1039,-2432,169,1615,1560,958,-4537,-847,-369,2674,-2754,145,-107,-25,579,-527,383
737,724,-706,-32,230,1102,-1354,690,179,617,2663,-1296,-1968,-328,383,1282,-1282,-515,-235,256,413,238,-113,148,1838,-1522,-485,920,-282,-47,941,-217,1495,-826,-935,2562,2770,1435,-5756,-2144,598,-276,-613,-310,940,-785,470,-206,103,220,1153,-1129,-376,507,-867,113,1064,412,-994,11,-127,171,544,2003,-2103,-592,-143,1042,-1394,-71,32,962,-1500,513,66,712,760,-1188,-217,1629,-216,-1274,915,1659,1039,-2432,169,1615,1560,958,-4537,-847,-369,2674,-2754,145,-107,-25,579,-527,383,-427
738,-706,-32,230,1102,-1354,690,179,617,2663,-1296,-1968,-328,383,1282,-1282,-515,-235,256,413,238,-113,148,1838,-1522,-485,920,-282,-47,941,-217,1495,-826,-935,2562,2770,1435,-5756,-2144,598,-276,-613,-310,940,-785,470,-206,103,220,1153,-1129,-376,507,-867,113,1064,412,-994,11,-127,171,544,2003,-2103,-592,-143,1042,-1394,-71,32,962,-1500,513,66,712,760,-1188,-217,1629,-216,-1274,915,1659,1039,-2432,169,1615,1560,958,-4537,-847,-369,2674,-2754,145,-107,-25,579,-527,383,-427,1510
739,-32,230,1102,-1354,690,179,617,2663,-1296,-1968,-328,383,1282,-1282,-515,-235,256,413,238,-113,148,1838,-1522,-485,920,-282,-47,941,-217,1495,-826,-935,2562,2770,1435,-5756,-2144,598,-276,-613,-310,940,-785,470,-206,103,220,1153,-1129,-376,507,-867,113,1064,412,-994,11,-127,171,544,2003,-2103,-592,-143,1042,-1394,-71,32,962,-1500,513,66,712,760,-1188,-217,1629,-216,-1274,915,1659,1039,-2432,169,1615,1560,958,-4537,-847,-369,2674,-2754,145,-107,-25,579,-527,383,-427,1510,-934
740,230,1102,-1354,690,179,617,2663,-1296,-1968,-328,383,1282,-1282,-515,-235,256,413,238,-113,148,1838,-1522,-485,920,-282,-47,941,-217,1495,-826,-935,2562,2770,1435,-5756,-2144,598,-276,-613,-310,940,-785,470,-206,103,220,1153,-1129,-376,507,-867,113,1064,412,-994,11,-127,171,544,2003,-2103,-592,-143,1042,-1394,-71,32,962,-1500,513,66,712,760,-1188,-217,1629,-216,-1274,915,1659,1039,-2432,169,1615,1560,958,-4537,-847,-369,2674,-2754,145,-107,-25,579,-527,383,-427,1510,-934,-652
741,1102,-1354,690,179,617,2663,-1296,-1968,-328,383,1282,-1282,-515,-235,256,413,238,-113,148,1838,-1522,-485,920,-282,-47,941,-217,1495,-826,-935,2562,2770,1435,-5756,-2144,598,-276,-613,-310,940,-785,470,-206,103,220,1153,-1129,-376,507,-867,113,1064,412,-994,11,-127,171,544,2003,-2103,-592,-143,1042,-1394,-71,32,962,-1500,513,66,712,760,-1188,-217,1629,-216,-1274,915,1659,1039,-2432,169,1615,1560,958,-4537,-847,-369,2674,-2754,145,-107,-25,579,-527,383,-427,1510,-934,-652,460
742,-1354,690,179,617,2663,-1296,-1968,-328,383,1282,-1282,-515,-235,256,413,238,-113,148,1838,-1522,-485,920,-282,-47,941,-217,1495,-826,-935,2562,2770,1435,-5756,-2144,598,-276,-613,-310,940,-785,470,-206,103,220,1153,-1129,-376,507,-867,113,1064,412,-994,11,-127,171,544,2003,-2103,-592,-143,1042,-1394,-71,32,962,-1500,513,66,712,760,-1188,-217,1629,-216,-1274,915,1659,1039,-2432,169,1615,1560,958,-4537,-847,-369,2674,-2754,145,-107,-25,579,-527,383,-427,1510,-934,-652,460,-42
743,690,179,617,2663,-1296,-1968,-328,383,1282,-1282,-515,-235,256,413,238,-113,148,1838,-1522,-485,920,-282,-47,941,-217,1495,-826,-935,2562,2770,1435,-5756,-2144,598,-276,-613,-310,940,-785,470,-206,103,220,1153,-1129,-376,507,-867,113,1064,412,-994,11,-127,171,544,2003,-2103,-592,-143,1042,-1394,-71,32,962,-1500,513,66,712,760,-1188,-217,1629,-216,-1274,915,1659,1039,-2432,169,1615,1560,958,-4537,-847,-369,2674,-2754,145,-107,-25,579,-527,383,-427,1510,-934,-652,460,-42,-23
744,179,617,2663,-1296,-1968,-328,383,1282,-1282,-515,-235,256,413,238,-113,148,1838,-1522,-485,920,-282,-47,941,-217,1495,-826,-935,2562,2770,1435,-5756,-2144,598,-276,-613,-310,940,-785,470,-206,103,220,1153,-1129,-376,507,-867,113,1064,412,-994,11,-127,171,544,2003,-2103,-592,-143,1042,-1394,-71,32,962,-1500,513,66,712,760,-1188,-217,1629,-216,-1274,915,1659,1039,-2432,169,1615,1560,958,-4537,-847,-369,2674,-2754,145,-107,-25,579,-527,383,-427,1510,-934,-652,460,-42,-23,667
745,617,2663,-1296,-1968,-328,383,1282,-1282,-515,-235,256,413,238,-113,148,1838,-1522,-485,920,-282,-47,941,-217,1495,-826,-935,2562,2770,1435,-5756,-2144,598,-276,-613,-310,940,-785,470,-206,103,220,1153,-1129,-376,507,-867,113,1064,412,-994,11,-127,171,544,2003,-2103,-592,-143,1042,-1394,-71,32,962,-1500,513,66,712,760,-1188,-217,1629,-216,-1274,915,1659,1039,-2432,169,1615,1560,958,-4537,-847,-369,2674,-2754,145,-107,-25,579,-527,383,-427,1510,-934,-652,460,-42,-23,667,390
746,2663,-1296,-1968,-328,383,1282,-1282,-515,-235,256,413,238,-113,148,1838,-1522,-485,920,-282,-47,941,-217,1495,-826,-935,2562,2770,1435,-5756,-2144,598,-276,-613,-310,940,-785,470,-206,103,220,1153,-1129,-376,507,-867,113,1064,412,-994,11,-127,171,544,2003,-2103,-592,-143,1042,-1394,-71,32,962,-1500,513,66,712,760,-1188,-217,1629,-216,-1274,915,1659,1039,-2432,169,1615,1560,958,-4537,-847,-369,2674,-2754,145,-107,-25,579,-527,383,-427,1510,-934,-652,460,-42,-23,667,390,-422
747,-1296,-1968,-328,383,1282,-1282,-515,-235,256,413,238,-113,148,1838,-1522,-485,920,-282,-47,941,-217,1495,-826,-935,2562,2770,1435,-5756,-2144,598,-276,-613,-310,940,-785,470,-206,103,220,1153,-1129,-376,507,-867,113,1064,412,-994,11,-127,171,544,2003,-2103,-592,-143,1042,-1394,-71,32,962,-1500,513,66,712,760,-1188,-217,1629,-216,-1274,915,1659,1039,-2432,169,1615,1560,958,-4537,-847,-369,2674,-2754,145,-107,-25,579,-527,383,-427,1510,-934,-652,460,-42,-23,667,390,-422,-268
748,-1968,-328,383,1282,-1282,-515,-235,256,413,238,-113,148,1838,-1522,-485,920,-282,-47,941,-217,1495,-826,-935,2562,2770,1435,-5756,-2144,598,-276,-613,-310,940,-785,470,-206,103,220,1153,-1129,-376,507,-867,113,1064,412,-994,11,-127,171,544,2003,-2103,-592,-143,1042,-1394,-71,32,962,-1500,513,66,712,760,-1188,-217,1629,-216,-1274,915,1659,1039,-2432,169,1615,1560,958,-4537,-847,-369,2674,-2754,145,-107,-25,579,-527,383,-427,1510,-934,-652,460,-42,-23,667,390,-422,-268,279
749,-328,383,1282,-1282,-515,-235,256,413,238,-113,148,1838,-1522,-485,920,-282,-47,941,-217,1495,-826,-935,2562,2770,1435,-5756,-2144,598,-276,-613,-310,940,-785,470,-206,103,220,1153,-1129,-376,507,-867,113,1064,412,-994,11,-127,171,544,2003,-2103,-592,-143,1042,-1394,-71,32,962,-1500,513,66,712,760,-1188,-217,1629,-216,-1274,915,1659,1039,-2432,169,1615,1560,958,-4537,-847,-369,2674,-2754,145,-107,-25,579,-527,383,-427,1510,-934,-652,460,-42,-23,667,390,-422,-268,279,142
750,383,1282,-1282,-515,-235,256,413,238,-113,148,1838,-1522,-485,920,-282,-47,941,-217,1495,-826,-935,2562,2770,1435,-5756,-2144,598,-276,-613,-310,940,-785,470,-206,103,220,1153,-1129,-376,507,-867,113,1064,412,-994,11,-127,171,544,2003,-2103,-592,-143,1042,-1394,-71,32,962,-1500,513,66,712,760,-1188,-217,1629,-216,-1274,915,1659,1039,-2432,169,1615,1560,958,-4537,-847,-369,2674,-2754,145,-107,-25,579,-527,383,-427,1510,-934,-652,460,-42,-23,667,390,-422,-268,279,142,-47
751,1282,-1282,-515,-235,256,413,238,-113,148,1838,-1522,-485,920,-282,-47,941,-217,1495,-826,-935,2562,2770,1435,-5756,-2144,598,-276,-613,-310,940,-785,470,-206,103,220,1153,-1129,-376,507,-867,113,1064,412,-994,11,-127,171,544,2003,-2103,-592,-143,1042,-1394,-71,32,962,-1500,513,66,712,760,-1188,-217,1629,-216,-1274,915,1659,1039,-2432,169,1615,1560,958,-4537,-847,-369,2674,-2754,145,-107,-25,579,-527,383,-427,1510,-934,-652,460,-42,-23,667,390,-422,-268,279,142,-47,3561
752,-1282,-515,-235,256,413,238,-113,148,1838,-1522,-485,920,-282,-47,941,-217,1495,-826,-935,2562,2770,1435,-5756,-2144,598,-276,-613,-310,940,-785,470,-206,103,220,1153,-1129,-376,507,-867,113,1064,412,-994,11,-127,171,544,2003,-2103,-592,-143,1042,-1394,-71,32,962,-1500,513,66,712,760,-1188,-217,1629,-216,-1274,915,1659,1039,-2432,169,1615,1560,958,-4537,-847,-369,2674,-2754,145,-107,-25,579,-527,383,-427,1510,-934,-652,460,-42,-23,667,390,-422,-268,279,142,-47,3561,-3576
753,-515,-235,256,413,238,-113,148,1838,-1522,-485,920,-282,-47,941,-217,1495,-826,-935,2562,2770,1435,-5756,-2144,598,-276,-613,-310,940,-785,470,-206,103,220,1153,-1129,-376,507,-867,113,1064,412,-994,11,-127,171,544,2003,-2103,-592,-143,1042,-1394,-71,32,962,-1500,513,66,712,760,-1188,-217,1629,-216,-1274,915,1659,1039,-2432,169,1615,1560,958,-4537,-847,-369,2674,-2754,145,-107,-25,579,-527,383,-427,1510,-934,-652,460,-42,-23,667,390,-422,-268,279,142,-47,3561,-3576,-137
754,-235,256,413,238,-113,148,1838,-1522,-485,920,-282,-47,941,-217,1495,-826,-935,2562,2770,1435,-5756,-2144,598,-276,-613,-310,940,-785,470,-206,103,220,1153,-1129,-376,507,-867,113,1064,412,-994,11,-127,171,544,2003,-2103,-592,-143,1042,-1394,-71,32,962,-1500,513,66,712,760,-1188,-217,1629,-216,-1274,915,1659,1039,-2432,169,1615,1560,958,-4537,-847,-369,2674,-2754,145,-107,-25,579,-527,383,-427,1510,-934,-652,460,-42,-23,667,390,-422,-268,279,142,-47,3561,-3576,-137,-572
755,256,413,238,-113,148,1838,-1522,-485,920,-282,-47,941,-217,1495,-826,-935,2562,2770,1435,-5756,-2144,598,-276,-613,-310,940,-785,470,-206,103,220,1153,-1129,-376,507,-867,113,1064,412,-994,11,-127,171,544,2003,-2103,-592,-143,1042,-1394,-71,32,962,-1500,513,66,712,760,-1188,-217,1629,-216,-1274,915,1659,1039,-2432,169,1615,1560,958,-4537,-847,-369,2674,-2754,145,-107,-25,579,-527,383,-427,1510,-934,-652,460,-42,-23,667,390,-422,-268,279,142,-47,3561,-3576,-137,-572,871
756,413,238,-113,148,1838,-1522,-485,920,-282,-47,941,-217,1495,-826,-935,2562,2770,1435,-5756,-2144,598,-276,-613,-310,940,-785,470,-206,103,220,1153,-1129,-376,507,-867,113,1064,412,-994,11,-127,171,544,2003,-2103,-592,-143,1042,-1394,-71,32,962,-1500,513,66,712,760,-1188,-217,1629,-216,-1274,915,1659,1039,-2432,169,1615,1560,958,-4537,-847,-369,2674,-2754,145,-107,-25,579,-527,383,-427,1510,-934,-652,460,-42,-23,667,390,-422,-268,279,142,-47,3561,-3576,-137,-572,871,-188
757,238,-113,148,1838,-1522,-485,920,-282,-47,941,-217,1495,-826,-935,2562,2770,1435,-5756,-2144,598,-276,-613,-310,940,-785,470,-206,103,220,1153,-1129,-376,507,-867,113,1064,412,-994,11,-127,171,544,2003,-2103,-592,-143,1042,-1394,-71,32,962,-1500,513,66,712,760,-1188,-217,1629,-216,-1274,915,1659,1039,-2432,169,1615,1560,958,-4537,-847,-369,2674,-2754,145,-107,-25,579,-527,383,-427,1510,-934,-652,460,-42,-23,667,390,-422,-268,279,142,-47,3561,-3576,-137,-572,871,-188,-117
758,-113,148,1838,-1522,-485,920,-282,-47,941,-217,1495,-826,-935,2562,2770,1435,-5756,-2144,598,-276,-613,-310,940,-785,470,-206,103,220,1153,-1129,-376,507,-867,113,1064,412,-994,11,-127,171,544,2003,-2103,-592,-143,1042,-1394,-71,32,962,-1500,513,66,712,760,-1188,-217,1629,-216,-1274,915,1659,1039,-2432,169,1615,1560,958,-4537,-847,-369,2674,-2754,145,-107,-25,579,-527,383,-427,1510,-934,-652,460,-42,-23,667,390,-422,-268,279,142,-47,3561,-3576,-137,-572,871,-188,-117,22
759,148,1838,-1522,-485,920,-282,-47,941,-217,1495,-826,-935,2562,2770,1435,-5756,-2144,598,-276,-613,-310,940,-785,470,-206,103,220,1153,-1129,-376,507,-867,113,1064,412,-994,11,-127,171,544,2003,-2103,-592,-143,1042,-1394,-71,32,962,-1500,513,66,712,760,-1188,-217,1629,-216,-1274,915,1659,1039,-2432,169,1615,1560,958,-4537,-847,-369,2674,-2754,145,-107,-25,579,-527,383,-427,1510,-934,-652,460,-42,-23,667,390,-422,-268,279,142,-47,3561,-3576,-137,-572,871,-188,-117,22,794
760,1838,-1522,-485,920,-282,-47,941,-217,1495,-826,-935,2562,2770,1435,-5756,-2144,598,-276,-613,-310,940,-785,470,-206,103,220,1153,-1129,-376,507,-867,113,1064,412,-994,11,-127,171,544,2003,-2103,-592,-143,1042,-1394,-71,32,962,-1500,513,66,712,760,-1188,-217,1629,-216,-1274,915,1659,1039,-2432,169,1615,1560,958,-4537,-847,-369,2674,-2754,145,-107,-25,579,-527,383,-427,1510,-934,-652,460,-42,-23,667,390,-422,-268,279,142,-47,3561,-3576,-137,-572,871,-188,-117,22,794,-1167
761,-1522,-485,920,-282,-47,941,-217,1495,-826,-935,2562,2770,1435,-5756,-2144,598,-276,-613,-310,940,-785,470,-206,103,220,1153,-1129,-376,507,-867,113,1064,412,-994,11,-127,171,544,2003,-2103,-592,-143,1042,-1394,-71,32,962,-1500,513,66,712,760,-1188,-217,1629,-216,-1274,915,1659,1039,-2432,169,1615,1560,958,-4537,-847,-369,2674,-2754,145,-107,-25,579,-527,383,-427,1510,-934,-652,460,-42,-23,667,390,-422,-268,279,142,-47,3561,-3576,-137,-572,871,-188,-117,22,794,-1167,-307
762,-485,920,-282,-47,941,-217,1495,-826,-935,2562,2770,1435,-5756,-2144,598,-276,-613,-310,940,-785,470,-206,103,220,1153,-1129,-376,507,-867,113,1064,412,-994,11,-127,171,544,2003,-2103,-592,-143,1042,-1394,-71,32,962,-1500,513,66,712,760,-1188,-217,1629,-216,-1274,915,1659,1039,-2432,169,1615,1560,958,-4537,-847,-369,2674,-2754,145,-107,-25,579,-527,383,-427,1510,-934,-652,460,-42,-23,667,390,-422,-268,279,142,-47,3561,-3576,-137,-572,871,-188,-117,22,794,-1167,-307,-205
763,920,-282,-47,941,-217,1495,-826,-935,2562,2770,1435,-5756,-2144,598,-276,-613,-310,940,-785,470,-206,103,220,1153,-1129,-376,507,-867,113,1064,412,-994,11,-127,171,544,2003,-2103,-592,-143,1042,-1394,-71,32,962,-1500,513,66,712,760,-1188,-217,1629,-216,-1274,915,1659,1039,-2432,169,1615,1560,958,-4537,-847,-369,2674,-2754,145,-107,-25,579,-527,383,-427,1510,-934,-652,460,-42,-23,667,390,-422,-268,279,142,-47,3561,-3576,-137,-572,871,-188,-117,22,794,-1167,-307,-205,85
764,-282,-47,941,-217,1495,-826,-935,2562,2770,1435,-5756,-2144,598,-276,-613,-310,940,-785,470,-206,103,220,1153,-1129,-376,507,-867,113,1064,412,-994,11,-127,171,544,2003,-2103,-592,-143,1042,-1394,-71,32,962,-1500,513,66,712,760,-1188,-217,1629,-216,-1274,915,1659,1039,-2432,169,1615,1560,958,-4537,-847,-369,2674,-2754,145,-107,-25,579,-527,383,-427,1510,-934,-652,460,-42,-23,667,390,-422,-268,279,142,-47,3561,-3576,-137,-572,871,-188,-117,22,794,-1167,-307,-205,85,1812
765,-47,941,-217,1495,-826,-935,2562,2770,1435,-5756,-2144,598,-276,-613,-310,940,-785,470,-206,103,220,1153,-1129,-376,507,-867,113,1064,412,-994,11,-127,171,544,2003,-2103,-592,-143,1042,-1394,-71,32,962,-1500,513,66,712,760,-1188,-217,1629,-216,-1274,915,1659,1039,-2432,169,1615,1560,958,-4537,-847,-369,2674,-2754,145,-107,-25,579,-527,383,-427,1510,-934,-652,460,-42,-23,667,390,-422,-268,279,142,-47,3561,-3576,-137,-572,871,-188,-117,22,794,-1167,-307,-205,85,1812,-1371
766,941,-217,1495,-826,-935,2562,2770,1435,-5756,-2144,598,-276,-613,-310,940,-785,470,-206,103,220,1153,-1129,-376,507,-867,113,1064,412,-994,11,-127,171,544,2003,-2103,-592,-143,1042,-1394,-71,32,962,-1500,513,66,712,760,-1188,-217,1629,-216,-1274,915,1659,1039,-2432,169,1615,1560,958,-4537,-847,-369,2674,-2754,145,-107,-25,579,-527,383,-427,1510,-934,-652,460,-42,-23,667,390,-422,-268,279,142,-47,3561,-3576,-137,-572,871,-188,-117,22,794,-1167,-307,-205,85,1812,-1371,52
767,-217,1495,-826,-935,2562,2770,1435,-5756,-2144,598,-276,-613,-310,940,-785,470,-206,103,220,1153,-1129,-376,507,-867,113,1064,412,-994,11,-127,171,544,2003,-2103,-592,-143,1042,-1394,-71,32,962,-1500,513,66,712,760,-1188,-217,1629,-216,-1274,915,1659,1039,-2432,169,1615,1560,958,-4537,-847,-369,2674,-2754,145,-107,-25,579,-527,383,-427,1510,-934,-652,460,-42,-23,667,390,-422,-268,279,142,-47,3561,-3576,-137,-572,871,-188,-117,22,794,-1167,-307,-205,85,1812,-1371,52,211
768,1495,-826,-935,2562,2770,1435,-5756,-2144,598,-276,-613,-310,940,-785,470,-206,103,220,1153,-1129,-376,507,-867,113,1064,412,-994,11,-127,171,544,2003,-2103,-592,-143,1042,-1394,-71,32,962,-1500,513,66,712,760,-1188,-217,1629,-216,-1274,915,1659,1039,-2432,169,1615,1560,958,-4537,-847,-369,2674,-2754,145,-107,-25,579,-527,383,-427,1510,-934,-652,460,-42,-23,667,390,-422,-268,279,142,-47,3561,-3576,-137,-572,871,-188,-117,22,794,-1167,-307,-205,85,1812,-1371,52,211,554
769,-826,-935,2562,2770,1435,-5756,-2144,598,-276,-613,-310,940,-785,470,-206,103,220,1153,-1129,-376,507,-867,113,1064,412,-994,11,-127,171,544,2003,-2103,-592,-143,1042,-1394,-71,32,962,-1500,513,66,712,760,-1188,-217,1629,-216,-1274,915,1659,1039,-2432,169,1615,1560,958,-4537,-847,-369,2674,-2754,145,-107,-25,579,-527,383,-427,1510,-934,-652,460,-42,-23,667,390,-422,-268,279,142,-47,3561,-3576,-137,-572,871,-188,-117,22,794,-1167,-307,-205,85,1812,-1371,52,211,554,1011
770,-935,2562,2770,1435,-5756,-2144,598,-276,-613,-310,940,-785,470,-206,103,220,1153,-1129,-376,507,-867,113,1064,412,-994,11,-127,171,544,2003,-2103,-592,-143,1042,-1394,-71,32,962,-1500,513,66,712,760,-1188,-217,1629,-216,-1274,915,1659,1039,-2432,169,1615,1560,958,-4537,-847,-369,2674,-2754,145,-107,-25,579,-527,383,-427,1510,-934,-652,460,-42,-23,667,390,-422,-268,279,142,-47,3561,-3576,-137,-572,871,-188,-117,22,794,-1167,-307,-205,85,1812,-1371,52,211,554,1011,705
771,2562,2770,1435,-5756,-2144,598,-276,-613,-310,940,-785,470,-206,103,220,1153,-1129,-376,507,-867,113,1064,412,-994,11,-127,171,544,2003,-2103,-592,-143,1042,-1394,-71,32,962,-1500,513,66,712,760,-1188,-217,1629,-216,-1274,915,1659,1039,-2432,169,1615,1560,958,-4537,-847,-369,2674,-2754,145,-107,-25,579,-527,383,-427,1510,-934,-652,460,-42,-23,667,390,-422,-268,279,142,-47,3561,-3576,-137,-572,871,-188,-117,22,794,-1167,-307,-205,85,1812,-1371,52,211,554,1011,705,582
772,2770,1435,-5756,-2144,598,-276,-613,-310,940,-785,470,-206,103,220,1153,-1129,-376,507,-867,113,1064,412,-994,11,-127,171,544,2003,-2103,-592,-143,1042,-1394,-71,32,962,-1500,513,66,712,760,-1188,-217,1629,-216,-1274,915,1659,1039,-2432,169,1615,1560,958,-4537,-847,-369,2674,-2754,145,-107,-25,579,-527,383,-427,1510,-934,-652,460,-42,-23,667,390,-422,-268,279,142,-47,3561,-3576,-137,-572,871,-188,-117,22,794,-1167,-307,-205,85,1812,-1371,52,211,554,1011,705,582,-728
773,1435,-5756,-2144,598,-276,-613,-310,940,-785,470,-206,103,220,1153,-1129,-376,507,-867,113,1064,412,-994,11,-127,171,544,2003,-2103,-592,-143,1042,-1394,-71,32,962,-1500,513,66,712,760,-1188,-217,1629,-216,-1274,915,1659,1039,-2432,169,1615,1560,958,-4537,-847,-369,2674,-2754,145,-107,-25,579,-527,383,-427,1510,-934,-652,460,-42,-23,667,390,-422,-268,279,142,-47,3561,-3576,-137,-572,871,-188,-117,22,794,-1167,-307,-205,85,1812,-1371,52,211,554,1011,705,582,-728,-1375
774,-5756,-2144,598,-276,-613,-310,940,-785,470,-206,103,220,1153,-1129,-376,507,-867,113,1064,412,-994,11,-127,171,544,2003,-2103,-592,-143,1042,-1394,-71,32,962,-1500,513,66,712,760,-1188,-217,1629,-216,-1274,915,1659,1039,-2432,169,1615,1560,958,-4537,-847,-369,2674,-2754,145,-107,-25,579,-527,383,-427,1510,-934,-652,460,-42,-23,667,390,-422,-268,279,142,-47,3561,-3576,-137,-572,871,-188,-117,22,794,-1167,-307,-205,85,1812,-1371,52,211,554,1011,705,582,-728,-1375,970
775,-2144,598,-276,-613,-310,940,-785,470,-206,103,220,1153,-1129,-376,507,-867,113,1064,412,-994,11,-127,171,544,2003,-2103,-592,-143,1042,-1394,-71,32,962,-1500,513,66,712,760,-1188,-217,1629,-216,-1274,915,1659,1039,-2432,169,1615,1560,958,-4537,-847,-369,2674,-2754,145,-107,-25,579,-527,383,-427,1510,-934,-652,460,-42,-23,667,390,-422,-268,279,142,-47,3561,-3576,-137,-572,871,-188,-117,22,794,-1167,-307,-205,85,1812,-1371,52,211,554,1011,705,582,-728,-1375,970,3752
776,598,-276,-613,-310,940,-785,470,-206,103,220,1153,-1129,-376,507,-867,113,1064,412,-994,11,-127,171,544,2003,-2103,-592,-143,1042,-1394,-71,32,962,-1500,513,66,712,760,-1188,-217,1629,-216,-1274,915,1659,1039,-2432,169,1615,1560,958,-4537,-847,-369,2674,-2754,145,-107,-25,579,-527,383,-427,1510,-934,-652,460,-42,-23,667,390,-422,-268,279,142,-47,3561,-3576,-137,-572,871,-188,-117,22,794,-1167,-307,-205,85,1812,-1371,52,211,554,1011,705,582,-728,-1375,970,3752,-1972
777,-276,-613,-310,940,-785,470,-206,103,220,1153,-1129,-376,507,-867,113,1064,412,-994,11,-127,171,544,2003,-2103,-592,-143,1042,-1394,-71,32,962,-1500,513,66,712,760,-1188,-217,1629,-216,-1274,915,1659,1039,-2432,169,1615,1560,958,-4537,-847,-369,2674,-2754,145,-107,-25,579,-527,383,-427,1510,-934,-652,460,-42,-23,667,390,-422,-268,279,142,-47,3561,-3576,-137,-572,871,-188,-117,22,794,-1167,-307,-205,85,1812,-1371,52,211,554,1011,705,582,-728,-1375,970,3752,-1972,4318
778,-613,-310,940,-785,470,-206,103,220,1153,-1129,-376,507,-867,113,1064,412,-994,11,-127,171,544,2003,-2103,-592,-143,1042,-1394,-71,32,962,-1500,513,66,712,760,-1188,-217,1629,-216,-1274,915,1659,1039,-2432,169,1615,1560,958,-4537,-847,-369,2674,-2754,145,-107,-25,579,-527,383,-427,1510,-934,-652,460,-42,-23,667,390,-422,-268,279,142,-47,3561,-3576,-137,-572,871,-188,-117,22,794,-1167,-307,-205,85,1812,-1371,52,211,554,1011,705,582,-728,-1375,970,3752,-1972,4318,-3495
779,-310,940,-785,470,-206,103,220,1153,-1129,-376,507,-867,113,1064,412,-994,11,-127,171,544,2003,-2103,-592,-143,1042,-1394,-71,32,962,-1500,513,66,712,760,-1188,-217,1629,-216,-1274,915,1659,1039,-2432,169,1615,1560,958,-4537,-847,-369,2674,-2754,145,-107,-25,579,-527,383,-427,1510,-934,-652,460,-42,-23,667,390,-422,-268,279,142,-47,3561,-3576,-137,-572,871,-188,-117,22,794,-1167,-307,-205,85,1812,-1371,52,211,554,1011,705,582,-728,-1375,970,3752,-1972,4318,-3495,-1794
780,940,-785,470,-206,103,220,1153,-1129,-376,507,-867,113,1064,412,-994,11,-127,171,544,2003,-2103,-592,-143,1042,-1394,-71,32,962,-1500,513,66,712,760,-1188,-217,1629,-216,-1274,915,1659,1039,-2432,169,1615,1560,958,-4537,-847,-369,2674,-2754,145,-107,-25,579,-527,383,-427,1510,-934,-652,460,-42,-23,667,390,-422,-268,279,142,-47,3561,-3576,-137,-572,871,-188,-117,22,794,-1167,-307,-205,85,1812,-1371,52,211,554,1011,705,582,-728,-1375,970,3752,-1972,4318,-3495,-1794,-167
781,-785,470,-206,103,220,1153,-1129,-376,507,-867,113,1064,412,-994,11,-127,171,544,2003,-2103,-592,-143,1042,-1394,-71,32,962,-1500,513,66,712,760,-1188,-217,1629,-216,-1274,915,1659,1039,-2432,169,1615,1560,958,-4537,-847,-369,2674,-2754,145,-107,-25,579,-527,383,-427,1510,-934,-652,460,-42,-23,667,390,-422,-268,279,142,-47,3561,-3576,-137,-572,871,-188,-117,22,794,-1167,-307,-205,85,1812,-1371,52,211,554,1011,705,582,-728,-1375,970,3752,-1972,4318,-3495,-1794,-167,-902
782,470,-206,103,220,1153,-1129,-376,507,-867,113,1064,412,-994,11,-127,171,544,2003,-2103,-592,-143,1042,-1394,-71,32,962,-1500,513,66,712,760,-1188,-217,1629,-216,-1274,915,1659,1039,-2432,169,1615,1560,958,-4537,-847,-369,2674,-2754,145,-107,-25,579,-527,383,-427,1510,-934,-652,460,-42,-23,667,390,-422,-268,279,142,-47,3561,-3576,-137,-572,871,-188,-117,22,794,-1167,-307,-205,85,1812,-1371,52,211,554,1011,705,582,-728,-1375,970,3752,-1972,4318,-3495,-1794,-167,-902,-448
783,-206,103,220,1153,-1129,-376,507,-867,113,1064,412,-994,11,-127,171,544,2003,-2103,-592,-143,1042,-1394,-71,32,962,-1500,513,66,712,760,-1188,-217,1629,-216,-1274,915,1659,1039,-2432,169,1615,1560,958,-4537,-847,-369,2674,-2754,145,-107,-25,579,-527,383,-427,1510,-934,-652,460,-42,-23,667,390,-422,-268,279,142,-47,3561,-3576,-137,-572,871,-188,-117,22,794,-1167,-307,-205,85,1812,-1371,52,211,554,1011,705,582,-728,-1375,970,3752,-1972,4318,-3495,-1794,-167,-902,-448,909
784,103,220,1153,-1129,-376,507,-867,113,1064,412,-994,11,-127,171,544,2003,-2103,-592,-143,1042,-1394,-71,32,962,-1500,513,66,712,760,-1188,-217,1629,-216,-1274,915,1659,1039,-2432,169,1615,1560,958,-4537,-847,-369,2674,-2754,145,-107,-25,579,-527,383,-427,1510,-934,-652,460,-42,-23,667,390,-422,-268,279,142,-47,3561,-3576,-137,-572,871,-188,-117,22,794,-1167,-307,-205,85,1812,-1371,52,211,554,1011,705,582,-728,-1375,970,3752,-1972,4318,-3495,-1794,-167,-902,-448,909,-559
785,220,1153,-1129,-376,507,-867,113,1064,412,-994,11,-127,171,544,2003,-2103,-592,-143,1042,-1394,-71,32,962,-1500,513,66,712,760,-1188,-217,1629,-216,-1274,915,1659,1039,-2432,169,1615,1560,958,-4537,-847,-369,2674,-2754,145,-107,-25,579,-527,383,-427,1510,-934,-652,460,-42,-23,667,390,-422,-268,279,142,-47,3561,-3576,-137,-572,871,-188,-117,22,794,-1167,-307,-205,85,1812,-1371,52,211,554,1011,705,582,-728,-1375,970,3752,-1972,4318,-3495,-1794,-167,-902,-448,909,-559,-19
786,1153,-1129,-376,507,-867,113,1064,412,-994,11,-127,171,544,2003,-2103,-592,-143,1042,-1394,-71,32,962,-1500,513,66,712,760,-1188,-217,1629,-216,-1274,915,1659,1039,-2432,169,1615,1560,958,-4537,-847,-369,2674,-2754,145,-107,-25,579,-527,383,-427,1510,-934,-652,460,-42,-23,667,390,-422,-268,279,142,-47,3561,-3576,-137,-572,871,-188,-117,22,794,-1167,-307,-205,85,1812,-1371,52,211,554,1011,705,582,-728,-1375,970,3752,-1972,4318,-3495,-1794,-167,-902,-448,909,-559,-19,-391
787,-1129,-376,507,-867,113,1064,412,-994,11,-127,171,544,2003,-2103,-592,-143,1042,-1394,-71,32,962,-1500,513,66,712,760,-1188,-217,1629,-216,-1274,915,1659,1039,-2432,169,1615,1560,958,-4537,-847,-369,2674,-2754,145,-107,-25,579,-527,383,-427,1510,-934,-652,460,-42,-23,667,390,-422,-268,279,142,-47,3561,-3576,-137,-572,871,-188,-117,22,794,-1167,-307,-205,85,1812,-1371,52,211,554,1011,705,582,-728,-1375,970,3752,-1972,4318,-3495,-1794,-167,-902,-448,909,-559,-19,-391,-141
788,-376,507,-867,113,1064,412,-994,11,-127,171,544,2003,-2103,-592,-143,1042,-1394,-71,32,962,-1500,513,66,712,760,-1188,-217,1629,-216,-1274,915,1659,1039,-2432,169,1615,1560,958,-4537,-847,-369,2674,-2754,145,-107,-25,579,-527,383,-427,1510,-934,-652,460,-42,-23,667,390,-422,-268,279,142,-47,3561,-3576,-137,-572,871,-188,-117,22,794,-1167,-307,-205,85,1812,-1371,52,211,554,1011,705,582,-728,-1375,970,3752,-1972,4318,-3495,-1794,-167,-902,-448,909,-559,-19,-391,-141,138
789,507,-867,113,1064,412,-994,11,-127,171,544,2003,-2103,-592,-143,1042,-1394,-71,32,962,-1500,513,66,712,760,-1188,-217,1629,-216,-1274,915,1659,1039,-2432,169,1615,1560,958,-4537,-847,-369,2674,-2754,145,-107,-25,579,-527,383,-427,1510,-934,-652,460,-42,-23,667,390,-422,-268,279,142,-47,3561,-3576,-137,-572,871,-188,-117,22,794,-1167,-307,-205,85,1812,-1371,52,211,554,1011,705,582,-728,-1375,970,3752,-1972,4318,-3495,-1794,-167,-902,-448,909,-559,-19,-391,-141,138,-570
790,-867,113,1064,412,-994,11,-127,171,544,2003,-2103,-592,-143,1042,-1394,-71,32,962,-1500,513,66,712,760,-1188,-217,1629,-216,-1274,915,1659,1039,-2432,169,1615,1560,958,-4537,-847,-369,2674,-2754,145,-107,-25,579,-527,383,-427,1510,-934,-652,460,-42,-23,667,390,-422,-268,279,142,-47,3561,-3576,-137,-572,871,-188,-117,22,794,-1167,-307,-205,85,1812,-1371,52,211,554,1011,705,582,-728,-1375,970,3752,-1972,4318,-3495,-1794,-167,-902,-448,909,-559,-19,-391,-141,138,-570,1514
791,113,1064,412,-994,11,-127,171,544,2003,-2103,-592,-143,1042,-1394,-71,32,962,-1500,513,66,712,760,-1188,-217,1629,-216,-1274,915,1659,1039,-2432,169,1615,1560,958,-4537,-847,-369,2674,-2754,145,-107,-25,579,-527,383,-427,1510,-934,-652,460,-42,-23,667,390,-422,-268,279,142,-47,3561,-3576,-137,-572,871,-188,-117,22,794,-1167,-307,-205,85,1812,-1371,52,211,554,1011,705,582,-728,-1375,970,3752,-1972,4318,-3495,-1794,-167,-902,-448,909,-559,-19,-391,-141,138,-570,1514,-137
792,1064,412,-994,11,-127,171,544,2003,-2103,-592,-143,1042,-1394,-71,32,962,-1500,513,66,712,760,-1188,-217,1629,-216,-1274,915,1659,1039,-2432,169,1615,1560,958,-4537,-847,-369,2674,-2754,145,-107,-25,579,-527,383,-427,1510,-934,-652,460,-42,-23,667,390,-422,-268,279,142,-47,3561,-3576,-137,-572,871,-188,-117,22,794,-1167,-307,-205,85,1812,-1371,52,211,554,1011,705,582,-728,-1375,970,3752,-1972,4318,-3495,-1794,-167,-902,-448,909,-559,-19,-391,-141,138,-570,1514,-137,-1403
793,412,-994,11,-127,171,544,2003,-2103,-592,-143,1042,-1394,-71,32,962,-1500,513,66,712,760,-1188,-217,1629,-216,-1274,915,1659,1039,-2432,169,1615,1560,958,-4537,-847,-369,2674,-2754,145,-107,-25,579,-527,383,-427,1510,-934,-652,460,-42,-23,667,390,-422,-268,279,142,-47,3561,-3576,-137,-572,871,-188,-117,22,794,-1167,-307,-205,85,1812,-1371,52,211,554,1011,705,582,-728,-1375,970,3752,-1972,4318,-3495,-1794,-167,-902,-448,909,-559,-19,-391,-141,138,-570,1514,-137,-1403,-70
794,-994,11,-127,171,544,2003,-2103,-592,-143,1042,-1394,-71,32,962,-1500,513,66,712,760,-1188,-217,1629,-216,-1274,915,1659,1039,-2432,169,1615,1560,958,-4537,-847,-369,2674,-2754,145,-107,-25,579,-527,383,-427,1510,-934,-652,460,-42,-23,667,390,-422,-268,279,142,-47,3561,-3576,-137,-572,871,-188,-117,22,794,-1167,-307,-205,85,1812,-1371,52,211,554,1011,705,582,-728,-1375,970,3752,-1972,4318,-3495,-1794,-167,-902,-448,909,-559,-19,-391,-141,138,-570,1514,-137,-1403,-70,169
795,11,-127,171,544,2003,-2103,-592,-143,1042,-1394,-71,32,962,-1500,513,66,712,760,-1188,-217,1629,-216,-1274,915,1659,1039,-2432,169,1615,1560,958,-4537,-847,-369,2674,-2754,145,-107,-25,579,-527,383,-427,1510,-934,-652,460,-42,-23,667,390,-422,-268,279,142,-47,3561,-3576,-137,-572,871,-188,-117,22,794,-1167,-307,-205,85,1812,-1371,52,211,554,1011,705,582,-728,-1375,970,3752,-1972,4318,-3495,-1794,-167,-902,-448,909,-559,-19,-391,-141,138,-570,1514,-137,-1403,-70,169,600
796,-127,171,544,2003,-2103,-592,-143,1042,-1394,-71,32,962,-1500,513,66,712,760,-1188,-217,1629,-216,-1274,915,1659,1039,-2432,169,1615,1560,958,-4537,-847,-369,2674,-2754,145,-107,-25,579,-527,383,-427,1510,-934,-652,460,-42,-23,667,390,-422,-268,279,142,-47,3561,-3576,-137,-572,871,-188,-117,22,794,-1167,-307,-205,85,1812,-1371,52,211,554,1011,705,582,-728,-1375,970,3752,-1972,4318,-3495,-1794,-167,-902,-448,909,-559,-19,-391,-141,138,-570,1514,-137,-1403,-70,169,600,265
797,171,544,2003,-2103,-592,-143,1042,-1394,-71,32,962,-1500,513,66,712,760,-1188,-217,1629,-216,-1274,915,1659,1039,-2432,169,1615,1560,958,-4537,-847,-369,2674,-2754,145,-107,-25,579,-527,383,-427,1510,-934,-652,460,-42,-23,667,390,-422,-268,279,142,-47,3561,-3576,-137,-572,871,-188,-117,22,794,-1167,-307,-205,85,1812,-1371,52,211,554,1011,705,582,-728,-1375,970,3752,-1972,4318,-3495,-1794,-167,-902,-448,909,-559,-19,-391,-141,138,-570,1514,-137,-1403,-70,169,600,265,376
798,544,2003,-2103,-592,-143,1042,-1394,-71,32,962,-1500,513,66,712,760,-1188,-217,1629,-216,-1274,915,1659,1039,-2432,169,1615,1560,958,-4537,-847,-369,2674,-2754,145,-107,-25,579,-527,383,-427,1510,-934,-652,460,-42,-23,667,390,-422,-268,279,142,-47,3561,-3576,-137,-572,871,-188,-117,22,794,-1167,-307,-205,85,1812,-1371,52,211,554,1011,705,582,-728,-1375,970,3752,-1972,4318,-3495,-1794,-167,-902,-448,909,-559,-19,-391,-141,138,-570,1514,-137,-1403,-70,169,600,265,376,-537
799,2003,-2103,-592,-143,1042,-1394,-71,32,962,-1500,513,66,712,760,-1188,-217,1629,-216,-1274,915,1659,1039,-2432,169,1615,1560,958,-4537,-847,-369,2674,-2754,145,-107,-25,579,-527,383,-427,1510,-934,-652,460,-42,-23,667,390,-422,-268,279,142,-47,3561,-3576,-137,-572,871,-188,-117,22,794,-1167,-307,-205,85,1812,-1371,52,211,554,1011,705,582,-728,-1375,970,3752,-1972,4318,-3495,-1794,-167,-902,-448,909,-559,-19,-391,-141,138,-570,1514,-137,-1403,-70,169,600,265,376,-537,178
800,-2103,-592,-143,1042,-1394,-71,32,962,-1500,513,66,712,760,-1188,-217,1629,-216,-1274,915,1659,1039,-2432,169,1615,1560,958,-4537,-847,-369,2674,-2754,145,-107,-25,579,-527,383,-427,1510,-934,-652,460,-42,-23,667,390,-422,-268,279,142,-47,3561,-3576,-137,-572,871,-188,-117,22,794,-1167,-307,-205,85,1812,-1371,52,211,554,1011,705,582,-728,-1375,970,3752,-1972,4318,-3495,-1794,-167,-902,-448,909,-559,-19,-391,-141,138,-570,1514,-137,-1403,-70,169,600,265,376,-537,178,-212
801,-592,-143,1042,-1394,-71,32,962,-1500,513,66,712,760,-1188,-217,1629,-216,-1274,915,1659,1039,-2432,169,1615,1560,958,-4537,-847,-369,2674,-2754,145,-107,-25,579,-527,383,-427,1510,-934,-652,460,-42,-23,667,390,-422,-268,279,142,-47,3561,-3576,-137,-572,871,-188,-117,22,794,-1167,-307,-205,85,1812,-1371,52,211,554,1011,705,582,-728,-1375,970,3752,-1972,4318,-3495,-1794,-167,-902,-448,909,-559,-19,-391,-141,138,-570,1514,-137,-1403,-70,169,600,265,376,-537,178,-212,8
802,-143,1042,-1394,-71,32,962,-1500,513,66,712,760,-1188,-217,1629,-216,-1274,915,1659,1039,-2432,169,1615,1560,958,-4537,-847,-369,2674,-2754,145,-107,-25,579,-527,383,-427,1510,-934,-652,460,-42,-23,667,390,-422,-268,279,142,-47,3561,-3576,-137,-572,871,-188,-117,22,794,-1167,-307,-205,85,1812,-1371,52,211,554,1011,705,582,-728,-1375,970,3752,-1972,4318,-3495,-1794,-167,-902,-448,909,-559,-19,-391,-141,138,-570,1514,-137,-1403,-70,169,600,265,376,-537,178,-212,8,838
803,1042,-1394,-71,32,962,-1500,513,66,712,760,-1188,-217,1629,-216,-1274,915,1659,1039,-2432,169,1615,1560,958,-4537,-847,-369,2674,-2754,145,-107,-25,579,-527,383,-427,1510,-934,-652,460,-42,-23,667,390,-422,-268,279,142,-47,3561,-3576,-137,-572,871,-188,-117,22,794,-1167,-307,-205,85,1812,-1371,52,211,554,1011,705,582,-728,-1375,970,3752,-1972,4318,-3495,-1794,-167,-902,-448,909,-559,-19,-391,-141,138,-570,1514,-137,-1403,-70,169,600,265,376,-537,178,-212,8,838,4370
804,-1394,-71,32,962,-1500,513,66,712,760,-1188,-217,1629,-216,-1274,915,1659,1039,-2432,169,1615,1560,958,-4537,-847,-369,2674,-2754,145,-107,-25,579,-527,383,-427,1510,-934,-652,460,-42,-23,667,390,-422,-268,279,142,-47,3561,-3576,-137,-572,871,-188,-117,22,794,-1167,-307,-205,85,1812,-1371,52,211,554,1011,705,582,-728,-1375,970,3752,-1972,4318,-3495,-1794,-167,-902,-448,909,-559,-19,-391,-141,138,-570,1514,-137,-1403,-70,169,600,265,376,-537,178,-212,8,838,4370,-3992
805,-71,32,962,-1500,513,66,712,760,-1188,-217,1629,-216,-1274,915,1659,1039,-2432,169,1615,1560,958,-4537,-847,-369,2674,-2754,145,-107,-25,579,-527,383,-427,1510,-934,-652,460,-42,-23,667,390,-422,-268,279,142,-47,3561,-3576,-137,-572,871,-188,-117,22,794,-1167,-307,-205,85,1812,-1371,52,211,554,1011,705,582,-728,-1375,970,3752,-1972,4318,-3495,-1794,-167,-902,-448,909,-559,-19,-391,-141,138,-570,1514,-137,-1403,-70,169,600,265,376,-537,178,-212,8,838,4370,-3992,-1755
806,32,962,-1500,513,66,712,760,-1188,-217,1629,-216,-1274,915,1659,1039,-2432,169,1615,1560,958,-4537,-847,-369,2674,-2754,145,-107,-25,579,-527,383,-427,1510,-934,-652,460,-42,-23,667,390,-422,-268,279,142,-47,3561,-3576,-137,-572,871,-188,-117,22,794,-1167,-307,-205,85,1812,-1371,52,211,554,1011,705,582,-728,-1375,970,3752,-1972,4318,-3495,-1794,-167,-902,-448,909,-559,-19,-391,-141,138,-570,1514,-137,-1403,-70,169,600,265,376,-537,178,-212,8,838,4370,-3992,-1755,-119
807,962,-1500,513,66,712,760,-1188,-217,1629,-216,-1274,915,1659,1039,-2432,169,1615,1560,958,-4537,-847,-369,2674,-2754,145,-107,-25,579,-527,383,-427,1510,-934,-652,460,-42,-23,667,390,-422,-268,279,142,-47,3561,-3576,-137,-572,871,-188,-117,22,794,-1167,-307,-205,85,1812,-1371,52,211,554,1011,705,582,-728,-1375,970,3752,-1972,4318,-3495,-1794,-167,-902,-448,909,-559,-19,-391,-141,138,-570,1514,-137,-1403,-70,169,600,265,376,-537,178,-212,8,838,4370,-3992,-1755,-119,342
808,-1500,513,66,712,760,-1188,-217,1629,-216,-1274,915,1659,1039,-2432,169,1615,1560,958,-4537,-847,-369,2674,-2754,145,-107,-25,579,-527,383,-427,1510,-934,-652,460,-42,-23,667,390,-422,-268,279,142,-47,3561,-3576,-137,-572,871,-188,-117,22,794,-1167,-307,-205,85,1812,-1371,52,211,554,1011,705,582,-728,-1375,970,3752,-1972,4318,-3495,-1794,-167,-902,-448,909,-559,-19,-391,-141,138,-570,1514,-137,-1403,-70,169,600,265,376,-537,178,-212,8,838,4370,-3992,-1755,-119,342,-559
809,513,66,712,760,-1188,-217,1629,-216,-1274,915,1659,1039,-2432,169,1615,1560,958,-4537,-847,-369,2674,-2754,145,-107,-25,579,-527,383,-427,1510,-934,-652,460,-42,-23,667,390,-422,-268,279,142,-47,3561,-3576,-137,-572,871,-188,-117,22,794,-1167,-307,-205,85,1812,-1371,52,211,554,1011,705,582,-728,-1375,970,3752,-1972,4318,-3495,-1794,-167,-902,-448,909,-559,-19,-391,-141,138,-570,1514,-137,-1403,-70,169,600,265,376,-537,178,-212,8,838,4370,-3992,-1755,-119,342,-559,-146
810,66,712,760,-1188,-217,1629,-216,-1274,915,1659,1039,-2432,169,1615,1560,958,-4537,-847,-369,2674,-2754,145,-107,-25,579,-527,383,-427,1510,-934,-652,460,-42,-23,667,390,-422,-268,279,142,-47,3561,-3576,-137,-572,871,-188,-117,22,794,-1167,-307,-205,85,1812,-1371,52,211,554,1011,705,582,-728,-1375,970,3752,-1972,4318,-3495,-1794,-167,-902,-448,909,-559,-19,-391,-141,138,-570,1514,-137,-1403,-70,169,600,265,376,-537,178,-212,8,838,4370,-3992,-1755,-119,342,-559,-146,-192
811,712,760,-1188,-217,1629,-216,-1274,915,1659,1039,-2432,169,1615,1560,958,-4537,-847,-369,2674,-2754,145,-107,-25,579,-527,383,-427,1510,-934,-652,460,-42,-23,667,390,-422,-268,279,142,-47,3561,-3576,-137,-572,871,-188,-117,22,794,-1167,-307,-205,85,1812,-1371,52,211,554,1011,705,582,-728,-1375,970,3752,-1972,4318,-3495,-1794,-167,-902,-448,909,-559,-19,-391,-141,138,-570,1514,-137,-1403,-70,169,600,265,376,-537,178,-212,8,838,4370,-3992,-1755,-119,342,-559,-146,-192,1634
812,760,-1188,-217,1629,-216,-1274,915,1659,1039,-2432,169,1615,1560,958,-4537,-847,-369,2674,-2754,145,-107,-25,579,-527,383,-427,1510,-934,-652,460,-42,-23,667,390,-422,-268,279,142,-47,3561,-3576,-137,-572,871,-188,-117,22,794,-1167,-307,-205,85,1812,-1371,52,211,554,1011,705,582,-728,-1375,970,3752,-1972,4318,-3495,-1794,-167,-902,-448,909,-559,-19,-391,-141,138,-570,1514,-137,-1403,-70,169,600,265,376,-537,178,-212,8,838,4370,-3992,-1755,-119,342,-559,-146,-192,1634,-64
813,-1188,-217,1629,-216,-1274,915,1659,1039,-2432,169,1615,1560,958,-4537,-847,-369,2674,-2754,145,-107,-25,579,-527,383,-427,1510,-934,-652,460,-42,-23,667,390,-422,-268,279,142,-47,3561,-3576,-137,-572,871,-188,-117,22,794,-1167,-307,-205,85,1812,-1371,52,211,554,1011,705,582,-728,-1375,970,3752,-1972,4318,-3495,-1794,-167,-902,-448,909,-559,-19,-391,-141,138,-570,1514,-137,-1403,-70,169,600,265,376,-537,178,-212,8,838,4370,-3992,-1755,-119,342,-559,-146,-192,1634,-64,-850
814,-217,1629,-216,-1274,915,1659,1039,-2432,169,1615,1560,958,-4537,-847,-369,2674,-2754,145,-107,-25,579,-527,383,-427,1510,-934,-652,460,-42,-23,667,390,-422,-268,279,142,-47,3561,-3576,-137,-572,871,-188,-117,22,794,-1167,-307,-205,85,1812,-1371,52,211,554,1011,705,582,-728,-1375,970,3752,-1972,4318,-3495,-1794,-167,-902,-448,909,-559,-19,-391,-141,138,-570,1514,-137,-1403,-70,169,600,265,376,-537,178,-212,8,838,4370,-3992,-1755,-119,342,-559,-146,-192,1634,-64,-850,80
815,1629,-216,-1274,915,1659,1039,-2432,169,1615,1560,958,-4537,-847,-369,2674,-2754,145,-107,-25,579,-527,383,-427,1510,-934,-652,460,-42,-23,667,390,-422,-268,279,142,-47,3561,-3576,-137,-572,871,-188,-117,22,794,-1167,-307,-205,85,1812,-1371,52,211,554,1011,705,582,-728,-1375,970,3752,-1972,4318,-3495,-1794,-167,-902,-448,909,-559,-19,-391,-141,138,-570,1514,-137,-1403,-70,169,600,265,376,-537,178,-212,8,838,4370,-3992,-1755,-119,342,-559,-146,-192,1634,-64,-850,80,395
816,-216,-1274,915,1659,1039,-2432,169,1615,1560,958,-4537,-847,-369,2674,-2754,145,-107,-25,579,-527,383,-427,1510,-934,-652,460,-42,-23,667,390,-422,-268,279,142,-47,3561,-3576,-137,-572,871,-188,-117,22,794,-1167,-307,-205,85,1812,-1371,52,211,554,1011,705,582,-728,-1375,970,3752,-1972,4318,-3495,-1794,-167,-902,-448,909,-559,-19,-391,-141,138,-570,1514,-137,-1403,-70,169,600,265,376,-537,178,-212,8,838,4370,-3992,-1755,-119,342,-559,-146,-192,1634,-64,-850,80,395,3147
817,-1274,915,1659,1039,-2432,169,1615,1560,958,-4537,-847,-369,2674,-2754,145,-107,-25,579,-527,383,-427,1510,-934,-652,460,-42,-23,667,390,-422,-268,279,142,-47,3561,-3576,-137,-572,871,-188,-117,22,794,-1167,-307,-205,85,1812,-1371,52,211,554,1011,705,582,-728,-1375,970,3752,-1972,4318,-3495,-1794,-167,-902,-448,909,-559,-19,-391,-141,138,-570,1514,-137,-1403,-70,169,600,265,376,-537,178,-212,8,838,4370,-3992,-1755,-119,342,-559,-146,-192,1634,-64,-850,80,395,3147,-1904
818,915,1659,1039,-2432,169,1615,1560,958,-4537,-847,-369,2674,-2754,145,-107,-25,579,-527,383,-427,1510,-934,-652,460,-42,-23,667,390,-422,-268,279,142,-47,3561,-3576,-137,-572,871,-188,-117,22,794,-1167,-307,-205,85,1812,-1371,52,211,554,1011,705,582,-728,-1375,970,3752,-1972,4318,-3495,-1794,-167,-902,-448,909,-559,-19,-391,-141,138,-570,1514,-137,-1403,-70,169,600,265,376,-537,178,-212,8,838,4370,-3992,-1755,-119,342,-559,-146,-192,1634,-64,-850,80,395,3147,-1904,-1059
819,1659,1039,-2432,169,1615,1560,958,-4537,-847,-369,2674,-2754,145,-107,-25,579,-527,383,-427,1510,-934,-652,460,-42,-23,667,390,-422,-268,279,142,-47,3561,-3576,-137,-572,871,-188,-117,22,794,-1167,-307,-205,85,1812,-1371,52,211,554,1011,705,582,-728,-1375,970,3752,-1972,4318,-3495,-1794,-167,-902,-448,909,-559,-19,-391,-141,138,-570,1514,-137,-1403,-70,169,600,265,376,-537,178,-212,8,838,4370,-3992,-1755,-119,342,-559,-146,-192,1634,-64,-850,80,395,3147,-1904,-1059,128
820,1039,-2432,169,1615,1560,958,-4537,-847,-369,2674,-2754,145,-107,-25,579,-527,383,-427,1510,-934,-652,460,-42,-23,667,390,-422,-268,279,142,-47,3561,-3576,-137,-572,871,-188,-117,22,794,-1167,-307,-205,85,1812,-1371,52,211,554,1011,705,582,-728,-1375,970,3752,-1972,4318,-3495,-1794,-167,-902,-448,909,-559,-19,-391,-141,138,-570,1514,-137,-1403,-70,169,600,265,376,-537,178,-212,8,838,4370,-3992,-1755,-119,342,-559,-146,-192,1634,-64,-850,80,395,3147,-1904,-1059,128,791
821,-2432,169,1615,1560,958,-4537,-847,-369,2674,-2754,145,-107,-25,579,-527,383,-427,1510,-934,-652,460,-42,-23,667,390,-422,-268,279,142,-47,3561,-3576,-137,-572,871,-188,-117,22,794,-1167,-307,-205,85,1812,-1371,52,211,554,1011,705,582,-728,-1375,970,3752,-1972,4318,-3495,-1794,-167,-902,-448,909,-559,-19,-391,-141,138,-570,1514,-137,-1403,-70,169,600,265,376,-537,178,-212,8,838,4370,-3992,-1755,-119,342,-559,-146,-192,1634,-64,-850,80,395,3147,-1904,-1059,128,791,126
822,169,1615,1560,958,-4537,-847,-369,2674,-2754,145,-107,-25,579,-527,383,-427,1510,-934,-652,460,-42,-23,667,390,-422,-268,279,142,-47,3561,-3576,-137,-572,871,-188,-117,22,794,-1167,-307,-205,85,1812,-1371,52,211,554,1011,705,582,-728,-1375,970,3752,-1972,4318,-3495,-1794,-167,-902,-448,909,-559,-19,-391,-141,138,-570,1514,-137,-1403,-70,169,600,265,376,-537,178,-212,8,838,4370,-3992,-1755,-119,342,-559,-146,-192,1634,-64,-850,80,395,3147,-1904,-1059,128,791,126,-1046
823,1615,1560,958,-4537,-847,-369,2674,-2754,145,-107,-25,579,-527,383,-427,1510,-934,-652,460,-42,-23,667,390,-422,-268,279,142,-47,3561,-3576,-137,-572,871,-188,-117,22,794,-1167,-307,-205,85,1812,-1371,52,211,554,1011,705,582,-728,-1375,970,3752,-1972,4318,-3495,-1794,-167,-902,-448,909,-559,-19,-391,-141,138,-570,1514,-137,-1403,-70,169,600,265,376,-537,178,-212,8,838,4370,-3992,-1755,-119,342,-559,-146,-192,1634,-64,-850,80,395,3147,-1904,-1059,128,791,126,-1046,3960
824,1560,958,-4537,-847,-369,2674,-2754,145,-107,-25,579,-527,383,-427,1510,-934,-652,460,-42,-23,667,390,-422,-268,279,142,-47,3561,-3576,-137,-572,871,-188,-117,22,794,-1167,-307,-205,85,1812,-1371,52,211,554,1011,705,582,-728,-1375,970,3752,-1972,4318,-3495,-1794,-167,-902,-448,909,-559,-19,-391,-141,138,-570,1514,-137,-1403,-70,169,600,265,376,-537,178,-212,8,838,4370,-3992,-1755,-119,342,-559,-146,-192,1634,-64,-850,80,395,3147,-1904,-1059,128,791,126,-1046,3960,1618
825,958,-4537,-847,-369,2674,-2754,145,-107,-25,579,-527,383,-427,1510,-934,-652,460,-42,-23,667,390,-422,-268,279,142,-47,3561,-3576,-137,-572,871,-188,-117,22,794,-1167,-307,-205,85,1812,-1371,52,211,554,1011,705,582,-728,-1375,970,3752,-1972,4318,-3495,-1794,-167,-902,-448,909,-559,-19,-391,-141,138,-570,1514,-137,-1403,-70,169,600,265,376,-537,178,-212,8,838,4370,-3992,-1755,-119,342,-559,-146,-192,1634,-64,-850,80,395,3147,-1904,-1059,128,791,126,-1046,3960,1618,-2980
826,-4537,-847,-369,2674,-2754,145,-107,-25,579,-527,383,-427,1510,-934,-652,460,-42,-23,667,390,-422,-268,279,142,-47,3561,-3576,-137,-572,871,-188,-117,22,794,-1167,-307,-205,85,1812,-1371,52,211,554,1011,705,582,-728,-1375,970,3752,-1972,4318,-3495,-1794,-167,-902,-448,909,-559,-19,-391,-141,138,-570,1514,-137,-1403,-70,169,600,265,376,-537,178,-212,8,838,4370,-3992,-1755,-119,342,-559,-146,-192,1634,-64,-850,80,395,3147,-1904,-1059,128,791,126,-1046,3960,1618,-2980,-1770
827,-847,-369,2674,-2754,145,-107,-25,579,-527,383,-427,1510,-934,-652,460,-42,-23,667,390,-422,-268,279,142,-47,3561,-3576,-137,-572,871,-188,-117,22,794,-1167,-307,-205,85,1812,-1371,52,211,554,1011,705,582,-728,-1375,970,3752,-1972,4318,-3495,-1794,-167,-902,-448,909,-559,-19,-391,-141,138,-570,1514,-137,-1403,-70,169,600,265,376,-537,178,-212,8,838,4370,-3992,-1755,-119,342,-559,-146,-192,1634,-64,-850,80,395,3147,-1904,-1059,128,791,126,-1046,3960,1618,-2980,-1770,4119
828,-369,2674,-2754,145,-107,-25,579,-527,383,-427,1510,-934,-652,460,-42,-23,667,390,-422,-268,279,142,-47,3561,-3576,-137,-572,871,-188,-117,22,794,-1167,-307,-205,85,1812,-1371,52,211,554,1011,705,582,-728,-1375,970,3752,-1972,4318,-3495,-1794,-167,-902,-448,909,-559,-19,-391,-141,138,-570,1514,-137,-1403,-70,169,600,265,376,-537,178,-212,8,838,4370,-3992,-1755,-119,342,-559,-146,-192,1634,-64,-850,80,395,3147,-1904,-1059,128,791,126,-1046,3960,1618,-2980,-1770,4119,3693
829,2674,-2754,145,-107,-25,579,-527,383,-427,1510,-934,-652,460,-42,-23,667,390,-422,-268,279,142,-47,3561,-3576,-137,-572,871,-188,-117,22,794,-1167,-307,-205,85,1812,-1371,52,211,554,1011,705,582,-728,-1375,970,3752,-1972,4318,-3495,-1794,-167,-902,-448,909,-559,-19,-391,-141,138,-570,1514,-137,-1403,-70,169,600,265,376,-537,178,-212,8,838,4370,-3992,-1755,-119,342,-559,-146,-192,1634,-64,-850,80,395,3147,-1904,-1059,128,791,126,-1046,3960,1618,-2980,-1770,4119,3693,-2457
830,-2754,145,-107,-25,579,-527,383,-427,1510,-934,-652,460,-42,-23,667,390,-422,-268,279,142,-47,3561,-3576,-137,-572,871,-188,-117,22,794,-1167,-307,-205,85,1812,-1371,52,211,554,1011,705,582,-728,-1375,970,3752,-1972,4318,-3495,-1794,-167,-902,-448,909,-559,-19,-391,-141,138,-570,1514,-137,-1403,-70,169,600,265,376,-537,178,-212,8,838,4370,-3992,-1755,-119,342,-559,-146,-192,1634,-64,-850,80,395,3147,-1904,-1059,128,791,126,-1046,3960,1618,-2980,-1770,4119,3693,-2457,-1774
831,145,-107,-25,579,-527,383,-427,1510,-934,-652,460,-42,-23,667,390,-422,-268,279,142,-47,3561,-3576,-137,-572,871,-188,-117,22,794,-1167,-307,-205,85,1812,-1371,52,211,554,1011,705,582,-728,-1375,970,3752,-1972,4318,-3495,-1794,-167,-902,-448,909,-559,-19,-391,-141,138,-570,1514,-137,-1403,-70,169,600,265,376,-537,178,-212,8,838,4370,-3992,-1755,-119,342,-559,-146,-192,1634,-64,-850,80,395,3147,-1904,-1059,128,791,126,-1046,3960,1618,-2980,-1770,4119,3693,-2457,-1774,-3919
832,-107,-25,579,-527,383,-427,1510,-934,-652,460,-42,-23,667,390,-422,-268,279,142,-47,3561,-3576,-137,-572,871,-188,-117,22,794,-1167,-307,-205,85,1812,-1371,52,211,554,1011,705,582,-728,-1375,970,3752,-1972,4318,-3495,-1794,-167,-902,-448,909,-559,-19,-391,-141,138,-570,1514,-137,-1403,-70,169,600,265,376,-537,178,-212,8,838,4370,-3992,-1755,-119,342,-559,-146,-192,1634,-64,-850,80,395,3147,-1904,-1059,128,791,126,-1046,3960,1618,-2980,-1770,4119,3693,-2457,-1774,-3919,-753
833,-25,579,-527,383,-427,1510,-934,-652,460,-42,-23,667,390,-422,-268,279,142,-47,3561,-3576,-137,-572,871,-188,-117,22,794,-1167,-307,-205,85,1812,-1371,52,211,554,1011,705,582,-728,-1375,970,3752,-1972,4318,-3495,-1794,-167,-902,-448,909,-559,-19,-391,-141,138,-570,1514,-137,-1403,-70,169,600,265,376,-537,178,-212,8,838,4370,-3992,-1755,-119,342,-559,-146,-192,1634,-64,-850,80,395,3147,-1904,-1059,128,791,126,-1046,3960,1618,-2980,-1770,4119,3693,-2457,-1774,-3919,-753,1043
834,579,-527,383,-427,1510,-934,-652,460,-42,-23,667,390,-422,-268,279,142,-47,3561,-3576,-137,-572,871,-188,-117,22,794,-1167,-307,-205,85,1812,-1371,52,211,554,1011,705,582,-728,-1375,970,3752,-1972,4318,-3495,-1794,-167,-902,-448,909,-559,-19,-391,-141,138,-570,1514,-137,-1403,-70,169,600,265,376,-537,178,-212,8,838,4370,-3992,-1755,-119,342,-559,-146,-192,1634,-64,-850,80,395,3147,-1904,-1059,128,791,126,-1046,3960,1618,-2980,-1770,4119,3693,-2457,-1774,-3919,-753,1043,-843
835,-527,383,-427,1510,-934,-652,460,-42,-23,667,390,-422,-268,279,142,-47,3561,-3576,-137,-572,871,-188,-117,22,794,-1167,-307,-205,85,1812,-1371,52,211,554,1011,705,582,-728,-1375,970,3752,-1972,4318,-3495,-1794,-167,-902,-448,909,-559,-19,-391,-141,138,-570,1514,-137,-1403,-70,169,600,265,376,-537,178,-212,8,838,4370,-3992,-1755,-119,342,-559,-146,-192,1634,-64,-850,80,395,3147,-1904,-1059,128,791,126,-1046,3960,1618,-2980,-1770,4119,3693,-2457,-1774,-3919,-753,1043,-843,-497
836,383,-427,1510,-934,-652,460,-42,-23,667,390,-422,-268,279,142,-47,3561,-3576,-137,-572,871,-188,-117,22,794,-1167,-307,-205,85,1812,-1371,52,211,554,1011,705,582,-728,-1375,970,3752,-1972,4318,-3495,-1794,-167,-902,-448,909,-559,-19,-391,-141,138,-570,1514,-137,-1403,-70,169,600,265,376,-537,178,-212,8,838,4370,-3992,-1755,-119,342,-559,-146,-192,1634,-64,-850,80,395,3147,-1904,-1059,128,791,126,-1046,3960,1618,-2980,-1770,4119,3693,-2457,-1774,-3919,-753,1043,-843,-497,-634
837,-427,1510,-934,-652,460,-42,-23,667,390,-422,-268,279,142,-47,3561,-3576,-137,-572,871,-188,-117,22,794,-1167,-307,-205,85,1812,-1371,52,211,554,1011,705,582,-728,-1375,970,3752,-1972,4318,-3495,-1794,-167,-902,-448,909,-559,-19,-391,-141,138,-570,1514,-137,-1403,-70,169,600,265,376,-537,178,-212,8,838,4370,-3992,-1755,-119,342,-559,-146,-192,1634,-64,-850,80,395,3147,-1904,-1059,128,791,126,-1046,3960,1618,-2980,-1770,4119,3693,-2457,-1774,-3919,-753,1043,-843,-497,-634,876
838,1510,-934,-652,460,-42,-23,667,390,-422,-268,279,142,-47,3561,-3576,-137,-572,871,-188,-117,22,794,-1167,-307,-205,85,1812,-1371,52,211,554,1011,705,582,-728,-1375,970,3752,-1972,4318,-3495,-1794,-167,-902,-448,909,-559,-19,-391,-141,138,-570,1514,-137,-1403,-70,169,600,265,376,-537,178,-212,8,838,4370,-3992,-1755,-119,342,-559,-146,-192,1634,-64,-850,80,395,3147,-1904,-1059,128,791,126,-1046,3960,1618,-2980,-1770,4119,3693,-2457,-1774,-3919,-753,1043,-843,-497,-634,876,-428
839,-934,-652,460,-42,-23,667,390,-422,-268,279,142,-47,3561,-3576,-137,-572,871,-188,-117,22,794,-1167,-307,-205,85,1812,-1371,52,211,554,1011,705,582,-728,-1375,970,3752,-1972,4318,-3495,-1794,-167,-902,-448,909,-559,-19,-391,-141,138,-570,1514,-137,-1403,-70,169,600,265,376,-537,178,-212,8,838,4370,-3992,-1755,-119,342,-559,-146,-192,1634,-64,-850,80,395,3147,-1904,-1059,128,791,126,-1046,3960,1618,-2980,-1770,4119,3693,-2457,-1774,-3919,-753,1043,-843,-497,-634,876,-428,343
840,-652,460,-42,-23,667,390,-422,-268,279,142,-47,3561,-3576,-137,-572,871,-188,-117,22,794,-1167,-307,-205,85,1812,-1371,52,211,554,1011,705,582,-728,-1375,970,3752,-1972,4318,-3495,-1794,-167,-902,-448,909,-559,-19,-391,-141,138,-570,1514,-137,-1403,-70,169,600,265,376,-537,178,-212,8,838,4370,-3992,-1755,-119,342,-559,-146,-192,1634,-64,-850,80,395,3147,-1904,-1059,128,791,126,-1046,3960,1618,-2980,-1770,4119,3693,-2457,-1774,-3919,-753,1043,-843,-497,-634,876,-428,343,139
841,460,-42,-23,667,390,-422,-268,279,142,-47,3561,-3576,-137,-572,871,-188,-117,22,794,-1167,-307,-205,85,1812,-1371,52,211,554,1011,705,582,-728,-1375,970,3752,-1972,4318,-3495,-1794,-167,-902,-448,909,-559,-19,-391,-141,138,-570,1514,-137,-1403,-70,169,600,265,376,-537,178,-212,8,838,4370,-3992,-1755,-119,342,-559,-146,-192,1634,-64,-850,80,395,3147,-1904,-1059,128,791,126,-1046,3960,1618,-2980,-1770,4119,3693,-2457,-1774,-3919,-753,1043,-843,-497,-634,876,-428,343,139,377
842,-42,-23,667,390,-422,-268,279,142,-47,3561,-3576,-137,-572,871,-188,-117,22,794,-1167,-307,-205,85,1812,-1371,52,211,554,1011,705,582,-728,-1375,970,3752,-1972,4318,-3495,-1794,-167,-902,-448,909,-559,-19,-391,-141,138,-570,1514,-137,-1403,-70,169,600,265,376,-537,178,-212,8,838,4370,-3992,-1755,-119,342,-559,-146,-192,1634,-64,-850,80,395,3147,-1904,-1059,128,791,126,-1046,3960,1618,-2980,-1770,4119,3693,-2457,-1774,-3919,-753,1043,-843,-497,-634,876,-428,343,139,377,1776
843,-23,667,390,-422,-268,279,142,-47,3561,-3576,-137,-572,871,-188,-117,22,794,-1167,-307,-205,85,1812,-1371,52,211,554,1011,705,582,-728,-1375,970,3752,-1972,4318,-3495,-1794,-167,-902,-448,909,-559,-19,-391,-141,138,-570,1514,-137,-1403,-70,169,600,265,376,-537,178,-212,8,838,4370,-3992,-1755,-119,342,-559,-146,-192,1634,-64,-850,80,395,3147,-1904,-1059,128,791,126,-1046,3960,1618,-2980,-1770,4119,3693,-2457,-1774,-3919,-753,1043,-843,-497,-634,876,-428,343,139,377,1776,-2215
844,667,390,-422,-268,279,142,-47,3561,-3576,-137,-572,871,-188,-117,22,794,-1167,-307,-205,85,1812,-1371,52,211,554,1011,705,582,-728,-1375,970,3752,-1972,4318,-3495,-1794,-167,-902,-448,909,-559,-19,-391,-141,138,-570,1514,-137,-1403,-70,169,600,265,376,-537,178,-212,8,838,4370,-3992,-1755,-119,342,-559,-146,-192,1634,-64,-850,80,395,3147,-1904,-1059,128,791,126,-1046,3960,1618,-2980,-1770,4119,3693,-2457,-1774,-3919,-753,1043,-843,-497,-634,876,-428,343,139,377,1776,-2215,-438
845,390,-422,-268,279,142,-47,3561,-3576,-137,-572,871,-188,-117,22,794,-1167,-307,-205,85,1812,-1371,52,211,554,1011,705,582,-728,-1375,970,3752,-1972,4318,-3495,-1794,-167,-902,-448,909,-559,-19,-391,-141,138,-570,1514,-137,-1403,-70,169,600,265,376,-537,178,-212,8,838,4370,-3992,-1755,-119,342,-559,-146,-192,1634,-64,-850,80,395,3147,-1904,-1059,128,791,126,-1046,3960,1618,-2980,-1770,4119,3693,-2457,-1774,-3919,-753,1043,-843,-497,-634,876,-428,343,139,377,1776,-2215,-438,124
846,-422,-268,279,142,-47,3561,-3576,-137,-572,871,-188,-117,22,794,-1167,-307,-205,85,1812,-1371,52,211,554,1011,705,582,-728,-1375,970,3752,-1972,4318,-3495,-1794,-167,-902,-448,909,-559,-19,-391,-141,138,-570,1514,-137,-1403,-70,169,600,265,376,-537,178,-212,8,838,4370,-3992,-1755,-119,342,-559,-146,-192,1634,-64,-850,80,395,3147,-1904,-1059,128,791,126,-1046,3960,1618,-2980,-1770,4119,3693,-2457,-1774,-3919,-753,1043,-843,-497,-634,876,-428,343,139,377,1776,-2215,-438,124,-58
847,-268,279,142,-47,3561,-3576,-137,-572,871,-188,-117,22,794,-1167,-307,-205,85,1812,-1371,52,211,554,1011,705,582,-728,-1375,970,3752,-1972,4318,-3495,-1794,-167,-902,-448,909,-559,-19,-391,-141,138,-570,1514,-137,-1403,-70,169,600,265,376,-537,178,-212,8,838,4370,-3992,-1755,-119,342,-559,-146,-192,1634,-64,-850,80,395,3147,-1904,-1059,128,791,126,-1046,3960,1618,-2980,-1770,4119,3693,-2457,-1774,-3919,-753,1043,-843,-497,-634,876,-428,343,139,377,1776,-2215,-438,124,-58,-269
848,279,142,-47,3561,-3576,-137,-572,871,-188,-117,22,794,-1167,-307,-205,85,1812,-1371,52,211,554,1011,705,582,-728,-1375,970,3752,-1972,4318,-3495,-1794,-167,-902,-448,909,-559,-19,-391,-141,138,-570,1514,-137,-1403,-70,169,600,265,376,-537,178,-212,8,838,4370,-3992,-1755,-119,342,-559,-146,-192,1634,-64,-850,80,395,3147,-1904,-1059,128,791,126,-1046,3960,1618,-2980,-1770,4119,3693,-2457,-1774,-3919,-753,1043,-843,-497,-634,876,-428,343,139,377,1776,-2215,-438,124,-58,-269,194
849,142,-47,3561,-3576,-137,-572,871,-188,-117,22,794,-1167,-307,-205,85,1812,-1371,52,211,554,1011,705,582,-728,-1375,970,3752,-1972,4318,-3495,-1794,-167,-902,-448,909,-559,-19,-391,-141,138,-570,1514,-137,-1403,-70,169,600,265,376,-537,178,-212,8,838,4370,-3992,-1755,-119,342,-559,-146,-192,1634,-64,-850,80,395,3147,-1904,-1059,128,791,126,-1046,3960,1618,-2980,-1770,4119,3693,-2457,-1774,-3919,-753,1043,-843,-497,-634,876,-428,343,139,377,1776,-2215,-438,124,-58,-269,194,461
850,-47,3561,-3576,-137,-572,871,-188,-117,22,794,-1167,-307,-205,85,1812,-1371,52,211,554,1011,705,582,-728,-1375,970,3752,-1972,4318,-3495,-1794,-167,-902,-448,909,-559,-19,-391,-141,138,-570,1514,-137,-1403,-70,169,600,265,376,-537,178,-212,8,838,4370,-3992,-1755,-119,342,-559,-146,-192,1634,-64,-850,80,395,3147,-1904,-1059,128,791,126,-1046,3960,1618,-2980,-1770,4119,3693,-2457,-1774,-3919,-753,1043,-843,-497,-634,876,-428,343,139,377,1776,-2215,-438,124,-58,-269,194,461,-127
851,3561,-3576,-137,-572,871,-188,-117,22,794,-1167,-307,-205,85,1812,-1371,52,211,554,1011,705,582,-728,-1375,970,3752,-1972,4318,-3495,-1794,-167,-902,-448,909,-559,-19,-391,-141,138,-570,1514,-137,-1403,-70,169,600,265,376,-537,178,-212,8,838,4370,-3992,-1755,-119,342,-559,-146,-192,1634,-64,-850,80,395,3147,-1904,-1059,128,791,126,-1046,3960,1618,-2980,-1770,4119,3693,-2457,-1774,-3919,-753,1043,-843,-497,-634,876,-428,343,139,377,1776,-2215,-438,124,-58,-269,194,461,-127,44
852,-3576,-137,-572,871,-188,-117,22,794,-1167,-307,-205,85,1812,-1371,52,211,554,1011,705,582,-728,-1375,970,3752,-1972,4318,-3495,-1794,-167,-902,-448,909,-559,-19,-391,-141,138,-570,1514,-137,-1403,-70,169,600,265,376,-537,178,-212,8,838,4370,-3992,-1755,-119,342,-559,-146,-192,1634,-64,-850,80,395,3147,-1904,-1059,128,791,126,-1046,3960,1618,-2980,-1770,4119,3693,-2457,-1774,-3919,-753,1043,-843,-497,-634,876,-428,343,139,377,1776,-2215,-438,124,-58,-269,194,461,-127,44,-776
853,-137,-572,871,-188,-117,22,794,-1167,-307,-205,85,1812,-1371,52,211,554,1011,705,582,-728,-1375,970,3752,-1972,4318,-3495,-1794,-167,-902,-448,909,-559,-19,-391,-141,138,-570,1514,-137,-1403,-70,169,600,265,376,-537,178,-212,8,838,4370,-3992,-1755,-119,342,-559,-146,-192,1634,-64,-850,80,395,3147,-1904,-1059,128,791,126,-1046,3960,1618,-2980,-1770,4119,3693,-2457,-1774,-3919,-753,1043,-843,-497,-634,876,-428,343,139,377,1776,-2215,-438,124,-58,-269,194,461,-127,44,-776,-1
854,-572,871,-188,-117,22,794,-1167,-307,-205,85,1812,-1371,52,211,554,1011,705,582,-728,-1375,970,3752,-1972,4318,-3495,-1794,-167,-902,-448,909,-559,-19,-391,-141,138,-570,1514,-137,-1403,-70,169,600,265,376,-537,178,-212,8,838,4370,-3992,-1755,-119,342,-559,-146,-192,1634,-64,-850,80,395,3147,-1904,-1059,128,791,126,-1046,3960,1618,-2980,-1770,4119,3693,-2457,-1774,-3919,-753,1043,-843,-497,-634,876,-428,343,139,377,1776,-2215,-438,124,-58,-269,194,461,-127,44,-776,-1,-192
855,871,-188,-117,22,794,-1167,-307,-205,85,1812,-1371,52,211,554,1011,705,582,-728,-1375,970,3752,-1972,4318,-3495,-1794,-167,-902,-448,909,-559,-19,-391,-141,138,-570,1514,-137,-1403,-70,169,600,265,376,-537,178,-212,8,838,4370,-3992,-1755,-119,342,-559,-146,-192,1634,-64,-850,80,395,3147,-1904,-1059,128,791,126,-1046,3960,1618,-2980,-1770,4119,3693,-2457,-1774,-3919,-753,1043,-843,-497,-634,876,-428,343,139,377,1776,-2215,-438,124,-58,-269,194,461,-127,44,-776,-1,-192,5790
856,-188,-117,22,794,-1167,-307,-205,85,1812,-1371,52,211,554,1011,705,582,-728,-1375,970,3752,-1972,4318,-3495,-1794,-167,-902,-448,909,-559,-19,-391,-141,138,-570,1514,-137,-1403,-70,169,600,265,376,-537,178,-212,8,838,4370,-3992,-1755,-119,342,-559,-146,-192,1634,-64,-850,80,395,3147,-1904,-1059,128,791,126,-1046,3960,1618,-2980,-1770,4119,3693,-2457,-1774,-3919,-753,1043,-843,-497,-634,876,-428,343,139,377,1776,-2215,-438,124,-58,-269,194,461,-127,44,-776,-1,-192,5790,-4293
857,-117,22,794,-1167,-307,-205,85,1812,-1371,52,211,554,1011,705,582,-728,-1375,970,3752,-1972,4318,-3495,-1794,-167,-902,-448,909,-559,-19,-391,-141,138,-570,1514,-137,-1403,-70,169,600,265,376,-537,178,-212,8,838,4370,-3992,-1755,-119,342,-559,-146,-192,1634,-64,-850,80,395,3147,-1904,-1059,128,791,126,-1046,3960,1618,-2980,-1770,4119,3693,-2457,-1774,-3919,-753,1043,-843,-497,-634,876,-428,343,139,377,1776,-2215,-438,124,-58,-269,194,461,-127,44,-776,-1,-192,5790,-4293,-1140
858,22,794,-1167,-307,-205,85,1812,-1371,52,211,554,1011,705,582,-728,-1375,970,3752,-1972,4318,-3495,-1794,-167,-902,-448,909,-559,-19,-391,-141,138,-570,1514,-137,-1403,-70,169,600,265,376,-537,178,-212,8,838,4370,-3992,-1755,-119,342,-559,-146,-192,1634,-64,-850,80,395,3147,-1904,-1059,128,791,126,-1046,3960,1618,-2980,-1770,4119,3693,-2457,-1774,-3919,-753,1043,-843,-497,-634,876,-428,343,139,377,1776,-2215,-438,124,-58,-269,194,461,-127,44,-776,-1,-192,5790,-4293,-1140,-294
859,794,-1167,-307,-205,85,1812,-1371,52,211,554,1011,705,582,-728,-1375,970,3752,-1972,4318,-3495,-1794,-167,-902,-448,909,-559,-19,-391,-141,138,-570,1514,-137,-1403,-70,169,600,265,376,-537,178,-212,8,838,4370,-3992,-1755,-119,342,-559,-146,-192,1634,-64,-850,80,395,3147,-1904,-1059,128,791,126,-1046,3960,1618,-2980,-1770,4119,3693,-2457,-1774,-3919,-753,1043,-843,-497,-634,876,-428,343,139,377,1776,-2215,-438,124,-58,-269,194,461,-127,44,-776,-1,-192,5790,-4293,-1140,-294,485
860,-1167,-307,-205,85,1812,-1371,52,211,554,1011,705,582,-728,-1375,970,3752,-1972,4318,-3495,-1794,-167,-902,-448,909,-559,-19,-391,-141,138,-570,1514,-137,-1403,-70,169,600,265,376,-537,178,-212,8,838,4370,-3992,-1755,-119,342,-559,-146,-192,1634,-64,-850,80,395,3147,-1904,-1059,128,791,126,-1046,3960,1618,-2980,-1770,4119,3693,-2457,-1774,-3919,-753,1043,-843,-497,-634,876,-428,343,139,377,1776,-2215,-438,124,-58,-269,194,461,-127,44,-776,-1,-192,5790,-4293,-1140,-294,485,-332
861,-307,-205,85,1812,-1371,52,211,554,1011,705,582,-728,-1375,970,3752,-1972,4318,-3495,-1794,-167,-902,-448,909,-559,-19,-391,-141,138,-570,1514,-137,-1403,-70,169,600,265,376,-537,178,-212,8,838,4370,-3992,-1755,-119,342,-559,-146,-192,1634,-64,-850,80,395,3147,-1904,-1059,128,791,126,-1046,3960,1618,-2980,-1770,4119,3693,-2457,-1774,-3919,-753,1043,-843,-497,-634,876,-428,343,139,377,1776,-2215,-438,124,-58,-269,194,461,-127,44,-776,-1,-192,5790,-4293,-1140,-294,485,-332,-69
862,-205,85,1812,-1371,52,211,554,1011,705,582,-728,-1375,970,3752,-1972,4318,-3495,-1794,-167,-902,-448,909,-559,-19,-391,-141,138,-570,1514,-137,-1403,-70,169,600,265,376,-537,178,-212,8,838,4370,-3992,-1755,-119,342,-559,-146,-192,1634,-64,-850,80,395,3147,-1904,-1059,128,791,126,-1046,3960,1618,-2980,-1770,4119,3693,-2457,-1774,-3919,-753,1043,-843,-497,-634,876,-428,343,139,377,1776,-2215,-438,124,-58,-269,194,461,-127,44,-776,-1,-192,5790,-4293,-1140,-294,485,-332,-69,-258
863,85,1812,-1371,52,211,554,1011,705,582,-728,-1375,970,3752,-1972,4318,-3495,-1794,-167,-902,-448,909,-559,-19,-391,-141,138,-570,1514,-137,-1403,-70,169,600,265,376,-537,178,-212,8,838,4370,-3992,-1755,-119,342,-559,-146,-192,1634,-64,-850,80,395,3147,-1904,-1059,128,791,126,-1046,3960,1618,-2980,-1770,4119,3693,-2457,-1774,-3919,-753,1043,-843,-497,-634,876,-428,343,139,377,1776,-2215,-438,124,-58,-269,194,461,-127,44,-776,-1,-192,5790,-4293,-1140,-294,485,-332,-69,-258,1059
864,1812,-1371,52,211,554,1011,705,582,-728,-1375,970,3752,-1972,4318,-3495,-1794,-167,-902,-448,909,-559,-19,-391,-141,138,-570,1514,-137,-1403,-70,169,600,265,376,-537,178,-212,8,838,4370,-3992,-1755,-119,342,-559,-146,-192,1634,-64,-850,80,395,3147,-1904,-1059,128,791,126,-1046,3960,1618,-2980,-1770,4119,3693,-2457,-1774,-3919,-753,1043,-843,-497,-634,876,-428,343,139,377,1776,-2215,-438,124,-58,-269,194,461,-127,44,-776,-1,-192,5790,-4293,-1140,-294,485,-332,-69,-258,1059,-898
865,-1371,52,211,554,1011,705,582,-728,-1375,970,3752,-1972,4318,-3495,-1794,-167,-902,-448,909,-559,-19,-391,-141,138,-570,1514,-137,-1403,-70,169,600,265,376,-537,178,-212,8,838,4370,-3992,-1755,-119,342,-559,-146,-192,1634,-64,-850,80,395,3147,-1904,-1059,128,791,126,-1046,3960,1618,-2980,-1770,4119,3693,-2457,-1774,-3919,-753,1043,-843,-497,-634,876,-428,343,139,377,1776,-2215,-438,124,-58,-269,194,461,-127,44,-776,-1,-192,5790,-4293,-1140,-294,485,-332,-69,-258,1059,-898,-7
866,52,211,554,1011,705,582,-728,-1375,970,3752,-1972,4318,-3495,-1794,-167,-902,-448,909,-559,-19,-391,-141,138,-570,1514,-137,-1403,-70,169,600,265,376,-537,178,-212,8,838,4370,-3992,-1755,-119,342,-559,-146,-192,1634,-64,-850,80,395,3147,-1904,-1059,128,791,126,-1046,3960,1618,-2980,-1770,4119,3693,-2457,-1774,-3919,-753,1043,-843,-497,-634,876,-428,343,139,377,1776,-2215,-438,124,-58,-269,194,461,-127,44,-776,-1,-192,5790,-4293,-1140,-294,485,-332,-69,-258,1059,-898,-7,-655
867,211,554,1011,705,582,-728,-1375,970,3752,-1972,4318,-3495,-1794,-167,-902,-448,909,-559,-19,-391,-141,138,-570,1514,-137,-1403,-70,169,600,265,376,-537,178,-212,8,838,4370,-3992,-1755,-119,342,-559,-146,-192,1634,-64,-850,80,395,3147,-1904,-1059,128,791,126,-1046,3960,1618,-2980,-1770,4119,3693,-2457,-1774,-3919,-753,1043,-843,-497,-634,876,-428,343,139,377,1776,-2215,-438,124,-58,-269,194,461,-127,44,-776,-1,-192,5790,-4293,-1140,-294,485,-332,-69,-258,1059,-898,-7,-655,1764
868,554,1011,705,582,-728,-1375,970,3752,-1972,4318,-3495,-1794,-167,-902,-448,909,-559,-19,-391,-141,138,-570,1514,-137,-1403,-70,169,600,265,376,-537,178,-212,8,838,4370,-3992,-1755,-119,342,-559,-146,-192,1634,-64,-850,80,395,3147,-1904,-1059,128,791,126,-1046,3960,1618,-2980,-1770,4119,3693,-2457,-1774,-3919,-753,1043,-843,-497,-634,876,-428,343,139,377,1776,-2215,-438,124,-58,-269,194,461,-127,44,-776,-1,-192,5790,-4293,-1140,-294,485,-332,-69,-258,1059,-898,-7,-655,1764,2057
869,1011,705,582,-728,-1375,970,3752,-1972,4318,-3495,-1794,-167,-902,-448,909,-559,-19,-391,-141,138,-570,1514,-137,-1403,-70,169,600,265,376,-537,178,-212,8,838,4370,-3992,-1755,-119,342,-559,-146,-192,1634,-64,-850,80,395,3147,-1904,-1059,128,791,126,-1046,3960,1618,-2980,-1770,4119,3693,-2457,-1774,-3919,-753,1043,-843,-497,-634,876,-428,343,139,377,1776,-2215,-438,124,-58,-269,194,461,-127,44,-776,-1,-192,5790,-4293,-1140,-294,485,-332,-69,-258,1059,-898,-7,-655,1764,2057,-1729
870,705,582,-728,-1375,970,3752,-1972,4318,-3495,-1794,-167,-902,-448,909,-559,-19,-391,-141,138,-570,1514,-137,-1403,-70,169,600,265,376,-537,178,-212,8,838,4370,-3992,-1755,-119,342,-559,-146,-192,1634,-64,-850,80,395,3147,-1904,-1059,128,791,126,-1046,3960,1618,-2980,-1770,4119,3693,-2457,-1774,-3919,-753,1043,-843,-497,-634,876,-428,343,139,377,1776,-2215,-438,124,-58,-269,194,461,-127,44,-776,-1,-192,5790,-4293,-1140,-294,485,-332,-69,-258,1059,-898,-7,-655,1764,2057,-1729,-560
871,582,-728,-1375,970,3752,-1972,4318,-3495,-1794,-167,-902,-448,909,-559,-19,-391,-141,138,-570,1514,-137,-1403,-70,169,600,265,376,-537,178,-212,8,838,4370,-3992,-1755,-119,342,-559,-146,-192,1634,-64,-850,80,395,3147,-1904,-1059,128,791,126,-1046,3960,1618,-2980,-1770,4119,3693,-2457,-1774,-3919,-753,1043,-843,-497,-634,876,-428,343,139,377,1776,-2215,-438,124,-58,-269,194,461,-127,44,-776,-1,-192,5790,-4293,-1140,-294,485,-332,-69,-258,1059,-898,-7,-655,1764,2057,-1729,-560,-224
872,-728,-1375,970,3752,-1972,4318,-3495,-1794,-167,-902,-448,909,-559,-19,-391,-141,138,-570,1514,-137,-1403,-70,169,600,265,376,-537,178,-212,8,838,4370,-3992,-1755,-119,342,-559,-146,-192,1634,-64,-850,80,395,3147,-1904,-1059,128,791,126,-1046,3960,1618,-2980,-1770,4119,3693,-2457,-1774,-3919,-753,1043,-843,-497,-634,876,-428,343,139,377,1776,-2215,-438,124,-58,-269,194,461,-127,44,-776,-1,-192,5790,-4293,-1140,-294,485,-332,-69,-258,1059,-898,-7,-655,1764,2057,-1729,-560,-224,1401
873,-1375,970,3752,-1972,4318,-3495,-1794,-167,-902,-448,909,-559,-19,-391,-141,138,-570,1514,-137,-1403,-70,169,600,265,376,-537,178,-212,8,838,4370,-3992,-1755,-119,342,-559,-146,-192,1634,-64,-850,80,395,3147,-1904,-1059,128,791,126,-1046,3960,1618,-2980,-1770,4119,3693,-2457,-1774,-3919,-753,1043,-843,-497,-634,876,-428,343,139,377,1776,-2215,-438,124,-58,-269,194,461,-127,44,-776,-1,-192,5790,-4293,-1140,-294,485,-332,-69,-258,1059,-898,-7,-655,1764,2057,-1729,-560,-224,1401,-169
874,970,3752,-1972,4318,-3495,-1794,-167,-902,-448,909,-559,-19,-391,-141,138,-570,1514,-137,-1403,-70,169,600,265,376,-537,178,-212,8,838,4370,-3992,-1755,-119,342,-559,-146,-192,1634,-64,-850,80,395,3147,-1904,-1059,128,791,126,-1046,3960,1618,-2980,-1770,4119,3693,-2457,-1774,-3919,-753,1043,-843,-497,-634,876,-428,343,139,377,1776,-2215,-438,124,-58,-269,194,461,-127,44,-776,-1,-192,5790,-4293,-1140,-294,485,-332,-69,-258,1059,-898,-7,-655,1764,2057,-1729,-560,-224,1401,-169,-435
875,3752,-1972,4318,-3495,-1794,-167,-902,-448,909,-559,-19,-391,-141,138,-570,1514,-137,-1403,-70,169,600,265,376,-537,178,-212,8,838,4370,-3992,-1755,-119,342,-559,-146,-192,1634,-64,-850,80,395,3147,-1904,-1059,128,791,126,-1046,3960,1618,-2980,-1770,4119,3693,-2457,-1774,-3919,-753,1043,-843,-497,-634,876,-428,343,139,377,1776,-2215,-438,124,-58,-269,194,461,-127,44,-776,-1,-192,5790,-4293,-1140,-294,485,-332,-69,-258,1059,-898,-7,-655,1764,2057,-1729,-560,-224,1401,-169,-435,504
876,-1972,4318,-3495,-1794,-167,-902,-448,909,-559,-19,-391,-141,138,-570,1514,-137,-1403,-70,169,600,265,376,-537,178,-212,8,838,4370,-3992,-1755,-119,342,-559,-146,-192,1634,-64,-850,80,395,3147,-1904,-1059,128,791,126,-1046,3960,1618,-2980,-1770,4119,3693,-2457,-1774,-3919,-753,1043,-843,-497,-634,876,-428,343,139,377,1776,-2215,-438,124,-58,-269,194,461,-127,44,-776,-1,-192,5790,-4293,-1140,-294,485,-332,-69,-258,1059,-898,-7,-655,1764,2057,-1729,-560,-224,1401,-169,-435,504,3275
877,4318,-3495,-1794,-167,-902,-448,909,-559,-19,-391,-141,138,-570,1514,-137,-1403,-70,169,600,265,376,-537,178,-212,8,838,4370,-3992,-1755,-119,342,-559,-146,-192,1634,-64,-850,80,395,3147,-1904,-1059,128,791,126,-1046,3960,1618,-2980,-1770,4119,3693,-2457,-1774,-3919,-753,1043,-843,-497,-634,876,-428,343,139,377,1776,-2215,-438,124,-58,-269,194,461,-127,44,-776,-1,-192,5790,-4293,-1140,-294,485,-332,-69,-258,1059,-898,-7,-655,1764,2057,-1729,-560,-224,1401,-169,-435,504,3275,765
878,-3495,-1794,-167,-902,-448,909,-559,-19,-391,-141,138,-570,1514,-137,-1403,-70,169,600,265,376,-537,178,-212,8,838,4370,-3992,-1755,-119,342,-559,-146,-192,1634,-64,-850,80,395,3147,-1904,-1059,128,791,126,-1046,3960,1618,-2980,-1770,4119,3693,-2457,-1774,-3919,-753,1043,-843,-497,-634,876,-428,343,139,377,1776,-2215,-438,124,-58,-269,194,461,-127,44,-776,-1,-192,5790,-4293,-1140,-294,485,-332,-69,-258,1059,-898,-7,-655,1764,2057,-1729,-560,-224,1401,-169,-435,504,3275,765,-3682
879,-1794,-167,-902,-448,909,-559,-19,-391,-141,138,-570,1514,-137,-1403,-70,169,600,265,376,-537,178,-212,8,838,4370,-3992,-1755,-119,342,-559,-146,-192,1634,-64,-850,80,395,3147,-1904,-1059,128,791,126,-1046,3960,1618,-2980,-1770,4119,3693,-2457,-1774,-3919,-753,1043,-843,-497,-634,876,-428,343,139,377,1776,-2215,-438,124,-58,-269,194,461,-127,44,-776,-1,-192,5790,-4293,-1140,-294,485,-332,-69,-258,1059,-898,-7,-655,1764,2057,-1729,-560,-224,1401,-169,-435,504,3275,765,-3682,1143
880,-167,-902,-448,909,-559,-19,-391,-141,138,-570,1514,-137,-1403,-70,169,600,265,376,-537,178,-212,8,838,4370,-3992,-1755,-119,342,-559,-146,-192,1634,-64,-850,80,395,3147,-1904,-1059,128,791,126,-1046,3960,1618,-2980,-1770,4119,3693,-2457,-1774,-3919,-753,1043,-843,-497,-634,876,-428,343,139,377,1776,-2215,-438,124,-58,-269,194,461,-127,44,-776,-1,-192,5790,-4293,-1140,-294,485,-332,-69,-258,1059,-898,-7,-655,1764,2057,-1729,-560,-224,1401,-169,-435,504,3275,765,-3682,1143,7450
881,-902,-448,909,-559,-19,-391,-141,138,-570,1514,-137,-1403,-70,169,600,265,376,-537,178,-212,8,838,4370,-3992,-1755,-119,342,-559,-146,-192,1634,-64,-850,80,395,3147,-1904,-1059,128,791,126,-1046,3960,1618,-2980,-1770,4119,3693,-2457,-1774,-3919,-753,1043,-843,-497,-634,876,-428,343,139,377,1776,-2215,-438,124,-58,-269,194,461,-127,44,-776,-1,-192,5790,-4293,-1140,-294,485,-332,-69,-258,1059,-898,-7,-655,1764,2057,-1729,-560,-224,1401,-169,-435,504,3275,765,-3682,1143,7450,-4523
882,-448,909,-559,-19,-391,-141,138,-570,1514,-137,-1403,-70,169,600,265,376,-537,178,-212,8,838,4370,-3992,-1755,-119,342,-559,-146,-192,1634,-64,-850,80,395,3147,-1904,-1059,128,791,126,-1046,3960,1618,-2980,-1770,4119,3693,-2457,-1774,-3919,-753,1043,-843,-497,-634,876,-428,343,139,377,1776,-2215,-438,124,-58,-269,194,461,-127,44,-776,-1,-192,5790,-4293,-1140,-294,485,-332,-69,-258,1059,-898,-7,-655,1764,2057,-1729,-560,-224,1401,-169,-435,504,3275,765,-3682,1143,7450,-4523,-957
883,909,-559,-19,-391,-141,138,-570,1514,-137,-1403,-70,169,600,265,376,-537,178,-212,8,838,4370,-3992,-1755,-119,342,-559,-146,-192,1634,-64,-850,80,395,3147,-1904,-1059,128,791,126,-1046,3960,1618,-2980,-1770,4119,3693,-2457,-1774,-3919,-753,1043,-843,-497,-634,876,-428,343,139,377,1776,-2215,-438,124,-58,-269,194,461,-127,44,-776,-1,-192,5790,-4293,-1140,-294,485,-332,-69,-258,1059,-898,-7,-655,1764,2057,-1729,-560,-224,1401,-169,-435,504,3275,765,-3682,1143,7450,-4523,-957,-3269
884,-559,-19,-391,-141,138,-570,1514,-137,-1403,-70,169,600,265,376,-537,178,-212,8,838,4370,-3992,-1755,-119,342,-559,-146,-192,1634,-64,-850,80,395,3147,-1904,-1059,128,791,126,-1046,3960,1618,-2980,-1770,4119,3693,-2457,-1774,-3919,-753,1043,-843,-497,-634,876,-428,343,139,377,1776,-2215,-438,124,-58,-269,194,461,-127,44,-776,-1,-192,5790,-4293,-1140,-294,485,-332,-69,-258,1059,-898,-7,-655,1764,2057,-1729,-560,-224,1401,-169,-435,504,3275,765,-3682,1143,7450,-4523,-957,-3269,-475
885,-19,-391,-141,138,-570,1514,-137,-1403,-70,169,600,265,376,-537,178,-212,8,838,4370,-3992,-1755,-119,342,-559,-146,-192,1634,-64,-850,80,395,3147,-1904,-1059,128,791,126,-1046,3960,1618,-2980,-1770,4119,3693,-2457,-1774,-3919,-753,1043,-843,-497,-634,876,-428,343,139,377,1776,-2215,-438,124,-58,-269,194,461,-127,44,-776,-1,-192,5790,-4293,-1140,-294,485,-332,-69,-258,1059,-898,-7,-655,1764,2057,-1729,-560,-224,1401,-169,-435,504,3275,765,-3682,1143,7450,-4523,-957,-3269,-475,-561
886,-391,-141,138,-570,1514,-137,-1403,-70,169,600,265,376,-537,178,-212,8,838,4370,-3992,-1755,-119,342,-559,-146,-192,1634,-64,-850,80,395,3147,-1904,-1059,128,791,126,-1046,3960,1618,-2980,-1770,4119,3693,-2457,-1774,-3919,-753,1043,-843,-497,-634,876,-428,343,139,377,1776,-2215,-438,124,-58,-269,194,461,-127,44,-776,-1,-192,5790,-4293,-1140,-294,485,-332,-69,-258,1059,-898,-7,-655,1764,2057,-1729,-560,-224,1401,-169,-435,504,3275,765,-3682,1143,7450,-4523,-957,-3269,-475,-561,-411
887,-141,138,-570,1514,-137,-1403,-70,169,600,265,376,-537,178,-212,8,838,4370,-3992,-1755,-119,342,-559,-146,-192,1634,-64,-850,80,395,3147,-1904,-1059,128,791,126,-1046,3960,1618,-2980,-1770,4119,3693,-2457,-1774,-3919,-753,1043,-843,-497,-634,876,-428,343,139,377,1776,-2215,-438,124,-58,-269,194,461,-127,44,-776,-1,-192,5790,-4293,-1140,-294,485,-332,-69,-258,1059,-898,-7,-655,1764,2057,-1729,-560,-224,1401,-169,-435,504,3275,765,-3682,1143,7450,-4523,-957,-3269,-475,-561,-411,824
888,138,-570,1514,-137,-1403,-70,169,600,265,376,-537,178,-212,8,838,4370,-3992,-1755,-119,342,-559,-146,-192,1634,-64,-850,80,395,3147,-1904,-1059,128,791,126,-1046,3960,1618,-2980,-1770,4119,3693,-2457,-1774,-3919,-753,1043,-843,-497,-634,876,-428,343,139,377,1776,-2215,-438,124,-58,-269,194,461,-127,44,-776,-1,-192,5790,-4293,-1140,-294,485,-332,-69,-258,1059,-898,-7,-655,1764,2057,-1729,-560,-224,1401,-169,-435,504,3275,765,-3682,1143,7450,-4523,-957,-3269,-475,-561,-411,824,-382
889,-570,1514,-137,-1403,-70,169,600,265,376,-537,178,-212,8,838,4370,-3992,-1755,-119,342,-559,-146,-192,1634,-64,-850,80,395,3147,-1904,-1059,128,791,126,-1046,3960,1618,-2980,-1770,4119,3693,-2457,-1774,-3919,-753,1043,-843,-497,-634,876,-428,343,139,377,1776,-2215,-438,124,-58,-269,194,461,-127,44,-776,-1,-192,5790,-4293,-1140,-294,485,-332,-69,-258,1059,-898,-7,-655,1764,2057,-1729,-560,-224,1401,-169,-435,504,3275,765,-3682,1143,7450,-4523,-957,-3269,-475,-561,-411,824,-382,977
890,1514,-137,-1403,-70,169,600,265,376,-537,178,-212,8,838,4370,-3992,-1755,-119,342,-559,-146,-192,1634,-64,-850,80,395,3147,-1904,-1059,128,791,126,-1046,3960,1618,-2980,-1770,4119,3693,-2457,-1774,-3919,-753,1043,-843,-497,-634,876,-428,343,139,377,1776,-2215,-438,124,-58,-269,194,461,-127,44,-776,-1,-192,5790,-4293,-1140,-294,485,-332,-69,-258,1059,-898,-7,-655,1764,2057,-1729,-560,-224,1401,-169,-435,504,3275,765,-3682,1143,7450,-4523,-957,-3269,-475,-561,-411,824,-382,977,392
891,-137,-1403,-70,169,600,265,376,-537,178,-212,8,838,4370,-3992,-1755,-119,342,-559,-146,-192,1634,-64,-850,80,395,3147,-1904,-1059,128,791,126,-1046,3960,1618,-2980,-1770,4119,3693,-2457,-1774,-3919,-753,1043,-843,-497,-634,876,-428,343,139,377,1776,-2215,-438,124,-58,-269,194,461,-127,44,-776,-1,-192,5790,-4293,-1140,-294,485,-332,-69,-258,1059,-898,-7,-655,1764,2057,-1729,-560,-224,1401,-169,-435,504,3275,765,-3682,1143,7450,-4523,-957,-3269,-475,-561,-411,824,-382,977,392,-1888
892,-1403,-70,169,600,265,376,-537,178,-212,8,838,4370,-3992,-1755,-119,342,-559,-146,-192,1634,-64,-850,80,395,3147,-1904,-1059,128,791,126,-1046,3960,1618,-2980,-1770,4119,3693,-2457,-1774,-3919,-753,1043,-843,-497,-634,876,-428,343,139,377,1776,-2215,-438,124,-58,-269,194,461,-127,44,-776,-1,-192,5790,-4293,-1140,-294,485,-332,-69,-258,1059,-898,-7,-655,1764,2057,-1729,-560,-224,1401,-169,-435,504,3275,765,-3682,1143,7450,-4523,-957,-3269,-475,-561,-411,824,-382,977,392,-1888,34
893,-70,169,600,265,376,-537,178,-212,8,838,4370,-3992,-1755,-119,342,-559,-146,-192,1634,-64,-850,80,395,3147,-1904,-1059,128,791,126,-1046,3960,1618,-2980,-1770,4119,3693,-2457,-1774,-3919,-753,1043,-843,-497,-634,876,-428,343,139,377,1776,-2215,-438,124,-58,-269,194,461,-127,44,-776,-1,-192,5790,-4293,-1140,-294,485,-332,-69,-258,1059,-898,-7,-655,1764,2057,-1729,-560,-224,1401,-169,-435,504,3275,765,-3682,1143,7450,-4523,-957,-3269,-475,-561,-411,824,-382,977,392,-1888,34,689
894,169,600,265,376,-537,178,-212,8,838,4370,-3992,-1755,-119,342,-559,-146,-192,1634,-64,-850,80,395,3147,-1904,-1059,128,791,126,-1046,3960,1618,-2980,-1770,4119,3693,-2457,-1774,-3919,-753,1043,-843,-497,-634,876,-428,343,139,377,1776,-2215,-438,124,-58,-269,194,461,-127,44,-776,-1,-192,5790,-4293,-1140,-294,485,-332,-69,-258,1059,-898,-7,-655,1764,2057,-1729,-560,-224,1401,-169,-435,504,3275,765,-3682,1143,7450,-4523,-957,-3269,-475,-561,-411,824,-382,977,392,-1888,34,689,1459
895,600,265,376,-537,178,-212,8,838,4370,-3992,-1755,-119,342,-559,-146,-192,1634,-64,-850,80,395,3147,-1904,-1059,128,791,126,-1046,3960,1618,-2980,-1770,4119,3693,-2457,-1774,-3919,-753,1043,-843,-497,-634,876,-428,343,139,377,1776,-2215,-438,124,-58,-269,194,461,-127,44,-776,-1,-192,5790,-4293,-1140,-294,485,-332,-69,-258,1059,-898,-7,-655,1764,2057,-1729,-560,-224,1401,-169,-435,504,3275,765,-3682,1143,7450,-4523,-957,-3269,-475,-561,-411,824,-382,977,392,-1888,34,689,1459,-1985
896,265,376,-537,178,-212,8,838,4370,-3992,-1755,-119,342,-559,-146,-192,1634,-64,-850,80,395,3147,-1904,-1059,128,791,126,-1046,3960,1618,-2980,-1770,4119,3693,-2457,-1774,-3919,-753,1043,-843,-497,-634,876,-428,343,139,377,1776,-2215,-438,124,-58,-269,194,461,-127,44,-776,-1,-192,5790,-4293,-1140,-294,485,-332,-69,-258,1059,-898,-7,-655,1764,2057,-1729,-560,-224,1401,-169,-435,504,3275,765,-3682,1143,7450,-4523,-957,-3269,-475,-561,-411,824,-382,977,392,-1888,34,689,1459,-1985,449
897,376,-537,178,-212,8,838,4370,-3992,-1755,-119,342,-559,-146,-192,1634,-64,-850,80,395,3147,-1904,-1059,128,791,126,-1046,3960,1618,-2980,-1770,4119,3693,-2457,-1774,-3919,-753,1043,-843,-497,-634,876,-428,343,139,377,1776,-2215,-438,124,-58,-269,194,461,-127,44,-776,-1,-192,5790,-4293,-1140,-294,485,-332,-69,-258,1059,-898,-7,-655,1764,2057,-1729,-560,-224,1401,-169,-435,504,3275,765,-3682,1143,7450,-4523,-957,-3269,-475,-561,-411,824,-382,977,392,-1888,34,689,1459,-1985,449,105
898,-537,178,-212,8,838,4370,-3992,-1755,-119,342,-559,-146,-192,1634,-64,-850,80,395,3147,-1904,-1059,128,791,126,-1046,3960,1618,-2980,-1770,4119,3693,-2457,-1774,-3919,-753,1043,-843,-497,-634,876,-428,343,139,377,1776,-2215,-438,124,-58,-269,194,461,-127,44,-776,-1,-192,5790,-4293,-1140,-294,485,-332,-69,-258,1059,-898,-7,-655,1764,2057,-1729,-560,-224,1401,-169,-435,504,3275,765,-3682,1143,7450,-4523,-957,-3269,-475,-561,-411,824,-382,977,392,-1888,34,689,1459,-1985,449,105,-616
899,178,-212,8,838,4370,-3992,-1755,-119,342,-559,-146,-192,1634,-64,-850,80,395,3147,-1904,-1059,128,791,126,-1046,3960,1618,-2980,-1770,4119,3693,-2457,-1774,-3919,-753,1043,-843,-497,-634,876,-428,343,139,377,1776,-2215,-438,124,-58,-269,194,461,-127,44,-776,-1,-192,5790,-4293,-1140,-294,485,-332,-69,-258,1059,-898,-7,-655,1764,2057,-1729,-560,-224,1401,-169,-435,504,3275,765,-3682,1143,7450,-4523,-957,-3269,-475,-561,-411,824,-382,977,392,-1888,34,689,1459,-1985,449,105,-616,-185
900,-212,8,838,4370,-3992,-1755,-119,342,-559,-146,-192,1634,-64,-850,80,395,3147,-1904,-1059,128,791,126,-1046,3960,1618,-2980,-1770,4119,3693,-2457,-1774,-3919,-753,1043,-843,-497,-634,876,-428,343,139,377,1776,-2215,-438,124,-58,-269,194,461,-127,44,-776,-1,-192,5790,-4293,-1140,-294,485,-332,-69,-258,1059,-898,-7,-655,1764,2057,-1729,-560,-224,1401,-169,-435,504,3275,765,-3682,1143,7450,-4523,-957,-3269,-475,-561,-411,824,-382,977,392,-1888,34,689,1459,-1985,449,105,-616,-185,252
901,8,838,4370,-3992,-1755,-119,342,-559,-146,-192,1634,-64,-850,80,395,3147,-1904,-1059,128,791,126,-1046,3960,1618,-2980,-1770,4119,3693,-2457,-1774,-3919,-753,1043,-843,-497,-634,876,-428,343,139,377,1776,-2215,-438,124,-58,-269,194,461,-127,44,-776,-1,-192,5790,-4293,-1140,-294,485,-332,-69,-258,1059,-898,-7,-655,1764,2057,-1729,-560,-224,1401,-169,-435,504,3275,765,-3682,1143,7450,-4523,-957,-3269,-475,-561,-411,824,-382,977,392,-1888,34,689,1459,-1985,449,105,-616,-185,252,688
902,838,4370,-3992,-1755,-119,342,-559,-146,-192,1634,-64,-850,80,395,3147,-1904,-1059,128,791,126,-1046,3960,1618,-2980,-1770,4119,3693,-2457,-1774,-3919,-753,1043,-843,-497,-634,876,-428,343,139,377,1776,-2215,-438,124,-58,-269,194,461,-127,44,-776,-1,-192,5790,-4293,-1140,-294,485,-332,-69,-258,1059,-898,-7,-655,1764,2057,-1729,-560,-224,1401,-169,-435,504,3275,765,-3682,1143,7450,-4523,-957,-3269,-475,-561,-411,824,-382,977,392,-1888,34,689,1459,-1985,449,105,-616,-185,252,688,-1031
903,4370,-3992,-1755,-119,342,-559,-146,-192,1634,-64,-850,80,395,3147,-1904,-1059,128,791,126,-1046,3960,1618,-2980,-1770,4119,3693,-2457,-1774,-3919,-753,1043,-843,-497,-634,876,-428,343,139,377,1776,-2215,-438,124,-58,-269,194,461,-127,44,-776,-1,-192,5790,-4293,-1140,-294,485,-332,-69,-258,1059,-898,-7,-655,1764,2057,-1729,-560,-224,1401,-169,-435,504,3275,765,-3682,1143,7450,-4523,-957,-3269,-475,-561,-411,824,-382,977,392,-1888,34,689,1459,-1985,449,105,-616,-185,252,688,-1031,944
904,-3992,-1755,-119,342,-559,-146,-192,1634,-64,-850,80,395,3147,-1904,-1059,128,791,126,-1046,3960,1618,-2980,-1770,4119,3693,-2457,-1774,-3919,-753,1043,-843,-497,-634,876,-428,343,139,377,1776,-2215,-438,124,-58,-269,194,461,-127,44,-776,-1,-192,5790,-4293,-1140,-294,485,-332,-69,-258,1059,-898,-7,-655,1764,2057,-1729,-560,-224,1401,-169,-435,504,3275,765,-3682,1143,7450,-4523,-957,-3269,-475,-561,-411,824,-382,977,392,-1888,34,689,1459,-1985,449,105,-616,-185,252,688,-1031,944,-867
905,-1755,-119,342,-559,-146,-192,1634,-64,-850,80,395,3147,-1904,-1059,128,791,126,-1046,3960,1618,-2980,-1770,4119,3693,-2457,-1774,-3919,-753,1043,-843,-497,-634,876,-428,343,139,377,1776,-2215,-438,124,-58,-269,194,461,-127,44,-776,-1,-192,5790,-4293,-1140,-294,485,-332,-69,-258,1059,-898,-7,-655,1764,2057,-1729,-560,-224,1401,-169,-435,504,3275,765,-3682,1143,7450,-4523,-957,-3269,-475,-561,-411,824,-382,977,392,-1888,34,689,1459,-1985,449,105,-616,-185,252,688,-1031,944,-867,88
906,-119,342,-559,-146,-192,1634,-64,-850,80,395,3147,-1904,-1059,128,791,126,-1046,3960,1618,-2980,-1770,4119,3693,-2457,-1774,-3919,-753,1043,-843,-497,-634,876,-428,343,139,377,1776,-2215,-438,124,-58,-269,194,461,-127,44,-776,-1,-192,5790,-4293,-1140,-294,485,-332,-69,-258,1059,-898,-7,-655,1764,2057,-1729,-560,-224,1401,-169,-435,504,3275,765,-3682,1143,7450,-4523,-957,-3269,-475,-561,-411,824,-382,977,392,-1888,34,689,1459,-1985,449,105,-616,-185,252,688,-1031,944,-867,88,409
907,342,-559,-146,-192,1634,-64,-850,80,395,3147,-1904,-1059,128,791,126,-1046,3960,1618,-2980,-1770,4119,3693,-2457,-1774,-3919,-753,1043,-843,-497,-634,876,-428,343,139,377,1776,-2215,-438,124,-58,-269,194,461,-127,44,-776,-1,-192,5790,-4293,-1140,-294,485,-332,-69,-258,1059,-898,-7,-655,1764,2057,-1729,-560,-224,1401,-169,-435,504,3275,765,-3682,1143,7450,-4523,-957,-3269,-475,-561,-411,824,-382,977,392,-1888,34,689,1459,-1985,449,105,-616,-185,252,688,-1031,944,-867,88,409,4072
908,-559,-146,-192,1634,-64,-850,80,395,3147,-1904,-1059,128,791,126,-1046,3960,1618,-2980,-1770,4119,3693,-2457,-1774,-3919,-753,1043,-843,-497,-634,876,-428,343,139,377,1776,-2215,-438,124,-58,-269,194,461,-127,44,-776,-1,-192,5790,-4293,-1140,-294,485,-332,-69,-258,1059,-898,-7,-655,1764,2057,-1729,-560,-224,1401,-169,-435,504,3275,765,-3682,1143,7450,-4523,-957,-3269,-475,-561,-411,824,-382,977,392,-1888,34,689,1459,-1985,449,105,-616,-185,252,688,-1031,944,-867,88,409,4072,-2984
909,-146,-192,1634,-64,-850,80,395,3147,-1904,-1059,128,791,126,-1046,3960,1618,-2980,-1770,4119,3693,-2457,-1774,-3919,-753,1043,-843,-497,-634,876,-428,343,139,377,1776,-2215,-438,124,-58,-269,194,461,-127,44,-776,-1,-192,5790,-4293,-1140,-294,485,-332,-69,-258,1059,-898,-7,-655,1764,2057,-1729,-560,-224,1401,-169,-435,504,3275,765,-3682,1143,7450,-4523,-957,-3269,-475,-561,-411,824,-382,977,392,-1888,34,689,1459,-1985,449,105,-616,-185,252,688,-1031,944,-867,88,409,4072,-2984,-1826
910,-192,1634,-64,-850,80,395,3147,-1904,-1059,128,791,126,-1046,3960,1618,-2980,-1770,4119,3693,-2457,-1774,-3919,-753,1043,-843,-497,-634,876,-428,343,139,377,1776,-2215,-438,124,-58,-269,194,461,-127,44,-776,-1,-192,5790,-4293,-1140,-294,485,-332,-69,-258,1059,-898,-7,-655,1764,2057,-1729,-560,-224,1401,-169,-435,504,3275,765,-3682,1143,7450,-4523,-957,-3269,-475,-561,-411,824,-382,977,392,-1888,34,689,1459,-1985,449,105,-616,-185,252,688,-1031,944,-867,88,409,4072,-2984,-1826,-278
911,1634,-64,-850,80,395,3147,-1904,-1059,128,791,126,-1046,3960,1618,-2980,-1770,4119,3693,-2457,-1774,-3919,-753,1043,-843,-497,-634,876,-428,343,139,377,1776,-2215,-438,124,-58,-269,194,461,-127,44,-776,-1,-192,5790,-4293,-1140,-294,485,-332,-69,-258,1059,-898,-7,-655,1764,2057,-1729,-560,-224,1401,-169,-435,504,3275,765,-3682,1143,7450,-4523,-957,-3269,-475,-561,-411,824,-382,977,392,-1888,34,689,1459,-1985,449,105,-616,-185,252,688,-1031,944,-867,88,409,4072,-2984,-1826,-278,-45
912,-64,-850,80,395,3147,-1904,-1059,128,791,126,-1046,3960,1618,-2980,-1770,4119,3693,-2457,-1774,-3919,-753,1043,-843,-497,-634,876,-428,343,139,377,1776,-2215,-438,124,-58,-269,194,461,-127,44,-776,-1,-192,5790,-4293,-1140,-294,485,-332,-69,-258,1059,-898,-7,-655,1764,2057,-1729,-560,-224,1401,-169,-435,504,3275,765,-3682,1143,7450,-4523,-957,-3269,-475,-561,-411,824,-382,977,392,-1888,34,689,1459,-1985,449,105,-616,-185,252,688,-1031,944,-867,88,409,4072,-2984,-1826,-278,-45,-55
913,-850,80,395,3147,-1904,-1059,128,791,126,-1046,3960,1618,-2980,-1770,4119,3693,-2457,-1774,-3919,-753,1043,-843,-497,-634,876,-428,343,139,377,1776,-2215,-438,124,-58,-269,194,461,-127,44,-776,-1,-192,5790,-4293,-1140,-294,485,-332,-69,-258,1059,-898,-7,-655,1764,2057,-1729,-560,-224,1401,-169,-435,504,3275,765,-3682,1143,7450,-4523,-957,-3269,-475,-561,-411,824,-382,977,392,-1888,34,689,1459,-1985,449,105,-616,-185,252,688,-1031,944,-867,88,409,4072,-2984,-1826,-278,-45,-55,-391
914,80,395,3147,-1904,-1059,128,791,126,-1046,3960,1618,-2980,-1770,4119,3693,-2457,-1774,-3919,-753,1043,-843,-497,-634,876,-428,343,139,377,1776,-2215,-438,124,-58,-269,194,461,-127,44,-776,-1,-192,5790,-4293,-1140,-294,485,-332,-69,-258,1059,-898,-7,-655,1764,2057,-1729,-560,-224,1401,-169,-435,504,3275,765,-3682,1143,7450,-4523,-957,-3269,-475,-561,-411,824,-382,977,392,-1888,34,689,1459,-1985,449,105,-616,-185,252,688,-1031,944,-867,88,409,4072,-2984,-1826,-278,-45,-55,-391,25
915,395,3147,-1904,-1059,128,791,126,-1046,3960,1618,-2980,-1770,4119,3693,-2457,-1774,-3919,-753,1043,-843,-497,-634,876,-428,343,139,377,1776,-2215,-438,124,-58,-269,194,461,-127,44,-776,-1,-192,5790,-4293,-1140,-294,485,-332,-69,-258,1059,-898,-7,-655,1764,2057,-1729,-560,-224,1401,-169,-435,504,3275,765,-3682,1143,7450,-4523,-957,-3269,-475,-561,-411,824,-382,977,392,-1888,34,689,1459,-1985,449,105,-616,-185,252,688,-1031,944,-867,88,409,4072,-2984,-1826,-278,-45,-55,-391,25,642
916,3147,-1904,-1059,128,791,126,-1046,3960,1618,-2980,-1770,4119,3693,-2457,-1774,-3919,-753,1043,-843,-497,-634,876,-428,343,139,377,1776,-2215,-438,124,-58,-269,194,461,-127,44,-776,-1,-192,5790,-4293,-1140,-294,485,-332,-69,-258,1059,-898,-7,-655,1764,2057,-1729,-560,-224,1401,-169,-435,504,3275,765,-3682,1143,7450,-4523,-957,-3269,-475,-561,-411,824,-382,977,392,-1888,34,689,1459,-1985,449,105,-616,-185,252,688,-1031,944,-867,88,409,4072,-2984,-1826,-278,-45,-55,-391,25,642,-696
917,-1904,-1059,128,791,126,-1046,3960,1618,-2980,-1770,4119,3693,-2457,-1774,-3919,-753,1043,-843,-497,-634,876,-428,343,139,377,1776,-2215,-438,124,-58,-269,194,461,-127,44,-776,-1,-192,5790,-4293,-1140,-294,485,-332,-69,-258,1059,-898,-7,-655,1764,2057,-1729,-560,-224,1401,-169,-435,504,3275,765,-3682,1143,7450,-4523,-957,-3269,-475,-561,-411,824,-382,977,392,-1888,34,689,1459,-1985,449,105,-616,-185,252,688,-1031,944,-867,88,409,4072,-2984,-1826,-278,-45,-55,-391,25,642,-696,-23
918,-1059,128,791,126,-1046,3960,1618,-2980,-1770,4119,3693,-2457,-1774,-3919,-753,1043,-843,-497,-634,876,-428,343,139,377,1776,-2215,-438,124,-58,-269,194,461,-127,44,-776,-1,-192,5790,-4293,-1140,-294,485,-332,-69,-258,1059,-898,-7,-655,1764,2057,-1729,-560,-224,1401,-169,-435,504,3275,765,-3682,1143,7450,-4523,-957,-3269,-475,-561,-411,824,-382,977,392,-1888,34,689,1459,-1985,449,105,-616,-185,252,688,-1031,944,-867,88,409,4072,-2984,-1826,-278,-45,-55,-391,25,642,-696,-23,-173
919,128,791,126,-1046,3960,1618,-2980,-1770,4119,3693,-2457,-1774,-3919,-753,1043,-843,-497,-634,876,-428,343,139,377,1776,-2215,-438,124,-58,-269,194,461,-127,44,-776,-1,-192,5790,-4293,-1140,-294,485,-332,-69,-258,1059,-898,-7,-655,1764,2057,-1729,-560,-224,1401,-169,-435,504,3275,765,-3682,1143,7450,-4523,-957,-3269,-475,-561,-411,824,-382,977,392,-1888,34,689,1459,-1985,449,105,-616,-185,252,688,-1031,944,-867,88,409,4072,-2984,-1826,-278,-45,-55,-391,25,642,-696,-23,-173,92
920,791,126,-1046,3960,1618,-2980,-1770,4119,3693,-2457,-1774,-3919,-753,1043,-843,-497,-634,876,-428,343,139,377,1776,-2215,-438,124,-58,-269,194,461,-127,44,-776,-1,-192,5790,-4293,-1140,-294,485,-332,-69,-258,1059,-898,-7,-655,1764,2057,-1729,-560,-224,1401,-169,-435,504,3275,765,-3682,1143,7450,-4523,-957,-3269,-475,-561,-411,824,-382,977,392,-1888,34,689,1459,-1985,449,105,-616,-185,252,688,-1031,944,-867,88,409,4072,-2984,-1826,-278,-45,-55,-391,25,642,-696,-23,-173,92,3147
921,126,-1046,3960,1618,-2980,-1770,4119,3693,-2457,-1774,-3919,-753,1043,-843,-497,-634,876,-428,343,139,377,1776,-2215,-438,124,-58,-269,194,461,-127,44,-776,-1,-192,5790,-4293,-1140,-294,485,-332,-69,-258,1059,-898,-7,-655,1764,2057,-1729,-560,-224,1401,-169,-435,504,3275,765,-3682,1143,7450,-4523,-957,-3269,-475,-561,-411,824,-382,977,392,-1888,34,689,1459,-1985,449,105,-616,-185,252,688,-1031,944,-867,88,409,4072,-2984,-1826,-278,-45,-55,-391,25,642,-696,-23,-173,92,3147,-2099
922,-1046,3960,1618,-2980,-1770,4119,3693,-2457,-1774,-3919,-753,1043,-843,-497,-634,876,-428,343,139,377,1776,-2215,-438,124,-58,-269,194,461,-127,44,-776,-1,-192,5790,-4293,-1140,-294,485,-332,-69,-258,1059,-898,-7,-655,1764,2057,-1729,-560,-224,1401,-169,-435,504,3275,765,-3682,1143,7450,-4523,-957,-3269,-475,-561,-411,824,-382,977,392,-1888,34,689,1459,-1985,449,105,-616,-185,252,688,-1031,944,-867,88,409,4072,-2984,-1826,-278,-45,-55,-391,25,642,-696,-23,-173,92,3147,-2099,-726
923,3960,1618,-2980,-1770,4119,3693,-2457,-1774,-3919,-753,1043,-843,-497,-634,876,-428,343,139,377,1776,-2215,-438,124,-58,-269,194,461,-127,44,-776,-1,-192,5790,-4293,-1140,-294,485,-332,-69,-258,1059,-898,-7,-655,1764,2057,-1729,-560,-224,1401,-169,-435,504,3275,765,-3682,1143,7450,-4523,-957,-3269,-475,-561,-411,824,-382,977,392,-1888,34,689,1459,-1985,449,105,-616,-185,252,688,-1031,944,-867,88,409,4072,-2984,-1826,-278,-45,-55,-391,25,642,-696,-23,-173,92,3147,-2099,-726,158
924,1618,-2980,-1770,4119,3693,-2457,-1774,-3919,-753,1043,-843,-497,-634,876,-428,343,139,377,1776,-2215,-438,124,-58,-269,194,461,-127,44,-776,-1,-192,5790,-4293,-1140,-294,485,-332,-69,-258,1059,-898,-7,-655,1764,2057,-1729,-560,-224,1401,-169,-435,504,3275,765,-3682,1143,7450,-4523,-957,-3269,-475,-561,-411,824,-382,977,392,-1888,34,689,1459,-1985,449,105,-616,-185,252,688,-1031,944,-867,88,409,4072,-2984,-1826,-278,-45,-55,-391,25,642,-696,-23,-173,92,3147,-2099,-726,158,798
925,-2980,-1770,4119,3693,-2457,-1774,-3919,-753,1043,-843,-497,-634,876,-428,343,139,377,1776,-2215,-438,124,-58,-269,194,461,-127,44,-776,-1,-192,5790,-4293,-1140,-294,485,-332,-69,-258,1059,-898,-7,-655,1764,2057,-1729,-560,-224,1401,-169,-435,504,3275,765,-3682,1143,7450,-4523,-957,-3269,-475,-561,-411,824,-382,977,392,-1888,34,689,1459,-1985,449,105,-616,-185,252,688,-1031,944,-867,88,409,4072,-2984,-1826,-278,-45,-55,-391,25,642,-696,-23,-173,92,3147,-2099,-726,158,798,216
926,-1770,4119,3693,-2457,-1774,-3919,-753,1043,-843,-497,-634,876,-428,343,139,377,1776,-2215,-438,124,-58,-269,194,461,-127,44,-776,-1,-192,5790,-4293,-1140,-294,485,-332,-69,-258,1059,-898,-7,-655,1764,2057,-1729,-560,-224,1401,-169,-435,504,3275,765,-3682,1143,7450,-4523,-957,-3269,-475,-561,-411,824,-382,977,392,-1888,34,689,1459,-1985,449,105,-616,-185,252,688,-1031,944,-867,88,409,4072,-2984,-1826,-278,-45,-55,-391,25,642,-696,-23,-173,92,3147,-2099,-726,158,798,216,-737
927,4119,3693,-2457,-1774,-3919,-753,1043,-843,-497,-634,876,-428,343,139,377,1776,-2215,-438,124,-58,-269,194,461,-127,44,-776,-1,-192,5790,-4293,-1140,-294,485,-332,-69,-258,1059,-898,-7,-655,1764,2057,-1729,-560,-224,1401,-169,-435,504,3275,765,-3682,1143,7450,-4523,-957,-3269,-475,-561,-411,824,-382,977,392,-1888,34,689,1459,-1985,449,105,-616,-185,252,688,-1031,944,-867,88,409,4072,-2984,-1826,-278,-45,-55,-391,25,642,-696,-23,-173,92,3147,-2099,-726,158,798,216,-737,2314
928,3693,-2457,-1774,-3919,-753,1043,-843,-497,-634,876,-428,343,139,377,1776,-2215,-438,124,-58,-269,194,461,-127,44,-776,-1,-192,5790,-4293,-1140,-294,485,-332,-69,-258,1059,-898,-7,-655,1764,2057,-1729,-560,-224,1401,-169,-435,504,3275,765,-3682,1143,7450,-4523,-957,-3269,-475,-561,-411,824,-382,977,392,-1888,34,689,1459,-1985,449,105,-616,-185,252,688,-1031,944,-867,88,409,4072,-2984,-1826,-278,-45,-55,-391,25,642,-696,-23,-173,92,3147,-2099,-726,158,798,216,-737,2314,-591
929,-2457,-1774,-3919,-753,1043,-843,-497,-634,876,-428,343,139,377,1776,-2215,-438,124,-58,-269,194,461,-127,44,-776,-1,-192,5790,-4293,-1140,-294,485,-332,-69,-258,1059,-898,-7,-655,1764,2057,-1729,-560,-224,1401,-169,-435,504,3275,765,-3682,1143,7450,-4523,-957,-3269,-475,-561,-411,824,-382,977,392,-1888,34,689,1459,-1985,449,105,-616,-185,252,688,-1031,944,-867,88,409,4072,-2984,-1826,-278,-45,-55,-391,25,642,-696,-23,-173,92,3147,-2099,-726,158,798,216,-737,2314,-591,-456
930,-1774,-3919,-753,1043,-843,-497,-634,876,-428,343,139,377,1776,-2215,-438,124,-58,-269,194,461,-127,44,-776,-1,-192,5790,-4293,-1140,-294,485,-332,-69,-258,1059,-898,-7,-655,1764,2057,-1729,-560,-224,1401,-169,-435,504,3275,765,-3682,1143,7450,-4523,-957,-3269,-475,-561,-411,824,-382,977,392,-1888,34,689,1459,-1985,449,105,-616,-185,252,688,-1031,944,-867,88,409,4072,-2984,-1826,-278,-45,-55,-391,25,642,-696,-23,-173,92,3147,-2099,-726,158,798,216,-737,2314,-591,-456,-1174
931,-3919,-753,1043,-843,-497,-634,876,-428,343,139,377,1776,-2215,-438,124,-58,-269,194,461,-127,44,-776,-1,-192,5790,-4293,-1140,-294,485,-332,-69,-258,1059,-898,-7,-655,1764,2057,-1729,-560,-224,1401,-169,-435,504,3275,765,-3682,1143,7450,-4523,-957,-3269,-475,-561,-411,824,-382,977,392,-1888,34,689,1459,-1985,449,105,-616,-185,252,688,-1031,944,-867,88,409,4072,-2984,-1826,-278,-45,-55,-391,25,642,-696,-23,-173,92,3147,-2099,-726,158,798,216,-737,2314,-591,-456,-1174,696
932,-753,1043,-843,-497,-634,876,-428,343,139,377,1776,-2215,-438,124,-58,-269,194,461,-127,44,-776,-1,-192,5790,-4293,-1140,-294,485,-332,-69,-258,1059,-898,-7,-655,1764,2057,-1729,-560,-224,1401,-169,-435,504,3275,765,-3682,1143,7450,-4523,-957,-3269,-475,-561,-411,824,-382,977,392,-1888,34,689,1459,-1985,449,105,-616,-185,252,688,-1031,944,-867,88,409,4072,-2984,-1826,-278,-45,-55,-391,25,642,-696,-23,-173,92,3147,-2099,-726,158,798,216,-737,2314,-591,-456,-1174,696,3379
933,1043,-843,-497,-634,876,-428,343,139,377,1776,-2215,-438,124,-58,-269,194,461,-127,44,-776,-1,-192,5790,-4293,-1140,-294,485,-332,-69,-258,1059,-898,-7,-655,1764,2057,-1729,-560,-224,1401,-169,-435,504,3275,765,-3682,1143,7450,-4523,-957,-3269,-475,-561,-411,824,-382,977,392,-1888,34,689,1459,-1985,449,105,-616,-185,252,688,-1031,944,-867,88,409,4072,-2984,-1826,-278,-45,-55,-391,25,642,-696,-23,-173,92,3147,-2099,-726,158,798,216,-737,2314,-591,-456,-1174,696,3379,-1450
934,-843,-497,-634,876,-428,343,139,377,1776,-2215,-438,124,-58,-269,194,461,-127,44,-776,-1,-192,5790,-4293,-1140,-294,485,-332,-69,-258,1059,-898,-7,-655,1764,2057,-1729,-560,-224,1401,-169,-435,504,3275,765,-3682,1143,7450,-4523,-957,-3269,-475,-561,-411,824,-382,977,392,-1888,34,689,1459,-1985,449,105,-616,-185,252,688,-1031,944,-867,88,409,4072,-2984,-1826,-278,-45,-55,-391,25,642,-696,-23,-173,92,3147,-2099,-726,158,798,216,-737,2314,-591,-456,-1174,696,3379,-1450,350
935,-497,-634,876,-428,343,139,377,1776,-2215,-438,124,-58,-269,194,461,-127,44,-776,-1,-192,5790,-4293,-1140,-294,485,-332,-69,-258,1059,-898,-7,-655,1764,2057,-1729,-560,-224,1401,-169,-435,504,3275,765,-3682,1143,7450,-4523,-957,-3269,-475,-561,-411,824,-382,977,392,-1888,34,689,1459,-1985,449,105,-616,-185,252,688,-1031,944,-867,88,409,4072,-2984,-1826,-278,-45,-55,-391,25,642,-696,-23,-173,92,3147,-2099,-726,158,798,216,-737,2314,-591,-456,-1174,696,3379,-1450,350,-2877
936,-634,876,-428,343,139,377,1776,-2215,-438,124,-58,-269,194,461,-127,44,-776,-1,-192,5790,-4293,-1140,-294,485,-332,-69,-258,1059,-898,-7,-655,1764,2057,-1729,-560,-224,1401,-169,-435,504,3275,765,-3682,1143,7450,-4523,-957,-3269,-475,-561,-411,824,-382,977,392,-1888,34,689,1459,-1985,449,105,-616,-185,252,688,-1031,944,-867,88,409,4072,-2984,-1826,-278,-45,-55,-391,25,642,-696,-23,-173,92,3147,-2099,-726,158,798,216,-737,2314,-591,-456,-1174,696,3379,-1450,350,-2877,-595
937,876,-428,343,139,377,1776,-2215,-438,124,-58,-269,194,461,-127,44,-776,-1,-192,5790,-4293,-1140,-294,485,-332,-69,-258,1059,-898,-7,-655,1764,2057,-1729,-560,-224,1401,-169,-435,504,3275,765,-3682,1143,7450,-4523,-957,-3269,-475,-561,-411,824,-382,977,392,-1888,34,689,1459,-1985,449,105,-616,-185,252,688,-1031,944,-867,88,409,4072,-2984,-1826,-278,-45,-55,-391,25,642,-696,-23,-173,92,3147,-2099,-726,158,798,216,-737,2314,-591,-456,-1174,696,3379,-1450,350,-2877,-595,133
938,-428,343,139,377,1776,-2215,-438,124,-58,-269,194,461,-127,44,-776,-1,-192,5790,-4293,-1140,-294,485,-332,-69,-258,1059,-898,-7,-655,1764,2057,-1729,-560,-224,1401,-169,-435,504,3275,765,-3682,1143,7450,-4523,-957,-3269,-475,-561,-411,824,-382,977,392,-1888,34,689,1459,-1985,449,105,-616,-185,252,688,-1031,944,-867,88,409,4072,-2984,-1826,-278,-45,-55,-391,25,642,-696,-23,-173,92,3147,-2099,-726,158,798,216,-737,2314,-591,-456,-1174,696,3379,-1450,350,-2877,-595,133,83
939,343,139,377,1776,-2215,-438,124,-58,-269,194,461,-127,44,-776,-1,-192,5790,-4293,-1140,-294,485,-332,-69,-258,1059,-898,-7,-655,1764,2057,-1729,-560,-224,1401,-169,-435,504,3275,765,-3682,1143,7450,-4523,-957,-3269,-475,-561,-411,824,-382,977,392,-1888,34,689,1459,-1985,449,105,-616,-185,252,688,-1031,944,-867,88,409,4072,-2984,-1826,-278,-45,-55,-391,25,642,-696,-23,-173,92,3147,-2099,-726,158,798,216,-737,2314,-591,-456,-1174,696,3379,-1450,350,-2877,-595,133,83,-1008
940,139,377,1776,-2215,-438,124,-58,-269,194,461,-127,44,-776,-1,-192,5790,-4293,-1140,-294,485,-332,-69,-258,1059,-898,-7,-655,1764,2057,-1729,-560,-224,1401,-169,-435,504,3275,765,-3682,1143,7450,-4523,-957,-3269,-475,-561,-411,824,-382,977,392,-1888,34,689,1459,-1985,449,105,-616,-185,252,688,-1031,944,-867,88,409,4072,-2984,-1826,-278,-45,-55,-391,25,642,-696,-23,-173,92,3147,-2099,-726,158,798,216,-737,2314,-591,-456,-1174,696,3379,-1450,350,-2877,-595,133,83,-1008,464
941,377,1776,-2215,-438,124,-58,-269,194,461,-127,44,-776,-1,-192,5790,-4293,-1140,-294,485,-332,-69,-258,1059,-898,-7,-655,1764,2057,-1729,-560,-224,1401,-169,-435,504,3275,765,-3682,1143,7450,-4523,-957,-3269,-475,-561,-411,824,-382,977,392,-1888,34,689,1459,-1985,449,105,-616,-185,252,688,-1031,944,-867,88,409,4072,-2984,-1826,-278,-45,-55,-391,25,642,-696,-23,-173,92,3147,-2099,-726,158,798,216,-737,2314,-591,-456,-1174,696,3379,-1450,350,-2877,-595,133,83,-1008,464,540
942,1776,-2215,-438,124,-58,-269,194,461,-127,44,-776,-1,-192,5790,-4293,-1140,-294,485,-332,-69,-258,1059,-898,-7,-655,1764,2057,-1729,-560,-224,1401,-169,-435,504,3275,765,-3682,1143,7450,-4523,-957,-3269,-475,-561,-411,824,-382,977,392,-1888,34,689,1459,-1985,449,105,-616,-185,252,688,-1031,944,-867,88,409,4072,-2984,-1826,-278,-45,-55,-391,25,642,-696,-23,-173,92,3147,-2099,-726,158,798,216,-737,2314,-591,-456,-1174,696,3379,-1450,350,-2877,-595,133,83,-1008,464,540,205
943,-2215,-438,124,-58,-269,194,461,-127,44,-776,-1,-192,5790,-4293,-1140,-294,485,-332,-69,-258,1059,-898,-7,-655,1764,2057,-1729,-560,-224,1401,-169,-435,504,3275,765,-3682,1143,7450,-4523,-957,-3269,-475,-561,-411,824,-382,977,392,-1888,34,689,1459,-1985,449,105,-616,-185,252,688,-1031,944,-867,88,409,4072,-2984,-1826,-278,-45,-55,-391,25,642,-696,-23,-173,92,3147,-2099,-726,158,798,216,-737,2314,-591,-456,-1174,696,3379,-1450,350,-2877,-595,133,83,-1008,464,540,205,-12
944,-438,124,-58,-269,194,461,-127,44,-776,-1,-192,5790,-4293,-1140,-294,485,-332,-69,-258,1059,-898,-7,-655,1764,2057,-1729,-560,-224,1401,-169,-435,504,3275,765,-3682,1143,7450,-4523,-957,-3269,-475,-561,-411,824,-382,977,392,-1888,34,689,1459,-1985,449,105,-616,-185,252,688,-1031,944,-867,88,409,4072,-2984,-1826,-278,-45,-55,-391,25,642,-696,-23,-173,92,3147,-2099,-726,158,798,216,-737,2314,-591,-456,-1174,696,3379,-1450,350,-2877,-595,133,83,-1008,464,540,205,-12,-627
945,124,-58,-269,194,461,-127,44,-776,-1,-192,5790,-4293,-1140,-294,485,-332,-69,-258,1059,-898,-7,-655,1764,2057,-1729,-560,-224,1401,-169,-435,504,3275,765,-3682,1143,7450,-4523,-957,-3269,-475,-561,-411,824,-382,977,392,-1888,34,689,1459,-1985,449,105,-616,-185,252,688,-1031,944,-867,88,409,4072,-2984,-1826,-278,-45,-55,-391,25,642,-696,-23,-173,92,3147,-2099,-726,158,798,216,-737,2314,-591,-456,-1174,696,3379,-1450,350,-2877,-595,133,83,-1008,464,540,205,-12,-627,-151
946,-58,-269,194,461,-127,44,-776,-1,-192,5790,-4293,-1140,-294,485,-332,-69,-258,1059,-898,-7,-655,1764,2057,-1729,-560,-224,1401,-169,-435,504,3275,765,-3682,1143,7450,-4523,-957,-3269,-475,-561,-411,824,-382,977,392,-1888,34,689,1459,-1985,449,105,-616,-185,252,688,-1031,944,-867,88,409,4072,-2984,-1826,-278,-45,-55,-391,25,642,-696,-23,-173,92,3147,-2099,-726,158,798,216,-737,2314,-591,-456,-1174,696,3379,-1450,350,-2877,-595,133,83,-1008,464,540,205,-12,-627,-151,153
947,-269,194,461,-127,44,-776,-1,-192,5790,-4293,-1140,-294,485,-332,-69,-258,1059,-898,-7,-655,1764,2057,-1729,-560,-224,1401,-169,-435,504,3275,765,-3682,1143,7450,-4523,-957,-3269,-475,-561,-411,824,-382,977,392,-1888,34,689,1459,-1985,449,105,-616,-185,252,688,-1031,944,-867,88,409,4072,-2984,-1826,-278,-45,-55,-391,25,642,-696,-23,-173,92,3147,-2099,-726,158,798,216,-737,2314,-591,-456,-1174,696,3379,-1450,350,-2877,-595,133,83,-1008,464,540,205,-12,-627,-151,153,2200
948,194,461,-127,44,-776,-1,-192,5790,-4293,-1140,-294,485,-332,-69,-258,1059,-898,-7,-655,1764,2057,-1729,-560,-224,1401,-169,-435,504,3275,765,-3682,1143,7450,-4523,-957,-3269,-475,-561,-411,824,-382,977,392,-1888,34,689,1459,-1985,449,105,-616,-185,252,688,-1031,944,-867,88,409,4072,-2984,-1826,-278,-45,-55,-391,25,642,-696,-23,-173,92,3147,-2099,-726,158,798,216,-737,2314,-591,-456,-1174,696,3379,-1450,350,-2877,-595,133,83,-1008,464,540,205,-12,-627,-151,153,2200,-1587
949,461,-127,44,-776,-1,-192,5790,-4293,-1140,-294,485,-332,-69,-258,1059,-898,-7,-655,1764,2057,-1729,-560,-224,1401,-169,-435,504,3275,765,-3682,1143,7450,-4523,-957,-3269,-475,-561,-411,824,-382,977,392,-1888,34,689,1459,-1985,449,105,-616,-185,252,688,-1031,944,-867,88,409,4072,-2984,-1826,-278,-45,-55,-391,25,642,-696,-23,-173,92,3147,-2099,-726,158,798,216,-737,2314,-591,-456,-1174,696,3379,-1450,350,-2877,-595,133,83,-1008,464,540,205,-12,-627,-151,153,2200,-1587,-304
950,-127,44,-776,-1,-192,5790,-4293,-1140,-294,485,-332,-69,-258,1059,-898,-7,-655,1764,2057,-1729,-560,-224,1401,-169,-435,504,3275,765,-3682,1143,7450,-4523,-957,-3269,-475,-561,-411,824,-382,977,392,-1888,34,689,1459,-1985,449,105,-616,-185,252,688,-1031,944,-867,88,409,4072,-2984,-1826,-278,-45,-55,-391,25,642,-696,-23,-173,92,3147,-2099,-726,158,798,216,-737,2314,-591,-456,-1174,696,3379,-1450,350,-2877,-595,133,83,-1008,464,540,205,-12,-627,-151,153,2200,-1587,-304,-156
951,44,-776,-1,-192,5790,-4293,-1140,-294,485,-332,-69,-258,1059,-898,-7,-655,1764,2057,-1729,-560,-224,1401,-169,-435,504,3275,765,-3682,1143,7450,-4523,-957,-3269,-475,-561,-411,824,-382,977,392,-1888,34,689,1459,-1985,449,105,-616,-185,252,688,-1031,944,-867,88,409,4072,-2984,-1826,-278,-45,-55,-391,25,642,-696,-23,-173,92,3147,-2099,-726,158,798,216,-737,2314,-591,-456,-1174,696,3379,-1450,350,-2877,-595,133,83,-1008,464,540,205,-12,-627,-151,153,2200,-1587,-304,-156,233
952,-776,-1,-192,5790,-4293,-1140,-294,485,-332,-69,-258,1059,-898,-7,-655,1764,2057,-1729,-560,-224,1401,-169,-435,504,3275,765,-3682,1143,7450,-4523,-957,-3269,-475,-561,-411,824,-382,977,392,-1888,34,689,1459,-1985,449,105,-616,-185,252,688,-1031,944,-867,88,409,4072,-2984,-1826,-278,-45,-55,-391,25,642,-696,-23,-173,92,3147,-2099,-726,158,798,216,-737,2314,-591,-456,-1174,696,3379,-1450,350,-2877,-595,133,83,-1008,464,540,205,-12,-627,-151,153,2200,-1587,-304,-156,233,638
953,-1,-192,5790,-4293,-1140,-294,485,-332,-69,-258,1059,-898,-7,-655,1764,2057,-1729,-560,-224,1401,-169,-435,504,3275,765,-3682,1143,7450,-4523,-957,-3269,-475,-561,-411,824,-382,977,392,-1888,34,689,1459,-1985,449,105,-616,-185,252,688,-1031,944,-867,88,409,4072,-2984,-1826,-278,-45,-55,-391,25,642,-696,-23,-173,92,3147,-2099,-726,158,798,216,-737,2314,-591,-456,-1174,696,3379,-1450,350,-2877,-595,133,83,-1008,464,540,205,-12,-627,-151,153,2200,-1587,-304,-156,233,638,39
954,-192,5790,-4293,-1140,-294,485,-332,-69,-258,1059,-898,-7,-655,1764,2057,-1729,-560,-224,1401,-169,-435,504,3275,765,-3682,1143,7450,-4523,-957,-3269,-475,-561,-411,824,-382,977,392,-1888,34,689,1459,-1985,449,105,-616,-185,252,688,-1031,944,-867,88,409,4072,-2984,-1826,-278,-45,-55,-391,25,642,-696,-23,-173,92,3147,-2099,-726,158,798,216,-737,2314,-591,-456,-1174,696,3379,-1450,350,-2877,-595,133,83,-1008,464,540,205,-12,-627,-151,153,2200,-1587,-304,-156,233,638,39,-189
955,5790,-4293,-1140,-294,485,-332,-69,-258,1059,-898,-7,-655,1764,2057,-1729,-560,-224,1401,-169,-435,504,3275,765,-3682,1143,7450,-4523,-957,-3269,-475,-561,-411,824,-382,977,392,-1888,34,689,1459,-1985,449,105,-616,-185,252,688,-1031,944,-867,88,409,4072,-2984,-1826,-278,-45,-55,-391,25,642,-696,-23,-173,92,3147,-2099,-726,158,798,216,-737,2314,-591,-456,-1174,696,3379,-1450,350,-2877,-595,133,83,-1008,464,540,205,-12,-627,-151,153,2200,-1587,-304,-156,233,638,39,-189,-438
956,-4293,-1140,-294,485,-332,-69,-258,1059,-898,-7,-655,1764,2057,-1729,-560,-224,1401,-169,-435,504,3275,765,-3682,1143,7450,-4523,-957,-3269,-475,-561,-411,824,-382,977,392,-1888,34,689,1459,-1985,449,105,-616,-185,252,688,-1031,944,-867,88,409,4072,-2984,-1826,-278,-45,-55,-391,25,642,-696,-23,-173,92,3147,-2099,-726,158,798,216,-737,2314,-591,-456,-1174,696,3379,-1450,350,-2877,-595,133,83,-1008,464,540,205,-12,-627,-151,153,2200,-1587,-304,-156,233,638,39,-189,-438,-24
957,-1140,-294,485,-332,-69,-258,1059,-898,-7,-655,1764,2057,-1729,-560,-224,1401,-169,-435,504,3275,765,-3682,1143,7450,-4523,-957,-3269,-475,-561,-411,824,-382,977,392,-1888,34,689,1459,-1985,449,105,-616,-185,252,688,-1031,944,-867,88,409,4072,-2984,-1826,-278,-45,-55,-391,25,642,-696,-23,-173,92,3147,-2099,-726,158,798,216,-737,2314,-591,-456,-1174,696,3379,-1450,350,-2877,-595,133,83,-1008,464,540,205,-12,-627,-151,153,2200,-1587,-304,-156,233,638,39,-189,-438,-24,-274
958,-294,485,-332,-69,-258,1059,-898,-7,-655,1764,2057,-1729,-560,-224,1401,-169,-435,504,3275,765,-3682,1143,7450,-4523,-957,-3269,-475,-561,-411,824,-382,977,392,-1888,34,689,1459,-1985,449,105,-616,-185,252,688,-1031,944,-867,88,409,4072,-2984,-1826,-278,-45,-55,-391,25,642,-696,-23,-173,92,3147,-2099,-726,158,798,216,-737,2314,-591,-456,-1174,696,3379,-1450,350,-2877,-595,133,83,-1008,464,540,205,-12,-627,-151,153,2200,-1587,-304,-156,233,638,39,-189,-438,-24,-274,265
959,485,-332,-69,-258,1059,-898,-7,-655,1764,2057,-1729,-560,-224,1401,-169,-435,504,3275,765,-3682,1143,7450,-4523,-957,-3269,-475,-561,-411,824,-382,977,392,-1888,34,689,1459,-1985,449,105,-616,-185,252,688,-1031,944,-867,88,409,4072,-2984,-1826,-278,-45,-55,-391,25,642,-696,-23,-173,92,3147,-2099,-726,158,798,216,-737,2314,-591,-456,-1174,696,3379,-1450,350,-2877,-595,133,83,-1008,464,540,205,-12,-627,-151,153,2200,-1587,-304,-156,233,638,39,-189,-438,-24,-274,265,1941
960,-332,-69,-258,1059,-898,-7,-655,1764,2057,-1729,-560,-224,1401,-169,-435,504,3275,765,-3682,1143,7450,-4523,-957,-3269,-475,-561,-411,824,-382,977,392,-1888,34,689,1459,-1985,449,105,-616,-185,252,688,-1031,944,-867,88,409,4072,-2984,-1826,-278,-45,-55,-391,25,642,-696,-23,-173,92,3147,-2099,-726,158,798,216,-737,2314,-591,-456,-1174,696,3379,-1450,350,-2877,-595,133,83,-1008,464,540,205,-12,-627,-151,153,2200,-1587,-304,-156,233,638,39,-189,-438,-24,-274,265,1941,1155
961,-69,-258,1059,-898,-7,-655,1764,2057,-1729,-560,-224,1401,-169,-435,504,3275,765,-3682,1143,7450,-4523,-957,-3269,-475,-561,-411,824,-382,977,392,-1888,34,689,1459,-1985,449,105,-616,-185,252,688,-1031,944,-867,88,409,4072,-2984,-1826,-278,-45,-55,-391,25,642,-696,-23,-173,92,3147,-2099,-726,158,798,216,-737,2314,-591,-456,-1174,696,3379,-1450,350,-2877,-595,133,83,-1008,464,540,205,-12,-627,-151,153,2200,-1587,-304,-156,233,638,39,-189,-438,-24,-274,265,1941,1155,-2612
962,-258,1059,-898,-7,-655,1764,2057,-1729,-560,-224,1401,-169,-435,504,3275,765,-3682,1143,7450,-4523,-957,-3269,-475,-561,-411,824,-382,977,392,-1888,34,689,1459,-1985,449,105,-616,-185,252,688,-1031,944,-867,88,409,4072,-2984,-1826,-278,-45,-55,-391,25,642,-696,-23,-173,92,3147,-2099,-726,158,798,216,-737,2314,-591,-456,-1174,696,3379,-1450,350,-2877,-595,133,83,-1008,464,540,205,-12,-627,-151,153,2200,-1587,-304,-156,233,638,39,-189,-438,-24,-274,265,1941,1155,-2612,-833
963,1059,-898,-7,-655,1764,2057,-1729,-560,-224,1401,-169,-435,504,3275,765,-3682,1143,7450,-4523,-957,-3269,-475,-561,-411,824,-382,977,392,-1888,34,689,1459,-1985,449,105,-616,-185,252,688,-1031,944,-867,88,409,4072,-2984,-1826,-278,-45,-55,-391,25,642,-696,-23,-173,92,3147,-2099,-726,158,798,216,-737,2314,-591,-456,-1174,696,3379,-1450,350,-2877,-595,133,83,-1008,464,540,205,-12,-627,-151,153,2200,-1587,-304,-156,233,638,39,-189,-438,-24,-274,265,1941,1155,-2612,-833,94
964,-898,-7,-655,1764,2057,-1729,-560,-224,1401,-169,-435,504,3275,765,-3682,1143,7450,-4523,-957,-3269,-475,-561,-411,824,-382,977,392,-1888,34,689,1459,-1985,449,105,-616,-185,252,688,-1031,944,-867,88,409,4072,-2984,-1826,-278,-45,-55,-391,25,642,-696,-23,-173,92,3147,-2099,-726,158,798,216,-737,2314,-591,-456,-1174,696,3379,-1450,350,-2877,-595,133,83,-1008,464,540,205,-12,-627,-151,153,2200,-1587,-304,-156,233,638,39,-189,-438,-24,-274,265,1941,1155,-2612,-833,94,154
965,-7,-655,1764,2057,-1729,-560,-224,1401,-169,-435,504,3275,765,-3682,1143,7450,-4523,-957,-3269,-475,-561,-411,824,-382,977,392,-1888,34,689,1459,-1985,449,105,-616,-185,252,688,-1031,944,-867,88,409,4072,-2984,-1826,-278,-45,-55,-391,25,642,-696,-23,-173,92,3147,-2099,-726,158,798,216,-737,2314,-591,-456,-1174,696,3379,-1450,350,-2877,-595,133,83,-1008,464,540,205,-12,-627,-151,153,2200,-1587,-304,-156,233,638,39,-189,-438,-24,-274,265,1941,1155,-2612,-833,94,154,-427
966,-655,1764,2057,-1729,-560,-224,1401,-169,-435,504,3275,765,-3682,1143,7450,-4523,-957,-3269,-475,-561,-411,824,-382,977,392,-1888,34,689,1459,-1985,449,105,-616,-185,252,688,-1031,944,-867,88,409,4072,-2984,-1826,-278,-45,-55,-391,25,642,-696,-23,-173,92,3147,-2099,-726,158,798,216,-737,2314,-591,-456,-1174,696,3379,-1450,350,-2877,-595,133,83,-1008,464,540,205,-12,-627,-151,153,2200,-1587,-304,-156,233,638,39,-189,-438,-24,-274,265,1941,1155,-2612,-833,94,154,-427,180
967,1764,2057,-1729,-560,-224,1401,-169,-435,504,3275,765,-3682,1143,7450,-4523,-957,-3269,-475,-561,-411,824,-382,977,392,-1888,34,689,1459,-1985,449,105,-616,-185,252,688,-1031,944,-867,88,409,4072,-2984,-1826,-278,-45,-55,-391,25,642,-696,-23,-173,92,3147,-2099,-726,158,798,216,-737,2314,-591,-456,-1174,696,3379,-1450,350,-2877,-595,133,83,-1008,464,540,205,-12,-627,-151,153,2200,-1587,-304,-156,233,638,39,-189,-438,-24,-274,265,1941,1155,-2612,-833,94,154,-427,180,-148
968,2057,-1729,-560,-224,1401,-169,-435,504,3275,765,-3682,1143,7450,-4523,-957,-3269,-475,-561,-411,824,-382,977,392,-1888,34,689,1459,-1985,449,105,-616,-185,252,688,-1031,944,-867,88,409,4072,-2984,-1826,-278,-45,-55,-391,25,642,-696,-23,-173,92,3147,-2099,-726,158,798,216,-737,2314,-591,-456,-1174,696,3379,-1450,350,-2877,-595,133,83,-1008,464,540,205,-12,-627,-151,153,2200,-1587,-304,-156,233,638,39,-189,-438,-24,-274,265,1941,1155,-2612,-833,94,154,-427,180,-148,238
969,-1729,-560,-224,1401,-169,-435,504,3275,765,-3682,1143,7450,-4523,-957,-3269,-475,-561,-411,824,-382,977,392,-1888,34,689,1459,-1985,449,105,-616,-185,252,688,-1031,944,-867,88,409,4072,-2984,-1826,-278,-45,-55,-391,25,642,-696,-23,-173,92,3147,-2099,-726,158,798,216,-737,2314,-591,-456,-1174,696,3379,-1450,350,-2877,-595,133,83,-1008,464,540,205,-12,-627,-151,153,2200,-1587,-304,-156,233,638,39,-189,-438,-24,-274,265,1941,1155,-2612,-833,94,154,-427,180,-148,238,-340
970,-560,-224,1401,-169,-435,504,3275,765,-3682,1143,7450,-4523,-957,-3269,-475,-561,-411,824,-382,977,392,-1888,34,689,1459,-1985,449,105,-616,-185,252,688,-1031,944,-867,88,409,4072,-2984,-1826,-278,-45,-55,-391,25,642,-696,-23,-173,92,3147,-2099,-726,158,798,216,-737,2314,-591,-456,-1174,696,3379,-1450,350,-2877,-595,133,83,-1008,464,540,205,-12,-627,-151,153,2200,-1587,-304,-156,233,638,39,-189,-438,-24,-274,265,1941,1155,-2612,-833,94,154,-427,180,-148,238,-340,-129
971,-224,1401,-169,-435,504,3275,765,-3682,1143,7450,-4523,-957,-3269,-475,-561,-411,824,-382,977,392,-1888,34,689,1459,-1985,449,105,-616,-185,252,688,-1031,944,-867,88,409,4072,-2984,-1826,-278,-45,-55,-391,25,642,-696,-23,-173,92,3147,-2099,-726,158,798,216,-737,2314,-591,-456,-1174,696,3379,-1450,350,-2877,-595,133,83,-1008,464,540,205,-12,-627,-151,153,2200,-1587,-304,-156,233,638,39,-189,-438,-24,-274,265,1941,1155,-2612,-833,94,154,-427,180,-148,238,-340,-129,-23
972,1401,-169,-435,504,3275,765,-3682,1143,7450,-4523,-957,-3269,-475,-561,-411,824,-382,977,392,-1888,34,689,1459,-1985,449,105,-616,-185,252,688,-1031,944,-867,88,409,4072,-2984,-1826,-278,-45,-55,-391,25,642,-696,-23,-173,92,3147,-2099,-726,158,798,216,-737,2314,-591,-456,-1174,696,3379,-1450,350,-2877,-595,133,83,-1008,464,540,205,-12,-627,-151,153,2200,-1587,-304,-156,233,638,39,-189,-438,-24,-274,265,1941,1155,-2612,-833,94,154,-427,180,-148,238,-340,-129,-23,114
973,-169,-435,504,3275,765,-3682,1143,7450,-4523,-957,-3269,-475,-561,-411,824,-382,977,392,-1888,34,689,1459,-1985,449,105,-616,-185,252,688,-1031,944,-867,88,409,4072,-2984,-1826,-278,-45,-55,-391,25,642,-696,-23,-173,92,3147,-2099,-726,158,798,216,-737,2314,-591,-456,-1174,696,3379,-1450,350,-2877,-595,133,83,-1008,464,540,205,-12,-627,-151,153,2200,-1587,-304,-156,233,638,39,-189,-438,-24,-274,265,1941,1155,-2612,-833,94,154,-427,180,-148,238,-340,-129,-23,114,2507
974,-435,504,3275,765,-3682,1143,7450,-4523,-957,-3269,-475,-561,-411,824,-382,977,392,-1888,34,689,1459,-1985,449,105,-616,-185,252,688,-1031,944,-867,88,409,4072,-2984,-1826,-278,-45,-55,-391,25,642,-696,-23,-173,92,3147,-2099,-726,158,798,216,-737,2314,-591,-456,-1174,696,3379,-1450,350,-2877,-595,133,83,-1008,464,540,205,-12,-627,-151,153,2200,-1587,-304,-156,233,638,39,-189,-438,-24,-274,265,1941,1155,-2612,-833,94,154,-427,180,-148,238,-340,-129,-23,114,2507,-580
975,504,3275,765,-3682,1143,7450,-4523,-957,-3269,-475,-561,-411,824,-382,977,392,-1888,34,689,1459,-1985,449,105,-616,-185,252,688,-1031,944,-867,88,409,4072,-2984,-1826,-278,-45,-55,-391,25,642,-696,-23,-173,92,3147,-2099,-726,158,798,216,-737,2314,-591,-456,-1174,696,3379,-1450,350,-2877,-595,133,83,-1008,464,540,205,-12,-627,-151,153,2200,-1587,-304,-156,233,638,39,-189,-438,-24,-274,265,1941,1155,-2612,-833,94,154,-427,180,-148,238,-340,-129,-23,114,2507,-580,-821
976,3275,765,-3682,1143,7450,-4523,-957,-3269,-475,-561,-411,824,-382,977,392,-1888,34,689,1459,-1985,449,105,-616,-185,252,688,-1031,944,-867,88,409,4072,-2984,-1826,-278,-45,-55,-391,25,642,-696,-23,-173,92,3147,-2099,-726,158,798,216,-737,2314,-591,-456,-1174,696,3379,-1450,350,-2877,-595,133,83,-1008,464,540,205,-12,-627,-151,153,2200,-1587,-304,-156,233,638,39,-189,-438,-24,-274,265,1941,1155,-2612,-833,94,154,-427,180,-148,238,-340,-129,-23,114,2507,-580,-821,660
977,765,-3682,1143,7450,-4523,-957,-3269,-475,-561,-411,824,-382,977,392,-1888,34,689,1459,-1985,449,105,-616,-185,252,688,-1031,944,-867,88,409,4072,-2984,-1826,-278,-45,-55,-391,25,642,-696,-23,-173,92,3147,-2099,-726,158,798,216,-737,2314,-591,-456,-1174,696,3379,-1450,350,-2877,-595,133,83,-1008,464,540,205,-12,-627,-151,153,2200,-1587,-304,-156,233,638,39,-189,-438,-24,-274,265,1941,1155,-2612,-833,94,154,-427,180,-148,238,-340,-129,-23,114,2507,-580,-821,660,580
978,-3682,1143,7450,-4523,-957,-3269,-475,-561,-411,824,-382,977,392,-1888,34,689,1459,-1985,449,105,-616,-185,252,688,-1031,944,-867,88,409,4072,-2984,-1826,-278,-45,-55,-391,25,642,-696,-23,-173,92,3147,-2099,-726,158,798,216,-737,2314,-591,-456,-1174,696,3379,-1450,350,-2877,-595,133,83,-1008,464,540,205,-12,-627,-151,153,2200,-1587,-304,-156,233,638,39,-189,-438,-24,-274,265,1941,1155,-2612,-833,94,154,-427,180,-148,238,-340,-129,-23,114,2507,-580,-821,660,580,-1610
979,1143,7450,-4523,-957,-3269,-475,-561,-411,824,-382,977,392,-1888,34,689,1459,-1985,449,105,-616,-185,252,688,-1031,944,-867,88,409,4072,-2984,-1826,-278,-45,-55,-391,25,642,-696,-23,-173,92,3147,-2099,-726,158,798,216,-737,2314,-591,-456,-1174,696,3379,-1450,350,-2877,-595,133,83,-1008,464,540,205,-12,-627,-151,153,2200,-1587,-304,-156,233,638,39,-189,-438,-24,-274,265,1941,1155,-2612,-833,94,154,-427,180,-148,238,-340,-129,-23,114,2507,-580,-821,660,580,-1610,1189
980,7450,-4523,-957,-3269,-475,-561,-411,824,-382,977,392,-1888,34,689,1459,-1985,449,105,-616,-185,252,688,-1031,944,-867,88,409,4072,-2984,-1826,-278,-45,-55,-391,25,642,-696,-23,-173,92,3147,-2099,-726,158,798,216,-737,2314,-591,-456,-1174,696,3379,-1450,350,-2877,-595,133,83,-1008,464,540,205,-12,-627,-151,153,2200,-1587,-304,-156,233,638,39,-189,-438,-24,-274,265,1941,1155,-2612,-833,94,154,-427,180,-148,238,-340,-129,-23,114,2507,-580,-821,660,580,-1610,1189,886
981,-4523,-957,-3269,-475,-561,-411,824,-382,977,392,-1888,34,689,1459,-1985,449,105,-616,-185,252,688,-1031,944,-867,88,409,4072,-2984,-1826,-278,-45,-55,-391,25,642,-696,-23,-173,92,3147,-2099,-726,158,798,216,-737,2314,-591,-456,-1174,696,3379,-1450,350,-2877,-595,133,83,-1008,464,540,205,-12,-627,-151,153,2200,-1587,-304,-156,233,638,39,-189,-438,-24,-274,265,1941,1155,-2612,-833,94,154,-427,180,-148,238,-340,-129,-23,114,2507,-580,-821,660,580,-1610,1189,886,1786
982,-957,-3269,-475,-561,-411,824,-382,977,392,-1888,34,689,1459,-1985,449,105,-616,-185,252,688,-1031,944,-867,88,409,4072,-2984,-1826,-278,-45,-55,-391,25,642,-696,-23,-173,92,3147,-2099,-726,158,798,216,-737,2314,-591,-456,-1174,696,3379,-1450,350,-2877,-595,133,83,-1008,464,540,205,-12,-627,-151,153,2200,-1587,-304,-156,233,638,39,-189,-438,-24,-274,265,1941,1155,-2612,-833,94,154,-427,180,-148,238,-340,-129,-23,114,2507,-580,-821,660,580,-1610,1189,886,1786,-2459
983,-3269,-475,-561,-411,824,-382,977,392,-1888,34,689,1459,-1985,449,105,-616,-185,252,688,-1031,944,-867,88,409,4072,-2984,-1826,-278,-45,-55,-391,25,642,-696,-23,-173,92,3147,-2099,-726,158,798,216,-737,2314,-591,-456,-1174,696,3379,-1450,350,-2877,-595,133,83,-1008,464,540,205,-12,-627,-151,153,2200,-1587,-304,-156,233,638,39,-189,-438,-24,-274,265,1941,1155,-2612,-833,94,154,-427,180,-148,238,-340,-129,-23,114,2507,-580,-821,660,580,-1610,1189,886,1786,-2459,-257
984,-475,-561,-411,824,-382,977,392,-1888,34,689,1459,-1985,449,105,-616,-185,252,688,-1031,944,-867,88,409,4072,-2984,-1826,-278,-45,-55,-391,25,642,-696,-23,-173,92,3147,-2099,-726,158,798,216,-737,2314,-591,-456,-1174,696,3379,-1450,350,-2877,-595,133,83,-1008,464,540,205,-12,-627,-151,153,2200,-1587,-304,-156,233,638,39,-189,-438,-24,-274,265,1941,1155,-2612,-833,94,154,-427,180,-148,238,-340,-129,-23,114,2507,-580,-821,660,580,-1610,1189,886,1786,-2459,-257,428
985,-561,-411,824,-382,977,392,-1888,34,689,1459,-1985,449,105,-616,-185,252,688,-1031,944,-867,88,409,4072,-2984,-1826,-278,-45,-55,-391,25,642,-696,-23,-173,92,3147,-2099,-726,158,798,216,-737,2314,-591,-456,-1174,696,3379,-1450,350,-2877,-595,133,83,-1008,464,540,205,-12,-627,-151,153,2200,-1587,-304,-156,233,638,39,-189,-438,-24,-274,265,1941,1155,-2612,-833,94,154,-427,180,-148,238,-340,-129,-23,114,2507,-580,-821,660,580,-1610,1189,886,1786,-2459,-257,428,2552
986,-411,824,-382,977,392,-1888,34,689,1459,-1985,449,105,-616,-185,252,688,-1031,944,-867,88,409,4072,-2984,-1826,-278,-45,-55,-391,25,642,-696,-23,-173,92,3147,-2099,-726,158,798,216,-737,2314,-591,-456,-1174,696,3379,-1450,350,-2877,-595,133,83,-1008,464,540,205,-12,-627,-151,153,2200,-1587,-304,-156,233,638,39,-189,-438,-24,-274,265,1941,1155,-2612,-833,94,154,-427,180,-148,238,-340,-129,-23,114,2507,-580,-821,660,580,-1610,1189,886,1786,-2459,-257,428,2552,59
987,824,-382,977,392,-1888,34,689,1459,-1985,449,105,-616,-185,252,688,-1031,944,-867,88,409,4072,-2984,-1826,-278,-45,-55,-391,25,642,-696,-23,-173,92,3147,-2099,-726,158,798,216,-737,2314,-591,-456,-1174,696,3379,-1450,350,-2877,-595,133,83,-1008,464,540,205,-12,-627,-151,153,2200,-1587,-304,-156,233,638,39,-189,-438,-24,-274,265,1941,1155,-2612,-833,94,154,-427,180,-148,238,-340,-129,-23,114,2507,-580,-821,660,580,-1610,1189,886,1786,-2459,-257,428,2552,59,-2329
988,-382,977,392,-1888,34,689,1459,-1985,449,105,-616,-185,252,688,-1031,944,-867,88,409,4072,-2984,-1826,-278,-45,-55,-391,25,642,-696,-23,-173,92,3147,-2099,-726,158,798,216,-737,2314,-591,-456,-1174,696,3379,-1450,350,-2877,-595,133,83,-1008,464,540,205,-12,-627,-151,153,2200,-1587,-304,-156,233,638,39,-189,-438,-24,-274,265,1941,1155,-2612,-833,94,154,-427,180,-148,238,-340,-129,-23,114,2507,-580,-821,660,580,-1610,1189,886,1786,-2459,-257,428,2552,59,-2329,-1598
989,977,392,-1888,34,689,1459,-1985,449,105,-616,-185,252,688,-1031,944,-867,88,409,4072,-2984,-1826,-278,-45,-55,-391,25,642,-696,-23,-173,92,3147,-2099,-726,158,798,216,-737,2314,-591,-456,-1174,696,3379,-1450,350,-2877,-595,133,83,-1008,464,540,205,-12,-627,-151,153,2200,-1587,-304,-156,233,638,39,-189,-438,-24,-274,265,1941,1155,-2612,-833,94,154,-427,180,-148,238,-340,-129,-23,114,2507,-580,-821,660,580,-1610,1189,886,1786,-2459,-257,428,2552,59,-2329,-1598,-381
990,392,-1888,34,689,1459,-1985,449,105,-616,-185,252,688,-1031,944,-867,88,409,4072,-2984,-1826,-278,-45,-55,-391,25,642,-696,-23,-173,92,3147,-2099,-726,158,798,216,-737,2314,-591,-456,-1174,696,3379,-1450,350,-2877,-595,133,83,-1008,464,540,205,-12,-627,-151,153,2200,-1587,-304,-156,233,638,39,-189,-438,-24,-274,265,1941,1155,-2612,-833,94,154,-427,180,-148,238,-340,-129,-23,114,2507,-580,-821,660,580,-1610,1189,886,1786,-2459,-257,428,2552,59,-2329,-1598,-381,-84
991,-1888,34,689,1459,-1985,449,105,-616,-185,252,688,-1031,944,-867,88,409,4072,-2984,-1826,-278,-45,-55,-391,25,642,-696,-23,-173,92,3147,-2099,-726,158,798,216,-737,2314,-591,-456,-1174,696,3379,-1450,350,-2877,-595,133,83,-1008,464,540,205,-12,-627,-151,153,2200,-1587,-304,-156,233,638,39,-189,-438,-24,-274,265,1941,1155,-2612,-833,94,154,-427,180,-148,238,-340,-129,-23,114,2507,-580,-821,660,580,-1610,1189,886,1786,-2459,-257,428,2552,59,-2329,-1598,-381,-84,120
992,34,689,1459,-1985,449,105,-616,-185,252,688,-1031,944,-867,88,409,4072,-2984,-1826,-278,-45,-55,-391,25,642,-696,-23,-173,92,3147,-2099,-726,158,798,216,-737,2314,-591,-456,-1174,696,3379,-1450,350,-2877,-595,133,83,-1008,464,540,205,-12,-627,-151,153,2200,-1587,-304,-156,233,638,39,-189,-438,-24,-274,265,1941,1155,-2612,-833,94,154,-427,180,-148,238,-340,-129,-23,114,2507,-580,-821,660,580,-1610,1189,886,1786,-2459,-257,428,2552,59,-2329,-1598,-381,-84,120,-399
993,689,1459,-1985,449,105,-616,-185,252,688,-1031,944,-867,88,409,4072,-2984,-1826,-278,-45,-55,-391,25,642,-696,-23,-173,92,3147,-2099,-726,158,798,216,-737,2314,-591,-456,-1174,696,3379,-1450,350,-2877,-595,133,83,-1008,464,540,205,-12,-627,-151,153,2200,-1587,-304,-156,233,638,39,-189,-438,-24,-274,265,1941,1155,-2612,-833,94,154,-427,180,-148,238,-340,-129,-23,114,2507,-580,-821,660,580,-1610,1189,886,1786,-2459,-257,428,2552,59,-2329,-1598,-381,-84,120,-399,-336
994,1459,-1985,449,105,-616,-185,252,688,-1031,944,-867,88,409,4072,-2984,-1826,-278,-45,-55,-391,25,642,-696,-23,-173,92,3147,-2099,-726,158,798,216,-737,2314,-591,-456,-1174,696,3379,-1450,350,-2877,-595,133,83,-1008,464,540,205,-12,-627,-151,153,2200,-1587,-304,-156,233,638,39,-189,-438,-24,-274,265,1941,1155,-2612,-833,94,154,-427,180,-148,238,-340,-129,-23,114,2507,-580,-821,660,580,-1610,1189,886,1786,-2459,-257,428,2552,59,-2329,-1598,-381,-84,120,-399,-336,494
995,-1985,449,105,-616,-185,252,688,-1031,944,-867,88,409,4072,-2984,-1826,-278,-45,-55,-391,25,642,-696,-23,-173,92,3147,-2099,-726,158,798,216,-737,2314,-591,-456,-1174,696,3379,-1450,350,-2877,-595,133,83,-1008,464,540,205,-12,-627,-151,153,2200,-1587,-304,-156,233,638,39,-189,-438,-24,-274,265,1941,1155,-2612,-833,94,154,-427,180,-148,238,-340,-129,-23,114,2507,-580,-821,660,580,-1610,1189,886,1786,-2459,-257,428,2552,59,-2329,-1598,-381,-84,120,-399,-336,494,-109
996,449,105,-616,-185,252,688,-1031,944,-867,88,409,4072,-2984,-1826,-278,-45,-55,-391,25,642,-696,-23,-173,92,3147,-2099,-726,158,798,216,-737,2314,-591,-456,-1174,696,3379,-1450,350,-2877,-595,133,83,-1008,464,540,205,-12,-627,-151,153,2200,-1587,-304,-156,233,638,39,-189,-438,-24,-274,265,1941,1155,-2612,-833,94,154,-427,180,-148,238,-340,-129,-23,114,2507,-580,-821,660,580,-1610,1189,886,1786,-2459,-257,428,2552,59,-2329,-1598,-381,-84,120,-399,-336,494,-109,-15
997,105,-616,-185,252,688,-1031,944,-867,88,409,4072,-2984,-1826,-278,-45,-55,-391,25,642,-696,-23,-173,92,3147,-2099,-726,158,798,216,-737,2314,-591,-456,-1174,696,3379,-1450,350,-2877,-595,133,83,-1008,464,540,205,-12,-627,-151,153,2200,-1587,-304,-156,233,638,39,-189,-438,-24,-274,265,1941,1155,-2612,-833,94,154,-427,180,-148,238,-340,-129,-23,114,2507,-580,-821,660,580,-1610,1189,886,1786,-2459,-257,428,2552,59,-2329,-1598,-381,-84,120,-399,-336,494,-109,-15,329
998,-616,-185,252,688,-1031,944,-867,88,409,4072,-2984,-1826,-278,-45,-55,-391,25,642,-696,-23,-173,92,3147,-2099,-726,158,798,216,-737,2314,-591,-456,-1174,696,3379,-1450,350,-2877,-595,133,83,-1008,464,540,205,-12,-627,-151,153,2200,-1587,-304,-156,233,638,39,-189,-438,-24,-274,265,1941,1155,-2612,-833,94,154,-427,180,-148,238,-340,-129,-23,114,2507,-580,-821,660,580,-1610,1189,886,1786,-2459,-257,428,2552,59,-2329,-1598,-381,-84,120,-399,-336,494,-109,-15,329,116
999,-185,252,688,-1031,944,-867,88,409,4072,-2984,-1826,-278,-45,-55,-391,25,642,-696,-23,-173,92,3147,-2099,-726,158,798,216,-737,2314,-591,-456,-1174,696,3379,-1450,350,-2877,-595,133,83,-1008,464,540,205,-12,-627,-151,153,2200,-1587,-304,-156,233,638,39,-189,-438,-24,-274,265,1941,1155,-2612,-833,94,154,-427,180,-148,238,-340,-129,-23,114,2507,-580,-821,660,580,-1610,1189,886,1786,-2459,-257,428,2552,59,-2329,-1598,-381,-84,120,-399,-336,494,-109,-15,329,116,1266
1000,252,688,-1031,944,-867,88,409,4072,-2984,-1826,-278,-45,-55,-391,25,642,-696,-23,-173,92,3147,-2099,-726,158,798,216,-737,2314,-591,-456,-1174,696,3379,-1450,350,-2877,-595,133,83,-1008,464,540,205,-12,-627,-151,153,2200,-1587,-304,-156,233,638,39,-189,-438,-24,-274,265,1941,1155,-2612,-833,94,154,-427,180,-148,238,-340,-129,-23,114,2507,-580,-821,660,580,-1610,1189,886,1786,-2459,-257,428,2552,59,-2329,-1598,-381,-84,120,-399,-336,494,-109,-15,329,116,1266,-827
1001,688,-1031,944,-867,88,409,4072,-2984,-1826,-278,-45,-55,-391,25,642,-696,-23,-173,92,3147,-2099,-726,158,798,216,-737,2314,-591,-456,-1174,696,3379,-1450,350,-2877,-595,133,83,-1008,464,540,205,-12,-627,-151,153,2200,-1587,-304,-156,233,638,39,-189,-438,-24,-274,265,1941,1155,-2612,-833,94,154,-427,180,-148,238,-340,-129,-23,114,2507,-580,-821,660,580,-1610,1189,886,1786,-2459,-257,428,2552,59,-2329,-1598,-381,-84,120,-399,-336,494,-109,-15,329,116,1266,-827,-298
1002,-1031,944,-867,88,409,4072,-2984,-1826,-278,-45,-55,-391,25,642,-696,-23,-173,92,3147,-2099,-726,158,798,216,-737,2314,-591,-456,-1174,696,3379,-1450,350,-2877,-595,133,83,-1008,464,540,205,-12,-627,-151,153,2200,-1587,-304,-156,233,638,39,-189,-438,-24,-274,265,1941,1155,-2612,-833,94,154,-427,180,-148,238,-340,-129,-23,114,2507,-580,-821,660,580,-1610,1189,886,1786,-2459,-257,428,2552,59,-2329,-1598,-381,-84,120,-399,-336,494,-109,-15,329,116,1266,-827,-298,110
1003,944,-867,88,409,4072,-2984,-1826,-278,-45,-55,-391,25,642,-696,-23,-173,92,3147,-2099,-726,158,798,216,-737,2314,-591,-456,-1174,696,3379,-1450,350,-2877,-595,133,83,-1008,464,540,205,-12,-627,-151,153,2200,-1587,-304,-156,233,638,39,-189,-438,-24,-274,265,1941,1155,-2612,-833,94,154,-427,180,-148,238,-340,-129,-23,114,2507,-580,-821,660,580,-1610,1189,886,1786,-2459,-257,428,2552,59,-2329,-1598,-381,-84,120,-399,-336,494,-109,-15,329,116,1266,-827,-298,110,-238
1004,-867,88,409,4072,-2984,-1826,-278,-45,-55,-391,25,642,-696,-23,-173,92,3147,-2099,-726,158,798,216,-737,2314,-591,-456,-1174,696,3379,-1450,350,-2877,-595,133,83,-1008,464,540,205,-12,-627,-151,153,2200,-1587,-304,-156,233,638,39,-189,-438,-24,-274,265,1941,1155,-2612,-833,94,154,-427,180,-148,238,-340,-129,-23,114,2507,-580,-821,660,580,-1610,1189,886,1786,-2459,-257,428,2552,59,-2329,-1598,-381,-84,120,-399,-336,494,-109,-15,329,116,1266,-827,-298,110,-238,-160
1005,88,409,4072,-2984,-1826,-278,-45,-55,-391,25,642,-696,-23,-173,92,3147,-2099,-726,158,798,216,-737,2314,-591,-456,-1174,696,3379,-1450,350,-2877,-595,133,83,-1008,464,540,205,-12,-627,-151,153,2200,-1587,-304,-156,233,638,39,-189,-438,-24,-274,265,1941,1155,-2612,-833,94,154,-427,180,-148,238,-340,-129,-23,114,2507,-580,-821,660,580,-1610,1189,886,1786,-2459,-257,428,2552,59,-2329,-1598,-381,-84,120,-399,-336,494,-109,-15,329,116,1266,-827,-298,110,-238,-160,1009
1006,409,4072,-2984,-1826,-278,-45,-55,-391,25,642,-696,-23,-173,92,3147,-2099,-726,158,798,216,-737,2314,-591,-456,-1174,696,3379,-1450,350,-2877,-595,133,83,-1008,464,540,205,-12,-627,-151,153,2200,-1587,-304,-156,233,638,39,-189,-438,-24,-274,265,1941,1155,-2612,-833,94,154,-427,180,-148,238,-340,-129,-23,114,2507,-580,-821,660,580,-1610,1189,886,1786,-2459,-257,428,2552,59,-2329,-1598,-381,-84,120,-399,-336,494,-109,-15,329,116,1266,-827,-298,110,-238,-160,1009,141
1007,4072,-2984,-1826,-278,-45,-55,-391,25,642,-696,-23,-173,92,3147,-2099,-726,158,798,216,-737,2314,-591,-456,-1174,696,3379,-1450,350,-2877,-595,133,83,-1008,464,540,205,-12,-627,-151,153,2200,-1587,-304,-156,233,638,39,-189,-438,-24,-274,265,1941,1155,-2612,-833,94,154,-427,180,-148,238,-340,-129,-23,114,2507,-580,-821,660,580,-1610,1189,886,1786,-2459,-257,428,2552,59,-2329,-1598,-381,-84,120,-399,-336,494,-109,-15,329,116,1266,-827,-298,110,-238,-160,1009,141,64
1008,-2984,-1826,-278,-45,-55,-391,25,642,-696,-23,-173,92,3147,-2099,-726,158,798,216,-737,2314,-591,-456,-1174,696,3379,-1450,350,-2877,-595,133,83,-1008,464,540,205,-12,-627,-151,153,2200,-1587,-304,-156,233,638,39,-189,-438,-24,-274,265,1941,1155,-2612,-833,94,154,-427,180,-148,238,-340,-129,-23,114,2507,-580,-821,660,580,-1610,1189,886,1786,-2459,-257,428,2552,59,-2329,-1598,-381,-84,120,-399,-336,494,-109,-15,329,116,1266,-827,-298,110,-238,-160,1009,141,64,845
1009,-1826,-278,-45,-55,-391,25,642,-696,-23,-173,92,3147,-2099,-726,158,798,216,-737,2314,-591,-456,-1174,696,3379,-1450,350,-2877,-595,133,83,-1008,464,540,205,-12,-627,-151,153,2200,-1587,-304,-156,233,638,39,-189,-438,-24,-274,265,1941,1155,-2612,-833,94,154,-427,180,-148,238,-340,-129,-23,114,2507,-580,-821,660,580,-1610,1189,886,1786,-2459,-257,428,2552,59,-2329,-1598,-381,-84,120,-399,-336,494,-109,-15,329,116,1266,-827,-298,110,-238,-160,1009,141,64,845,-1923
1010,-278,-45,-55,-391,25,642,-696,-23,-173,92,3147,-2099,-726,158,798,216,-737,2314,-591,-456,-1174,696,3379,-1450,350,-2877,-595,133,83,-1008,464,540,205,-12,-627,-151,153,2200,-1587,-304,-156,233,638,39,-189,-438,-24,-274,265,1941,1155,-2612,-833,94,154,-427,180,-148,238,-340,-129,-23,114,2507,-580,-821,660,580,-1610,1189,886,1786,-2459,-257,428,2552,59,-2329,-1598,-381,-84,120,-399,-336,494,-109,-15,329,116,1266,-827,-298,110,-238,-160,1009,141,64,845,-1923,-38
1011,-45,-55,-391,25,642,-696,-23,-173,92,3147,-2099,-726,158,798,216,-737,2314,-591,-456,-1174,696,3379,-1450,350,-2877,-595,133,83,-1008,464,540,205,-12,-627,-151,153,2200,-1587,-304,-156,233,638,39,-189,-438,-24,-274,265,1941,1155,-2612,-833,94,154,-427,180,-148,238,-340,-129,-23,114,2507,-580,-821,660,580,-1610,1189,886,1786,-2459,-257,428,2552,59,-2329,-1598,-381,-84,120,-399,-336,494,-109,-15,329,116,1266,-827,-298,110,-238,-160,1009,141,64,845,-1923,-38,1889
1012,-55,-391,25,642,-696,-23,-173,92,3147,-2099,-726,158,798,216,-737,2314,-591,-456,-1174,696,3379,-1450,350,-2877,-595,133,83,-1008,464,540,205,-12,-627,-151,153,2200,-1587,-304,-156,233,638,39,-189,-438,-24,-274,265,1941,1155,-2612,-833,94,154,-427,180,-148,238,-340,-129,-23,114,2507,-580,-821,660,580,-1610,1189,886,1786,-2459,-257,428,2552,59,-2329,-1598,-381,-84,120,-399,-336,494,-109,-15,329,116,1266,-827,-298,110,-238,-160,1009,141,64,845,-1923,-38,1889,-142
1013,-391,25,642,-696,-23,-173,92,3147,-2099,-726,158,798,216,-737,2314,-591,-456,-1174,696,3379,-1450,350,-2877,-595,133,83,-1008,464,540,205,-12,-627,-151,153,2200,-1587,-304,-156,233,638,39,-189,-438,-24,-274,265,1941,1155,-2612,-833,94,154,-427,180,-148,238,-340,-129,-23,114,2507,-580,-821,660,580,-1610,1189,886,1786,-2459,-257,428,2552,59,-2329,-1598,-381,-84,120,-399,-336,494,-109,-15,329,116,1266,-827,-298,110,-238,-160,1009,141,64,845,-1923,-38,1889,-142,-1190
1014,25,642,-696,-23,-173,92,3147,-2099,-726,158,798,216,-737,2314,-591,-456,-1174,696,3379,-1450,350,-2877,-595,133,83,-1008,464,540,205,-12,-627,-151,153,2200,-1587,-304,-156,233,638,39,-189,-438,-24,-274,265,1941,1155,-2612,-833,94,154,-427,180,-148,238,-340,-129,-23,114,2507,-580,-821,660,580,-1610,1189,886,1786,-2459,-257,428,2552,59,-2329,-1598,-381,-84,120,-399,-336,494,-109,-15,329,116,1266,-827,-298,110,-238,-160,1009,141,64,845,-1923,-38,1889,-142,-1190,-658
1015,642,-696,-23,-173,92,3147,-2099,-726,158,798,216,-737,2314,-591,-456,-1174,696,3379,-1450,350,-2877,-595,133,83,-1008,464,540,205,-12,-627,-151,153,2200,-1587,-304,-156,233,638,39,-189,-438,-24,-274,265,1941,1155,-2612,-833,94,154,-427,180,-148,238,-340,-129,-23,114,2507,-580,-821,660,580,-1610,1189,886,1786,-2459,-257,428,2552,59,-2329,-1598,-381,-84,120,-399,-336,494,-109,-15,329,116,1266,-827,-298,110,-238,-160,1009,141,64,845,-1923,-38,1889,-142,-1190,-658,350
1016,-696,-23,-173,92,3147,-2099,-726,158,798,216,-737,2314,-591,-456,-1174,696,3379,-1450,350,-2877,-595,133,83,-1008,464,540,205,-12,-627,-151,153,2200,-1587,-304,-156,233,638,39,-189,-438,-24,-274,265,1941,1155,-2612,-833,94,154,-427,180,-148,238,-340,-129,-23,114,2507,-580,-821,660,580,-1610,1189,886,1786,-2459,-257,428,2552,59,-2329,-1598,-381,-84,120,-399,-336,494,-109,-15,329,116,1266,-827,-298,110,-238,-160,1009,141,64,845,-1923,-38,1889,-142,-1190,-658,350,-16
1017,-23,-173,92,3147,-2099,-726,158,798,216,-737,2314,-591,-456,-1174,696,3379,-1450,350,-2877,-595,133,83,-1008,464,540,205,-12,-627,-151,153,2200,-1587,-304,-156,233,638,39,-189,-438,-24,-274,265,1941,1155,-2612,-833,94,154,-427,180,-148,238,-340,-129,-23,114,2507,-580,-821,660,580,-1610,1189,886,1786,-2459,-257,428,2552,59,-2329,-1598,-381,-84,120,-399,-336,494,-109,-15,329,116,1266,-827,-298,110,-238,-160,1009,141,64,845,-1923,-38,1889,-142,-1190,-658,350,-16,-903
1018,-173,92,3147,-2099,-726,158,798,216,-737,2314,-591,-456,-1174,696,3379,-1450,350,-2877,-595,133,83,-1008,464,540,205,-12,-627,-151,153,2200,-1587,-304,-156,233,638,39,-189,-438,-24,-274,265,1941,1155,-2612,-833,94,154,-427,180,-148,238,-340,-129,-23,114,2507,-580,-821,660,580,-1610,1189,886,1786,-2459,-257,428,2552,59,-2329,-1598,-381,-84,120,-399,-336,494,-109,-15,329,116,1266,-827,-298,110,-238,-160,1009,141,64,845,-1923,-38,1889,-142,-1190,-658,350,-16,-903,346
1019,92,3147,-2099,-726,158,798,216,-737,2314,-591,-456,-1174,696,3379,-1450,350,-2877,-595,133,83,-1008,464,540,205,-12,-627,-151,153,2200,-1587,-304,-156,233,638,39,-189,-438,-24,-274,265,1941,1155,-2612,-833,94,154,-427,180,-148,238,-340,-129,-23,114,2507,-580,-821,660,580,-1610,1189,886,1786,-2459,-257,428,2552,59,-2329,-1598,-381,-84,120,-399,-336,494,-109,-15,329,116,1266,-827,-298,110,-238,-160,1009,141,64,845,-1923,-38,1889,-142,-1190,-658,350,-16,-903,346,529
1020,3147,-2099,-726,158,798,216,-737,2314,-591,-456,-1174,696,3379,-1450,350,-2877,-595,133,83,-1008,464,540,205,-12,-627,-151,153,2200,-1587,-304,-156,233,638,39,-189,-438,-24,-274,265,1941,1155,-2612,-833,94,154,-427,180,-148,238,-340,-129,-23,114,2507,-580,-821,660,580,-1610,1189,886,1786,-2459,-257,428,2552,59,-2329,-1598,-381,-84,120,-399,-336,494,-109,-15,329,116,1266,-827,-298,110,-238,-160,1009,141,64,845,-1923,-38,1889,-142,-1190,-658,350,-16,-903,346,529,433
1021,-2099,-726,158,798,216,-737,2314,-591,-456,-1174,696,3379,-1450,350,-2877,-595,133,83,-1008,464,540,205,-12,-627,-151,153,2200,-1587,-304,-156,233,638,39,-189,-438,-24,-274,265,1941,1155,-2612,-833,94,154,-427,180,-148,238,-340,-129,-23,114,2507,-580,-821,660,580,-1610,1189,886,1786,-2459,-257,428,2552,59,-2329,-1598,-381,-84,120,-399,-336,494,-109,-15,329,116,1266,-827,-298,110,-238,-160,1009,141,64,845,-1923,-38,1889,-142,-1190,-658,350,-16,-903,346,529,433,346
1022,-726,158,798,216,-737,2314,-591,-456,-1174,696,3379,-1450,350,-2877,-595,133,83,-1008,464,540,205,-12,-627,-151,153,2200,-1587,-304,-156,233,638,39,-189,-438,-24,-274,265,1941,1155,-2612,-833,94,154,-427,180,-148,238,-340,-129,-23,114,2507,-580,-821,660,580,-1610,1189,886,1786,-2459,-257,428,2552,59,-2329,-1598,-381,-84,120,-399,-336,494,-109,-15,329,116,1266,-827,-298,110,-238,-160,1009,141,64,845,-1923,-38,1889,-142,-1190,-658,350,-16,-903,346,529,433,346,-840
1023,158,798,216,-737,2314,-591,-456,-1174,696,3379,-1450,350,-2877,-595,133,83,-1008,464,540,205,-12,-627,-151,153,2200,-1587,-304,-156,233,638,39,-189,-438,-24,-274,265,1941,1155,-2612,-833,94,154,-427,180,-148,238,-340,-129,-23,114,2507,-580,-821,660,580,-1610,1189,886,1786,-2459,-257,428,2552,59,-2329,-1598,-381,-84,120,-399,-336,494,-109,-15,329,116,1266,-827,-298,110,-238,-160,1009,141,64,845,-1923,-38,1889,-142,-1190,-658,350,-16,-903,346,529,433,346,-840,-873
1024,798,216,-737,2314,-591,-456,-1174,696,3379,-1450,350,-2877,-595,133,83,-1008,464,540,205,-12,-627,-151,153,2200,-1587,-304,-156,233,638,39,-189,-438,-24,-274,265,1941,1155,-2612,-833,94,154,-427,180,-148,238,-340,-129,-23,114,2507,-580,-821,660,580,-1610,1189,886,1786,-2459,-257,428,2552,59,-2329,-1598,-381,-84,120,-399,-336,494,-109,-15,329,116,1266,-827,-298,110,-238,-160,1009,141,64,845,-1923,-38,1889,-142,-1190,-658,350,-16,-903,346,529,433,346,-840,-873,940
1025,216,-737,2314,-591,-456,-1174,696,3379,-1450,350,-2877,-595,133,83,-1008,464,540,205,-12,-627,-151,153,2200,-1587,-304,-156,233,638,39,-189,-438,-24,-274,265,1941,1155,-2612,-833,94,154,-427,180,-148,238,-340,-129,-23,114,2507,-580,-821,660,580,-1610,1189,886,1786,-2459,-257,428,2552,59,-2329,-1598,-381,-84,120,-399,-336,494,-109,-15,329,116,1266,-827,-298,110,-238,-160,1009,141,64,845,-1923,-38,1889,-142,-1190,-658,350,-16,-903,346,529,433,346,-840,-873,940,1065
1026,-737,2314,-591,-456,-1174,696,3379,-1450,350,-2877,-595,133,83,-1008,464,540,205,-12,-627,-151,153,2200,-1587,-304,-156,233,638,39,-189,-438,-24,-274,265,1941,1155,-2612,-833,94,154,-427,180,-148,238,-340,-129,-23,114,2507,-580,-821,660,580,-1610,1189,886,1786,-2459,-257,428,2552,59,-2329,-1598,-381,-84,120,-399,-336,494,-109,-15,329,116,1266,-827,-298,110,-238,-160,1009,141,64,845,-1923,-38,1889,-142,-1190,-658,350,-16,-903,346,529,433,346,-840,-873,940,1065,-1391
1027,2314,-591,-456,-1174,696,3379,-1450,350,-2877,-595,133,83,-1008,464,540,205,-12,-627,-151,153,2200,-1587,-304,-156,233,638,39,-189,-438,-24,-274,265,1941,1155,-2612,-833,94,154,-427,180,-148,238,-340,-129,-23,114,2507,-580,-821,660,580,-1610,1189,886,1786,-2459,-257,428,2552,59,-2329,-1598,-381,-84,120,-399,-336,494,-109,-15,329,116,1266,-827,-298,110,-238,-160,1009,141,64,845,-1923,-38,1889,-142,-1190,-658,350,-16,-903,346,529,433,346,-840,-873,940,1065,-1391,233
1028,-591,-456,-1174,696,3379,-1450,350,-2877,-595,133,83,-1008,464,540,205,-12,-627,-151,153,2200,-1587,-304,-156,233,638,39,-189,-438,-24,-274,265,1941,1155,-2612,-833,94,154,-427,180,-148,238,-340,-129,-23,114,2507,-580,-821,660,580,-1610,1189,886,1786,-2459,-257,428,2552,59,-2329,-1598,-381,-84,120,-399,-336,494,-109,-15,329,116,1266,-827,-298,110,-238,-160,1009,141,64,845,-1923,-38,1889,-142,-1190,-658,350,-16,-903,346,529,433,346,-840,-873,940,1065,-1391,233,239
1029,-456,-1174,696,3379,-1450,350,-2877,-595,133,83,-1008,464,540,205,-12,-627,-151,153,2200,-1587,-304,-156,233,638,39,-189,-438,-24,-274,265,1941,1155,-2612,-833,94,154,-427,180,-148,238,-340,-129,-23,114,2507,-580,-821,660,580,-1610,1189,886,1786,-2459,-257,428,2552,59,-2329,-1598,-381,-84,120,-399,-336,494,-109,-15,329,116,1266,-827,-298,110,-238,-160,1009,141,64,845,-1923,-38,1889,-142,-1190,-658,350,-16,-903,346,529,433,346,-840,-873,940,1065,-1391,233,239,-62
1030,-1174,696,3379,-1450,350,-2877,-595,133,83,-1008,464,540,205,-12,-627,-151,153,2200,-1587,-304,-156,233,638,39,-189,-438,-24,-274,265,1941,1155,-2612,-833,94,154,-427,180,-148,238,-340,-129,-23,114,2507,-580,-821,660,580,-1610,1189,886,1786,-2459,-257,428,2552,59,-2329,-1598,-381,-84,120,-399,-336,494,-109,-15,329,116,1266,-827,-298,110,-238,-160,1009,141,64,845,-1923,-38,1889,-142,-1190,-658,350,-16,-903,346,529,433,346,-840,-873,940,1065,-1391,233,239,-62,-846
1031,696,3379,-1450,350,-2877,-595,133,83,-1008,464,540,205,-12,-627,-151,153,2200,-1587,-304,-156,233,638,39,-189,-438,-24,-274,265,1941,1155,-2612,-833,94,154,-427,180,-148,238,-340,-129,-23,114,2507,-580,-821,660,580,-1610,1189,886,1786,-2459,-257,428,2552,59,-2329,-1598,-381,-84,120,-399,-336,494,-109,-15,329,116,1266,-827,-298,110,-238,-160,1009,141,64,845,-1923,-38,1889,-142,-1190,-658,350,-16,-903,346,529,433,346,-840,-873,940,1065,-1391,233,239,-62,-846,1704
1032,3379,-1450,350,-2877,-595,133,83,-1008,464,540,205,-12,-627,-151,153,2200,-1587,-304,-156,233,638,39,-189,-438,-24,-274,265,1941,1155,-2612,-833,94,154,-427,180,-148,238,-340,-129,-23,114,2507,-580,-821,660,580,-1610,1189,886,1786,-2459,-257,428,2552,59,-2329,-1598,-381,-84,120,-399,-336,494,-109,-15,329,116,1266,-827,-298,110,-238,-160,1009,141,64,845,-1923,-38,1889,-142,-1190,-658,350,-16,-903,346,529,433,346,-840,-873,940,1065,-1391,233,239,-62,-846,1704,517
1033,-1450,350,-2877,-595,133,83,-1008,464,540,205,-12,-627,-151,153,2200,-1587,-304,-156,233,638,39,-189,-438,-24,-274,265,1941,1155,-2612,-833,94,154,-427,180,-148,238,-340,-129,-23,114,2507,-580,-821,660,580,-1610,1189,886,1786,-2459,-257,428,2552,59,-2329,-1598,-381,-84,120,-399,-336,494,-109,-15,329,116,1266,-827,-298,110,-238,-160,1009,141,64,845,-1923,-38,1889,-142,-1190,-658,350,-16,-903,346,529,433,346,-840,-873,940,1065,-1391,233,239,-62,-846,1704,517,-617
1034,350,-2877,-595,133,83,-1008,464,540,205,-12,-627,-151,153,2200,-1587,-304,-156,233,638,39,-189,-438,-24,-274,265,1941,1155,-2612,-833,94,154,-427,180,-148,238,-340,-129,-23,114,2507,-580,-821,660,580,-1610,1189,886,1786,-2459,-257,428,2552,59,-2329,-1598,-381,-84,120,-399,-336,494,-109,-15,329,116,1266,-827,-298,110,-238,-160,1009,141,64,845,-1923,-38,1889,-142,-1190,-658,350,-16,-903,346,529,433,346,-840,-873,940,1065,-1391,233,239,-62,-846,1704,517,-617,-390
1035,-2877,-595,133,83,-1008,464,540,205,-12,-627,-151,153,2200,-1587,-304,-156,233,638,39,-189,-438,-24,-274,265,1941,1155,-2612,-833,94,154,-427,180,-148,238,-340,-129,-23,114,2507,-580,-821,660,580,-1610,1189,886,1786,-2459,-257,428,2552,59,-2329,-1598,-381,-84,120,-399,-336,494,-109,-15,329,116,1266,-827,-298,110,-238,-160,1009,141,64,845,-1923,-38,1889,-142,-1190,-658,350,-16,-903,346,529,433,346,-840,-873,940,1065,-1391,233,239,-62,-846,1704,517,-617,-390,-205
1036,-595,133,83,-1008,464,540,205,-12,-627,-151,153,2200,-1587,-304,-156,233,638,39,-189,-438,-24,-274,265,1941,1155,-2612,-833,94,154,-427,180,-148,238,-340,-129,-23,114,2507,-580,-821,660,580,-1610,1189,886,1786,-2459,-257,428,2552,59,-2329,-1598,-381,-84,120,-399,-336,494,-109,-15,329,116,1266,-827,-298,110,-238,-160,1009,141,64,845,-1923,-38,1889,-142,-1190,-658,350,-16,-903,346,529,433,346,-840,-873,940,1065,-1391,233,239,-62,-846,1704,517,-617,-390,-205,1380
1037,133,83,-1008,464,540,205,-12,-627,-151,153,2200,-1587,-304,-156,233,638,39,-189,-438,-24,-274,265,1941,1155,-2612,-833,94,154,-427,180,-148,238,-340,-129,-23,114,2507,-580,-821,660,580,-1610,1189,886,1786,-2459,-257,428,2552,59,-2329,-1598,-381,-84,120,-399,-336,494,-109,-15,329,116,1266,-827,-298,110,-238,-160,1009,141,64,845,-1923,-38,1889,-142,-1190,-658,350,-16,-903,346,529,433,346,-840,-873,940,1065,-1391,233,239,-62,-846,1704,517,-617,-390,-205,1380,2000
1038,83,-1008,464,540,205,-12,-627,-151,153,2200,-1587,-304,-156,233,638,39,-189,-438,-24,-274,265,1941,1155,-2612,-833,94,154,-427,180,-148,238,-340,-129,-23,114,2507,-580,-821,660,580,-1610,1189,886,1786,-2459,-257,428,2552,59,-2329,-1598,-381,-84,120,-399,-336,494,-109,-15,329,116,1266,-827,-298,110,-238,-160,1009,141,64,845,-1923,-38,1889,-142,-1190,-658,350,-16,-903,346,529,433,346,-840,-873,940,1065,-1391,233,239,-62,-846,1704,517,-617,-390,-205,1380,2000,-1743
1039,-1008,464,540,205,-12,-627,-151,153,2200,-1587,-304,-156,233,638,39,-189,-438,-24,-274,265,1941,1155,-2612,-833,94,154,-427,180,-148,238,-340,-129,-23,114,2507,-580,-821,660,580,-1610,1189,886,1786,-2459,-257,428,2552,59,-2329,-1598,-381,-84,120,-399,-336,494,-109,-15,329,116,1266,-827,-298,110,-238,-160,1009,141,64,845,-1923,-38,1889,-142,-1190,-658,350,-16,-903,346,529,433,346,-840,-873,940,1065,-1391,233,239,-62,-846,1704,517,-617,-390,-205,1380,2000,-1743,-1010
1040,464,540,205,-12,-627,-151,153,2200,-1587,-304,-156,233,638,39,-189,-438,-24,-274,265,1941,1155,-2612,-833,94,154,-427,180,-148,238,-340,-129,-23,114,2507,-580,-821,660,580,-1610,1189,886,1786,-2459,-257,428,2552,59,-2329,-1598,-381,-84,120,-399,-336,494,-109,-15,329,116,1266,-827,-298,110,-238,-160,1009,141,64,845,-1923,-38,1889,-142,-1190,-658,350,-16,-903,346,529,433,346,-840,-873,940,1065,-1391,233,239,-62,-846,1704,517,-617,-390,-205,1380,2000,-1743,-1010,-1014
1041,540,205,-12,-627,-151,153,2200,-1587,-304,-156,233,638,39,-189,-438,-24,-274,265,1941,1155,-2612,-833,94,154,-427,180,-148,238,-340,-129,-23,114,2507,-580,-821,660,580,-1610,1189,886,1786,-2459,-257,428,2552,59,-2329,-1598,-381,-84,120,-399,-336,494,-109,-15,329,116,1266,-827,-298,110,-238,-160,1009,141,64,845,-1923,-38,1889,-142,-1190,-658,350,-16,-903,346,529,433,346,-840,-873,940,1065,-1391,233,239,-62,-846,1704,517,-617,-390,-205,1380,2000,-1743,-1010,-1014,-27
1042,205,-12,-627,-151,153,2200,-1587,-304,-156,233,638,39,-189,-438,-24,-274,265,1941,1155,-2612,-833,94,154,-427,180,-148,238,-340,-129,-23,114,2507,-580,-821,660,580,-1610,1189,886,1786,-2459,-257,428,2552,59,-2329,-1598,-381,-84,120,-399,-336,494,-109,-15,329,116,1266,-827,-298,110,-238,-160,1009,141,64,845,-1923,-38,1889,-142,-1190,-658,350,-16,-903,346,529,433,346,-840,-873,940,1065,-1391,233,239,-62,-846,1704,517,-617,-390,-205,1380,2000,-1743,-1010,-1014,-27,-573
1043,-12,-627,-151,153,2200,-1587,-304,-156,233,638,39,-189,-438,-24,-274,265,1941,1155,-2612,-833,94,154,-427,180,-148,238,-340,-129,-23,114,2507,-580,-821,660,580,-1610,1189,886,1786,-2459,-257,428,2552,59,-2329,-1598,-381,-84,120,-399,-336,494,-109,-15,329,116,1266,-827,-298,110,-238,-160,1009,141,64,845,-1923,-38,1889,-142,-1190,-658,350,-16,-903,346,529,433,346,-840,-873,940,1065,-1391,233,239,-62,-846,1704,517,-617,-390,-205,1380,2000,-1743,-1010,-1014,-27,-573,171
1044,-627,-151,153,2200,-1587,-304,-156,233,638,39,-189,-438,-24,-274,265,1941,1155,-2612,-833,94,154,-427,180,-148,238,-340,-129,-23,114,2507,-580,-821,660,580,-1610,1189,886,1786,-2459,-257,428,2552,59,-2329,-1598,-381,-84,120,-399,-336,494,-109,-15,329,116,1266,-827,-298,110,-238,-160,1009,141,64,845,-1923,-38,1889,-142,-1190,-658,350,-16,-903,346,529,433,346,-840,-873,940,1065,-1391,233,239,-62,-846,1704,517,-617,-390,-205,1380,2000,-1743,-1010,-1014,-27,-573,171,107
1045,-151,153,2200,-1587,-304,-156,233,638,39,-189,-438,-24,-274,265,1941,1155,-2612,-833,94,154,-427,180,-148,238,-340,-129,-23,114,2507,-580,-821,660,580,-1610,1189,886,1786,-2459,-257,428,2552,59,-2329,-1598,-381,-84,120,-399,-336,494,-109,-15,329,116,1266,-827,-298,110,-238,-160,1009,141,64,845,-1923,-38,1889,-142,-1190,-658,350,-16,-903,346,529,433,346,-840,-873,940,1065,-1391,233,239,-62,-846,1704,517,-617,-390,-205,1380,2000,-1743,-1010,-1014,-27,-573,171,107,-82
1046,153,2200,-1587,-304,-156,233,638,39,-189,-438,-24,-274,265,1941,1155,-2612,-833,94,154,-427,180,-148,238,-340,-129,-23,114,2507,-580,-821,660,580,-1610,1189,886,1786,-2459,-257,428,2552,59,-2329,-1598,-381,-84,120,-399,-336,494,-109,-15,329,116,1266,-827,-298,110,-238,-160,1009,141,64,845,-1923,-38,1889,-142,-1190,-658,350,-16,-903,346,529,433,346,-840,-873,940,1065,-1391,233,239,-62,-846,1704,517,-617,-390,-205,1380,2000,-1743,-1010,-1014,-27,-573,171,107,-82,-84
1047,2200,-1587,-304,-156,233,638,39,-189,-438,-24,-274,265,1941,1155,-2612,-833,94,154,-427,180,-148,238,-340,-129,-23,114,2507,-580,-821,660,580,-1610,1189,886,1786,-2459,-257,428,2552,59,-2329,-1598,-381,-84,120,-399,-336,494,-109,-15,329,116,1266,-827,-298,110,-238,-160,1009,141,64,845,-1923,-38,1889,-142,-1190,-658,350,-16,-903,346,529,433,346,-840,-873,940,1065,-1391,233,239,-62,-846,1704,517,-617,-390,-205,1380,2000,-1743,-1010,-1014,-27,-573,171,107,-82,-84,-69
1048,-1587,-304,-156,233,638,39,-189,-438,-24,-274,265,1941,1155,-2612,-833,94,154,-427,180,-148,238,-340,-129,-23,114,2507,-580,-821,660,580,-1610,1189,886,1786,-2459,-257,428,2552,59,-2329,-1598,-381,-84,120,-399,-336,494,-109,-15,329,116,1266,-827,-298,110,-238,-160,1009,141,64,845,-1923,-38,1889,-142,-1190,-658,350,-16,-903,346,529,433,346,-840,-873,940,1065,-1391,233,239,-62,-846,1704,517,-617,-390,-205,1380,2000,-1743,-1010,-1014,-27,-573,171,107,-82,-84,-69,179
1049,-304,-156,233,638,39,-189,-438,-24,-274,265,1941,1155,-2612,-833,94,154,-427,180,-148,238,-340,-129,-23,114,2507,-580,-821,660,580,-1610,1189,886,1786,-2459,-257,428,2552,59,-2329,-1598,-381,-84,120,-399,-336,494,-109,-15,329,116,1266,-827,-298,110,-238,-160,1009,141,64,845,-1923,-38,1889,-142,-1190,-658,350,-16,-903,346,529,433,346,-840,-873,940,1065,-1391,233,239,-62,-846,1704,517,-617,-390,-205,1380,2000,-1743,-1010,-1014,-27,-573,171,107,-82,-84,-69,179,443
1050,-156,233,638,39,-189,-438,-24,-274,265,1941,1155,-2612,-833,94,154,-427,180,-148,238,-340,-129,-23,114,2507,-580,-821,660,580,-1610,1189,886,1786,-2459,-257,428,2552,59,-2329,-1598,-381,-84,120,-399,-336,494,-109,-15,329,116,1266,-827,-298,110,-238,-160,1009,141,64,845,-1923,-38,1889,-142,-1190,-658,350,-16,-903,346,529,433,346,-840,-873,940,1065,-1391,233,239,-62,-846,1704,517,-617,-390,-205,1380,2000,-1743,-1010,-1014,-27,-573,171,107,-82,-84,-69,179,443,-71
1051,233,638,39,-189,-438,-24,-274,265,1941,1155,-2612,-833,94,154,-427,180,-148,238,-340,-129,-23,114,2507,-580,-821,660,580,-1610,1189,886,1786,-2459,-257,428,2552,59,-2329,-1598,-381,-84,120,-399,-336,494,-109,-15,329,116,1266,-827,-298,110,-238,-160,1009,141,64,845,-1923,-38,1889,-142,-1190,-658,350,-16,-903,346,529,433,346,-840,-873,940,1065,-1391,233,239,-62,-846,1704,517,-617,-390,-205,1380,2000,-1743,-1010,-1014,-27,-573,171,107,-82,-84,-69,179,443,-71,1071
1052,638,39,-189,-438,-24,-274,265,1941,1155,-2612,-833,94,154,-427,180,-148,238,-340,-129,-23,114,2507,-580,-821,660,580,-1610,1189,886,1786,-2459,-257,428,2552,59,-2329,-1598,-381,-84,120,-399,-336,494,-109,-15,329,116,1266,-827,-298,110,-238,-160,1009,141,64,845,-1923,-38,1889,-142,-1190,-658,350,-16,-903,346,529,433,346,-840,-873,940,1065,-1391,233,239,-62,-846,1704,517,-617,-390,-205,1380,2000,-1743,-1010,-1014,-27,-573,171,107,-82,-84,-69,179,443,-71,1071,-1394
1053,39,-189,-438,-24,-274,265,1941,1155,-2612,-833,94,154,-427,180,-148,238,-340,-129,-23,114,2507,-580,-821,660,580,-1610,1189,886,1786,-2459,-257,428,2552,59,-2329,-1598,-381,-84,120,-399,-336,494,-109,-15,329,116,1266,-827,-298,110,-238,-160,1009,141,64,845,-1923,-38,1889,-142,-1190,-658,350,-16,-903,346,529,433,346,-840,-873,940,1065,-1391,233,239,-62,-846,1704,517,-617,-390,-205,1380,2000,-1743,-1010,-1014,-27,-573,171,107,-82,-84,-69,179,443,-71,1071,-1394,-155
1054,-189,-438,-24,-274,265,1941,1155,-2612,-833,94,154,-427,180,-148,238,-340,-129,-23,114,2507,-580,-821,660,580,-1610,1189,886,1786,-2459,-257,428,2552,59,-2329,-1598,-381,-84,120,-399,-336,494,-109,-15,329,116,1266,-827,-298,110,-238,-160,1009,141,64,845,-1923,-38,1889,-142,-1190,-658,350,-16,-903,346,529,433,346,-840,-873,940,1065,-1391,233,239,-62,-846,1704,517,-617,-390,-205,1380,2000,-1743,-1010,-1014,-27,-573,171,107,-82,-84,-69,179,443,-71,1071,-1394,-155,-39
1055,-438,-24,-274,265,1941,1155,-2612,-833,94,154,-427,180,-148,238,-340,-129,-23,114,2507,-580,-821,660,580,-1610,1189,886,1786,-2459,-257,428,2552,59,-2329,-1598,-381,-84,120,-399,-336,494,-109,-15,329,116,1266,-827,-298,110,-238,-160,1009,141,64,845,-1923,-38,1889,-142,-1190,-658,350,-16,-903,346,529,433,346,-840,-873,940,1065,-1391,233,239,-62,-846,1704,517,-617,-390,-205,1380,2000,-1743,-1010,-1014,-27,-573,171,107,-82,-84,-69,179,443,-71,1071,-1394,-155,-39,201
1056,-24,-274,265,1941,1155,-2612,-833,94,154,-427,180,-148,238,-340,-129,-23,114,2507,-580,-821,660,580,-1610,1189,886,1786,-2459,-257,428,2552,59,-2329,-1598,-381,-84,120,-399,-336,494,-109,-15,329,116,1266,-827,-298,110,-238,-160,1009,141,64,845,-1923,-38,1889,-142,-1190,-658,350,-16,-903,346,529,433,346,-840,-873,940,1065,-1391,233,239,-62,-846,1704,517,-617,-390,-205,1380,2000,-1743,-1010,-1014,-27,-573,171,107,-82,-84,-69,179,443,-71,1071,-1394,-155,-39,201,76
1057,-274,265,1941,1155,-2612,-833,94,154,-427,180,-148,238,-340,-129,-23,114,2507,-580,-821,660,580,-1610,1189,886,1786,-2459,-257,428,2552,59,-2329,-1598,-381,-84,120,-399,-336,494,-109,-15,329,116,1266,-827,-298,110,-238,-160,1009,141,64,845,-1923,-38,1889,-142,-1190,-658,350,-16,-903,346,529,433,346,-840,-873,940,1065,-1391,233,239,-62,-846,1704,517,-617,-390,-205,1380,2000,-1743,-1010,-1014,-27,-573,171,107,-82,-84,-69,179,443,-71,1071,-1394,-155,-39,201,76,443
1058,265,1941,1155,-2612,-833,94,154,-427,180,-148,238,-340,-129,-23,114,2507,-580,-821,660,580,-1610,1189,886,1786,-2459,-257,428,2552,59,-2329,-1598,-381,-84,120,-399,-336,494,-109,-15,329,116,1266,-827,-298,110,-238,-160,1009,141,64,845,-1923,-38,1889,-142,-1190,-658,350,-16,-903,346,529,433,346,-840,-873,940,1065,-1391,233,239,-62,-846,1704,517,-617,-390,-205,1380,2000,-1743,-1010,-1014,-27,-573,171,107,-82,-84,-69,179,443,-71,1071,-1394,-155,-39,201,76,443,359
1059,1941,1155,-2612,-833,94,154,-427,180,-148,238,-340,-129,-23,114,2507,-580,-821,660,580,-1610,1189,886,1786,-2459,-257,428,2552,59,-2329,-1598,-381,-84,120,-399,-336,494,-109,-15,329,116,1266,-827,-298,110,-238,-160,1009,141,64,845,-1923,-38,1889,-142,-1190,-658,350,-16,-903,346,529,433,346,-840,-873,940,1065,-1391,233,239,-62,-846,1704,517,-617,-390,-205,1380,2000,-1743,-1010,-1014,-27,-573,171,107,-82,-84,-69,179,443,-71,1071,-1394,-155,-39,201,76,443,359,-231
1060,1155,-2612,-833,94,154,-427,180,-148,238,-340,-129,-23,114,2507,-580,-821,660,580,-1610,1189,886,1786,-2459,-257,428,2552,59,-2329,-1598,-381,-84,120,-399,-336,494,-109,-15,329,116,1266,-827,-298,110,-238,-160,1009,141,64,845,-1923,-38,1889,-142,-1190,-658,350,-16,-903,346,529,433,346,-840,-873,940,1065,-1391,233,239,-62,-846,1704,517,-617,-390,-205,1380,2000,-1743,-1010,-1014,-27,-573,171,107,-82,-84,-69,179,443,-71,1071,-1394,-155,-39,201,76,443,359,-231,-255
1061,-2612,-833,94,154,-427,180,-148,238,-340,-129,-23,114,2507,-580,-821,660,580,-1610,1189,886,1786,-2459,-257,428,2552,59,-2329,-1598,-381,-84,120,-399,-336,494,-109,-15,329,116,1266,-827,-298,110,-238,-160,1009,141,64,845,-1923,-38,1889,-142,-1190,-658,350,-16,-903,346,529,433,346,-840,-873,940,1065,-1391,233,239,-62,-846,1704,517,-617,-390,-205,1380,2000,-1743,-1010,-1014,-27,-573,171,107,-82,-84,-69,179,443,-71,1071,-1394,-155,-39,201,76,443,359,-231,-255,-430
1062,-833,94,154,-427,180,-148,238,-340,-129,-23,114,2507,-580,-821,660,580,-1610,1189,886,1786,-2459,-257,428,2552,59,-2329,-1598,-381,-84,120,-399,-336,494,-109,-15,329,116,1266,-827,-298,110,-238,-160,1009,141,64,845,-1923,-38,1889,-142,-1190,-658,350,-16,-903,346,529,433,346,-840,-873,940,1065,-1391,233,239,-62,-846,1704,517,-617,-390,-205,1380,2000,-1743,-1010,-1014,-27,-573,171,107,-82,-84,-69,179,443,-71,1071,-1394,-155,-39,201,76,443,359,-231,-255,-430,467
1063,94,154,-427,180,-148,238,-340,-129,-23,114,2507,-580,-821,660,580,-1610,1189,886,1786,-2459,-257,428,2552,59,-2329,-1598,-381,-84,120,-399,-336,494,-109,-15,329,116,1266,-827,-298,110,-238,-160,1009,141,64,845,-1923,-38,1889,-142,-1190,-658,350,-16,-903,346,529,433,346,-840,-873,940,1065,-1391,233,239,-62,-846,1704,517,-617,-390,-205,1380,2000,-1743,-1010,-1014,-27,-573,171,107,-82,-84,-69,179,443,-71,1071,-1394,-155,-39,201,76,443,359,-231,-255,-430,467,985
1064,154,-427,180,-148,238,-340,-129,-23,114,2507,-580,-821,660,580,-1610,1189,886,1786,-2459,-257,428,2552,59,-2329,-1598,-381,-84,120,-399,-336,494,-109,-15,329,116,1266,-827,-298,110,-238,-160,1009,141,64,845,-1923,-38,1889,-142,-1190,-658,350,-16,-903,346,529,433,346,-840,-873,940,1065,-1391,233,239,-62,-846,1704,517,-617,-390,-205,1380,2000,-1743,-1010,-1014,-27,-573,171,107,-82,-84,-69,179,443,-71,1071,-1394,-155,-39,201,76,443,359,-231,-255,-430,467,985,1717
1065,-427,180,-148,238,-340,-129,-23,114,2507,-580,-821,660,580,-1610,1189,886,1786,-2459,-257,428,2552,59,-2329,-1598,-381,-84,120,-399,-336,494,-109,-15,329,116,1266,-827,-298,110,-238,-160,1009,141,64,845,-1923,-38,1889,-142,-1190,-658,350,-16,-903,346,529,433,346,-840,-873,940,1065,-1391,233,239,-62,-846,1704,517,-617,-390,-205,1380,2000,-1743,-1010,-1014,-27,-573,171,107,-82,-84,-69,179,443,-71,1071,-1394,-155,-39,201,76,443,359,-231,-255,-430,467,985,1717,-551
1066,180,-148,238,-340,-129,-23,114,2507,-580,-821,660,580,-1610,1189,886,1786,-2459,-257,428,2552,59,-2329,-1598,-381,-84,120,-399,-336,494,-109,-15,329,116,1266,-827,-298,110,-238,-160,1009,141,64,845,-1923,-38,1889,-142,-1190,-658,350,-16,-903,346,529,433,346,-840,-873,940,1065,-1391,233,239,-62,-846,1704,517,-617,-390,-205,1380,2000,-1743,-1010,-1014,-27,-573,171,107,-82,-84,-69,179,443,-71,1071,-1394,-155,-39,201,76,443,359,-231,-255,-430,467,985,1717,-551,-2308
1067,-148,238,-340,-129,-23,114,2507,-580,-821,660,580,-1610,1189,886,1786,-2459,-257,428,2552,59,-2329,-1598,-381,-84,120,-399,-336,494,-109,-15,329,116,1266,-827,-298,110,-238,-160,1009,141,64,845,-1923,-38,1889,-142,-1190,-658,350,-16,-903,346,529,433,346,-840,-873,940,1065,-1391,233,239,-62,-846,1704,517,-617,-390,-205,1380,2000,-1743,-1010,-1014,-27,-573,171,107,-82,-84,-69,179,443,-71,1071,-1394,-155,-39,201,76,443,359,-231,-255,-430,467,985,1717,-551,-2308,268
1068,238,-340,-129,-23,114,2507,-580,-821,660,580,-1610,1189,886,1786,-2459,-257,428,2552,59,-2329,-1598,-381,-84,120,-399,-336,494,-109,-15,329,116,1266,-827,-298,110,-238,-160,1009,141,64,845,-1923,-38,1889,-142,-1190,-658,350,-16,-903,346,529,433,346,-840,-873,940,1065,-1391,233,239,-62,-846,1704,517,-617,-390,-205,1380,2000,-1743,-1010,-1014,-27,-573,171,107,-82,-84,-69,179,443,-71,1071,-1394,-155,-39,201,76,443,359,-231,-255,-430,467,985,1717,-551,-2308,268,279
1069,-340,-129,-23,114,2507,-580,-821,660,580,-1610,1189,886,1786,-2459,-257,428,2552,59,-2329,-1598,-381,-84,120,-399,-336,494,-109,-15,329,116,1266,-827,-298,110,-238,-160,1009,141,64,845,-1923,-38,1889,-142,-1190,-658,350,-16,-903,346,529,433,346,-840,-873,940,1065,-1391,233,239,-62,-846,1704,517,-617,-390,-205,1380,2000,-1743,-1010,-1014,-27,-573,171,107,-82,-84,-69,179,443,-71,1071,-1394,-155,-39,201,76,443,359,-231,-255,-430,467,985,1717,-551,-2308,268,279,850
1070,-129,-23,114,2507,-580,-821,660,580,-1610,1189,886,1786,-2459,-257,428,2552,59,-2329,-1598,-381,-84,120,-399,-336,494,-109,-15,329,116,1266,-827,-298,110,-238,-160,1009,141,64,845,-1923,-38,1889,-142,-1190,-658,350,-16,-903,346,529,433,346,-840,-873,940,1065,-1391,233,239,-62,-846,1704,517,-617,-390,-205,1380,2000,-1743,-1010,-1014,-27,-573,171,107,-82,-84,-69,179,443,-71,1071,-1394,-155,-39,201,76,443,359,-231,-255,-430,467,985,1717,-551,-2308,268,279,850,-994
1071,-23,114,2507,-580,-821,660,580,-1610,1189,886,1786,-2459,-257,428,2552,59,-2329,-1598,-381,-84,120,-399,-336,494,-109,-15,329,116,1266,-827,-298,110,-238,-160,1009,141,64,845,-1923,-38,1889,-142,-1190,-658,350,-16,-903,346,529,433,346,-840,-873,940,1065,-1391,233,239,-62,-846,1704,517,-617,-390,-205,1380,2000,-1743,-1010,-1014,-27,-573,171,107,-82,-84,-69,179,443,-71,1071,-1394,-155,-39,201,76,443,359,-231,-255,-430,467,985,1717,-551,-2308,268,279,850,-994,-478
1072,114,2507,-580,-821,660,580,-1610,1189,886,1786,-2459,-257,428,2552,59,-2329,-1598,-381,-84,120,-399,-336,494,-109,-15,329,116,1266,-827,-298,110,-238,-160,1009,141,64,845,-1923,-38,1889,-142,-1190,-658,350,-16,-903,346,529,433,346,-840,-873,940,1065,-1391,233,239,-62,-846,1704,517,-617,-390,-205,1380,2000,-1743,-1010,-1014,-27,-573,171,107,-82,-84,-69,179,443,-71,1071,-1394,-155,-39,201,76,443,359,-231,-255,-430,467,985,1717,-551,-2308,268,279,850,-994,-478,300
1073,2507,-580,-821,660,580,-1610,1189,886,1786,-2459,-257,428,2552,59,-2329,-1598,-381,-84,120,-399,-336,494,-109,-15,329,116,1266,-827,-298,110,-238,-160,1009,141,64,845,-1923,-38,1889,-142,-1190,-658,350,-16,-903,346,529,433,346,-840,-873,940,1065,-1391,233,239,-62,-846,1704,517,-617,-390,-205,1380,2000,-1743,-1010,-1014,-27,-573,171,107,-82,-84,-69,179,443,-71,1071,-1394,-155,-39,201,76,443,359,-231,-255,-430,467,985,1717,-551,-2308,268,279,850,-994,-478,300,-203
1074,-580,-821,660,580,-1610,1189,886,1786,-2459,-257,428,2552,59,-2329,-1598,-381,-84,120,-399,-336,494,-109,-15,329,116,1266,-827,-298,110,-238,-160,1009,141,64,845,-1923,-38,1889,-142,-1190,-658,350,-16,-903,346,529,433,346,-840,-873,940,1065,-1391,233,239,-62,-846,1704,517,-617,-390,-205,1380,2000,-1743,-1010,-1014,-27,-573,171,107,-82,-84,-69,179,443,-71,1071,-1394,-155,-39,201,76,443,359,-231,-255,-430,467,985,1717,-551,-2308,268,279,850,-994,-478,300,-203,-471
1075,-821,660,580,-1610,1189,886,1786,-2459,-257,428,2552,59,-2329,-1598,-381,-84,120,-399,-336,494,-109,-15,329,116,1266,-827,-298,110,-238,-160,1009,141,64,845,-1923,-38,1889,-142,-1190,-658,350,-16,-903,346,529,433,346,-840,-873,940,1065,-1391,233,239,-62,-846,1704,517,-617,-390,-205,1380,2000,-1743,-1010,-1014,-27,-573,171,107,-82,-84,-69,179,443,-71,1071,-1394,-155,-39,201,76,443,359,-231,-255,-430,467,985,1717,-551,-2308,268,279,850,-994,-478,300,-203,-471,367
1076,660,580,-1610,1189,886,1786,-2459,-257,428,2552,59,-2329,-1598,-381,-84,120,-399,-336,494,-109,-15,329,116,1266,-827,-298,110,-238,-160,1009,141,64,845,-1923,-38,1889,-142,-1190,-658,350,-16,-903,346,529,433,346,-840,-873,940,1065,-1391,233,239,-62,-846,1704,517,-617,-390,-205,1380,2000,-1743,-1010,-1014,-27,-573,171,107,-82,-84,-69,179,443,-71,1071,-1394,-155,-39,201,76,443,359,-231,-255,-430,467,985,1717,-551,-2308,268,279,850,-994,-478,300,-203,-471,367,55
1077,580,-1610,1189,886,1786,-2459,-257,428,2552,59,-2329,-1598,-381,-84,120,-399,-336,494,-109,-15,329,116,1266,-827,-298,110,-238,-160,1009,141,64,845,-1923,-38,1889,-142,-1190,-658,350,-16,-903,346,529,433,346,-840,-873,940,1065,-1391,233,239,-62,-846,1704,517,-617,-390,-205,1380,2000,-1743,-1010,-1014,-27,-573,171,107,-82,-84,-69,179,443,-71,1071,-1394,-155,-39,201,76,443,359,-231,-255,-430,467,985,1717,-551,-2308,268,279,850,-994,-478,300,-203,-471,367,55,986
1078,-1610,1189,886,1786,-2459,-257,428,2552,59,-2329,-1598,-381,-84,120,-399,-336,494,-109,-15,329,116,1266,-827,-298,110,-238,-160,1009,141,64,845,-1923,-38,1889,-142,-1190,-658,350,-16,-903,346,529,433,346,-840,-873,940,1065,-1391,233,239,-62,-846,1704,517,-617,-390,-205,1380,2000,-1743,-1010,-1014,-27,-573,171,107,-82,-84,-69,179,443,-71,1071,-1394,-155,-39,201,76,443,359,-231,-255,-430,467,985,1717,-551,-2308,268,279,850,-994,-478,300,-203,-471,367,55,986,-836
1079,1189,886,1786,-2459,-257,428,2552,59,-2329,-1598,-381,-84,120,-399,-336,494,-109,-15,329,116,1266,-827,-298,110,-238,-160,1009,141,64,845,-1923,-38,1889,-142,-1190,-658,350,-16,-903,346,529,433,346,-840,-873,940,1065,-1391,233,239,-62,-846,1704,517,-617,-390,-205,1380,2000,-1743,-1010,-1014,-27,-573,171,107,-82,-84,-69,179,443,-71,1071,-1394,-155,-39,201,76,443,359,-231,-255,-430,467,985,1717,-551,-2308,268,279,850,-994,-478,300,-203,-471,367,55,986,-836,725
1080,886,1786,-2459,-257,428,2552,59,-2329,-1598,-381,-84,120,-399,-336,494,-109,-15,329,116,1266,-827,-298,110,-238,-160,1009,141,64,845,-1923,-38,1889,-142,-1190,-658,350,-16,-903,346,529,433,346,-840,-873,940,1065,-1391,233,239,-62,-846,1704,517,-617,-390,-205,1380,2000,-1743,-1010,-1014,-27,-573,171,107,-82,-84,-69,179,443,-71,1071,-1394,-155,-39,201,76,443,359,-231,-255,-430,467,985,1717,-551,-2308,268,279,850,-994,-478,300,-203,-471,367,55,986,-836,725,1014
1081,1786,-2459,-257,428,2552,59,-2329,-1598,-381,-84,120,-399,-336,494,-109,-15,329,116,1266,-827,-298,110,-238,-160,1009,141,64,845,-1923,-38,1889,-142,-1190,-658,350,-16,-903,346,529,433,346,-840,-873,940,1065,-1391,233,239,-62,-846,1704,517,-617,-390,-205,1380,2000,-1743,-1010,-1014,-27,-573,171,107,-82,-84,-69,179,443,-71,1071,-1394,-155,-39,201,76,443,359,-231,-255,-430,467,985,1717,-551,-2308,268,279,850,-994,-478,300,-203,-471,367,55,986,-836,725,1014,-492
1082,-2459,-257,428,2552,59,-2329,-1598,-381,-84,120,-399,-336,494,-109,-15,329,116,1266,-827,-298,110,-238,-160,1009,141,64,845,-1923,-38,1889,-142,-1190,-658,350,-16,-903,346,529,433,346,-840,-873,940,1065,-1391,233,239,-62,-846,1704,517,-617,-390,-205,1380,2000,-1743,-1010,-1014,-27,-573,171,107,-82,-84,-69,179,443,-71,1071,-1394,-155,-39,201,76,443,359,-231,-255,-430,467,985,1717,-551,-2308,268,279,850,-994,-478,300,-203,-471,367,55,986,-836,725,1014,-492,-342
1083,-257,428,2552,59,-2329,-1598,-381,-84,120,-399,-336,494,-109,-15,329,116,1266,-827,-298,110,-238,-160,1009,141,64,845,-1923,-38,1889,-142,-1190,-658,350,-16,-903,346,529,433,346,-840,-873,940,1065,-1391,233,239,-62,-846,1704,517,-617,-390,-205,1380,2000,-1743,-1010,-1014,-27,-573,171,107,-82,-84,-69,179,443,-71,1071,-1394,-155,-39,201,76,443,359,-231,-255,-430,467,985,1717,-551,-2308,268,279,850,-994,-478,300,-203,-471,367,55,986,-836,725,1014,-492,-342,2668
1084,428,2552,59,-2329,-1598,-381,-84,120,-399,-336,494,-109,-15,329,116,1266,-827,-298,110,-238,-160,1009,141,64,845,-1923,-38,1889,-142,-1190,-658,350,-16,-903,346,529,433,346,-840,-873,940,1065,-1391,233,239,-62,-846,1704,517,-617,-390,-205,1380,2000,-1743,-1010,-1014,-27,-573,171,107,-82,-84,-69,179,443,-71,1071,-1394,-155,-39,201,76,443,359,-231,-255,-430,467,985,1717,-551,-2308,268,279,850,-994,-478,300,-203,-471,367,55,986,-836,725,1014,-492,-342,2668,-646
1085,2552,59,-2329,-1598,-381,-84,120,-399,-336,494,-109,-15,329,116,1266,-827,-298,110,-238,-160,1009,141,64,845,-1923,-38,1889,-142,-1190,-658,350,-16,-903,346,529,433,346,-840,-873,940,1065,-1391,233,239,-62,-846,1704,517,-617,-390,-205,1380,2000,-1743,-1010,-1014,-27,-573,171,107,-82,-84,-69,179,443,-71,1071,-1394,-155,-39,201,76,443,359,-231,-255,-430,467,985,1717,-551,-2308,268,279,850,-994,-478,300,-203,-471,367,55,986,-836,725,1014,-492,-342,2668,-646,-1137
1086,59,-2329,-1598,-381,-84,120,-399,-336,494,-109,-15,329,116,1266,-827,-298,110,-238,-160,1009,141,64,845,-1923,-38,1889,-142,-1190,-658,350,-16,-903,346,529,433,346,-840,-873,940,1065,-1391,233,239,-62,-846,1704,517,-617,-390,-205,1380,2000,-1743,-1010,-1014,-27,-573,171,107,-82,-84,-69,179,443,-71,1071,-1394,-155,-39,201,76,443,359,-231,-255,-430,467,985,1717,-551,-2308,268,279,850,-994,-478,300,-203,-471,367,55,986,-836,725,1014,-492,-342,2668,-646,-1137,-455
1087,-2329,-1598,-381,-84,120,-399,-336,494,-109,-15,329,116,1266,-827,-298,110,-238,-160,1009,141,64,845,-1923,-38,1889,-142,-1190,-658,350,-16,-903,346,529,433,346,-840,-873,940,1065,-1391,233,239,-62,-846,1704,517,-617,-390,-205,1380,2000,-1743,-1010,-1014,-27,-573,171,107,-82,-84,-69,179,443,-71,1071,-1394,-155,-39,201,76,443,359,-231,-255,-430,467,985,1717,-551,-2308,268,279,850,-994,-478,300,-203,-471,367,55,986,-836,725,1014,-492,-342,2668,-646,-1137,-455,245
1088,-1598,-381,-84,120,-399,-336,494,-109,-15,329,116,1266,-827,-298,110,-238,-160,1009,141,64,845,-1923,-38,1889,-142,-1190,-658,350,-16,-903,346,529,433,346,-840,-873,940,1065,-1391,233,239,-62,-846,1704,517,-617,-390,-205,1380,2000,-1743,-1010,-1014,-27,-573,171,107,-82,-84,-69,179,443,-71,1071,-1394,-155,-39,201,76,443,359,-231,-255,-430,467,985,1717,-551,-2308,268,279,850,-994,-478,300,-203,-471,367,55,986,-836,725,1014,-492,-342,2668,-646,-1137,-455,245,3251
1089,-381,-84,120,-399,-336,494,-109,-15,329,116,1266,-827,-298,110,-238,-160,1009,141,64,845,-1923,-38,1889,-142,-1190,-658,350,-16,-903,346,529,433,346,-840,-873,940,1065,-1391,233,239,-62,-846,1704,517,-617,-390,-205,1380,2000,-1743,-1010,-1014,-27,-573,171,107,-82,-84,-69,179,443,-71,1071,-1394,-155,-39,201,76,443,359,-231,-255,-430,467,985,1717,-551,-2308,268,279,850,-994,-478,300,-203,-471,367,55,986,-836,725,1014,-492,-342,2668,-646,-1137,-455,245,3251,-354
1090,-84,120,-399,-336,494,-109,-15,329,116,1266,-827,-298,110,-238,-160,1009,141,64,845,-1923,-38,1889,-142,-1190,-658,350,-16,-903,346,529,433,346,-840,-873,940,1065,-1391,233,239,-62,-846,1704,517,-617,-390,-205,1380,2000,-1743,-1010,-1014,-27,-573,171,107,-82,-84,-69,179,443,-71,1071,-1394,-155,-39,201,76,443,359,-231,-255,-430,467,985,1717,-551,-2308,268,279,850,-994,-478,300,-203,-471,367,55,986,-836,725,1014,-492,-342,2668,-646,-1137,-455,245,3251,-354,-1725
1091,120,-399,-336,494,-109,-15,329,116,1266,-827,-298,110,-238,-160,1009,141,64,845,-1923,-38,1889,-142,-1190,-658,350,-16,-903,346,529,433,346,-840,-873,940,1065,-1391,233,239,-62,-846,1704,517,-617,-390,-205,1380,2000,-1743,-1010,-1014,-27,-573,171,107,-82,-84,-69,179,443,-71,1071,-1394,-155,-39,201,76,443,359,-231,-255,-430,467,985,1717,-551,-2308,268,279,850,-994,-478,300,-203,-471,367,55,986,-836,725,1014,-492,-342,2668,-646,-1137,-455,245,3251,-354,-1725,-1742
1092,-399,-336,494,-109,-15,329,116,1266,-827,-298,110,-238,-160,1009,141,64,845,-1923,-38,1889,-142,-1190,-658,350,-16,-903,346,529,433,346,-840,-873,940,1065,-1391,233,239,-62,-846,1704,517,-617,-390,-205,1380,2000,-1743,-1010,-1014,-27,-573,171,107,-82,-84,-69,179,443,-71,1071,-1394,-155,-39,201,76,443,359,-231,-255,-430,467,985,1717,-551,-2308,268,279,850,-994,-478,300,-203,-471,367,55,986,-836,725,1014,-492,-342,2668,-646,-1137,-455,245,3251,-354,-1725,-1742,-212
1093,-336,494,-109,-15,329,116,1266,-827,-298,110,-238,-160,1009,141,64,845,-1923,-38,1889,-142,-1190,-658,350,-16,-903,346,529,433,346,-840,-873,940,1065,-1391,233,239,-62,-846,1704,517,-617,-390,-205,1380,2000,-1743,-1010,-1014,-27,-573,171,107,-82,-84,-69,179,443,-71,1071,-1394,-155,-39,201,76,443,359,-231,-255,-430,467,985,1717,-551,-2308,268,279,850,-994,-478,300,-203,-471,367,55,986,-836,725,1014,-492,-342,2668,-646,-1137,-455,245,3251,-354,-1725,-1742,-212,-2
1094,494,-109,-15,329,116,1266,-827,-298,110,-238,-160,1009,141,64,845,-1923,-38,1889,-142,-1190,-658,350,-16,-903,346,529,433,346,-840,-873,940,1065,-1391,233,239,-62,-846,1704,517,-617,-390,-205,1380,2000,-1743,-1010,-1014,-27,-573,171,107,-82,-84,-69,179,443,-71,1071,-1394,-155,-39,201,76,443,359,-231,-255,-430,467,985,1717,-551,-2308,268,279,850,-994,-478,300,-203,-471,367,55,986,-836,725,1014,-492,-342,2668,-646,-1137,-455,245,3251,-354,-1725,-1742,-212,-2,-1003
1095,-109,-15,329,116,1266,-827,-298,110,-238,-160,1009,141,64,845,-1923,-38,1889,-142,-1190,-658,350,-16,-903,346,529,433,346,-840,-873,940,1065,-1391,233,239,-62,-846,1704,517,-617,-390,-205,1380,2000,-1743,-1010,-1014,-27,-573,171,107,-82,-84,-69,179,443,-71,1071,-1394,-155,-39,201,76,443,359,-231,-255,-430,467,985,1717,-551,-2308,268,279,850,-994,-478,300,-203,-471,367,55,986,-836,725,1014,-492,-342,2668,-646,-1137,-455,245,3251,-354,-1725,-1742,-212,-2,-1003,609
1096,-15,329,116,1266,-827,-298,110,-238,-160,1009,141,64,845,-1923,-38,1889,-142,-1190,-658,350,-16,-903,346,529,433,346,-840,-873,940,1065,-1391,233,239,-62,-846,1704,517,-617,-390,-205,1380,2000,-1743,-1010,-1014,-27,-573,171,107,-82,-84,-69,179,443,-71,1071,-1394,-155,-39,201,76,443,359,-231,-255,-430,467,985,1717,-551,-2308,268,279,850,-994,-478,300,-203,-471,367,55,986,-836,725,1014,-492,-342,2668,-646,-1137,-455,245,3251,-354,-1725,-1742,-212,-2,-1003,609,-611
1097,329,116,1266,-827,-298,110,-238,-160,1009,141,64,845,-1923,-38,1889,-142,-1190,-658,350,-16,-903,346,529,433,346,-840,-873,940,1065,-1391,233,239,-62,-846,1704,517,-617,-390,-205,1380,2000,-1743,-1010,-1014,-27,-573,171,107,-82,-84,-69,179,443,-71,1071,-1394,-155,-39,201,76,443,359,-231,-255,-430,467,985,1717,-551,-2308,268,279,850,-994,-478,300,-203,-471,367,55,986,-836,725,1014,-492,-342,2668,-646,-1137,-455,245,3251,-354,-1725,-1742,-212,-2,-1003,609,-611,-81
1098,116,1266,-827,-298,110,-238,-160,1009,141,64,845,-1923,-38,1889,-142,-1190,-658,350,-16,-903,346,529,433,346,-840,-873,940,1065,-1391,233,239,-62,-846,1704,517,-617,-390,-205,1380,2000,-1743,-1010,-1014,-27,-573,171,107,-82,-84,-69,179,443,-71,1071,-1394,-155,-39,201,76,443,359,-231,-255,-430,467,985,1717,-551,-2308,268,279,850,-994,-478,300,-203,-471,367,55,986,-836,725,1014,-492,-342,2668,-646,-1137,-455,245,3251,-354,-1725,-1742,-212,-2,-1003,609,-611,-81,584
1099,1266,-827,-298,110,-238,-160,1009,141,64,845,-1923,-38,1889,-142,-1190,-658,350,-16,-903,346,529,433,346,-840,-873,940,1065,-1391,233,239,-62,-846,1704,517,-617,-390,-205,1380,2000,-1743,-1010,-1014,-27,-573,171,107,-82,-84,-69,179,443,-71,1071,-1394,-155,-39,201,76,443,359,-231,-255,-430,467,985,1717,-551,-2308,268,279,850,-994,-478,300,-203,-471,367,55,986,-836,725,1014,-492,-342,2668,-646,-1137,-455,245,3251,-354,-1725,-1742,-212,-2,-1003,609,-611,-81,584,-728
1100,-827,-298,110,-238,-160,1009,141,64,845,-1923,-38,1889,-142,-1190,-658,350,-16,-903,346,529,433,346,-840,-873,940,1065,-1391,233,239,-62,-846,1704,517,-617,-390,-205,1380,2000,-1743,-1010,-1014,-27,-573,171,107,-82,-84,-69,179,443,-71,1071,-1394,-155,-39,201,76,443,359,-231,-255,-430,467,985,1717,-551,-2308,268,279,850,-994,-478,300,-203,-471,367,55,986,-836,725,1014,-492,-342,2668,-646,-1137,-455,245,3251,-354,-1725,-1742,-212,-2,-1003,609,-611,-81,584,-728,3
1101,-298,110,-238,-160,1009,141,64,845,-1923,-38,1889,-142,-1190,-658,350,-16,-903,346,529,433,346,-840,-873,940,1065,-1391,233,239,-62,-846,1704,517,-617,-390,-205,1380,2000,-1743,-1010,-1014,-27,-573,171,107,-82,-84,-69,179,443,-71,1071,-1394,-155,-39,201,76,443,359,-231,-255,-430,467,985,1717,-551,-2308,268,279,850,-994,-478,300,-203,-471,367,55,986,-836,725,1014,-492,-342,2668,-646,-1137,-455,245,3251,-354,-1725,-1742,-212,-2,-1003,609,-611,-81,584,-728,3,171
1102,110,-238,-160,1009,141,64,845,-1923,-38,1889,-142,-1190,-658,350,-16,-903,346,529,433,346,-840,-873,940,1065,-1391,233,239,-62,-846,1704,517,-617,-390,-205,1380,2000,-1743,-1010,-1014,-27,-573,171,107,-82,-84,-69,179,443,-71,1071,-1394,-155,-39,201,76,443,359,-231,-255,-430,467,985,1717,-551,-2308,268,279,850,-994,-478,300,-203,-471,367,55,986,-836,725,1014,-492,-342,2668,-646,-1137,-455,245,3251,-354,-1725,-1742,-212,-2,-1003,609,-611,-81,584,-728,3,171,-215
1103,-238,-160,1009,141,64,845,-1923,-38,1889,-142,-1190,-658,350,-16,-903,346,529,433,346,-840,-873,940,1065,-1391,233,239,-62,-846,1704,517,-617,-390,-205,1380,2000,-1743,-1010,-1014,-27,-573,171,107,-82,-84,-69,179,443,-71,1071,-1394,-155,-39,201,76,443,359,-231,-255,-430,467,985,1717,-551,-2308,268,279,850,-994,-478,300,-203,-471,367,55,986,-836,725,1014,-492,-342,2668,-646,-1137,-455,245,3251,-354,-1725,-1742,-212,-2,-1003,609,-611,-81,584,-728,3,171,-215,1439
1104,-160,1009,141,64,845,-1923,-38,1889,-142,-1190,-658,350,-16,-903,346,529,433,346,-840,-873,940,1065,-1391,233,239,-62,-846,1704,517,-617,-390,-205,1380,2000,-1743,-1010,-1014,-27,-573,171,107,-82,-84,-69,179,443,-71,1071,-1394,-155,-39,201,76,443,359,-231,-255,-430,467,985,1717,-551,-2308,268,279,850,-994,-478,300,-203,-471,367,55,986,-836,725,1014,-492,-342,2668,-646,-1137,-455,245,3251,-354,-1725,-1742,-212,-2,-1003,609,-611,-81,584,-728,3,171,-215,1439,-1003
1105,1009,141,64,845,-1923,-38,1889,-142,-1190,-658,350,-16,-903,346,529,433,346,-840,-873,940,1065,-1391,233,239,-62,-846,1704,517,-617,-390,-205,1380,2000,-1743,-1010,-1014,-27,-573,171,107,-82,-84,-69,179,443,-71,1071,-1394,-155,-39,201,76,443,359,-231,-255,-430,467,985,1717,-551,-2308,268,279,850,-994,-478,300,-203,-471,367,55,986,-836,725,1014,-492,-342,2668,-646,-1137,-455,245,3251,-354,-1725,-1742,-212,-2,-1003,609,-611,-81,584,-728,3,171,-215,1439,-1003,-223
1106,141,64,845,-1923,-38,1889,-142,-1190,-658,350,-16,-903,346,529,433,346,-840,-873,940,1065,-1391,233,239,-62,-846,1704,517,-617,-390,-205,1380,2000,-1743,-1010,-1014,-27,-573,171,107,-82,-84,-69,179,443,-71,1071,-1394,-155,-39,201,76,443,359,-231,-255,-430,467,985,1717,-551,-2308,268,279,850,-994,-478,300,-203,-471,367,55,986,-836,725,1014,-492,-342,2668,-646,-1137,-455,245,3251,-354,-1725,-1742,-212,-2,-1003,609,-611,-81,584,-728,3,171,-215,1439,-1003,-223,-257
1107,64,845,-1923,-38,1889,-142,-1190,-658,350,-16,-903,346,529,433,346,-840,-873,940,1065,-1391,233,239,-62,-846,1704,517,-617,-390,-205,1380,2000,-1743,-1010,-1014,-27,-573,171,107,-82,-84,-69,179,443,-71,1071,-1394,-155,-39,201,76,443,359,-231,-255,-430,467,985,1717,-551,-2308,268,279,850,-994,-478,300,-203,-471,367,55,986,-836,725,1014,-492,-342,2668,-646,-1137,-455,245,3251,-354,-1725,-1742,-212,-2,-1003,609,-611,-81,584,-728,3,171,-215,1439,-1003,-223,-257,500
1108,845,-1923,-38,1889,-142,-1190,-658,350,-16,-903,346,529,433,346,-840,-873,940,1065,-1391,233,239,-62,-846,1704,517,-617,-390,-205,1380,2000,-1743,-1010,-1014,-27,-573,171,107,-82,-84,-69,179,443,-71,1071,-1394,-155,-39,201,76,443,359,-231,-255,-430,467,985,1717,-551,-2308,268,279,850,-994,-478,300,-203,-471,367,55,986,-836,725,1014,-492,-342,2668,-646,-1137,-455,245,3251,-354,-1725,-1742,-212,-2,-1003,609,-611,-81,584,-728,3,171,-215,1439,-1003,-223,-257,500,-722
1109,-1923,-38,1889,-142,-1190,-658,350,-16,-903,346,529,433,346,-840,-873,940,1065,-1391,233,239,-62,-846,1704,517,-617,-390,-205,1380,2000,-1743,-1010,-1014,-27,-573,171,107,-82,-84,-69,179,443,-71,1071,-1394,-155,-39,201,76,443,359,-231,-255,-430,467,985,1717,-551,-2308,268,279,850,-994,-478,300,-203,-471,367,55,986,-836,725,1014,-492,-342,2668,-646,-1137,-455,245,3251,-354,-1725,-1742,-212,-2,-1003,609,-611,-81,584,-728,3,171,-215,1439,-1003,-223,-257,500,-722,1301
1110,-38,1889,-142,-1190,-658,350,-16,-903,346,529,433,346,-840,-873,940,1065,-1391,233,239,-62,-846,1704,517,-617,-390,-205,1380,2000,-1743,-1010,-1014,-27,-573,171,107,-82,-84,-69,179,443,-71,1071,-1394,-155,-39,201,76,443,359,-231,-255,-430,467,985,1717,-551,-2308,268,279,850,-994,-478,300,-203,-471,367,55,986,-836,725,1014,-492,-342,2668,-646,-1137,-455,245,3251,-354,-1725,-1742,-212,-2,-1003,609,-611,-81,584,-728,3,171,-215,1439,-1003,-223,-257,500,-722,1301,-706
1111,1889,-142,-1190,-658,350,-16,-903,346,529,433,346,-840,-873,940,1065,-1391,233,239,-62,-846,1704,517,-617,-390,-205,1380,2000,-1743,-1010,-1014,-27,-573,171,107,-82,-84,-69,179,443,-71,1071,-1394,-155,-39,201,76,443,359,-231,-255,-430,467,985,1717,-551,-2308,268,279,850,-994,-478,300,-203,-471,367,55,986,-836,725,1014,-492,-342,2668,-646,-1137,-455,245,3251,-354,-1725,-1742,-212,-2,-1003,609,-611,-81,584,-728,3,171,-215,1439,-1003,-223,-257,500,-722,1301,-706,598
1112,-142,-1190,-658,350,-16,-903,346,529,433,346,-840,-873,940,1065,-1391,233,239,-62,-846,1704,517,-617,-390,-205,1380,2000,-1743,-1010,-1014,-27,-573,171,107,-82,-84,-69,179,443,-71,1071,-1394,-155,-39,201,76,443,359,-231,-255,-430,467,985,1717,-551,-2308,268,279,850,-994,-478,300,-203,-471,367,55,986,-836,725,1014,-492,-342,2668,-646,-1137,-455,245,3251,-354,-1725,-1742,-212,-2,-1003,609,-611,-81,584,-728,3,171,-215,1439,-1003,-223,-257,500,-722,1301,-706,598,286
1113,-1190,-658,350,-16,-903,346,529,433,346,-840,-873,940,1065,-1391,233,239,-62,-846,1704,517,-617,-390,-205,1380,2000,-1743,-1010,-1014,-27,-573,171,107,-82,-84,-69,179,443,-71,1071,-1394,-155,-39,201,76,443,359,-231,-255,-430,467,985,1717,-551,-2308,268,279,850,-994,-478,300,-203,-471,367,55,986,-836,725,1014,-492,-342,2668,-646,-1137,-455,245,3251,-354,-1725,-1742,-212,-2,-1003,609,-611,-81,584,-728,3,171,-215,1439,-1003,-223,-257,500,-722,1301,-706,598,286,-427
1114,-658,350,-16,-903,346,529,433,346,-840,-873,940,1065,-1391,233,239,-62,-846,1704,517,-617,-390,-205,1380,2000,-1743,-1010,-1014,-27,-573,171,107,-82,-84,-69,179,443,-71,1071,-1394,-155,-39,201,76,443,359,-231,-255,-430,467,985,1717,-551,-2308,268,279,850,-994,-478,300,-203,-471,367,55,986,-836,725,1014,-492,-342,2668,-646,-1137,-455,245,3251,-354,-1725,-1742,-212,-2,-1003,609,-611,-81,584,-728,3,171,-215,1439,-1003,-223,-257,500,-722,1301,-706,598,286,-427,-705
1115,350,-16,-903,346,529,433,346,-840,-873,940,1065,-1391,233,239,-62,-846,1704,517,-617,-390,-205,1380,2000,-1743,-1010,-1014,-27,-573,171,107,-82,-84,-69,179,443,-71,1071,-1394,-155,-39,201,76,443,359,-231,-255,-430,467,985,1717,-551,-2308,268,279,850,-994,-478,300,-203,-471,367,55,986,-836,725,1014,-492,-342,2668,-646,-1137,-455,245,3251,-354,-1725,-1742,-212,-2,-1003,609,-611,-81,584,-728,3,171,-215,1439,-1003,-223,-257,500,-722,1301,-706,598,286,-427,-705,763
1116,-16,-903,346,529,433,346,-840,-873,940,1065,-1391,233,239,-62,-846,1704,517,-617,-390,-205,1380,2000,-1743,-1010,-1014,-27,-573,171,107,-82,-84,-69,179,443,-71,1071,-1394,-155,-39,201,76,443,359,-231,-255,-430,467,985,1717,-551,-2308,268,279,850,-994,-478,300,-203,-471,367,55,986,-836,725,1014,-492,-342,2668,-646,-1137,-455,245,3251,-354,-1725,-1742,-212,-2,-1003,609,-611,-81,584,-728,3,171,-215,1439,-1003,-223,-257,500,-722,1301,-706,598,286,-427,-705,763,2264
1117,-903,346,529,433,346,-840,-873,940,1065,-1391,233,239,-62,-846,1704,517,-617,-390,-205,1380,2000,-1743,-1010,-1014,-27,-573,171,107,-82,-84,-69,179,443,-71,1071,-1394,-155,-39,201,76,443,359,-231,-255,-430,467,985,1717,-551,-2308,268,279,850,-994,-478,300,-203,-471,367,55,986,-836,725,1014,-492,-342,2668,-646,-1137,-455,245,3251,-354,-1725,-1742,-212,-2,-1003,609,-611,-81,584,-728,3,171,-215,1439,-1003,-223,-257,500,-722,1301,-706,598,286,-427,-705,763,2264,-1890
1118,346,529,433,346,-840,-873,940,1065,-1391,233,239,-62,-846,1704,517,-617,-390,-205,1380,2000,-1743,-1010,-1014,-27,-573,171,107,-82,-84,-69,179,443,-71,1071,-1394,-155,-39,201,76,443,359,-231,-255,-430,467,985,1717,-551,-2308,268,279,850,-994,-478,300,-203,-471,367,55,986,-836,725,1014,-492,-342,2668,-646,-1137,-455,245,3251,-354,-1725,-1742,-212,-2,-1003,609,-611,-81,584,-728,3,171,-215,1439,-1003,-223,-257,500,-722,1301,-706,598,286,-427,-705,763,2264,-1890,-792
1119,529,433,346,-840,-873,940,1065,-1391,233,239,-62,-846,1704,517,-617,-390,-205,1380,2000,-1743,-1010,-1014,-27,-573,171,107,-82,-84,-69,179,443,-71,1071,-1394,-155,-39,201,76,443,359,-231,-255,-430,467,985,1717,-551,-2308,268,279,850,-994,-478,300,-203,-471,367,55,986,-836,725,1014,-492,-342,2668,-646,-1137,-455,245,3251,-354,-1725,-1742,-212,-2,-1003,609,-611,-81,584,-728,3,171,-215,1439,-1003,-223,-257,500,-722,1301,-706,598,286,-427,-705,763,2264,-1890,-792,-298
1120,433,346,-840,-873,940,1065,-1391,233,239,-62,-846,1704,517,-617,-390,-205,1380,2000,-1743,-1010,-1014,-27,-573,171,107,-82,-84,-69,179,443,-71,1071,-1394,-155,-39,201,76,443,359,-231,-255,-430,467,985,1717,-551,-2308,268,279,850,-994,-478,300,-203,-471,367,55,986,-836,725,1014,-492,-342,2668,-646,-1137,-455,245,3251,-354,-1725,-1742,-212,-2,-1003,609,-611,-81,584,-728,3,171,-215,1439,-1003,-223,-257,500,-722,1301,-706,598,286,-427,-705,763,2264,-1890,-792,-298,152
1121,346,-840,-873,940,1065,-1391,233,239,-62,-846,1704,517,-617,-390,-205,1380,2000,-1743,-1010,-1014,-27,-573,171,107,-82,-84,-69,179,443,-71,1071,-1394,-155,-39,201,76,443,359,-231,-255,-430,467,985,1717,-551,-2308,268,279,850,-994,-478,300,-203,-471,367,55,986,-836,725,1014,-492,-342,2668,-646,-1137,-455,245,3251,-354,-1725,-1742,-212,-2,-1003,609,-611,-81,584,-728,3,171,-215,1439,-1003,-223,-257,500,-722,1301,-706,598,286,-427,-705,763,2264,-1890,-792,-298,152,-401
1122,-840,-873,940,1065,-1391,233,239,-62,-846,1704,517,-617,-390,-205,1380,2000,-1743,-1010,-1014,-27,-573,171,107,-82,-84,-69,179,443,-71,1071,-1394,-155,-39,201,76,443,359,-231,-255,-430,467,985,1717,-551,-2308,268,279,850,-994,-478,300,-203,-471,367,55,986,-836,725,1014,-492,-342,2668,-646,-1137,-455,245,3251,-354,-1725,-1742,-212,-2,-1003,609,-611,-81,584,-728,3,171,-215,1439,-1003,-223,-257,500,-722,1301,-706,598,286,-427,-705,763,2264,-1890,-792,-298,152,-401,41
1123,-873,940,1065,-1391,233,239,-62,-846,1704,517,-617,-390,-205,1380,2000,-1743,-1010,-1014,-27,-573,171,107,-82,-84,-69,179,443,-71,1071,-1394,-155,-39,201,76,443,359,-231,-255,-430,467,985,1717,-551,-2308,268,279,850,-994,-478,300,-203,-471,367,55,986,-836,725,1014,-492,-342,2668,-646,-1137,-455,245,3251,-354,-1725,-1742,-212,-2,-1003,609,-611,-81,584,-728,3,171,-215,1439,-1003,-223,-257,500,-722,1301,-706,598,286,-427,-705,763,2264,-1890,-792,-298,152,-401,41,60
1124,940,1065,-1391,233,239,-62,-846,1704,517,-617,-390,-205,1380,2000,-1743,-1010,-1014,-27,-573,171,107,-82,-84,-69,179,443,-71,1071,-1394,-155,-39,201,76,443,359,-231,-255,-430,467,985,1717,-551,-2308,268,279,850,-994,-478,300,-203,-471,367,55,986,-836,725,1014,-492,-342,2668,-646,-1137,-455,245,3251,-354,-1725,-1742,-212,-2,-1003,609,-611,-81,584,-728,3,171,-215,1439,-1003,-223,-257,500,-722,1301,-706,598,286,-427,-705,763,2264,-1890,-792,-298,152,-401,41,60,359
1125,1065,-1391,233,239,-62,-846,1704,517,-617,-390,-205,1380,2000,-1743,-1010,-1014,-27,-573,171,107,-82,-84,-69,179,443,-71,1071,-1394,-155,-39,201,76,443,359,-231,-255,-430,467,985,1717,-551,-2308,268,279,850,-994,-478,300,-203,-471,367,55,986,-836,725,1014,-492,-342,2668,-646,-1137,-455,245,3251,-354,-1725,-1742,-212,-2,-1003,609,-611,-81,584,-728,3,171,-215,1439,-1003,-223,-257,500,-722,1301,-706,598,286,-427,-705,763,2264,-1890,-792,-298,152,-401,41,60,359,455
1126,-1391,233,239,-62,-846,1704,517,-617,-390,-205,1380,2000,-1743,-1010,-1014,-27,-573,171,107,-82,-84,-69,179,443,-71,1071,-1394,-155,-39,201,76,443,359,-231,-255,-430,467,985,1717,-551,-2308,268,279,850,-994,-478,300,-203,-471,367,55,986,-836,725,1014,-492,-342,2668,-646,-1137,-455,245,3251,-354,-1725,-1742,-212,-2,-1003,609,-611,-81,584,-728,3,171,-215,1439,-1003,-223,-257,500,-722,1301,-706,598,286,-427,-705,763,2264,-1890,-792,-298,152,-401,41,60,359,455,-537
1127,233,239,-62,-846,1704,517,-617,-390,-205,1380,2000,-1743,-1010,-1014,-27,-573,171,107,-82,-84,-69,179,443,-71,1071,-1394,-155,-39,201,76,443,359,-231,-255,-430,467,985,1717,-551,-2308,268,279,850,-994,-478,300,-203,-471,367,55,986,-836,725,1014,-492,-342,2668,-646,-1137,-455,245,3251,-354,-1725,-1742,-212,-2,-1003,609,-611,-81,584,-728,3,171,-215,1439,-1003,-223,-257,500,-722,1301,-706,598,286,-427,-705,763,2264,-1890,-792,-298,152,-401,41,60,359,455,-537,-444
1128,239,-62,-846,1704,517,-617,-390,-205,1380,2000,-1743,-1010,-1014,-27,-573,171,107,-82,-84,-69,179,443,-71,1071,-1394,-155,-39,201,76,443,359,-231,-255,-430,467,985,1717,-551,-2308,268,279,850,-994,-478,300,-203,-471,367,55,986,-836,725,1014,-492,-342,2668,-646,-1137,-455,245,3251,-354,-1725,-1742,-212,-2,-1003,609,-611,-81,584,-728,3,171,-215,1439,-1003,-223,-257,500,-722,1301,-706,598,286,-427,-705,763,2264,-1890,-792,-298,152,-401,41,60,359,455,-537,-444,287
1129,-62,-846,1704,517,-617,-390,-205,1380,2000,-1743,-1010,-1014,-27,-573,171,107,-82,-84,-69,179,443,-71,1071,-1394,-155,-39,201,76,443,359,-231,-255,-430,467,985,1717,-551,-2308,268,279,850,-994,-478,300,-203,-471,367,55,986,-836,725,1014,-492,-342,2668,-646,-1137,-455,245,3251,-354,-1725,-1742,-212,-2,-1003,609,-611,-81,584,-728,3,171,-215,1439,-1003,-223,-257,500,-722,1301,-706,598,286,-427,-705,763,2264,-1890,-792,-298,152,-401,41,60,359,455,-537,-444,287,1268
1130,-846,1704,517,-617,-390,-205,1380,2000,-1743,-1010,-1014,-27,-573,171,107,-82,-84,-69,179,443,-71,1071,-1394,-155,-39,201,76,443,359,-231,-255,-430,467,985,1717,-551,-2308,268,279,850,-994,-478,300,-203,-471,367,55,986,-836,725,1014,-492,-342,2668,-646,-1137,-455,245,3251,-354,-1725,-1742,-212,-2,-1003,609,-611,-81,584,-728,3,171,-215,1439,-1003,-223,-257,500,-722,1301,-706,598,286,-427,-705,763,2264,-1890,-792,-298,152,-401,41,60,359,455,-537,-444,287,1268,-528
1131,1704,517,-617,-390,-205,1380,2000,-1743,-1010,-1014,-27,-573,171,107,-82,-84,-69,179,443,-71,1071,-1394,-155,-39,201,76,443,359,-231,-255,-430,467,985,1717,-551,-2308,268,279,850,-994,-478,300,-203,-471,367,55,986,-836,725,1014,-492,-342,2668,-646,-1137,-455,245,3251,-354,-1725,-1742,-212,-2,-1003,609,-611,-81,584,-728,3,171,-215,1439,-1003,-223,-257,500,-722,1301,-706,598,286,-427,-705,763,2264,-1890,-792,-298,152,-401,41,60,359,455,-537,-444,287,1268,-528,633
1132,517,-617,-390,-205,1380,2000,-1743,-1010,-1014,-27,-573,171,107,-82,-84,-69,179,443,-71,1071,-1394,-155,-39,201,76,443,359,-231,-255,-430,467,985,1717,-551,-2308,268,279,850,-994,-478,300,-203,-471,367,55,986,-836,725,1014,-492,-342,2668,-646,-1137,-455,245,3251,-354,-1725,-1742,-212,-2,-1003,609,-611,-81,584,-728,3,171,-215,1439,-1003,-223,-257,500,-722,1301,-706,598,286,-427,-705,763,2264,-1890,-792,-298,152,-401,41,60,359,455,-537,-444,287,1268,-528,633,456
1133,-617,-390,-205,1380,2000,-1743,-1010,-1014,-27,-573,171,107,-82,-84,-69,179,443,-71,1071,-1394,-155,-39,201,76,443,359,-231,-255,-430,467,985,1717,-551,-2308,268,279,850,-994,-478,300,-203,-471,367,55,986,-836,725,1014,-492,-342,2668,-646,-1137,-455,245,3251,-354,-1725,-1742,-212,-2,-1003,609,-611,-81,584,-728,3,171,-215,1439,-1003,-223,-257,500,-722,1301,-706,598,286,-427,-705,763,2264,-1890,-792,-298,152,-401,41,60,359,455,-537,-444,287,1268,-528,633,456,-794
1134,-390,-205,1380,2000,-1743,-1010,-1014,-27,-573,171,107,-82,-84,-69,179,443,-71,1071,-1394,-155,-39,201,76,443,359,-231,-255,-430,467,985,1717,-551,-2308,268,279,850,-994,-478,300,-203,-471,367,55,986,-836,725,1014,-492,-342,2668,-646,-1137,-455,245,3251,-354,-1725,-1742,-212,-2,-1003,609,-611,-81,584,-728,3,171,-215,1439,-1003,-223,-257,500,-722,1301,-706,598,286,-427,-705,763,2264,-1890,-792,-298,152,-401,41,60,359,455,-537,-444,287,1268,-528,633,456,-794,274
1135,-205,1380,2000,-1743,-1010,-1014,-27,-573,171,107,-82,-84,-69,179,443,-71,1071,-1394,-155,-39,201,76,443,359,-231,-255,-430,467,985,1717,-551,-2308,268,279,850,-994,-478,300,-203,-471,367,55,986,-836,725,1014,-492,-342,2668,-646,-1137,-455,245,3251,-354,-1725,-1742,-212,-2,-1003,609,-611,-81,584,-728,3,171,-215,1439,-1003,-223,-257,500,-722,1301,-706,598,286,-427,-705,763,2264,-1890,-792,-298,152,-401,41,60,359,455,-537,-444,287,1268,-528,633,456,-794,274,219
1136,1380,2000,-1743,-1010,-1014,-27,-573,171,107,-82,-84,-69,179,443,-71,1071,-1394,-155,-39,201,76,443,359,-231,-255,-430,467,985,1717,-551,-2308,268,279,850,-994,-478,300,-203,-471,367,55,986,-836,725,1014,-492,-342,2668,-646,-1137,-455,245,3251,-354,-1725,-1742,-212,-2,-1003,609,-611,-81,584,-728,3,171,-215,1439,-1003,-223,-257,500,-722,1301,-706,598,286,-427,-705,763,2264,-1890,-792,-298,152,-401,41,60,359,455,-537,-444,287,1268,-528,633,456,-794,274,219,2571
1137,2000,-1743,-1010,-1014,-27,-573,171,107,-82,-84,-69,179,443,-71,1071,-1394,-155,-39,201,76,443,359,-231,-255,-430,467,985,1717,-551,-2308,268,279,850,-994,-478,300,-203,-471,367,55,986,-836,725,1014,-492,-342,2668,-646,-1137,-455,245,3251,-354,-1725,-1742,-212,-2,-1003,609,-611,-81,584,-728,3,171,-215,1439,-1003,-223,-257,500,-722,1301,-706,598,286,-427,-705,763,2264,-1890,-792,-298,152,-401,41,60,359,455,-537,-444,287,1268,-528,633,456,-794,274,219,2571,-1115
1138,-1743,-1010,-1014,-27,-573,171,107,-82,-84,-69,179,443,-71,1071,-1394,-155,-39,201,76,443,359,-231,-255,-430,467,985,1717,-551,-2308,268,279,850,-994,-478,300,-203,-471,367,55,986,-836,725,1014,-492,-342,2668,-646,-1137,-455,245,3251,-354,-1725,-1742,-212,-2,-1003,609,-611,-81,584,-728,3,171,-215,1439,-1003,-223,-257,500,-722,1301,-706,598,286,-427,-705,763,2264,-1890,-792,-298,152,-401,41,60,359,455,-537,-444,287,1268,-528,633,456,-794,274,219,2571,-1115,-2376
1139,-1010,-1014,-27,-573,171,107,-82,-84,-69,179,443,-71,1071,-1394,-155,-39,201,76,443,359,-231,-255,-430,467,985,1717,-551,-2308,268,279,850,-994,-478,300,-203,-471,367,55,986,-836,725,1014,-492,-342,2668,-646,-1137,-455,245,3251,-354,-1725,-1742,-212,-2,-1003,609,-611,-81,584,-728,3,171,-215,1439,-1003,-223,-257,500,-722,1301,-706,598,286,-427,-705,763,2264,-1890,-792,-298,152,-401,41,60,359,455,-537,-444,287,1268,-528,633,456,-794,274,219,2571,-1115,-2376,2197
1140,-1014,-27,-573,171,107,-82,-84,-69,179,443,-71,1071,-1394,-155,-39,201,76,443,359,-231,-255,-430,467,985,1717,-551,-2308,268,279,850,-994,-478,300,-203,-471,367,55,986,-836,725,1014,-492,-342,2668,-646,-1137,-455,245,3251,-354,-1725,-1742,-212,-2,-1003,609,-611,-81,584,-728,3,171,-215,1439,-1003,-223,-257,500,-722,1301,-706,598,286,-427,-705,763,2264,-1890,-792,-298,152,-401,41,60,359,455,-537,-444,287,1268,-528,633,456,-794,274,219,2571,-1115,-2376,2197,1415
1141,-27,-573,171,107,-82,-84,-69,179,443,-71,1071,-1394,-155,-39,201,76,443,359,-231,-255,-430,467,985,1717,-551,-2308,268,279,850,-994,-478,300,-203,-471,367,55,986,-836,725,1014,-492,-342,2668,-646,-1137,-455,245,3251,-354,-1725,-1742,-212,-2,-1003,609,-611,-81,584,-728,3,171,-215,1439,-1003,-223,-257,500,-722,1301,-706,598,286,-427,-705,763,2264,-1890,-792,-298,152,-401,41,60,359,455,-537,-444,287,1268,-528,633,456,-794,274,219,2571,-1115,-2376,2197,1415,279
1142,-573,171,107,-82,-84,-69,179,443,-71,1071,-1394,-155,-39,201,76,443,359,-231,-255,-430,467,985,1717,-551,-2308,268,279,850,-994,-478,300,-203,-471,367,55,986,-836,725,1014,-492,-342,2668,-646,-1137,-455,245,3251,-354,-1725,-1742,-212,-2,-1003,609,-611,-81,584,-728,3,171,-215,1439,-1003,-223,-257,500,-722,1301,-706,598,286,-427,-705,763,2264,-1890,-792,-298,152,-401,41,60,359,455,-537,-444,287,1268,-528,633,456,-794,274,219,2571,-1115,-2376,2197,1415,279,-811
1143,171,107,-82,-84,-69,179,443,-71,1071,-1394,-155,-39,201,76,443,359,-231,-255,-430,467,985,1717,-551,-2308,268,279,850,-994,-478,300,-203,-471,367,55,986,-836,725,1014,-492,-342,2668,-646,-1137,-455,245,3251,-354,-1725,-1742,-212,-2,-1003,609,-611,-81,584,-728,3,171,-215,1439,-1003,-223,-257,500,-722,1301,-706,598,286,-427,-705,763,2264,-1890,-792,-298,152,-401,41,60,359,455,-537,-444,287,1268,-528,633,456,-794,274,219,2571,-1115,-2376,2197,1415,279,-811,-1502
1144,107,-82,-84,-69,179,443,-71,1071,-1394,-155,-39,201,76,443,359,-231,-255,-430,467,985,1717,-551,-2308,268,279,850,-994,-478,300,-203,-471,367,55,986,-836,725,1014,-492,-342,2668,-646,-1137,-455,245,3251,-354,-1725,-1742,-212,-2,-1003,609,-611,-81,584,-728,3,171,-215,1439,-1003,-223,-257,500,-722,1301,-706,598,286,-427,-705,763,2264,-1890,-792,-298,152,-401,41,60,359,455,-537,-444,287,1268,-528,633,456,-794,274,219,2571,-1115,-2376,2197,1415,279,-811,-1502,-611
1145,-82,-84,-69,179,443,-71,1071,-1394,-155,-39,201,76,443,359,-231,-255,-430,467,985,1717,-551,-2308,268,279,850,-994,-478,300,-203,-471,367,55,986,-836,725,1014,-492,-342,2668,-646,-1137,-455,245,3251,-354,-1725,-1742,-212,-2,-1003,609,-611,-81,584,-728,3,171,-215,1439,-1003,-223,-257,500,-722,1301,-706,598,286,-427,-705,763,2264,-1890,-792,-298,152,-401,41,60,359,455,-537,-444,287,1268,-528,633,456,-794,274,219,2571,-1115,-2376,2197,1415,279,-811,-1502,-611,-34
1146,-84,-69,179,443,-71,1071,-1394,-155,-39,201,76,443,359,-231,-255,-430,467,985,1717,-551,-2308,268,279,850,-994,-478,300,-203,-471,367,55,986,-836,725,1014,-492,-342,2668,-646,-1137,-455,245,3251,-354,-1725,-1742,-212,-2,-1003,609,-611,-81,584,-728,3,171,-215,1439,-1003,-223,-257,500,-722,1301,-706,598,286,-427,-705,763,2264,-1890,-792,-298,152,-401,41,60,359,455,-537,-444,287,1268,-528,633,456,-794,274,219,2571,-1115,-2376,2197,1415,279,-811,-1502,-611,-34,313
1147,-69,179,443,-71,1071,-1394,-155,-39,201,76,443,359,-231,-255,-430,467,985,1717,-551,-2308,268,279,850,-994,-478,300,-203,-471,367,55,986,-836,725,1014,-492,-342,2668,-646,-1137,-455,245,3251,-354,-1725,-1742,-212,-2,-1003,609,-611,-81,584,-728,3,171,-215,1439,-1003,-223,-257,500,-722,1301,-706,598,286,-427,-705,763,2264,-1890,-792,-298,152,-401,41,60,359,455,-537,-444,287,1268,-528,633,456,-794,274,219,2571,-1115,-2376,2197,1415,279,-811,-1502,-611,-34,313,-1405
1148,179,443,-71,1071,-1394,-155,-39,201,76,443,359,-231,-255,-430,467,985,1717,-551,-2308,268,279,850,-994,-478,300,-203,-471,367,55,986,-836,725,1014,-492,-342,2668,-646,-1137,-455,245,3251,-354,-1725,-1742,-212,-2,-1003,609,-611,-81,584,-728,3,171,-215,1439,-1003,-223,-257,500,-722,1301,-706,598,286,-427,-705,763,2264,-1890,-792,-298,152,-401,41,60,359,455,-537,-444,287,1268,-528,633,456,-794,274,219,2571,-1115,-2376,2197,1415,279,-811,-1502,-611,-34,313,-1405,-49
1149,443,-71,1071,-1394,-155,-39,201,76,443,359,-231,-255,-430,467,985,1717,-551,-2308,268,279,850,-994,-478,300,-203,-471,367,55,986,-836,725,1014,-492,-342,2668,-646,-1137,-455,245,3251,-354,-1725,-1742,-212,-2,-1003,609,-611,-81,584,-728,3,171,-215,1439,-1003,-223,-257,500,-722,1301,-706,598,286,-427,-705,763,2264,-1890,-792,-298,152,-401,41,60,359,455,-537,-444,287,1268,-528,633,456,-794,274,219,2571,-1115,-2376,2197,1415,279,-811,-1502,-611,-34,313,-1405,-49,-556
1150,-71,1071,-1394,-155,-39,201,76,443,359,-231,-255,-430,467,985,1717,-551,-2308,268,279,850,-994,-478,300,-203,-471,367,55,986,-836,725,1014,-492,-342,2668,-646,-1137,-455,245,3251,-354,-1725,-1742,-212,-2,-1003,609,-611,-81,584,-728,3,171,-215,1439,-1003,-223,-257,500,-722,1301,-706,598,286,-427,-705,763,2264,-1890,-792,-298,152,-401,41,60,359,455,-537,-444,287,1268,-528,633,456,-794,274,219,2571,-1115,-2376,2197,1415,279,-811,-1502,-611,-34,313,-1405,-49,-556,1120
1151,1071,-1394,-155,-39,201,76,443,359,-231,-255,-430,467,985,1717,-551,-2308,268,279,850,-994,-478,300,-203,-471,367,55,986,-836,725,1014,-492,-342,2668,-646,-1137,-455,245,3251,-354,-1725,-1742,-212,-2,-1003,609,-611,-81,584,-728,3,171,-215,1439,-1003,-223,-257,500,-722,1301,-706,598,286,-427,-705,763,2264,-1890,-792,-298,152,-401,41,60,359,455,-537,-444,287,1268,-528,633,456,-794,274,219,2571,-1115,-2376,2197,1415,279,-811,-1502,-611,-34,313,-1405,-49,-556,1120,718
1152,-1394,-155,-39,201,76,443,359,-231,-255,-430,467,985,1717,-551,-2308,268,279,850,-994,-478,300,-203,-471,367,55,986,-836,725,1014,-492,-342,2668,-646,-1137,-455,245,3251,-354,-1725,-1742,-212,-2,-1003,609,-611,-81,584,-728,3,171,-215,1439,-1003,-223,-257,500,-722,1301,-706,598,286,-427,-705,763,2264,-1890,-792,-298,152,-401,41,60,359,455,-537,-444,287,1268,-528,633,456,-794,274,219,2571,-1115,-2376,2197,1415,279,-811,-1502,-611,-34,313,-1405,-49,-556,1120,718,-1048
1153,-155,-39,201,76,443,359,-231,-255,-430,467,985,1717,-551,-2308,268,279,850,-994,-478,300,-203,-471,367,55,986,-836,725,1014,-492,-342,2668,-646,-1137,-455,245,3251,-354,-1725,-1742,-212,-2,-1003,609,-611,-81,584,-728,3,171,-215,1439,-1003,-223,-257,500,-722,1301,-706,598,286,-427,-705,763,2264,-1890,-792,-298,152,-401,41,60,359,455,-537,-444,287,1268,-528,633,456,-794,274,219,2571,-1115,-2376,2197,1415,279,-811,-1502,-611,-34,313,-1405,-49,-556,1120,718,-1048,510
1154,-39,201,76,443,359,-231,-255,-430,467,985,1717,-551,-2308,268,279,850,-994,-478,300,-203,-471,367,55,986,-836,725,1014,-492,-342,2668,-646,-1137,-455,245,3251,-354,-1725,-1742,-212,-2,-1003,609,-611,-81,584,-728,3,171,-215,1439,-1003,-223,-257,500,-722,1301,-706,598,286,-427,-705,763,2264,-1890,-792,-298,152,-401,41,60,359,455,-537,-444,287,1268,-528,633,456,-794,274,219,2571,-1115,-2376,2197,1415,279,-811,-1502,-611,-34,313,-1405,-49,-556,1120,718,-1048,510,909
1155,201,76,443,359,-231,-255,-430,467,985,1717,-551,-2308,268,279,850,-994,-478,300,-203,-471,367,55,986,-836,725,1014,-492,-342,2668,-646,-1137,-455,245,3251,-354,-1725,-1742,-212,-2,-1003,609,-611,-81,584,-728,3,171,-215,1439,-1003,-223,-257,500,-722,1301,-706,598,286,-427,-705,763,2264,-1890,-792,-298,152,-401,41,60,359,455,-537,-444,287,1268,-528,633,456,-794,274,219,2571,-1115,-2376,2197,1415,279,-811,-1502,-611,-34,313,-1405,-49,-556,1120,718,-1048,510,909,194
1156,76,443,359,-231,-255,-430,467,985,1717,-551,-2308,268,279,850,-994,-478,300,-203,-471,367,55,986,-836,725,1014,-492,-342,2668,-646,-1137,-455,245,3251,-354,-1725,-1742,-212,-2,-1003,609,-611,-81,584,-728,3,171,-215,1439,-1003,-223,-257,500,-722,1301,-706,598,286,-427,-705,763,2264,-1890,-792,-298,152,-401,41,60,359,455,-537,-444,287,1268,-528,633,456,-794,274,219,2571,-1115,-2376,2197,1415,279,-811,-1502,-611,-34,313,-1405,-49,-556,1120,718,-1048,510,909,194,-886
1157,443,359,-231,-255,-430,467,985,1717,-551,-2308,268,279,850,-994,-478,300,-203,-471,367,55,986,-836,725,1014,-492,-342,2668,-646,-1137,-455,245,3251,-354,-1725,-1742,-212,-2,-1003,609,-611,-81,584,-728,3,171,-215,1439,-1003,-223,-257,500,-722,1301,-706,598,286,-427,-705,763,2264,-1890,-792,-298,152,-401,41,60,359,455,-537,-444,287,1268,-528,633,456,-794,274,219,2571,-1115,-2376,2197,1415,279,-811,-1502,-611,-34,313,-1405,-49,-556,1120,718,-1048,510,909,194,-886,-666
1158,359,-231,-255,-430,467,985,1717,-551,-2308,268,279,850,-994,-478,300,-203,-471,367,55,986,-836,725,1014,-492,-342,2668,-646,-1137,-455,245,3251,-354,-1725,-1742,-212,-2,-1003,609,-611,-81,584,-728,3,171,-215,1439,-1003,-223,-257,500,-722,1301,-706,598,286,-427,-705,763,2264,-1890,-792,-298,152,-401,41,60,359,455,-537,-444,287,1268,-528,633,456,-794,274,219,2571,-1115,-2376,2197,1415,279,-811,-1502,-611,-34,313,-1405,-49,-556,1120,718,-1048,510,909,194,-886,-666,-441
1159,-231,-255,-430,467,985,1717,-551,-2308,268,279,850,-994,-478,300,-203,-471,367,55,986,-836,725,1014,-492,-342,2668,-646,-1137,-455,245,3251,-354,-1725,-1742,-212,-2,-1003,609,-611,-81,584,-728,3,171,-215,1439,-1003,-223,-257,500,-722,1301,-706,598,286,-427,-705,763,2264,-1890,-792,-298,152,-401,41,60,359,455,-537,-444,287,1268,-528,633,456,-794,274,219,2571,-1115,-2376,2197,1415,279,-811,-1502,-611,-34,313,-1405,-49,-556,1120,718,-1048,510,909,194,-886,-666,-441,323
1160,-255,-430,467,985,1717,-551,-2308,268,279,850,-994,-478,300,-203,-471,367,55,986,-836,725,1014,-492,-342,2668,-646,-1137,-455,245,3251,-354,-1725,-1742,-212,-2,-1003,609,-611,-81,584,-728,3,171,-215,1439,-1003,-223,-257,500,-722,1301,-706,598,286,-427,-705,763,2264,-1890,-792,-298,152,-401,41,60,359,455,-537,-444,287,1268,-528,633,456,-794,274,219,2571,-1115,-2376,2197,1415,279,-811,-1502,-611,-34,313,-1405,-49,-556,1120,718,-1048,510,909,194,-886,-666,-441,323,96
1161,-430,467,985,1717,-551,-2308,268,279,850,-994,-478,300,-203,-471,367,55,986,-836,725,1014,-492,-342,2668,-646,-1137,-455,245,3251,-354,-1725,-1742,-212,-2,-1003,609,-611,-81,584,-728,3,171,-215,1439,-1003,-223,-257,500,-722,1301,-706,598,286,-427,-705,763,2264,-1890,-792,-298,152,-401,41,60,359,455,-537,-444,287,1268,-528,633,456,-794,274,219,2571,-1115,-2376,2197,1415,279,-811,-1502,-611,-34,313,-1405,-49,-556,1120,718,-1048,510,909,194,-886,-666,-441,323,96,611
1162,467,985,1717,-551,-2308,268,279,850,-994,-478,300,-203,-471,367,55,986,-836,725,1014,-492,-342,2668,-646,-1137,-455,245,3251,-354,-1725,-1742,-212,-2,-1003,609,-611,-81,584,-728,3,171,-215,1439,-1003,-223,-257,500,-722,1301,-706,598,286,-427,-705,763,2264,-1890,-792,-298,152,-401,41,60,359,455,-537,-444,287,1268,-528,633,456,-794,274,219,2571,-1115,-2376,2197,1415,279,-811,-1502,-611,-34,313,-1405,-49,-556,1120,718,-1048,510,909,194,-886,-666,-441,323,96,611,363
1163,985,1717,-551,-2308,268,279,850,-994,-478,300,-203,-471,367,55,986,-836,725,1014,-492,-342,2668,-646,-1137,-455,245,3251,-354,-1725,-1742,-212,-2,-1003,609,-611,-81,584,-728,3,171,-215,1439,-1003,-223,-257,500,-722,1301,-706,598,286,-427,-705,763,2264,-1890,-792,-298,152,-401,41,60,359,455,-537,-444,287,1268,-528,633,456,-794,274,219,2571,-1115,-2376,2197,1415,279,-811,-1502,-611,-34,313,-1405,-49,-556,1120,718,-1048,510,909,194,-886,-666,-441,323,96,611,363,-991
1164,1717,-551,-2308,268,279,850,-994,-478,300,-203,-471,367,55,986,-836,725,1014,-492,-342,2668,-646,-1137,-455,245,3251,-354,-1725,-1742,-212,-2,-1003,609,-611,-81,584,-728,3,171,-215,1439,-1003,-223,-257,500,-722,1301,-706,598,286,-427,-705,763,2264,-1890,-792,-298,152,-401,41,60,359,455,-537,-444,287,1268,-528,633,456,-794,274,219,2571,-1115,-2376,2197,1415,279,-811,-1502,-611,-34,313,-1405,-49,-556,1120,718,-1048,510,909,194,-886,-666,-441,323,96,611,363,-991,197
1165,-551,-2308,268,279,850,-994,-478,300,-203,-471,367,55,986,-836,725,1014,-492,-342,2668,-646,-1137,-455,245,3251,-354,-1725,-1742,-212,-2,-1003,609,-611,-81,584,-728,3,171,-215,1439,-1003,-223,-257,500,-722,1301,-706,598,286,-427,-705,763,2264,-1890,-792,-298,152,-401,41,60,359,455,-537,-444,287,1268,-528,633,456,-794,274,219,2571,-1115,-2376,2197,1415,279,-811,-1502,-611,-34,313,-1405,-49,-556,1120,718,-1048,510,909,194,-886,-666,-441,323,96,611,363,-991,197,-645
1166,-2308,268,279,850,-994,-478,300,-203,-471,367,55,986,-836,725,1014,-492,-342,2668,-646,-1137,-455,245,3251,-354,-1725,-1742,-212,-2,-1003,609,-611,-81,584,-728,3,171,-215,1439,-1003,-223,-257,500,-722,1301,-706,598,286,-427,-705,763,2264,-1890,-792,-298,152,-401,41,60,359,455,-537,-444,287,1268,-528,633,456,-794,274,219,2571,-1115,-2376,2197,1415,279,-811,-1502,-611,-34,313,-1405,-49,-556,1120,718,-1048,510,909,194,-886,-666,-441,323,96,611,363,-991,197,-645,83
1167,268,279,850,-994,-478,300,-203,-471,367,55,986,-836,725,1014,-492,-342,2668,-646,-1137,-455,245,3251,-354,-1725,-1742,-212,-2,-1003,609,-611,-81,584,-728,3,171,-215,1439,-1003,-223,-257,500,-722,1301,-706,598,286,-427,-705,763,2264,-1890,-792,-298,152,-401,41,60,359,455,-537,-444,287,1268,-528,633,456,-794,274,219,2571,-1115,-2376,2197,1415,279,-811,-1502,-611,-34,313,-1405,-49,-556,1120,718,-1048,510,909,194,-886,-666,-441,323,96,611,363,-991,197,-645,83,54
1168,279,850,-994,-478,300,-203,-471,367,55,986,-836,725,1014,-492,-342,2668,-646,-1137,-455,245,3251,-354,-1725,-1742,-212,-2,-1003,609,-611,-81,584,-728,3,171,-215,1439,-1003,-223,-257,500,-722,1301,-706,598,286,-427,-705,763,2264,-1890,-792,-298,152,-401,41,60,359,455,-537,-444,287,1268,-528,633,456,-794,274,219,2571,-1115,-2376,2197,1415,279,-811,-1502,-611,-34,313,-1405,-49,-556,1120,718,-1048,510,909,194,-886,-666,-441,323,96,611,363,-991,197,-645,83,54,2077
1169,850,-994,-478,300,-203,-471,367,55,986,-836,725,1014,-492,-342,2668,-646,-1137,-455,245,3251,-354,-1725,-1742,-212,-2,-1003,609,-611,-81,584,-728,3,171,-215,1439,-1003,-223,-257,500,-722,1301,-706,598,286,-427,-705,763,2264,-1890,-792,-298,152,-401,41,60,359,455,-537,-444,287,1268,-528,633,456,-794,274,219,2571,-1115,-2376,2197,1415,279,-811,-1502,-611,-34,313,-1405,-49,-556,1120,718,-1048,510,909,194,-886,-666,-441,323,96,611,363,-991,197,-645,83,54,2077,-781
1170,-994,-478,300,-203,-471,367,55,986,-836,725,1014,-492,-342,2668,-646,-1137,-455,245,3251,-354,-1725,-1742,-212,-2,-1003,609,-611,-81,584,-728,3,171,-215,1439,-1003,-223,-257,500,-722,1301,-706,598,286,-427,-705,763,2264,-1890,-792,-298,152,-401,41,60,359,455,-537,-444,287,1268,-528,633,456,-794,274,219,2571,-1115,-2376,2197,1415,279,-811,-1502,-611,-34,313,-1405,-49,-556,1120,718,-1048,510,909,194,-886,-666,-441,323,96,611,363,-991,197,-645,83,54,2077,-781,7
1171,-478,300,-203,-471,367,55,986,-836,725,1014,-492,-342,2668,-646,-1137,-455,245,3251,-354,-1725,-1742,-212,-2,-1003,609,-611,-81,584,-728,3,171,-215,1439,-1003,-223,-257,500,-722,1301,-706,598,286,-427,-705,763,2264,-1890,-792,-298,152,-401,41,60,359,455,-537,-444,287,1268,-528,633,456,-794,274,219,2571,-1115,-2376,2197,1415,279,-811,-1502,-611,-34,313,-1405,-49,-556,1120,718,-1048,510,909,194,-886,-666,-441,323,96,611,363,-991,197,-645,83,54,2077,-781,7,-468
1172,300,-203,-471,367,55,986,-836,725,1014,-492,-342,2668,-646,-1137,-455,245,3251,-354,-1725,-1742,-212,-2,-1003,609,-611,-81,584,-728,3,171,-215,1439,-1003,-223,-257,500,-722,1301,-706,598,286,-427,-705,763,2264,-1890,-792,-298,152,-401,41,60,359,455,-537,-444,287,1268,-528,633,456,-794,274,219,2571,-1115,-2376,2197,1415,279,-811,-1502,-611,-34,313,-1405,-49,-556,1120,718,-1048,510,909,194,-886,-666,-441,323,96,611,363,-991,197,-645,83,54,2077,-781,7,-468,-108
1173,-203,-471,367,55,986,-836,725,1014,-492,-342,2668,-646,-1137,-455,245,3251,-354,-1725,-1742,-212,-2,-1003,609,-611,-81,584,-728,3,171,-215,1439,-1003,-223,-257,500,-722,1301,-706,598,286,-427,-705,763,2264,-1890,-792,-298,152,-401,41,60,359,455,-537,-444,287,1268,-528,633,456,-794,274,219,2571,-1115,-2376,2197,1415,279,-811,-1502,-611,-34,313,-1405,-49,-556,1120,718,-1048,510,909,194,-886,-666,-441,323,96,611,363,-991,197,-645,83,54,2077,-781,7,-468,-108,-185
1174,-471,367,55,986,-836,725,1014,-492,-342,2668,-646,-1137,-455,245,3251,-354,-1725,-1742,-212,-2,-1003,609,-611,-81,584,-728,3,171,-215,1439,-1003,-223,-257,500,-722,1301,-706,598,286,-427,-705,763,2264,-1890,-792,-298,152,-401,41,60,359,455,-537,-444,287,1268,-528,633,456,-794,274,219,2571,-1115,-2376,2197,1415,279,-811,-1502,-611,-34,313,-1405,-49,-556,1120,718,-1048,510,909,194,-886,-666,-441,323,96,611,363,-991,197,-645,83,54,2077,-781,7,-468,-108,-185,-260
1175,367,55,986,-836,725,1014,-492,-342,2668,-646,-1137,-455,245,3251,-354,-1725,-1742,-212,-2,-1003,609,-611,-81,584,-728,3,171,-215,1439,-1003,-223,-257,500,-722,1301,-706,598,286,-427,-705,763,2264,-1890,-792,-298,152,-401,41,60,359,455,-537,-444,287,1268,-528,633,456,-794,274,219,2571,-1115,-2376,2197,1415,279,-811,-1502,-611,-34,313,-1405,-49,-556,1120,718,-1048,510,909,194,-886,-666,-441,323,96,611,363,-991,197,-645,83,54,2077,-781,7,-468,-108,-185,-260,8
1176,55,986,-836,725,1014,-492,-342,2668,-646,-1137,-455,245,3251,-354,-1725,-1742,-212,-2,-1003,609,-611,-81,584,-728,3,171,-215,1439,-1003,-223,-257,500,-722,1301,-706,598,286,-427,-705,763,2264,-1890,-792,-298,152,-401,41,60,359,455,-537,-444,287,1268,-528,633,456,-794,274,219,2571,-1115,-2376,2197,1415,279,-811,-1502,-611,-34,313,-1405,-49,-556,1120,718,-1048,510,909,194,-886,-666,-441,323,96,611,363,-991,197,-645,83,54,2077,-781,7,-468,-108,-185,-260,8,380
1177,986,-836,725,1014,-492,-342,2668,-646,-1137,-455,245,3251,-354,-1725,-1742,-212,-2,-1003,609,-611,-81,584,-728,3,171,-215,1439,-1003,-223,-257,500,-722,1301,-706,598,286,-427,-705,763,2264,-1890,-792,-298,152,-401,41,60,359,455,-537,-444,287,1268,-528,633,456,-794,274,219,2571,-1115,-2376,2197,1415,279,-811,-1502,-611,-34,313,-1405,-49,-556,1120,718,-1048,510,909,194,-886,-666,-441,323,96,611,363,-991,197,-645,83,54,2077,-781,7,-468,-108,-185,-260,8,380,164
1178,-836,725,1014,-492,-342,2668,-646,-1137,-455,245,3251,-354,-1725,-1742,-212,-2,-1003,609,-611,-81,584,-728,3,171,-215,1439,-1003,-223,-257,500,-722,1301,-706,598,286,-427,-705,763,2264,-1890,-792,-298,152,-401,41,60,359,455,-537,-444,287,1268,-528,633,456,-794,274,219,2571,-1115,-2376,2197,1415,279,-811,-1502,-611,-34,313,-1405,-49,-556,1120,718,-1048,510,909,194,-886,-666,-441,323,96,611,363,-991,197,-645,83,54,2077,-781,7,-468,-108,-185,-260,8,380,164,-550
1179,725,1014,-492,-342,2668,-646,-1137,-455,245,3251,-354,-1725,-1742,-212,-2,-1003,609,-611,-81,584,-728,3,171,-215,1439,-1003,-223,-257,500,-722,1301,-706,598,286,-427,-705,763,2264,-1890,-792,-298,152,-401,41,60,359,455,-537,-444,287,1268,-528,633,456,-794,274,219,2571,-1115,-2376,2197,1415,279,-811,-1502,-611,-34,313,-1405,-49,-556,1120,718,-1048,510,909,194,-886,-666,-441,323,96,611,363,-991,197,-645,83,54,2077,-781,7,-468,-108,-185,-260,8,380,164,-550,612
1180,1014,-492,-342,2668,-646,-1137,-455,245,3251,-354,-1725,-1742,-212,-2,-1003,609,-611,-81,584,-728,3,171,-215,1439,-1003,-223,-257,500,-722,1301,-706,598,286,-427,-705,763,2264,-1890,-792,-298,152,-401,41,60,359,455,-537,-444,287,1268,-528,633,456,-794,274,219,2571,-1115,-2376,2197,1415,279,-811,-1502,-611,-34,313,-1405,-49,-556,1120,718,-1048,510,909,194,-886,-666,-441,323,96,611,363,-991,197,-645,83,54,2077,-781,7,-468,-108,-185,-260,8,380,164,-550,612,-422
1181,-492,-342,2668,-646,-1137,-455,245,3251,-354,-1725,-1742,-212,-2,-1003,609,-611,-81,584,-728,3,171,-215,1439,-1003,-223,-257,500,-722,1301,-706,598,286,-427,-705,763,2264,-1890,-792,-298,152,-401,41,60,359,455,-537,-444,287,1268,-528,633,456,-794,274,219,2571,-1115,-2376,2197,1415,279,-811,-1502,-611,-34,313,-1405,-49,-556,1120,718,-1048,510,909,194,-886,-666,-441,323,96,611,363,-991,197,-645,83,54,2077,-781,7,-468,-108,-185,-260,8,380,164,-550,612,-422,2275
1182,-342,2668,-646,-1137,-455,245,3251,-354,-1725,-1742,-212,-2,-1003,609,-611,-81,584,-728,3,171,-215,1439,-1003,-223,-257,500,-722,1301,-706,598,286,-427,-705,763,2264,-1890,-792,-298,152,-401,41,60,359,455,-537,-444,287,1268,-528,633,456,-794,274,219,2571,-1115,-2376,2197,1415,279,-811,-1502,-611,-34,313,-1405,-49,-556,1120,718,-1048,510,909,194,-886,-666,-441,323,96,611,363,-991,197,-645,83,54,2077,-781,7,-468,-108,-185,-260,8,380,164,-550,612,-422,2275,514
1183,2668,-646,-1137,-455,245,3251,-354,-1725,-1742,-212,-2,-1003,609,-611,-81,584,-728,3,171,-215,1439,-1003,-223,-257,500,-722,1301,-706,598,286,-427,-705,763,2264,-1890,-792,-298,152,-401,41,60,359,455,-537,-444,287,1268,-528,633,456,-794,274,219,2571,-1115,-2376,2197,1415,279,-811,-1502,-611,-34,313,-1405,-49,-556,1120,718,-1048,510,909,194,-886,-666,-441,323,96,611,363,-991,197,-645,83,54,2077,-781,7,-468,-108,-185,-260,8,380,164,-550,612,-422,2275,514,-361
1184,-646,-1137,-455,245,3251,-354,-1725,-1742,-212,-2,-1003,609,-611,-81,584,-728,3,171,-215,1439,-1003,-223,-257,500,-722,1301,-706,598,286,-427,-705,763,2264,-1890,-792,-298,152,-401,41,60,359,455,-537,-444,287,1268,-528,633,456,-794,274,219,2571,-1115,-2376,2197,1415,279,-811,-1502,-611,-34,313,-1405,-49,-556,1120,718,-1048,510,909,194,-886,-666,-441,323,96,611,363,-991,197,-645,83,54,2077,-781,7,-468,-108,-185,-260,8,380,164,-550,612,-422,2275,514,-361,-1003
1185,-1137,-455,245,3251,-354,-1725,-1742,-212,-2,-1003,609,-611,-81,584,-728,3,171,-215,1439,-1003,-223,-257,500,-722,1301,-706,598,286,-427,-705,763,2264,-1890,-792,-298,152,-401,41,60,359,455,-537,-444,287,1268,-528,633,456,-794,274,219,2571,-1115,-2376,2197,1415,279,-811,-1502,-611,-34,313,-1405,-49,-556,1120,718,-1048,510,909,194,-886,-666,-441,323,96,611,363,-991,197,-645,83,54,2077,-781,7,-468,-108,-185,-260,8,380,164,-550,612,-422,2275,514,-361,-1003,1360
1186,-455,245,3251,-354,-1725,-1742,-212,-2,-1003,609,-611,-81,584,-728,3,171,-215,1439,-1003,-223,-257,500,-722,1301,-706,598,286,-427,-705,763,2264,-1890,-792,-298,152,-401,41,60,359,455,-537,-444,287,1268,-528,633,456,-794,274,219,2571,-1115,-2376,2197,1415,279,-811,-1502,-611,-34,313,-1405,-49,-556,1120,718,-1048,510,909,194,-886,-666,-441,323,96,611,363,-991,197,-645,83,54,2077,-781,7,-468,-108,-185,-260,8,380,164,-550,612,-422,2275,514,-361,-1003,1360,447
1187,245,3251,-354,-1725,-1742,-212,-2,-1003,609,-611,-81,584,-728,3,171,-215,1439,-1003,-223,-257,500,-722,1301,-706,598,286,-427,-705,763,2264,-1890,-792,-298,152,-401,41,60,359,455,-537,-444,287,1268,-528,633,456,-794,274,219,2571,-1115,-2376,2197,1415,279,-811,-1502,-611,-34,313,-1405,-49,-556,1120,718,-1048,510,909,194,-886,-666,-441,323,96,611,363,-991,197,-645,83,54,2077,-781,7,-468,-108,-185,-260,8,380,164,-550,612,-422,2275,514,-361,-1003,1360,447,-167
1188,3251,-354,-1725,-1742,-212,-2,-1003,609,-611,-81,584,-728,3,171,-215,1439,-1003,-223,-257,500,-722,1301,-706,598,286,-427,-705,763,2264,-1890,-792,-298,152,-401,41,60,359,455,-537,-444,287,1268,-528,633,456,-794,274,219,2571,-1115,-2376,2197,1415,279,-811,-1502,-611,-34,313,-1405,-49,-556,1120,718,-1048,510,909,194,-886,-666,-441,323,96,611,363,-991,197,-645,83,54,2077,-781,7,-468,-108,-185,-260,8,380,164,-550,612,-422,2275,514,-361,-1003,1360,447,-167,681
1189,-354,-1725,-1742,-212,-2,-1003,609,-611,-81,584,-728,3,171,-215,1439,-1003,-223,-257,500,-722,1301,-706,598,286,-427,-705,763,2264,-1890,-792,-298,152,-401,41,60,359,455,-537,-444,287,1268,-528,633,456,-794,274,219,2571,-1115,-2376,2197,1415,279,-811,-1502,-611,-34,313,-1405,-49,-556,1120,718,-1048,510,909,194,-886,-666,-441,323,96,611,363,-991,197,-645,83,54,2077,-781,7,-468,-108,-185,-260,8,380,164,-550,612,-422,2275,514,-361,-1003,1360,447,-167,681,1509
1190,-1725,-1742,-212,-2,-1003,609,-611,-81,584,-728,3,171,-215,1439,-1003,-223,-257,500,-722,1301,-706,598,286,-427,-705,763,2264,-1890,-792,-298,152,-401,41,60,359,455,-537,-444,287,1268,-528,633,456,-794,274,219,2571,-1115,-2376,2197,1415,279,-811,-1502,-611,-34,313,-1405,-49,-556,1120,718,-1048,510,909,194,-886,-666,-441,323,96,611,363,-991,197,-645,83,54,2077,-781,7,-468,-108,-185,-260,8,380,164,-550,612,-422,2275,514,-361,-1003,1360,447,-167,681,1509,-514
1191,-1742,-212,-2,-1003,609,-611,-81,584,-728,3,171,-215,1439,-1003,-223,-257,500,-722,1301,-706,598,286,-427,-705,763,2264,-1890,-792,-298,152,-401,41,60,359,455,-537,-444,287,1268,-528,633,456,-794,274,219,2571,-1115,-2376,2197,1415,279,-811,-1502,-611,-34,313,-1405,-49,-556,1120,718,-1048,510,909,194,-886,-666,-441,323,96,611,363,-991,197,-645,83,54,2077,-781,7,-468,-108,-185,-260,8,380,164,-550,612,-422,2275,514,-361,-1003,1360,447,-167,681,1509,-514,-1176
1192,-212,-2,-1003,609,-611,-81,584,-728,3,171,-215,1439,-1003,-223,-257,500,-722,1301,-706,598,286,-427,-705,763,2264,-1890,-792,-298,152,-401,41,60,359,455,-537,-444,287,1268,-528,633,456,-794,274,219,2571,-1115,-2376,2197,1415,279,-811,-1502,-611,-34,313,-1405,-49,-556,1120,718,-1048,510,909,194,-886,-666,-441,323,96,611,363,-991,197,-645,83,54,2077,-781,7,-468,-108,-185,-260,8,380,164,-550,612,-422,2275,514,-361,-1003,1360,447,-167,681,1509,-514,-1176,3204
1193,-2,-1003,609,-611,-81,584,-728,3,171,-215,1439,-1003,-223,-257,500,-722,1301,-706,598,286,-427,-705,763,2264,-1890,-792,-298,152,-401,41,60,359,455,-537,-444,287,1268,-528,633,456,-794,274,219,2571,-1115,-2376,2197,1415,279,-811,-1502,-611,-34,313,-1405,-49,-556,1120,718,-1048,510,909,194,-886,-666,-441,323,96,611,363,-991,197,-645,83,54,2077,-781,7,-468,-108,-185,-260,8,380,164,-550,612,-422,2275,514,-361,-1003,1360,447,-167,681,1509,-514,-1176,3204,-1797
1194,-1003,609,-611,-81,584,-728,3,171,-215,1439,-1003,-223,-257,500,-722,1301,-706,598,286,-427,-705,763,2264,-1890,-792,-298,152,-401,41,60,359,455,-537,-444,287,1268,-528,633,456,-794,274,219,2571,-1115,-2376,2197,1415,279,-811,-1502,-611,-34,313,-1405,-49,-556,1120,718,-1048,510,909,194,-886,-666,-441,323,96,611,363,-991,197,-645,83,54,2077,-781,7,-468,-108,-185,-260,8,380,164,-550,612,-422,2275,514,-361,-1003,1360,447,-167,681,1509,-514,-1176,3204,-1797,795
1195,609,-611,-81,584,-728,3,171,-215,1439,-1003,-223,-257,500,-722,1301,-706,598,286,-427,-705,763,2264,-1890,-792,-298,152,-401,41,60,359,455,-537,-444,287,1268,-528,633,456,-794,274,219,2571,-1115,-2376,2197,1415,279,-811,-1502,-611,-34,313,-1405,-49,-556,1120,718,-1048,510,909,194,-886,-666,-441,323,96,611,363,-991,197,-645,83,54,2077,-781,7,-468,-108,-185,-260,8,380,164,-550,612,-422,2275,514,-361,-1003,1360,447,-167,681,1509,-514,-1176,3204,-1797,795,44
1196,-611,-81,584,-728,3,171,-215,1439,-1003,-223,-257,500,-722,1301,-706,598,286,-427,-705,763,2264,-1890,-792,-298,152,-401,41,60,359,455,-537,-444,287,1268,-528,633,456,-794,274,219,2571,-1115,-2376,2197,1415,279,-811,-1502,-611,-34,313,-1405,-49,-556,1120,718,-1048,510,909,194,-886,-666,-441,323,96,611,363,-991,197,-645,83,54,2077,-781,7,-468,-108,-185,-260,8,380,164,-550,612,-422,2275,514,-361,-1003,1360,447,-167,681,1509,-514,-1176,3204,-1797,795,44,-1648
1197,-81,584,-728,3,171,-215,1439,-1003,-223,-257,500,-722,1301,-706,598,286,-427,-705,763,2264,-1890,-792,-298,152,-401,41,60,359,455,-537,-444,287,1268,-528,633,456,-794,274,219,2571,-1115,-2376,2197,1415,279,-811,-1502,-611,-34,313,-1405,-49,-556,1120,718,-1048,510,909,194,-886,-666,-441,323,96,611,363,-991,197,-645,83,54,2077,-781,7,-468,-108,-185,-260,8,380,164,-550,612,-422,2275,514,-361,-1003,1360,447,-167,681,1509,-514,-1176,3204,-1797,795,44,-1648,-2106
1198,584,-728,3,171,-215,1439,-1003,-223,-257,500,-722,1301,-706,598,286,-427,-705,763,2264,-1890,-792,-298,152,-401,41,60,359,455,-537,-444,287,1268,-528,633,456,-794,274,219,2571,-1115,-2376,2197,1415,279,-811,-1502,-611,-34,313,-1405,-49,-556,1120,718,-1048,510,909,194,-886,-666,-441,323,96,611,363,-991,197,-645,83,54,2077,-781,7,-468,-108,-185,-260,8,380,164,-550,612,-422,2275,514,-361,-1003,1360,447,-167,681,1509,-514,-1176,3204,-1797,795,44,-1648,-2106,2
1199,-728,3,171,-215,1439,-1003,-223,-257,500,-722,1301,-706,598,286,-427,-705,763,2264,-1890,-792,-298,152,-401,41,60,359,455,-537,-444,287,1268,-528,633,456,-794,274,219,2571,-1115,-2376,2197,1415,279,-811,-1502,-611,-34,313,-1405,-49,-556,1120,718,-1048,510,909,194,-886,-666,-441,323,96,611,363,-991,197,-645,83,54,2077,-781,7,-468,-108,-185,-260,8,380,164,-550,612,-422,2275,514,-361,-1003,1360,447,-167,681,1509,-514,-1176,3204,-1797,795,44,-1648,-2106,2,4142
1200,3,171,-215,1439,-1003,-223,-257,500,-722,1301,-706,598,286,-427,-705,763,2264,-1890,-792,-298,152,-401,41,60,359,455,-537,-444,287,1268,-528,633,456,-794,274,219,2571,-1115,-2376,2197,1415,279,-811,-1502,-611,-34,313,-1405,-49,-556,1120,718,-1048,510,909,194,-886,-666,-441,323,96,611,363,-991,197,-645,83,54,2077,-781,7,-468,-108,-185,-260,8,380,164,-550,612,-422,2275,514,-361,-1003,1360,447,-167,681,1509,-514,-1176,3204,-1797,795,44,-1648,-2106,2,4142,-3155
1201,171,-215,1439,-1003,-223,-257,500,-722,1301,-706,598,286,-427,-705,763,2264,-1890,-792,-298,152,-401,41,60,359,455,-537,-444,287,1268,-528,633,456,-794,274,219,2571,-1115,-2376,2197,1415,279,-811,-1502,-611,-34,313,-1405,-49,-556,1120,718,-1048,510,909,194,-886,-666,-441,323,96,611,363,-991,197,-645,83,54,2077,-781,7,-468,-108,-185,-260,8,380,164,-550,612,-422,2275,514,-361,-1003,1360,447,-167,681,1509,-514,-1176,3204,-1797,795,44,-1648,-2106,2,4142,-3155,-209
1202,-215,1439,-1003,-223,-257,500,-722,1301,-706,598,286,-427,-705,763,2264,-1890,-792,-298,152,-401,41,60,359,455,-537,-444,287,1268,-528,633,456,-794,274,219,2571,-1115,-2376,2197,1415,279,-811,-1502,-611,-34,313,-1405,-49,-556,1120,718,-1048,510,909,194,-886,-666,-441,323,96,611,363,-991,197,-645,83,54,2077,-781,7,-468,-108,-185,-260,8,380,164,-550,612,-422,2275,514,-361,-1003,1360,447,-167,681,1509,-514,-1176,3204,-1797,795,44,-1648,-2106,2,4142,-3155,-209,-167
1203,1439,-1003,-223,-257,500,-722,1301,-706,598,286,-427,-705,763,2264,-1890,-792,-298,152,-401,41,60,359,455,-537,-444,287,1268,-528,633,456,-794,274,219,2571,-1115,-2376,2197,1415,279,-811,-1502,-611,-34,313,-1405,-49,-556,1120,718,-1048,510,909,194,-886,-666,-441,323,96,611,363,-991,197,-645,83,54,2077,-781,7,-468,-108,-185,-260,8,380,164,-550,612,-422,2275,514,-361,-1003,1360,447,-167,681,1509,-514,-1176,3204,-1797,795,44,-1648,-2106,2,4142,-3155,-209,-167,-45
1204,-1003,-223,-257,500,-722,1301,-706,598,286,-427,-705,763,2264,-1890,-792,-298,152,-401,41,60,359,455,-537,-444,287,1268,-528,633,456,-794,274,219,2571,-1115,-2376,2197,1415,279,-811,-1502,-611,-34,313,-1405,-49,-556,1120,718,-1048,510,909,194,-886,-666,-441,323,96,611,363,-991,197,-645,83,54,2077,-781,7,-468,-108,-185,-260,8,380,164,-550,612,-422,2275,514,-361,-1003,1360,447,-167,681,1509,-514,-1176,3204,-1797,795,44,-1648,-2106,2,4142,-3155,-209,-167,-45,-5
1205,-223,-257,500,-722,1301,-706,598,286,-427,-705,763,2264,-1890,-792,-298,152,-401,41,60,359,455,-537,-444,287,1268,-528,633,456,-794,274,219,2571,-1115,-2376,2197,1415,279,-811,-1502,-611,-34,313,-1405,-49,-556,1120,718,-1048,510,909,194,-886,-666,-441,323,96,611,363,-991,197,-645,83,54,2077,-781,7,-468,-108,-185,-260,8,380,164,-550,612,-422,2275,514,-361,-1003,1360,447,-167,681,1509,-514,-1176,3204,-1797,795,44,-1648,-2106,2,4142,-3155,-209,-167,-45,-5,487
1206,-257,500,-722,1301,-706,598,286,-427,-705,763,2264,-1890,-792,-298,152,-401,41,60,359,455,-537,-444,287,1268,-528,633,456,-794,274,219,2571,-1115,-2376,2197,1415,279,-811,-1502,-611,-34,313,-1405,-49,-556,1120,718,-1048,510,909,194,-886,-666,-441,323,96,611,363,-991,197,-645,83,54,2077,-781,7,-468,-108,-185,-260,8,380,164,-550,612,-422,2275,514,-361,-1003,1360,447,-167,681,1509,-514,-1176,3204,-1797,795,44,-1648,-2106,2,4142,-3155,-209,-167,-45,-5,487,1942
1207,500,-722,1301,-706,598,286,-427,-705,763,2264,-1890,-792,-298,152,-401,41,60,359,455,-537,-444,287,1268,-528,633,456,-794,274,219,2571,-1115,-2376,2197,1415,279,-811,-1502,-611,-34,313,-1405,-49,-556,1120,718,-1048,510,909,194,-886,-666,-441,323,96,611,363,-991,197,-645,83,54,2077,-781,7,-468,-108,-185,-260,8,380,164,-550,612,-422,2275,514,-361,-1003,1360,447,-167,681,1509,-514,-1176,3204,-1797,795,44,-1648,-2106,2,4142,-3155,-209,-167,-45,-5,487,1942,-459
1208,-722,1301,-706,598,286,-427,-705,763,2264,-1890,-792,-298,152,-401,41,60,359,455,-537,-444,287,1268,-528,633,456,-794,274,219,2571,-1115,-2376,2197,1415,279,-811,-1502,-611,-34,313,-1405,-49,-556,1120,718,-1048,510,909,194,-886,-666,-441,323,96,611,363,-991,197,-645,83,54,2077,-781,7,-468,-108,-185,-260,8,380,164,-550,612,-422,2275,514,-361,-1003,1360,447,-167,681,1509,-514,-1176,3204,-1797,795,44,-1648,-2106,2,4142,-3155,-209,-167,-45,-5,487,1942,-459,69
1209,1301,-706,598,286,-427,-705,763,2264,-1890,-792,-298,152,-401,41,60,359,455,-537,-444,287,1268,-528,633,456,-794,274,219,2571,-1115,-2376,2197,1415,279,-811,-1502,-611,-34,313,-1405,-49,-556,1120,718,-1048,510,909,194,-886,-666,-441,323,96,611,363,-991,197,-645,83,54,2077,-781,7,-468,-108,-185,-260,8,380,164,-550,612,-422,2275,514,-361,-1003,1360,447,-167,681,1509,-514,-1176,3204,-1797,795,44,-1648,-2106,2,4142,-3155,-209,-167,-45,-5,487,1942,-459,69,-2003
1210,-706,598,286,-427,-705,763,2264,-1890,-792,-298,152,-401,41,60,359,455,-537,-444,287,1268,-528,633,456,-794,274,219,2571,-1115,-2376,2197,1415,279,-811,-1502,-611,-34,313,-1405,-49,-556,1120,718,-1048,510,909,194,-886,-666,-441,323,96,611,363,-991,197,-645,83,54,2077,-781,7,-468,-108,-185,-260,8,380,164,-550,612,-422,2275,514,-361,-1003,1360,447,-167,681,1509,-514,-1176,3204,-1797,795,44,-1648,-2106,2,4142,-3155,-209,-167,-45,-5,487,1942,-459,69,-2003,-143
1211,598,286,-427,-705,763,2264,-1890,-792,-298,152,-401,41,60,359,455,-537,-444,287,1268,-528,633,456,-794,274,219,2571,-1115,-2376,2197,1415,279,-811,-1502,-611,-34,313,-1405,-49,-556,1120,718,-1048,510,909,194,-886,-666,-441,323,96,611,363,-991,197,-645,83,54,2077,-781,7,-468,-108,-185,-260,8,380,164,-550,612,-422,2275,514,-361,-1003,1360,447,-167,681,1509,-514,-1176,3204,-1797,795,44,-1648,-2106,2,4142,-3155,-209,-167,-45,-5,487,1942,-459,69,-2003,-143,51
1212,286,-427,-705,763,2264,-1890,-792,-298,152,-401,41,60,359,455,-537,-444,287,1268,-528,633,456,-794,274,219,2571,-1115,-2376,2197,1415,279,-811,-1502,-611,-34,313,-1405,-49,-556,1120,718,-1048,510,909,194,-886,-666,-441,323,96,611,363,-991,197,-645,83,54,2077,-781,7,-468,-108,-185,-260,8,380,164,-550,612,-422,2275,514,-361,-1003,1360,447,-167,681,1509,-514,-1176,3204,-1797,795,44,-1648,-2106,2,4142,-3155,-209,-167,-45,-5,487,1942,-459,69,-2003,-143,51,687
1213,-427,-705,763,2264,-1890,-792,-298,152,-401,41,60,359,455,-537,-444,287,1268,-528,633,456,-794,274,219,2571,-1115,-2376,2197,1415,279,-811,-1502,-611,-34,313,-1405,-49,-556,1120,718,-1048,510,909,194,-886,-666,-441,323,96,611,363,-991,197,-645,83,54,2077,-781,7,-468,-108,-185,-260,8,380,164,-550,612,-422,2275,514,-361,-1003,1360,447,-167,681,1509,-514,-1176,3204,-1797,795,44,-1648,-2106,2,4142,-3155,-209,-167,-45,-5,487,1942,-459,69,-2003,-143,51,687,-124
1214,-705,763,2264,-1890,-792,-298,152,-401,41,60,359,455,-537,-444,287,1268,-528,633,456,-794,274,219,2571,-1115,-2376,2197,1415,279,-811,-1502,-611,-34,313,-1405,-49,-556,1120,718,-1048,510,909,194,-886,-666,-441,323,96,611,363,-991,197,-645,83,54,2077,-781,7,-468,-108,-185,-260,8,380,164,-550,612,-422,2275,514,-361,-1003,1360,447,-167,681,1509,-514,-1176,3204,-1797,795,44,-1648,-2106,2,4142,-3155,-209,-167,-45,-5,487,1942,-459,69,-2003,-143,51,687,-124,724
1215,763,2264,-1890,-792,-298,152,-401,41,60,359,455,-537,-444,287,1268,-528,633,456,-794,274,219,2571,-1115,-2376,2197,1415,279,-811,-1502,-611,-34,313,-1405,-49,-556,1120,718,-1048,510,909,194,-886,-666,-441,323,96,611,363,-991,197,-645,83,54,2077,-781,7,-468,-108,-185,-260,8,380,164,-550,612,-422,2275,514,-361,-1003,1360,447,-167,681,1509,-514,-1176,3204,-1797,795,44,-1648,-2106,2,4142,-3155,-209,-167,-45,-5,487,1942,-459,69,-2003,-143,51,687,-124,724,242
1216,2264,-1890,-792,-298,152,-401,41,60,359,455,-537,-444,287,1268,-528,633,456,-794,274,219,2571,-1115,-2376,2197,1415,279,-811,-1502,-611,-34,313,-1405,-49,-556,1120,718,-1048,510,909,194,-886,-666,-441,323,96,611,363,-991,197,-645,83,54,2077,-781,7,-468,-108,-185,-260,8,380,164,-550,612,-422,2275,514,-361,-1003,1360,447,-167,681,1509,-514,-1176,3204,-1797,795,44,-1648,-2106,2,4142,-3155,-209,-167,-45,-5,487,1942,-459,69,-2003,-143,51,687,-124,724,242,-1206
1217,-1890,-792,-298,152,-401,41,60,359,455,-537,-444,287,1268,-528,633,456,-794,274,219,2571,-1115,-2376,2197,1415,279,-811,-1502,-611,-34,313,-1405,-49,-556,1120,718,-1048,510,909,194,-886,-666,-441,323,96,611,363,-991,197,-645,83,54,2077,-781,7,-468,-108,-185,-260,8,380,164,-550,612,-422,2275,514,-361,-1003,1360,447,-167,681,1509,-514,-1176,3204,-1797,795,44,-1648,-2106,2,4142,-3155,-209,-167,-45,-5,487,1942,-459,69,-2003,-143,51,687,-124,724,242,-1206,-1255
1218,-792,-298,152,-401,41,60,359,455,-537,-444,287,1268,-528,633,456,-794,274,219,2571,-1115,-2376,2197,1415,279,-811,-1502,-611,-34,313,-1405,-49,-556,1120,718,-1048,510,909,194,-886,-666,-441,323,96,611,363,-991,197,-645,83,54,2077,-781,7,-468,-108,-185,-260,8,380,164,-550,612,-422,2275,514,-361,-1003,1360,447,-167,681,1509,-514,-1176,3204,-1797,795,44,-1648,-2106,2,4142,-3155,-209,-167,-45,-5,487,1942,-459,69,-2003,-143,51,687,-124,724,242,-1206,-1255,-76
1219,-298,152,-401,41,60,359,455,-537,-444,287,1268,-528,633,456,-794,274,219,2571,-1115,-2376,2197,1415,279,-811,-1502,-611,-34,313,-1405,-49,-556,1120,718,-1048,510,909,194,-886,-666,-441,323,96,611,363,-991,197,-645,83,54,2077,-781,7,-468,-108,-185,-260,8,380,164,-550,612,-422,2275,514,-361,-1003,1360,447,-167,681,1509,-514,-1176,3204,-1797,795,44,-1648,-2106,2,4142,-3155,-209,-167,-45,-5,487,1942,-459,69,-2003,-143,51,687,-124,724,242,-1206,-1255,-76,-382
1220,152,-401,41,60,359,455,-537,-444,287,1268,-528,633,456,-794,274,219,2571,-1115,-2376,2197,1415,279,-811,-1502,-611,-34,313,-1405,-49,-556,1120,718,-1048,510,909,194,-886,-666,-441,323,96,611,363,-991,197,-645,83,54,2077,-781,7,-468,-108,-185,-260,8,380,164,-550,612,-422,2275,514,-361,-1003,1360,447,-167,681,1509,-514,-1176,3204,-1797,795,44,-1648,-2106,2,4142,-3155,-209,-167,-45,-5,487,1942,-459,69,-2003,-143,51,687,-124,724,242,-1206,-1255,-76,-382,672
1221,-401,41,60,359,455,-537,-444,287,1268,-528,633,456,-794,274,219,2571,-1115,-2376,2197,1415,279,-811,-1502,-611,-34,313,-1405,-49,-556,1120,718,-1048,510,909,194,-886,-666,-441,323,96,611,363,-991,197,-645,83,54,2077,-781,7,-468,-108,-185,-260,8,380,164,-550,612,-422,2275,514,-361,-1003,1360,447,-167,681,1509,-514,-1176,3204,-1797,795,44,-1648,-2106,2,4142,-3155,-209,-167,-45,-5,487,1942,-459,69,-2003,-143,51,687,-124,724,242,-1206,-1255,-76,-382,672,4657
1222,41,60,359,455,-537,-444,287,1268,-528,633,456,-794,274,219,2571,-1115,-2376,2197,1415,279,-811,-1502,-611,-34,313,-1405,-49,-556,1120,718,-1048,510,909,194,-886,-666,-441,323,96,611,363,-991,197,-645,83,54,2077,-781,7,-468,-108,-185,-260,8,380,164,-550,612,-422,2275,514,-361,-1003,1360,447,-167,681,1509,-514,-1176,3204,-1797,795,44,-1648,-2106,2,4142,-3155,-209,-167,-45,-5,487,1942,-459,69,-2003,-143,51,687,-124,724,242,-1206,-1255,-76,-382,672,4657,-4547
1223,60,359,455,-537,-444,287,1268,-528,633,456,-794,274,219,2571,-1115,-2376,2197,1415,279,-811,-1502,-611,-34,313,-1405,-49,-556,1120,718,-1048,510,909,194,-886,-666,-441,323,96,611,363,-991,197,-645,83,54,2077,-781,7,-468,-108,-185,-260,8,380,164,-550,612,-422,2275,514,-361,-1003,1360,447,-167,681,1509,-514,-1176,3204,-1797,795,44,-1648,-2106,2,4142,-3155,-209,-167,-45,-5,487,1942,-459,69,-2003,-143,51,687,-124,724,242,-1206,-1255,-76,-382,672,4657,-4547,-49
1224,359,455,-537,-444,287,1268,-528,633,456,-794,274,219,2571,-1115,-2376,2197,1415,279,-811,-1502,-611,-34,313,-1405,-49,-556,1120,718,-1048,510,909,194,-886,-666,-441,323,96,611,363,-991,197,-645,83,54,2077,-781,7,-468,-108,-185,-260,8,380,164,-550,612,-422,2275,514,-361,-1003,1360,447,-167,681,1509,-514,-1176,3204,-1797,795,44,-1648,-2106,2,4142,-3155,-209,-167,-45,-5,487,1942,-459,69,-2003,-143,51,687,-124,724,242,-1206,-1255,-76,-382,672,4657,-4547,-49,-248
1225,455,-537,-444,287,1268,-528,633,456,-794,274,219,2571,-1115,-2376,2197,1415,279,-811,-1502,-611,-34,313,-1405,-49,-556,1120,718,-1048,510,909,194,-886,-666,-441,323,96,611,363,-991,197,-645,83,54,2077,-781,7,-468,-108,-185,-260,8,380,164,-550,612,-422,2275,514,-361,-1003,1360,447,-167,681,1509,-514,-1176,3204,-1797,795,44,-1648,-2106,2,4142,-3155,-209,-167,-45,-5,487,1942,-459,69,-2003,-143,51,687,-124,724,242,-1206,-1255,-76,-382,672,4657,-4547,-49,-248,39
1226,-537,-444,287,1268,-528,633,456,-794,274,219,2571,-1115,-2376,2197,1415,279,-811,-1502,-611,-34,313,-1405,-49,-556,1120,718,-1048,510,909,194,-886,-666,-441,323,96,611,363,-991,197,-645,83,54,2077,-781,7,-468,-108,-185,-260,8,380,164,-550,612,-422,2275,514,-361,-1003,1360,447,-167,681,1509,-514,-1176,3204,-1797,795,44,-1648,-2106,2,4142,-3155,-209,-167,-45,-5,487,1942,-459,69,-2003,-143,51,687,-124,724,242,-1206,-1255,-76,-382,672,4657,-4547,-49,-248,39,-769
1227,-444,287,1268,-528,633,456,-794,274,219,2571,-1115,-2376,2197,1415,279,-811,-1502,-611,-34,313,-1405,-49,-556,1120,718,-1048,510,909,194,-886,-666,-441,323,96,611,363,-991,197,-645,83,54,2077,-781,7,-468,-108,-185,-260,8,380,164,-550,612,-422,2275,514,-361,-1003,1360,447,-167,681,1509,-514,-1176,3204,-1797,795,44,-1648,-2106,2,4142,-3155,-209,-167,-45,-5,487,1942,-459,69,-2003,-143,51,687,-124,724,242,-1206,-1255,-76,-382,672,4657,-4547,-49,-248,39,-769,527
1228,287,1268,-528,633,456,-794,274,219,2571,-1115,-2376,2197,1415,279,-811,-1502,-611,-34,313,-1405,-49,-556,1120,718,-1048,510,909,194,-886,-666,-441,323,96,611,363,-991,197,-645,83,54,2077,-781,7,-468,-108,-185,-260,8,380,164,-550,612,-422,2275,514,-361,-1003,1360,447,-167,681,1509,-514,-1176,3204,-1797,795,44,-1648,-2106,2,4142,-3155,-209,-167,-45,-5,487,1942,-459,69,-2003,-143,51,687,-124,724,242,-1206,-1255,-76,-382,672,4657,-4547,-49,-248,39,-769,527,-471
1229,1268,-528,633,456,-794,274,219,2571,-1115,-2376,2197,1415,279,-811,-1502,-611,-34,313,-1405,-49,-556,1120,718,-1048,510,909,194,-886,-666,-441,323,96,611,363,-991,197,-645,83,54,2077,-781,7,-468,-108,-185,-260,8,380,164,-550,612,-422,2275,514,-361,-1003,1360,447,-167,681,1509,-514,-1176,3204,-1797,795,44,-1648,-2106,2,4142,-3155,-209,-167,-45,-5,487,1942,-459,69,-2003,-143,51,687,-124,724,242,-1206,-1255,-76,-382,672,4657,-4547,-49,-248,39,-769,527,-471,152
1230,-528,633,456,-794,274,219,2571,-1115,-2376,2197,1415,279,-811,-1502,-611,-34,313,-1405,-49,-556,1120,718,-1048,510,909,194,-886,-666,-441,323,96,611,363,-991,197,-645,83,54,2077,-781,7,-468,-108,-185,-260,8,380,164,-550,612,-422,2275,514,-361,-1003,1360,447,-167,681,1509,-514,-1176,3204,-1797,795,44,-1648,-2106,2,4142,-3155,-209,-167,-45,-5,487,1942,-459,69,-2003,-143,51,687,-124,724,242,-1206,-1255,-76,-382,672,4657,-4547,-49,-248,39,-769,527,-471,152,-218
1231,633,456,-794,274,219,2571,-1115,-2376,2197,1415,279,-811,-1502,-611,-34,313,-1405,-49,-556,1120,718,-1048,510,909,194,-886,-666,-441,323,96,611,363,-991,197,-645,83,54,2077,-781,7,-468,-108,-185,-260,8,380,164,-550,612,-422,2275,514,-361,-1003,1360,447,-167,681,1509,-514,-1176,3204,-1797,795,44,-1648,-2106,2,4142,-3155,-209,-167,-45,-5,487,1942,-459,69,-2003,-143,51,687,-124,724,242,-1206,-1255,-76,-382,672,4657,-4547,-49,-248,39,-769,527,-471,152,-218,1336
1232,456,-794,274,219,2571,-1115,-2376,2197,1415,279,-811,-1502,-611,-34,313,-1405,-49,-556,1120,718,-1048,510,909,194,-886,-666,-441,323,96,611,363,-991,197,-645,83,54,2077,-781,7,-468,-108,-185,-260,8,380,164,-550,612,-422,2275,514,-361,-1003,1360,447,-167,681,1509,-514,-1176,3204,-1797,795,44,-1648,-2106,2,4142,-3155,-209,-167,-45,-5,487,1942,-459,69,-2003,-143,51,687,-124,724,242,-1206,-1255,-76,-382,672,4657,-4547,-49,-248,39,-769,527,-471,152,-218,1336,-818
1233,-794,274,219,2571,-1115,-2376,2197,1415,279,-811,-1502,-611,-34,313,-1405,-49,-556,1120,718,-1048,510,909,194,-886,-666,-441,323,96,611,363,-991,197,-645,83,54,2077,-781,7,-468,-108,-185,-260,8,380,164,-550,612,-422,2275,514,-361,-1003,1360,447,-167,681,1509,-514,-1176,3204,-1797,795,44,-1648,-2106,2,4142,-3155,-209,-167,-45,-5,487,1942,-459,69,-2003,-143,51,687,-124,724,242,-1206,-1255,-76,-382,672,4657,-4547,-49,-248,39,-769,527,-471,152,-218,1336,-818,-589
1234,274,219,2571,-1115,-2376,2197,1415,279,-811,-1502,-611,-34,313,-1405,-49,-556,1120,718,-1048,510,909,194,-886,-666,-441,323,96,611,363,-991,197,-645,83,54,2077,-781,7,-468,-108,-185,-260,8,380,164,-550,612,-422,2275,514,-361,-1003,1360,447,-167,681,1509,-514,-1176,3204,-1797,795,44,-1648,-2106,2,4142,-3155,-209,-167,-45,-5,487,1942,-459,69,-2003,-143,51,687,-124,724,242,-1206,-1255,-76,-382,672,4657,-4547,-49,-248,39,-769,527,-471,152,-218,1336,-818,-589,4704
1235,219,2571,-1115,-2376,2197,1415,279,-811,-1502,-611,-34,313,-1405,-49,-556,1120,718,-1048,510,909,194,-886,-666,-441,323,96,611,363,-991,197,-645,83,54,2077,-781,7,-468,-108,-185,-260,8,380,164,-550,612,-422,2275,514,-361,-1003,1360,447,-167,681,1509,-514,-1176,3204,-1797,795,44,-1648,-2106,2,4142,-3155,-209,-167,-45,-5,487,1942,-459,69,-2003,-143,51,687,-124,724,242,-1206,-1255,-76,-382,672,4657,-4547,-49,-248,39,-769,527,-471,152,-218,1336,-818,-589,4704,-2504
1236,2571,-1115,-2376,2197,1415,279,-811,-1502,-611,-34,313,-1405,-49,-556,1120,718,-1048,510,909,194,-886,-666,-441,323,96,611,363,-991,197,-645,83,54,2077,-781,7,-468,-108,-185,-260,8,380,164,-550,612,-422,2275,514,-361,-1003,1360,447,-167,681,1509,-514,-1176,3204,-1797,795,44,-1648,-2106,2,4142,-3155,-209,-167,-45,-5,487,1942,-459,69,-2003,-143,51,687,-124,724,242,-1206,-1255,-76,-382,672,4657,-4547,-49,-248,39,-769,527,-471,152,-218,1336,-818,-589,4704,-2504,-409
1237,-1115,-2376,2197,1415,279,-811,-1502,-611,-34,313,-1405,-49,-556,1120,718,-1048,510,909,194,-886,-666,-441,323,96,611,363,-991,197,-645,83,54,2077,-781,7,-468,-108,-185,-260,8,380,164,-550,612,-422,2275,514,-361,-1003,1360,447,-167,681,1509,-514,-1176,3204,-1797,795,44,-1648,-2106,2,4142,-3155,-209,-167,-45,-5,487,1942,-459,69,-2003,-143,51,687,-124,724,242,-1206,-1255,-76,-382,672,4657,-4547,-49,-248,39,-769,527,-471,152,-218,1336,-818,-589,4704,-2504,-409,598
1238,-2376,2197,1415,279,-811,-1502,-611,-34,313,-1405,-49,-556,1120,718,-1048,510,909,194,-886,-666,-441,323,96,611,363,-991,197,-645,83,54,2077,-781,7,-468,-108,-185,-260,8,380,164,-550,612,-422,2275,514,-361,-1003,1360,447,-167,681,1509,-514,-1176,3204,-1797,795,44,-1648,-2106,2,4142,-3155,-209,-167,-45,-5,487,1942,-459,69,-2003,-143,51,687,-124,724,242,-1206,-1255,-76,-382,672,4657,-4547,-49,-248,39,-769,527,-471,152,-218,1336,-818,-589,4704,-2504,-409,598,-734
1239,2197,1415,279,-811,-1502,-611,-34,313,-1405,-49,-556,1120,718,-1048,510,909,194,-886,-666,-441,323,96,611,363,-991,197,-645,83,54,2077,-781,7,-468,-108,-185,-260,8,380,164,-550,612,-422,2275,514,-361,-1003,1360,447,-167,681,1509,-514,-1176,3204,-1797,795,44,-1648,-2106,2,4142,-3155,-209,-167,-45,-5,487,1942,-459,69,-2003,-143,51,687,-124,724,242,-1206,-1255,-76,-382,672,4657,-4547,-49,-248,39,-769,527,-471,152,-218,1336,-818,-589,4704,-2504,-409,598,-734,-1568
1240,1415,279,-811,-1502,-611,-34,313,-1405,-49,-556,1120,718,-1048,510,909,194,-886,-666,-441,323,96,611,363,-991,197,-645,83,54,2077,-781,7,-468,-108,-185,-260,8,380,164,-550,612,-422,2275,514,-361,-1003,1360,447,-167,681,1509,-514,-1176,3204,-1797,795,44,-1648,-2106,2,4142,-3155,-209,-167,-45,-5,487,1942,-459,69,-2003,-143,51,687,-124,724,242,-1206,-1255,-76,-382,672,4657,-4547,-49,-248,39,-769,527,-471,152,-218,1336,-818,-589,4704,-2504,-409,598,-734,-1568,1965
1241,279,-811,-1502,-611,-34,313,-1405,-49,-556,1120,718,-1048,510,909,194,-886,-666,-441,323,96,611,363,-991,197,-645,83,54,2077,-781,7,-468,-108,-185,-260,8,380,164,-550,612,-422,2275,514,-361,-1003,1360,447,-167,681,1509,-514,-1176,3204,-1797,795,44,-1648,-2106,2,4142,-3155,-209,-167,-45,-5,487,1942,-459,69,-2003,-143,51,687,-124,724,242,-1206,-1255,-76,-382,672,4657,-4547,-49,-248,39,-769,527,-471,152,-218,1336,-818,-589,4704,-2504,-409,598,-734,-1568,1965,1063
1242,-811,-1502,-611,-34,313,-1405,-49,-556,1120,718,-1048,510,909,194,-886,-666,-441,323,96,611,363,-991,197,-645,83,54,2077,-781,7,-468,-108,-185,-260,8,380,164,-550,612,-422,2275,514,-361,-1003,1360,447,-167,681,1509,-514,-1176,3204,-1797,795,44,-1648,-2106,2,4142,-3155,-209,-167,-45,-5,487,1942,-459,69,-2003,-143,51,687,-124,724,242,-1206,-1255,-76,-382,672,4657,-4547,-49,-248,39,-769,527,-471,152,-218,1336,-818,-589,4704,-2504,-409,598,-734,-1568,1965,1063,-341
1243,-1502,-611,-34,313,-1405,-49,-556,1120,718,-1048,510,909,194,-886,-666,-441,323,96,611,363,-991,197,-645,83,54,2077,-781,7,-468,-108,-185,-260,8,380,164,-550,612,-422,2275,514,-361,-1003,1360,447,-167,681,1509,-514,-1176,3204,-1797,795,44,-1648,-2106,2,4142,-3155,-209,-167,-45,-5,487,1942,-459,69,-2003,-143,51,687,-124,724,242,-1206,-1255,-76,-382,672,4657,-4547,-49,-248,39,-769,527,-471,152,-218,1336,-818,-589,4704,-2504,-409,598,-734,-1568,1965,1063,-341,-1691
1244,-611,-34,313,-1405,-49,-556,1120,718,-1048,510,909,194,-886,-666,-441,323,96,611,363,-991,197,-645,83,54,2077,-781,7,-468,-108,-185,-260,8,380,164,-550,612,-422,2275,514,-361,-1003,1360,447,-167,681,1509,-514,-1176,3204,-1797,795,44,-1648,-2106,2,4142,-3155,-209,-167,-45,-5,487,1942,-459,69,-2003,-143,51,687,-124,724,242,-1206,-1255,-76,-382,672,4657,-4547,-49,-248,39,-769,527,-471,152,-218,1336,-818,-589,4704,-2504,-409,598,-734,-1568,1965,1063,-341,-1691,-420
1245,-34,313,-1405,-49,-556,1120,718,-1048,510,909,194,-886,-666,-441,323,96,611,363,-991,197,-645,83,54,2077,-781,7,-468,-108,-185,-260,8,380,164,-550,612,-422,2275,514,-361,-1003,1360,447,-167,681,1509,-514,-1176,3204,-1797,795,44,-1648,-2106,2,4142,-3155,-209,-167,-45,-5,487,1942,-459,69,-2003,-143,51,687,-124,724,242,-1206,-1255,-76,-382,672,4657,-4547,-49,-248,39,-769,527,-471,152,-218,1336,-818,-589,4704,-2504,-409,598,-734,-1568,1965,1063,-341,-1691,-420,1638
1246,313,-1405,-49,-556,1120,718,-1048,510,909,194,-886,-666,-441,323,96,611,363,-991,197,-645,83,54,2077,-781,7,-468,-108,-185,-260,8,380,164,-550,612,-422,2275,514,-361,-1003,1360,447,-167,681,1509,-514,-1176,3204,-1797,795,44,-1648,-2106,2,4142,-3155,-209,-167,-45,-5,487,1942,-459,69,-2003,-143,51,687,-124,724,242,-1206,-1255,-76,-382,672,4657,-4547,-49,-248,39,-769,527,-471,152,-218,1336,-818,-589,4704,-2504,-409,598,-734,-1568,1965,1063,-341,-1691,-420,1638,1779
1247,-1405,-49,-556,1120,718,-1048,510,909,194,-886,-666,-441,323,96,611,363,-991,197,-645,83,54,2077,-781,7,-468,-108,-185,-260,8,380,164,-550,612,-422,2275,514,-361,-1003,1360,447,-167,681,1509,-514,-1176,3204,-1797,795,44,-1648,-2106,2,4142,-3155,-209,-167,-45,-5,487,1942,-459,69,-2003,-143,51,687,-124,724,242,-1206,-1255,-76,-382,672,4657,-4547,-49,-248,39,-769,527,-471,152,-218,1336,-818,-589,4704,-2504,-409,598,-734,-1568,1965,1063,-341,-1691,-420,1638,1779,-35
1248,-49,-556,1120,718,-1048,510,909,194,-886,-666,-441,323,96,611,363,-991,197,-645,83,54,2077,-781,7,-468,-108,-185,-260,8,380,164,-550,612,-422,2275,514,-361,-1003,1360,447,-167,681,1509,-514,-1176,3204,-1797,795,44,-1648,-2106,2,4142,-3155,-209,-167,-45,-5,487,1942,-459,69,-2003,-143,51,687,-124,724,242,-1206,-1255,-76,-382,672,4657,-4547,-49,-248,39,-769,527,-471,152,-218,1336,-818,-589,4704,-2504,-409,598,-734,-1568,1965,1063,-341,-1691,-420,1638,1779,-35,-2148
1249,-556,1120,718,-1048,510,909,194,-886,-666,-441,323,96,611,363,-991,197,-645,83,54,2077,-781,7,-468,-108,-185,-260,8,380,164,-550,612,-422,2275,514,-361,-1003,1360,447,-167,681,1509,-514,-1176,3204,-1797,795,44,-1648,-2106,2,4142,-3155,-209,-167,-45,-5,487,1942,-459,69,-2003,-143,51,687,-124,724,242,-1206,-1255,-76,-382,672,4657,-4547,-49,-248,39,-769,527,-471,152,-218,1336,-818,-589,4704,-2504,-409,598,-734,-1568,1965,1063,-341,-1691,-420,1638,1779,-35,-2148,-1898
1250,1120,718,-1048,510,909,194,-886,-666,-441,323,96,611,363,-991,197,-645,83,54,2077,-781,7,-468,-108,-185,-260,8,380,164,-550,612,-422,2275,514,-361,-1003,1360,447,-167,681,1509,-514,-1176,3204,-1797,795,44,-1648,-2106,2,4142,-3155,-209,-167,-45,-5,487,1942,-459,69,-2003,-143,51,687,-124,724,242,-1206,-1255,-76,-382,672,4657,-4547,-49,-248,39,-769,527,-471,152,-218,1336,-818,-589,4704,-2504,-409,598,-734,-1568,1965,1063,-341,-1691,-420,1638,1779,-35,-2148,-1898,-11
1251,718,-1048,510,909,194,-886,-666,-441,323,96,611,363,-991,197,-645,83,54,2077,-781,7,-468,-108,-185,-260,8,380,164,-550,612,-422,2275,514,-361,-1003,1360,447,-167,681,1509,-514,-1176,3204,-1797,795,44,-1648,-2106,2,4142,-3155,-209,-167,-45,-5,487,1942,-459,69,-2003,-143,51,687,-124,724,242,-1206,-1255,-76,-382,672,4657,-4547,-49,-248,39,-769,527,-471,152,-218,1336,-818,-589,4704,-2504,-409,598,-734,-1568,1965,1063,-341,-1691,-420,1638,1779,-35,-2148,-1898,-11,1334
1252,-1048,510,909,194,-886,-666,-441,323,96,611,363,-991,197,-645,83,54,2077,-781,7,-468,-108,-185,-260,8,380,164,-550,612,-422,2275,514,-361,-1003,1360,447,-167,681,1509,-514,-1176,3204,-1797,795,44,-1648,-2106,2,4142,-3155,-209,-167,-45,-5,487,1942,-459,69,-2003,-143,51,687,-124,724,242,-1206,-1255,-76,-382,672,4657,-4547,-49,-248,39,-769,527,-471,152,-218,1336,-818,-589,4704,-2504,-409,598,-734,-1568,1965,1063,-341,-1691,-420,1638,1779,-35,-2148,-1898,-11,1334,-36
1253,510,909,194,-886,-666,-441,323,96,611,363,-991,197,-645,83,54,2077,-781,7,-468,-108,-185,-260,8,380,164,-550,612,-422,2275,514,-361,-1003,1360,447,-167,681,1509,-514,-1176,3204,-1797,795,44,-1648,-2106,2,4142,-3155,-209,-167,-45,-5,487,1942,-459,69,-2003,-143,51,687,-124,724,242,-1206,-1255,-76,-382,672,4657,-4547,-49,-248,39,-769,527,-471,152,-218,1336,-818,-589,4704,-2504,-409,598,-734,-1568,1965,1063,-341,-1691,-420,1638,1779,-35,-2148,-1898,-11,1334,-36,-1501
1254,909,194,-886,-666,-441,323,96,611,363,-991,197,-645,83,54,2077,-781,7,-468,-108,-185,-260,8,380,164,-550,612,-422,2275,514,-361,-1003,1360,447,-167,681,1509,-514,-1176,3204,-1797,795,44,-1648,-2106,2,4142,-3155,-209,-167,-45,-5,487,1942,-459,69,-2003,-143,51,687,-124,724,242,-1206,-1255,-76,-382,672,4657,-4547,-49,-248,39,-769,527,-471,152,-218,1336,-818,-589,4704,-2504,-409,598,-734,-1568,1965,1063,-341,-1691,-420,1638,1779,-35,-2148,-1898,-11,1334,-36,-1501,371
1255,194,-886,-666,-441,323,96,611,363,-991,197,-645,83,54,2077,-781,7,-468,-108,-185,-260,8,380,164,-550,612,-422,2275,514,-361,-1003,1360,447,-167,681,1509,-514,-1176,3204,-1797,795,44,-1648,-2106,2,4142,-3155,-209,-167,-45,-5,487,1942,-459,69,-2003,-143,51,687,-124,724,242,-1206,-1255,-76,-382,672,4657,-4547,-49,-248,39,-769,527,-471,152,-218,1336,-818,-589,4704,-2504,-409,598,-734,-1568,1965,1063,-341,-1691,-420,1638,1779,-35,-2148,-1898,-11,1334,-36,-1501,371,-614
1256,-886,-666,-441,323,96,611,363,-991,197,-645,83,54,2077,-781,7,-468,-108,-185,-260,8,380,164,-550,612,-422,2275,514,-361,-1003,1360,447,-167,681,1509,-514,-1176,3204,-1797,795,44,-1648,-2106,2,4142,-3155,-209,-167,-45,-5,487,1942,-459,69,-2003,-143,51,687,-124,724,242,-1206,-1255,-76,-382,672,4657,-4547,-49,-248,39,-769,527,-471,152,-218,1336,-818,-589,4704,-2504,-409,598,-734,-1568,1965,1063,-341,-1691,-420,1638,1779,-35,-2148,-1898,-11,1334,-36,-1501,371,-614,-139
1257,-666,-441,323,96,611,363,-991,197,-645,83,54,2077,-781,7,-468,-108,-185,-260,8,380,164,-550,612,-422,2275,514,-361,-1003,1360,447,-167,681,1509,-514,-1176,3204,-1797,795,44,-1648,-2106,2,4142,-3155,-209,-167,-45,-5,487,1942,-459,69,-2003,-143,51,687,-124,724,242,-1206,-1255,-76,-382,672,4657,-4547,-49,-248,39,-769,527,-471,152,-218,1336,-818,-589,4704,-2504,-409,598,-734,-1568,1965,1063,-341,-1691,-420,1638,1779,-35,-2148,-1898,-11,1334,-36,-1501,371,-614,-139,-110
1258,-441,323,96,611,363,-991,197,-645,83,54,2077,-781,7,-468,-108,-185,-260,8,380,164,-550,612,-422,2275,514,-361,-1003,1360,447,-167,681,1509,-514,-1176,3204,-1797,795,44,-1648,-2106,2,4142,-3155,-209,-167,-45,-5,487,1942,-459,69,-2003,-143,51,687,-124,724,242,-1206,-1255,-76,-382,672,4657,-4547,-49,-248,39,-769,527,-471,152,-218,1336,-818,-589,4704,-2504,-409,598,-734,-1568,1965,1063,-341,-1691,-420,1638,1779,-35,-2148,-1898,-11,1334,-36,-1501,371,-614,-139,-110,401
1259,323,96,611,363,-991,197,-645,83,54,2077,-781,7,-468,-108,-185,-260,8,380,164,-550,612,-422,2275,514,-361,-1003,1360,447,-167,681,1509,-514,-1176,3204,-1797,795,44,-1648,-2106,2,4142,-3155,-209,-167,-45,-5,487,1942,-459,69,-2003,-143,51,687,-124,724,242,-1206,-1255,-76,-382,672,4657,-4547,-49,-248,39,-769,527,-471,152,-218,1336,-818,-589,4704,-2504,-409,598,-734,-1568,1965,1063,-341,-1691,-420,1638,1779,-35,-2148,-1898,-11,1334,-36,-1501,371,-614,-139,-110,401,-517
1260,96,611,363,-991,197,-645,83,54,2077,-781,7,-468,-108,-185,-260,8,380,164,-550,612,-422,2275,514,-361,-1003,1360,447,-167,681,1509,-514,-1176,3204,-1797,795,44,-1648,-2106,2,4142,-3155,-209,-167,-45,-5,487,1942,-459,69,-2003,-143,51,687,-124,724,242,-1206,-1255,-76,-382,672,4657,-4547,-49,-248,39,-769,527,-471,152,-218,1336,-818,-589,4704,-2504,-409,598,-734,-1568,1965,1063,-341,-1691,-420,1638,1779,-35,-2148,-1898,-11,1334,-36,-1501,371,-614,-139,-110,401,-517,2177
1261,611,363,-991,197,-645,83,54,2077,-781,7,-468,-108,-185,-260,8,380,164,-550,612,-422,2275,514,-361,-1003,1360,447,-167,681,1509,-514,-1176,3204,-1797,795,44,-1648,-2106,2,4142,-3155,-209,-167,-45,-5,487,1942,-459,69,-2003,-143,51,687,-124,724,242,-1206,-1255,-76,-382,672,4657,-4547,-49,-248,39,-769,527,-471,152,-218,1336,-818,-589,4704,-2504,-409,598,-734,-1568,1965,1063,-341,-1691,-420,1638,1779,-35,-2148,-1898,-11,1334,-36,-1501,371,-614,-139,-110,401,-517,2177,-1442
1262,363,-991,197,-645,83,54,2077,-781,7,-468,-108,-185,-260,8,380,164,-550,612,-422,2275,514,-361,-1003,1360,447,-167,681,1509,-514,-1176,3204,-1797,795,44,-1648,-2106,2,4142,-3155,-209,-167,-45,-5,487,1942,-459,69,-2003,-143,51,687,-124,724,242,-1206,-1255,-76,-382,672,4657,-4547,-49,-248,39,-769,527,-471,152,-218,1336,-818,-589,4704,-2504,-409,598,-734,-1568,1965,1063,-341,-1691,-420,1638,1779,-35,-2148,-1898,-11,1334,-36,-1501,371,-614,-139,-110,401,-517,2177,-1442,-310
1263,-991,197,-645,83,54,2077,-781,7,-468,-108,-185,-260,8,380,164,-550,612,-422,2275,514,-361,-1003,1360,447,-167,681,1509,-514,-1176,3204,-1797,795,44,-1648,-2106,2,4142,-3155,-209,-167,-45,-5,487,1942,-459,69,-2003,-143,51,687,-124,724,242,-1206,-1255,-76,-382,672,4657,-4547,-49,-248,39,-769,527,-471,152,-218,1336,-818,-589,4704,-2504,-409,598,-734,-1568,1965,1063,-341,-1691,-420,1638,1779,-35,-2148,-1898,-11,1334,-36,-1501,371,-614,-139,-110,401,-517,2177,-1442,-310,-473
1264,197,-645,83,54,2077,-781,7,-468,-108,-185,-260,8,380,164,-550,612,-422,2275,514,-361,-1003,1360,447,-167,681,1509,-514,-1176,3204,-1797,795,44,-1648,-2106,2,4142,-3155,-209,-167,-45,-5,487,1942,-459,69,-2003,-143,51,687,-124,724,242,-1206,-1255,-76,-382,672,4657,-4547,-49,-248,39,-769,527,-471,152,-218,1336,-818,-589,4704,-2504,-409,598,-734,-1568,1965,1063,-341,-1691,-420,1638,1779,-35,-2148,-1898,-11,1334,-36,-1501,371,-614,-139,-110,401,-517,2177,-1442,-310,-473,8
1265,-645,83,54,2077,-781,7,-468,-108,-185,-260,8,380,164,-550,612,-422,2275,514,-361,-1003,1360,447,-167,681,1509,-514,-1176,3204,-1797,795,44,-1648,-2106,2,4142,-3155,-209,-167,-45,-5,487,1942,-459,69,-2003,-143,51,687,-124,724,242,-1206,-1255,-76,-382,672,4657,-4547,-49,-248,39,-769,527,-471,152,-218,1336,-818,-589,4704,-2504,-409,598,-734,-1568,1965,1063,-341,-1691,-420,1638,1779,-35,-2148,-1898,-11,1334,-36,-1501,371,-614,-139,-110,401,-517,2177,-1442,-310,-473,8,849
1266,83,54,2077,-781,7,-468,-108,-185,-260,8,380,164,-550,612,-422,2275,514,-361,-1003,1360,447,-167,681,1509,-514,-1176,3204,-1797,795,44,-1648,-2106,2,4142,-3155,-209,-167,-45,-5,487,1942,-459,69,-2003,-143,51,687,-124,724,242,-1206,-1255,-76,-382,672,4657,-4547,-49,-248,39,-769,527,-471,152,-218,1336,-818,-589,4704,-2504,-409,598,-734,-1568,1965,1063,-341,-1691,-420,1638,1779,-35,-2148,-1898,-11,1334,-36,-1501,371,-614,-139,-110,401,-517,2177,-1442,-310,-473,8,849,-429
1267,54,2077,-781,7,-468,-108,-185,-260,8,380,164,-550,612,-422,2275,514,-361,-1003,1360,447,-167,681,1509,-514,-1176,3204,-1797,795,44,-1648,-2106,2,4142,-3155,-209,-167,-45,-5,487,1942,-459,69,-2003,-143,51,687,-124,724,242,-1206,-1255,-76,-382,672,4657,-4547,-49,-248,39,-769,527,-471,152,-218,1336,-818,-589,4704,-2504,-409,598,-734,-1568,1965,1063,-341,-1691,-420,1638,1779,-35,-2148,-1898,-11,1334,-36,-1501,371,-614,-139,-110,401,-517,2177,-1442,-310,-473,8,849,-429,331
1268,2077,-781,7,-468,-108,-185,-260,8,380,164,-550,612,-422,2275,514,-361,-1003,1360,447,-167,681,1509,-514,-1176,3204,-1797,795,44,-1648,-2106,2,4142,-3155,-209,-167,-45,-5,487,1942,-459,69,-2003,-143,51,687,-124,724,242,-1206,-1255,-76,-382,672,4657,-4547,-49,-248,39,-769,527,-471,152,-218,1336,-818,-589,4704,-2504,-409,598,-734,-1568,1965,1063,-341,-1691,-420,1638,1779,-35,-2148,-1898,-11,1334,-36,-1501,371,-614,-139,-110,401,-517,2177,-1442,-310,-473,8,849,-429,331,-33
1269,-781,7,-468,-108,-185,-260,8,380,164,-550,612,-422,2275,514,-361,-1003,1360,447,-167,681,1509,-514,-1176,3204,-1797,795,44,-1648,-2106,2,4142,-3155,-209,-167,-45,-5,487,1942,-459,69,-2003,-143,51,687,-124,724,242,-1206,-1255,-76,-382,672,4657,-4547,-49,-248,39,-769,527,-471,152,-218,1336,-818,-589,4704,-2504,-409,598,-734,-1568,1965,1063,-341,-1691,-420,1638,1779,-35,-2148,-1898,-11,1334,-36,-1501,371,-614,-139,-110,401,-517,2177,-1442,-310,-473,8,849,-429,331,-33,-48
1270,7,-468,-108,-185,-260,8,380,164,-550,612,-422,2275,514,-361,-1003,1360,447,-167,681,1509,-514,-1176,3204,-1797,795,44,-1648,-2106,2,4142,-3155,-209,-167,-45,-5,487,1942,-459,69,-2003,-143,51,687,-124,724,242,-1206,-1255,-76,-382,672,4657,-4547,-49,-248,39,-769,527,-471,152,-218,1336,-818,-589,4704,-2504,-409,598,-734,-1568,1965,1063,-341,-1691,-420,1638,1779,-35,-2148,-1898,-11,1334,-36,-1501,371,-614,-139,-110,401,-517,2177,-1442,-310,-473,8,849,-429,331,-33,-48,-773
1271,-468,-108,-185,-260,8,380,164,-550,612,-422,2275,514,-361,-1003,1360,447,-167,681,1509,-514,-1176,3204,-1797,795,44,-1648,-2106,2,4142,-3155,-209,-167,-45,-5,487,1942,-459,69,-2003,-143,51,687,-124,724,242,-1206,-1255,-76,-382,672,4657,-4547,-49,-248,39,-769,527,-471,152,-218,1336,-818,-589,4704,-2504,-409,598,-734,-1568,1965,1063,-341,-1691,-420,1638,1779,-35,-2148,-1898,-11,1334,-36,-1501,371,-614,-139,-110,401,-517,2177,-1442,-310,-473,8,849,-429,331,-33,-48,-773,17
1272,-108,-185,-260,8,380,164,-550,612,-422,2275,514,-361,-1003,1360,447,-167,681,1509,-514,-1176,3204,-1797,795,44,-1648,-2106,2,4142,-3155,-209,-167,-45,-5,487,1942,-459,69,-2003,-143,51,687,-124,724,242,-1206,-1255,-76,-382,672,4657,-4547,-49,-248,39,-769,527,-471,152,-218,1336,-818,-589,4704,-2504,-409,598,-734,-1568,1965,1063,-341,-1691,-420,1638,1779,-35,-2148,-1898,-11,1334,-36,-1501,371,-614,-139,-110,401,-517,2177,-1442,-310,-473,8,849,-429,331,-33,-48,-773,17,346
1273,-185,-260,8,380,164,-550,612,-422,2275,514,-361,-1003,1360,447,-167,681,1509,-514,-1176,3204,-1797,795,44,-1648,-2106,2,4142,-3155,-209,-167,-45,-5,487,1942,-459,69,-2003,-143,51,687,-124,724,242,-1206,-1255,-76,-382,672,4657,-4547,-49,-248,39,-769,527,-471,152,-218,1336,-818,-589,4704,-2504,-409,598,-734,-1568,1965,1063,-341,-1691,-420,1638,1779,-35,-2148,-1898,-11,1334,-36,-1501,371,-614,-139,-110,401,-517,2177,-1442,-310,-473,8,849,-429,331,-33,-48,-773,17,346,1513
1274,-260,8,380,164,-550,612,-422,2275,514,-361,-1003,1360,447,-167,681,1509,-514,-1176,3204,-1797,795,44,-1648,-2106,2,4142,-3155,-209,-167,-45,-5,487,1942,-459,69,-2003,-143,51,687,-124,724,242,-1206,-1255,-76,-382,672,4657,-4547,-49,-248,39,-769,527,-471,152,-218,1336,-818,-589,4704,-2504,-409,598,-734,-1568,1965,1063,-341,-1691,-420,1638,1779,-35,-2148,-1898,-11,1334,-36,-1501,371,-614,-139,-110,401,-517,2177,-1442,-310,-473,8,849,-429,331,-33,-48,-773,17,346,1513,-749
1275,8,380,164,-550,612,-422,2275,514,-361,-1003,1360,447,-167,681,1509,-514,-1176,3204,-1797,795,44,-1648,-2106,2,4142,-3155,-209,-167,-45,-5,487,1942,-459,69,-2003,-143,51,687,-124,724,242,-1206,-1255,-76,-382,672,4657,-4547,-49,-248,39,-769,527,-471,152,-218,1336,-818,-589,4704,-2504,-409,598,-734,-1568,1965,1063,-341,-1691,-420,1638,1779,-35,-2148,-1898,-11,1334,-36,-1501,371,-614,-139,-110,401,-517,2177,-1442,-310,-473,8,849,-429,331,-33,-48,-773,17,346,1513,-749,-876
1276,380,164,-550,612,-422,2275,514,-361,-1003,1360,447,-167,681,1509,-514,-1176,3204,-1797,795,44,-1648,-2106,2,4142,-3155,-209,-167,-45,-5,487,1942,-459,69,-2003,-143,51,687,-124,724,242,-1206,-1255,-76,-382,672,4657,-4547,-49,-248,39,-769,527,-471,152,-218,1336,-818,-589,4704,-2504,-409,598,-734,-1568,1965,1063,-341,-1691,-420,1638,1779,-35,-2148,-1898,-11,1334,-36,-1501,371,-614,-139,-110,401,-517,2177,-1442,-310,-473,8,849,-429,331,-33,-48,-773,17,346,1513,-749,-876,212
1277,164,-550,612,-422,2275,514,-361,-1003,1360,447,-167,681,1509,-514,-1176,3204,-1797,795,44,-1648,-2106,2,4142,-3155,-209,-167,-45,-5,487,1942,-459,69,-2003,-143,51,687,-124,724,242,-1206,-1255,-76,-382,672,4657,-4547,-49,-248,39,-769,527,-471,152,-218,1336,-818,-589,4704,-2504,-409,598,-734,-1568,1965,1063,-341,-1691,-420,1638,1779,-35,-2148,-1898,-11,1334,-36,-1501,371,-614,-139,-110,401,-517,2177,-1442,-310,-473,8,849,-429,331,-33,-48,-773,17,346,1513,-749,-876,212,245
1278,-550,612,-422,2275,514,-361,-1003,1360,447,-167,681,1509,-514,-1176,3204,-1797,795,44,-1648,-2106,2,4142,-3155,-209,-167,-45,-5,487,1942,-459,69,-2003,-143,51,687,-124,724,242,-1206,-1255,-76,-382,672,4657,-4547,-49,-248,39,-769,527,-471,152,-218,1336,-818,-589,4704,-2504,-409,598,-734,-1568,1965,1063,-341,-1691,-420,1638,1779,-35,-2148,-1898,-11,1334,-36,-1501,371,-614,-139,-110,401,-517,2177,-1442,-310,-473,8,849,-429,331,-33,-48,-773,17,346,1513,-749,-876,212,245,-317
1279,612,-422,2275,514,-361,-1003,1360,447,-167,681,1509,-514,-1176,3204,-1797,795,44,-1648,-2106,2,4142,-3155,-209,-167,-45,-5,487,1942,-459,69,-2003,-143,51,687,-124,724,242,-1206,-1255,-76,-382,672,4657,-4547,-49,-248,39,-769,527,-471,152,-218,1336,-818,-589,4704,-2504,-409,598,-734,-1568,1965,1063,-341,-1691,-420,1638,1779,-35,-2148,-1898,-11,1334,-36,-1501,371,-614,-139,-110,401,-517,2177,-1442,-310,-473,8,849,-429,331,-33,-48,-773,17,346,1513,-749,-876,212,245,-317,-25
1280,-422,2275,514,-361,-1003,1360,447,-167,681,1509,-514,-1176,3204,-1797,795,44,-1648,-2106,2,4142,-3155,-209,-167,-45,-5,487,1942,-459,69,-2003,-143,51,687,-124,724,242,-1206,-1255,-76,-382,672,4657,-4547,-49,-248,39,-769,527,-471,152,-218,1336,-818,-589,4704,-2504,-409,598,-734,-1568,1965,1063,-341,-1691,-420,1638,1779,-35,-2148,-1898,-11,1334,-36,-1501,371,-614,-139,-110,401,-517,2177,-1442,-310,-473,8,849,-429,331,-33,-48,-773,17,346,1513,-749,-876,212,245,-317,-25,659
1281,2275,514,-361,-1003,1360,447,-167,681,1509,-514,-1176,3204,-1797,795,44,-1648,-2106,2,4142,-3155,-209,-167,-45,-5,487,1942,-459,69,-2003,-143,51,687,-124,724,242,-1206,-1255,-76,-382,672,4657,-4547,-49,-248,39,-769,527,-471,152,-218,1336,-818,-589,4704,-2504,-409,598,-734,-1568,1965,1063,-341,-1691,-420,1638,1779,-35,-2148,-1898,-11,1334,-36,-1501,371,-614,-139,-110,401,-517,2177,-1442,-310,-473,8,849,-429,331,-33,-48,-773,17,346,1513,-749,-876,212,245,-317,-25,659,-671
1282,514,-361,-1003,1360,447,-167,681,1509,-514,-1176,3204,-1797,795,44,-1648,-2106,2,4142,-3155,-209,-167,-45,-5,487,1942,-459,69,-2003,-143,51,687,-124,724,242,-1206,-1255,-76,-382,672,4657,-4547,-49,-248,39,-769,527,-471,152,-218,1336,-818,-589,4704,-2504,-409,598,-734,-1568,1965,1063,-341,-1691,-420,1638,1779,-35,-2148,-1898,-11,1334,-36,-1501,371,-614,-139,-110,401,-517,2177,-1442,-310,-473,8,849,-429,331,-33,-48,-773,17,346,1513,-749,-876,212,245,-317,-25,659,-671,7
1283,-361,-1003,1360,447,-167,681,1509,-514,-1176,3204,-1797,795,44,-1648,-2106,2,4142,-3155,-209,-167,-45,-5,487,1942,-459,69,-2003,-143,51,687,-124,724,242,-1206,-1255,-76,-382,672,4657,-4547,-49,-248,39,-769,527,-471,152,-218,1336,-818,-589,4704,-2504,-409,598,-734,-1568,1965,1063,-341,-1691,-420,1638,1779,-35,-2148,-1898,-11,1334,-36,-1501,371,-614,-139,-110,401,-517,2177,-1442,-310,-473,8,849,-429,331,-33,-48,-773,17,346,1513,-749,-876,212,245,-317,-25,659,-671,7,-535
1284,-1003,1360,447,-167,681,1509,-514,-1176,3204,-1797,795,44,-1648,-2106,2,4142,-3155,-209,-167,-45,-5,487,1942,-459,69,-2003,-143,51,687,-124,724,242,-1206,-1255,-76,-382,672,4657,-4547,-49,-248,39,-769,527,-471,152,-218,1336,-818,-589,4704,-2504,-409,598,-734,-1568,1965,1063,-341,-1691,-420,1638,1779,-35,-2148,-1898,-11,1334,-36,-1501,371,-614,-139,-110,401,-517,2177,-1442,-310,-473,8,849,-429,331,-33,-48,-773,17,346,1513,-749,-876,212,245,-317,-25,659,-671,7,-535,70
1285,1360,447,-167,681,1509,-514,-1176,3204,-1797,795,44,-1648,-2106,2,4142,-3155,-209,-167,-45,-5,487,1942,-459,69,-2003,-143,51,687,-124,724,242,-1206,-1255,-76,-382,672,4657,-4547,-49,-248,39,-769,527,-471,152,-218,1336,-818,-589,4704,-2504,-409,598,-734,-1568,1965,1063,-341,-1691,-420,1638,1779,-35,-2148,-1898,-11,1334,-36,-1501,371,-614,-139,-110,401,-517,2177,-1442,-310,-473,8,849,-429,331,-33,-48,-773,17,346,1513,-749,-876,212,245,-317,-25,659,-671,7,-535,70,29
1286,447,-167,681,1509,-514,-1176,3204,-1797,795,44,-1648,-2106,2,4142,-3155,-209,-167,-45,-5,487,1942,-459,69,-2003,-143,51,687,-124,724,242,-1206,-1255,-76,-382,672,4657,-4547,-49,-248,39,-769,527,-471,152,-218,1336,-818,-589,4704,-2504,-409,598,-734,-1568,1965,1063,-341,-1691,-420,1638,1779,-35,-2148,-1898,-11,1334,-36,-1501,371,-614,-139,-110,401,-517,2177,-1442,-310,-473,8,849,-429,331,-33,-48,-773,17,346,1513,-749,-876,212,245,-317,-25,659,-671,7,-535,70,29,2211
1287,-167,681,1509,-514,-1176,3204,-1797,795,44,-1648,-2106,2,4142,-3155,-209,-167,-45,-5,487,1942,-459,69,-2003,-143,51,687,-124,724,242,-1206,-1255,-76,-382,672,4657,-4547,-49,-248,39,-769,527,-471,152,-218,1336,-818,-589,4704,-2504,-409,598,-734,-1568,1965,1063,-341,-1691,-420,1638,1779,-35,-2148,-1898,-11,1334,-36,-1501,371,-614,-139,-110,401,-517,2177,-1442,-310,-473,8,849,-429,331,-33,-48,-773,17,346,1513,-749,-876,212,245,-317,-25,659,-671,7,-535,70,29,2211,-358
1288,681,1509,-514,-1176,3204,-1797,795,44,-1648,-2106,2,4142,-3155,-209,-167,-45,-5,487,1942,-459,69,-2003,-143,51,687,-124,724,242,-1206,-1255,-76,-382,672,4657,-4547,-49,-248,39,-769,527,-471,152,-218,1336,-818,-589,4704,-2504,-409,598,-734,-1568,1965,1063,-341,-1691,-420,1638,1779,-35,-2148,-1898,-11,1334,-36,-1501,371,-614,-139,-110,401,-517,2177,-1442,-310,-473,8,849,-429,331,-33,-48,-773,17,346,1513,-749,-876,212,245,-317,-25,659,-671,7,-535,70,29,2211,-358,-250
1289,1509,-514,-1176,3204,-1797,795,44,-1648,-2106,2,4142,-3155,-209,-167,-45,-5,487,1942,-459,69,-2003,-143,51,687,-124,724,242,-1206,-1255,-76,-382,672,4657,-4547,-49,-248,39,-769,527,-471,152,-218,1336,-818,-589,4704,-2504,-409,598,-734,-1568,1965,1063,-341,-1691,-420,1638,1779,-35,-2148,-1898,-11,1334,-36,-1501,371,-614,-139,-110,401,-517,2177,-1442,-310,-473,8,849,-429,331,-33,-48,-773,17,346,1513,-749,-876,212,245,-317,-25,659,-671,7,-535,70,29,2211,-358,-250,-278
1290,-514,-1176,3204,-1797,795,44,-1648,-2106,2,4142,-3155,-209,-167,-45,-5,487,1942,-459,69,-2003,-143,51,687,-124,724,242,-1206,-1255,-76,-382,672,4657,-4547,-49,-248,39,-769,527,-471,152,-218,1336,-818,-589,4704,-2504,-409,598,-734,-1568,1965,1063,-341,-1691,-420,1638,1779,-35,-2148,-1898,-11,1334,-36,-1501,371,-614,-139,-110,401,-517,2177,-1442,-310,-473,8,849,-429,331,-33,-48,-773,17,346,1513,-749,-876,212,245,-317,-25,659,-671,7,-535,70,29,2211,-358,-250,-278,1027
1291,-1176,3204,-1797,795,44,-1648,-2106,2,4142,-3155,-209,-167,-45,-5,487,1942,-459,69,-2003,-143,51,687,-124,724,242,-1206,-1255,-76,-382,672,4657,-4547,-49,-248,39,-769,527,-471,152,-218,1336,-818,-589,4704,-2504,-409,598,-734,-1568,1965,1063,-341,-1691,-420,1638,1779,-35,-2148,-1898,-11,1334,-36,-1501,371,-614,-139,-110,401,-517,2177,-1442,-310,-473,8,849,-429,331,-33,-48,-773,17,346,1513,-749,-876,212,245,-317,-25,659,-671,7,-535,70,29,2211,-358,-250,-278,1027,-1686
1292,3204,-1797,795,44,-1648,-2106,2,4142,-3155,-209,-167,-45,-5,487,1942,-459,69,-2003,-143,51,687,-124,724,242,-1206,-1255,-76,-382,672,4657,-4547,-49,-248,39,-769,527,-471,152,-218,1336,-818,-589,4704,-2504,-409,598,-734,-1568,1965,1063,-341,-1691,-420,1638,1779,-35,-2148,-1898,-11,1334,-36,-1501,371,-614,-139,-110,401,-517,2177,-1442,-310,-473,8,849,-429,331,-33,-48,-773,17,346,1513,-749,-876,212,245,-317,-25,659,-671,7,-535,70,29,2211,-358,-250,-278,1027,-1686,1059
1293,-1797,795,44,-1648,-2106,2,4142,-3155,-209,-167,-45,-5,487,1942,-459,69,-2003,-143,51,687,-124,724,242,-1206,-1255,-76,-382,672,4657,-4547,-49,-248,39,-769,527,-471,152,-218,1336,-818,-589,4704,-2504,-409,598,-734,-1568,1965,1063,-341,-1691,-420,1638,1779,-35,-2148,-1898,-11,1334,-36,-1501,371,-614,-139,-110,401,-517,2177,-1442,-310,-473,8,849,-429,331,-33,-48,-773,17,346,1513,-749,-876,212,245,-317,-25,659,-671,7,-535,70,29,2211,-358,-250,-278,1027,-1686,1059,1155
1294,795,44,-1648,-2106,2,4142,-3155,-209,-167,-45,-5,487,1942,-459,69,-2003,-143,51,687,-124,724,242,-1206,-1255,-76,-382,672,4657,-4547,-49,-248,39,-769,527,-471,152,-218,1336,-818,-589,4704,-2504,-409,598,-734,-1568,1965,1063,-341,-1691,-420,1638,1779,-35,-2148,-1898,-11,1334,-36,-1501,371,-614,-139,-110,401,-517,2177,-1442,-310,-473,8,849,-429,331,-33,-48,-773,17,346,1513,-749,-876,212,245,-317,-25,659,-671,7,-535,70,29,2211,-358,-250,-278,1027,-1686,1059,1155,104
1295,44,-1648,-2106,2,4142,-3155,-209,-167,-45,-5,487,1942,-459,69,-2003,-143,51,687,-124,724,242,-1206,-1255,-76,-382,672,4657,-4547,-49,-248,39,-769,527,-471,152,-218,1336,-818,-589,4704,-2504,-409,598,-734,-1568,1965,1063,-341,-1691,-420,1638,1779,-35,-2148,-1898,-11,1334,-36,-1501,371,-614,-139,-110,401,-517,2177,-1442,-310,-473,8,849,-429,331,-33,-48,-773,17,346,1513,-749,-876,212,245,-317,-25,659,-671,7,-535,70,29,2211,-358,-250,-278,1027,-1686,1059,1155,104,-2298
1296,-1648,-2106,2,4142,-3155,-209,-167,-45,-5,487,1942,-459,69,-2003,-143,51,687,-124,724,242,-1206,-1255,-76,-382,672,4657,-4547,-49,-248,39,-769,527,-471,152,-218,1336,-818,-589,4704,-2504,-409,598,-734,-1568,1965,1063,-341,-1691,-420,1638,1779,-35,-2148,-1898,-11,1334,-36,-1501,371,-614,-139,-110,401,-517,2177,-1442,-310,-473,8,849,-429,331,-33,-48,-773,17,346,1513,-749,-876,212,245,-317,-25,659,-671,7,-535,70,29,2211,-358,-250,-278,1027,-1686,1059,1155,104,-2298,635
1297,-2106,2,4142,-3155,-209,-167,-45,-5,487,1942,-459,69,-2003,-143,51,687,-124,724,242,-1206,-1255,-76,-382,672,4657,-4547,-49,-248,39,-769,527,-471,152,-218,1336,-818,-589,4704,-2504,-409,598,-734,-1568,1965,1063,-341,-1691,-420,1638,1779,-35,-2148,-1898,-11,1334,-36,-1501,371,-614,-139,-110,401,-517,2177,-1442,-310,-473,8,849,-429,331,-33,-48,-773,17,346,1513,-749,-876,212,245,-317,-25,659,-671,7,-535,70,29,2211,-358,-250,-278,1027,-1686,1059,1155,104,-2298,635,1553
1298,2,4142,-3155,-209,-167,-45,-5,487,1942,-459,69,-2003,-143,51,687,-124,724,242,-1206,-1255,-76,-382,672,4657,-4547,-49,-248,39,-769,527,-471,152,-218,1336,-818,-589,4704,-2504,-409,598,-734,-1568,1965,1063,-341,-1691,-420,1638,1779,-35,-2148,-1898,-11,1334,-36,-1501,371,-614,-139,-110,401,-517,2177,-1442,-310,-473,8,849,-429,331,-33,-48,-773,17,346,1513,-749,-876,212,245,-317,-25,659,-671,7,-535,70,29,2211,-358,-250,-278,1027,-1686,1059,1155,104,-2298,635,1553,1006
1299,4142,-3155,-209,-167,-45,-5,487,1942,-459,69,-2003,-143,51,687,-124,724,242,-1206,-1255,-76,-382,672,4657,-4547,-49,-248,39,-769,527,-471,152,-218,1336,-818,-589,4704,-2504,-409,598,-734,-1568,1965,1063,-341,-1691,-420,1638,1779,-35,-2148,-1898,-11,1334,-36,-1501,371,-614,-139,-110,401,-517,2177,-1442,-310,-473,8,849,-429,331,-33,-48,-773,17,346,1513,-749,-876,212,245,-317,-25,659,-671,7,-535,70,29,2211,-358,-250,-278,1027,-1686,1059,1155,104,-2298,635,1553,1006,8
1300,-3155,-209,-167,-45,-5,487,1942,-459,69,-2003,-143,51,687,-124,724,242,-1206,-1255,-76,-382,672,4657,-4547,-49,-248,39,-769,527,-471,152,-218,1336,-818,-589,4704,-2504,-409,598,-734,-1568,1965,1063,-341,-1691,-420,1638,1779,-35,-2148,-1898,-11,1334,-36,-1501,371,-614,-139,-110,401,-517,2177,-1442,-310,-473,8,849,-429,331,-33,-48,-773,17,346,1513,-749,-876,212,245,-317,-25,659,-671,7,-535,70,29,2211,-358,-250,-278,1027,-1686,1059,1155,104,-2298,635,1553,1006,8,-1266
1301,-209,-167,-45,-5,487,1942,-459,69,-2003,-143,51,687,-124,724,242,-1206,-1255,-76,-382,672,4657,-4547,-49,-248,39,-769,527,-471,152,-218,1336,-818,-589,4704,-2504,-409,598,-734,-1568,1965,1063,-341,-1691,-420,1638,1779,-35,-2148,-1898,-11,1334,-36,-1501,371,-614,-139,-110,401,-517,2177,-1442,-310,-473,8,849,-429,331,-33,-48,-773,17,346,1513,-749,-876,212,245,-317,-25,659,-671,7,-535,70,29,2211,-358,-250,-278,1027,-1686,1059,1155,104,-2298,635,1553,1006,8,-1266,-1108
1302,-167,-45,-5,487,1942,-459,69,-2003,-143,51,687,-124,724,242,-1206,-1255,-76,-382,672,4657,-4547,-49,-248,39,-769,527,-471,152,-218,1336,-818,-589,4704,-2504,-409,598,-734,-1568,1965,1063,-341,-1691,-420,1638,1779,-35,-2148,-1898,-11,1334,-36,-1501,371,-614,-139,-110,401,-517,2177,-1442,-310,-473,8,849,-429,331,-33,-48,-773,17,346,1513,-749,-876,212,245,-317,-25,659,-671,7,-535,70,29,2211,-358,-250,-278,1027,-1686,1059,1155,104,-2298,635,1553,1006,8,-1266,-1108,-502
1303,-45,-5,487,1942,-459,69,-2003,-143,51,687,-124,724,242,-1206,-1255,-76,-382,672,4657,-4547,-49,-248,39,-769,527,-471,152,-218,1336,-818,-589,4704,-2504,-409,598,-734,-1568,1965,1063,-341,-1691,-420,1638,1779,-35,-2148,-1898,-11,1334,-36,-1501,371,-614,-139,-110,401,-517,2177,-1442,-310,-473,8,849,-429,331,-33,-48,-773,17,346,1513,-749,-876,212,245,-317,-25,659,-671,7,-535,70,29,2211,-358,-250,-278,1027,-1686,1059,1155,104,-2298,635,1553,1006,8,-1266,-1108,-502,-130
1304,-5,487,1942,-459,69,-2003,-143,51,687,-124,724,242,-1206,-1255,-76,-382,672,4657,-4547,-49,-248,39,-769,527,-471,152,-218,1336,-818,-589,4704,-2504,-409,598,-734,-1568,1965,1063,-341,-1691,-420,1638,1779,-35,-2148,-1898,-11,1334,-36,-1501,371,-614,-139,-110,401,-517,2177,-1442,-310,-473,8,849,-429,331,-33,-48,-773,17,346,1513,-749,-876,212,245,-317,-25,659,-671,7,-535,70,29,2211,-358,-250,-278,1027,-1686,1059,1155,104,-2298,635,1553,1006,8,-1266,-1108,-502,-130,61
1305,487,1942,-459,69,-2003,-143,51,687,-124,724,242,-1206,-1255,-76,-382,672,4657,-4547,-49,-248,39,-769,527,-471,152,-218,1336,-818,-589,4704,-2504,-409,598,-734,-1568,1965,1063,-341,-1691,-420,1638,1779,-35,-2148,-1898,-11,1334,-36,-1501,371,-614,-139,-110,401,-517,2177,-1442,-310,-473,8,849,-429,331,-33,-48,-773,17,346,1513,-749,-876,212,245,-317,-25,659,-671,7,-535,70,29,2211,-358,-250,-278,1027,-1686,1059,1155,104,-2298,635,1553,1006,8,-1266,-1108,-502,-130,61,-768
1306,1942,-459,69,-2003,-143,51,687,-124,724,242,-1206,-1255,-76,-382,672,4657,-4547,-49,-248,39,-769,527,-471,152,-218,1336,-818,-589,4704,-2504,-409,598,-734,-1568,1965,1063,-341,-1691,-420,1638,1779,-35,-2148,-1898,-11,1334,-36,-1501,371,-614,-139,-110,401,-517,2177,-1442,-310,-473,8,849,-429,331,-33,-48,-773,17,346,1513,-749,-876,212,245,-317,-25,659,-671,7,-535,70,29,2211,-358,-250,-278,1027,-1686,1059,1155,104,-2298,635,1553,1006,8,-1266,-1108,-502,-130,61,-768,-807
1307,-459,69,-2003,-143,51,687,-124,724,242,-1206,-1255,-76,-382,672,4657,-4547,-49,-248,39,-769,527,-471,152,-218,1336,-818,-589,4704,-2504,-409,598,-734,-1568,1965,1063,-341,-1691,-420,1638,1779,-35,-2148,-1898,-11,1334,-36,-1501,371,-614,-139,-110,401,-517,2177,-1442,-310,-473,8,849,-429,331,-33,-48,-773,17,346,1513,-749,-876,212,245,-317,-25,659,-671,7,-535,70,29,2211,-358,-250,-278,1027,-1686,1059,1155,104,-2298,635,1553,1006,8,-1266,-1108,-502,-130,61,-768,-807,1031
1308,69,-2003,-143,51,687,-124,724,242,-1206,-1255,-76,-382,672,4657,-4547,-49,-248,39,-769,527,-471,152,-218,1336,-818,-589,4704,-2504,-409,598,-734,-1568,1965,1063,-341,-1691,-420,1638,1779,-35,-2148,-1898,-11,1334,-36,-1501,371,-614,-139,-110,401,-517,2177,-1442,-310,-473,8,849,-429,331,-33,-48,-773,17,346,1513,-749,-876,212,245,-317,-25,659,-671,7,-535,70,29,2211,-358,-250,-278,1027,-1686,1059,1155,104,-2298,635,1553,1006,8,-1266,-1108,-502,-130,61,-768,-807,1031,-468
1309,-2003,-143,51,687,-124,724,242,-1206,-1255,-76,-382,672,4657,-4547,-49,-248,39,-769,527,-471,152,-218,1336,-818,-589,4704,-2504,-409,598,-734,-1568,1965,1063,-341,-1691,-420,1638,1779,-35,-2148,-1898,-11,1334,-36,-1501,371,-614,-139,-110,401,-517,2177,-1442,-310,-473,8,849,-429,331,-33,-48,-773,17,346,1513,-749,-876,212,245,-317,-25,659,-671,7,-535,70,29,2211,-358,-250,-278,1027,-1686,1059,1155,104,-2298,635,1553,1006,8,-1266,-1108,-502,-130,61,-768,-807,1031,-468,-269
1310,-143,51,687,-124,724,242,-1206,-1255,-76,-382,672,4657,-4547,-49,-248,39,-769,527,-471,152,-218,1336,-818,-589,4704,-2504,-409,598,-734,-1568,1965,1063,-341,-1691,-420,1638,1779,-35,-2148,-1898,-11,1334,-36,-1501,371,-614,-139,-110,401,-517,2177,-1442,-310,-473,8,849,-429,331,-33,-48,-773,17,346,1513,-749,-876,212,245,-317,-25,659,-671,7,-535,70,29,2211,-358,-250,-278,1027,-1686,1059,1155,104,-2298,635,1553,1006,8,-1266,-1108,-502,-130,61,-768,-807,1031,-468,-269,873
1311,51,687,-124,724,242,-1206,-1255,-76,-382,672,4657,-4547,-49,-248,39,-769,527,-471,152,-218,1336,-818,-589,4704,-2504,-409,598,-734,-1568,1965,1063,-341,-1691,-420,1638,1779,-35,-2148,-1898,-11,1334,-36,-1501,371,-614,-139,-110,401,-517,2177,-1442,-310,-473,8,849,-429,331,-33,-48,-773,17,346,1513,-749,-876,212,245,-317,-25,659,-671,7,-535,70,29,2211,-358,-250,-278,1027,-1686,1059,1155,104,-2298,635,1553,1006,8,-1266,-1108,-502,-130,61,-768,-807,1031,-468,-269,873,-130
1312,687,-124,724,242,-1206,-1255,-76,-382,672,4657,-4547,-49,-248,39,-769,527,-471,152,-218,1336,-818,-589,4704,-2504,-409,598,-734,-1568,1965,1063,-341,-1691,-420,1638,1779,-35,-2148,-1898,-11,1334,-36,-1501,371,-614,-139,-110,401,-517,2177,-1442,-310,-473,8,849,-429,331,-33,-48,-773,17,346,1513,-749,-876,212,245,-317,-25,659,-671,7,-535,70,29,2211,-358,-250,-278,1027,-1686,1059,1155,104,-2298,635,1553,1006,8,-1266,-1108,-502,-130,61,-768,-807,1031,-468,-269,873,-130,983
1313,-124,724,242,-1206,-1255,-76,-382,672,4657,-4547,-49,-248,39,-769,527,-471,152,-218,1336,-818,-589,4704,-2504,-409,598,-734,-1568,1965,1063,-341,-1691,-420,1638,1779,-35,-2148,-1898,-11,1334,-36,-1501,371,-614,-139,-110,401,-517,2177,-1442,-310,-473,8,849,-429,331,-33,-48,-773,17,346,1513,-749,-876,212,245,-317,-25,659,-671,7,-535,70,29,2211,-358,-250,-278,1027,-1686,1059,1155,104,-2298,635,1553,1006,8,-1266,-1108,-502,-130,61,-768,-807,1031,-468,-269,873,-130,983,-961
1314,724,242,-1206,-1255,-76,-382,672,4657,-4547,-49,-248,39,-769,527,-471,152,-218,1336,-818,-589,4704,-2504,-409,598,-734,-1568,1965,1063,-341,-1691,-420,1638,1779,-35,-2148,-1898,-11,1334,-36,-1501,371,-614,-139,-110,401,-517,2177,-1442,-310,-473,8,849,-429,331,-33,-48,-773,17,346,1513,-749,-876,212,245,-317,-25,659,-671,7,-535,70,29,2211,-358,-250,-278,1027,-1686,1059,1155,104,-2298,635,1553,1006,8,-1266,-1108,-502,-130,61,-768,-807,1031,-468,-269,873,-130,983,-961,194
1315,242,-1206,-1255,-76,-382,672,4657,-4547,-49,-248,39,-769,527,-471,152,-218,1336,-818,-589,4704,-2504,-409,598,-734,-1568,1965,1063,-341,-1691,-420,1638,1779,-35,-2148,-1898,-11,1334,-36,-1501,371,-614,-139,-110,401,-517,2177,-1442,-310,-473,8,849,-429,331,-33,-48,-773,17,346,1513,-749,-876,212,245,-317,-25,659,-671,7,-535,70,29,2211,-358,-250,-278,1027,-1686,1059,1155,104,-2298,635,1553,1006,8,-1266,-1108,-502,-130,61,-768,-807,1031,-468,-269,873,-130,983,-961,194,16
1316,-1206,-1255,-76,-382,672,4657,-4547,-49,-248,39,-769,527,-471,152,-218,1336,-818,-589,4704,-2504,-409,598,-734,-1568,1965,1063,-341,-1691,-420,1638,1779,-35,-2148,-1898,-11,1334,-36,-1501,371,-614,-139,-110,401,-517,2177,-1442,-310,-473,8,849,-429,331,-33,-48,-773,17,346,1513,-749,-876,212,245,-317,-25,659,-671,7,-535,70,29,2211,-358,-250,-278,1027,-1686,1059,1155,104,-2298,635,1553,1006,8,-1266,-1108,-502,-130,61,-768,-807,1031,-468,-269,873,-130,983,-961,194,16,242
1317,-1255,-76,-382,672,4657,-4547,-49,-248,39,-769,527,-471,152,-218,1336,-818,-589,4704,-2504,-409,598,-734,-1568,1965,1063,-341,-1691,-420,1638,1779,-35,-2148,-1898,-11,1334,-36,-1501,371,-614,-139,-110,401,-517,2177,-1442,-310,-473,8,849,-429,331,-33,-48,-773,17,346,1513,-749,-876,212,245,-317,-25,659,-671,7,-535,70,29,2211,-358,-250,-278,1027,-1686,1059,1155,104,-2298,635,1553,1006,8,-1266,-1108,-502,-130,61,-768,-807,1031,-468,-269,873,-130,983,-961,194,16,242,-245
1318,-76,-382,672,4657,-4547,-49,-248,39,-769,527,-471,152,-218,1336,-818,-589,4704,-2504,-409,598,-734,-1568,1965,1063,-341,-1691,-420,1638,1779,-35,-2148,-1898,-11,1334,-36,-1501,371,-614,-139,-110,401,-517,2177,-1442,-310,-473,8,849,-429,331,-33,-48,-773,17,346,1513,-749,-876,212,245,-317,-25,659,-671,7,-535,70,29,2211,-358,-250,-278,1027,-1686,1059,1155,104,-2298,635,1553,1006,8,-1266,-1108,-502,-130,61,-768,-807,1031,-468,-269,873,-130,983,-961,194,16,242,-245,108
1319,-382,672,4657,-4547,-49,-248,39,-769,527,-471,152,-218,1336,-818,-589,4704,-2504,-409,598,-734,-1568,1965,1063,-341,-1691,-420,1638,1779,-35,-2148,-1898,-11,1334,-36,-1501,371,-614,-139,-110,401,-517,2177,-1442,-310,-473,8,849,-429,331,-33,-48,-773,17,346,1513,-749,-876,212,245,-317,-25,659,-671,7,-535,70,29,2211,-358,-250,-278,1027,-1686,1059,1155,104,-2298,635,1553,1006,8,-1266,-1108,-502,-130,61,-768,-807,1031,-468,-269,873,-130,983,-961,194,16,242,-245,108,-155
1320,672,4657,-4547,-49,-248,39,-769,527,-471,152,-218,1336,-818,-589,4704,-2504,-409,598,-734,-1568,1965,1063,-341,-1691,-420,1638,1779,-35,-2148,-1898,-11,1334,-36,-1501,371,-614,-139,-110,401,-517,2177,-1442,-310,-473,8,849,-429,331,-33,-48,-773,17,346,1513,-749,-876,212,245,-317,-25,659,-671,7,-535,70,29,2211,-358,-250,-278,1027,-1686,1059,1155,104,-2298,635,1553,1006,8,-1266,-1108,-502,-130,61,-768,-807,1031,-468,-269,873,-130,983,-961,194,16,242,-245,108,-155,-130
1321,4657,-4547,-49,-248,39,-769,527,-471,152,-218,1336,-818,-589,4704,-2504,-409,598,-734,-1568,1965,1063,-341,-1691,-420,1638,1779,-35,-2148,-1898,-11,1334,-36,-1501,371,-614,-139,-110,401,-517,2177,-1442,-310,-473,8,849,-429,331,-33,-48,-773,17,346,1513,-749,-876,212,245,-317,-25,659,-671,7,-535,70,29,2211,-358,-250,-278,1027,-1686,1059,1155,104,-2298,635,1553,1006,8,-1266,-1108,-502,-130,61,-768,-807,1031,-468,-269,873,-130,983,-961,194,16,242,-245,108,-155,-130,249
1322,-4547,-49,-248,39,-769,527,-471,152,-218,1336,-818,-589,4704,-2504,-409,598,-734,-1568,1965,1063,-341,-1691,-420,1638,1779,-35,-2148,-1898,-11,1334,-36,-1501,371,-614,-139,-110,401,-517,2177,-1442,-310,-473,8,849,-429,331,-33,-48,-773,17,346,1513,-749,-876,212,245,-317,-25,659,-671,7,-535,70,29,2211,-358,-250,-278,1027,-1686,1059,1155,104,-2298,635,1553,1006,8,-1266,-1108,-502,-130,61,-768,-807,1031,-468,-269,873,-130,983,-961,194,16,242,-245,108,-155,-130,249,-675
1323,-49,-248,39,-769,527,-471,152,-218,1336,-818,-589,4704,-2504,-409,598,-734,-1568,1965,1063,-341,-1691,-420,1638,1779,-35,-2148,-1898,-11,1334,-36,-1501,371,-614,-139,-110,401,-517,2177,-1442,-310,-473,8,849,-429,331,-33,-48,-773,17,346,1513,-749,-876,212,245,-317,-25,659,-671,7,-535,70,29,2211,-358,-250,-278,1027,-1686,1059,1155,104,-2298,635,1553,1006,8,-1266,-1108,-502,-130,61,-768,-807,1031,-468,-269,873,-130,983,-961,194,16,242,-245,108,-155,-130,249,-675,135
1324,-248,39,-769,527,-471,152,-218,1336,-818,-589,4704,-2504,-409,598,-734,-1568,1965,1063,-341,-1691,-420,1638,1779,-35,-2148,-1898,-11,1334,-36,-1501,371,-614,-139,-110,401,-517,2177,-1442,-310,-473,8,849,-429,331,-33,-48,-773,17,346,1513,-749,-876,212,245,-317,-25,659,-671,7,-535,70,29,2211,-358,-250,-278,1027,-1686,1059,1155,104,-2298,635,1553,1006,8,-1266,-1108,-502,-130,61,-768,-807,1031,-468,-269,873,-130,983,-961,194,16,242,-245,108,-155,-130,249,-675,135,324
1325,39,-769,527,-471,152,-218,1336,-818,-589,4704,-2504,-409,598,-734,-1568,1965,1063,-341,-1691,-420,1638,1779,-35,-2148,-1898,-11,1334,-36,-1501,371,-614,-139,-110,401,-517,2177,-1442,-310,-473,8,849,-429,331,-33,-48,-773,17,346,1513,-749,-876,212,245,-317,-25,659,-671,7,-535,70,29,2211,-358,-250,-278,1027,-1686,1059,1155,104,-2298,635,1553,1006,8,-1266,-1108,-502,-130,61,-768,-807,1031,-468,-269,873,-130,983,-961,194,16,242,-245,108,-155,-130,249,-675,135,324,1225
1326,-769,527,-471,152,-218,1336,-818,-589,4704,-2504,-409,598,-734,-1568,1965,1063,-341,-1691,-420,1638,1779,-35,-2148,-1898,-11,1334,-36,-1501,371,-614,-139,-110,401,-517,2177,-1442,-310,-473,8,849,-429,331,-33,-48,-773,17,346,1513,-749,-876,212,245,-317,-25,659,-671,7,-535,70,29,2211,-358,-250,-278,1027,-1686,1059,1155,104,-2298,635,1553,1006,8,-1266,-1108,-502,-130,61,-768,-807,1031,-468,-269,873,-130,983,-961,194,16,242,-245,108,-155,-130,249,-675,135,324,1225,-886
1327,527,-471,152,-218,1336,-818,-589,4704,-2504,-409,598,-734,-1568,1965,1063,-341,-1691,-420,1638,1779,-35,-2148,-1898,-11,1334,-36,-1501,371,-614,-139,-110,401,-517,2177,-1442,-310,-473,8,849,-429,331,-33,-48,-773,17,346,1513,-749,-876,212,245,-317,-25,659,-671,7,-535,70,29,2211,-358,-250,-278,1027,-1686,1059,1155,104,-2298,635,1553,1006,8,-1266,-1108,-502,-130,61,-768,-807,1031,-468,-269,873,-130,983,-961,194,16,242,-245,108,-155,-130,249,-675,135,324,1225,-886,-218
1328,-471,152,-218,1336,-818,-589,4704,-2504,-409,598,-734,-1568,1965,1063,-341,-1691,-420,1638,1779,-35,-2148,-1898,-11,1334,-36,-1501,371,-614,-139,-110,401,-517,2177,-1442,-310,-473,8,849,-429,331,-33,-48,-773,17,346,1513,-749,-876,212,245,-317,-25,659,-671,7,-535,70,29,2211,-358,-250,-278,1027,-1686,1059,1155,104,-2298,635,1553,1006,8,-1266,-1108,-502,-130,61,-768,-807,1031,-468,-269,873,-130,983,-961,194,16,242,-245,108,-155,-130,249,-675,135,324,1225,-886,-218,-256
1329,152,-218,1336,-818,-589,4704,-2504,-409,598,-734,-1568,1965,1063,-341,-1691,-420,1638,1779,-35,-2148,-1898,-11,1334,-36,-1501,371,-614,-139,-110,401,-517,2177,-1442,-310,-473,8,849,-429,331,-33,-48,-773,17,346,1513,-749,-876,212,245,-317,-25,659,-671,7,-535,70,29,2211,-358,-250,-278,1027,-1686,1059,1155,104,-2298,635,1553,1006,8,-1266,-1108,-502,-130,61,-768,-807,1031,-468,-269,873,-130,983,-961,194,16,242,-245,108,-155,-130,249,-675,135,324,1225,-886,-218,-256,-127
1330,-218,1336,-818,-589,4704,-2504,-409,598,-734,-1568,1965,1063,-341,-1691,-420,1638,1779,-35,-2148,-1898,-11,1334,-36,-1501,371,-614,-139,-110,401,-517,2177,-1442,-310,-473,8,849,-429,331,-33,-48,-773,17,346,1513,-749,-876,212,245,-317,-25,659,-671,7,-535,70,29,2211,-358,-250,-278,1027,-1686,1059,1155,104,-2298,635,1553,1006,8,-1266,-1108,-502,-130,61,-768,-807,1031,-468,-269,873,-130,983,-961,194,16,242,-245,108,-155,-130,249,-675,135,324,1225,-886,-218,-256,-127,-246
1331,1336,-818,-589,4704,-2504,-409,598,-734,-1568,1965,1063,-341,-1691,-420,1638,1779,-35,-2148,-1898,-11,1334,-36,-1501,371,-614,-139,-110,401,-517,2177,-1442,-310,-473,8,849,-429,331,-33,-48,-773,17,346,1513,-749,-876,212,245,-317,-25,659,-671,7,-535,70,29,2211,-358,-250,-278,1027,-1686,1059,1155,104,-2298,635,1553,1006,8,-1266,-1108,-502,-130,61,-768,-807,1031,-468,-269,873,-130,983,-961,194,16,242,-245,108,-155,-130,249,-675,135,324,1225,-886,-218,-256,-127,-246,122
1332,-818,-589,4704,-2504,-409,598,-734,-1568,1965,1063,-341,-1691,-420,1638,1779,-35,-2148,-1898,-11,1334,-36,-1501,371,-614,-139,-110,401,-517,2177,-1442,-310,-473,8,849,-429,331,-33,-48,-773,17,346,1513,-749,-876,212,245,-317,-25,659,-671,7,-535,70,29,2211,-358,-250,-278,1027,-1686,1059,1155,104,-2298,635,1553,1006,8,-1266,-1108,-502,-130,61,-768,-807,1031,-468,-269,873,-130,983,-961,194,16,242,-245,108,-155,-130,249,-675,135,324,1225,-886,-218,-256,-127,-246,122,232
1333,-589,4704,-2504,-409,598,-734,-1568,1965,1063,-341,-1691,-420,1638,1779,-35,-2148,-1898,-11,1334,-36,-1501,371,-614,-139,-110,401,-517,2177,-1442,-310,-473,8,849,-429,331,-33,-48,-773,17,346,1513,-749,-876,212,245,-317,-25,659,-671,7,-535,70,29,2211,-358,-250,-278,1027,-1686,1059,1155,104,-2298,635,1553,1006,8,-1266,-1108,-502,-130,61,-768,-807,1031,-468,-269,873,-130,983,-961,194,16,242,-245,108,-155,-130,249,-675,135,324,1225,-886,-218,-256,-127,-246,122,232,14
1334,4704,-2504,-409,598,-734,-1568,1965,1063,-341,-1691,-420,1638,1779,-35,-2148,-1898,-11,1334,-36,-1501,371,-614,-139,-110,401,-517,2177,-1442,-310,-473,8,849,-429,331,-33,-48,-773,17,346,1513,-749,-876,212,245,-317,-25,659,-671,7,-535,70,29,2211,-358,-250,-278,1027,-1686,1059,1155,104,-2298,635,1553,1006,8,-1266,-1108,-502,-130,61,-768,-807,1031,-468,-269,873,-130,983,-961,194,16,242,-245,108,-155,-130,249,-675,135,324,1225,-886,-218,-256,-127,-246,122,232,14,-408
1335,-2504,-409,598,-734,-1568,1965,1063,-341,-1691,-420,1638,1779,-35,-2148,-1898,-11,1334,-36,-1501,371,-614,-139,-110,401,-517,2177,-1442,-310,-473,8,849,-429,331,-33,-48,-773,17,346,1513,-749,-876,212,245,-317,-25,659,-671,7,-535,70,29,2211,-358,-250,-278,1027,-1686,1059,1155,104,-2298,635,1553,1006,8,-1266,-1108,-502,-130,61,-768,-807,1031,-468,-269,873,-130,983,-961,194,16,242,-245,108,-155,-130,249,-675,135,324,1225,-886,-218,-256,-127,-246,122,232,14,-408,-302
1336,-409,598,-734,-1568,1965,1063,-341,-1691,-420,1638,1779,-35,-2148,-1898,-11,1334,-36,-1501,371,-614,-139,-110,401,-517,2177,-1442,-310,-473,8,849,-429,331,-33,-48,-773,17,346,1513,-749,-876,212,245,-317,-25,659,-671,7,-535,70,29,2211,-358,-250,-278,1027,-1686,1059,1155,104,-2298,635,1553,1006,8,-1266,-1108,-502,-130,61,-768,-807,1031,-468,-269,873,-130,983,-961,194,16,242,-245,108,-155,-130,249,-675,135,324,1225,-886,-218,-256,-127,-246,122,232,14,-408,-302,-64
1337,598,-734,-1568,1965,1063,-341,-1691,-420,1638,1779,-35,-2148,-1898,-11,1334,-36,-1501,371,-614,-139,-110,401,-517,2177,-1442,-310,-473,8,849,-429,331,-33,-48,-773,17,346,1513,-749,-876,212,245,-317,-25,659,-671,7,-535,70,29,2211,-358,-250,-278,1027,-1686,1059,1155,104,-2298,635,1553,1006,8,-1266,-1108,-502,-130,61,-768,-807,1031,-468,-269,873,-130,983,-961,194,16,242,-245,108,-155,-130,249,-675,135,324,1225,-886,-218,-256,-127,-246,122,232,14,-408,-302,-64,344
1338,-734,-1568,1965,1063,-341,-1691,-420,1638,1779,-35,-2148,-1898,-11,1334,-36,-1501,371,-614,-139,-110,401,-517,2177,-1442,-310,-473,8,849,-429,331,-33,-48,-773,17,346,1513,-749,-876,212,245,-317,-25,659,-671,7,-535,70,29,2211,-358,-250,-278,1027,-1686,1059,1155,104,-2298,635,1553,1006,8,-1266,-1108,-502,-130,61,-768,-807,1031,-468,-269,873,-130,983,-961,194,16,242,-245,108,-155,-130,249,-675,135,324,1225,-886,-218,-256,-127,-246,122,232,14,-408,-302,-64,344,1571
1339,-1568,1965,1063,-341,-1691,-420,1638,1779,-35,-2148,-1898,-11,1334,-36,-1501,371,-614,-139,-110,401,-517,2177,-1442,-310,-473,8,849,-429,331,-33,-48,-773,17,346,1513,-749,-876,212,245,-317,-25,659,-671,7,-535,70,29,2211,-358,-250,-278,1027,-1686,1059,1155,104,-2298,635,1553,1006,8,-1266,-1108,-502,-130,61,-768,-807,1031,-468,-269,873,-130,983,-961,194,16,242,-245,108,-155,-130,249,-675,135,324,1225,-886,-218,-256,-127,-246,122,232,14,-408,-302,-64,344,1571,119
1340,1965,1063,-341,-1691,-420,1638,1779,-35,-2148,-1898,-11,1334,-36,-1501,371,-614,-139,-110,401,-517,2177,-1442,-310,-473,8,849,-429,331,-33,-48,-773,17,346,1513,-749,-876,212,245,-317,-25,659,-671,7,-535,70,29,2211,-358,-250,-278,1027,-1686,1059,1155,104,-2298,635,1553,1006,8,-1266,-1108,-502,-130,61,-768,-807,1031,-468,-269,873,-130,983,-961,194,16,242,-245,108,-155,-130,249,-675,135,324,1225,-886,-218,-256,-127,-246,122,232,14,-408,-302,-64,344,1571,119,-567
1341,1063,-341,-1691,-420,1638,1779,-35,-2148,-1898,-11,1334,-36,-1501,371,-614,-139,-110,401,-517,2177,-1442,-310,-473,8,849,-429,331,-33,-48,-773,17,346,1513,-749,-876,212,245,-317,-25,659,-671,7,-535,70,29,2211,-358,-250,-278,1027,-1686,1059,1155,104,-2298,635,1553,1006,8,-1266,-1108,-502,-130,61,-768,-807,1031,-468,-269,873,-130,983,-961,194,16,242,-245,108,-155,-130,249,-675,135,324,1225,-886,-218,-256,-127,-246,122,232,14,-408,-302,-64,344,1571,119,-567,-599
1342,-341,-1691,-420,1638,1779,-35,-2148,-1898,-11,1334,-36,-1501,371,-614,-139,-110,401,-517,2177,-1442,-310,-473,8,849,-429,331,-33,-48,-773,17,346,1513,-749,-876,212,245,-317,-25,659,-671,7,-535,70,29,2211,-358,-250,-278,1027,-1686,1059,1155,104,-2298,635,1553,1006,8,-1266,-1108,-502,-130,61,-768,-807,1031,-468,-269,873,-130,983,-961,194,16,242,-245,108,-155,-130,249,-675,135,324,1225,-886,-218,-256,-127,-246,122,232,14,-408,-302,-64,344,1571,119,-567,-599,461
1343,-1691,-420,1638,1779,-35,-2148,-1898,-11,1334,-36,-1501,371,-614,-139,-110,401,-517,2177,-1442,-310,-473,8,849,-429,331,-33,-48,-773,17,346,1513,-749,-876,212,245,-317,-25,659,-671,7,-535,70,29,2211,-358,-250,-278,1027,-1686,1059,1155,104,-2298,635,1553,1006,8,-1266,-1108,-502,-130,61,-768,-807,1031,-468,-269,873,-130,983,-961,194,16,242,-245,108,-155,-130,249,-675,135,324,1225,-886,-218,-256,-127,-246,122,232,14,-408,-302,-64,344,1571,119,-567,-599,461,-517
1344,-420,1638,1779,-35,-2148,-1898,-11,1334,-36,-1501,371,-614,-139,-110,401,-517,2177,-1442,-310,-473,8,849,-429,331,-33,-48,-773,17,346,1513,-749,-876,212,245,-317,-25,659,-671,7,-535,70,29,2211,-358,-250,-278,1027,-1686,1059,1155,104,-2298,635,1553,1006,8,-1266,-1108,-502,-130,61,-768,-807,1031,-468,-269,873,-130,983,-961,194,16,242,-245,108,-155,-130,249,-675,135,324,1225,-886,-218,-256,-127,-246,122,232,14,-408,-302,-64,344,1571,119,-567,-599,461,-517,1855
1345,1638,1779,-35,-2148,-1898,-11,1334,-36,-1501,371,-614,-139,-110,401,-517,2177,-1442,-310,-473,8,849,-429,331,-33,-48,-773,17,346,1513,-749,-876,212,245,-317,-25,659,-671,7,-535,70,29,2211,-358,-250,-278,1027,-1686,1059,1155,104,-2298,635,1553,1006,8,-1266,-1108,-502,-130,61,-768,-807,1031,-468,-269,873,-130,983,-961,194,16,242,-245,108,-155,-130,249,-675,135,324,1225,-886,-218,-256,-127,-246,122,232,14,-408,-302,-64,344,1571,119,-567,-599,461,-517,1855,254
1346,1779,-35,-2148,-1898,-11,1334,-36,-1501,371,-614,-139,-110,401,-517,2177,-1442,-310,-473,8,849,-429,331,-33,-48,-773,17,346,1513,-749,-876,212,245,-317,-25,659,-671,7,-535,70,29,2211,-358,-250,-278,1027,-1686,1059,1155,104,-2298,635,1553,1006,8,-1266,-1108,-502,-130,61,-768,-807,1031,-468,-269,873,-130,983,-961,194,16,242,-245,108,-155,-130,249,-675,135,324,1225,-886,-218,-256,-127,-246,122,232,14,-408,-302,-64,344,1571,119,-567,-599,461,-517,1855,254,-642
1347,-35,-2148,-1898,-11,1334,-36,-1501,371,-614,-139,-110,401,-517,2177,-1442,-310,-473,8,849,-429,331,-33,-48,-773,17,346,1513,-749,-876,212,245,-317,-25,659,-671,7,-535,70,29,2211,-358,-250,-278,1027,-1686,1059,1155,104,-2298,635,1553,1006,8,-1266,-1108,-502,-130,61,-768,-807,1031,-468,-269,873,-130,983,-961,194,16,242,-245,108,-155,-130,249,-675,135,324,1225,-886,-218,-256,-127,-246,122,232,14,-408,-302,-64,344,1571,119,-567,-599,461,-517,1855,254,-642,-777
1348,-2148,-1898,-11,1334,-36,-1501,371,-614,-139,-110,401,-517,2177,-1442,-310,-473,8,849,-429,331,-33,-48,-773,17,346,1513,-749,-876,212,245,-317,-25,659,-671,7,-535,70,29,2211,-358,-250,-278,1027,-1686,1059,1155,104,-2298,635,1553,1006,8,-1266,-1108,-502,-130,61,-768,-807,1031,-468,-269,873,-130,983,-961,194,16,242,-245,108,-155,-130,249,-675,135,324,1225,-886,-218,-256,-127,-246,122,232,14,-408,-302,-64,344,1571,119,-567,-599,461,-517,1855,254,-642,-777,33
1349,-1898,-11,1334,-36,-1501,371,-614,-139,-110,401,-517,2177,-1442,-310,-473,8,849,-429,331,-33,-48,-773,17,346,1513,-749,-876,212,245,-317,-25,659,-671,7,-535,70,29,2211,-358,-250,-278,1027,-1686,1059,1155,104,-2298,635,1553,1006,8,-1266,-1108,-502,-130,61,-768,-807,1031,-468,-269,873,-130,983,-961,194,16,242,-245,108,-155,-130,249,-675,135,324,1225,-886,-218,-256,-127,-246,122,232,14,-408,-302,-64,344,1571,119,-567,-599,461,-517,1855,254,-642,-777,33,942
1350,-11,1334,-36,-1501,371,-614,-139,-110,401,-517,2177,-1442,-310,-473,8,849,-429,331,-33,-48,-773,17,346,1513,-749,-876,212,245,-317,-25,659,-671,7,-535,70,29,2211,-358,-250,-278,1027,-1686,1059,1155,104,-2298,635,1553,1006,8,-1266,-1108,-502,-130,61,-768,-807,1031,-468,-269,873,-130,983,-961,194,16,242,-245,108,-155,-130,249,-675,135,324,1225,-886,-218,-256,-127,-246,122,232,14,-408,-302,-64,344,1571,119,-567,-599,461,-517,1855,254,-642,-777,33,942,1702
1351,1334,-36,-1501,371,-614,-139,-110,401,-517,2177,-1442,-310,-473,8,849,-429,331,-33,-48,-773,17,346,1513,-749,-876,212,245,-317,-25,659,-671,7,-535,70,29,2211,-358,-250,-278,1027,-1686,1059,1155,104,-2298,635,1553,1006,8,-1266,-1108,-502,-130,61,-768,-807,1031,-468,-269,873,-130,983,-961,194,16,242,-245,108,-155,-130,249,-675,135,324,1225,-886,-218,-256,-127,-246,122,232,14,-408,-302,-64,344,1571,119,-567,-599,461,-517,1855,254,-642,-777,33,942,1702,-1563
1352,-36,-1501,371,-614,-139,-110,401,-517,2177,-1442,-310,-473,8,849,-429,331,-33,-48,-773,17,346,1513,-749,-876,212,245,-317,-25,659,-671,7,-535,70,29,2211,-358,-250,-278,1027,-1686,1059,1155,104,-2298,635,1553,1006,8,-1266,-1108,-502,-130,61,-768,-807,1031,-468,-269,873,-130,983,-961,194,16,242,-245,108,-155,-130,249,-675,135,324,1225,-886,-218,-256,-127,-246,122,232,14,-408,-302,-64,344,1571,119,-567,-599,461,-517,1855,254,-642,-777,33,942,1702,-1563,-400
1353,-1501,371,-614,-139,-110,401,-517,2177,-1442,-310,-473,8,849,-429,331,-33,-48,-773,17,346,1513,-749,-876,212,245,-317,-25,659,-671,7,-535,70,29,2211,-358,-250,-278,1027,-1686,1059,1155,104,-2298,635,1553,1006,8,-1266,-1108,-502,-130,61,-768,-807,1031,-468,-269,873,-130,983,-961,194,16,242,-245,108,-155,-130,249,-675,135,324,1225,-886,-218,-256,-127,-246,122,232,14,-408,-302,-64,344,1571,119,-567,-599,461,-517,1855,254,-642,-777,33,942,1702,-1563,-400,-1401
1354,371,-614,-139,-110,401,-517,2177,-1442,-310,-473,8,849,-429,331,-33,-48,-773,17,346,1513,-749,-876,212,245,-317,-25,659,-671,7,-535,70,29,2211,-358,-250,-278,1027,-1686,1059,1155,104,-2298,635,1553,1006,8,-1266,-1108,-502,-130,61,-768,-807,1031,-468,-269,873,-130,983,-961,194,16,242,-245,108,-155,-130,249,-675,135,324,1225,-886,-218,-256,-127,-246,122,232,14,-408,-302,-64,344,1571,119,-567,-599,461,-517,1855,254,-642,-777,33,942,1702,-1563,-400,-1401,-14
1355,-614,-139,-110,401,-517,2177,-1442,-310,-473,8,849,-429,331,-33,-48,-773,17,346,1513,-749,-876,212,245,-317,-25,659,-671,7,-535,70,29,2211,-358,-250,-278,1027,-1686,1059,1155,104,-2298,635,1553,1006,8,-1266,-1108,-502,-130,61,-768,-807,1031,-468,-269,873,-130,983,-961,194,16,242,-245,108,-155,-130,249,-675,135,324,1225,-886,-218,-256,-127,-246,122,232,14,-408,-302,-64,344,1571,119,-567,-599,461,-517,1855,254,-642,-777,33,942,1702,-1563,-400,-1401,-14,-297
1356,-139,-110,401,-517,2177,-1442,-310,-473,8,849,-429,331,-33,-48,-773,17,346,1513,-749,-876,212,245,-317,-25,659,-671,7,-535,70,29,2211,-358,-250,-278,1027,-1686,1059,1155,104,-2298,635,1553,1006,8,-1266,-1108,-502,-130,61,-768,-807,1031,-468,-269,873,-130,983,-961,194,16,242,-245,108,-155,-130,249,-675,135,324,1225,-886,-218,-256,-127,-246,122,232,14,-408,-302,-64,344,1571,119,-567,-599,461,-517,1855,254,-642,-777,33,942,1702,-1563,-400,-1401,-14,-297,-358
1357,-110,401,-517,2177,-1442,-310,-473,8,849,-429,331,-33,-48,-773,17,346,1513,-749,-876,212,245,-317,-25,659,-671,7,-535,70,29,2211,-358,-250,-278,1027,-1686,1059,1155,104,-2298,635,1553,1006,8,-1266,-1108,-502,-130,61,-768,-807,1031,-468,-269,873,-130,983,-961,194,16,242,-245,108,-155,-130,249,-675,135,324,1225,-886,-218,-256,-127,-246,122,232,14,-408,-302,-64,344,1571,119,-567,-599,461,-517,1855,254,-642,-777,33,942,1702,-1563,-400,-1401,-14,-297,-358,-90
1358,401,-517,2177,-1442,-310,-473,8,849,-429,331,-33,-48,-773,17,346,1513,-749,-876,212,245,-317,-25,659,-671,7,-535,70,29,2211,-358,-250,-278,1027,-1686,1059,1155,104,-2298,635,1553,1006,8,-1266,-1108,-502,-130,61,-768,-807,1031,-468,-269,873,-130,983,-961,194,16,242,-245,108,-155,-130,249,-675,135,324,1225,-886,-218,-256,-127,-246,122,232,14,-408,-302,-64,344,1571,119,-567,-599,461,-517,1855,254,-642,-777,33,942,1702,-1563,-400,-1401,-14,-297,-358,-90,-115
1359,-517,2177,-1442,-310,-473,8,849,-429,331,-33,-48,-773,17,346,1513,-749,-876,212,245,-317,-25,659,-671,7,-535,70,29,2211,-358,-250,-278,1027,-1686,1059,1155,104,-2298,635,1553,1006,8,-1266,-1108,-502,-130,61,-768,-807,1031,-468,-269,873,-130,983,-961,194,16,242,-245,108,-155,-130,249,-675,135,324,1225,-886,-218,-256,-127,-246,122,232,14,-408,-302,-64,344,1571,119,-567,-599,461,-517,1855,254,-642,-777,33,942,1702,-1563,-400,-1401,-14,-297,-358,-90,-115,-181
1360,2177,-1442,-310,-473,8,849,-429,331,-33,-48,-773,17,346,1513,-749,-876,212,245,-317,-25,659,-671,7,-535,70,29,2211,-358,-250,-278,1027,-1686,1059,1155,104,-2298,635,1553,1006,8,-1266,-1108,-502,-130,61,-768,-807,1031,-468,-269,873,-130,983,-961,194,16,242,-245,108,-155,-130,249,-675,135,324,1225,-886,-218,-256,-127,-246,122,232,14,-408,-302,-64,344,1571,119,-567,-599,461,-517,1855,254,-642,-777,33,942,1702,-1563,-400,-1401,-14,-297,-358,-90,-115,-181,54
1361,-1442,-310,-473,8,849,-429,331,-33,-48,-773,17,346,1513,-749,-876,212,245,-317,-25,659,-671,7,-535,70,29,2211,-358,-250,-278,1027,-1686,1059,1155,104,-2298,635,1553,1006,8,-1266,-1108,-502,-130,61,-768,-807,1031,-468,-269,873,-130,983,-961,194,16,242,-245,108,-155,-130,249,-675,135,324,1225,-886,-218,-256,-127,-246,122,232,14,-408,-302,-64,344,1571,119,-567,-599,461,-517,1855,254,-642,-777,33,942,1702,-1563,-400,-1401,-14,-297,-358,-90,-115,-181,54,-128
1362,-310,-473,8,849,-429,331,-33,-48,-773,17,346,1513,-749,-876,212,245,-317,-25,659,-671,7,-535,70,29,2211,-358,-250,-278,1027,-1686,1059,1155,104,-2298,635,1553,1006,8,-1266,-1108,-502,-130,61,-768,-807,1031,-468,-269,873,-130,983,-961,194,16,242,-245,108,-155,-130,249,-675,135,324,1225,-886,-218,-256,-127,-246,122,232,14,-408,-302,-64,344,1571,119,-567,-599,461,-517,1855,254,-642,-777,33,942,1702,-1563,-400,-1401,-14,-297,-358,-90,-115,-181,54,-128,1141
1363,-473,8,849,-429,331,-33,-48,-773,17,346,1513,-749,-876,212,245,-317,-25,659,-671,7,-535,70,29,2211,-358,-250,-278,1027,-1686,1059,1155,104,-2298,635,1553,1006,8,-1266,-1108,-502,-130,61,-768,-807,1031,-468,-269,873,-130,983,-961,194,16,242,-245,108,-155,-130,249,-675,135,324,1225,-886,-218,-256,-127,-246,122,232,14,-408,-302,-64,344,1571,119,-567,-599,461,-517,1855,254,-642,-777,33,942,1702,-1563,-400,-1401,-14,-297,-358,-90,-115,-181,54,-128,1141,-174
1364,8,849,-429,331,-33,-48,-773,17,346,1513,-749,-876,212,245,-317,-25,659,-671,7,-535,70,29,2211,-358,-250,-278,1027,-1686,1059,1155,104,-2298,635,1553,1006,8,-1266,-1108,-502,-130,61,-768,-807,1031,-468,-269,873,-130,983,-961,194,16,242,-245,108,-155,-130,249,-675,135,324,1225,-886,-218,-256,-127,-246,122,232,14,-408,-302,-64,344,1571,119,-567,-599,461,-517,1855,254,-642,-777,33,942,1702,-1563,-400,-1401,-14,-297,-358,-90,-115,-181,54,-128,1141,-174,228
1365,849,-429,331,-33,-48,-773,17,346,1513,-749,-876,212,245,-317,-25,659,-671,7,-535,70,29,2211,-358,-250,-278,1027,-1686,1059,1155,104,-2298,635,1553,1006,8,-1266,-1108,-502,-130,61,-768,-807,1031,-468,-269,873,-130,983,-961,194,16,242,-245,108,-155,-130,249,-675,135,324,1225,-886,-218,-256,-127,-246,122,232,14,-408,-302,-64,344,1571,119,-567,-599,461,-517,1855,254,-642,-777,33,942,1702,-1563,-400,-1401,-14,-297,-358,-90,-115,-181,54,-128,1141,-174,228,-544
1366,-429,331,-33,-48,-773,17,346,1513,-749,-876,212,245,-317,-25,659,-671,7,-535,70,29,2211,-358,-250,-278,1027,-1686,1059,1155,104,-2298,635,1553,1006,8,-1266,-1108,-502,-130,61,-768,-807,1031,-468,-269,873,-130,983,-961,194,16,242,-245,108,-155,-130,249,-675,135,324,1225,-886,-218,-256,-127,-246,122,232,14,-408,-302,-64,344,1571,119,-567,-599,461,-517,1855,254,-642,-777,33,942,1702,-1563,-400,-1401,-14,-297,-358,-90,-115,-181,54,-128,1141,-174,228,-544,266
1367,331,-33,-48,-773,17,346,1513,-749,-876,212,245,-317,-25,659,-671,7,-535,70,29,2211,-358,-250,-278,1027,-1686,1059,1155,104,-2298,635,1553,1006,8,-1266,-1108,-502,-130,61,-768,-807,1031,-468,-269,873,-130,983,-961,194,16,242,-245,108,-155,-130,249,-675,135,324,1225,-886,-218,-256,-127,-246,122,232,14,-408,-302,-64,344,1571,119,-567,-599,461,-517,1855,254,-642,-777,33,942,1702,-1563,-400,-1401,-14,-297,-358,-90,-115,-181,54,-128,1141,-174,228,-544,266,-305
1368,-33,-48,-773,17,346,1513,-749,-876,212,245,-317,-25,659,-671,7,-535,70,29,2211,-358,-250,-278,1027,-1686,1059,1155,104,-2298,635,1553,1006,8,-1266,-1108,-502,-130,61,-768,-807,1031,-468,-269,873,-130,983,-961,194,16,242,-245,108,-155,-130,249,-675,135,324,1225,-886,-218,-256,-127,-246,122,232,14,-408,-302,-64,344,1571,119,-567,-599,461,-517,1855,254,-642,-777,33,942,1702,-1563,-400,-1401,-14,-297,-358,-90,-115,-181,54,-128,1141,-174,228,-544,266,-305,390
1369,-48,-773,17,346,1513,-749,-876,212,245,-317,-25,659,-671,7,-535,70,29,2211,-358,-250,-278,1027,-1686,1059,1155,104,-2298,635,1553,1006,8,-1266,-1108,-502,-130,61,-768,-807,1031,-468,-269,873,-130,983,-961,194,16,242,-245,108,-155,-130,249,-675,135,324,1225,-886,-218,-256,-127,-246,122,232,14,-408,-302,-64,344,1571,119,-567,-599,461,-517,1855,254,-642,-777,33,942,1702,-1563,-400,-1401,-14,-297,-358,-90,-115,-181,54,-128,1141,-174,228,-544,266,-305,390,117
1370,-773,17,346,1513,-749,-876,212,245,-317,-25,659,-671,7,-535,70,29,2211,-358,-250,-278,1027,-1686,1059,1155,104,-2298,635,1553,1006,8,-1266,-1108,-502,-130,61,-768,-807,1031,-468,-269,873,-130,983,-961,194,16,242,-245,108,-155,-130,249,-675,135,324,1225,-886,-218,-256,-127,-246,122,232,14,-408,-302,-64,344,1571,119,-567,-599,461,-517,1855,254,-642,-777,33,942,1702,-1563,-400,-1401,-14,-297,-358,-90,-115,-181,54,-128,1141,-174,228,-544,266,-305,390,117,-292
1371,17,346,1513,-749,-876,212,245,-317,-25,659,-671,7,-535,70,29,2211,-358,-250,-278,1027,-1686,1059,1155,104,-2298,635,1553,1006,8,-1266,-1108,-502,-130,61,-768,-807,1031,-468,-269,873,-130,983,-961,194,16,242,-245,108,-155,-130,249,-675,135,324,1225,-886,-218,-256,-127,-246,122,232,14,-408,-302,-64,344,1571,119,-567,-599,461,-517,1855,254,-642,-777,33,942,1702,-1563,-400,-1401,-14,-297,-358,-90,-115,-181,54,-128,1141,-174,228,-544,266,-305,390,117,-292,598
1372,346,1513,-749,-876,212,245,-317,-25,659,-671,7,-535,70,29,2211,-358,-250,-278,1027,-1686,1059,1155,104,-2298,635,1553,1006,8,-1266,-1108,-502,-130,61,-768,-807,1031,-468,-269,873,-130,983,-961,194,16,242,-245,108,-155,-130,249,-675,135,324,1225,-886,-218,-256,-127,-246,122,232,14,-408,-302,-64,344,1571,119,-567,-599,461,-517,1855,254,-642,-777,33,942,1702,-1563,-400,-1401,-14,-297,-358,-90,-115,-181,54,-128,1141,-174,228,-544,266,-305,390,117,-292,598,-699
1373,1513,-749,-876,212,245,-317,-25,659,-671,7,-535,70,29,2211,-358,-250,-278,1027,-1686,1059,1155,104,-2298,635,1553,1006,8,-1266,-1108,-502,-130,61,-768,-807,1031,-468,-269,873,-130,983,-961,194,16,242,-245,108,-155,-130,249,-675,135,324,1225,-886,-218,-256,-127,-246,122,232,14,-408,-302,-64,344,1571,119,-567,-599,461,-517,1855,254,-642,-777,33,942,1702,-1563,-400,-1401,-14,-297,-358,-90,-115,-181,54,-128,1141,-174,228,-544,266,-305,390,117,-292,598,-699,518
1374,-749,-876,212,245,-317,-25,659,-671,7,-535,70,29,2211,-358,-250,-278,1027,-1686,1059,1155,104,-2298,635,1553,1006,8,-1266,-1108,-502,-130,61,-768,-807,1031,-468,-269,873,-130,983,-961,194,16,242,-245,108,-155,-130,249,-675,135,324,1225,-886,-218,-256,-127,-246,122,232,14,-408,-302,-64,344,1571,119,-567,-599,461,-517,1855,254,-642,-777,33,942,1702,-1563,-400,-1401,-14,-297,-358,-90,-115,-181,54,-128,1141,-174,228,-544,266,-305,390,117,-292,598,-699,518,-590
1375,-876,212,245,-317,-25,659,-671,7,-535,70,29,2211,-358,-250,-278,1027,-1686,1059,1155,104,-2298,635,1553,1006,8,-1266,-1108,-502,-130,61,-768,-807,1031,-468,-269,873,-130,983,-961,194,16,242,-245,108,-155,-130,249,-675,135,324,1225,-886,-218,-256,-127,-246,122,232,14,-408,-302,-64,344,1571,119,-567,-599,461,-517,1855,254,-642,-777,33,942,1702,-1563,-400,-1401,-14,-297,-358,-90,-115,-181,54,-128,1141,-174,228,-544,266,-305,390,117,-292,598,-699,518,-590,-340
1376,212,245,-317,-25,659,-671,7,-535,70,29,2211,-358,-250,-278,1027,-1686,1059,1155,104,-2298,635,1553,1006,8,-1266,-1108,-502,-130,61,-768,-807,1031,-468,-269,873,-130,983,-961,194,16,242,-245,108,-155,-130,249,-675,135,324,1225,-886,-218,-256,-127,-246,122,232,14,-408,-302,-64,344,1571,119,-567,-599,461,-517,1855,254,-642,-777,33,942,1702,-1563,-400,-1401,-14,-297,-358,-90,-115,-181,54,-128,1141,-174,228,-544,266,-305,390,117,-292,598,-699,518,-590,-340,510
1377,245,-317,-25,659,-671,7,-535,70,29,2211,-358,-250,-278,1027,-1686,1059,1155,104,-2298,635,1553,1006,8,-1266,-1108,-502,-130,61,-768,-807,1031,-468,-269,873,-130,983,-961,194,16,242,-245,108,-155,-130,249,-675,135,324,1225,-886,-218,-256,-127,-246,122,232,14,-408,-302,-64,344,1571,119,-567,-599,461,-517,1855,254,-642,-777,33,942,1702,-1563,-400,-1401,-14,-297,-358,-90,-115,-181,54,-128,1141,-174,228,-544,266,-305,390,117,-292,598,-699,518,-590,-340,510,1787
1378,-317,-25,659,-671,7,-535,70,29,2211,-358,-250,-278,1027,-1686,1059,1155,104,-2298,635,1553,1006,8,-1266,-1108,-502,-130,61,-768,-807,1031,-468,-269,873,-130,983,-961,194,16,242,-245,108,-155,-130,249,-675,135,324,1225,-886,-218,-256,-127,-246,122,232,14,-408,-302,-64,344,1571,119,-567,-599,461,-517,1855,254,-642,-777,33,942,1702,-1563,-400,-1401,-14,-297,-358,-90,-115,-181,54,-128,1141,-174,228,-544,266,-305,390,117,-292,598,-699,518,-590,-340,510,1787,-1204
1379,-25,659,-671,7,-535,70,29,2211,-358,-250,-278,1027,-1686,1059,1155,104,-2298,635,1553,1006,8,-1266,-1108,-502,-130,61,-768,-807,1031,-468,-269,873,-130,983,-961,194,16,242,-245,108,-155,-130,249,-675,135,324,1225,-886,-218,-256,-127,-246,122,232,14,-408,-302,-64,344,1571,119,-567,-599,461,-517,1855,254,-642,-777,33,942,1702,-1563,-400,-1401,-14,-297,-358,-90,-115,-181,54,-128,1141,-174,228,-544,266,-305,390,117,-292,598,-699,518,-590,-340,510,1787,-1204,-471
1380,659,-671,7,-535,70,29,2211,-358,-250,-278,1027,-1686,1059,1155,104,-2298,635,1553,1006,8,-1266,-1108,-502,-130,61,-768,-807,1031,-468,-269,873,-130,983,-961,194,16,242,-245,108,-155,-130,249,-675,135,324,1225,-886,-218,-256,-127,-246,122,232,14,-408,-302,-64,344,1571,119,-567,-599,461,-517,1855,254,-642,-777,33,942,1702,-1563,-400,-1401,-14,-297,-358,-90,-115,-181,54,-128,1141,-174,228,-544,266,-305,390,117,-292,598,-699,518,-590,-340,510,1787,-1204,-471,-268
1381,-671,7,-535,70,29,2211,-358,-250,-278,1027,-1686,1059,1155,104,-2298,635,1553,1006,8,-1266,-1108,-502,-130,61,-768,-807,1031,-468,-269,873,-130,983,-961,194,16,242,-245,108,-155,-130,249,-675,135,324,1225,-886,-218,-256,-127,-246,122,232,14,-408,-302,-64,344,1571,119,-567,-599,461,-517,1855,254,-642,-777,33,942,1702,-1563,-400,-1401,-14,-297,-358,-90,-115,-181,54,-128,1141,-174,228,-544,266,-305,390,117,-292,598,-699,518,-590,-340,510,1787,-1204,-471,-268,28
1382,7,-535,70,29,2211,-358,-250,-278,1027,-1686,1059,1155,104,-2298,635,1553,1006,8,-1266,-1108,-502,-130,61,-768,-807,1031,-468,-269,873,-130,983,-961,194,16,242,-245,108,-155,-130,249,-675,135,324,1225,-886,-218,-256,-127,-246,122,232,14,-408,-302,-64,344,1571,119,-567,-599,461,-517,1855,254,-642,-777,33,942,1702,-1563,-400,-1401,-14,-297,-358,-90,-115,-181,54,-128,1141,-174,228,-544,266,-305,390,117,-292,598,-699,518,-590,-340,510,1787,-1204,-471,-268,28,-14
1383,-535,70,29,2211,-358,-250,-278,1027,-1686,1059,1155,104,-2298,635,1553,1006,8,-1266,-1108,-502,-130,61,-768,-807,1031,-468,-269,873,-130,983,-961,194,16,242,-245,108,-155,-130,249,-675,135,324,1225,-886,-218,-256,-127,-246,122,232,14,-408,-302,-64,344,1571,119,-567,-599,461,-517,1855,254,-642,-777,33,942,1702,-1563,-400,-1401,-14,-297,-358,-90,-115,-181,54,-128,1141,-174,228,-544,266,-305,390,117,-292,598,-699,518,-590,-340,510,1787,-1204,-471,-268,28,-14,-168
1384,70,29,2211,-358,-250,-278,1027,-1686,1059,1155,104,-2298,635,1553,1006,8,-1266,-1108,-502,-130,61,-768,-807,1031,-468,-269,873,-130,983,-961,194,16,242,-245,108,-155,-130,249,-675,135,324,1225,-886,-218,-256,-127,-246,122,232,14,-408,-302,-64,344,1571,119,-567,-599,461,-517,1855,254,-642,-777,33,942,1702,-1563,-400,-1401,-14,-297,-358,-90,-115,-181,54,-128,1141,-174,228,-544,266,-305,390,117,-292,598,-699,518,-590,-340,510,1787,-1204,-471,-268,28,-14,-168,330
1385,29,2211,-358,-250,-278,1027,-1686,1059,1155,104,-2298,635,1553,1006,8,-1266,-1108,-502,-130,61,-768,-807,1031,-468,-269,873,-130,983,-961,194,16,242,-245,108,-155,-130,249,-675,135,324,1225,-886,-218,-256,-127,-246,122,232,14,-408,-302,-64,344,1571,119,-567,-599,461,-517,1855,254,-642,-777,33,942,1702,-1563,-400,-1401,-14,-297,-358,-90,-115,-181,54,-128,1141,-174,228,-544,266,-305,390,117,-292,598,-699,518,-590,-340,510,1787,-1204,-471,-268,28,-14,-168,330,-350
1386,2211,-358,-250,-278,1027,-1686,1059,1155,104,-2298,635,1553,1006,8,-1266,-1108,-502,-130,61,-768,-807,1031,-468,-269,873,-130,983,-961,194,16,242,-245,108,-155,-130,249,-675,135,324,1225,-886,-218,-256,-127,-246,122,232,14,-408,-302,-64,344,1571,119,-567,-599,461,-517,1855,254,-642,-777,33,942,1702,-1563,-400,-1401,-14,-297,-358,-90,-115,-181,54,-128,1141,-174,228,-544,266,-305,390,117,-292,598,-699,518,-590,-340,510,1787,-1204,-471,-268,28,-14,-168,330,-350,-349
1387,-358,-250,-278,1027,-1686,1059,1155,104,-2298,635,1553,1006,8,-1266,-1108,-502,-130,61,-768,-807,1031,-468,-269,873,-130,983,-961,194,16,242,-245,108,-155,-130,249,-675,135,324,1225,-886,-218,-256,-127,-246,122,232,14,-408,-302,-64,344,1571,119,-567,-599,461,-517,1855,254,-642,-777,33,942,1702,-1563,-400,-1401,-14,-297,-358,-90,-115,-181,54,-128,1141,-174,228,-544,266,-305,390,117,-292,598,-699,518,-590,-340,510,1787,-1204,-471,-268,28,-14,-168,330,-350,-349,60
1388,-250,-278,1027,-1686,1059,1155,104,-2298,635,1553,1006,8,-1266,-1108,-502,-130,61,-768,-807,1031,-468,-269,873,-130,983,-961,194,16,242,-245,108,-155,-130,249,-675,135,324,1225,-886,-218,-256,-127,-246,122,232,14,-408,-302,-64,344,1571,119,-567,-599,461,-517,1855,254,-642,-777,33,942,1702,-1563,-400,-1401,-14,-297,-358,-90,-115,-181,54,-128,1141,-174,228,-544,266,-305,390,117,-292,598,-699,518,-590,-340,510,1787,-1204,-471,-268,28,-14,-168,330,-350,-349,60,-257
1389,-278,1027,-1686,1059,1155,104,-2298,635,1553,1006,8,-1266,-1108,-502,-130,61,-768,-807,1031,-468,-269,873,-130,983,-961,194,16,242,-245,108,-155,-130,249,-675,135,324,1225,-886,-218,-256,-127,-246,122,232,14,-408,-302,-64,344,1571,119,-567,-599,461,-517,1855,254,-642,-777,33,942,1702,-1563,-400,-1401,-14,-297,-358,-90,-115,-181,54,-128,1141,-174,228,-544,266,-305,390,117,-292,598,-699,518,-590,-340,510,1787,-1204,-471,-268,28,-14,-168,330,-350,-349,60,-257,538
1390,1027,-1686,1059,1155,104,-2298,635,1553,1006,8,-1266,-1108,-502,-130,61,-768,-807,1031,-468,-269,873,-130,983,-961,194,16,242,-245,108,-155,-130,249,-675,135,324,1225,-886,-218,-256,-127,-246,122,232,14,-408,-302,-64,344,1571,119,-567,-599,461,-517,1855,254,-642,-777,33,942,1702,-1563,-400,-1401,-14,-297,-358,-90,-115,-181,54,-128,1141,-174,228,-544,266,-305,390,117,-292,598,-699,518,-590,-340,510,1787,-1204,-471,-268,28,-14,-168,330,-350,-349,60,-257,538,1225
1391,-1686,1059,1155,104,-2298,635,1553,1006,8,-1266,-1108,-502,-130,61,-768,-807,1031,-468,-269,873,-130,983,-961,194,16,242,-245,108,-155,-130,249,-675,135,324,1225,-886,-218,-256,-127,-246,122,232,14,-408,-302,-64,344,1571,119,-567,-599,461,-517,1855,254,-642,-777,33,942,1702,-1563,-400,-1401,-14,-297,-358,-90,-115,-181,54,-128,1141,-174,228,-544,266,-305,390,117,-292,598,-699,518,-590,-340,510,1787,-1204,-471,-268,28,-14,-168,330,-350,-349,60,-257,538,1225,-570
1392,1059,1155,104,-2298,635,1553,1006,8,-1266,-1108,-502,-130,61,-768,-807,1031,-468,-269,873,-130,983,-961,194,16,242,-245,108,-155,-130,249,-675,135,324,1225,-886,-218,-256,-127,-246,122,232,14,-408,-302,-64,344,1571,119,-567,-599,461,-517,1855,254,-642,-777,33,942,1702,-1563,-400,-1401,-14,-297,-358,-90,-115,-181,54,-128,1141,-174,228,-544,266,-305,390,117,-292,598,-699,518,-590,-340,510,1787,-1204,-471,-268,28,-14,-168,330,-350,-349,60,-257,538,1225,-570,183
1393,1155,104,-2298,635,1553,1006,8,-1266,-1108,-502,-130,61,-768,-807,1031,-468,-269,873,-130,983,-961,194,16,242,-245,108,-155,-130,249,-675,135,324,1225,-886,-218,-256,-127,-246,122,232,14,-408,-302,-64,344,1571,119,-567,-599,461,-517,1855,254,-642,-777,33,942,1702,-1563,-400,-1401,-14,-297,-358,-90,-115,-181,54,-128,1141,-174,228,-544,266,-305,390,117,-292,598,-699,518,-590,-340,510,1787,-1204,-471,-268,28,-14,-168,330,-350,-349,60,-257,538,1225,-570,183,-356
1394,104,-2298,635,1553,1006,8,-1266,-1108,-502,-130,61,-768,-807,1031,-468,-269,873,-130,983,-961,194,16,242,-245,108,-155,-130,249,-675,135,324,1225,-886,-218,-256,-127,-246,122,232,14,-408,-302,-64,344,1571,119,-567,-599,461,-517,1855,254,-642,-777,33,942,1702,-1563,-400,-1401,-14,-297,-358,-90,-115,-181,54,-128,1141,-174,228,-544,266,-305,390,117,-292,598,-699,518,-590,-340,510,1787,-1204,-471,-268,28,-14,-168,330,-350,-349,60,-257,538,1225,-570,183,-356,698
1395,-2298,635,1553,1006,8,-1266,-1108,-502,-130,61,-768,-807,1031,-468,-269,873,-130,983,-961,194,16,242,-245,108,-155,-130,249,-675,135,324,1225,-886,-218,-256,-127,-246,122,232,14,-408,-302,-64,344,1571,119,-567,-599,461,-517,1855,254,-642,-777,33,942,1702,-1563,-400,-1401,-14,-297,-358,-90,-115,-181,54,-128,1141,-174,228,-544,266,-305,390,117,-292,598,-699,518,-590,-340,510,1787,-1204,-471,-268,28,-14,-168,330,-350,-349,60,-257,538,1225,-570,183,-356,698,-665
1396,635,1553,1006,8,-1266,-1108,-502,-130,61,-768,-807,1031,-468,-269,873,-130,983,-961,194,16,242,-245,108,-155,-130,249,-675,135,324,1225,-886,-218,-256,-127,-246,122,232,14,-408,-302,-64,344,1571,119,-567,-599,461,-517,1855,254,-642,-777,33,942,1702,-1563,-400,-1401,-14,-297,-358,-90,-115,-181,54,-128,1141,-174,228,-544,266,-305,390,117,-292,598,-699,518,-590,-340,510,1787,-1204,-471,-268,28,-14,-168,330,-350,-349,60,-257,538,1225,-570,183,-356,698,-665,149
1397,1553,1006,8,-1266,-1108,-502,-130,61,-768,-807,1031,-468,-269,873,-130,983,-961,194,16,242,-245,108,-155,-130,249,-675,135,324,1225,-886,-218,-256,-127,-246,122,232,14,-408,-302,-64,344,1571,119,-567,-599,461,-517,1855,254,-642,-777,33,942,1702,-1563,-400,-1401,-14,-297,-358,-90,-115,-181,54,-128,1141,-174,228,-544,266,-305,390,117,-292,598,-699,518,-590,-340,510,1787,-1204,-471,-268,28,-14,-168,330,-350,-349,60,-257,538,1225,-570,183,-356,698,-665,149,666
1398,1006,8,-1266,-1108,-502,-130,61,-768,-807,1031,-468,-269,873,-130,983,-961,194,16,242,-245,108,-155,-130,249,-675,135,324,1225,-886,-218,-256,-127,-246,122,232,14,-408,-302,-64,344,1571,119,-567,-599,461,-517,1855,254,-642,-777,33,942,1702,-1563,-400,-1401,-14,-297,-358,-90,-115,-181,54,-128,1141,-174,228,-544,266,-305,390,117,-292,598,-699,518,-590,-340,510,1787,-1204,-471,-268,28,-14,-168,330,-350,-349,60,-257,538,1225,-570,183,-356,698,-665,149,666,478
1399,8,-1266,-1108,-502,-130,61,-768,-807,1031,-468,-269,873,-130,983,-961,194,16,242,-245,108,-155,-130,249,-675,135,324,1225,-886,-218,-256,-127,-246,122,232,14,-408,-302,-64,344,1571,119,-567,-599,461,-517,1855,254,-642,-777,33,942,1702,-1563,-400,-1401,-14,-297,-358,-90,-115,-181,54,-128,1141,-174,228,-544,266,-305,390,117,-292,598,-699,518,-590,-340,510,1787,-1204,-471,-268,28,-14,-168,330,-350,-349,60,-257,538,1225,-570,183,-356,698,-665,149,666,478,-1277
1400,-1266,-1108,-502,-130,61,-768,-807,1031,-468,-269,873,-130,983,-961,194,16,242,-245,108,-155,-130,249,-675,135,324,1225,-886,-218,-256,-127,-246,122,232,14,-408,-302,-64,344,1571,119,-567,-599,461,-517,1855,254,-642,-777,33,942,1702,-1563,-400,-1401,-14,-297,-358,-90,-115,-181,54,-128,1141,-174,228,-544,266,-305,390,117,-292,598,-699,518,-590,-340,510,1787,-1204,-471,-268,28,-14,-168,330,-350,-349,60,-257,538,1225,-570,183,-356,698,-665,149,666,478,-1277,-10
1401,-1108,-502,-130,61,-768,-807,1031,-468,-269,873,-130,983,-961,194,16,242,-245,108,-155,-130,249,-675,135,324,1225,-886,-218,-256,-127,-246,122,232,14,-408,-302,-64,344,1571,119,-567,-599,461,-517,1855,254,-642,-777,33,942,1702,-1563,-400,-1401,-14,-297,-358,-90,-115,-181,54,-128,1141,-174,228,-544,266,-305,390,117,-292,598,-699,518,-590,-340,510,1787,-1204,-471,-268,28,-14,-168,330,-350,-349,60,-257,538,1225,-570,183,-356,698,-665,149,666,478,-1277,-10,1596
1402,-502,-130,61,-768,-807,1031,-468,-269,873,-130,983,-961,194,16,242,-245,108,-155,-130,249,-675,135,324,1225,-886,-218,-256,-127,-246,122,232,14,-408,-302,-64,344,1571,119,-567,-599,461,-517,1855,254,-642,-777,33,942,1702,-1563,-400,-1401,-14,-297,-358,-90,-115,-181,54,-128,1141,-174,228,-544,266,-305,390,117,-292,598,-699,518,-590,-340,510,1787,-1204,-471,-268,28,-14,-168,330,-350,-349,60,-257,538,1225,-570,183,-356,698,-665,149,666,478,-1277,-10,1596,68
1403,-130,61,-768,-807,1031,-468,-269,873,-130,983,-961,194,16,242,-245,108,-155,-130,249,-675,135,324,1225,-886,-218,-256,-127,-246,122,232,14,-408,-302,-64,344,1571,119,-567,-599,461,-517,1855,254,-642,-777,33,942,1702,-1563,-400,-1401,-14,-297,-358,-90,-115,-181,54,-128,1141,-174,228,-544,266,-305,390,117,-292,598,-699,518,-590,-340,510,1787,-1204,-471,-268,28,-14,-168,330,-350,-349,60,-257,538,1225,-570,183,-356,698,-665,149,666,478,-1277,-10,1596,68,548
1404,61,-768,-807,1031,-468,-269,873,-130,983,-961,194,16,242,-245,108,-155,-130,249,-675,135,324,1225,-886,-218,-256,-127,-246,122,232,14,-408,-302,-64,344,1571,119,-567,-599,461,-517,1855,254,-642,-777,33,942,1702,-1563,-400,-1401,-14,-297,-358,-90,-115,-181,54,-128,1141,-174,228,-544,266,-305,390,117,-292,598,-699,518,-590,-340,510,1787,-1204,-471,-268,28,-14,-168,330,-350,-349,60,-257,538,1225,-570,183,-356,698,-665,149,666,478,-1277,-10,1596,68,548,-1099
1405,-768,-807,1031,-468,-269,873,-130,983,-961,194,16,242,-245,108,-155,-130,249,-675,135,324,1225,-886,-218,-256,-127,-246,122,232,14,-408,-302,-64,344,1571,119,-567,-599,461,-517,1855,254,-642,-777,33,942,1702,-1563,-400,-1401,-14,-297,-358,-90,-115,-181,54,-128,1141,-174,228,-544,266,-305,390,117,-292,598,-699,518,-590,-340,510,1787,-1204,-471,-268,28,-14,-168,330,-350,-349,60,-257,538,1225,-570,183,-356,698,-665,149,666,478,-1277,-10,1596,68,548,-1099,-597
1406,-807,1031,-468,-269,873,-130,983,-961,194,16,242,-245,108,-155,-130,249,-675,135,324,1225,-886,-218,-256,-127,-246,122,232,14,-408,-302,-64,344,1571,119,-567,-599,461,-517,1855,254,-642,-777,33,942,1702,-1563,-400,-1401,-14,-297,-358,-90,-115,-181,54,-128,1141,-174,228,-544,266,-305,390,117,-292,598,-699,518,-590,-340,510,1787,-1204,-471,-268,28,-14,-168,330,-350,-349,60,-257,538,1225,-570,183,-356,698,-665,149,666,478,-1277,-10,1596,68,548,-1099,-597,-872
1407,1031,-468,-269,873,-130,983,-961,194,16,242,-245,108,-155,-130,249,-675,135,324,1225,-886,-218,-256,-127,-246,122,232,14,-408,-302,-64,344,1571,119,-567,-599,461,-517,1855,254,-642,-777,33,942,1702,-1563,-400,-1401,-14,-297,-358,-90,-115,-181,54,-128,1141,-174,228,-544,266,-305,390,117,-292,598,-699,518,-590,-340,510,1787,-1204,-471,-268,28,-14,-168,330,-350,-349,60,-257,538,1225,-570,183,-356,698,-665,149,666,478,-1277,-10,1596,68,548,-1099,-597,-872,-60
1408,-468,-269,873,-130,983,-961,194,16,242,-245,108,-155,-130,249,-675,135,324,1225,-886,-218,-256,-127,-246,122,232,14,-408,-302,-64,344,1571,119,-567,-599,461,-517,1855,254,-642,-777,33,942,1702,-1563,-400,-1401,-14,-297,-358,-90,-115,-181,54,-128,1141,-174,228,-544,266,-305,390,117,-292,598,-699,518,-590,-340,510,1787,-1204,-471,-268,28,-14,-168,330,-350,-349,60,-257,538,1225,-570,183,-356,698,-665,149,666,478,-1277,-10,1596,68,548,-1099,-597,-872,-60,63
1409,-269,873,-130,983,-961,194,16,242,-245,108,-155,-130,249,-675,135,324,1225,-886,-218,-256,-127,-246,122,232,14,-408,-302,-64,344,1571,119,-567,-599,461,-517,1855,254,-642,-777,33,942,1702,-1563,-400,-1401,-14,-297,-358,-90,-115,-181,54,-128,1141,-174,228,-544,266,-305,390,117,-292,598,-699,518,-590,-340,510,1787,-1204,-471,-268,28,-14,-168,330,-350,-349,60,-257,538,1225,-570,183,-356,698,-665,149,666,478,-1277,-10,1596,68,548,-1099,-597,-872,-60,63,-604
1410,873,-130,983,-961,194,16,242,-245,108,-155,-130,249,-675,135,324,1225,-886,-218,-256,-127,-246,122,232,14,-408,-302,-64,344,1571,119,-567,-599,461,-517,1855,254,-642,-777,33,942,1702,-1563,-400,-1401,-14,-297,-358,-90,-115,-181,54,-128,1141,-174,228,-544,266,-305,390,117,-292,598,-699,518,-590,-340,510,1787,-1204,-471,-268,28,-14,-168,330,-350,-349,60,-257,538,1225,-570,183,-356,698,-665,149,666,478,-1277,-10,1596,68,548,-1099,-597,-872,-60,63,-604,-105
1411,-130,983,-961,194,16,242,-245,108,-155,-130,249,-675,135,324,1225,-886,-218,-256,-127,-246,122,232,14,-408,-302,-64,344,1571,119,-567,-599,461,-517,1855,254,-642,-777,33,942,1702,-1563,-400,-1401,-14,-297,-358,-90,-115,-181,54,-128,1141,-174,228,-544,266,-305,390,117,-292,598,-699,518,-590,-340,510,1787,-1204,-471,-268,28,-14,-168,330,-350,-349,60,-257,538,1225,-570,183,-356,698,-665,149,666,478,-1277,-10,1596,68,548,-1099,-597,-872,-60,63,-604,-105,455
1412,983,-961,194,16,242,-245,108,-155,-130,249,-675,135,324,1225,-886,-218,-256,-127,-246,122,232,14,-408,-302,-64,344,1571,119,-567,-599,461,-517,1855,254,-642,-777,33,942,1702,-1563,-400,-1401,-14,-297,-358,-90,-115,-181,54,-128,1141,-174,228,-544,266,-305,390,117,-292,598,-699,518,-590,-340,510,1787,-1204,-471,-268,28,-14,-168,330,-350,-349,60,-257,538,1225,-570,183,-356,698,-665,149,666,478,-1277,-10,1596,68,548,-1099,-597,-872,-60,63,-604,-105,455,-406
1413,-961,194,16,242,-245,108,-155,-130,249,-675,135,324,1225,-886,-218,-256,-127,-246,122,232,14,-408,-302,-64,344,1571,119,-567,-599,461,-517,1855,254,-642,-777,33,942,1702,-1563,-400,-1401,-14,-297,-358,-90,-115,-181,54,-128,1141,-174,228,-544,266,-305,390,117,-292,598,-699,518,-590,-340,510,1787,-1204,-471,-268,28,-14,-168,330,-350,-349,60,-257,538,1225,-570,183,-356,698,-665,149,666,478,-1277,-10,1596,68,548,-1099,-597,-872,-60,63,-604,-105,455,-406,-73
1414,194,16,242,-245,108,-155,-130,249,-675,135,324,1225,-886,-218,-256,-127,-246,122,232,14,-408,-302,-64,344,1571,119,-567,-599,461,-517,1855,254,-642,-777,33,942,1702,-1563,-400,-1401,-14,-297,-358,-90,-115,-181,54,-128,1141,-174,228,-544,266,-305,390,117,-292,598,-699,518,-590,-340,510,1787,-1204,-471,-268,28,-14,-168,330,-350,-349,60,-257,538,1225,-570,183,-356,698,-665,149,666,478,-1277,-10,1596,68,548,-1099,-597,-872,-60,63,-604,-105,455,-406,-73,1542
1415,16,242,-245,108,-155,-130,249,-675,135,324,1225,-886,-218,-256,-127,-246,122,232,14,-408,-302,-64,344,1571,119,-567,-599,461,-517,1855,254,-642,-777,33,942,1702,-1563,-400,-1401,-14,-297,-358,-90,-115,-181,54,-128,1141,-174,228,-544,266,-305,390,117,-292,598,-699,518,-590,-340,510,1787,-1204,-471,-268,28,-14,-168,330,-350,-349,60,-257,538,1225,-570,183,-356,698,-665,149,666,478,-1277,-10,1596,68,548,-1099,-597,-872,-60,63,-604,-105,455,-406,-73,1542,-1221
1416,242,-245,108,-155,-130,249,-675,135,324,1225,-886,-218,-256,-127,-246,122,232,14,-408,-302,-64,344,1571,119,-567,-599,461,-517,1855,254,-642,-777,33,942,1702,-1563,-400,-1401,-14,-297,-358,-90,-115,-181,54,-128,1141,-174,228,-544,266,-305,390,117,-292,598,-699,518,-590,-340,510,1787,-1204,-471,-268,28,-14,-168,330,-350,-349,60,-257,538,1225,-570,183,-356,698,-665,149,666,478,-1277,-10,1596,68,548,-1099,-597,-872,-60,63,-604,-105,455,-406,-73,1542,-1221,861
1417,-245,108,-155,-130,249,-675,135,324,1225,-886,-218,-256,-127,-246,122,232,14,-408,-302,-64,344,1571,119,-567,-599,461,-517,1855,254,-642,-777,33,942,1702,-1563,-400,-1401,-14,-297,-358,-90,-115,-181,54,-128,1141,-174,228,-544,266,-305,390,117,-292,598,-699,518,-590,-340,510,1787,-1204,-471,-268,28,-14,-168,330,-350,-349,60,-257,538,1225,-570,183,-356,698,-665,149,666,478,-1277,-10,1596,68,548,-1099,-597,-872,-60,63,-604,-105,455,-406,-73,1542,-1221,861,-474
1418,108,-155,-130,249,-675,135,324,1225,-886,-218,-256,-127,-246,122,232,14,-408,-302,-64,344,1571,119,-567,-599,461,-517,1855,254,-642,-777,33,942,1702,-1563,-400,-1401,-14,-297,-358,-90,-115,-181,54,-128,1141,-174,228,-544,266,-305,390,117,-292,598,-699,518,-590,-340,510,1787,-1204,-471,-268,28,-14,-168,330,-350,-349,60,-257,538,1225,-570,183,-356,698,-665,149,666,478,-1277,-10,1596,68,548,-1099,-597,-872,-60,63,-604,-105,455,-406,-73,1542,-1221,861,-474,-418
1419,-155,-130,249,-675,135,324,1225,-886,-218,-256,-127,-246,122,232,14,-408,-302,-64,344,1571,119,-567,-599,461,-517,1855,254,-642,-777,33,942,1702,-1563,-400,-1401,-14,-297,-358,-90,-115,-181,54,-128,1141,-174,228,-544,266,-305,390,117,-292,598,-699,518,-590,-340,510,1787,-1204,-471,-268,28,-14,-168,330,-350,-349,60,-257,538,1225,-570,183,-356,698,-665,149,666,478,-1277,-10,1596,68,548,-1099,-597,-872,-60,63,-604,-105,455,-406,-73,1542,-1221,861,-474,-418,455
1420,-130,249,-675,135,324,1225,-886,-218,-256,-127,-246,122,232,14,-408,-302,-64,344,1571,119,-567,-599,461,-517,1855,254,-642,-777,33,942,1702,-1563,-400,-1401,-14,-297,-358,-90,-115,-181,54,-128,1141,-174,228,-544,266,-305,390,117,-292,598,-699,518,-590,-340,510,1787,-1204,-471,-268,28,-14,-168,330,-350,-349,60,-257,538,1225,-570,183,-356,698,-665,149,666,478,-1277,-10,1596,68,548,-1099,-597,-872,-60,63,-604,-105,455,-406,-73,1542,-1221,861,-474,-418,455,-186
1421,249,-675,135,324,1225,-886,-218,-256,-127,-246,122,232,14,-408,-302,-64,344,1571,119,-567,-599,461,-517,1855,254,-642,-777,33,942,1702,-1563,-400,-1401,-14,-297,-358,-90,-115,-181,54,-128,1141,-174,228,-544,266,-305,390,117,-292,598,-699,518,-590,-340,510,1787,-1204,-471,-268,28,-14,-168,330,-350,-349,60,-257,538,1225,-570,183,-356,698,-665,149,666,478,-1277,-10,1596,68,548,-1099,-597,-872,-60,63,-604,-105,455,-406,-73,1542,-1221,861,-474,-418,455,-186,325
1422,-675,135,324,1225,-886,-218,-256,-127,-246,122,232,14,-408,-302,-64,344,1571,119,-567,-599,461,-517,1855,254,-642,-777,33,942,1702,-1563,-400,-1401,-14,-297,-358,-90,-115,-181,54,-128,1141,-174,228,-544,266,-305,390,117,-292,598,-699,518,-590,-340,510,1787,-1204,-471,-268,28,-14,-168,330,-350,-349,60,-257,538,1225,-570,183,-356,698,-665,149,666,478,-1277,-10,1596,68,548,-1099,-597,-872,-60,63,-604,-105,455,-406,-73,1542,-1221,861,-474,-418,455,-186,325,247
1423,135,324,1225,-886,-218,-256,-127,-246,122,232,14,-408,-302,-64,344,1571,119,-567,-599,461,-517,1855,254,-642,-777,33,942,1702,-1563,-400,-1401,-14,-297,-358,-90,-115,-181,54,-128,1141,-174,228,-544,266,-305,390,117,-292,598,-699,518,-590,-340,510,1787,-1204,-471,-268,28,-14,-168,330,-350,-349,60,-257,538,1225,-570,183,-356,698,-665,149,666,478,-1277,-10,1596,68,548,-1099,-597,-872,-60,63,-604,-105,455,-406,-73,1542,-1221,861,-474,-418,455,-186,325,247,-280
1424,324,1225,-886,-218,-256,-127,-246,122,232,14,-408,-302,-64,344,1571,119,-567,-599,461,-517,1855,254,-642,-777,33,942,1702,-1563,-400,-1401,-14,-297,-358,-90,-115,-181,54,-128,1141,-174,228,-544,266,-305,390,117,-292,598,-699,518,-590,-340,510,1787,-1204,-471,-268,28,-14,-168,330,-350,-349,60,-257,538,1225,-570,183,-356,698,-665,149,666,478,-1277,-10,1596,68,548,-1099,-597,-872,-60,63,-604,-105,455,-406,-73,1542,-1221,861,-474,-418,455,-186,325,247,-280,-147
1425,1225,-886,-218,-256,-127,-246,122,232,14,-408,-302,-64,344,1571,119,-567,-599,461,-517,1855,254,-642,-777,33,942,1702,-1563,-400,-1401,-14,-297,-358,-90,-115,-181,54,-128,1141,-174,228,-544,266,-305,390,117,-292,598,-699,518,-590,-340,510,1787,-1204,-471,-268,28,-14,-168,330,-350,-349,60,-257,538,1225,-570,183,-356,698,-665,149,666,478,-1277,-10,1596,68,548,-1099,-597,-872,-60,63,-604,-105,455,-406,-73,1542,-1221,861,-474,-418,455,-186,325,247,-280,-147,371
1426,-886,-218,-256,-127,-246,122,232,14,-408,-302,-64,344,1571,119,-567,-599,461,-517,1855,254,-642,-777,33,942,1702,-1563,-400,-1401,-14,-297,-358,-90,-115,-181,54,-128,1141,-174,228,-544,266,-305,390,117,-292,598,-699,518,-590,-340,510,1787,-1204,-471,-268,28,-14,-168,330,-350,-349,60,-257,538,1225,-570,183,-356,698,-665,149,666,478,-1277,-10,1596,68,548,-1099,-597,-872,-60,63,-604,-105,455,-406,-73,1542,-1221,861,-474,-418,455,-186,325,247,-280,-147,371,-416
1427,-218,-256,-127,-246,122,232,14,-408,-302,-64,344,1571,119,-567,-599,461,-517,1855,254,-642,-777,33,942,1702,-1563,-400,-1401,-14,-297,-358,-90,-115,-181,54,-128,1141,-174,228,-544,266,-305,390,117,-292,598,-699,518,-590,-340,510,1787,-1204,-471,-268,28,-14,-168,330,-350,-349,60,-257,538,1225,-570,183,-356,698,-665,149,666,478,-1277,-10,1596,68,548,-1099,-597,-872,-60,63,-604,-105,455,-406,-73,1542,-1221,861,-474,-418,455,-186,325,247,-280,-147,371,-416,-669
1428,-256,-127,-246,122,232,14,-408,-302,-64,344,1571,119,-567,-599,461,-517,1855,254,-642,-777,33,942,1702,-1563,-400,-1401,-14,-297,-358,-90,-115,-181,54,-128,1141,-174,228,-544,266,-305,390,117,-292,598,-699,518,-590,-340,510,1787,-1204,-471,-268,28,-14,-168,330,-350,-349,60,-257,538,1225,-570,183,-356,698,-665,149,666,478,-1277,-10,1596,68,548,-1099,-597,-872,-60,63,-604,-105,455,-406,-73,1542,-1221,861,-474,-418,455,-186,325,247,-280,-147,371,-416,-669,448
1429,-127,-246,122,232,14,-408,-302,-64,344,1571,119,-567,-599,461,-517,1855,254,-642,-777,33,942,1702,-1563,-400,-1401,-14,-297,-358,-90,-115,-181,54,-128,1141,-174,228,-544,266,-305,390,117,-292,598,-699,518,-590,-340,510,1787,-1204,-471,-268,28,-14,-168,330,-350,-349,60,-257,538,1225,-570,183,-356,698,-665,149,666,478,-1277,-10,1596,68,548,-1099,-597,-872,-60,63,-604,-105,455,-406,-73,1542,-1221,861,-474,-418,455,-186,325,247,-280,-147,371,-416,-669,448,1409
1430,-246,122,232,14,-408,-302,-64,344,1571,119,-567,-599,461,-517,1855,254,-642,-777,33,942,1702,-1563,-400,-1401,-14,-297,-358,-90,-115,-181,54,-128,1141,-174,228,-544,266,-305,390,117,-292,598,-699,518,-590,-340,510,1787,-1204,-471,-268,28,-14,-168,330,-350,-349,60,-257,538,1225,-570,183,-356,698,-665,149,666,478,-1277,-10,1596,68,548,-1099,-597,-872,-60,63,-604,-105,455,-406,-73,1542,-1221,861,-474,-418,455,-186,325,247,-280,-147,371,-416,-669,448,1409,-773
1431,122,232,14,-408,-302,-64,344,1571,119,-567,-599,461,-517,1855,254,-642,-777,33,942,1702,-1563,-400,-1401,-14,-297,-358,-90,-115,-181,54,-128,1141,-174,228,-544,266,-305,390,117,-292,598,-699,518,-590,-340,510,1787,-1204,-471,-268,28,-14,-168,330,-350,-349,60,-257,538,1225,-570,183,-356,698,-665,149,666,478,-1277,-10,1596,68,548,-1099,-597,-872,-60,63,-604,-105,455,-406,-73,1542,-1221,861,-474,-418,455,-186,325,247,-280,-147,371,-416,-669,448,1409,-773,-720
1432,232,14,-408,-302,-64,344,1571,119,-567,-599,461,-517,1855,254,-642,-777,33,942,1702,-1563,-400,-1401,-14,-297,-358,-90,-115,-181,54,-128,1141,-174,228,-544,266,-305,390,117,-292,598,-699,518,-590,-340,510,1787,-1204,-471,-268,28,-14,-168,330,-350,-349,60,-257,538,1225,-570,183,-356,698,-665,149,666,478,-1277,-10,1596,68,548,-1099,-597,-872,-60,63,-604,-105,455,-406,-73,1542,-1221,861,-474,-418,455,-186,325,247,-280,-147,371,-416,-669,448,1409,-773,-720,90
1433,14,-408,-302,-64,344,1571,119,-567,-599,461,-517,1855,254,-642,-777,33,942,1702,-1563,-400,-1401,-14,-297,-358,-90,-115,-181,54,-128,1141,-174,228,-544,266,-305,390,117,-292,598,-699,518,-590,-340,510,1787,-1204,-471,-268,28,-14,-168,330,-350,-349,60,-257,538,1225,-570,183,-356,698,-665,149,666,478,-1277,-10,1596,68,548,-1099,-597,-872,-60,63,-604,-105,455,-406,-73,1542,-1221,861,-474,-418,455,-186,325,247,-280,-147,371,-416,-669,448,1409,-773,-720,90,229
1434,-408,-302,-64,344,1571,119,-567,-599,461,-517,1855,254,-642,-777,33,942,1702,-1563,-400,-1401,-14,-297,-358,-90,-115,-181,54,-128,1141,-174,228,-544,266,-305,390,117,-292,598,-699,518,-590,-340,510,1787,-1204,-471,-268,28,-14,-168,330,-350,-349,60,-257,538,1225,-570,183,-356,698,-665,149,666,478,-1277,-10,1596,68,548,-1099,-597,-872,-60,63,-604,-105,455,-406,-73,1542,-1221,861,-474,-418,455,-186,325,247,-280,-147,371,-416,-669,448,1409,-773,-720,90,229,-241
1435,-302,-64,344,1571,119,-567,-599,461,-517,1855,254,-642,-777,33,942,1702,-1563,-400,-1401,-14,-297,-358,-90,-115,-181,54,-128,1141,-174,228,-544,266,-305,390,117,-292,598,-699,518,-590,-340,510,1787,-1204,-471,-268,28,-14,-168,330,-350,-349,60,-257,538,1225,-570,183,-356,698,-665,149,666,478,-1277,-10,1596,68,548,-1099,-597,-872,-60,63,-604,-105,455,-406,-73,1542,-1221,861,-474,-418,455,-186,325,247,-280,-147,371,-416,-669,448,1409,-773,-720,90,229,-241,-25
1436,-64,344,1571,119,-567,-599,461,-517,1855,254,-642,-777,33,942,1702,-1563,-400,-1401,-14,-297,-358,-90,-115,-181,54,-128,1141,-174,228,-544,266,-305,390,117,-292,598,-699,518,-590,-340,510,1787,-1204,-471,-268,28,-14,-168,330,-350,-349,60,-257,538,1225,-570,183,-356,698,-665,149,666,478,-1277,-10,1596,68,548,-1099,-597,-872,-60,63,-604,-105,455,-406,-73,1542,-1221,861,-474,-418,455,-186,325,247,-280,-147,371,-416,-669,448,1409,-773,-720,90,229,-241,-25,-87
1437,344,1571,119,-567,-599,461,-517,1855,254,-642,-777,33,942,1702,-1563,-400,-1401,-14,-297,-358,-90,-115,-181,54,-128,1141,-174,228,-544,266,-305,390,117,-292,598,-699,518,-590,-340,510,1787,-1204,-471,-268,28,-14,-168,330,-350,-349,60,-257,538,1225,-570,183,-356,698,-665,149,666,478,-1277,-10,1596,68,548,-1099,-597,-872,-60,63,-604,-105,455,-406,-73,1542,-1221,861,-474,-418,455,-186,325,247,-280,-147,371,-416,-669,448,1409,-773,-720,90,229,-241,-25,-87,-82
1438,1571,119,-567,-599,461,-517,1855,254,-642,-777,33,942,1702,-1563,-400,-1401,-14,-297,-358,-90,-115,-181,54,-128,1141,-174,228,-544,266,-305,390,117,-292,598,-699,518,-590,-340,510,1787,-1204,-471,-268,28,-14,-168,330,-350,-349,60,-257,538,1225,-570,183,-356,698,-665,149,666,478,-1277,-10,1596,68,548,-1099,-597,-872,-60,63,-604,-105,455,-406,-73,1542,-1221,861,-474,-418,455,-186,325,247,-280,-147,371,-416,-669,448,1409,-773,-720,90,229,-241,-25,-87,-82,-336
1439,119,-567,-599,461,-517,1855,254,-642,-777,33,942,1702,-1563,-400,-1401,-14,-297,-358,-90,-115,-181,54,-128,1141,-174,228,-544,266,-305,390,117,-292,598,-699,518,-590,-340,510,1787,-1204,-471,-268,28,-14,-168,330,-350,-349,60,-257,538,1225,-570,183,-356,698,-665,149,666,478,-1277,-10,1596,68,548,-1099,-597,-872,-60,63,-604,-105,455,-406,-73,1542,-1221,861,-474,-418,455,-186,325,247,-280,-147,371,-416,-669,448,1409,-773,-720,90,229,-241,-25,-87,-82,-336,126
1440,-567,-599,461,-517,1855,254,-642,-777,33,942,1702,-1563,-400,-1401,-14,-297,-358,-90,-115,-181,54,-128,1141,-174,228,-544,266,-305,390,117,-292,598,-699,518,-590,-340,510,1787,-1204,-471,-268,28,-14,-168,330,-350,-349,60,-257,538,1225,-570,183,-356,698,-665,149,666,478,-1277,-10,1596,68,548,-1099,-597,-872,-60,63,-604,-105,455,-406,-73,1542,-1221,861,-474,-418,455,-186,325,247,-280,-147,371,-416,-669,448,1409,-773,-720,90,229,-241,-25,-87,-82,-336,126,-200
1441,-599,461,-517,1855,254,-642,-777,33,942,1702,-1563,-400,-1401,-14,-297,-358,-90,-115,-181,54,-128,1141,-174,228,-544,266,-305,390,117,-292,598,-699,518,-590,-340,510,1787,-1204,-471,-268,28,-14,-168,330,-350,-349,60,-257,538,1225,-570,183,-356,698,-665,149,666,478,-1277,-10,1596,68,548,-1099,-597,-872,-60,63,-604,-105,455,-406,-73,1542,-1221,861,-474,-418,455,-186,325,247,-280,-147,371,-416,-669,448,1409,-773,-720,90,229,-241,-25,-87,-82,-336,126,-200,38
1442,461,-517,1855,254,-642,-777,33,942,1702,-1563,-400,-1401,-14,-297,-358,-90,-115,-181,54,-128,1141,-174,228,-544,266,-305,390,117,-292,598,-699,518,-590,-340,510,1787,-1204,-471,-268,28,-14,-168,330,-350,-349,60,-257,538,1225,-570,183,-356,698,-665,149,666,478,-1277,-10,1596,68,548,-1099,-597,-872,-60,63,-604,-105,455,-406,-73,1542,-1221,861,-474,-418,455,-186,325,247,-280,-147,371,-416,-669,448,1409,-773,-720,90,229,-241,-25,-87,-82,-336,126,-200,38,1834
1443,-517,1855,254,-642,-777,33,942,1702,-1563,-400,-1401,-14,-297,-358,-90,-115,-181,54,-128,1141,-174,228,-544,266,-305,390,117,-292,598,-699,518,-590,-340,510,1787,-1204,-471,-268,28,-14,-168,330,-350,-349,60,-257,538,1225,-570,183,-356,698,-665,149,666,478,-1277,-10,1596,68,548,-1099,-597,-872,-60,63,-604,-105,455,-406,-73,1542,-1221,861,-474,-418,455,-186,325,247,-280,-147,371,-416,-669,448,1409,-773,-720,90,229,-241,-25,-87,-82,-336,126,-200,38,1834,-506
1444,1855,254,-642,-777,33,942,1702,-1563,-400,-1401,-14,-297,-358,-90,-115,-181,54,-128,1141,-174,228,-544,266,-305,390,117,-292,598,-699,518,-590,-340,510,1787,-1204,-471,-268,28,-14,-168,330,-350,-349,60,-257,538,1225,-570,183,-356,698,-665,149,666,478,-1277,-10,1596,68,548,-1099,-597,-872,-60,63,-604,-105,455,-406,-73,1542,-1221,861,-474,-418,455,-186,325,247,-280,-147,371,-416,-669,448,1409,-773,-720,90,229,-241,-25,-87,-82,-336,126,-200,38,1834,-506,-608
1445,254,-642,-777,33,942,1702,-1563,-400,-1401,-14,-297,-358,-90,-115,-181,54,-128,1141,-174,228,-544,266,-305,390,117,-292,598,-699,518,-590,-340,510,1787,-1204,-471,-268,28,-14,-168,330,-350,-349,60,-257,538,1225,-570,183,-356,698,-665,149,666,478,-1277,-10,1596,68,548,-1099,-597,-872,-60,63,-604,-105,455,-406,-73,1542,-1221,861,-474,-418,455,-186,325,247,-280,-147,371,-416,-669,448,1409,-773,-720,90,229,-241,-25,-87,-82,-336,126,-200,38,1834,-506,-608,-199
1446,-642,-777,33,942,1702,-1563,-400,-1401,-14,-297,-358,-90,-115,-181,54,-128,1141,-174,228,-544,266,-305,390,117,-292,598,-699,518,-590,-340,510,1787,-1204,-471,-268,28,-14,-168,330,-350,-349,60,-257,538,1225,-570,183,-356,698,-665,149,666,478,-1277,-10,1596,68,548,-1099,-597,-872,-60,63,-604,-105,455,-406,-73,1542,-1221,861,-474,-418,455,-186,325,247,-280,-147,371,-416,-669,448,1409,-773,-720,90,229,-241,-25,-87,-82,-336,126,-200,38,1834,-506,-608,-199,780
1447,-777,33,942,1702,-1563,-400,-1401,-14,-297,-358,-90,-115,-181,54,-128,1141,-174,228,-544,266,-305,390,117,-292,598,-699,518,-590,-340,510,1787,-1204,-471,-268,28,-14,-168,330,-350,-349,60,-257,538,1225,-570,183,-356,698,-665,149,666,478,-1277,-10,1596,68,548,-1099,-597,-872,-60,63,-604,-105,455,-406,-73,1542,-1221,861,-474,-418,455,-186,325,247,-280,-147,371,-416,-669,448,1409,-773,-720,90,229,-241,-25,-87,-82,-336,126,-200,38,1834,-506,-608,-199,780,142
1448,33,942,1702,-1563,-400,-1401,-14,-297,-358,-90,-115,-181,54,-128,1141,-174,228,-544,266,-305,390,117,-292,598,-699,518,-590,-340,510,1787,-1204,-471,-268,28,-14,-168,330,-350,-349,60,-257,538,1225,-570,183,-356,698,-665,149,666,478,-1277,-10,1596,68,548,-1099,-597,-872,-60,63,-604,-105,455,-406,-73,1542,-1221,861,-474,-418,455,-186,325,247,-280,-147,371,-416,-669,448,1409,-773,-720,90,229,-241,-25,-87,-82,-336,126,-200,38,1834,-506,-608,-199,780,142,-931
1449,942,1702,-1563,-400,-1401,-14,-297,-358,-90,-115,-181,54,-128,1141,-174,228,-544,266,-305,390,117,-292,598,-699,518,-590,-340,510,1787,-1204,-471,-268,28,-14,-168,330,-350,-349,60,-257,538,1225,-570,183,-356,698,-665,149,666,478,-1277,-10,1596,68,548,-1099,-597,-872,-60,63,-604,-105,455,-406,-73,1542,-1221,861,-474,-418,455,-186,325,247,-280,-147,371,-416,-669,448,1409,-773,-720,90,229,-241,-25,-87,-82,-336,126,-200,38,1834,-506,-608,-199,780,142,-931,982
1450,1702,-1563,-400,-1401,-14,-297,-358,-90,-115,-181,54,-128,1141,-174,228,-544,266,-305,390,117,-292,598,-699,518,-590,-340,510,1787,-1204,-471,-268,28,-14,-168,330,-350,-349,60,-257,538,1225,-570,183,-356,698,-665,149,666,478,-1277,-10,1596,68,548,-1099,-597,-872,-60,63,-604,-105,455,-406,-73,1542,-1221,861,-474,-418,455,-186,325,247,-280,-147,371,-416,-669,448,1409,-773,-720,90,229,-241,-25,-87,-82,-336,126,-200,38,1834,-506,-608,-199,780,142,-931,982,284
1451,-1563,-400,-1401,-14,-297,-358,-90,-115,-181,54,-128,1141,-174,228,-544,266,-305,390,117,-292,598,-699,518,-590,-340,510,1787,-1204,-471,-268,28,-14,-168,330,-350,-349,60,-257,538,1225,-570,183,-356,698,-665,149,666,478,-1277,-10,1596,68,548,-1099,-597,-872,-60,63,-604,-105,455,-406,-73,1542,-1221,861,-474,-418,455,-186,325,247,-280,-147,371,-416,-669,448,1409,-773,-720,90,229,-241,-25,-87,-82,-336,126,-200,38,1834,-506,-608,-199,780,142,-931,982,284,-117
1452,-400,-1401,-14,-297,-358,-90,-115,-181,54,-128,1141,-174,228,-544,266,-305,390,117,-292,598,-699,518,-590,-340,510,1787,-1204,-471,-268,28,-14,-168,330,-350,-349,60,-257,538,1225,-570,183,-356,698,-665,149,666,478,-1277,-10,1596,68,548,-1099,-597,-872,-60,63,-604,-105,455,-406,-73,1542,-1221,861,-474,-418,455,-186,325,247,-280,-147,371,-416,-669,448,1409,-773,-720,90,229,-241,-25,-87,-82,-336,126,-200,38,1834,-506,-608,-199,780,142,-931,982,284,-117,318
1453,-1401,-14,-297,-358,-90,-115,-181,54,-128,1141,-174,228,-544,266,-305,390,117,-292,598,-699,518,-590,-340,510,1787,-1204,-471,-268,28,-14,-168,330,-350,-349,60,-257,538,1225,-570,183,-356,698,-665,149,666,478,-1277,-10,1596,68,548,-1099,-597,-872,-60,63,-604,-105,455,-406,-73,1542,-1221,861,-474,-418,455,-186,325,247,-280,-147,371,-416,-669,448,1409,-773,-720,90,229,-241,-25,-87,-82,-336,126,-200,38,1834,-506,-608,-199,780,142,-931,982,284,-117,318,-560
1454,-14,-297,-358,-90,-115,-181,54,-128,1141,-174,228,-544,266,-305,390,117,-292,598,-699,518,-590,-340,510,1787,-1204,-471,-268,28,-14,-168,330,-350,-349,60,-257,538,1225,-570,183,-356,698,-665,149,666,478,-1277,-10,1596,68,548,-1099,-597,-872,-60,63,-604,-105,455,-406,-73,1542,-1221,861,-474,-418,455,-186,325,247,-280,-147,371,-416,-669,448,1409,-773,-720,90,229,-241,-25,-87,-82,-336,126,-200,38,1834,-506,-608,-199,780,142,-931,982,284,-117,318,-560,1778
1455,-297,-358,-90,-115,-181,54,-128,1141,-174,228,-544,266,-305,390,117,-292,598,-699,518,-590,-340,510,1787,-1204,-471,-268,28,-14,-168,330,-350,-349,60,-257,538,1225,-570,183,-356,698,-665,149,666,478,-1277,-10,1596,68,548,-1099,-597,-872,-60,63,-604,-105,455,-406,-73,1542,-1221,861,-474,-418,455,-186,325,247,-280,-147,371,-416,-669,448,1409,-773,-720,90,229,-241,-25,-87,-82,-336,126,-200,38,1834,-506,-608,-199,780,142,-931,982,284,-117,318,-560,1778,-190
1456,-358,-90,-115,-181,54,-128,1141,-174,228,-544,266,-305,390,117,-292,598,-699,518,-590,-340,510,1787,-1204,-471,-268,28,-14,-168,330,-350,-349,60,-257,538,1225,-570,183,-356,698,-665,149,666,478,-1277,-10,1596,68,548,-1099,-597,-872,-60,63,-604,-105,455,-406,-73,1542,-1221,861,-474,-418,455,-186,325,247,-280,-147,371,-416,-669,448,1409,-773,-720,90,229,-241,-25,-87,-82,-336,126,-200,38,1834,-506,-608,-199,780,142,-931,982,284,-117,318,-560,1778,-190,-855
1457,-90,-115,-181,54,-128,1141,-174,228,-544,266,-305,390,117,-292,598,-699,518,-590,-340,510,1787,-1204,-471,-268,28,-14,-168,330,-350,-349,60,-257,538,1225,-570,183,-356,698,-665,149,666,478,-1277,-10,1596,68,548,-1099,-597,-872,-60,63,-604,-105,455,-406,-73,1542,-1221,861,-474,-418,455,-186,325,247,-280,-147,371,-416,-669,448,1409,-773,-720,90,229,-241,-25,-87,-82,-336,126,-200,38,1834,-506,-608,-199,780,142,-931,982,284,-117,318,-560,1778,-190,-855,-925
1458,-115,-181,54,-128,1141,-174,228,-544,266,-305,390,117,-292,598,-699,518,-590,-340,510,1787,-1204,-471,-268,28,-14,-168,330,-350,-349,60,-257,538,1225,-570,183,-356,698,-665,149,666,478,-1277,-10,1596,68,548,-1099,-597,-872,-60,63,-604,-105,455,-406,-73,1542,-1221,861,-474,-418,455,-186,325,247,-280,-147,371,-416,-669,448,1409,-773,-720,90,229,-241,-25,-87,-82,-336,126,-200,38,1834,-506,-608,-199,780,142,-931,982,284,-117,318,-560,1778,-190,-855,-925,-1006
1459,-181,54,-128,1141,-174,228,-544,266,-305,390,117,-292,598,-699,518,-590,-340,510,1787,-1204,-471,-268,28,-14,-168,330,-350,-349,60,-257,538,1225,-570,183,-356,698,-665,149,666,478,-1277,-10,1596,68,548,-1099,-597,-872,-60,63,-604,-105,455,-406,-73,1542,-1221,861,-474,-418,455,-186,325,247,-280,-147,371,-416,-669,448,1409,-773,-720,90,229,-241,-25,-87,-82,-336,126,-200,38,1834,-506,-608,-199,780,142,-931,982,284,-117,318,-560,1778,-190,-855,-925,-1006,520
1460,54,-128,1141,-174,228,-544,266,-305,390,117,-292,598,-699,518,-590,-340,510,1787,-1204,-471,-268,28,-14,-168,330,-350,-349,60,-257,538,1225,-570,183,-356,698,-665,149,666,478,-1277,-10,1596,68,548,-1099,-597,-872,-60,63,-604,-105,455,-406,-73,1542,-1221,861,-474,-418,455,-186,325,247,-280,-147,371,-416,-669,448,1409,-773,-720,90,229,-241,-25,-87,-82,-336,126,-200,38,1834,-506,-608,-199,780,142,-931,982,284,-117,318,-560,1778,-190,-855,-925,-1006,520,143
1461,-128,1141,-174,228,-544,266,-305,390,117,-292,598,-699,518,-590,-340,510,1787,-1204,-471,-268,28,-14,-168,330,-350,-349,60,-257,538,1225,-570,183,-356,698,-665,149,666,478,-1277,-10,1596,68,548,-1099,-597,-872,-60,63,-604,-105,455,-406,-73,1542,-1221,861,-474,-418,455,-186,325,247,-280,-147,371,-416,-669,448,1409,-773,-720,90,229,-241,-25,-87,-82,-336,126,-200,38,1834,-506,-608,-199,780,142,-931,982,284,-117,318,-560,1778,-190,-855,-925,-1006,520,143,-420
1462,1141,-174,228,-544,266,-305,390,117,-292,598,-699,518,-590,-340,510,1787,-1204,-471,-268,28,-14,-168,330,-350,-349,60,-257,538,1225,-570,183,-356,698,-665,149,666,478,-1277,-10,1596,68,548,-1099,-597,-872,-60,63,-604,-105,455,-406,-73,1542,-1221,861,-474,-418,455,-186,325,247,-280,-147,371,-416,-669,448,1409,-773,-720,90,229,-241,-25,-87,-82,-336,126,-200,38,1834,-506,-608,-199,780,142,-931,982,284,-117,318,-560,1778,-190,-855,-925,-1006,520,143,-420,-862
1463,-174,228,-544,266,-305,390,117,-292,598,-699,518,-590,-340,510,1787,-1204,-471,-268,28,-14,-168,330,-350,-349,60,-257,538,1225,-570,183,-356,698,-665,149,666,478,-1277,-10,1596,68,548,-1099,-597,-872,-60,63,-604,-105,455,-406,-73,1542,-1221,861,-474,-418,455,-186,325,247,-280,-147,371,-416,-669,448,1409,-773,-720,90,229,-241,-25,-87,-82,-336,126,-200,38,1834,-506,-608,-199,780,142,-931,982,284,-117,318,-560,1778,-190,-855,-925,-1006,520,143,-420,-862,227
1464,228,-544,266,-305,390,117,-292,598,-699,518,-590,-340,510,1787,-1204,-471,-268,28,-14,-168,330,-350,-349,60,-257,538,1225,-570,183,-356,698,-665,149,666,478,-1277,-10,1596,68,548,-1099,-597,-872,-60,63,-604,-105,455,-406,-73,1542,-1221,861,-474,-418,455,-186,325,247,-280,-147,371,-416,-669,448,1409,-773,-720,90,229,-241,-25,-87,-82,-336,126,-200,38,1834,-506,-608,-199,780,142,-931,982,284,-117,318,-560,1778,-190,-855,-925,-1006,520,143,-420,-862,227,745
1465,-544,266,-305,390,117,-292,598,-699,518,-590,-340,510,1787,-1204,-471,-268,28,-14,-168,330,-350,-349,60,-257,538,1225,-570,183,-356,698,-665,149,666,478,-1277,-10,1596,68,548,-1099,-597,-872,-60,63,-604,-105,455,-406,-73,1542,-1221,861,-474,-418,455,-186,325,247,-280,-147,371,-416,-669,448,1409,-773,-720,90,229,-241,-25,-87,-82,-336,126,-200,38,1834,-506,-608,-199,780,142,-931,982,284,-117,318,-560,1778,-190,-855,-925,-1006,520,143,-420,-862,227,745,105
1466,266,-305,390,117,-292,598,-699,518,-590,-340,510,1787,-1204,-471,-268,28,-14,-168,330,-350,-349,60,-257,538,1225,-570,183,-356,698,-665,149,666,478,-1277,-10,1596,68,548,-1099,-597,-872,-60,63,-604,-105,455,-406,-73,1542,-1221,861,-474,-418,455,-186,325,247,-280,-147,371,-416,-669,448,1409,-773,-720,90,229,-241,-25,-87,-82,-336,126,-200,38,1834,-506,-608,-199,780,142,-931,982,284,-117,318,-560,1778,-190,-855,-925,-1006,520,143,-420,-862,227,745,105,-713
1467,-305,390,117,-292,598,-699,518,-590,-340,510,1787,-1204,-471,-268,28,-14,-168,330,-350,-349,60,-257,538,1225,-570,183,-356,698,-665,149,666,478,-1277,-10,1596,68,548,-1099,-597,-872,-60,63,-604,-105,455,-406,-73,1542,-1221,861,-474,-418,455,-186,325,247,-280,-147,371,-416,-669,448,1409,-773,-720,90,229,-241,-25,-87,-82,-336,126,-200,38,1834,-506,-608,-199,780,142,-931,982,284,-117,318,-560,1778,-190,-855,-925,-1006,520,143,-420,-862,227,745,105,-713,860
1468,390,117,-292,598,-699,518,-590,-340,510,1787,-1204,-471,-268,28,-14,-168,330,-350,-349,60,-257,538,1225,-570,183,-356,698,-665,149,666,478,-1277,-10,1596,68,548,-1099,-597,-872,-60,63,-604,-105,455,-406,-73,1542,-1221,861,-474,-418,455,-186,325,247,-280,-147,371,-416,-669,448,1409,-773,-720,90,229,-241,-25,-87,-82,-336,126,-200,38,1834,-506,-608,-199,780,142,-931,982,284,-117,318,-560,1778,-190,-855,-925,-1006,520,143,-420,-862,227,745,105,-713,860,-224
1469,117,-292,598,-699,518,-590,-340,510,1787,-1204,-471,-268,28,-14,-168,330,-350,-349,60,-257,538,1225,-570,183,-356,698,-665,149,666,478,-1277,-10,1596,68,548,-1099,-597,-872,-60,63,-604,-105,455,-406,-73,1542,-1221,861,-474,-418,455,-186,325,247,-280,-147,371,-416,-669,448,1409,-773,-720,90,229,-241,-25,-87,-82,-336,126,-200,38,1834,-506,-608,-199,780,142,-931,982,284,-117,318,-560,1778,-190,-855,-925,-1006,520,143,-420,-862,227,745,105,-713,860,-224,-470
1470,-292,598,-699,518,-590,-340,510,1787,-1204,-471,-268,28,-14,-168,330,-350,-349,60,-257,538,1225,-570,183,-356,698,-665,149,666,478,-1277,-10,1596,68,548,-1099,-597,-872,-60,63,-604,-105,455,-406,-73,1542,-1221,861,-474,-418,455,-186,325,247,-280,-147,371,-416,-669,448,1409,-773,-720,90,229,-241,-25,-87,-82,-336,126,-200,38,1834,-506,-608,-199,780,142,-931,982,284,-117,318,-560,1778,-190,-855,-925,-1006,520,143,-420,-862,227,745,105,-713,860,-224,-470,-242
1471,598,-699,518,-590,-340,510,1787,-1204,-471,-268,28,-14,-168,330,-350,-349,60,-257,538,1225,-570,183,-356,698,-665,149,666,478,-1277,-10,1596,68,548,-1099,-597,-872,-60,63,-604,-105,455,-406,-73,1542,-1221,861,-474,-418,455,-186,325,247,-280,-147,371,-416,-669,448,1409,-773,-720,90,229,-241,-25,-87,-82,-336,126,-200,38,1834,-506,-608,-199,780,142,-931,982,284,-117,318,-560,1778,-190,-855,-925,-1006,520,143,-420,-862,227,745,105,-713,860,-224,-470,-242,31
1472,-699,518,-590,-340,510,1787,-1204,-471,-268,28,-14,-168,330,-350,-349,60,-257,538,1225,-570,183,-356,698,-665,149,666,478,-1277,-10,1596,68,548,-1099,-597,-872,-60,63,-604,-105,455,-406,-73,1542,-1221,861,-474,-418,455,-186,325,247,-280,-147,371,-416,-669,448,1409,-773,-720,90,229,-241,-25,-87,-82,-336,126,-200,38,1834,-506,-608,-199,780,142,-931,982,284,-117,318,-560,1778,-190,-855,-925,-1006,520,143,-420,-862,227,745,105,-713,860,-224,-470,-242,31,110
1473,518,-590,-340,510,1787,-1204,-471,-268,28,-14,-168,330,-350,-349,60,-257,538,1225,-570,183,-356,698,-665,149,666,478,-1277,-10,1596,68,548,-1099,-597,-872,-60,63,-604,-105,455,-406,-73,1542,-1221,861,-474,-418,455,-186,325,247,-280,-147,371,-416,-669,448,1409,-773,-720,90,229,-241,-25,-87,-82,-336,126,-200,38,1834,-506,-608,-199,780,142,-931,982,284,-117,318,-560,1778,-190,-855,-925,-1006,520,143,-420,-862,227,745,105,-713,860,-224,-470,-242,31,110,-70
1474,-590,-340,510,1787,-1204,-471,-268,28,-14,-168,330,-350,-349,60,-257,538,1225,-570,183,-356,698,-665,149,666,478,-1277,-10,1596,68,548,-1099,-597,-872,-60,63,-604,-105,455,-406,-73,1542,-1221,861,-474,-418,455,-186,325,247,-280,-147,371,-416,-669,448,1409,-773,-720,90,229,-241,-25,-87,-82,-336,126,-200,38,1834,-506,-608,-199,780,142,-931,982,284,-117,318,-560,1778,-190,-855,-925,-1006,520,143,-420,-862,227,745,105,-713,860,-224,-470,-242,31,110,-70,751
1475,-340,510,1787,-1204,-471,-268,28,-14,-168,330,-350,-349,60,-257,538,1225,-570,183,-356,698,-665,149,666,478,-1277,-10,1596,68,548,-1099,-597,-872,-60,63,-604,-105,455,-406,-73,1542,-1221,861,-474,-418,455,-186,325,247,-280,-147,371,-416,-669,448,1409,-773,-720,90,229,-241,-25,-87,-82,-336,126,-200,38,1834,-506,-608,-199,780,142,-931,982,284,-117,318,-560,1778,-190,-855,-925,-1006,520,143,-420,-862,227,745,105,-713,860,-224,-470,-242,31,110,-70,751,-399
1476,510,1787,-1204,-471,-268,28,-14,-168,330,-350,-349,60,-257,538,1225,-570,183,-356,698,-665,149,666,478,-1277,-10,1596,68,548,-1099,-597,-872,-60,63,-604,-105,455,-406,-73,1542,-1221,861,-474,-418,455,-186,325,247,-280,-147,371,-416,-669,448,1409,-773,-720,90,229,-241,-25,-87,-82,-336,126,-200,38,1834,-506,-608,-199,780,142,-931,982,284,-117,318,-560,1778,-190,-855,-925,-1006,520,143,-420,-862,227,745,105,-713,860,-224,-470,-242,31,110,-70,751,-399,-71
1477,1787,-1204,-471,-268,28,-14,-168,330,-350,-349,60,-257,538,1225,-570,183,-356,698,-665,149,666,478,-1277,-10,1596,68,548,-1099,-597,-872,-60,63,-604,-105,455,-406,-73,1542,-1221,861,-474,-418,455,-186,325,247,-280,-147,371,-416,-669,448,1409,-773,-720,90,229,-241,-25,-87,-82,-336,126,-200,38,1834,-506,-608,-199,780,142,-931,982,284,-117,318,-560,1778,-190,-855,-925,-1006,520,143,-420,-862,227,745,105,-713,860,-224,-470,-242,31,110,-70,751,-399,-71,695
1478,-1204,-471,-268,28,-14,-168,330,-350,-349,60,-257,538,1225,-570,183,-356,698,-665,149,666,478,-1277,-10,1596,68,548,-1099,-597,-872,-60,63,-604,-105,455,-406,-73,1542,-1221,861,-474,-418,455,-186,325,247,-280,-147,371,-416,-669,448,1409,-773,-720,90,229,-241,-25,-87,-82,-336,126,-200,38,1834,-506,-608,-199,780,142,-931,982,284,-117,318,-560,1778,-190,-855,-925,-1006,520,143,-420,-862,227,745,105,-713,860,-224,-470,-242,31,110,-70,751,-399,-71,695,-288
1479,-471,-268,28,-14,-168,330,-350,-349,60,-257,538,1225,-570,183,-356,698,-665,149,666,478,-1277,-10,1596,68,548,-1099,-597,-872,-60,63,-604,-105,455,-406,-73,1542,-1221,861,-474,-418,455,-186,325,247,-280,-147,371,-416,-669,448,1409,-773,-720,90,229,-241,-25,-87,-82,-336,126,-200,38,1834,-506,-608,-199,780,142,-931,982,284,-117,318,-560,1778,-190,-855,-925,-1006,520,143,-420,-862,227,745,105,-713,860,-224,-470,-242,31,110,-70,751,-399,-71,695,-288,-442
1480,-268,28,-14,-168,330,-350,-349,60,-257,538,1225,-570,183,-356,698,-665,149,666,478,-1277,-10,1596,68,548,-1099,-597,-872,-60,63,-604,-105,455,-406,-73,1542,-1221,861,-474,-418,455,-186,325,247,-280,-147,371,-416,-669,448,1409,-773,-720,90,229,-241,-25,-87,-82,-336,126,-200,38,1834,-506,-608,-199,780,142,-931,982,284,-117,318,-560,1778,-190,-855,-925,-1006,520,143,-420,-862,227,745,105,-713,860,-224,-470,-242,31,110,-70,751,-399,-71,695,-288,-442,-181
1481,28,-14,-168,330,-350,-349,60,-257,538,1225,-570,183,-356,698,-665,149,666,478,-1277,-10,1596,68,548,-1099,-597,-872,-60,63,-604,-105,455,-406,-73,1542,-1221,861,-474,-418,455,-186,325,247,-280,-147,371,-416,-669,448,1409,-773,-720,90,229,-241,-25,-87,-82,-336,126,-200,38,1834,-506,-608,-199,780,142,-931,982,284,-117,318,-560,1778,-190,-855,-925,-1006,520,143,-420,-862,227,745,105,-713,860,-224,-470,-242,31,110,-70,751,-399,-71,695,-288,-442,-181,1981
1482,-14,-168,330,-350,-349,60,-257,538,1225,-570,183,-356,698,-665,149,666,478,-1277,-10,1596,68,548,-1099,-597,-872,-60,63,-604,-105,455,-406,-73,1542,-1221,861,-474,-418,455,-186,325,247,-280,-147,371,-416,-669,448,1409,-773,-720,90,229,-241,-25,-87,-82,-336,126,-200,38,1834,-506,-608,-199,780,142,-931,982,284,-117,318,-560,1778,-190,-855,-925,-1006,520,143,-420,-862,227,745,105,-713,860,-224,-470,-242,31,110,-70,751,-399,-71,695,-288,-442,-181,1981,-1034
1483,-168,330,-350,-349,60,-257,538,1225,-570,183,-356,698,-665,149,666,478,-1277,-10,1596,68,548,-1099,-597,-872,-60,63,-604,-105,455,-406,-73,1542,-1221,861,-474,-418,455,-186,325,247,-280,-147,371,-416,-669,448,1409,-773,-720,90,229,-241,-25,-87,-82,-336,126,-200,38,1834,-506,-608,-199,780,142,-931,982,284,-117,318,-560,1778,-190,-855,-925,-1006,520,143,-420,-862,227,745,105,-713,860,-224,-470,-242,31,110,-70,751,-399,-71,695,-288,-442,-181,1981,-1034,-901
1484,330,-350,-349,60,-257,538,1225,-570,183,-356,698,-665,149,666,478,-1277,-10,1596,68,548,-1099,-597,-872,-60,63,-604,-105,455,-406,-73,1542,-1221,861,-474,-418,455,-186,325,247,-280,-147,371,-416,-669,448,1409,-773,-720,90,229,-241,-25,-87,-82,-336,126,-200,38,1834,-506,-608,-199,780,142,-931,982,284,-117,318,-560,1778,-190,-855,-925,-1006,520,143,-420,-862,227,745,105,-713,860,-224,-470,-242,31,110,-70,751,-399,-71,695,-288,-442,-181,1981,-1034,-901,66
1485,-350,-349,60,-257,538,1225,-570,183,-356,698,-665,149,666,478,-1277,-10,1596,68,548,-1099,-597,-872,-60,63,-604,-105,455,-406,-73,1542,-1221,861,-474,-418,455,-186,325,247,-280,-147,371,-416,-669,448,1409,-773,-720,90,229,-241,-25,-87,-82,-336,126,-200,38,1834,-506,-608,-199,780,142,-931,982,284,-117,318,-560,1778,-190,-855,-925,-1006,520,143,-420,-862,227,745,105,-713,860,-224,-470,-242,31,110,-70,751,-399,-71,695,-288,-442,-181,1981,-1034,-901,66,-112
1486,-349,60,-257,538,1225,-570,183,-356,698,-665,149,666,478,-1277,-10,1596,68,548,-1099,-597,-872,-60,63,-604,-105,455,-406,-73,1542,-1221,861,-474,-418,455,-186,325,247,-280,-147,371,-416,-669,448,1409,-773,-720,90,229,-241,-25,-87,-82,-336,126,-200,38,1834,-506,-608,-199,780,142,-931,982,284,-117,318,-560,1778,-190,-855,-925,-1006,520,143,-420,-862,227,745,105,-713,860,-224,-470,-242,31,110,-70,751,-399,-71,695,-288,-442,-181,1981,-1034,-901,66,-112,-206
1487,60,-257,538,1225,-570,183,-356,698,-665,149,666,478,-1277,-10,1596,68,548,-1099,-597,-872,-60,63,-604,-105,455,-406,-73,1542,-1221,861,-474,-418,455,-186,325,247,-280,-147,371,-416,-669,448,1409,-773,-720,90,229,-241,-25,-87,-82,-336,126,-200,38,1834,-506,-608,-199,780,142,-931,982,284,-117,318,-560,1778,-190,-855,-925,-1006,520,143,-420,-862,227,745,105,-713,860,-224,-470,-242,31,110,-70,751,-399,-71,695,-288,-442,-181,1981,-1034,-901,66,-112,-206,-74
1488,-257,538,1225,-570,183,-356,698,-665,149,666,478,-1277,-10,1596,68,548,-1099,-597,-872,-60,63,-604,-105,455,-406,-73,1542,-1221,861,-474,-418,455,-186,325,247,-280,-147,371,-416,-669,448,1409,-773,-720,90,229,-241,-25,-87,-82,-336,126,-200,38,1834,-506,-608,-199,780,142,-931,982,284,-117,318,-560,1778,-190,-855,-925,-1006,520,143,-420,-862,227,745,105,-713,860,-224,-470,-242,31,110,-70,751,-399,-71,695,-288,-442,-181,1981,-1034,-901,66,-112,-206,-74,36
1489,538,1225,-570,183,-356,698,-665,149,666,478,-1277,-10,1596,68,548,-1099,-597,-872,-60,63,-604,-105,455,-406,-73,1542,-1221,861,-474,-418,455,-186,325,247,-280,-147,371,-416,-669,448,1409,-773,-720,90,229,-241,-25,-87,-82,-336,126,-200,38,1834,-506,-608,-199,780,142,-931,982,284,-117,318,-560,1778,-190,-855,-925,-1006,520,143,-420,-862,227,745,105,-713,860,-224,-470,-242,31,110,-70,751,-399,-71,695,-288,-442,-181,1981,-1034,-901,66,-112,-206,-74,36,-138
1490,1225,-570,183,-356,698,-665,149,666,478,-1277,-10,1596,68,548,-1099,-597,-872,-60,63,-604,-105,455,-406,-73,1542,-1221,861,-474,-418,455,-186,325,247,-280,-147,371,-416,-669,448,1409,-773,-720,90,229,-241,-25,-87,-82,-336,126,-200,38,1834,-506,-608,-199,780,142,-931,982,284,-117,318,-560,1778,-190,-855,-925,-1006,520,143,-420,-862,227,745,105,-713,860,-224,-470,-242,31,110,-70,751,-399,-71,695,-288,-442,-181,1981,-1034,-901,66,-112,-206,-74,36,-138,65
1491,-570,183,-356,698,-665,149,666,478,-1277,-10,1596,68,548,-1099,-597,-872,-60,63,-604,-105,455,-406,-73,1542,-1221,861,-474,-418,455,-186,325,247,-280,-147,371,-416,-669,448,1409,-773,-720,90,229,-241,-25,-87,-82,-336,126,-200,38,1834,-506,-608,-199,780,142,-931,982,284,-117,318,-560,1778,-190,-855,-925,-1006,520,143,-420,-862,227,745,105,-713,860,-224,-470,-242,31,110,-70,751,-399,-71,695,-288,-442,-181,1981,-1034,-901,66,-112,-206,-74,36,-138,65,402
1492,183,-356,698,-665,149,666,478,-1277,-10,1596,68,548,-1099,-597,-872,-60,63,-604,-105,455,-406,-73,1542,-1221,861,-474,-418,455,-186,325,247,-280,-147,371,-416,-669,448,1409,-773,-720,90,229,-241,-25,-87,-82,-336,126,-200,38,1834,-506,-608,-199,780,142,-931,982,284,-117,318,-560,1778,-190,-855,-925,-1006,520,143,-420,-862,227,745,105,-713,860,-224,-470,-242,31,110,-70,751,-399,-71,695,-288,-442,-181,1981,-1034,-901,66,-112,-206,-74,36,-138,65,402,-464
1493,-356,698,-665,149,666,478,-1277,-10,1596,68,548,-1099,-597,-872,-60,63,-604,-105,455,-406,-73,1542,-1221,861,-474,-418,455,-186,325,247,-280,-147,371,-416,-669,448,1409,-773,-720,90,229,-241,-25,-87,-82,-336,126,-200,38,1834,-506,-608,-199,780,142,-931,982,284,-117,318,-560,1778,-190,-855,-925,-1006,520,143,-420,-862,227,745,105,-713,860,-224,-470,-242,31,110,-70,751,-399,-71,695,-288,-442,-181,1981,-1034,-901,66,-112,-206,-74,36,-138,65,402,-464,-127
1494,698,-665,149,666,478,-1277,-10,1596,68,548,-1099,-597,-872,-60,63,-604,-105,455,-406,-73,1542,-1221,861,-474,-418,455,-186,325,247,-280,-147,371,-416,-669,448,1409,-773,-720,90,229,-241,-25,-87,-82,-336,126,-200,38,1834,-506,-608,-199,780,142,-931,982,284,-117,318,-560,1778,-190,-855,-925,-1006,520,143,-420,-862,227,745,105,-713,860,-224,-470,-242,31,110,-70,751,-399,-71,695,-288,-442,-181,1981,-1034,-901,66,-112,-206,-74,36,-138,65,402,-464,-127,820
1495,-665,149,666,478,-1277,-10,1596,68,548,-1099,-597,-872,-60,63,-604,-105,455,-406,-73,1542,-1221,861,-474,-418,455,-186,325,247,-280,-147,371,-416,-669,448,1409,-773,-720,90,229,-241,-25,-87,-82,-336,126,-200,38,1834,-506,-608,-199,780,142,-931,982,284,-117,318,-560,1778,-190,-855,-925,-1006,520,143,-420,-862,227,745,105,-713,860,-224,-470,-242,31,110,-70,751,-399,-71,695,-288,-442,-181,1981,-1034,-901,66,-112,-206,-74,36,-138,65,402,-464,-127,820,-193
1496,149,666,478,-1277,-10,1596,68,548,-1099,-597,-872,-60,63,-604,-105,455,-406,-73,1542,-1221,861,-474,-418,455,-186,325,247,-280,-147,371,-416,-669,448,1409,-773,-720,90,229,-241,-25,-87,-82,-336,126,-200,38,1834,-506,-608,-199,780,142,-931,982,284,-117,318,-560,1778,-190,-855,-925,-1006,520,143,-420,-862,227,745,105,-713,860,-224,-470,-242,31,110,-70,751,-399,-71,695,-288,-442,-181,1981,-1034,-901,66,-112,-206,-74,36,-138,65,402,-464,-127,820,-193,-148
1497,666,478,-1277,-10,1596,68,548,-1099,-597,-872,-60,63,-604,-105,455,-406,-73,1542,-1221,861,-474,-418,455,-186,325,247,-280,-147,371,-416,-669,448,1409,-773,-720,90,229,-241,-25,-87,-82,-336,126,-200,38,1834,-506,-608,-199,780,142,-931,982,284,-117,318,-560,1778,-190,-855,-925,-1006,520,143,-420,-862,227,745,105,-713,860,-224,-470,-242,31,110,-70,751,-399,-71,695,-288,-442,-181,1981,-1034,-901,66,-112,-206,-74,36,-138,65,402,-464,-127,820,-193,-148,-83
1498,478,-1277,-10,1596,68,548,-1099,-597,-872,-60,63,-604,-105,455,-406,-73,1542,-1221,861,-474,-418,455,-186,325,247,-280,-147,371,-416,-669,448,1409,-773,-720,90,229,-241,-25,-87,-82,-336,126,-200,38,1834,-506,-608,-199,780,142,-931,982,284,-117,318,-560,1778,-190,-855,-925,-1006,520,143,-420,-862,227,745,105,-713,860,-224,-470,-242,31,110,-70,751,-399,-71,695,-288,-442,-181,1981,-1034,-901,66,-112,-206,-74,36,-138,65,402,-464,-127,820,-193,-148,-83,853
1499,-1277,-10,1596,68,548,-1099,-597,-872,-60,63,-604,-105,455,-406,-73,1542,-1221,861,-474,-418,455,-186,325,247,-280,-147,371,-416,-669,448,1409,-773,-720,90,229,-241,-25,-87,-82,-336,126,-200,38,1834,-506,-608,-199,780,142,-931,982,284,-117,318,-560,1778,-190,-855,-925,-1006,520,143,-420,-862,227,745,105,-713,860,-224,-470,-242,31,110,-70,751,-399,-71,695,-288,-442,-181,1981,-1034,-901,66,-112,-206,-74,36,-138,65,402,-464,-127,820,-193,-148,-83,853,111
1500,-10,1596,68,548,-1099,-597,-872,-60,63,-604,-105,455,-406,-73,1542,-1221,861,-474,-418,455,-186,325,247,-280,-147,371,-416,-669,448,1409,-773,-720,90,229,-241,-25,-87,-82,-336,126,-200,38,1834,-506,-608,-199,780,142,-931,982,284,-117,318,-560,1778,-190,-855,-925,-1006,520,143,-420,-862,227,745,105,-713,860,-224,-470,-242,31,110,-70,751,-399,-71,695,-288,-442,-181,1981,-1034,-901,66,-112,-206,-74,36,-138,65,402,-464,-127,820,-193,-148,-83,853,111,-47
1501,1596,68,548,-1099,-597,-872,-60,63,-604,-105,455,-406,-73,1542,-1221,861,-474,-418,455,-186,325,247,-280,-147,371,-416,-669,448,1409,-773,-720,90,229,-241,-25,-87,-82,-336,126,-200,38,1834,-506,-608,-199,780,142,-931,982,284,-117,318,-560,1778,-190,-855,-925,-1006,520,143,-420,-862,227,745,105,-713,860,-224,-470,-242,31,110,-70,751,-399,-71,695,-288,-442,-181,1981,-1034,-901,66,-112,-206,-74,36,-138,65,402,-464,-127,820,-193,-148,-83,853,111,-47,173
1502,68,548,-1099,-597,-872,-60,63,-604,-105,455,-406,-73,1542,-1221,861,-474,-418,455,-186,325,247,-280,-147,371,-416,-669,448,1409,-773,-720,90,229,-241,-25,-87,-82,-336,126,-200,38,1834,-506,-608,-199,780,142,-931,982,284,-117,318,-560,1778,-190,-855,-925,-1006,520,143,-420,-862,227,745,105,-713,860,-224,-470,-242,31,110,-70,751,-399,-71,695,-288,-442,-181,1981,-1034,-901,66,-112,-206,-74,36,-138,65,402,-464,-127,820,-193,-148,-83,853,111,-47,173,423
1503,548,-1099,-597,-872,-60,63,-604,-105,455,-406,-73,1542,-1221,861,-474,-418,455,-186,325,247,-280,-147,371,-416,-669,448,1409,-773,-720,90,229,-241,-25,-87,-82,-336,126,-200,38,1834,-506,-608,-199,780,142,-931,982,284,-117,318,-560,1778,-190,-855,-925,-1006,520,143,-420,-862,227,745,105,-713,860,-224,-470,-242,31,110,-70,751,-399,-71,695,-288,-442,-181,1981,-1034,-901,66,-112,-206,-74,36,-138,65,402,-464,-127,820,-193,-148,-83,853,111,-47,173,423,-216
1504,-1099,-597,-872,-60,63,-604,-105,455,-406,-73,1542,-1221,861,-474,-418,455,-186,325,247,-280,-147,371,-416,-669,448,1409,-773,-720,90,229,-241,-25,-87,-82,-336,126,-200,38,1834,-506,-608,-199,780,142,-931,982,284,-117,318,-560,1778,-190,-855,-925,-1006,520,143,-420,-862,227,745,105,-713,860,-224,-470,-242,31,110,-70,751,-399,-71,695,-288,-442,-181,1981,-1034,-901,66,-112,-206,-74,36,-138,65,402,-464,-127,820,-193,-148,-83,853,111,-47,173,423,-216,-802
1505,-597,-872,-60,63,-604,-105,455,-406,-73,1542,-1221,861,-474,-418,455,-186,325,247,-280,-147,371,-416,-669,448,1409,-773,-720,90,229,-241,-25,-87,-82,-336,126,-200,38,1834,-506,-608,-199,780,142,-931,982,284,-117,318,-560,1778,-190,-855,-925,-1006,520,143,-420,-862,227,745,105,-713,860,-224,-470,-242,31,110,-70,751,-399,-71,695,-288,-442,-181,1981,-1034,-901,66,-112,-206,-74,36,-138,65,402,-464,-127,820,-193,-148,-83,853,111,-47,173,423,-216,-802,871
1506,-872,-60,63,-604,-105,455,-406,-73,1542,-1221,861,-474,-418,455,-186,325,247,-280,-147,371,-416,-669,448,1409,-773,-720,90,229,-241,-25,-87,-82,-336,126,-200,38,1834,-506,-608,-199,780,142,-931,982,284,-117,318,-560,1778,-190,-855,-925,-1006,520,143,-420,-862,227,745,105,-713,860,-224,-470,-242,31,110,-70,751,-399,-71,695,-288,-442,-181,1981,-1034,-901,66,-112,-206,-74,36,-138,65,402,-464,-127,820,-193,-148,-83,853,111,-47,173,423,-216,-802,871,1027
1507,-60,63,-604,-105,455,-406,-73,1542,-1221,861,-474,-418,455,-186,325,247,-280,-147,371,-416,-669,448,1409,-773,-720,90,229,-241,-25,-87,-82,-336,126,-200,38,1834,-506,-608,-199,780,142,-931,982,284,-117,318,-560,1778,-190,-855,-925,-1006,520,143,-420,-862,227,745,105,-713,860,-224,-470,-242,31,110,-70,751,-399,-71,695,-288,-442,-181,1981,-1034,-901,66,-112,-206,-74,36,-138,65,402,-464,-127,820,-193,-148,-83,853,111,-47,173,423,-216,-802,871,1027,-354
1508,63,-604,-105,455,-406,-73,1542,-1221,861,-474,-418,455,-186,325,247,-280,-147,371,-416,-669,448,1409,-773,-720,90,229,-241,-25,-87,-82,-336,126,-200,38,1834,-506,-608,-199,780,142,-931,982,284,-117,318,-560,1778,-190,-855,-925,-1006,520,143,-420,-862,227,745,105,-713,860,-224,-470,-242,31,110,-70,751,-399,-71,695,-288,-442,-181,1981,-1034,-901,66,-112,-206,-74,36,-138,65,402,-464,-127,820,-193,-148,-83,853,111,-47,173,423,-216,-802,871,1027,-354,798
1509,-604,-105,455,-406,-73,1542,-1221,861,-474,-418,455,-186,325,247,-280,-147,371,-416,-669,448,1409,-773,-720,90,229,-241,-25,-87,-82,-336,126,-200,38,1834,-506,-608,-199,780,142,-931,982,284,-117,318,-560,1778,-190,-855,-925,-1006,520,143,-420,-862,227,745,105,-713,860,-224,-470,-242,31,110,-70,751,-399,-71,695,-288,-442,-181,1981,-1034,-901,66,-112,-206,-74,36,-138,65,402,-464,-127,820,-193,-148,-83,853,111,-47,173,423,-216,-802,871,1027,-354,798,-2109
1510,-105,455,-406,-73,1542,-1221,861,-474,-418,455,-186,325,247,-280,-147,371,-416,-669,448,1409,-773,-720,90,229,-241,-25,-87,-82,-336,126,-200,38,1834,-506,-608,-199,780,142,-931,982,284,-117,318,-560,1778,-190,-855,-925,-1006,520,143,-420,-862,227,745,105,-713,860,-224,-470,-242,31,110,-70,751,-399,-71,695,-288,-442,-181,1981,-1034,-901,66,-112,-206,-74,36,-138,65,402,-464,-127,820,-193,-148,-83,853,111,-47,173,423,-216,-802,871,1027,-354,798,-2109,-540
1511,455,-406,-73,1542,-1221,861,-474,-418,455,-186,325,247,-280,-147,371,-416,-669,448,1409,-773,-720,90,229,-241,-25,-87,-82,-336,126,-200,38,1834,-506,-608,-199,780,142,-931,982,284,-117,318,-560,1778,-190,-855,-925,-1006,520,143,-420,-862,227,745,105,-713,860,-224,-470,-242,31,110,-70,751,-399,-71,695,-288,-442,-181,1981,-1034,-901,66,-112,-206,-74,36,-138,65,402,-464,-127,820,-193,-148,-83,853,111,-47,173,423,-216,-802,871,1027,-354,798,-2109,-540,-121
1512,-406,-73,1542,-1221,861,-474,-418,455,-186,325,247,-280,-147,371,-416,-669,448,1409,-773,-720,90,229,-241,-25,-87,-82,-336,126,-200,38,1834,-506,-608,-199,780,142,-931,982,284,-117,318,-560,1778,-190,-855,-925,-1006,520,143,-420,-862,227,745,105,-713,860,-224,-470,-242,31,110,-70,751,-399,-71,695,-288,-442,-181,1981,-1034,-901,66,-112,-206,-74,36,-138,65,402,-464,-127,820,-193,-148,-83,853,111,-47,173,423,-216,-802,871,1027,-354,798,-2109,-540,-121,-79
1513,-73,1542,-1221,861,-474,-418,455,-186,325,247,-280,-147,371,-416,-669,448,1409,-773,-720,90,229,-241,-25,-87,-82,-336,126,-200,38,1834,-506,-608,-199,780,142,-931,982,284,-117,318,-560,1778,-190,-855,-925,-1006,520,143,-420,-862,227,745,105,-713,860,-224,-470,-242,31,110,-70,751,-399,-71,695,-288,-442,-181,1981,-1034,-901,66,-112,-206,-74,36,-138,65,402,-464,-127,820,-193,-148,-83,853,111,-47,173,423,-216,-802,871,1027,-354,798,-2109,-540,-121,-79,61
1514,1542,-1221,861,-474,-418,455,-186,325,247,-280,-147,371,-416,-669,448,1409,-773,-720,90,229,-241,-25,-87,-82,-336,126,-200,38,1834,-506,-608,-199,780,142,-931,982,284,-117,318,-560,1778,-190,-855,-925,-1006,520,143,-420,-862,227,745,105,-713,860,-224,-470,-242,31,110,-70,751,-399,-71,695,-288,-442,-181,1981,-1034,-901,66,-112,-206,-74,36,-138,65,402,-464,-127,820,-193,-148,-83,853,111,-47,173,423,-216,-802,871,1027,-354,798,-2109,-540,-121,-79,61,512
1515,-1221,861,-474,-418,455,-186,325,247,-280,-147,371,-416,-669,448,1409,-773,-720,90,229,-241,-25,-87,-82,-336,126,-200,38,1834,-506,-608,-199,780,142,-931,982,284,-117,318,-560,1778,-190,-855,-925,-1006,520,143,-420,-862,227,745,105,-713,860,-224,-470,-242,31,110,-70,751,-399,-71,695,-288,-442,-181,1981,-1034,-901,66,-112,-206,-74,36,-138,65,402,-464,-127,820,-193,-148,-83,853,111,-47,173,423,-216,-802,871,1027,-354,798,-2109,-540,-121,-79,61,512,425
1516,861,-474,-418,455,-186,325,247,-280,-147,371,-416,-669,448,1409,-773,-720,90,229,-241,-25,-87,-82,-336,126,-200,38,1834,-506,-608,-199,780,142,-931,982,284,-117,318,-560,1778,-190,-855,-925,-1006,520,143,-420,-862,227,745,105,-713,860,-224,-470,-242,31,110,-70,751,-399,-71,695,-288,-442,-181,1981,-1034,-901,66,-112,-206,-74,36,-138,65,402,-464,-127,820,-193,-148,-83,853,111,-47,173,423,-216,-802,871,1027,-354,798,-2109,-540,-121,-79,61,512,425,-945
1517,-474,-418,455,-186,325,247,-280,-147,371,-416,-669,448,1409,-773,-720,90,229,-241,-25,-87,-82,-336,126,-200,38,1834,-506,-608,-199,780,142,-931,982,284,-117,318,-560,1778,-190,-855,-925,-1006,520,143,-420,-862,227,745,105,-713,860,-224,-470,-242,31,110,-70,751,-399,-71,695,-288,-442,-181,1981,-1034,-901,66,-112,-206,-74,36,-138,65,402,-464,-127,820,-193,-148,-83,853,111,-47,173,423,-216,-802,871,1027,-354,798,-2109,-540,-121,-79,61,512,425,-945,315
1518,-418,455,-186,325,247,-280,-147,371,-416,-669,448,1409,-773,-720,90,229,-241,-25,-87,-82,-336,126,-200,38,1834,-506,-608,-199,780,142,-931,982,284,-117,318,-560,1778,-190,-855,-925,-1006,520,143,-420,-862,227,745,105,-713,860,-224,-470,-242,31,110,-70,751,-399,-71,695,-288,-442,-181,1981,-1034,-901,66,-112,-206,-74,36,-138,65,402,-464,-127,820,-193,-148,-83,853,111,-47,173,423,-216,-802,871,1027,-354,798,-2109,-540,-121,-79,61,512,425,-945,315,-381
1519,455,-186,325,247,-280,-147,371,-416,-669,448,1409,-773,-720,90,229,-241,-25,-87,-82,-336,126,-200,38,1834,-506,-608,-199,780,142,-931,982,284,-117,318,-560,1778,-190,-855,-925,-1006,520,143,-420,-862,227,745,105,-713,860,-224,-470,-242,31,110,-70,751,-399,-71,695,-288,-442,-181,1981,-1034,-901,66,-112,-206,-74,36,-138,65,402,-464,-127,820,-193,-148,-83,853,111,-47,173,423,-216,-802,871,1027,-354,798,-2109,-540,-121,-79,61,512,425,-945,315,-381,570
1520,-186,325,247,-280,-147,371,-416,-669,448,1409,-773,-720,90,229,-241,-25,-87,-82,-336,126,-200,38,1834,-506,-608,-199,780,142,-931,982,284,-117,318,-560,1778,-190,-855,-925,-1006,520,143,-420,-862,227,745,105,-713,860,-224,-470,-242,31,110,-70,751,-399,-71,695,-288,-442,-181,1981,-1034,-901,66,-112,-206,-74,36,-138,65,402,-464,-127,820,-193,-148,-83,853,111,-47,173,423,-216,-802,871,1027,-354,798,-2109,-540,-121,-79,61,512,425,-945,315,-381,570,67
1521,325,247,-280,-147,371,-416,-669,448,1409,-773,-720,90,229,-241,-25,-87,-82,-336,126,-200,38,1834,-506,-608,-199,780,142,-931,982,284,-117,318,-560,1778,-190,-855,-925,-1006,520,143,-420,-862,227,745,105,-713,860,-224,-470,-242,31,110,-70,751,-399,-71,695,-288,-442,-181,1981,-1034,-901,66,-112,-206,-74,36,-138,65,402,-464,-127,820,-193,-148,-83,853,111,-47,173,423,-216,-802,871,1027,-354,798,-2109,-540,-121,-79,61,512,425,-945,315,-381,570,67,-356
1522,247,-280,-147,371,-416,-669,448,1409,-773,-720,90,229,-241,-25,-87,-82,-336,126,-200,38,1834,-506,-608,-199,780,142,-931,982,284,-117,318,-560,1778,-190,-855,-925,-1006,520,143,-420,-862,227,745,105,-713,860,-224,-470,-242,31,110,-70,751,-399,-71,695,-288,-442,-181,1981,-1034,-901,66,-112,-206,-74,36,-138,65,402,-464,-127,820,-193,-148,-83,853,111,-47,173,423,-216,-802,871,1027,-354,798,-2109,-540,-121,-79,61,512,425,-945,315,-381,570,67,-356,-64
1523,-280,-147,371,-416,-669,448,1409,-773,-720,90,229,-241,-25,-87,-82,-336,126,-200,38,1834,-506,-608,-199,780,142,-931,982,284,-117,318,-560,1778,-190,-855,-925,-1006,520,143,-420,-862,227,745,105,-713,860,-224,-470,-242,31,110,-70,751,-399,-71,695,-288,-442,-181,1981,-1034,-901,66,-112,-206,-74,36,-138,65,402,-464,-127,820,-193,-148,-83,853,111,-47,173,423,-216,-802,871,1027,-354,798,-2109,-540,-121,-79,61,512,425,-945,315,-381,570,67,-356,-64,158
1524,-147,371,-416,-669,448,1409,-773,-720,90,229,-241,-25,-87,-82,-336,126,-200,38,1834,-506,-608,-199,780,142,-931,982,284,-117,318,-560,1778,-190,-855,-925,-1006,520,143,-420,-862,227,745,105,-713,860,-224,-470,-242,31,110,-70,751,-399,-71,695,-288,-442,-181,1981,-1034,-901,66,-112,-206,-74,36,-138,65,402,-464,-127,820,-193,-148,-83,853,111,-47,173,423,-216,-802,871,1027,-354,798,-2109,-540,-121,-79,61,512,425,-945,315,-381,570,67,-356,-64,158,-527
1525,371,-416,-669,448,1409,-773,-720,90,229,-241,-25,-87,-82,-336,126,-200,38,1834,-506,-608,-199,780,142,-931,982,284,-117,318,-560,1778,-190,-855,-925,-1006,520,143,-420,-862,227,745,105,-713,860,-224,-470,-242,31,110,-70,751,-399,-71,695,-288,-442,-181,1981,-1034,-901,66,-112,-206,-74,36,-138,65,402,-464,-127,820,-193,-148,-83,853,111,-47,173,423,-216,-802,871,1027,-354,798,-2109,-540,-121,-79,61,512,425,-945,315,-381,570,67,-356,-64,158,-527,638
1526,-416,-669,448,1409,-773,-720,90,229,-241,-25,-87,-82,-336,126,-200,38,1834,-506,-608,-199,780,142,-931,982,284,-117,318,-560,1778,-190,-855,-925,-1006,520,143,-420,-862,227,745,105,-713,860,-224,-470,-242,31,110,-70,751,-399,-71,695,-288,-442,-181,1981,-1034,-901,66,-112,-206,-74,36,-138,65,402,-464,-127,820,-193,-148,-83,853,111,-47,173,423,-216,-802,871,1027,-354,798,-2109,-540,-121,-79,61,512,425,-945,315,-381,570,67,-356,-64,158,-527,638,58
1527,-669,448,1409,-773,-720,90,229,-241,-25,-87,-82,-336,126,-200,38,1834,-506,-608,-199,780,142,-931,982,284,-117,318,-560,1778,-190,-855,-925,-1006,520,143,-420,-862,227,745,105,-713,860,-224,-470,-242,31,110,-70,751,-399,-71,695,-288,-442,-181,1981,-1034,-901,66,-112,-206,-74,36,-138,65,402,-464,-127,820,-193,-148,-83,853,111,-47,173,423,-216,-802,871,1027,-354,798,-2109,-540,-121,-79,61,512,425,-945,315,-381,570,67,-356,-64,158,-527,638,58,237
1528,448,1409,-773,-720,90,229,-241,-25,-87,-82,-336,126,-200,38,1834,-506,-608,-199,780,142,-931,982,284,-117,318,-560,1778,-190,-855,-925,-1006,520,143,-420,-862,227,745,105,-713,860,-224,-470,-242,31,110,-70,751,-399,-71,695,-288,-442,-181,1981,-1034,-901,66,-112,-206,-74,36,-138,65,402,-464,-127,820,-193,-148,-83,853,111,-47,173,423,-216,-802,871,1027,-354,798,-2109,-540,-121,-79,61,512,425,-945,315,-381,570,67,-356,-64,158,-527,638,58,237,181
1529,1409,-773,-720,90,229,-241,-25,-87,-82,-336,126,-200,38,1834,-506,-608,-199,780,142,-931,982,284,-117,318,-560,1778,-190,-855,-925,-1006,520,143,-420,-862,227,745,105,-713,860,-224,-470,-242,31,110,-70,751,-399,-71,695,-288,-442,-181,1981,-1034,-901,66,-112,-206,-74,36,-138,65,402,-464,-127,820,-193,-148,-83,853,111,-47,173,423,-216,-802,871,1027,-354,798,-2109,-540,-121,-79,61,512,425,-945,315,-381,570,67,-356,-64,158,-527,638,58,237,181,-42
1530,-773,-720,90,229,-241,-25,-87,-82,-336,126,-200,38,1834,-506,-608,-199,780,142,-931,982,284,-117,318,-560,1778,-190,-855,-925,-1006,520,143,-420,-862,227,745,105,-713,860,-224,-470,-242,31,110,-70,751,-399,-71,695,-288,-442,-181,1981,-1034,-901,66,-112,-206,-74,36,-138,65,402,-464,-127,820,-193,-148,-83,853,111,-47,173,423,-216,-802,871,1027,-354,798,-2109,-540,-121,-79,61,512,425,-945,315,-381,570,67,-356,-64,158,-527,638,58,237,181,-42,-247
1531,-720,90,229,-241,-25,-87,-82,-336,126,-200,38,1834,-506,-608,-199,780,142,-931,982,284,-117,318,-560,1778,-190,-855,-925,-1006,520,143,-420,-862,227,745,105,-713,860,-224,-470,-242,31,110,-70,751,-399,-71,695,-288,-442,-181,1981,-1034,-901,66,-112,-206,-74,36,-138,65,402,-464,-127,820,-193,-148,-83,853,111,-47,173,423,-216,-802,871,1027,-354,798,-2109,-540,-121,-79,61,512,425,-945,315,-381,570,67,-356,-64,158,-527,638,58,237,181,-42,-247,-138
1532,90,229,-241,-25,-87,-82,-336,126,-200,38,1834,-506,-608,-199,780,142,-931,982,284,-117,318,-560,1778,-190,-855,-925,-1006,520,143,-420,-862,227,745,105,-713,860,-224,-470,-242,31,110,-70,751,-399,-71,695,-288,-442,-181,1981,-1034,-901,66,-112,-206,-74,36,-138,65,402,-464,-127,820,-193,-148,-83,853,111,-47,173,423,-216,-802,871,1027,-354,798,-2109,-540,-121,-79,61,512,425,-945,315,-381,570,67,-356,-64,158,-527,638,58,237,181,-42,-247,-138,-722
1533,229,-241,-25,-87,-82,-336,126,-200,38,1834,-506,-608,-199,780,142,-931,982,284,-117,318,-560,1778,-190,-855,-925,-1006,520,143,-420,-862,227,745,105,-713,860,-224,-470,-242,31,110,-70,751,-399,-71,695,-288,-442,-181,1981,-1034,-901,66,-112,-206,-74,36,-138,65,402,-464,-127,820,-193,-148,-83,853,111,-47,173,423,-216,-802,871,1027,-354,798,-2109,-540,-121,-79,61,512,425,-945,315,-381,570,67,-356,-64,158,-527,638,58,237,181,-42,-247,-138,-722,687
1534,-241,-25,-87,-82,-336,126,-200,38,1834,-506,-608,-199,780,142,-931,982,284,-117,318,-560,1778,-190,-855,-925,-1006,520,143,-420,-862,227,745,105,-713,860,-224,-470,-242,31,110,-70,751,-399,-71,695,-288,-442,-181,1981,-1034,-901,66,-112,-206,-74,36,-138,65,402,-464,-127,820,-193,-148,-83,853,111,-47,173,423,-216,-802,871,1027,-354,798,-2109,-540,-121,-79,61,512,425,-945,315,-381,570,67,-356,-64,158,-527,638,58,237,181,-42,-247,-138,-722,687,484
1535,-25,-87,-82,-336,126,-200,38,1834,-506,-608,-199,780,142,-931,982,284,-117,318,-560,1778,-190,-855,-925,-1006,520,143,-420,-862,227,745,105,-713,860,-224,-470,-242,31,110,-70,751,-399,-71,695,-288,-442,-181,1981,-1034,-901,66,-112,-206,-74,36,-138,65,402,-464,-127,820,-193,-148,-83,853,111,-47,173,423,-216,-802,871,1027,-354,798,-2109,-540,-121,-79,61,512,425,-945,315,-381,570,67,-356,-64,158,-527,638,58,237,181,-42,-247,-138,-722,687,484,-950
1536,-87,-82,-336,126,-200,38,1834,-506,-608,-199,780,142,-931,982,284,-117,318,-560,1778,-190,-855,-925,-1006,520,143,-420,-862,227,745,105,-713,860,-224,-470,-242,31,110,-70,751,-399,-71,695,-288,-442,-181,1981,-1034,-901,66,-112,-206,-74,36,-138,65,402,-464,-127,820,-193,-148,-83,853,111,-47,173,423,-216,-802,871,1027,-354,798,-2109,-540,-121,-79,61,512,425,-945,315,-381,570,67,-356,-64,158,-527,638,58,237,181,-42,-247,-138,-722,687,484,-950,-94
1537,-82,-336,126,-200,38,1834,-506,-608,-199,780,142,-931,982,284,-117,318,-560,1778,-190,-855,-925,-1006,520,143,-420,-862,227,745,105,-713,860,-224,-470,-242,31,110,-70,751,-399,-71,695,-288,-442,-181,1981,-1034,-901,66,-112,-206,-74,36,-138,65,402,-464,-127,820,-193,-148,-83,853,111,-47,173,423,-216,-802,871,1027,-354,798,-2109,-540,-121,-79,61,512,425,-945,315,-381,570,67,-356,-64,158,-527,638,58,237,181,-42,-247,-138,-722,687,484,-950,-94,-265
1538,-336,126,-200,38,1834,-506,-608,-199,780,142,-931,982,284,-117,318,-560,1778,-190,-855,-925,-1006,520,143,-420,-862,227,745,105,-713,860,-224,-470,-242,31,110,-70,751,-399,-71,695,-288,-442,-181,1981,-1034,-901,66,-112,-206,-74,36,-138,65,402,-464,-127,820,-193,-148,-83,853,111,-47,173,423,-216,-802,871,1027,-354,798,-2109,-540,-121,-79,61,512,425,-945,315,-381,570,67,-356,-64,158,-527,638,58,237,181,-42,-247,-138,-722,687,484,-950,-94,-265,243
1539,126,-200,38,1834,-506,-608,-199,780,142,-931,982,284,-117,318,-560,1778,-190,-855,-925,-1006,520,143,-420,-862,227,745,105,-713,860,-224,-470,-242,31,110,-70,751,-399,-71,695,-288,-442,-181,1981,-1034,-901,66,-112,-206,-74,36,-138,65,402,-464,-127,820,-193,-148,-83,853,111,-47,173,423,-216,-802,871,1027,-354,798,-2109,-540,-121,-79,61,512,425,-945,315,-381,570,67,-356,-64,158,-527,638,58,237,181,-42,-247,-138,-722,687,484,-950,-94,-265,243,-310
1540,-200,38,1834,-506,-608,-199,780,142,-931,982,284,-117,318,-560,1778,-190,-855,-925,-1006,520,143,-420,-862,227,745,105,-713,860,-224,-470,-242,31,110,-70,751,-399,-71,695,-288,-442,-181,1981,-1034,-901,66,-112,-206,-74,36,-138,65,402,-464,-127,820,-193,-148,-83,853,111,-47,173,423,-216,-802,871,1027,-354,798,-2109,-540,-121,-79,61,512,425,-945,315,-381,570,67,-356,-64,158,-527,638,58,237,181,-42,-247,-138,-722,687,484,-950,-94,-265,243,-310,128
1541,38,1834,-506,-608,-199,780,142,-931,982,284,-117,318,-560,1778,-190,-855,-925,-1006,520,143,-420,-862,227,745,105,-713,860,-224,-470,-242,31,110,-70,751,-399,-71,695,-288,-442,-181,1981,-1034,-901,66,-112,-206,-74,36,-138,65,402,-464,-127,820,-193,-148,-83,853,111,-47,173,423,-216,-802,871,1027,-354,798,-2109,-540,-121,-79,61,512,425,-945,315,-381,570,67,-356,-64,158,-527,638,58,237,181,-42,-247,-138,-722,687,484,-950,-94,-265,243,-310,128,194
1542,1834,-506,-608,-199,780,142,-931,982,284,-117,318,-560,1778,-190,-855,-925,-1006,520,143,-420,-862,227,745,105,-713,860,-224,-470,-242,31,110,-70,751,-399,-71,695,-288,-442,-181,1981,-1034,-901,66,-112,-206,-74,36,-138,65,402,-464,-127,820,-193,-148,-83,853,111,-47,173,423,-216,-802,871,1027,-354,798,-2109,-540,-121,-79,61,512,425,-945,315,-381,570,67,-356,-64,158,-527,638,58,237,181,-42,-247,-138,-722,687,484,-950,-94,-265,243,-310,128,194,-149
1543,-506,-608,-199,780,142,-931,982,284,-117,318,-560,1778,-190,-855,-925,-1006,520,143,-420,-862,227,745,105,-713,860,-224,-470,-242,31,110,-70,751,-399,-71,695,-288,-442,-181,1981,-1034,-901,66,-112,-206,-74,36,-138,65,402,-464,-127,820,-193,-148,-83,853,111,-47,173,423,-216,-802,871,1027,-354,798,-2109,-540,-121,-79,61,512,425,-945,315,-381,570,67,-356,-64,158,-527,638,58,237,181,-42,-247,-138,-722,687,484,-950,-94,-265,243,-310,128,194,-149,-400
1544,-608,-199,780,142,-931,982,284,-117,318,-560,1778,-190,-855,-925,-1006,520,143,-420,-862,227,745,105,-713,860,-224,-470,-242,31,110,-70,751,-399,-71,695,-288,-442,-181,1981,-1034,-901,66,-112,-206,-74,36,-138,65,402,-464,-127,820,-193,-148,-83,853,111,-47,173,423,-216,-802,871,1027,-354,798,-2109,-540,-121,-79,61,512,425,-945,315,-381,570,67,-356,-64,158,-527,638,58,237,181,-42,-247,-138,-722,687,484,-950,-94,-265,243,-310,128,194,-149,-400,348
1545,-199,780,142,-931,982,284,-117,318,-560,1778,-190,-855,-925,-1006,520,143,-420,-862,227,745,105,-713,860,-224,-470,-242,31,110,-70,751,-399,-71,695,-288,-442,-181,1981,-1034,-901,66,-112,-206,-74,36,-138,65,402,-464,-127,820,-193,-148,-83,853,111,-47,173,423,-216,-802,871,1027,-354,798,-2109,-540,-121,-79,61,512,425,-945,315,-381,570,67,-356,-64,158,-527,638,58,237,181,-42,-247,-138,-722,687,484,-950,-94,-265,243,-310,128,194,-149,-400,348,-38
1546,780,142,-931,982,284,-117,318,-560,1778,-190,-855,-925,-1006,520,143,-420,-862,227,745,105,-713,860,-224,-470,-242,31,110,-70,751,-399,-71,695,-288,-442,-181,1981,-1034,-901,66,-112,-206,-74,36,-138,65,402,-464,-127,820,-193,-148,-83,853,111,-47,173,423,-216,-802,871,1027,-354,798,-2109,-540,-121,-79,61,512,425,-945,315,-381,570,67,-356,-64,158,-527,638,58,237,181,-42,-247,-138,-722,687,484,-950,-94,-265,243,-310,128,194,-149,-400,348,-38,193
1547,142,-931,982,284,-117,318,-560,1778,-190,-855,-925,-1006,520,143,-420,-862,227,745,105,-713,860,-224,-470,-242,31,110,-70,751,-399,-71,695,-288,-442,-181,1981,-1034,-901,66,-112,-206,-74,36,-138,65,402,-464,-127,820,-193,-148,-83,853,111,-47,173,423,-216,-802,871,1027,-354,798,-2109,-540,-121,-79,61,512,425,-945,315,-381,570,67,-356,-64,158,-527,638,58,237,181,-42,-247,-138,-722,687,484,-950,-94,-265,243,-310,128,194,-149,-400,348,-38,193,620
1548,-931,982,284,-117,318,-560,1778,-190,-855,-925,-1006,520,143,-420,-862,227,745,105,-713,860,-224,-470,-242,31,110,-70,751,-399,-71,695,-288,-442,-181,1981,-1034,-901,66,-112,-206,-74,36,-138,65,402,-464,-127,820,-193,-148,-83,853,111,-47,173,423,-216,-802,871,1027,-354,798,-2109,-540,-121,-79,61,512,425,-945,315,-381,570,67,-356,-64,158,-527,638,58,237,181,-42,-247,-138,-722,687,484,-950,-94,-265,243,-310,128,194,-149,-400,348,-38,193,620,-416
1549,982,284,-117,318,-560,1778,-190,-855,-925,-1006,520,143,-420,-862,227,745,105,-713,860,-224,-470,-242,31,110,-70,751,-399,-71,695,-288,-442,-181,1981,-1034,-901,66,-112,-206,-74,36,-138,65,402,-464,-127,820,-193,-148,-83,853,111,-47,173,423,-216,-802,871,1027,-354,798,-2109,-540,-121,-79,61,512,425,-945,315,-381,570,67,-356,-64,158,-527,638,58,237,181,-42,-247,-138,-722,687,484,-950,-94,-265,243,-310,128,194,-149,-400,348,-38,193,620,-416,175
1550,284,-117,318,-560,1778,-190,-855,-925,-1006,520,143,-420,-862,227,745,105,-713,860,-224,-470,-242,31,110,-70,751,-399,-71,695,-288,-442,-181,1981,-1034,-901,66,-112,-206,-74,36,-138,65,402,-464,-127,820,-193,-148,-83,853,111,-47,173,423,-216,-802,871,1027,-354,798,-2109,-540,-121,-79,61,512,425,-945,315,-381,570,67,-356,-64,158,-527,638,58,237,181,-42,-247,-138,-722,687,484,-950,-94,-265,243,-310,128,194,-149,-400,348,-38,193,620,-416,175,559
1551,-117,318,-560,1778,-190,-855,-925,-1006,520,143,-420,-862,227,745,105,-713,860,-224,-470,-242,31,110,-70,751,-399,-71,695,-288,-442,-181,1981,-1034,-901,66,-112,-206,-74,36,-138,65,402,-464,-127,820,-193,-148,-83,853,111,-47,173,423,-216,-802,871,1027,-354,798,-2109,-540,-121,-79,61,512,425,-945,315,-381,570,67,-356,-64,158,-527,638,58,237,181,-42,-247,-138,-722,687,484,-950,-94,-265,243,-310,128,194,-149,-400,348,-38,193,620,-416,175,559,-297
1552,318,-560,1778,-190,-855,-925,-1006,520,143,-420,-862,227,745,105,-713,860,-224,-470,-242,31,110,-70,751,-399,-71,695,-288,-442,-181,1981,-1034,-901,66,-112,-206,-74,36,-138,65,402,-464,-127,820,-193,-148,-83,853,111,-47,173,423,-216,-802,871,1027,-354,798,-2109,-540,-121,-79,61,512,425,-945,315,-381,570,67,-356,-64,158,-527,638,58,237,181,-42,-247,-138,-722,687,484,-950,-94,-265,243,-310,128,194,-149,-400,348,-38,193,620,-416,175,559,-297,-201
1553,-560,1778,-190,-855,-925,-1006,520,143,-420,-862,227,745,105,-713,860,-224,-470,-242,31,110,-70,751,-399,-71,695,-288,-442,-181,1981,-1034,-901,66,-112,-206,-74,36,-138,65,402,-464,-127,820,-193,-148,-83,853,111,-47,173,423,-216,-802,871,1027,-354,798,-2109,-540,-121,-79,61,512,425,-945,315,-381,570,67,-356,-64,158,-527,638,58,237,181,-42,-247,-138,-722,687,484,-950,-94,-265,243,-310,128,194,-149,-400,348,-38,193,620,-416,175,559,-297,-201,811
1554,1778,-190,-855,-925,-1006,520,143,-420,-862,227,745,105,-713,860,-224,-470,-242,31,110,-70,751,-399,-71,695,-288,-442,-181,1981,-1034,-901,66,-112,-206,-74,36,-138,65,402,-464,-127,820,-193,-148,-83,853,111,-47,173,423,-216,-802,871,1027,-354,798,-2109,-540,-121,-79,61,512,425,-945,315,-381,570,67,-356,-64,158,-527,638,58,237,181,-42,-247,-138,-722,687,484,-950,-94,-265,243,-310,128,194,-149,-400,348,-38,193,620,-416,175,559,-297,-201,811,612
1555,-190,-855,-925,-1006,520,143,-420,-862,227,745,105,-713,860,-224,-470,-242,31,110,-70,751,-399,-71,695,-288,-442,-181,1981,-1034,-901,66,-112,-206,-74,36,-138,65,402,-464,-127,820,-193,-148,-83,853,111,-47,173,423,-216,-802,871,1027,-354,798,-2109,-540,-121,-79,61,512,425,-945,315,-381,570,67,-356,-64,158,-527,638,58,237,181,-42,-247,-138,-722,687,484,-950,-94,-265,243,-310,128,194,-149,-400,348,-38,193,620,-416,175,559,-297,-201,811,612,-533
1556,-855,-925,-1006,520,143,-420,-862,227,745,105,-713,860,-224,-470,-242,31,110,-70,751,-399,-71,695,-288,-442,-181,1981,-1034,-901,66,-112,-206,-74,36,-138,65,402,-464,-127,820,-193,-148,-83,853,111,-47,173,423,-216,-802,871,1027,-354,798,-2109,-540,-121,-79,61,512,425,-945,315,-381,570,67,-356,-64,158,-527,638,58,237,181,-42,-247,-138,-722,687,484,-950,-94,-265,243,-310,128,194,-149,-400,348,-38,193,620,-416,175,559,-297,-201,811,612,-533,-810
1557,-925,-1006,520,143,-420,-862,227,745,105,-713,860,-224,-470,-242,31,110,-70,751,-399,-71,695,-288,-442,-181,1981,-1034,-901,66,-112,-206,-74,36,-138,65,402,-464,-127,820,-193,-148,-83,853,111,-47,173,423,-216,-802,871,1027,-354,798,-2109,-540,-121,-79,61,512,425,-945,315,-381,570,67,-356,-64,158,-527,638,58,237,181,-42,-247,-138,-722,687,484,-950,-94,-265,243,-310,128,194,-149,-400,348,-38,193,620,-416,175,559,-297,-201,811,612,-533,-810,587
1558,-1006,520,143,-420,-862,227,745,105,-713,860,-224,-470,-242,31,110,-70,751,-399,-71,695,-288,-442,-181,1981,-1034,-901,66,-112,-206,-74,36,-138,65,402,-464,-127,820,-193,-148,-83,853,111,-47,173,423,-216,-802,871,1027,-354,798,-2109,-540,-121,-79,61,512,425,-945,315,-381,570,67,-356,-64,158,-527,638,58,237,181,-42,-247,-138,-722,687,484,-950,-94,-265,243,-310,128,194,-149,-400,348,-38,193,620,-416,175,559,-297,-201,811,612,-533,-810,587,932
1559,520,143,-420,-862,227,745,105,-713,860,-224,-470,-242,31,110,-70,751,-399,-71,695,-288,-442,-181,1981,-1034,-901,66,-112,-206,-74,36,-138,65,402,-464,-127,820,-193,-148,-83,853,111,-47,173,423,-216,-802,871,1027,-354,798,-2109,-540,-121,-79,61,512,425,-945,315,-381,570,67,-356,-64,158,-527,638,58,237,181,-42,-247,-138,-722,687,484,-950,-94,-265,243,-310,128,194,-149,-400,348,-38,193,620,-416,175,559,-297,-201,811,612,-533,-810,587,932,-19
1560,143,-420,-862,227,745,105,-713,860,-224,-470,-242,31,110,-70,751,-399,-71,695,-288,-442,-181,1981,-1034,-901,66,-112,-206,-74,36,-138,65,402,-464,-127,820,-193,-148,-83,853,111,-47,173,423,-216,-802,871,1027,-354,798,-2109,-540,-121,-79,61,512,425,-945,315,-381,570,67,-356,-64,158,-527,638,58,237,181,-42,-247,-138,-722,687,484,-950,-94,-265,243,-310,128,194,-149,-400,348,-38,193,620,-416,175,559,-297,-201,811,612,-533,-810,587,932,-19,335
1561,-420,-862,227,745,105,-713,860,-224,-470,-242,31,110,-70,751,-399,-71,695,-288,-442,-181,1981,-1034,-901,66,-112,-206,-74,36,-138,65,402,-464,-127,820,-193,-148,-83,853,111,-47,173,423,-216,-802,871,1027,-354,798,-2109,-540,-121,-79,61,512,425,-945,315,-381,570,67,-356,-64,158,-527,638,58,237,181,-42,-247,-138,-722,687,484,-950,-94,-265,243,-310,128,194,-149,-400,348,-38,193,620,-416,175,559,-297,-201,811,612,-533,-810,587,932,-19,335,-1682
1562,-862,227,745,105,-713,860,-224,-470,-242,31,110,-70,751,-399,-71,695,-288,-442,-181,1981,-1034,-901,66,-112,-206,-74,36,-138,65,402,-464,-127,820,-193,-148,-83,853,111,-47,173,423,-216,-802,871,1027,-354,798,-2109,-540,-121,-79,61,512,425,-945,315,-381,570,67,-356,-64,158,-527,638,58,237,181,-42,-247,-138,-722,687,484,-950,-94,-265,243,-310,128,194,-149,-400,348,-38,193,620,-416,175,559,-297,-201,811,612,-533,-810,587,932,-19,335,-1682,-675
1563,227,745,105,-713,860,-224,-470,-242,31,110,-70,751,-399,-71,695,-288,-442,-181,1981,-1034,-901,66,-112,-206,-74,36,-138,65,402,-464,-127,820,-193,-148,-83,853,111,-47,173,423,-216,-802,871,1027,-354,798,-2109,-540,-121,-79,61,512,425,-945,315,-381,570,67,-356,-64,158,-527,638,58,237,181,-42,-247,-138,-722,687,484,-950,-94,-265,243,-310,128,194,-149,-400,348,-38,193,620,-416,175,559,-297,-201,811,612,-533,-810,587,932,-19,335,-1682,-675,646
1564,745,105,-713,860,-224,-470,-242,31,110,-70,751,-399,-71,695,-288,-442,-181,1981,-1034,-901,66,-112,-206,-74,36,-138,65,402,-464,-127,820,-193,-148,-83,853,111,-47,173,423,-216,-802,871,1027,-354,798,-2109,-540,-121,-79,61,512,425,-945,315,-381,570,67,-356,-64,158,-527,638,58,237,181,-42,-247,-138,-722,687,484,-950,-94,-265,243,-310,128,194,-149,-400,348,-38,193,620,-416,175,559,-297,-201,811,612,-533,-810,587,932,-19,335,-1682,-675,646,-628
1565,105,-713,860,-224,-470,-242,31,110,-70,751,-399,-71,695,-288,-442,-181,1981,-1034,-901,66,-112,-206,-74,36,-138,65,402,-464,-127,820,-193,-148,-83,853,111,-47,173,423,-216,-802,871,1027,-354,798,-2109,-540,-121,-79,61,512,425,-945,315,-381,570,67,-356,-64,158,-527,638,58,237,181,-42,-247,-138,-722,687,484,-950,-94,-265,243,-310,128,194,-149,-400,348,-38,193,620,-416,175,559,-297,-201,811,612,-533,-810,587,932,-19,335,-1682,-675,646,-628,-113
1566,-713,860,-224,-470,-242,31,110,-70,751,-399,-71,695,-288,-442,-181,1981,-1034,-901,66,-112,-206,-74,36,-138,65,402,-464,-127,820,-193,-148,-83,853,111,-47,173,423,-216,-802,871,1027,-354,798,-2109,-540,-121,-79,61,512,425,-945,315,-381,570,67,-356,-64,158,-527,638,58,237,181,-42,-247,-138,-722,687,484,-950,-94,-265,243,-310,128,194,-149,-400,348,-38,193,620,-416,175,559,-297,-201,811,612,-533,-810,587,932,-19,335,-1682,-675,646,-628,-113,-288
1567,860,-224,-470,-242,31,110,-70,751,-399,-71,695,-288,-442,-181,1981,-1034,-901,66,-112,-206,-74,36,-138,65,402,-464,-127,820,-193,-148,-83,853,111,-47,173,423,-216,-802,871,1027,-354,798,-2109,-540,-121,-79,61,512,425,-945,315,-381,570,67,-356,-64,158,-527,638,58,237,181,-42,-247,-138,-722,687,484,-950,-94,-265,243,-310,128,194,-149,-400,348,-38,193,620,-416,175,559,-297,-201,811,612,-533,-810,587,932,-19,335,-1682,-675,646,-628,-113,-288,255
1568,-224,-470,-242,31,110,-70,751,-399,-71,695,-288,-442,-181,1981,-1034,-901,66,-112,-206,-74,36,-138,65,402,-464,-127,820,-193,-148,-83,853,111,-47,173,423,-216,-802,871,1027,-354,798,-2109,-540,-121,-79,61,512,425,-945,315,-381,570,67,-356,-64,158,-527,638,58,237,181,-42,-247,-138,-722,687,484,-950,-94,-265,243,-310,128,194,-149,-400,348,-38,193,620,-416,175,559,-297,-201,811,612,-533,-810,587,932,-19,335,-1682,-675,646,-628,-113,-288,255,-121
1569,-470,-242,31,110,-70,751,-399,-71,695,-288,-442,-181,1981,-1034,-901,66,-112,-206,-74,36,-138,65,402,-464,-127,820,-193,-148,-83,853,111,-47,173,423,-216,-802,871,1027,-354,798,-2109,-540,-121,-79,61,512,425,-945,315,-381,570,67,-356,-64,158,-527,638,58,237,181,-42,-247,-138,-722,687,484,-950,-94,-265,243,-310,128,194,-149,-400,348,-38,193,620,-416,175,559,-297,-201,811,612,-533,-810,587,932,-19,335,-1682,-675,646,-628,-113,-288,255,-121,242
1570,-242,31,110,-70,751,-399,-71,695,-288,-442,-181,1981,-1034,-901,66,-112,-206,-74,36,-138,65,402,-464,-127,820,-193,-148,-83,853,111,-47,173,423,-216,-802,871,1027,-354,798,-2109,-540,-121,-79,61,512,425,-945,315,-381,570,67,-356,-64,158,-527,638,58,237,181,-42,-247,-138,-722,687,484,-950,-94,-265,243,-310,128,194,-149,-400,348,-38,193,620,-416,175,559,-297,-201,811,612,-533,-810,587,932,-19,335,-1682,-675,646,-628,-113,-288,255,-121,242,-287
1571,31,110,-70,751,-399,-71,695,-288,-442,-181,1981,-1034,-901,66,-112,-206,-74,36,-138,65,402,-464,-127,820,-193,-148,-83,853,111,-47,173,423,-216,-802,871,1027,-354,798,-2109,-540,-121,-79,61,512,425,-945,315,-381,570,67,-356,-64,158,-527,638,58,237,181,-42,-247,-138,-722,687,484,-950,-94,-265,243,-310,128,194,-149,-400,348,-38,193,620,-416,175,559,-297,-201,811,612,-533,-810,587,932,-19,335,-1682,-675,646,-628,-113,-288,255,-121,242,-287,1156
1572,110,-70,751,-399,-71,695,-288,-442,-181,1981,-1034,-901,66,-112,-206,-74,36,-138,65,402,-464,-127,820,-193,-148,-83,853,111,-47,173,423,-216,-802,871,1027,-354,798,-2109,-540,-121,-79,61,512,425,-945,315,-381,570,67,-356,-64,158,-527,638,58,237,181,-42,-247,-138,-722,687,484,-950,-94,-265,243,-310,128,194,-149,-400,348,-38,193,620,-416,175,559,-297,-201,811,612,-533,-810,587,932,-19,335,-1682,-675,646,-628,-113,-288,255,-121,242,-287,1156,-1249
1573,-70,751,-399,-71,695,-288,-442,-181,1981,-1034,-901,66,-112,-206,-74,36,-138,65,402,-464,-127,820,-193,-148,-83,853,111,-47,173,423,-216,-802,871,1027,-354,798,-2109,-540,-121,-79,61,512,425,-945,315,-381,570,67,-356,-64,158,-527,638,58,237,181,-42,-247,-138,-722,687,484,-950,-94,-265,243,-310,128,194,-149,-400,348,-38,193,620,-416,175,559,-297,-201,811,612,-533,-810,587,932,-19,335,-1682,-675,646,-628,-113,-288,255,-121,242,-287,1156,-1249,597
1574,751,-399,-71,695,-288,-442,-181,1981,-1034,-901,66,-112,-206,-74,36,-138,65,402,-464,-127,820,-193,-148,-83,853,111,-47,173,423,-216,-802,871,1027,-354,798,-2109,-540,-121,-79,61,512,425,-945,315,-381,570,67,-356,-64,158,-527,638,58,237,181,-42,-247,-138,-722,687,484,-950,-94,-265,243,-310,128,194,-149,-400,348,-38,193,620,-416,175,559,-297,-201,811,612,-533,-810,587,932,-19,335,-1682,-675,646,-628,-113,-288,255,-121,242,-287,1156,-1249,597,-504
1575,-399,-71,695,-288,-442,-181,1981,-1034,-901,66,-112,-206,-74,36,-138,65,402,-464,-127,820,-193,-148,-83,853,111,-47,173,423,-216,-802,871,1027,-354,798,-2109,-540,-121,-79,61,512,425,-945,315,-381,570,67,-356,-64,158,-527,638,58,237,181,-42,-247,-138,-722,687,484,-950,-94,-265,243,-310,128,194,-149,-400,348,-38,193,620,-416,175,559,-297,-201,811,612,-533,-810,587,932,-19,335,-1682,-675,646,-628,-113,-288,255,-121,242,-287,1156,-1249,597,-504,320
1576,-71,695,-288,-442,-181,1981,-1034,-901,66,-112,-206,-74,36,-138,65,402,-464,-127,820,-193,-148,-83,853,111,-47,173,423,-216,-802,871,1027,-354,798,-2109,-540,-121,-79,61,512,425,-945,315,-381,570,67,-356,-64,158,-527,638,58,237,181,-42,-247,-138,-722,687,484,-950,-94,-265,243,-310,128,194,-149,-400,348,-38,193,620,-416,175,559,-297,-201,811,612,-533,-810,587,932,-19,335,-1682,-675,646,-628,-113,-288,255,-121,242,-287,1156,-1249,597,-504,320,-248
1577,695,-288,-442,-181,1981,-1034,-901,66,-112,-206,-74,36,-138,65,402,-464,-127,820,-193,-148,-83,853,111,-47,173,423,-216,-802,871,1027,-354,798,-2109,-540,-121,-79,61,512,425,-945,315,-381,570,67,-356,-64,158,-527,638,58,237,181,-42,-247,-138,-722,687,484,-950,-94,-265,243,-310,128,194,-149,-400,348,-38,193,620,-416,175,559,-297,-201,811,612,-533,-810,587,932,-19,335,-1682,-675,646,-628,-113,-288,255,-121,242,-287,1156,-1249,597,-504,320,-248,464
1578,-288,-442,-181,1981,-1034,-901,66,-112,-206,-74,36,-138,65,402,-464,-127,820,-193,-148,-83,853,111,-47,173,423,-216,-802,871,1027,-354,798,-2109,-540,-121,-79,61,512,425,-945,315,-381,570,67,-356,-64,158,-527,638,58,237,181,-42,-247,-138,-722,687,484,-950,-94,-265,243,-310,128,194,-149,-400,348,-38,193,620,-416,175,559,-297,-201,811,612,-533,-810,587,932,-19,335,-1682,-675,646,-628,-113,-288,255,-121,242,-287,1156,-1249,597,-504,320,-248,464,-109
1579,-442,-181,1981,-1034,-901,66,-112,-206,-74,36,-138,65,402,-464,-127,820,-193,-148,-83,853,111,-47,173,423,-216,-802,871,1027,-354,798,-2109,-540,-121,-79,61,512,425,-945,315,-381,570,67,-356,-64,158,-527,638,58,237,181,-42,-247,-138,-722,687,484,-950,-94,-265,243,-310,128,194,-149,-400,348,-38,193,620,-416,175,559,-297,-201,811,612,-533,-810,587,932,-19,335,-1682,-675,646,-628,-113,-288,255,-121,242,-287,1156,-1249,597,-504,320,-248,464,-109,445
1580,-181,1981,-1034,-901,66,-112,-206,-74,36,-138,65,402,-464,-127,820,-193,-148,-83,853,111,-47,173,423,-216,-802,871,1027,-354,798,-2109,-540,-121,-79,61,512,425,-945,315,-381,570,67,-356,-64,158,-527,638,58,237,181,-42,-247,-138,-722,687,484,-950,-94,-265,243,-310,128,194,-149,-400,348,-38,193,620,-416,175,559,-297,-201,811,612,-533,-810,587,932,-19,335,-1682,-675,646,-628,-113,-288,255,-121,242,-287,1156,-1249,597,-504,320,-248,464,-109,445,-351
1581,1981,-1034,-901,66,-112,-206,-74,36,-138,65,402,-464,-127,820,-193,-148,-83,853,111,-47,173,423,-216,-802,871,1027,-354,798,-2109,-540,-121,-79,61,512,425,-945,315,-381,570,67,-356,-64,158,-527,638,58,237,181,-42,-247,-138,-722,687,484,-950,-94,-265,243,-310,128,194,-149,-400,348,-38,193,620,-416,175,559,-297,-201,811,612,-533,-810,587,932,-19,335,-1682,-675,646,-628,-113,-288,255,-121,242,-287,1156,-1249,597,-504,320,-248,464,-109,445,-351,-552
1582,-1034,-901,66,-112,-206,-74,36,-138,65,402,-464,-127,820,-193,-148,-83,853,111,-47,173,423,-216,-802,871,1027,-354,798,-2109,-540,-121,-79,61,512,425,-945,315,-381,570,67,-356,-64,158,-527,638,58,237,181,-42,-247,-138,-722,687,484,-950,-94,-265,243,-310,128,194,-149,-400,348,-38,193,620,-416,175,559,-297,-201,811,612,-533,-810,587,932,-19,335,-1682,-675,646,-628,-113,-288,255,-121,242,-287,1156,-1249,597,-504,320,-248,464,-109,445,-351,-552,503
1583,-901,66,-112,-206,-74,36,-138,65,402,-464,-127,820,-193,-148,-83,853,111,-47,173,423,-216,-802,871,1027,-354,798,-2109,-540,-121,-79,61,512,425,-945,315,-381,570,67,-356,-64,158,-527,638,58,237,181,-42,-247,-138,-722,687,484,-950,-94,-265,243,-310,128,194,-149,-400,348,-38,193,620,-416,175,559,-297,-201,811,612,-533,-810,587,932,-19,335,-1682,-675,646,-628,-113,-288,255,-121,242,-287,1156,-1249,597,-504,320,-248,464,-109,445,-351,-552,503,-686
1584,66,-112,-206,-74,36,-138,65,402,-464,-127,820,-193,-148,-83,853,111,-47,173,423,-216,-802,871,1027,-354,798,-2109,-540,-121,-79,61,512,425,-945,315,-381,570,67,-356,-64,158,-527,638,58,237,181,-42,-247,-138,-722,687,484,-950,-94,-265,243,-310,128,194,-149,-400,348,-38,193,620,-416,175,559,-297,-201,811,612,-533,-810,587,932,-19,335,-1682,-675,646,-628,-113,-288,255,-121,242,-287,1156,-1249,597,-504,320,-248,464,-109,445,-351,-552,503,-686,7
1585,-112,-206,-74,36,-138,65,402,-464,-127,820,-193,-148,-83,853,111,-47,173,423,-216,-802,871,1027,-354,798,-2109,-540,-121,-79,61,512,425,-945,315,-381,570,67,-356,-64,158,-527,638,58,237,181,-42,-247,-138,-722,687,484,-950,-94,-265,243,-310,128,194,-149,-400,348,-38,193,620,-416,175,559,-297,-201,811,612,-533,-810,587,932,-19,335,-1682,-675,646,-628,-113,-288,255,-121,242,-287,1156,-1249,597,-504,320,-248,464,-109,445,-351,-552,503,-686,7,184
1586,-206,-74,36,-138,65,402,-464,-127,820,-193,-148,-83,853,111,-47,173,423,-216,-802,871,1027,-354,798,-2109,-540,-121,-79,61,512,425,-945,315,-381,570,67,-356,-64,158,-527,638,58,237,181,-42,-247,-138,-722,687,484,-950,-94,-265,243,-310,128,194,-149,-400,348,-38,193,620,-416,175,559,-297,-201,811,612,-533,-810,587,932,-19,335,-1682,-675,646,-628,-113,-288,255,-121,242,-287,1156,-1249,597,-504,320,-248,464,-109,445,-351,-552,503,-686,7,184,1474
1587,-74,36,-138,65,402,-464,-127,820,-193,-148,-83,853,111,-47,173,423,-216,-802,871,1027,-354,798,-2109,-540,-121,-79,61,512,425,-945,315,-381,570,67,-356,-64,158,-527,638,58,237,181,-42,-247,-138,-722,687,484,-950,-94,-265,243,-310,128,194,-149,-400,348,-38,193,620,-416,175,559,-297,-201,811,612,-533,-810,587,932,-19,335,-1682,-675,646,-628,-113,-288,255,-121,242,-287,1156,-1249,597,-504,320,-248,464,-109,445,-351,-552,503,-686,7,184,1474,-1299
1588,36,-138,65,402,-464,-127,820,-193,-148,-83,853,111,-47,173,423,-216,-802,871,1027,-354,798,-2109,-540,-121,-79,61,512,425,-945,315,-381,570,67,-356,-64,158,-527,638,58,237,181,-42,-247,-138,-722,687,484,-950,-94,-265,243,-310,128,194,-149,-400,348,-38,193,620,-416,175,559,-297,-201,811,612,-533,-810,587,932,-19,335,-1682,-675,646,-628,-113,-288,255,-121,242,-287,1156,-1249,597,-504,320,-248,464,-109,445,-351,-552,503,-686,7,184,1474,-1299,-236
1589,-138,65,402,-464,-127,820,-193,-148,-83,853,111,-47,173,423,-216,-802,871,1027,-354,798,-2109,-540,-121,-79,61,512,425,-945,315,-381,570,67,-356,-64,158,-527,638,58,237,181,-42,-247,-138,-722,687,484,-950,-94,-265,243,-310,128,194,-149,-400,348,-38,193,620,-416,175,559,-297,-201,811,612,-533,-810,587,932,-19,335,-1682,-675,646,-628,-113,-288,255,-121,242,-287,1156,-1249,597,-504,320,-248,464,-109,445,-351,-552,503,-686,7,184,1474,-1299,-236,-185
1590,65,402,-464,-127,820,-193,-148,-83,853,111,-47,173,423,-216,-802,871,1027,-354,798,-2109,-540,-121,-79,61,512,425,-945,315,-381,570,67,-356,-64,158,-527,638,58,237,181,-42,-247,-138,-722,687,484,-950,-94,-265,243,-310,128,194,-149,-400,348,-38,193,620,-416,175,559,-297,-201,811,612,-533,-810,587,932,-19,335,-1682,-675,646,-628,-113,-288,255,-121,242,-287,1156,-1249,597,-504,320,-248,464,-109,445,-351,-552,503,-686,7,184,1474,-1299,-236,-185,174
1591,402,-464,-127,820,-193,-148,-83,853,111,-47,173,423,-216,-802,871,1027,-354,798,-2109,-540,-121,-79,61,512,425,-945,315,-381,570,67,-356,-64,158,-527,638,58,237,181,-42,-247,-138,-722,687,484,-950,-94,-265,243,-310,128,194,-149,-400,348,-38,193,620,-416,175,559,-297,-201,811,612,-533,-810,587,932,-19,335,-1682,-675,646,-628,-113,-288,255,-121,242,-287,1156,-1249,597,-504,320,-248,464,-109,445,-351,-552,503,-686,7,184,1474,-1299,-236,-185,174,-30
1592,-464,-127,820,-193,-148,-83,853,111,-47,173,423,-216,-802,871,1027,-354,798,-2109,-540,-121,-79,61,512,425,-945,315,-381,570,67,-356,-64,158,-527,638,58,237,181,-42,-247,-138,-722,687,484,-950,-94,-265,243,-310,128,194,-149,-400,348,-38,193,620,-416,175,559,-297,-201,811,612,-533,-810,587,932,-19,335,-1682,-675,646,-628,-113,-288,255,-121,242,-287,1156,-1249,597,-504,320,-248,464,-109,445,-351,-552,503,-686,7,184,1474,-1299,-236,-185,174,-30,309
1593,-127,820,-193,-148,-83,853,111,-47,173,423,-216,-802,871,1027,-354,798,-2109,-540,-121,-79,61,512,425,-945,315,-381,570,67,-356,-64,158,-527,638,58,237,181,-42,-247,-138,-722,687,484,-950,-94,-265,243,-310,128,194,-149,-400,348,-38,193,620,-416,175,559,-297,-201,811,612,-533,-810,587,932,-19,335,-1682,-675,646,-628,-113,-288,255,-121,242,-287,1156,-1249,597,-504,320,-248,464,-109,445,-351,-552,503,-686,7,184,1474,-1299,-236,-185,174,-30,309,-284
1594,820,-193,-148,-83,853,111,-47,173,423,-216,-802,871,1027,-354,798,-2109,-540,-121,-79,61,512,425,-945,315,-381,570,67,-356,-64,158,-527,638,58,237,181,-42,-247,-138,-722,687,484,-950,-94,-265,243,-310,128,194,-149,-400,348,-38,193,620,-416,175,559,-297,-201,811,612,-533,-810,587,932,-19,335,-1682,-675,646,-628,-113,-288,255,-121,242,-287,1156,-1249,597,-504,320,-248,464,-109,445,-351,-552,503,-686,7,184,1474,-1299,-236,-185,174,-30,309,-284,-215
1595,-193,-148,-83,853,111,-47,173,423,-216,-802,871,1027,-354,798,-2109,-540,-121,-79,61,512,425,-945,315,-381,570,67,-356,-64,158,-527,638,58,237,181,-42,-247,-138,-722,687,484,-950,-94,-265,243,-310,128,194,-149,-400,348,-38,193,620,-416,175,559,-297,-201,811,612,-533,-810,587,932,-19,335,-1682,-675,646,-628,-113,-288,255,-121,242,-287,1156,-1249,597,-504,320,-248,464,-109,445,-351,-552,503,-686,7,184,1474,-1299,-236,-185,174,-30,309,-284,-215,-134
1596,-148,-83,853,111,-47,173,423,-216,-802,871,1027,-354,798,-2109,-540,-121,-79,61,512,425,-945,315,-381,570,67,-356,-64,158,-527,638,58,237,181,-42,-247,-138,-722,687,484,-950,-94,-265,243,-310,128,194,-149,-400,348,-38,193,620,-416,175,559,-297,-201,811,612,-533,-810,587,932,-19,335,-1682,-675,646,-628,-113,-288,255,-121,242,-287,1156,-1249,597,-504,320,-248,464,-109,445,-351,-552,503,-686,7,184,1474,-1299,-236,-185,174,-30,309,-284,-215,-134,226
1597,-83,853,111,-47,173,423,-216,-802,871,1027,-354,798,-2109,-540,-121,-79,61,512,425,-945,315,-381,570,67,-356,-64,158,-527,638,58,237,181,-42,-247,-138,-722,687,484,-950,-94,-265,243,-310,128,194,-149,-400,348,-38,193,620,-416,175,559,-297,-201,811,612,-533,-810,587,932,-19,335,-1682,-675,646,-628,-113,-288,255,-121,242,-287,1156,-1249,597,-504,320,-248,464,-109,445,-351,-552,503,-686,7,184,1474,-1299,-236,-185,174,-30,309,-284,-215,-134,226,-208
1598,853,111,-47,173,423,-216,-802,871,1027,-354,798,-2109,-540,-121,-79,61,512,425,-945,315,-381,570,67,-356,-64,158,-527,638,58,237,181,-42,-247,-138,-722,687,484,-950,-94,-265,243,-310,128,194,-149,-400,348,-38,193,620,-416,175,559,-297,-201,811,612,-533,-810,587,932,-19,335,-1682,-675,646,-628,-113,-288,255,-121,242,-287,1156,-1249,597,-504,320,-248,464,-109,445,-351,-552,503,-686,7,184,1474,-1299,-236,-185,174,-30,309,-284,-215,-134,226,-208,-247
1599,111,-47,173,423,-216,-802,871,1027,-354,798,-2109,-540,-121,-79,61,512,425,-945,315,-381,570,67,-356,-64,158,-527,638,58,237,181,-42,-247,-138,-722,687,484,-950,-94,-265,243,-310,128,194,-149,-400,348,-38,193,620,-416,175,559,-297,-201,811,612,-533,-810,587,932,-19,335,-1682,-675,646,-628,-113,-288,255,-121,242,-287,1156,-1249,597,-504,320,-248,464,-109,445,-351,-552,503,-686,7,184,1474,-1299,-236,-185,174,-30,309,-284,-215,-134,226,-208,-247,968
1600,-47,173,423,-216,-802,871,1027,-354,798,-2109,-540,-121,-79,61,512,425,-945,315,-381,570,67,-356,-64,158,-527,638,58,237,181,-42,-247,-138,-722,687,484,-950,-94,-265,243,-310,128,194,-149,-400,348,-38,193,620,-416,175,559,-297,-201,811,612,-533,-810,587,932,-19,335,-1682,-675,646,-628,-113,-288,255,-121,242,-287,1156,-1249,597,-504,320,-248,464,-109,445,-351,-552,503,-686,7,184,1474,-1299,-236,-185,174,-30,309,-284,-215,-134,226,-208,-247,968,-470
1601,173,423,-216,-802,871,1027,-354,798,-2109,-540,-121,-79,61,512,425,-945,315,-381,570,67,-356,-64,158,-527,638,58,237,181,-42,-247,-138,-722,687,484,-950,-94,-265,243,-310,128,194,-149,-400,348,-38,193,620,-416,175,559,-297,-201,811,612,-533,-810,587,932,-19,335,-1682,-675,646,-628,-113,-288,255,-121,242,-287,1156,-1249,597,-504,320,-248,464,-109,445,-351,-552,503,-686,7,184,1474,-1299,-236,-185,174,-30,309,-284,-215,-134,226,-208,-247,968,-470,116
1602,423,-216,-802,871,1027,-354,798,-2109,-540,-121,-79,61,512,425,-945,315,-381,570,67,-356,-64,158,-527,638,58,237,181,-42,-247,-138,-722,687,484,-950,-94,-265,243,-310,128,194,-149,-400,348,-38,193,620,-416,175,559,-297,-201,811,612,-533,-810,587,932,-19,335,-1682,-675,646,-628,-113,-288,255,-121,242,-287,1156,-1249,597,-504,320,-248,464,-109,445,-351,-552,503,-686,7,184,1474,-1299,-236,-185,174,-30,309,-284,-215,-134,226,-208,-247,968,-470,116,212
1603,-216,-802,871,1027,-354,798,-2109,-540,-121,-79,61,512,425,-945,315,-381,570,67,-356,-64,158,-527,638,58,237,181,-42,-247,-138,-722,687,484,-950,-94,-265,243,-310,128,194,-149,-400,348,-38,193,620,-416,175,559,-297,-201,811,612,-533,-810,587,932,-19,335,-1682,-675,646,-628,-113,-288,255,-121,242,-287,1156,-1249,597,-504,320,-248,464,-109,445,-351,-552,503,-686,7,184,1474,-1299,-236,-185,174,-30,309,-284,-215,-134,226,-208,-247,968,-470,116,212,31
1604,-802,871,1027,-354,798,-2109,-540,-121,-79,61,512,425,-945,315,-381,570,67,-356,-64,158,-527,638,58,237,181,-42,-247,-138,-722,687,484,-950,-94,-265,243,-310,128,194,-149,-400,348,-38,193,620,-416,175,559,-297,-201,811,612,-533,-810,587,932,-19,335,-1682,-675,646,-628,-113,-288,255,-121,242,-287,1156,-1249,597,-504,320,-248,464,-109,445,-351,-552,503,-686,7,184,1474,-1299,-236,-185,174,-30,309,-284,-215,-134,226,-208,-247,968,-470,116,212,31,-448
1605,871,1027,-354,798,-2109,-540,-121,-79,61,512,425,-945,315,-381,570,67,-356,-64,158,-527,638,58,237,181,-42,-247,-138,-722,687,484,-950,-94,-265,243,-310,128,194,-149,-400,348,-38,193,620,-416,175,559,-297,-201,811,612,-533,-810,587,932,-19,335,-1682,-675,646,-628,-113,-288,255,-121,242,-287,1156,-1249,597,-504,320,-248,464,-109,445,-351,-552,503,-686,7,184,1474,-1299,-236,-185,174,-30,309,-284,-215,-134,226,-208,-247,968,-470,116,212,31,-448,796
1606,1027,-354,798,-2109,-540,-121,-79,61,512,425,-945,315,-381,570,67,-356,-64,158,-527,638,58,237,181,-42,-247,-138,-722,687,484,-950,-94,-265,243,-310,128,194,-149,-400,348,-38,193,620,-416,175,559,-297,-201,811,612,-533,-810,587,932,-19,335,-1682,-675,646,-628,-113,-288,255,-121,242,-287,1156,-1249,597,-504,320,-248,464,-109,445,-351,-552,503,-686,7,184,1474,-1299,-236,-185,174,-30,309,-284,-215,-134,226,-208,-247,968,-470,116,212,31,-448,796,256
1607,-354,798,-2109,-540,-121,-79,61,512,425,-945,315,-381,570,67,-356,-64,158,-527,638,58,237,181,-42,-247,-138,-722,687,484,-950,-94,-265,243,-310,128,194,-149,-400,348,-38,193,620,-416,175,559,-297,-201,811,612,-533,-810,587,932,-19,335,-1682,-675,646,-628,-113,-288,255,-121,242,-287,1156,-1249,597,-504,320,-248,464,-109,445,-351,-552,503,-686,7,184,1474,-1299,-236,-185,174,-30,309,-284,-215,-134,226,-208,-247,968,-470,116,212,31,-448,796,256,111
1608,798,-2109,-540,-121,-79,61,512,425,-945,315,-381,570,67,-356,-64,158,-527,638,58,237,181,-42,-247,-138,-722,687,484,-950,-94,-265,243,-310,128,194,-149,-400,348,-38,193,620,-416,175,559,-297,-201,811,612,-533,-810,587,932,-19,335,-1682,-675,646,-628,-113,-288,255,-121,242,-287,1156,-1249,597,-504,320,-248,464,-109,445,-351,-552,503,-686,7,184,1474,-1299,-236,-185,174,-30,309,-284,-215,-134,226,-208,-247,968,-470,116,212,31,-448,796,256,111,-466
1609,-2109,-540,-121,-79,61,512,425,-945,315,-381,570,67,-356,-64,158,-527,638,58,237,181,-42,-247,-138,-722,687,484,-950,-94,-265,243,-310,128,194,-149,-400,348,-38,193,620,-416,175,559,-297,-201,811,612,-533,-810,587,932,-19,335,-1682,-675,646,-628,-113,-288,255,-121,242,-287,1156,-1249,597,-504,320,-248,464,-109,445,-351,-552,503,-686,7,184,1474,-1299,-236,-185,174,-30,309,-284,-215,-134,226,-208,-247,968,-470,116,212,31,-448,796,256,111,-466,-299
1610,-540,-121,-79,61,512,425,-945,315,-381,570,67,-356,-64,158,-527,638,58,237,181,-42,-247,-138,-722,687,484,-950,-94,-265,243,-310,128,194,-149,-400,348,-38,193,620,-416,175,559,-297,-201,811,612,-533,-810,587,932,-19,335,-1682,-675,646,-628,-113,-288,255,-121,242,-287,1156,-1249,597,-504,320,-248,464,-109,445,-351,-552,503,-686,7,184,1474,-1299,-236,-185,174,-30,309,-284,-215,-134,226,-208,-247,968,-470,116,212,31,-448,796,256,111,-466,-299,1625
1611,-121,-79,61,512,425,-945,315,-381,570,67,-356,-64,158,-527,638,58,237,181,-42,-247,-138,-722,687,484,-950,-94,-265,243,-310,128,194,-149,-400,348,-38,193,620,-416,175,559,-297,-201,811,612,-533,-810,587,932,-19,335,-1682,-675,646,-628,-113,-288,255,-121,242,-287,1156,-1249,597,-504,320,-248,464,-109,445,-351,-552,503,-686,7,184,1474,-1299,-236,-185,174,-30,309,-284,-215,-134,226,-208,-247,968,-470,116,212,31,-448,796,256,111,-466,-299,1625,-414
1612,-79,61,512,425,-945,315,-381,570,67,-356,-64,158,-527,638,58,237,181,-42,-247,-138,-722,687,484,-950,-94,-265,243,-310,128,194,-149,-400,348,-38,193,620,-416,175,559,-297,-201,811,612,-533,-810,587,932,-19,335,-1682,-675,646,-628,-113,-288,255,-121,242,-287,1156,-1249,597,-504,320,-248,464,-109,445,-351,-552,503,-686,7,184,1474,-1299,-236,-185,174,-30,309,-284,-215,-134,226,-208,-247,968,-470,116,212,31,-448,796,256,111,-466,-299,1625,-414,-201
1613,61,512,425,-945,315,-381,570,67,-356,-64,158,-527,638,58,237,181,-42,-247,-138,-722,687,484,-950,-94,-265,243,-310,128,194,-149,-400,348,-38,193,620,-416,175,559,-297,-201,811,612,-533,-810,587,932,-19,335,-1682,-675,646,-628,-113,-288,255,-121,242,-287,1156,-1249,597,-504,320,-248,464,-109,445,-351,-552,503,-686,7,184,1474,-1299,-236,-185,174,-30,309,-284,-215,-134,226,-208,-247,968,-470,116,212,31,-448,796,256,111,-466,-299,1625,-414,-201,-450
1614,512,425,-945,315,-381,570,67,-356,-64,158,-527,638,58,237,181,-42,-247,-138,-722,687,484,-950,-94,-265,243,-310,128,194,-149,-400,348,-38,193,620,-416,175,559,-297,-201,811,612,-533,-810,587,932,-19,335,-1682,-675,646,-628,-113,-288,255,-121,242,-287,1156,-1249,597,-504,320,-248,464,-109,445,-351,-552,503,-686,7,184,1474,-1299,-236,-185,174,-30,309,-284,-215,-134,226,-208,-247,968,-470,116,212,31,-448,796,256,111,-466,-299,1625,-414,-201,-450,-690
