target_index,t-100,t-99,t-98,t-97,t-96,t-95,t-94,t-93,t-92,t-91,t-90,t-89,t-88,t-87,t-86,t-85,t-84,t-83,t-82,t-81,t-80,t-79,t-78,t-77,t-76,t-75,t-74,t-73,t-72,t-71,t-70,t-69,t-68,t-67,t-66,t-65,t-64,t-63,t-62,t-61,t-60,t-59,t-58,t-57,t-56,t-55,t-54,t-53,t-52,t-51,t-50,t-49,t-48,t-47,t-46,t-45,t-44,t-43,t-42,t-41,t-40,t-39,t-38,t-37,t-36,t-35,t-34,t-33,t-32,t-31,t-30,t-29,t-28,t-27,t-26,t-25,t-24,t-23,t-22,t-21,t-20,t-19,t-18,t-17,t-16,t-15,t-14,t-13,t-12,t-11,t-10,t-9,t-8,t-7,t-6,t-5,t-4,t-3,t-2,t-1,target
101,0,24,0,167.9,0,-104.3,0,178,0,8,0,-56.1,0,-67,0,7.7,0,108,0,-79.8,0,94.6,0,-165.1,0,58.5,0,-94.4,0,146.9,0,-8.9,0,1.8,0,-29.2,0,79.7,0,9.1,0,22.8,0,81.1,0,-15.7,0,119,0,-258.2,0,-64.9,0,101.7,0,171.6,0,-99.2,0,185.7,0,12.5,0,-57.5,0,-86.4,0,60,0,135.5,0,-121.4,0,164.8,0,-168.7,0,83.9,0,-58.5,0,181.4,0,43.5,0,50.9,0,-45,0,40.3,0,51.4,0,59.2,0,69.3,0,-8.2,0,41.8,0
102,24,0,167.9,0,-104.3,0,178,0,8,0,-56.1,0,-67,0,7.7,0,108,0,-79.8,0,94.6,0,-165.1,0,58.5,0,-94.4,0,146.9,0,-8.9,0,1.8,0,-29.2,0,79.7,0,9.1,0,22.8,0,81.1,0,-15.7,0,119,0,-258.2,0,-64.9,0,101.7,0,171.6,0,-99.2,0,185.7,0,12.5,0,-57.5,0,-86.4,0,60,0,135.5,0,-121.4,0,164.8,0,-168.7,0,83.9,0,-58.5,0,181.4,0,43.5,0,50.9,0,-45,0,40.3,0,51.4,0,59.2,0,69.3,0,-8.2,0,41.8,0,-319.2
103,0,167.9,0,-104.3,0,178,0,8,0,-56.1,0,-67,0,7.7,0,108,0,-79.8,0,94.6,0,-165.1,0,58.5,0,-94.4,0,146.9,0,-8.9,0,1.8,0,-29.2,0,79.7,0,9.1,0,22.8,0,81.1,0,-15.7,0,119,0,-258.2,0,-64.9,0,101.7,0,171.6,0,-99.2,0,185.7,0,12.5,0,-57.5,0,-86.4,0,60,0,135.5,0,-121.4,0,164.8,0,-168.7,0,83.9,0,-58.5,0,181.4,0,43.5,0,50.9,0,-45,0,40.3,0,51.4,0,59.2,0,69.3,0,-8.2,0,41.8,0,-319.2,0
104,167.9,0,-104.3,0,178,0,8,0,-56.1,0,-67,0,7.7,0,108,0,-79.8,0,94.6,0,-165.1,0,58.5,0,-94.4,0,146.9,0,-8.9,0,1.8,0,-29.2,0,79.7,0,9.1,0,22.8,0,81.1,0,-15.7,0,119,0,-258.2,0,-64.9,0,101.7,0,171.6,0,-99.2,0,185.7,0,12.5,0,-57.5,0,-86.4,0,60,0,135.5,0,-121.4,0,164.8,0,-168.7,0,83.9,0,-58.5,0,181.4,0,43.5,0,50.9,0,-45,0,40.3,0,51.4,0,59.2,0,69.3,0,-8.2,0,41.8,0,-319.2,0,-97.4
105,0,-104.3,0,178,0,8,0,-56.1,0,-67,0,7.7,0,108,0,-79.8,0,94.6,0,-165.1,0,58.5,0,-94.4,0,146.9,0,-8.9,0,1.8,0,-29.2,0,79.7,0,9.1,0,22.8,0,81.1,0,-15.7,0,119,0,-258.2,0,-64.9,0,101.7,0,171.6,0,-99.2,0,185.7,0,12.5,0,-57.5,0,-86.4,0,60,0,135.5,0,-121.4,0,164.8,0,-168.7,0,83.9,0,-58.5,0,181.4,0,43.5,0,50.9,0,-45,0,40.3,0,51.4,0,59.2,0,69.3,0,-8.2,0,41.8,0,-319.2,0,-97.4,0
106,-104.3,0,178,0,8,0,-56.1,0,-67,0,7.7,0,108,0,-79.8,0,94.6,0,-165.1,0,58.5,0,-94.4,0,146.9,0,-8.9,0,1.8,0,-29.2,0,79.7,0,9.1,0,22.8,0,81.1,0,-15.7,0,119,0,-258.2,0,-64.9,0,101.7,0,171.6,0,-99.2,0,185.7,0,12.5,0,-57.5,0,-86.4,0,60,0,135.5,0,-121.4,0,164.8,0,-168.7,0,83.9,0,-58.5,0,181.4,0,43.5,0,50.9,0,-45,0,40.3,0,51.4,0,59.2,0,69.3,0,-8.2,0,41.8,0,-319.2,0,-97.4,0,119.5
107,0,178,0,8,0,-56.1,0,-67,0,7.7,0,108,0,-79.8,0,94.6,0,-165.1,0,58.5,0,-94.4,0,146.9,0,-8.9,0,1.8,0,-29.2,0,79.7,0,9.1,0,22.8,0,81.1,0,-15.7,0,119,0,-258.2,0,-64.9,0,101.7,0,171.6,0,-99.2,0,185.7,0,12.5,0,-57.5,0,-86.4,0,60,0,135.5,0,-121.4,0,164.8,0,-168.7,0,83.9,0,-58.5,0,181.4,0,43.5,0,50.9,0,-45,0,40.3,0,51.4,0,59.2,0,69.3,0,-8.2,0,41.8,0,-319.2,0,-97.4,0,119.5,0
108,178,0,8,0,-56.1,0,-67,0,7.7,0,108,0,-79.8,0,94.6,0,-165.1,0,58.5,0,-94.4,0,146.9,0,-8.9,0,1.8,0,-29.2,0,79.7,0,9.1,0,22.8,0,81.1,0,-15.7,0,119,0,-258.2,0,-64.9,0,101.7,0,171.6,0,-99.2,0,185.7,0,12.5,0,-57.5,0,-86.4,0,60,0,135.5,0,-121.4,0,164.8,0,-168.7,0,83.9,0,-58.5,0,181.4,0,43.5,0,50.9,0,-45,0,40.3,0,51.4,0,59.2,0,69.3,0,-8.2,0,41.8,0,-319.2,0,-97.4,0,119.5,0,214.3
109,0,8,0,-56.1,0,-67,0,7.7,0,108,0,-79.8,0,94.6,0,-165.1,0,58.5,0,-94.4,0,146.9,0,-8.9,0,1.8,0,-29.2,0,79.7,0,9.1,0,22.8,0,81.1,0,-15.7,0,119,0,-258.2,0,-64.9,0,101.7,0,171.6,0,-99.2,0,185.7,0,12.5,0,-57.5,0,-86.4,0,60,0,135.5,0,-121.4,0,164.8,0,-168.7,0,83.9,0,-58.5,0,181.4,0,43.5,0,50.9,0,-45,0,40.3,0,51.4,0,59.2,0,69.3,0,-8.2,0,41.8,0,-319.2,0,-97.4,0,119.5,0,214.3,0
110,8,0,-56.1,0,-67,0,7.7,0,108,0,-79.8,0,94.6,0,-165.1,0,58.5,0,-94.4,0,146.9,0,-8.9,0,1.8,0,-29.2,0,79.7,0,9.1,0,22.8,0,81.1,0,-15.7,0,119,0,-258.2,0,-64.9,0,101.7,0,171.6,0,-99.2,0,185.7,0,12.5,0,-57.5,0,-86.4,0,60,0,135.5,0,-121.4,0,164.8,0,-168.7,0,83.9,0,-58.5,0,181.4,0,43.5,0,50.9,0,-45,0,40.3,0,51.4,0,59.2,0,69.3,0,-8.2,0,41.8,0,-319.2,0,-97.4,0,119.5,0,214.3,0,-38
111,0,-56.1,0,-67,0,7.7,0,108,0,-79.8,0,94.6,0,-165.1,0,58.5,0,-94.4,0,146.9,0,-8.9,0,1.8,0,-29.2,0,79.7,0,9.1,0,22.8,0,81.1,0,-15.7,0,119,0,-258.2,0,-64.9,0,101.7,0,171.6,0,-99.2,0,185.7,0,12.5,0,-57.5,0,-86.4,0,60,0,135.5,0,-121.4,0,164.8,0,-168.7,0,83.9,0,-58.5,0,181.4,0,43.5,0,50.9,0,-45,0,40.3,0,51.4,0,59.2,0,69.3,0,-8.2,0,41.8,0,-319.2,0,-97.4,0,119.5,0,214.3,0,-38,0
112,-56.1,0,-67,0,7.7,0,108,0,-79.8,0,94.6,0,-165.1,0,58.5,0,-94.4,0,146.9,0,-8.9,0,1.8,0,-29.2,0,79.7,0,9.1,0,22.8,0,81.1,0,-15.7,0,119,0,-258.2,0,-64.9,0,101.7,0,171.6,0,-99.2,0,185.7,0,12.5,0,-57.5,0,-86.4,0,60,0,135.5,0,-121.4,0,164.8,0,-168.7,0,83.9,0,-58.5,0,181.4,0,43.5,0,50.9,0,-45,0,40.3,0,51.4,0,59.2,0,69.3,0,-8.2,0,41.8,0,-319.2,0,-97.4,0,119.5,0,214.3,0,-38,0,191.1
113,0,-67,0,7.7,0,108,0,-79.8,0,94.6,0,-165.1,0,58.5,0,-94.4,0,146.9,0,-8.9,0,1.8,0,-29.2,0,79.7,0,9.1,0,22.8,0,81.1,0,-15.7,0,119,0,-258.2,0,-64.9,0,101.7,0,171.6,0,-99.2,0,185.7,0,12.5,0,-57.5,0,-86.4,0,60,0,135.5,0,-121.4,0,164.8,0,-168.7,0,83.9,0,-58.5,0,181.4,0,43.5,0,50.9,0,-45,0,40.3,0,51.4,0,59.2,0,69.3,0,-8.2,0,41.8,0,-319.2,0,-97.4,0,119.5,0,214.3,0,-38,0,191.1,0
114,-67,0,7.7,0,108,0,-79.8,0,94.6,0,-165.1,0,58.5,0,-94.4,0,146.9,0,-8.9,0,1.8,0,-29.2,0,79.7,0,9.1,0,22.8,0,81.1,0,-15.7,0,119,0,-258.2,0,-64.9,0,101.7,0,171.6,0,-99.2,0,185.7,0,12.5,0,-57.5,0,-86.4,0,60,0,135.5,0,-121.4,0,164.8,0,-168.7,0,83.9,0,-58.5,0,181.4,0,43.5,0,50.9,0,-45,0,40.3,0,51.4,0,59.2,0,69.3,0,-8.2,0,41.8,0,-319.2,0,-97.4,0,119.5,0,214.3,0,-38,0,191.1,0,85.3
115,0,7.7,0,108,0,-79.8,0,94.6,0,-165.1,0,58.5,0,-94.4,0,146.9,0,-8.9,0,1.8,0,-29.2,0,79.7,0,9.1,0,22.8,0,81.1,0,-15.7,0,119,0,-258.2,0,-64.9,0,101.7,0,171.6,0,-99.2,0,185.7,0,12.5,0,-57.5,0,-86.4,0,60,0,135.5,0,-121.4,0,164.8,0,-168.7,0,83.9,0,-58.5,0,181.4,0,43.5,0,50.9,0,-45,0,40.3,0,51.4,0,59.2,0,69.3,0,-8.2,0,41.8,0,-319.2,0,-97.4,0,119.5,0,214.3,0,-38,0,191.1,0,85.3,0
116,7.7,0,108,0,-79.8,0,94.6,0,-165.1,0,58.5,0,-94.4,0,146.9,0,-8.9,0,1.8,0,-29.2,0,79.7,0,9.1,0,22.8,0,81.1,0,-15.7,0,119,0,-258.2,0,-64.9,0,101.7,0,171.6,0,-99.2,0,185.7,0,12.5,0,-57.5,0,-86.4,0,60,0,135.5,0,-121.4,0,164.8,0,-168.7,0,83.9,0,-58.5,0,181.4,0,43.5,0,50.9,0,-45,0,40.3,0,51.4,0,59.2,0,69.3,0,-8.2,0,41.8,0,-319.2,0,-97.4,0,119.5,0,214.3,0,-38,0,191.1,0,85.3,0,-70.2
117,0,108,0,-79.8,0,94.6,0,-165.1,0,58.5,0,-94.4,0,146.9,0,-8.9,0,1.8,0,-29.2,0,79.7,0,9.1,0,22.8,0,81.1,0,-15.7,0,119,0,-258.2,0,-64.9,0,101.7,0,171.6,0,-99.2,0,185.7,0,12.5,0,-57.5,0,-86.4,0,60,0,135.5,0,-121.4,0,164.8,0,-168.7,0,83.9,0,-58.5,0,181.4,0,43.5,0,50.9,0,-45,0,40.3,0,51.4,0,59.2,0,69.3,0,-8.2,0,41.8,0,-319.2,0,-97.4,0,119.5,0,214.3,0,-38,0,191.1,0,85.3,0,-70.2,0
118,108,0,-79.8,0,94.6,0,-165.1,0,58.5,0,-94.4,0,146.9,0,-8.9,0,1.8,0,-29.2,0,79.7,0,9.1,0,22.8,0,81.1,0,-15.7,0,119,0,-258.2,0,-64.9,0,101.7,0,171.6,0,-99.2,0,185.7,0,12.5,0,-57.5,0,-86.4,0,60,0,135.5,0,-121.4,0,164.8,0,-168.7,0,83.9,0,-58.5,0,181.4,0,43.5,0,50.9,0,-45,0,40.3,0,51.4,0,59.2,0,69.3,0,-8.2,0,41.8,0,-319.2,0,-97.4,0,119.5,0,214.3,0,-38,0,191.1,0,85.3,0,-70.2,0,-64.3
119,0,-79.8,0,94.6,0,-165.1,0,58.5,0,-94.4,0,146.9,0,-8.9,0,1.8,0,-29.2,0,79.7,0,9.1,0,22.8,0,81.1,0,-15.7,0,119,0,-258.2,0,-64.9,0,101.7,0,171.6,0,-99.2,0,185.7,0,12.5,0,-57.5,0,-86.4,0,60,0,135.5,0,-121.4,0,164.8,0,-168.7,0,83.9,0,-58.5,0,181.4,0,43.5,0,50.9,0,-45,0,40.3,0,51.4,0,59.2,0,69.3,0,-8.2,0,41.8,0,-319.2,0,-97.4,0,119.5,0,214.3,0,-38,0,191.1,0,85.3,0,-70.2,0,-64.3,0
120,-79.8,0,94.6,0,-165.1,0,58.5,0,-94.4,0,146.9,0,-8.9,0,1.8,0,-29.2,0,79.7,0,9.1,0,22.8,0,81.1,0,-15.7,0,119,0,-258.2,0,-64.9,0,101.7,0,171.6,0,-99.2,0,185.7,0,12.5,0,-57.5,0,-86.4,0,60,0,135.5,0,-121.4,0,164.8,0,-168.7,0,83.9,0,-58.5,0,181.4,0,43.5,0,50.9,0,-45,0,40.3,0,51.4,0,59.2,0,69.3,0,-8.2,0,41.8,0,-319.2,0,-97.4,0,119.5,0,214.3,0,-38,0,191.1,0,85.3,0,-70.2,0,-64.3,0,37.1
121,0,94.6,0,-165.1,0,58.5,0,-94.4,0,146.9,0,-8.9,0,1.8,0,-29.2,0,79.7,0,9.1,0,22.8,0,81.1,0,-15.7,0,119,0,-258.2,0,-64.9,0,101.7,0,171.6,0,-99.2,0,185.7,0,12.5,0,-57.5,0,-86.4,0,60,0,135.5,0,-121.4,0,164.8,0,-168.7,0,83.9,0,-58.5,0,181.4,0,43.5,0,50.9,0,-45,0,40.3,0,51.4,0,59.2,0,69.3,0,-8.2,0,41.8,0,-319.2,0,-97.4,0,119.5,0,214.3,0,-38,0,191.1,0,85.3,0,-70.2,0,-64.3,0,37.1,0
122,94.6,0,-165.1,0,58.5,0,-94.4,0,146.9,0,-8.9,0,1.8,0,-29.2,0,79.7,0,9.1,0,22.8,0,81.1,0,-15.7,0,119,0,-258.2,0,-64.9,0,101.7,0,171.6,0,-99.2,0,185.7,0,12.5,0,-57.5,0,-86.4,0,60,0,135.5,0,-121.4,0,164.8,0,-168.7,0,83.9,0,-58.5,0,181.4,0,43.5,0,50.9,0,-45,0,40.3,0,51.4,0,59.2,0,69.3,0,-8.2,0,41.8,0,-319.2,0,-97.4,0,119.5,0,214.3,0,-38,0,191.1,0,85.3,0,-70.2,0,-64.3,0,37.1,0,194.2
123,0,-165.1,0,58.5,0,-94.4,0,146.9,0,-8.9,0,1.8,0,-29.2,0,79.7,0,9.1,0,22.8,0,81.1,0,-15.7,0,119,0,-258.2,0,-64.9,0,101.7,0,171.6,0,-99.2,0,185.7,0,12.5,0,-57.5,0,-86.4,0,60,0,135.5,0,-121.4,0,164.8,0,-168.7,0,83.9,0,-58.5,0,181.4,0,43.5,0,50.9,0,-45,0,40.3,0,51.4,0,59.2,0,69.3,0,-8.2,0,41.8,0,-319.2,0,-97.4,0,119.5,0,214.3,0,-38,0,191.1,0,85.3,0,-70.2,0,-64.3,0,37.1,0,194.2,0
124,-165.1,0,58.5,0,-94.4,0,146.9,0,-8.9,0,1.8,0,-29.2,0,79.7,0,9.1,0,22.8,0,81.1,0,-15.7,0,119,0,-258.2,0,-64.9,0,101.7,0,171.6,0,-99.2,0,185.7,0,12.5,0,-57.5,0,-86.4,0,60,0,135.5,0,-121.4,0,164.8,0,-168.7,0,83.9,0,-58.5,0,181.4,0,43.5,0,50.9,0,-45,0,40.3,0,51.4,0,59.2,0,69.3,0,-8.2,0,41.8,0,-319.2,0,-97.4,0,119.5,0,214.3,0,-38,0,191.1,0,85.3,0,-70.2,0,-64.3,0,37.1,0,194.2,0,-171.8
125,0,58.5,0,-94.4,0,146.9,0,-8.9,0,1.8,0,-29.2,0,79.7,0,9.1,0,22.8,0,81.1,0,-15.7,0,119,0,-258.2,0,-64.9,0,101.7,0,171.6,0,-99.2,0,185.7,0,12.5,0,-57.5,0,-86.4,0,60,0,135.5,0,-121.4,0,164.8,0,-168.7,0,83.9,0,-58.5,0,181.4,0,43.5,0,50.9,0,-45,0,40.3,0,51.4,0,59.2,0,69.3,0,-8.2,0,41.8,0,-319.2,0,-97.4,0,119.5,0,214.3,0,-38,0,191.1,0,85.3,0,-70.2,0,-64.3,0,37.1,0,194.2,0,-171.8,0
126,58.5,0,-94.4,0,146.9,0,-8.9,0,1.8,0,-29.2,0,79.7,0,9.1,0,22.8,0,81.1,0,-15.7,0,119,0,-258.2,0,-64.9,0,101.7,0,171.6,0,-99.2,0,185.7,0,12.5,0,-57.5,0,-86.4,0,60,0,135.5,0,-121.4,0,164.8,0,-168.7,0,83.9,0,-58.5,0,181.4,0,43.5,0,50.9,0,-45,0,40.3,0,51.4,0,59.2,0,69.3,0,-8.2,0,41.8,0,-319.2,0,-97.4,0,119.5,0,214.3,0,-38,0,191.1,0,85.3,0,-70.2,0,-64.3,0,37.1,0,194.2,0,-171.8,0,279.8
127,0,-94.4,0,146.9,0,-8.9,0,1.8,0,-29.2,0,79.7,0,9.1,0,22.8,0,81.1,0,-15.7,0,119,0,-258.2,0,-64.9,0,101.7,0,171.6,0,-99.2,0,185.7,0,12.5,0,-57.5,0,-86.4,0,60,0,135.5,0,-121.4,0,164.8,0,-168.7,0,83.9,0,-58.5,0,181.4,0,43.5,0,50.9,0,-45,0,40.3,0,51.4,0,59.2,0,69.3,0,-8.2,0,41.8,0,-319.2,0,-97.4,0,119.5,0,214.3,0,-38,0,191.1,0,85.3,0,-70.2,0,-64.3,0,37.1,0,194.2,0,-171.8,0,279.8,0
128,-94.4,0,146.9,0,-8.9,0,1.8,0,-29.2,0,79.7,0,9.1,0,22.8,0,81.1,0,-15.7,0,119,0,-258.2,0,-64.9,0,101.7,0,171.6,0,-99.2,0,185.7,0,12.5,0,-57.5,0,-86.4,0,60,0,135.5,0,-121.4,0,164.8,0,-168.7,0,83.9,0,-58.5,0,181.4,0,43.5,0,50.9,0,-45,0,40.3,0,51.4,0,59.2,0,69.3,0,-8.2,0,41.8,0,-319.2,0,-97.4,0,119.5,0,214.3,0,-38,0,191.1,0,85.3,0,-70.2,0,-64.3,0,37.1,0,194.2,0,-171.8,0,279.8,0,-217.9
129,0,146.9,0,-8.9,0,1.8,0,-29.2,0,79.7,0,9.1,0,22.8,0,81.1,0,-15.7,0,119,0,-258.2,0,-64.9,0,101.7,0,171.6,0,-99.2,0,185.7,0,12.5,0,-57.5,0,-86.4,0,60,0,135.5,0,-121.4,0,164.8,0,-168.7,0,83.9,0,-58.5,0,181.4,0,43.5,0,50.9,0,-45,0,40.3,0,51.4,0,59.2,0,69.3,0,-8.2,0,41.8,0,-319.2,0,-97.4,0,119.5,0,214.3,0,-38,0,191.1,0,85.3,0,-70.2,0,-64.3,0,37.1,0,194.2,0,-171.8,0,279.8,0,-217.9,0
130,146.9,0,-8.9,0,1.8,0,-29.2,0,79.7,0,9.1,0,22.8,0,81.1,0,-15.7,0,119,0,-258.2,0,-64.9,0,101.7,0,171.6,0,-99.2,0,185.7,0,12.5,0,-57.5,0,-86.4,0,60,0,135.5,0,-121.4,0,164.8,0,-168.7,0,83.9,0,-58.5,0,181.4,0,43.5,0,50.9,0,-45,0,40.3,0,51.4,0,59.2,0,69.3,0,-8.2,0,41.8,0,-319.2,0,-97.4,0,119.5,0,214.3,0,-38,0,191.1,0,85.3,0,-70.2,0,-64.3,0,37.1,0,194.2,0,-171.8,0,279.8,0,-217.9,0,116.2
131,0,-8.9,0,1.8,0,-29.2,0,79.7,0,9.1,0,22.8,0,81.1,0,-15.7,0,119,0,-258.2,0,-64.9,0,101.7,0,171.6,0,-99.2,0,185.7,0,12.5,0,-57.5,0,-86.4,0,60,0,135.5,0,-121.4,0,164.8,0,-168.7,0,83.9,0,-58.5,0,181.4,0,43.5,0,50.9,0,-45,0,40.3,0,51.4,0,59.2,0,69.3,0,-8.2,0,41.8,0,-319.2,0,-97.4,0,119.5,0,214.3,0,-38,0,191.1,0,85.3,0,-70.2,0,-64.3,0,37.1,0,194.2,0,-171.8,0,279.8,0,-217.9,0,116.2,0
132,-8.9,0,1.8,0,-29.2,0,79.7,0,9.1,0,22.8,0,81.1,0,-15.7,0,119,0,-258.2,0,-64.9,0,101.7,0,171.6,0,-99.2,0,185.7,0,12.5,0,-57.5,0,-86.4,0,60,0,135.5,0,-121.4,0,164.8,0,-168.7,0,83.9,0,-58.5,0,181.4,0,43.5,0,50.9,0,-45,0,40.3,0,51.4,0,59.2,0,69.3,0,-8.2,0,41.8,0,-319.2,0,-97.4,0,119.5,0,214.3,0,-38,0,191.1,0,85.3,0,-70.2,0,-64.3,0,37.1,0,194.2,0,-171.8,0,279.8,0,-217.9,0,116.2,0,-68.7
133,0,1.8,0,-29.2,0,79.7,0,9.1,0,22.8,0,81.1,0,-15.7,0,119,0,-258.2,0,-64.9,0,101.7,0,171.6,0,-99.2,0,185.7,0,12.5,0,-57.5,0,-86.4,0,60,0,135.5,0,-121.4,0,164.8,0,-168.7,0,83.9,0,-58.5,0,181.4,0,43.5,0,50.9,0,-45,0,40.3,0,51.4,0,59.2,0,69.3,0,-8.2,0,41.8,0,-319.2,0,-97.4,0,119.5,0,214.3,0,-38,0,191.1,0,85.3,0,-70.2,0,-64.3,0,37.1,0,194.2,0,-171.8,0,279.8,0,-217.9,0,116.2,0,-68.7,0
134,1.8,0,-29.2,0,79.7,0,9.1,0,22.8,0,81.1,0,-15.7,0,119,0,-258.2,0,-64.9,0,101.7,0,171.6,0,-99.2,0,185.7,0,12.5,0,-57.5,0,-86.4,0,60,0,135.5,0,-121.4,0,164.8,0,-168.7,0,83.9,0,-58.5,0,181.4,0,43.5,0,50.9,0,-45,0,40.3,0,51.4,0,59.2,0,69.3,0,-8.2,0,41.8,0,-319.2,0,-97.4,0,119.5,0,214.3,0,-38,0,191.1,0,85.3,0,-70.2,0,-64.3,0,37.1,0,194.2,0,-171.8,0,279.8,0,-217.9,0,116.2,0,-68.7,0,188.3
135,0,-29.2,0,79.7,0,9.1,0,22.8,0,81.1,0,-15.7,0,119,0,-258.2,0,-64.9,0,101.7,0,171.6,0,-99.2,0,185.7,0,12.5,0,-57.5,0,-86.4,0,60,0,135.5,0,-121.4,0,164.8,0,-168.7,0,83.9,0,-58.5,0,181.4,0,43.5,0,50.9,0,-45,0,40.3,0,51.4,0,59.2,0,69.3,0,-8.2,0,41.8,0,-319.2,0,-97.4,0,119.5,0,214.3,0,-38,0,191.1,0,85.3,0,-70.2,0,-64.3,0,37.1,0,194.2,0,-171.8,0,279.8,0,-217.9,0,116.2,0,-68.7,0,188.3,0
136,-29.2,0,79.7,0,9.1,0,22.8,0,81.1,0,-15.7,0,119,0,-258.2,0,-64.9,0,101.7,0,171.6,0,-99.2,0,185.7,0,12.5,0,-57.5,0,-86.4,0,60,0,135.5,0,-121.4,0,164.8,0,-168.7,0,83.9,0,-58.5,0,181.4,0,43.5,0,50.9,0,-45,0,40.3,0,51.4,0,59.2,0,69.3,0,-8.2,0,41.8,0,-319.2,0,-97.4,0,119.5,0,214.3,0,-38,0,191.1,0,85.3,0,-70.2,0,-64.3,0,37.1,0,194.2,0,-171.8,0,279.8,0,-217.9,0,116.2,0,-68.7,0,188.3,0,66.6
137,0,79.7,0,9.1,0,22.8,0,81.1,0,-15.7,0,119,0,-258.2,0,-64.9,0,101.7,0,171.6,0,-99.2,0,185.7,0,12.5,0,-57.5,0,-86.4,0,60,0,135.5,0,-121.4,0,164.8,0,-168.7,0,83.9,0,-58.5,0,181.4,0,43.5,0,50.9,0,-45,0,40.3,0,51.4,0,59.2,0,69.3,0,-8.2,0,41.8,0,-319.2,0,-97.4,0,119.5,0,214.3,0,-38,0,191.1,0,85.3,0,-70.2,0,-64.3,0,37.1,0,194.2,0,-171.8,0,279.8,0,-217.9,0,116.2,0,-68.7,0,188.3,0,66.6,0
138,79.7,0,9.1,0,22.8,0,81.1,0,-15.7,0,119,0,-258.2,0,-64.9,0,101.7,0,171.6,0,-99.2,0,185.7,0,12.5,0,-57.5,0,-86.4,0,60,0,135.5,0,-121.4,0,164.8,0,-168.7,0,83.9,0,-58.5,0,181.4,0,43.5,0,50.9,0,-45,0,40.3,0,51.4,0,59.2,0,69.3,0,-8.2,0,41.8,0,-319.2,0,-97.4,0,119.5,0,214.3,0,-38,0,191.1,0,85.3,0,-70.2,0,-64.3,0,37.1,0,194.2,0,-171.8,0,279.8,0,-217.9,0,116.2,0,-68.7,0,188.3,0,66.6,0,9.8
139,0,9.1,0,22.8,0,81.1,0,-15.7,0,119,0,-258.2,0,-64.9,0,101.7,0,171.6,0,-99.2,0,185.7,0,12.5,0,-57.5,0,-86.4,0,60,0,135.5,0,-121.4,0,164.8,0,-168.7,0,83.9,0,-58.5,0,181.4,0,43.5,0,50.9,0,-45,0,40.3,0,51.4,0,59.2,0,69.3,0,-8.2,0,41.8,0,-319.2,0,-97.4,0,119.5,0,214.3,0,-38,0,191.1,0,85.3,0,-70.2,0,-64.3,0,37.1,0,194.2,0,-171.8,0,279.8,0,-217.9,0,116.2,0,-68.7,0,188.3,0,66.6,0,9.8,0
140,9.1,0,22.8,0,81.1,0,-15.7,0,119,0,-258.2,0,-64.9,0,101.7,0,171.6,0,-99.2,0,185.7,0,12.5,0,-57.5,0,-86.4,0,60,0,135.5,0,-121.4,0,164.8,0,-168.7,0,83.9,0,-58.5,0,181.4,0,43.5,0,50.9,0,-45,0,40.3,0,51.4,0,59.2,0,69.3,0,-8.2,0,41.8,0,-319.2,0,-97.4,0,119.5,0,214.3,0,-38,0,191.1,0,85.3,0,-70.2,0,-64.3,0,37.1,0,194.2,0,-171.8,0,279.8,0,-217.9,0,116.2,0,-68.7,0,188.3,0,66.6,0,9.8,0,73.6
141,0,22.8,0,81.1,0,-15.7,0,119,0,-258.2,0,-64.9,0,101.7,0,171.6,0,-99.2,0,185.7,0,12.5,0,-57.5,0,-86.4,0,60,0,135.5,0,-121.4,0,164.8,0,-168.7,0,83.9,0,-58.5,0,181.4,0,43.5,0,50.9,0,-45,0,40.3,0,51.4,0,59.2,0,69.3,0,-8.2,0,41.8,0,-319.2,0,-97.4,0,119.5,0,214.3,0,-38,0,191.1,0,85.3,0,-70.2,0,-64.3,0,37.1,0,194.2,0,-171.8,0,279.8,0,-217.9,0,116.2,0,-68.7,0,188.3,0,66.6,0,9.8,0,73.6,0
142,22.8,0,81.1,0,-15.7,0,119,0,-258.2,0,-64.9,0,101.7,0,171.6,0,-99.2,0,185.7,0,12.5,0,-57.5,0,-86.4,0,60,0,135.5,0,-121.4,0,164.8,0,-168.7,0,83.9,0,-58.5,0,181.4,0,43.5,0,50.9,0,-45,0,40.3,0,51.4,0,59.2,0,69.3,0,-8.2,0,41.8,0,-319.2,0,-97.4,0,119.5,0,214.3,0,-38,0,191.1,0,85.3,0,-70.2,0,-64.3,0,37.1,0,194.2,0,-171.8,0,279.8,0,-217.9,0,116.2,0,-68.7,0,188.3,0,66.6,0,9.8,0,73.6,0,47.5
143,0,81.1,0,-15.7,0,119,0,-258.2,0,-64.9,0,101.7,0,171.6,0,-99.2,0,185.7,0,12.5,0,-57.5,0,-86.4,0,60,0,135.5,0,-121.4,0,164.8,0,-168.7,0,83.9,0,-58.5,0,181.4,0,43.5,0,50.9,0,-45,0,40.3,0,51.4,0,59.2,0,69.3,0,-8.2,0,41.8,0,-319.2,0,-97.4,0,119.5,0,214.3,0,-38,0,191.1,0,85.3,0,-70.2,0,-64.3,0,37.1,0,194.2,0,-171.8,0,279.8,0,-217.9,0,116.2,0,-68.7,0,188.3,0,66.6,0,9.8,0,73.6,0,47.5,0
144,81.1,0,-15.7,0,119,0,-258.2,0,-64.9,0,101.7,0,171.6,0,-99.2,0,185.7,0,12.5,0,-57.5,0,-86.4,0,60,0,135.5,0,-121.4,0,164.8,0,-168.7,0,83.9,0,-58.5,0,181.4,0,43.5,0,50.9,0,-45,0,40.3,0,51.4,0,59.2,0,69.3,0,-8.2,0,41.8,0,-319.2,0,-97.4,0,119.5,0,214.3,0,-38,0,191.1,0,85.3,0,-70.2,0,-64.3,0,37.1,0,194.2,0,-171.8,0,279.8,0,-217.9,0,116.2,0,-68.7,0,188.3,0,66.6,0,9.8,0,73.6,0,47.5,0,130.3
145,0,-15.7,0,119,0,-258.2,0,-64.9,0,101.7,0,171.6,0,-99.2,0,185.7,0,12.5,0,-57.5,0,-86.4,0,60,0,135.5,0,-121.4,0,164.8,0,-168.7,0,83.9,0,-58.5,0,181.4,0,43.5,0,50.9,0,-45,0,40.3,0,51.4,0,59.2,0,69.3,0,-8.2,0,41.8,0,-319.2,0,-97.4,0,119.5,0,214.3,0,-38,0,191.1,0,85.3,0,-70.2,0,-64.3,0,37.1,0,194.2,0,-171.8,0,279.8,0,-217.9,0,116.2,0,-68.7,0,188.3,0,66.6,0,9.8,0,73.6,0,47.5,0,130.3,0
146,-15.7,0,119,0,-258.2,0,-64.9,0,101.7,0,171.6,0,-99.2,0,185.7,0,12.5,0,-57.5,0,-86.4,0,60,0,135.5,0,-121.4,0,164.8,0,-168.7,0,83.9,0,-58.5,0,181.4,0,43.5,0,50.9,0,-45,0,40.3,0,51.4,0,59.2,0,69.3,0,-8.2,0,41.8,0,-319.2,0,-97.4,0,119.5,0,214.3,0,-38,0,191.1,0,85.3,0,-70.2,0,-64.3,0,37.1,0,194.2,0,-171.8,0,279.8,0,-217.9,0,116.2,0,-68.7,0,188.3,0,66.6,0,9.8,0,73.6,0,47.5,0,130.3,0,1.8
147,0,119,0,-258.2,0,-64.9,0,101.7,0,171.6,0,-99.2,0,185.7,0,12.5,0,-57.5,0,-86.4,0,60,0,135.5,0,-121.4,0,164.8,0,-168.7,0,83.9,0,-58.5,0,181.4,0,43.5,0,50.9,0,-45,0,40.3,0,51.4,0,59.2,0,69.3,0,-8.2,0,41.8,0,-319.2,0,-97.4,0,119.5,0,214.3,0,-38,0,191.1,0,85.3,0,-70.2,0,-64.3,0,37.1,0,194.2,0,-171.8,0,279.8,0,-217.9,0,116.2,0,-68.7,0,188.3,0,66.6,0,9.8,0,73.6,0,47.5,0,130.3,0,1.8,0
148,119,0,-258.2,0,-64.9,0,101.7,0,171.6,0,-99.2,0,185.7,0,12.5,0,-57.5,0,-86.4,0,60,0,135.5,0,-121.4,0,164.8,0,-168.7,0,83.9,0,-58.5,0,181.4,0,43.5,0,50.9,0,-45,0,40.3,0,51.4,0,59.2,0,69.3,0,-8.2,0,41.8,0,-319.2,0,-97.4,0,119.5,0,214.3,0,-38,0,191.1,0,85.3,0,-70.2,0,-64.3,0,37.1,0,194.2,0,-171.8,0,279.8,0,-217.9,0,116.2,0,-68.7,0,188.3,0,66.6,0,9.8,0,73.6,0,47.5,0,130.3,0,1.8,0,173.8
149,0,-258.2,0,-64.9,0,101.7,0,171.6,0,-99.2,0,185.7,0,12.5,0,-57.5,0,-86.4,0,60,0,135.5,0,-121.4,0,164.8,0,-168.7,0,83.9,0,-58.5,0,181.4,0,43.5,0,50.9,0,-45,0,40.3,0,51.4,0,59.2,0,69.3,0,-8.2,0,41.8,0,-319.2,0,-97.4,0,119.5,0,214.3,0,-38,0,191.1,0,85.3,0,-70.2,0,-64.3,0,37.1,0,194.2,0,-171.8,0,279.8,0,-217.9,0,116.2,0,-68.7,0,188.3,0,66.6,0,9.8,0,73.6,0,47.5,0,130.3,0,1.8,0,173.8,0
150,-258.2,0,-64.9,0,101.7,0,171.6,0,-99.2,0,185.7,0,12.5,0,-57.5,0,-86.4,0,60,0,135.5,0,-121.4,0,164.8,0,-168.7,0,83.9,0,-58.5,0,181.4,0,43.5,0,50.9,0,-45,0,40.3,0,51.4,0,59.2,0,69.3,0,-8.2,0,41.8,0,-319.2,0,-97.4,0,119.5,0,214.3,0,-38,0,191.1,0,85.3,0,-70.2,0,-64.3,0,37.1,0,194.2,0,-171.8,0,279.8,0,-217.9,0,116.2,0,-68.7,0,188.3,0,66.6,0,9.8,0,73.6,0,47.5,0,130.3,0,1.8,0,173.8,0,80.8
151,0,-64.9,0,101.7,0,171.6,0,-99.2,0,185.7,0,12.5,0,-57.5,0,-86.4,0,60,0,135.5,0,-121.4,0,164.8,0,-168.7,0,83.9,0,-58.5,0,181.4,0,43.5,0,50.9,0,-45,0,40.3,0,51.4,0,59.2,0,69.3,0,-8.2,0,41.8,0,-319.2,0,-97.4,0,119.5,0,214.3,0,-38,0,191.1,0,85.3,0,-70.2,0,-64.3,0,37.1,0,194.2,0,-171.8,0,279.8,0,-217.9,0,116.2,0,-68.7,0,188.3,0,66.6,0,9.8,0,73.6,0,47.5,0,130.3,0,1.8,0,173.8,0,80.8,0
152,-64.9,0,101.7,0,171.6,0,-99.2,0,185.7,0,12.5,0,-57.5,0,-86.4,0,60,0,135.5,0,-121.4,0,164.8,0,-168.7,0,83.9,0,-58.5,0,181.4,0,43.5,0,50.9,0,-45,0,40.3,0,51.4,0,59.2,0,69.3,0,-8.2,0,41.8,0,-319.2,0,-97.4,0,119.5,0,214.3,0,-38,0,191.1,0,85.3,0,-70.2,0,-64.3,0,37.1,0,194.2,0,-171.8,0,279.8,0,-217.9,0,116.2,0,-68.7,0,188.3,0,66.6,0,9.8,0,73.6,0,47.5,0,130.3,0,1.8,0,173.8,0,80.8,0,124.5
153,0,101.7,0,171.6,0,-99.2,0,185.7,0,12.5,0,-57.5,0,-86.4,0,60,0,135.5,0,-121.4,0,164.8,0,-168.7,0,83.9,0,-58.5,0,181.4,0,43.5,0,50.9,0,-45,0,40.3,0,51.4,0,59.2,0,69.3,0,-8.2,0,41.8,0,-319.2,0,-97.4,0,119.5,0,214.3,0,-38,0,191.1,0,85.3,0,-70.2,0,-64.3,0,37.1,0,194.2,0,-171.8,0,279.8,0,-217.9,0,116.2,0,-68.7,0,188.3,0,66.6,0,9.8,0,73.6,0,47.5,0,130.3,0,1.8,0,173.8,0,80.8,0,124.5,0
154,101.7,0,171.6,0,-99.2,0,185.7,0,12.5,0,-57.5,0,-86.4,0,60,0,135.5,0,-121.4,0,164.8,0,-168.7,0,83.9,0,-58.5,0,181.4,0,43.5,0,50.9,0,-45,0,40.3,0,51.4,0,59.2,0,69.3,0,-8.2,0,41.8,0,-319.2,0,-97.4,0,119.5,0,214.3,0,-38,0,191.1,0,85.3,0,-70.2,0,-64.3,0,37.1,0,194.2,0,-171.8,0,279.8,0,-217.9,0,116.2,0,-68.7,0,188.3,0,66.6,0,9.8,0,73.6,0,47.5,0,130.3,0,1.8,0,173.8,0,80.8,0,124.5,0,-384.6
155,0,171.6,0,-99.2,0,185.7,0,12.5,0,-57.5,0,-86.4,0,60,0,135.5,0,-121.4,0,164.8,0,-168.7,0,83.9,0,-58.5,0,181.4,0,43.5,0,50.9,0,-45,0,40.3,0,51.4,0,59.2,0,69.3,0,-8.2,0,41.8,0,-319.2,0,-97.4,0,119.5,0,214.3,0,-38,0,191.1,0,85.3,0,-70.2,0,-64.3,0,37.1,0,194.2,0,-171.8,0,279.8,0,-217.9,0,116.2,0,-68.7,0,188.3,0,66.6,0,9.8,0,73.6,0,47.5,0,130.3,0,1.8,0,173.8,0,80.8,0,124.5,0,-384.6,0
156,171.6,0,-99.2,0,185.7,0,12.5,0,-57.5,0,-86.4,0,60,0,135.5,0,-121.4,0,164.8,0,-168.7,0,83.9,0,-58.5,0,181.4,0,43.5,0,50.9,0,-45,0,40.3,0,51.4,0,59.2,0,69.3,0,-8.2,0,41.8,0,-319.2,0,-97.4,0,119.5,0,214.3,0,-38,0,191.1,0,85.3,0,-70.2,0,-64.3,0,37.1,0,194.2,0,-171.8,0,279.8,0,-217.9,0,116.2,0,-68.7,0,188.3,0,66.6,0,9.8,0,73.6,0,47.5,0,130.3,0,1.8,0,173.8,0,80.8,0,124.5,0,-384.6,0,-245.9
157,0,-99.2,0,185.7,0,12.5,0,-57.5,0,-86.4,0,60,0,135.5,0,-121.4,0,164.8,0,-168.7,0,83.9,0,-58.5,0,181.4,0,43.5,0,50.9,0,-45,0,40.3,0,51.4,0,59.2,0,69.3,0,-8.2,0,41.8,0,-319.2,0,-97.4,0,119.5,0,214.3,0,-38,0,191.1,0,85.3,0,-70.2,0,-64.3,0,37.1,0,194.2,0,-171.8,0,279.8,0,-217.9,0,116.2,0,-68.7,0,188.3,0,66.6,0,9.8,0,73.6,0,47.5,0,130.3,0,1.8,0,173.8,0,80.8,0,124.5,0,-384.6,0,-245.9,0
158,-99.2,0,185.7,0,12.5,0,-57.5,0,-86.4,0,60,0,135.5,0,-121.4,0,164.8,0,-168.7,0,83.9,0,-58.5,0,181.4,0,43.5,0,50.9,0,-45,0,40.3,0,51.4,0,59.2,0,69.3,0,-8.2,0,41.8,0,-319.2,0,-97.4,0,119.5,0,214.3,0,-38,0,191.1,0,85.3,0,-70.2,0,-64.3,0,37.1,0,194.2,0,-171.8,0,279.8,0,-217.9,0,116.2,0,-68.7,0,188.3,0,66.6,0,9.8,0,73.6,0,47.5,0,130.3,0,1.8,0,173.8,0,80.8,0,124.5,0,-384.6,0,-245.9,0,110.5
159,0,185.7,0,12.5,0,-57.5,0,-86.4,0,60,0,135.5,0,-121.4,0,164.8,0,-168.7,0,83.9,0,-58.5,0,181.4,0,43.5,0,50.9,0,-45,0,40.3,0,51.4,0,59.2,0,69.3,0,-8.2,0,41.8,0,-319.2,0,-97.4,0,119.5,0,214.3,0,-38,0,191.1,0,85.3,0,-70.2,0,-64.3,0,37.1,0,194.2,0,-171.8,0,279.8,0,-217.9,0,116.2,0,-68.7,0,188.3,0,66.6,0,9.8,0,73.6,0,47.5,0,130.3,0,1.8,0,173.8,0,80.8,0,124.5,0,-384.6,0,-245.9,0,110.5,0
160,185.7,0,12.5,0,-57.5,0,-86.4,0,60,0,135.5,0,-121.4,0,164.8,0,-168.7,0,83.9,0,-58.5,0,181.4,0,43.5,0,50.9,0,-45,0,40.3,0,51.4,0,59.2,0,69.3,0,-8.2,0,41.8,0,-319.2,0,-97.4,0,119.5,0,214.3,0,-38,0,191.1,0,85.3,0,-70.2,0,-64.3,0,37.1,0,194.2,0,-171.8,0,279.8,0,-217.9,0,116.2,0,-68.7,0,188.3,0,66.6,0,9.8,0,73.6,0,47.5,0,130.3,0,1.8,0,173.8,0,80.8,0,124.5,0,-384.6,0,-245.9,0,110.5,0,177.4
161,0,12.5,0,-57.5,0,-86.4,0,60,0,135.5,0,-121.4,0,164.8,0,-168.7,0,83.9,0,-58.5,0,181.4,0,43.5,0,50.9,0,-45,0,40.3,0,51.4,0,59.2,0,69.3,0,-8.2,0,41.8,0,-319.2,0,-97.4,0,119.5,0,214.3,0,-38,0,191.1,0,85.3,0,-70.2,0,-64.3,0,37.1,0,194.2,0,-171.8,0,279.8,0,-217.9,0,116.2,0,-68.7,0,188.3,0,66.6,0,9.8,0,73.6,0,47.5,0,130.3,0,1.8,0,173.8,0,80.8,0,124.5,0,-384.6,0,-245.9,0,110.5,0,177.4,0
162,12.5,0,-57.5,0,-86.4,0,60,0,135.5,0,-121.4,0,164.8,0,-168.7,0,83.9,0,-58.5,0,181.4,0,43.5,0,50.9,0,-45,0,40.3,0,51.4,0,59.2,0,69.3,0,-8.2,0,41.8,0,-319.2,0,-97.4,0,119.5,0,214.3,0,-38,0,191.1,0,85.3,0,-70.2,0,-64.3,0,37.1,0,194.2,0,-171.8,0,279.8,0,-217.9,0,116.2,0,-68.7,0,188.3,0,66.6,0,9.8,0,73.6,0,47.5,0,130.3,0,1.8,0,173.8,0,80.8,0,124.5,0,-384.6,0,-245.9,0,110.5,0,177.4,0,-60.5
163,0,-57.5,0,-86.4,0,60,0,135.5,0,-121.4,0,164.8,0,-168.7,0,83.9,0,-58.5,0,181.4,0,43.5,0,50.9,0,-45,0,40.3,0,51.4,0,59.2,0,69.3,0,-8.2,0,41.8,0,-319.2,0,-97.4,0,119.5,0,214.3,0,-38,0,191.1,0,85.3,0,-70.2,0,-64.3,0,37.1,0,194.2,0,-171.8,0,279.8,0,-217.9,0,116.2,0,-68.7,0,188.3,0,66.6,0,9.8,0,73.6,0,47.5,0,130.3,0,1.8,0,173.8,0,80.8,0,124.5,0,-384.6,0,-245.9,0,110.5,0,177.4,0,-60.5,0
164,-57.5,0,-86.4,0,60,0,135.5,0,-121.4,0,164.8,0,-168.7,0,83.9,0,-58.5,0,181.4,0,43.5,0,50.9,0,-45,0,40.3,0,51.4,0,59.2,0,69.3,0,-8.2,0,41.8,0,-319.2,0,-97.4,0,119.5,0,214.3,0,-38,0,191.1,0,85.3,0,-70.2,0,-64.3,0,37.1,0,194.2,0,-171.8,0,279.8,0,-217.9,0,116.2,0,-68.7,0,188.3,0,66.6,0,9.8,0,73.6,0,47.5,0,130.3,0,1.8,0,173.8,0,80.8,0,124.5,0,-384.6,0,-245.9,0,110.5,0,177.4,0,-60.5,0,184.2
165,0,-86.4,0,60,0,135.5,0,-121.4,0,164.8,0,-168.7,0,83.9,0,-58.5,0,181.4,0,43.5,0,50.9,0,-45,0,40.3,0,51.4,0,59.2,0,69.3,0,-8.2,0,41.8,0,-319.2,0,-97.4,0,119.5,0,214.3,0,-38,0,191.1,0,85.3,0,-70.2,0,-64.3,0,37.1,0,194.2,0,-171.8,0,279.8,0,-217.9,0,116.2,0,-68.7,0,188.3,0,66.6,0,9.8,0,73.6,0,47.5,0,130.3,0,1.8,0,173.8,0,80.8,0,124.5,0,-384.6,0,-245.9,0,110.5,0,177.4,0,-60.5,0,184.2,0
166,-86.4,0,60,0,135.5,0,-121.4,0,164.8,0,-168.7,0,83.9,0,-58.5,0,181.4,0,43.5,0,50.9,0,-45,0,40.3,0,51.4,0,59.2,0,69.3,0,-8.2,0,41.8,0,-319.2,0,-97.4,0,119.5,0,214.3,0,-38,0,191.1,0,85.3,0,-70.2,0,-64.3,0,37.1,0,194.2,0,-171.8,0,279.8,0,-217.9,0,116.2,0,-68.7,0,188.3,0,66.6,0,9.8,0,73.6,0,47.5,0,130.3,0,1.8,0,173.8,0,80.8,0,124.5,0,-384.6,0,-245.9,0,110.5,0,177.4,0,-60.5,0,184.2,0,225
167,0,60,0,135.5,0,-121.4,0,164.8,0,-168.7,0,83.9,0,-58.5,0,181.4,0,43.5,0,50.9,0,-45,0,40.3,0,51.4,0,59.2,0,69.3,0,-8.2,0,41.8,0,-319.2,0,-97.4,0,119.5,0,214.3,0,-38,0,191.1,0,85.3,0,-70.2,0,-64.3,0,37.1,0,194.2,0,-171.8,0,279.8,0,-217.9,0,116.2,0,-68.7,0,188.3,0,66.6,0,9.8,0,73.6,0,47.5,0,130.3,0,1.8,0,173.8,0,80.8,0,124.5,0,-384.6,0,-245.9,0,110.5,0,177.4,0,-60.5,0,184.2,0,225,0
168,60,0,135.5,0,-121.4,0,164.8,0,-168.7,0,83.9,0,-58.5,0,181.4,0,43.5,0,50.9,0,-45,0,40.3,0,51.4,0,59.2,0,69.3,0,-8.2,0,41.8,0,-319.2,0,-97.4,0,119.5,0,214.3,0,-38,0,191.1,0,85.3,0,-70.2,0,-64.3,0,37.1,0,194.2,0,-171.8,0,279.8,0,-217.9,0,116.2,0,-68.7,0,188.3,0,66.6,0,9.8,0,73.6,0,47.5,0,130.3,0,1.8,0,173.8,0,80.8,0,124.5,0,-384.6,0,-245.9,0,110.5,0,177.4,0,-60.5,0,184.2,0,225,0,-132
169,0,135.5,0,-121.4,0,164.8,0,-168.7,0,83.9,0,-58.5,0,181.4,0,43.5,0,50.9,0,-45,0,40.3,0,51.4,0,59.2,0,69.3,0,-8.2,0,41.8,0,-319.2,0,-97.4,0,119.5,0,214.3,0,-38,0,191.1,0,85.3,0,-70.2,0,-64.3,0,37.1,0,194.2,0,-171.8,0,279.8,0,-217.9,0,116.2,0,-68.7,0,188.3,0,66.6,0,9.8,0,73.6,0,47.5,0,130.3,0,1.8,0,173.8,0,80.8,0,124.5,0,-384.6,0,-245.9,0,110.5,0,177.4,0,-60.5,0,184.2,0,225,0,-132,0
170,135.5,0,-121.4,0,164.8,0,-168.7,0,83.9,0,-58.5,0,181.4,0,43.5,0,50.9,0,-45,0,40.3,0,51.4,0,59.2,0,69.3,0,-8.2,0,41.8,0,-319.2,0,-97.4,0,119.5,0,214.3,0,-38,0,191.1,0,85.3,0,-70.2,0,-64.3,0,37.1,0,194.2,0,-171.8,0,279.8,0,-217.9,0,116.2,0,-68.7,0,188.3,0,66.6,0,9.8,0,73.6,0,47.5,0,130.3,0,1.8,0,173.8,0,80.8,0,124.5,0,-384.6,0,-245.9,0,110.5,0,177.4,0,-60.5,0,184.2,0,225,0,-132,0,-134.5
171,0,-121.4,0,164.8,0,-168.7,0,83.9,0,-58.5,0,181.4,0,43.5,0,50.9,0,-45,0,40.3,0,51.4,0,59.2,0,69.3,0,-8.2,0,41.8,0,-319.2,0,-97.4,0,119.5,0,214.3,0,-38,0,191.1,0,85.3,0,-70.2,0,-64.3,0,37.1,0,194.2,0,-171.8,0,279.8,0,-217.9,0,116.2,0,-68.7,0,188.3,0,66.6,0,9.8,0,73.6,0,47.5,0,130.3,0,1.8,0,173.8,0,80.8,0,124.5,0,-384.6,0,-245.9,0,110.5,0,177.4,0,-60.5,0,184.2,0,225,0,-132,0,-134.5,0
172,-121.4,0,164.8,0,-168.7,0,83.9,0,-58.5,0,181.4,0,43.5,0,50.9,0,-45,0,40.3,0,51.4,0,59.2,0,69.3,0,-8.2,0,41.8,0,-319.2,0,-97.4,0,119.5,0,214.3,0,-38,0,191.1,0,85.3,0,-70.2,0,-64.3,0,37.1,0,194.2,0,-171.8,0,279.8,0,-217.9,0,116.2,0,-68.7,0,188.3,0,66.6,0,9.8,0,73.6,0,47.5,0,130.3,0,1.8,0,173.8,0,80.8,0,124.5,0,-384.6,0,-245.9,0,110.5,0,177.4,0,-60.5,0,184.2,0,225,0,-132,0,-134.5,0,-43.4
173,0,164.8,0,-168.7,0,83.9,0,-58.5,0,181.4,0,43.5,0,50.9,0,-45,0,40.3,0,51.4,0,59.2,0,69.3,0,-8.2,0,41.8,0,-319.2,0,-97.4,0,119.5,0,214.3,0,-38,0,191.1,0,85.3,0,-70.2,0,-64.3,0,37.1,0,194.2,0,-171.8,0,279.8,0,-217.9,0,116.2,0,-68.7,0,188.3,0,66.6,0,9.8,0,73.6,0,47.5,0,130.3,0,1.8,0,173.8,0,80.8,0,124.5,0,-384.6,0,-245.9,0,110.5,0,177.4,0,-60.5,0,184.2,0,225,0,-132,0,-134.5,0,-43.4,0
174,164.8,0,-168.7,0,83.9,0,-58.5,0,181.4,0,43.5,0,50.9,0,-45,0,40.3,0,51.4,0,59.2,0,69.3,0,-8.2,0,41.8,0,-319.2,0,-97.4,0,119.5,0,214.3,0,-38,0,191.1,0,85.3,0,-70.2,0,-64.3,0,37.1,0,194.2,0,-171.8,0,279.8,0,-217.9,0,116.2,0,-68.7,0,188.3,0,66.6,0,9.8,0,73.6,0,47.5,0,130.3,0,1.8,0,173.8,0,80.8,0,124.5,0,-384.6,0,-245.9,0,110.5,0,177.4,0,-60.5,0,184.2,0,225,0,-132,0,-134.5,0,-43.4,0,148.5
175,0,-168.7,0,83.9,0,-58.5,0,181.4,0,43.5,0,50.9,0,-45,0,40.3,0,51.4,0,59.2,0,69.3,0,-8.2,0,41.8,0,-319.2,0,-97.4,0,119.5,0,214.3,0,-38,0,191.1,0,85.3,0,-70.2,0,-64.3,0,37.1,0,194.2,0,-171.8,0,279.8,0,-217.9,0,116.2,0,-68.7,0,188.3,0,66.6,0,9.8,0,73.6,0,47.5,0,130.3,0,1.8,0,173.8,0,80.8,0,124.5,0,-384.6,0,-245.9,0,110.5,0,177.4,0,-60.5,0,184.2,0,225,0,-132,0,-134.5,0,-43.4,0,148.5,0
176,-168.7,0,83.9,0,-58.5,0,181.4,0,43.5,0,50.9,0,-45,0,40.3,0,51.4,0,59.2,0,69.3,0,-8.2,0,41.8,0,-319.2,0,-97.4,0,119.5,0,214.3,0,-38,0,191.1,0,85.3,0,-70.2,0,-64.3,0,37.1,0,194.2,0,-171.8,0,279.8,0,-217.9,0,116.2,0,-68.7,0,188.3,0,66.6,0,9.8,0,73.6,0,47.5,0,130.3,0,1.8,0,173.8,0,80.8,0,124.5,0,-384.6,0,-245.9,0,110.5,0,177.4,0,-60.5,0,184.2,0,225,0,-132,0,-134.5,0,-43.4,0,148.5,0,-248.9
177,0,83.9,0,-58.5,0,181.4,0,43.5,0,50.9,0,-45,0,40.3,0,51.4,0,59.2,0,69.3,0,-8.2,0,41.8,0,-319.2,0,-97.4,0,119.5,0,214.3,0,-38,0,191.1,0,85.3,0,-70.2,0,-64.3,0,37.1,0,194.2,0,-171.8,0,279.8,0,-217.9,0,116.2,0,-68.7,0,188.3,0,66.6,0,9.8,0,73.6,0,47.5,0,130.3,0,1.8,0,173.8,0,80.8,0,124.5,0,-384.6,0,-245.9,0,110.5,0,177.4,0,-60.5,0,184.2,0,225,0,-132,0,-134.5,0,-43.4,0,148.5,0,-248.9,0
178,83.9,0,-58.5,0,181.4,0,43.5,0,50.9,0,-45,0,40.3,0,51.4,0,59.2,0,69.3,0,-8.2,0,41.8,0,-319.2,0,-97.4,0,119.5,0,214.3,0,-38,0,191.1,0,85.3,0,-70.2,0,-64.3,0,37.1,0,194.2,0,-171.8,0,279.8,0,-217.9,0,116.2,0,-68.7,0,188.3,0,66.6,0,9.8,0,73.6,0,47.5,0,130.3,0,1.8,0,173.8,0,80.8,0,124.5,0,-384.6,0,-245.9,0,110.5,0,177.4,0,-60.5,0,184.2,0,225,0,-132,0,-134.5,0,-43.4,0,148.5,0,-248.9,0,273.8
179,0,-58.5,0,181.4,0,43.5,0,50.9,0,-45,0,40.3,0,51.4,0,59.2,0,69.3,0,-8.2,0,41.8,0,-319.2,0,-97.4,0,119.5,0,214.3,0,-38,0,191.1,0,85.3,0,-70.2,0,-64.3,0,37.1,0,194.2,0,-171.8,0,279.8,0,-217.9,0,116.2,0,-68.7,0,188.3,0,66.6,0,9.8,0,73.6,0,47.5,0,130.3,0,1.8,0,173.8,0,80.8,0,124.5,0,-384.6,0,-245.9,0,110.5,0,177.4,0,-60.5,0,184.2,0,225,0,-132,0,-134.5,0,-43.4,0,148.5,0,-248.9,0,273.8,0
180,-58.5,0,181.4,0,43.5,0,50.9,0,-45,0,40.3,0,51.4,0,59.2,0,69.3,0,-8.2,0,41.8,0,-319.2,0,-97.4,0,119.5,0,214.3,0,-38,0,191.1,0,85.3,0,-70.2,0,-64.3,0,37.1,0,194.2,0,-171.8,0,279.8,0,-217.9,0,116.2,0,-68.7,0,188.3,0,66.6,0,9.8,0,73.6,0,47.5,0,130.3,0,1.8,0,173.8,0,80.8,0,124.5,0,-384.6,0,-245.9,0,110.5,0,177.4,0,-60.5,0,184.2,0,225,0,-132,0,-134.5,0,-43.4,0,148.5,0,-248.9,0,273.8,0,-236.3
181,0,181.4,0,43.5,0,50.9,0,-45,0,40.3,0,51.4,0,59.2,0,69.3,0,-8.2,0,41.8,0,-319.2,0,-97.4,0,119.5,0,214.3,0,-38,0,191.1,0,85.3,0,-70.2,0,-64.3,0,37.1,0,194.2,0,-171.8,0,279.8,0,-217.9,0,116.2,0,-68.7,0,188.3,0,66.6,0,9.8,0,73.6,0,47.5,0,130.3,0,1.8,0,173.8,0,80.8,0,124.5,0,-384.6,0,-245.9,0,110.5,0,177.4,0,-60.5,0,184.2,0,225,0,-132,0,-134.5,0,-43.4,0,148.5,0,-248.9,0,273.8,0,-236.3,0
182,181.4,0,43.5,0,50.9,0,-45,0,40.3,0,51.4,0,59.2,0,69.3,0,-8.2,0,41.8,0,-319.2,0,-97.4,0,119.5,0,214.3,0,-38,0,191.1,0,85.3,0,-70.2,0,-64.3,0,37.1,0,194.2,0,-171.8,0,279.8,0,-217.9,0,116.2,0,-68.7,0,188.3,0,66.6,0,9.8,0,73.6,0,47.5,0,130.3,0,1.8,0,173.8,0,80.8,0,124.5,0,-384.6,0,-245.9,0,110.5,0,177.4,0,-60.5,0,184.2,0,225,0,-132,0,-134.5,0,-43.4,0,148.5,0,-248.9,0,273.8,0,-236.3,0,82.2
183,0,43.5,0,50.9,0,-45,0,40.3,0,51.4,0,59.2,0,69.3,0,-8.2,0,41.8,0,-319.2,0,-97.4,0,119.5,0,214.3,0,-38,0,191.1,0,85.3,0,-70.2,0,-64.3,0,37.1,0,194.2,0,-171.8,0,279.8,0,-217.9,0,116.2,0,-68.7,0,188.3,0,66.6,0,9.8,0,73.6,0,47.5,0,130.3,0,1.8,0,173.8,0,80.8,0,124.5,0,-384.6,0,-245.9,0,110.5,0,177.4,0,-60.5,0,184.2,0,225,0,-132,0,-134.5,0,-43.4,0,148.5,0,-248.9,0,273.8,0,-236.3,0,82.2,0
184,43.5,0,50.9,0,-45,0,40.3,0,51.4,0,59.2,0,69.3,0,-8.2,0,41.8,0,-319.2,0,-97.4,0,119.5,0,214.3,0,-38,0,191.1,0,85.3,0,-70.2,0,-64.3,0,37.1,0,194.2,0,-171.8,0,279.8,0,-217.9,0,116.2,0,-68.7,0,188.3,0,66.6,0,9.8,0,73.6,0,47.5,0,130.3,0,1.8,0,173.8,0,80.8,0,124.5,0,-384.6,0,-245.9,0,110.5,0,177.4,0,-60.5,0,184.2,0,225,0,-132,0,-134.5,0,-43.4,0,148.5,0,-248.9,0,273.8,0,-236.3,0,82.2,0,-106.3
185,0,50.9,0,-45,0,40.3,0,51.4,0,59.2,0,69.3,0,-8.2,0,41.8,0,-319.2,0,-97.4,0,119.5,0,214.3,0,-38,0,191.1,0,85.3,0,-70.2,0,-64.3,0,37.1,0,194.2,0,-171.8,0,279.8,0,-217.9,0,116.2,0,-68.7,0,188.3,0,66.6,0,9.8,0,73.6,0,47.5,0,130.3,0,1.8,0,173.8,0,80.8,0,124.5,0,-384.6,0,-245.9,0,110.5,0,177.4,0,-60.5,0,184.2,0,225,0,-132,0,-134.5,0,-43.4,0,148.5,0,-248.9,0,273.8,0,-236.3,0,82.2,0,-106.3,0
186,50.9,0,-45,0,40.3,0,51.4,0,59.2,0,69.3,0,-8.2,0,41.8,0,-319.2,0,-97.4,0,119.5,0,214.3,0,-38,0,191.1,0,85.3,0,-70.2,0,-64.3,0,37.1,0,194.2,0,-171.8,0,279.8,0,-217.9,0,116.2,0,-68.7,0,188.3,0,66.6,0,9.8,0,73.6,0,47.5,0,130.3,0,1.8,0,173.8,0,80.8,0,124.5,0,-384.6,0,-245.9,0,110.5,0,177.4,0,-60.5,0,184.2,0,225,0,-132,0,-134.5,0,-43.4,0,148.5,0,-248.9,0,273.8,0,-236.3,0,82.2,0,-106.3,0,113.8
187,0,-45,0,40.3,0,51.4,0,59.2,0,69.3,0,-8.2,0,41.8,0,-319.2,0,-97.4,0,119.5,0,214.3,0,-38,0,191.1,0,85.3,0,-70.2,0,-64.3,0,37.1,0,194.2,0,-171.8,0,279.8,0,-217.9,0,116.2,0,-68.7,0,188.3,0,66.6,0,9.8,0,73.6,0,47.5,0,130.3,0,1.8,0,173.8,0,80.8,0,124.5,0,-384.6,0,-245.9,0,110.5,0,177.4,0,-60.5,0,184.2,0,225,0,-132,0,-134.5,0,-43.4,0,148.5,0,-248.9,0,273.8,0,-236.3,0,82.2,0,-106.3,0,113.8,0
188,-45,0,40.3,0,51.4,0,59.2,0,69.3,0,-8.2,0,41.8,0,-319.2,0,-97.4,0,119.5,0,214.3,0,-38,0,191.1,0,85.3,0,-70.2,0,-64.3,0,37.1,0,194.2,0,-171.8,0,279.8,0,-217.9,0,116.2,0,-68.7,0,188.3,0,66.6,0,9.8,0,73.6,0,47.5,0,130.3,0,1.8,0,173.8,0,80.8,0,124.5,0,-384.6,0,-245.9,0,110.5,0,177.4,0,-60.5,0,184.2,0,225,0,-132,0,-134.5,0,-43.4,0,148.5,0,-248.9,0,273.8,0,-236.3,0,82.2,0,-106.3,0,113.8,0,124.6
189,0,40.3,0,51.4,0,59.2,0,69.3,0,-8.2,0,41.8,0,-319.2,0,-97.4,0,119.5,0,214.3,0,-38,0,191.1,0,85.3,0,-70.2,0,-64.3,0,37.1,0,194.2,0,-171.8,0,279.8,0,-217.9,0,116.2,0,-68.7,0,188.3,0,66.6,0,9.8,0,73.6,0,47.5,0,130.3,0,1.8,0,173.8,0,80.8,0,124.5,0,-384.6,0,-245.9,0,110.5,0,177.4,0,-60.5,0,184.2,0,225,0,-132,0,-134.5,0,-43.4,0,148.5,0,-248.9,0,273.8,0,-236.3,0,82.2,0,-106.3,0,113.8,0,124.6,0
190,40.3,0,51.4,0,59.2,0,69.3,0,-8.2,0,41.8,0,-319.2,0,-97.4,0,119.5,0,214.3,0,-38,0,191.1,0,85.3,0,-70.2,0,-64.3,0,37.1,0,194.2,0,-171.8,0,279.8,0,-217.9,0,116.2,0,-68.7,0,188.3,0,66.6,0,9.8,0,73.6,0,47.5,0,130.3,0,1.8,0,173.8,0,80.8,0,124.5,0,-384.6,0,-245.9,0,110.5,0,177.4,0,-60.5,0,184.2,0,225,0,-132,0,-134.5,0,-43.4,0,148.5,0,-248.9,0,273.8,0,-236.3,0,82.2,0,-106.3,0,113.8,0,124.6,0,-33.7
191,0,51.4,0,59.2,0,69.3,0,-8.2,0,41.8,0,-319.2,0,-97.4,0,119.5,0,214.3,0,-38,0,191.1,0,85.3,0,-70.2,0,-64.3,0,37.1,0,194.2,0,-171.8,0,279.8,0,-217.9,0,116.2,0,-68.7,0,188.3,0,66.6,0,9.8,0,73.6,0,47.5,0,130.3,0,1.8,0,173.8,0,80.8,0,124.5,0,-384.6,0,-245.9,0,110.5,0,177.4,0,-60.5,0,184.2,0,225,0,-132,0,-134.5,0,-43.4,0,148.5,0,-248.9,0,273.8,0,-236.3,0,82.2,0,-106.3,0,113.8,0,124.6,0,-33.7,0
192,51.4,0,59.2,0,69.3,0,-8.2,0,41.8,0,-319.2,0,-97.4,0,119.5,0,214.3,0,-38,0,191.1,0,85.3,0,-70.2,0,-64.3,0,37.1,0,194.2,0,-171.8,0,279.8,0,-217.9,0,116.2,0,-68.7,0,188.3,0,66.6,0,9.8,0,73.6,0,47.5,0,130.3,0,1.8,0,173.8,0,80.8,0,124.5,0,-384.6,0,-245.9,0,110.5,0,177.4,0,-60.5,0,184.2,0,225,0,-132,0,-134.5,0,-43.4,0,148.5,0,-248.9,0,273.8,0,-236.3,0,82.2,0,-106.3,0,113.8,0,124.6,0,-33.7,0,-30.1
193,0,59.2,0,69.3,0,-8.2,0,41.8,0,-319.2,0,-97.4,0,119.5,0,214.3,0,-38,0,191.1,0,85.3,0,-70.2,0,-64.3,0,37.1,0,194.2,0,-171.8,0,279.8,0,-217.9,0,116.2,0,-68.7,0,188.3,0,66.6,0,9.8,0,73.6,0,47.5,0,130.3,0,1.8,0,173.8,0,80.8,0,124.5,0,-384.6,0,-245.9,0,110.5,0,177.4,0,-60.5,0,184.2,0,225,0,-132,0,-134.5,0,-43.4,0,148.5,0,-248.9,0,273.8,0,-236.3,0,82.2,0,-106.3,0,113.8,0,124.6,0,-33.7,0,-30.1,0
194,59.2,0,69.3,0,-8.2,0,41.8,0,-319.2,0,-97.4,0,119.5,0,214.3,0,-38,0,191.1,0,85.3,0,-70.2,0,-64.3,0,37.1,0,194.2,0,-171.8,0,279.8,0,-217.9,0,116.2,0,-68.7,0,188.3,0,66.6,0,9.8,0,73.6,0,47.5,0,130.3,0,1.8,0,173.8,0,80.8,0,124.5,0,-384.6,0,-245.9,0,110.5,0,177.4,0,-60.5,0,184.2,0,225,0,-132,0,-134.5,0,-43.4,0,148.5,0,-248.9,0,273.8,0,-236.3,0,82.2,0,-106.3,0,113.8,0,124.6,0,-33.7,0,-30.1,0,112
195,0,69.3,0,-8.2,0,41.8,0,-319.2,0,-97.4,0,119.5,0,214.3,0,-38,0,191.1,0,85.3,0,-70.2,0,-64.3,0,37.1,0,194.2,0,-171.8,0,279.8,0,-217.9,0,116.2,0,-68.7,0,188.3,0,66.6,0,9.8,0,73.6,0,47.5,0,130.3,0,1.8,0,173.8,0,80.8,0,124.5,0,-384.6,0,-245.9,0,110.5,0,177.4,0,-60.5,0,184.2,0,225,0,-132,0,-134.5,0,-43.4,0,148.5,0,-248.9,0,273.8,0,-236.3,0,82.2,0,-106.3,0,113.8,0,124.6,0,-33.7,0,-30.1,0,112,0
196,69.3,0,-8.2,0,41.8,0,-319.2,0,-97.4,0,119.5,0,214.3,0,-38,0,191.1,0,85.3,0,-70.2,0,-64.3,0,37.1,0,194.2,0,-171.8,0,279.8,0,-217.9,0,116.2,0,-68.7,0,188.3,0,66.6,0,9.8,0,73.6,0,47.5,0,130.3,0,1.8,0,173.8,0,80.8,0,124.5,0,-384.6,0,-245.9,0,110.5,0,177.4,0,-60.5,0,184.2,0,225,0,-132,0,-134.5,0,-43.4,0,148.5,0,-248.9,0,273.8,0,-236.3,0,82.2,0,-106.3,0,113.8,0,124.6,0,-33.7,0,-30.1,0,112,0,25
197,0,-8.2,0,41.8,0,-319.2,0,-97.4,0,119.5,0,214.3,0,-38,0,191.1,0,85.3,0,-70.2,0,-64.3,0,37.1,0,194.2,0,-171.8,0,279.8,0,-217.9,0,116.2,0,-68.7,0,188.3,0,66.6,0,9.8,0,73.6,0,47.5,0,130.3,0,1.8,0,173.8,0,80.8,0,124.5,0,-384.6,0,-245.9,0,110.5,0,177.4,0,-60.5,0,184.2,0,225,0,-132,0,-134.5,0,-43.4,0,148.5,0,-248.9,0,273.8,0,-236.3,0,82.2,0,-106.3,0,113.8,0,124.6,0,-33.7,0,-30.1,0,112,0,25,0
198,-8.2,0,41.8,0,-319.2,0,-97.4,0,119.5,0,214.3,0,-38,0,191.1,0,85.3,0,-70.2,0,-64.3,0,37.1,0,194.2,0,-171.8,0,279.8,0,-217.9,0,116.2,0,-68.7,0,188.3,0,66.6,0,9.8,0,73.6,0,47.5,0,130.3,0,1.8,0,173.8,0,80.8,0,124.5,0,-384.6,0,-245.9,0,110.5,0,177.4,0,-60.5,0,184.2,0,225,0,-132,0,-134.5,0,-43.4,0,148.5,0,-248.9,0,273.8,0,-236.3,0,82.2,0,-106.3,0,113.8,0,124.6,0,-33.7,0,-30.1,0,112,0,25,0,-118.2
199,0,41.8,0,-319.2,0,-97.4,0,119.5,0,214.3,0,-38,0,191.1,0,85.3,0,-70.2,0,-64.3,0,37.1,0,194.2,0,-171.8,0,279.8,0,-217.9,0,116.2,0,-68.7,0,188.3,0,66.6,0,9.8,0,73.6,0,47.5,0,130.3,0,1.8,0,173.8,0,80.8,0,124.5,0,-384.6,0,-245.9,0,110.5,0,177.4,0,-60.5,0,184.2,0,225,0,-132,0,-134.5,0,-43.4,0,148.5,0,-248.9,0,273.8,0,-236.3,0,82.2,0,-106.3,0,113.8,0,124.6,0,-33.7,0,-30.1,0,112,0,25,0,-118.2,0
200,41.8,0,-319.2,0,-97.4,0,119.5,0,214.3,0,-38,0,191.1,0,85.3,0,-70.2,0,-64.3,0,37.1,0,194.2,0,-171.8,0,279.8,0,-217.9,0,116.2,0,-68.7,0,188.3,0,66.6,0,9.8,0,73.6,0,47.5,0,130.3,0,1.8,0,173.8,0,80.8,0,124.5,0,-384.6,0,-245.9,0,110.5,0,177.4,0,-60.5,0,184.2,0,225,0,-132,0,-134.5,0,-43.4,0,148.5,0,-248.9,0,273.8,0,-236.3,0,82.2,0,-106.3,0,113.8,0,124.6,0,-33.7,0,-30.1,0,112,0,25,0,-118.2,0,124.1
201,0,-319.2,0,-97.4,0,119.5,0,214.3,0,-38,0,191.1,0,85.3,0,-70.2,0,-64.3,0,37.1,0,194.2,0,-171.8,0,279.8,0,-217.9,0,116.2,0,-68.7,0,188.3,0,66.6,0,9.8,0,73.6,0,47.5,0,130.3,0,1.8,0,173.8,0,80.8,0,124.5,0,-384.6,0,-245.9,0,110.5,0,177.4,0,-60.5,0,184.2,0,225,0,-132,0,-134.5,0,-43.4,0,148.5,0,-248.9,0,273.8,0,-236.3,0,82.2,0,-106.3,0,113.8,0,124.6,0,-33.7,0,-30.1,0,112,0,25,0,-118.2,0,124.1,0
202,-319.2,0,-97.4,0,119.5,0,214.3,0,-38,0,191.1,0,85.3,0,-70.2,0,-64.3,0,37.1,0,194.2,0,-171.8,0,279.8,0,-217.9,0,116.2,0,-68.7,0,188.3,0,66.6,0,9.8,0,73.6,0,47.5,0,130.3,0,1.8,0,173.8,0,80.8,0,124.5,0,-384.6,0,-245.9,0,110.5,0,177.4,0,-60.5,0,184.2,0,225,0,-132,0,-134.5,0,-43.4,0,148.5,0,-248.9,0,273.8,0,-236.3,0,82.2,0,-106.3,0,113.8,0,124.6,0,-33.7,0,-30.1,0,112,0,25,0,-118.2,0,124.1,0,-85.2
203,0,-97.4,0,119.5,0,214.3,0,-38,0,191.1,0,85.3,0,-70.2,0,-64.3,0,37.1,0,194.2,0,-171.8,0,279.8,0,-217.9,0,116.2,0,-68.7,0,188.3,0,66.6,0,9.8,0,73.6,0,47.5,0,130.3,0,1.8,0,173.8,0,80.8,0,124.5,0,-384.6,0,-245.9,0,110.5,0,177.4,0,-60.5,0,184.2,0,225,0,-132,0,-134.5,0,-43.4,0,148.5,0,-248.9,0,273.8,0,-236.3,0,82.2,0,-106.3,0,113.8,0,124.6,0,-33.7,0,-30.1,0,112,0,25,0,-118.2,0,124.1,0,-85.2,0
204,-97.4,0,119.5,0,214.3,0,-38,0,191.1,0,85.3,0,-70.2,0,-64.3,0,37.1,0,194.2,0,-171.8,0,279.8,0,-217.9,0,116.2,0,-68.7,0,188.3,0,66.6,0,9.8,0,73.6,0,47.5,0,130.3,0,1.8,0,173.8,0,80.8,0,124.5,0,-384.6,0,-245.9,0,110.5,0,177.4,0,-60.5,0,184.2,0,225,0,-132,0,-134.5,0,-43.4,0,148.5,0,-248.9,0,273.8,0,-236.3,0,82.2,0,-106.3,0,113.8,0,124.6,0,-33.7,0,-30.1,0,112,0,25,0,-118.2,0,124.1,0,-85.2,0,155.8
205,0,119.5,0,214.3,0,-38,0,191.1,0,85.3,0,-70.2,0,-64.3,0,37.1,0,194.2,0,-171.8,0,279.8,0,-217.9,0,116.2,0,-68.7,0,188.3,0,66.6,0,9.8,0,73.6,0,47.5,0,130.3,0,1.8,0,173.8,0,80.8,0,124.5,0,-384.6,0,-245.9,0,110.5,0,177.4,0,-60.5,0,184.2,0,225,0,-132,0,-134.5,0,-43.4,0,148.5,0,-248.9,0,273.8,0,-236.3,0,82.2,0,-106.3,0,113.8,0,124.6,0,-33.7,0,-30.1,0,112,0,25,0,-118.2,0,124.1,0,-85.2,0,155.8,0
206,119.5,0,214.3,0,-38,0,191.1,0,85.3,0,-70.2,0,-64.3,0,37.1,0,194.2,0,-171.8,0,279.8,0,-217.9,0,116.2,0,-68.7,0,188.3,0,66.6,0,9.8,0,73.6,0,47.5,0,130.3,0,1.8,0,173.8,0,80.8,0,124.5,0,-384.6,0,-245.9,0,110.5,0,177.4,0,-60.5,0,184.2,0,225,0,-132,0,-134.5,0,-43.4,0,148.5,0,-248.9,0,273.8,0,-236.3,0,82.2,0,-106.3,0,113.8,0,124.6,0,-33.7,0,-30.1,0,112,0,25,0,-118.2,0,124.1,0,-85.2,0,155.8,0,-208.2
207,0,214.3,0,-38,0,191.1,0,85.3,0,-70.2,0,-64.3,0,37.1,0,194.2,0,-171.8,0,279.8,0,-217.9,0,116.2,0,-68.7,0,188.3,0,66.6,0,9.8,0,73.6,0,47.5,0,130.3,0,1.8,0,173.8,0,80.8,0,124.5,0,-384.6,0,-245.9,0,110.5,0,177.4,0,-60.5,0,184.2,0,225,0,-132,0,-134.5,0,-43.4,0,148.5,0,-248.9,0,273.8,0,-236.3,0,82.2,0,-106.3,0,113.8,0,124.6,0,-33.7,0,-30.1,0,112,0,25,0,-118.2,0,124.1,0,-85.2,0,155.8,0,-208.2,0
208,214.3,0,-38,0,191.1,0,85.3,0,-70.2,0,-64.3,0,37.1,0,194.2,0,-171.8,0,279.8,0,-217.9,0,116.2,0,-68.7,0,188.3,0,66.6,0,9.8,0,73.6,0,47.5,0,130.3,0,1.8,0,173.8,0,80.8,0,124.5,0,-384.6,0,-245.9,0,110.5,0,177.4,0,-60.5,0,184.2,0,225,0,-132,0,-134.5,0,-43.4,0,148.5,0,-248.9,0,273.8,0,-236.3,0,82.2,0,-106.3,0,113.8,0,124.6,0,-33.7,0,-30.1,0,112,0,25,0,-118.2,0,124.1,0,-85.2,0,155.8,0,-208.2,0,-332.3
209,0,-38,0,191.1,0,85.3,0,-70.2,0,-64.3,0,37.1,0,194.2,0,-171.8,0,279.8,0,-217.9,0,116.2,0,-68.7,0,188.3,0,66.6,0,9.8,0,73.6,0,47.5,0,130.3,0,1.8,0,173.8,0,80.8,0,124.5,0,-384.6,0,-245.9,0,110.5,0,177.4,0,-60.5,0,184.2,0,225,0,-132,0,-134.5,0,-43.4,0,148.5,0,-248.9,0,273.8,0,-236.3,0,82.2,0,-106.3,0,113.8,0,124.6,0,-33.7,0,-30.1,0,112,0,25,0,-118.2,0,124.1,0,-85.2,0,155.8,0,-208.2,0,-332.3,0
210,-38,0,191.1,0,85.3,0,-70.2,0,-64.3,0,37.1,0,194.2,0,-171.8,0,279.8,0,-217.9,0,116.2,0,-68.7,0,188.3,0,66.6,0,9.8,0,73.6,0,47.5,0,130.3,0,1.8,0,173.8,0,80.8,0,124.5,0,-384.6,0,-245.9,0,110.5,0,177.4,0,-60.5,0,184.2,0,225,0,-132,0,-134.5,0,-43.4,0,148.5,0,-248.9,0,273.8,0,-236.3,0,82.2,0,-106.3,0,113.8,0,124.6,0,-33.7,0,-30.1,0,112,0,25,0,-118.2,0,124.1,0,-85.2,0,155.8,0,-208.2,0,-332.3,0,52.3
211,0,191.1,0,85.3,0,-70.2,0,-64.3,0,37.1,0,194.2,0,-171.8,0,279.8,0,-217.9,0,116.2,0,-68.7,0,188.3,0,66.6,0,9.8,0,73.6,0,47.5,0,130.3,0,1.8,0,173.8,0,80.8,0,124.5,0,-384.6,0,-245.9,0,110.5,0,177.4,0,-60.5,0,184.2,0,225,0,-132,0,-134.5,0,-43.4,0,148.5,0,-248.9,0,273.8,0,-236.3,0,82.2,0,-106.3,0,113.8,0,124.6,0,-33.7,0,-30.1,0,112,0,25,0,-118.2,0,124.1,0,-85.2,0,155.8,0,-208.2,0,-332.3,0,52.3,0
212,191.1,0,85.3,0,-70.2,0,-64.3,0,37.1,0,194.2,0,-171.8,0,279.8,0,-217.9,0,116.2,0,-68.7,0,188.3,0,66.6,0,9.8,0,73.6,0,47.5,0,130.3,0,1.8,0,173.8,0,80.8,0,124.5,0,-384.6,0,-245.9,0,110.5,0,177.4,0,-60.5,0,184.2,0,225,0,-132,0,-134.5,0,-43.4,0,148.5,0,-248.9,0,273.8,0,-236.3,0,82.2,0,-106.3,0,113.8,0,124.6,0,-33.7,0,-30.1,0,112,0,25,0,-118.2,0,124.1,0,-85.2,0,155.8,0,-208.2,0,-332.3,0,52.3,0,156.4
213,0,85.3,0,-70.2,0,-64.3,0,37.1,0,194.2,0,-171.8,0,279.8,0,-217.9,0,116.2,0,-68.7,0,188.3,0,66.6,0,9.8,0,73.6,0,47.5,0,130.3,0,1.8,0,173.8,0,80.8,0,124.5,0,-384.6,0,-245.9,0,110.5,0,177.4,0,-60.5,0,184.2,0,225,0,-132,0,-134.5,0,-43.4,0,148.5,0,-248.9,0,273.8,0,-236.3,0,82.2,0,-106.3,0,113.8,0,124.6,0,-33.7,0,-30.1,0,112,0,25,0,-118.2,0,124.1,0,-85.2,0,155.8,0,-208.2,0,-332.3,0,52.3,0,156.4,0
214,85.3,0,-70.2,0,-64.3,0,37.1,0,194.2,0,-171.8,0,279.8,0,-217.9,0,116.2,0,-68.7,0,188.3,0,66.6,0,9.8,0,73.6,0,47.5,0,130.3,0,1.8,0,173.8,0,80.8,0,124.5,0,-384.6,0,-245.9,0,110.5,0,177.4,0,-60.5,0,184.2,0,225,0,-132,0,-134.5,0,-43.4,0,148.5,0,-248.9,0,273.8,0,-236.3,0,82.2,0,-106.3,0,113.8,0,124.6,0,-33.7,0,-30.1,0,112,0,25,0,-118.2,0,124.1,0,-85.2,0,155.8,0,-208.2,0,-332.3,0,52.3,0,156.4,0,22.2
215,0,-70.2,0,-64.3,0,37.1,0,194.2,0,-171.8,0,279.8,0,-217.9,0,116.2,0,-68.7,0,188.3,0,66.6,0,9.8,0,73.6,0,47.5,0,130.3,0,1.8,0,173.8,0,80.8,0,124.5,0,-384.6,0,-245.9,0,110.5,0,177.4,0,-60.5,0,184.2,0,225,0,-132,0,-134.5,0,-43.4,0,148.5,0,-248.9,0,273.8,0,-236.3,0,82.2,0,-106.3,0,113.8,0,124.6,0,-33.7,0,-30.1,0,112,0,25,0,-118.2,0,124.1,0,-85.2,0,155.8,0,-208.2,0,-332.3,0,52.3,0,156.4,0,22.2,0
216,-70.2,0,-64.3,0,37.1,0,194.2,0,-171.8,0,279.8,0,-217.9,0,116.2,0,-68.7,0,188.3,0,66.6,0,9.8,0,73.6,0,47.5,0,130.3,0,1.8,0,173.8,0,80.8,0,124.5,0,-384.6,0,-245.9,0,110.5,0,177.4,0,-60.5,0,184.2,0,225,0,-132,0,-134.5,0,-43.4,0,148.5,0,-248.9,0,273.8,0,-236.3,0,82.2,0,-106.3,0,113.8,0,124.6,0,-33.7,0,-30.1,0,112,0,25,0,-118.2,0,124.1,0,-85.2,0,155.8,0,-208.2,0,-332.3,0,52.3,0,156.4,0,22.2,0,122.8
217,0,-64.3,0,37.1,0,194.2,0,-171.8,0,279.8,0,-217.9,0,116.2,0,-68.7,0,188.3,0,66.6,0,9.8,0,73.6,0,47.5,0,130.3,0,1.8,0,173.8,0,80.8,0,124.5,0,-384.6,0,-245.9,0,110.5,0,177.4,0,-60.5,0,184.2,0,225,0,-132,0,-134.5,0,-43.4,0,148.5,0,-248.9,0,273.8,0,-236.3,0,82.2,0,-106.3,0,113.8,0,124.6,0,-33.7,0,-30.1,0,112,0,25,0,-118.2,0,124.1,0,-85.2,0,155.8,0,-208.2,0,-332.3,0,52.3,0,156.4,0,22.2,0,122.8,0
218,-64.3,0,37.1,0,194.2,0,-171.8,0,279.8,0,-217.9,0,116.2,0,-68.7,0,188.3,0,66.6,0,9.8,0,73.6,0,47.5,0,130.3,0,1.8,0,173.8,0,80.8,0,124.5,0,-384.6,0,-245.9,0,110.5,0,177.4,0,-60.5,0,184.2,0,225,0,-132,0,-134.5,0,-43.4,0,148.5,0,-248.9,0,273.8,0,-236.3,0,82.2,0,-106.3,0,113.8,0,124.6,0,-33.7,0,-30.1,0,112,0,25,0,-118.2,0,124.1,0,-85.2,0,155.8,0,-208.2,0,-332.3,0,52.3,0,156.4,0,22.2,0,122.8,0,239.8
219,0,37.1,0,194.2,0,-171.8,0,279.8,0,-217.9,0,116.2,0,-68.7,0,188.3,0,66.6,0,9.8,0,73.6,0,47.5,0,130.3,0,1.8,0,173.8,0,80.8,0,124.5,0,-384.6,0,-245.9,0,110.5,0,177.4,0,-60.5,0,184.2,0,225,0,-132,0,-134.5,0,-43.4,0,148.5,0,-248.9,0,273.8,0,-236.3,0,82.2,0,-106.3,0,113.8,0,124.6,0,-33.7,0,-30.1,0,112,0,25,0,-118.2,0,124.1,0,-85.2,0,155.8,0,-208.2,0,-332.3,0,52.3,0,156.4,0,22.2,0,122.8,0,239.8,0
220,37.1,0,194.2,0,-171.8,0,279.8,0,-217.9,0,116.2,0,-68.7,0,188.3,0,66.6,0,9.8,0,73.6,0,47.5,0,130.3,0,1.8,0,173.8,0,80.8,0,124.5,0,-384.6,0,-245.9,0,110.5,0,177.4,0,-60.5,0,184.2,0,225,0,-132,0,-134.5,0,-43.4,0,148.5,0,-248.9,0,273.8,0,-236.3,0,82.2,0,-106.3,0,113.8,0,124.6,0,-33.7,0,-30.1,0,112,0,25,0,-118.2,0,124.1,0,-85.2,0,155.8,0,-208.2,0,-332.3,0,52.3,0,156.4,0,22.2,0,122.8,0,239.8,0,-119.3
221,0,194.2,0,-171.8,0,279.8,0,-217.9,0,116.2,0,-68.7,0,188.3,0,66.6,0,9.8,0,73.6,0,47.5,0,130.3,0,1.8,0,173.8,0,80.8,0,124.5,0,-384.6,0,-245.9,0,110.5,0,177.4,0,-60.5,0,184.2,0,225,0,-132,0,-134.5,0,-43.4,0,148.5,0,-248.9,0,273.8,0,-236.3,0,82.2,0,-106.3,0,113.8,0,124.6,0,-33.7,0,-30.1,0,112,0,25,0,-118.2,0,124.1,0,-85.2,0,155.8,0,-208.2,0,-332.3,0,52.3,0,156.4,0,22.2,0,122.8,0,239.8,0,-119.3,0
222,194.2,0,-171.8,0,279.8,0,-217.9,0,116.2,0,-68.7,0,188.3,0,66.6,0,9.8,0,73.6,0,47.5,0,130.3,0,1.8,0,173.8,0,80.8,0,124.5,0,-384.6,0,-245.9,0,110.5,0,177.4,0,-60.5,0,184.2,0,225,0,-132,0,-134.5,0,-43.4,0,148.5,0,-248.9,0,273.8,0,-236.3,0,82.2,0,-106.3,0,113.8,0,124.6,0,-33.7,0,-30.1,0,112,0,25,0,-118.2,0,124.1,0,-85.2,0,155.8,0,-208.2,0,-332.3,0,52.3,0,156.4,0,22.2,0,122.8,0,239.8,0,-119.3,0,-140.7
223,0,-171.8,0,279.8,0,-217.9,0,116.2,0,-68.7,0,188.3,0,66.6,0,9.8,0,73.6,0,47.5,0,130.3,0,1.8,0,173.8,0,80.8,0,124.5,0,-384.6,0,-245.9,0,110.5,0,177.4,0,-60.5,0,184.2,0,225,0,-132,0,-134.5,0,-43.4,0,148.5,0,-248.9,0,273.8,0,-236.3,0,82.2,0,-106.3,0,113.8,0,124.6,0,-33.7,0,-30.1,0,112,0,25,0,-118.2,0,124.1,0,-85.2,0,155.8,0,-208.2,0,-332.3,0,52.3,0,156.4,0,22.2,0,122.8,0,239.8,0,-119.3,0,-140.7,0
224,-171.8,0,279.8,0,-217.9,0,116.2,0,-68.7,0,188.3,0,66.6,0,9.8,0,73.6,0,47.5,0,130.3,0,1.8,0,173.8,0,80.8,0,124.5,0,-384.6,0,-245.9,0,110.5,0,177.4,0,-60.5,0,184.2,0,225,0,-132,0,-134.5,0,-43.4,0,148.5,0,-248.9,0,273.8,0,-236.3,0,82.2,0,-106.3,0,113.8,0,124.6,0,-33.7,0,-30.1,0,112,0,25,0,-118.2,0,124.1,0,-85.2,0,155.8,0,-208.2,0,-332.3,0,52.3,0,156.4,0,22.2,0,122.8,0,239.8,0,-119.3,0,-140.7,0,-125.2
225,0,279.8,0,-217.9,0,116.2,0,-68.7,0,188.3,0,66.6,0,9.8,0,73.6,0,47.5,0,130.3,0,1.8,0,173.8,0,80.8,0,124.5,0,-384.6,0,-245.9,0,110.5,0,177.4,0,-60.5,0,184.2,0,225,0,-132,0,-134.5,0,-43.4,0,148.5,0,-248.9,0,273.8,0,-236.3,0,82.2,0,-106.3,0,113.8,0,124.6,0,-33.7,0,-30.1,0,112,0,25,0,-118.2,0,124.1,0,-85.2,0,155.8,0,-208.2,0,-332.3,0,52.3,0,156.4,0,22.2,0,122.8,0,239.8,0,-119.3,0,-140.7,0,-125.2,0
226,279.8,0,-217.9,0,116.2,0,-68.7,0,188.3,0,66.6,0,9.8,0,73.6,0,47.5,0,130.3,0,1.8,0,173.8,0,80.8,0,124.5,0,-384.6,0,-245.9,0,110.5,0,177.4,0,-60.5,0,184.2,0,225,0,-132,0,-134.5,0,-43.4,0,148.5,0,-248.9,0,273.8,0,-236.3,0,82.2,0,-106.3,0,113.8,0,124.6,0,-33.7,0,-30.1,0,112,0,25,0,-118.2,0,124.1,0,-85.2,0,155.8,0,-208.2,0,-332.3,0,52.3,0,156.4,0,22.2,0,122.8,0,239.8,0,-119.3,0,-140.7,0,-125.2,0,346.7
227,0,-217.9,0,116.2,0,-68.7,0,188.3,0,66.6,0,9.8,0,73.6,0,47.5,0,130.3,0,1.8,0,173.8,0,80.8,0,124.5,0,-384.6,0,-245.9,0,110.5,0,177.4,0,-60.5,0,184.2,0,225,0,-132,0,-134.5,0,-43.4,0,148.5,0,-248.9,0,273.8,0,-236.3,0,82.2,0,-106.3,0,113.8,0,124.6,0,-33.7,0,-30.1,0,112,0,25,0,-118.2,0,124.1,0,-85.2,0,155.8,0,-208.2,0,-332.3,0,52.3,0,156.4,0,22.2,0,122.8,0,239.8,0,-119.3,0,-140.7,0,-125.2,0,346.7,0
228,-217.9,0,116.2,0,-68.7,0,188.3,0,66.6,0,9.8,0,73.6,0,47.5,0,130.3,0,1.8,0,173.8,0,80.8,0,124.5,0,-384.6,0,-245.9,0,110.5,0,177.4,0,-60.5,0,184.2,0,225,0,-132,0,-134.5,0,-43.4,0,148.5,0,-248.9,0,273.8,0,-236.3,0,82.2,0,-106.3,0,113.8,0,124.6,0,-33.7,0,-30.1,0,112,0,25,0,-118.2,0,124.1,0,-85.2,0,155.8,0,-208.2,0,-332.3,0,52.3,0,156.4,0,22.2,0,122.8,0,239.8,0,-119.3,0,-140.7,0,-125.2,0,346.7,0,-175.8
229,0,116.2,0,-68.7,0,188.3,0,66.6,0,9.8,0,73.6,0,47.5,0,130.3,0,1.8,0,173.8,0,80.8,0,124.5,0,-384.6,0,-245.9,0,110.5,0,177.4,0,-60.5,0,184.2,0,225,0,-132,0,-134.5,0,-43.4,0,148.5,0,-248.9,0,273.8,0,-236.3,0,82.2,0,-106.3,0,113.8,0,124.6,0,-33.7,0,-30.1,0,112,0,25,0,-118.2,0,124.1,0,-85.2,0,155.8,0,-208.2,0,-332.3,0,52.3,0,156.4,0,22.2,0,122.8,0,239.8,0,-119.3,0,-140.7,0,-125.2,0,346.7,0,-175.8,0
230,116.2,0,-68.7,0,188.3,0,66.6,0,9.8,0,73.6,0,47.5,0,130.3,0,1.8,0,173.8,0,80.8,0,124.5,0,-384.6,0,-245.9,0,110.5,0,177.4,0,-60.5,0,184.2,0,225,0,-132,0,-134.5,0,-43.4,0,148.5,0,-248.9,0,273.8,0,-236.3,0,82.2,0,-106.3,0,113.8,0,124.6,0,-33.7,0,-30.1,0,112,0,25,0,-118.2,0,124.1,0,-85.2,0,155.8,0,-208.2,0,-332.3,0,52.3,0,156.4,0,22.2,0,122.8,0,239.8,0,-119.3,0,-140.7,0,-125.2,0,346.7,0,-175.8,0,178.3
231,0,-68.7,0,188.3,0,66.6,0,9.8,0,73.6,0,47.5,0,130.3,0,1.8,0,173.8,0,80.8,0,124.5,0,-384.6,0,-245.9,0,110.5,0,177.4,0,-60.5,0,184.2,0,225,0,-132,0,-134.5,0,-43.4,0,148.5,0,-248.9,0,273.8,0,-236.3,0,82.2,0,-106.3,0,113.8,0,124.6,0,-33.7,0,-30.1,0,112,0,25,0,-118.2,0,124.1,0,-85.2,0,155.8,0,-208.2,0,-332.3,0,52.3,0,156.4,0,22.2,0,122.8,0,239.8,0,-119.3,0,-140.7,0,-125.2,0,346.7,0,-175.8,0,178.3,0
232,-68.7,0,188.3,0,66.6,0,9.8,0,73.6,0,47.5,0,130.3,0,1.8,0,173.8,0,80.8,0,124.5,0,-384.6,0,-245.9,0,110.5,0,177.4,0,-60.5,0,184.2,0,225,0,-132,0,-134.5,0,-43.4,0,148.5,0,-248.9,0,273.8,0,-236.3,0,82.2,0,-106.3,0,113.8,0,124.6,0,-33.7,0,-30.1,0,112,0,25,0,-118.2,0,124.1,0,-85.2,0,155.8,0,-208.2,0,-332.3,0,52.3,0,156.4,0,22.2,0,122.8,0,239.8,0,-119.3,0,-140.7,0,-125.2,0,346.7,0,-175.8,0,178.3,0,-177.9
233,0,188.3,0,66.6,0,9.8,0,73.6,0,47.5,0,130.3,0,1.8,0,173.8,0,80.8,0,124.5,0,-384.6,0,-245.9,0,110.5,0,177.4,0,-60.5,0,184.2,0,225,0,-132,0,-134.5,0,-43.4,0,148.5,0,-248.9,0,273.8,0,-236.3,0,82.2,0,-106.3,0,113.8,0,124.6,0,-33.7,0,-30.1,0,112,0,25,0,-118.2,0,124.1,0,-85.2,0,155.8,0,-208.2,0,-332.3,0,52.3,0,156.4,0,22.2,0,122.8,0,239.8,0,-119.3,0,-140.7,0,-125.2,0,346.7,0,-175.8,0,178.3,0,-177.9,0
234,188.3,0,66.6,0,9.8,0,73.6,0,47.5,0,130.3,0,1.8,0,173.8,0,80.8,0,124.5,0,-384.6,0,-245.9,0,110.5,0,177.4,0,-60.5,0,184.2,0,225,0,-132,0,-134.5,0,-43.4,0,148.5,0,-248.9,0,273.8,0,-236.3,0,82.2,0,-106.3,0,113.8,0,124.6,0,-33.7,0,-30.1,0,112,0,25,0,-118.2,0,124.1,0,-85.2,0,155.8,0,-208.2,0,-332.3,0,52.3,0,156.4,0,22.2,0,122.8,0,239.8,0,-119.3,0,-140.7,0,-125.2,0,346.7,0,-175.8,0,178.3,0,-177.9,0,27.8
235,0,66.6,0,9.8,0,73.6,0,47.5,0,130.3,0,1.8,0,173.8,0,80.8,0,124.5,0,-384.6,0,-245.9,0,110.5,0,177.4,0,-60.5,0,184.2,0,225,0,-132,0,-134.5,0,-43.4,0,148.5,0,-248.9,0,273.8,0,-236.3,0,82.2,0,-106.3,0,113.8,0,124.6,0,-33.7,0,-30.1,0,112,0,25,0,-118.2,0,124.1,0,-85.2,0,155.8,0,-208.2,0,-332.3,0,52.3,0,156.4,0,22.2,0,122.8,0,239.8,0,-119.3,0,-140.7,0,-125.2,0,346.7,0,-175.8,0,178.3,0,-177.9,0,27.8,0
236,66.6,0,9.8,0,73.6,0,47.5,0,130.3,0,1.8,0,173.8,0,80.8,0,124.5,0,-384.6,0,-245.9,0,110.5,0,177.4,0,-60.5,0,184.2,0,225,0,-132,0,-134.5,0,-43.4,0,148.5,0,-248.9,0,273.8,0,-236.3,0,82.2,0,-106.3,0,113.8,0,124.6,0,-33.7,0,-30.1,0,112,0,25,0,-118.2,0,124.1,0,-85.2,0,155.8,0,-208.2,0,-332.3,0,52.3,0,156.4,0,22.2,0,122.8,0,239.8,0,-119.3,0,-140.7,0,-125.2,0,346.7,0,-175.8,0,178.3,0,-177.9,0,27.8,0,-110.1
237,0,9.8,0,73.6,0,47.5,0,130.3,0,1.8,0,173.8,0,80.8,0,124.5,0,-384.6,0,-245.9,0,110.5,0,177.4,0,-60.5,0,184.2,0,225,0,-132,0,-134.5,0,-43.4,0,148.5,0,-248.9,0,273.8,0,-236.3,0,82.2,0,-106.3,0,113.8,0,124.6,0,-33.7,0,-30.1,0,112,0,25,0,-118.2,0,124.1,0,-85.2,0,155.8,0,-208.2,0,-332.3,0,52.3,0,156.4,0,22.2,0,122.8,0,239.8,0,-119.3,0,-140.7,0,-125.2,0,346.7,0,-175.8,0,178.3,0,-177.9,0,27.8,0,-110.1,0
238,9.8,0,73.6,0,47.5,0,130.3,0,1.8,0,173.8,0,80.8,0,124.5,0,-384.6,0,-245.9,0,110.5,0,177.4,0,-60.5,0,184.2,0,225,0,-132,0,-134.5,0,-43.4,0,148.5,0,-248.9,0,273.8,0,-236.3,0,82.2,0,-106.3,0,113.8,0,124.6,0,-33.7,0,-30.1,0,112,0,25,0,-118.2,0,124.1,0,-85.2,0,155.8,0,-208.2,0,-332.3,0,52.3,0,156.4,0,22.2,0,122.8,0,239.8,0,-119.3,0,-140.7,0,-125.2,0,346.7,0,-175.8,0,178.3,0,-177.9,0,27.8,0,-110.1,0,73
239,0,73.6,0,47.5,0,130.3,0,1.8,0,173.8,0,80.8,0,124.5,0,-384.6,0,-245.9,0,110.5,0,177.4,0,-60.5,0,184.2,0,225,0,-132,0,-134.5,0,-43.4,0,148.5,0,-248.9,0,273.8,0,-236.3,0,82.2,0,-106.3,0,113.8,0,124.6,0,-33.7,0,-30.1,0,112,0,25,0,-118.2,0,124.1,0,-85.2,0,155.8,0,-208.2,0,-332.3,0,52.3,0,156.4,0,22.2,0,122.8,0,239.8,0,-119.3,0,-140.7,0,-125.2,0,346.7,0,-175.8,0,178.3,0,-177.9,0,27.8,0,-110.1,0,73,0
240,73.6,0,47.5,0,130.3,0,1.8,0,173.8,0,80.8,0,124.5,0,-384.6,0,-245.9,0,110.5,0,177.4,0,-60.5,0,184.2,0,225,0,-132,0,-134.5,0,-43.4,0,148.5,0,-248.9,0,273.8,0,-236.3,0,82.2,0,-106.3,0,113.8,0,124.6,0,-33.7,0,-30.1,0,112,0,25,0,-118.2,0,124.1,0,-85.2,0,155.8,0,-208.2,0,-332.3,0,52.3,0,156.4,0,22.2,0,122.8,0,239.8,0,-119.3,0,-140.7,0,-125.2,0,346.7,0,-175.8,0,178.3,0,-177.9,0,27.8,0,-110.1,0,73,0,69
241,0,47.5,0,130.3,0,1.8,0,173.8,0,80.8,0,124.5,0,-384.6,0,-245.9,0,110.5,0,177.4,0,-60.5,0,184.2,0,225,0,-132,0,-134.5,0,-43.4,0,148.5,0,-248.9,0,273.8,0,-236.3,0,82.2,0,-106.3,0,113.8,0,124.6,0,-33.7,0,-30.1,0,112,0,25,0,-118.2,0,124.1,0,-85.2,0,155.8,0,-208.2,0,-332.3,0,52.3,0,156.4,0,22.2,0,122.8,0,239.8,0,-119.3,0,-140.7,0,-125.2,0,346.7,0,-175.8,0,178.3,0,-177.9,0,27.8,0,-110.1,0,73,0,69,0
242,47.5,0,130.3,0,1.8,0,173.8,0,80.8,0,124.5,0,-384.6,0,-245.9,0,110.5,0,177.4,0,-60.5,0,184.2,0,225,0,-132,0,-134.5,0,-43.4,0,148.5,0,-248.9,0,273.8,0,-236.3,0,82.2,0,-106.3,0,113.8,0,124.6,0,-33.7,0,-30.1,0,112,0,25,0,-118.2,0,124.1,0,-85.2,0,155.8,0,-208.2,0,-332.3,0,52.3,0,156.4,0,22.2,0,122.8,0,239.8,0,-119.3,0,-140.7,0,-125.2,0,346.7,0,-175.8,0,178.3,0,-177.9,0,27.8,0,-110.1,0,73,0,69,0,-146.7
243,0,130.3,0,1.8,0,173.8,0,80.8,0,124.5,0,-384.6,0,-245.9,0,110.5,0,177.4,0,-60.5,0,184.2,0,225,0,-132,0,-134.5,0,-43.4,0,148.5,0,-248.9,0,273.8,0,-236.3,0,82.2,0,-106.3,0,113.8,0,124.6,0,-33.7,0,-30.1,0,112,0,25,0,-118.2,0,124.1,0,-85.2,0,155.8,0,-208.2,0,-332.3,0,52.3,0,156.4,0,22.2,0,122.8,0,239.8,0,-119.3,0,-140.7,0,-125.2,0,346.7,0,-175.8,0,178.3,0,-177.9,0,27.8,0,-110.1,0,73,0,69,0,-146.7,0
244,130.3,0,1.8,0,173.8,0,80.8,0,124.5,0,-384.6,0,-245.9,0,110.5,0,177.4,0,-60.5,0,184.2,0,225,0,-132,0,-134.5,0,-43.4,0,148.5,0,-248.9,0,273.8,0,-236.3,0,82.2,0,-106.3,0,113.8,0,124.6,0,-33.7,0,-30.1,0,112,0,25,0,-118.2,0,124.1,0,-85.2,0,155.8,0,-208.2,0,-332.3,0,52.3,0,156.4,0,22.2,0,122.8,0,239.8,0,-119.3,0,-140.7,0,-125.2,0,346.7,0,-175.8,0,178.3,0,-177.9,0,27.8,0,-110.1,0,73,0,69,0,-146.7,0,32.7
245,0,1.8,0,173.8,0,80.8,0,124.5,0,-384.6,0,-245.9,0,110.5,0,177.4,0,-60.5,0,184.2,0,225,0,-132,0,-134.5,0,-43.4,0,148.5,0,-248.9,0,273.8,0,-236.3,0,82.2,0,-106.3,0,113.8,0,124.6,0,-33.7,0,-30.1,0,112,0,25,0,-118.2,0,124.1,0,-85.2,0,155.8,0,-208.2,0,-332.3,0,52.3,0,156.4,0,22.2,0,122.8,0,239.8,0,-119.3,0,-140.7,0,-125.2,0,346.7,0,-175.8,0,178.3,0,-177.9,0,27.8,0,-110.1,0,73,0,69,0,-146.7,0,32.7,0
246,1.8,0,173.8,0,80.8,0,124.5,0,-384.6,0,-245.9,0,110.5,0,177.4,0,-60.5,0,184.2,0,225,0,-132,0,-134.5,0,-43.4,0,148.5,0,-248.9,0,273.8,0,-236.3,0,82.2,0,-106.3,0,113.8,0,124.6,0,-33.7,0,-30.1,0,112,0,25,0,-118.2,0,124.1,0,-85.2,0,155.8,0,-208.2,0,-332.3,0,52.3,0,156.4,0,22.2,0,122.8,0,239.8,0,-119.3,0,-140.7,0,-125.2,0,346.7,0,-175.8,0,178.3,0,-177.9,0,27.8,0,-110.1,0,73,0,69,0,-146.7,0,32.7,0,-77.1
247,0,173.8,0,80.8,0,124.5,0,-384.6,0,-245.9,0,110.5,0,177.4,0,-60.5,0,184.2,0,225,0,-132,0,-134.5,0,-43.4,0,148.5,0,-248.9,0,273.8,0,-236.3,0,82.2,0,-106.3,0,113.8,0,124.6,0,-33.7,0,-30.1,0,112,0,25,0,-118.2,0,124.1,0,-85.2,0,155.8,0,-208.2,0,-332.3,0,52.3,0,156.4,0,22.2,0,122.8,0,239.8,0,-119.3,0,-140.7,0,-125.2,0,346.7,0,-175.8,0,178.3,0,-177.9,0,27.8,0,-110.1,0,73,0,69,0,-146.7,0,32.7,0,-77.1,0
248,173.8,0,80.8,0,124.5,0,-384.6,0,-245.9,0,110.5,0,177.4,0,-60.5,0,184.2,0,225,0,-132,0,-134.5,0,-43.4,0,148.5,0,-248.9,0,273.8,0,-236.3,0,82.2,0,-106.3,0,113.8,0,124.6,0,-33.7,0,-30.1,0,112,0,25,0,-118.2,0,124.1,0,-85.2,0,155.8,0,-208.2,0,-332.3,0,52.3,0,156.4,0,22.2,0,122.8,0,239.8,0,-119.3,0,-140.7,0,-125.2,0,346.7,0,-175.8,0,178.3,0,-177.9,0,27.8,0,-110.1,0,73,0,69,0,-146.7,0,32.7,0,-77.1,0,158.8
249,0,80.8,0,124.5,0,-384.6,0,-245.9,0,110.5,0,177.4,0,-60.5,0,184.2,0,225,0,-132,0,-134.5,0,-43.4,0,148.5,0,-248.9,0,273.8,0,-236.3,0,82.2,0,-106.3,0,113.8,0,124.6,0,-33.7,0,-30.1,0,112,0,25,0,-118.2,0,124.1,0,-85.2,0,155.8,0,-208.2,0,-332.3,0,52.3,0,156.4,0,22.2,0,122.8,0,239.8,0,-119.3,0,-140.7,0,-125.2,0,346.7,0,-175.8,0,178.3,0,-177.9,0,27.8,0,-110.1,0,73,0,69,0,-146.7,0,32.7,0,-77.1,0,158.8,0
250,80.8,0,124.5,0,-384.6,0,-245.9,0,110.5,0,177.4,0,-60.5,0,184.2,0,225,0,-132,0,-134.5,0,-43.4,0,148.5,0,-248.9,0,273.8,0,-236.3,0,82.2,0,-106.3,0,113.8,0,124.6,0,-33.7,0,-30.1,0,112,0,25,0,-118.2,0,124.1,0,-85.2,0,155.8,0,-208.2,0,-332.3,0,52.3,0,156.4,0,22.2,0,122.8,0,239.8,0,-119.3,0,-140.7,0,-125.2,0,346.7,0,-175.8,0,178.3,0,-177.9,0,27.8,0,-110.1,0,73,0,69,0,-146.7,0,32.7,0,-77.1,0,158.8,0,-120.7
251,0,124.5,0,-384.6,0,-245.9,0,110.5,0,177.4,0,-60.5,0,184.2,0,225,0,-132,0,-134.5,0,-43.4,0,148.5,0,-248.9,0,273.8,0,-236.3,0,82.2,0,-106.3,0,113.8,0,124.6,0,-33.7,0,-30.1,0,112,0,25,0,-118.2,0,124.1,0,-85.2,0,155.8,0,-208.2,0,-332.3,0,52.3,0,156.4,0,22.2,0,122.8,0,239.8,0,-119.3,0,-140.7,0,-125.2,0,346.7,0,-175.8,0,178.3,0,-177.9,0,27.8,0,-110.1,0,73,0,69,0,-146.7,0,32.7,0,-77.1,0,158.8,0,-120.7,0
252,124.5,0,-384.6,0,-245.9,0,110.5,0,177.4,0,-60.5,0,184.2,0,225,0,-132,0,-134.5,0,-43.4,0,148.5,0,-248.9,0,273.8,0,-236.3,0,82.2,0,-106.3,0,113.8,0,124.6,0,-33.7,0,-30.1,0,112,0,25,0,-118.2,0,124.1,0,-85.2,0,155.8,0,-208.2,0,-332.3,0,52.3,0,156.4,0,22.2,0,122.8,0,239.8,0,-119.3,0,-140.7,0,-125.2,0,346.7,0,-175.8,0,178.3,0,-177.9,0,27.8,0,-110.1,0,73,0,69,0,-146.7,0,32.7,0,-77.1,0,158.8,0,-120.7,0,203.1
253,0,-384.6,0,-245.9,0,110.5,0,177.4,0,-60.5,0,184.2,0,225,0,-132,0,-134.5,0,-43.4,0,148.5,0,-248.9,0,273.8,0,-236.3,0,82.2,0,-106.3,0,113.8,0,124.6,0,-33.7,0,-30.1,0,112,0,25,0,-118.2,0,124.1,0,-85.2,0,155.8,0,-208.2,0,-332.3,0,52.3,0,156.4,0,22.2,0,122.8,0,239.8,0,-119.3,0,-140.7,0,-125.2,0,346.7,0,-175.8,0,178.3,0,-177.9,0,27.8,0,-110.1,0,73,0,69,0,-146.7,0,32.7,0,-77.1,0,158.8,0,-120.7,0,203.1,0
254,-384.6,0,-245.9,0,110.5,0,177.4,0,-60.5,0,184.2,0,225,0,-132,0,-134.5,0,-43.4,0,148.5,0,-248.9,0,273.8,0,-236.3,0,82.2,0,-106.3,0,113.8,0,124.6,0,-33.7,0,-30.1,0,112,0,25,0,-118.2,0,124.1,0,-85.2,0,155.8,0,-208.2,0,-332.3,0,52.3,0,156.4,0,22.2,0,122.8,0,239.8,0,-119.3,0,-140.7,0,-125.2,0,346.7,0,-175.8,0,178.3,0,-177.9,0,27.8,0,-110.1,0,73,0,69,0,-146.7,0,32.7,0,-77.1,0,158.8,0,-120.7,0,203.1,0,-138.1
255,0,-245.9,0,110.5,0,177.4,0,-60.5,0,184.2,0,225,0,-132,0,-134.5,0,-43.4,0,148.5,0,-248.9,0,273.8,0,-236.3,0,82.2,0,-106.3,0,113.8,0,124.6,0,-33.7,0,-30.1,0,112,0,25,0,-118.2,0,124.1,0,-85.2,0,155.8,0,-208.2,0,-332.3,0,52.3,0,156.4,0,22.2,0,122.8,0,239.8,0,-119.3,0,-140.7,0,-125.2,0,346.7,0,-175.8,0,178.3,0,-177.9,0,27.8,0,-110.1,0,73,0,69,0,-146.7,0,32.7,0,-77.1,0,158.8,0,-120.7,0,203.1,0,-138.1,0
256,-245.9,0,110.5,0,177.4,0,-60.5,0,184.2,0,225,0,-132,0,-134.5,0,-43.4,0,148.5,0,-248.9,0,273.8,0,-236.3,0,82.2,0,-106.3,0,113.8,0,124.6,0,-33.7,0,-30.1,0,112,0,25,0,-118.2,0,124.1,0,-85.2,0,155.8,0,-208.2,0,-332.3,0,52.3,0,156.4,0,22.2,0,122.8,0,239.8,0,-119.3,0,-140.7,0,-125.2,0,346.7,0,-175.8,0,178.3,0,-177.9,0,27.8,0,-110.1,0,73,0,69,0,-146.7,0,32.7,0,-77.1,0,158.8,0,-120.7,0,203.1,0,-138.1,0,155.1
257,0,110.5,0,177.4,0,-60.5,0,184.2,0,225,0,-132,0,-134.5,0,-43.4,0,148.5,0,-248.9,0,273.8,0,-236.3,0,82.2,0,-106.3,0,113.8,0,124.6,0,-33.7,0,-30.1,0,112,0,25,0,-118.2,0,124.1,0,-85.2,0,155.8,0,-208.2,0,-332.3,0,52.3,0,156.4,0,22.2,0,122.8,0,239.8,0,-119.3,0,-140.7,0,-125.2,0,346.7,0,-175.8,0,178.3,0,-177.9,0,27.8,0,-110.1,0,73,0,69,0,-146.7,0,32.7,0,-77.1,0,158.8,0,-120.7,0,203.1,0,-138.1,0,155.1,0
258,110.5,0,177.4,0,-60.5,0,184.2,0,225,0,-132,0,-134.5,0,-43.4,0,148.5,0,-248.9,0,273.8,0,-236.3,0,82.2,0,-106.3,0,113.8,0,124.6,0,-33.7,0,-30.1,0,112,0,25,0,-118.2,0,124.1,0,-85.2,0,155.8,0,-208.2,0,-332.3,0,52.3,0,156.4,0,22.2,0,122.8,0,239.8,0,-119.3,0,-140.7,0,-125.2,0,346.7,0,-175.8,0,178.3,0,-177.9,0,27.8,0,-110.1,0,73,0,69,0,-146.7,0,32.7,0,-77.1,0,158.8,0,-120.7,0,203.1,0,-138.1,0,155.1,0,-201.4
259,0,177.4,0,-60.5,0,184.2,0,225,0,-132,0,-134.5,0,-43.4,0,148.5,0,-248.9,0,273.8,0,-236.3,0,82.2,0,-106.3,0,113.8,0,124.6,0,-33.7,0,-30.1,0,112,0,25,0,-118.2,0,124.1,0,-85.2,0,155.8,0,-208.2,0,-332.3,0,52.3,0,156.4,0,22.2,0,122.8,0,239.8,0,-119.3,0,-140.7,0,-125.2,0,346.7,0,-175.8,0,178.3,0,-177.9,0,27.8,0,-110.1,0,73,0,69,0,-146.7,0,32.7,0,-77.1,0,158.8,0,-120.7,0,203.1,0,-138.1,0,155.1,0,-201.4,0
260,177.4,0,-60.5,0,184.2,0,225,0,-132,0,-134.5,0,-43.4,0,148.5,0,-248.9,0,273.8,0,-236.3,0,82.2,0,-106.3,0,113.8,0,124.6,0,-33.7,0,-30.1,0,112,0,25,0,-118.2,0,124.1,0,-85.2,0,155.8,0,-208.2,0,-332.3,0,52.3,0,156.4,0,22.2,0,122.8,0,239.8,0,-119.3,0,-140.7,0,-125.2,0,346.7,0,-175.8,0,178.3,0,-177.9,0,27.8,0,-110.1,0,73,0,69,0,-146.7,0,32.7,0,-77.1,0,158.8,0,-120.7,0,203.1,0,-138.1,0,155.1,0,-201.4,0,-482.2
261,0,-60.5,0,184.2,0,225,0,-132,0,-134.5,0,-43.4,0,148.5,0,-248.9,0,273.8,0,-236.3,0,82.2,0,-106.3,0,113.8,0,124.6,0,-33.7,0,-30.1,0,112,0,25,0,-118.2,0,124.1,0,-85.2,0,155.8,0,-208.2,0,-332.3,0,52.3,0,156.4,0,22.2,0,122.8,0,239.8,0,-119.3,0,-140.7,0,-125.2,0,346.7,0,-175.8,0,178.3,0,-177.9,0,27.8,0,-110.1,0,73,0,69,0,-146.7,0,32.7,0,-77.1,0,158.8,0,-120.7,0,203.1,0,-138.1,0,155.1,0,-201.4,0,-482.2,0
262,-60.5,0,184.2,0,225,0,-132,0,-134.5,0,-43.4,0,148.5,0,-248.9,0,273.8,0,-236.3,0,82.2,0,-106.3,0,113.8,0,124.6,0,-33.7,0,-30.1,0,112,0,25,0,-118.2,0,124.1,0,-85.2,0,155.8,0,-208.2,0,-332.3,0,52.3,0,156.4,0,22.2,0,122.8,0,239.8,0,-119.3,0,-140.7,0,-125.2,0,346.7,0,-175.8,0,178.3,0,-177.9,0,27.8,0,-110.1,0,73,0,69,0,-146.7,0,32.7,0,-77.1,0,158.8,0,-120.7,0,203.1,0,-138.1,0,155.1,0,-201.4,0,-482.2,0,72.1
263,0,184.2,0,225,0,-132,0,-134.5,0,-43.4,0,148.5,0,-248.9,0,273.8,0,-236.3,0,82.2,0,-106.3,0,113.8,0,124.6,0,-33.7,0,-30.1,0,112,0,25,0,-118.2,0,124.1,0,-85.2,0,155.8,0,-208.2,0,-332.3,0,52.3,0,156.4,0,22.2,0,122.8,0,239.8,0,-119.3,0,-140.7,0,-125.2,0,346.7,0,-175.8,0,178.3,0,-177.9,0,27.8,0,-110.1,0,73,0,69,0,-146.7,0,32.7,0,-77.1,0,158.8,0,-120.7,0,203.1,0,-138.1,0,155.1,0,-201.4,0,-482.2,0,72.1,0
264,184.2,0,225,0,-132,0,-134.5,0,-43.4,0,148.5,0,-248.9,0,273.8,0,-236.3,0,82.2,0,-106.3,0,113.8,0,124.6,0,-33.7,0,-30.1,0,112,0,25,0,-118.2,0,124.1,0,-85.2,0,155.8,0,-208.2,0,-332.3,0,52.3,0,156.4,0,22.2,0,122.8,0,239.8,0,-119.3,0,-140.7,0,-125.2,0,346.7,0,-175.8,0,178.3,0,-177.9,0,27.8,0,-110.1,0,73,0,69,0,-146.7,0,32.7,0,-77.1,0,158.8,0,-120.7,0,203.1,0,-138.1,0,155.1,0,-201.4,0,-482.2,0,72.1,0,210.9
265,0,225,0,-132,0,-134.5,0,-43.4,0,148.5,0,-248.9,0,273.8,0,-236.3,0,82.2,0,-106.3,0,113.8,0,124.6,0,-33.7,0,-30.1,0,112,0,25,0,-118.2,0,124.1,0,-85.2,0,155.8,0,-208.2,0,-332.3,0,52.3,0,156.4,0,22.2,0,122.8,0,239.8,0,-119.3,0,-140.7,0,-125.2,0,346.7,0,-175.8,0,178.3,0,-177.9,0,27.8,0,-110.1,0,73,0,69,0,-146.7,0,32.7,0,-77.1,0,158.8,0,-120.7,0,203.1,0,-138.1,0,155.1,0,-201.4,0,-482.2,0,72.1,0,210.9,0
266,225,0,-132,0,-134.5,0,-43.4,0,148.5,0,-248.9,0,273.8,0,-236.3,0,82.2,0,-106.3,0,113.8,0,124.6,0,-33.7,0,-30.1,0,112,0,25,0,-118.2,0,124.1,0,-85.2,0,155.8,0,-208.2,0,-332.3,0,52.3,0,156.4,0,22.2,0,122.8,0,239.8,0,-119.3,0,-140.7,0,-125.2,0,346.7,0,-175.8,0,178.3,0,-177.9,0,27.8,0,-110.1,0,73,0,69,0,-146.7,0,32.7,0,-77.1,0,158.8,0,-120.7,0,203.1,0,-138.1,0,155.1,0,-201.4,0,-482.2,0,72.1,0,210.9,0,43.9
267,0,-132,0,-134.5,0,-43.4,0,148.5,0,-248.9,0,273.8,0,-236.3,0,82.2,0,-106.3,0,113.8,0,124.6,0,-33.7,0,-30.1,0,112,0,25,0,-118.2,0,124.1,0,-85.2,0,155.8,0,-208.2,0,-332.3,0,52.3,0,156.4,0,22.2,0,122.8,0,239.8,0,-119.3,0,-140.7,0,-125.2,0,346.7,0,-175.8,0,178.3,0,-177.9,0,27.8,0,-110.1,0,73,0,69,0,-146.7,0,32.7,0,-77.1,0,158.8,0,-120.7,0,203.1,0,-138.1,0,155.1,0,-201.4,0,-482.2,0,72.1,0,210.9,0,43.9,0
268,-132,0,-134.5,0,-43.4,0,148.5,0,-248.9,0,273.8,0,-236.3,0,82.2,0,-106.3,0,113.8,0,124.6,0,-33.7,0,-30.1,0,112,0,25,0,-118.2,0,124.1,0,-85.2,0,155.8,0,-208.2,0,-332.3,0,52.3,0,156.4,0,22.2,0,122.8,0,239.8,0,-119.3,0,-140.7,0,-125.2,0,346.7,0,-175.8,0,178.3,0,-177.9,0,27.8,0,-110.1,0,73,0,69,0,-146.7,0,32.7,0,-77.1,0,158.8,0,-120.7,0,203.1,0,-138.1,0,155.1,0,-201.4,0,-482.2,0,72.1,0,210.9,0,43.9,0,-58.3
269,0,-134.5,0,-43.4,0,148.5,0,-248.9,0,273.8,0,-236.3,0,82.2,0,-106.3,0,113.8,0,124.6,0,-33.7,0,-30.1,0,112,0,25,0,-118.2,0,124.1,0,-85.2,0,155.8,0,-208.2,0,-332.3,0,52.3,0,156.4,0,22.2,0,122.8,0,239.8,0,-119.3,0,-140.7,0,-125.2,0,346.7,0,-175.8,0,178.3,0,-177.9,0,27.8,0,-110.1,0,73,0,69,0,-146.7,0,32.7,0,-77.1,0,158.8,0,-120.7,0,203.1,0,-138.1,0,155.1,0,-201.4,0,-482.2,0,72.1,0,210.9,0,43.9,0,-58.3,0
270,-134.5,0,-43.4,0,148.5,0,-248.9,0,273.8,0,-236.3,0,82.2,0,-106.3,0,113.8,0,124.6,0,-33.7,0,-30.1,0,112,0,25,0,-118.2,0,124.1,0,-85.2,0,155.8,0,-208.2,0,-332.3,0,52.3,0,156.4,0,22.2,0,122.8,0,239.8,0,-119.3,0,-140.7,0,-125.2,0,346.7,0,-175.8,0,178.3,0,-177.9,0,27.8,0,-110.1,0,73,0,69,0,-146.7,0,32.7,0,-77.1,0,158.8,0,-120.7,0,203.1,0,-138.1,0,155.1,0,-201.4,0,-482.2,0,72.1,0,210.9,0,43.9,0,-58.3,0,257.2
271,0,-43.4,0,148.5,0,-248.9,0,273.8,0,-236.3,0,82.2,0,-106.3,0,113.8,0,124.6,0,-33.7,0,-30.1,0,112,0,25,0,-118.2,0,124.1,0,-85.2,0,155.8,0,-208.2,0,-332.3,0,52.3,0,156.4,0,22.2,0,122.8,0,239.8,0,-119.3,0,-140.7,0,-125.2,0,346.7,0,-175.8,0,178.3,0,-177.9,0,27.8,0,-110.1,0,73,0,69,0,-146.7,0,32.7,0,-77.1,0,158.8,0,-120.7,0,203.1,0,-138.1,0,155.1,0,-201.4,0,-482.2,0,72.1,0,210.9,0,43.9,0,-58.3,0,257.2,0
272,-43.4,0,148.5,0,-248.9,0,273.8,0,-236.3,0,82.2,0,-106.3,0,113.8,0,124.6,0,-33.7,0,-30.1,0,112,0,25,0,-118.2,0,124.1,0,-85.2,0,155.8,0,-208.2,0,-332.3,0,52.3,0,156.4,0,22.2,0,122.8,0,239.8,0,-119.3,0,-140.7,0,-125.2,0,346.7,0,-175.8,0,178.3,0,-177.9,0,27.8,0,-110.1,0,73,0,69,0,-146.7,0,32.7,0,-77.1,0,158.8,0,-120.7,0,203.1,0,-138.1,0,155.1,0,-201.4,0,-482.2,0,72.1,0,210.9,0,43.9,0,-58.3,0,257.2,0,-133.4
273,0,148.5,0,-248.9,0,273.8,0,-236.3,0,82.2,0,-106.3,0,113.8,0,124.6,0,-33.7,0,-30.1,0,112,0,25,0,-118.2,0,124.1,0,-85.2,0,155.8,0,-208.2,0,-332.3,0,52.3,0,156.4,0,22.2,0,122.8,0,239.8,0,-119.3,0,-140.7,0,-125.2,0,346.7,0,-175.8,0,178.3,0,-177.9,0,27.8,0,-110.1,0,73,0,69,0,-146.7,0,32.7,0,-77.1,0,158.8,0,-120.7,0,203.1,0,-138.1,0,155.1,0,-201.4,0,-482.2,0,72.1,0,210.9,0,43.9,0,-58.3,0,257.2,0,-133.4,0
274,148.5,0,-248.9,0,273.8,0,-236.3,0,82.2,0,-106.3,0,113.8,0,124.6,0,-33.7,0,-30.1,0,112,0,25,0,-118.2,0,124.1,0,-85.2,0,155.8,0,-208.2,0,-332.3,0,52.3,0,156.4,0,22.2,0,122.8,0,239.8,0,-119.3,0,-140.7,0,-125.2,0,346.7,0,-175.8,0,178.3,0,-177.9,0,27.8,0,-110.1,0,73,0,69,0,-146.7,0,32.7,0,-77.1,0,158.8,0,-120.7,0,203.1,0,-138.1,0,155.1,0,-201.4,0,-482.2,0,72.1,0,210.9,0,43.9,0,-58.3,0,257.2,0,-133.4,0,-160.6
275,0,-248.9,0,273.8,0,-236.3,0,82.2,0,-106.3,0,113.8,0,124.6,0,-33.7,0,-30.1,0,112,0,25,0,-118.2,0,124.1,0,-85.2,0,155.8,0,-208.2,0,-332.3,0,52.3,0,156.4,0,22.2,0,122.8,0,239.8,0,-119.3,0,-140.7,0,-125.2,0,346.7,0,-175.8,0,178.3,0,-177.9,0,27.8,0,-110.1,0,73,0,69,0,-146.7,0,32.7,0,-77.1,0,158.8,0,-120.7,0,203.1,0,-138.1,0,155.1,0,-201.4,0,-482.2,0,72.1,0,210.9,0,43.9,0,-58.3,0,257.2,0,-133.4,0,-160.6,0
276,-248.9,0,273.8,0,-236.3,0,82.2,0,-106.3,0,113.8,0,124.6,0,-33.7,0,-30.1,0,112,0,25,0,-118.2,0,124.1,0,-85.2,0,155.8,0,-208.2,0,-332.3,0,52.3,0,156.4,0,22.2,0,122.8,0,239.8,0,-119.3,0,-140.7,0,-125.2,0,346.7,0,-175.8,0,178.3,0,-177.9,0,27.8,0,-110.1,0,73,0,69,0,-146.7,0,32.7,0,-77.1,0,158.8,0,-120.7,0,203.1,0,-138.1,0,155.1,0,-201.4,0,-482.2,0,72.1,0,210.9,0,43.9,0,-58.3,0,257.2,0,-133.4,0,-160.6,0,-223.6
277,0,273.8,0,-236.3,0,82.2,0,-106.3,0,113.8,0,124.6,0,-33.7,0,-30.1,0,112,0,25,0,-118.2,0,124.1,0,-85.2,0,155.8,0,-208.2,0,-332.3,0,52.3,0,156.4,0,22.2,0,122.8,0,239.8,0,-119.3,0,-140.7,0,-125.2,0,346.7,0,-175.8,0,178.3,0,-177.9,0,27.8,0,-110.1,0,73,0,69,0,-146.7,0,32.7,0,-77.1,0,158.8,0,-120.7,0,203.1,0,-138.1,0,155.1,0,-201.4,0,-482.2,0,72.1,0,210.9,0,43.9,0,-58.3,0,257.2,0,-133.4,0,-160.6,0,-223.6,0
278,273.8,0,-236.3,0,82.2,0,-106.3,0,113.8,0,124.6,0,-33.7,0,-30.1,0,112,0,25,0,-118.2,0,124.1,0,-85.2,0,155.8,0,-208.2,0,-332.3,0,52.3,0,156.4,0,22.2,0,122.8,0,239.8,0,-119.3,0,-140.7,0,-125.2,0,346.7,0,-175.8,0,178.3,0,-177.9,0,27.8,0,-110.1,0,73,0,69,0,-146.7,0,32.7,0,-77.1,0,158.8,0,-120.7,0,203.1,0,-138.1,0,155.1,0,-201.4,0,-482.2,0,72.1,0,210.9,0,43.9,0,-58.3,0,257.2,0,-133.4,0,-160.6,0,-223.6,0,295.7
279,0,-236.3,0,82.2,0,-106.3,0,113.8,0,124.6,0,-33.7,0,-30.1,0,112,0,25,0,-118.2,0,124.1,0,-85.2,0,155.8,0,-208.2,0,-332.3,0,52.3,0,156.4,0,22.2,0,122.8,0,239.8,0,-119.3,0,-140.7,0,-125.2,0,346.7,0,-175.8,0,178.3,0,-177.9,0,27.8,0,-110.1,0,73,0,69,0,-146.7,0,32.7,0,-77.1,0,158.8,0,-120.7,0,203.1,0,-138.1,0,155.1,0,-201.4,0,-482.2,0,72.1,0,210.9,0,43.9,0,-58.3,0,257.2,0,-133.4,0,-160.6,0,-223.6,0,295.7,0
280,-236.3,0,82.2,0,-106.3,0,113.8,0,124.6,0,-33.7,0,-30.1,0,112,0,25,0,-118.2,0,124.1,0,-85.2,0,155.8,0,-208.2,0,-332.3,0,52.3,0,156.4,0,22.2,0,122.8,0,239.8,0,-119.3,0,-140.7,0,-125.2,0,346.7,0,-175.8,0,178.3,0,-177.9,0,27.8,0,-110.1,0,73,0,69,0,-146.7,0,32.7,0,-77.1,0,158.8,0,-120.7,0,203.1,0,-138.1,0,155.1,0,-201.4,0,-482.2,0,72.1,0,210.9,0,43.9,0,-58.3,0,257.2,0,-133.4,0,-160.6,0,-223.6,0,295.7,0,-165.5
281,0,82.2,0,-106.3,0,113.8,0,124.6,0,-33.7,0,-30.1,0,112,0,25,0,-118.2,0,124.1,0,-85.2,0,155.8,0,-208.2,0,-332.3,0,52.3,0,156.4,0,22.2,0,122.8,0,239.8,0,-119.3,0,-140.7,0,-125.2,0,346.7,0,-175.8,0,178.3,0,-177.9,0,27.8,0,-110.1,0,73,0,69,0,-146.7,0,32.7,0,-77.1,0,158.8,0,-120.7,0,203.1,0,-138.1,0,155.1,0,-201.4,0,-482.2,0,72.1,0,210.9,0,43.9,0,-58.3,0,257.2,0,-133.4,0,-160.6,0,-223.6,0,295.7,0,-165.5,0
282,82.2,0,-106.3,0,113.8,0,124.6,0,-33.7,0,-30.1,0,112,0,25,0,-118.2,0,124.1,0,-85.2,0,155.8,0,-208.2,0,-332.3,0,52.3,0,156.4,0,22.2,0,122.8,0,239.8,0,-119.3,0,-140.7,0,-125.2,0,346.7,0,-175.8,0,178.3,0,-177.9,0,27.8,0,-110.1,0,73,0,69,0,-146.7,0,32.7,0,-77.1,0,158.8,0,-120.7,0,203.1,0,-138.1,0,155.1,0,-201.4,0,-482.2,0,72.1,0,210.9,0,43.9,0,-58.3,0,257.2,0,-133.4,0,-160.6,0,-223.6,0,295.7,0,-165.5,0,184.2
283,0,-106.3,0,113.8,0,124.6,0,-33.7,0,-30.1,0,112,0,25,0,-118.2,0,124.1,0,-85.2,0,155.8,0,-208.2,0,-332.3,0,52.3,0,156.4,0,22.2,0,122.8,0,239.8,0,-119.3,0,-140.7,0,-125.2,0,346.7,0,-175.8,0,178.3,0,-177.9,0,27.8,0,-110.1,0,73,0,69,0,-146.7,0,32.7,0,-77.1,0,158.8,0,-120.7,0,203.1,0,-138.1,0,155.1,0,-201.4,0,-482.2,0,72.1,0,210.9,0,43.9,0,-58.3,0,257.2,0,-133.4,0,-160.6,0,-223.6,0,295.7,0,-165.5,0,184.2,0
284,-106.3,0,113.8,0,124.6,0,-33.7,0,-30.1,0,112,0,25,0,-118.2,0,124.1,0,-85.2,0,155.8,0,-208.2,0,-332.3,0,52.3,0,156.4,0,22.2,0,122.8,0,239.8,0,-119.3,0,-140.7,0,-125.2,0,346.7,0,-175.8,0,178.3,0,-177.9,0,27.8,0,-110.1,0,73,0,69,0,-146.7,0,32.7,0,-77.1,0,158.8,0,-120.7,0,203.1,0,-138.1,0,155.1,0,-201.4,0,-482.2,0,72.1,0,210.9,0,43.9,0,-58.3,0,257.2,0,-133.4,0,-160.6,0,-223.6,0,295.7,0,-165.5,0,184.2,0,-149.8
285,0,113.8,0,124.6,0,-33.7,0,-30.1,0,112,0,25,0,-118.2,0,124.1,0,-85.2,0,155.8,0,-208.2,0,-332.3,0,52.3,0,156.4,0,22.2,0,122.8,0,239.8,0,-119.3,0,-140.7,0,-125.2,0,346.7,0,-175.8,0,178.3,0,-177.9,0,27.8,0,-110.1,0,73,0,69,0,-146.7,0,32.7,0,-77.1,0,158.8,0,-120.7,0,203.1,0,-138.1,0,155.1,0,-201.4,0,-482.2,0,72.1,0,210.9,0,43.9,0,-58.3,0,257.2,0,-133.4,0,-160.6,0,-223.6,0,295.7,0,-165.5,0,184.2,0,-149.8,0
286,113.8,0,124.6,0,-33.7,0,-30.1,0,112,0,25,0,-118.2,0,124.1,0,-85.2,0,155.8,0,-208.2,0,-332.3,0,52.3,0,156.4,0,22.2,0,122.8,0,239.8,0,-119.3,0,-140.7,0,-125.2,0,346.7,0,-175.8,0,178.3,0,-177.9,0,27.8,0,-110.1,0,73,0,69,0,-146.7,0,32.7,0,-77.1,0,158.8,0,-120.7,0,203.1,0,-138.1,0,155.1,0,-201.4,0,-482.2,0,72.1,0,210.9,0,43.9,0,-58.3,0,257.2,0,-133.4,0,-160.6,0,-223.6,0,295.7,0,-165.5,0,184.2,0,-149.8,0,-8.7
287,0,124.6,0,-33.7,0,-30.1,0,112,0,25,0,-118.2,0,124.1,0,-85.2,0,155.8,0,-208.2,0,-332.3,0,52.3,0,156.4,0,22.2,0,122.8,0,239.8,0,-119.3,0,-140.7,0,-125.2,0,346.7,0,-175.8,0,178.3,0,-177.9,0,27.8,0,-110.1,0,73,0,69,0,-146.7,0,32.7,0,-77.1,0,158.8,0,-120.7,0,203.1,0,-138.1,0,155.1,0,-201.4,0,-482.2,0,72.1,0,210.9,0,43.9,0,-58.3,0,257.2,0,-133.4,0,-160.6,0,-223.6,0,295.7,0,-165.5,0,184.2,0,-149.8,0,-8.7,0
288,124.6,0,-33.7,0,-30.1,0,112,0,25,0,-118.2,0,124.1,0,-85.2,0,155.8,0,-208.2,0,-332.3,0,52.3,0,156.4,0,22.2,0,122.8,0,239.8,0,-119.3,0,-140.7,0,-125.2,0,346.7,0,-175.8,0,178.3,0,-177.9,0,27.8,0,-110.1,0,73,0,69,0,-146.7,0,32.7,0,-77.1,0,158.8,0,-120.7,0,203.1,0,-138.1,0,155.1,0,-201.4,0,-482.2,0,72.1,0,210.9,0,43.9,0,-58.3,0,257.2,0,-133.4,0,-160.6,0,-223.6,0,295.7,0,-165.5,0,184.2,0,-149.8,0,-8.7,0,-60.4
289,0,-33.7,0,-30.1,0,112,0,25,0,-118.2,0,124.1,0,-85.2,0,155.8,0,-208.2,0,-332.3,0,52.3,0,156.4,0,22.2,0,122.8,0,239.8,0,-119.3,0,-140.7,0,-125.2,0,346.7,0,-175.8,0,178.3,0,-177.9,0,27.8,0,-110.1,0,73,0,69,0,-146.7,0,32.7,0,-77.1,0,158.8,0,-120.7,0,203.1,0,-138.1,0,155.1,0,-201.4,0,-482.2,0,72.1,0,210.9,0,43.9,0,-58.3,0,257.2,0,-133.4,0,-160.6,0,-223.6,0,295.7,0,-165.5,0,184.2,0,-149.8,0,-8.7,0,-60.4,0
290,-33.7,0,-30.1,0,112,0,25,0,-118.2,0,124.1,0,-85.2,0,155.8,0,-208.2,0,-332.3,0,52.3,0,156.4,0,22.2,0,122.8,0,239.8,0,-119.3,0,-140.7,0,-125.2,0,346.7,0,-175.8,0,178.3,0,-177.9,0,27.8,0,-110.1,0,73,0,69,0,-146.7,0,32.7,0,-77.1,0,158.8,0,-120.7,0,203.1,0,-138.1,0,155.1,0,-201.4,0,-482.2,0,72.1,0,210.9,0,43.9,0,-58.3,0,257.2,0,-133.4,0,-160.6,0,-223.6,0,295.7,0,-165.5,0,184.2,0,-149.8,0,-8.7,0,-60.4,0,44.5
291,0,-30.1,0,112,0,25,0,-118.2,0,124.1,0,-85.2,0,155.8,0,-208.2,0,-332.3,0,52.3,0,156.4,0,22.2,0,122.8,0,239.8,0,-119.3,0,-140.7,0,-125.2,0,346.7,0,-175.8,0,178.3,0,-177.9,0,27.8,0,-110.1,0,73,0,69,0,-146.7,0,32.7,0,-77.1,0,158.8,0,-120.7,0,203.1,0,-138.1,0,155.1,0,-201.4,0,-482.2,0,72.1,0,210.9,0,43.9,0,-58.3,0,257.2,0,-133.4,0,-160.6,0,-223.6,0,295.7,0,-165.5,0,184.2,0,-149.8,0,-8.7,0,-60.4,0,44.5,0
292,-30.1,0,112,0,25,0,-118.2,0,124.1,0,-85.2,0,155.8,0,-208.2,0,-332.3,0,52.3,0,156.4,0,22.2,0,122.8,0,239.8,0,-119.3,0,-140.7,0,-125.2,0,346.7,0,-175.8,0,178.3,0,-177.9,0,27.8,0,-110.1,0,73,0,69,0,-146.7,0,32.7,0,-77.1,0,158.8,0,-120.7,0,203.1,0,-138.1,0,155.1,0,-201.4,0,-482.2,0,72.1,0,210.9,0,43.9,0,-58.3,0,257.2,0,-133.4,0,-160.6,0,-223.6,0,295.7,0,-165.5,0,184.2,0,-149.8,0,-8.7,0,-60.4,0,44.5,0,136.9
293,0,112,0,25,0,-118.2,0,124.1,0,-85.2,0,155.8,0,-208.2,0,-332.3,0,52.3,0,156.4,0,22.2,0,122.8,0,239.8,0,-119.3,0,-140.7,0,-125.2,0,346.7,0,-175.8,0,178.3,0,-177.9,0,27.8,0,-110.1,0,73,0,69,0,-146.7,0,32.7,0,-77.1,0,158.8,0,-120.7,0,203.1,0,-138.1,0,155.1,0,-201.4,0,-482.2,0,72.1,0,210.9,0,43.9,0,-58.3,0,257.2,0,-133.4,0,-160.6,0,-223.6,0,295.7,0,-165.5,0,184.2,0,-149.8,0,-8.7,0,-60.4,0,44.5,0,136.9,0
294,112,0,25,0,-118.2,0,124.1,0,-85.2,0,155.8,0,-208.2,0,-332.3,0,52.3,0,156.4,0,22.2,0,122.8,0,239.8,0,-119.3,0,-140.7,0,-125.2,0,346.7,0,-175.8,0,178.3,0,-177.9,0,27.8,0,-110.1,0,73,0,69,0,-146.7,0,32.7,0,-77.1,0,158.8,0,-120.7,0,203.1,0,-138.1,0,155.1,0,-201.4,0,-482.2,0,72.1,0,210.9,0,43.9,0,-58.3,0,257.2,0,-133.4,0,-160.6,0,-223.6,0,295.7,0,-165.5,0,184.2,0,-149.8,0,-8.7,0,-60.4,0,44.5,0,136.9,0,-186.1
295,0,25,0,-118.2,0,124.1,0,-85.2,0,155.8,0,-208.2,0,-332.3,0,52.3,0,156.4,0,22.2,0,122.8,0,239.8,0,-119.3,0,-140.7,0,-125.2,0,346.7,0,-175.8,0,178.3,0,-177.9,0,27.8,0,-110.1,0,73,0,69,0,-146.7,0,32.7,0,-77.1,0,158.8,0,-120.7,0,203.1,0,-138.1,0,155.1,0,-201.4,0,-482.2,0,72.1,0,210.9,0,43.9,0,-58.3,0,257.2,0,-133.4,0,-160.6,0,-223.6,0,295.7,0,-165.5,0,184.2,0,-149.8,0,-8.7,0,-60.4,0,44.5,0,136.9,0,-186.1,0
296,25,0,-118.2,0,124.1,0,-85.2,0,155.8,0,-208.2,0,-332.3,0,52.3,0,156.4,0,22.2,0,122.8,0,239.8,0,-119.3,0,-140.7,0,-125.2,0,346.7,0,-175.8,0,178.3,0,-177.9,0,27.8,0,-110.1,0,73,0,69,0,-146.7,0,32.7,0,-77.1,0,158.8,0,-120.7,0,203.1,0,-138.1,0,155.1,0,-201.4,0,-482.2,0,72.1,0,210.9,0,43.9,0,-58.3,0,257.2,0,-133.4,0,-160.6,0,-223.6,0,295.7,0,-165.5,0,184.2,0,-149.8,0,-8.7,0,-60.4,0,44.5,0,136.9,0,-186.1,0,96.7
297,0,-118.2,0,124.1,0,-85.2,0,155.8,0,-208.2,0,-332.3,0,52.3,0,156.4,0,22.2,0,122.8,0,239.8,0,-119.3,0,-140.7,0,-125.2,0,346.7,0,-175.8,0,178.3,0,-177.9,0,27.8,0,-110.1,0,73,0,69,0,-146.7,0,32.7,0,-77.1,0,158.8,0,-120.7,0,203.1,0,-138.1,0,155.1,0,-201.4,0,-482.2,0,72.1,0,210.9,0,43.9,0,-58.3,0,257.2,0,-133.4,0,-160.6,0,-223.6,0,295.7,0,-165.5,0,184.2,0,-149.8,0,-8.7,0,-60.4,0,44.5,0,136.9,0,-186.1,0,96.7,0
298,-118.2,0,124.1,0,-85.2,0,155.8,0,-208.2,0,-332.3,0,52.3,0,156.4,0,22.2,0,122.8,0,239.8,0,-119.3,0,-140.7,0,-125.2,0,346.7,0,-175.8,0,178.3,0,-177.9,0,27.8,0,-110.1,0,73,0,69,0,-146.7,0,32.7,0,-77.1,0,158.8,0,-120.7,0,203.1,0,-138.1,0,155.1,0,-201.4,0,-482.2,0,72.1,0,210.9,0,43.9,0,-58.3,0,257.2,0,-133.4,0,-160.6,0,-223.6,0,295.7,0,-165.5,0,184.2,0,-149.8,0,-8.7,0,-60.4,0,44.5,0,136.9,0,-186.1,0,96.7,0,-101.8
299,0,124.1,0,-85.2,0,155.8,0,-208.2,0,-332.3,0,52.3,0,156.4,0,22.2,0,122.8,0,239.8,0,-119.3,0,-140.7,0,-125.2,0,346.7,0,-175.8,0,178.3,0,-177.9,0,27.8,0,-110.1,0,73,0,69,0,-146.7,0,32.7,0,-77.1,0,158.8,0,-120.7,0,203.1,0,-138.1,0,155.1,0,-201.4,0,-482.2,0,72.1,0,210.9,0,43.9,0,-58.3,0,257.2,0,-133.4,0,-160.6,0,-223.6,0,295.7,0,-165.5,0,184.2,0,-149.8,0,-8.7,0,-60.4,0,44.5,0,136.9,0,-186.1,0,96.7,0,-101.8,0
300,124.1,0,-85.2,0,155.8,0,-208.2,0,-332.3,0,52.3,0,156.4,0,22.2,0,122.8,0,239.8,0,-119.3,0,-140.7,0,-125.2,0,346.7,0,-175.8,0,178.3,0,-177.9,0,27.8,0,-110.1,0,73,0,69,0,-146.7,0,32.7,0,-77.1,0,158.8,0,-120.7,0,203.1,0,-138.1,0,155.1,0,-201.4,0,-482.2,0,72.1,0,210.9,0,43.9,0,-58.3,0,257.2,0,-133.4,0,-160.6,0,-223.6,0,295.7,0,-165.5,0,184.2,0,-149.8,0,-8.7,0,-60.4,0,44.5,0,136.9,0,-186.1,0,96.7,0,-101.8,0,193.2
301,0,-85.2,0,155.8,0,-208.2,0,-332.3,0,52.3,0,156.4,0,22.2,0,122.8,0,239.8,0,-119.3,0,-140.7,0,-125.2,0,346.7,0,-175.8,0,178.3,0,-177.9,0,27.8,0,-110.1,0,73,0,69,0,-146.7,0,32.7,0,-77.1,0,158.8,0,-120.7,0,203.1,0,-138.1,0,155.1,0,-201.4,0,-482.2,0,72.1,0,210.9,0,43.9,0,-58.3,0,257.2,0,-133.4,0,-160.6,0,-223.6,0,295.7,0,-165.5,0,184.2,0,-149.8,0,-8.7,0,-60.4,0,44.5,0,136.9,0,-186.1,0,96.7,0,-101.8,0,193.2,0
302,-85.2,0,155.8,0,-208.2,0,-332.3,0,52.3,0,156.4,0,22.2,0,122.8,0,239.8,0,-119.3,0,-140.7,0,-125.2,0,346.7,0,-175.8,0,178.3,0,-177.9,0,27.8,0,-110.1,0,73,0,69,0,-146.7,0,32.7,0,-77.1,0,158.8,0,-120.7,0,203.1,0,-138.1,0,155.1,0,-201.4,0,-482.2,0,72.1,0,210.9,0,43.9,0,-58.3,0,257.2,0,-133.4,0,-160.6,0,-223.6,0,295.7,0,-165.5,0,184.2,0,-149.8,0,-8.7,0,-60.4,0,44.5,0,136.9,0,-186.1,0,96.7,0,-101.8,0,193.2,0,-118.6
303,0,155.8,0,-208.2,0,-332.3,0,52.3,0,156.4,0,22.2,0,122.8,0,239.8,0,-119.3,0,-140.7,0,-125.2,0,346.7,0,-175.8,0,178.3,0,-177.9,0,27.8,0,-110.1,0,73,0,69,0,-146.7,0,32.7,0,-77.1,0,158.8,0,-120.7,0,203.1,0,-138.1,0,155.1,0,-201.4,0,-482.2,0,72.1,0,210.9,0,43.9,0,-58.3,0,257.2,0,-133.4,0,-160.6,0,-223.6,0,295.7,0,-165.5,0,184.2,0,-149.8,0,-8.7,0,-60.4,0,44.5,0,136.9,0,-186.1,0,96.7,0,-101.8,0,193.2,0,-118.6,0
304,155.8,0,-208.2,0,-332.3,0,52.3,0,156.4,0,22.2,0,122.8,0,239.8,0,-119.3,0,-140.7,0,-125.2,0,346.7,0,-175.8,0,178.3,0,-177.9,0,27.8,0,-110.1,0,73,0,69,0,-146.7,0,32.7,0,-77.1,0,158.8,0,-120.7,0,203.1,0,-138.1,0,155.1,0,-201.4,0,-482.2,0,72.1,0,210.9,0,43.9,0,-58.3,0,257.2,0,-133.4,0,-160.6,0,-223.6,0,295.7,0,-165.5,0,184.2,0,-149.8,0,-8.7,0,-60.4,0,44.5,0,136.9,0,-186.1,0,96.7,0,-101.8,0,193.2,0,-118.6,0,224.7
305,0,-208.2,0,-332.3,0,52.3,0,156.4,0,22.2,0,122.8,0,239.8,0,-119.3,0,-140.7,0,-125.2,0,346.7,0,-175.8,0,178.3,0,-177.9,0,27.8,0,-110.1,0,73,0,69,0,-146.7,0,32.7,0,-77.1,0,158.8,0,-120.7,0,203.1,0,-138.1,0,155.1,0,-201.4,0,-482.2,0,72.1,0,210.9,0,43.9,0,-58.3,0,257.2,0,-133.4,0,-160.6,0,-223.6,0,295.7,0,-165.5,0,184.2,0,-149.8,0,-8.7,0,-60.4,0,44.5,0,136.9,0,-186.1,0,96.7,0,-101.8,0,193.2,0,-118.6,0,224.7,0
306,-208.2,0,-332.3,0,52.3,0,156.4,0,22.2,0,122.8,0,239.8,0,-119.3,0,-140.7,0,-125.2,0,346.7,0,-175.8,0,178.3,0,-177.9,0,27.8,0,-110.1,0,73,0,69,0,-146.7,0,32.7,0,-77.1,0,158.8,0,-120.7,0,203.1,0,-138.1,0,155.1,0,-201.4,0,-482.2,0,72.1,0,210.9,0,43.9,0,-58.3,0,257.2,0,-133.4,0,-160.6,0,-223.6,0,295.7,0,-165.5,0,184.2,0,-149.8,0,-8.7,0,-60.4,0,44.5,0,136.9,0,-186.1,0,96.7,0,-101.8,0,193.2,0,-118.6,0,224.7,0,-58.3
307,0,-332.3,0,52.3,0,156.4,0,22.2,0,122.8,0,239.8,0,-119.3,0,-140.7,0,-125.2,0,346.7,0,-175.8,0,178.3,0,-177.9,0,27.8,0,-110.1,0,73,0,69,0,-146.7,0,32.7,0,-77.1,0,158.8,0,-120.7,0,203.1,0,-138.1,0,155.1,0,-201.4,0,-482.2,0,72.1,0,210.9,0,43.9,0,-58.3,0,257.2,0,-133.4,0,-160.6,0,-223.6,0,295.7,0,-165.5,0,184.2,0,-149.8,0,-8.7,0,-60.4,0,44.5,0,136.9,0,-186.1,0,96.7,0,-101.8,0,193.2,0,-118.6,0,224.7,0,-58.3,0
308,-332.3,0,52.3,0,156.4,0,22.2,0,122.8,0,239.8,0,-119.3,0,-140.7,0,-125.2,0,346.7,0,-175.8,0,178.3,0,-177.9,0,27.8,0,-110.1,0,73,0,69,0,-146.7,0,32.7,0,-77.1,0,158.8,0,-120.7,0,203.1,0,-138.1,0,155.1,0,-201.4,0,-482.2,0,72.1,0,210.9,0,43.9,0,-58.3,0,257.2,0,-133.4,0,-160.6,0,-223.6,0,295.7,0,-165.5,0,184.2,0,-149.8,0,-8.7,0,-60.4,0,44.5,0,136.9,0,-186.1,0,96.7,0,-101.8,0,193.2,0,-118.6,0,224.7,0,-58.3,0,145.4
309,0,52.3,0,156.4,0,22.2,0,122.8,0,239.8,0,-119.3,0,-140.7,0,-125.2,0,346.7,0,-175.8,0,178.3,0,-177.9,0,27.8,0,-110.1,0,73,0,69,0,-146.7,0,32.7,0,-77.1,0,158.8,0,-120.7,0,203.1,0,-138.1,0,155.1,0,-201.4,0,-482.2,0,72.1,0,210.9,0,43.9,0,-58.3,0,257.2,0,-133.4,0,-160.6,0,-223.6,0,295.7,0,-165.5,0,184.2,0,-149.8,0,-8.7,0,-60.4,0,44.5,0,136.9,0,-186.1,0,96.7,0,-101.8,0,193.2,0,-118.6,0,224.7,0,-58.3,0,145.4,0
310,52.3,0,156.4,0,22.2,0,122.8,0,239.8,0,-119.3,0,-140.7,0,-125.2,0,346.7,0,-175.8,0,178.3,0,-177.9,0,27.8,0,-110.1,0,73,0,69,0,-146.7,0,32.7,0,-77.1,0,158.8,0,-120.7,0,203.1,0,-138.1,0,155.1,0,-201.4,0,-482.2,0,72.1,0,210.9,0,43.9,0,-58.3,0,257.2,0,-133.4,0,-160.6,0,-223.6,0,295.7,0,-165.5,0,184.2,0,-149.8,0,-8.7,0,-60.4,0,44.5,0,136.9,0,-186.1,0,96.7,0,-101.8,0,193.2,0,-118.6,0,224.7,0,-58.3,0,145.4,0,-189.2
311,0,156.4,0,22.2,0,122.8,0,239.8,0,-119.3,0,-140.7,0,-125.2,0,346.7,0,-175.8,0,178.3,0,-177.9,0,27.8,0,-110.1,0,73,0,69,0,-146.7,0,32.7,0,-77.1,0,158.8,0,-120.7,0,203.1,0,-138.1,0,155.1,0,-201.4,0,-482.2,0,72.1,0,210.9,0,43.9,0,-58.3,0,257.2,0,-133.4,0,-160.6,0,-223.6,0,295.7,0,-165.5,0,184.2,0,-149.8,0,-8.7,0,-60.4,0,44.5,0,136.9,0,-186.1,0,96.7,0,-101.8,0,193.2,0,-118.6,0,224.7,0,-58.3,0,145.4,0,-189.2,0
312,156.4,0,22.2,0,122.8,0,239.8,0,-119.3,0,-140.7,0,-125.2,0,346.7,0,-175.8,0,178.3,0,-177.9,0,27.8,0,-110.1,0,73,0,69,0,-146.7,0,32.7,0,-77.1,0,158.8,0,-120.7,0,203.1,0,-138.1,0,155.1,0,-201.4,0,-482.2,0,72.1,0,210.9,0,43.9,0,-58.3,0,257.2,0,-133.4,0,-160.6,0,-223.6,0,295.7,0,-165.5,0,184.2,0,-149.8,0,-8.7,0,-60.4,0,44.5,0,136.9,0,-186.1,0,96.7,0,-101.8,0,193.2,0,-118.6,0,224.7,0,-58.3,0,145.4,0,-189.2,0,-501.2
313,0,22.2,0,122.8,0,239.8,0,-119.3,0,-140.7,0,-125.2,0,346.7,0,-175.8,0,178.3,0,-177.9,0,27.8,0,-110.1,0,73,0,69,0,-146.7,0,32.7,0,-77.1,0,158.8,0,-120.7,0,203.1,0,-138.1,0,155.1,0,-201.4,0,-482.2,0,72.1,0,210.9,0,43.9,0,-58.3,0,257.2,0,-133.4,0,-160.6,0,-223.6,0,295.7,0,-165.5,0,184.2,0,-149.8,0,-8.7,0,-60.4,0,44.5,0,136.9,0,-186.1,0,96.7,0,-101.8,0,193.2,0,-118.6,0,224.7,0,-58.3,0,145.4,0,-189.2,0,-501.2,0
314,22.2,0,122.8,0,239.8,0,-119.3,0,-140.7,0,-125.2,0,346.7,0,-175.8,0,178.3,0,-177.9,0,27.8,0,-110.1,0,73,0,69,0,-146.7,0,32.7,0,-77.1,0,158.8,0,-120.7,0,203.1,0,-138.1,0,155.1,0,-201.4,0,-482.2,0,72.1,0,210.9,0,43.9,0,-58.3,0,257.2,0,-133.4,0,-160.6,0,-223.6,0,295.7,0,-165.5,0,184.2,0,-149.8,0,-8.7,0,-60.4,0,44.5,0,136.9,0,-186.1,0,96.7,0,-101.8,0,193.2,0,-118.6,0,224.7,0,-58.3,0,145.4,0,-189.2,0,-501.2,0,101.2
315,0,122.8,0,239.8,0,-119.3,0,-140.7,0,-125.2,0,346.7,0,-175.8,0,178.3,0,-177.9,0,27.8,0,-110.1,0,73,0,69,0,-146.7,0,32.7,0,-77.1,0,158.8,0,-120.7,0,203.1,0,-138.1,0,155.1,0,-201.4,0,-482.2,0,72.1,0,210.9,0,43.9,0,-58.3,0,257.2,0,-133.4,0,-160.6,0,-223.6,0,295.7,0,-165.5,0,184.2,0,-149.8,0,-8.7,0,-60.4,0,44.5,0,136.9,0,-186.1,0,96.7,0,-101.8,0,193.2,0,-118.6,0,224.7,0,-58.3,0,145.4,0,-189.2,0,-501.2,0,101.2,0
316,122.8,0,239.8,0,-119.3,0,-140.7,0,-125.2,0,346.7,0,-175.8,0,178.3,0,-177.9,0,27.8,0,-110.1,0,73,0,69,0,-146.7,0,32.7,0,-77.1,0,158.8,0,-120.7,0,203.1,0,-138.1,0,155.1,0,-201.4,0,-482.2,0,72.1,0,210.9,0,43.9,0,-58.3,0,257.2,0,-133.4,0,-160.6,0,-223.6,0,295.7,0,-165.5,0,184.2,0,-149.8,0,-8.7,0,-60.4,0,44.5,0,136.9,0,-186.1,0,96.7,0,-101.8,0,193.2,0,-118.6,0,224.7,0,-58.3,0,145.4,0,-189.2,0,-501.2,0,101.2,0,232.1
317,0,239.8,0,-119.3,0,-140.7,0,-125.2,0,346.7,0,-175.8,0,178.3,0,-177.9,0,27.8,0,-110.1,0,73,0,69,0,-146.7,0,32.7,0,-77.1,0,158.8,0,-120.7,0,203.1,0,-138.1,0,155.1,0,-201.4,0,-482.2,0,72.1,0,210.9,0,43.9,0,-58.3,0,257.2,0,-133.4,0,-160.6,0,-223.6,0,295.7,0,-165.5,0,184.2,0,-149.8,0,-8.7,0,-60.4,0,44.5,0,136.9,0,-186.1,0,96.7,0,-101.8,0,193.2,0,-118.6,0,224.7,0,-58.3,0,145.4,0,-189.2,0,-501.2,0,101.2,0,232.1,0
318,239.8,0,-119.3,0,-140.7,0,-125.2,0,346.7,0,-175.8,0,178.3,0,-177.9,0,27.8,0,-110.1,0,73,0,69,0,-146.7,0,32.7,0,-77.1,0,158.8,0,-120.7,0,203.1,0,-138.1,0,155.1,0,-201.4,0,-482.2,0,72.1,0,210.9,0,43.9,0,-58.3,0,257.2,0,-133.4,0,-160.6,0,-223.6,0,295.7,0,-165.5,0,184.2,0,-149.8,0,-8.7,0,-60.4,0,44.5,0,136.9,0,-186.1,0,96.7,0,-101.8,0,193.2,0,-118.6,0,224.7,0,-58.3,0,145.4,0,-189.2,0,-501.2,0,101.2,0,232.1,0,108.4
319,0,-119.3,0,-140.7,0,-125.2,0,346.7,0,-175.8,0,178.3,0,-177.9,0,27.8,0,-110.1,0,73,0,69,0,-146.7,0,32.7,0,-77.1,0,158.8,0,-120.7,0,203.1,0,-138.1,0,155.1,0,-201.4,0,-482.2,0,72.1,0,210.9,0,43.9,0,-58.3,0,257.2,0,-133.4,0,-160.6,0,-223.6,0,295.7,0,-165.5,0,184.2,0,-149.8,0,-8.7,0,-60.4,0,44.5,0,136.9,0,-186.1,0,96.7,0,-101.8,0,193.2,0,-118.6,0,224.7,0,-58.3,0,145.4,0,-189.2,0,-501.2,0,101.2,0,232.1,0,108.4,0
320,-119.3,0,-140.7,0,-125.2,0,346.7,0,-175.8,0,178.3,0,-177.9,0,27.8,0,-110.1,0,73,0,69,0,-146.7,0,32.7,0,-77.1,0,158.8,0,-120.7,0,203.1,0,-138.1,0,155.1,0,-201.4,0,-482.2,0,72.1,0,210.9,0,43.9,0,-58.3,0,257.2,0,-133.4,0,-160.6,0,-223.6,0,295.7,0,-165.5,0,184.2,0,-149.8,0,-8.7,0,-60.4,0,44.5,0,136.9,0,-186.1,0,96.7,0,-101.8,0,193.2,0,-118.6,0,224.7,0,-58.3,0,145.4,0,-189.2,0,-501.2,0,101.2,0,232.1,0,108.4,0,-65.3
321,0,-140.7,0,-125.2,0,346.7,0,-175.8,0,178.3,0,-177.9,0,27.8,0,-110.1,0,73,0,69,0,-146.7,0,32.7,0,-77.1,0,158.8,0,-120.7,0,203.1,0,-138.1,0,155.1,0,-201.4,0,-482.2,0,72.1,0,210.9,0,43.9,0,-58.3,0,257.2,0,-133.4,0,-160.6,0,-223.6,0,295.7,0,-165.5,0,184.2,0,-149.8,0,-8.7,0,-60.4,0,44.5,0,136.9,0,-186.1,0,96.7,0,-101.8,0,193.2,0,-118.6,0,224.7,0,-58.3,0,145.4,0,-189.2,0,-501.2,0,101.2,0,232.1,0,108.4,0,-65.3,0
322,-140.7,0,-125.2,0,346.7,0,-175.8,0,178.3,0,-177.9,0,27.8,0,-110.1,0,73,0,69,0,-146.7,0,32.7,0,-77.1,0,158.8,0,-120.7,0,203.1,0,-138.1,0,155.1,0,-201.4,0,-482.2,0,72.1,0,210.9,0,43.9,0,-58.3,0,257.2,0,-133.4,0,-160.6,0,-223.6,0,295.7,0,-165.5,0,184.2,0,-149.8,0,-8.7,0,-60.4,0,44.5,0,136.9,0,-186.1,0,96.7,0,-101.8,0,193.2,0,-118.6,0,224.7,0,-58.3,0,145.4,0,-189.2,0,-501.2,0,101.2,0,232.1,0,108.4,0,-65.3,0,344.6
323,0,-125.2,0,346.7,0,-175.8,0,178.3,0,-177.9,0,27.8,0,-110.1,0,73,0,69,0,-146.7,0,32.7,0,-77.1,0,158.8,0,-120.7,0,203.1,0,-138.1,0,155.1,0,-201.4,0,-482.2,0,72.1,0,210.9,0,43.9,0,-58.3,0,257.2,0,-133.4,0,-160.6,0,-223.6,0,295.7,0,-165.5,0,184.2,0,-149.8,0,-8.7,0,-60.4,0,44.5,0,136.9,0,-186.1,0,96.7,0,-101.8,0,193.2,0,-118.6,0,224.7,0,-58.3,0,145.4,0,-189.2,0,-501.2,0,101.2,0,232.1,0,108.4,0,-65.3,0,344.6,0
324,-125.2,0,346.7,0,-175.8,0,178.3,0,-177.9,0,27.8,0,-110.1,0,73,0,69,0,-146.7,0,32.7,0,-77.1,0,158.8,0,-120.7,0,203.1,0,-138.1,0,155.1,0,-201.4,0,-482.2,0,72.1,0,210.9,0,43.9,0,-58.3,0,257.2,0,-133.4,0,-160.6,0,-223.6,0,295.7,0,-165.5,0,184.2,0,-149.8,0,-8.7,0,-60.4,0,44.5,0,136.9,0,-186.1,0,96.7,0,-101.8,0,193.2,0,-118.6,0,224.7,0,-58.3,0,145.4,0,-189.2,0,-501.2,0,101.2,0,232.1,0,108.4,0,-65.3,0,344.6,0,-198.6
325,0,346.7,0,-175.8,0,178.3,0,-177.9,0,27.8,0,-110.1,0,73,0,69,0,-146.7,0,32.7,0,-77.1,0,158.8,0,-120.7,0,203.1,0,-138.1,0,155.1,0,-201.4,0,-482.2,0,72.1,0,210.9,0,43.9,0,-58.3,0,257.2,0,-133.4,0,-160.6,0,-223.6,0,295.7,0,-165.5,0,184.2,0,-149.8,0,-8.7,0,-60.4,0,44.5,0,136.9,0,-186.1,0,96.7,0,-101.8,0,193.2,0,-118.6,0,224.7,0,-58.3,0,145.4,0,-189.2,0,-501.2,0,101.2,0,232.1,0,108.4,0,-65.3,0,344.6,0,-198.6,0
326,346.7,0,-175.8,0,178.3,0,-177.9,0,27.8,0,-110.1,0,73,0,69,0,-146.7,0,32.7,0,-77.1,0,158.8,0,-120.7,0,203.1,0,-138.1,0,155.1,0,-201.4,0,-482.2,0,72.1,0,210.9,0,43.9,0,-58.3,0,257.2,0,-133.4,0,-160.6,0,-223.6,0,295.7,0,-165.5,0,184.2,0,-149.8,0,-8.7,0,-60.4,0,44.5,0,136.9,0,-186.1,0,96.7,0,-101.8,0,193.2,0,-118.6,0,224.7,0,-58.3,0,145.4,0,-189.2,0,-501.2,0,101.2,0,232.1,0,108.4,0,-65.3,0,344.6,0,-198.6,0,-83.1
327,0,-175.8,0,178.3,0,-177.9,0,27.8,0,-110.1,0,73,0,69,0,-146.7,0,32.7,0,-77.1,0,158.8,0,-120.7,0,203.1,0,-138.1,0,155.1,0,-201.4,0,-482.2,0,72.1,0,210.9,0,43.9,0,-58.3,0,257.2,0,-133.4,0,-160.6,0,-223.6,0,295.7,0,-165.5,0,184.2,0,-149.8,0,-8.7,0,-60.4,0,44.5,0,136.9,0,-186.1,0,96.7,0,-101.8,0,193.2,0,-118.6,0,224.7,0,-58.3,0,145.4,0,-189.2,0,-501.2,0,101.2,0,232.1,0,108.4,0,-65.3,0,344.6,0,-198.6,0,-83.1,0
328,-175.8,0,178.3,0,-177.9,0,27.8,0,-110.1,0,73,0,69,0,-146.7,0,32.7,0,-77.1,0,158.8,0,-120.7,0,203.1,0,-138.1,0,155.1,0,-201.4,0,-482.2,0,72.1,0,210.9,0,43.9,0,-58.3,0,257.2,0,-133.4,0,-160.6,0,-223.6,0,295.7,0,-165.5,0,184.2,0,-149.8,0,-8.7,0,-60.4,0,44.5,0,136.9,0,-186.1,0,96.7,0,-101.8,0,193.2,0,-118.6,0,224.7,0,-58.3,0,145.4,0,-189.2,0,-501.2,0,101.2,0,232.1,0,108.4,0,-65.3,0,344.6,0,-198.6,0,-83.1,0,-266.5
329,0,178.3,0,-177.9,0,27.8,0,-110.1,0,73,0,69,0,-146.7,0,32.7,0,-77.1,0,158.8,0,-120.7,0,203.1,0,-138.1,0,155.1,0,-201.4,0,-482.2,0,72.1,0,210.9,0,43.9,0,-58.3,0,257.2,0,-133.4,0,-160.6,0,-223.6,0,295.7,0,-165.5,0,184.2,0,-149.8,0,-8.7,0,-60.4,0,44.5,0,136.9,0,-186.1,0,96.7,0,-101.8,0,193.2,0,-118.6,0,224.7,0,-58.3,0,145.4,0,-189.2,0,-501.2,0,101.2,0,232.1,0,108.4,0,-65.3,0,344.6,0,-198.6,0,-83.1,0,-266.5,0
330,178.3,0,-177.9,0,27.8,0,-110.1,0,73,0,69,0,-146.7,0,32.7,0,-77.1,0,158.8,0,-120.7,0,203.1,0,-138.1,0,155.1,0,-201.4,0,-482.2,0,72.1,0,210.9,0,43.9,0,-58.3,0,257.2,0,-133.4,0,-160.6,0,-223.6,0,295.7,0,-165.5,0,184.2,0,-149.8,0,-8.7,0,-60.4,0,44.5,0,136.9,0,-186.1,0,96.7,0,-101.8,0,193.2,0,-118.6,0,224.7,0,-58.3,0,145.4,0,-189.2,0,-501.2,0,101.2,0,232.1,0,108.4,0,-65.3,0,344.6,0,-198.6,0,-83.1,0,-266.5,0,362.1
331,0,-177.9,0,27.8,0,-110.1,0,73,0,69,0,-146.7,0,32.7,0,-77.1,0,158.8,0,-120.7,0,203.1,0,-138.1,0,155.1,0,-201.4,0,-482.2,0,72.1,0,210.9,0,43.9,0,-58.3,0,257.2,0,-133.4,0,-160.6,0,-223.6,0,295.7,0,-165.5,0,184.2,0,-149.8,0,-8.7,0,-60.4,0,44.5,0,136.9,0,-186.1,0,96.7,0,-101.8,0,193.2,0,-118.6,0,224.7,0,-58.3,0,145.4,0,-189.2,0,-501.2,0,101.2,0,232.1,0,108.4,0,-65.3,0,344.6,0,-198.6,0,-83.1,0,-266.5,0,362.1,0
332,-177.9,0,27.8,0,-110.1,0,73,0,69,0,-146.7,0,32.7,0,-77.1,0,158.8,0,-120.7,0,203.1,0,-138.1,0,155.1,0,-201.4,0,-482.2,0,72.1,0,210.9,0,43.9,0,-58.3,0,257.2,0,-133.4,0,-160.6,0,-223.6,0,295.7,0,-165.5,0,184.2,0,-149.8,0,-8.7,0,-60.4,0,44.5,0,136.9,0,-186.1,0,96.7,0,-101.8,0,193.2,0,-118.6,0,224.7,0,-58.3,0,145.4,0,-189.2,0,-501.2,0,101.2,0,232.1,0,108.4,0,-65.3,0,344.6,0,-198.6,0,-83.1,0,-266.5,0,362.1,0,-152.1
333,0,27.8,0,-110.1,0,73,0,69,0,-146.7,0,32.7,0,-77.1,0,158.8,0,-120.7,0,203.1,0,-138.1,0,155.1,0,-201.4,0,-482.2,0,72.1,0,210.9,0,43.9,0,-58.3,0,257.2,0,-133.4,0,-160.6,0,-223.6,0,295.7,0,-165.5,0,184.2,0,-149.8,0,-8.7,0,-60.4,0,44.5,0,136.9,0,-186.1,0,96.7,0,-101.8,0,193.2,0,-118.6,0,224.7,0,-58.3,0,145.4,0,-189.2,0,-501.2,0,101.2,0,232.1,0,108.4,0,-65.3,0,344.6,0,-198.6,0,-83.1,0,-266.5,0,362.1,0,-152.1,0
334,27.8,0,-110.1,0,73,0,69,0,-146.7,0,32.7,0,-77.1,0,158.8,0,-120.7,0,203.1,0,-138.1,0,155.1,0,-201.4,0,-482.2,0,72.1,0,210.9,0,43.9,0,-58.3,0,257.2,0,-133.4,0,-160.6,0,-223.6,0,295.7,0,-165.5,0,184.2,0,-149.8,0,-8.7,0,-60.4,0,44.5,0,136.9,0,-186.1,0,96.7,0,-101.8,0,193.2,0,-118.6,0,224.7,0,-58.3,0,145.4,0,-189.2,0,-501.2,0,101.2,0,232.1,0,108.4,0,-65.3,0,344.6,0,-198.6,0,-83.1,0,-266.5,0,362.1,0,-152.1,0,67.6
335,0,-110.1,0,73,0,69,0,-146.7,0,32.7,0,-77.1,0,158.8,0,-120.7,0,203.1,0,-138.1,0,155.1,0,-201.4,0,-482.2,0,72.1,0,210.9,0,43.9,0,-58.3,0,257.2,0,-133.4,0,-160.6,0,-223.6,0,295.7,0,-165.5,0,184.2,0,-149.8,0,-8.7,0,-60.4,0,44.5,0,136.9,0,-186.1,0,96.7,0,-101.8,0,193.2,0,-118.6,0,224.7,0,-58.3,0,145.4,0,-189.2,0,-501.2,0,101.2,0,232.1,0,108.4,0,-65.3,0,344.6,0,-198.6,0,-83.1,0,-266.5,0,362.1,0,-152.1,0,67.6,0
336,-110.1,0,73,0,69,0,-146.7,0,32.7,0,-77.1,0,158.8,0,-120.7,0,203.1,0,-138.1,0,155.1,0,-201.4,0,-482.2,0,72.1,0,210.9,0,43.9,0,-58.3,0,257.2,0,-133.4,0,-160.6,0,-223.6,0,295.7,0,-165.5,0,184.2,0,-149.8,0,-8.7,0,-60.4,0,44.5,0,136.9,0,-186.1,0,96.7,0,-101.8,0,193.2,0,-118.6,0,224.7,0,-58.3,0,145.4,0,-189.2,0,-501.2,0,101.2,0,232.1,0,108.4,0,-65.3,0,344.6,0,-198.6,0,-83.1,0,-266.5,0,362.1,0,-152.1,0,67.6,0,-155.2
337,0,73,0,69,0,-146.7,0,32.7,0,-77.1,0,158.8,0,-120.7,0,203.1,0,-138.1,0,155.1,0,-201.4,0,-482.2,0,72.1,0,210.9,0,43.9,0,-58.3,0,257.2,0,-133.4,0,-160.6,0,-223.6,0,295.7,0,-165.5,0,184.2,0,-149.8,0,-8.7,0,-60.4,0,44.5,0,136.9,0,-186.1,0,96.7,0,-101.8,0,193.2,0,-118.6,0,224.7,0,-58.3,0,145.4,0,-189.2,0,-501.2,0,101.2,0,232.1,0,108.4,0,-65.3,0,344.6,0,-198.6,0,-83.1,0,-266.5,0,362.1,0,-152.1,0,67.6,0,-155.2,0
338,73,0,69,0,-146.7,0,32.7,0,-77.1,0,158.8,0,-120.7,0,203.1,0,-138.1,0,155.1,0,-201.4,0,-482.2,0,72.1,0,210.9,0,43.9,0,-58.3,0,257.2,0,-133.4,0,-160.6,0,-223.6,0,295.7,0,-165.5,0,184.2,0,-149.8,0,-8.7,0,-60.4,0,44.5,0,136.9,0,-186.1,0,96.7,0,-101.8,0,193.2,0,-118.6,0,224.7,0,-58.3,0,145.4,0,-189.2,0,-501.2,0,101.2,0,232.1,0,108.4,0,-65.3,0,344.6,0,-198.6,0,-83.1,0,-266.5,0,362.1,0,-152.1,0,67.6,0,-155.2,0,9.6
339,0,69,0,-146.7,0,32.7,0,-77.1,0,158.8,0,-120.7,0,203.1,0,-138.1,0,155.1,0,-201.4,0,-482.2,0,72.1,0,210.9,0,43.9,0,-58.3,0,257.2,0,-133.4,0,-160.6,0,-223.6,0,295.7,0,-165.5,0,184.2,0,-149.8,0,-8.7,0,-60.4,0,44.5,0,136.9,0,-186.1,0,96.7,0,-101.8,0,193.2,0,-118.6,0,224.7,0,-58.3,0,145.4,0,-189.2,0,-501.2,0,101.2,0,232.1,0,108.4,0,-65.3,0,344.6,0,-198.6,0,-83.1,0,-266.5,0,362.1,0,-152.1,0,67.6,0,-155.2,0,9.6,0
340,69,0,-146.7,0,32.7,0,-77.1,0,158.8,0,-120.7,0,203.1,0,-138.1,0,155.1,0,-201.4,0,-482.2,0,72.1,0,210.9,0,43.9,0,-58.3,0,257.2,0,-133.4,0,-160.6,0,-223.6,0,295.7,0,-165.5,0,184.2,0,-149.8,0,-8.7,0,-60.4,0,44.5,0,136.9,0,-186.1,0,96.7,0,-101.8,0,193.2,0,-118.6,0,224.7,0,-58.3,0,145.4,0,-189.2,0,-501.2,0,101.2,0,232.1,0,108.4,0,-65.3,0,344.6,0,-198.6,0,-83.1,0,-266.5,0,362.1,0,-152.1,0,67.6,0,-155.2,0,9.6,0,-6.7
341,0,-146.7,0,32.7,0,-77.1,0,158.8,0,-120.7,0,203.1,0,-138.1,0,155.1,0,-201.4,0,-482.2,0,72.1,0,210.9,0,43.9,0,-58.3,0,257.2,0,-133.4,0,-160.6,0,-223.6,0,295.7,0,-165.5,0,184.2,0,-149.8,0,-8.7,0,-60.4,0,44.5,0,136.9,0,-186.1,0,96.7,0,-101.8,0,193.2,0,-118.6,0,224.7,0,-58.3,0,145.4,0,-189.2,0,-501.2,0,101.2,0,232.1,0,108.4,0,-65.3,0,344.6,0,-198.6,0,-83.1,0,-266.5,0,362.1,0,-152.1,0,67.6,0,-155.2,0,9.6,0,-6.7,0
342,-146.7,0,32.7,0,-77.1,0,158.8,0,-120.7,0,203.1,0,-138.1,0,155.1,0,-201.4,0,-482.2,0,72.1,0,210.9,0,43.9,0,-58.3,0,257.2,0,-133.4,0,-160.6,0,-223.6,0,295.7,0,-165.5,0,184.2,0,-149.8,0,-8.7,0,-60.4,0,44.5,0,136.9,0,-186.1,0,96.7,0,-101.8,0,193.2,0,-118.6,0,224.7,0,-58.3,0,145.4,0,-189.2,0,-501.2,0,101.2,0,232.1,0,108.4,0,-65.3,0,344.6,0,-198.6,0,-83.1,0,-266.5,0,362.1,0,-152.1,0,67.6,0,-155.2,0,9.6,0,-6.7,0,3.1
343,0,32.7,0,-77.1,0,158.8,0,-120.7,0,203.1,0,-138.1,0,155.1,0,-201.4,0,-482.2,0,72.1,0,210.9,0,43.9,0,-58.3,0,257.2,0,-133.4,0,-160.6,0,-223.6,0,295.7,0,-165.5,0,184.2,0,-149.8,0,-8.7,0,-60.4,0,44.5,0,136.9,0,-186.1,0,96.7,0,-101.8,0,193.2,0,-118.6,0,224.7,0,-58.3,0,145.4,0,-189.2,0,-501.2,0,101.2,0,232.1,0,108.4,0,-65.3,0,344.6,0,-198.6,0,-83.1,0,-266.5,0,362.1,0,-152.1,0,67.6,0,-155.2,0,9.6,0,-6.7,0,3.1,0
344,32.7,0,-77.1,0,158.8,0,-120.7,0,203.1,0,-138.1,0,155.1,0,-201.4,0,-482.2,0,72.1,0,210.9,0,43.9,0,-58.3,0,257.2,0,-133.4,0,-160.6,0,-223.6,0,295.7,0,-165.5,0,184.2,0,-149.8,0,-8.7,0,-60.4,0,44.5,0,136.9,0,-186.1,0,96.7,0,-101.8,0,193.2,0,-118.6,0,224.7,0,-58.3,0,145.4,0,-189.2,0,-501.2,0,101.2,0,232.1,0,108.4,0,-65.3,0,344.6,0,-198.6,0,-83.1,0,-266.5,0,362.1,0,-152.1,0,67.6,0,-155.2,0,9.6,0,-6.7,0,3.1,0,197.3
345,0,-77.1,0,158.8,0,-120.7,0,203.1,0,-138.1,0,155.1,0,-201.4,0,-482.2,0,72.1,0,210.9,0,43.9,0,-58.3,0,257.2,0,-133.4,0,-160.6,0,-223.6,0,295.7,0,-165.5,0,184.2,0,-149.8,0,-8.7,0,-60.4,0,44.5,0,136.9,0,-186.1,0,96.7,0,-101.8,0,193.2,0,-118.6,0,224.7,0,-58.3,0,145.4,0,-189.2,0,-501.2,0,101.2,0,232.1,0,108.4,0,-65.3,0,344.6,0,-198.6,0,-83.1,0,-266.5,0,362.1,0,-152.1,0,67.6,0,-155.2,0,9.6,0,-6.7,0,3.1,0,197.3,0
346,-77.1,0,158.8,0,-120.7,0,203.1,0,-138.1,0,155.1,0,-201.4,0,-482.2,0,72.1,0,210.9,0,43.9,0,-58.3,0,257.2,0,-133.4,0,-160.6,0,-223.6,0,295.7,0,-165.5,0,184.2,0,-149.8,0,-8.7,0,-60.4,0,44.5,0,136.9,0,-186.1,0,96.7,0,-101.8,0,193.2,0,-118.6,0,224.7,0,-58.3,0,145.4,0,-189.2,0,-501.2,0,101.2,0,232.1,0,108.4,0,-65.3,0,344.6,0,-198.6,0,-83.1,0,-266.5,0,362.1,0,-152.1,0,67.6,0,-155.2,0,9.6,0,-6.7,0,3.1,0,197.3,0,-232.6
347,0,158.8,0,-120.7,0,203.1,0,-138.1,0,155.1,0,-201.4,0,-482.2,0,72.1,0,210.9,0,43.9,0,-58.3,0,257.2,0,-133.4,0,-160.6,0,-223.6,0,295.7,0,-165.5,0,184.2,0,-149.8,0,-8.7,0,-60.4,0,44.5,0,136.9,0,-186.1,0,96.7,0,-101.8,0,193.2,0,-118.6,0,224.7,0,-58.3,0,145.4,0,-189.2,0,-501.2,0,101.2,0,232.1,0,108.4,0,-65.3,0,344.6,0,-198.6,0,-83.1,0,-266.5,0,362.1,0,-152.1,0,67.6,0,-155.2,0,9.6,0,-6.7,0,3.1,0,197.3,0,-232.6,0
348,158.8,0,-120.7,0,203.1,0,-138.1,0,155.1,0,-201.4,0,-482.2,0,72.1,0,210.9,0,43.9,0,-58.3,0,257.2,0,-133.4,0,-160.6,0,-223.6,0,295.7,0,-165.5,0,184.2,0,-149.8,0,-8.7,0,-60.4,0,44.5,0,136.9,0,-186.1,0,96.7,0,-101.8,0,193.2,0,-118.6,0,224.7,0,-58.3,0,145.4,0,-189.2,0,-501.2,0,101.2,0,232.1,0,108.4,0,-65.3,0,344.6,0,-198.6,0,-83.1,0,-266.5,0,362.1,0,-152.1,0,67.6,0,-155.2,0,9.6,0,-6.7,0,3.1,0,197.3,0,-232.6,0,58.6
349,0,-120.7,0,203.1,0,-138.1,0,155.1,0,-201.4,0,-482.2,0,72.1,0,210.9,0,43.9,0,-58.3,0,257.2,0,-133.4,0,-160.6,0,-223.6,0,295.7,0,-165.5,0,184.2,0,-149.8,0,-8.7,0,-60.4,0,44.5,0,136.9,0,-186.1,0,96.7,0,-101.8,0,193.2,0,-118.6,0,224.7,0,-58.3,0,145.4,0,-189.2,0,-501.2,0,101.2,0,232.1,0,108.4,0,-65.3,0,344.6,0,-198.6,0,-83.1,0,-266.5,0,362.1,0,-152.1,0,67.6,0,-155.2,0,9.6,0,-6.7,0,3.1,0,197.3,0,-232.6,0,58.6,0
350,-120.7,0,203.1,0,-138.1,0,155.1,0,-201.4,0,-482.2,0,72.1,0,210.9,0,43.9,0,-58.3,0,257.2,0,-133.4,0,-160.6,0,-223.6,0,295.7,0,-165.5,0,184.2,0,-149.8,0,-8.7,0,-60.4,0,44.5,0,136.9,0,-186.1,0,96.7,0,-101.8,0,193.2,0,-118.6,0,224.7,0,-58.3,0,145.4,0,-189.2,0,-501.2,0,101.2,0,232.1,0,108.4,0,-65.3,0,344.6,0,-198.6,0,-83.1,0,-266.5,0,362.1,0,-152.1,0,67.6,0,-155.2,0,9.6,0,-6.7,0,3.1,0,197.3,0,-232.6,0,58.6,0,-108.7
351,0,203.1,0,-138.1,0,155.1,0,-201.4,0,-482.2,0,72.1,0,210.9,0,43.9,0,-58.3,0,257.2,0,-133.4,0,-160.6,0,-223.6,0,295.7,0,-165.5,0,184.2,0,-149.8,0,-8.7,0,-60.4,0,44.5,0,136.9,0,-186.1,0,96.7,0,-101.8,0,193.2,0,-118.6,0,224.7,0,-58.3,0,145.4,0,-189.2,0,-501.2,0,101.2,0,232.1,0,108.4,0,-65.3,0,344.6,0,-198.6,0,-83.1,0,-266.5,0,362.1,0,-152.1,0,67.6,0,-155.2,0,9.6,0,-6.7,0,3.1,0,197.3,0,-232.6,0,58.6,0,-108.7,0
352,203.1,0,-138.1,0,155.1,0,-201.4,0,-482.2,0,72.1,0,210.9,0,43.9,0,-58.3,0,257.2,0,-133.4,0,-160.6,0,-223.6,0,295.7,0,-165.5,0,184.2,0,-149.8,0,-8.7,0,-60.4,0,44.5,0,136.9,0,-186.1,0,96.7,0,-101.8,0,193.2,0,-118.6,0,224.7,0,-58.3,0,145.4,0,-189.2,0,-501.2,0,101.2,0,232.1,0,108.4,0,-65.3,0,344.6,0,-198.6,0,-83.1,0,-266.5,0,362.1,0,-152.1,0,67.6,0,-155.2,0,9.6,0,-6.7,0,3.1,0,197.3,0,-232.6,0,58.6,0,-108.7,0,214.5
353,0,-138.1,0,155.1,0,-201.4,0,-482.2,0,72.1,0,210.9,0,43.9,0,-58.3,0,257.2,0,-133.4,0,-160.6,0,-223.6,0,295.7,0,-165.5,0,184.2,0,-149.8,0,-8.7,0,-60.4,0,44.5,0,136.9,0,-186.1,0,96.7,0,-101.8,0,193.2,0,-118.6,0,224.7,0,-58.3,0,145.4,0,-189.2,0,-501.2,0,101.2,0,232.1,0,108.4,0,-65.3,0,344.6,0,-198.6,0,-83.1,0,-266.5,0,362.1,0,-152.1,0,67.6,0,-155.2,0,9.6,0,-6.7,0,3.1,0,197.3,0,-232.6,0,58.6,0,-108.7,0,214.5,0
354,-138.1,0,155.1,0,-201.4,0,-482.2,0,72.1,0,210.9,0,43.9,0,-58.3,0,257.2,0,-133.4,0,-160.6,0,-223.6,0,295.7,0,-165.5,0,184.2,0,-149.8,0,-8.7,0,-60.4,0,44.5,0,136.9,0,-186.1,0,96.7,0,-101.8,0,193.2,0,-118.6,0,224.7,0,-58.3,0,145.4,0,-189.2,0,-501.2,0,101.2,0,232.1,0,108.4,0,-65.3,0,344.6,0,-198.6,0,-83.1,0,-266.5,0,362.1,0,-152.1,0,67.6,0,-155.2,0,9.6,0,-6.7,0,3.1,0,197.3,0,-232.6,0,58.6,0,-108.7,0,214.5,0,-94
355,0,155.1,0,-201.4,0,-482.2,0,72.1,0,210.9,0,43.9,0,-58.3,0,257.2,0,-133.4,0,-160.6,0,-223.6,0,295.7,0,-165.5,0,184.2,0,-149.8,0,-8.7,0,-60.4,0,44.5,0,136.9,0,-186.1,0,96.7,0,-101.8,0,193.2,0,-118.6,0,224.7,0,-58.3,0,145.4,0,-189.2,0,-501.2,0,101.2,0,232.1,0,108.4,0,-65.3,0,344.6,0,-198.6,0,-83.1,0,-266.5,0,362.1,0,-152.1,0,67.6,0,-155.2,0,9.6,0,-6.7,0,3.1,0,197.3,0,-232.6,0,58.6,0,-108.7,0,214.5,0,-94,0
356,155.1,0,-201.4,0,-482.2,0,72.1,0,210.9,0,43.9,0,-58.3,0,257.2,0,-133.4,0,-160.6,0,-223.6,0,295.7,0,-165.5,0,184.2,0,-149.8,0,-8.7,0,-60.4,0,44.5,0,136.9,0,-186.1,0,96.7,0,-101.8,0,193.2,0,-118.6,0,224.7,0,-58.3,0,145.4,0,-189.2,0,-501.2,0,101.2,0,232.1,0,108.4,0,-65.3,0,344.6,0,-198.6,0,-83.1,0,-266.5,0,362.1,0,-152.1,0,67.6,0,-155.2,0,9.6,0,-6.7,0,3.1,0,197.3,0,-232.6,0,58.6,0,-108.7,0,214.5,0,-94,0,158.1
357,0,-201.4,0,-482.2,0,72.1,0,210.9,0,43.9,0,-58.3,0,257.2,0,-133.4,0,-160.6,0,-223.6,0,295.7,0,-165.5,0,184.2,0,-149.8,0,-8.7,0,-60.4,0,44.5,0,136.9,0,-186.1,0,96.7,0,-101.8,0,193.2,0,-118.6,0,224.7,0,-58.3,0,145.4,0,-189.2,0,-501.2,0,101.2,0,232.1,0,108.4,0,-65.3,0,344.6,0,-198.6,0,-83.1,0,-266.5,0,362.1,0,-152.1,0,67.6,0,-155.2,0,9.6,0,-6.7,0,3.1,0,197.3,0,-232.6,0,58.6,0,-108.7,0,214.5,0,-94,0,158.1,0
358,-201.4,0,-482.2,0,72.1,0,210.9,0,43.9,0,-58.3,0,257.2,0,-133.4,0,-160.6,0,-223.6,0,295.7,0,-165.5,0,184.2,0,-149.8,0,-8.7,0,-60.4,0,44.5,0,136.9,0,-186.1,0,96.7,0,-101.8,0,193.2,0,-118.6,0,224.7,0,-58.3,0,145.4,0,-189.2,0,-501.2,0,101.2,0,232.1,0,108.4,0,-65.3,0,344.6,0,-198.6,0,-83.1,0,-266.5,0,362.1,0,-152.1,0,67.6,0,-155.2,0,9.6,0,-6.7,0,3.1,0,197.3,0,-232.6,0,58.6,0,-108.7,0,214.5,0,-94,0,158.1,0,-700.8
359,0,-482.2,0,72.1,0,210.9,0,43.9,0,-58.3,0,257.2,0,-133.4,0,-160.6,0,-223.6,0,295.7,0,-165.5,0,184.2,0,-149.8,0,-8.7,0,-60.4,0,44.5,0,136.9,0,-186.1,0,96.7,0,-101.8,0,193.2,0,-118.6,0,224.7,0,-58.3,0,145.4,0,-189.2,0,-501.2,0,101.2,0,232.1,0,108.4,0,-65.3,0,344.6,0,-198.6,0,-83.1,0,-266.5,0,362.1,0,-152.1,0,67.6,0,-155.2,0,9.6,0,-6.7,0,3.1,0,197.3,0,-232.6,0,58.6,0,-108.7,0,214.5,0,-94,0,158.1,0,-700.8,0
360,-482.2,0,72.1,0,210.9,0,43.9,0,-58.3,0,257.2,0,-133.4,0,-160.6,0,-223.6,0,295.7,0,-165.5,0,184.2,0,-149.8,0,-8.7,0,-60.4,0,44.5,0,136.9,0,-186.1,0,96.7,0,-101.8,0,193.2,0,-118.6,0,224.7,0,-58.3,0,145.4,0,-189.2,0,-501.2,0,101.2,0,232.1,0,108.4,0,-65.3,0,344.6,0,-198.6,0,-83.1,0,-266.5,0,362.1,0,-152.1,0,67.6,0,-155.2,0,9.6,0,-6.7,0,3.1,0,197.3,0,-232.6,0,58.6,0,-108.7,0,214.5,0,-94,0,158.1,0,-700.8,0,-390.4
361,0,72.1,0,210.9,0,43.9,0,-58.3,0,257.2,0,-133.4,0,-160.6,0,-223.6,0,295.7,0,-165.5,0,184.2,0,-149.8,0,-8.7,0,-60.4,0,44.5,0,136.9,0,-186.1,0,96.7,0,-101.8,0,193.2,0,-118.6,0,224.7,0,-58.3,0,145.4,0,-189.2,0,-501.2,0,101.2,0,232.1,0,108.4,0,-65.3,0,344.6,0,-198.6,0,-83.1,0,-266.5,0,362.1,0,-152.1,0,67.6,0,-155.2,0,9.6,0,-6.7,0,3.1,0,197.3,0,-232.6,0,58.6,0,-108.7,0,214.5,0,-94,0,158.1,0,-700.8,0,-390.4,0
362,72.1,0,210.9,0,43.9,0,-58.3,0,257.2,0,-133.4,0,-160.6,0,-223.6,0,295.7,0,-165.5,0,184.2,0,-149.8,0,-8.7,0,-60.4,0,44.5,0,136.9,0,-186.1,0,96.7,0,-101.8,0,193.2,0,-118.6,0,224.7,0,-58.3,0,145.4,0,-189.2,0,-501.2,0,101.2,0,232.1,0,108.4,0,-65.3,0,344.6,0,-198.6,0,-83.1,0,-266.5,0,362.1,0,-152.1,0,67.6,0,-155.2,0,9.6,0,-6.7,0,3.1,0,197.3,0,-232.6,0,58.6,0,-108.7,0,214.5,0,-94,0,158.1,0,-700.8,0,-390.4,0,-235.4
363,0,210.9,0,43.9,0,-58.3,0,257.2,0,-133.4,0,-160.6,0,-223.6,0,295.7,0,-165.5,0,184.2,0,-149.8,0,-8.7,0,-60.4,0,44.5,0,136.9,0,-186.1,0,96.7,0,-101.8,0,193.2,0,-118.6,0,224.7,0,-58.3,0,145.4,0,-189.2,0,-501.2,0,101.2,0,232.1,0,108.4,0,-65.3,0,344.6,0,-198.6,0,-83.1,0,-266.5,0,362.1,0,-152.1,0,67.6,0,-155.2,0,9.6,0,-6.7,0,3.1,0,197.3,0,-232.6,0,58.6,0,-108.7,0,214.5,0,-94,0,158.1,0,-700.8,0,-390.4,0,-235.4,0
364,210.9,0,43.9,0,-58.3,0,257.2,0,-133.4,0,-160.6,0,-223.6,0,295.7,0,-165.5,0,184.2,0,-149.8,0,-8.7,0,-60.4,0,44.5,0,136.9,0,-186.1,0,96.7,0,-101.8,0,193.2,0,-118.6,0,224.7,0,-58.3,0,145.4,0,-189.2,0,-501.2,0,101.2,0,232.1,0,108.4,0,-65.3,0,344.6,0,-198.6,0,-83.1,0,-266.5,0,362.1,0,-152.1,0,67.6,0,-155.2,0,9.6,0,-6.7,0,3.1,0,197.3,0,-232.6,0,58.6,0,-108.7,0,214.5,0,-94,0,158.1,0,-700.8,0,-390.4,0,-235.4,0,-420.2
365,0,43.9,0,-58.3,0,257.2,0,-133.4,0,-160.6,0,-223.6,0,295.7,0,-165.5,0,184.2,0,-149.8,0,-8.7,0,-60.4,0,44.5,0,136.9,0,-186.1,0,96.7,0,-101.8,0,193.2,0,-118.6,0,224.7,0,-58.3,0,145.4,0,-189.2,0,-501.2,0,101.2,0,232.1,0,108.4,0,-65.3,0,344.6,0,-198.6,0,-83.1,0,-266.5,0,362.1,0,-152.1,0,67.6,0,-155.2,0,9.6,0,-6.7,0,3.1,0,197.3,0,-232.6,0,58.6,0,-108.7,0,214.5,0,-94,0,158.1,0,-700.8,0,-390.4,0,-235.4,0,-420.2,0
366,43.9,0,-58.3,0,257.2,0,-133.4,0,-160.6,0,-223.6,0,295.7,0,-165.5,0,184.2,0,-149.8,0,-8.7,0,-60.4,0,44.5,0,136.9,0,-186.1,0,96.7,0,-101.8,0,193.2,0,-118.6,0,224.7,0,-58.3,0,145.4,0,-189.2,0,-501.2,0,101.2,0,232.1,0,108.4,0,-65.3,0,344.6,0,-198.6,0,-83.1,0,-266.5,0,362.1,0,-152.1,0,67.6,0,-155.2,0,9.6,0,-6.7,0,3.1,0,197.3,0,-232.6,0,58.6,0,-108.7,0,214.5,0,-94,0,158.1,0,-700.8,0,-390.4,0,-235.4,0,-420.2,0,223.9
367,0,-58.3,0,257.2,0,-133.4,0,-160.6,0,-223.6,0,295.7,0,-165.5,0,184.2,0,-149.8,0,-8.7,0,-60.4,0,44.5,0,136.9,0,-186.1,0,96.7,0,-101.8,0,193.2,0,-118.6,0,224.7,0,-58.3,0,145.4,0,-189.2,0,-501.2,0,101.2,0,232.1,0,108.4,0,-65.3,0,344.6,0,-198.6,0,-83.1,0,-266.5,0,362.1,0,-152.1,0,67.6,0,-155.2,0,9.6,0,-6.7,0,3.1,0,197.3,0,-232.6,0,58.6,0,-108.7,0,214.5,0,-94,0,158.1,0,-700.8,0,-390.4,0,-235.4,0,-420.2,0,223.9,0
368,-58.3,0,257.2,0,-133.4,0,-160.6,0,-223.6,0,295.7,0,-165.5,0,184.2,0,-149.8,0,-8.7,0,-60.4,0,44.5,0,136.9,0,-186.1,0,96.7,0,-101.8,0,193.2,0,-118.6,0,224.7,0,-58.3,0,145.4,0,-189.2,0,-501.2,0,101.2,0,232.1,0,108.4,0,-65.3,0,344.6,0,-198.6,0,-83.1,0,-266.5,0,362.1,0,-152.1,0,67.6,0,-155.2,0,9.6,0,-6.7,0,3.1,0,197.3,0,-232.6,0,58.6,0,-108.7,0,214.5,0,-94,0,158.1,0,-700.8,0,-390.4,0,-235.4,0,-420.2,0,223.9,0,72
369,0,257.2,0,-133.4,0,-160.6,0,-223.6,0,295.7,0,-165.5,0,184.2,0,-149.8,0,-8.7,0,-60.4,0,44.5,0,136.9,0,-186.1,0,96.7,0,-101.8,0,193.2,0,-118.6,0,224.7,0,-58.3,0,145.4,0,-189.2,0,-501.2,0,101.2,0,232.1,0,108.4,0,-65.3,0,344.6,0,-198.6,0,-83.1,0,-266.5,0,362.1,0,-152.1,0,67.6,0,-155.2,0,9.6,0,-6.7,0,3.1,0,197.3,0,-232.6,0,58.6,0,-108.7,0,214.5,0,-94,0,158.1,0,-700.8,0,-390.4,0,-235.4,0,-420.2,0,223.9,0,72,0
370,257.2,0,-133.4,0,-160.6,0,-223.6,0,295.7,0,-165.5,0,184.2,0,-149.8,0,-8.7,0,-60.4,0,44.5,0,136.9,0,-186.1,0,96.7,0,-101.8,0,193.2,0,-118.6,0,224.7,0,-58.3,0,145.4,0,-189.2,0,-501.2,0,101.2,0,232.1,0,108.4,0,-65.3,0,344.6,0,-198.6,0,-83.1,0,-266.5,0,362.1,0,-152.1,0,67.6,0,-155.2,0,9.6,0,-6.7,0,3.1,0,197.3,0,-232.6,0,58.6,0,-108.7,0,214.5,0,-94,0,158.1,0,-700.8,0,-390.4,0,-235.4,0,-420.2,0,223.9,0,72,0,219.9
371,0,-133.4,0,-160.6,0,-223.6,0,295.7,0,-165.5,0,184.2,0,-149.8,0,-8.7,0,-60.4,0,44.5,0,136.9,0,-186.1,0,96.7,0,-101.8,0,193.2,0,-118.6,0,224.7,0,-58.3,0,145.4,0,-189.2,0,-501.2,0,101.2,0,232.1,0,108.4,0,-65.3,0,344.6,0,-198.6,0,-83.1,0,-266.5,0,362.1,0,-152.1,0,67.6,0,-155.2,0,9.6,0,-6.7,0,3.1,0,197.3,0,-232.6,0,58.6,0,-108.7,0,214.5,0,-94,0,158.1,0,-700.8,0,-390.4,0,-235.4,0,-420.2,0,223.9,0,72,0,219.9,0
372,-133.4,0,-160.6,0,-223.6,0,295.7,0,-165.5,0,184.2,0,-149.8,0,-8.7,0,-60.4,0,44.5,0,136.9,0,-186.1,0,96.7,0,-101.8,0,193.2,0,-118.6,0,224.7,0,-58.3,0,145.4,0,-189.2,0,-501.2,0,101.2,0,232.1,0,108.4,0,-65.3,0,344.6,0,-198.6,0,-83.1,0,-266.5,0,362.1,0,-152.1,0,67.6,0,-155.2,0,9.6,0,-6.7,0,3.1,0,197.3,0,-232.6,0,58.6,0,-108.7,0,214.5,0,-94,0,158.1,0,-700.8,0,-390.4,0,-235.4,0,-420.2,0,223.9,0,72,0,219.9,0,-62.5
373,0,-160.6,0,-223.6,0,295.7,0,-165.5,0,184.2,0,-149.8,0,-8.7,0,-60.4,0,44.5,0,136.9,0,-186.1,0,96.7,0,-101.8,0,193.2,0,-118.6,0,224.7,0,-58.3,0,145.4,0,-189.2,0,-501.2,0,101.2,0,232.1,0,108.4,0,-65.3,0,344.6,0,-198.6,0,-83.1,0,-266.5,0,362.1,0,-152.1,0,67.6,0,-155.2,0,9.6,0,-6.7,0,3.1,0,197.3,0,-232.6,0,58.6,0,-108.7,0,214.5,0,-94,0,158.1,0,-700.8,0,-390.4,0,-235.4,0,-420.2,0,223.9,0,72,0,219.9,0,-62.5,0
374,-160.6,0,-223.6,0,295.7,0,-165.5,0,184.2,0,-149.8,0,-8.7,0,-60.4,0,44.5,0,136.9,0,-186.1,0,96.7,0,-101.8,0,193.2,0,-118.6,0,224.7,0,-58.3,0,145.4,0,-189.2,0,-501.2,0,101.2,0,232.1,0,108.4,0,-65.3,0,344.6,0,-198.6,0,-83.1,0,-266.5,0,362.1,0,-152.1,0,67.6,0,-155.2,0,9.6,0,-6.7,0,3.1,0,197.3,0,-232.6,0,58.6,0,-108.7,0,214.5,0,-94,0,158.1,0,-700.8,0,-390.4,0,-235.4,0,-420.2,0,223.9,0,72,0,219.9,0,-62.5,0,288.3
375,0,-223.6,0,295.7,0,-165.5,0,184.2,0,-149.8,0,-8.7,0,-60.4,0,44.5,0,136.9,0,-186.1,0,96.7,0,-101.8,0,193.2,0,-118.6,0,224.7,0,-58.3,0,145.4,0,-189.2,0,-501.2,0,101.2,0,232.1,0,108.4,0,-65.3,0,344.6,0,-198.6,0,-83.1,0,-266.5,0,362.1,0,-152.1,0,67.6,0,-155.2,0,9.6,0,-6.7,0,3.1,0,197.3,0,-232.6,0,58.6,0,-108.7,0,214.5,0,-94,0,158.1,0,-700.8,0,-390.4,0,-235.4,0,-420.2,0,223.9,0,72,0,219.9,0,-62.5,0,288.3,0
376,-223.6,0,295.7,0,-165.5,0,184.2,0,-149.8,0,-8.7,0,-60.4,0,44.5,0,136.9,0,-186.1,0,96.7,0,-101.8,0,193.2,0,-118.6,0,224.7,0,-58.3,0,145.4,0,-189.2,0,-501.2,0,101.2,0,232.1,0,108.4,0,-65.3,0,344.6,0,-198.6,0,-83.1,0,-266.5,0,362.1,0,-152.1,0,67.6,0,-155.2,0,9.6,0,-6.7,0,3.1,0,197.3,0,-232.6,0,58.6,0,-108.7,0,214.5,0,-94,0,158.1,0,-700.8,0,-390.4,0,-235.4,0,-420.2,0,223.9,0,72,0,219.9,0,-62.5,0,288.3,0,-156.3
377,0,295.7,0,-165.5,0,184.2,0,-149.8,0,-8.7,0,-60.4,0,44.5,0,136.9,0,-186.1,0,96.7,0,-101.8,0,193.2,0,-118.6,0,224.7,0,-58.3,0,145.4,0,-189.2,0,-501.2,0,101.2,0,232.1,0,108.4,0,-65.3,0,344.6,0,-198.6,0,-83.1,0,-266.5,0,362.1,0,-152.1,0,67.6,0,-155.2,0,9.6,0,-6.7,0,3.1,0,197.3,0,-232.6,0,58.6,0,-108.7,0,214.5,0,-94,0,158.1,0,-700.8,0,-390.4,0,-235.4,0,-420.2,0,223.9,0,72,0,219.9,0,-62.5,0,288.3,0,-156.3,0
378,295.7,0,-165.5,0,184.2,0,-149.8,0,-8.7,0,-60.4,0,44.5,0,136.9,0,-186.1,0,96.7,0,-101.8,0,193.2,0,-118.6,0,224.7,0,-58.3,0,145.4,0,-189.2,0,-501.2,0,101.2,0,232.1,0,108.4,0,-65.3,0,344.6,0,-198.6,0,-83.1,0,-266.5,0,362.1,0,-152.1,0,67.6,0,-155.2,0,9.6,0,-6.7,0,3.1,0,197.3,0,-232.6,0,58.6,0,-108.7,0,214.5,0,-94,0,158.1,0,-700.8,0,-390.4,0,-235.4,0,-420.2,0,223.9,0,72,0,219.9,0,-62.5,0,288.3,0,-156.3,0,4.9
379,0,-165.5,0,184.2,0,-149.8,0,-8.7,0,-60.4,0,44.5,0,136.9,0,-186.1,0,96.7,0,-101.8,0,193.2,0,-118.6,0,224.7,0,-58.3,0,145.4,0,-189.2,0,-501.2,0,101.2,0,232.1,0,108.4,0,-65.3,0,344.6,0,-198.6,0,-83.1,0,-266.5,0,362.1,0,-152.1,0,67.6,0,-155.2,0,9.6,0,-6.7,0,3.1,0,197.3,0,-232.6,0,58.6,0,-108.7,0,214.5,0,-94,0,158.1,0,-700.8,0,-390.4,0,-235.4,0,-420.2,0,223.9,0,72,0,219.9,0,-62.5,0,288.3,0,-156.3,0,4.9,0
380,-165.5,0,184.2,0,-149.8,0,-8.7,0,-60.4,0,44.5,0,136.9,0,-186.1,0,96.7,0,-101.8,0,193.2,0,-118.6,0,224.7,0,-58.3,0,145.4,0,-189.2,0,-501.2,0,101.2,0,232.1,0,108.4,0,-65.3,0,344.6,0,-198.6,0,-83.1,0,-266.5,0,362.1,0,-152.1,0,67.6,0,-155.2,0,9.6,0,-6.7,0,3.1,0,197.3,0,-232.6,0,58.6,0,-108.7,0,214.5,0,-94,0,158.1,0,-700.8,0,-390.4,0,-235.4,0,-420.2,0,223.9,0,72,0,219.9,0,-62.5,0,288.3,0,-156.3,0,4.9,0,-168.8
381,0,184.2,0,-149.8,0,-8.7,0,-60.4,0,44.5,0,136.9,0,-186.1,0,96.7,0,-101.8,0,193.2,0,-118.6,0,224.7,0,-58.3,0,145.4,0,-189.2,0,-501.2,0,101.2,0,232.1,0,108.4,0,-65.3,0,344.6,0,-198.6,0,-83.1,0,-266.5,0,362.1,0,-152.1,0,67.6,0,-155.2,0,9.6,0,-6.7,0,3.1,0,197.3,0,-232.6,0,58.6,0,-108.7,0,214.5,0,-94,0,158.1,0,-700.8,0,-390.4,0,-235.4,0,-420.2,0,223.9,0,72,0,219.9,0,-62.5,0,288.3,0,-156.3,0,4.9,0,-168.8,0
382,184.2,0,-149.8,0,-8.7,0,-60.4,0,44.5,0,136.9,0,-186.1,0,96.7,0,-101.8,0,193.2,0,-118.6,0,224.7,0,-58.3,0,145.4,0,-189.2,0,-501.2,0,101.2,0,232.1,0,108.4,0,-65.3,0,344.6,0,-198.6,0,-83.1,0,-266.5,0,362.1,0,-152.1,0,67.6,0,-155.2,0,9.6,0,-6.7,0,3.1,0,197.3,0,-232.6,0,58.6,0,-108.7,0,214.5,0,-94,0,158.1,0,-700.8,0,-390.4,0,-235.4,0,-420.2,0,223.9,0,72,0,219.9,0,-62.5,0,288.3,0,-156.3,0,4.9,0,-168.8,0,307.9
383,0,-149.8,0,-8.7,0,-60.4,0,44.5,0,136.9,0,-186.1,0,96.7,0,-101.8,0,193.2,0,-118.6,0,224.7,0,-58.3,0,145.4,0,-189.2,0,-501.2,0,101.2,0,232.1,0,108.4,0,-65.3,0,344.6,0,-198.6,0,-83.1,0,-266.5,0,362.1,0,-152.1,0,67.6,0,-155.2,0,9.6,0,-6.7,0,3.1,0,197.3,0,-232.6,0,58.6,0,-108.7,0,214.5,0,-94,0,158.1,0,-700.8,0,-390.4,0,-235.4,0,-420.2,0,223.9,0,72,0,219.9,0,-62.5,0,288.3,0,-156.3,0,4.9,0,-168.8,0,307.9,0
384,-149.8,0,-8.7,0,-60.4,0,44.5,0,136.9,0,-186.1,0,96.7,0,-101.8,0,193.2,0,-118.6,0,224.7,0,-58.3,0,145.4,0,-189.2,0,-501.2,0,101.2,0,232.1,0,108.4,0,-65.3,0,344.6,0,-198.6,0,-83.1,0,-266.5,0,362.1,0,-152.1,0,67.6,0,-155.2,0,9.6,0,-6.7,0,3.1,0,197.3,0,-232.6,0,58.6,0,-108.7,0,214.5,0,-94,0,158.1,0,-700.8,0,-390.4,0,-235.4,0,-420.2,0,223.9,0,72,0,219.9,0,-62.5,0,288.3,0,-156.3,0,4.9,0,-168.8,0,307.9,0,-127.1
385,0,-8.7,0,-60.4,0,44.5,0,136.9,0,-186.1,0,96.7,0,-101.8,0,193.2,0,-118.6,0,224.7,0,-58.3,0,145.4,0,-189.2,0,-501.2,0,101.2,0,232.1,0,108.4,0,-65.3,0,344.6,0,-198.6,0,-83.1,0,-266.5,0,362.1,0,-152.1,0,67.6,0,-155.2,0,9.6,0,-6.7,0,3.1,0,197.3,0,-232.6,0,58.6,0,-108.7,0,214.5,0,-94,0,158.1,0,-700.8,0,-390.4,0,-235.4,0,-420.2,0,223.9,0,72,0,219.9,0,-62.5,0,288.3,0,-156.3,0,4.9,0,-168.8,0,307.9,0,-127.1,0
386,-8.7,0,-60.4,0,44.5,0,136.9,0,-186.1,0,96.7,0,-101.8,0,193.2,0,-118.6,0,224.7,0,-58.3,0,145.4,0,-189.2,0,-501.2,0,101.2,0,232.1,0,108.4,0,-65.3,0,344.6,0,-198.6,0,-83.1,0,-266.5,0,362.1,0,-152.1,0,67.6,0,-155.2,0,9.6,0,-6.7,0,3.1,0,197.3,0,-232.6,0,58.6,0,-108.7,0,214.5,0,-94,0,158.1,0,-700.8,0,-390.4,0,-235.4,0,-420.2,0,223.9,0,72,0,219.9,0,-62.5,0,288.3,0,-156.3,0,4.9,0,-168.8,0,307.9,0,-127.1,0,94.3
387,0,-60.4,0,44.5,0,136.9,0,-186.1,0,96.7,0,-101.8,0,193.2,0,-118.6,0,224.7,0,-58.3,0,145.4,0,-189.2,0,-501.2,0,101.2,0,232.1,0,108.4,0,-65.3,0,344.6,0,-198.6,0,-83.1,0,-266.5,0,362.1,0,-152.1,0,67.6,0,-155.2,0,9.6,0,-6.7,0,3.1,0,197.3,0,-232.6,0,58.6,0,-108.7,0,214.5,0,-94,0,158.1,0,-700.8,0,-390.4,0,-235.4,0,-420.2,0,223.9,0,72,0,219.9,0,-62.5,0,288.3,0,-156.3,0,4.9,0,-168.8,0,307.9,0,-127.1,0,94.3,0
388,-60.4,0,44.5,0,136.9,0,-186.1,0,96.7,0,-101.8,0,193.2,0,-118.6,0,224.7,0,-58.3,0,145.4,0,-189.2,0,-501.2,0,101.2,0,232.1,0,108.4,0,-65.3,0,344.6,0,-198.6,0,-83.1,0,-266.5,0,362.1,0,-152.1,0,67.6,0,-155.2,0,9.6,0,-6.7,0,3.1,0,197.3,0,-232.6,0,58.6,0,-108.7,0,214.5,0,-94,0,158.1,0,-700.8,0,-390.4,0,-235.4,0,-420.2,0,223.9,0,72,0,219.9,0,-62.5,0,288.3,0,-156.3,0,4.9,0,-168.8,0,307.9,0,-127.1,0,94.3,0,-96.9
389,0,44.5,0,136.9,0,-186.1,0,96.7,0,-101.8,0,193.2,0,-118.6,0,224.7,0,-58.3,0,145.4,0,-189.2,0,-501.2,0,101.2,0,232.1,0,108.4,0,-65.3,0,344.6,0,-198.6,0,-83.1,0,-266.5,0,362.1,0,-152.1,0,67.6,0,-155.2,0,9.6,0,-6.7,0,3.1,0,197.3,0,-232.6,0,58.6,0,-108.7,0,214.5,0,-94,0,158.1,0,-700.8,0,-390.4,0,-235.4,0,-420.2,0,223.9,0,72,0,219.9,0,-62.5,0,288.3,0,-156.3,0,4.9,0,-168.8,0,307.9,0,-127.1,0,94.3,0,-96.9,0
390,44.5,0,136.9,0,-186.1,0,96.7,0,-101.8,0,193.2,0,-118.6,0,224.7,0,-58.3,0,145.4,0,-189.2,0,-501.2,0,101.2,0,232.1,0,108.4,0,-65.3,0,344.6,0,-198.6,0,-83.1,0,-266.5,0,362.1,0,-152.1,0,67.6,0,-155.2,0,9.6,0,-6.7,0,3.1,0,197.3,0,-232.6,0,58.6,0,-108.7,0,214.5,0,-94,0,158.1,0,-700.8,0,-390.4,0,-235.4,0,-420.2,0,223.9,0,72,0,219.9,0,-62.5,0,288.3,0,-156.3,0,4.9,0,-168.8,0,307.9,0,-127.1,0,94.3,0,-96.9,0,12.6
391,0,136.9,0,-186.1,0,96.7,0,-101.8,0,193.2,0,-118.6,0,224.7,0,-58.3,0,145.4,0,-189.2,0,-501.2,0,101.2,0,232.1,0,108.4,0,-65.3,0,344.6,0,-198.6,0,-83.1,0,-266.5,0,362.1,0,-152.1,0,67.6,0,-155.2,0,9.6,0,-6.7,0,3.1,0,197.3,0,-232.6,0,58.6,0,-108.7,0,214.5,0,-94,0,158.1,0,-700.8,0,-390.4,0,-235.4,0,-420.2,0,223.9,0,72,0,219.9,0,-62.5,0,288.3,0,-156.3,0,4.9,0,-168.8,0,307.9,0,-127.1,0,94.3,0,-96.9,0,12.6,0
392,136.9,0,-186.1,0,96.7,0,-101.8,0,193.2,0,-118.6,0,224.7,0,-58.3,0,145.4,0,-189.2,0,-501.2,0,101.2,0,232.1,0,108.4,0,-65.3,0,344.6,0,-198.6,0,-83.1,0,-266.5,0,362.1,0,-152.1,0,67.6,0,-155.2,0,9.6,0,-6.7,0,3.1,0,197.3,0,-232.6,0,58.6,0,-108.7,0,214.5,0,-94,0,158.1,0,-700.8,0,-390.4,0,-235.4,0,-420.2,0,223.9,0,72,0,219.9,0,-62.5,0,288.3,0,-156.3,0,4.9,0,-168.8,0,307.9,0,-127.1,0,94.3,0,-96.9,0,12.6,0,-72.2
393,0,-186.1,0,96.7,0,-101.8,0,193.2,0,-118.6,0,224.7,0,-58.3,0,145.4,0,-189.2,0,-501.2,0,101.2,0,232.1,0,108.4,0,-65.3,0,344.6,0,-198.6,0,-83.1,0,-266.5,0,362.1,0,-152.1,0,67.6,0,-155.2,0,9.6,0,-6.7,0,3.1,0,197.3,0,-232.6,0,58.6,0,-108.7,0,214.5,0,-94,0,158.1,0,-700.8,0,-390.4,0,-235.4,0,-420.2,0,223.9,0,72,0,219.9,0,-62.5,0,288.3,0,-156.3,0,4.9,0,-168.8,0,307.9,0,-127.1,0,94.3,0,-96.9,0,12.6,0,-72.2,0
394,-186.1,0,96.7,0,-101.8,0,193.2,0,-118.6,0,224.7,0,-58.3,0,145.4,0,-189.2,0,-501.2,0,101.2,0,232.1,0,108.4,0,-65.3,0,344.6,0,-198.6,0,-83.1,0,-266.5,0,362.1,0,-152.1,0,67.6,0,-155.2,0,9.6,0,-6.7,0,3.1,0,197.3,0,-232.6,0,58.6,0,-108.7,0,214.5,0,-94,0,158.1,0,-700.8,0,-390.4,0,-235.4,0,-420.2,0,223.9,0,72,0,219.9,0,-62.5,0,288.3,0,-156.3,0,4.9,0,-168.8,0,307.9,0,-127.1,0,94.3,0,-96.9,0,12.6,0,-72.2,0,37.4
395,0,96.7,0,-101.8,0,193.2,0,-118.6,0,224.7,0,-58.3,0,145.4,0,-189.2,0,-501.2,0,101.2,0,232.1,0,108.4,0,-65.3,0,344.6,0,-198.6,0,-83.1,0,-266.5,0,362.1,0,-152.1,0,67.6,0,-155.2,0,9.6,0,-6.7,0,3.1,0,197.3,0,-232.6,0,58.6,0,-108.7,0,214.5,0,-94,0,158.1,0,-700.8,0,-390.4,0,-235.4,0,-420.2,0,223.9,0,72,0,219.9,0,-62.5,0,288.3,0,-156.3,0,4.9,0,-168.8,0,307.9,0,-127.1,0,94.3,0,-96.9,0,12.6,0,-72.2,0,37.4,0
396,96.7,0,-101.8,0,193.2,0,-118.6,0,224.7,0,-58.3,0,145.4,0,-189.2,0,-501.2,0,101.2,0,232.1,0,108.4,0,-65.3,0,344.6,0,-198.6,0,-83.1,0,-266.5,0,362.1,0,-152.1,0,67.6,0,-155.2,0,9.6,0,-6.7,0,3.1,0,197.3,0,-232.6,0,58.6,0,-108.7,0,214.5,0,-94,0,158.1,0,-700.8,0,-390.4,0,-235.4,0,-420.2,0,223.9,0,72,0,219.9,0,-62.5,0,288.3,0,-156.3,0,4.9,0,-168.8,0,307.9,0,-127.1,0,94.3,0,-96.9,0,12.6,0,-72.2,0,37.4,0,223.6
397,0,-101.8,0,193.2,0,-118.6,0,224.7,0,-58.3,0,145.4,0,-189.2,0,-501.2,0,101.2,0,232.1,0,108.4,0,-65.3,0,344.6,0,-198.6,0,-83.1,0,-266.5,0,362.1,0,-152.1,0,67.6,0,-155.2,0,9.6,0,-6.7,0,3.1,0,197.3,0,-232.6,0,58.6,0,-108.7,0,214.5,0,-94,0,158.1,0,-700.8,0,-390.4,0,-235.4,0,-420.2,0,223.9,0,72,0,219.9,0,-62.5,0,288.3,0,-156.3,0,4.9,0,-168.8,0,307.9,0,-127.1,0,94.3,0,-96.9,0,12.6,0,-72.2,0,37.4,0,223.6,0
398,-101.8,0,193.2,0,-118.6,0,224.7,0,-58.3,0,145.4,0,-189.2,0,-501.2,0,101.2,0,232.1,0,108.4,0,-65.3,0,344.6,0,-198.6,0,-83.1,0,-266.5,0,362.1,0,-152.1,0,67.6,0,-155.2,0,9.6,0,-6.7,0,3.1,0,197.3,0,-232.6,0,58.6,0,-108.7,0,214.5,0,-94,0,158.1,0,-700.8,0,-390.4,0,-235.4,0,-420.2,0,223.9,0,72,0,219.9,0,-62.5,0,288.3,0,-156.3,0,4.9,0,-168.8,0,307.9,0,-127.1,0,94.3,0,-96.9,0,12.6,0,-72.2,0,37.4,0,223.6,0,-305.3
399,0,193.2,0,-118.6,0,224.7,0,-58.3,0,145.4,0,-189.2,0,-501.2,0,101.2,0,232.1,0,108.4,0,-65.3,0,344.6,0,-198.6,0,-83.1,0,-266.5,0,362.1,0,-152.1,0,67.6,0,-155.2,0,9.6,0,-6.7,0,3.1,0,197.3,0,-232.6,0,58.6,0,-108.7,0,214.5,0,-94,0,158.1,0,-700.8,0,-390.4,0,-235.4,0,-420.2,0,223.9,0,72,0,219.9,0,-62.5,0,288.3,0,-156.3,0,4.9,0,-168.8,0,307.9,0,-127.1,0,94.3,0,-96.9,0,12.6,0,-72.2,0,37.4,0,223.6,0,-305.3,0
400,193.2,0,-118.6,0,224.7,0,-58.3,0,145.4,0,-189.2,0,-501.2,0,101.2,0,232.1,0,108.4,0,-65.3,0,344.6,0,-198.6,0,-83.1,0,-266.5,0,362.1,0,-152.1,0,67.6,0,-155.2,0,9.6,0,-6.7,0,3.1,0,197.3,0,-232.6,0,58.6,0,-108.7,0,214.5,0,-94,0,158.1,0,-700.8,0,-390.4,0,-235.4,0,-420.2,0,223.9,0,72,0,219.9,0,-62.5,0,288.3,0,-156.3,0,4.9,0,-168.8,0,307.9,0,-127.1,0,94.3,0,-96.9,0,12.6,0,-72.2,0,37.4,0,223.6,0,-305.3,0,143.8
401,0,-118.6,0,224.7,0,-58.3,0,145.4,0,-189.2,0,-501.2,0,101.2,0,232.1,0,108.4,0,-65.3,0,344.6,0,-198.6,0,-83.1,0,-266.5,0,362.1,0,-152.1,0,67.6,0,-155.2,0,9.6,0,-6.7,0,3.1,0,197.3,0,-232.6,0,58.6,0,-108.7,0,214.5,0,-94,0,158.1,0,-700.8,0,-390.4,0,-235.4,0,-420.2,0,223.9,0,72,0,219.9,0,-62.5,0,288.3,0,-156.3,0,4.9,0,-168.8,0,307.9,0,-127.1,0,94.3,0,-96.9,0,12.6,0,-72.2,0,37.4,0,223.6,0,-305.3,0,143.8,0
402,-118.6,0,224.7,0,-58.3,0,145.4,0,-189.2,0,-501.2,0,101.2,0,232.1,0,108.4,0,-65.3,0,344.6,0,-198.6,0,-83.1,0,-266.5,0,362.1,0,-152.1,0,67.6,0,-155.2,0,9.6,0,-6.7,0,3.1,0,197.3,0,-232.6,0,58.6,0,-108.7,0,214.5,0,-94,0,158.1,0,-700.8,0,-390.4,0,-235.4,0,-420.2,0,223.9,0,72,0,219.9,0,-62.5,0,288.3,0,-156.3,0,4.9,0,-168.8,0,307.9,0,-127.1,0,94.3,0,-96.9,0,12.6,0,-72.2,0,37.4,0,223.6,0,-305.3,0,143.8,0,-60.7
403,0,224.7,0,-58.3,0,145.4,0,-189.2,0,-501.2,0,101.2,0,232.1,0,108.4,0,-65.3,0,344.6,0,-198.6,0,-83.1,0,-266.5,0,362.1,0,-152.1,0,67.6,0,-155.2,0,9.6,0,-6.7,0,3.1,0,197.3,0,-232.6,0,58.6,0,-108.7,0,214.5,0,-94,0,158.1,0,-700.8,0,-390.4,0,-235.4,0,-420.2,0,223.9,0,72,0,219.9,0,-62.5,0,288.3,0,-156.3,0,4.9,0,-168.8,0,307.9,0,-127.1,0,94.3,0,-96.9,0,12.6,0,-72.2,0,37.4,0,223.6,0,-305.3,0,143.8,0,-60.7,0
404,224.7,0,-58.3,0,145.4,0,-189.2,0,-501.2,0,101.2,0,232.1,0,108.4,0,-65.3,0,344.6,0,-198.6,0,-83.1,0,-266.5,0,362.1,0,-152.1,0,67.6,0,-155.2,0,9.6,0,-6.7,0,3.1,0,197.3,0,-232.6,0,58.6,0,-108.7,0,214.5,0,-94,0,158.1,0,-700.8,0,-390.4,0,-235.4,0,-420.2,0,223.9,0,72,0,219.9,0,-62.5,0,288.3,0,-156.3,0,4.9,0,-168.8,0,307.9,0,-127.1,0,94.3,0,-96.9,0,12.6,0,-72.2,0,37.4,0,223.6,0,-305.3,0,143.8,0,-60.7,0,276.4
405,0,-58.3,0,145.4,0,-189.2,0,-501.2,0,101.2,0,232.1,0,108.4,0,-65.3,0,344.6,0,-198.6,0,-83.1,0,-266.5,0,362.1,0,-152.1,0,67.6,0,-155.2,0,9.6,0,-6.7,0,3.1,0,197.3,0,-232.6,0,58.6,0,-108.7,0,214.5,0,-94,0,158.1,0,-700.8,0,-390.4,0,-235.4,0,-420.2,0,223.9,0,72,0,219.9,0,-62.5,0,288.3,0,-156.3,0,4.9,0,-168.8,0,307.9,0,-127.1,0,94.3,0,-96.9,0,12.6,0,-72.2,0,37.4,0,223.6,0,-305.3,0,143.8,0,-60.7,0,276.4,0
406,-58.3,0,145.4,0,-189.2,0,-501.2,0,101.2,0,232.1,0,108.4,0,-65.3,0,344.6,0,-198.6,0,-83.1,0,-266.5,0,362.1,0,-152.1,0,67.6,0,-155.2,0,9.6,0,-6.7,0,3.1,0,197.3,0,-232.6,0,58.6,0,-108.7,0,214.5,0,-94,0,158.1,0,-700.8,0,-390.4,0,-235.4,0,-420.2,0,223.9,0,72,0,219.9,0,-62.5,0,288.3,0,-156.3,0,4.9,0,-168.8,0,307.9,0,-127.1,0,94.3,0,-96.9,0,12.6,0,-72.2,0,37.4,0,223.6,0,-305.3,0,143.8,0,-60.7,0,276.4,0,-135.3
407,0,145.4,0,-189.2,0,-501.2,0,101.2,0,232.1,0,108.4,0,-65.3,0,344.6,0,-198.6,0,-83.1,0,-266.5,0,362.1,0,-152.1,0,67.6,0,-155.2,0,9.6,0,-6.7,0,3.1,0,197.3,0,-232.6,0,58.6,0,-108.7,0,214.5,0,-94,0,158.1,0,-700.8,0,-390.4,0,-235.4,0,-420.2,0,223.9,0,72,0,219.9,0,-62.5,0,288.3,0,-156.3,0,4.9,0,-168.8,0,307.9,0,-127.1,0,94.3,0,-96.9,0,12.6,0,-72.2,0,37.4,0,223.6,0,-305.3,0,143.8,0,-60.7,0,276.4,0,-135.3,0
408,145.4,0,-189.2,0,-501.2,0,101.2,0,232.1,0,108.4,0,-65.3,0,344.6,0,-198.6,0,-83.1,0,-266.5,0,362.1,0,-152.1,0,67.6,0,-155.2,0,9.6,0,-6.7,0,3.1,0,197.3,0,-232.6,0,58.6,0,-108.7,0,214.5,0,-94,0,158.1,0,-700.8,0,-390.4,0,-235.4,0,-420.2,0,223.9,0,72,0,219.9,0,-62.5,0,288.3,0,-156.3,0,4.9,0,-168.8,0,307.9,0,-127.1,0,94.3,0,-96.9,0,12.6,0,-72.2,0,37.4,0,223.6,0,-305.3,0,143.8,0,-60.7,0,276.4,0,-135.3,0,301.4
409,0,-189.2,0,-501.2,0,101.2,0,232.1,0,108.4,0,-65.3,0,344.6,0,-198.6,0,-83.1,0,-266.5,0,362.1,0,-152.1,0,67.6,0,-155.2,0,9.6,0,-6.7,0,3.1,0,197.3,0,-232.6,0,58.6,0,-108.7,0,214.5,0,-94,0,158.1,0,-700.8,0,-390.4,0,-235.4,0,-420.2,0,223.9,0,72,0,219.9,0,-62.5,0,288.3,0,-156.3,0,4.9,0,-168.8,0,307.9,0,-127.1,0,94.3,0,-96.9,0,12.6,0,-72.2,0,37.4,0,223.6,0,-305.3,0,143.8,0,-60.7,0,276.4,0,-135.3,0,301.4,0
410,-189.2,0,-501.2,0,101.2,0,232.1,0,108.4,0,-65.3,0,344.6,0,-198.6,0,-83.1,0,-266.5,0,362.1,0,-152.1,0,67.6,0,-155.2,0,9.6,0,-6.7,0,3.1,0,197.3,0,-232.6,0,58.6,0,-108.7,0,214.5,0,-94,0,158.1,0,-700.8,0,-390.4,0,-235.4,0,-420.2,0,223.9,0,72,0,219.9,0,-62.5,0,288.3,0,-156.3,0,4.9,0,-168.8,0,307.9,0,-127.1,0,94.3,0,-96.9,0,12.6,0,-72.2,0,37.4,0,223.6,0,-305.3,0,143.8,0,-60.7,0,276.4,0,-135.3,0,301.4,0,-130.2
411,0,-501.2,0,101.2,0,232.1,0,108.4,0,-65.3,0,344.6,0,-198.6,0,-83.1,0,-266.5,0,362.1,0,-152.1,0,67.6,0,-155.2,0,9.6,0,-6.7,0,3.1,0,197.3,0,-232.6,0,58.6,0,-108.7,0,214.5,0,-94,0,158.1,0,-700.8,0,-390.4,0,-235.4,0,-420.2,0,223.9,0,72,0,219.9,0,-62.5,0,288.3,0,-156.3,0,4.9,0,-168.8,0,307.9,0,-127.1,0,94.3,0,-96.9,0,12.6,0,-72.2,0,37.4,0,223.6,0,-305.3,0,143.8,0,-60.7,0,276.4,0,-135.3,0,301.4,0,-130.2,0
412,-501.2,0,101.2,0,232.1,0,108.4,0,-65.3,0,344.6,0,-198.6,0,-83.1,0,-266.5,0,362.1,0,-152.1,0,67.6,0,-155.2,0,9.6,0,-6.7,0,3.1,0,197.3,0,-232.6,0,58.6,0,-108.7,0,214.5,0,-94,0,158.1,0,-700.8,0,-390.4,0,-235.4,0,-420.2,0,223.9,0,72,0,219.9,0,-62.5,0,288.3,0,-156.3,0,4.9,0,-168.8,0,307.9,0,-127.1,0,94.3,0,-96.9,0,12.6,0,-72.2,0,37.4,0,223.6,0,-305.3,0,143.8,0,-60.7,0,276.4,0,-135.3,0,301.4,0,-130.2,0,148.8
413,0,101.2,0,232.1,0,108.4,0,-65.3,0,344.6,0,-198.6,0,-83.1,0,-266.5,0,362.1,0,-152.1,0,67.6,0,-155.2,0,9.6,0,-6.7,0,3.1,0,197.3,0,-232.6,0,58.6,0,-108.7,0,214.5,0,-94,0,158.1,0,-700.8,0,-390.4,0,-235.4,0,-420.2,0,223.9,0,72,0,219.9,0,-62.5,0,288.3,0,-156.3,0,4.9,0,-168.8,0,307.9,0,-127.1,0,94.3,0,-96.9,0,12.6,0,-72.2,0,37.4,0,223.6,0,-305.3,0,143.8,0,-60.7,0,276.4,0,-135.3,0,301.4,0,-130.2,0,148.8,0
414,101.2,0,232.1,0,108.4,0,-65.3,0,344.6,0,-198.6,0,-83.1,0,-266.5,0,362.1,0,-152.1,0,67.6,0,-155.2,0,9.6,0,-6.7,0,3.1,0,197.3,0,-232.6,0,58.6,0,-108.7,0,214.5,0,-94,0,158.1,0,-700.8,0,-390.4,0,-235.4,0,-420.2,0,223.9,0,72,0,219.9,0,-62.5,0,288.3,0,-156.3,0,4.9,0,-168.8,0,307.9,0,-127.1,0,94.3,0,-96.9,0,12.6,0,-72.2,0,37.4,0,223.6,0,-305.3,0,143.8,0,-60.7,0,276.4,0,-135.3,0,301.4,0,-130.2,0,148.8,0,-117.9
415,0,232.1,0,108.4,0,-65.3,0,344.6,0,-198.6,0,-83.1,0,-266.5,0,362.1,0,-152.1,0,67.6,0,-155.2,0,9.6,0,-6.7,0,3.1,0,197.3,0,-232.6,0,58.6,0,-108.7,0,214.5,0,-94,0,158.1,0,-700.8,0,-390.4,0,-235.4,0,-420.2,0,223.9,0,72,0,219.9,0,-62.5,0,288.3,0,-156.3,0,4.9,0,-168.8,0,307.9,0,-127.1,0,94.3,0,-96.9,0,12.6,0,-72.2,0,37.4,0,223.6,0,-305.3,0,143.8,0,-60.7,0,276.4,0,-135.3,0,301.4,0,-130.2,0,148.8,0,-117.9,0
416,232.1,0,108.4,0,-65.3,0,344.6,0,-198.6,0,-83.1,0,-266.5,0,362.1,0,-152.1,0,67.6,0,-155.2,0,9.6,0,-6.7,0,3.1,0,197.3,0,-232.6,0,58.6,0,-108.7,0,214.5,0,-94,0,158.1,0,-700.8,0,-390.4,0,-235.4,0,-420.2,0,223.9,0,72,0,219.9,0,-62.5,0,288.3,0,-156.3,0,4.9,0,-168.8,0,307.9,0,-127.1,0,94.3,0,-96.9,0,12.6,0,-72.2,0,37.4,0,223.6,0,-305.3,0,143.8,0,-60.7,0,276.4,0,-135.3,0,301.4,0,-130.2,0,148.8,0,-117.9,0,-390.3
417,0,108.4,0,-65.3,0,344.6,0,-198.6,0,-83.1,0,-266.5,0,362.1,0,-152.1,0,67.6,0,-155.2,0,9.6,0,-6.7,0,3.1,0,197.3,0,-232.6,0,58.6,0,-108.7,0,214.5,0,-94,0,158.1,0,-700.8,0,-390.4,0,-235.4,0,-420.2,0,223.9,0,72,0,219.9,0,-62.5,0,288.3,0,-156.3,0,4.9,0,-168.8,0,307.9,0,-127.1,0,94.3,0,-96.9,0,12.6,0,-72.2,0,37.4,0,223.6,0,-305.3,0,143.8,0,-60.7,0,276.4,0,-135.3,0,301.4,0,-130.2,0,148.8,0,-117.9,0,-390.3,0
418,108.4,0,-65.3,0,344.6,0,-198.6,0,-83.1,0,-266.5,0,362.1,0,-152.1,0,67.6,0,-155.2,0,9.6,0,-6.7,0,3.1,0,197.3,0,-232.6,0,58.6,0,-108.7,0,214.5,0,-94,0,158.1,0,-700.8,0,-390.4,0,-235.4,0,-420.2,0,223.9,0,72,0,219.9,0,-62.5,0,288.3,0,-156.3,0,4.9,0,-168.8,0,307.9,0,-127.1,0,94.3,0,-96.9,0,12.6,0,-72.2,0,37.4,0,223.6,0,-305.3,0,143.8,0,-60.7,0,276.4,0,-135.3,0,301.4,0,-130.2,0,148.8,0,-117.9,0,-390.3,0,256.7
419,0,-65.3,0,344.6,0,-198.6,0,-83.1,0,-266.5,0,362.1,0,-152.1,0,67.6,0,-155.2,0,9.6,0,-6.7,0,3.1,0,197.3,0,-232.6,0,58.6,0,-108.7,0,214.5,0,-94,0,158.1,0,-700.8,0,-390.4,0,-235.4,0,-420.2,0,223.9,0,72,0,219.9,0,-62.5,0,288.3,0,-156.3,0,4.9,0,-168.8,0,307.9,0,-127.1,0,94.3,0,-96.9,0,12.6,0,-72.2,0,37.4,0,223.6,0,-305.3,0,143.8,0,-60.7,0,276.4,0,-135.3,0,301.4,0,-130.2,0,148.8,0,-117.9,0,-390.3,0,256.7,0
420,-65.3,0,344.6,0,-198.6,0,-83.1,0,-266.5,0,362.1,0,-152.1,0,67.6,0,-155.2,0,9.6,0,-6.7,0,3.1,0,197.3,0,-232.6,0,58.6,0,-108.7,0,214.5,0,-94,0,158.1,0,-700.8,0,-390.4,0,-235.4,0,-420.2,0,223.9,0,72,0,219.9,0,-62.5,0,288.3,0,-156.3,0,4.9,0,-168.8,0,307.9,0,-127.1,0,94.3,0,-96.9,0,12.6,0,-72.2,0,37.4,0,223.6,0,-305.3,0,143.8,0,-60.7,0,276.4,0,-135.3,0,301.4,0,-130.2,0,148.8,0,-117.9,0,-390.3,0,256.7,0,105.1
421,0,344.6,0,-198.6,0,-83.1,0,-266.5,0,362.1,0,-152.1,0,67.6,0,-155.2,0,9.6,0,-6.7,0,3.1,0,197.3,0,-232.6,0,58.6,0,-108.7,0,214.5,0,-94,0,158.1,0,-700.8,0,-390.4,0,-235.4,0,-420.2,0,223.9,0,72,0,219.9,0,-62.5,0,288.3,0,-156.3,0,4.9,0,-168.8,0,307.9,0,-127.1,0,94.3,0,-96.9,0,12.6,0,-72.2,0,37.4,0,223.6,0,-305.3,0,143.8,0,-60.7,0,276.4,0,-135.3,0,301.4,0,-130.2,0,148.8,0,-117.9,0,-390.3,0,256.7,0,105.1,0
422,344.6,0,-198.6,0,-83.1,0,-266.5,0,362.1,0,-152.1,0,67.6,0,-155.2,0,9.6,0,-6.7,0,3.1,0,197.3,0,-232.6,0,58.6,0,-108.7,0,214.5,0,-94,0,158.1,0,-700.8,0,-390.4,0,-235.4,0,-420.2,0,223.9,0,72,0,219.9,0,-62.5,0,288.3,0,-156.3,0,4.9,0,-168.8,0,307.9,0,-127.1,0,94.3,0,-96.9,0,12.6,0,-72.2,0,37.4,0,223.6,0,-305.3,0,143.8,0,-60.7,0,276.4,0,-135.3,0,301.4,0,-130.2,0,148.8,0,-117.9,0,-390.3,0,256.7,0,105.1,0,363.1
423,0,-198.6,0,-83.1,0,-266.5,0,362.1,0,-152.1,0,67.6,0,-155.2,0,9.6,0,-6.7,0,3.1,0,197.3,0,-232.6,0,58.6,0,-108.7,0,214.5,0,-94,0,158.1,0,-700.8,0,-390.4,0,-235.4,0,-420.2,0,223.9,0,72,0,219.9,0,-62.5,0,288.3,0,-156.3,0,4.9,0,-168.8,0,307.9,0,-127.1,0,94.3,0,-96.9,0,12.6,0,-72.2,0,37.4,0,223.6,0,-305.3,0,143.8,0,-60.7,0,276.4,0,-135.3,0,301.4,0,-130.2,0,148.8,0,-117.9,0,-390.3,0,256.7,0,105.1,0,363.1,0
424,-198.6,0,-83.1,0,-266.5,0,362.1,0,-152.1,0,67.6,0,-155.2,0,9.6,0,-6.7,0,3.1,0,197.3,0,-232.6,0,58.6,0,-108.7,0,214.5,0,-94,0,158.1,0,-700.8,0,-390.4,0,-235.4,0,-420.2,0,223.9,0,72,0,219.9,0,-62.5,0,288.3,0,-156.3,0,4.9,0,-168.8,0,307.9,0,-127.1,0,94.3,0,-96.9,0,12.6,0,-72.2,0,37.4,0,223.6,0,-305.3,0,143.8,0,-60.7,0,276.4,0,-135.3,0,301.4,0,-130.2,0,148.8,0,-117.9,0,-390.3,0,256.7,0,105.1,0,363.1,0,-262.4
425,0,-83.1,0,-266.5,0,362.1,0,-152.1,0,67.6,0,-155.2,0,9.6,0,-6.7,0,3.1,0,197.3,0,-232.6,0,58.6,0,-108.7,0,214.5,0,-94,0,158.1,0,-700.8,0,-390.4,0,-235.4,0,-420.2,0,223.9,0,72,0,219.9,0,-62.5,0,288.3,0,-156.3,0,4.9,0,-168.8,0,307.9,0,-127.1,0,94.3,0,-96.9,0,12.6,0,-72.2,0,37.4,0,223.6,0,-305.3,0,143.8,0,-60.7,0,276.4,0,-135.3,0,301.4,0,-130.2,0,148.8,0,-117.9,0,-390.3,0,256.7,0,105.1,0,363.1,0,-262.4,0
426,-83.1,0,-266.5,0,362.1,0,-152.1,0,67.6,0,-155.2,0,9.6,0,-6.7,0,3.1,0,197.3,0,-232.6,0,58.6,0,-108.7,0,214.5,0,-94,0,158.1,0,-700.8,0,-390.4,0,-235.4,0,-420.2,0,223.9,0,72,0,219.9,0,-62.5,0,288.3,0,-156.3,0,4.9,0,-168.8,0,307.9,0,-127.1,0,94.3,0,-96.9,0,12.6,0,-72.2,0,37.4,0,223.6,0,-305.3,0,143.8,0,-60.7,0,276.4,0,-135.3,0,301.4,0,-130.2,0,148.8,0,-117.9,0,-390.3,0,256.7,0,105.1,0,363.1,0,-262.4,0,-414.6
427,0,-266.5,0,362.1,0,-152.1,0,67.6,0,-155.2,0,9.6,0,-6.7,0,3.1,0,197.3,0,-232.6,0,58.6,0,-108.7,0,214.5,0,-94,0,158.1,0,-700.8,0,-390.4,0,-235.4,0,-420.2,0,223.9,0,72,0,219.9,0,-62.5,0,288.3,0,-156.3,0,4.9,0,-168.8,0,307.9,0,-127.1,0,94.3,0,-96.9,0,12.6,0,-72.2,0,37.4,0,223.6,0,-305.3,0,143.8,0,-60.7,0,276.4,0,-135.3,0,301.4,0,-130.2,0,148.8,0,-117.9,0,-390.3,0,256.7,0,105.1,0,363.1,0,-262.4,0,-414.6,0
428,-266.5,0,362.1,0,-152.1,0,67.6,0,-155.2,0,9.6,0,-6.7,0,3.1,0,197.3,0,-232.6,0,58.6,0,-108.7,0,214.5,0,-94,0,158.1,0,-700.8,0,-390.4,0,-235.4,0,-420.2,0,223.9,0,72,0,219.9,0,-62.5,0,288.3,0,-156.3,0,4.9,0,-168.8,0,307.9,0,-127.1,0,94.3,0,-96.9,0,12.6,0,-72.2,0,37.4,0,223.6,0,-305.3,0,143.8,0,-60.7,0,276.4,0,-135.3,0,301.4,0,-130.2,0,148.8,0,-117.9,0,-390.3,0,256.7,0,105.1,0,363.1,0,-262.4,0,-414.6,0,-89.5
429,0,362.1,0,-152.1,0,67.6,0,-155.2,0,9.6,0,-6.7,0,3.1,0,197.3,0,-232.6,0,58.6,0,-108.7,0,214.5,0,-94,0,158.1,0,-700.8,0,-390.4,0,-235.4,0,-420.2,0,223.9,0,72,0,219.9,0,-62.5,0,288.3,0,-156.3,0,4.9,0,-168.8,0,307.9,0,-127.1,0,94.3,0,-96.9,0,12.6,0,-72.2,0,37.4,0,223.6,0,-305.3,0,143.8,0,-60.7,0,276.4,0,-135.3,0,301.4,0,-130.2,0,148.8,0,-117.9,0,-390.3,0,256.7,0,105.1,0,363.1,0,-262.4,0,-414.6,0,-89.5,0
430,362.1,0,-152.1,0,67.6,0,-155.2,0,9.6,0,-6.7,0,3.1,0,197.3,0,-232.6,0,58.6,0,-108.7,0,214.5,0,-94,0,158.1,0,-700.8,0,-390.4,0,-235.4,0,-420.2,0,223.9,0,72,0,219.9,0,-62.5,0,288.3,0,-156.3,0,4.9,0,-168.8,0,307.9,0,-127.1,0,94.3,0,-96.9,0,12.6,0,-72.2,0,37.4,0,223.6,0,-305.3,0,143.8,0,-60.7,0,276.4,0,-135.3,0,301.4,0,-130.2,0,148.8,0,-117.9,0,-390.3,0,256.7,0,105.1,0,363.1,0,-262.4,0,-414.6,0,-89.5,0,20.8
431,0,-152.1,0,67.6,0,-155.2,0,9.6,0,-6.7,0,3.1,0,197.3,0,-232.6,0,58.6,0,-108.7,0,214.5,0,-94,0,158.1,0,-700.8,0,-390.4,0,-235.4,0,-420.2,0,223.9,0,72,0,219.9,0,-62.5,0,288.3,0,-156.3,0,4.9,0,-168.8,0,307.9,0,-127.1,0,94.3,0,-96.9,0,12.6,0,-72.2,0,37.4,0,223.6,0,-305.3,0,143.8,0,-60.7,0,276.4,0,-135.3,0,301.4,0,-130.2,0,148.8,0,-117.9,0,-390.3,0,256.7,0,105.1,0,363.1,0,-262.4,0,-414.6,0,-89.5,0,20.8,0
432,-152.1,0,67.6,0,-155.2,0,9.6,0,-6.7,0,3.1,0,197.3,0,-232.6,0,58.6,0,-108.7,0,214.5,0,-94,0,158.1,0,-700.8,0,-390.4,0,-235.4,0,-420.2,0,223.9,0,72,0,219.9,0,-62.5,0,288.3,0,-156.3,0,4.9,0,-168.8,0,307.9,0,-127.1,0,94.3,0,-96.9,0,12.6,0,-72.2,0,37.4,0,223.6,0,-305.3,0,143.8,0,-60.7,0,276.4,0,-135.3,0,301.4,0,-130.2,0,148.8,0,-117.9,0,-390.3,0,256.7,0,105.1,0,363.1,0,-262.4,0,-414.6,0,-89.5,0,20.8,0,-225.6
433,0,67.6,0,-155.2,0,9.6,0,-6.7,0,3.1,0,197.3,0,-232.6,0,58.6,0,-108.7,0,214.5,0,-94,0,158.1,0,-700.8,0,-390.4,0,-235.4,0,-420.2,0,223.9,0,72,0,219.9,0,-62.5,0,288.3,0,-156.3,0,4.9,0,-168.8,0,307.9,0,-127.1,0,94.3,0,-96.9,0,12.6,0,-72.2,0,37.4,0,223.6,0,-305.3,0,143.8,0,-60.7,0,276.4,0,-135.3,0,301.4,0,-130.2,0,148.8,0,-117.9,0,-390.3,0,256.7,0,105.1,0,363.1,0,-262.4,0,-414.6,0,-89.5,0,20.8,0,-225.6,0
434,67.6,0,-155.2,0,9.6,0,-6.7,0,3.1,0,197.3,0,-232.6,0,58.6,0,-108.7,0,214.5,0,-94,0,158.1,0,-700.8,0,-390.4,0,-235.4,0,-420.2,0,223.9,0,72,0,219.9,0,-62.5,0,288.3,0,-156.3,0,4.9,0,-168.8,0,307.9,0,-127.1,0,94.3,0,-96.9,0,12.6,0,-72.2,0,37.4,0,223.6,0,-305.3,0,143.8,0,-60.7,0,276.4,0,-135.3,0,301.4,0,-130.2,0,148.8,0,-117.9,0,-390.3,0,256.7,0,105.1,0,363.1,0,-262.4,0,-414.6,0,-89.5,0,20.8,0,-225.6,0,204
435,0,-155.2,0,9.6,0,-6.7,0,3.1,0,197.3,0,-232.6,0,58.6,0,-108.7,0,214.5,0,-94,0,158.1,0,-700.8,0,-390.4,0,-235.4,0,-420.2,0,223.9,0,72,0,219.9,0,-62.5,0,288.3,0,-156.3,0,4.9,0,-168.8,0,307.9,0,-127.1,0,94.3,0,-96.9,0,12.6,0,-72.2,0,37.4,0,223.6,0,-305.3,0,143.8,0,-60.7,0,276.4,0,-135.3,0,301.4,0,-130.2,0,148.8,0,-117.9,0,-390.3,0,256.7,0,105.1,0,363.1,0,-262.4,0,-414.6,0,-89.5,0,20.8,0,-225.6,0,204,0
436,-155.2,0,9.6,0,-6.7,0,3.1,0,197.3,0,-232.6,0,58.6,0,-108.7,0,214.5,0,-94,0,158.1,0,-700.8,0,-390.4,0,-235.4,0,-420.2,0,223.9,0,72,0,219.9,0,-62.5,0,288.3,0,-156.3,0,4.9,0,-168.8,0,307.9,0,-127.1,0,94.3,0,-96.9,0,12.6,0,-72.2,0,37.4,0,223.6,0,-305.3,0,143.8,0,-60.7,0,276.4,0,-135.3,0,301.4,0,-130.2,0,148.8,0,-117.9,0,-390.3,0,256.7,0,105.1,0,363.1,0,-262.4,0,-414.6,0,-89.5,0,20.8,0,-225.6,0,204,0,-86.6
437,0,9.6,0,-6.7,0,3.1,0,197.3,0,-232.6,0,58.6,0,-108.7,0,214.5,0,-94,0,158.1,0,-700.8,0,-390.4,0,-235.4,0,-420.2,0,223.9,0,72,0,219.9,0,-62.5,0,288.3,0,-156.3,0,4.9,0,-168.8,0,307.9,0,-127.1,0,94.3,0,-96.9,0,12.6,0,-72.2,0,37.4,0,223.6,0,-305.3,0,143.8,0,-60.7,0,276.4,0,-135.3,0,301.4,0,-130.2,0,148.8,0,-117.9,0,-390.3,0,256.7,0,105.1,0,363.1,0,-262.4,0,-414.6,0,-89.5,0,20.8,0,-225.6,0,204,0,-86.6,0
438,9.6,0,-6.7,0,3.1,0,197.3,0,-232.6,0,58.6,0,-108.7,0,214.5,0,-94,0,158.1,0,-700.8,0,-390.4,0,-235.4,0,-420.2,0,223.9,0,72,0,219.9,0,-62.5,0,288.3,0,-156.3,0,4.9,0,-168.8,0,307.9,0,-127.1,0,94.3,0,-96.9,0,12.6,0,-72.2,0,37.4,0,223.6,0,-305.3,0,143.8,0,-60.7,0,276.4,0,-135.3,0,301.4,0,-130.2,0,148.8,0,-117.9,0,-390.3,0,256.7,0,105.1,0,363.1,0,-262.4,0,-414.6,0,-89.5,0,20.8,0,-225.6,0,204,0,-86.6,0,-10.9
439,0,-6.7,0,3.1,0,197.3,0,-232.6,0,58.6,0,-108.7,0,214.5,0,-94,0,158.1,0,-700.8,0,-390.4,0,-235.4,0,-420.2,0,223.9,0,72,0,219.9,0,-62.5,0,288.3,0,-156.3,0,4.9,0,-168.8,0,307.9,0,-127.1,0,94.3,0,-96.9,0,12.6,0,-72.2,0,37.4,0,223.6,0,-305.3,0,143.8,0,-60.7,0,276.4,0,-135.3,0,301.4,0,-130.2,0,148.8,0,-117.9,0,-390.3,0,256.7,0,105.1,0,363.1,0,-262.4,0,-414.6,0,-89.5,0,20.8,0,-225.6,0,204,0,-86.6,0,-10.9,0
440,-6.7,0,3.1,0,197.3,0,-232.6,0,58.6,0,-108.7,0,214.5,0,-94,0,158.1,0,-700.8,0,-390.4,0,-235.4,0,-420.2,0,223.9,0,72,0,219.9,0,-62.5,0,288.3,0,-156.3,0,4.9,0,-168.8,0,307.9,0,-127.1,0,94.3,0,-96.9,0,12.6,0,-72.2,0,37.4,0,223.6,0,-305.3,0,143.8,0,-60.7,0,276.4,0,-135.3,0,301.4,0,-130.2,0,148.8,0,-117.9,0,-390.3,0,256.7,0,105.1,0,363.1,0,-262.4,0,-414.6,0,-89.5,0,20.8,0,-225.6,0,204,0,-86.6,0,-10.9,0,40
441,0,3.1,0,197.3,0,-232.6,0,58.6,0,-108.7,0,214.5,0,-94,0,158.1,0,-700.8,0,-390.4,0,-235.4,0,-420.2,0,223.9,0,72,0,219.9,0,-62.5,0,288.3,0,-156.3,0,4.9,0,-168.8,0,307.9,0,-127.1,0,94.3,0,-96.9,0,12.6,0,-72.2,0,37.4,0,223.6,0,-305.3,0,143.8,0,-60.7,0,276.4,0,-135.3,0,301.4,0,-130.2,0,148.8,0,-117.9,0,-390.3,0,256.7,0,105.1,0,363.1,0,-262.4,0,-414.6,0,-89.5,0,20.8,0,-225.6,0,204,0,-86.6,0,-10.9,0,40,0
442,3.1,0,197.3,0,-232.6,0,58.6,0,-108.7,0,214.5,0,-94,0,158.1,0,-700.8,0,-390.4,0,-235.4,0,-420.2,0,223.9,0,72,0,219.9,0,-62.5,0,288.3,0,-156.3,0,4.9,0,-168.8,0,307.9,0,-127.1,0,94.3,0,-96.9,0,12.6,0,-72.2,0,37.4,0,223.6,0,-305.3,0,143.8,0,-60.7,0,276.4,0,-135.3,0,301.4,0,-130.2,0,148.8,0,-117.9,0,-390.3,0,256.7,0,105.1,0,363.1,0,-262.4,0,-414.6,0,-89.5,0,20.8,0,-225.6,0,204,0,-86.6,0,-10.9,0,40,0,-0.6
443,0,197.3,0,-232.6,0,58.6,0,-108.7,0,214.5,0,-94,0,158.1,0,-700.8,0,-390.4,0,-235.4,0,-420.2,0,223.9,0,72,0,219.9,0,-62.5,0,288.3,0,-156.3,0,4.9,0,-168.8,0,307.9,0,-127.1,0,94.3,0,-96.9,0,12.6,0,-72.2,0,37.4,0,223.6,0,-305.3,0,143.8,0,-60.7,0,276.4,0,-135.3,0,301.4,0,-130.2,0,148.8,0,-117.9,0,-390.3,0,256.7,0,105.1,0,363.1,0,-262.4,0,-414.6,0,-89.5,0,20.8,0,-225.6,0,204,0,-86.6,0,-10.9,0,40,0,-0.6,0
444,197.3,0,-232.6,0,58.6,0,-108.7,0,214.5,0,-94,0,158.1,0,-700.8,0,-390.4,0,-235.4,0,-420.2,0,223.9,0,72,0,219.9,0,-62.5,0,288.3,0,-156.3,0,4.9,0,-168.8,0,307.9,0,-127.1,0,94.3,0,-96.9,0,12.6,0,-72.2,0,37.4,0,223.6,0,-305.3,0,143.8,0,-60.7,0,276.4,0,-135.3,0,301.4,0,-130.2,0,148.8,0,-117.9,0,-390.3,0,256.7,0,105.1,0,363.1,0,-262.4,0,-414.6,0,-89.5,0,20.8,0,-225.6,0,204,0,-86.6,0,-10.9,0,40,0,-0.6,0,35.7
445,0,-232.6,0,58.6,0,-108.7,0,214.5,0,-94,0,158.1,0,-700.8,0,-390.4,0,-235.4,0,-420.2,0,223.9,0,72,0,219.9,0,-62.5,0,288.3,0,-156.3,0,4.9,0,-168.8,0,307.9,0,-127.1,0,94.3,0,-96.9,0,12.6,0,-72.2,0,37.4,0,223.6,0,-305.3,0,143.8,0,-60.7,0,276.4,0,-135.3,0,301.4,0,-130.2,0,148.8,0,-117.9,0,-390.3,0,256.7,0,105.1,0,363.1,0,-262.4,0,-414.6,0,-89.5,0,20.8,0,-225.6,0,204,0,-86.6,0,-10.9,0,40,0,-0.6,0,35.7,0
446,-232.6,0,58.6,0,-108.7,0,214.5,0,-94,0,158.1,0,-700.8,0,-390.4,0,-235.4,0,-420.2,0,223.9,0,72,0,219.9,0,-62.5,0,288.3,0,-156.3,0,4.9,0,-168.8,0,307.9,0,-127.1,0,94.3,0,-96.9,0,12.6,0,-72.2,0,37.4,0,223.6,0,-305.3,0,143.8,0,-60.7,0,276.4,0,-135.3,0,301.4,0,-130.2,0,148.8,0,-117.9,0,-390.3,0,256.7,0,105.1,0,363.1,0,-262.4,0,-414.6,0,-89.5,0,20.8,0,-225.6,0,204,0,-86.6,0,-10.9,0,40,0,-0.6,0,35.7,0,-77.6
447,0,58.6,0,-108.7,0,214.5,0,-94,0,158.1,0,-700.8,0,-390.4,0,-235.4,0,-420.2,0,223.9,0,72,0,219.9,0,-62.5,0,288.3,0,-156.3,0,4.9,0,-168.8,0,307.9,0,-127.1,0,94.3,0,-96.9,0,12.6,0,-72.2,0,37.4,0,223.6,0,-305.3,0,143.8,0,-60.7,0,276.4,0,-135.3,0,301.4,0,-130.2,0,148.8,0,-117.9,0,-390.3,0,256.7,0,105.1,0,363.1,0,-262.4,0,-414.6,0,-89.5,0,20.8,0,-225.6,0,204,0,-86.6,0,-10.9,0,40,0,-0.6,0,35.7,0,-77.6,0
448,58.6,0,-108.7,0,214.5,0,-94,0,158.1,0,-700.8,0,-390.4,0,-235.4,0,-420.2,0,223.9,0,72,0,219.9,0,-62.5,0,288.3,0,-156.3,0,4.9,0,-168.8,0,307.9,0,-127.1,0,94.3,0,-96.9,0,12.6,0,-72.2,0,37.4,0,223.6,0,-305.3,0,143.8,0,-60.7,0,276.4,0,-135.3,0,301.4,0,-130.2,0,148.8,0,-117.9,0,-390.3,0,256.7,0,105.1,0,363.1,0,-262.4,0,-414.6,0,-89.5,0,20.8,0,-225.6,0,204,0,-86.6,0,-10.9,0,40,0,-0.6,0,35.7,0,-77.6,0,274
449,0,-108.7,0,214.5,0,-94,0,158.1,0,-700.8,0,-390.4,0,-235.4,0,-420.2,0,223.9,0,72,0,219.9,0,-62.5,0,288.3,0,-156.3,0,4.9,0,-168.8,0,307.9,0,-127.1,0,94.3,0,-96.9,0,12.6,0,-72.2,0,37.4,0,223.6,0,-305.3,0,143.8,0,-60.7,0,276.4,0,-135.3,0,301.4,0,-130.2,0,148.8,0,-117.9,0,-390.3,0,256.7,0,105.1,0,363.1,0,-262.4,0,-414.6,0,-89.5,0,20.8,0,-225.6,0,204,0,-86.6,0,-10.9,0,40,0,-0.6,0,35.7,0,-77.6,0,274,0
450,-108.7,0,214.5,0,-94,0,158.1,0,-700.8,0,-390.4,0,-235.4,0,-420.2,0,223.9,0,72,0,219.9,0,-62.5,0,288.3,0,-156.3,0,4.9,0,-168.8,0,307.9,0,-127.1,0,94.3,0,-96.9,0,12.6,0,-72.2,0,37.4,0,223.6,0,-305.3,0,143.8,0,-60.7,0,276.4,0,-135.3,0,301.4,0,-130.2,0,148.8,0,-117.9,0,-390.3,0,256.7,0,105.1,0,363.1,0,-262.4,0,-414.6,0,-89.5,0,20.8,0,-225.6,0,204,0,-86.6,0,-10.9,0,40,0,-0.6,0,35.7,0,-77.6,0,274,0,-180.6
451,0,214.5,0,-94,0,158.1,0,-700.8,0,-390.4,0,-235.4,0,-420.2,0,223.9,0,72,0,219.9,0,-62.5,0,288.3,0,-156.3,0,4.9,0,-168.8,0,307.9,0,-127.1,0,94.3,0,-96.9,0,12.6,0,-72.2,0,37.4,0,223.6,0,-305.3,0,143.8,0,-60.7,0,276.4,0,-135.3,0,301.4,0,-130.2,0,148.8,0,-117.9,0,-390.3,0,256.7,0,105.1,0,363.1,0,-262.4,0,-414.6,0,-89.5,0,20.8,0,-225.6,0,204,0,-86.6,0,-10.9,0,40,0,-0.6,0,35.7,0,-77.6,0,274,0,-180.6,0
452,214.5,0,-94,0,158.1,0,-700.8,0,-390.4,0,-235.4,0,-420.2,0,223.9,0,72,0,219.9,0,-62.5,0,288.3,0,-156.3,0,4.9,0,-168.8,0,307.9,0,-127.1,0,94.3,0,-96.9,0,12.6,0,-72.2,0,37.4,0,223.6,0,-305.3,0,143.8,0,-60.7,0,276.4,0,-135.3,0,301.4,0,-130.2,0,148.8,0,-117.9,0,-390.3,0,256.7,0,105.1,0,363.1,0,-262.4,0,-414.6,0,-89.5,0,20.8,0,-225.6,0,204,0,-86.6,0,-10.9,0,40,0,-0.6,0,35.7,0,-77.6,0,274,0,-180.6,0,181.8
453,0,-94,0,158.1,0,-700.8,0,-390.4,0,-235.4,0,-420.2,0,223.9,0,72,0,219.9,0,-62.5,0,288.3,0,-156.3,0,4.9,0,-168.8,0,307.9,0,-127.1,0,94.3,0,-96.9,0,12.6,0,-72.2,0,37.4,0,223.6,0,-305.3,0,143.8,0,-60.7,0,276.4,0,-135.3,0,301.4,0,-130.2,0,148.8,0,-117.9,0,-390.3,0,256.7,0,105.1,0,363.1,0,-262.4,0,-414.6,0,-89.5,0,20.8,0,-225.6,0,204,0,-86.6,0,-10.9,0,40,0,-0.6,0,35.7,0,-77.6,0,274,0,-180.6,0,181.8,0
454,-94,0,158.1,0,-700.8,0,-390.4,0,-235.4,0,-420.2,0,223.9,0,72,0,219.9,0,-62.5,0,288.3,0,-156.3,0,4.9,0,-168.8,0,307.9,0,-127.1,0,94.3,0,-96.9,0,12.6,0,-72.2,0,37.4,0,223.6,0,-305.3,0,143.8,0,-60.7,0,276.4,0,-135.3,0,301.4,0,-130.2,0,148.8,0,-117.9,0,-390.3,0,256.7,0,105.1,0,363.1,0,-262.4,0,-414.6,0,-89.5,0,20.8,0,-225.6,0,204,0,-86.6,0,-10.9,0,40,0,-0.6,0,35.7,0,-77.6,0,274,0,-180.6,0,181.8,0,-66.8
455,0,158.1,0,-700.8,0,-390.4,0,-235.4,0,-420.2,0,223.9,0,72,0,219.9,0,-62.5,0,288.3,0,-156.3,0,4.9,0,-168.8,0,307.9,0,-127.1,0,94.3,0,-96.9,0,12.6,0,-72.2,0,37.4,0,223.6,0,-305.3,0,143.8,0,-60.7,0,276.4,0,-135.3,0,301.4,0,-130.2,0,148.8,0,-117.9,0,-390.3,0,256.7,0,105.1,0,363.1,0,-262.4,0,-414.6,0,-89.5,0,20.8,0,-225.6,0,204,0,-86.6,0,-10.9,0,40,0,-0.6,0,35.7,0,-77.6,0,274,0,-180.6,0,181.8,0,-66.8,0
456,158.1,0,-700.8,0,-390.4,0,-235.4,0,-420.2,0,223.9,0,72,0,219.9,0,-62.5,0,288.3,0,-156.3,0,4.9,0,-168.8,0,307.9,0,-127.1,0,94.3,0,-96.9,0,12.6,0,-72.2,0,37.4,0,223.6,0,-305.3,0,143.8,0,-60.7,0,276.4,0,-135.3,0,301.4,0,-130.2,0,148.8,0,-117.9,0,-390.3,0,256.7,0,105.1,0,363.1,0,-262.4,0,-414.6,0,-89.5,0,20.8,0,-225.6,0,204,0,-86.6,0,-10.9,0,40,0,-0.6,0,35.7,0,-77.6,0,274,0,-180.6,0,181.8,0,-66.8,0,282.8
457,0,-700.8,0,-390.4,0,-235.4,0,-420.2,0,223.9,0,72,0,219.9,0,-62.5,0,288.3,0,-156.3,0,4.9,0,-168.8,0,307.9,0,-127.1,0,94.3,0,-96.9,0,12.6,0,-72.2,0,37.4,0,223.6,0,-305.3,0,143.8,0,-60.7,0,276.4,0,-135.3,0,301.4,0,-130.2,0,148.8,0,-117.9,0,-390.3,0,256.7,0,105.1,0,363.1,0,-262.4,0,-414.6,0,-89.5,0,20.8,0,-225.6,0,204,0,-86.6,0,-10.9,0,40,0,-0.6,0,35.7,0,-77.6,0,274,0,-180.6,0,181.8,0,-66.8,0,282.8,0
458,-700.8,0,-390.4,0,-235.4,0,-420.2,0,223.9,0,72,0,219.9,0,-62.5,0,288.3,0,-156.3,0,4.9,0,-168.8,0,307.9,0,-127.1,0,94.3,0,-96.9,0,12.6,0,-72.2,0,37.4,0,223.6,0,-305.3,0,143.8,0,-60.7,0,276.4,0,-135.3,0,301.4,0,-130.2,0,148.8,0,-117.9,0,-390.3,0,256.7,0,105.1,0,363.1,0,-262.4,0,-414.6,0,-89.5,0,20.8,0,-225.6,0,204,0,-86.6,0,-10.9,0,40,0,-0.6,0,35.7,0,-77.6,0,274,0,-180.6,0,181.8,0,-66.8,0,282.8,0,-43.2
459,0,-390.4,0,-235.4,0,-420.2,0,223.9,0,72,0,219.9,0,-62.5,0,288.3,0,-156.3,0,4.9,0,-168.8,0,307.9,0,-127.1,0,94.3,0,-96.9,0,12.6,0,-72.2,0,37.4,0,223.6,0,-305.3,0,143.8,0,-60.7,0,276.4,0,-135.3,0,301.4,0,-130.2,0,148.8,0,-117.9,0,-390.3,0,256.7,0,105.1,0,363.1,0,-262.4,0,-414.6,0,-89.5,0,20.8,0,-225.6,0,204,0,-86.6,0,-10.9,0,40,0,-0.6,0,35.7,0,-77.6,0,274,0,-180.6,0,181.8,0,-66.8,0,282.8,0,-43.2,0
460,-390.4,0,-235.4,0,-420.2,0,223.9,0,72,0,219.9,0,-62.5,0,288.3,0,-156.3,0,4.9,0,-168.8,0,307.9,0,-127.1,0,94.3,0,-96.9,0,12.6,0,-72.2,0,37.4,0,223.6,0,-305.3,0,143.8,0,-60.7,0,276.4,0,-135.3,0,301.4,0,-130.2,0,148.8,0,-117.9,0,-390.3,0,256.7,0,105.1,0,363.1,0,-262.4,0,-414.6,0,-89.5,0,20.8,0,-225.6,0,204,0,-86.6,0,-10.9,0,40,0,-0.6,0,35.7,0,-77.6,0,274,0,-180.6,0,181.8,0,-66.8,0,282.8,0,-43.2,0,-66.7
461,0,-235.4,0,-420.2,0,223.9,0,72,0,219.9,0,-62.5,0,288.3,0,-156.3,0,4.9,0,-168.8,0,307.9,0,-127.1,0,94.3,0,-96.9,0,12.6,0,-72.2,0,37.4,0,223.6,0,-305.3,0,143.8,0,-60.7,0,276.4,0,-135.3,0,301.4,0,-130.2,0,148.8,0,-117.9,0,-390.3,0,256.7,0,105.1,0,363.1,0,-262.4,0,-414.6,0,-89.5,0,20.8,0,-225.6,0,204,0,-86.6,0,-10.9,0,40,0,-0.6,0,35.7,0,-77.6,0,274,0,-180.6,0,181.8,0,-66.8,0,282.8,0,-43.2,0,-66.7,0
462,-235.4,0,-420.2,0,223.9,0,72,0,219.9,0,-62.5,0,288.3,0,-156.3,0,4.9,0,-168.8,0,307.9,0,-127.1,0,94.3,0,-96.9,0,12.6,0,-72.2,0,37.4,0,223.6,0,-305.3,0,143.8,0,-60.7,0,276.4,0,-135.3,0,301.4,0,-130.2,0,148.8,0,-117.9,0,-390.3,0,256.7,0,105.1,0,363.1,0,-262.4,0,-414.6,0,-89.5,0,20.8,0,-225.6,0,204,0,-86.6,0,-10.9,0,40,0,-0.6,0,35.7,0,-77.6,0,274,0,-180.6,0,181.8,0,-66.8,0,282.8,0,-43.2,0,-66.7,0,31.2
463,0,-420.2,0,223.9,0,72,0,219.9,0,-62.5,0,288.3,0,-156.3,0,4.9,0,-168.8,0,307.9,0,-127.1,0,94.3,0,-96.9,0,12.6,0,-72.2,0,37.4,0,223.6,0,-305.3,0,143.8,0,-60.7,0,276.4,0,-135.3,0,301.4,0,-130.2,0,148.8,0,-117.9,0,-390.3,0,256.7,0,105.1,0,363.1,0,-262.4,0,-414.6,0,-89.5,0,20.8,0,-225.6,0,204,0,-86.6,0,-10.9,0,40,0,-0.6,0,35.7,0,-77.6,0,274,0,-180.6,0,181.8,0,-66.8,0,282.8,0,-43.2,0,-66.7,0,31.2,0
464,-420.2,0,223.9,0,72,0,219.9,0,-62.5,0,288.3,0,-156.3,0,4.9,0,-168.8,0,307.9,0,-127.1,0,94.3,0,-96.9,0,12.6,0,-72.2,0,37.4,0,223.6,0,-305.3,0,143.8,0,-60.7,0,276.4,0,-135.3,0,301.4,0,-130.2,0,148.8,0,-117.9,0,-390.3,0,256.7,0,105.1,0,363.1,0,-262.4,0,-414.6,0,-89.5,0,20.8,0,-225.6,0,204,0,-86.6,0,-10.9,0,40,0,-0.6,0,35.7,0,-77.6,0,274,0,-180.6,0,181.8,0,-66.8,0,282.8,0,-43.2,0,-66.7,0,31.2,0,116.2
465,0,223.9,0,72,0,219.9,0,-62.5,0,288.3,0,-156.3,0,4.9,0,-168.8,0,307.9,0,-127.1,0,94.3,0,-96.9,0,12.6,0,-72.2,0,37.4,0,223.6,0,-305.3,0,143.8,0,-60.7,0,276.4,0,-135.3,0,301.4,0,-130.2,0,148.8,0,-117.9,0,-390.3,0,256.7,0,105.1,0,363.1,0,-262.4,0,-414.6,0,-89.5,0,20.8,0,-225.6,0,204,0,-86.6,0,-10.9,0,40,0,-0.6,0,35.7,0,-77.6,0,274,0,-180.6,0,181.8,0,-66.8,0,282.8,0,-43.2,0,-66.7,0,31.2,0,116.2,0
466,223.9,0,72,0,219.9,0,-62.5,0,288.3,0,-156.3,0,4.9,0,-168.8,0,307.9,0,-127.1,0,94.3,0,-96.9,0,12.6,0,-72.2,0,37.4,0,223.6,0,-305.3,0,143.8,0,-60.7,0,276.4,0,-135.3,0,301.4,0,-130.2,0,148.8,0,-117.9,0,-390.3,0,256.7,0,105.1,0,363.1,0,-262.4,0,-414.6,0,-89.5,0,20.8,0,-225.6,0,204,0,-86.6,0,-10.9,0,40,0,-0.6,0,35.7,0,-77.6,0,274,0,-180.6,0,181.8,0,-66.8,0,282.8,0,-43.2,0,-66.7,0,31.2,0,116.2,0,-237.4
467,0,72,0,219.9,0,-62.5,0,288.3,0,-156.3,0,4.9,0,-168.8,0,307.9,0,-127.1,0,94.3,0,-96.9,0,12.6,0,-72.2,0,37.4,0,223.6,0,-305.3,0,143.8,0,-60.7,0,276.4,0,-135.3,0,301.4,0,-130.2,0,148.8,0,-117.9,0,-390.3,0,256.7,0,105.1,0,363.1,0,-262.4,0,-414.6,0,-89.5,0,20.8,0,-225.6,0,204,0,-86.6,0,-10.9,0,40,0,-0.6,0,35.7,0,-77.6,0,274,0,-180.6,0,181.8,0,-66.8,0,282.8,0,-43.2,0,-66.7,0,31.2,0,116.2,0,-237.4,0
468,72,0,219.9,0,-62.5,0,288.3,0,-156.3,0,4.9,0,-168.8,0,307.9,0,-127.1,0,94.3,0,-96.9,0,12.6,0,-72.2,0,37.4,0,223.6,0,-305.3,0,143.8,0,-60.7,0,276.4,0,-135.3,0,301.4,0,-130.2,0,148.8,0,-117.9,0,-390.3,0,256.7,0,105.1,0,363.1,0,-262.4,0,-414.6,0,-89.5,0,20.8,0,-225.6,0,204,0,-86.6,0,-10.9,0,40,0,-0.6,0,35.7,0,-77.6,0,274,0,-180.6,0,181.8,0,-66.8,0,282.8,0,-43.2,0,-66.7,0,31.2,0,116.2,0,-237.4,0,-254.1
469,0,219.9,0,-62.5,0,288.3,0,-156.3,0,4.9,0,-168.8,0,307.9,0,-127.1,0,94.3,0,-96.9,0,12.6,0,-72.2,0,37.4,0,223.6,0,-305.3,0,143.8,0,-60.7,0,276.4,0,-135.3,0,301.4,0,-130.2,0,148.8,0,-117.9,0,-390.3,0,256.7,0,105.1,0,363.1,0,-262.4,0,-414.6,0,-89.5,0,20.8,0,-225.6,0,204,0,-86.6,0,-10.9,0,40,0,-0.6,0,35.7,0,-77.6,0,274,0,-180.6,0,181.8,0,-66.8,0,282.8,0,-43.2,0,-66.7,0,31.2,0,116.2,0,-237.4,0,-254.1,0
470,219.9,0,-62.5,0,288.3,0,-156.3,0,4.9,0,-168.8,0,307.9,0,-127.1,0,94.3,0,-96.9,0,12.6,0,-72.2,0,37.4,0,223.6,0,-305.3,0,143.8,0,-60.7,0,276.4,0,-135.3,0,301.4,0,-130.2,0,148.8,0,-117.9,0,-390.3,0,256.7,0,105.1,0,363.1,0,-262.4,0,-414.6,0,-89.5,0,20.8,0,-225.6,0,204,0,-86.6,0,-10.9,0,40,0,-0.6,0,35.7,0,-77.6,0,274,0,-180.6,0,181.8,0,-66.8,0,282.8,0,-43.2,0,-66.7,0,31.2,0,116.2,0,-237.4,0,-254.1,0,155.9
471,0,-62.5,0,288.3,0,-156.3,0,4.9,0,-168.8,0,307.9,0,-127.1,0,94.3,0,-96.9,0,12.6,0,-72.2,0,37.4,0,223.6,0,-305.3,0,143.8,0,-60.7,0,276.4,0,-135.3,0,301.4,0,-130.2,0,148.8,0,-117.9,0,-390.3,0,256.7,0,105.1,0,363.1,0,-262.4,0,-414.6,0,-89.5,0,20.8,0,-225.6,0,204,0,-86.6,0,-10.9,0,40,0,-0.6,0,35.7,0,-77.6,0,274,0,-180.6,0,181.8,0,-66.8,0,282.8,0,-43.2,0,-66.7,0,31.2,0,116.2,0,-237.4,0,-254.1,0,155.9,0
472,-62.5,0,288.3,0,-156.3,0,4.9,0,-168.8,0,307.9,0,-127.1,0,94.3,0,-96.9,0,12.6,0,-72.2,0,37.4,0,223.6,0,-305.3,0,143.8,0,-60.7,0,276.4,0,-135.3,0,301.4,0,-130.2,0,148.8,0,-117.9,0,-390.3,0,256.7,0,105.1,0,363.1,0,-262.4,0,-414.6,0,-89.5,0,20.8,0,-225.6,0,204,0,-86.6,0,-10.9,0,40,0,-0.6,0,35.7,0,-77.6,0,274,0,-180.6,0,181.8,0,-66.8,0,282.8,0,-43.2,0,-66.7,0,31.2,0,116.2,0,-237.4,0,-254.1,0,155.9,0,191.1
473,0,288.3,0,-156.3,0,4.9,0,-168.8,0,307.9,0,-127.1,0,94.3,0,-96.9,0,12.6,0,-72.2,0,37.4,0,223.6,0,-305.3,0,143.8,0,-60.7,0,276.4,0,-135.3,0,301.4,0,-130.2,0,148.8,0,-117.9,0,-390.3,0,256.7,0,105.1,0,363.1,0,-262.4,0,-414.6,0,-89.5,0,20.8,0,-225.6,0,204,0,-86.6,0,-10.9,0,40,0,-0.6,0,35.7,0,-77.6,0,274,0,-180.6,0,181.8,0,-66.8,0,282.8,0,-43.2,0,-66.7,0,31.2,0,116.2,0,-237.4,0,-254.1,0,155.9,0,191.1,0
474,288.3,0,-156.3,0,4.9,0,-168.8,0,307.9,0,-127.1,0,94.3,0,-96.9,0,12.6,0,-72.2,0,37.4,0,223.6,0,-305.3,0,143.8,0,-60.7,0,276.4,0,-135.3,0,301.4,0,-130.2,0,148.8,0,-117.9,0,-390.3,0,256.7,0,105.1,0,363.1,0,-262.4,0,-414.6,0,-89.5,0,20.8,0,-225.6,0,204,0,-86.6,0,-10.9,0,40,0,-0.6,0,35.7,0,-77.6,0,274,0,-180.6,0,181.8,0,-66.8,0,282.8,0,-43.2,0,-66.7,0,31.2,0,116.2,0,-237.4,0,-254.1,0,155.9,0,191.1,0,-102.9
475,0,-156.3,0,4.9,0,-168.8,0,307.9,0,-127.1,0,94.3,0,-96.9,0,12.6,0,-72.2,0,37.4,0,223.6,0,-305.3,0,143.8,0,-60.7,0,276.4,0,-135.3,0,301.4,0,-130.2,0,148.8,0,-117.9,0,-390.3,0,256.7,0,105.1,0,363.1,0,-262.4,0,-414.6,0,-89.5,0,20.8,0,-225.6,0,204,0,-86.6,0,-10.9,0,40,0,-0.6,0,35.7,0,-77.6,0,274,0,-180.6,0,181.8,0,-66.8,0,282.8,0,-43.2,0,-66.7,0,31.2,0,116.2,0,-237.4,0,-254.1,0,155.9,0,191.1,0,-102.9,0
476,-156.3,0,4.9,0,-168.8,0,307.9,0,-127.1,0,94.3,0,-96.9,0,12.6,0,-72.2,0,37.4,0,223.6,0,-305.3,0,143.8,0,-60.7,0,276.4,0,-135.3,0,301.4,0,-130.2,0,148.8,0,-117.9,0,-390.3,0,256.7,0,105.1,0,363.1,0,-262.4,0,-414.6,0,-89.5,0,20.8,0,-225.6,0,204,0,-86.6,0,-10.9,0,40,0,-0.6,0,35.7,0,-77.6,0,274,0,-180.6,0,181.8,0,-66.8,0,282.8,0,-43.2,0,-66.7,0,31.2,0,116.2,0,-237.4,0,-254.1,0,155.9,0,191.1,0,-102.9,0,72.9
477,0,4.9,0,-168.8,0,307.9,0,-127.1,0,94.3,0,-96.9,0,12.6,0,-72.2,0,37.4,0,223.6,0,-305.3,0,143.8,0,-60.7,0,276.4,0,-135.3,0,301.4,0,-130.2,0,148.8,0,-117.9,0,-390.3,0,256.7,0,105.1,0,363.1,0,-262.4,0,-414.6,0,-89.5,0,20.8,0,-225.6,0,204,0,-86.6,0,-10.9,0,40,0,-0.6,0,35.7,0,-77.6,0,274,0,-180.6,0,181.8,0,-66.8,0,282.8,0,-43.2,0,-66.7,0,31.2,0,116.2,0,-237.4,0,-254.1,0,155.9,0,191.1,0,-102.9,0,72.9,0
478,4.9,0,-168.8,0,307.9,0,-127.1,0,94.3,0,-96.9,0,12.6,0,-72.2,0,37.4,0,223.6,0,-305.3,0,143.8,0,-60.7,0,276.4,0,-135.3,0,301.4,0,-130.2,0,148.8,0,-117.9,0,-390.3,0,256.7,0,105.1,0,363.1,0,-262.4,0,-414.6,0,-89.5,0,20.8,0,-225.6,0,204,0,-86.6,0,-10.9,0,40,0,-0.6,0,35.7,0,-77.6,0,274,0,-180.6,0,181.8,0,-66.8,0,282.8,0,-43.2,0,-66.7,0,31.2,0,116.2,0,-237.4,0,-254.1,0,155.9,0,191.1,0,-102.9,0,72.9,0,229.9
479,0,-168.8,0,307.9,0,-127.1,0,94.3,0,-96.9,0,12.6,0,-72.2,0,37.4,0,223.6,0,-305.3,0,143.8,0,-60.7,0,276.4,0,-135.3,0,301.4,0,-130.2,0,148.8,0,-117.9,0,-390.3,0,256.7,0,105.1,0,363.1,0,-262.4,0,-414.6,0,-89.5,0,20.8,0,-225.6,0,204,0,-86.6,0,-10.9,0,40,0,-0.6,0,35.7,0,-77.6,0,274,0,-180.6,0,181.8,0,-66.8,0,282.8,0,-43.2,0,-66.7,0,31.2,0,116.2,0,-237.4,0,-254.1,0,155.9,0,191.1,0,-102.9,0,72.9,0,229.9,0
480,-168.8,0,307.9,0,-127.1,0,94.3,0,-96.9,0,12.6,0,-72.2,0,37.4,0,223.6,0,-305.3,0,143.8,0,-60.7,0,276.4,0,-135.3,0,301.4,0,-130.2,0,148.8,0,-117.9,0,-390.3,0,256.7,0,105.1,0,363.1,0,-262.4,0,-414.6,0,-89.5,0,20.8,0,-225.6,0,204,0,-86.6,0,-10.9,0,40,0,-0.6,0,35.7,0,-77.6,0,274,0,-180.6,0,181.8,0,-66.8,0,282.8,0,-43.2,0,-66.7,0,31.2,0,116.2,0,-237.4,0,-254.1,0,155.9,0,191.1,0,-102.9,0,72.9,0,229.9,0,42.9
481,0,307.9,0,-127.1,0,94.3,0,-96.9,0,12.6,0,-72.2,0,37.4,0,223.6,0,-305.3,0,143.8,0,-60.7,0,276.4,0,-135.3,0,301.4,0,-130.2,0,148.8,0,-117.9,0,-390.3,0,256.7,0,105.1,0,363.1,0,-262.4,0,-414.6,0,-89.5,0,20.8,0,-225.6,0,204,0,-86.6,0,-10.9,0,40,0,-0.6,0,35.7,0,-77.6,0,274,0,-180.6,0,181.8,0,-66.8,0,282.8,0,-43.2,0,-66.7,0,31.2,0,116.2,0,-237.4,0,-254.1,0,155.9,0,191.1,0,-102.9,0,72.9,0,229.9,0,42.9,0
482,307.9,0,-127.1,0,94.3,0,-96.9,0,12.6,0,-72.2,0,37.4,0,223.6,0,-305.3,0,143.8,0,-60.7,0,276.4,0,-135.3,0,301.4,0,-130.2,0,148.8,0,-117.9,0,-390.3,0,256.7,0,105.1,0,363.1,0,-262.4,0,-414.6,0,-89.5,0,20.8,0,-225.6,0,204,0,-86.6,0,-10.9,0,40,0,-0.6,0,35.7,0,-77.6,0,274,0,-180.6,0,181.8,0,-66.8,0,282.8,0,-43.2,0,-66.7,0,31.2,0,116.2,0,-237.4,0,-254.1,0,155.9,0,191.1,0,-102.9,0,72.9,0,229.9,0,42.9,0,-179.3
483,0,-127.1,0,94.3,0,-96.9,0,12.6,0,-72.2,0,37.4,0,223.6,0,-305.3,0,143.8,0,-60.7,0,276.4,0,-135.3,0,301.4,0,-130.2,0,148.8,0,-117.9,0,-390.3,0,256.7,0,105.1,0,363.1,0,-262.4,0,-414.6,0,-89.5,0,20.8,0,-225.6,0,204,0,-86.6,0,-10.9,0,40,0,-0.6,0,35.7,0,-77.6,0,274,0,-180.6,0,181.8,0,-66.8,0,282.8,0,-43.2,0,-66.7,0,31.2,0,116.2,0,-237.4,0,-254.1,0,155.9,0,191.1,0,-102.9,0,72.9,0,229.9,0,42.9,0,-179.3,0
484,-127.1,0,94.3,0,-96.9,0,12.6,0,-72.2,0,37.4,0,223.6,0,-305.3,0,143.8,0,-60.7,0,276.4,0,-135.3,0,301.4,0,-130.2,0,148.8,0,-117.9,0,-390.3,0,256.7,0,105.1,0,363.1,0,-262.4,0,-414.6,0,-89.5,0,20.8,0,-225.6,0,204,0,-86.6,0,-10.9,0,40,0,-0.6,0,35.7,0,-77.6,0,274,0,-180.6,0,181.8,0,-66.8,0,282.8,0,-43.2,0,-66.7,0,31.2,0,116.2,0,-237.4,0,-254.1,0,155.9,0,191.1,0,-102.9,0,72.9,0,229.9,0,42.9,0,-179.3,0,78.9
485,0,94.3,0,-96.9,0,12.6,0,-72.2,0,37.4,0,223.6,0,-305.3,0,143.8,0,-60.7,0,276.4,0,-135.3,0,301.4,0,-130.2,0,148.8,0,-117.9,0,-390.3,0,256.7,0,105.1,0,363.1,0,-262.4,0,-414.6,0,-89.5,0,20.8,0,-225.6,0,204,0,-86.6,0,-10.9,0,40,0,-0.6,0,35.7,0,-77.6,0,274,0,-180.6,0,181.8,0,-66.8,0,282.8,0,-43.2,0,-66.7,0,31.2,0,116.2,0,-237.4,0,-254.1,0,155.9,0,191.1,0,-102.9,0,72.9,0,229.9,0,42.9,0,-179.3,0,78.9,0
486,94.3,0,-96.9,0,12.6,0,-72.2,0,37.4,0,223.6,0,-305.3,0,143.8,0,-60.7,0,276.4,0,-135.3,0,301.4,0,-130.2,0,148.8,0,-117.9,0,-390.3,0,256.7,0,105.1,0,363.1,0,-262.4,0,-414.6,0,-89.5,0,20.8,0,-225.6,0,204,0,-86.6,0,-10.9,0,40,0,-0.6,0,35.7,0,-77.6,0,274,0,-180.6,0,181.8,0,-66.8,0,282.8,0,-43.2,0,-66.7,0,31.2,0,116.2,0,-237.4,0,-254.1,0,155.9,0,191.1,0,-102.9,0,72.9,0,229.9,0,42.9,0,-179.3,0,78.9,0,53.6
487,0,-96.9,0,12.6,0,-72.2,0,37.4,0,223.6,0,-305.3,0,143.8,0,-60.7,0,276.4,0,-135.3,0,301.4,0,-130.2,0,148.8,0,-117.9,0,-390.3,0,256.7,0,105.1,0,363.1,0,-262.4,0,-414.6,0,-89.5,0,20.8,0,-225.6,0,204,0,-86.6,0,-10.9,0,40,0,-0.6,0,35.7,0,-77.6,0,274,0,-180.6,0,181.8,0,-66.8,0,282.8,0,-43.2,0,-66.7,0,31.2,0,116.2,0,-237.4,0,-254.1,0,155.9,0,191.1,0,-102.9,0,72.9,0,229.9,0,42.9,0,-179.3,0,78.9,0,53.6,0
488,-96.9,0,12.6,0,-72.2,0,37.4,0,223.6,0,-305.3,0,143.8,0,-60.7,0,276.4,0,-135.3,0,301.4,0,-130.2,0,148.8,0,-117.9,0,-390.3,0,256.7,0,105.1,0,363.1,0,-262.4,0,-414.6,0,-89.5,0,20.8,0,-225.6,0,204,0,-86.6,0,-10.9,0,40,0,-0.6,0,35.7,0,-77.6,0,274,0,-180.6,0,181.8,0,-66.8,0,282.8,0,-43.2,0,-66.7,0,31.2,0,116.2,0,-237.4,0,-254.1,0,155.9,0,191.1,0,-102.9,0,72.9,0,229.9,0,42.9,0,-179.3,0,78.9,0,53.6,0,-11.8
489,0,12.6,0,-72.2,0,37.4,0,223.6,0,-305.3,0,143.8,0,-60.7,0,276.4,0,-135.3,0,301.4,0,-130.2,0,148.8,0,-117.9,0,-390.3,0,256.7,0,105.1,0,363.1,0,-262.4,0,-414.6,0,-89.5,0,20.8,0,-225.6,0,204,0,-86.6,0,-10.9,0,40,0,-0.6,0,35.7,0,-77.6,0,274,0,-180.6,0,181.8,0,-66.8,0,282.8,0,-43.2,0,-66.7,0,31.2,0,116.2,0,-237.4,0,-254.1,0,155.9,0,191.1,0,-102.9,0,72.9,0,229.9,0,42.9,0,-179.3,0,78.9,0,53.6,0,-11.8,0
490,12.6,0,-72.2,0,37.4,0,223.6,0,-305.3,0,143.8,0,-60.7,0,276.4,0,-135.3,0,301.4,0,-130.2,0,148.8,0,-117.9,0,-390.3,0,256.7,0,105.1,0,363.1,0,-262.4,0,-414.6,0,-89.5,0,20.8,0,-225.6,0,204,0,-86.6,0,-10.9,0,40,0,-0.6,0,35.7,0,-77.6,0,274,0,-180.6,0,181.8,0,-66.8,0,282.8,0,-43.2,0,-66.7,0,31.2,0,116.2,0,-237.4,0,-254.1,0,155.9,0,191.1,0,-102.9,0,72.9,0,229.9,0,42.9,0,-179.3,0,78.9,0,53.6,0,-11.8,0,-34.4
491,0,-72.2,0,37.4,0,223.6,0,-305.3,0,143.8,0,-60.7,0,276.4,0,-135.3,0,301.4,0,-130.2,0,148.8,0,-117.9,0,-390.3,0,256.7,0,105.1,0,363.1,0,-262.4,0,-414.6,0,-89.5,0,20.8,0,-225.6,0,204,0,-86.6,0,-10.9,0,40,0,-0.6,0,35.7,0,-77.6,0,274,0,-180.6,0,181.8,0,-66.8,0,282.8,0,-43.2,0,-66.7,0,31.2,0,116.2,0,-237.4,0,-254.1,0,155.9,0,191.1,0,-102.9,0,72.9,0,229.9,0,42.9,0,-179.3,0,78.9,0,53.6,0,-11.8,0,-34.4,0
492,-72.2,0,37.4,0,223.6,0,-305.3,0,143.8,0,-60.7,0,276.4,0,-135.3,0,301.4,0,-130.2,0,148.8,0,-117.9,0,-390.3,0,256.7,0,105.1,0,363.1,0,-262.4,0,-414.6,0,-89.5,0,20.8,0,-225.6,0,204,0,-86.6,0,-10.9,0,40,0,-0.6,0,35.7,0,-77.6,0,274,0,-180.6,0,181.8,0,-66.8,0,282.8,0,-43.2,0,-66.7,0,31.2,0,116.2,0,-237.4,0,-254.1,0,155.9,0,191.1,0,-102.9,0,72.9,0,229.9,0,42.9,0,-179.3,0,78.9,0,53.6,0,-11.8,0,-34.4,0,125.6
493,0,37.4,0,223.6,0,-305.3,0,143.8,0,-60.7,0,276.4,0,-135.3,0,301.4,0,-130.2,0,148.8,0,-117.9,0,-390.3,0,256.7,0,105.1,0,363.1,0,-262.4,0,-414.6,0,-89.5,0,20.8,0,-225.6,0,204,0,-86.6,0,-10.9,0,40,0,-0.6,0,35.7,0,-77.6,0,274,0,-180.6,0,181.8,0,-66.8,0,282.8,0,-43.2,0,-66.7,0,31.2,0,116.2,0,-237.4,0,-254.1,0,155.9,0,191.1,0,-102.9,0,72.9,0,229.9,0,42.9,0,-179.3,0,78.9,0,53.6,0,-11.8,0,-34.4,0,125.6,0
494,37.4,0,223.6,0,-305.3,0,143.8,0,-60.7,0,276.4,0,-135.3,0,301.4,0,-130.2,0,148.8,0,-117.9,0,-390.3,0,256.7,0,105.1,0,363.1,0,-262.4,0,-414.6,0,-89.5,0,20.8,0,-225.6,0,204,0,-86.6,0,-10.9,0,40,0,-0.6,0,35.7,0,-77.6,0,274,0,-180.6,0,181.8,0,-66.8,0,282.8,0,-43.2,0,-66.7,0,31.2,0,116.2,0,-237.4,0,-254.1,0,155.9,0,191.1,0,-102.9,0,72.9,0,229.9,0,42.9,0,-179.3,0,78.9,0,53.6,0,-11.8,0,-34.4,0,125.6,0,-238.2
495,0,223.6,0,-305.3,0,143.8,0,-60.7,0,276.4,0,-135.3,0,301.4,0,-130.2,0,148.8,0,-117.9,0,-390.3,0,256.7,0,105.1,0,363.1,0,-262.4,0,-414.6,0,-89.5,0,20.8,0,-225.6,0,204,0,-86.6,0,-10.9,0,40,0,-0.6,0,35.7,0,-77.6,0,274,0,-180.6,0,181.8,0,-66.8,0,282.8,0,-43.2,0,-66.7,0,31.2,0,116.2,0,-237.4,0,-254.1,0,155.9,0,191.1,0,-102.9,0,72.9,0,229.9,0,42.9,0,-179.3,0,78.9,0,53.6,0,-11.8,0,-34.4,0,125.6,0,-238.2,0
496,223.6,0,-305.3,0,143.8,0,-60.7,0,276.4,0,-135.3,0,301.4,0,-130.2,0,148.8,0,-117.9,0,-390.3,0,256.7,0,105.1,0,363.1,0,-262.4,0,-414.6,0,-89.5,0,20.8,0,-225.6,0,204,0,-86.6,0,-10.9,0,40,0,-0.6,0,35.7,0,-77.6,0,274,0,-180.6,0,181.8,0,-66.8,0,282.8,0,-43.2,0,-66.7,0,31.2,0,116.2,0,-237.4,0,-254.1,0,155.9,0,191.1,0,-102.9,0,72.9,0,229.9,0,42.9,0,-179.3,0,78.9,0,53.6,0,-11.8,0,-34.4,0,125.6,0,-238.2,0,205.5
497,0,-305.3,0,143.8,0,-60.7,0,276.4,0,-135.3,0,301.4,0,-130.2,0,148.8,0,-117.9,0,-390.3,0,256.7,0,105.1,0,363.1,0,-262.4,0,-414.6,0,-89.5,0,20.8,0,-225.6,0,204,0,-86.6,0,-10.9,0,40,0,-0.6,0,35.7,0,-77.6,0,274,0,-180.6,0,181.8,0,-66.8,0,282.8,0,-43.2,0,-66.7,0,31.2,0,116.2,0,-237.4,0,-254.1,0,155.9,0,191.1,0,-102.9,0,72.9,0,229.9,0,42.9,0,-179.3,0,78.9,0,53.6,0,-11.8,0,-34.4,0,125.6,0,-238.2,0,205.5,0
498,-305.3,0,143.8,0,-60.7,0,276.4,0,-135.3,0,301.4,0,-130.2,0,148.8,0,-117.9,0,-390.3,0,256.7,0,105.1,0,363.1,0,-262.4,0,-414.6,0,-89.5,0,20.8,0,-225.6,0,204,0,-86.6,0,-10.9,0,40,0,-0.6,0,35.7,0,-77.6,0,274,0,-180.6,0,181.8,0,-66.8,0,282.8,0,-43.2,0,-66.7,0,31.2,0,116.2,0,-237.4,0,-254.1,0,155.9,0,191.1,0,-102.9,0,72.9,0,229.9,0,42.9,0,-179.3,0,78.9,0,53.6,0,-11.8,0,-34.4,0,125.6,0,-238.2,0,205.5,0,-72.9
499,0,143.8,0,-60.7,0,276.4,0,-135.3,0,301.4,0,-130.2,0,148.8,0,-117.9,0,-390.3,0,256.7,0,105.1,0,363.1,0,-262.4,0,-414.6,0,-89.5,0,20.8,0,-225.6,0,204,0,-86.6,0,-10.9,0,40,0,-0.6,0,35.7,0,-77.6,0,274,0,-180.6,0,181.8,0,-66.8,0,282.8,0,-43.2,0,-66.7,0,31.2,0,116.2,0,-237.4,0,-254.1,0,155.9,0,191.1,0,-102.9,0,72.9,0,229.9,0,42.9,0,-179.3,0,78.9,0,53.6,0,-11.8,0,-34.4,0,125.6,0,-238.2,0,205.5,0,-72.9,0
500,143.8,0,-60.7,0,276.4,0,-135.3,0,301.4,0,-130.2,0,148.8,0,-117.9,0,-390.3,0,256.7,0,105.1,0,363.1,0,-262.4,0,-414.6,0,-89.5,0,20.8,0,-225.6,0,204,0,-86.6,0,-10.9,0,40,0,-0.6,0,35.7,0,-77.6,0,274,0,-180.6,0,181.8,0,-66.8,0,282.8,0,-43.2,0,-66.7,0,31.2,0,116.2,0,-237.4,0,-254.1,0,155.9,0,191.1,0,-102.9,0,72.9,0,229.9,0,42.9,0,-179.3,0,78.9,0,53.6,0,-11.8,0,-34.4,0,125.6,0,-238.2,0,205.5,0,-72.9,0,140.6
501,0,-60.7,0,276.4,0,-135.3,0,301.4,0,-130.2,0,148.8,0,-117.9,0,-390.3,0,256.7,0,105.1,0,363.1,0,-262.4,0,-414.6,0,-89.5,0,20.8,0,-225.6,0,204,0,-86.6,0,-10.9,0,40,0,-0.6,0,35.7,0,-77.6,0,274,0,-180.6,0,181.8,0,-66.8,0,282.8,0,-43.2,0,-66.7,0,31.2,0,116.2,0,-237.4,0,-254.1,0,155.9,0,191.1,0,-102.9,0,72.9,0,229.9,0,42.9,0,-179.3,0,78.9,0,53.6,0,-11.8,0,-34.4,0,125.6,0,-238.2,0,205.5,0,-72.9,0,140.6,0
502,-60.7,0,276.4,0,-135.3,0,301.4,0,-130.2,0,148.8,0,-117.9,0,-390.3,0,256.7,0,105.1,0,363.1,0,-262.4,0,-414.6,0,-89.5,0,20.8,0,-225.6,0,204,0,-86.6,0,-10.9,0,40,0,-0.6,0,35.7,0,-77.6,0,274,0,-180.6,0,181.8,0,-66.8,0,282.8,0,-43.2,0,-66.7,0,31.2,0,116.2,0,-237.4,0,-254.1,0,155.9,0,191.1,0,-102.9,0,72.9,0,229.9,0,42.9,0,-179.3,0,78.9,0,53.6,0,-11.8,0,-34.4,0,125.6,0,-238.2,0,205.5,0,-72.9,0,140.6,0,-132
503,0,276.4,0,-135.3,0,301.4,0,-130.2,0,148.8,0,-117.9,0,-390.3,0,256.7,0,105.1,0,363.1,0,-262.4,0,-414.6,0,-89.5,0,20.8,0,-225.6,0,204,0,-86.6,0,-10.9,0,40,0,-0.6,0,35.7,0,-77.6,0,274,0,-180.6,0,181.8,0,-66.8,0,282.8,0,-43.2,0,-66.7,0,31.2,0,116.2,0,-237.4,0,-254.1,0,155.9,0,191.1,0,-102.9,0,72.9,0,229.9,0,42.9,0,-179.3,0,78.9,0,53.6,0,-11.8,0,-34.4,0,125.6,0,-238.2,0,205.5,0,-72.9,0,140.6,0,-132,0
504,276.4,0,-135.3,0,301.4,0,-130.2,0,148.8,0,-117.9,0,-390.3,0,256.7,0,105.1,0,363.1,0,-262.4,0,-414.6,0,-89.5,0,20.8,0,-225.6,0,204,0,-86.6,0,-10.9,0,40,0,-0.6,0,35.7,0,-77.6,0,274,0,-180.6,0,181.8,0,-66.8,0,282.8,0,-43.2,0,-66.7,0,31.2,0,116.2,0,-237.4,0,-254.1,0,155.9,0,191.1,0,-102.9,0,72.9,0,229.9,0,42.9,0,-179.3,0,78.9,0,53.6,0,-11.8,0,-34.4,0,125.6,0,-238.2,0,205.5,0,-72.9,0,140.6,0,-132,0,117.9
505,0,-135.3,0,301.4,0,-130.2,0,148.8,0,-117.9,0,-390.3,0,256.7,0,105.1,0,363.1,0,-262.4,0,-414.6,0,-89.5,0,20.8,0,-225.6,0,204,0,-86.6,0,-10.9,0,40,0,-0.6,0,35.7,0,-77.6,0,274,0,-180.6,0,181.8,0,-66.8,0,282.8,0,-43.2,0,-66.7,0,31.2,0,116.2,0,-237.4,0,-254.1,0,155.9,0,191.1,0,-102.9,0,72.9,0,229.9,0,42.9,0,-179.3,0,78.9,0,53.6,0,-11.8,0,-34.4,0,125.6,0,-238.2,0,205.5,0,-72.9,0,140.6,0,-132,0,117.9,0
506,-135.3,0,301.4,0,-130.2,0,148.8,0,-117.9,0,-390.3,0,256.7,0,105.1,0,363.1,0,-262.4,0,-414.6,0,-89.5,0,20.8,0,-225.6,0,204,0,-86.6,0,-10.9,0,40,0,-0.6,0,35.7,0,-77.6,0,274,0,-180.6,0,181.8,0,-66.8,0,282.8,0,-43.2,0,-66.7,0,31.2,0,116.2,0,-237.4,0,-254.1,0,155.9,0,191.1,0,-102.9,0,72.9,0,229.9,0,42.9,0,-179.3,0,78.9,0,53.6,0,-11.8,0,-34.4,0,125.6,0,-238.2,0,205.5,0,-72.9,0,140.6,0,-132,0,117.9,0,101.1
507,0,301.4,0,-130.2,0,148.8,0,-117.9,0,-390.3,0,256.7,0,105.1,0,363.1,0,-262.4,0,-414.6,0,-89.5,0,20.8,0,-225.6,0,204,0,-86.6,0,-10.9,0,40,0,-0.6,0,35.7,0,-77.6,0,274,0,-180.6,0,181.8,0,-66.8,0,282.8,0,-43.2,0,-66.7,0,31.2,0,116.2,0,-237.4,0,-254.1,0,155.9,0,191.1,0,-102.9,0,72.9,0,229.9,0,42.9,0,-179.3,0,78.9,0,53.6,0,-11.8,0,-34.4,0,125.6,0,-238.2,0,205.5,0,-72.9,0,140.6,0,-132,0,117.9,0,101.1,0
508,301.4,0,-130.2,0,148.8,0,-117.9,0,-390.3,0,256.7,0,105.1,0,363.1,0,-262.4,0,-414.6,0,-89.5,0,20.8,0,-225.6,0,204,0,-86.6,0,-10.9,0,40,0,-0.6,0,35.7,0,-77.6,0,274,0,-180.6,0,181.8,0,-66.8,0,282.8,0,-43.2,0,-66.7,0,31.2,0,116.2,0,-237.4,0,-254.1,0,155.9,0,191.1,0,-102.9,0,72.9,0,229.9,0,42.9,0,-179.3,0,78.9,0,53.6,0,-11.8,0,-34.4,0,125.6,0,-238.2,0,205.5,0,-72.9,0,140.6,0,-132,0,117.9,0,101.1,0,-80.8
509,0,-130.2,0,148.8,0,-117.9,0,-390.3,0,256.7,0,105.1,0,363.1,0,-262.4,0,-414.6,0,-89.5,0,20.8,0,-225.6,0,204,0,-86.6,0,-10.9,0,40,0,-0.6,0,35.7,0,-77.6,0,274,0,-180.6,0,181.8,0,-66.8,0,282.8,0,-43.2,0,-66.7,0,31.2,0,116.2,0,-237.4,0,-254.1,0,155.9,0,191.1,0,-102.9,0,72.9,0,229.9,0,42.9,0,-179.3,0,78.9,0,53.6,0,-11.8,0,-34.4,0,125.6,0,-238.2,0,205.5,0,-72.9,0,140.6,0,-132,0,117.9,0,101.1,0,-80.8,0
510,-130.2,0,148.8,0,-117.9,0,-390.3,0,256.7,0,105.1,0,363.1,0,-262.4,0,-414.6,0,-89.5,0,20.8,0,-225.6,0,204,0,-86.6,0,-10.9,0,40,0,-0.6,0,35.7,0,-77.6,0,274,0,-180.6,0,181.8,0,-66.8,0,282.8,0,-43.2,0,-66.7,0,31.2,0,116.2,0,-237.4,0,-254.1,0,155.9,0,191.1,0,-102.9,0,72.9,0,229.9,0,42.9,0,-179.3,0,78.9,0,53.6,0,-11.8,0,-34.4,0,125.6,0,-238.2,0,205.5,0,-72.9,0,140.6,0,-132,0,117.9,0,101.1,0,-80.8,0,170.7
511,0,148.8,0,-117.9,0,-390.3,0,256.7,0,105.1,0,363.1,0,-262.4,0,-414.6,0,-89.5,0,20.8,0,-225.6,0,204,0,-86.6,0,-10.9,0,40,0,-0.6,0,35.7,0,-77.6,0,274,0,-180.6,0,181.8,0,-66.8,0,282.8,0,-43.2,0,-66.7,0,31.2,0,116.2,0,-237.4,0,-254.1,0,155.9,0,191.1,0,-102.9,0,72.9,0,229.9,0,42.9,0,-179.3,0,78.9,0,53.6,0,-11.8,0,-34.4,0,125.6,0,-238.2,0,205.5,0,-72.9,0,140.6,0,-132,0,117.9,0,101.1,0,-80.8,0,170.7,0
512,148.8,0,-117.9,0,-390.3,0,256.7,0,105.1,0,363.1,0,-262.4,0,-414.6,0,-89.5,0,20.8,0,-225.6,0,204,0,-86.6,0,-10.9,0,40,0,-0.6,0,35.7,0,-77.6,0,274,0,-180.6,0,181.8,0,-66.8,0,282.8,0,-43.2,0,-66.7,0,31.2,0,116.2,0,-237.4,0,-254.1,0,155.9,0,191.1,0,-102.9,0,72.9,0,229.9,0,42.9,0,-179.3,0,78.9,0,53.6,0,-11.8,0,-34.4,0,125.6,0,-238.2,0,205.5,0,-72.9,0,140.6,0,-132,0,117.9,0,101.1,0,-80.8,0,170.7,0,-80.2
513,0,-117.9,0,-390.3,0,256.7,0,105.1,0,363.1,0,-262.4,0,-414.6,0,-89.5,0,20.8,0,-225.6,0,204,0,-86.6,0,-10.9,0,40,0,-0.6,0,35.7,0,-77.6,0,274,0,-180.6,0,181.8,0,-66.8,0,282.8,0,-43.2,0,-66.7,0,31.2,0,116.2,0,-237.4,0,-254.1,0,155.9,0,191.1,0,-102.9,0,72.9,0,229.9,0,42.9,0,-179.3,0,78.9,0,53.6,0,-11.8,0,-34.4,0,125.6,0,-238.2,0,205.5,0,-72.9,0,140.6,0,-132,0,117.9,0,101.1,0,-80.8,0,170.7,0,-80.2,0
514,-117.9,0,-390.3,0,256.7,0,105.1,0,363.1,0,-262.4,0,-414.6,0,-89.5,0,20.8,0,-225.6,0,204,0,-86.6,0,-10.9,0,40,0,-0.6,0,35.7,0,-77.6,0,274,0,-180.6,0,181.8,0,-66.8,0,282.8,0,-43.2,0,-66.7,0,31.2,0,116.2,0,-237.4,0,-254.1,0,155.9,0,191.1,0,-102.9,0,72.9,0,229.9,0,42.9,0,-179.3,0,78.9,0,53.6,0,-11.8,0,-34.4,0,125.6,0,-238.2,0,205.5,0,-72.9,0,140.6,0,-132,0,117.9,0,101.1,0,-80.8,0,170.7,0,-80.2,0,22.3
515,0,-390.3,0,256.7,0,105.1,0,363.1,0,-262.4,0,-414.6,0,-89.5,0,20.8,0,-225.6,0,204,0,-86.6,0,-10.9,0,40,0,-0.6,0,35.7,0,-77.6,0,274,0,-180.6,0,181.8,0,-66.8,0,282.8,0,-43.2,0,-66.7,0,31.2,0,116.2,0,-237.4,0,-254.1,0,155.9,0,191.1,0,-102.9,0,72.9,0,229.9,0,42.9,0,-179.3,0,78.9,0,53.6,0,-11.8,0,-34.4,0,125.6,0,-238.2,0,205.5,0,-72.9,0,140.6,0,-132,0,117.9,0,101.1,0,-80.8,0,170.7,0,-80.2,0,22.3,0
516,-390.3,0,256.7,0,105.1,0,363.1,0,-262.4,0,-414.6,0,-89.5,0,20.8,0,-225.6,0,204,0,-86.6,0,-10.9,0,40,0,-0.6,0,35.7,0,-77.6,0,274,0,-180.6,0,181.8,0,-66.8,0,282.8,0,-43.2,0,-66.7,0,31.2,0,116.2,0,-237.4,0,-254.1,0,155.9,0,191.1,0,-102.9,0,72.9,0,229.9,0,42.9,0,-179.3,0,78.9,0,53.6,0,-11.8,0,-34.4,0,125.6,0,-238.2,0,205.5,0,-72.9,0,140.6,0,-132,0,117.9,0,101.1,0,-80.8,0,170.7,0,-80.2,0,22.3,0,103.4
517,0,256.7,0,105.1,0,363.1,0,-262.4,0,-414.6,0,-89.5,0,20.8,0,-225.6,0,204,0,-86.6,0,-10.9,0,40,0,-0.6,0,35.7,0,-77.6,0,274,0,-180.6,0,181.8,0,-66.8,0,282.8,0,-43.2,0,-66.7,0,31.2,0,116.2,0,-237.4,0,-254.1,0,155.9,0,191.1,0,-102.9,0,72.9,0,229.9,0,42.9,0,-179.3,0,78.9,0,53.6,0,-11.8,0,-34.4,0,125.6,0,-238.2,0,205.5,0,-72.9,0,140.6,0,-132,0,117.9,0,101.1,0,-80.8,0,170.7,0,-80.2,0,22.3,0,103.4,0
518,256.7,0,105.1,0,363.1,0,-262.4,0,-414.6,0,-89.5,0,20.8,0,-225.6,0,204,0,-86.6,0,-10.9,0,40,0,-0.6,0,35.7,0,-77.6,0,274,0,-180.6,0,181.8,0,-66.8,0,282.8,0,-43.2,0,-66.7,0,31.2,0,116.2,0,-237.4,0,-254.1,0,155.9,0,191.1,0,-102.9,0,72.9,0,229.9,0,42.9,0,-179.3,0,78.9,0,53.6,0,-11.8,0,-34.4,0,125.6,0,-238.2,0,205.5,0,-72.9,0,140.6,0,-132,0,117.9,0,101.1,0,-80.8,0,170.7,0,-80.2,0,22.3,0,103.4,0,-205.4
519,0,105.1,0,363.1,0,-262.4,0,-414.6,0,-89.5,0,20.8,0,-225.6,0,204,0,-86.6,0,-10.9,0,40,0,-0.6,0,35.7,0,-77.6,0,274,0,-180.6,0,181.8,0,-66.8,0,282.8,0,-43.2,0,-66.7,0,31.2,0,116.2,0,-237.4,0,-254.1,0,155.9,0,191.1,0,-102.9,0,72.9,0,229.9,0,42.9,0,-179.3,0,78.9,0,53.6,0,-11.8,0,-34.4,0,125.6,0,-238.2,0,205.5,0,-72.9,0,140.6,0,-132,0,117.9,0,101.1,0,-80.8,0,170.7,0,-80.2,0,22.3,0,103.4,0,-205.4,0
520,105.1,0,363.1,0,-262.4,0,-414.6,0,-89.5,0,20.8,0,-225.6,0,204,0,-86.6,0,-10.9,0,40,0,-0.6,0,35.7,0,-77.6,0,274,0,-180.6,0,181.8,0,-66.8,0,282.8,0,-43.2,0,-66.7,0,31.2,0,116.2,0,-237.4,0,-254.1,0,155.9,0,191.1,0,-102.9,0,72.9,0,229.9,0,42.9,0,-179.3,0,78.9,0,53.6,0,-11.8,0,-34.4,0,125.6,0,-238.2,0,205.5,0,-72.9,0,140.6,0,-132,0,117.9,0,101.1,0,-80.8,0,170.7,0,-80.2,0,22.3,0,103.4,0,-205.4,0,-265.5
521,0,363.1,0,-262.4,0,-414.6,0,-89.5,0,20.8,0,-225.6,0,204,0,-86.6,0,-10.9,0,40,0,-0.6,0,35.7,0,-77.6,0,274,0,-180.6,0,181.8,0,-66.8,0,282.8,0,-43.2,0,-66.7,0,31.2,0,116.2,0,-237.4,0,-254.1,0,155.9,0,191.1,0,-102.9,0,72.9,0,229.9,0,42.9,0,-179.3,0,78.9,0,53.6,0,-11.8,0,-34.4,0,125.6,0,-238.2,0,205.5,0,-72.9,0,140.6,0,-132,0,117.9,0,101.1,0,-80.8,0,170.7,0,-80.2,0,22.3,0,103.4,0,-205.4,0,-265.5,0
522,363.1,0,-262.4,0,-414.6,0,-89.5,0,20.8,0,-225.6,0,204,0,-86.6,0,-10.9,0,40,0,-0.6,0,35.7,0,-77.6,0,274,0,-180.6,0,181.8,0,-66.8,0,282.8,0,-43.2,0,-66.7,0,31.2,0,116.2,0,-237.4,0,-254.1,0,155.9,0,191.1,0,-102.9,0,72.9,0,229.9,0,42.9,0,-179.3,0,78.9,0,53.6,0,-11.8,0,-34.4,0,125.6,0,-238.2,0,205.5,0,-72.9,0,140.6,0,-132,0,117.9,0,101.1,0,-80.8,0,170.7,0,-80.2,0,22.3,0,103.4,0,-205.4,0,-265.5,0,83.3
523,0,-262.4,0,-414.6,0,-89.5,0,20.8,0,-225.6,0,204,0,-86.6,0,-10.9,0,40,0,-0.6,0,35.7,0,-77.6,0,274,0,-180.6,0,181.8,0,-66.8,0,282.8,0,-43.2,0,-66.7,0,31.2,0,116.2,0,-237.4,0,-254.1,0,155.9,0,191.1,0,-102.9,0,72.9,0,229.9,0,42.9,0,-179.3,0,78.9,0,53.6,0,-11.8,0,-34.4,0,125.6,0,-238.2,0,205.5,0,-72.9,0,140.6,0,-132,0,117.9,0,101.1,0,-80.8,0,170.7,0,-80.2,0,22.3,0,103.4,0,-205.4,0,-265.5,0,83.3,0
524,-262.4,0,-414.6,0,-89.5,0,20.8,0,-225.6,0,204,0,-86.6,0,-10.9,0,40,0,-0.6,0,35.7,0,-77.6,0,274,0,-180.6,0,181.8,0,-66.8,0,282.8,0,-43.2,0,-66.7,0,31.2,0,116.2,0,-237.4,0,-254.1,0,155.9,0,191.1,0,-102.9,0,72.9,0,229.9,0,42.9,0,-179.3,0,78.9,0,53.6,0,-11.8,0,-34.4,0,125.6,0,-238.2,0,205.5,0,-72.9,0,140.6,0,-132,0,117.9,0,101.1,0,-80.8,0,170.7,0,-80.2,0,22.3,0,103.4,0,-205.4,0,-265.5,0,83.3,0,144
525,0,-414.6,0,-89.5,0,20.8,0,-225.6,0,204,0,-86.6,0,-10.9,0,40,0,-0.6,0,35.7,0,-77.6,0,274,0,-180.6,0,181.8,0,-66.8,0,282.8,0,-43.2,0,-66.7,0,31.2,0,116.2,0,-237.4,0,-254.1,0,155.9,0,191.1,0,-102.9,0,72.9,0,229.9,0,42.9,0,-179.3,0,78.9,0,53.6,0,-11.8,0,-34.4,0,125.6,0,-238.2,0,205.5,0,-72.9,0,140.6,0,-132,0,117.9,0,101.1,0,-80.8,0,170.7,0,-80.2,0,22.3,0,103.4,0,-205.4,0,-265.5,0,83.3,0,144,0
526,-414.6,0,-89.5,0,20.8,0,-225.6,0,204,0,-86.6,0,-10.9,0,40,0,-0.6,0,35.7,0,-77.6,0,274,0,-180.6,0,181.8,0,-66.8,0,282.8,0,-43.2,0,-66.7,0,31.2,0,116.2,0,-237.4,0,-254.1,0,155.9,0,191.1,0,-102.9,0,72.9,0,229.9,0,42.9,0,-179.3,0,78.9,0,53.6,0,-11.8,0,-34.4,0,125.6,0,-238.2,0,205.5,0,-72.9,0,140.6,0,-132,0,117.9,0,101.1,0,-80.8,0,170.7,0,-80.2,0,22.3,0,103.4,0,-205.4,0,-265.5,0,83.3,0,144,0,-58.3
527,0,-89.5,0,20.8,0,-225.6,0,204,0,-86.6,0,-10.9,0,40,0,-0.6,0,35.7,0,-77.6,0,274,0,-180.6,0,181.8,0,-66.8,0,282.8,0,-43.2,0,-66.7,0,31.2,0,116.2,0,-237.4,0,-254.1,0,155.9,0,191.1,0,-102.9,0,72.9,0,229.9,0,42.9,0,-179.3,0,78.9,0,53.6,0,-11.8,0,-34.4,0,125.6,0,-238.2,0,205.5,0,-72.9,0,140.6,0,-132,0,117.9,0,101.1,0,-80.8,0,170.7,0,-80.2,0,22.3,0,103.4,0,-205.4,0,-265.5,0,83.3,0,144,0,-58.3,0
528,-89.5,0,20.8,0,-225.6,0,204,0,-86.6,0,-10.9,0,40,0,-0.6,0,35.7,0,-77.6,0,274,0,-180.6,0,181.8,0,-66.8,0,282.8,0,-43.2,0,-66.7,0,31.2,0,116.2,0,-237.4,0,-254.1,0,155.9,0,191.1,0,-102.9,0,72.9,0,229.9,0,42.9,0,-179.3,0,78.9,0,53.6,0,-11.8,0,-34.4,0,125.6,0,-238.2,0,205.5,0,-72.9,0,140.6,0,-132,0,117.9,0,101.1,0,-80.8,0,170.7,0,-80.2,0,22.3,0,103.4,0,-205.4,0,-265.5,0,83.3,0,144,0,-58.3,0,49.7
529,0,20.8,0,-225.6,0,204,0,-86.6,0,-10.9,0,40,0,-0.6,0,35.7,0,-77.6,0,274,0,-180.6,0,181.8,0,-66.8,0,282.8,0,-43.2,0,-66.7,0,31.2,0,116.2,0,-237.4,0,-254.1,0,155.9,0,191.1,0,-102.9,0,72.9,0,229.9,0,42.9,0,-179.3,0,78.9,0,53.6,0,-11.8,0,-34.4,0,125.6,0,-238.2,0,205.5,0,-72.9,0,140.6,0,-132,0,117.9,0,101.1,0,-80.8,0,170.7,0,-80.2,0,22.3,0,103.4,0,-205.4,0,-265.5,0,83.3,0,144,0,-58.3,0,49.7,0
530,20.8,0,-225.6,0,204,0,-86.6,0,-10.9,0,40,0,-0.6,0,35.7,0,-77.6,0,274,0,-180.6,0,181.8,0,-66.8,0,282.8,0,-43.2,0,-66.7,0,31.2,0,116.2,0,-237.4,0,-254.1,0,155.9,0,191.1,0,-102.9,0,72.9,0,229.9,0,42.9,0,-179.3,0,78.9,0,53.6,0,-11.8,0,-34.4,0,125.6,0,-238.2,0,205.5,0,-72.9,0,140.6,0,-132,0,117.9,0,101.1,0,-80.8,0,170.7,0,-80.2,0,22.3,0,103.4,0,-205.4,0,-265.5,0,83.3,0,144,0,-58.3,0,49.7,0,217.2
531,0,-225.6,0,204,0,-86.6,0,-10.9,0,40,0,-0.6,0,35.7,0,-77.6,0,274,0,-180.6,0,181.8,0,-66.8,0,282.8,0,-43.2,0,-66.7,0,31.2,0,116.2,0,-237.4,0,-254.1,0,155.9,0,191.1,0,-102.9,0,72.9,0,229.9,0,42.9,0,-179.3,0,78.9,0,53.6,0,-11.8,0,-34.4,0,125.6,0,-238.2,0,205.5,0,-72.9,0,140.6,0,-132,0,117.9,0,101.1,0,-80.8,0,170.7,0,-80.2,0,22.3,0,103.4,0,-205.4,0,-265.5,0,83.3,0,144,0,-58.3,0,49.7,0,217.2,0
532,-225.6,0,204,0,-86.6,0,-10.9,0,40,0,-0.6,0,35.7,0,-77.6,0,274,0,-180.6,0,181.8,0,-66.8,0,282.8,0,-43.2,0,-66.7,0,31.2,0,116.2,0,-237.4,0,-254.1,0,155.9,0,191.1,0,-102.9,0,72.9,0,229.9,0,42.9,0,-179.3,0,78.9,0,53.6,0,-11.8,0,-34.4,0,125.6,0,-238.2,0,205.5,0,-72.9,0,140.6,0,-132,0,117.9,0,101.1,0,-80.8,0,170.7,0,-80.2,0,22.3,0,103.4,0,-205.4,0,-265.5,0,83.3,0,144,0,-58.3,0,49.7,0,217.2,0,-0.2
533,0,204,0,-86.6,0,-10.9,0,40,0,-0.6,0,35.7,0,-77.6,0,274,0,-180.6,0,181.8,0,-66.8,0,282.8,0,-43.2,0,-66.7,0,31.2,0,116.2,0,-237.4,0,-254.1,0,155.9,0,191.1,0,-102.9,0,72.9,0,229.9,0,42.9,0,-179.3,0,78.9,0,53.6,0,-11.8,0,-34.4,0,125.6,0,-238.2,0,205.5,0,-72.9,0,140.6,0,-132,0,117.9,0,101.1,0,-80.8,0,170.7,0,-80.2,0,22.3,0,103.4,0,-205.4,0,-265.5,0,83.3,0,144,0,-58.3,0,49.7,0,217.2,0,-0.2,0
534,204,0,-86.6,0,-10.9,0,40,0,-0.6,0,35.7,0,-77.6,0,274,0,-180.6,0,181.8,0,-66.8,0,282.8,0,-43.2,0,-66.7,0,31.2,0,116.2,0,-237.4,0,-254.1,0,155.9,0,191.1,0,-102.9,0,72.9,0,229.9,0,42.9,0,-179.3,0,78.9,0,53.6,0,-11.8,0,-34.4,0,125.6,0,-238.2,0,205.5,0,-72.9,0,140.6,0,-132,0,117.9,0,101.1,0,-80.8,0,170.7,0,-80.2,0,22.3,0,103.4,0,-205.4,0,-265.5,0,83.3,0,144,0,-58.3,0,49.7,0,217.2,0,-0.2,0,-270.9
535,0,-86.6,0,-10.9,0,40,0,-0.6,0,35.7,0,-77.6,0,274,0,-180.6,0,181.8,0,-66.8,0,282.8,0,-43.2,0,-66.7,0,31.2,0,116.2,0,-237.4,0,-254.1,0,155.9,0,191.1,0,-102.9,0,72.9,0,229.9,0,42.9,0,-179.3,0,78.9,0,53.6,0,-11.8,0,-34.4,0,125.6,0,-238.2,0,205.5,0,-72.9,0,140.6,0,-132,0,117.9,0,101.1,0,-80.8,0,170.7,0,-80.2,0,22.3,0,103.4,0,-205.4,0,-265.5,0,83.3,0,144,0,-58.3,0,49.7,0,217.2,0,-0.2,0,-270.9,0
536,-86.6,0,-10.9,0,40,0,-0.6,0,35.7,0,-77.6,0,274,0,-180.6,0,181.8,0,-66.8,0,282.8,0,-43.2,0,-66.7,0,31.2,0,116.2,0,-237.4,0,-254.1,0,155.9,0,191.1,0,-102.9,0,72.9,0,229.9,0,42.9,0,-179.3,0,78.9,0,53.6,0,-11.8,0,-34.4,0,125.6,0,-238.2,0,205.5,0,-72.9,0,140.6,0,-132,0,117.9,0,101.1,0,-80.8,0,170.7,0,-80.2,0,22.3,0,103.4,0,-205.4,0,-265.5,0,83.3,0,144,0,-58.3,0,49.7,0,217.2,0,-0.2,0,-270.9,0,-9.2
537,0,-10.9,0,40,0,-0.6,0,35.7,0,-77.6,0,274,0,-180.6,0,181.8,0,-66.8,0,282.8,0,-43.2,0,-66.7,0,31.2,0,116.2,0,-237.4,0,-254.1,0,155.9,0,191.1,0,-102.9,0,72.9,0,229.9,0,42.9,0,-179.3,0,78.9,0,53.6,0,-11.8,0,-34.4,0,125.6,0,-238.2,0,205.5,0,-72.9,0,140.6,0,-132,0,117.9,0,101.1,0,-80.8,0,170.7,0,-80.2,0,22.3,0,103.4,0,-205.4,0,-265.5,0,83.3,0,144,0,-58.3,0,49.7,0,217.2,0,-0.2,0,-270.9,0,-9.2,0
538,-10.9,0,40,0,-0.6,0,35.7,0,-77.6,0,274,0,-180.6,0,181.8,0,-66.8,0,282.8,0,-43.2,0,-66.7,0,31.2,0,116.2,0,-237.4,0,-254.1,0,155.9,0,191.1,0,-102.9,0,72.9,0,229.9,0,42.9,0,-179.3,0,78.9,0,53.6,0,-11.8,0,-34.4,0,125.6,0,-238.2,0,205.5,0,-72.9,0,140.6,0,-132,0,117.9,0,101.1,0,-80.8,0,170.7,0,-80.2,0,22.3,0,103.4,0,-205.4,0,-265.5,0,83.3,0,144,0,-58.3,0,49.7,0,217.2,0,-0.2,0,-270.9,0,-9.2,0,-21.1
539,0,40,0,-0.6,0,35.7,0,-77.6,0,274,0,-180.6,0,181.8,0,-66.8,0,282.8,0,-43.2,0,-66.7,0,31.2,0,116.2,0,-237.4,0,-254.1,0,155.9,0,191.1,0,-102.9,0,72.9,0,229.9,0,42.9,0,-179.3,0,78.9,0,53.6,0,-11.8,0,-34.4,0,125.6,0,-238.2,0,205.5,0,-72.9,0,140.6,0,-132,0,117.9,0,101.1,0,-80.8,0,170.7,0,-80.2,0,22.3,0,103.4,0,-205.4,0,-265.5,0,83.3,0,144,0,-58.3,0,49.7,0,217.2,0,-0.2,0,-270.9,0,-9.2,0,-21.1,0
540,40,0,-0.6,0,35.7,0,-77.6,0,274,0,-180.6,0,181.8,0,-66.8,0,282.8,0,-43.2,0,-66.7,0,31.2,0,116.2,0,-237.4,0,-254.1,0,155.9,0,191.1,0,-102.9,0,72.9,0,229.9,0,42.9,0,-179.3,0,78.9,0,53.6,0,-11.8,0,-34.4,0,125.6,0,-238.2,0,205.5,0,-72.9,0,140.6,0,-132,0,117.9,0,101.1,0,-80.8,0,170.7,0,-80.2,0,22.3,0,103.4,0,-205.4,0,-265.5,0,83.3,0,144,0,-58.3,0,49.7,0,217.2,0,-0.2,0,-270.9,0,-9.2,0,-21.1,0,-15.4
541,0,-0.6,0,35.7,0,-77.6,0,274,0,-180.6,0,181.8,0,-66.8,0,282.8,0,-43.2,0,-66.7,0,31.2,0,116.2,0,-237.4,0,-254.1,0,155.9,0,191.1,0,-102.9,0,72.9,0,229.9,0,42.9,0,-179.3,0,78.9,0,53.6,0,-11.8,0,-34.4,0,125.6,0,-238.2,0,205.5,0,-72.9,0,140.6,0,-132,0,117.9,0,101.1,0,-80.8,0,170.7,0,-80.2,0,22.3,0,103.4,0,-205.4,0,-265.5,0,83.3,0,144,0,-58.3,0,49.7,0,217.2,0,-0.2,0,-270.9,0,-9.2,0,-21.1,0,-15.4,0
542,-0.6,0,35.7,0,-77.6,0,274,0,-180.6,0,181.8,0,-66.8,0,282.8,0,-43.2,0,-66.7,0,31.2,0,116.2,0,-237.4,0,-254.1,0,155.9,0,191.1,0,-102.9,0,72.9,0,229.9,0,42.9,0,-179.3,0,78.9,0,53.6,0,-11.8,0,-34.4,0,125.6,0,-238.2,0,205.5,0,-72.9,0,140.6,0,-132,0,117.9,0,101.1,0,-80.8,0,170.7,0,-80.2,0,22.3,0,103.4,0,-205.4,0,-265.5,0,83.3,0,144,0,-58.3,0,49.7,0,217.2,0,-0.2,0,-270.9,0,-9.2,0,-21.1,0,-15.4,0,-81.2
543,0,35.7,0,-77.6,0,274,0,-180.6,0,181.8,0,-66.8,0,282.8,0,-43.2,0,-66.7,0,31.2,0,116.2,0,-237.4,0,-254.1,0,155.9,0,191.1,0,-102.9,0,72.9,0,229.9,0,42.9,0,-179.3,0,78.9,0,53.6,0,-11.8,0,-34.4,0,125.6,0,-238.2,0,205.5,0,-72.9,0,140.6,0,-132,0,117.9,0,101.1,0,-80.8,0,170.7,0,-80.2,0,22.3,0,103.4,0,-205.4,0,-265.5,0,83.3,0,144,0,-58.3,0,49.7,0,217.2,0,-0.2,0,-270.9,0,-9.2,0,-21.1,0,-15.4,0,-81.2,0
544,35.7,0,-77.6,0,274,0,-180.6,0,181.8,0,-66.8,0,282.8,0,-43.2,0,-66.7,0,31.2,0,116.2,0,-237.4,0,-254.1,0,155.9,0,191.1,0,-102.9,0,72.9,0,229.9,0,42.9,0,-179.3,0,78.9,0,53.6,0,-11.8,0,-34.4,0,125.6,0,-238.2,0,205.5,0,-72.9,0,140.6,0,-132,0,117.9,0,101.1,0,-80.8,0,170.7,0,-80.2,0,22.3,0,103.4,0,-205.4,0,-265.5,0,83.3,0,144,0,-58.3,0,49.7,0,217.2,0,-0.2,0,-270.9,0,-9.2,0,-21.1,0,-15.4,0,-81.2,0,138.6
545,0,-77.6,0,274,0,-180.6,0,181.8,0,-66.8,0,282.8,0,-43.2,0,-66.7,0,31.2,0,116.2,0,-237.4,0,-254.1,0,155.9,0,191.1,0,-102.9,0,72.9,0,229.9,0,42.9,0,-179.3,0,78.9,0,53.6,0,-11.8,0,-34.4,0,125.6,0,-238.2,0,205.5,0,-72.9,0,140.6,0,-132,0,117.9,0,101.1,0,-80.8,0,170.7,0,-80.2,0,22.3,0,103.4,0,-205.4,0,-265.5,0,83.3,0,144,0,-58.3,0,49.7,0,217.2,0,-0.2,0,-270.9,0,-9.2,0,-21.1,0,-15.4,0,-81.2,0,138.6,0
546,-77.6,0,274,0,-180.6,0,181.8,0,-66.8,0,282.8,0,-43.2,0,-66.7,0,31.2,0,116.2,0,-237.4,0,-254.1,0,155.9,0,191.1,0,-102.9,0,72.9,0,229.9,0,42.9,0,-179.3,0,78.9,0,53.6,0,-11.8,0,-34.4,0,125.6,0,-238.2,0,205.5,0,-72.9,0,140.6,0,-132,0,117.9,0,101.1,0,-80.8,0,170.7,0,-80.2,0,22.3,0,103.4,0,-205.4,0,-265.5,0,83.3,0,144,0,-58.3,0,49.7,0,217.2,0,-0.2,0,-270.9,0,-9.2,0,-21.1,0,-15.4,0,-81.2,0,138.6,0,-279.5
547,0,274,0,-180.6,0,181.8,0,-66.8,0,282.8,0,-43.2,0,-66.7,0,31.2,0,116.2,0,-237.4,0,-254.1,0,155.9,0,191.1,0,-102.9,0,72.9,0,229.9,0,42.9,0,-179.3,0,78.9,0,53.6,0,-11.8,0,-34.4,0,125.6,0,-238.2,0,205.5,0,-72.9,0,140.6,0,-132,0,117.9,0,101.1,0,-80.8,0,170.7,0,-80.2,0,22.3,0,103.4,0,-205.4,0,-265.5,0,83.3,0,144,0,-58.3,0,49.7,0,217.2,0,-0.2,0,-270.9,0,-9.2,0,-21.1,0,-15.4,0,-81.2,0,138.6,0,-279.5,0
548,274,0,-180.6,0,181.8,0,-66.8,0,282.8,0,-43.2,0,-66.7,0,31.2,0,116.2,0,-237.4,0,-254.1,0,155.9,0,191.1,0,-102.9,0,72.9,0,229.9,0,42.9,0,-179.3,0,78.9,0,53.6,0,-11.8,0,-34.4,0,125.6,0,-238.2,0,205.5,0,-72.9,0,140.6,0,-132,0,117.9,0,101.1,0,-80.8,0,170.7,0,-80.2,0,22.3,0,103.4,0,-205.4,0,-265.5,0,83.3,0,144,0,-58.3,0,49.7,0,217.2,0,-0.2,0,-270.9,0,-9.2,0,-21.1,0,-15.4,0,-81.2,0,138.6,0,-279.5,0,131.4
549,0,-180.6,0,181.8,0,-66.8,0,282.8,0,-43.2,0,-66.7,0,31.2,0,116.2,0,-237.4,0,-254.1,0,155.9,0,191.1,0,-102.9,0,72.9,0,229.9,0,42.9,0,-179.3,0,78.9,0,53.6,0,-11.8,0,-34.4,0,125.6,0,-238.2,0,205.5,0,-72.9,0,140.6,0,-132,0,117.9,0,101.1,0,-80.8,0,170.7,0,-80.2,0,22.3,0,103.4,0,-205.4,0,-265.5,0,83.3,0,144,0,-58.3,0,49.7,0,217.2,0,-0.2,0,-270.9,0,-9.2,0,-21.1,0,-15.4,0,-81.2,0,138.6,0,-279.5,0,131.4,0
550,-180.6,0,181.8,0,-66.8,0,282.8,0,-43.2,0,-66.7,0,31.2,0,116.2,0,-237.4,0,-254.1,0,155.9,0,191.1,0,-102.9,0,72.9,0,229.9,0,42.9,0,-179.3,0,78.9,0,53.6,0,-11.8,0,-34.4,0,125.6,0,-238.2,0,205.5,0,-72.9,0,140.6,0,-132,0,117.9,0,101.1,0,-80.8,0,170.7,0,-80.2,0,22.3,0,103.4,0,-205.4,0,-265.5,0,83.3,0,144,0,-58.3,0,49.7,0,217.2,0,-0.2,0,-270.9,0,-9.2,0,-21.1,0,-15.4,0,-81.2,0,138.6,0,-279.5,0,131.4,0,-54.9
551,0,181.8,0,-66.8,0,282.8,0,-43.2,0,-66.7,0,31.2,0,116.2,0,-237.4,0,-254.1,0,155.9,0,191.1,0,-102.9,0,72.9,0,229.9,0,42.9,0,-179.3,0,78.9,0,53.6,0,-11.8,0,-34.4,0,125.6,0,-238.2,0,205.5,0,-72.9,0,140.6,0,-132,0,117.9,0,101.1,0,-80.8,0,170.7,0,-80.2,0,22.3,0,103.4,0,-205.4,0,-265.5,0,83.3,0,144,0,-58.3,0,49.7,0,217.2,0,-0.2,0,-270.9,0,-9.2,0,-21.1,0,-15.4,0,-81.2,0,138.6,0,-279.5,0,131.4,0,-54.9,0
552,181.8,0,-66.8,0,282.8,0,-43.2,0,-66.7,0,31.2,0,116.2,0,-237.4,0,-254.1,0,155.9,0,191.1,0,-102.9,0,72.9,0,229.9,0,42.9,0,-179.3,0,78.9,0,53.6,0,-11.8,0,-34.4,0,125.6,0,-238.2,0,205.5,0,-72.9,0,140.6,0,-132,0,117.9,0,101.1,0,-80.8,0,170.7,0,-80.2,0,22.3,0,103.4,0,-205.4,0,-265.5,0,83.3,0,144,0,-58.3,0,49.7,0,217.2,0,-0.2,0,-270.9,0,-9.2,0,-21.1,0,-15.4,0,-81.2,0,138.6,0,-279.5,0,131.4,0,-54.9,0,73.7
553,0,-66.8,0,282.8,0,-43.2,0,-66.7,0,31.2,0,116.2,0,-237.4,0,-254.1,0,155.9,0,191.1,0,-102.9,0,72.9,0,229.9,0,42.9,0,-179.3,0,78.9,0,53.6,0,-11.8,0,-34.4,0,125.6,0,-238.2,0,205.5,0,-72.9,0,140.6,0,-132,0,117.9,0,101.1,0,-80.8,0,170.7,0,-80.2,0,22.3,0,103.4,0,-205.4,0,-265.5,0,83.3,0,144,0,-58.3,0,49.7,0,217.2,0,-0.2,0,-270.9,0,-9.2,0,-21.1,0,-15.4,0,-81.2,0,138.6,0,-279.5,0,131.4,0,-54.9,0,73.7,0
554,-66.8,0,282.8,0,-43.2,0,-66.7,0,31.2,0,116.2,0,-237.4,0,-254.1,0,155.9,0,191.1,0,-102.9,0,72.9,0,229.9,0,42.9,0,-179.3,0,78.9,0,53.6,0,-11.8,0,-34.4,0,125.6,0,-238.2,0,205.5,0,-72.9,0,140.6,0,-132,0,117.9,0,101.1,0,-80.8,0,170.7,0,-80.2,0,22.3,0,103.4,0,-205.4,0,-265.5,0,83.3,0,144,0,-58.3,0,49.7,0,217.2,0,-0.2,0,-270.9,0,-9.2,0,-21.1,0,-15.4,0,-81.2,0,138.6,0,-279.5,0,131.4,0,-54.9,0,73.7,0,-139.9
555,0,282.8,0,-43.2,0,-66.7,0,31.2,0,116.2,0,-237.4,0,-254.1,0,155.9,0,191.1,0,-102.9,0,72.9,0,229.9,0,42.9,0,-179.3,0,78.9,0,53.6,0,-11.8,0,-34.4,0,125.6,0,-238.2,0,205.5,0,-72.9,0,140.6,0,-132,0,117.9,0,101.1,0,-80.8,0,170.7,0,-80.2,0,22.3,0,103.4,0,-205.4,0,-265.5,0,83.3,0,144,0,-58.3,0,49.7,0,217.2,0,-0.2,0,-270.9,0,-9.2,0,-21.1,0,-15.4,0,-81.2,0,138.6,0,-279.5,0,131.4,0,-54.9,0,73.7,0,-139.9,0
556,282.8,0,-43.2,0,-66.7,0,31.2,0,116.2,0,-237.4,0,-254.1,0,155.9,0,191.1,0,-102.9,0,72.9,0,229.9,0,42.9,0,-179.3,0,78.9,0,53.6,0,-11.8,0,-34.4,0,125.6,0,-238.2,0,205.5,0,-72.9,0,140.6,0,-132,0,117.9,0,101.1,0,-80.8,0,170.7,0,-80.2,0,22.3,0,103.4,0,-205.4,0,-265.5,0,83.3,0,144,0,-58.3,0,49.7,0,217.2,0,-0.2,0,-270.9,0,-9.2,0,-21.1,0,-15.4,0,-81.2,0,138.6,0,-279.5,0,131.4,0,-54.9,0,73.7,0,-139.9,0,32
557,0,-43.2,0,-66.7,0,31.2,0,116.2,0,-237.4,0,-254.1,0,155.9,0,191.1,0,-102.9,0,72.9,0,229.9,0,42.9,0,-179.3,0,78.9,0,53.6,0,-11.8,0,-34.4,0,125.6,0,-238.2,0,205.5,0,-72.9,0,140.6,0,-132,0,117.9,0,101.1,0,-80.8,0,170.7,0,-80.2,0,22.3,0,103.4,0,-205.4,0,-265.5,0,83.3,0,144,0,-58.3,0,49.7,0,217.2,0,-0.2,0,-270.9,0,-9.2,0,-21.1,0,-15.4,0,-81.2,0,138.6,0,-279.5,0,131.4,0,-54.9,0,73.7,0,-139.9,0,32,0
558,-43.2,0,-66.7,0,31.2,0,116.2,0,-237.4,0,-254.1,0,155.9,0,191.1,0,-102.9,0,72.9,0,229.9,0,42.9,0,-179.3,0,78.9,0,53.6,0,-11.8,0,-34.4,0,125.6,0,-238.2,0,205.5,0,-72.9,0,140.6,0,-132,0,117.9,0,101.1,0,-80.8,0,170.7,0,-80.2,0,22.3,0,103.4,0,-205.4,0,-265.5,0,83.3,0,144,0,-58.3,0,49.7,0,217.2,0,-0.2,0,-270.9,0,-9.2,0,-21.1,0,-15.4,0,-81.2,0,138.6,0,-279.5,0,131.4,0,-54.9,0,73.7,0,-139.9,0,32,0,68.5
559,0,-66.7,0,31.2,0,116.2,0,-237.4,0,-254.1,0,155.9,0,191.1,0,-102.9,0,72.9,0,229.9,0,42.9,0,-179.3,0,78.9,0,53.6,0,-11.8,0,-34.4,0,125.6,0,-238.2,0,205.5,0,-72.9,0,140.6,0,-132,0,117.9,0,101.1,0,-80.8,0,170.7,0,-80.2,0,22.3,0,103.4,0,-205.4,0,-265.5,0,83.3,0,144,0,-58.3,0,49.7,0,217.2,0,-0.2,0,-270.9,0,-9.2,0,-21.1,0,-15.4,0,-81.2,0,138.6,0,-279.5,0,131.4,0,-54.9,0,73.7,0,-139.9,0,32,0,68.5,0
560,-66.7,0,31.2,0,116.2,0,-237.4,0,-254.1,0,155.9,0,191.1,0,-102.9,0,72.9,0,229.9,0,42.9,0,-179.3,0,78.9,0,53.6,0,-11.8,0,-34.4,0,125.6,0,-238.2,0,205.5,0,-72.9,0,140.6,0,-132,0,117.9,0,101.1,0,-80.8,0,170.7,0,-80.2,0,22.3,0,103.4,0,-205.4,0,-265.5,0,83.3,0,144,0,-58.3,0,49.7,0,217.2,0,-0.2,0,-270.9,0,-9.2,0,-21.1,0,-15.4,0,-81.2,0,138.6,0,-279.5,0,131.4,0,-54.9,0,73.7,0,-139.9,0,32,0,68.5,0,-152
561,0,31.2,0,116.2,0,-237.4,0,-254.1,0,155.9,0,191.1,0,-102.9,0,72.9,0,229.9,0,42.9,0,-179.3,0,78.9,0,53.6,0,-11.8,0,-34.4,0,125.6,0,-238.2,0,205.5,0,-72.9,0,140.6,0,-132,0,117.9,0,101.1,0,-80.8,0,170.7,0,-80.2,0,22.3,0,103.4,0,-205.4,0,-265.5,0,83.3,0,144,0,-58.3,0,49.7,0,217.2,0,-0.2,0,-270.9,0,-9.2,0,-21.1,0,-15.4,0,-81.2,0,138.6,0,-279.5,0,131.4,0,-54.9,0,73.7,0,-139.9,0,32,0,68.5,0,-152,0
562,31.2,0,116.2,0,-237.4,0,-254.1,0,155.9,0,191.1,0,-102.9,0,72.9,0,229.9,0,42.9,0,-179.3,0,78.9,0,53.6,0,-11.8,0,-34.4,0,125.6,0,-238.2,0,205.5,0,-72.9,0,140.6,0,-132,0,117.9,0,101.1,0,-80.8,0,170.7,0,-80.2,0,22.3,0,103.4,0,-205.4,0,-265.5,0,83.3,0,144,0,-58.3,0,49.7,0,217.2,0,-0.2,0,-270.9,0,-9.2,0,-21.1,0,-15.4,0,-81.2,0,138.6,0,-279.5,0,131.4,0,-54.9,0,73.7,0,-139.9,0,32,0,68.5,0,-152,0,149.4
563,0,116.2,0,-237.4,0,-254.1,0,155.9,0,191.1,0,-102.9,0,72.9,0,229.9,0,42.9,0,-179.3,0,78.9,0,53.6,0,-11.8,0,-34.4,0,125.6,0,-238.2,0,205.5,0,-72.9,0,140.6,0,-132,0,117.9,0,101.1,0,-80.8,0,170.7,0,-80.2,0,22.3,0,103.4,0,-205.4,0,-265.5,0,83.3,0,144,0,-58.3,0,49.7,0,217.2,0,-0.2,0,-270.9,0,-9.2,0,-21.1,0,-15.4,0,-81.2,0,138.6,0,-279.5,0,131.4,0,-54.9,0,73.7,0,-139.9,0,32,0,68.5,0,-152,0,149.4,0
564,116.2,0,-237.4,0,-254.1,0,155.9,0,191.1,0,-102.9,0,72.9,0,229.9,0,42.9,0,-179.3,0,78.9,0,53.6,0,-11.8,0,-34.4,0,125.6,0,-238.2,0,205.5,0,-72.9,0,140.6,0,-132,0,117.9,0,101.1,0,-80.8,0,170.7,0,-80.2,0,22.3,0,103.4,0,-205.4,0,-265.5,0,83.3,0,144,0,-58.3,0,49.7,0,217.2,0,-0.2,0,-270.9,0,-9.2,0,-21.1,0,-15.4,0,-81.2,0,138.6,0,-279.5,0,131.4,0,-54.9,0,73.7,0,-139.9,0,32,0,68.5,0,-152,0,149.4,0,-112.6
565,0,-237.4,0,-254.1,0,155.9,0,191.1,0,-102.9,0,72.9,0,229.9,0,42.9,0,-179.3,0,78.9,0,53.6,0,-11.8,0,-34.4,0,125.6,0,-238.2,0,205.5,0,-72.9,0,140.6,0,-132,0,117.9,0,101.1,0,-80.8,0,170.7,0,-80.2,0,22.3,0,103.4,0,-205.4,0,-265.5,0,83.3,0,144,0,-58.3,0,49.7,0,217.2,0,-0.2,0,-270.9,0,-9.2,0,-21.1,0,-15.4,0,-81.2,0,138.6,0,-279.5,0,131.4,0,-54.9,0,73.7,0,-139.9,0,32,0,68.5,0,-152,0,149.4,0,-112.6,0
566,-237.4,0,-254.1,0,155.9,0,191.1,0,-102.9,0,72.9,0,229.9,0,42.9,0,-179.3,0,78.9,0,53.6,0,-11.8,0,-34.4,0,125.6,0,-238.2,0,205.5,0,-72.9,0,140.6,0,-132,0,117.9,0,101.1,0,-80.8,0,170.7,0,-80.2,0,22.3,0,103.4,0,-205.4,0,-265.5,0,83.3,0,144,0,-58.3,0,49.7,0,217.2,0,-0.2,0,-270.9,0,-9.2,0,-21.1,0,-15.4,0,-81.2,0,138.6,0,-279.5,0,131.4,0,-54.9,0,73.7,0,-139.9,0,32,0,68.5,0,-152,0,149.4,0,-112.6,0,-7.6
567,0,-254.1,0,155.9,0,191.1,0,-102.9,0,72.9,0,229.9,0,42.9,0,-179.3,0,78.9,0,53.6,0,-11.8,0,-34.4,0,125.6,0,-238.2,0,205.5,0,-72.9,0,140.6,0,-132,0,117.9,0,101.1,0,-80.8,0,170.7,0,-80.2,0,22.3,0,103.4,0,-205.4,0,-265.5,0,83.3,0,144,0,-58.3,0,49.7,0,217.2,0,-0.2,0,-270.9,0,-9.2,0,-21.1,0,-15.4,0,-81.2,0,138.6,0,-279.5,0,131.4,0,-54.9,0,73.7,0,-139.9,0,32,0,68.5,0,-152,0,149.4,0,-112.6,0,-7.6,0
568,-254.1,0,155.9,0,191.1,0,-102.9,0,72.9,0,229.9,0,42.9,0,-179.3,0,78.9,0,53.6,0,-11.8,0,-34.4,0,125.6,0,-238.2,0,205.5,0,-72.9,0,140.6,0,-132,0,117.9,0,101.1,0,-80.8,0,170.7,0,-80.2,0,22.3,0,103.4,0,-205.4,0,-265.5,0,83.3,0,144,0,-58.3,0,49.7,0,217.2,0,-0.2,0,-270.9,0,-9.2,0,-21.1,0,-15.4,0,-81.2,0,138.6,0,-279.5,0,131.4,0,-54.9,0,73.7,0,-139.9,0,32,0,68.5,0,-152,0,149.4,0,-112.6,0,-7.6,0,80.6
569,0,155.9,0,191.1,0,-102.9,0,72.9,0,229.9,0,42.9,0,-179.3,0,78.9,0,53.6,0,-11.8,0,-34.4,0,125.6,0,-238.2,0,205.5,0,-72.9,0,140.6,0,-132,0,117.9,0,101.1,0,-80.8,0,170.7,0,-80.2,0,22.3,0,103.4,0,-205.4,0,-265.5,0,83.3,0,144,0,-58.3,0,49.7,0,217.2,0,-0.2,0,-270.9,0,-9.2,0,-21.1,0,-15.4,0,-81.2,0,138.6,0,-279.5,0,131.4,0,-54.9,0,73.7,0,-139.9,0,32,0,68.5,0,-152,0,149.4,0,-112.6,0,-7.6,0,80.6,0
570,155.9,0,191.1,0,-102.9,0,72.9,0,229.9,0,42.9,0,-179.3,0,78.9,0,53.6,0,-11.8,0,-34.4,0,125.6,0,-238.2,0,205.5,0,-72.9,0,140.6,0,-132,0,117.9,0,101.1,0,-80.8,0,170.7,0,-80.2,0,22.3,0,103.4,0,-205.4,0,-265.5,0,83.3,0,144,0,-58.3,0,49.7,0,217.2,0,-0.2,0,-270.9,0,-9.2,0,-21.1,0,-15.4,0,-81.2,0,138.6,0,-279.5,0,131.4,0,-54.9,0,73.7,0,-139.9,0,32,0,68.5,0,-152,0,149.4,0,-112.6,0,-7.6,0,80.6,0,-145.5
571,0,191.1,0,-102.9,0,72.9,0,229.9,0,42.9,0,-179.3,0,78.9,0,53.6,0,-11.8,0,-34.4,0,125.6,0,-238.2,0,205.5,0,-72.9,0,140.6,0,-132,0,117.9,0,101.1,0,-80.8,0,170.7,0,-80.2,0,22.3,0,103.4,0,-205.4,0,-265.5,0,83.3,0,144,0,-58.3,0,49.7,0,217.2,0,-0.2,0,-270.9,0,-9.2,0,-21.1,0,-15.4,0,-81.2,0,138.6,0,-279.5,0,131.4,0,-54.9,0,73.7,0,-139.9,0,32,0,68.5,0,-152,0,149.4,0,-112.6,0,-7.6,0,80.6,0,-145.5,0
572,191.1,0,-102.9,0,72.9,0,229.9,0,42.9,0,-179.3,0,78.9,0,53.6,0,-11.8,0,-34.4,0,125.6,0,-238.2,0,205.5,0,-72.9,0,140.6,0,-132,0,117.9,0,101.1,0,-80.8,0,170.7,0,-80.2,0,22.3,0,103.4,0,-205.4,0,-265.5,0,83.3,0,144,0,-58.3,0,49.7,0,217.2,0,-0.2,0,-270.9,0,-9.2,0,-21.1,0,-15.4,0,-81.2,0,138.6,0,-279.5,0,131.4,0,-54.9,0,73.7,0,-139.9,0,32,0,68.5,0,-152,0,149.4,0,-112.6,0,-7.6,0,80.6,0,-145.5,0,-436
573,0,-102.9,0,72.9,0,229.9,0,42.9,0,-179.3,0,78.9,0,53.6,0,-11.8,0,-34.4,0,125.6,0,-238.2,0,205.5,0,-72.9,0,140.6,0,-132,0,117.9,0,101.1,0,-80.8,0,170.7,0,-80.2,0,22.3,0,103.4,0,-205.4,0,-265.5,0,83.3,0,144,0,-58.3,0,49.7,0,217.2,0,-0.2,0,-270.9,0,-9.2,0,-21.1,0,-15.4,0,-81.2,0,138.6,0,-279.5,0,131.4,0,-54.9,0,73.7,0,-139.9,0,32,0,68.5,0,-152,0,149.4,0,-112.6,0,-7.6,0,80.6,0,-145.5,0,-436,0
574,-102.9,0,72.9,0,229.9,0,42.9,0,-179.3,0,78.9,0,53.6,0,-11.8,0,-34.4,0,125.6,0,-238.2,0,205.5,0,-72.9,0,140.6,0,-132,0,117.9,0,101.1,0,-80.8,0,170.7,0,-80.2,0,22.3,0,103.4,0,-205.4,0,-265.5,0,83.3,0,144,0,-58.3,0,49.7,0,217.2,0,-0.2,0,-270.9,0,-9.2,0,-21.1,0,-15.4,0,-81.2,0,138.6,0,-279.5,0,131.4,0,-54.9,0,73.7,0,-139.9,0,32,0,68.5,0,-152,0,149.4,0,-112.6,0,-7.6,0,80.6,0,-145.5,0,-436,0,179.2
575,0,72.9,0,229.9,0,42.9,0,-179.3,0,78.9,0,53.6,0,-11.8,0,-34.4,0,125.6,0,-238.2,0,205.5,0,-72.9,0,140.6,0,-132,0,117.9,0,101.1,0,-80.8,0,170.7,0,-80.2,0,22.3,0,103.4,0,-205.4,0,-265.5,0,83.3,0,144,0,-58.3,0,49.7,0,217.2,0,-0.2,0,-270.9,0,-9.2,0,-21.1,0,-15.4,0,-81.2,0,138.6,0,-279.5,0,131.4,0,-54.9,0,73.7,0,-139.9,0,32,0,68.5,0,-152,0,149.4,0,-112.6,0,-7.6,0,80.6,0,-145.5,0,-436,0,179.2,0
576,72.9,0,229.9,0,42.9,0,-179.3,0,78.9,0,53.6,0,-11.8,0,-34.4,0,125.6,0,-238.2,0,205.5,0,-72.9,0,140.6,0,-132,0,117.9,0,101.1,0,-80.8,0,170.7,0,-80.2,0,22.3,0,103.4,0,-205.4,0,-265.5,0,83.3,0,144,0,-58.3,0,49.7,0,217.2,0,-0.2,0,-270.9,0,-9.2,0,-21.1,0,-15.4,0,-81.2,0,138.6,0,-279.5,0,131.4,0,-54.9,0,73.7,0,-139.9,0,32,0,68.5,0,-152,0,149.4,0,-112.6,0,-7.6,0,80.6,0,-145.5,0,-436,0,179.2,0,178.6
577,0,229.9,0,42.9,0,-179.3,0,78.9,0,53.6,0,-11.8,0,-34.4,0,125.6,0,-238.2,0,205.5,0,-72.9,0,140.6,0,-132,0,117.9,0,101.1,0,-80.8,0,170.7,0,-80.2,0,22.3,0,103.4,0,-205.4,0,-265.5,0,83.3,0,144,0,-58.3,0,49.7,0,217.2,0,-0.2,0,-270.9,0,-9.2,0,-21.1,0,-15.4,0,-81.2,0,138.6,0,-279.5,0,131.4,0,-54.9,0,73.7,0,-139.9,0,32,0,68.5,0,-152,0,149.4,0,-112.6,0,-7.6,0,80.6,0,-145.5,0,-436,0,179.2,0,178.6,0
578,229.9,0,42.9,0,-179.3,0,78.9,0,53.6,0,-11.8,0,-34.4,0,125.6,0,-238.2,0,205.5,0,-72.9,0,140.6,0,-132,0,117.9,0,101.1,0,-80.8,0,170.7,0,-80.2,0,22.3,0,103.4,0,-205.4,0,-265.5,0,83.3,0,144,0,-58.3,0,49.7,0,217.2,0,-0.2,0,-270.9,0,-9.2,0,-21.1,0,-15.4,0,-81.2,0,138.6,0,-279.5,0,131.4,0,-54.9,0,73.7,0,-139.9,0,32,0,68.5,0,-152,0,149.4,0,-112.6,0,-7.6,0,80.6,0,-145.5,0,-436,0,179.2,0,178.6,0,-10.7
579,0,42.9,0,-179.3,0,78.9,0,53.6,0,-11.8,0,-34.4,0,125.6,0,-238.2,0,205.5,0,-72.9,0,140.6,0,-132,0,117.9,0,101.1,0,-80.8,0,170.7,0,-80.2,0,22.3,0,103.4,0,-205.4,0,-265.5,0,83.3,0,144,0,-58.3,0,49.7,0,217.2,0,-0.2,0,-270.9,0,-9.2,0,-21.1,0,-15.4,0,-81.2,0,138.6,0,-279.5,0,131.4,0,-54.9,0,73.7,0,-139.9,0,32,0,68.5,0,-152,0,149.4,0,-112.6,0,-7.6,0,80.6,0,-145.5,0,-436,0,179.2,0,178.6,0,-10.7,0
580,42.9,0,-179.3,0,78.9,0,53.6,0,-11.8,0,-34.4,0,125.6,0,-238.2,0,205.5,0,-72.9,0,140.6,0,-132,0,117.9,0,101.1,0,-80.8,0,170.7,0,-80.2,0,22.3,0,103.4,0,-205.4,0,-265.5,0,83.3,0,144,0,-58.3,0,49.7,0,217.2,0,-0.2,0,-270.9,0,-9.2,0,-21.1,0,-15.4,0,-81.2,0,138.6,0,-279.5,0,131.4,0,-54.9,0,73.7,0,-139.9,0,32,0,68.5,0,-152,0,149.4,0,-112.6,0,-7.6,0,80.6,0,-145.5,0,-436,0,179.2,0,178.6,0,-10.7,0,7.6
581,0,-179.3,0,78.9,0,53.6,0,-11.8,0,-34.4,0,125.6,0,-238.2,0,205.5,0,-72.9,0,140.6,0,-132,0,117.9,0,101.1,0,-80.8,0,170.7,0,-80.2,0,22.3,0,103.4,0,-205.4,0,-265.5,0,83.3,0,144,0,-58.3,0,49.7,0,217.2,0,-0.2,0,-270.9,0,-9.2,0,-21.1,0,-15.4,0,-81.2,0,138.6,0,-279.5,0,131.4,0,-54.9,0,73.7,0,-139.9,0,32,0,68.5,0,-152,0,149.4,0,-112.6,0,-7.6,0,80.6,0,-145.5,0,-436,0,179.2,0,178.6,0,-10.7,0,7.6,0
582,-179.3,0,78.9,0,53.6,0,-11.8,0,-34.4,0,125.6,0,-238.2,0,205.5,0,-72.9,0,140.6,0,-132,0,117.9,0,101.1,0,-80.8,0,170.7,0,-80.2,0,22.3,0,103.4,0,-205.4,0,-265.5,0,83.3,0,144,0,-58.3,0,49.7,0,217.2,0,-0.2,0,-270.9,0,-9.2,0,-21.1,0,-15.4,0,-81.2,0,138.6,0,-279.5,0,131.4,0,-54.9,0,73.7,0,-139.9,0,32,0,68.5,0,-152,0,149.4,0,-112.6,0,-7.6,0,80.6,0,-145.5,0,-436,0,179.2,0,178.6,0,-10.7,0,7.6,0,119.7
583,0,78.9,0,53.6,0,-11.8,0,-34.4,0,125.6,0,-238.2,0,205.5,0,-72.9,0,140.6,0,-132,0,117.9,0,101.1,0,-80.8,0,170.7,0,-80.2,0,22.3,0,103.4,0,-205.4,0,-265.5,0,83.3,0,144,0,-58.3,0,49.7,0,217.2,0,-0.2,0,-270.9,0,-9.2,0,-21.1,0,-15.4,0,-81.2,0,138.6,0,-279.5,0,131.4,0,-54.9,0,73.7,0,-139.9,0,32,0,68.5,0,-152,0,149.4,0,-112.6,0,-7.6,0,80.6,0,-145.5,0,-436,0,179.2,0,178.6,0,-10.7,0,7.6,0,119.7,0
584,78.9,0,53.6,0,-11.8,0,-34.4,0,125.6,0,-238.2,0,205.5,0,-72.9,0,140.6,0,-132,0,117.9,0,101.1,0,-80.8,0,170.7,0,-80.2,0,22.3,0,103.4,0,-205.4,0,-265.5,0,83.3,0,144,0,-58.3,0,49.7,0,217.2,0,-0.2,0,-270.9,0,-9.2,0,-21.1,0,-15.4,0,-81.2,0,138.6,0,-279.5,0,131.4,0,-54.9,0,73.7,0,-139.9,0,32,0,68.5,0,-152,0,149.4,0,-112.6,0,-7.6,0,80.6,0,-145.5,0,-436,0,179.2,0,178.6,0,-10.7,0,7.6,0,119.7,0,159.9
585,0,53.6,0,-11.8,0,-34.4,0,125.6,0,-238.2,0,205.5,0,-72.9,0,140.6,0,-132,0,117.9,0,101.1,0,-80.8,0,170.7,0,-80.2,0,22.3,0,103.4,0,-205.4,0,-265.5,0,83.3,0,144,0,-58.3,0,49.7,0,217.2,0,-0.2,0,-270.9,0,-9.2,0,-21.1,0,-15.4,0,-81.2,0,138.6,0,-279.5,0,131.4,0,-54.9,0,73.7,0,-139.9,0,32,0,68.5,0,-152,0,149.4,0,-112.6,0,-7.6,0,80.6,0,-145.5,0,-436,0,179.2,0,178.6,0,-10.7,0,7.6,0,119.7,0,159.9,0
586,53.6,0,-11.8,0,-34.4,0,125.6,0,-238.2,0,205.5,0,-72.9,0,140.6,0,-132,0,117.9,0,101.1,0,-80.8,0,170.7,0,-80.2,0,22.3,0,103.4,0,-205.4,0,-265.5,0,83.3,0,144,0,-58.3,0,49.7,0,217.2,0,-0.2,0,-270.9,0,-9.2,0,-21.1,0,-15.4,0,-81.2,0,138.6,0,-279.5,0,131.4,0,-54.9,0,73.7,0,-139.9,0,32,0,68.5,0,-152,0,149.4,0,-112.6,0,-7.6,0,80.6,0,-145.5,0,-436,0,179.2,0,178.6,0,-10.7,0,7.6,0,119.7,0,159.9,0,-361.5
587,0,-11.8,0,-34.4,0,125.6,0,-238.2,0,205.5,0,-72.9,0,140.6,0,-132,0,117.9,0,101.1,0,-80.8,0,170.7,0,-80.2,0,22.3,0,103.4,0,-205.4,0,-265.5,0,83.3,0,144,0,-58.3,0,49.7,0,217.2,0,-0.2,0,-270.9,0,-9.2,0,-21.1,0,-15.4,0,-81.2,0,138.6,0,-279.5,0,131.4,0,-54.9,0,73.7,0,-139.9,0,32,0,68.5,0,-152,0,149.4,0,-112.6,0,-7.6,0,80.6,0,-145.5,0,-436,0,179.2,0,178.6,0,-10.7,0,7.6,0,119.7,0,159.9,0,-361.5,0
588,-11.8,0,-34.4,0,125.6,0,-238.2,0,205.5,0,-72.9,0,140.6,0,-132,0,117.9,0,101.1,0,-80.8,0,170.7,0,-80.2,0,22.3,0,103.4,0,-205.4,0,-265.5,0,83.3,0,144,0,-58.3,0,49.7,0,217.2,0,-0.2,0,-270.9,0,-9.2,0,-21.1,0,-15.4,0,-81.2,0,138.6,0,-279.5,0,131.4,0,-54.9,0,73.7,0,-139.9,0,32,0,68.5,0,-152,0,149.4,0,-112.6,0,-7.6,0,80.6,0,-145.5,0,-436,0,179.2,0,178.6,0,-10.7,0,7.6,0,119.7,0,159.9,0,-361.5,0,-34.8
589,0,-34.4,0,125.6,0,-238.2,0,205.5,0,-72.9,0,140.6,0,-132,0,117.9,0,101.1,0,-80.8,0,170.7,0,-80.2,0,22.3,0,103.4,0,-205.4,0,-265.5,0,83.3,0,144,0,-58.3,0,49.7,0,217.2,0,-0.2,0,-270.9,0,-9.2,0,-21.1,0,-15.4,0,-81.2,0,138.6,0,-279.5,0,131.4,0,-54.9,0,73.7,0,-139.9,0,32,0,68.5,0,-152,0,149.4,0,-112.6,0,-7.6,0,80.6,0,-145.5,0,-436,0,179.2,0,178.6,0,-10.7,0,7.6,0,119.7,0,159.9,0,-361.5,0,-34.8,0
590,-34.4,0,125.6,0,-238.2,0,205.5,0,-72.9,0,140.6,0,-132,0,117.9,0,101.1,0,-80.8,0,170.7,0,-80.2,0,22.3,0,103.4,0,-205.4,0,-265.5,0,83.3,0,144,0,-58.3,0,49.7,0,217.2,0,-0.2,0,-270.9,0,-9.2,0,-21.1,0,-15.4,0,-81.2,0,138.6,0,-279.5,0,131.4,0,-54.9,0,73.7,0,-139.9,0,32,0,68.5,0,-152,0,149.4,0,-112.6,0,-7.6,0,80.6,0,-145.5,0,-436,0,179.2,0,178.6,0,-10.7,0,7.6,0,119.7,0,159.9,0,-361.5,0,-34.8,0,-48
591,0,125.6,0,-238.2,0,205.5,0,-72.9,0,140.6,0,-132,0,117.9,0,101.1,0,-80.8,0,170.7,0,-80.2,0,22.3,0,103.4,0,-205.4,0,-265.5,0,83.3,0,144,0,-58.3,0,49.7,0,217.2,0,-0.2,0,-270.9,0,-9.2,0,-21.1,0,-15.4,0,-81.2,0,138.6,0,-279.5,0,131.4,0,-54.9,0,73.7,0,-139.9,0,32,0,68.5,0,-152,0,149.4,0,-112.6,0,-7.6,0,80.6,0,-145.5,0,-436,0,179.2,0,178.6,0,-10.7,0,7.6,0,119.7,0,159.9,0,-361.5,0,-34.8,0,-48,0
592,125.6,0,-238.2,0,205.5,0,-72.9,0,140.6,0,-132,0,117.9,0,101.1,0,-80.8,0,170.7,0,-80.2,0,22.3,0,103.4,0,-205.4,0,-265.5,0,83.3,0,144,0,-58.3,0,49.7,0,217.2,0,-0.2,0,-270.9,0,-9.2,0,-21.1,0,-15.4,0,-81.2,0,138.6,0,-279.5,0,131.4,0,-54.9,0,73.7,0,-139.9,0,32,0,68.5,0,-152,0,149.4,0,-112.6,0,-7.6,0,80.6,0,-145.5,0,-436,0,179.2,0,178.6,0,-10.7,0,7.6,0,119.7,0,159.9,0,-361.5,0,-34.8,0,-48,0,30.8
593,0,-238.2,0,205.5,0,-72.9,0,140.6,0,-132,0,117.9,0,101.1,0,-80.8,0,170.7,0,-80.2,0,22.3,0,103.4,0,-205.4,0,-265.5,0,83.3,0,144,0,-58.3,0,49.7,0,217.2,0,-0.2,0,-270.9,0,-9.2,0,-21.1,0,-15.4,0,-81.2,0,138.6,0,-279.5,0,131.4,0,-54.9,0,73.7,0,-139.9,0,32,0,68.5,0,-152,0,149.4,0,-112.6,0,-7.6,0,80.6,0,-145.5,0,-436,0,179.2,0,178.6,0,-10.7,0,7.6,0,119.7,0,159.9,0,-361.5,0,-34.8,0,-48,0,30.8,0
594,-238.2,0,205.5,0,-72.9,0,140.6,0,-132,0,117.9,0,101.1,0,-80.8,0,170.7,0,-80.2,0,22.3,0,103.4,0,-205.4,0,-265.5,0,83.3,0,144,0,-58.3,0,49.7,0,217.2,0,-0.2,0,-270.9,0,-9.2,0,-21.1,0,-15.4,0,-81.2,0,138.6,0,-279.5,0,131.4,0,-54.9,0,73.7,0,-139.9,0,32,0,68.5,0,-152,0,149.4,0,-112.6,0,-7.6,0,80.6,0,-145.5,0,-436,0,179.2,0,178.6,0,-10.7,0,7.6,0,119.7,0,159.9,0,-361.5,0,-34.8,0,-48,0,30.8,0,-93
595,0,205.5,0,-72.9,0,140.6,0,-132,0,117.9,0,101.1,0,-80.8,0,170.7,0,-80.2,0,22.3,0,103.4,0,-205.4,0,-265.5,0,83.3,0,144,0,-58.3,0,49.7,0,217.2,0,-0.2,0,-270.9,0,-9.2,0,-21.1,0,-15.4,0,-81.2,0,138.6,0,-279.5,0,131.4,0,-54.9,0,73.7,0,-139.9,0,32,0,68.5,0,-152,0,149.4,0,-112.6,0,-7.6,0,80.6,0,-145.5,0,-436,0,179.2,0,178.6,0,-10.7,0,7.6,0,119.7,0,159.9,0,-361.5,0,-34.8,0,-48,0,30.8,0,-93,0
596,205.5,0,-72.9,0,140.6,0,-132,0,117.9,0,101.1,0,-80.8,0,170.7,0,-80.2,0,22.3,0,103.4,0,-205.4,0,-265.5,0,83.3,0,144,0,-58.3,0,49.7,0,217.2,0,-0.2,0,-270.9,0,-9.2,0,-21.1,0,-15.4,0,-81.2,0,138.6,0,-279.5,0,131.4,0,-54.9,0,73.7,0,-139.9,0,32,0,68.5,0,-152,0,149.4,0,-112.6,0,-7.6,0,80.6,0,-145.5,0,-436,0,179.2,0,178.6,0,-10.7,0,7.6,0,119.7,0,159.9,0,-361.5,0,-34.8,0,-48,0,30.8,0,-93,0,130.9
597,0,-72.9,0,140.6,0,-132,0,117.9,0,101.1,0,-80.8,0,170.7,0,-80.2,0,22.3,0,103.4,0,-205.4,0,-265.5,0,83.3,0,144,0,-58.3,0,49.7,0,217.2,0,-0.2,0,-270.9,0,-9.2,0,-21.1,0,-15.4,0,-81.2,0,138.6,0,-279.5,0,131.4,0,-54.9,0,73.7,0,-139.9,0,32,0,68.5,0,-152,0,149.4,0,-112.6,0,-7.6,0,80.6,0,-145.5,0,-436,0,179.2,0,178.6,0,-10.7,0,7.6,0,119.7,0,159.9,0,-361.5,0,-34.8,0,-48,0,30.8,0,-93,0,130.9,0
598,-72.9,0,140.6,0,-132,0,117.9,0,101.1,0,-80.8,0,170.7,0,-80.2,0,22.3,0,103.4,0,-205.4,0,-265.5,0,83.3,0,144,0,-58.3,0,49.7,0,217.2,0,-0.2,0,-270.9,0,-9.2,0,-21.1,0,-15.4,0,-81.2,0,138.6,0,-279.5,0,131.4,0,-54.9,0,73.7,0,-139.9,0,32,0,68.5,0,-152,0,149.4,0,-112.6,0,-7.6,0,80.6,0,-145.5,0,-436,0,179.2,0,178.6,0,-10.7,0,7.6,0,119.7,0,159.9,0,-361.5,0,-34.8,0,-48,0,30.8,0,-93,0,130.9,0,-227.8
599,0,140.6,0,-132,0,117.9,0,101.1,0,-80.8,0,170.7,0,-80.2,0,22.3,0,103.4,0,-205.4,0,-265.5,0,83.3,0,144,0,-58.3,0,49.7,0,217.2,0,-0.2,0,-270.9,0,-9.2,0,-21.1,0,-15.4,0,-81.2,0,138.6,0,-279.5,0,131.4,0,-54.9,0,73.7,0,-139.9,0,32,0,68.5,0,-152,0,149.4,0,-112.6,0,-7.6,0,80.6,0,-145.5,0,-436,0,179.2,0,178.6,0,-10.7,0,7.6,0,119.7,0,159.9,0,-361.5,0,-34.8,0,-48,0,30.8,0,-93,0,130.9,0,-227.8,0
600,140.6,0,-132,0,117.9,0,101.1,0,-80.8,0,170.7,0,-80.2,0,22.3,0,103.4,0,-205.4,0,-265.5,0,83.3,0,144,0,-58.3,0,49.7,0,217.2,0,-0.2,0,-270.9,0,-9.2,0,-21.1,0,-15.4,0,-81.2,0,138.6,0,-279.5,0,131.4,0,-54.9,0,73.7,0,-139.9,0,32,0,68.5,0,-152,0,149.4,0,-112.6,0,-7.6,0,80.6,0,-145.5,0,-436,0,179.2,0,178.6,0,-10.7,0,7.6,0,119.7,0,159.9,0,-361.5,0,-34.8,0,-48,0,30.8,0,-93,0,130.9,0,-227.8,0,104.4
601,0,-132,0,117.9,0,101.1,0,-80.8,0,170.7,0,-80.2,0,22.3,0,103.4,0,-205.4,0,-265.5,0,83.3,0,144,0,-58.3,0,49.7,0,217.2,0,-0.2,0,-270.9,0,-9.2,0,-21.1,0,-15.4,0,-81.2,0,138.6,0,-279.5,0,131.4,0,-54.9,0,73.7,0,-139.9,0,32,0,68.5,0,-152,0,149.4,0,-112.6,0,-7.6,0,80.6,0,-145.5,0,-436,0,179.2,0,178.6,0,-10.7,0,7.6,0,119.7,0,159.9,0,-361.5,0,-34.8,0,-48,0,30.8,0,-93,0,130.9,0,-227.8,0,104.4,0
602,-132,0,117.9,0,101.1,0,-80.8,0,170.7,0,-80.2,0,22.3,0,103.4,0,-205.4,0,-265.5,0,83.3,0,144,0,-58.3,0,49.7,0,217.2,0,-0.2,0,-270.9,0,-9.2,0,-21.1,0,-15.4,0,-81.2,0,138.6,0,-279.5,0,131.4,0,-54.9,0,73.7,0,-139.9,0,32,0,68.5,0,-152,0,149.4,0,-112.6,0,-7.6,0,80.6,0,-145.5,0,-436,0,179.2,0,178.6,0,-10.7,0,7.6,0,119.7,0,159.9,0,-361.5,0,-34.8,0,-48,0,30.8,0,-93,0,130.9,0,-227.8,0,104.4,0,7.5
603,0,117.9,0,101.1,0,-80.8,0,170.7,0,-80.2,0,22.3,0,103.4,0,-205.4,0,-265.5,0,83.3,0,144,0,-58.3,0,49.7,0,217.2,0,-0.2,0,-270.9,0,-9.2,0,-21.1,0,-15.4,0,-81.2,0,138.6,0,-279.5,0,131.4,0,-54.9,0,73.7,0,-139.9,0,32,0,68.5,0,-152,0,149.4,0,-112.6,0,-7.6,0,80.6,0,-145.5,0,-436,0,179.2,0,178.6,0,-10.7,0,7.6,0,119.7,0,159.9,0,-361.5,0,-34.8,0,-48,0,30.8,0,-93,0,130.9,0,-227.8,0,104.4,0,7.5,0
604,117.9,0,101.1,0,-80.8,0,170.7,0,-80.2,0,22.3,0,103.4,0,-205.4,0,-265.5,0,83.3,0,144,0,-58.3,0,49.7,0,217.2,0,-0.2,0,-270.9,0,-9.2,0,-21.1,0,-15.4,0,-81.2,0,138.6,0,-279.5,0,131.4,0,-54.9,0,73.7,0,-139.9,0,32,0,68.5,0,-152,0,149.4,0,-112.6,0,-7.6,0,80.6,0,-145.5,0,-436,0,179.2,0,178.6,0,-10.7,0,7.6,0,119.7,0,159.9,0,-361.5,0,-34.8,0,-48,0,30.8,0,-93,0,130.9,0,-227.8,0,104.4,0,7.5,0,52.5
605,0,101.1,0,-80.8,0,170.7,0,-80.2,0,22.3,0,103.4,0,-205.4,0,-265.5,0,83.3,0,144,0,-58.3,0,49.7,0,217.2,0,-0.2,0,-270.9,0,-9.2,0,-21.1,0,-15.4,0,-81.2,0,138.6,0,-279.5,0,131.4,0,-54.9,0,73.7,0,-139.9,0,32,0,68.5,0,-152,0,149.4,0,-112.6,0,-7.6,0,80.6,0,-145.5,0,-436,0,179.2,0,178.6,0,-10.7,0,7.6,0,119.7,0,159.9,0,-361.5,0,-34.8,0,-48,0,30.8,0,-93,0,130.9,0,-227.8,0,104.4,0,7.5,0,52.5,0
606,101.1,0,-80.8,0,170.7,0,-80.2,0,22.3,0,103.4,0,-205.4,0,-265.5,0,83.3,0,144,0,-58.3,0,49.7,0,217.2,0,-0.2,0,-270.9,0,-9.2,0,-21.1,0,-15.4,0,-81.2,0,138.6,0,-279.5,0,131.4,0,-54.9,0,73.7,0,-139.9,0,32,0,68.5,0,-152,0,149.4,0,-112.6,0,-7.6,0,80.6,0,-145.5,0,-436,0,179.2,0,178.6,0,-10.7,0,7.6,0,119.7,0,159.9,0,-361.5,0,-34.8,0,-48,0,30.8,0,-93,0,130.9,0,-227.8,0,104.4,0,7.5,0,52.5,0,-96.1
607,0,-80.8,0,170.7,0,-80.2,0,22.3,0,103.4,0,-205.4,0,-265.5,0,83.3,0,144,0,-58.3,0,49.7,0,217.2,0,-0.2,0,-270.9,0,-9.2,0,-21.1,0,-15.4,0,-81.2,0,138.6,0,-279.5,0,131.4,0,-54.9,0,73.7,0,-139.9,0,32,0,68.5,0,-152,0,149.4,0,-112.6,0,-7.6,0,80.6,0,-145.5,0,-436,0,179.2,0,178.6,0,-10.7,0,7.6,0,119.7,0,159.9,0,-361.5,0,-34.8,0,-48,0,30.8,0,-93,0,130.9,0,-227.8,0,104.4,0,7.5,0,52.5,0,-96.1,0
608,-80.8,0,170.7,0,-80.2,0,22.3,0,103.4,0,-205.4,0,-265.5,0,83.3,0,144,0,-58.3,0,49.7,0,217.2,0,-0.2,0,-270.9,0,-9.2,0,-21.1,0,-15.4,0,-81.2,0,138.6,0,-279.5,0,131.4,0,-54.9,0,73.7,0,-139.9,0,32,0,68.5,0,-152,0,149.4,0,-112.6,0,-7.6,0,80.6,0,-145.5,0,-436,0,179.2,0,178.6,0,-10.7,0,7.6,0,119.7,0,159.9,0,-361.5,0,-34.8,0,-48,0,30.8,0,-93,0,130.9,0,-227.8,0,104.4,0,7.5,0,52.5,0,-96.1,0,-73.4
609,0,170.7,0,-80.2,0,22.3,0,103.4,0,-205.4,0,-265.5,0,83.3,0,144,0,-58.3,0,49.7,0,217.2,0,-0.2,0,-270.9,0,-9.2,0,-21.1,0,-15.4,0,-81.2,0,138.6,0,-279.5,0,131.4,0,-54.9,0,73.7,0,-139.9,0,32,0,68.5,0,-152,0,149.4,0,-112.6,0,-7.6,0,80.6,0,-145.5,0,-436,0,179.2,0,178.6,0,-10.7,0,7.6,0,119.7,0,159.9,0,-361.5,0,-34.8,0,-48,0,30.8,0,-93,0,130.9,0,-227.8,0,104.4,0,7.5,0,52.5,0,-96.1,0,-73.4,0
610,170.7,0,-80.2,0,22.3,0,103.4,0,-205.4,0,-265.5,0,83.3,0,144,0,-58.3,0,49.7,0,217.2,0,-0.2,0,-270.9,0,-9.2,0,-21.1,0,-15.4,0,-81.2,0,138.6,0,-279.5,0,131.4,0,-54.9,0,73.7,0,-139.9,0,32,0,68.5,0,-152,0,149.4,0,-112.6,0,-7.6,0,80.6,0,-145.5,0,-436,0,179.2,0,178.6,0,-10.7,0,7.6,0,119.7,0,159.9,0,-361.5,0,-34.8,0,-48,0,30.8,0,-93,0,130.9,0,-227.8,0,104.4,0,7.5,0,52.5,0,-96.1,0,-73.4,0,116
611,0,-80.2,0,22.3,0,103.4,0,-205.4,0,-265.5,0,83.3,0,144,0,-58.3,0,49.7,0,217.2,0,-0.2,0,-270.9,0,-9.2,0,-21.1,0,-15.4,0,-81.2,0,138.6,0,-279.5,0,131.4,0,-54.9,0,73.7,0,-139.9,0,32,0,68.5,0,-152,0,149.4,0,-112.6,0,-7.6,0,80.6,0,-145.5,0,-436,0,179.2,0,178.6,0,-10.7,0,7.6,0,119.7,0,159.9,0,-361.5,0,-34.8,0,-48,0,30.8,0,-93,0,130.9,0,-227.8,0,104.4,0,7.5,0,52.5,0,-96.1,0,-73.4,0,116,0
612,-80.2,0,22.3,0,103.4,0,-205.4,0,-265.5,0,83.3,0,144,0,-58.3,0,49.7,0,217.2,0,-0.2,0,-270.9,0,-9.2,0,-21.1,0,-15.4,0,-81.2,0,138.6,0,-279.5,0,131.4,0,-54.9,0,73.7,0,-139.9,0,32,0,68.5,0,-152,0,149.4,0,-112.6,0,-7.6,0,80.6,0,-145.5,0,-436,0,179.2,0,178.6,0,-10.7,0,7.6,0,119.7,0,159.9,0,-361.5,0,-34.8,0,-48,0,30.8,0,-93,0,130.9,0,-227.8,0,104.4,0,7.5,0,52.5,0,-96.1,0,-73.4,0,116,0,-134.7
613,0,22.3,0,103.4,0,-205.4,0,-265.5,0,83.3,0,144,0,-58.3,0,49.7,0,217.2,0,-0.2,0,-270.9,0,-9.2,0,-21.1,0,-15.4,0,-81.2,0,138.6,0,-279.5,0,131.4,0,-54.9,0,73.7,0,-139.9,0,32,0,68.5,0,-152,0,149.4,0,-112.6,0,-7.6,0,80.6,0,-145.5,0,-436,0,179.2,0,178.6,0,-10.7,0,7.6,0,119.7,0,159.9,0,-361.5,0,-34.8,0,-48,0,30.8,0,-93,0,130.9,0,-227.8,0,104.4,0,7.5,0,52.5,0,-96.1,0,-73.4,0,116,0,-134.7,0
614,22.3,0,103.4,0,-205.4,0,-265.5,0,83.3,0,144,0,-58.3,0,49.7,0,217.2,0,-0.2,0,-270.9,0,-9.2,0,-21.1,0,-15.4,0,-81.2,0,138.6,0,-279.5,0,131.4,0,-54.9,0,73.7,0,-139.9,0,32,0,68.5,0,-152,0,149.4,0,-112.6,0,-7.6,0,80.6,0,-145.5,0,-436,0,179.2,0,178.6,0,-10.7,0,7.6,0,119.7,0,159.9,0,-361.5,0,-34.8,0,-48,0,30.8,0,-93,0,130.9,0,-227.8,0,104.4,0,7.5,0,52.5,0,-96.1,0,-73.4,0,116,0,-134.7,0,116.6
615,0,103.4,0,-205.4,0,-265.5,0,83.3,0,144,0,-58.3,0,49.7,0,217.2,0,-0.2,0,-270.9,0,-9.2,0,-21.1,0,-15.4,0,-81.2,0,138.6,0,-279.5,0,131.4,0,-54.9,0,73.7,0,-139.9,0,32,0,68.5,0,-152,0,149.4,0,-112.6,0,-7.6,0,80.6,0,-145.5,0,-436,0,179.2,0,178.6,0,-10.7,0,7.6,0,119.7,0,159.9,0,-361.5,0,-34.8,0,-48,0,30.8,0,-93,0,130.9,0,-227.8,0,104.4,0,7.5,0,52.5,0,-96.1,0,-73.4,0,116,0,-134.7,0,116.6,0
616,103.4,0,-205.4,0,-265.5,0,83.3,0,144,0,-58.3,0,49.7,0,217.2,0,-0.2,0,-270.9,0,-9.2,0,-21.1,0,-15.4,0,-81.2,0,138.6,0,-279.5,0,131.4,0,-54.9,0,73.7,0,-139.9,0,32,0,68.5,0,-152,0,149.4,0,-112.6,0,-7.6,0,80.6,0,-145.5,0,-436,0,179.2,0,178.6,0,-10.7,0,7.6,0,119.7,0,159.9,0,-361.5,0,-34.8,0,-48,0,30.8,0,-93,0,130.9,0,-227.8,0,104.4,0,7.5,0,52.5,0,-96.1,0,-73.4,0,116,0,-134.7,0,116.6,0,-11.6
617,0,-205.4,0,-265.5,0,83.3,0,144,0,-58.3,0,49.7,0,217.2,0,-0.2,0,-270.9,0,-9.2,0,-21.1,0,-15.4,0,-81.2,0,138.6,0,-279.5,0,131.4,0,-54.9,0,73.7,0,-139.9,0,32,0,68.5,0,-152,0,149.4,0,-112.6,0,-7.6,0,80.6,0,-145.5,0,-436,0,179.2,0,178.6,0,-10.7,0,7.6,0,119.7,0,159.9,0,-361.5,0,-34.8,0,-48,0,30.8,0,-93,0,130.9,0,-227.8,0,104.4,0,7.5,0,52.5,0,-96.1,0,-73.4,0,116,0,-134.7,0,116.6,0,-11.6,0
618,-205.4,0,-265.5,0,83.3,0,144,0,-58.3,0,49.7,0,217.2,0,-0.2,0,-270.9,0,-9.2,0,-21.1,0,-15.4,0,-81.2,0,138.6,0,-279.5,0,131.4,0,-54.9,0,73.7,0,-139.9,0,32,0,68.5,0,-152,0,149.4,0,-112.6,0,-7.6,0,80.6,0,-145.5,0,-436,0,179.2,0,178.6,0,-10.7,0,7.6,0,119.7,0,159.9,0,-361.5,0,-34.8,0,-48,0,30.8,0,-93,0,130.9,0,-227.8,0,104.4,0,7.5,0,52.5,0,-96.1,0,-73.4,0,116,0,-134.7,0,116.6,0,-11.6,0,-90.5
619,0,-265.5,0,83.3,0,144,0,-58.3,0,49.7,0,217.2,0,-0.2,0,-270.9,0,-9.2,0,-21.1,0,-15.4,0,-81.2,0,138.6,0,-279.5,0,131.4,0,-54.9,0,73.7,0,-139.9,0,32,0,68.5,0,-152,0,149.4,0,-112.6,0,-7.6,0,80.6,0,-145.5,0,-436,0,179.2,0,178.6,0,-10.7,0,7.6,0,119.7,0,159.9,0,-361.5,0,-34.8,0,-48,0,30.8,0,-93,0,130.9,0,-227.8,0,104.4,0,7.5,0,52.5,0,-96.1,0,-73.4,0,116,0,-134.7,0,116.6,0,-11.6,0,-90.5,0
620,-265.5,0,83.3,0,144,0,-58.3,0,49.7,0,217.2,0,-0.2,0,-270.9,0,-9.2,0,-21.1,0,-15.4,0,-81.2,0,138.6,0,-279.5,0,131.4,0,-54.9,0,73.7,0,-139.9,0,32,0,68.5,0,-152,0,149.4,0,-112.6,0,-7.6,0,80.6,0,-145.5,0,-436,0,179.2,0,178.6,0,-10.7,0,7.6,0,119.7,0,159.9,0,-361.5,0,-34.8,0,-48,0,30.8,0,-93,0,130.9,0,-227.8,0,104.4,0,7.5,0,52.5,0,-96.1,0,-73.4,0,116,0,-134.7,0,116.6,0,-11.6,0,-90.5,0,157.6
621,0,83.3,0,144,0,-58.3,0,49.7,0,217.2,0,-0.2,0,-270.9,0,-9.2,0,-21.1,0,-15.4,0,-81.2,0,138.6,0,-279.5,0,131.4,0,-54.9,0,73.7,0,-139.9,0,32,0,68.5,0,-152,0,149.4,0,-112.6,0,-7.6,0,80.6,0,-145.5,0,-436,0,179.2,0,178.6,0,-10.7,0,7.6,0,119.7,0,159.9,0,-361.5,0,-34.8,0,-48,0,30.8,0,-93,0,130.9,0,-227.8,0,104.4,0,7.5,0,52.5,0,-96.1,0,-73.4,0,116,0,-134.7,0,116.6,0,-11.6,0,-90.5,0,157.6,0
622,83.3,0,144,0,-58.3,0,49.7,0,217.2,0,-0.2,0,-270.9,0,-9.2,0,-21.1,0,-15.4,0,-81.2,0,138.6,0,-279.5,0,131.4,0,-54.9,0,73.7,0,-139.9,0,32,0,68.5,0,-152,0,149.4,0,-112.6,0,-7.6,0,80.6,0,-145.5,0,-436,0,179.2,0,178.6,0,-10.7,0,7.6,0,119.7,0,159.9,0,-361.5,0,-34.8,0,-48,0,30.8,0,-93,0,130.9,0,-227.8,0,104.4,0,7.5,0,52.5,0,-96.1,0,-73.4,0,116,0,-134.7,0,116.6,0,-11.6,0,-90.5,0,157.6,0,-195.3
623,0,144,0,-58.3,0,49.7,0,217.2,0,-0.2,0,-270.9,0,-9.2,0,-21.1,0,-15.4,0,-81.2,0,138.6,0,-279.5,0,131.4,0,-54.9,0,73.7,0,-139.9,0,32,0,68.5,0,-152,0,149.4,0,-112.6,0,-7.6,0,80.6,0,-145.5,0,-436,0,179.2,0,178.6,0,-10.7,0,7.6,0,119.7,0,159.9,0,-361.5,0,-34.8,0,-48,0,30.8,0,-93,0,130.9,0,-227.8,0,104.4,0,7.5,0,52.5,0,-96.1,0,-73.4,0,116,0,-134.7,0,116.6,0,-11.6,0,-90.5,0,157.6,0,-195.3,0
624,144,0,-58.3,0,49.7,0,217.2,0,-0.2,0,-270.9,0,-9.2,0,-21.1,0,-15.4,0,-81.2,0,138.6,0,-279.5,0,131.4,0,-54.9,0,73.7,0,-139.9,0,32,0,68.5,0,-152,0,149.4,0,-112.6,0,-7.6,0,80.6,0,-145.5,0,-436,0,179.2,0,178.6,0,-10.7,0,7.6,0,119.7,0,159.9,0,-361.5,0,-34.8,0,-48,0,30.8,0,-93,0,130.9,0,-227.8,0,104.4,0,7.5,0,52.5,0,-96.1,0,-73.4,0,116,0,-134.7,0,116.6,0,-11.6,0,-90.5,0,157.6,0,-195.3,0,-428.3
625,0,-58.3,0,49.7,0,217.2,0,-0.2,0,-270.9,0,-9.2,0,-21.1,0,-15.4,0,-81.2,0,138.6,0,-279.5,0,131.4,0,-54.9,0,73.7,0,-139.9,0,32,0,68.5,0,-152,0,149.4,0,-112.6,0,-7.6,0,80.6,0,-145.5,0,-436,0,179.2,0,178.6,0,-10.7,0,7.6,0,119.7,0,159.9,0,-361.5,0,-34.8,0,-48,0,30.8,0,-93,0,130.9,0,-227.8,0,104.4,0,7.5,0,52.5,0,-96.1,0,-73.4,0,116,0,-134.7,0,116.6,0,-11.6,0,-90.5,0,157.6,0,-195.3,0,-428.3,0
626,-58.3,0,49.7,0,217.2,0,-0.2,0,-270.9,0,-9.2,0,-21.1,0,-15.4,0,-81.2,0,138.6,0,-279.5,0,131.4,0,-54.9,0,73.7,0,-139.9,0,32,0,68.5,0,-152,0,149.4,0,-112.6,0,-7.6,0,80.6,0,-145.5,0,-436,0,179.2,0,178.6,0,-10.7,0,7.6,0,119.7,0,159.9,0,-361.5,0,-34.8,0,-48,0,30.8,0,-93,0,130.9,0,-227.8,0,104.4,0,7.5,0,52.5,0,-96.1,0,-73.4,0,116,0,-134.7,0,116.6,0,-11.6,0,-90.5,0,157.6,0,-195.3,0,-428.3,0,114
627,0,49.7,0,217.2,0,-0.2,0,-270.9,0,-9.2,0,-21.1,0,-15.4,0,-81.2,0,138.6,0,-279.5,0,131.4,0,-54.9,0,73.7,0,-139.9,0,32,0,68.5,0,-152,0,149.4,0,-112.6,0,-7.6,0,80.6,0,-145.5,0,-436,0,179.2,0,178.6,0,-10.7,0,7.6,0,119.7,0,159.9,0,-361.5,0,-34.8,0,-48,0,30.8,0,-93,0,130.9,0,-227.8,0,104.4,0,7.5,0,52.5,0,-96.1,0,-73.4,0,116,0,-134.7,0,116.6,0,-11.6,0,-90.5,0,157.6,0,-195.3,0,-428.3,0,114,0
628,49.7,0,217.2,0,-0.2,0,-270.9,0,-9.2,0,-21.1,0,-15.4,0,-81.2,0,138.6,0,-279.5,0,131.4,0,-54.9,0,73.7,0,-139.9,0,32,0,68.5,0,-152,0,149.4,0,-112.6,0,-7.6,0,80.6,0,-145.5,0,-436,0,179.2,0,178.6,0,-10.7,0,7.6,0,119.7,0,159.9,0,-361.5,0,-34.8,0,-48,0,30.8,0,-93,0,130.9,0,-227.8,0,104.4,0,7.5,0,52.5,0,-96.1,0,-73.4,0,116,0,-134.7,0,116.6,0,-11.6,0,-90.5,0,157.6,0,-195.3,0,-428.3,0,114,0,213.7
629,0,217.2,0,-0.2,0,-270.9,0,-9.2,0,-21.1,0,-15.4,0,-81.2,0,138.6,0,-279.5,0,131.4,0,-54.9,0,73.7,0,-139.9,0,32,0,68.5,0,-152,0,149.4,0,-112.6,0,-7.6,0,80.6,0,-145.5,0,-436,0,179.2,0,178.6,0,-10.7,0,7.6,0,119.7,0,159.9,0,-361.5,0,-34.8,0,-48,0,30.8,0,-93,0,130.9,0,-227.8,0,104.4,0,7.5,0,52.5,0,-96.1,0,-73.4,0,116,0,-134.7,0,116.6,0,-11.6,0,-90.5,0,157.6,0,-195.3,0,-428.3,0,114,0,213.7,0
630,217.2,0,-0.2,0,-270.9,0,-9.2,0,-21.1,0,-15.4,0,-81.2,0,138.6,0,-279.5,0,131.4,0,-54.9,0,73.7,0,-139.9,0,32,0,68.5,0,-152,0,149.4,0,-112.6,0,-7.6,0,80.6,0,-145.5,0,-436,0,179.2,0,178.6,0,-10.7,0,7.6,0,119.7,0,159.9,0,-361.5,0,-34.8,0,-48,0,30.8,0,-93,0,130.9,0,-227.8,0,104.4,0,7.5,0,52.5,0,-96.1,0,-73.4,0,116,0,-134.7,0,116.6,0,-11.6,0,-90.5,0,157.6,0,-195.3,0,-428.3,0,114,0,213.7,0,10.2
631,0,-0.2,0,-270.9,0,-9.2,0,-21.1,0,-15.4,0,-81.2,0,138.6,0,-279.5,0,131.4,0,-54.9,0,73.7,0,-139.9,0,32,0,68.5,0,-152,0,149.4,0,-112.6,0,-7.6,0,80.6,0,-145.5,0,-436,0,179.2,0,178.6,0,-10.7,0,7.6,0,119.7,0,159.9,0,-361.5,0,-34.8,0,-48,0,30.8,0,-93,0,130.9,0,-227.8,0,104.4,0,7.5,0,52.5,0,-96.1,0,-73.4,0,116,0,-134.7,0,116.6,0,-11.6,0,-90.5,0,157.6,0,-195.3,0,-428.3,0,114,0,213.7,0,10.2,0
632,-0.2,0,-270.9,0,-9.2,0,-21.1,0,-15.4,0,-81.2,0,138.6,0,-279.5,0,131.4,0,-54.9,0,73.7,0,-139.9,0,32,0,68.5,0,-152,0,149.4,0,-112.6,0,-7.6,0,80.6,0,-145.5,0,-436,0,179.2,0,178.6,0,-10.7,0,7.6,0,119.7,0,159.9,0,-361.5,0,-34.8,0,-48,0,30.8,0,-93,0,130.9,0,-227.8,0,104.4,0,7.5,0,52.5,0,-96.1,0,-73.4,0,116,0,-134.7,0,116.6,0,-11.6,0,-90.5,0,157.6,0,-195.3,0,-428.3,0,114,0,213.7,0,10.2,0,25.2
633,0,-270.9,0,-9.2,0,-21.1,0,-15.4,0,-81.2,0,138.6,0,-279.5,0,131.4,0,-54.9,0,73.7,0,-139.9,0,32,0,68.5,0,-152,0,149.4,0,-112.6,0,-7.6,0,80.6,0,-145.5,0,-436,0,179.2,0,178.6,0,-10.7,0,7.6,0,119.7,0,159.9,0,-361.5,0,-34.8,0,-48,0,30.8,0,-93,0,130.9,0,-227.8,0,104.4,0,7.5,0,52.5,0,-96.1,0,-73.4,0,116,0,-134.7,0,116.6,0,-11.6,0,-90.5,0,157.6,0,-195.3,0,-428.3,0,114,0,213.7,0,10.2,0,25.2,0
634,-270.9,0,-9.2,0,-21.1,0,-15.4,0,-81.2,0,138.6,0,-279.5,0,131.4,0,-54.9,0,73.7,0,-139.9,0,32,0,68.5,0,-152,0,149.4,0,-112.6,0,-7.6,0,80.6,0,-145.5,0,-436,0,179.2,0,178.6,0,-10.7,0,7.6,0,119.7,0,159.9,0,-361.5,0,-34.8,0,-48,0,30.8,0,-93,0,130.9,0,-227.8,0,104.4,0,7.5,0,52.5,0,-96.1,0,-73.4,0,116,0,-134.7,0,116.6,0,-11.6,0,-90.5,0,157.6,0,-195.3,0,-428.3,0,114,0,213.7,0,10.2,0,25.2,0,44.9
635,0,-9.2,0,-21.1,0,-15.4,0,-81.2,0,138.6,0,-279.5,0,131.4,0,-54.9,0,73.7,0,-139.9,0,32,0,68.5,0,-152,0,149.4,0,-112.6,0,-7.6,0,80.6,0,-145.5,0,-436,0,179.2,0,178.6,0,-10.7,0,7.6,0,119.7,0,159.9,0,-361.5,0,-34.8,0,-48,0,30.8,0,-93,0,130.9,0,-227.8,0,104.4,0,7.5,0,52.5,0,-96.1,0,-73.4,0,116,0,-134.7,0,116.6,0,-11.6,0,-90.5,0,157.6,0,-195.3,0,-428.3,0,114,0,213.7,0,10.2,0,25.2,0,44.9,0
636,-9.2,0,-21.1,0,-15.4,0,-81.2,0,138.6,0,-279.5,0,131.4,0,-54.9,0,73.7,0,-139.9,0,32,0,68.5,0,-152,0,149.4,0,-112.6,0,-7.6,0,80.6,0,-145.5,0,-436,0,179.2,0,178.6,0,-10.7,0,7.6,0,119.7,0,159.9,0,-361.5,0,-34.8,0,-48,0,30.8,0,-93,0,130.9,0,-227.8,0,104.4,0,7.5,0,52.5,0,-96.1,0,-73.4,0,116,0,-134.7,0,116.6,0,-11.6,0,-90.5,0,157.6,0,-195.3,0,-428.3,0,114,0,213.7,0,10.2,0,25.2,0,44.9,0,140.7
637,0,-21.1,0,-15.4,0,-81.2,0,138.6,0,-279.5,0,131.4,0,-54.9,0,73.7,0,-139.9,0,32,0,68.5,0,-152,0,149.4,0,-112.6,0,-7.6,0,80.6,0,-145.5,0,-436,0,179.2,0,178.6,0,-10.7,0,7.6,0,119.7,0,159.9,0,-361.5,0,-34.8,0,-48,0,30.8,0,-93,0,130.9,0,-227.8,0,104.4,0,7.5,0,52.5,0,-96.1,0,-73.4,0,116,0,-134.7,0,116.6,0,-11.6,0,-90.5,0,157.6,0,-195.3,0,-428.3,0,114,0,213.7,0,10.2,0,25.2,0,44.9,0,140.7,0
638,-21.1,0,-15.4,0,-81.2,0,138.6,0,-279.5,0,131.4,0,-54.9,0,73.7,0,-139.9,0,32,0,68.5,0,-152,0,149.4,0,-112.6,0,-7.6,0,80.6,0,-145.5,0,-436,0,179.2,0,178.6,0,-10.7,0,7.6,0,119.7,0,159.9,0,-361.5,0,-34.8,0,-48,0,30.8,0,-93,0,130.9,0,-227.8,0,104.4,0,7.5,0,52.5,0,-96.1,0,-73.4,0,116,0,-134.7,0,116.6,0,-11.6,0,-90.5,0,157.6,0,-195.3,0,-428.3,0,114,0,213.7,0,10.2,0,25.2,0,44.9,0,140.7,0,-339.2
639,0,-15.4,0,-81.2,0,138.6,0,-279.5,0,131.4,0,-54.9,0,73.7,0,-139.9,0,32,0,68.5,0,-152,0,149.4,0,-112.6,0,-7.6,0,80.6,0,-145.5,0,-436,0,179.2,0,178.6,0,-10.7,0,7.6,0,119.7,0,159.9,0,-361.5,0,-34.8,0,-48,0,30.8,0,-93,0,130.9,0,-227.8,0,104.4,0,7.5,0,52.5,0,-96.1,0,-73.4,0,116,0,-134.7,0,116.6,0,-11.6,0,-90.5,0,157.6,0,-195.3,0,-428.3,0,114,0,213.7,0,10.2,0,25.2,0,44.9,0,140.7,0,-339.2,0
640,-15.4,0,-81.2,0,138.6,0,-279.5,0,131.4,0,-54.9,0,73.7,0,-139.9,0,32,0,68.5,0,-152,0,149.4,0,-112.6,0,-7.6,0,80.6,0,-145.5,0,-436,0,179.2,0,178.6,0,-10.7,0,7.6,0,119.7,0,159.9,0,-361.5,0,-34.8,0,-48,0,30.8,0,-93,0,130.9,0,-227.8,0,104.4,0,7.5,0,52.5,0,-96.1,0,-73.4,0,116,0,-134.7,0,116.6,0,-11.6,0,-90.5,0,157.6,0,-195.3,0,-428.3,0,114,0,213.7,0,10.2,0,25.2,0,44.9,0,140.7,0,-339.2,0,25.7
641,0,-81.2,0,138.6,0,-279.5,0,131.4,0,-54.9,0,73.7,0,-139.9,0,32,0,68.5,0,-152,0,149.4,0,-112.6,0,-7.6,0,80.6,0,-145.5,0,-436,0,179.2,0,178.6,0,-10.7,0,7.6,0,119.7,0,159.9,0,-361.5,0,-34.8,0,-48,0,30.8,0,-93,0,130.9,0,-227.8,0,104.4,0,7.5,0,52.5,0,-96.1,0,-73.4,0,116,0,-134.7,0,116.6,0,-11.6,0,-90.5,0,157.6,0,-195.3,0,-428.3,0,114,0,213.7,0,10.2,0,25.2,0,44.9,0,140.7,0,-339.2,0,25.7,0
642,-81.2,0,138.6,0,-279.5,0,131.4,0,-54.9,0,73.7,0,-139.9,0,32,0,68.5,0,-152,0,149.4,0,-112.6,0,-7.6,0,80.6,0,-145.5,0,-436,0,179.2,0,178.6,0,-10.7,0,7.6,0,119.7,0,159.9,0,-361.5,0,-34.8,0,-48,0,30.8,0,-93,0,130.9,0,-227.8,0,104.4,0,7.5,0,52.5,0,-96.1,0,-73.4,0,116,0,-134.7,0,116.6,0,-11.6,0,-90.5,0,157.6,0,-195.3,0,-428.3,0,114,0,213.7,0,10.2,0,25.2,0,44.9,0,140.7,0,-339.2,0,25.7,0,-53.1
643,0,138.6,0,-279.5,0,131.4,0,-54.9,0,73.7,0,-139.9,0,32,0,68.5,0,-152,0,149.4,0,-112.6,0,-7.6,0,80.6,0,-145.5,0,-436,0,179.2,0,178.6,0,-10.7,0,7.6,0,119.7,0,159.9,0,-361.5,0,-34.8,0,-48,0,30.8,0,-93,0,130.9,0,-227.8,0,104.4,0,7.5,0,52.5,0,-96.1,0,-73.4,0,116,0,-134.7,0,116.6,0,-11.6,0,-90.5,0,157.6,0,-195.3,0,-428.3,0,114,0,213.7,0,10.2,0,25.2,0,44.9,0,140.7,0,-339.2,0,25.7,0,-53.1,0
644,138.6,0,-279.5,0,131.4,0,-54.9,0,73.7,0,-139.9,0,32,0,68.5,0,-152,0,149.4,0,-112.6,0,-7.6,0,80.6,0,-145.5,0,-436,0,179.2,0,178.6,0,-10.7,0,7.6,0,119.7,0,159.9,0,-361.5,0,-34.8,0,-48,0,30.8,0,-93,0,130.9,0,-227.8,0,104.4,0,7.5,0,52.5,0,-96.1,0,-73.4,0,116,0,-134.7,0,116.6,0,-11.6,0,-90.5,0,157.6,0,-195.3,0,-428.3,0,114,0,213.7,0,10.2,0,25.2,0,44.9,0,140.7,0,-339.2,0,25.7,0,-53.1,0,1.2
645,0,-279.5,0,131.4,0,-54.9,0,73.7,0,-139.9,0,32,0,68.5,0,-152,0,149.4,0,-112.6,0,-7.6,0,80.6,0,-145.5,0,-436,0,179.2,0,178.6,0,-10.7,0,7.6,0,119.7,0,159.9,0,-361.5,0,-34.8,0,-48,0,30.8,0,-93,0,130.9,0,-227.8,0,104.4,0,7.5,0,52.5,0,-96.1,0,-73.4,0,116,0,-134.7,0,116.6,0,-11.6,0,-90.5,0,157.6,0,-195.3,0,-428.3,0,114,0,213.7,0,10.2,0,25.2,0,44.9,0,140.7,0,-339.2,0,25.7,0,-53.1,0,1.2,0
646,-279.5,0,131.4,0,-54.9,0,73.7,0,-139.9,0,32,0,68.5,0,-152,0,149.4,0,-112.6,0,-7.6,0,80.6,0,-145.5,0,-436,0,179.2,0,178.6,0,-10.7,0,7.6,0,119.7,0,159.9,0,-361.5,0,-34.8,0,-48,0,30.8,0,-93,0,130.9,0,-227.8,0,104.4,0,7.5,0,52.5,0,-96.1,0,-73.4,0,116,0,-134.7,0,116.6,0,-11.6,0,-90.5,0,157.6,0,-195.3,0,-428.3,0,114,0,213.7,0,10.2,0,25.2,0,44.9,0,140.7,0,-339.2,0,25.7,0,-53.1,0,1.2,0,-23.1
647,0,131.4,0,-54.9,0,73.7,0,-139.9,0,32,0,68.5,0,-152,0,149.4,0,-112.6,0,-7.6,0,80.6,0,-145.5,0,-436,0,179.2,0,178.6,0,-10.7,0,7.6,0,119.7,0,159.9,0,-361.5,0,-34.8,0,-48,0,30.8,0,-93,0,130.9,0,-227.8,0,104.4,0,7.5,0,52.5,0,-96.1,0,-73.4,0,116,0,-134.7,0,116.6,0,-11.6,0,-90.5,0,157.6,0,-195.3,0,-428.3,0,114,0,213.7,0,10.2,0,25.2,0,44.9,0,140.7,0,-339.2,0,25.7,0,-53.1,0,1.2,0,-23.1,0
648,131.4,0,-54.9,0,73.7,0,-139.9,0,32,0,68.5,0,-152,0,149.4,0,-112.6,0,-7.6,0,80.6,0,-145.5,0,-436,0,179.2,0,178.6,0,-10.7,0,7.6,0,119.7,0,159.9,0,-361.5,0,-34.8,0,-48,0,30.8,0,-93,0,130.9,0,-227.8,0,104.4,0,7.5,0,52.5,0,-96.1,0,-73.4,0,116,0,-134.7,0,116.6,0,-11.6,0,-90.5,0,157.6,0,-195.3,0,-428.3,0,114,0,213.7,0,10.2,0,25.2,0,44.9,0,140.7,0,-339.2,0,25.7,0,-53.1,0,1.2,0,-23.1,0,-8
649,0,-54.9,0,73.7,0,-139.9,0,32,0,68.5,0,-152,0,149.4,0,-112.6,0,-7.6,0,80.6,0,-145.5,0,-436,0,179.2,0,178.6,0,-10.7,0,7.6,0,119.7,0,159.9,0,-361.5,0,-34.8,0,-48,0,30.8,0,-93,0,130.9,0,-227.8,0,104.4,0,7.5,0,52.5,0,-96.1,0,-73.4,0,116,0,-134.7,0,116.6,0,-11.6,0,-90.5,0,157.6,0,-195.3,0,-428.3,0,114,0,213.7,0,10.2,0,25.2,0,44.9,0,140.7,0,-339.2,0,25.7,0,-53.1,0,1.2,0,-23.1,0,-8,0
650,-54.9,0,73.7,0,-139.9,0,32,0,68.5,0,-152,0,149.4,0,-112.6,0,-7.6,0,80.6,0,-145.5,0,-436,0,179.2,0,178.6,0,-10.7,0,7.6,0,119.7,0,159.9,0,-361.5,0,-34.8,0,-48,0,30.8,0,-93,0,130.9,0,-227.8,0,104.4,0,7.5,0,52.5,0,-96.1,0,-73.4,0,116,0,-134.7,0,116.6,0,-11.6,0,-90.5,0,157.6,0,-195.3,0,-428.3,0,114,0,213.7,0,10.2,0,25.2,0,44.9,0,140.7,0,-339.2,0,25.7,0,-53.1,0,1.2,0,-23.1,0,-8,0,-201.6
651,0,73.7,0,-139.9,0,32,0,68.5,0,-152,0,149.4,0,-112.6,0,-7.6,0,80.6,0,-145.5,0,-436,0,179.2,0,178.6,0,-10.7,0,7.6,0,119.7,0,159.9,0,-361.5,0,-34.8,0,-48,0,30.8,0,-93,0,130.9,0,-227.8,0,104.4,0,7.5,0,52.5,0,-96.1,0,-73.4,0,116,0,-134.7,0,116.6,0,-11.6,0,-90.5,0,157.6,0,-195.3,0,-428.3,0,114,0,213.7,0,10.2,0,25.2,0,44.9,0,140.7,0,-339.2,0,25.7,0,-53.1,0,1.2,0,-23.1,0,-8,0,-201.6,0
652,73.7,0,-139.9,0,32,0,68.5,0,-152,0,149.4,0,-112.6,0,-7.6,0,80.6,0,-145.5,0,-436,0,179.2,0,178.6,0,-10.7,0,7.6,0,119.7,0,159.9,0,-361.5,0,-34.8,0,-48,0,30.8,0,-93,0,130.9,0,-227.8,0,104.4,0,7.5,0,52.5,0,-96.1,0,-73.4,0,116,0,-134.7,0,116.6,0,-11.6,0,-90.5,0,157.6,0,-195.3,0,-428.3,0,114,0,213.7,0,10.2,0,25.2,0,44.9,0,140.7,0,-339.2,0,25.7,0,-53.1,0,1.2,0,-23.1,0,-8,0,-201.6,0,68.6
653,0,-139.9,0,32,0,68.5,0,-152,0,149.4,0,-112.6,0,-7.6,0,80.6,0,-145.5,0,-436,0,179.2,0,178.6,0,-10.7,0,7.6,0,119.7,0,159.9,0,-361.5,0,-34.8,0,-48,0,30.8,0,-93,0,130.9,0,-227.8,0,104.4,0,7.5,0,52.5,0,-96.1,0,-73.4,0,116,0,-134.7,0,116.6,0,-11.6,0,-90.5,0,157.6,0,-195.3,0,-428.3,0,114,0,213.7,0,10.2,0,25.2,0,44.9,0,140.7,0,-339.2,0,25.7,0,-53.1,0,1.2,0,-23.1,0,-8,0,-201.6,0,68.6,0
654,-139.9,0,32,0,68.5,0,-152,0,149.4,0,-112.6,0,-7.6,0,80.6,0,-145.5,0,-436,0,179.2,0,178.6,0,-10.7,0,7.6,0,119.7,0,159.9,0,-361.5,0,-34.8,0,-48,0,30.8,0,-93,0,130.9,0,-227.8,0,104.4,0,7.5,0,52.5,0,-96.1,0,-73.4,0,116,0,-134.7,0,116.6,0,-11.6,0,-90.5,0,157.6,0,-195.3,0,-428.3,0,114,0,213.7,0,10.2,0,25.2,0,44.9,0,140.7,0,-339.2,0,25.7,0,-53.1,0,1.2,0,-23.1,0,-8,0,-201.6,0,68.6,0,-19.2
655,0,32,0,68.5,0,-152,0,149.4,0,-112.6,0,-7.6,0,80.6,0,-145.5,0,-436,0,179.2,0,178.6,0,-10.7,0,7.6,0,119.7,0,159.9,0,-361.5,0,-34.8,0,-48,0,30.8,0,-93,0,130.9,0,-227.8,0,104.4,0,7.5,0,52.5,0,-96.1,0,-73.4,0,116,0,-134.7,0,116.6,0,-11.6,0,-90.5,0,157.6,0,-195.3,0,-428.3,0,114,0,213.7,0,10.2,0,25.2,0,44.9,0,140.7,0,-339.2,0,25.7,0,-53.1,0,1.2,0,-23.1,0,-8,0,-201.6,0,68.6,0,-19.2,0
656,32,0,68.5,0,-152,0,149.4,0,-112.6,0,-7.6,0,80.6,0,-145.5,0,-436,0,179.2,0,178.6,0,-10.7,0,7.6,0,119.7,0,159.9,0,-361.5,0,-34.8,0,-48,0,30.8,0,-93,0,130.9,0,-227.8,0,104.4,0,7.5,0,52.5,0,-96.1,0,-73.4,0,116,0,-134.7,0,116.6,0,-11.6,0,-90.5,0,157.6,0,-195.3,0,-428.3,0,114,0,213.7,0,10.2,0,25.2,0,44.9,0,140.7,0,-339.2,0,25.7,0,-53.1,0,1.2,0,-23.1,0,-8,0,-201.6,0,68.6,0,-19.2,0,-5.3
657,0,68.5,0,-152,0,149.4,0,-112.6,0,-7.6,0,80.6,0,-145.5,0,-436,0,179.2,0,178.6,0,-10.7,0,7.6,0,119.7,0,159.9,0,-361.5,0,-34.8,0,-48,0,30.8,0,-93,0,130.9,0,-227.8,0,104.4,0,7.5,0,52.5,0,-96.1,0,-73.4,0,116,0,-134.7,0,116.6,0,-11.6,0,-90.5,0,157.6,0,-195.3,0,-428.3,0,114,0,213.7,0,10.2,0,25.2,0,44.9,0,140.7,0,-339.2,0,25.7,0,-53.1,0,1.2,0,-23.1,0,-8,0,-201.6,0,68.6,0,-19.2,0,-5.3,0
658,68.5,0,-152,0,149.4,0,-112.6,0,-7.6,0,80.6,0,-145.5,0,-436,0,179.2,0,178.6,0,-10.7,0,7.6,0,119.7,0,159.9,0,-361.5,0,-34.8,0,-48,0,30.8,0,-93,0,130.9,0,-227.8,0,104.4,0,7.5,0,52.5,0,-96.1,0,-73.4,0,116,0,-134.7,0,116.6,0,-11.6,0,-90.5,0,157.6,0,-195.3,0,-428.3,0,114,0,213.7,0,10.2,0,25.2,0,44.9,0,140.7,0,-339.2,0,25.7,0,-53.1,0,1.2,0,-23.1,0,-8,0,-201.6,0,68.6,0,-19.2,0,-5.3,0,-145.7
659,0,-152,0,149.4,0,-112.6,0,-7.6,0,80.6,0,-145.5,0,-436,0,179.2,0,178.6,0,-10.7,0,7.6,0,119.7,0,159.9,0,-361.5,0,-34.8,0,-48,0,30.8,0,-93,0,130.9,0,-227.8,0,104.4,0,7.5,0,52.5,0,-96.1,0,-73.4,0,116,0,-134.7,0,116.6,0,-11.6,0,-90.5,0,157.6,0,-195.3,0,-428.3,0,114,0,213.7,0,10.2,0,25.2,0,44.9,0,140.7,0,-339.2,0,25.7,0,-53.1,0,1.2,0,-23.1,0,-8,0,-201.6,0,68.6,0,-19.2,0,-5.3,0,-145.7,0
660,-152,0,149.4,0,-112.6,0,-7.6,0,80.6,0,-145.5,0,-436,0,179.2,0,178.6,0,-10.7,0,7.6,0,119.7,0,159.9,0,-361.5,0,-34.8,0,-48,0,30.8,0,-93,0,130.9,0,-227.8,0,104.4,0,7.5,0,52.5,0,-96.1,0,-73.4,0,116,0,-134.7,0,116.6,0,-11.6,0,-90.5,0,157.6,0,-195.3,0,-428.3,0,114,0,213.7,0,10.2,0,25.2,0,44.9,0,140.7,0,-339.2,0,25.7,0,-53.1,0,1.2,0,-23.1,0,-8,0,-201.6,0,68.6,0,-19.2,0,-5.3,0,-145.7,0,-66.5
661,0,149.4,0,-112.6,0,-7.6,0,80.6,0,-145.5,0,-436,0,179.2,0,178.6,0,-10.7,0,7.6,0,119.7,0,159.9,0,-361.5,0,-34.8,0,-48,0,30.8,0,-93,0,130.9,0,-227.8,0,104.4,0,7.5,0,52.5,0,-96.1,0,-73.4,0,116,0,-134.7,0,116.6,0,-11.6,0,-90.5,0,157.6,0,-195.3,0,-428.3,0,114,0,213.7,0,10.2,0,25.2,0,44.9,0,140.7,0,-339.2,0,25.7,0,-53.1,0,1.2,0,-23.1,0,-8,0,-201.6,0,68.6,0,-19.2,0,-5.3,0,-145.7,0,-66.5,0
662,149.4,0,-112.6,0,-7.6,0,80.6,0,-145.5,0,-436,0,179.2,0,178.6,0,-10.7,0,7.6,0,119.7,0,159.9,0,-361.5,0,-34.8,0,-48,0,30.8,0,-93,0,130.9,0,-227.8,0,104.4,0,7.5,0,52.5,0,-96.1,0,-73.4,0,116,0,-134.7,0,116.6,0,-11.6,0,-90.5,0,157.6,0,-195.3,0,-428.3,0,114,0,213.7,0,10.2,0,25.2,0,44.9,0,140.7,0,-339.2,0,25.7,0,-53.1,0,1.2,0,-23.1,0,-8,0,-201.6,0,68.6,0,-19.2,0,-5.3,0,-145.7,0,-66.5,0,62.1
663,0,-112.6,0,-7.6,0,80.6,0,-145.5,0,-436,0,179.2,0,178.6,0,-10.7,0,7.6,0,119.7,0,159.9,0,-361.5,0,-34.8,0,-48,0,30.8,0,-93,0,130.9,0,-227.8,0,104.4,0,7.5,0,52.5,0,-96.1,0,-73.4,0,116,0,-134.7,0,116.6,0,-11.6,0,-90.5,0,157.6,0,-195.3,0,-428.3,0,114,0,213.7,0,10.2,0,25.2,0,44.9,0,140.7,0,-339.2,0,25.7,0,-53.1,0,1.2,0,-23.1,0,-8,0,-201.6,0,68.6,0,-19.2,0,-5.3,0,-145.7,0,-66.5,0,62.1,0
664,-112.6,0,-7.6,0,80.6,0,-145.5,0,-436,0,179.2,0,178.6,0,-10.7,0,7.6,0,119.7,0,159.9,0,-361.5,0,-34.8,0,-48,0,30.8,0,-93,0,130.9,0,-227.8,0,104.4,0,7.5,0,52.5,0,-96.1,0,-73.4,0,116,0,-134.7,0,116.6,0,-11.6,0,-90.5,0,157.6,0,-195.3,0,-428.3,0,114,0,213.7,0,10.2,0,25.2,0,44.9,0,140.7,0,-339.2,0,25.7,0,-53.1,0,1.2,0,-23.1,0,-8,0,-201.6,0,68.6,0,-19.2,0,-5.3,0,-145.7,0,-66.5,0,62.1,0,-89.9
665,0,-7.6,0,80.6,0,-145.5,0,-436,0,179.2,0,178.6,0,-10.7,0,7.6,0,119.7,0,159.9,0,-361.5,0,-34.8,0,-48,0,30.8,0,-93,0,130.9,0,-227.8,0,104.4,0,7.5,0,52.5,0,-96.1,0,-73.4,0,116,0,-134.7,0,116.6,0,-11.6,0,-90.5,0,157.6,0,-195.3,0,-428.3,0,114,0,213.7,0,10.2,0,25.2,0,44.9,0,140.7,0,-339.2,0,25.7,0,-53.1,0,1.2,0,-23.1,0,-8,0,-201.6,0,68.6,0,-19.2,0,-5.3,0,-145.7,0,-66.5,0,62.1,0,-89.9,0
666,-7.6,0,80.6,0,-145.5,0,-436,0,179.2,0,178.6,0,-10.7,0,7.6,0,119.7,0,159.9,0,-361.5,0,-34.8,0,-48,0,30.8,0,-93,0,130.9,0,-227.8,0,104.4,0,7.5,0,52.5,0,-96.1,0,-73.4,0,116,0,-134.7,0,116.6,0,-11.6,0,-90.5,0,157.6,0,-195.3,0,-428.3,0,114,0,213.7,0,10.2,0,25.2,0,44.9,0,140.7,0,-339.2,0,25.7,0,-53.1,0,1.2,0,-23.1,0,-8,0,-201.6,0,68.6,0,-19.2,0,-5.3,0,-145.7,0,-66.5,0,62.1,0,-89.9,0,55.4
667,0,80.6,0,-145.5,0,-436,0,179.2,0,178.6,0,-10.7,0,7.6,0,119.7,0,159.9,0,-361.5,0,-34.8,0,-48,0,30.8,0,-93,0,130.9,0,-227.8,0,104.4,0,7.5,0,52.5,0,-96.1,0,-73.4,0,116,0,-134.7,0,116.6,0,-11.6,0,-90.5,0,157.6,0,-195.3,0,-428.3,0,114,0,213.7,0,10.2,0,25.2,0,44.9,0,140.7,0,-339.2,0,25.7,0,-53.1,0,1.2,0,-23.1,0,-8,0,-201.6,0,68.6,0,-19.2,0,-5.3,0,-145.7,0,-66.5,0,62.1,0,-89.9,0,55.4,0
668,80.6,0,-145.5,0,-436,0,179.2,0,178.6,0,-10.7,0,7.6,0,119.7,0,159.9,0,-361.5,0,-34.8,0,-48,0,30.8,0,-93,0,130.9,0,-227.8,0,104.4,0,7.5,0,52.5,0,-96.1,0,-73.4,0,116,0,-134.7,0,116.6,0,-11.6,0,-90.5,0,157.6,0,-195.3,0,-428.3,0,114,0,213.7,0,10.2,0,25.2,0,44.9,0,140.7,0,-339.2,0,25.7,0,-53.1,0,1.2,0,-23.1,0,-8,0,-201.6,0,68.6,0,-19.2,0,-5.3,0,-145.7,0,-66.5,0,62.1,0,-89.9,0,55.4,0,14.5
669,0,-145.5,0,-436,0,179.2,0,178.6,0,-10.7,0,7.6,0,119.7,0,159.9,0,-361.5,0,-34.8,0,-48,0,30.8,0,-93,0,130.9,0,-227.8,0,104.4,0,7.5,0,52.5,0,-96.1,0,-73.4,0,116,0,-134.7,0,116.6,0,-11.6,0,-90.5,0,157.6,0,-195.3,0,-428.3,0,114,0,213.7,0,10.2,0,25.2,0,44.9,0,140.7,0,-339.2,0,25.7,0,-53.1,0,1.2,0,-23.1,0,-8,0,-201.6,0,68.6,0,-19.2,0,-5.3,0,-145.7,0,-66.5,0,62.1,0,-89.9,0,55.4,0,14.5,0
670,-145.5,0,-436,0,179.2,0,178.6,0,-10.7,0,7.6,0,119.7,0,159.9,0,-361.5,0,-34.8,0,-48,0,30.8,0,-93,0,130.9,0,-227.8,0,104.4,0,7.5,0,52.5,0,-96.1,0,-73.4,0,116,0,-134.7,0,116.6,0,-11.6,0,-90.5,0,157.6,0,-195.3,0,-428.3,0,114,0,213.7,0,10.2,0,25.2,0,44.9,0,140.7,0,-339.2,0,25.7,0,-53.1,0,1.2,0,-23.1,0,-8,0,-201.6,0,68.6,0,-19.2,0,-5.3,0,-145.7,0,-66.5,0,62.1,0,-89.9,0,55.4,0,14.5,0,-69.8
671,0,-436,0,179.2,0,178.6,0,-10.7,0,7.6,0,119.7,0,159.9,0,-361.5,0,-34.8,0,-48,0,30.8,0,-93,0,130.9,0,-227.8,0,104.4,0,7.5,0,52.5,0,-96.1,0,-73.4,0,116,0,-134.7,0,116.6,0,-11.6,0,-90.5,0,157.6,0,-195.3,0,-428.3,0,114,0,213.7,0,10.2,0,25.2,0,44.9,0,140.7,0,-339.2,0,25.7,0,-53.1,0,1.2,0,-23.1,0,-8,0,-201.6,0,68.6,0,-19.2,0,-5.3,0,-145.7,0,-66.5,0,62.1,0,-89.9,0,55.4,0,14.5,0,-69.8,0
672,-436,0,179.2,0,178.6,0,-10.7,0,7.6,0,119.7,0,159.9,0,-361.5,0,-34.8,0,-48,0,30.8,0,-93,0,130.9,0,-227.8,0,104.4,0,7.5,0,52.5,0,-96.1,0,-73.4,0,116,0,-134.7,0,116.6,0,-11.6,0,-90.5,0,157.6,0,-195.3,0,-428.3,0,114,0,213.7,0,10.2,0,25.2,0,44.9,0,140.7,0,-339.2,0,25.7,0,-53.1,0,1.2,0,-23.1,0,-8,0,-201.6,0,68.6,0,-19.2,0,-5.3,0,-145.7,0,-66.5,0,62.1,0,-89.9,0,55.4,0,14.5,0,-69.8,0,120.5
673,0,179.2,0,178.6,0,-10.7,0,7.6,0,119.7,0,159.9,0,-361.5,0,-34.8,0,-48,0,30.8,0,-93,0,130.9,0,-227.8,0,104.4,0,7.5,0,52.5,0,-96.1,0,-73.4,0,116,0,-134.7,0,116.6,0,-11.6,0,-90.5,0,157.6,0,-195.3,0,-428.3,0,114,0,213.7,0,10.2,0,25.2,0,44.9,0,140.7,0,-339.2,0,25.7,0,-53.1,0,1.2,0,-23.1,0,-8,0,-201.6,0,68.6,0,-19.2,0,-5.3,0,-145.7,0,-66.5,0,62.1,0,-89.9,0,55.4,0,14.5,0,-69.8,0,120.5,0
674,179.2,0,178.6,0,-10.7,0,7.6,0,119.7,0,159.9,0,-361.5,0,-34.8,0,-48,0,30.8,0,-93,0,130.9,0,-227.8,0,104.4,0,7.5,0,52.5,0,-96.1,0,-73.4,0,116,0,-134.7,0,116.6,0,-11.6,0,-90.5,0,157.6,0,-195.3,0,-428.3,0,114,0,213.7,0,10.2,0,25.2,0,44.9,0,140.7,0,-339.2,0,25.7,0,-53.1,0,1.2,0,-23.1,0,-8,0,-201.6,0,68.6,0,-19.2,0,-5.3,0,-145.7,0,-66.5,0,62.1,0,-89.9,0,55.4,0,14.5,0,-69.8,0,120.5,0,-68.9
675,0,178.6,0,-10.7,0,7.6,0,119.7,0,159.9,0,-361.5,0,-34.8,0,-48,0,30.8,0,-93,0,130.9,0,-227.8,0,104.4,0,7.5,0,52.5,0,-96.1,0,-73.4,0,116,0,-134.7,0,116.6,0,-11.6,0,-90.5,0,157.6,0,-195.3,0,-428.3,0,114,0,213.7,0,10.2,0,25.2,0,44.9,0,140.7,0,-339.2,0,25.7,0,-53.1,0,1.2,0,-23.1,0,-8,0,-201.6,0,68.6,0,-19.2,0,-5.3,0,-145.7,0,-66.5,0,62.1,0,-89.9,0,55.4,0,14.5,0,-69.8,0,120.5,0,-68.9,0
676,178.6,0,-10.7,0,7.6,0,119.7,0,159.9,0,-361.5,0,-34.8,0,-48,0,30.8,0,-93,0,130.9,0,-227.8,0,104.4,0,7.5,0,52.5,0,-96.1,0,-73.4,0,116,0,-134.7,0,116.6,0,-11.6,0,-90.5,0,157.6,0,-195.3,0,-428.3,0,114,0,213.7,0,10.2,0,25.2,0,44.9,0,140.7,0,-339.2,0,25.7,0,-53.1,0,1.2,0,-23.1,0,-8,0,-201.6,0,68.6,0,-19.2,0,-5.3,0,-145.7,0,-66.5,0,62.1,0,-89.9,0,55.4,0,14.5,0,-69.8,0,120.5,0,-68.9,0,-284.8
677,0,-10.7,0,7.6,0,119.7,0,159.9,0,-361.5,0,-34.8,0,-48,0,30.8,0,-93,0,130.9,0,-227.8,0,104.4,0,7.5,0,52.5,0,-96.1,0,-73.4,0,116,0,-134.7,0,116.6,0,-11.6,0,-90.5,0,157.6,0,-195.3,0,-428.3,0,114,0,213.7,0,10.2,0,25.2,0,44.9,0,140.7,0,-339.2,0,25.7,0,-53.1,0,1.2,0,-23.1,0,-8,0,-201.6,0,68.6,0,-19.2,0,-5.3,0,-145.7,0,-66.5,0,62.1,0,-89.9,0,55.4,0,14.5,0,-69.8,0,120.5,0,-68.9,0,-284.8,0
678,-10.7,0,7.6,0,119.7,0,159.9,0,-361.5,0,-34.8,0,-48,0,30.8,0,-93,0,130.9,0,-227.8,0,104.4,0,7.5,0,52.5,0,-96.1,0,-73.4,0,116,0,-134.7,0,116.6,0,-11.6,0,-90.5,0,157.6,0,-195.3,0,-428.3,0,114,0,213.7,0,10.2,0,25.2,0,44.9,0,140.7,0,-339.2,0,25.7,0,-53.1,0,1.2,0,-23.1,0,-8,0,-201.6,0,68.6,0,-19.2,0,-5.3,0,-145.7,0,-66.5,0,62.1,0,-89.9,0,55.4,0,14.5,0,-69.8,0,120.5,0,-68.9,0,-284.8,0,100.6
679,0,7.6,0,119.7,0,159.9,0,-361.5,0,-34.8,0,-48,0,30.8,0,-93,0,130.9,0,-227.8,0,104.4,0,7.5,0,52.5,0,-96.1,0,-73.4,0,116,0,-134.7,0,116.6,0,-11.6,0,-90.5,0,157.6,0,-195.3,0,-428.3,0,114,0,213.7,0,10.2,0,25.2,0,44.9,0,140.7,0,-339.2,0,25.7,0,-53.1,0,1.2,0,-23.1,0,-8,0,-201.6,0,68.6,0,-19.2,0,-5.3,0,-145.7,0,-66.5,0,62.1,0,-89.9,0,55.4,0,14.5,0,-69.8,0,120.5,0,-68.9,0,-284.8,0,100.6,0
680,7.6,0,119.7,0,159.9,0,-361.5,0,-34.8,0,-48,0,30.8,0,-93,0,130.9,0,-227.8,0,104.4,0,7.5,0,52.5,0,-96.1,0,-73.4,0,116,0,-134.7,0,116.6,0,-11.6,0,-90.5,0,157.6,0,-195.3,0,-428.3,0,114,0,213.7,0,10.2,0,25.2,0,44.9,0,140.7,0,-339.2,0,25.7,0,-53.1,0,1.2,0,-23.1,0,-8,0,-201.6,0,68.6,0,-19.2,0,-5.3,0,-145.7,0,-66.5,0,62.1,0,-89.9,0,55.4,0,14.5,0,-69.8,0,120.5,0,-68.9,0,-284.8,0,100.6,0,80.7
681,0,119.7,0,159.9,0,-361.5,0,-34.8,0,-48,0,30.8,0,-93,0,130.9,0,-227.8,0,104.4,0,7.5,0,52.5,0,-96.1,0,-73.4,0,116,0,-134.7,0,116.6,0,-11.6,0,-90.5,0,157.6,0,-195.3,0,-428.3,0,114,0,213.7,0,10.2,0,25.2,0,44.9,0,140.7,0,-339.2,0,25.7,0,-53.1,0,1.2,0,-23.1,0,-8,0,-201.6,0,68.6,0,-19.2,0,-5.3,0,-145.7,0,-66.5,0,62.1,0,-89.9,0,55.4,0,14.5,0,-69.8,0,120.5,0,-68.9,0,-284.8,0,100.6,0,80.7,0
682,119.7,0,159.9,0,-361.5,0,-34.8,0,-48,0,30.8,0,-93,0,130.9,0,-227.8,0,104.4,0,7.5,0,52.5,0,-96.1,0,-73.4,0,116,0,-134.7,0,116.6,0,-11.6,0,-90.5,0,157.6,0,-195.3,0,-428.3,0,114,0,213.7,0,10.2,0,25.2,0,44.9,0,140.7,0,-339.2,0,25.7,0,-53.1,0,1.2,0,-23.1,0,-8,0,-201.6,0,68.6,0,-19.2,0,-5.3,0,-145.7,0,-66.5,0,62.1,0,-89.9,0,55.4,0,14.5,0,-69.8,0,120.5,0,-68.9,0,-284.8,0,100.6,0,80.7,0,-72.3
683,0,159.9,0,-361.5,0,-34.8,0,-48,0,30.8,0,-93,0,130.9,0,-227.8,0,104.4,0,7.5,0,52.5,0,-96.1,0,-73.4,0,116,0,-134.7,0,116.6,0,-11.6,0,-90.5,0,157.6,0,-195.3,0,-428.3,0,114,0,213.7,0,10.2,0,25.2,0,44.9,0,140.7,0,-339.2,0,25.7,0,-53.1,0,1.2,0,-23.1,0,-8,0,-201.6,0,68.6,0,-19.2,0,-5.3,0,-145.7,0,-66.5,0,62.1,0,-89.9,0,55.4,0,14.5,0,-69.8,0,120.5,0,-68.9,0,-284.8,0,100.6,0,80.7,0,-72.3,0
684,159.9,0,-361.5,0,-34.8,0,-48,0,30.8,0,-93,0,130.9,0,-227.8,0,104.4,0,7.5,0,52.5,0,-96.1,0,-73.4,0,116,0,-134.7,0,116.6,0,-11.6,0,-90.5,0,157.6,0,-195.3,0,-428.3,0,114,0,213.7,0,10.2,0,25.2,0,44.9,0,140.7,0,-339.2,0,25.7,0,-53.1,0,1.2,0,-23.1,0,-8,0,-201.6,0,68.6,0,-19.2,0,-5.3,0,-145.7,0,-66.5,0,62.1,0,-89.9,0,55.4,0,14.5,0,-69.8,0,120.5,0,-68.9,0,-284.8,0,100.6,0,80.7,0,-72.3,0,6.9
685,0,-361.5,0,-34.8,0,-48,0,30.8,0,-93,0,130.9,0,-227.8,0,104.4,0,7.5,0,52.5,0,-96.1,0,-73.4,0,116,0,-134.7,0,116.6,0,-11.6,0,-90.5,0,157.6,0,-195.3,0,-428.3,0,114,0,213.7,0,10.2,0,25.2,0,44.9,0,140.7,0,-339.2,0,25.7,0,-53.1,0,1.2,0,-23.1,0,-8,0,-201.6,0,68.6,0,-19.2,0,-5.3,0,-145.7,0,-66.5,0,62.1,0,-89.9,0,55.4,0,14.5,0,-69.8,0,120.5,0,-68.9,0,-284.8,0,100.6,0,80.7,0,-72.3,0,6.9,0
686,-361.5,0,-34.8,0,-48,0,30.8,0,-93,0,130.9,0,-227.8,0,104.4,0,7.5,0,52.5,0,-96.1,0,-73.4,0,116,0,-134.7,0,116.6,0,-11.6,0,-90.5,0,157.6,0,-195.3,0,-428.3,0,114,0,213.7,0,10.2,0,25.2,0,44.9,0,140.7,0,-339.2,0,25.7,0,-53.1,0,1.2,0,-23.1,0,-8,0,-201.6,0,68.6,0,-19.2,0,-5.3,0,-145.7,0,-66.5,0,62.1,0,-89.9,0,55.4,0,14.5,0,-69.8,0,120.5,0,-68.9,0,-284.8,0,100.6,0,80.7,0,-72.3,0,6.9,0,119.6
687,0,-34.8,0,-48,0,30.8,0,-93,0,130.9,0,-227.8,0,104.4,0,7.5,0,52.5,0,-96.1,0,-73.4,0,116,0,-134.7,0,116.6,0,-11.6,0,-90.5,0,157.6,0,-195.3,0,-428.3,0,114,0,213.7,0,10.2,0,25.2,0,44.9,0,140.7,0,-339.2,0,25.7,0,-53.1,0,1.2,0,-23.1,0,-8,0,-201.6,0,68.6,0,-19.2,0,-5.3,0,-145.7,0,-66.5,0,62.1,0,-89.9,0,55.4,0,14.5,0,-69.8,0,120.5,0,-68.9,0,-284.8,0,100.6,0,80.7,0,-72.3,0,6.9,0,119.6,0
688,-34.8,0,-48,0,30.8,0,-93,0,130.9,0,-227.8,0,104.4,0,7.5,0,52.5,0,-96.1,0,-73.4,0,116,0,-134.7,0,116.6,0,-11.6,0,-90.5,0,157.6,0,-195.3,0,-428.3,0,114,0,213.7,0,10.2,0,25.2,0,44.9,0,140.7,0,-339.2,0,25.7,0,-53.1,0,1.2,0,-23.1,0,-8,0,-201.6,0,68.6,0,-19.2,0,-5.3,0,-145.7,0,-66.5,0,62.1,0,-89.9,0,55.4,0,14.5,0,-69.8,0,120.5,0,-68.9,0,-284.8,0,100.6,0,80.7,0,-72.3,0,6.9,0,119.6,0,45.4
689,0,-48,0,30.8,0,-93,0,130.9,0,-227.8,0,104.4,0,7.5,0,52.5,0,-96.1,0,-73.4,0,116,0,-134.7,0,116.6,0,-11.6,0,-90.5,0,157.6,0,-195.3,0,-428.3,0,114,0,213.7,0,10.2,0,25.2,0,44.9,0,140.7,0,-339.2,0,25.7,0,-53.1,0,1.2,0,-23.1,0,-8,0,-201.6,0,68.6,0,-19.2,0,-5.3,0,-145.7,0,-66.5,0,62.1,0,-89.9,0,55.4,0,14.5,0,-69.8,0,120.5,0,-68.9,0,-284.8,0,100.6,0,80.7,0,-72.3,0,6.9,0,119.6,0,45.4,0
690,-48,0,30.8,0,-93,0,130.9,0,-227.8,0,104.4,0,7.5,0,52.5,0,-96.1,0,-73.4,0,116,0,-134.7,0,116.6,0,-11.6,0,-90.5,0,157.6,0,-195.3,0,-428.3,0,114,0,213.7,0,10.2,0,25.2,0,44.9,0,140.7,0,-339.2,0,25.7,0,-53.1,0,1.2,0,-23.1,0,-8,0,-201.6,0,68.6,0,-19.2,0,-5.3,0,-145.7,0,-66.5,0,62.1,0,-89.9,0,55.4,0,14.5,0,-69.8,0,120.5,0,-68.9,0,-284.8,0,100.6,0,80.7,0,-72.3,0,6.9,0,119.6,0,45.4,0,-183
691,0,30.8,0,-93,0,130.9,0,-227.8,0,104.4,0,7.5,0,52.5,0,-96.1,0,-73.4,0,116,0,-134.7,0,116.6,0,-11.6,0,-90.5,0,157.6,0,-195.3,0,-428.3,0,114,0,213.7,0,10.2,0,25.2,0,44.9,0,140.7,0,-339.2,0,25.7,0,-53.1,0,1.2,0,-23.1,0,-8,0,-201.6,0,68.6,0,-19.2,0,-5.3,0,-145.7,0,-66.5,0,62.1,0,-89.9,0,55.4,0,14.5,0,-69.8,0,120.5,0,-68.9,0,-284.8,0,100.6,0,80.7,0,-72.3,0,6.9,0,119.6,0,45.4,0,-183,0
692,30.8,0,-93,0,130.9,0,-227.8,0,104.4,0,7.5,0,52.5,0,-96.1,0,-73.4,0,116,0,-134.7,0,116.6,0,-11.6,0,-90.5,0,157.6,0,-195.3,0,-428.3,0,114,0,213.7,0,10.2,0,25.2,0,44.9,0,140.7,0,-339.2,0,25.7,0,-53.1,0,1.2,0,-23.1,0,-8,0,-201.6,0,68.6,0,-19.2,0,-5.3,0,-145.7,0,-66.5,0,62.1,0,-89.9,0,55.4,0,14.5,0,-69.8,0,120.5,0,-68.9,0,-284.8,0,100.6,0,80.7,0,-72.3,0,6.9,0,119.6,0,45.4,0,-183,0,-56.7
693,0,-93,0,130.9,0,-227.8,0,104.4,0,7.5,0,52.5,0,-96.1,0,-73.4,0,116,0,-134.7,0,116.6,0,-11.6,0,-90.5,0,157.6,0,-195.3,0,-428.3,0,114,0,213.7,0,10.2,0,25.2,0,44.9,0,140.7,0,-339.2,0,25.7,0,-53.1,0,1.2,0,-23.1,0,-8,0,-201.6,0,68.6,0,-19.2,0,-5.3,0,-145.7,0,-66.5,0,62.1,0,-89.9,0,55.4,0,14.5,0,-69.8,0,120.5,0,-68.9,0,-284.8,0,100.6,0,80.7,0,-72.3,0,6.9,0,119.6,0,45.4,0,-183,0,-56.7,0
694,-93,0,130.9,0,-227.8,0,104.4,0,7.5,0,52.5,0,-96.1,0,-73.4,0,116,0,-134.7,0,116.6,0,-11.6,0,-90.5,0,157.6,0,-195.3,0,-428.3,0,114,0,213.7,0,10.2,0,25.2,0,44.9,0,140.7,0,-339.2,0,25.7,0,-53.1,0,1.2,0,-23.1,0,-8,0,-201.6,0,68.6,0,-19.2,0,-5.3,0,-145.7,0,-66.5,0,62.1,0,-89.9,0,55.4,0,14.5,0,-69.8,0,120.5,0,-68.9,0,-284.8,0,100.6,0,80.7,0,-72.3,0,6.9,0,119.6,0,45.4,0,-183,0,-56.7,0,17.8
695,0,130.9,0,-227.8,0,104.4,0,7.5,0,52.5,0,-96.1,0,-73.4,0,116,0,-134.7,0,116.6,0,-11.6,0,-90.5,0,157.6,0,-195.3,0,-428.3,0,114,0,213.7,0,10.2,0,25.2,0,44.9,0,140.7,0,-339.2,0,25.7,0,-53.1,0,1.2,0,-23.1,0,-8,0,-201.6,0,68.6,0,-19.2,0,-5.3,0,-145.7,0,-66.5,0,62.1,0,-89.9,0,55.4,0,14.5,0,-69.8,0,120.5,0,-68.9,0,-284.8,0,100.6,0,80.7,0,-72.3,0,6.9,0,119.6,0,45.4,0,-183,0,-56.7,0,17.8,0
696,130.9,0,-227.8,0,104.4,0,7.5,0,52.5,0,-96.1,0,-73.4,0,116,0,-134.7,0,116.6,0,-11.6,0,-90.5,0,157.6,0,-195.3,0,-428.3,0,114,0,213.7,0,10.2,0,25.2,0,44.9,0,140.7,0,-339.2,0,25.7,0,-53.1,0,1.2,0,-23.1,0,-8,0,-201.6,0,68.6,0,-19.2,0,-5.3,0,-145.7,0,-66.5,0,62.1,0,-89.9,0,55.4,0,14.5,0,-69.8,0,120.5,0,-68.9,0,-284.8,0,100.6,0,80.7,0,-72.3,0,6.9,0,119.6,0,45.4,0,-183,0,-56.7,0,17.8,0,-113.8
697,0,-227.8,0,104.4,0,7.5,0,52.5,0,-96.1,0,-73.4,0,116,0,-134.7,0,116.6,0,-11.6,0,-90.5,0,157.6,0,-195.3,0,-428.3,0,114,0,213.7,0,10.2,0,25.2,0,44.9,0,140.7,0,-339.2,0,25.7,0,-53.1,0,1.2,0,-23.1,0,-8,0,-201.6,0,68.6,0,-19.2,0,-5.3,0,-145.7,0,-66.5,0,62.1,0,-89.9,0,55.4,0,14.5,0,-69.8,0,120.5,0,-68.9,0,-284.8,0,100.6,0,80.7,0,-72.3,0,6.9,0,119.6,0,45.4,0,-183,0,-56.7,0,17.8,0,-113.8,0
698,-227.8,0,104.4,0,7.5,0,52.5,0,-96.1,0,-73.4,0,116,0,-134.7,0,116.6,0,-11.6,0,-90.5,0,157.6,0,-195.3,0,-428.3,0,114,0,213.7,0,10.2,0,25.2,0,44.9,0,140.7,0,-339.2,0,25.7,0,-53.1,0,1.2,0,-23.1,0,-8,0,-201.6,0,68.6,0,-19.2,0,-5.3,0,-145.7,0,-66.5,0,62.1,0,-89.9,0,55.4,0,14.5,0,-69.8,0,120.5,0,-68.9,0,-284.8,0,100.6,0,80.7,0,-72.3,0,6.9,0,119.6,0,45.4,0,-183,0,-56.7,0,17.8,0,-113.8,0,94.6
699,0,104.4,0,7.5,0,52.5,0,-96.1,0,-73.4,0,116,0,-134.7,0,116.6,0,-11.6,0,-90.5,0,157.6,0,-195.3,0,-428.3,0,114,0,213.7,0,10.2,0,25.2,0,44.9,0,140.7,0,-339.2,0,25.7,0,-53.1,0,1.2,0,-23.1,0,-8,0,-201.6,0,68.6,0,-19.2,0,-5.3,0,-145.7,0,-66.5,0,62.1,0,-89.9,0,55.4,0,14.5,0,-69.8,0,120.5,0,-68.9,0,-284.8,0,100.6,0,80.7,0,-72.3,0,6.9,0,119.6,0,45.4,0,-183,0,-56.7,0,17.8,0,-113.8,0,94.6,0
700,104.4,0,7.5,0,52.5,0,-96.1,0,-73.4,0,116,0,-134.7,0,116.6,0,-11.6,0,-90.5,0,157.6,0,-195.3,0,-428.3,0,114,0,213.7,0,10.2,0,25.2,0,44.9,0,140.7,0,-339.2,0,25.7,0,-53.1,0,1.2,0,-23.1,0,-8,0,-201.6,0,68.6,0,-19.2,0,-5.3,0,-145.7,0,-66.5,0,62.1,0,-89.9,0,55.4,0,14.5,0,-69.8,0,120.5,0,-68.9,0,-284.8,0,100.6,0,80.7,0,-72.3,0,6.9,0,119.6,0,45.4,0,-183,0,-56.7,0,17.8,0,-113.8,0,94.6,0,-22
701,0,7.5,0,52.5,0,-96.1,0,-73.4,0,116,0,-134.7,0,116.6,0,-11.6,0,-90.5,0,157.6,0,-195.3,0,-428.3,0,114,0,213.7,0,10.2,0,25.2,0,44.9,0,140.7,0,-339.2,0,25.7,0,-53.1,0,1.2,0,-23.1,0,-8,0,-201.6,0,68.6,0,-19.2,0,-5.3,0,-145.7,0,-66.5,0,62.1,0,-89.9,0,55.4,0,14.5,0,-69.8,0,120.5,0,-68.9,0,-284.8,0,100.6,0,80.7,0,-72.3,0,6.9,0,119.6,0,45.4,0,-183,0,-56.7,0,17.8,0,-113.8,0,94.6,0,-22,0
702,7.5,0,52.5,0,-96.1,0,-73.4,0,116,0,-134.7,0,116.6,0,-11.6,0,-90.5,0,157.6,0,-195.3,0,-428.3,0,114,0,213.7,0,10.2,0,25.2,0,44.9,0,140.7,0,-339.2,0,25.7,0,-53.1,0,1.2,0,-23.1,0,-8,0,-201.6,0,68.6,0,-19.2,0,-5.3,0,-145.7,0,-66.5,0,62.1,0,-89.9,0,55.4,0,14.5,0,-69.8,0,120.5,0,-68.9,0,-284.8,0,100.6,0,80.7,0,-72.3,0,6.9,0,119.6,0,45.4,0,-183,0,-56.7,0,17.8,0,-113.8,0,94.6,0,-22,0,-117.6
703,0,52.5,0,-96.1,0,-73.4,0,116,0,-134.7,0,116.6,0,-11.6,0,-90.5,0,157.6,0,-195.3,0,-428.3,0,114,0,213.7,0,10.2,0,25.2,0,44.9,0,140.7,0,-339.2,0,25.7,0,-53.1,0,1.2,0,-23.1,0,-8,0,-201.6,0,68.6,0,-19.2,0,-5.3,0,-145.7,0,-66.5,0,62.1,0,-89.9,0,55.4,0,14.5,0,-69.8,0,120.5,0,-68.9,0,-284.8,0,100.6,0,80.7,0,-72.3,0,6.9,0,119.6,0,45.4,0,-183,0,-56.7,0,17.8,0,-113.8,0,94.6,0,-22,0,-117.6,0
704,52.5,0,-96.1,0,-73.4,0,116,0,-134.7,0,116.6,0,-11.6,0,-90.5,0,157.6,0,-195.3,0,-428.3,0,114,0,213.7,0,10.2,0,25.2,0,44.9,0,140.7,0,-339.2,0,25.7,0,-53.1,0,1.2,0,-23.1,0,-8,0,-201.6,0,68.6,0,-19.2,0,-5.3,0,-145.7,0,-66.5,0,62.1,0,-89.9,0,55.4,0,14.5,0,-69.8,0,120.5,0,-68.9,0,-284.8,0,100.6,0,80.7,0,-72.3,0,6.9,0,119.6,0,45.4,0,-183,0,-56.7,0,17.8,0,-113.8,0,94.6,0,-22,0,-117.6,0,90.6
705,0,-96.1,0,-73.4,0,116,0,-134.7,0,116.6,0,-11.6,0,-90.5,0,157.6,0,-195.3,0,-428.3,0,114,0,213.7,0,10.2,0,25.2,0,44.9,0,140.7,0,-339.2,0,25.7,0,-53.1,0,1.2,0,-23.1,0,-8,0,-201.6,0,68.6,0,-19.2,0,-5.3,0,-145.7,0,-66.5,0,62.1,0,-89.9,0,55.4,0,14.5,0,-69.8,0,120.5,0,-68.9,0,-284.8,0,100.6,0,80.7,0,-72.3,0,6.9,0,119.6,0,45.4,0,-183,0,-56.7,0,17.8,0,-113.8,0,94.6,0,-22,0,-117.6,0,90.6,0
706,-96.1,0,-73.4,0,116,0,-134.7,0,116.6,0,-11.6,0,-90.5,0,157.6,0,-195.3,0,-428.3,0,114,0,213.7,0,10.2,0,25.2,0,44.9,0,140.7,0,-339.2,0,25.7,0,-53.1,0,1.2,0,-23.1,0,-8,0,-201.6,0,68.6,0,-19.2,0,-5.3,0,-145.7,0,-66.5,0,62.1,0,-89.9,0,55.4,0,14.5,0,-69.8,0,120.5,0,-68.9,0,-284.8,0,100.6,0,80.7,0,-72.3,0,6.9,0,119.6,0,45.4,0,-183,0,-56.7,0,17.8,0,-113.8,0,94.6,0,-22,0,-117.6,0,90.6,0,66.1
707,0,-73.4,0,116,0,-134.7,0,116.6,0,-11.6,0,-90.5,0,157.6,0,-195.3,0,-428.3,0,114,0,213.7,0,10.2,0,25.2,0,44.9,0,140.7,0,-339.2,0,25.7,0,-53.1,0,1.2,0,-23.1,0,-8,0,-201.6,0,68.6,0,-19.2,0,-5.3,0,-145.7,0,-66.5,0,62.1,0,-89.9,0,55.4,0,14.5,0,-69.8,0,120.5,0,-68.9,0,-284.8,0,100.6,0,80.7,0,-72.3,0,6.9,0,119.6,0,45.4,0,-183,0,-56.7,0,17.8,0,-113.8,0,94.6,0,-22,0,-117.6,0,90.6,0,66.1,0
708,-73.4,0,116,0,-134.7,0,116.6,0,-11.6,0,-90.5,0,157.6,0,-195.3,0,-428.3,0,114,0,213.7,0,10.2,0,25.2,0,44.9,0,140.7,0,-339.2,0,25.7,0,-53.1,0,1.2,0,-23.1,0,-8,0,-201.6,0,68.6,0,-19.2,0,-5.3,0,-145.7,0,-66.5,0,62.1,0,-89.9,0,55.4,0,14.5,0,-69.8,0,120.5,0,-68.9,0,-284.8,0,100.6,0,80.7,0,-72.3,0,6.9,0,119.6,0,45.4,0,-183,0,-56.7,0,17.8,0,-113.8,0,94.6,0,-22,0,-117.6,0,90.6,0,66.1,0,-38.9
709,0,116,0,-134.7,0,116.6,0,-11.6,0,-90.5,0,157.6,0,-195.3,0,-428.3,0,114,0,213.7,0,10.2,0,25.2,0,44.9,0,140.7,0,-339.2,0,25.7,0,-53.1,0,1.2,0,-23.1,0,-8,0,-201.6,0,68.6,0,-19.2,0,-5.3,0,-145.7,0,-66.5,0,62.1,0,-89.9,0,55.4,0,14.5,0,-69.8,0,120.5,0,-68.9,0,-284.8,0,100.6,0,80.7,0,-72.3,0,6.9,0,119.6,0,45.4,0,-183,0,-56.7,0,17.8,0,-113.8,0,94.6,0,-22,0,-117.6,0,90.6,0,66.1,0,-38.9,0
710,116,0,-134.7,0,116.6,0,-11.6,0,-90.5,0,157.6,0,-195.3,0,-428.3,0,114,0,213.7,0,10.2,0,25.2,0,44.9,0,140.7,0,-339.2,0,25.7,0,-53.1,0,1.2,0,-23.1,0,-8,0,-201.6,0,68.6,0,-19.2,0,-5.3,0,-145.7,0,-66.5,0,62.1,0,-89.9,0,55.4,0,14.5,0,-69.8,0,120.5,0,-68.9,0,-284.8,0,100.6,0,80.7,0,-72.3,0,6.9,0,119.6,0,45.4,0,-183,0,-56.7,0,17.8,0,-113.8,0,94.6,0,-22,0,-117.6,0,90.6,0,66.1,0,-38.9,0,-123.6
711,0,-134.7,0,116.6,0,-11.6,0,-90.5,0,157.6,0,-195.3,0,-428.3,0,114,0,213.7,0,10.2,0,25.2,0,44.9,0,140.7,0,-339.2,0,25.7,0,-53.1,0,1.2,0,-23.1,0,-8,0,-201.6,0,68.6,0,-19.2,0,-5.3,0,-145.7,0,-66.5,0,62.1,0,-89.9,0,55.4,0,14.5,0,-69.8,0,120.5,0,-68.9,0,-284.8,0,100.6,0,80.7,0,-72.3,0,6.9,0,119.6,0,45.4,0,-183,0,-56.7,0,17.8,0,-113.8,0,94.6,0,-22,0,-117.6,0,90.6,0,66.1,0,-38.9,0,-123.6,0
712,-134.7,0,116.6,0,-11.6,0,-90.5,0,157.6,0,-195.3,0,-428.3,0,114,0,213.7,0,10.2,0,25.2,0,44.9,0,140.7,0,-339.2,0,25.7,0,-53.1,0,1.2,0,-23.1,0,-8,0,-201.6,0,68.6,0,-19.2,0,-5.3,0,-145.7,0,-66.5,0,62.1,0,-89.9,0,55.4,0,14.5,0,-69.8,0,120.5,0,-68.9,0,-284.8,0,100.6,0,80.7,0,-72.3,0,6.9,0,119.6,0,45.4,0,-183,0,-56.7,0,17.8,0,-113.8,0,94.6,0,-22,0,-117.6,0,90.6,0,66.1,0,-38.9,0,-123.6,0,52.1
713,0,116.6,0,-11.6,0,-90.5,0,157.6,0,-195.3,0,-428.3,0,114,0,213.7,0,10.2,0,25.2,0,44.9,0,140.7,0,-339.2,0,25.7,0,-53.1,0,1.2,0,-23.1,0,-8,0,-201.6,0,68.6,0,-19.2,0,-5.3,0,-145.7,0,-66.5,0,62.1,0,-89.9,0,55.4,0,14.5,0,-69.8,0,120.5,0,-68.9,0,-284.8,0,100.6,0,80.7,0,-72.3,0,6.9,0,119.6,0,45.4,0,-183,0,-56.7,0,17.8,0,-113.8,0,94.6,0,-22,0,-117.6,0,90.6,0,66.1,0,-38.9,0,-123.6,0,52.1,0
714,116.6,0,-11.6,0,-90.5,0,157.6,0,-195.3,0,-428.3,0,114,0,213.7,0,10.2,0,25.2,0,44.9,0,140.7,0,-339.2,0,25.7,0,-53.1,0,1.2,0,-23.1,0,-8,0,-201.6,0,68.6,0,-19.2,0,-5.3,0,-145.7,0,-66.5,0,62.1,0,-89.9,0,55.4,0,14.5,0,-69.8,0,120.5,0,-68.9,0,-284.8,0,100.6,0,80.7,0,-72.3,0,6.9,0,119.6,0,45.4,0,-183,0,-56.7,0,17.8,0,-113.8,0,94.6,0,-22,0,-117.6,0,90.6,0,66.1,0,-38.9,0,-123.6,0,52.1,0,9.1
715,0,-11.6,0,-90.5,0,157.6,0,-195.3,0,-428.3,0,114,0,213.7,0,10.2,0,25.2,0,44.9,0,140.7,0,-339.2,0,25.7,0,-53.1,0,1.2,0,-23.1,0,-8,0,-201.6,0,68.6,0,-19.2,0,-5.3,0,-145.7,0,-66.5,0,62.1,0,-89.9,0,55.4,0,14.5,0,-69.8,0,120.5,0,-68.9,0,-284.8,0,100.6,0,80.7,0,-72.3,0,6.9,0,119.6,0,45.4,0,-183,0,-56.7,0,17.8,0,-113.8,0,94.6,0,-22,0,-117.6,0,90.6,0,66.1,0,-38.9,0,-123.6,0,52.1,0,9.1,0
716,-11.6,0,-90.5,0,157.6,0,-195.3,0,-428.3,0,114,0,213.7,0,10.2,0,25.2,0,44.9,0,140.7,0,-339.2,0,25.7,0,-53.1,0,1.2,0,-23.1,0,-8,0,-201.6,0,68.6,0,-19.2,0,-5.3,0,-145.7,0,-66.5,0,62.1,0,-89.9,0,55.4,0,14.5,0,-69.8,0,120.5,0,-68.9,0,-284.8,0,100.6,0,80.7,0,-72.3,0,6.9,0,119.6,0,45.4,0,-183,0,-56.7,0,17.8,0,-113.8,0,94.6,0,-22,0,-117.6,0,90.6,0,66.1,0,-38.9,0,-123.6,0,52.1,0,9.1,0,20.8
717,0,-90.5,0,157.6,0,-195.3,0,-428.3,0,114,0,213.7,0,10.2,0,25.2,0,44.9,0,140.7,0,-339.2,0,25.7,0,-53.1,0,1.2,0,-23.1,0,-8,0,-201.6,0,68.6,0,-19.2,0,-5.3,0,-145.7,0,-66.5,0,62.1,0,-89.9,0,55.4,0,14.5,0,-69.8,0,120.5,0,-68.9,0,-284.8,0,100.6,0,80.7,0,-72.3,0,6.9,0,119.6,0,45.4,0,-183,0,-56.7,0,17.8,0,-113.8,0,94.6,0,-22,0,-117.6,0,90.6,0,66.1,0,-38.9,0,-123.6,0,52.1,0,9.1,0,20.8,0
718,-90.5,0,157.6,0,-195.3,0,-428.3,0,114,0,213.7,0,10.2,0,25.2,0,44.9,0,140.7,0,-339.2,0,25.7,0,-53.1,0,1.2,0,-23.1,0,-8,0,-201.6,0,68.6,0,-19.2,0,-5.3,0,-145.7,0,-66.5,0,62.1,0,-89.9,0,55.4,0,14.5,0,-69.8,0,120.5,0,-68.9,0,-284.8,0,100.6,0,80.7,0,-72.3,0,6.9,0,119.6,0,45.4,0,-183,0,-56.7,0,17.8,0,-113.8,0,94.6,0,-22,0,-117.6,0,90.6,0,66.1,0,-38.9,0,-123.6,0,52.1,0,9.1,0,20.8,0,-6.8
719,0,157.6,0,-195.3,0,-428.3,0,114,0,213.7,0,10.2,0,25.2,0,44.9,0,140.7,0,-339.2,0,25.7,0,-53.1,0,1.2,0,-23.1,0,-8,0,-201.6,0,68.6,0,-19.2,0,-5.3,0,-145.7,0,-66.5,0,62.1,0,-89.9,0,55.4,0,14.5,0,-69.8,0,120.5,0,-68.9,0,-284.8,0,100.6,0,80.7,0,-72.3,0,6.9,0,119.6,0,45.4,0,-183,0,-56.7,0,17.8,0,-113.8,0,94.6,0,-22,0,-117.6,0,90.6,0,66.1,0,-38.9,0,-123.6,0,52.1,0,9.1,0,20.8,0,-6.8,0
720,157.6,0,-195.3,0,-428.3,0,114,0,213.7,0,10.2,0,25.2,0,44.9,0,140.7,0,-339.2,0,25.7,0,-53.1,0,1.2,0,-23.1,0,-8,0,-201.6,0,68.6,0,-19.2,0,-5.3,0,-145.7,0,-66.5,0,62.1,0,-89.9,0,55.4,0,14.5,0,-69.8,0,120.5,0,-68.9,0,-284.8,0,100.6,0,80.7,0,-72.3,0,6.9,0,119.6,0,45.4,0,-183,0,-56.7,0,17.8,0,-113.8,0,94.6,0,-22,0,-117.6,0,90.6,0,66.1,0,-38.9,0,-123.6,0,52.1,0,9.1,0,20.8,0,-6.8,0,55.2
721,0,-195.3,0,-428.3,0,114,0,213.7,0,10.2,0,25.2,0,44.9,0,140.7,0,-339.2,0,25.7,0,-53.1,0,1.2,0,-23.1,0,-8,0,-201.6,0,68.6,0,-19.2,0,-5.3,0,-145.7,0,-66.5,0,62.1,0,-89.9,0,55.4,0,14.5,0,-69.8,0,120.5,0,-68.9,0,-284.8,0,100.6,0,80.7,0,-72.3,0,6.9,0,119.6,0,45.4,0,-183,0,-56.7,0,17.8,0,-113.8,0,94.6,0,-22,0,-117.6,0,90.6,0,66.1,0,-38.9,0,-123.6,0,52.1,0,9.1,0,20.8,0,-6.8,0,55.2,0
722,-195.3,0,-428.3,0,114,0,213.7,0,10.2,0,25.2,0,44.9,0,140.7,0,-339.2,0,25.7,0,-53.1,0,1.2,0,-23.1,0,-8,0,-201.6,0,68.6,0,-19.2,0,-5.3,0,-145.7,0,-66.5,0,62.1,0,-89.9,0,55.4,0,14.5,0,-69.8,0,120.5,0,-68.9,0,-284.8,0,100.6,0,80.7,0,-72.3,0,6.9,0,119.6,0,45.4,0,-183,0,-56.7,0,17.8,0,-113.8,0,94.6,0,-22,0,-117.6,0,90.6,0,66.1,0,-38.9,0,-123.6,0,52.1,0,9.1,0,20.8,0,-6.8,0,55.2,0,-101.5
723,0,-428.3,0,114,0,213.7,0,10.2,0,25.2,0,44.9,0,140.7,0,-339.2,0,25.7,0,-53.1,0,1.2,0,-23.1,0,-8,0,-201.6,0,68.6,0,-19.2,0,-5.3,0,-145.7,0,-66.5,0,62.1,0,-89.9,0,55.4,0,14.5,0,-69.8,0,120.5,0,-68.9,0,-284.8,0,100.6,0,80.7,0,-72.3,0,6.9,0,119.6,0,45.4,0,-183,0,-56.7,0,17.8,0,-113.8,0,94.6,0,-22,0,-117.6,0,90.6,0,66.1,0,-38.9,0,-123.6,0,52.1,0,9.1,0,20.8,0,-6.8,0,55.2,0,-101.5,0
724,-428.3,0,114,0,213.7,0,10.2,0,25.2,0,44.9,0,140.7,0,-339.2,0,25.7,0,-53.1,0,1.2,0,-23.1,0,-8,0,-201.6,0,68.6,0,-19.2,0,-5.3,0,-145.7,0,-66.5,0,62.1,0,-89.9,0,55.4,0,14.5,0,-69.8,0,120.5,0,-68.9,0,-284.8,0,100.6,0,80.7,0,-72.3,0,6.9,0,119.6,0,45.4,0,-183,0,-56.7,0,17.8,0,-113.8,0,94.6,0,-22,0,-117.6,0,90.6,0,66.1,0,-38.9,0,-123.6,0,52.1,0,9.1,0,20.8,0,-6.8,0,55.2,0,-101.5,0,146.5
725,0,114,0,213.7,0,10.2,0,25.2,0,44.9,0,140.7,0,-339.2,0,25.7,0,-53.1,0,1.2,0,-23.1,0,-8,0,-201.6,0,68.6,0,-19.2,0,-5.3,0,-145.7,0,-66.5,0,62.1,0,-89.9,0,55.4,0,14.5,0,-69.8,0,120.5,0,-68.9,0,-284.8,0,100.6,0,80.7,0,-72.3,0,6.9,0,119.6,0,45.4,0,-183,0,-56.7,0,17.8,0,-113.8,0,94.6,0,-22,0,-117.6,0,90.6,0,66.1,0,-38.9,0,-123.6,0,52.1,0,9.1,0,20.8,0,-6.8,0,55.2,0,-101.5,0,146.5,0
726,114,0,213.7,0,10.2,0,25.2,0,44.9,0,140.7,0,-339.2,0,25.7,0,-53.1,0,1.2,0,-23.1,0,-8,0,-201.6,0,68.6,0,-19.2,0,-5.3,0,-145.7,0,-66.5,0,62.1,0,-89.9,0,55.4,0,14.5,0,-69.8,0,120.5,0,-68.9,0,-284.8,0,100.6,0,80.7,0,-72.3,0,6.9,0,119.6,0,45.4,0,-183,0,-56.7,0,17.8,0,-113.8,0,94.6,0,-22,0,-117.6,0,90.6,0,66.1,0,-38.9,0,-123.6,0,52.1,0,9.1,0,20.8,0,-6.8,0,55.2,0,-101.5,0,146.5,0,-4.3
727,0,213.7,0,10.2,0,25.2,0,44.9,0,140.7,0,-339.2,0,25.7,0,-53.1,0,1.2,0,-23.1,0,-8,0,-201.6,0,68.6,0,-19.2,0,-5.3,0,-145.7,0,-66.5,0,62.1,0,-89.9,0,55.4,0,14.5,0,-69.8,0,120.5,0,-68.9,0,-284.8,0,100.6,0,80.7,0,-72.3,0,6.9,0,119.6,0,45.4,0,-183,0,-56.7,0,17.8,0,-113.8,0,94.6,0,-22,0,-117.6,0,90.6,0,66.1,0,-38.9,0,-123.6,0,52.1,0,9.1,0,20.8,0,-6.8,0,55.2,0,-101.5,0,146.5,0,-4.3,0
728,213.7,0,10.2,0,25.2,0,44.9,0,140.7,0,-339.2,0,25.7,0,-53.1,0,1.2,0,-23.1,0,-8,0,-201.6,0,68.6,0,-19.2,0,-5.3,0,-145.7,0,-66.5,0,62.1,0,-89.9,0,55.4,0,14.5,0,-69.8,0,120.5,0,-68.9,0,-284.8,0,100.6,0,80.7,0,-72.3,0,6.9,0,119.6,0,45.4,0,-183,0,-56.7,0,17.8,0,-113.8,0,94.6,0,-22,0,-117.6,0,90.6,0,66.1,0,-38.9,0,-123.6,0,52.1,0,9.1,0,20.8,0,-6.8,0,55.2,0,-101.5,0,146.5,0,-4.3,0,-317.3
729,0,10.2,0,25.2,0,44.9,0,140.7,0,-339.2,0,25.7,0,-53.1,0,1.2,0,-23.1,0,-8,0,-201.6,0,68.6,0,-19.2,0,-5.3,0,-145.7,0,-66.5,0,62.1,0,-89.9,0,55.4,0,14.5,0,-69.8,0,120.5,0,-68.9,0,-284.8,0,100.6,0,80.7,0,-72.3,0,6.9,0,119.6,0,45.4,0,-183,0,-56.7,0,17.8,0,-113.8,0,94.6,0,-22,0,-117.6,0,90.6,0,66.1,0,-38.9,0,-123.6,0,52.1,0,9.1,0,20.8,0,-6.8,0,55.2,0,-101.5,0,146.5,0,-4.3,0,-317.3,0
730,10.2,0,25.2,0,44.9,0,140.7,0,-339.2,0,25.7,0,-53.1,0,1.2,0,-23.1,0,-8,0,-201.6,0,68.6,0,-19.2,0,-5.3,0,-145.7,0,-66.5,0,62.1,0,-89.9,0,55.4,0,14.5,0,-69.8,0,120.5,0,-68.9,0,-284.8,0,100.6,0,80.7,0,-72.3,0,6.9,0,119.6,0,45.4,0,-183,0,-56.7,0,17.8,0,-113.8,0,94.6,0,-22,0,-117.6,0,90.6,0,66.1,0,-38.9,0,-123.6,0,52.1,0,9.1,0,20.8,0,-6.8,0,55.2,0,-101.5,0,146.5,0,-4.3,0,-317.3,0,85.2
731,0,25.2,0,44.9,0,140.7,0,-339.2,0,25.7,0,-53.1,0,1.2,0,-23.1,0,-8,0,-201.6,0,68.6,0,-19.2,0,-5.3,0,-145.7,0,-66.5,0,62.1,0,-89.9,0,55.4,0,14.5,0,-69.8,0,120.5,0,-68.9,0,-284.8,0,100.6,0,80.7,0,-72.3,0,6.9,0,119.6,0,45.4,0,-183,0,-56.7,0,17.8,0,-113.8,0,94.6,0,-22,0,-117.6,0,90.6,0,66.1,0,-38.9,0,-123.6,0,52.1,0,9.1,0,20.8,0,-6.8,0,55.2,0,-101.5,0,146.5,0,-4.3,0,-317.3,0,85.2,0
732,25.2,0,44.9,0,140.7,0,-339.2,0,25.7,0,-53.1,0,1.2,0,-23.1,0,-8,0,-201.6,0,68.6,0,-19.2,0,-5.3,0,-145.7,0,-66.5,0,62.1,0,-89.9,0,55.4,0,14.5,0,-69.8,0,120.5,0,-68.9,0,-284.8,0,100.6,0,80.7,0,-72.3,0,6.9,0,119.6,0,45.4,0,-183,0,-56.7,0,17.8,0,-113.8,0,94.6,0,-22,0,-117.6,0,90.6,0,66.1,0,-38.9,0,-123.6,0,52.1,0,9.1,0,20.8,0,-6.8,0,55.2,0,-101.5,0,146.5,0,-4.3,0,-317.3,0,85.2,0,108
733,0,44.9,0,140.7,0,-339.2,0,25.7,0,-53.1,0,1.2,0,-23.1,0,-8,0,-201.6,0,68.6,0,-19.2,0,-5.3,0,-145.7,0,-66.5,0,62.1,0,-89.9,0,55.4,0,14.5,0,-69.8,0,120.5,0,-68.9,0,-284.8,0,100.6,0,80.7,0,-72.3,0,6.9,0,119.6,0,45.4,0,-183,0,-56.7,0,17.8,0,-113.8,0,94.6,0,-22,0,-117.6,0,90.6,0,66.1,0,-38.9,0,-123.6,0,52.1,0,9.1,0,20.8,0,-6.8,0,55.2,0,-101.5,0,146.5,0,-4.3,0,-317.3,0,85.2,0,108,0
734,44.9,0,140.7,0,-339.2,0,25.7,0,-53.1,0,1.2,0,-23.1,0,-8,0,-201.6,0,68.6,0,-19.2,0,-5.3,0,-145.7,0,-66.5,0,62.1,0,-89.9,0,55.4,0,14.5,0,-69.8,0,120.5,0,-68.9,0,-284.8,0,100.6,0,80.7,0,-72.3,0,6.9,0,119.6,0,45.4,0,-183,0,-56.7,0,17.8,0,-113.8,0,94.6,0,-22,0,-117.6,0,90.6,0,66.1,0,-38.9,0,-123.6,0,52.1,0,9.1,0,20.8,0,-6.8,0,55.2,0,-101.5,0,146.5,0,-4.3,0,-317.3,0,85.2,0,108,0,23.5
735,0,140.7,0,-339.2,0,25.7,0,-53.1,0,1.2,0,-23.1,0,-8,0,-201.6,0,68.6,0,-19.2,0,-5.3,0,-145.7,0,-66.5,0,62.1,0,-89.9,0,55.4,0,14.5,0,-69.8,0,120.5,0,-68.9,0,-284.8,0,100.6,0,80.7,0,-72.3,0,6.9,0,119.6,0,45.4,0,-183,0,-56.7,0,17.8,0,-113.8,0,94.6,0,-22,0,-117.6,0,90.6,0,66.1,0,-38.9,0,-123.6,0,52.1,0,9.1,0,20.8,0,-6.8,0,55.2,0,-101.5,0,146.5,0,-4.3,0,-317.3,0,85.2,0,108,0,23.5,0
736,140.7,0,-339.2,0,25.7,0,-53.1,0,1.2,0,-23.1,0,-8,0,-201.6,0,68.6,0,-19.2,0,-5.3,0,-145.7,0,-66.5,0,62.1,0,-89.9,0,55.4,0,14.5,0,-69.8,0,120.5,0,-68.9,0,-284.8,0,100.6,0,80.7,0,-72.3,0,6.9,0,119.6,0,45.4,0,-183,0,-56.7,0,17.8,0,-113.8,0,94.6,0,-22,0,-117.6,0,90.6,0,66.1,0,-38.9,0,-123.6,0,52.1,0,9.1,0,20.8,0,-6.8,0,55.2,0,-101.5,0,146.5,0,-4.3,0,-317.3,0,85.2,0,108,0,23.5,0,8
737,0,-339.2,0,25.7,0,-53.1,0,1.2,0,-23.1,0,-8,0,-201.6,0,68.6,0,-19.2,0,-5.3,0,-145.7,0,-66.5,0,62.1,0,-89.9,0,55.4,0,14.5,0,-69.8,0,120.5,0,-68.9,0,-284.8,0,100.6,0,80.7,0,-72.3,0,6.9,0,119.6,0,45.4,0,-183,0,-56.7,0,17.8,0,-113.8,0,94.6,0,-22,0,-117.6,0,90.6,0,66.1,0,-38.9,0,-123.6,0,52.1,0,9.1,0,20.8,0,-6.8,0,55.2,0,-101.5,0,146.5,0,-4.3,0,-317.3,0,85.2,0,108,0,23.5,0,8,0
738,-339.2,0,25.7,0,-53.1,0,1.2,0,-23.1,0,-8,0,-201.6,0,68.6,0,-19.2,0,-5.3,0,-145.7,0,-66.5,0,62.1,0,-89.9,0,55.4,0,14.5,0,-69.8,0,120.5,0,-68.9,0,-284.8,0,100.6,0,80.7,0,-72.3,0,6.9,0,119.6,0,45.4,0,-183,0,-56.7,0,17.8,0,-113.8,0,94.6,0,-22,0,-117.6,0,90.6,0,66.1,0,-38.9,0,-123.6,0,52.1,0,9.1,0,20.8,0,-6.8,0,55.2,0,-101.5,0,146.5,0,-4.3,0,-317.3,0,85.2,0,108,0,23.5,0,8,0,68.8
739,0,25.7,0,-53.1,0,1.2,0,-23.1,0,-8,0,-201.6,0,68.6,0,-19.2,0,-5.3,0,-145.7,0,-66.5,0,62.1,0,-89.9,0,55.4,0,14.5,0,-69.8,0,120.5,0,-68.9,0,-284.8,0,100.6,0,80.7,0,-72.3,0,6.9,0,119.6,0,45.4,0,-183,0,-56.7,0,17.8,0,-113.8,0,94.6,0,-22,0,-117.6,0,90.6,0,66.1,0,-38.9,0,-123.6,0,52.1,0,9.1,0,20.8,0,-6.8,0,55.2,0,-101.5,0,146.5,0,-4.3,0,-317.3,0,85.2,0,108,0,23.5,0,8,0,68.8,0
740,25.7,0,-53.1,0,1.2,0,-23.1,0,-8,0,-201.6,0,68.6,0,-19.2,0,-5.3,0,-145.7,0,-66.5,0,62.1,0,-89.9,0,55.4,0,14.5,0,-69.8,0,120.5,0,-68.9,0,-284.8,0,100.6,0,80.7,0,-72.3,0,6.9,0,119.6,0,45.4,0,-183,0,-56.7,0,17.8,0,-113.8,0,94.6,0,-22,0,-117.6,0,90.6,0,66.1,0,-38.9,0,-123.6,0,52.1,0,9.1,0,20.8,0,-6.8,0,55.2,0,-101.5,0,146.5,0,-4.3,0,-317.3,0,85.2,0,108,0,23.5,0,8,0,68.8,0,119.1
741,0,-53.1,0,1.2,0,-23.1,0,-8,0,-201.6,0,68.6,0,-19.2,0,-5.3,0,-145.7,0,-66.5,0,62.1,0,-89.9,0,55.4,0,14.5,0,-69.8,0,120.5,0,-68.9,0,-284.8,0,100.6,0,80.7,0,-72.3,0,6.9,0,119.6,0,45.4,0,-183,0,-56.7,0,17.8,0,-113.8,0,94.6,0,-22,0,-117.6,0,90.6,0,66.1,0,-38.9,0,-123.6,0,52.1,0,9.1,0,20.8,0,-6.8,0,55.2,0,-101.5,0,146.5,0,-4.3,0,-317.3,0,85.2,0,108,0,23.5,0,8,0,68.8,0,119.1,0
742,-53.1,0,1.2,0,-23.1,0,-8,0,-201.6,0,68.6,0,-19.2,0,-5.3,0,-145.7,0,-66.5,0,62.1,0,-89.9,0,55.4,0,14.5,0,-69.8,0,120.5,0,-68.9,0,-284.8,0,100.6,0,80.7,0,-72.3,0,6.9,0,119.6,0,45.4,0,-183,0,-56.7,0,17.8,0,-113.8,0,94.6,0,-22,0,-117.6,0,90.6,0,66.1,0,-38.9,0,-123.6,0,52.1,0,9.1,0,20.8,0,-6.8,0,55.2,0,-101.5,0,146.5,0,-4.3,0,-317.3,0,85.2,0,108,0,23.5,0,8,0,68.8,0,119.1,0,-188.1
743,0,1.2,0,-23.1,0,-8,0,-201.6,0,68.6,0,-19.2,0,-5.3,0,-145.7,0,-66.5,0,62.1,0,-89.9,0,55.4,0,14.5,0,-69.8,0,120.5,0,-68.9,0,-284.8,0,100.6,0,80.7,0,-72.3,0,6.9,0,119.6,0,45.4,0,-183,0,-56.7,0,17.8,0,-113.8,0,94.6,0,-22,0,-117.6,0,90.6,0,66.1,0,-38.9,0,-123.6,0,52.1,0,9.1,0,20.8,0,-6.8,0,55.2,0,-101.5,0,146.5,0,-4.3,0,-317.3,0,85.2,0,108,0,23.5,0,8,0,68.8,0,119.1,0,-188.1,0
744,1.2,0,-23.1,0,-8,0,-201.6,0,68.6,0,-19.2,0,-5.3,0,-145.7,0,-66.5,0,62.1,0,-89.9,0,55.4,0,14.5,0,-69.8,0,120.5,0,-68.9,0,-284.8,0,100.6,0,80.7,0,-72.3,0,6.9,0,119.6,0,45.4,0,-183,0,-56.7,0,17.8,0,-113.8,0,94.6,0,-22,0,-117.6,0,90.6,0,66.1,0,-38.9,0,-123.6,0,52.1,0,9.1,0,20.8,0,-6.8,0,55.2,0,-101.5,0,146.5,0,-4.3,0,-317.3,0,85.2,0,108,0,23.5,0,8,0,68.8,0,119.1,0,-188.1,0,-36.7
745,0,-23.1,0,-8,0,-201.6,0,68.6,0,-19.2,0,-5.3,0,-145.7,0,-66.5,0,62.1,0,-89.9,0,55.4,0,14.5,0,-69.8,0,120.5,0,-68.9,0,-284.8,0,100.6,0,80.7,0,-72.3,0,6.9,0,119.6,0,45.4,0,-183,0,-56.7,0,17.8,0,-113.8,0,94.6,0,-22,0,-117.6,0,90.6,0,66.1,0,-38.9,0,-123.6,0,52.1,0,9.1,0,20.8,0,-6.8,0,55.2,0,-101.5,0,146.5,0,-4.3,0,-317.3,0,85.2,0,108,0,23.5,0,8,0,68.8,0,119.1,0,-188.1,0,-36.7,0
746,-23.1,0,-8,0,-201.6,0,68.6,0,-19.2,0,-5.3,0,-145.7,0,-66.5,0,62.1,0,-89.9,0,55.4,0,14.5,0,-69.8,0,120.5,0,-68.9,0,-284.8,0,100.6,0,80.7,0,-72.3,0,6.9,0,119.6,0,45.4,0,-183,0,-56.7,0,17.8,0,-113.8,0,94.6,0,-22,0,-117.6,0,90.6,0,66.1,0,-38.9,0,-123.6,0,52.1,0,9.1,0,20.8,0,-6.8,0,55.2,0,-101.5,0,146.5,0,-4.3,0,-317.3,0,85.2,0,108,0,23.5,0,8,0,68.8,0,119.1,0,-188.1,0,-36.7,0,28
747,0,-8,0,-201.6,0,68.6,0,-19.2,0,-5.3,0,-145.7,0,-66.5,0,62.1,0,-89.9,0,55.4,0,14.5,0,-69.8,0,120.5,0,-68.9,0,-284.8,0,100.6,0,80.7,0,-72.3,0,6.9,0,119.6,0,45.4,0,-183,0,-56.7,0,17.8,0,-113.8,0,94.6,0,-22,0,-117.6,0,90.6,0,66.1,0,-38.9,0,-123.6,0,52.1,0,9.1,0,20.8,0,-6.8,0,55.2,0,-101.5,0,146.5,0,-4.3,0,-317.3,0,85.2,0,108,0,23.5,0,8,0,68.8,0,119.1,0,-188.1,0,-36.7,0,28,0
748,-8,0,-201.6,0,68.6,0,-19.2,0,-5.3,0,-145.7,0,-66.5,0,62.1,0,-89.9,0,55.4,0,14.5,0,-69.8,0,120.5,0,-68.9,0,-284.8,0,100.6,0,80.7,0,-72.3,0,6.9,0,119.6,0,45.4,0,-183,0,-56.7,0,17.8,0,-113.8,0,94.6,0,-22,0,-117.6,0,90.6,0,66.1,0,-38.9,0,-123.6,0,52.1,0,9.1,0,20.8,0,-6.8,0,55.2,0,-101.5,0,146.5,0,-4.3,0,-317.3,0,85.2,0,108,0,23.5,0,8,0,68.8,0,119.1,0,-188.1,0,-36.7,0,28,0,-81.3
749,0,-201.6,0,68.6,0,-19.2,0,-5.3,0,-145.7,0,-66.5,0,62.1,0,-89.9,0,55.4,0,14.5,0,-69.8,0,120.5,0,-68.9,0,-284.8,0,100.6,0,80.7,0,-72.3,0,6.9,0,119.6,0,45.4,0,-183,0,-56.7,0,17.8,0,-113.8,0,94.6,0,-22,0,-117.6,0,90.6,0,66.1,0,-38.9,0,-123.6,0,52.1,0,9.1,0,20.8,0,-6.8,0,55.2,0,-101.5,0,146.5,0,-4.3,0,-317.3,0,85.2,0,108,0,23.5,0,8,0,68.8,0,119.1,0,-188.1,0,-36.7,0,28,0,-81.3,0
750,-201.6,0,68.6,0,-19.2,0,-5.3,0,-145.7,0,-66.5,0,62.1,0,-89.9,0,55.4,0,14.5,0,-69.8,0,120.5,0,-68.9,0,-284.8,0,100.6,0,80.7,0,-72.3,0,6.9,0,119.6,0,45.4,0,-183,0,-56.7,0,17.8,0,-113.8,0,94.6,0,-22,0,-117.6,0,90.6,0,66.1,0,-38.9,0,-123.6,0,52.1,0,9.1,0,20.8,0,-6.8,0,55.2,0,-101.5,0,146.5,0,-4.3,0,-317.3,0,85.2,0,108,0,23.5,0,8,0,68.8,0,119.1,0,-188.1,0,-36.7,0,28,0,-81.3,0,37.1
751,0,68.6,0,-19.2,0,-5.3,0,-145.7,0,-66.5,0,62.1,0,-89.9,0,55.4,0,14.5,0,-69.8,0,120.5,0,-68.9,0,-284.8,0,100.6,0,80.7,0,-72.3,0,6.9,0,119.6,0,45.4,0,-183,0,-56.7,0,17.8,0,-113.8,0,94.6,0,-22,0,-117.6,0,90.6,0,66.1,0,-38.9,0,-123.6,0,52.1,0,9.1,0,20.8,0,-6.8,0,55.2,0,-101.5,0,146.5,0,-4.3,0,-317.3,0,85.2,0,108,0,23.5,0,8,0,68.8,0,119.1,0,-188.1,0,-36.7,0,28,0,-81.3,0,37.1,0
752,68.6,0,-19.2,0,-5.3,0,-145.7,0,-66.5,0,62.1,0,-89.9,0,55.4,0,14.5,0,-69.8,0,120.5,0,-68.9,0,-284.8,0,100.6,0,80.7,0,-72.3,0,6.9,0,119.6,0,45.4,0,-183,0,-56.7,0,17.8,0,-113.8,0,94.6,0,-22,0,-117.6,0,90.6,0,66.1,0,-38.9,0,-123.6,0,52.1,0,9.1,0,20.8,0,-6.8,0,55.2,0,-101.5,0,146.5,0,-4.3,0,-317.3,0,85.2,0,108,0,23.5,0,8,0,68.8,0,119.1,0,-188.1,0,-36.7,0,28,0,-81.3,0,37.1,0,70.5
753,0,-19.2,0,-5.3,0,-145.7,0,-66.5,0,62.1,0,-89.9,0,55.4,0,14.5,0,-69.8,0,120.5,0,-68.9,0,-284.8,0,100.6,0,80.7,0,-72.3,0,6.9,0,119.6,0,45.4,0,-183,0,-56.7,0,17.8,0,-113.8,0,94.6,0,-22,0,-117.6,0,90.6,0,66.1,0,-38.9,0,-123.6,0,52.1,0,9.1,0,20.8,0,-6.8,0,55.2,0,-101.5,0,146.5,0,-4.3,0,-317.3,0,85.2,0,108,0,23.5,0,8,0,68.8,0,119.1,0,-188.1,0,-36.7,0,28,0,-81.3,0,37.1,0,70.5,0
754,-19.2,0,-5.3,0,-145.7,0,-66.5,0,62.1,0,-89.9,0,55.4,0,14.5,0,-69.8,0,120.5,0,-68.9,0,-284.8,0,100.6,0,80.7,0,-72.3,0,6.9,0,119.6,0,45.4,0,-183,0,-56.7,0,17.8,0,-113.8,0,94.6,0,-22,0,-117.6,0,90.6,0,66.1,0,-38.9,0,-123.6,0,52.1,0,9.1,0,20.8,0,-6.8,0,55.2,0,-101.5,0,146.5,0,-4.3,0,-317.3,0,85.2,0,108,0,23.5,0,8,0,68.8,0,119.1,0,-188.1,0,-36.7,0,28,0,-81.3,0,37.1,0,70.5,0,-132.4
755,0,-5.3,0,-145.7,0,-66.5,0,62.1,0,-89.9,0,55.4,0,14.5,0,-69.8,0,120.5,0,-68.9,0,-284.8,0,100.6,0,80.7,0,-72.3,0,6.9,0,119.6,0,45.4,0,-183,0,-56.7,0,17.8,0,-113.8,0,94.6,0,-22,0,-117.6,0,90.6,0,66.1,0,-38.9,0,-123.6,0,52.1,0,9.1,0,20.8,0,-6.8,0,55.2,0,-101.5,0,146.5,0,-4.3,0,-317.3,0,85.2,0,108,0,23.5,0,8,0,68.8,0,119.1,0,-188.1,0,-36.7,0,28,0,-81.3,0,37.1,0,70.5,0,-132.4,0
756,-5.3,0,-145.7,0,-66.5,0,62.1,0,-89.9,0,55.4,0,14.5,0,-69.8,0,120.5,0,-68.9,0,-284.8,0,100.6,0,80.7,0,-72.3,0,6.9,0,119.6,0,45.4,0,-183,0,-56.7,0,17.8,0,-113.8,0,94.6,0,-22,0,-117.6,0,90.6,0,66.1,0,-38.9,0,-123.6,0,52.1,0,9.1,0,20.8,0,-6.8,0,55.2,0,-101.5,0,146.5,0,-4.3,0,-317.3,0,85.2,0,108,0,23.5,0,8,0,68.8,0,119.1,0,-188.1,0,-36.7,0,28,0,-81.3,0,37.1,0,70.5,0,-132.4,0,141.3
757,0,-145.7,0,-66.5,0,62.1,0,-89.9,0,55.4,0,14.5,0,-69.8,0,120.5,0,-68.9,0,-284.8,0,100.6,0,80.7,0,-72.3,0,6.9,0,119.6,0,45.4,0,-183,0,-56.7,0,17.8,0,-113.8,0,94.6,0,-22,0,-117.6,0,90.6,0,66.1,0,-38.9,0,-123.6,0,52.1,0,9.1,0,20.8,0,-6.8,0,55.2,0,-101.5,0,146.5,0,-4.3,0,-317.3,0,85.2,0,108,0,23.5,0,8,0,68.8,0,119.1,0,-188.1,0,-36.7,0,28,0,-81.3,0,37.1,0,70.5,0,-132.4,0,141.3,0
758,-145.7,0,-66.5,0,62.1,0,-89.9,0,55.4,0,14.5,0,-69.8,0,120.5,0,-68.9,0,-284.8,0,100.6,0,80.7,0,-72.3,0,6.9,0,119.6,0,45.4,0,-183,0,-56.7,0,17.8,0,-113.8,0,94.6,0,-22,0,-117.6,0,90.6,0,66.1,0,-38.9,0,-123.6,0,52.1,0,9.1,0,20.8,0,-6.8,0,55.2,0,-101.5,0,146.5,0,-4.3,0,-317.3,0,85.2,0,108,0,23.5,0,8,0,68.8,0,119.1,0,-188.1,0,-36.7,0,28,0,-81.3,0,37.1,0,70.5,0,-132.4,0,141.3,0,-162.1
759,0,-66.5,0,62.1,0,-89.9,0,55.4,0,14.5,0,-69.8,0,120.5,0,-68.9,0,-284.8,0,100.6,0,80.7,0,-72.3,0,6.9,0,119.6,0,45.4,0,-183,0,-56.7,0,17.8,0,-113.8,0,94.6,0,-22,0,-117.6,0,90.6,0,66.1,0,-38.9,0,-123.6,0,52.1,0,9.1,0,20.8,0,-6.8,0,55.2,0,-101.5,0,146.5,0,-4.3,0,-317.3,0,85.2,0,108,0,23.5,0,8,0,68.8,0,119.1,0,-188.1,0,-36.7,0,28,0,-81.3,0,37.1,0,70.5,0,-132.4,0,141.3,0,-162.1,0
760,-66.5,0,62.1,0,-89.9,0,55.4,0,14.5,0,-69.8,0,120.5,0,-68.9,0,-284.8,0,100.6,0,80.7,0,-72.3,0,6.9,0,119.6,0,45.4,0,-183,0,-56.7,0,17.8,0,-113.8,0,94.6,0,-22,0,-117.6,0,90.6,0,66.1,0,-38.9,0,-123.6,0,52.1,0,9.1,0,20.8,0,-6.8,0,55.2,0,-101.5,0,146.5,0,-4.3,0,-317.3,0,85.2,0,108,0,23.5,0,8,0,68.8,0,119.1,0,-188.1,0,-36.7,0,28,0,-81.3,0,37.1,0,70.5,0,-132.4,0,141.3,0,-162.1,0,107
761,0,62.1,0,-89.9,0,55.4,0,14.5,0,-69.8,0,120.5,0,-68.9,0,-284.8,0,100.6,0,80.7,0,-72.3,0,6.9,0,119.6,0,45.4,0,-183,0,-56.7,0,17.8,0,-113.8,0,94.6,0,-22,0,-117.6,0,90.6,0,66.1,0,-38.9,0,-123.6,0,52.1,0,9.1,0,20.8,0,-6.8,0,55.2,0,-101.5,0,146.5,0,-4.3,0,-317.3,0,85.2,0,108,0,23.5,0,8,0,68.8,0,119.1,0,-188.1,0,-36.7,0,28,0,-81.3,0,37.1,0,70.5,0,-132.4,0,141.3,0,-162.1,0,107,0
762,62.1,0,-89.9,0,55.4,0,14.5,0,-69.8,0,120.5,0,-68.9,0,-284.8,0,100.6,0,80.7,0,-72.3,0,6.9,0,119.6,0,45.4,0,-183,0,-56.7,0,17.8,0,-113.8,0,94.6,0,-22,0,-117.6,0,90.6,0,66.1,0,-38.9,0,-123.6,0,52.1,0,9.1,0,20.8,0,-6.8,0,55.2,0,-101.5,0,146.5,0,-4.3,0,-317.3,0,85.2,0,108,0,23.5,0,8,0,68.8,0,119.1,0,-188.1,0,-36.7,0,28,0,-81.3,0,37.1,0,70.5,0,-132.4,0,141.3,0,-162.1,0,107,0,-137.8
763,0,-89.9,0,55.4,0,14.5,0,-69.8,0,120.5,0,-68.9,0,-284.8,0,100.6,0,80.7,0,-72.3,0,6.9,0,119.6,0,45.4,0,-183,0,-56.7,0,17.8,0,-113.8,0,94.6,0,-22,0,-117.6,0,90.6,0,66.1,0,-38.9,0,-123.6,0,52.1,0,9.1,0,20.8,0,-6.8,0,55.2,0,-101.5,0,146.5,0,-4.3,0,-317.3,0,85.2,0,108,0,23.5,0,8,0,68.8,0,119.1,0,-188.1,0,-36.7,0,28,0,-81.3,0,37.1,0,70.5,0,-132.4,0,141.3,0,-162.1,0,107,0,-137.8,0
764,-89.9,0,55.4,0,14.5,0,-69.8,0,120.5,0,-68.9,0,-284.8,0,100.6,0,80.7,0,-72.3,0,6.9,0,119.6,0,45.4,0,-183,0,-56.7,0,17.8,0,-113.8,0,94.6,0,-22,0,-117.6,0,90.6,0,66.1,0,-38.9,0,-123.6,0,52.1,0,9.1,0,20.8,0,-6.8,0,55.2,0,-101.5,0,146.5,0,-4.3,0,-317.3,0,85.2,0,108,0,23.5,0,8,0,68.8,0,119.1,0,-188.1,0,-36.7,0,28,0,-81.3,0,37.1,0,70.5,0,-132.4,0,141.3,0,-162.1,0,107,0,-137.8,0,55.9
765,0,55.4,0,14.5,0,-69.8,0,120.5,0,-68.9,0,-284.8,0,100.6,0,80.7,0,-72.3,0,6.9,0,119.6,0,45.4,0,-183,0,-56.7,0,17.8,0,-113.8,0,94.6,0,-22,0,-117.6,0,90.6,0,66.1,0,-38.9,0,-123.6,0,52.1,0,9.1,0,20.8,0,-6.8,0,55.2,0,-101.5,0,146.5,0,-4.3,0,-317.3,0,85.2,0,108,0,23.5,0,8,0,68.8,0,119.1,0,-188.1,0,-36.7,0,28,0,-81.3,0,37.1,0,70.5,0,-132.4,0,141.3,0,-162.1,0,107,0,-137.8,0,55.9,0
766,55.4,0,14.5,0,-69.8,0,120.5,0,-68.9,0,-284.8,0,100.6,0,80.7,0,-72.3,0,6.9,0,119.6,0,45.4,0,-183,0,-56.7,0,17.8,0,-113.8,0,94.6,0,-22,0,-117.6,0,90.6,0,66.1,0,-38.9,0,-123.6,0,52.1,0,9.1,0,20.8,0,-6.8,0,55.2,0,-101.5,0,146.5,0,-4.3,0,-317.3,0,85.2,0,108,0,23.5,0,8,0,68.8,0,119.1,0,-188.1,0,-36.7,0,28,0,-81.3,0,37.1,0,70.5,0,-132.4,0,141.3,0,-162.1,0,107,0,-137.8,0,55.9,0,-40.8
767,0,14.5,0,-69.8,0,120.5,0,-68.9,0,-284.8,0,100.6,0,80.7,0,-72.3,0,6.9,0,119.6,0,45.4,0,-183,0,-56.7,0,17.8,0,-113.8,0,94.6,0,-22,0,-117.6,0,90.6,0,66.1,0,-38.9,0,-123.6,0,52.1,0,9.1,0,20.8,0,-6.8,0,55.2,0,-101.5,0,146.5,0,-4.3,0,-317.3,0,85.2,0,108,0,23.5,0,8,0,68.8,0,119.1,0,-188.1,0,-36.7,0,28,0,-81.3,0,37.1,0,70.5,0,-132.4,0,141.3,0,-162.1,0,107,0,-137.8,0,55.9,0,-40.8,0
768,14.5,0,-69.8,0,120.5,0,-68.9,0,-284.8,0,100.6,0,80.7,0,-72.3,0,6.9,0,119.6,0,45.4,0,-183,0,-56.7,0,17.8,0,-113.8,0,94.6,0,-22,0,-117.6,0,90.6,0,66.1,0,-38.9,0,-123.6,0,52.1,0,9.1,0,20.8,0,-6.8,0,55.2,0,-101.5,0,146.5,0,-4.3,0,-317.3,0,85.2,0,108,0,23.5,0,8,0,68.8,0,119.1,0,-188.1,0,-36.7,0,28,0,-81.3,0,37.1,0,70.5,0,-132.4,0,141.3,0,-162.1,0,107,0,-137.8,0,55.9,0,-40.8,0,50.6
769,0,-69.8,0,120.5,0,-68.9,0,-284.8,0,100.6,0,80.7,0,-72.3,0,6.9,0,119.6,0,45.4,0,-183,0,-56.7,0,17.8,0,-113.8,0,94.6,0,-22,0,-117.6,0,90.6,0,66.1,0,-38.9,0,-123.6,0,52.1,0,9.1,0,20.8,0,-6.8,0,55.2,0,-101.5,0,146.5,0,-4.3,0,-317.3,0,85.2,0,108,0,23.5,0,8,0,68.8,0,119.1,0,-188.1,0,-36.7,0,28,0,-81.3,0,37.1,0,70.5,0,-132.4,0,141.3,0,-162.1,0,107,0,-137.8,0,55.9,0,-40.8,0,50.6,0
770,-69.8,0,120.5,0,-68.9,0,-284.8,0,100.6,0,80.7,0,-72.3,0,6.9,0,119.6,0,45.4,0,-183,0,-56.7,0,17.8,0,-113.8,0,94.6,0,-22,0,-117.6,0,90.6,0,66.1,0,-38.9,0,-123.6,0,52.1,0,9.1,0,20.8,0,-6.8,0,55.2,0,-101.5,0,146.5,0,-4.3,0,-317.3,0,85.2,0,108,0,23.5,0,8,0,68.8,0,119.1,0,-188.1,0,-36.7,0,28,0,-81.3,0,37.1,0,70.5,0,-132.4,0,141.3,0,-162.1,0,107,0,-137.8,0,55.9,0,-40.8,0,50.6,0,-72.5
771,0,120.5,0,-68.9,0,-284.8,0,100.6,0,80.7,0,-72.3,0,6.9,0,119.6,0,45.4,0,-183,0,-56.7,0,17.8,0,-113.8,0,94.6,0,-22,0,-117.6,0,90.6,0,66.1,0,-38.9,0,-123.6,0,52.1,0,9.1,0,20.8,0,-6.8,0,55.2,0,-101.5,0,146.5,0,-4.3,0,-317.3,0,85.2,0,108,0,23.5,0,8,0,68.8,0,119.1,0,-188.1,0,-36.7,0,28,0,-81.3,0,37.1,0,70.5,0,-132.4,0,141.3,0,-162.1,0,107,0,-137.8,0,55.9,0,-40.8,0,50.6,0,-72.5,0
772,120.5,0,-68.9,0,-284.8,0,100.6,0,80.7,0,-72.3,0,6.9,0,119.6,0,45.4,0,-183,0,-56.7,0,17.8,0,-113.8,0,94.6,0,-22,0,-117.6,0,90.6,0,66.1,0,-38.9,0,-123.6,0,52.1,0,9.1,0,20.8,0,-6.8,0,55.2,0,-101.5,0,146.5,0,-4.3,0,-317.3,0,85.2,0,108,0,23.5,0,8,0,68.8,0,119.1,0,-188.1,0,-36.7,0,28,0,-81.3,0,37.1,0,70.5,0,-132.4,0,141.3,0,-162.1,0,107,0,-137.8,0,55.9,0,-40.8,0,50.6,0,-72.5,0,40.1
773,0,-68.9,0,-284.8,0,100.6,0,80.7,0,-72.3,0,6.9,0,119.6,0,45.4,0,-183,0,-56.7,0,17.8,0,-113.8,0,94.6,0,-22,0,-117.6,0,90.6,0,66.1,0,-38.9,0,-123.6,0,52.1,0,9.1,0,20.8,0,-6.8,0,55.2,0,-101.5,0,146.5,0,-4.3,0,-317.3,0,85.2,0,108,0,23.5,0,8,0,68.8,0,119.1,0,-188.1,0,-36.7,0,28,0,-81.3,0,37.1,0,70.5,0,-132.4,0,141.3,0,-162.1,0,107,0,-137.8,0,55.9,0,-40.8,0,50.6,0,-72.5,0,40.1,0
774,-68.9,0,-284.8,0,100.6,0,80.7,0,-72.3,0,6.9,0,119.6,0,45.4,0,-183,0,-56.7,0,17.8,0,-113.8,0,94.6,0,-22,0,-117.6,0,90.6,0,66.1,0,-38.9,0,-123.6,0,52.1,0,9.1,0,20.8,0,-6.8,0,55.2,0,-101.5,0,146.5,0,-4.3,0,-317.3,0,85.2,0,108,0,23.5,0,8,0,68.8,0,119.1,0,-188.1,0,-36.7,0,28,0,-81.3,0,37.1,0,70.5,0,-132.4,0,141.3,0,-162.1,0,107,0,-137.8,0,55.9,0,-40.8,0,50.6,0,-72.5,0,40.1,0,34.8
775,0,-284.8,0,100.6,0,80.7,0,-72.3,0,6.9,0,119.6,0,45.4,0,-183,0,-56.7,0,17.8,0,-113.8,0,94.6,0,-22,0,-117.6,0,90.6,0,66.1,0,-38.9,0,-123.6,0,52.1,0,9.1,0,20.8,0,-6.8,0,55.2,0,-101.5,0,146.5,0,-4.3,0,-317.3,0,85.2,0,108,0,23.5,0,8,0,68.8,0,119.1,0,-188.1,0,-36.7,0,28,0,-81.3,0,37.1,0,70.5,0,-132.4,0,141.3,0,-162.1,0,107,0,-137.8,0,55.9,0,-40.8,0,50.6,0,-72.5,0,40.1,0,34.8,0
776,-284.8,0,100.6,0,80.7,0,-72.3,0,6.9,0,119.6,0,45.4,0,-183,0,-56.7,0,17.8,0,-113.8,0,94.6,0,-22,0,-117.6,0,90.6,0,66.1,0,-38.9,0,-123.6,0,52.1,0,9.1,0,20.8,0,-6.8,0,55.2,0,-101.5,0,146.5,0,-4.3,0,-317.3,0,85.2,0,108,0,23.5,0,8,0,68.8,0,119.1,0,-188.1,0,-36.7,0,28,0,-81.3,0,37.1,0,70.5,0,-132.4,0,141.3,0,-162.1,0,107,0,-137.8,0,55.9,0,-40.8,0,50.6,0,-72.5,0,40.1,0,34.8,0,-41.1
777,0,100.6,0,80.7,0,-72.3,0,6.9,0,119.6,0,45.4,0,-183,0,-56.7,0,17.8,0,-113.8,0,94.6,0,-22,0,-117.6,0,90.6,0,66.1,0,-38.9,0,-123.6,0,52.1,0,9.1,0,20.8,0,-6.8,0,55.2,0,-101.5,0,146.5,0,-4.3,0,-317.3,0,85.2,0,108,0,23.5,0,8,0,68.8,0,119.1,0,-188.1,0,-36.7,0,28,0,-81.3,0,37.1,0,70.5,0,-132.4,0,141.3,0,-162.1,0,107,0,-137.8,0,55.9,0,-40.8,0,50.6,0,-72.5,0,40.1,0,34.8,0,-41.1,0
778,100.6,0,80.7,0,-72.3,0,6.9,0,119.6,0,45.4,0,-183,0,-56.7,0,17.8,0,-113.8,0,94.6,0,-22,0,-117.6,0,90.6,0,66.1,0,-38.9,0,-123.6,0,52.1,0,9.1,0,20.8,0,-6.8,0,55.2,0,-101.5,0,146.5,0,-4.3,0,-317.3,0,85.2,0,108,0,23.5,0,8,0,68.8,0,119.1,0,-188.1,0,-36.7,0,28,0,-81.3,0,37.1,0,70.5,0,-132.4,0,141.3,0,-162.1,0,107,0,-137.8,0,55.9,0,-40.8,0,50.6,0,-72.5,0,40.1,0,34.8,0,-41.1,0,10.2
779,0,80.7,0,-72.3,0,6.9,0,119.6,0,45.4,0,-183,0,-56.7,0,17.8,0,-113.8,0,94.6,0,-22,0,-117.6,0,90.6,0,66.1,0,-38.9,0,-123.6,0,52.1,0,9.1,0,20.8,0,-6.8,0,55.2,0,-101.5,0,146.5,0,-4.3,0,-317.3,0,85.2,0,108,0,23.5,0,8,0,68.8,0,119.1,0,-188.1,0,-36.7,0,28,0,-81.3,0,37.1,0,70.5,0,-132.4,0,141.3,0,-162.1,0,107,0,-137.8,0,55.9,0,-40.8,0,50.6,0,-72.5,0,40.1,0,34.8,0,-41.1,0,10.2,0
780,80.7,0,-72.3,0,6.9,0,119.6,0,45.4,0,-183,0,-56.7,0,17.8,0,-113.8,0,94.6,0,-22,0,-117.6,0,90.6,0,66.1,0,-38.9,0,-123.6,0,52.1,0,9.1,0,20.8,0,-6.8,0,55.2,0,-101.5,0,146.5,0,-4.3,0,-317.3,0,85.2,0,108,0,23.5,0,8,0,68.8,0,119.1,0,-188.1,0,-36.7,0,28,0,-81.3,0,37.1,0,70.5,0,-132.4,0,141.3,0,-162.1,0,107,0,-137.8,0,55.9,0,-40.8,0,50.6,0,-72.5,0,40.1,0,34.8,0,-41.1,0,10.2,0,159.1
781,0,-72.3,0,6.9,0,119.6,0,45.4,0,-183,0,-56.7,0,17.8,0,-113.8,0,94.6,0,-22,0,-117.6,0,90.6,0,66.1,0,-38.9,0,-123.6,0,52.1,0,9.1,0,20.8,0,-6.8,0,55.2,0,-101.5,0,146.5,0,-4.3,0,-317.3,0,85.2,0,108,0,23.5,0,8,0,68.8,0,119.1,0,-188.1,0,-36.7,0,28,0,-81.3,0,37.1,0,70.5,0,-132.4,0,141.3,0,-162.1,0,107,0,-137.8,0,55.9,0,-40.8,0,50.6,0,-72.5,0,40.1,0,34.8,0,-41.1,0,10.2,0,159.1,0
782,-72.3,0,6.9,0,119.6,0,45.4,0,-183,0,-56.7,0,17.8,0,-113.8,0,94.6,0,-22,0,-117.6,0,90.6,0,66.1,0,-38.9,0,-123.6,0,52.1,0,9.1,0,20.8,0,-6.8,0,55.2,0,-101.5,0,146.5,0,-4.3,0,-317.3,0,85.2,0,108,0,23.5,0,8,0,68.8,0,119.1,0,-188.1,0,-36.7,0,28,0,-81.3,0,37.1,0,70.5,0,-132.4,0,141.3,0,-162.1,0,107,0,-137.8,0,55.9,0,-40.8,0,50.6,0,-72.5,0,40.1,0,34.8,0,-41.1,0,10.2,0,159.1,0,-145.4
783,0,6.9,0,119.6,0,45.4,0,-183,0,-56.7,0,17.8,0,-113.8,0,94.6,0,-22,0,-117.6,0,90.6,0,66.1,0,-38.9,0,-123.6,0,52.1,0,9.1,0,20.8,0,-6.8,0,55.2,0,-101.5,0,146.5,0,-4.3,0,-317.3,0,85.2,0,108,0,23.5,0,8,0,68.8,0,119.1,0,-188.1,0,-36.7,0,28,0,-81.3,0,37.1,0,70.5,0,-132.4,0,141.3,0,-162.1,0,107,0,-137.8,0,55.9,0,-40.8,0,50.6,0,-72.5,0,40.1,0,34.8,0,-41.1,0,10.2,0,159.1,0,-145.4,0
784,6.9,0,119.6,0,45.4,0,-183,0,-56.7,0,17.8,0,-113.8,0,94.6,0,-22,0,-117.6,0,90.6,0,66.1,0,-38.9,0,-123.6,0,52.1,0,9.1,0,20.8,0,-6.8,0,55.2,0,-101.5,0,146.5,0,-4.3,0,-317.3,0,85.2,0,108,0,23.5,0,8,0,68.8,0,119.1,0,-188.1,0,-36.7,0,28,0,-81.3,0,37.1,0,70.5,0,-132.4,0,141.3,0,-162.1,0,107,0,-137.8,0,55.9,0,-40.8,0,50.6,0,-72.5,0,40.1,0,34.8,0,-41.1,0,10.2,0,159.1,0,-145.4,0,-49
785,0,119.6,0,45.4,0,-183,0,-56.7,0,17.8,0,-113.8,0,94.6,0,-22,0,-117.6,0,90.6,0,66.1,0,-38.9,0,-123.6,0,52.1,0,9.1,0,20.8,0,-6.8,0,55.2,0,-101.5,0,146.5,0,-4.3,0,-317.3,0,85.2,0,108,0,23.5,0,8,0,68.8,0,119.1,0,-188.1,0,-36.7,0,28,0,-81.3,0,37.1,0,70.5,0,-132.4,0,141.3,0,-162.1,0,107,0,-137.8,0,55.9,0,-40.8,0,50.6,0,-72.5,0,40.1,0,34.8,0,-41.1,0,10.2,0,159.1,0,-145.4,0,-49,0
786,119.6,0,45.4,0,-183,0,-56.7,0,17.8,0,-113.8,0,94.6,0,-22,0,-117.6,0,90.6,0,66.1,0,-38.9,0,-123.6,0,52.1,0,9.1,0,20.8,0,-6.8,0,55.2,0,-101.5,0,146.5,0,-4.3,0,-317.3,0,85.2,0,108,0,23.5,0,8,0,68.8,0,119.1,0,-188.1,0,-36.7,0,28,0,-81.3,0,37.1,0,70.5,0,-132.4,0,141.3,0,-162.1,0,107,0,-137.8,0,55.9,0,-40.8,0,50.6,0,-72.5,0,40.1,0,34.8,0,-41.1,0,10.2,0,159.1,0,-145.4,0,-49,0,102.2
787,0,45.4,0,-183,0,-56.7,0,17.8,0,-113.8,0,94.6,0,-22,0,-117.6,0,90.6,0,66.1,0,-38.9,0,-123.6,0,52.1,0,9.1,0,20.8,0,-6.8,0,55.2,0,-101.5,0,146.5,0,-4.3,0,-317.3,0,85.2,0,108,0,23.5,0,8,0,68.8,0,119.1,0,-188.1,0,-36.7,0,28,0,-81.3,0,37.1,0,70.5,0,-132.4,0,141.3,0,-162.1,0,107,0,-137.8,0,55.9,0,-40.8,0,50.6,0,-72.5,0,40.1,0,34.8,0,-41.1,0,10.2,0,159.1,0,-145.4,0,-49,0,102.2,0
788,45.4,0,-183,0,-56.7,0,17.8,0,-113.8,0,94.6,0,-22,0,-117.6,0,90.6,0,66.1,0,-38.9,0,-123.6,0,52.1,0,9.1,0,20.8,0,-6.8,0,55.2,0,-101.5,0,146.5,0,-4.3,0,-317.3,0,85.2,0,108,0,23.5,0,8,0,68.8,0,119.1,0,-188.1,0,-36.7,0,28,0,-81.3,0,37.1,0,70.5,0,-132.4,0,141.3,0,-162.1,0,107,0,-137.8,0,55.9,0,-40.8,0,50.6,0,-72.5,0,40.1,0,34.8,0,-41.1,0,10.2,0,159.1,0,-145.4,0,-49,0,102.2,0,-99.8
789,0,-183,0,-56.7,0,17.8,0,-113.8,0,94.6,0,-22,0,-117.6,0,90.6,0,66.1,0,-38.9,0,-123.6,0,52.1,0,9.1,0,20.8,0,-6.8,0,55.2,0,-101.5,0,146.5,0,-4.3,0,-317.3,0,85.2,0,108,0,23.5,0,8,0,68.8,0,119.1,0,-188.1,0,-36.7,0,28,0,-81.3,0,37.1,0,70.5,0,-132.4,0,141.3,0,-162.1,0,107,0,-137.8,0,55.9,0,-40.8,0,50.6,0,-72.5,0,40.1,0,34.8,0,-41.1,0,10.2,0,159.1,0,-145.4,0,-49,0,102.2,0,-99.8,0
790,-183,0,-56.7,0,17.8,0,-113.8,0,94.6,0,-22,0,-117.6,0,90.6,0,66.1,0,-38.9,0,-123.6,0,52.1,0,9.1,0,20.8,0,-6.8,0,55.2,0,-101.5,0,146.5,0,-4.3,0,-317.3,0,85.2,0,108,0,23.5,0,8,0,68.8,0,119.1,0,-188.1,0,-36.7,0,28,0,-81.3,0,37.1,0,70.5,0,-132.4,0,141.3,0,-162.1,0,107,0,-137.8,0,55.9,0,-40.8,0,50.6,0,-72.5,0,40.1,0,34.8,0,-41.1,0,10.2,0,159.1,0,-145.4,0,-49,0,102.2,0,-99.8,0,63.2
791,0,-56.7,0,17.8,0,-113.8,0,94.6,0,-22,0,-117.6,0,90.6,0,66.1,0,-38.9,0,-123.6,0,52.1,0,9.1,0,20.8,0,-6.8,0,55.2,0,-101.5,0,146.5,0,-4.3,0,-317.3,0,85.2,0,108,0,23.5,0,8,0,68.8,0,119.1,0,-188.1,0,-36.7,0,28,0,-81.3,0,37.1,0,70.5,0,-132.4,0,141.3,0,-162.1,0,107,0,-137.8,0,55.9,0,-40.8,0,50.6,0,-72.5,0,40.1,0,34.8,0,-41.1,0,10.2,0,159.1,0,-145.4,0,-49,0,102.2,0,-99.8,0,63.2,0
792,-56.7,0,17.8,0,-113.8,0,94.6,0,-22,0,-117.6,0,90.6,0,66.1,0,-38.9,0,-123.6,0,52.1,0,9.1,0,20.8,0,-6.8,0,55.2,0,-101.5,0,146.5,0,-4.3,0,-317.3,0,85.2,0,108,0,23.5,0,8,0,68.8,0,119.1,0,-188.1,0,-36.7,0,28,0,-81.3,0,37.1,0,70.5,0,-132.4,0,141.3,0,-162.1,0,107,0,-137.8,0,55.9,0,-40.8,0,50.6,0,-72.5,0,40.1,0,34.8,0,-41.1,0,10.2,0,159.1,0,-145.4,0,-49,0,102.2,0,-99.8,0,63.2,0,-29.4
793,0,17.8,0,-113.8,0,94.6,0,-22,0,-117.6,0,90.6,0,66.1,0,-38.9,0,-123.6,0,52.1,0,9.1,0,20.8,0,-6.8,0,55.2,0,-101.5,0,146.5,0,-4.3,0,-317.3,0,85.2,0,108,0,23.5,0,8,0,68.8,0,119.1,0,-188.1,0,-36.7,0,28,0,-81.3,0,37.1,0,70.5,0,-132.4,0,141.3,0,-162.1,0,107,0,-137.8,0,55.9,0,-40.8,0,50.6,0,-72.5,0,40.1,0,34.8,0,-41.1,0,10.2,0,159.1,0,-145.4,0,-49,0,102.2,0,-99.8,0,63.2,0,-29.4,0
794,17.8,0,-113.8,0,94.6,0,-22,0,-117.6,0,90.6,0,66.1,0,-38.9,0,-123.6,0,52.1,0,9.1,0,20.8,0,-6.8,0,55.2,0,-101.5,0,146.5,0,-4.3,0,-317.3,0,85.2,0,108,0,23.5,0,8,0,68.8,0,119.1,0,-188.1,0,-36.7,0,28,0,-81.3,0,37.1,0,70.5,0,-132.4,0,141.3,0,-162.1,0,107,0,-137.8,0,55.9,0,-40.8,0,50.6,0,-72.5,0,40.1,0,34.8,0,-41.1,0,10.2,0,159.1,0,-145.4,0,-49,0,102.2,0,-99.8,0,63.2,0,-29.4,0,181.7
795,0,-113.8,0,94.6,0,-22,0,-117.6,0,90.6,0,66.1,0,-38.9,0,-123.6,0,52.1,0,9.1,0,20.8,0,-6.8,0,55.2,0,-101.5,0,146.5,0,-4.3,0,-317.3,0,85.2,0,108,0,23.5,0,8,0,68.8,0,119.1,0,-188.1,0,-36.7,0,28,0,-81.3,0,37.1,0,70.5,0,-132.4,0,141.3,0,-162.1,0,107,0,-137.8,0,55.9,0,-40.8,0,50.6,0,-72.5,0,40.1,0,34.8,0,-41.1,0,10.2,0,159.1,0,-145.4,0,-49,0,102.2,0,-99.8,0,63.2,0,-29.4,0,181.7,0
796,-113.8,0,94.6,0,-22,0,-117.6,0,90.6,0,66.1,0,-38.9,0,-123.6,0,52.1,0,9.1,0,20.8,0,-6.8,0,55.2,0,-101.5,0,146.5,0,-4.3,0,-317.3,0,85.2,0,108,0,23.5,0,8,0,68.8,0,119.1,0,-188.1,0,-36.7,0,28,0,-81.3,0,37.1,0,70.5,0,-132.4,0,141.3,0,-162.1,0,107,0,-137.8,0,55.9,0,-40.8,0,50.6,0,-72.5,0,40.1,0,34.8,0,-41.1,0,10.2,0,159.1,0,-145.4,0,-49,0,102.2,0,-99.8,0,63.2,0,-29.4,0,181.7,0,-43.9
797,0,94.6,0,-22,0,-117.6,0,90.6,0,66.1,0,-38.9,0,-123.6,0,52.1,0,9.1,0,20.8,0,-6.8,0,55.2,0,-101.5,0,146.5,0,-4.3,0,-317.3,0,85.2,0,108,0,23.5,0,8,0,68.8,0,119.1,0,-188.1,0,-36.7,0,28,0,-81.3,0,37.1,0,70.5,0,-132.4,0,141.3,0,-162.1,0,107,0,-137.8,0,55.9,0,-40.8,0,50.6,0,-72.5,0,40.1,0,34.8,0,-41.1,0,10.2,0,159.1,0,-145.4,0,-49,0,102.2,0,-99.8,0,63.2,0,-29.4,0,181.7,0,-43.9,0
798,94.6,0,-22,0,-117.6,0,90.6,0,66.1,0,-38.9,0,-123.6,0,52.1,0,9.1,0,20.8,0,-6.8,0,55.2,0,-101.5,0,146.5,0,-4.3,0,-317.3,0,85.2,0,108,0,23.5,0,8,0,68.8,0,119.1,0,-188.1,0,-36.7,0,28,0,-81.3,0,37.1,0,70.5,0,-132.4,0,141.3,0,-162.1,0,107,0,-137.8,0,55.9,0,-40.8,0,50.6,0,-72.5,0,40.1,0,34.8,0,-41.1,0,10.2,0,159.1,0,-145.4,0,-49,0,102.2,0,-99.8,0,63.2,0,-29.4,0,181.7,0,-43.9,0,-21.3
799,0,-22,0,-117.6,0,90.6,0,66.1,0,-38.9,0,-123.6,0,52.1,0,9.1,0,20.8,0,-6.8,0,55.2,0,-101.5,0,146.5,0,-4.3,0,-317.3,0,85.2,0,108,0,23.5,0,8,0,68.8,0,119.1,0,-188.1,0,-36.7,0,28,0,-81.3,0,37.1,0,70.5,0,-132.4,0,141.3,0,-162.1,0,107,0,-137.8,0,55.9,0,-40.8,0,50.6,0,-72.5,0,40.1,0,34.8,0,-41.1,0,10.2,0,159.1,0,-145.4,0,-49,0,102.2,0,-99.8,0,63.2,0,-29.4,0,181.7,0,-43.9,0,-21.3,0
800,-22,0,-117.6,0,90.6,0,66.1,0,-38.9,0,-123.6,0,52.1,0,9.1,0,20.8,0,-6.8,0,55.2,0,-101.5,0,146.5,0,-4.3,0,-317.3,0,85.2,0,108,0,23.5,0,8,0,68.8,0,119.1,0,-188.1,0,-36.7,0,28,0,-81.3,0,37.1,0,70.5,0,-132.4,0,141.3,0,-162.1,0,107,0,-137.8,0,55.9,0,-40.8,0,50.6,0,-72.5,0,40.1,0,34.8,0,-41.1,0,10.2,0,159.1,0,-145.4,0,-49,0,102.2,0,-99.8,0,63.2,0,-29.4,0,181.7,0,-43.9,0,-21.3,0,-131
801,0,-117.6,0,90.6,0,66.1,0,-38.9,0,-123.6,0,52.1,0,9.1,0,20.8,0,-6.8,0,55.2,0,-101.5,0,146.5,0,-4.3,0,-317.3,0,85.2,0,108,0,23.5,0,8,0,68.8,0,119.1,0,-188.1,0,-36.7,0,28,0,-81.3,0,37.1,0,70.5,0,-132.4,0,141.3,0,-162.1,0,107,0,-137.8,0,55.9,0,-40.8,0,50.6,0,-72.5,0,40.1,0,34.8,0,-41.1,0,10.2,0,159.1,0,-145.4,0,-49,0,102.2,0,-99.8,0,63.2,0,-29.4,0,181.7,0,-43.9,0,-21.3,0,-131,0
802,-117.6,0,90.6,0,66.1,0,-38.9,0,-123.6,0,52.1,0,9.1,0,20.8,0,-6.8,0,55.2,0,-101.5,0,146.5,0,-4.3,0,-317.3,0,85.2,0,108,0,23.5,0,8,0,68.8,0,119.1,0,-188.1,0,-36.7,0,28,0,-81.3,0,37.1,0,70.5,0,-132.4,0,141.3,0,-162.1,0,107,0,-137.8,0,55.9,0,-40.8,0,50.6,0,-72.5,0,40.1,0,34.8,0,-41.1,0,10.2,0,159.1,0,-145.4,0,-49,0,102.2,0,-99.8,0,63.2,0,-29.4,0,181.7,0,-43.9,0,-21.3,0,-131,0,-43
803,0,90.6,0,66.1,0,-38.9,0,-123.6,0,52.1,0,9.1,0,20.8,0,-6.8,0,55.2,0,-101.5,0,146.5,0,-4.3,0,-317.3,0,85.2,0,108,0,23.5,0,8,0,68.8,0,119.1,0,-188.1,0,-36.7,0,28,0,-81.3,0,37.1,0,70.5,0,-132.4,0,141.3,0,-162.1,0,107,0,-137.8,0,55.9,0,-40.8,0,50.6,0,-72.5,0,40.1,0,34.8,0,-41.1,0,10.2,0,159.1,0,-145.4,0,-49,0,102.2,0,-99.8,0,63.2,0,-29.4,0,181.7,0,-43.9,0,-21.3,0,-131,0,-43,0
804,90.6,0,66.1,0,-38.9,0,-123.6,0,52.1,0,9.1,0,20.8,0,-6.8,0,55.2,0,-101.5,0,146.5,0,-4.3,0,-317.3,0,85.2,0,108,0,23.5,0,8,0,68.8,0,119.1,0,-188.1,0,-36.7,0,28,0,-81.3,0,37.1,0,70.5,0,-132.4,0,141.3,0,-162.1,0,107,0,-137.8,0,55.9,0,-40.8,0,50.6,0,-72.5,0,40.1,0,34.8,0,-41.1,0,10.2,0,159.1,0,-145.4,0,-49,0,102.2,0,-99.8,0,63.2,0,-29.4,0,181.7,0,-43.9,0,-21.3,0,-131,0,-43,0,-41.1
805,0,66.1,0,-38.9,0,-123.6,0,52.1,0,9.1,0,20.8,0,-6.8,0,55.2,0,-101.5,0,146.5,0,-4.3,0,-317.3,0,85.2,0,108,0,23.5,0,8,0,68.8,0,119.1,0,-188.1,0,-36.7,0,28,0,-81.3,0,37.1,0,70.5,0,-132.4,0,141.3,0,-162.1,0,107,0,-137.8,0,55.9,0,-40.8,0,50.6,0,-72.5,0,40.1,0,34.8,0,-41.1,0,10.2,0,159.1,0,-145.4,0,-49,0,102.2,0,-99.8,0,63.2,0,-29.4,0,181.7,0,-43.9,0,-21.3,0,-131,0,-43,0,-41.1,0
806,66.1,0,-38.9,0,-123.6,0,52.1,0,9.1,0,20.8,0,-6.8,0,55.2,0,-101.5,0,146.5,0,-4.3,0,-317.3,0,85.2,0,108,0,23.5,0,8,0,68.8,0,119.1,0,-188.1,0,-36.7,0,28,0,-81.3,0,37.1,0,70.5,0,-132.4,0,141.3,0,-162.1,0,107,0,-137.8,0,55.9,0,-40.8,0,50.6,0,-72.5,0,40.1,0,34.8,0,-41.1,0,10.2,0,159.1,0,-145.4,0,-49,0,102.2,0,-99.8,0,63.2,0,-29.4,0,181.7,0,-43.9,0,-21.3,0,-131,0,-43,0,-41.1,0,34.1
807,0,-38.9,0,-123.6,0,52.1,0,9.1,0,20.8,0,-6.8,0,55.2,0,-101.5,0,146.5,0,-4.3,0,-317.3,0,85.2,0,108,0,23.5,0,8,0,68.8,0,119.1,0,-188.1,0,-36.7,0,28,0,-81.3,0,37.1,0,70.5,0,-132.4,0,141.3,0,-162.1,0,107,0,-137.8,0,55.9,0,-40.8,0,50.6,0,-72.5,0,40.1,0,34.8,0,-41.1,0,10.2,0,159.1,0,-145.4,0,-49,0,102.2,0,-99.8,0,63.2,0,-29.4,0,181.7,0,-43.9,0,-21.3,0,-131,0,-43,0,-41.1,0,34.1,0
808,-38.9,0,-123.6,0,52.1,0,9.1,0,20.8,0,-6.8,0,55.2,0,-101.5,0,146.5,0,-4.3,0,-317.3,0,85.2,0,108,0,23.5,0,8,0,68.8,0,119.1,0,-188.1,0,-36.7,0,28,0,-81.3,0,37.1,0,70.5,0,-132.4,0,141.3,0,-162.1,0,107,0,-137.8,0,55.9,0,-40.8,0,50.6,0,-72.5,0,40.1,0,34.8,0,-41.1,0,10.2,0,159.1,0,-145.4,0,-49,0,102.2,0,-99.8,0,63.2,0,-29.4,0,181.7,0,-43.9,0,-21.3,0,-131,0,-43,0,-41.1,0,34.1,0,-10.8
809,0,-123.6,0,52.1,0,9.1,0,20.8,0,-6.8,0,55.2,0,-101.5,0,146.5,0,-4.3,0,-317.3,0,85.2,0,108,0,23.5,0,8,0,68.8,0,119.1,0,-188.1,0,-36.7,0,28,0,-81.3,0,37.1,0,70.5,0,-132.4,0,141.3,0,-162.1,0,107,0,-137.8,0,55.9,0,-40.8,0,50.6,0,-72.5,0,40.1,0,34.8,0,-41.1,0,10.2,0,159.1,0,-145.4,0,-49,0,102.2,0,-99.8,0,63.2,0,-29.4,0,181.7,0,-43.9,0,-21.3,0,-131,0,-43,0,-41.1,0,34.1,0,-10.8,0
810,-123.6,0,52.1,0,9.1,0,20.8,0,-6.8,0,55.2,0,-101.5,0,146.5,0,-4.3,0,-317.3,0,85.2,0,108,0,23.5,0,8,0,68.8,0,119.1,0,-188.1,0,-36.7,0,28,0,-81.3,0,37.1,0,70.5,0,-132.4,0,141.3,0,-162.1,0,107,0,-137.8,0,55.9,0,-40.8,0,50.6,0,-72.5,0,40.1,0,34.8,0,-41.1,0,10.2,0,159.1,0,-145.4,0,-49,0,102.2,0,-99.8,0,63.2,0,-29.4,0,181.7,0,-43.9,0,-21.3,0,-131,0,-43,0,-41.1,0,34.1,0,-10.8,0,-48.3
811,0,52.1,0,9.1,0,20.8,0,-6.8,0,55.2,0,-101.5,0,146.5,0,-4.3,0,-317.3,0,85.2,0,108,0,23.5,0,8,0,68.8,0,119.1,0,-188.1,0,-36.7,0,28,0,-81.3,0,37.1,0,70.5,0,-132.4,0,141.3,0,-162.1,0,107,0,-137.8,0,55.9,0,-40.8,0,50.6,0,-72.5,0,40.1,0,34.8,0,-41.1,0,10.2,0,159.1,0,-145.4,0,-49,0,102.2,0,-99.8,0,63.2,0,-29.4,0,181.7,0,-43.9,0,-21.3,0,-131,0,-43,0,-41.1,0,34.1,0,-10.8,0,-48.3,0
812,52.1,0,9.1,0,20.8,0,-6.8,0,55.2,0,-101.5,0,146.5,0,-4.3,0,-317.3,0,85.2,0,108,0,23.5,0,8,0,68.8,0,119.1,0,-188.1,0,-36.7,0,28,0,-81.3,0,37.1,0,70.5,0,-132.4,0,141.3,0,-162.1,0,107,0,-137.8,0,55.9,0,-40.8,0,50.6,0,-72.5,0,40.1,0,34.8,0,-41.1,0,10.2,0,159.1,0,-145.4,0,-49,0,102.2,0,-99.8,0,63.2,0,-29.4,0,181.7,0,-43.9,0,-21.3,0,-131,0,-43,0,-41.1,0,34.1,0,-10.8,0,-48.3,0,101.2
813,0,9.1,0,20.8,0,-6.8,0,55.2,0,-101.5,0,146.5,0,-4.3,0,-317.3,0,85.2,0,108,0,23.5,0,8,0,68.8,0,119.1,0,-188.1,0,-36.7,0,28,0,-81.3,0,37.1,0,70.5,0,-132.4,0,141.3,0,-162.1,0,107,0,-137.8,0,55.9,0,-40.8,0,50.6,0,-72.5,0,40.1,0,34.8,0,-41.1,0,10.2,0,159.1,0,-145.4,0,-49,0,102.2,0,-99.8,0,63.2,0,-29.4,0,181.7,0,-43.9,0,-21.3,0,-131,0,-43,0,-41.1,0,34.1,0,-10.8,0,-48.3,0,101.2,0
814,9.1,0,20.8,0,-6.8,0,55.2,0,-101.5,0,146.5,0,-4.3,0,-317.3,0,85.2,0,108,0,23.5,0,8,0,68.8,0,119.1,0,-188.1,0,-36.7,0,28,0,-81.3,0,37.1,0,70.5,0,-132.4,0,141.3,0,-162.1,0,107,0,-137.8,0,55.9,0,-40.8,0,50.6,0,-72.5,0,40.1,0,34.8,0,-41.1,0,10.2,0,159.1,0,-145.4,0,-49,0,102.2,0,-99.8,0,63.2,0,-29.4,0,181.7,0,-43.9,0,-21.3,0,-131,0,-43,0,-41.1,0,34.1,0,-10.8,0,-48.3,0,101.2,0,-89.5
815,0,20.8,0,-6.8,0,55.2,0,-101.5,0,146.5,0,-4.3,0,-317.3,0,85.2,0,108,0,23.5,0,8,0,68.8,0,119.1,0,-188.1,0,-36.7,0,28,0,-81.3,0,37.1,0,70.5,0,-132.4,0,141.3,0,-162.1,0,107,0,-137.8,0,55.9,0,-40.8,0,50.6,0,-72.5,0,40.1,0,34.8,0,-41.1,0,10.2,0,159.1,0,-145.4,0,-49,0,102.2,0,-99.8,0,63.2,0,-29.4,0,181.7,0,-43.9,0,-21.3,0,-131,0,-43,0,-41.1,0,34.1,0,-10.8,0,-48.3,0,101.2,0,-89.5,0
816,20.8,0,-6.8,0,55.2,0,-101.5,0,146.5,0,-4.3,0,-317.3,0,85.2,0,108,0,23.5,0,8,0,68.8,0,119.1,0,-188.1,0,-36.7,0,28,0,-81.3,0,37.1,0,70.5,0,-132.4,0,141.3,0,-162.1,0,107,0,-137.8,0,55.9,0,-40.8,0,50.6,0,-72.5,0,40.1,0,34.8,0,-41.1,0,10.2,0,159.1,0,-145.4,0,-49,0,102.2,0,-99.8,0,63.2,0,-29.4,0,181.7,0,-43.9,0,-21.3,0,-131,0,-43,0,-41.1,0,34.1,0,-10.8,0,-48.3,0,101.2,0,-89.5,0,-42.9
817,0,-6.8,0,55.2,0,-101.5,0,146.5,0,-4.3,0,-317.3,0,85.2,0,108,0,23.5,0,8,0,68.8,0,119.1,0,-188.1,0,-36.7,0,28,0,-81.3,0,37.1,0,70.5,0,-132.4,0,141.3,0,-162.1,0,107,0,-137.8,0,55.9,0,-40.8,0,50.6,0,-72.5,0,40.1,0,34.8,0,-41.1,0,10.2,0,159.1,0,-145.4,0,-49,0,102.2,0,-99.8,0,63.2,0,-29.4,0,181.7,0,-43.9,0,-21.3,0,-131,0,-43,0,-41.1,0,34.1,0,-10.8,0,-48.3,0,101.2,0,-89.5,0,-42.9,0
818,-6.8,0,55.2,0,-101.5,0,146.5,0,-4.3,0,-317.3,0,85.2,0,108,0,23.5,0,8,0,68.8,0,119.1,0,-188.1,0,-36.7,0,28,0,-81.3,0,37.1,0,70.5,0,-132.4,0,141.3,0,-162.1,0,107,0,-137.8,0,55.9,0,-40.8,0,50.6,0,-72.5,0,40.1,0,34.8,0,-41.1,0,10.2,0,159.1,0,-145.4,0,-49,0,102.2,0,-99.8,0,63.2,0,-29.4,0,181.7,0,-43.9,0,-21.3,0,-131,0,-43,0,-41.1,0,34.1,0,-10.8,0,-48.3,0,101.2,0,-89.5,0,-42.9,0,-44.7
819,0,55.2,0,-101.5,0,146.5,0,-4.3,0,-317.3,0,85.2,0,108,0,23.5,0,8,0,68.8,0,119.1,0,-188.1,0,-36.7,0,28,0,-81.3,0,37.1,0,70.5,0,-132.4,0,141.3,0,-162.1,0,107,0,-137.8,0,55.9,0,-40.8,0,50.6,0,-72.5,0,40.1,0,34.8,0,-41.1,0,10.2,0,159.1,0,-145.4,0,-49,0,102.2,0,-99.8,0,63.2,0,-29.4,0,181.7,0,-43.9,0,-21.3,0,-131,0,-43,0,-41.1,0,34.1,0,-10.8,0,-48.3,0,101.2,0,-89.5,0,-42.9,0,-44.7,0
820,55.2,0,-101.5,0,146.5,0,-4.3,0,-317.3,0,85.2,0,108,0,23.5,0,8,0,68.8,0,119.1,0,-188.1,0,-36.7,0,28,0,-81.3,0,37.1,0,70.5,0,-132.4,0,141.3,0,-162.1,0,107,0,-137.8,0,55.9,0,-40.8,0,50.6,0,-72.5,0,40.1,0,34.8,0,-41.1,0,10.2,0,159.1,0,-145.4,0,-49,0,102.2,0,-99.8,0,63.2,0,-29.4,0,181.7,0,-43.9,0,-21.3,0,-131,0,-43,0,-41.1,0,34.1,0,-10.8,0,-48.3,0,101.2,0,-89.5,0,-42.9,0,-44.7,0,29.4
821,0,-101.5,0,146.5,0,-4.3,0,-317.3,0,85.2,0,108,0,23.5,0,8,0,68.8,0,119.1,0,-188.1,0,-36.7,0,28,0,-81.3,0,37.1,0,70.5,0,-132.4,0,141.3,0,-162.1,0,107,0,-137.8,0,55.9,0,-40.8,0,50.6,0,-72.5,0,40.1,0,34.8,0,-41.1,0,10.2,0,159.1,0,-145.4,0,-49,0,102.2,0,-99.8,0,63.2,0,-29.4,0,181.7,0,-43.9,0,-21.3,0,-131,0,-43,0,-41.1,0,34.1,0,-10.8,0,-48.3,0,101.2,0,-89.5,0,-42.9,0,-44.7,0,29.4,0
822,-101.5,0,146.5,0,-4.3,0,-317.3,0,85.2,0,108,0,23.5,0,8,0,68.8,0,119.1,0,-188.1,0,-36.7,0,28,0,-81.3,0,37.1,0,70.5,0,-132.4,0,141.3,0,-162.1,0,107,0,-137.8,0,55.9,0,-40.8,0,50.6,0,-72.5,0,40.1,0,34.8,0,-41.1,0,10.2,0,159.1,0,-145.4,0,-49,0,102.2,0,-99.8,0,63.2,0,-29.4,0,181.7,0,-43.9,0,-21.3,0,-131,0,-43,0,-41.1,0,34.1,0,-10.8,0,-48.3,0,101.2,0,-89.5,0,-42.9,0,-44.7,0,29.4,0,-57.3
823,0,146.5,0,-4.3,0,-317.3,0,85.2,0,108,0,23.5,0,8,0,68.8,0,119.1,0,-188.1,0,-36.7,0,28,0,-81.3,0,37.1,0,70.5,0,-132.4,0,141.3,0,-162.1,0,107,0,-137.8,0,55.9,0,-40.8,0,50.6,0,-72.5,0,40.1,0,34.8,0,-41.1,0,10.2,0,159.1,0,-145.4,0,-49,0,102.2,0,-99.8,0,63.2,0,-29.4,0,181.7,0,-43.9,0,-21.3,0,-131,0,-43,0,-41.1,0,34.1,0,-10.8,0,-48.3,0,101.2,0,-89.5,0,-42.9,0,-44.7,0,29.4,0,-57.3,0
824,146.5,0,-4.3,0,-317.3,0,85.2,0,108,0,23.5,0,8,0,68.8,0,119.1,0,-188.1,0,-36.7,0,28,0,-81.3,0,37.1,0,70.5,0,-132.4,0,141.3,0,-162.1,0,107,0,-137.8,0,55.9,0,-40.8,0,50.6,0,-72.5,0,40.1,0,34.8,0,-41.1,0,10.2,0,159.1,0,-145.4,0,-49,0,102.2,0,-99.8,0,63.2,0,-29.4,0,181.7,0,-43.9,0,-21.3,0,-131,0,-43,0,-41.1,0,34.1,0,-10.8,0,-48.3,0,101.2,0,-89.5,0,-42.9,0,-44.7,0,29.4,0,-57.3,0,-60.4
825,0,-4.3,0,-317.3,0,85.2,0,108,0,23.5,0,8,0,68.8,0,119.1,0,-188.1,0,-36.7,0,28,0,-81.3,0,37.1,0,70.5,0,-132.4,0,141.3,0,-162.1,0,107,0,-137.8,0,55.9,0,-40.8,0,50.6,0,-72.5,0,40.1,0,34.8,0,-41.1,0,10.2,0,159.1,0,-145.4,0,-49,0,102.2,0,-99.8,0,63.2,0,-29.4,0,181.7,0,-43.9,0,-21.3,0,-131,0,-43,0,-41.1,0,34.1,0,-10.8,0,-48.3,0,101.2,0,-89.5,0,-42.9,0,-44.7,0,29.4,0,-57.3,0,-60.4,0
826,-4.3,0,-317.3,0,85.2,0,108,0,23.5,0,8,0,68.8,0,119.1,0,-188.1,0,-36.7,0,28,0,-81.3,0,37.1,0,70.5,0,-132.4,0,141.3,0,-162.1,0,107,0,-137.8,0,55.9,0,-40.8,0,50.6,0,-72.5,0,40.1,0,34.8,0,-41.1,0,10.2,0,159.1,0,-145.4,0,-49,0,102.2,0,-99.8,0,63.2,0,-29.4,0,181.7,0,-43.9,0,-21.3,0,-131,0,-43,0,-41.1,0,34.1,0,-10.8,0,-48.3,0,101.2,0,-89.5,0,-42.9,0,-44.7,0,29.4,0,-57.3,0,-60.4,0,-19.7
827,0,-317.3,0,85.2,0,108,0,23.5,0,8,0,68.8,0,119.1,0,-188.1,0,-36.7,0,28,0,-81.3,0,37.1,0,70.5,0,-132.4,0,141.3,0,-162.1,0,107,0,-137.8,0,55.9,0,-40.8,0,50.6,0,-72.5,0,40.1,0,34.8,0,-41.1,0,10.2,0,159.1,0,-145.4,0,-49,0,102.2,0,-99.8,0,63.2,0,-29.4,0,181.7,0,-43.9,0,-21.3,0,-131,0,-43,0,-41.1,0,34.1,0,-10.8,0,-48.3,0,101.2,0,-89.5,0,-42.9,0,-44.7,0,29.4,0,-57.3,0,-60.4,0,-19.7,0
828,-317.3,0,85.2,0,108,0,23.5,0,8,0,68.8,0,119.1,0,-188.1,0,-36.7,0,28,0,-81.3,0,37.1,0,70.5,0,-132.4,0,141.3,0,-162.1,0,107,0,-137.8,0,55.9,0,-40.8,0,50.6,0,-72.5,0,40.1,0,34.8,0,-41.1,0,10.2,0,159.1,0,-145.4,0,-49,0,102.2,0,-99.8,0,63.2,0,-29.4,0,181.7,0,-43.9,0,-21.3,0,-131,0,-43,0,-41.1,0,34.1,0,-10.8,0,-48.3,0,101.2,0,-89.5,0,-42.9,0,-44.7,0,29.4,0,-57.3,0,-60.4,0,-19.7,0,-71.3
829,0,85.2,0,108,0,23.5,0,8,0,68.8,0,119.1,0,-188.1,0,-36.7,0,28,0,-81.3,0,37.1,0,70.5,0,-132.4,0,141.3,0,-162.1,0,107,0,-137.8,0,55.9,0,-40.8,0,50.6,0,-72.5,0,40.1,0,34.8,0,-41.1,0,10.2,0,159.1,0,-145.4,0,-49,0,102.2,0,-99.8,0,63.2,0,-29.4,0,181.7,0,-43.9,0,-21.3,0,-131,0,-43,0,-41.1,0,34.1,0,-10.8,0,-48.3,0,101.2,0,-89.5,0,-42.9,0,-44.7,0,29.4,0,-57.3,0,-60.4,0,-19.7,0,-71.3,0
830,85.2,0,108,0,23.5,0,8,0,68.8,0,119.1,0,-188.1,0,-36.7,0,28,0,-81.3,0,37.1,0,70.5,0,-132.4,0,141.3,0,-162.1,0,107,0,-137.8,0,55.9,0,-40.8,0,50.6,0,-72.5,0,40.1,0,34.8,0,-41.1,0,10.2,0,159.1,0,-145.4,0,-49,0,102.2,0,-99.8,0,63.2,0,-29.4,0,181.7,0,-43.9,0,-21.3,0,-131,0,-43,0,-41.1,0,34.1,0,-10.8,0,-48.3,0,101.2,0,-89.5,0,-42.9,0,-44.7,0,29.4,0,-57.3,0,-60.4,0,-19.7,0,-71.3,0,-43.7
831,0,108,0,23.5,0,8,0,68.8,0,119.1,0,-188.1,0,-36.7,0,28,0,-81.3,0,37.1,0,70.5,0,-132.4,0,141.3,0,-162.1,0,107,0,-137.8,0,55.9,0,-40.8,0,50.6,0,-72.5,0,40.1,0,34.8,0,-41.1,0,10.2,0,159.1,0,-145.4,0,-49,0,102.2,0,-99.8,0,63.2,0,-29.4,0,181.7,0,-43.9,0,-21.3,0,-131,0,-43,0,-41.1,0,34.1,0,-10.8,0,-48.3,0,101.2,0,-89.5,0,-42.9,0,-44.7,0,29.4,0,-57.3,0,-60.4,0,-19.7,0,-71.3,0,-43.7,0
832,108,0,23.5,0,8,0,68.8,0,119.1,0,-188.1,0,-36.7,0,28,0,-81.3,0,37.1,0,70.5,0,-132.4,0,141.3,0,-162.1,0,107,0,-137.8,0,55.9,0,-40.8,0,50.6,0,-72.5,0,40.1,0,34.8,0,-41.1,0,10.2,0,159.1,0,-145.4,0,-49,0,102.2,0,-99.8,0,63.2,0,-29.4,0,181.7,0,-43.9,0,-21.3,0,-131,0,-43,0,-41.1,0,34.1,0,-10.8,0,-48.3,0,101.2,0,-89.5,0,-42.9,0,-44.7,0,29.4,0,-57.3,0,-60.4,0,-19.7,0,-71.3,0,-43.7,0,-4.8
833,0,23.5,0,8,0,68.8,0,119.1,0,-188.1,0,-36.7,0,28,0,-81.3,0,37.1,0,70.5,0,-132.4,0,141.3,0,-162.1,0,107,0,-137.8,0,55.9,0,-40.8,0,50.6,0,-72.5,0,40.1,0,34.8,0,-41.1,0,10.2,0,159.1,0,-145.4,0,-49,0,102.2,0,-99.8,0,63.2,0,-29.4,0,181.7,0,-43.9,0,-21.3,0,-131,0,-43,0,-41.1,0,34.1,0,-10.8,0,-48.3,0,101.2,0,-89.5,0,-42.9,0,-44.7,0,29.4,0,-57.3,0,-60.4,0,-19.7,0,-71.3,0,-43.7,0,-4.8,0
834,23.5,0,8,0,68.8,0,119.1,0,-188.1,0,-36.7,0,28,0,-81.3,0,37.1,0,70.5,0,-132.4,0,141.3,0,-162.1,0,107,0,-137.8,0,55.9,0,-40.8,0,50.6,0,-72.5,0,40.1,0,34.8,0,-41.1,0,10.2,0,159.1,0,-145.4,0,-49,0,102.2,0,-99.8,0,63.2,0,-29.4,0,181.7,0,-43.9,0,-21.3,0,-131,0,-43,0,-41.1,0,34.1,0,-10.8,0,-48.3,0,101.2,0,-89.5,0,-42.9,0,-44.7,0,29.4,0,-57.3,0,-60.4,0,-19.7,0,-71.3,0,-43.7,0,-4.8,0,-14.8
835,0,8,0,68.8,0,119.1,0,-188.1,0,-36.7,0,28,0,-81.3,0,37.1,0,70.5,0,-132.4,0,141.3,0,-162.1,0,107,0,-137.8,0,55.9,0,-40.8,0,50.6,0,-72.5,0,40.1,0,34.8,0,-41.1,0,10.2,0,159.1,0,-145.4,0,-49,0,102.2,0,-99.8,0,63.2,0,-29.4,0,181.7,0,-43.9,0,-21.3,0,-131,0,-43,0,-41.1,0,34.1,0,-10.8,0,-48.3,0,101.2,0,-89.5,0,-42.9,0,-44.7,0,29.4,0,-57.3,0,-60.4,0,-19.7,0,-71.3,0,-43.7,0,-4.8,0,-14.8,0
836,8,0,68.8,0,119.1,0,-188.1,0,-36.7,0,28,0,-81.3,0,37.1,0,70.5,0,-132.4,0,141.3,0,-162.1,0,107,0,-137.8,0,55.9,0,-40.8,0,50.6,0,-72.5,0,40.1,0,34.8,0,-41.1,0,10.2,0,159.1,0,-145.4,0,-49,0,102.2,0,-99.8,0,63.2,0,-29.4,0,181.7,0,-43.9,0,-21.3,0,-131,0,-43,0,-41.1,0,34.1,0,-10.8,0,-48.3,0,101.2,0,-89.5,0,-42.9,0,-44.7,0,29.4,0,-57.3,0,-60.4,0,-19.7,0,-71.3,0,-43.7,0,-4.8,0,-14.8,0,99.2
837,0,68.8,0,119.1,0,-188.1,0,-36.7,0,28,0,-81.3,0,37.1,0,70.5,0,-132.4,0,141.3,0,-162.1,0,107,0,-137.8,0,55.9,0,-40.8,0,50.6,0,-72.5,0,40.1,0,34.8,0,-41.1,0,10.2,0,159.1,0,-145.4,0,-49,0,102.2,0,-99.8,0,63.2,0,-29.4,0,181.7,0,-43.9,0,-21.3,0,-131,0,-43,0,-41.1,0,34.1,0,-10.8,0,-48.3,0,101.2,0,-89.5,0,-42.9,0,-44.7,0,29.4,0,-57.3,0,-60.4,0,-19.7,0,-71.3,0,-43.7,0,-4.8,0,-14.8,0,99.2,0
838,68.8,0,119.1,0,-188.1,0,-36.7,0,28,0,-81.3,0,37.1,0,70.5,0,-132.4,0,141.3,0,-162.1,0,107,0,-137.8,0,55.9,0,-40.8,0,50.6,0,-72.5,0,40.1,0,34.8,0,-41.1,0,10.2,0,159.1,0,-145.4,0,-49,0,102.2,0,-99.8,0,63.2,0,-29.4,0,181.7,0,-43.9,0,-21.3,0,-131,0,-43,0,-41.1,0,34.1,0,-10.8,0,-48.3,0,101.2,0,-89.5,0,-42.9,0,-44.7,0,29.4,0,-57.3,0,-60.4,0,-19.7,0,-71.3,0,-43.7,0,-4.8,0,-14.8,0,99.2,0,130.1
839,0,119.1,0,-188.1,0,-36.7,0,28,0,-81.3,0,37.1,0,70.5,0,-132.4,0,141.3,0,-162.1,0,107,0,-137.8,0,55.9,0,-40.8,0,50.6,0,-72.5,0,40.1,0,34.8,0,-41.1,0,10.2,0,159.1,0,-145.4,0,-49,0,102.2,0,-99.8,0,63.2,0,-29.4,0,181.7,0,-43.9,0,-21.3,0,-131,0,-43,0,-41.1,0,34.1,0,-10.8,0,-48.3,0,101.2,0,-89.5,0,-42.9,0,-44.7,0,29.4,0,-57.3,0,-60.4,0,-19.7,0,-71.3,0,-43.7,0,-4.8,0,-14.8,0,99.2,0,130.1,0
840,119.1,0,-188.1,0,-36.7,0,28,0,-81.3,0,37.1,0,70.5,0,-132.4,0,141.3,0,-162.1,0,107,0,-137.8,0,55.9,0,-40.8,0,50.6,0,-72.5,0,40.1,0,34.8,0,-41.1,0,10.2,0,159.1,0,-145.4,0,-49,0,102.2,0,-99.8,0,63.2,0,-29.4,0,181.7,0,-43.9,0,-21.3,0,-131,0,-43,0,-41.1,0,34.1,0,-10.8,0,-48.3,0,101.2,0,-89.5,0,-42.9,0,-44.7,0,29.4,0,-57.3,0,-60.4,0,-19.7,0,-71.3,0,-43.7,0,-4.8,0,-14.8,0,99.2,0,130.1,0,-15.2
841,0,-188.1,0,-36.7,0,28,0,-81.3,0,37.1,0,70.5,0,-132.4,0,141.3,0,-162.1,0,107,0,-137.8,0,55.9,0,-40.8,0,50.6,0,-72.5,0,40.1,0,34.8,0,-41.1,0,10.2,0,159.1,0,-145.4,0,-49,0,102.2,0,-99.8,0,63.2,0,-29.4,0,181.7,0,-43.9,0,-21.3,0,-131,0,-43,0,-41.1,0,34.1,0,-10.8,0,-48.3,0,101.2,0,-89.5,0,-42.9,0,-44.7,0,29.4,0,-57.3,0,-60.4,0,-19.7,0,-71.3,0,-43.7,0,-4.8,0,-14.8,0,99.2,0,130.1,0,-15.2,0
842,-188.1,0,-36.7,0,28,0,-81.3,0,37.1,0,70.5,0,-132.4,0,141.3,0,-162.1,0,107,0,-137.8,0,55.9,0,-40.8,0,50.6,0,-72.5,0,40.1,0,34.8,0,-41.1,0,10.2,0,159.1,0,-145.4,0,-49,0,102.2,0,-99.8,0,63.2,0,-29.4,0,181.7,0,-43.9,0,-21.3,0,-131,0,-43,0,-41.1,0,34.1,0,-10.8,0,-48.3,0,101.2,0,-89.5,0,-42.9,0,-44.7,0,29.4,0,-57.3,0,-60.4,0,-19.7,0,-71.3,0,-43.7,0,-4.8,0,-14.8,0,99.2,0,130.1,0,-15.2,0,41.1
843,0,-36.7,0,28,0,-81.3,0,37.1,0,70.5,0,-132.4,0,141.3,0,-162.1,0,107,0,-137.8,0,55.9,0,-40.8,0,50.6,0,-72.5,0,40.1,0,34.8,0,-41.1,0,10.2,0,159.1,0,-145.4,0,-49,0,102.2,0,-99.8,0,63.2,0,-29.4,0,181.7,0,-43.9,0,-21.3,0,-131,0,-43,0,-41.1,0,34.1,0,-10.8,0,-48.3,0,101.2,0,-89.5,0,-42.9,0,-44.7,0,29.4,0,-57.3,0,-60.4,0,-19.7,0,-71.3,0,-43.7,0,-4.8,0,-14.8,0,99.2,0,130.1,0,-15.2,0,41.1,0
844,-36.7,0,28,0,-81.3,0,37.1,0,70.5,0,-132.4,0,141.3,0,-162.1,0,107,0,-137.8,0,55.9,0,-40.8,0,50.6,0,-72.5,0,40.1,0,34.8,0,-41.1,0,10.2,0,159.1,0,-145.4,0,-49,0,102.2,0,-99.8,0,63.2,0,-29.4,0,181.7,0,-43.9,0,-21.3,0,-131,0,-43,0,-41.1,0,34.1,0,-10.8,0,-48.3,0,101.2,0,-89.5,0,-42.9,0,-44.7,0,29.4,0,-57.3,0,-60.4,0,-19.7,0,-71.3,0,-43.7,0,-4.8,0,-14.8,0,99.2,0,130.1,0,-15.2,0,41.1,0,7.8
845,0,28,0,-81.3,0,37.1,0,70.5,0,-132.4,0,141.3,0,-162.1,0,107,0,-137.8,0,55.9,0,-40.8,0,50.6,0,-72.5,0,40.1,0,34.8,0,-41.1,0,10.2,0,159.1,0,-145.4,0,-49,0,102.2,0,-99.8,0,63.2,0,-29.4,0,181.7,0,-43.9,0,-21.3,0,-131,0,-43,0,-41.1,0,34.1,0,-10.8,0,-48.3,0,101.2,0,-89.5,0,-42.9,0,-44.7,0,29.4,0,-57.3,0,-60.4,0,-19.7,0,-71.3,0,-43.7,0,-4.8,0,-14.8,0,99.2,0,130.1,0,-15.2,0,41.1,0,7.8,0
846,28,0,-81.3,0,37.1,0,70.5,0,-132.4,0,141.3,0,-162.1,0,107,0,-137.8,0,55.9,0,-40.8,0,50.6,0,-72.5,0,40.1,0,34.8,0,-41.1,0,10.2,0,159.1,0,-145.4,0,-49,0,102.2,0,-99.8,0,63.2,0,-29.4,0,181.7,0,-43.9,0,-21.3,0,-131,0,-43,0,-41.1,0,34.1,0,-10.8,0,-48.3,0,101.2,0,-89.5,0,-42.9,0,-44.7,0,29.4,0,-57.3,0,-60.4,0,-19.7,0,-71.3,0,-43.7,0,-4.8,0,-14.8,0,99.2,0,130.1,0,-15.2,0,41.1,0,7.8,0,84.4
847,0,-81.3,0,37.1,0,70.5,0,-132.4,0,141.3,0,-162.1,0,107,0,-137.8,0,55.9,0,-40.8,0,50.6,0,-72.5,0,40.1,0,34.8,0,-41.1,0,10.2,0,159.1,0,-145.4,0,-49,0,102.2,0,-99.8,0,63.2,0,-29.4,0,181.7,0,-43.9,0,-21.3,0,-131,0,-43,0,-41.1,0,34.1,0,-10.8,0,-48.3,0,101.2,0,-89.5,0,-42.9,0,-44.7,0,29.4,0,-57.3,0,-60.4,0,-19.7,0,-71.3,0,-43.7,0,-4.8,0,-14.8,0,99.2,0,130.1,0,-15.2,0,41.1,0,7.8,0,84.4,0
848,-81.3,0,37.1,0,70.5,0,-132.4,0,141.3,0,-162.1,0,107,0,-137.8,0,55.9,0,-40.8,0,50.6,0,-72.5,0,40.1,0,34.8,0,-41.1,0,10.2,0,159.1,0,-145.4,0,-49,0,102.2,0,-99.8,0,63.2,0,-29.4,0,181.7,0,-43.9,0,-21.3,0,-131,0,-43,0,-41.1,0,34.1,0,-10.8,0,-48.3,0,101.2,0,-89.5,0,-42.9,0,-44.7,0,29.4,0,-57.3,0,-60.4,0,-19.7,0,-71.3,0,-43.7,0,-4.8,0,-14.8,0,99.2,0,130.1,0,-15.2,0,41.1,0,7.8,0,84.4,0,24
849,0,37.1,0,70.5,0,-132.4,0,141.3,0,-162.1,0,107,0,-137.8,0,55.9,0,-40.8,0,50.6,0,-72.5,0,40.1,0,34.8,0,-41.1,0,10.2,0,159.1,0,-145.4,0,-49,0,102.2,0,-99.8,0,63.2,0,-29.4,0,181.7,0,-43.9,0,-21.3,0,-131,0,-43,0,-41.1,0,34.1,0,-10.8,0,-48.3,0,101.2,0,-89.5,0,-42.9,0,-44.7,0,29.4,0,-57.3,0,-60.4,0,-19.7,0,-71.3,0,-43.7,0,-4.8,0,-14.8,0,99.2,0,130.1,0,-15.2,0,41.1,0,7.8,0,84.4,0,24,0
850,37.1,0,70.5,0,-132.4,0,141.3,0,-162.1,0,107,0,-137.8,0,55.9,0,-40.8,0,50.6,0,-72.5,0,40.1,0,34.8,0,-41.1,0,10.2,0,159.1,0,-145.4,0,-49,0,102.2,0,-99.8,0,63.2,0,-29.4,0,181.7,0,-43.9,0,-21.3,0,-131,0,-43,0,-41.1,0,34.1,0,-10.8,0,-48.3,0,101.2,0,-89.5,0,-42.9,0,-44.7,0,29.4,0,-57.3,0,-60.4,0,-19.7,0,-71.3,0,-43.7,0,-4.8,0,-14.8,0,99.2,0,130.1,0,-15.2,0,41.1,0,7.8,0,84.4,0,24,0,4.4
851,0,70.5,0,-132.4,0,141.3,0,-162.1,0,107,0,-137.8,0,55.9,0,-40.8,0,50.6,0,-72.5,0,40.1,0,34.8,0,-41.1,0,10.2,0,159.1,0,-145.4,0,-49,0,102.2,0,-99.8,0,63.2,0,-29.4,0,181.7,0,-43.9,0,-21.3,0,-131,0,-43,0,-41.1,0,34.1,0,-10.8,0,-48.3,0,101.2,0,-89.5,0,-42.9,0,-44.7,0,29.4,0,-57.3,0,-60.4,0,-19.7,0,-71.3,0,-43.7,0,-4.8,0,-14.8,0,99.2,0,130.1,0,-15.2,0,41.1,0,7.8,0,84.4,0,24,0,4.4,0
852,70.5,0,-132.4,0,141.3,0,-162.1,0,107,0,-137.8,0,55.9,0,-40.8,0,50.6,0,-72.5,0,40.1,0,34.8,0,-41.1,0,10.2,0,159.1,0,-145.4,0,-49,0,102.2,0,-99.8,0,63.2,0,-29.4,0,181.7,0,-43.9,0,-21.3,0,-131,0,-43,0,-41.1,0,34.1,0,-10.8,0,-48.3,0,101.2,0,-89.5,0,-42.9,0,-44.7,0,29.4,0,-57.3,0,-60.4,0,-19.7,0,-71.3,0,-43.7,0,-4.8,0,-14.8,0,99.2,0,130.1,0,-15.2,0,41.1,0,7.8,0,84.4,0,24,0,4.4,0,-112.9
853,0,-132.4,0,141.3,0,-162.1,0,107,0,-137.8,0,55.9,0,-40.8,0,50.6,0,-72.5,0,40.1,0,34.8,0,-41.1,0,10.2,0,159.1,0,-145.4,0,-49,0,102.2,0,-99.8,0,63.2,0,-29.4,0,181.7,0,-43.9,0,-21.3,0,-131,0,-43,0,-41.1,0,34.1,0,-10.8,0,-48.3,0,101.2,0,-89.5,0,-42.9,0,-44.7,0,29.4,0,-57.3,0,-60.4,0,-19.7,0,-71.3,0,-43.7,0,-4.8,0,-14.8,0,99.2,0,130.1,0,-15.2,0,41.1,0,7.8,0,84.4,0,24,0,4.4,0,-112.9,0
854,-132.4,0,141.3,0,-162.1,0,107,0,-137.8,0,55.9,0,-40.8,0,50.6,0,-72.5,0,40.1,0,34.8,0,-41.1,0,10.2,0,159.1,0,-145.4,0,-49,0,102.2,0,-99.8,0,63.2,0,-29.4,0,181.7,0,-43.9,0,-21.3,0,-131,0,-43,0,-41.1,0,34.1,0,-10.8,0,-48.3,0,101.2,0,-89.5,0,-42.9,0,-44.7,0,29.4,0,-57.3,0,-60.4,0,-19.7,0,-71.3,0,-43.7,0,-4.8,0,-14.8,0,99.2,0,130.1,0,-15.2,0,41.1,0,7.8,0,84.4,0,24,0,4.4,0,-112.9,0,-28.7
855,0,141.3,0,-162.1,0,107,0,-137.8,0,55.9,0,-40.8,0,50.6,0,-72.5,0,40.1,0,34.8,0,-41.1,0,10.2,0,159.1,0,-145.4,0,-49,0,102.2,0,-99.8,0,63.2,0,-29.4,0,181.7,0,-43.9,0,-21.3,0,-131,0,-43,0,-41.1,0,34.1,0,-10.8,0,-48.3,0,101.2,0,-89.5,0,-42.9,0,-44.7,0,29.4,0,-57.3,0,-60.4,0,-19.7,0,-71.3,0,-43.7,0,-4.8,0,-14.8,0,99.2,0,130.1,0,-15.2,0,41.1,0,7.8,0,84.4,0,24,0,4.4,0,-112.9,0,-28.7,0
856,141.3,0,-162.1,0,107,0,-137.8,0,55.9,0,-40.8,0,50.6,0,-72.5,0,40.1,0,34.8,0,-41.1,0,10.2,0,159.1,0,-145.4,0,-49,0,102.2,0,-99.8,0,63.2,0,-29.4,0,181.7,0,-43.9,0,-21.3,0,-131,0,-43,0,-41.1,0,34.1,0,-10.8,0,-48.3,0,101.2,0,-89.5,0,-42.9,0,-44.7,0,29.4,0,-57.3,0,-60.4,0,-19.7,0,-71.3,0,-43.7,0,-4.8,0,-14.8,0,99.2,0,130.1,0,-15.2,0,41.1,0,7.8,0,84.4,0,24,0,4.4,0,-112.9,0,-28.7,0,12.6
857,0,-162.1,0,107,0,-137.8,0,55.9,0,-40.8,0,50.6,0,-72.5,0,40.1,0,34.8,0,-41.1,0,10.2,0,159.1,0,-145.4,0,-49,0,102.2,0,-99.8,0,63.2,0,-29.4,0,181.7,0,-43.9,0,-21.3,0,-131,0,-43,0,-41.1,0,34.1,0,-10.8,0,-48.3,0,101.2,0,-89.5,0,-42.9,0,-44.7,0,29.4,0,-57.3,0,-60.4,0,-19.7,0,-71.3,0,-43.7,0,-4.8,0,-14.8,0,99.2,0,130.1,0,-15.2,0,41.1,0,7.8,0,84.4,0,24,0,4.4,0,-112.9,0,-28.7,0,12.6,0
858,-162.1,0,107,0,-137.8,0,55.9,0,-40.8,0,50.6,0,-72.5,0,40.1,0,34.8,0,-41.1,0,10.2,0,159.1,0,-145.4,0,-49,0,102.2,0,-99.8,0,63.2,0,-29.4,0,181.7,0,-43.9,0,-21.3,0,-131,0,-43,0,-41.1,0,34.1,0,-10.8,0,-48.3,0,101.2,0,-89.5,0,-42.9,0,-44.7,0,29.4,0,-57.3,0,-60.4,0,-19.7,0,-71.3,0,-43.7,0,-4.8,0,-14.8,0,99.2,0,130.1,0,-15.2,0,41.1,0,7.8,0,84.4,0,24,0,4.4,0,-112.9,0,-28.7,0,12.6,0,9.5
859,0,107,0,-137.8,0,55.9,0,-40.8,0,50.6,0,-72.5,0,40.1,0,34.8,0,-41.1,0,10.2,0,159.1,0,-145.4,0,-49,0,102.2,0,-99.8,0,63.2,0,-29.4,0,181.7,0,-43.9,0,-21.3,0,-131,0,-43,0,-41.1,0,34.1,0,-10.8,0,-48.3,0,101.2,0,-89.5,0,-42.9,0,-44.7,0,29.4,0,-57.3,0,-60.4,0,-19.7,0,-71.3,0,-43.7,0,-4.8,0,-14.8,0,99.2,0,130.1,0,-15.2,0,41.1,0,7.8,0,84.4,0,24,0,4.4,0,-112.9,0,-28.7,0,12.6,0,9.5,0
860,107,0,-137.8,0,55.9,0,-40.8,0,50.6,0,-72.5,0,40.1,0,34.8,0,-41.1,0,10.2,0,159.1,0,-145.4,0,-49,0,102.2,0,-99.8,0,63.2,0,-29.4,0,181.7,0,-43.9,0,-21.3,0,-131,0,-43,0,-41.1,0,34.1,0,-10.8,0,-48.3,0,101.2,0,-89.5,0,-42.9,0,-44.7,0,29.4,0,-57.3,0,-60.4,0,-19.7,0,-71.3,0,-43.7,0,-4.8,0,-14.8,0,99.2,0,130.1,0,-15.2,0,41.1,0,7.8,0,84.4,0,24,0,4.4,0,-112.9,0,-28.7,0,12.6,0,9.5,0,76.5
861,0,-137.8,0,55.9,0,-40.8,0,50.6,0,-72.5,0,40.1,0,34.8,0,-41.1,0,10.2,0,159.1,0,-145.4,0,-49,0,102.2,0,-99.8,0,63.2,0,-29.4,0,181.7,0,-43.9,0,-21.3,0,-131,0,-43,0,-41.1,0,34.1,0,-10.8,0,-48.3,0,101.2,0,-89.5,0,-42.9,0,-44.7,0,29.4,0,-57.3,0,-60.4,0,-19.7,0,-71.3,0,-43.7,0,-4.8,0,-14.8,0,99.2,0,130.1,0,-15.2,0,41.1,0,7.8,0,84.4,0,24,0,4.4,0,-112.9,0,-28.7,0,12.6,0,9.5,0,76.5,0
862,-137.8,0,55.9,0,-40.8,0,50.6,0,-72.5,0,40.1,0,34.8,0,-41.1,0,10.2,0,159.1,0,-145.4,0,-49,0,102.2,0,-99.8,0,63.2,0,-29.4,0,181.7,0,-43.9,0,-21.3,0,-131,0,-43,0,-41.1,0,34.1,0,-10.8,0,-48.3,0,101.2,0,-89.5,0,-42.9,0,-44.7,0,29.4,0,-57.3,0,-60.4,0,-19.7,0,-71.3,0,-43.7,0,-4.8,0,-14.8,0,99.2,0,130.1,0,-15.2,0,41.1,0,7.8,0,84.4,0,24,0,4.4,0,-112.9,0,-28.7,0,12.6,0,9.5,0,76.5,0,-71.8
863,0,55.9,0,-40.8,0,50.6,0,-72.5,0,40.1,0,34.8,0,-41.1,0,10.2,0,159.1,0,-145.4,0,-49,0,102.2,0,-99.8,0,63.2,0,-29.4,0,181.7,0,-43.9,0,-21.3,0,-131,0,-43,0,-41.1,0,34.1,0,-10.8,0,-48.3,0,101.2,0,-89.5,0,-42.9,0,-44.7,0,29.4,0,-57.3,0,-60.4,0,-19.7,0,-71.3,0,-43.7,0,-4.8,0,-14.8,0,99.2,0,130.1,0,-15.2,0,41.1,0,7.8,0,84.4,0,24,0,4.4,0,-112.9,0,-28.7,0,12.6,0,9.5,0,76.5,0,-71.8,0
864,55.9,0,-40.8,0,50.6,0,-72.5,0,40.1,0,34.8,0,-41.1,0,10.2,0,159.1,0,-145.4,0,-49,0,102.2,0,-99.8,0,63.2,0,-29.4,0,181.7,0,-43.9,0,-21.3,0,-131,0,-43,0,-41.1,0,34.1,0,-10.8,0,-48.3,0,101.2,0,-89.5,0,-42.9,0,-44.7,0,29.4,0,-57.3,0,-60.4,0,-19.7,0,-71.3,0,-43.7,0,-4.8,0,-14.8,0,99.2,0,130.1,0,-15.2,0,41.1,0,7.8,0,84.4,0,24,0,4.4,0,-112.9,0,-28.7,0,12.6,0,9.5,0,76.5,0,-71.8,0,31
865,0,-40.8,0,50.6,0,-72.5,0,40.1,0,34.8,0,-41.1,0,10.2,0,159.1,0,-145.4,0,-49,0,102.2,0,-99.8,0,63.2,0,-29.4,0,181.7,0,-43.9,0,-21.3,0,-131,0,-43,0,-41.1,0,34.1,0,-10.8,0,-48.3,0,101.2,0,-89.5,0,-42.9,0,-44.7,0,29.4,0,-57.3,0,-60.4,0,-19.7,0,-71.3,0,-43.7,0,-4.8,0,-14.8,0,99.2,0,130.1,0,-15.2,0,41.1,0,7.8,0,84.4,0,24,0,4.4,0,-112.9,0,-28.7,0,12.6,0,9.5,0,76.5,0,-71.8,0,31,0
866,-40.8,0,50.6,0,-72.5,0,40.1,0,34.8,0,-41.1,0,10.2,0,159.1,0,-145.4,0,-49,0,102.2,0,-99.8,0,63.2,0,-29.4,0,181.7,0,-43.9,0,-21.3,0,-131,0,-43,0,-41.1,0,34.1,0,-10.8,0,-48.3,0,101.2,0,-89.5,0,-42.9,0,-44.7,0,29.4,0,-57.3,0,-60.4,0,-19.7,0,-71.3,0,-43.7,0,-4.8,0,-14.8,0,99.2,0,130.1,0,-15.2,0,41.1,0,7.8,0,84.4,0,24,0,4.4,0,-112.9,0,-28.7,0,12.6,0,9.5,0,76.5,0,-71.8,0,31,0,-39.2
867,0,50.6,0,-72.5,0,40.1,0,34.8,0,-41.1,0,10.2,0,159.1,0,-145.4,0,-49,0,102.2,0,-99.8,0,63.2,0,-29.4,0,181.7,0,-43.9,0,-21.3,0,-131,0,-43,0,-41.1,0,34.1,0,-10.8,0,-48.3,0,101.2,0,-89.5,0,-42.9,0,-44.7,0,29.4,0,-57.3,0,-60.4,0,-19.7,0,-71.3,0,-43.7,0,-4.8,0,-14.8,0,99.2,0,130.1,0,-15.2,0,41.1,0,7.8,0,84.4,0,24,0,4.4,0,-112.9,0,-28.7,0,12.6,0,9.5,0,76.5,0,-71.8,0,31,0,-39.2,0
868,50.6,0,-72.5,0,40.1,0,34.8,0,-41.1,0,10.2,0,159.1,0,-145.4,0,-49,0,102.2,0,-99.8,0,63.2,0,-29.4,0,181.7,0,-43.9,0,-21.3,0,-131,0,-43,0,-41.1,0,34.1,0,-10.8,0,-48.3,0,101.2,0,-89.5,0,-42.9,0,-44.7,0,29.4,0,-57.3,0,-60.4,0,-19.7,0,-71.3,0,-43.7,0,-4.8,0,-14.8,0,99.2,0,130.1,0,-15.2,0,41.1,0,7.8,0,84.4,0,24,0,4.4,0,-112.9,0,-28.7,0,12.6,0,9.5,0,76.5,0,-71.8,0,31,0,-39.2,0,29.5
869,0,-72.5,0,40.1,0,34.8,0,-41.1,0,10.2,0,159.1,0,-145.4,0,-49,0,102.2,0,-99.8,0,63.2,0,-29.4,0,181.7,0,-43.9,0,-21.3,0,-131,0,-43,0,-41.1,0,34.1,0,-10.8,0,-48.3,0,101.2,0,-89.5,0,-42.9,0,-44.7,0,29.4,0,-57.3,0,-60.4,0,-19.7,0,-71.3,0,-43.7,0,-4.8,0,-14.8,0,99.2,0,130.1,0,-15.2,0,41.1,0,7.8,0,84.4,0,24,0,4.4,0,-112.9,0,-28.7,0,12.6,0,9.5,0,76.5,0,-71.8,0,31,0,-39.2,0,29.5,0
870,-72.5,0,40.1,0,34.8,0,-41.1,0,10.2,0,159.1,0,-145.4,0,-49,0,102.2,0,-99.8,0,63.2,0,-29.4,0,181.7,0,-43.9,0,-21.3,0,-131,0,-43,0,-41.1,0,34.1,0,-10.8,0,-48.3,0,101.2,0,-89.5,0,-42.9,0,-44.7,0,29.4,0,-57.3,0,-60.4,0,-19.7,0,-71.3,0,-43.7,0,-4.8,0,-14.8,0,99.2,0,130.1,0,-15.2,0,41.1,0,7.8,0,84.4,0,24,0,4.4,0,-112.9,0,-28.7,0,12.6,0,9.5,0,76.5,0,-71.8,0,31,0,-39.2,0,29.5,0,-44.7
871,0,40.1,0,34.8,0,-41.1,0,10.2,0,159.1,0,-145.4,0,-49,0,102.2,0,-99.8,0,63.2,0,-29.4,0,181.7,0,-43.9,0,-21.3,0,-131,0,-43,0,-41.1,0,34.1,0,-10.8,0,-48.3,0,101.2,0,-89.5,0,-42.9,0,-44.7,0,29.4,0,-57.3,0,-60.4,0,-19.7,0,-71.3,0,-43.7,0,-4.8,0,-14.8,0,99.2,0,130.1,0,-15.2,0,41.1,0,7.8,0,84.4,0,24,0,4.4,0,-112.9,0,-28.7,0,12.6,0,9.5,0,76.5,0,-71.8,0,31,0,-39.2,0,29.5,0,-44.7,0
872,40.1,0,34.8,0,-41.1,0,10.2,0,159.1,0,-145.4,0,-49,0,102.2,0,-99.8,0,63.2,0,-29.4,0,181.7,0,-43.9,0,-21.3,0,-131,0,-43,0,-41.1,0,34.1,0,-10.8,0,-48.3,0,101.2,0,-89.5,0,-42.9,0,-44.7,0,29.4,0,-57.3,0,-60.4,0,-19.7,0,-71.3,0,-43.7,0,-4.8,0,-14.8,0,99.2,0,130.1,0,-15.2,0,41.1,0,7.8,0,84.4,0,24,0,4.4,0,-112.9,0,-28.7,0,12.6,0,9.5,0,76.5,0,-71.8,0,31,0,-39.2,0,29.5,0,-44.7,0,32.8
873,0,34.8,0,-41.1,0,10.2,0,159.1,0,-145.4,0,-49,0,102.2,0,-99.8,0,63.2,0,-29.4,0,181.7,0,-43.9,0,-21.3,0,-131,0,-43,0,-41.1,0,34.1,0,-10.8,0,-48.3,0,101.2,0,-89.5,0,-42.9,0,-44.7,0,29.4,0,-57.3,0,-60.4,0,-19.7,0,-71.3,0,-43.7,0,-4.8,0,-14.8,0,99.2,0,130.1,0,-15.2,0,41.1,0,7.8,0,84.4,0,24,0,4.4,0,-112.9,0,-28.7,0,12.6,0,9.5,0,76.5,0,-71.8,0,31,0,-39.2,0,29.5,0,-44.7,0,32.8,0
874,34.8,0,-41.1,0,10.2,0,159.1,0,-145.4,0,-49,0,102.2,0,-99.8,0,63.2,0,-29.4,0,181.7,0,-43.9,0,-21.3,0,-131,0,-43,0,-41.1,0,34.1,0,-10.8,0,-48.3,0,101.2,0,-89.5,0,-42.9,0,-44.7,0,29.4,0,-57.3,0,-60.4,0,-19.7,0,-71.3,0,-43.7,0,-4.8,0,-14.8,0,99.2,0,130.1,0,-15.2,0,41.1,0,7.8,0,84.4,0,24,0,4.4,0,-112.9,0,-28.7,0,12.6,0,9.5,0,76.5,0,-71.8,0,31,0,-39.2,0,29.5,0,-44.7,0,32.8,0,-8.5
875,0,-41.1,0,10.2,0,159.1,0,-145.4,0,-49,0,102.2,0,-99.8,0,63.2,0,-29.4,0,181.7,0,-43.9,0,-21.3,0,-131,0,-43,0,-41.1,0,34.1,0,-10.8,0,-48.3,0,101.2,0,-89.5,0,-42.9,0,-44.7,0,29.4,0,-57.3,0,-60.4,0,-19.7,0,-71.3,0,-43.7,0,-4.8,0,-14.8,0,99.2,0,130.1,0,-15.2,0,41.1,0,7.8,0,84.4,0,24,0,4.4,0,-112.9,0,-28.7,0,12.6,0,9.5,0,76.5,0,-71.8,0,31,0,-39.2,0,29.5,0,-44.7,0,32.8,0,-8.5,0
876,-41.1,0,10.2,0,159.1,0,-145.4,0,-49,0,102.2,0,-99.8,0,63.2,0,-29.4,0,181.7,0,-43.9,0,-21.3,0,-131,0,-43,0,-41.1,0,34.1,0,-10.8,0,-48.3,0,101.2,0,-89.5,0,-42.9,0,-44.7,0,29.4,0,-57.3,0,-60.4,0,-19.7,0,-71.3,0,-43.7,0,-4.8,0,-14.8,0,99.2,0,130.1,0,-15.2,0,41.1,0,7.8,0,84.4,0,24,0,4.4,0,-112.9,0,-28.7,0,12.6,0,9.5,0,76.5,0,-71.8,0,31,0,-39.2,0,29.5,0,-44.7,0,32.8,0,-8.5,0,49.1
877,0,10.2,0,159.1,0,-145.4,0,-49,0,102.2,0,-99.8,0,63.2,0,-29.4,0,181.7,0,-43.9,0,-21.3,0,-131,0,-43,0,-41.1,0,34.1,0,-10.8,0,-48.3,0,101.2,0,-89.5,0,-42.9,0,-44.7,0,29.4,0,-57.3,0,-60.4,0,-19.7,0,-71.3,0,-43.7,0,-4.8,0,-14.8,0,99.2,0,130.1,0,-15.2,0,41.1,0,7.8,0,84.4,0,24,0,4.4,0,-112.9,0,-28.7,0,12.6,0,9.5,0,76.5,0,-71.8,0,31,0,-39.2,0,29.5,0,-44.7,0,32.8,0,-8.5,0,49.1,0
878,10.2,0,159.1,0,-145.4,0,-49,0,102.2,0,-99.8,0,63.2,0,-29.4,0,181.7,0,-43.9,0,-21.3,0,-131,0,-43,0,-41.1,0,34.1,0,-10.8,0,-48.3,0,101.2,0,-89.5,0,-42.9,0,-44.7,0,29.4,0,-57.3,0,-60.4,0,-19.7,0,-71.3,0,-43.7,0,-4.8,0,-14.8,0,99.2,0,130.1,0,-15.2,0,41.1,0,7.8,0,84.4,0,24,0,4.4,0,-112.9,0,-28.7,0,12.6,0,9.5,0,76.5,0,-71.8,0,31,0,-39.2,0,29.5,0,-44.7,0,32.8,0,-8.5,0,49.1,0,-36.5
879,0,159.1,0,-145.4,0,-49,0,102.2,0,-99.8,0,63.2,0,-29.4,0,181.7,0,-43.9,0,-21.3,0,-131,0,-43,0,-41.1,0,34.1,0,-10.8,0,-48.3,0,101.2,0,-89.5,0,-42.9,0,-44.7,0,29.4,0,-57.3,0,-60.4,0,-19.7,0,-71.3,0,-43.7,0,-4.8,0,-14.8,0,99.2,0,130.1,0,-15.2,0,41.1,0,7.8,0,84.4,0,24,0,4.4,0,-112.9,0,-28.7,0,12.6,0,9.5,0,76.5,0,-71.8,0,31,0,-39.2,0,29.5,0,-44.7,0,32.8,0,-8.5,0,49.1,0,-36.5,0
880,159.1,0,-145.4,0,-49,0,102.2,0,-99.8,0,63.2,0,-29.4,0,181.7,0,-43.9,0,-21.3,0,-131,0,-43,0,-41.1,0,34.1,0,-10.8,0,-48.3,0,101.2,0,-89.5,0,-42.9,0,-44.7,0,29.4,0,-57.3,0,-60.4,0,-19.7,0,-71.3,0,-43.7,0,-4.8,0,-14.8,0,99.2,0,130.1,0,-15.2,0,41.1,0,7.8,0,84.4,0,24,0,4.4,0,-112.9,0,-28.7,0,12.6,0,9.5,0,76.5,0,-71.8,0,31,0,-39.2,0,29.5,0,-44.7,0,32.8,0,-8.5,0,49.1,0,-36.5,0,-22.6
881,0,-145.4,0,-49,0,102.2,0,-99.8,0,63.2,0,-29.4,0,181.7,0,-43.9,0,-21.3,0,-131,0,-43,0,-41.1,0,34.1,0,-10.8,0,-48.3,0,101.2,0,-89.5,0,-42.9,0,-44.7,0,29.4,0,-57.3,0,-60.4,0,-19.7,0,-71.3,0,-43.7,0,-4.8,0,-14.8,0,99.2,0,130.1,0,-15.2,0,41.1,0,7.8,0,84.4,0,24,0,4.4,0,-112.9,0,-28.7,0,12.6,0,9.5,0,76.5,0,-71.8,0,31,0,-39.2,0,29.5,0,-44.7,0,32.8,0,-8.5,0,49.1,0,-36.5,0,-22.6,0
882,-145.4,0,-49,0,102.2,0,-99.8,0,63.2,0,-29.4,0,181.7,0,-43.9,0,-21.3,0,-131,0,-43,0,-41.1,0,34.1,0,-10.8,0,-48.3,0,101.2,0,-89.5,0,-42.9,0,-44.7,0,29.4,0,-57.3,0,-60.4,0,-19.7,0,-71.3,0,-43.7,0,-4.8,0,-14.8,0,99.2,0,130.1,0,-15.2,0,41.1,0,7.8,0,84.4,0,24,0,4.4,0,-112.9,0,-28.7,0,12.6,0,9.5,0,76.5,0,-71.8,0,31,0,-39.2,0,29.5,0,-44.7,0,32.8,0,-8.5,0,49.1,0,-36.5,0,-22.6,0,-22.3
883,0,-49,0,102.2,0,-99.8,0,63.2,0,-29.4,0,181.7,0,-43.9,0,-21.3,0,-131,0,-43,0,-41.1,0,34.1,0,-10.8,0,-48.3,0,101.2,0,-89.5,0,-42.9,0,-44.7,0,29.4,0,-57.3,0,-60.4,0,-19.7,0,-71.3,0,-43.7,0,-4.8,0,-14.8,0,99.2,0,130.1,0,-15.2,0,41.1,0,7.8,0,84.4,0,24,0,4.4,0,-112.9,0,-28.7,0,12.6,0,9.5,0,76.5,0,-71.8,0,31,0,-39.2,0,29.5,0,-44.7,0,32.8,0,-8.5,0,49.1,0,-36.5,0,-22.6,0,-22.3,0
884,-49,0,102.2,0,-99.8,0,63.2,0,-29.4,0,181.7,0,-43.9,0,-21.3,0,-131,0,-43,0,-41.1,0,34.1,0,-10.8,0,-48.3,0,101.2,0,-89.5,0,-42.9,0,-44.7,0,29.4,0,-57.3,0,-60.4,0,-19.7,0,-71.3,0,-43.7,0,-4.8,0,-14.8,0,99.2,0,130.1,0,-15.2,0,41.1,0,7.8,0,84.4,0,24,0,4.4,0,-112.9,0,-28.7,0,12.6,0,9.5,0,76.5,0,-71.8,0,31,0,-39.2,0,29.5,0,-44.7,0,32.8,0,-8.5,0,49.1,0,-36.5,0,-22.6,0,-22.3,0,94.7
885,0,102.2,0,-99.8,0,63.2,0,-29.4,0,181.7,0,-43.9,0,-21.3,0,-131,0,-43,0,-41.1,0,34.1,0,-10.8,0,-48.3,0,101.2,0,-89.5,0,-42.9,0,-44.7,0,29.4,0,-57.3,0,-60.4,0,-19.7,0,-71.3,0,-43.7,0,-4.8,0,-14.8,0,99.2,0,130.1,0,-15.2,0,41.1,0,7.8,0,84.4,0,24,0,4.4,0,-112.9,0,-28.7,0,12.6,0,9.5,0,76.5,0,-71.8,0,31,0,-39.2,0,29.5,0,-44.7,0,32.8,0,-8.5,0,49.1,0,-36.5,0,-22.6,0,-22.3,0,94.7,0
886,102.2,0,-99.8,0,63.2,0,-29.4,0,181.7,0,-43.9,0,-21.3,0,-131,0,-43,0,-41.1,0,34.1,0,-10.8,0,-48.3,0,101.2,0,-89.5,0,-42.9,0,-44.7,0,29.4,0,-57.3,0,-60.4,0,-19.7,0,-71.3,0,-43.7,0,-4.8,0,-14.8,0,99.2,0,130.1,0,-15.2,0,41.1,0,7.8,0,84.4,0,24,0,4.4,0,-112.9,0,-28.7,0,12.6,0,9.5,0,76.5,0,-71.8,0,31,0,-39.2,0,29.5,0,-44.7,0,32.8,0,-8.5,0,49.1,0,-36.5,0,-22.6,0,-22.3,0,94.7,0,-126.1
887,0,-99.8,0,63.2,0,-29.4,0,181.7,0,-43.9,0,-21.3,0,-131,0,-43,0,-41.1,0,34.1,0,-10.8,0,-48.3,0,101.2,0,-89.5,0,-42.9,0,-44.7,0,29.4,0,-57.3,0,-60.4,0,-19.7,0,-71.3,0,-43.7,0,-4.8,0,-14.8,0,99.2,0,130.1,0,-15.2,0,41.1,0,7.8,0,84.4,0,24,0,4.4,0,-112.9,0,-28.7,0,12.6,0,9.5,0,76.5,0,-71.8,0,31,0,-39.2,0,29.5,0,-44.7,0,32.8,0,-8.5,0,49.1,0,-36.5,0,-22.6,0,-22.3,0,94.7,0,-126.1,0
888,-99.8,0,63.2,0,-29.4,0,181.7,0,-43.9,0,-21.3,0,-131,0,-43,0,-41.1,0,34.1,0,-10.8,0,-48.3,0,101.2,0,-89.5,0,-42.9,0,-44.7,0,29.4,0,-57.3,0,-60.4,0,-19.7,0,-71.3,0,-43.7,0,-4.8,0,-14.8,0,99.2,0,130.1,0,-15.2,0,41.1,0,7.8,0,84.4,0,24,0,4.4,0,-112.9,0,-28.7,0,12.6,0,9.5,0,76.5,0,-71.8,0,31,0,-39.2,0,29.5,0,-44.7,0,32.8,0,-8.5,0,49.1,0,-36.5,0,-22.6,0,-22.3,0,94.7,0,-126.1,0,-18.8
889,0,63.2,0,-29.4,0,181.7,0,-43.9,0,-21.3,0,-131,0,-43,0,-41.1,0,34.1,0,-10.8,0,-48.3,0,101.2,0,-89.5,0,-42.9,0,-44.7,0,29.4,0,-57.3,0,-60.4,0,-19.7,0,-71.3,0,-43.7,0,-4.8,0,-14.8,0,99.2,0,130.1,0,-15.2,0,41.1,0,7.8,0,84.4,0,24,0,4.4,0,-112.9,0,-28.7,0,12.6,0,9.5,0,76.5,0,-71.8,0,31,0,-39.2,0,29.5,0,-44.7,0,32.8,0,-8.5,0,49.1,0,-36.5,0,-22.6,0,-22.3,0,94.7,0,-126.1,0,-18.8,0
890,63.2,0,-29.4,0,181.7,0,-43.9,0,-21.3,0,-131,0,-43,0,-41.1,0,34.1,0,-10.8,0,-48.3,0,101.2,0,-89.5,0,-42.9,0,-44.7,0,29.4,0,-57.3,0,-60.4,0,-19.7,0,-71.3,0,-43.7,0,-4.8,0,-14.8,0,99.2,0,130.1,0,-15.2,0,41.1,0,7.8,0,84.4,0,24,0,4.4,0,-112.9,0,-28.7,0,12.6,0,9.5,0,76.5,0,-71.8,0,31,0,-39.2,0,29.5,0,-44.7,0,32.8,0,-8.5,0,49.1,0,-36.5,0,-22.6,0,-22.3,0,94.7,0,-126.1,0,-18.8,0,73.9
891,0,-29.4,0,181.7,0,-43.9,0,-21.3,0,-131,0,-43,0,-41.1,0,34.1,0,-10.8,0,-48.3,0,101.2,0,-89.5,0,-42.9,0,-44.7,0,29.4,0,-57.3,0,-60.4,0,-19.7,0,-71.3,0,-43.7,0,-4.8,0,-14.8,0,99.2,0,130.1,0,-15.2,0,41.1,0,7.8,0,84.4,0,24,0,4.4,0,-112.9,0,-28.7,0,12.6,0,9.5,0,76.5,0,-71.8,0,31,0,-39.2,0,29.5,0,-44.7,0,32.8,0,-8.5,0,49.1,0,-36.5,0,-22.6,0,-22.3,0,94.7,0,-126.1,0,-18.8,0,73.9,0
892,-29.4,0,181.7,0,-43.9,0,-21.3,0,-131,0,-43,0,-41.1,0,34.1,0,-10.8,0,-48.3,0,101.2,0,-89.5,0,-42.9,0,-44.7,0,29.4,0,-57.3,0,-60.4,0,-19.7,0,-71.3,0,-43.7,0,-4.8,0,-14.8,0,99.2,0,130.1,0,-15.2,0,41.1,0,7.8,0,84.4,0,24,0,4.4,0,-112.9,0,-28.7,0,12.6,0,9.5,0,76.5,0,-71.8,0,31,0,-39.2,0,29.5,0,-44.7,0,32.8,0,-8.5,0,49.1,0,-36.5,0,-22.6,0,-22.3,0,94.7,0,-126.1,0,-18.8,0,73.9,0,-45.4
893,0,181.7,0,-43.9,0,-21.3,0,-131,0,-43,0,-41.1,0,34.1,0,-10.8,0,-48.3,0,101.2,0,-89.5,0,-42.9,0,-44.7,0,29.4,0,-57.3,0,-60.4,0,-19.7,0,-71.3,0,-43.7,0,-4.8,0,-14.8,0,99.2,0,130.1,0,-15.2,0,41.1,0,7.8,0,84.4,0,24,0,4.4,0,-112.9,0,-28.7,0,12.6,0,9.5,0,76.5,0,-71.8,0,31,0,-39.2,0,29.5,0,-44.7,0,32.8,0,-8.5,0,49.1,0,-36.5,0,-22.6,0,-22.3,0,94.7,0,-126.1,0,-18.8,0,73.9,0,-45.4,0
894,181.7,0,-43.9,0,-21.3,0,-131,0,-43,0,-41.1,0,34.1,0,-10.8,0,-48.3,0,101.2,0,-89.5,0,-42.9,0,-44.7,0,29.4,0,-57.3,0,-60.4,0,-19.7,0,-71.3,0,-43.7,0,-4.8,0,-14.8,0,99.2,0,130.1,0,-15.2,0,41.1,0,7.8,0,84.4,0,24,0,4.4,0,-112.9,0,-28.7,0,12.6,0,9.5,0,76.5,0,-71.8,0,31,0,-39.2,0,29.5,0,-44.7,0,32.8,0,-8.5,0,49.1,0,-36.5,0,-22.6,0,-22.3,0,94.7,0,-126.1,0,-18.8,0,73.9,0,-45.4,0,44.2
895,0,-43.9,0,-21.3,0,-131,0,-43,0,-41.1,0,34.1,0,-10.8,0,-48.3,0,101.2,0,-89.5,0,-42.9,0,-44.7,0,29.4,0,-57.3,0,-60.4,0,-19.7,0,-71.3,0,-43.7,0,-4.8,0,-14.8,0,99.2,0,130.1,0,-15.2,0,41.1,0,7.8,0,84.4,0,24,0,4.4,0,-112.9,0,-28.7,0,12.6,0,9.5,0,76.5,0,-71.8,0,31,0,-39.2,0,29.5,0,-44.7,0,32.8,0,-8.5,0,49.1,0,-36.5,0,-22.6,0,-22.3,0,94.7,0,-126.1,0,-18.8,0,73.9,0,-45.4,0,44.2,0
896,-43.9,0,-21.3,0,-131,0,-43,0,-41.1,0,34.1,0,-10.8,0,-48.3,0,101.2,0,-89.5,0,-42.9,0,-44.7,0,29.4,0,-57.3,0,-60.4,0,-19.7,0,-71.3,0,-43.7,0,-4.8,0,-14.8,0,99.2,0,130.1,0,-15.2,0,41.1,0,7.8,0,84.4,0,24,0,4.4,0,-112.9,0,-28.7,0,12.6,0,9.5,0,76.5,0,-71.8,0,31,0,-39.2,0,29.5,0,-44.7,0,32.8,0,-8.5,0,49.1,0,-36.5,0,-22.6,0,-22.3,0,94.7,0,-126.1,0,-18.8,0,73.9,0,-45.4,0,44.2,0,-41.5
897,0,-21.3,0,-131,0,-43,0,-41.1,0,34.1,0,-10.8,0,-48.3,0,101.2,0,-89.5,0,-42.9,0,-44.7,0,29.4,0,-57.3,0,-60.4,0,-19.7,0,-71.3,0,-43.7,0,-4.8,0,-14.8,0,99.2,0,130.1,0,-15.2,0,41.1,0,7.8,0,84.4,0,24,0,4.4,0,-112.9,0,-28.7,0,12.6,0,9.5,0,76.5,0,-71.8,0,31,0,-39.2,0,29.5,0,-44.7,0,32.8,0,-8.5,0,49.1,0,-36.5,0,-22.6,0,-22.3,0,94.7,0,-126.1,0,-18.8,0,73.9,0,-45.4,0,44.2,0,-41.5,0
898,-21.3,0,-131,0,-43,0,-41.1,0,34.1,0,-10.8,0,-48.3,0,101.2,0,-89.5,0,-42.9,0,-44.7,0,29.4,0,-57.3,0,-60.4,0,-19.7,0,-71.3,0,-43.7,0,-4.8,0,-14.8,0,99.2,0,130.1,0,-15.2,0,41.1,0,7.8,0,84.4,0,24,0,4.4,0,-112.9,0,-28.7,0,12.6,0,9.5,0,76.5,0,-71.8,0,31,0,-39.2,0,29.5,0,-44.7,0,32.8,0,-8.5,0,49.1,0,-36.5,0,-22.6,0,-22.3,0,94.7,0,-126.1,0,-18.8,0,73.9,0,-45.4,0,44.2,0,-41.5,0,103
899,0,-131,0,-43,0,-41.1,0,34.1,0,-10.8,0,-48.3,0,101.2,0,-89.5,0,-42.9,0,-44.7,0,29.4,0,-57.3,0,-60.4,0,-19.7,0,-71.3,0,-43.7,0,-4.8,0,-14.8,0,99.2,0,130.1,0,-15.2,0,41.1,0,7.8,0,84.4,0,24,0,4.4,0,-112.9,0,-28.7,0,12.6,0,9.5,0,76.5,0,-71.8,0,31,0,-39.2,0,29.5,0,-44.7,0,32.8,0,-8.5,0,49.1,0,-36.5,0,-22.6,0,-22.3,0,94.7,0,-126.1,0,-18.8,0,73.9,0,-45.4,0,44.2,0,-41.5,0,103,0
900,-131,0,-43,0,-41.1,0,34.1,0,-10.8,0,-48.3,0,101.2,0,-89.5,0,-42.9,0,-44.7,0,29.4,0,-57.3,0,-60.4,0,-19.7,0,-71.3,0,-43.7,0,-4.8,0,-14.8,0,99.2,0,130.1,0,-15.2,0,41.1,0,7.8,0,84.4,0,24,0,4.4,0,-112.9,0,-28.7,0,12.6,0,9.5,0,76.5,0,-71.8,0,31,0,-39.2,0,29.5,0,-44.7,0,32.8,0,-8.5,0,49.1,0,-36.5,0,-22.6,0,-22.3,0,94.7,0,-126.1,0,-18.8,0,73.9,0,-45.4,0,44.2,0,-41.5,0,103,0,12
901,0,-43,0,-41.1,0,34.1,0,-10.8,0,-48.3,0,101.2,0,-89.5,0,-42.9,0,-44.7,0,29.4,0,-57.3,0,-60.4,0,-19.7,0,-71.3,0,-43.7,0,-4.8,0,-14.8,0,99.2,0,130.1,0,-15.2,0,41.1,0,7.8,0,84.4,0,24,0,4.4,0,-112.9,0,-28.7,0,12.6,0,9.5,0,76.5,0,-71.8,0,31,0,-39.2,0,29.5,0,-44.7,0,32.8,0,-8.5,0,49.1,0,-36.5,0,-22.6,0,-22.3,0,94.7,0,-126.1,0,-18.8,0,73.9,0,-45.4,0,44.2,0,-41.5,0,103,0,12,0
902,-43,0,-41.1,0,34.1,0,-10.8,0,-48.3,0,101.2,0,-89.5,0,-42.9,0,-44.7,0,29.4,0,-57.3,0,-60.4,0,-19.7,0,-71.3,0,-43.7,0,-4.8,0,-14.8,0,99.2,0,130.1,0,-15.2,0,41.1,0,7.8,0,84.4,0,24,0,4.4,0,-112.9,0,-28.7,0,12.6,0,9.5,0,76.5,0,-71.8,0,31,0,-39.2,0,29.5,0,-44.7,0,32.8,0,-8.5,0,49.1,0,-36.5,0,-22.6,0,-22.3,0,94.7,0,-126.1,0,-18.8,0,73.9,0,-45.4,0,44.2,0,-41.5,0,103,0,12,0,77.9
903,0,-41.1,0,34.1,0,-10.8,0,-48.3,0,101.2,0,-89.5,0,-42.9,0,-44.7,0,29.4,0,-57.3,0,-60.4,0,-19.7,0,-71.3,0,-43.7,0,-4.8,0,-14.8,0,99.2,0,130.1,0,-15.2,0,41.1,0,7.8,0,84.4,0,24,0,4.4,0,-112.9,0,-28.7,0,12.6,0,9.5,0,76.5,0,-71.8,0,31,0,-39.2,0,29.5,0,-44.7,0,32.8,0,-8.5,0,49.1,0,-36.5,0,-22.6,0,-22.3,0,94.7,0,-126.1,0,-18.8,0,73.9,0,-45.4,0,44.2,0,-41.5,0,103,0,12,0,77.9,0
904,-41.1,0,34.1,0,-10.8,0,-48.3,0,101.2,0,-89.5,0,-42.9,0,-44.7,0,29.4,0,-57.3,0,-60.4,0,-19.7,0,-71.3,0,-43.7,0,-4.8,0,-14.8,0,99.2,0,130.1,0,-15.2,0,41.1,0,7.8,0,84.4,0,24,0,4.4,0,-112.9,0,-28.7,0,12.6,0,9.5,0,76.5,0,-71.8,0,31,0,-39.2,0,29.5,0,-44.7,0,32.8,0,-8.5,0,49.1,0,-36.5,0,-22.6,0,-22.3,0,94.7,0,-126.1,0,-18.8,0,73.9,0,-45.4,0,44.2,0,-41.5,0,103,0,12,0,77.9,0,-155.9
905,0,34.1,0,-10.8,0,-48.3,0,101.2,0,-89.5,0,-42.9,0,-44.7,0,29.4,0,-57.3,0,-60.4,0,-19.7,0,-71.3,0,-43.7,0,-4.8,0,-14.8,0,99.2,0,130.1,0,-15.2,0,41.1,0,7.8,0,84.4,0,24,0,4.4,0,-112.9,0,-28.7,0,12.6,0,9.5,0,76.5,0,-71.8,0,31,0,-39.2,0,29.5,0,-44.7,0,32.8,0,-8.5,0,49.1,0,-36.5,0,-22.6,0,-22.3,0,94.7,0,-126.1,0,-18.8,0,73.9,0,-45.4,0,44.2,0,-41.5,0,103,0,12,0,77.9,0,-155.9,0
906,34.1,0,-10.8,0,-48.3,0,101.2,0,-89.5,0,-42.9,0,-44.7,0,29.4,0,-57.3,0,-60.4,0,-19.7,0,-71.3,0,-43.7,0,-4.8,0,-14.8,0,99.2,0,130.1,0,-15.2,0,41.1,0,7.8,0,84.4,0,24,0,4.4,0,-112.9,0,-28.7,0,12.6,0,9.5,0,76.5,0,-71.8,0,31,0,-39.2,0,29.5,0,-44.7,0,32.8,0,-8.5,0,49.1,0,-36.5,0,-22.6,0,-22.3,0,94.7,0,-126.1,0,-18.8,0,73.9,0,-45.4,0,44.2,0,-41.5,0,103,0,12,0,77.9,0,-155.9,0,35
907,0,-10.8,0,-48.3,0,101.2,0,-89.5,0,-42.9,0,-44.7,0,29.4,0,-57.3,0,-60.4,0,-19.7,0,-71.3,0,-43.7,0,-4.8,0,-14.8,0,99.2,0,130.1,0,-15.2,0,41.1,0,7.8,0,84.4,0,24,0,4.4,0,-112.9,0,-28.7,0,12.6,0,9.5,0,76.5,0,-71.8,0,31,0,-39.2,0,29.5,0,-44.7,0,32.8,0,-8.5,0,49.1,0,-36.5,0,-22.6,0,-22.3,0,94.7,0,-126.1,0,-18.8,0,73.9,0,-45.4,0,44.2,0,-41.5,0,103,0,12,0,77.9,0,-155.9,0,35,0
908,-10.8,0,-48.3,0,101.2,0,-89.5,0,-42.9,0,-44.7,0,29.4,0,-57.3,0,-60.4,0,-19.7,0,-71.3,0,-43.7,0,-4.8,0,-14.8,0,99.2,0,130.1,0,-15.2,0,41.1,0,7.8,0,84.4,0,24,0,4.4,0,-112.9,0,-28.7,0,12.6,0,9.5,0,76.5,0,-71.8,0,31,0,-39.2,0,29.5,0,-44.7,0,32.8,0,-8.5,0,49.1,0,-36.5,0,-22.6,0,-22.3,0,94.7,0,-126.1,0,-18.8,0,73.9,0,-45.4,0,44.2,0,-41.5,0,103,0,12,0,77.9,0,-155.9,0,35,0,-2.3
909,0,-48.3,0,101.2,0,-89.5,0,-42.9,0,-44.7,0,29.4,0,-57.3,0,-60.4,0,-19.7,0,-71.3,0,-43.7,0,-4.8,0,-14.8,0,99.2,0,130.1,0,-15.2,0,41.1,0,7.8,0,84.4,0,24,0,4.4,0,-112.9,0,-28.7,0,12.6,0,9.5,0,76.5,0,-71.8,0,31,0,-39.2,0,29.5,0,-44.7,0,32.8,0,-8.5,0,49.1,0,-36.5,0,-22.6,0,-22.3,0,94.7,0,-126.1,0,-18.8,0,73.9,0,-45.4,0,44.2,0,-41.5,0,103,0,12,0,77.9,0,-155.9,0,35,0,-2.3,0
910,-48.3,0,101.2,0,-89.5,0,-42.9,0,-44.7,0,29.4,0,-57.3,0,-60.4,0,-19.7,0,-71.3,0,-43.7,0,-4.8,0,-14.8,0,99.2,0,130.1,0,-15.2,0,41.1,0,7.8,0,84.4,0,24,0,4.4,0,-112.9,0,-28.7,0,12.6,0,9.5,0,76.5,0,-71.8,0,31,0,-39.2,0,29.5,0,-44.7,0,32.8,0,-8.5,0,49.1,0,-36.5,0,-22.6,0,-22.3,0,94.7,0,-126.1,0,-18.8,0,73.9,0,-45.4,0,44.2,0,-41.5,0,103,0,12,0,77.9,0,-155.9,0,35,0,-2.3,0,75.2
911,0,101.2,0,-89.5,0,-42.9,0,-44.7,0,29.4,0,-57.3,0,-60.4,0,-19.7,0,-71.3,0,-43.7,0,-4.8,0,-14.8,0,99.2,0,130.1,0,-15.2,0,41.1,0,7.8,0,84.4,0,24,0,4.4,0,-112.9,0,-28.7,0,12.6,0,9.5,0,76.5,0,-71.8,0,31,0,-39.2,0,29.5,0,-44.7,0,32.8,0,-8.5,0,49.1,0,-36.5,0,-22.6,0,-22.3,0,94.7,0,-126.1,0,-18.8,0,73.9,0,-45.4,0,44.2,0,-41.5,0,103,0,12,0,77.9,0,-155.9,0,35,0,-2.3,0,75.2,0
912,101.2,0,-89.5,0,-42.9,0,-44.7,0,29.4,0,-57.3,0,-60.4,0,-19.7,0,-71.3,0,-43.7,0,-4.8,0,-14.8,0,99.2,0,130.1,0,-15.2,0,41.1,0,7.8,0,84.4,0,24,0,4.4,0,-112.9,0,-28.7,0,12.6,0,9.5,0,76.5,0,-71.8,0,31,0,-39.2,0,29.5,0,-44.7,0,32.8,0,-8.5,0,49.1,0,-36.5,0,-22.6,0,-22.3,0,94.7,0,-126.1,0,-18.8,0,73.9,0,-45.4,0,44.2,0,-41.5,0,103,0,12,0,77.9,0,-155.9,0,35,0,-2.3,0,75.2,0,-6.7
913,0,-89.5,0,-42.9,0,-44.7,0,29.4,0,-57.3,0,-60.4,0,-19.7,0,-71.3,0,-43.7,0,-4.8,0,-14.8,0,99.2,0,130.1,0,-15.2,0,41.1,0,7.8,0,84.4,0,24,0,4.4,0,-112.9,0,-28.7,0,12.6,0,9.5,0,76.5,0,-71.8,0,31,0,-39.2,0,29.5,0,-44.7,0,32.8,0,-8.5,0,49.1,0,-36.5,0,-22.6,0,-22.3,0,94.7,0,-126.1,0,-18.8,0,73.9,0,-45.4,0,44.2,0,-41.5,0,103,0,12,0,77.9,0,-155.9,0,35,0,-2.3,0,75.2,0,-6.7,0
914,-89.5,0,-42.9,0,-44.7,0,29.4,0,-57.3,0,-60.4,0,-19.7,0,-71.3,0,-43.7,0,-4.8,0,-14.8,0,99.2,0,130.1,0,-15.2,0,41.1,0,7.8,0,84.4,0,24,0,4.4,0,-112.9,0,-28.7,0,12.6,0,9.5,0,76.5,0,-71.8,0,31,0,-39.2,0,29.5,0,-44.7,0,32.8,0,-8.5,0,49.1,0,-36.5,0,-22.6,0,-22.3,0,94.7,0,-126.1,0,-18.8,0,73.9,0,-45.4,0,44.2,0,-41.5,0,103,0,12,0,77.9,0,-155.9,0,35,0,-2.3,0,75.2,0,-6.7,0,-49.2
915,0,-42.9,0,-44.7,0,29.4,0,-57.3,0,-60.4,0,-19.7,0,-71.3,0,-43.7,0,-4.8,0,-14.8,0,99.2,0,130.1,0,-15.2,0,41.1,0,7.8,0,84.4,0,24,0,4.4,0,-112.9,0,-28.7,0,12.6,0,9.5,0,76.5,0,-71.8,0,31,0,-39.2,0,29.5,0,-44.7,0,32.8,0,-8.5,0,49.1,0,-36.5,0,-22.6,0,-22.3,0,94.7,0,-126.1,0,-18.8,0,73.9,0,-45.4,0,44.2,0,-41.5,0,103,0,12,0,77.9,0,-155.9,0,35,0,-2.3,0,75.2,0,-6.7,0,-49.2,0
916,-42.9,0,-44.7,0,29.4,0,-57.3,0,-60.4,0,-19.7,0,-71.3,0,-43.7,0,-4.8,0,-14.8,0,99.2,0,130.1,0,-15.2,0,41.1,0,7.8,0,84.4,0,24,0,4.4,0,-112.9,0,-28.7,0,12.6,0,9.5,0,76.5,0,-71.8,0,31,0,-39.2,0,29.5,0,-44.7,0,32.8,0,-8.5,0,49.1,0,-36.5,0,-22.6,0,-22.3,0,94.7,0,-126.1,0,-18.8,0,73.9,0,-45.4,0,44.2,0,-41.5,0,103,0,12,0,77.9,0,-155.9,0,35,0,-2.3,0,75.2,0,-6.7,0,-49.2,0,81.4
917,0,-44.7,0,29.4,0,-57.3,0,-60.4,0,-19.7,0,-71.3,0,-43.7,0,-4.8,0,-14.8,0,99.2,0,130.1,0,-15.2,0,41.1,0,7.8,0,84.4,0,24,0,4.4,0,-112.9,0,-28.7,0,12.6,0,9.5,0,76.5,0,-71.8,0,31,0,-39.2,0,29.5,0,-44.7,0,32.8,0,-8.5,0,49.1,0,-36.5,0,-22.6,0,-22.3,0,94.7,0,-126.1,0,-18.8,0,73.9,0,-45.4,0,44.2,0,-41.5,0,103,0,12,0,77.9,0,-155.9,0,35,0,-2.3,0,75.2,0,-6.7,0,-49.2,0,81.4,0
918,-44.7,0,29.4,0,-57.3,0,-60.4,0,-19.7,0,-71.3,0,-43.7,0,-4.8,0,-14.8,0,99.2,0,130.1,0,-15.2,0,41.1,0,7.8,0,84.4,0,24,0,4.4,0,-112.9,0,-28.7,0,12.6,0,9.5,0,76.5,0,-71.8,0,31,0,-39.2,0,29.5,0,-44.7,0,32.8,0,-8.5,0,49.1,0,-36.5,0,-22.6,0,-22.3,0,94.7,0,-126.1,0,-18.8,0,73.9,0,-45.4,0,44.2,0,-41.5,0,103,0,12,0,77.9,0,-155.9,0,35,0,-2.3,0,75.2,0,-6.7,0,-49.2,0,81.4,0,-39.8
919,0,29.4,0,-57.3,0,-60.4,0,-19.7,0,-71.3,0,-43.7,0,-4.8,0,-14.8,0,99.2,0,130.1,0,-15.2,0,41.1,0,7.8,0,84.4,0,24,0,4.4,0,-112.9,0,-28.7,0,12.6,0,9.5,0,76.5,0,-71.8,0,31,0,-39.2,0,29.5,0,-44.7,0,32.8,0,-8.5,0,49.1,0,-36.5,0,-22.6,0,-22.3,0,94.7,0,-126.1,0,-18.8,0,73.9,0,-45.4,0,44.2,0,-41.5,0,103,0,12,0,77.9,0,-155.9,0,35,0,-2.3,0,75.2,0,-6.7,0,-49.2,0,81.4,0,-39.8,0
920,29.4,0,-57.3,0,-60.4,0,-19.7,0,-71.3,0,-43.7,0,-4.8,0,-14.8,0,99.2,0,130.1,0,-15.2,0,41.1,0,7.8,0,84.4,0,24,0,4.4,0,-112.9,0,-28.7,0,12.6,0,9.5,0,76.5,0,-71.8,0,31,0,-39.2,0,29.5,0,-44.7,0,32.8,0,-8.5,0,49.1,0,-36.5,0,-22.6,0,-22.3,0,94.7,0,-126.1,0,-18.8,0,73.9,0,-45.4,0,44.2,0,-41.5,0,103,0,12,0,77.9,0,-155.9,0,35,0,-2.3,0,75.2,0,-6.7,0,-49.2,0,81.4,0,-39.8,0,34.9
921,0,-57.3,0,-60.4,0,-19.7,0,-71.3,0,-43.7,0,-4.8,0,-14.8,0,99.2,0,130.1,0,-15.2,0,41.1,0,7.8,0,84.4,0,24,0,4.4,0,-112.9,0,-28.7,0,12.6,0,9.5,0,76.5,0,-71.8,0,31,0,-39.2,0,29.5,0,-44.7,0,32.8,0,-8.5,0,49.1,0,-36.5,0,-22.6,0,-22.3,0,94.7,0,-126.1,0,-18.8,0,73.9,0,-45.4,0,44.2,0,-41.5,0,103,0,12,0,77.9,0,-155.9,0,35,0,-2.3,0,75.2,0,-6.7,0,-49.2,0,81.4,0,-39.8,0,34.9,0
922,-57.3,0,-60.4,0,-19.7,0,-71.3,0,-43.7,0,-4.8,0,-14.8,0,99.2,0,130.1,0,-15.2,0,41.1,0,7.8,0,84.4,0,24,0,4.4,0,-112.9,0,-28.7,0,12.6,0,9.5,0,76.5,0,-71.8,0,31,0,-39.2,0,29.5,0,-44.7,0,32.8,0,-8.5,0,49.1,0,-36.5,0,-22.6,0,-22.3,0,94.7,0,-126.1,0,-18.8,0,73.9,0,-45.4,0,44.2,0,-41.5,0,103,0,12,0,77.9,0,-155.9,0,35,0,-2.3,0,75.2,0,-6.7,0,-49.2,0,81.4,0,-39.8,0,34.9,0,581.7
923,0,-60.4,0,-19.7,0,-71.3,0,-43.7,0,-4.8,0,-14.8,0,99.2,0,130.1,0,-15.2,0,41.1,0,7.8,0,84.4,0,24,0,4.4,0,-112.9,0,-28.7,0,12.6,0,9.5,0,76.5,0,-71.8,0,31,0,-39.2,0,29.5,0,-44.7,0,32.8,0,-8.5,0,49.1,0,-36.5,0,-22.6,0,-22.3,0,94.7,0,-126.1,0,-18.8,0,73.9,0,-45.4,0,44.2,0,-41.5,0,103,0,12,0,77.9,0,-155.9,0,35,0,-2.3,0,75.2,0,-6.7,0,-49.2,0,81.4,0,-39.8,0,34.9,0,581.7,0
924,-60.4,0,-19.7,0,-71.3,0,-43.7,0,-4.8,0,-14.8,0,99.2,0,130.1,0,-15.2,0,41.1,0,7.8,0,84.4,0,24,0,4.4,0,-112.9,0,-28.7,0,12.6,0,9.5,0,76.5,0,-71.8,0,31,0,-39.2,0,29.5,0,-44.7,0,32.8,0,-8.5,0,49.1,0,-36.5,0,-22.6,0,-22.3,0,94.7,0,-126.1,0,-18.8,0,73.9,0,-45.4,0,44.2,0,-41.5,0,103,0,12,0,77.9,0,-155.9,0,35,0,-2.3,0,75.2,0,-6.7,0,-49.2,0,81.4,0,-39.8,0,34.9,0,581.7,0,-282.7
925,0,-19.7,0,-71.3,0,-43.7,0,-4.8,0,-14.8,0,99.2,0,130.1,0,-15.2,0,41.1,0,7.8,0,84.4,0,24,0,4.4,0,-112.9,0,-28.7,0,12.6,0,9.5,0,76.5,0,-71.8,0,31,0,-39.2,0,29.5,0,-44.7,0,32.8,0,-8.5,0,49.1,0,-36.5,0,-22.6,0,-22.3,0,94.7,0,-126.1,0,-18.8,0,73.9,0,-45.4,0,44.2,0,-41.5,0,103,0,12,0,77.9,0,-155.9,0,35,0,-2.3,0,75.2,0,-6.7,0,-49.2,0,81.4,0,-39.8,0,34.9,0,581.7,0,-282.7,0
926,-19.7,0,-71.3,0,-43.7,0,-4.8,0,-14.8,0,99.2,0,130.1,0,-15.2,0,41.1,0,7.8,0,84.4,0,24,0,4.4,0,-112.9,0,-28.7,0,12.6,0,9.5,0,76.5,0,-71.8,0,31,0,-39.2,0,29.5,0,-44.7,0,32.8,0,-8.5,0,49.1,0,-36.5,0,-22.6,0,-22.3,0,94.7,0,-126.1,0,-18.8,0,73.9,0,-45.4,0,44.2,0,-41.5,0,103,0,12,0,77.9,0,-155.9,0,35,0,-2.3,0,75.2,0,-6.7,0,-49.2,0,81.4,0,-39.8,0,34.9,0,581.7,0,-282.7,0,-315.3
927,0,-71.3,0,-43.7,0,-4.8,0,-14.8,0,99.2,0,130.1,0,-15.2,0,41.1,0,7.8,0,84.4,0,24,0,4.4,0,-112.9,0,-28.7,0,12.6,0,9.5,0,76.5,0,-71.8,0,31,0,-39.2,0,29.5,0,-44.7,0,32.8,0,-8.5,0,49.1,0,-36.5,0,-22.6,0,-22.3,0,94.7,0,-126.1,0,-18.8,0,73.9,0,-45.4,0,44.2,0,-41.5,0,103,0,12,0,77.9,0,-155.9,0,35,0,-2.3,0,75.2,0,-6.7,0,-49.2,0,81.4,0,-39.8,0,34.9,0,581.7,0,-282.7,0,-315.3,0
928,-71.3,0,-43.7,0,-4.8,0,-14.8,0,99.2,0,130.1,0,-15.2,0,41.1,0,7.8,0,84.4,0,24,0,4.4,0,-112.9,0,-28.7,0,12.6,0,9.5,0,76.5,0,-71.8,0,31,0,-39.2,0,29.5,0,-44.7,0,32.8,0,-8.5,0,49.1,0,-36.5,0,-22.6,0,-22.3,0,94.7,0,-126.1,0,-18.8,0,73.9,0,-45.4,0,44.2,0,-41.5,0,103,0,12,0,77.9,0,-155.9,0,35,0,-2.3,0,75.2,0,-6.7,0,-49.2,0,81.4,0,-39.8,0,34.9,0,581.7,0,-282.7,0,-315.3,0,156.6
929,0,-43.7,0,-4.8,0,-14.8,0,99.2,0,130.1,0,-15.2,0,41.1,0,7.8,0,84.4,0,24,0,4.4,0,-112.9,0,-28.7,0,12.6,0,9.5,0,76.5,0,-71.8,0,31,0,-39.2,0,29.5,0,-44.7,0,32.8,0,-8.5,0,49.1,0,-36.5,0,-22.6,0,-22.3,0,94.7,0,-126.1,0,-18.8,0,73.9,0,-45.4,0,44.2,0,-41.5,0,103,0,12,0,77.9,0,-155.9,0,35,0,-2.3,0,75.2,0,-6.7,0,-49.2,0,81.4,0,-39.8,0,34.9,0,581.7,0,-282.7,0,-315.3,0,156.6,0
930,-43.7,0,-4.8,0,-14.8,0,99.2,0,130.1,0,-15.2,0,41.1,0,7.8,0,84.4,0,24,0,4.4,0,-112.9,0,-28.7,0,12.6,0,9.5,0,76.5,0,-71.8,0,31,0,-39.2,0,29.5,0,-44.7,0,32.8,0,-8.5,0,49.1,0,-36.5,0,-22.6,0,-22.3,0,94.7,0,-126.1,0,-18.8,0,73.9,0,-45.4,0,44.2,0,-41.5,0,103,0,12,0,77.9,0,-155.9,0,35,0,-2.3,0,75.2,0,-6.7,0,-49.2,0,81.4,0,-39.8,0,34.9,0,581.7,0,-282.7,0,-315.3,0,156.6,0,-99
931,0,-4.8,0,-14.8,0,99.2,0,130.1,0,-15.2,0,41.1,0,7.8,0,84.4,0,24,0,4.4,0,-112.9,0,-28.7,0,12.6,0,9.5,0,76.5,0,-71.8,0,31,0,-39.2,0,29.5,0,-44.7,0,32.8,0,-8.5,0,49.1,0,-36.5,0,-22.6,0,-22.3,0,94.7,0,-126.1,0,-18.8,0,73.9,0,-45.4,0,44.2,0,-41.5,0,103,0,12,0,77.9,0,-155.9,0,35,0,-2.3,0,75.2,0,-6.7,0,-49.2,0,81.4,0,-39.8,0,34.9,0,581.7,0,-282.7,0,-315.3,0,156.6,0,-99,0
932,-4.8,0,-14.8,0,99.2,0,130.1,0,-15.2,0,41.1,0,7.8,0,84.4,0,24,0,4.4,0,-112.9,0,-28.7,0,12.6,0,9.5,0,76.5,0,-71.8,0,31,0,-39.2,0,29.5,0,-44.7,0,32.8,0,-8.5,0,49.1,0,-36.5,0,-22.6,0,-22.3,0,94.7,0,-126.1,0,-18.8,0,73.9,0,-45.4,0,44.2,0,-41.5,0,103,0,12,0,77.9,0,-155.9,0,35,0,-2.3,0,75.2,0,-6.7,0,-49.2,0,81.4,0,-39.8,0,34.9,0,581.7,0,-282.7,0,-315.3,0,156.6,0,-99,0,17
933,0,-14.8,0,99.2,0,130.1,0,-15.2,0,41.1,0,7.8,0,84.4,0,24,0,4.4,0,-112.9,0,-28.7,0,12.6,0,9.5,0,76.5,0,-71.8,0,31,0,-39.2,0,29.5,0,-44.7,0,32.8,0,-8.5,0,49.1,0,-36.5,0,-22.6,0,-22.3,0,94.7,0,-126.1,0,-18.8,0,73.9,0,-45.4,0,44.2,0,-41.5,0,103,0,12,0,77.9,0,-155.9,0,35,0,-2.3,0,75.2,0,-6.7,0,-49.2,0,81.4,0,-39.8,0,34.9,0,581.7,0,-282.7,0,-315.3,0,156.6,0,-99,0,17,0
934,-14.8,0,99.2,0,130.1,0,-15.2,0,41.1,0,7.8,0,84.4,0,24,0,4.4,0,-112.9,0,-28.7,0,12.6,0,9.5,0,76.5,0,-71.8,0,31,0,-39.2,0,29.5,0,-44.7,0,32.8,0,-8.5,0,49.1,0,-36.5,0,-22.6,0,-22.3,0,94.7,0,-126.1,0,-18.8,0,73.9,0,-45.4,0,44.2,0,-41.5,0,103,0,12,0,77.9,0,-155.9,0,35,0,-2.3,0,75.2,0,-6.7,0,-49.2,0,81.4,0,-39.8,0,34.9,0,581.7,0,-282.7,0,-315.3,0,156.6,0,-99,0,17,0,71.5
935,0,99.2,0,130.1,0,-15.2,0,41.1,0,7.8,0,84.4,0,24,0,4.4,0,-112.9,0,-28.7,0,12.6,0,9.5,0,76.5,0,-71.8,0,31,0,-39.2,0,29.5,0,-44.7,0,32.8,0,-8.5,0,49.1,0,-36.5,0,-22.6,0,-22.3,0,94.7,0,-126.1,0,-18.8,0,73.9,0,-45.4,0,44.2,0,-41.5,0,103,0,12,0,77.9,0,-155.9,0,35,0,-2.3,0,75.2,0,-6.7,0,-49.2,0,81.4,0,-39.8,0,34.9,0,581.7,0,-282.7,0,-315.3,0,156.6,0,-99,0,17,0,71.5,0
936,99.2,0,130.1,0,-15.2,0,41.1,0,7.8,0,84.4,0,24,0,4.4,0,-112.9,0,-28.7,0,12.6,0,9.5,0,76.5,0,-71.8,0,31,0,-39.2,0,29.5,0,-44.7,0,32.8,0,-8.5,0,49.1,0,-36.5,0,-22.6,0,-22.3,0,94.7,0,-126.1,0,-18.8,0,73.9,0,-45.4,0,44.2,0,-41.5,0,103,0,12,0,77.9,0,-155.9,0,35,0,-2.3,0,75.2,0,-6.7,0,-49.2,0,81.4,0,-39.8,0,34.9,0,581.7,0,-282.7,0,-315.3,0,156.6,0,-99,0,17,0,71.5,0,131.7
937,0,130.1,0,-15.2,0,41.1,0,7.8,0,84.4,0,24,0,4.4,0,-112.9,0,-28.7,0,12.6,0,9.5,0,76.5,0,-71.8,0,31,0,-39.2,0,29.5,0,-44.7,0,32.8,0,-8.5,0,49.1,0,-36.5,0,-22.6,0,-22.3,0,94.7,0,-126.1,0,-18.8,0,73.9,0,-45.4,0,44.2,0,-41.5,0,103,0,12,0,77.9,0,-155.9,0,35,0,-2.3,0,75.2,0,-6.7,0,-49.2,0,81.4,0,-39.8,0,34.9,0,581.7,0,-282.7,0,-315.3,0,156.6,0,-99,0,17,0,71.5,0,131.7,0
938,130.1,0,-15.2,0,41.1,0,7.8,0,84.4,0,24,0,4.4,0,-112.9,0,-28.7,0,12.6,0,9.5,0,76.5,0,-71.8,0,31,0,-39.2,0,29.5,0,-44.7,0,32.8,0,-8.5,0,49.1,0,-36.5,0,-22.6,0,-22.3,0,94.7,0,-126.1,0,-18.8,0,73.9,0,-45.4,0,44.2,0,-41.5,0,103,0,12,0,77.9,0,-155.9,0,35,0,-2.3,0,75.2,0,-6.7,0,-49.2,0,81.4,0,-39.8,0,34.9,0,581.7,0,-282.7,0,-315.3,0,156.6,0,-99,0,17,0,71.5,0,131.7,0,-161.9
939,0,-15.2,0,41.1,0,7.8,0,84.4,0,24,0,4.4,0,-112.9,0,-28.7,0,12.6,0,9.5,0,76.5,0,-71.8,0,31,0,-39.2,0,29.5,0,-44.7,0,32.8,0,-8.5,0,49.1,0,-36.5,0,-22.6,0,-22.3,0,94.7,0,-126.1,0,-18.8,0,73.9,0,-45.4,0,44.2,0,-41.5,0,103,0,12,0,77.9,0,-155.9,0,35,0,-2.3,0,75.2,0,-6.7,0,-49.2,0,81.4,0,-39.8,0,34.9,0,581.7,0,-282.7,0,-315.3,0,156.6,0,-99,0,17,0,71.5,0,131.7,0,-161.9,0
940,-15.2,0,41.1,0,7.8,0,84.4,0,24,0,4.4,0,-112.9,0,-28.7,0,12.6,0,9.5,0,76.5,0,-71.8,0,31,0,-39.2,0,29.5,0,-44.7,0,32.8,0,-8.5,0,49.1,0,-36.5,0,-22.6,0,-22.3,0,94.7,0,-126.1,0,-18.8,0,73.9,0,-45.4,0,44.2,0,-41.5,0,103,0,12,0,77.9,0,-155.9,0,35,0,-2.3,0,75.2,0,-6.7,0,-49.2,0,81.4,0,-39.8,0,34.9,0,581.7,0,-282.7,0,-315.3,0,156.6,0,-99,0,17,0,71.5,0,131.7,0,-161.9,0,-21.8
941,0,41.1,0,7.8,0,84.4,0,24,0,4.4,0,-112.9,0,-28.7,0,12.6,0,9.5,0,76.5,0,-71.8,0,31,0,-39.2,0,29.5,0,-44.7,0,32.8,0,-8.5,0,49.1,0,-36.5,0,-22.6,0,-22.3,0,94.7,0,-126.1,0,-18.8,0,73.9,0,-45.4,0,44.2,0,-41.5,0,103,0,12,0,77.9,0,-155.9,0,35,0,-2.3,0,75.2,0,-6.7,0,-49.2,0,81.4,0,-39.8,0,34.9,0,581.7,0,-282.7,0,-315.3,0,156.6,0,-99,0,17,0,71.5,0,131.7,0,-161.9,0,-21.8,0
942,41.1,0,7.8,0,84.4,0,24,0,4.4,0,-112.9,0,-28.7,0,12.6,0,9.5,0,76.5,0,-71.8,0,31,0,-39.2,0,29.5,0,-44.7,0,32.8,0,-8.5,0,49.1,0,-36.5,0,-22.6,0,-22.3,0,94.7,0,-126.1,0,-18.8,0,73.9,0,-45.4,0,44.2,0,-41.5,0,103,0,12,0,77.9,0,-155.9,0,35,0,-2.3,0,75.2,0,-6.7,0,-49.2,0,81.4,0,-39.8,0,34.9,0,581.7,0,-282.7,0,-315.3,0,156.6,0,-99,0,17,0,71.5,0,131.7,0,-161.9,0,-21.8,0,100
943,0,7.8,0,84.4,0,24,0,4.4,0,-112.9,0,-28.7,0,12.6,0,9.5,0,76.5,0,-71.8,0,31,0,-39.2,0,29.5,0,-44.7,0,32.8,0,-8.5,0,49.1,0,-36.5,0,-22.6,0,-22.3,0,94.7,0,-126.1,0,-18.8,0,73.9,0,-45.4,0,44.2,0,-41.5,0,103,0,12,0,77.9,0,-155.9,0,35,0,-2.3,0,75.2,0,-6.7,0,-49.2,0,81.4,0,-39.8,0,34.9,0,581.7,0,-282.7,0,-315.3,0,156.6,0,-99,0,17,0,71.5,0,131.7,0,-161.9,0,-21.8,0,100,0
944,7.8,0,84.4,0,24,0,4.4,0,-112.9,0,-28.7,0,12.6,0,9.5,0,76.5,0,-71.8,0,31,0,-39.2,0,29.5,0,-44.7,0,32.8,0,-8.5,0,49.1,0,-36.5,0,-22.6,0,-22.3,0,94.7,0,-126.1,0,-18.8,0,73.9,0,-45.4,0,44.2,0,-41.5,0,103,0,12,0,77.9,0,-155.9,0,35,0,-2.3,0,75.2,0,-6.7,0,-49.2,0,81.4,0,-39.8,0,34.9,0,581.7,0,-282.7,0,-315.3,0,156.6,0,-99,0,17,0,71.5,0,131.7,0,-161.9,0,-21.8,0,100,0,-129.2
945,0,84.4,0,24,0,4.4,0,-112.9,0,-28.7,0,12.6,0,9.5,0,76.5,0,-71.8,0,31,0,-39.2,0,29.5,0,-44.7,0,32.8,0,-8.5,0,49.1,0,-36.5,0,-22.6,0,-22.3,0,94.7,0,-126.1,0,-18.8,0,73.9,0,-45.4,0,44.2,0,-41.5,0,103,0,12,0,77.9,0,-155.9,0,35,0,-2.3,0,75.2,0,-6.7,0,-49.2,0,81.4,0,-39.8,0,34.9,0,581.7,0,-282.7,0,-315.3,0,156.6,0,-99,0,17,0,71.5,0,131.7,0,-161.9,0,-21.8,0,100,0,-129.2,0
946,84.4,0,24,0,4.4,0,-112.9,0,-28.7,0,12.6,0,9.5,0,76.5,0,-71.8,0,31,0,-39.2,0,29.5,0,-44.7,0,32.8,0,-8.5,0,49.1,0,-36.5,0,-22.6,0,-22.3,0,94.7,0,-126.1,0,-18.8,0,73.9,0,-45.4,0,44.2,0,-41.5,0,103,0,12,0,77.9,0,-155.9,0,35,0,-2.3,0,75.2,0,-6.7,0,-49.2,0,81.4,0,-39.8,0,34.9,0,581.7,0,-282.7,0,-315.3,0,156.6,0,-99,0,17,0,71.5,0,131.7,0,-161.9,0,-21.8,0,100,0,-129.2,0,55.4
947,0,24,0,4.4,0,-112.9,0,-28.7,0,12.6,0,9.5,0,76.5,0,-71.8,0,31,0,-39.2,0,29.5,0,-44.7,0,32.8,0,-8.5,0,49.1,0,-36.5,0,-22.6,0,-22.3,0,94.7,0,-126.1,0,-18.8,0,73.9,0,-45.4,0,44.2,0,-41.5,0,103,0,12,0,77.9,0,-155.9,0,35,0,-2.3,0,75.2,0,-6.7,0,-49.2,0,81.4,0,-39.8,0,34.9,0,581.7,0,-282.7,0,-315.3,0,156.6,0,-99,0,17,0,71.5,0,131.7,0,-161.9,0,-21.8,0,100,0,-129.2,0,55.4,0
948,24,0,4.4,0,-112.9,0,-28.7,0,12.6,0,9.5,0,76.5,0,-71.8,0,31,0,-39.2,0,29.5,0,-44.7,0,32.8,0,-8.5,0,49.1,0,-36.5,0,-22.6,0,-22.3,0,94.7,0,-126.1,0,-18.8,0,73.9,0,-45.4,0,44.2,0,-41.5,0,103,0,12,0,77.9,0,-155.9,0,35,0,-2.3,0,75.2,0,-6.7,0,-49.2,0,81.4,0,-39.8,0,34.9,0,581.7,0,-282.7,0,-315.3,0,156.6,0,-99,0,17,0,71.5,0,131.7,0,-161.9,0,-21.8,0,100,0,-129.2,0,55.4,0,36.8
949,0,4.4,0,-112.9,0,-28.7,0,12.6,0,9.5,0,76.5,0,-71.8,0,31,0,-39.2,0,29.5,0,-44.7,0,32.8,0,-8.5,0,49.1,0,-36.5,0,-22.6,0,-22.3,0,94.7,0,-126.1,0,-18.8,0,73.9,0,-45.4,0,44.2,0,-41.5,0,103,0,12,0,77.9,0,-155.9,0,35,0,-2.3,0,75.2,0,-6.7,0,-49.2,0,81.4,0,-39.8,0,34.9,0,581.7,0,-282.7,0,-315.3,0,156.6,0,-99,0,17,0,71.5,0,131.7,0,-161.9,0,-21.8,0,100,0,-129.2,0,55.4,0,36.8,0
950,4.4,0,-112.9,0,-28.7,0,12.6,0,9.5,0,76.5,0,-71.8,0,31,0,-39.2,0,29.5,0,-44.7,0,32.8,0,-8.5,0,49.1,0,-36.5,0,-22.6,0,-22.3,0,94.7,0,-126.1,0,-18.8,0,73.9,0,-45.4,0,44.2,0,-41.5,0,103,0,12,0,77.9,0,-155.9,0,35,0,-2.3,0,75.2,0,-6.7,0,-49.2,0,81.4,0,-39.8,0,34.9,0,581.7,0,-282.7,0,-315.3,0,156.6,0,-99,0,17,0,71.5,0,131.7,0,-161.9,0,-21.8,0,100,0,-129.2,0,55.4,0,36.8,0,84.4
951,0,-112.9,0,-28.7,0,12.6,0,9.5,0,76.5,0,-71.8,0,31,0,-39.2,0,29.5,0,-44.7,0,32.8,0,-8.5,0,49.1,0,-36.5,0,-22.6,0,-22.3,0,94.7,0,-126.1,0,-18.8,0,73.9,0,-45.4,0,44.2,0,-41.5,0,103,0,12,0,77.9,0,-155.9,0,35,0,-2.3,0,75.2,0,-6.7,0,-49.2,0,81.4,0,-39.8,0,34.9,0,581.7,0,-282.7,0,-315.3,0,156.6,0,-99,0,17,0,71.5,0,131.7,0,-161.9,0,-21.8,0,100,0,-129.2,0,55.4,0,36.8,0,84.4,0
952,-112.9,0,-28.7,0,12.6,0,9.5,0,76.5,0,-71.8,0,31,0,-39.2,0,29.5,0,-44.7,0,32.8,0,-8.5,0,49.1,0,-36.5,0,-22.6,0,-22.3,0,94.7,0,-126.1,0,-18.8,0,73.9,0,-45.4,0,44.2,0,-41.5,0,103,0,12,0,77.9,0,-155.9,0,35,0,-2.3,0,75.2,0,-6.7,0,-49.2,0,81.4,0,-39.8,0,34.9,0,581.7,0,-282.7,0,-315.3,0,156.6,0,-99,0,17,0,71.5,0,131.7,0,-161.9,0,-21.8,0,100,0,-129.2,0,55.4,0,36.8,0,84.4,0,-171.3
953,0,-28.7,0,12.6,0,9.5,0,76.5,0,-71.8,0,31,0,-39.2,0,29.5,0,-44.7,0,32.8,0,-8.5,0,49.1,0,-36.5,0,-22.6,0,-22.3,0,94.7,0,-126.1,0,-18.8,0,73.9,0,-45.4,0,44.2,0,-41.5,0,103,0,12,0,77.9,0,-155.9,0,35,0,-2.3,0,75.2,0,-6.7,0,-49.2,0,81.4,0,-39.8,0,34.9,0,581.7,0,-282.7,0,-315.3,0,156.6,0,-99,0,17,0,71.5,0,131.7,0,-161.9,0,-21.8,0,100,0,-129.2,0,55.4,0,36.8,0,84.4,0,-171.3,0
954,-28.7,0,12.6,0,9.5,0,76.5,0,-71.8,0,31,0,-39.2,0,29.5,0,-44.7,0,32.8,0,-8.5,0,49.1,0,-36.5,0,-22.6,0,-22.3,0,94.7,0,-126.1,0,-18.8,0,73.9,0,-45.4,0,44.2,0,-41.5,0,103,0,12,0,77.9,0,-155.9,0,35,0,-2.3,0,75.2,0,-6.7,0,-49.2,0,81.4,0,-39.8,0,34.9,0,581.7,0,-282.7,0,-315.3,0,156.6,0,-99,0,17,0,71.5,0,131.7,0,-161.9,0,-21.8,0,100,0,-129.2,0,55.4,0,36.8,0,84.4,0,-171.3,0,132.7
955,0,12.6,0,9.5,0,76.5,0,-71.8,0,31,0,-39.2,0,29.5,0,-44.7,0,32.8,0,-8.5,0,49.1,0,-36.5,0,-22.6,0,-22.3,0,94.7,0,-126.1,0,-18.8,0,73.9,0,-45.4,0,44.2,0,-41.5,0,103,0,12,0,77.9,0,-155.9,0,35,0,-2.3,0,75.2,0,-6.7,0,-49.2,0,81.4,0,-39.8,0,34.9,0,581.7,0,-282.7,0,-315.3,0,156.6,0,-99,0,17,0,71.5,0,131.7,0,-161.9,0,-21.8,0,100,0,-129.2,0,55.4,0,36.8,0,84.4,0,-171.3,0,132.7,0
956,12.6,0,9.5,0,76.5,0,-71.8,0,31,0,-39.2,0,29.5,0,-44.7,0,32.8,0,-8.5,0,49.1,0,-36.5,0,-22.6,0,-22.3,0,94.7,0,-126.1,0,-18.8,0,73.9,0,-45.4,0,44.2,0,-41.5,0,103,0,12,0,77.9,0,-155.9,0,35,0,-2.3,0,75.2,0,-6.7,0,-49.2,0,81.4,0,-39.8,0,34.9,0,581.7,0,-282.7,0,-315.3,0,156.6,0,-99,0,17,0,71.5,0,131.7,0,-161.9,0,-21.8,0,100,0,-129.2,0,55.4,0,36.8,0,84.4,0,-171.3,0,132.7,0,-190.8
957,0,9.5,0,76.5,0,-71.8,0,31,0,-39.2,0,29.5,0,-44.7,0,32.8,0,-8.5,0,49.1,0,-36.5,0,-22.6,0,-22.3,0,94.7,0,-126.1,0,-18.8,0,73.9,0,-45.4,0,44.2,0,-41.5,0,103,0,12,0,77.9,0,-155.9,0,35,0,-2.3,0,75.2,0,-6.7,0,-49.2,0,81.4,0,-39.8,0,34.9,0,581.7,0,-282.7,0,-315.3,0,156.6,0,-99,0,17,0,71.5,0,131.7,0,-161.9,0,-21.8,0,100,0,-129.2,0,55.4,0,36.8,0,84.4,0,-171.3,0,132.7,0,-190.8,0
958,9.5,0,76.5,0,-71.8,0,31,0,-39.2,0,29.5,0,-44.7,0,32.8,0,-8.5,0,49.1,0,-36.5,0,-22.6,0,-22.3,0,94.7,0,-126.1,0,-18.8,0,73.9,0,-45.4,0,44.2,0,-41.5,0,103,0,12,0,77.9,0,-155.9,0,35,0,-2.3,0,75.2,0,-6.7,0,-49.2,0,81.4,0,-39.8,0,34.9,0,581.7,0,-282.7,0,-315.3,0,156.6,0,-99,0,17,0,71.5,0,131.7,0,-161.9,0,-21.8,0,100,0,-129.2,0,55.4,0,36.8,0,84.4,0,-171.3,0,132.7,0,-190.8,0,0.2
959,0,76.5,0,-71.8,0,31,0,-39.2,0,29.5,0,-44.7,0,32.8,0,-8.5,0,49.1,0,-36.5,0,-22.6,0,-22.3,0,94.7,0,-126.1,0,-18.8,0,73.9,0,-45.4,0,44.2,0,-41.5,0,103,0,12,0,77.9,0,-155.9,0,35,0,-2.3,0,75.2,0,-6.7,0,-49.2,0,81.4,0,-39.8,0,34.9,0,581.7,0,-282.7,0,-315.3,0,156.6,0,-99,0,17,0,71.5,0,131.7,0,-161.9,0,-21.8,0,100,0,-129.2,0,55.4,0,36.8,0,84.4,0,-171.3,0,132.7,0,-190.8,0,0.2,0
960,76.5,0,-71.8,0,31,0,-39.2,0,29.5,0,-44.7,0,32.8,0,-8.5,0,49.1,0,-36.5,0,-22.6,0,-22.3,0,94.7,0,-126.1,0,-18.8,0,73.9,0,-45.4,0,44.2,0,-41.5,0,103,0,12,0,77.9,0,-155.9,0,35,0,-2.3,0,75.2,0,-6.7,0,-49.2,0,81.4,0,-39.8,0,34.9,0,581.7,0,-282.7,0,-315.3,0,156.6,0,-99,0,17,0,71.5,0,131.7,0,-161.9,0,-21.8,0,100,0,-129.2,0,55.4,0,36.8,0,84.4,0,-171.3,0,132.7,0,-190.8,0,0.2,0,-38.4
961,0,-71.8,0,31,0,-39.2,0,29.5,0,-44.7,0,32.8,0,-8.5,0,49.1,0,-36.5,0,-22.6,0,-22.3,0,94.7,0,-126.1,0,-18.8,0,73.9,0,-45.4,0,44.2,0,-41.5,0,103,0,12,0,77.9,0,-155.9,0,35,0,-2.3,0,75.2,0,-6.7,0,-49.2,0,81.4,0,-39.8,0,34.9,0,581.7,0,-282.7,0,-315.3,0,156.6,0,-99,0,17,0,71.5,0,131.7,0,-161.9,0,-21.8,0,100,0,-129.2,0,55.4,0,36.8,0,84.4,0,-171.3,0,132.7,0,-190.8,0,0.2,0,-38.4,0
962,-71.8,0,31,0,-39.2,0,29.5,0,-44.7,0,32.8,0,-8.5,0,49.1,0,-36.5,0,-22.6,0,-22.3,0,94.7,0,-126.1,0,-18.8,0,73.9,0,-45.4,0,44.2,0,-41.5,0,103,0,12,0,77.9,0,-155.9,0,35,0,-2.3,0,75.2,0,-6.7,0,-49.2,0,81.4,0,-39.8,0,34.9,0,581.7,0,-282.7,0,-315.3,0,156.6,0,-99,0,17,0,71.5,0,131.7,0,-161.9,0,-21.8,0,100,0,-129.2,0,55.4,0,36.8,0,84.4,0,-171.3,0,132.7,0,-190.8,0,0.2,0,-38.4,0,55.2
963,0,31,0,-39.2,0,29.5,0,-44.7,0,32.8,0,-8.5,0,49.1,0,-36.5,0,-22.6,0,-22.3,0,94.7,0,-126.1,0,-18.8,0,73.9,0,-45.4,0,44.2,0,-41.5,0,103,0,12,0,77.9,0,-155.9,0,35,0,-2.3,0,75.2,0,-6.7,0,-49.2,0,81.4,0,-39.8,0,34.9,0,581.7,0,-282.7,0,-315.3,0,156.6,0,-99,0,17,0,71.5,0,131.7,0,-161.9,0,-21.8,0,100,0,-129.2,0,55.4,0,36.8,0,84.4,0,-171.3,0,132.7,0,-190.8,0,0.2,0,-38.4,0,55.2,0
964,31,0,-39.2,0,29.5,0,-44.7,0,32.8,0,-8.5,0,49.1,0,-36.5,0,-22.6,0,-22.3,0,94.7,0,-126.1,0,-18.8,0,73.9,0,-45.4,0,44.2,0,-41.5,0,103,0,12,0,77.9,0,-155.9,0,35,0,-2.3,0,75.2,0,-6.7,0,-49.2,0,81.4,0,-39.8,0,34.9,0,581.7,0,-282.7,0,-315.3,0,156.6,0,-99,0,17,0,71.5,0,131.7,0,-161.9,0,-21.8,0,100,0,-129.2,0,55.4,0,36.8,0,84.4,0,-171.3,0,132.7,0,-190.8,0,0.2,0,-38.4,0,55.2,0,-26.8
965,0,-39.2,0,29.5,0,-44.7,0,32.8,0,-8.5,0,49.1,0,-36.5,0,-22.6,0,-22.3,0,94.7,0,-126.1,0,-18.8,0,73.9,0,-45.4,0,44.2,0,-41.5,0,103,0,12,0,77.9,0,-155.9,0,35,0,-2.3,0,75.2,0,-6.7,0,-49.2,0,81.4,0,-39.8,0,34.9,0,581.7,0,-282.7,0,-315.3,0,156.6,0,-99,0,17,0,71.5,0,131.7,0,-161.9,0,-21.8,0,100,0,-129.2,0,55.4,0,36.8,0,84.4,0,-171.3,0,132.7,0,-190.8,0,0.2,0,-38.4,0,55.2,0,-26.8,0
966,-39.2,0,29.5,0,-44.7,0,32.8,0,-8.5,0,49.1,0,-36.5,0,-22.6,0,-22.3,0,94.7,0,-126.1,0,-18.8,0,73.9,0,-45.4,0,44.2,0,-41.5,0,103,0,12,0,77.9,0,-155.9,0,35,0,-2.3,0,75.2,0,-6.7,0,-49.2,0,81.4,0,-39.8,0,34.9,0,581.7,0,-282.7,0,-315.3,0,156.6,0,-99,0,17,0,71.5,0,131.7,0,-161.9,0,-21.8,0,100,0,-129.2,0,55.4,0,36.8,0,84.4,0,-171.3,0,132.7,0,-190.8,0,0.2,0,-38.4,0,55.2,0,-26.8,0,-27.1
967,0,29.5,0,-44.7,0,32.8,0,-8.5,0,49.1,0,-36.5,0,-22.6,0,-22.3,0,94.7,0,-126.1,0,-18.8,0,73.9,0,-45.4,0,44.2,0,-41.5,0,103,0,12,0,77.9,0,-155.9,0,35,0,-2.3,0,75.2,0,-6.7,0,-49.2,0,81.4,0,-39.8,0,34.9,0,581.7,0,-282.7,0,-315.3,0,156.6,0,-99,0,17,0,71.5,0,131.7,0,-161.9,0,-21.8,0,100,0,-129.2,0,55.4,0,36.8,0,84.4,0,-171.3,0,132.7,0,-190.8,0,0.2,0,-38.4,0,55.2,0,-26.8,0,-27.1,0
968,29.5,0,-44.7,0,32.8,0,-8.5,0,49.1,0,-36.5,0,-22.6,0,-22.3,0,94.7,0,-126.1,0,-18.8,0,73.9,0,-45.4,0,44.2,0,-41.5,0,103,0,12,0,77.9,0,-155.9,0,35,0,-2.3,0,75.2,0,-6.7,0,-49.2,0,81.4,0,-39.8,0,34.9,0,581.7,0,-282.7,0,-315.3,0,156.6,0,-99,0,17,0,71.5,0,131.7,0,-161.9,0,-21.8,0,100,0,-129.2,0,55.4,0,36.8,0,84.4,0,-171.3,0,132.7,0,-190.8,0,0.2,0,-38.4,0,55.2,0,-26.8,0,-27.1,0,134.6
969,0,-44.7,0,32.8,0,-8.5,0,49.1,0,-36.5,0,-22.6,0,-22.3,0,94.7,0,-126.1,0,-18.8,0,73.9,0,-45.4,0,44.2,0,-41.5,0,103,0,12,0,77.9,0,-155.9,0,35,0,-2.3,0,75.2,0,-6.7,0,-49.2,0,81.4,0,-39.8,0,34.9,0,581.7,0,-282.7,0,-315.3,0,156.6,0,-99,0,17,0,71.5,0,131.7,0,-161.9,0,-21.8,0,100,0,-129.2,0,55.4,0,36.8,0,84.4,0,-171.3,0,132.7,0,-190.8,0,0.2,0,-38.4,0,55.2,0,-26.8,0,-27.1,0,134.6,0
970,-44.7,0,32.8,0,-8.5,0,49.1,0,-36.5,0,-22.6,0,-22.3,0,94.7,0,-126.1,0,-18.8,0,73.9,0,-45.4,0,44.2,0,-41.5,0,103,0,12,0,77.9,0,-155.9,0,35,0,-2.3,0,75.2,0,-6.7,0,-49.2,0,81.4,0,-39.8,0,34.9,0,581.7,0,-282.7,0,-315.3,0,156.6,0,-99,0,17,0,71.5,0,131.7,0,-161.9,0,-21.8,0,100,0,-129.2,0,55.4,0,36.8,0,84.4,0,-171.3,0,132.7,0,-190.8,0,0.2,0,-38.4,0,55.2,0,-26.8,0,-27.1,0,134.6,0,-109.4
971,0,32.8,0,-8.5,0,49.1,0,-36.5,0,-22.6,0,-22.3,0,94.7,0,-126.1,0,-18.8,0,73.9,0,-45.4,0,44.2,0,-41.5,0,103,0,12,0,77.9,0,-155.9,0,35,0,-2.3,0,75.2,0,-6.7,0,-49.2,0,81.4,0,-39.8,0,34.9,0,581.7,0,-282.7,0,-315.3,0,156.6,0,-99,0,17,0,71.5,0,131.7,0,-161.9,0,-21.8,0,100,0,-129.2,0,55.4,0,36.8,0,84.4,0,-171.3,0,132.7,0,-190.8,0,0.2,0,-38.4,0,55.2,0,-26.8,0,-27.1,0,134.6,0,-109.4,0
972,32.8,0,-8.5,0,49.1,0,-36.5,0,-22.6,0,-22.3,0,94.7,0,-126.1,0,-18.8,0,73.9,0,-45.4,0,44.2,0,-41.5,0,103,0,12,0,77.9,0,-155.9,0,35,0,-2.3,0,75.2,0,-6.7,0,-49.2,0,81.4,0,-39.8,0,34.9,0,581.7,0,-282.7,0,-315.3,0,156.6,0,-99,0,17,0,71.5,0,131.7,0,-161.9,0,-21.8,0,100,0,-129.2,0,55.4,0,36.8,0,84.4,0,-171.3,0,132.7,0,-190.8,0,0.2,0,-38.4,0,55.2,0,-26.8,0,-27.1,0,134.6,0,-109.4,0,105.3
973,0,-8.5,0,49.1,0,-36.5,0,-22.6,0,-22.3,0,94.7,0,-126.1,0,-18.8,0,73.9,0,-45.4,0,44.2,0,-41.5,0,103,0,12,0,77.9,0,-155.9,0,35,0,-2.3,0,75.2,0,-6.7,0,-49.2,0,81.4,0,-39.8,0,34.9,0,581.7,0,-282.7,0,-315.3,0,156.6,0,-99,0,17,0,71.5,0,131.7,0,-161.9,0,-21.8,0,100,0,-129.2,0,55.4,0,36.8,0,84.4,0,-171.3,0,132.7,0,-190.8,0,0.2,0,-38.4,0,55.2,0,-26.8,0,-27.1,0,134.6,0,-109.4,0,105.3,0
974,-8.5,0,49.1,0,-36.5,0,-22.6,0,-22.3,0,94.7,0,-126.1,0,-18.8,0,73.9,0,-45.4,0,44.2,0,-41.5,0,103,0,12,0,77.9,0,-155.9,0,35,0,-2.3,0,75.2,0,-6.7,0,-49.2,0,81.4,0,-39.8,0,34.9,0,581.7,0,-282.7,0,-315.3,0,156.6,0,-99,0,17,0,71.5,0,131.7,0,-161.9,0,-21.8,0,100,0,-129.2,0,55.4,0,36.8,0,84.4,0,-171.3,0,132.7,0,-190.8,0,0.2,0,-38.4,0,55.2,0,-26.8,0,-27.1,0,134.6,0,-109.4,0,105.3,0,-135.6
975,0,49.1,0,-36.5,0,-22.6,0,-22.3,0,94.7,0,-126.1,0,-18.8,0,73.9,0,-45.4,0,44.2,0,-41.5,0,103,0,12,0,77.9,0,-155.9,0,35,0,-2.3,0,75.2,0,-6.7,0,-49.2,0,81.4,0,-39.8,0,34.9,0,581.7,0,-282.7,0,-315.3,0,156.6,0,-99,0,17,0,71.5,0,131.7,0,-161.9,0,-21.8,0,100,0,-129.2,0,55.4,0,36.8,0,84.4,0,-171.3,0,132.7,0,-190.8,0,0.2,0,-38.4,0,55.2,0,-26.8,0,-27.1,0,134.6,0,-109.4,0,105.3,0,-135.6,0
976,49.1,0,-36.5,0,-22.6,0,-22.3,0,94.7,0,-126.1,0,-18.8,0,73.9,0,-45.4,0,44.2,0,-41.5,0,103,0,12,0,77.9,0,-155.9,0,35,0,-2.3,0,75.2,0,-6.7,0,-49.2,0,81.4,0,-39.8,0,34.9,0,581.7,0,-282.7,0,-315.3,0,156.6,0,-99,0,17,0,71.5,0,131.7,0,-161.9,0,-21.8,0,100,0,-129.2,0,55.4,0,36.8,0,84.4,0,-171.3,0,132.7,0,-190.8,0,0.2,0,-38.4,0,55.2,0,-26.8,0,-27.1,0,134.6,0,-109.4,0,105.3,0,-135.6,0,181.6
977,0,-36.5,0,-22.6,0,-22.3,0,94.7,0,-126.1,0,-18.8,0,73.9,0,-45.4,0,44.2,0,-41.5,0,103,0,12,0,77.9,0,-155.9,0,35,0,-2.3,0,75.2,0,-6.7,0,-49.2,0,81.4,0,-39.8,0,34.9,0,581.7,0,-282.7,0,-315.3,0,156.6,0,-99,0,17,0,71.5,0,131.7,0,-161.9,0,-21.8,0,100,0,-129.2,0,55.4,0,36.8,0,84.4,0,-171.3,0,132.7,0,-190.8,0,0.2,0,-38.4,0,55.2,0,-26.8,0,-27.1,0,134.6,0,-109.4,0,105.3,0,-135.6,0,181.6,0
978,-36.5,0,-22.6,0,-22.3,0,94.7,0,-126.1,0,-18.8,0,73.9,0,-45.4,0,44.2,0,-41.5,0,103,0,12,0,77.9,0,-155.9,0,35,0,-2.3,0,75.2,0,-6.7,0,-49.2,0,81.4,0,-39.8,0,34.9,0,581.7,0,-282.7,0,-315.3,0,156.6,0,-99,0,17,0,71.5,0,131.7,0,-161.9,0,-21.8,0,100,0,-129.2,0,55.4,0,36.8,0,84.4,0,-171.3,0,132.7,0,-190.8,0,0.2,0,-38.4,0,55.2,0,-26.8,0,-27.1,0,134.6,0,-109.4,0,105.3,0,-135.6,0,181.6,0,-89.2
979,0,-22.6,0,-22.3,0,94.7,0,-126.1,0,-18.8,0,73.9,0,-45.4,0,44.2,0,-41.5,0,103,0,12,0,77.9,0,-155.9,0,35,0,-2.3,0,75.2,0,-6.7,0,-49.2,0,81.4,0,-39.8,0,34.9,0,581.7,0,-282.7,0,-315.3,0,156.6,0,-99,0,17,0,71.5,0,131.7,0,-161.9,0,-21.8,0,100,0,-129.2,0,55.4,0,36.8,0,84.4,0,-171.3,0,132.7,0,-190.8,0,0.2,0,-38.4,0,55.2,0,-26.8,0,-27.1,0,134.6,0,-109.4,0,105.3,0,-135.6,0,181.6,0,-89.2,0
980,-22.6,0,-22.3,0,94.7,0,-126.1,0,-18.8,0,73.9,0,-45.4,0,44.2,0,-41.5,0,103,0,12,0,77.9,0,-155.9,0,35,0,-2.3,0,75.2,0,-6.7,0,-49.2,0,81.4,0,-39.8,0,34.9,0,581.7,0,-282.7,0,-315.3,0,156.6,0,-99,0,17,0,71.5,0,131.7,0,-161.9,0,-21.8,0,100,0,-129.2,0,55.4,0,36.8,0,84.4,0,-171.3,0,132.7,0,-190.8,0,0.2,0,-38.4,0,55.2,0,-26.8,0,-27.1,0,134.6,0,-109.4,0,105.3,0,-135.6,0,181.6,0,-89.2,0,173.4
981,0,-22.3,0,94.7,0,-126.1,0,-18.8,0,73.9,0,-45.4,0,44.2,0,-41.5,0,103,0,12,0,77.9,0,-155.9,0,35,0,-2.3,0,75.2,0,-6.7,0,-49.2,0,81.4,0,-39.8,0,34.9,0,581.7,0,-282.7,0,-315.3,0,156.6,0,-99,0,17,0,71.5,0,131.7,0,-161.9,0,-21.8,0,100,0,-129.2,0,55.4,0,36.8,0,84.4,0,-171.3,0,132.7,0,-190.8,0,0.2,0,-38.4,0,55.2,0,-26.8,0,-27.1,0,134.6,0,-109.4,0,105.3,0,-135.6,0,181.6,0,-89.2,0,173.4,0
982,-22.3,0,94.7,0,-126.1,0,-18.8,0,73.9,0,-45.4,0,44.2,0,-41.5,0,103,0,12,0,77.9,0,-155.9,0,35,0,-2.3,0,75.2,0,-6.7,0,-49.2,0,81.4,0,-39.8,0,34.9,0,581.7,0,-282.7,0,-315.3,0,156.6,0,-99,0,17,0,71.5,0,131.7,0,-161.9,0,-21.8,0,100,0,-129.2,0,55.4,0,36.8,0,84.4,0,-171.3,0,132.7,0,-190.8,0,0.2,0,-38.4,0,55.2,0,-26.8,0,-27.1,0,134.6,0,-109.4,0,105.3,0,-135.6,0,181.6,0,-89.2,0,173.4,0,-95.7
983,0,94.7,0,-126.1,0,-18.8,0,73.9,0,-45.4,0,44.2,0,-41.5,0,103,0,12,0,77.9,0,-155.9,0,35,0,-2.3,0,75.2,0,-6.7,0,-49.2,0,81.4,0,-39.8,0,34.9,0,581.7,0,-282.7,0,-315.3,0,156.6,0,-99,0,17,0,71.5,0,131.7,0,-161.9,0,-21.8,0,100,0,-129.2,0,55.4,0,36.8,0,84.4,0,-171.3,0,132.7,0,-190.8,0,0.2,0,-38.4,0,55.2,0,-26.8,0,-27.1,0,134.6,0,-109.4,0,105.3,0,-135.6,0,181.6,0,-89.2,0,173.4,0,-95.7,0
984,94.7,0,-126.1,0,-18.8,0,73.9,0,-45.4,0,44.2,0,-41.5,0,103,0,12,0,77.9,0,-155.9,0,35,0,-2.3,0,75.2,0,-6.7,0,-49.2,0,81.4,0,-39.8,0,34.9,0,581.7,0,-282.7,0,-315.3,0,156.6,0,-99,0,17,0,71.5,0,131.7,0,-161.9,0,-21.8,0,100,0,-129.2,0,55.4,0,36.8,0,84.4,0,-171.3,0,132.7,0,-190.8,0,0.2,0,-38.4,0,55.2,0,-26.8,0,-27.1,0,134.6,0,-109.4,0,105.3,0,-135.6,0,181.6,0,-89.2,0,173.4,0,-95.7,0,-3.9
985,0,-126.1,0,-18.8,0,73.9,0,-45.4,0,44.2,0,-41.5,0,103,0,12,0,77.9,0,-155.9,0,35,0,-2.3,0,75.2,0,-6.7,0,-49.2,0,81.4,0,-39.8,0,34.9,0,581.7,0,-282.7,0,-315.3,0,156.6,0,-99,0,17,0,71.5,0,131.7,0,-161.9,0,-21.8,0,100,0,-129.2,0,55.4,0,36.8,0,84.4,0,-171.3,0,132.7,0,-190.8,0,0.2,0,-38.4,0,55.2,0,-26.8,0,-27.1,0,134.6,0,-109.4,0,105.3,0,-135.6,0,181.6,0,-89.2,0,173.4,0,-95.7,0,-3.9,0
986,-126.1,0,-18.8,0,73.9,0,-45.4,0,44.2,0,-41.5,0,103,0,12,0,77.9,0,-155.9,0,35,0,-2.3,0,75.2,0,-6.7,0,-49.2,0,81.4,0,-39.8,0,34.9,0,581.7,0,-282.7,0,-315.3,0,156.6,0,-99,0,17,0,71.5,0,131.7,0,-161.9,0,-21.8,0,100,0,-129.2,0,55.4,0,36.8,0,84.4,0,-171.3,0,132.7,0,-190.8,0,0.2,0,-38.4,0,55.2,0,-26.8,0,-27.1,0,134.6,0,-109.4,0,105.3,0,-135.6,0,181.6,0,-89.2,0,173.4,0,-95.7,0,-3.9,0,-34.7
987,0,-18.8,0,73.9,0,-45.4,0,44.2,0,-41.5,0,103,0,12,0,77.9,0,-155.9,0,35,0,-2.3,0,75.2,0,-6.7,0,-49.2,0,81.4,0,-39.8,0,34.9,0,581.7,0,-282.7,0,-315.3,0,156.6,0,-99,0,17,0,71.5,0,131.7,0,-161.9,0,-21.8,0,100,0,-129.2,0,55.4,0,36.8,0,84.4,0,-171.3,0,132.7,0,-190.8,0,0.2,0,-38.4,0,55.2,0,-26.8,0,-27.1,0,134.6,0,-109.4,0,105.3,0,-135.6,0,181.6,0,-89.2,0,173.4,0,-95.7,0,-3.9,0,-34.7,0
988,-18.8,0,73.9,0,-45.4,0,44.2,0,-41.5,0,103,0,12,0,77.9,0,-155.9,0,35,0,-2.3,0,75.2,0,-6.7,0,-49.2,0,81.4,0,-39.8,0,34.9,0,581.7,0,-282.7,0,-315.3,0,156.6,0,-99,0,17,0,71.5,0,131.7,0,-161.9,0,-21.8,0,100,0,-129.2,0,55.4,0,36.8,0,84.4,0,-171.3,0,132.7,0,-190.8,0,0.2,0,-38.4,0,55.2,0,-26.8,0,-27.1,0,134.6,0,-109.4,0,105.3,0,-135.6,0,181.6,0,-89.2,0,173.4,0,-95.7,0,-3.9,0,-34.7,0,152
989,0,73.9,0,-45.4,0,44.2,0,-41.5,0,103,0,12,0,77.9,0,-155.9,0,35,0,-2.3,0,75.2,0,-6.7,0,-49.2,0,81.4,0,-39.8,0,34.9,0,581.7,0,-282.7,0,-315.3,0,156.6,0,-99,0,17,0,71.5,0,131.7,0,-161.9,0,-21.8,0,100,0,-129.2,0,55.4,0,36.8,0,84.4,0,-171.3,0,132.7,0,-190.8,0,0.2,0,-38.4,0,55.2,0,-26.8,0,-27.1,0,134.6,0,-109.4,0,105.3,0,-135.6,0,181.6,0,-89.2,0,173.4,0,-95.7,0,-3.9,0,-34.7,0,152,0
990,73.9,0,-45.4,0,44.2,0,-41.5,0,103,0,12,0,77.9,0,-155.9,0,35,0,-2.3,0,75.2,0,-6.7,0,-49.2,0,81.4,0,-39.8,0,34.9,0,581.7,0,-282.7,0,-315.3,0,156.6,0,-99,0,17,0,71.5,0,131.7,0,-161.9,0,-21.8,0,100,0,-129.2,0,55.4,0,36.8,0,84.4,0,-171.3,0,132.7,0,-190.8,0,0.2,0,-38.4,0,55.2,0,-26.8,0,-27.1,0,134.6,0,-109.4,0,105.3,0,-135.6,0,181.6,0,-89.2,0,173.4,0,-95.7,0,-3.9,0,-34.7,0,152,0,-132.8
991,0,-45.4,0,44.2,0,-41.5,0,103,0,12,0,77.9,0,-155.9,0,35,0,-2.3,0,75.2,0,-6.7,0,-49.2,0,81.4,0,-39.8,0,34.9,0,581.7,0,-282.7,0,-315.3,0,156.6,0,-99,0,17,0,71.5,0,131.7,0,-161.9,0,-21.8,0,100,0,-129.2,0,55.4,0,36.8,0,84.4,0,-171.3,0,132.7,0,-190.8,0,0.2,0,-38.4,0,55.2,0,-26.8,0,-27.1,0,134.6,0,-109.4,0,105.3,0,-135.6,0,181.6,0,-89.2,0,173.4,0,-95.7,0,-3.9,0,-34.7,0,152,0,-132.8,0
992,-45.4,0,44.2,0,-41.5,0,103,0,12,0,77.9,0,-155.9,0,35,0,-2.3,0,75.2,0,-6.7,0,-49.2,0,81.4,0,-39.8,0,34.9,0,581.7,0,-282.7,0,-315.3,0,156.6,0,-99,0,17,0,71.5,0,131.7,0,-161.9,0,-21.8,0,100,0,-129.2,0,55.4,0,36.8,0,84.4,0,-171.3,0,132.7,0,-190.8,0,0.2,0,-38.4,0,55.2,0,-26.8,0,-27.1,0,134.6,0,-109.4,0,105.3,0,-135.6,0,181.6,0,-89.2,0,173.4,0,-95.7,0,-3.9,0,-34.7,0,152,0,-132.8,0,-72.5
993,0,44.2,0,-41.5,0,103,0,12,0,77.9,0,-155.9,0,35,0,-2.3,0,75.2,0,-6.7,0,-49.2,0,81.4,0,-39.8,0,34.9,0,581.7,0,-282.7,0,-315.3,0,156.6,0,-99,0,17,0,71.5,0,131.7,0,-161.9,0,-21.8,0,100,0,-129.2,0,55.4,0,36.8,0,84.4,0,-171.3,0,132.7,0,-190.8,0,0.2,0,-38.4,0,55.2,0,-26.8,0,-27.1,0,134.6,0,-109.4,0,105.3,0,-135.6,0,181.6,0,-89.2,0,173.4,0,-95.7,0,-3.9,0,-34.7,0,152,0,-132.8,0,-72.5,0
994,44.2,0,-41.5,0,103,0,12,0,77.9,0,-155.9,0,35,0,-2.3,0,75.2,0,-6.7,0,-49.2,0,81.4,0,-39.8,0,34.9,0,581.7,0,-282.7,0,-315.3,0,156.6,0,-99,0,17,0,71.5,0,131.7,0,-161.9,0,-21.8,0,100,0,-129.2,0,55.4,0,36.8,0,84.4,0,-171.3,0,132.7,0,-190.8,0,0.2,0,-38.4,0,55.2,0,-26.8,0,-27.1,0,134.6,0,-109.4,0,105.3,0,-135.6,0,181.6,0,-89.2,0,173.4,0,-95.7,0,-3.9,0,-34.7,0,152,0,-132.8,0,-72.5,0,208.1
995,0,-41.5,0,103,0,12,0,77.9,0,-155.9,0,35,0,-2.3,0,75.2,0,-6.7,0,-49.2,0,81.4,0,-39.8,0,34.9,0,581.7,0,-282.7,0,-315.3,0,156.6,0,-99,0,17,0,71.5,0,131.7,0,-161.9,0,-21.8,0,100,0,-129.2,0,55.4,0,36.8,0,84.4,0,-171.3,0,132.7,0,-190.8,0,0.2,0,-38.4,0,55.2,0,-26.8,0,-27.1,0,134.6,0,-109.4,0,105.3,0,-135.6,0,181.6,0,-89.2,0,173.4,0,-95.7,0,-3.9,0,-34.7,0,152,0,-132.8,0,-72.5,0,208.1,0
996,-41.5,0,103,0,12,0,77.9,0,-155.9,0,35,0,-2.3,0,75.2,0,-6.7,0,-49.2,0,81.4,0,-39.8,0,34.9,0,581.7,0,-282.7,0,-315.3,0,156.6,0,-99,0,17,0,71.5,0,131.7,0,-161.9,0,-21.8,0,100,0,-129.2,0,55.4,0,36.8,0,84.4,0,-171.3,0,132.7,0,-190.8,0,0.2,0,-38.4,0,55.2,0,-26.8,0,-27.1,0,134.6,0,-109.4,0,105.3,0,-135.6,0,181.6,0,-89.2,0,173.4,0,-95.7,0,-3.9,0,-34.7,0,152,0,-132.8,0,-72.5,0,208.1,0,-133.7
997,0,103,0,12,0,77.9,0,-155.9,0,35,0,-2.3,0,75.2,0,-6.7,0,-49.2,0,81.4,0,-39.8,0,34.9,0,581.7,0,-282.7,0,-315.3,0,156.6,0,-99,0,17,0,71.5,0,131.7,0,-161.9,0,-21.8,0,100,0,-129.2,0,55.4,0,36.8,0,84.4,0,-171.3,0,132.7,0,-190.8,0,0.2,0,-38.4,0,55.2,0,-26.8,0,-27.1,0,134.6,0,-109.4,0,105.3,0,-135.6,0,181.6,0,-89.2,0,173.4,0,-95.7,0,-3.9,0,-34.7,0,152,0,-132.8,0,-72.5,0,208.1,0,-133.7,0
998,103,0,12,0,77.9,0,-155.9,0,35,0,-2.3,0,75.2,0,-6.7,0,-49.2,0,81.4,0,-39.8,0,34.9,0,581.7,0,-282.7,0,-315.3,0,156.6,0,-99,0,17,0,71.5,0,131.7,0,-161.9,0,-21.8,0,100,0,-129.2,0,55.4,0,36.8,0,84.4,0,-171.3,0,132.7,0,-190.8,0,0.2,0,-38.4,0,55.2,0,-26.8,0,-27.1,0,134.6,0,-109.4,0,105.3,0,-135.6,0,181.6,0,-89.2,0,173.4,0,-95.7,0,-3.9,0,-34.7,0,152,0,-132.8,0,-72.5,0,208.1,0,-133.7,0,39.2
999,0,12,0,77.9,0,-155.9,0,35,0,-2.3,0,75.2,0,-6.7,0,-49.2,0,81.4,0,-39.8,0,34.9,0,581.7,0,-282.7,0,-315.3,0,156.6,0,-99,0,17,0,71.5,0,131.7,0,-161.9,0,-21.8,0,100,0,-129.2,0,55.4,0,36.8,0,84.4,0,-171.3,0,132.7,0,-190.8,0,0.2,0,-38.4,0,55.2,0,-26.8,0,-27.1,0,134.6,0,-109.4,0,105.3,0,-135.6,0,181.6,0,-89.2,0,173.4,0,-95.7,0,-3.9,0,-34.7,0,152,0,-132.8,0,-72.5,0,208.1,0,-133.7,0,39.2,0
1000,12,0,77.9,0,-155.9,0,35,0,-2.3,0,75.2,0,-6.7,0,-49.2,0,81.4,0,-39.8,0,34.9,0,581.7,0,-282.7,0,-315.3,0,156.6,0,-99,0,17,0,71.5,0,131.7,0,-161.9,0,-21.8,0,100,0,-129.2,0,55.4,0,36.8,0,84.4,0,-171.3,0,132.7,0,-190.8,0,0.2,0,-38.4,0,55.2,0,-26.8,0,-27.1,0,134.6,0,-109.4,0,105.3,0,-135.6,0,181.6,0,-89.2,0,173.4,0,-95.7,0,-3.9,0,-34.7,0,152,0,-132.8,0,-72.5,0,208.1,0,-133.7,0,39.2,0,-28
1001,0,77.9,0,-155.9,0,35,0,-2.3,0,75.2,0,-6.7,0,-49.2,0,81.4,0,-39.8,0,34.9,0,581.7,0,-282.7,0,-315.3,0,156.6,0,-99,0,17,0,71.5,0,131.7,0,-161.9,0,-21.8,0,100,0,-129.2,0,55.4,0,36.8,0,84.4,0,-171.3,0,132.7,0,-190.8,0,0.2,0,-38.4,0,55.2,0,-26.8,0,-27.1,0,134.6,0,-109.4,0,105.3,0,-135.6,0,181.6,0,-89.2,0,173.4,0,-95.7,0,-3.9,0,-34.7,0,152,0,-132.8,0,-72.5,0,208.1,0,-133.7,0,39.2,0,-28,0
1002,77.9,0,-155.9,0,35,0,-2.3,0,75.2,0,-6.7,0,-49.2,0,81.4,0,-39.8,0,34.9,0,581.7,0,-282.7,0,-315.3,0,156.6,0,-99,0,17,0,71.5,0,131.7,0,-161.9,0,-21.8,0,100,0,-129.2,0,55.4,0,36.8,0,84.4,0,-171.3,0,132.7,0,-190.8,0,0.2,0,-38.4,0,55.2,0,-26.8,0,-27.1,0,134.6,0,-109.4,0,105.3,0,-135.6,0,181.6,0,-89.2,0,173.4,0,-95.7,0,-3.9,0,-34.7,0,152,0,-132.8,0,-72.5,0,208.1,0,-133.7,0,39.2,0,-28,0,233.9
1003,0,-155.9,0,35,0,-2.3,0,75.2,0,-6.7,0,-49.2,0,81.4,0,-39.8,0,34.9,0,581.7,0,-282.7,0,-315.3,0,156.6,0,-99,0,17,0,71.5,0,131.7,0,-161.9,0,-21.8,0,100,0,-129.2,0,55.4,0,36.8,0,84.4,0,-171.3,0,132.7,0,-190.8,0,0.2,0,-38.4,0,55.2,0,-26.8,0,-27.1,0,134.6,0,-109.4,0,105.3,0,-135.6,0,181.6,0,-89.2,0,173.4,0,-95.7,0,-3.9,0,-34.7,0,152,0,-132.8,0,-72.5,0,208.1,0,-133.7,0,39.2,0,-28,0,233.9,0
1004,-155.9,0,35,0,-2.3,0,75.2,0,-6.7,0,-49.2,0,81.4,0,-39.8,0,34.9,0,581.7,0,-282.7,0,-315.3,0,156.6,0,-99,0,17,0,71.5,0,131.7,0,-161.9,0,-21.8,0,100,0,-129.2,0,55.4,0,36.8,0,84.4,0,-171.3,0,132.7,0,-190.8,0,0.2,0,-38.4,0,55.2,0,-26.8,0,-27.1,0,134.6,0,-109.4,0,105.3,0,-135.6,0,181.6,0,-89.2,0,173.4,0,-95.7,0,-3.9,0,-34.7,0,152,0,-132.8,0,-72.5,0,208.1,0,-133.7,0,39.2,0,-28,0,233.9,0,-204.9
1005,0,35,0,-2.3,0,75.2,0,-6.7,0,-49.2,0,81.4,0,-39.8,0,34.9,0,581.7,0,-282.7,0,-315.3,0,156.6,0,-99,0,17,0,71.5,0,131.7,0,-161.9,0,-21.8,0,100,0,-129.2,0,55.4,0,36.8,0,84.4,0,-171.3,0,132.7,0,-190.8,0,0.2,0,-38.4,0,55.2,0,-26.8,0,-27.1,0,134.6,0,-109.4,0,105.3,0,-135.6,0,181.6,0,-89.2,0,173.4,0,-95.7,0,-3.9,0,-34.7,0,152,0,-132.8,0,-72.5,0,208.1,0,-133.7,0,39.2,0,-28,0,233.9,0,-204.9,0
1006,35,0,-2.3,0,75.2,0,-6.7,0,-49.2,0,81.4,0,-39.8,0,34.9,0,581.7,0,-282.7,0,-315.3,0,156.6,0,-99,0,17,0,71.5,0,131.7,0,-161.9,0,-21.8,0,100,0,-129.2,0,55.4,0,36.8,0,84.4,0,-171.3,0,132.7,0,-190.8,0,0.2,0,-38.4,0,55.2,0,-26.8,0,-27.1,0,134.6,0,-109.4,0,105.3,0,-135.6,0,181.6,0,-89.2,0,173.4,0,-95.7,0,-3.9,0,-34.7,0,152,0,-132.8,0,-72.5,0,208.1,0,-133.7,0,39.2,0,-28,0,233.9,0,-204.9,0,326.5
1007,0,-2.3,0,75.2,0,-6.7,0,-49.2,0,81.4,0,-39.8,0,34.9,0,581.7,0,-282.7,0,-315.3,0,156.6,0,-99,0,17,0,71.5,0,131.7,0,-161.9,0,-21.8,0,100,0,-129.2,0,55.4,0,36.8,0,84.4,0,-171.3,0,132.7,0,-190.8,0,0.2,0,-38.4,0,55.2,0,-26.8,0,-27.1,0,134.6,0,-109.4,0,105.3,0,-135.6,0,181.6,0,-89.2,0,173.4,0,-95.7,0,-3.9,0,-34.7,0,152,0,-132.8,0,-72.5,0,208.1,0,-133.7,0,39.2,0,-28,0,233.9,0,-204.9,0,326.5,0
1008,-2.3,0,75.2,0,-6.7,0,-49.2,0,81.4,0,-39.8,0,34.9,0,581.7,0,-282.7,0,-315.3,0,156.6,0,-99,0,17,0,71.5,0,131.7,0,-161.9,0,-21.8,0,100,0,-129.2,0,55.4,0,36.8,0,84.4,0,-171.3,0,132.7,0,-190.8,0,0.2,0,-38.4,0,55.2,0,-26.8,0,-27.1,0,134.6,0,-109.4,0,105.3,0,-135.6,0,181.6,0,-89.2,0,173.4,0,-95.7,0,-3.9,0,-34.7,0,152,0,-132.8,0,-72.5,0,208.1,0,-133.7,0,39.2,0,-28,0,233.9,0,-204.9,0,326.5,0,-243.3
1009,0,75.2,0,-6.7,0,-49.2,0,81.4,0,-39.8,0,34.9,0,581.7,0,-282.7,0,-315.3,0,156.6,0,-99,0,17,0,71.5,0,131.7,0,-161.9,0,-21.8,0,100,0,-129.2,0,55.4,0,36.8,0,84.4,0,-171.3,0,132.7,0,-190.8,0,0.2,0,-38.4,0,55.2,0,-26.8,0,-27.1,0,134.6,0,-109.4,0,105.3,0,-135.6,0,181.6,0,-89.2,0,173.4,0,-95.7,0,-3.9,0,-34.7,0,152,0,-132.8,0,-72.5,0,208.1,0,-133.7,0,39.2,0,-28,0,233.9,0,-204.9,0,326.5,0,-243.3,0
1010,75.2,0,-6.7,0,-49.2,0,81.4,0,-39.8,0,34.9,0,581.7,0,-282.7,0,-315.3,0,156.6,0,-99,0,17,0,71.5,0,131.7,0,-161.9,0,-21.8,0,100,0,-129.2,0,55.4,0,36.8,0,84.4,0,-171.3,0,132.7,0,-190.8,0,0.2,0,-38.4,0,55.2,0,-26.8,0,-27.1,0,134.6,0,-109.4,0,105.3,0,-135.6,0,181.6,0,-89.2,0,173.4,0,-95.7,0,-3.9,0,-34.7,0,152,0,-132.8,0,-72.5,0,208.1,0,-133.7,0,39.2,0,-28,0,233.9,0,-204.9,0,326.5,0,-243.3,0,71.2
1011,0,-6.7,0,-49.2,0,81.4,0,-39.8,0,34.9,0,581.7,0,-282.7,0,-315.3,0,156.6,0,-99,0,17,0,71.5,0,131.7,0,-161.9,0,-21.8,0,100,0,-129.2,0,55.4,0,36.8,0,84.4,0,-171.3,0,132.7,0,-190.8,0,0.2,0,-38.4,0,55.2,0,-26.8,0,-27.1,0,134.6,0,-109.4,0,105.3,0,-135.6,0,181.6,0,-89.2,0,173.4,0,-95.7,0,-3.9,0,-34.7,0,152,0,-132.8,0,-72.5,0,208.1,0,-133.7,0,39.2,0,-28,0,233.9,0,-204.9,0,326.5,0,-243.3,0,71.2,0
1012,-6.7,0,-49.2,0,81.4,0,-39.8,0,34.9,0,581.7,0,-282.7,0,-315.3,0,156.6,0,-99,0,17,0,71.5,0,131.7,0,-161.9,0,-21.8,0,100,0,-129.2,0,55.4,0,36.8,0,84.4,0,-171.3,0,132.7,0,-190.8,0,0.2,0,-38.4,0,55.2,0,-26.8,0,-27.1,0,134.6,0,-109.4,0,105.3,0,-135.6,0,181.6,0,-89.2,0,173.4,0,-95.7,0,-3.9,0,-34.7,0,152,0,-132.8,0,-72.5,0,208.1,0,-133.7,0,39.2,0,-28,0,233.9,0,-204.9,0,326.5,0,-243.3,0,71.2,0,-56.7
1013,0,-49.2,0,81.4,0,-39.8,0,34.9,0,581.7,0,-282.7,0,-315.3,0,156.6,0,-99,0,17,0,71.5,0,131.7,0,-161.9,0,-21.8,0,100,0,-129.2,0,55.4,0,36.8,0,84.4,0,-171.3,0,132.7,0,-190.8,0,0.2,0,-38.4,0,55.2,0,-26.8,0,-27.1,0,134.6,0,-109.4,0,105.3,0,-135.6,0,181.6,0,-89.2,0,173.4,0,-95.7,0,-3.9,0,-34.7,0,152,0,-132.8,0,-72.5,0,208.1,0,-133.7,0,39.2,0,-28,0,233.9,0,-204.9,0,326.5,0,-243.3,0,71.2,0,-56.7,0
1014,-49.2,0,81.4,0,-39.8,0,34.9,0,581.7,0,-282.7,0,-315.3,0,156.6,0,-99,0,17,0,71.5,0,131.7,0,-161.9,0,-21.8,0,100,0,-129.2,0,55.4,0,36.8,0,84.4,0,-171.3,0,132.7,0,-190.8,0,0.2,0,-38.4,0,55.2,0,-26.8,0,-27.1,0,134.6,0,-109.4,0,105.3,0,-135.6,0,181.6,0,-89.2,0,173.4,0,-95.7,0,-3.9,0,-34.7,0,152,0,-132.8,0,-72.5,0,208.1,0,-133.7,0,39.2,0,-28,0,233.9,0,-204.9,0,326.5,0,-243.3,0,71.2,0,-56.7,0,184.7
1015,0,81.4,0,-39.8,0,34.9,0,581.7,0,-282.7,0,-315.3,0,156.6,0,-99,0,17,0,71.5,0,131.7,0,-161.9,0,-21.8,0,100,0,-129.2,0,55.4,0,36.8,0,84.4,0,-171.3,0,132.7,0,-190.8,0,0.2,0,-38.4,0,55.2,0,-26.8,0,-27.1,0,134.6,0,-109.4,0,105.3,0,-135.6,0,181.6,0,-89.2,0,173.4,0,-95.7,0,-3.9,0,-34.7,0,152,0,-132.8,0,-72.5,0,208.1,0,-133.7,0,39.2,0,-28,0,233.9,0,-204.9,0,326.5,0,-243.3,0,71.2,0,-56.7,0,184.7,0
1016,81.4,0,-39.8,0,34.9,0,581.7,0,-282.7,0,-315.3,0,156.6,0,-99,0,17,0,71.5,0,131.7,0,-161.9,0,-21.8,0,100,0,-129.2,0,55.4,0,36.8,0,84.4,0,-171.3,0,132.7,0,-190.8,0,0.2,0,-38.4,0,55.2,0,-26.8,0,-27.1,0,134.6,0,-109.4,0,105.3,0,-135.6,0,181.6,0,-89.2,0,173.4,0,-95.7,0,-3.9,0,-34.7,0,152,0,-132.8,0,-72.5,0,208.1,0,-133.7,0,39.2,0,-28,0,233.9,0,-204.9,0,326.5,0,-243.3,0,71.2,0,-56.7,0,184.7,0,-108.5
1017,0,-39.8,0,34.9,0,581.7,0,-282.7,0,-315.3,0,156.6,0,-99,0,17,0,71.5,0,131.7,0,-161.9,0,-21.8,0,100,0,-129.2,0,55.4,0,36.8,0,84.4,0,-171.3,0,132.7,0,-190.8,0,0.2,0,-38.4,0,55.2,0,-26.8,0,-27.1,0,134.6,0,-109.4,0,105.3,0,-135.6,0,181.6,0,-89.2,0,173.4,0,-95.7,0,-3.9,0,-34.7,0,152,0,-132.8,0,-72.5,0,208.1,0,-133.7,0,39.2,0,-28,0,233.9,0,-204.9,0,326.5,0,-243.3,0,71.2,0,-56.7,0,184.7,0,-108.5,0
1018,-39.8,0,34.9,0,581.7,0,-282.7,0,-315.3,0,156.6,0,-99,0,17,0,71.5,0,131.7,0,-161.9,0,-21.8,0,100,0,-129.2,0,55.4,0,36.8,0,84.4,0,-171.3,0,132.7,0,-190.8,0,0.2,0,-38.4,0,55.2,0,-26.8,0,-27.1,0,134.6,0,-109.4,0,105.3,0,-135.6,0,181.6,0,-89.2,0,173.4,0,-95.7,0,-3.9,0,-34.7,0,152,0,-132.8,0,-72.5,0,208.1,0,-133.7,0,39.2,0,-28,0,233.9,0,-204.9,0,326.5,0,-243.3,0,71.2,0,-56.7,0,184.7,0,-108.5,0,-67.9
1019,0,34.9,0,581.7,0,-282.7,0,-315.3,0,156.6,0,-99,0,17,0,71.5,0,131.7,0,-161.9,0,-21.8,0,100,0,-129.2,0,55.4,0,36.8,0,84.4,0,-171.3,0,132.7,0,-190.8,0,0.2,0,-38.4,0,55.2,0,-26.8,0,-27.1,0,134.6,0,-109.4,0,105.3,0,-135.6,0,181.6,0,-89.2,0,173.4,0,-95.7,0,-3.9,0,-34.7,0,152,0,-132.8,0,-72.5,0,208.1,0,-133.7,0,39.2,0,-28,0,233.9,0,-204.9,0,326.5,0,-243.3,0,71.2,0,-56.7,0,184.7,0,-108.5,0,-67.9,0
1020,34.9,0,581.7,0,-282.7,0,-315.3,0,156.6,0,-99,0,17,0,71.5,0,131.7,0,-161.9,0,-21.8,0,100,0,-129.2,0,55.4,0,36.8,0,84.4,0,-171.3,0,132.7,0,-190.8,0,0.2,0,-38.4,0,55.2,0,-26.8,0,-27.1,0,134.6,0,-109.4,0,105.3,0,-135.6,0,181.6,0,-89.2,0,173.4,0,-95.7,0,-3.9,0,-34.7,0,152,0,-132.8,0,-72.5,0,208.1,0,-133.7,0,39.2,0,-28,0,233.9,0,-204.9,0,326.5,0,-243.3,0,71.2,0,-56.7,0,184.7,0,-108.5,0,-67.9,0,266.5
1021,0,581.7,0,-282.7,0,-315.3,0,156.6,0,-99,0,17,0,71.5,0,131.7,0,-161.9,0,-21.8,0,100,0,-129.2,0,55.4,0,36.8,0,84.4,0,-171.3,0,132.7,0,-190.8,0,0.2,0,-38.4,0,55.2,0,-26.8,0,-27.1,0,134.6,0,-109.4,0,105.3,0,-135.6,0,181.6,0,-89.2,0,173.4,0,-95.7,0,-3.9,0,-34.7,0,152,0,-132.8,0,-72.5,0,208.1,0,-133.7,0,39.2,0,-28,0,233.9,0,-204.9,0,326.5,0,-243.3,0,71.2,0,-56.7,0,184.7,0,-108.5,0,-67.9,0,266.5,0
1022,581.7,0,-282.7,0,-315.3,0,156.6,0,-99,0,17,0,71.5,0,131.7,0,-161.9,0,-21.8,0,100,0,-129.2,0,55.4,0,36.8,0,84.4,0,-171.3,0,132.7,0,-190.8,0,0.2,0,-38.4,0,55.2,0,-26.8,0,-27.1,0,134.6,0,-109.4,0,105.3,0,-135.6,0,181.6,0,-89.2,0,173.4,0,-95.7,0,-3.9,0,-34.7,0,152,0,-132.8,0,-72.5,0,208.1,0,-133.7,0,39.2,0,-28,0,233.9,0,-204.9,0,326.5,0,-243.3,0,71.2,0,-56.7,0,184.7,0,-108.5,0,-67.9,0,266.5,0,-135.4
1023,0,-282.7,0,-315.3,0,156.6,0,-99,0,17,0,71.5,0,131.7,0,-161.9,0,-21.8,0,100,0,-129.2,0,55.4,0,36.8,0,84.4,0,-171.3,0,132.7,0,-190.8,0,0.2,0,-38.4,0,55.2,0,-26.8,0,-27.1,0,134.6,0,-109.4,0,105.3,0,-135.6,0,181.6,0,-89.2,0,173.4,0,-95.7,0,-3.9,0,-34.7,0,152,0,-132.8,0,-72.5,0,208.1,0,-133.7,0,39.2,0,-28,0,233.9,0,-204.9,0,326.5,0,-243.3,0,71.2,0,-56.7,0,184.7,0,-108.5,0,-67.9,0,266.5,0,-135.4,0
1024,-282.7,0,-315.3,0,156.6,0,-99,0,17,0,71.5,0,131.7,0,-161.9,0,-21.8,0,100,0,-129.2,0,55.4,0,36.8,0,84.4,0,-171.3,0,132.7,0,-190.8,0,0.2,0,-38.4,0,55.2,0,-26.8,0,-27.1,0,134.6,0,-109.4,0,105.3,0,-135.6,0,181.6,0,-89.2,0,173.4,0,-95.7,0,-3.9,0,-34.7,0,152,0,-132.8,0,-72.5,0,208.1,0,-133.7,0,39.2,0,-28,0,233.9,0,-204.9,0,326.5,0,-243.3,0,71.2,0,-56.7,0,184.7,0,-108.5,0,-67.9,0,266.5,0,-135.4,0,54.7
1025,0,-315.3,0,156.6,0,-99,0,17,0,71.5,0,131.7,0,-161.9,0,-21.8,0,100,0,-129.2,0,55.4,0,36.8,0,84.4,0,-171.3,0,132.7,0,-190.8,0,0.2,0,-38.4,0,55.2,0,-26.8,0,-27.1,0,134.6,0,-109.4,0,105.3,0,-135.6,0,181.6,0,-89.2,0,173.4,0,-95.7,0,-3.9,0,-34.7,0,152,0,-132.8,0,-72.5,0,208.1,0,-133.7,0,39.2,0,-28,0,233.9,0,-204.9,0,326.5,0,-243.3,0,71.2,0,-56.7,0,184.7,0,-108.5,0,-67.9,0,266.5,0,-135.4,0,54.7,0
1026,-315.3,0,156.6,0,-99,0,17,0,71.5,0,131.7,0,-161.9,0,-21.8,0,100,0,-129.2,0,55.4,0,36.8,0,84.4,0,-171.3,0,132.7,0,-190.8,0,0.2,0,-38.4,0,55.2,0,-26.8,0,-27.1,0,134.6,0,-109.4,0,105.3,0,-135.6,0,181.6,0,-89.2,0,173.4,0,-95.7,0,-3.9,0,-34.7,0,152,0,-132.8,0,-72.5,0,208.1,0,-133.7,0,39.2,0,-28,0,233.9,0,-204.9,0,326.5,0,-243.3,0,71.2,0,-56.7,0,184.7,0,-108.5,0,-67.9,0,266.5,0,-135.4,0,54.7,0,-269.6
1027,0,156.6,0,-99,0,17,0,71.5,0,131.7,0,-161.9,0,-21.8,0,100,0,-129.2,0,55.4,0,36.8,0,84.4,0,-171.3,0,132.7,0,-190.8,0,0.2,0,-38.4,0,55.2,0,-26.8,0,-27.1,0,134.6,0,-109.4,0,105.3,0,-135.6,0,181.6,0,-89.2,0,173.4,0,-95.7,0,-3.9,0,-34.7,0,152,0,-132.8,0,-72.5,0,208.1,0,-133.7,0,39.2,0,-28,0,233.9,0,-204.9,0,326.5,0,-243.3,0,71.2,0,-56.7,0,184.7,0,-108.5,0,-67.9,0,266.5,0,-135.4,0,54.7,0,-269.6,0
1028,156.6,0,-99,0,17,0,71.5,0,131.7,0,-161.9,0,-21.8,0,100,0,-129.2,0,55.4,0,36.8,0,84.4,0,-171.3,0,132.7,0,-190.8,0,0.2,0,-38.4,0,55.2,0,-26.8,0,-27.1,0,134.6,0,-109.4,0,105.3,0,-135.6,0,181.6,0,-89.2,0,173.4,0,-95.7,0,-3.9,0,-34.7,0,152,0,-132.8,0,-72.5,0,208.1,0,-133.7,0,39.2,0,-28,0,233.9,0,-204.9,0,326.5,0,-243.3,0,71.2,0,-56.7,0,184.7,0,-108.5,0,-67.9,0,266.5,0,-135.4,0,54.7,0,-269.6,0,341.6
1029,0,-99,0,17,0,71.5,0,131.7,0,-161.9,0,-21.8,0,100,0,-129.2,0,55.4,0,36.8,0,84.4,0,-171.3,0,132.7,0,-190.8,0,0.2,0,-38.4,0,55.2,0,-26.8,0,-27.1,0,134.6,0,-109.4,0,105.3,0,-135.6,0,181.6,0,-89.2,0,173.4,0,-95.7,0,-3.9,0,-34.7,0,152,0,-132.8,0,-72.5,0,208.1,0,-133.7,0,39.2,0,-28,0,233.9,0,-204.9,0,326.5,0,-243.3,0,71.2,0,-56.7,0,184.7,0,-108.5,0,-67.9,0,266.5,0,-135.4,0,54.7,0,-269.6,0,341.6,0
1030,-99,0,17,0,71.5,0,131.7,0,-161.9,0,-21.8,0,100,0,-129.2,0,55.4,0,36.8,0,84.4,0,-171.3,0,132.7,0,-190.8,0,0.2,0,-38.4,0,55.2,0,-26.8,0,-27.1,0,134.6,0,-109.4,0,105.3,0,-135.6,0,181.6,0,-89.2,0,173.4,0,-95.7,0,-3.9,0,-34.7,0,152,0,-132.8,0,-72.5,0,208.1,0,-133.7,0,39.2,0,-28,0,233.9,0,-204.9,0,326.5,0,-243.3,0,71.2,0,-56.7,0,184.7,0,-108.5,0,-67.9,0,266.5,0,-135.4,0,54.7,0,-269.6,0,341.6,0,-273.4
1031,0,17,0,71.5,0,131.7,0,-161.9,0,-21.8,0,100,0,-129.2,0,55.4,0,36.8,0,84.4,0,-171.3,0,132.7,0,-190.8,0,0.2,0,-38.4,0,55.2,0,-26.8,0,-27.1,0,134.6,0,-109.4,0,105.3,0,-135.6,0,181.6,0,-89.2,0,173.4,0,-95.7,0,-3.9,0,-34.7,0,152,0,-132.8,0,-72.5,0,208.1,0,-133.7,0,39.2,0,-28,0,233.9,0,-204.9,0,326.5,0,-243.3,0,71.2,0,-56.7,0,184.7,0,-108.5,0,-67.9,0,266.5,0,-135.4,0,54.7,0,-269.6,0,341.6,0,-273.4,0
1032,17,0,71.5,0,131.7,0,-161.9,0,-21.8,0,100,0,-129.2,0,55.4,0,36.8,0,84.4,0,-171.3,0,132.7,0,-190.8,0,0.2,0,-38.4,0,55.2,0,-26.8,0,-27.1,0,134.6,0,-109.4,0,105.3,0,-135.6,0,181.6,0,-89.2,0,173.4,0,-95.7,0,-3.9,0,-34.7,0,152,0,-132.8,0,-72.5,0,208.1,0,-133.7,0,39.2,0,-28,0,233.9,0,-204.9,0,326.5,0,-243.3,0,71.2,0,-56.7,0,184.7,0,-108.5,0,-67.9,0,266.5,0,-135.4,0,54.7,0,-269.6,0,341.6,0,-273.4,0,147
1033,0,71.5,0,131.7,0,-161.9,0,-21.8,0,100,0,-129.2,0,55.4,0,36.8,0,84.4,0,-171.3,0,132.7,0,-190.8,0,0.2,0,-38.4,0,55.2,0,-26.8,0,-27.1,0,134.6,0,-109.4,0,105.3,0,-135.6,0,181.6,0,-89.2,0,173.4,0,-95.7,0,-3.9,0,-34.7,0,152,0,-132.8,0,-72.5,0,208.1,0,-133.7,0,39.2,0,-28,0,233.9,0,-204.9,0,326.5,0,-243.3,0,71.2,0,-56.7,0,184.7,0,-108.5,0,-67.9,0,266.5,0,-135.4,0,54.7,0,-269.6,0,341.6,0,-273.4,0,147,0
1034,71.5,0,131.7,0,-161.9,0,-21.8,0,100,0,-129.2,0,55.4,0,36.8,0,84.4,0,-171.3,0,132.7,0,-190.8,0,0.2,0,-38.4,0,55.2,0,-26.8,0,-27.1,0,134.6,0,-109.4,0,105.3,0,-135.6,0,181.6,0,-89.2,0,173.4,0,-95.7,0,-3.9,0,-34.7,0,152,0,-132.8,0,-72.5,0,208.1,0,-133.7,0,39.2,0,-28,0,233.9,0,-204.9,0,326.5,0,-243.3,0,71.2,0,-56.7,0,184.7,0,-108.5,0,-67.9,0,266.5,0,-135.4,0,54.7,0,-269.6,0,341.6,0,-273.4,0,147,0,8.8
1035,0,131.7,0,-161.9,0,-21.8,0,100,0,-129.2,0,55.4,0,36.8,0,84.4,0,-171.3,0,132.7,0,-190.8,0,0.2,0,-38.4,0,55.2,0,-26.8,0,-27.1,0,134.6,0,-109.4,0,105.3,0,-135.6,0,181.6,0,-89.2,0,173.4,0,-95.7,0,-3.9,0,-34.7,0,152,0,-132.8,0,-72.5,0,208.1,0,-133.7,0,39.2,0,-28,0,233.9,0,-204.9,0,326.5,0,-243.3,0,71.2,0,-56.7,0,184.7,0,-108.5,0,-67.9,0,266.5,0,-135.4,0,54.7,0,-269.6,0,341.6,0,-273.4,0,147,0,8.8,0
1036,131.7,0,-161.9,0,-21.8,0,100,0,-129.2,0,55.4,0,36.8,0,84.4,0,-171.3,0,132.7,0,-190.8,0,0.2,0,-38.4,0,55.2,0,-26.8,0,-27.1,0,134.6,0,-109.4,0,105.3,0,-135.6,0,181.6,0,-89.2,0,173.4,0,-95.7,0,-3.9,0,-34.7,0,152,0,-132.8,0,-72.5,0,208.1,0,-133.7,0,39.2,0,-28,0,233.9,0,-204.9,0,326.5,0,-243.3,0,71.2,0,-56.7,0,184.7,0,-108.5,0,-67.9,0,266.5,0,-135.4,0,54.7,0,-269.6,0,341.6,0,-273.4,0,147,0,8.8,0,-123.3
1037,0,-161.9,0,-21.8,0,100,0,-129.2,0,55.4,0,36.8,0,84.4,0,-171.3,0,132.7,0,-190.8,0,0.2,0,-38.4,0,55.2,0,-26.8,0,-27.1,0,134.6,0,-109.4,0,105.3,0,-135.6,0,181.6,0,-89.2,0,173.4,0,-95.7,0,-3.9,0,-34.7,0,152,0,-132.8,0,-72.5,0,208.1,0,-133.7,0,39.2,0,-28,0,233.9,0,-204.9,0,326.5,0,-243.3,0,71.2,0,-56.7,0,184.7,0,-108.5,0,-67.9,0,266.5,0,-135.4,0,54.7,0,-269.6,0,341.6,0,-273.4,0,147,0,8.8,0,-123.3,0
1038,-161.9,0,-21.8,0,100,0,-129.2,0,55.4,0,36.8,0,84.4,0,-171.3,0,132.7,0,-190.8,0,0.2,0,-38.4,0,55.2,0,-26.8,0,-27.1,0,134.6,0,-109.4,0,105.3,0,-135.6,0,181.6,0,-89.2,0,173.4,0,-95.7,0,-3.9,0,-34.7,0,152,0,-132.8,0,-72.5,0,208.1,0,-133.7,0,39.2,0,-28,0,233.9,0,-204.9,0,326.5,0,-243.3,0,71.2,0,-56.7,0,184.7,0,-108.5,0,-67.9,0,266.5,0,-135.4,0,54.7,0,-269.6,0,341.6,0,-273.4,0,147,0,8.8,0,-123.3,0,-19.1
1039,0,-21.8,0,100,0,-129.2,0,55.4,0,36.8,0,84.4,0,-171.3,0,132.7,0,-190.8,0,0.2,0,-38.4,0,55.2,0,-26.8,0,-27.1,0,134.6,0,-109.4,0,105.3,0,-135.6,0,181.6,0,-89.2,0,173.4,0,-95.7,0,-3.9,0,-34.7,0,152,0,-132.8,0,-72.5,0,208.1,0,-133.7,0,39.2,0,-28,0,233.9,0,-204.9,0,326.5,0,-243.3,0,71.2,0,-56.7,0,184.7,0,-108.5,0,-67.9,0,266.5,0,-135.4,0,54.7,0,-269.6,0,341.6,0,-273.4,0,147,0,8.8,0,-123.3,0,-19.1,0
1040,-21.8,0,100,0,-129.2,0,55.4,0,36.8,0,84.4,0,-171.3,0,132.7,0,-190.8,0,0.2,0,-38.4,0,55.2,0,-26.8,0,-27.1,0,134.6,0,-109.4,0,105.3,0,-135.6,0,181.6,0,-89.2,0,173.4,0,-95.7,0,-3.9,0,-34.7,0,152,0,-132.8,0,-72.5,0,208.1,0,-133.7,0,39.2,0,-28,0,233.9,0,-204.9,0,326.5,0,-243.3,0,71.2,0,-56.7,0,184.7,0,-108.5,0,-67.9,0,266.5,0,-135.4,0,54.7,0,-269.6,0,341.6,0,-273.4,0,147,0,8.8,0,-123.3,0,-19.1,0,222.1
1041,0,100,0,-129.2,0,55.4,0,36.8,0,84.4,0,-171.3,0,132.7,0,-190.8,0,0.2,0,-38.4,0,55.2,0,-26.8,0,-27.1,0,134.6,0,-109.4,0,105.3,0,-135.6,0,181.6,0,-89.2,0,173.4,0,-95.7,0,-3.9,0,-34.7,0,152,0,-132.8,0,-72.5,0,208.1,0,-133.7,0,39.2,0,-28,0,233.9,0,-204.9,0,326.5,0,-243.3,0,71.2,0,-56.7,0,184.7,0,-108.5,0,-67.9,0,266.5,0,-135.4,0,54.7,0,-269.6,0,341.6,0,-273.4,0,147,0,8.8,0,-123.3,0,-19.1,0,222.1,0
1042,100,0,-129.2,0,55.4,0,36.8,0,84.4,0,-171.3,0,132.7,0,-190.8,0,0.2,0,-38.4,0,55.2,0,-26.8,0,-27.1,0,134.6,0,-109.4,0,105.3,0,-135.6,0,181.6,0,-89.2,0,173.4,0,-95.7,0,-3.9,0,-34.7,0,152,0,-132.8,0,-72.5,0,208.1,0,-133.7,0,39.2,0,-28,0,233.9,0,-204.9,0,326.5,0,-243.3,0,71.2,0,-56.7,0,184.7,0,-108.5,0,-67.9,0,266.5,0,-135.4,0,54.7,0,-269.6,0,341.6,0,-273.4,0,147,0,8.8,0,-123.3,0,-19.1,0,222.1,0,-93.7
1043,0,-129.2,0,55.4,0,36.8,0,84.4,0,-171.3,0,132.7,0,-190.8,0,0.2,0,-38.4,0,55.2,0,-26.8,0,-27.1,0,134.6,0,-109.4,0,105.3,0,-135.6,0,181.6,0,-89.2,0,173.4,0,-95.7,0,-3.9,0,-34.7,0,152,0,-132.8,0,-72.5,0,208.1,0,-133.7,0,39.2,0,-28,0,233.9,0,-204.9,0,326.5,0,-243.3,0,71.2,0,-56.7,0,184.7,0,-108.5,0,-67.9,0,266.5,0,-135.4,0,54.7,0,-269.6,0,341.6,0,-273.4,0,147,0,8.8,0,-123.3,0,-19.1,0,222.1,0,-93.7,0
1044,-129.2,0,55.4,0,36.8,0,84.4,0,-171.3,0,132.7,0,-190.8,0,0.2,0,-38.4,0,55.2,0,-26.8,0,-27.1,0,134.6,0,-109.4,0,105.3,0,-135.6,0,181.6,0,-89.2,0,173.4,0,-95.7,0,-3.9,0,-34.7,0,152,0,-132.8,0,-72.5,0,208.1,0,-133.7,0,39.2,0,-28,0,233.9,0,-204.9,0,326.5,0,-243.3,0,71.2,0,-56.7,0,184.7,0,-108.5,0,-67.9,0,266.5,0,-135.4,0,54.7,0,-269.6,0,341.6,0,-273.4,0,147,0,8.8,0,-123.3,0,-19.1,0,222.1,0,-93.7,0,-227.4
1045,0,55.4,0,36.8,0,84.4,0,-171.3,0,132.7,0,-190.8,0,0.2,0,-38.4,0,55.2,0,-26.8,0,-27.1,0,134.6,0,-109.4,0,105.3,0,-135.6,0,181.6,0,-89.2,0,173.4,0,-95.7,0,-3.9,0,-34.7,0,152,0,-132.8,0,-72.5,0,208.1,0,-133.7,0,39.2,0,-28,0,233.9,0,-204.9,0,326.5,0,-243.3,0,71.2,0,-56.7,0,184.7,0,-108.5,0,-67.9,0,266.5,0,-135.4,0,54.7,0,-269.6,0,341.6,0,-273.4,0,147,0,8.8,0,-123.3,0,-19.1,0,222.1,0,-93.7,0,-227.4,0
1046,55.4,0,36.8,0,84.4,0,-171.3,0,132.7,0,-190.8,0,0.2,0,-38.4,0,55.2,0,-26.8,0,-27.1,0,134.6,0,-109.4,0,105.3,0,-135.6,0,181.6,0,-89.2,0,173.4,0,-95.7,0,-3.9,0,-34.7,0,152,0,-132.8,0,-72.5,0,208.1,0,-133.7,0,39.2,0,-28,0,233.9,0,-204.9,0,326.5,0,-243.3,0,71.2,0,-56.7,0,184.7,0,-108.5,0,-67.9,0,266.5,0,-135.4,0,54.7,0,-269.6,0,341.6,0,-273.4,0,147,0,8.8,0,-123.3,0,-19.1,0,222.1,0,-93.7,0,-227.4,0,291.8
1047,0,36.8,0,84.4,0,-171.3,0,132.7,0,-190.8,0,0.2,0,-38.4,0,55.2,0,-26.8,0,-27.1,0,134.6,0,-109.4,0,105.3,0,-135.6,0,181.6,0,-89.2,0,173.4,0,-95.7,0,-3.9,0,-34.7,0,152,0,-132.8,0,-72.5,0,208.1,0,-133.7,0,39.2,0,-28,0,233.9,0,-204.9,0,326.5,0,-243.3,0,71.2,0,-56.7,0,184.7,0,-108.5,0,-67.9,0,266.5,0,-135.4,0,54.7,0,-269.6,0,341.6,0,-273.4,0,147,0,8.8,0,-123.3,0,-19.1,0,222.1,0,-93.7,0,-227.4,0,291.8,0
1048,36.8,0,84.4,0,-171.3,0,132.7,0,-190.8,0,0.2,0,-38.4,0,55.2,0,-26.8,0,-27.1,0,134.6,0,-109.4,0,105.3,0,-135.6,0,181.6,0,-89.2,0,173.4,0,-95.7,0,-3.9,0,-34.7,0,152,0,-132.8,0,-72.5,0,208.1,0,-133.7,0,39.2,0,-28,0,233.9,0,-204.9,0,326.5,0,-243.3,0,71.2,0,-56.7,0,184.7,0,-108.5,0,-67.9,0,266.5,0,-135.4,0,54.7,0,-269.6,0,341.6,0,-273.4,0,147,0,8.8,0,-123.3,0,-19.1,0,222.1,0,-93.7,0,-227.4,0,291.8,0,-124.3
1049,0,84.4,0,-171.3,0,132.7,0,-190.8,0,0.2,0,-38.4,0,55.2,0,-26.8,0,-27.1,0,134.6,0,-109.4,0,105.3,0,-135.6,0,181.6,0,-89.2,0,173.4,0,-95.7,0,-3.9,0,-34.7,0,152,0,-132.8,0,-72.5,0,208.1,0,-133.7,0,39.2,0,-28,0,233.9,0,-204.9,0,326.5,0,-243.3,0,71.2,0,-56.7,0,184.7,0,-108.5,0,-67.9,0,266.5,0,-135.4,0,54.7,0,-269.6,0,341.6,0,-273.4,0,147,0,8.8,0,-123.3,0,-19.1,0,222.1,0,-93.7,0,-227.4,0,291.8,0,-124.3,0
1050,84.4,0,-171.3,0,132.7,0,-190.8,0,0.2,0,-38.4,0,55.2,0,-26.8,0,-27.1,0,134.6,0,-109.4,0,105.3,0,-135.6,0,181.6,0,-89.2,0,173.4,0,-95.7,0,-3.9,0,-34.7,0,152,0,-132.8,0,-72.5,0,208.1,0,-133.7,0,39.2,0,-28,0,233.9,0,-204.9,0,326.5,0,-243.3,0,71.2,0,-56.7,0,184.7,0,-108.5,0,-67.9,0,266.5,0,-135.4,0,54.7,0,-269.6,0,341.6,0,-273.4,0,147,0,8.8,0,-123.3,0,-19.1,0,222.1,0,-93.7,0,-227.4,0,291.8,0,-124.3,0,35.7
1051,0,-171.3,0,132.7,0,-190.8,0,0.2,0,-38.4,0,55.2,0,-26.8,0,-27.1,0,134.6,0,-109.4,0,105.3,0,-135.6,0,181.6,0,-89.2,0,173.4,0,-95.7,0,-3.9,0,-34.7,0,152,0,-132.8,0,-72.5,0,208.1,0,-133.7,0,39.2,0,-28,0,233.9,0,-204.9,0,326.5,0,-243.3,0,71.2,0,-56.7,0,184.7,0,-108.5,0,-67.9,0,266.5,0,-135.4,0,54.7,0,-269.6,0,341.6,0,-273.4,0,147,0,8.8,0,-123.3,0,-19.1,0,222.1,0,-93.7,0,-227.4,0,291.8,0,-124.3,0,35.7,0
1052,-171.3,0,132.7,0,-190.8,0,0.2,0,-38.4,0,55.2,0,-26.8,0,-27.1,0,134.6,0,-109.4,0,105.3,0,-135.6,0,181.6,0,-89.2,0,173.4,0,-95.7,0,-3.9,0,-34.7,0,152,0,-132.8,0,-72.5,0,208.1,0,-133.7,0,39.2,0,-28,0,233.9,0,-204.9,0,326.5,0,-243.3,0,71.2,0,-56.7,0,184.7,0,-108.5,0,-67.9,0,266.5,0,-135.4,0,54.7,0,-269.6,0,341.6,0,-273.4,0,147,0,8.8,0,-123.3,0,-19.1,0,222.1,0,-93.7,0,-227.4,0,291.8,0,-124.3,0,35.7,0,-8.9
1053,0,132.7,0,-190.8,0,0.2,0,-38.4,0,55.2,0,-26.8,0,-27.1,0,134.6,0,-109.4,0,105.3,0,-135.6,0,181.6,0,-89.2,0,173.4,0,-95.7,0,-3.9,0,-34.7,0,152,0,-132.8,0,-72.5,0,208.1,0,-133.7,0,39.2,0,-28,0,233.9,0,-204.9,0,326.5,0,-243.3,0,71.2,0,-56.7,0,184.7,0,-108.5,0,-67.9,0,266.5,0,-135.4,0,54.7,0,-269.6,0,341.6,0,-273.4,0,147,0,8.8,0,-123.3,0,-19.1,0,222.1,0,-93.7,0,-227.4,0,291.8,0,-124.3,0,35.7,0,-8.9,0
1054,132.7,0,-190.8,0,0.2,0,-38.4,0,55.2,0,-26.8,0,-27.1,0,134.6,0,-109.4,0,105.3,0,-135.6,0,181.6,0,-89.2,0,173.4,0,-95.7,0,-3.9,0,-34.7,0,152,0,-132.8,0,-72.5,0,208.1,0,-133.7,0,39.2,0,-28,0,233.9,0,-204.9,0,326.5,0,-243.3,0,71.2,0,-56.7,0,184.7,0,-108.5,0,-67.9,0,266.5,0,-135.4,0,54.7,0,-269.6,0,341.6,0,-273.4,0,147,0,8.8,0,-123.3,0,-19.1,0,222.1,0,-93.7,0,-227.4,0,291.8,0,-124.3,0,35.7,0,-8.9,0,420.3
1055,0,-190.8,0,0.2,0,-38.4,0,55.2,0,-26.8,0,-27.1,0,134.6,0,-109.4,0,105.3,0,-135.6,0,181.6,0,-89.2,0,173.4,0,-95.7,0,-3.9,0,-34.7,0,152,0,-132.8,0,-72.5,0,208.1,0,-133.7,0,39.2,0,-28,0,233.9,0,-204.9,0,326.5,0,-243.3,0,71.2,0,-56.7,0,184.7,0,-108.5,0,-67.9,0,266.5,0,-135.4,0,54.7,0,-269.6,0,341.6,0,-273.4,0,147,0,8.8,0,-123.3,0,-19.1,0,222.1,0,-93.7,0,-227.4,0,291.8,0,-124.3,0,35.7,0,-8.9,0,420.3,0
1056,-190.8,0,0.2,0,-38.4,0,55.2,0,-26.8,0,-27.1,0,134.6,0,-109.4,0,105.3,0,-135.6,0,181.6,0,-89.2,0,173.4,0,-95.7,0,-3.9,0,-34.7,0,152,0,-132.8,0,-72.5,0,208.1,0,-133.7,0,39.2,0,-28,0,233.9,0,-204.9,0,326.5,0,-243.3,0,71.2,0,-56.7,0,184.7,0,-108.5,0,-67.9,0,266.5,0,-135.4,0,54.7,0,-269.6,0,341.6,0,-273.4,0,147,0,8.8,0,-123.3,0,-19.1,0,222.1,0,-93.7,0,-227.4,0,291.8,0,-124.3,0,35.7,0,-8.9,0,420.3,0,-274.2
1057,0,0.2,0,-38.4,0,55.2,0,-26.8,0,-27.1,0,134.6,0,-109.4,0,105.3,0,-135.6,0,181.6,0,-89.2,0,173.4,0,-95.7,0,-3.9,0,-34.7,0,152,0,-132.8,0,-72.5,0,208.1,0,-133.7,0,39.2,0,-28,0,233.9,0,-204.9,0,326.5,0,-243.3,0,71.2,0,-56.7,0,184.7,0,-108.5,0,-67.9,0,266.5,0,-135.4,0,54.7,0,-269.6,0,341.6,0,-273.4,0,147,0,8.8,0,-123.3,0,-19.1,0,222.1,0,-93.7,0,-227.4,0,291.8,0,-124.3,0,35.7,0,-8.9,0,420.3,0,-274.2,0
1058,0.2,0,-38.4,0,55.2,0,-26.8,0,-27.1,0,134.6,0,-109.4,0,105.3,0,-135.6,0,181.6,0,-89.2,0,173.4,0,-95.7,0,-3.9,0,-34.7,0,152,0,-132.8,0,-72.5,0,208.1,0,-133.7,0,39.2,0,-28,0,233.9,0,-204.9,0,326.5,0,-243.3,0,71.2,0,-56.7,0,184.7,0,-108.5,0,-67.9,0,266.5,0,-135.4,0,54.7,0,-269.6,0,341.6,0,-273.4,0,147,0,8.8,0,-123.3,0,-19.1,0,222.1,0,-93.7,0,-227.4,0,291.8,0,-124.3,0,35.7,0,-8.9,0,420.3,0,-274.2,0,151.1
1059,0,-38.4,0,55.2,0,-26.8,0,-27.1,0,134.6,0,-109.4,0,105.3,0,-135.6,0,181.6,0,-89.2,0,173.4,0,-95.7,0,-3.9,0,-34.7,0,152,0,-132.8,0,-72.5,0,208.1,0,-133.7,0,39.2,0,-28,0,233.9,0,-204.9,0,326.5,0,-243.3,0,71.2,0,-56.7,0,184.7,0,-108.5,0,-67.9,0,266.5,0,-135.4,0,54.7,0,-269.6,0,341.6,0,-273.4,0,147,0,8.8,0,-123.3,0,-19.1,0,222.1,0,-93.7,0,-227.4,0,291.8,0,-124.3,0,35.7,0,-8.9,0,420.3,0,-274.2,0,151.1,0
1060,-38.4,0,55.2,0,-26.8,0,-27.1,0,134.6,0,-109.4,0,105.3,0,-135.6,0,181.6,0,-89.2,0,173.4,0,-95.7,0,-3.9,0,-34.7,0,152,0,-132.8,0,-72.5,0,208.1,0,-133.7,0,39.2,0,-28,0,233.9,0,-204.9,0,326.5,0,-243.3,0,71.2,0,-56.7,0,184.7,0,-108.5,0,-67.9,0,266.5,0,-135.4,0,54.7,0,-269.6,0,341.6,0,-273.4,0,147,0,8.8,0,-123.3,0,-19.1,0,222.1,0,-93.7,0,-227.4,0,291.8,0,-124.3,0,35.7,0,-8.9,0,420.3,0,-274.2,0,151.1,0,-134.4
1061,0,55.2,0,-26.8,0,-27.1,0,134.6,0,-109.4,0,105.3,0,-135.6,0,181.6,0,-89.2,0,173.4,0,-95.7,0,-3.9,0,-34.7,0,152,0,-132.8,0,-72.5,0,208.1,0,-133.7,0,39.2,0,-28,0,233.9,0,-204.9,0,326.5,0,-243.3,0,71.2,0,-56.7,0,184.7,0,-108.5,0,-67.9,0,266.5,0,-135.4,0,54.7,0,-269.6,0,341.6,0,-273.4,0,147,0,8.8,0,-123.3,0,-19.1,0,222.1,0,-93.7,0,-227.4,0,291.8,0,-124.3,0,35.7,0,-8.9,0,420.3,0,-274.2,0,151.1,0,-134.4,0
1062,55.2,0,-26.8,0,-27.1,0,134.6,0,-109.4,0,105.3,0,-135.6,0,181.6,0,-89.2,0,173.4,0,-95.7,0,-3.9,0,-34.7,0,152,0,-132.8,0,-72.5,0,208.1,0,-133.7,0,39.2,0,-28,0,233.9,0,-204.9,0,326.5,0,-243.3,0,71.2,0,-56.7,0,184.7,0,-108.5,0,-67.9,0,266.5,0,-135.4,0,54.7,0,-269.6,0,341.6,0,-273.4,0,147,0,8.8,0,-123.3,0,-19.1,0,222.1,0,-93.7,0,-227.4,0,291.8,0,-124.3,0,35.7,0,-8.9,0,420.3,0,-274.2,0,151.1,0,-134.4,0,-68.4
1063,0,-26.8,0,-27.1,0,134.6,0,-109.4,0,105.3,0,-135.6,0,181.6,0,-89.2,0,173.4,0,-95.7,0,-3.9,0,-34.7,0,152,0,-132.8,0,-72.5,0,208.1,0,-133.7,0,39.2,0,-28,0,233.9,0,-204.9,0,326.5,0,-243.3,0,71.2,0,-56.7,0,184.7,0,-108.5,0,-67.9,0,266.5,0,-135.4,0,54.7,0,-269.6,0,341.6,0,-273.4,0,147,0,8.8,0,-123.3,0,-19.1,0,222.1,0,-93.7,0,-227.4,0,291.8,0,-124.3,0,35.7,0,-8.9,0,420.3,0,-274.2,0,151.1,0,-134.4,0,-68.4,0
1064,-26.8,0,-27.1,0,134.6,0,-109.4,0,105.3,0,-135.6,0,181.6,0,-89.2,0,173.4,0,-95.7,0,-3.9,0,-34.7,0,152,0,-132.8,0,-72.5,0,208.1,0,-133.7,0,39.2,0,-28,0,233.9,0,-204.9,0,326.5,0,-243.3,0,71.2,0,-56.7,0,184.7,0,-108.5,0,-67.9,0,266.5,0,-135.4,0,54.7,0,-269.6,0,341.6,0,-273.4,0,147,0,8.8,0,-123.3,0,-19.1,0,222.1,0,-93.7,0,-227.4,0,291.8,0,-124.3,0,35.7,0,-8.9,0,420.3,0,-274.2,0,151.1,0,-134.4,0,-68.4,0,-45.9
1065,0,-27.1,0,134.6,0,-109.4,0,105.3,0,-135.6,0,181.6,0,-89.2,0,173.4,0,-95.7,0,-3.9,0,-34.7,0,152,0,-132.8,0,-72.5,0,208.1,0,-133.7,0,39.2,0,-28,0,233.9,0,-204.9,0,326.5,0,-243.3,0,71.2,0,-56.7,0,184.7,0,-108.5,0,-67.9,0,266.5,0,-135.4,0,54.7,0,-269.6,0,341.6,0,-273.4,0,147,0,8.8,0,-123.3,0,-19.1,0,222.1,0,-93.7,0,-227.4,0,291.8,0,-124.3,0,35.7,0,-8.9,0,420.3,0,-274.2,0,151.1,0,-134.4,0,-68.4,0,-45.9,0
1066,-27.1,0,134.6,0,-109.4,0,105.3,0,-135.6,0,181.6,0,-89.2,0,173.4,0,-95.7,0,-3.9,0,-34.7,0,152,0,-132.8,0,-72.5,0,208.1,0,-133.7,0,39.2,0,-28,0,233.9,0,-204.9,0,326.5,0,-243.3,0,71.2,0,-56.7,0,184.7,0,-108.5,0,-67.9,0,266.5,0,-135.4,0,54.7,0,-269.6,0,341.6,0,-273.4,0,147,0,8.8,0,-123.3,0,-19.1,0,222.1,0,-93.7,0,-227.4,0,291.8,0,-124.3,0,35.7,0,-8.9,0,420.3,0,-274.2,0,151.1,0,-134.4,0,-68.4,0,-45.9,0,75.1
1067,0,134.6,0,-109.4,0,105.3,0,-135.6,0,181.6,0,-89.2,0,173.4,0,-95.7,0,-3.9,0,-34.7,0,152,0,-132.8,0,-72.5,0,208.1,0,-133.7,0,39.2,0,-28,0,233.9,0,-204.9,0,326.5,0,-243.3,0,71.2,0,-56.7,0,184.7,0,-108.5,0,-67.9,0,266.5,0,-135.4,0,54.7,0,-269.6,0,341.6,0,-273.4,0,147,0,8.8,0,-123.3,0,-19.1,0,222.1,0,-93.7,0,-227.4,0,291.8,0,-124.3,0,35.7,0,-8.9,0,420.3,0,-274.2,0,151.1,0,-134.4,0,-68.4,0,-45.9,0,75.1,0
1068,134.6,0,-109.4,0,105.3,0,-135.6,0,181.6,0,-89.2,0,173.4,0,-95.7,0,-3.9,0,-34.7,0,152,0,-132.8,0,-72.5,0,208.1,0,-133.7,0,39.2,0,-28,0,233.9,0,-204.9,0,326.5,0,-243.3,0,71.2,0,-56.7,0,184.7,0,-108.5,0,-67.9,0,266.5,0,-135.4,0,54.7,0,-269.6,0,341.6,0,-273.4,0,147,0,8.8,0,-123.3,0,-19.1,0,222.1,0,-93.7,0,-227.4,0,291.8,0,-124.3,0,35.7,0,-8.9,0,420.3,0,-274.2,0,151.1,0,-134.4,0,-68.4,0,-45.9,0,75.1,0,93.2
1069,0,-109.4,0,105.3,0,-135.6,0,181.6,0,-89.2,0,173.4,0,-95.7,0,-3.9,0,-34.7,0,152,0,-132.8,0,-72.5,0,208.1,0,-133.7,0,39.2,0,-28,0,233.9,0,-204.9,0,326.5,0,-243.3,0,71.2,0,-56.7,0,184.7,0,-108.5,0,-67.9,0,266.5,0,-135.4,0,54.7,0,-269.6,0,341.6,0,-273.4,0,147,0,8.8,0,-123.3,0,-19.1,0,222.1,0,-93.7,0,-227.4,0,291.8,0,-124.3,0,35.7,0,-8.9,0,420.3,0,-274.2,0,151.1,0,-134.4,0,-68.4,0,-45.9,0,75.1,0,93.2,0
1070,-109.4,0,105.3,0,-135.6,0,181.6,0,-89.2,0,173.4,0,-95.7,0,-3.9,0,-34.7,0,152,0,-132.8,0,-72.5,0,208.1,0,-133.7,0,39.2,0,-28,0,233.9,0,-204.9,0,326.5,0,-243.3,0,71.2,0,-56.7,0,184.7,0,-108.5,0,-67.9,0,266.5,0,-135.4,0,54.7,0,-269.6,0,341.6,0,-273.4,0,147,0,8.8,0,-123.3,0,-19.1,0,222.1,0,-93.7,0,-227.4,0,291.8,0,-124.3,0,35.7,0,-8.9,0,420.3,0,-274.2,0,151.1,0,-134.4,0,-68.4,0,-45.9,0,75.1,0,93.2,0,-338.8
1071,0,105.3,0,-135.6,0,181.6,0,-89.2,0,173.4,0,-95.7,0,-3.9,0,-34.7,0,152,0,-132.8,0,-72.5,0,208.1,0,-133.7,0,39.2,0,-28,0,233.9,0,-204.9,0,326.5,0,-243.3,0,71.2,0,-56.7,0,184.7,0,-108.5,0,-67.9,0,266.5,0,-135.4,0,54.7,0,-269.6,0,341.6,0,-273.4,0,147,0,8.8,0,-123.3,0,-19.1,0,222.1,0,-93.7,0,-227.4,0,291.8,0,-124.3,0,35.7,0,-8.9,0,420.3,0,-274.2,0,151.1,0,-134.4,0,-68.4,0,-45.9,0,75.1,0,93.2,0,-338.8,0
1072,105.3,0,-135.6,0,181.6,0,-89.2,0,173.4,0,-95.7,0,-3.9,0,-34.7,0,152,0,-132.8,0,-72.5,0,208.1,0,-133.7,0,39.2,0,-28,0,233.9,0,-204.9,0,326.5,0,-243.3,0,71.2,0,-56.7,0,184.7,0,-108.5,0,-67.9,0,266.5,0,-135.4,0,54.7,0,-269.6,0,341.6,0,-273.4,0,147,0,8.8,0,-123.3,0,-19.1,0,222.1,0,-93.7,0,-227.4,0,291.8,0,-124.3,0,35.7,0,-8.9,0,420.3,0,-274.2,0,151.1,0,-134.4,0,-68.4,0,-45.9,0,75.1,0,93.2,0,-338.8,0,324.1
1073,0,-135.6,0,181.6,0,-89.2,0,173.4,0,-95.7,0,-3.9,0,-34.7,0,152,0,-132.8,0,-72.5,0,208.1,0,-133.7,0,39.2,0,-28,0,233.9,0,-204.9,0,326.5,0,-243.3,0,71.2,0,-56.7,0,184.7,0,-108.5,0,-67.9,0,266.5,0,-135.4,0,54.7,0,-269.6,0,341.6,0,-273.4,0,147,0,8.8,0,-123.3,0,-19.1,0,222.1,0,-93.7,0,-227.4,0,291.8,0,-124.3,0,35.7,0,-8.9,0,420.3,0,-274.2,0,151.1,0,-134.4,0,-68.4,0,-45.9,0,75.1,0,93.2,0,-338.8,0,324.1,0
1074,-135.6,0,181.6,0,-89.2,0,173.4,0,-95.7,0,-3.9,0,-34.7,0,152,0,-132.8,0,-72.5,0,208.1,0,-133.7,0,39.2,0,-28,0,233.9,0,-204.9,0,326.5,0,-243.3,0,71.2,0,-56.7,0,184.7,0,-108.5,0,-67.9,0,266.5,0,-135.4,0,54.7,0,-269.6,0,341.6,0,-273.4,0,147,0,8.8,0,-123.3,0,-19.1,0,222.1,0,-93.7,0,-227.4,0,291.8,0,-124.3,0,35.7,0,-8.9,0,420.3,0,-274.2,0,151.1,0,-134.4,0,-68.4,0,-45.9,0,75.1,0,93.2,0,-338.8,0,324.1,0,-205.1
1075,0,181.6,0,-89.2,0,173.4,0,-95.7,0,-3.9,0,-34.7,0,152,0,-132.8,0,-72.5,0,208.1,0,-133.7,0,39.2,0,-28,0,233.9,0,-204.9,0,326.5,0,-243.3,0,71.2,0,-56.7,0,184.7,0,-108.5,0,-67.9,0,266.5,0,-135.4,0,54.7,0,-269.6,0,341.6,0,-273.4,0,147,0,8.8,0,-123.3,0,-19.1,0,222.1,0,-93.7,0,-227.4,0,291.8,0,-124.3,0,35.7,0,-8.9,0,420.3,0,-274.2,0,151.1,0,-134.4,0,-68.4,0,-45.9,0,75.1,0,93.2,0,-338.8,0,324.1,0,-205.1,0
1076,181.6,0,-89.2,0,173.4,0,-95.7,0,-3.9,0,-34.7,0,152,0,-132.8,0,-72.5,0,208.1,0,-133.7,0,39.2,0,-28,0,233.9,0,-204.9,0,326.5,0,-243.3,0,71.2,0,-56.7,0,184.7,0,-108.5,0,-67.9,0,266.5,0,-135.4,0,54.7,0,-269.6,0,341.6,0,-273.4,0,147,0,8.8,0,-123.3,0,-19.1,0,222.1,0,-93.7,0,-227.4,0,291.8,0,-124.3,0,35.7,0,-8.9,0,420.3,0,-274.2,0,151.1,0,-134.4,0,-68.4,0,-45.9,0,75.1,0,93.2,0,-338.8,0,324.1,0,-205.1,0,240.9
1077,0,-89.2,0,173.4,0,-95.7,0,-3.9,0,-34.7,0,152,0,-132.8,0,-72.5,0,208.1,0,-133.7,0,39.2,0,-28,0,233.9,0,-204.9,0,326.5,0,-243.3,0,71.2,0,-56.7,0,184.7,0,-108.5,0,-67.9,0,266.5,0,-135.4,0,54.7,0,-269.6,0,341.6,0,-273.4,0,147,0,8.8,0,-123.3,0,-19.1,0,222.1,0,-93.7,0,-227.4,0,291.8,0,-124.3,0,35.7,0,-8.9,0,420.3,0,-274.2,0,151.1,0,-134.4,0,-68.4,0,-45.9,0,75.1,0,93.2,0,-338.8,0,324.1,0,-205.1,0,240.9,0
1078,-89.2,0,173.4,0,-95.7,0,-3.9,0,-34.7,0,152,0,-132.8,0,-72.5,0,208.1,0,-133.7,0,39.2,0,-28,0,233.9,0,-204.9,0,326.5,0,-243.3,0,71.2,0,-56.7,0,184.7,0,-108.5,0,-67.9,0,266.5,0,-135.4,0,54.7,0,-269.6,0,341.6,0,-273.4,0,147,0,8.8,0,-123.3,0,-19.1,0,222.1,0,-93.7,0,-227.4,0,291.8,0,-124.3,0,35.7,0,-8.9,0,420.3,0,-274.2,0,151.1,0,-134.4,0,-68.4,0,-45.9,0,75.1,0,93.2,0,-338.8,0,324.1,0,-205.1,0,240.9,0,-343.9
1079,0,173.4,0,-95.7,0,-3.9,0,-34.7,0,152,0,-132.8,0,-72.5,0,208.1,0,-133.7,0,39.2,0,-28,0,233.9,0,-204.9,0,326.5,0,-243.3,0,71.2,0,-56.7,0,184.7,0,-108.5,0,-67.9,0,266.5,0,-135.4,0,54.7,0,-269.6,0,341.6,0,-273.4,0,147,0,8.8,0,-123.3,0,-19.1,0,222.1,0,-93.7,0,-227.4,0,291.8,0,-124.3,0,35.7,0,-8.9,0,420.3,0,-274.2,0,151.1,0,-134.4,0,-68.4,0,-45.9,0,75.1,0,93.2,0,-338.8,0,324.1,0,-205.1,0,240.9,0,-343.9,0
1080,173.4,0,-95.7,0,-3.9,0,-34.7,0,152,0,-132.8,0,-72.5,0,208.1,0,-133.7,0,39.2,0,-28,0,233.9,0,-204.9,0,326.5,0,-243.3,0,71.2,0,-56.7,0,184.7,0,-108.5,0,-67.9,0,266.5,0,-135.4,0,54.7,0,-269.6,0,341.6,0,-273.4,0,147,0,8.8,0,-123.3,0,-19.1,0,222.1,0,-93.7,0,-227.4,0,291.8,0,-124.3,0,35.7,0,-8.9,0,420.3,0,-274.2,0,151.1,0,-134.4,0,-68.4,0,-45.9,0,75.1,0,93.2,0,-338.8,0,324.1,0,-205.1,0,240.9,0,-343.9,0,190.9
1081,0,-95.7,0,-3.9,0,-34.7,0,152,0,-132.8,0,-72.5,0,208.1,0,-133.7,0,39.2,0,-28,0,233.9,0,-204.9,0,326.5,0,-243.3,0,71.2,0,-56.7,0,184.7,0,-108.5,0,-67.9,0,266.5,0,-135.4,0,54.7,0,-269.6,0,341.6,0,-273.4,0,147,0,8.8,0,-123.3,0,-19.1,0,222.1,0,-93.7,0,-227.4,0,291.8,0,-124.3,0,35.7,0,-8.9,0,420.3,0,-274.2,0,151.1,0,-134.4,0,-68.4,0,-45.9,0,75.1,0,93.2,0,-338.8,0,324.1,0,-205.1,0,240.9,0,-343.9,0,190.9,0
1082,-95.7,0,-3.9,0,-34.7,0,152,0,-132.8,0,-72.5,0,208.1,0,-133.7,0,39.2,0,-28,0,233.9,0,-204.9,0,326.5,0,-243.3,0,71.2,0,-56.7,0,184.7,0,-108.5,0,-67.9,0,266.5,0,-135.4,0,54.7,0,-269.6,0,341.6,0,-273.4,0,147,0,8.8,0,-123.3,0,-19.1,0,222.1,0,-93.7,0,-227.4,0,291.8,0,-124.3,0,35.7,0,-8.9,0,420.3,0,-274.2,0,151.1,0,-134.4,0,-68.4,0,-45.9,0,75.1,0,93.2,0,-338.8,0,324.1,0,-205.1,0,240.9,0,-343.9,0,190.9,0,-82.5
1083,0,-3.9,0,-34.7,0,152,0,-132.8,0,-72.5,0,208.1,0,-133.7,0,39.2,0,-28,0,233.9,0,-204.9,0,326.5,0,-243.3,0,71.2,0,-56.7,0,184.7,0,-108.5,0,-67.9,0,266.5,0,-135.4,0,54.7,0,-269.6,0,341.6,0,-273.4,0,147,0,8.8,0,-123.3,0,-19.1,0,222.1,0,-93.7,0,-227.4,0,291.8,0,-124.3,0,35.7,0,-8.9,0,420.3,0,-274.2,0,151.1,0,-134.4,0,-68.4,0,-45.9,0,75.1,0,93.2,0,-338.8,0,324.1,0,-205.1,0,240.9,0,-343.9,0,190.9,0,-82.5,0
1084,-3.9,0,-34.7,0,152,0,-132.8,0,-72.5,0,208.1,0,-133.7,0,39.2,0,-28,0,233.9,0,-204.9,0,326.5,0,-243.3,0,71.2,0,-56.7,0,184.7,0,-108.5,0,-67.9,0,266.5,0,-135.4,0,54.7,0,-269.6,0,341.6,0,-273.4,0,147,0,8.8,0,-123.3,0,-19.1,0,222.1,0,-93.7,0,-227.4,0,291.8,0,-124.3,0,35.7,0,-8.9,0,420.3,0,-274.2,0,151.1,0,-134.4,0,-68.4,0,-45.9,0,75.1,0,93.2,0,-338.8,0,324.1,0,-205.1,0,240.9,0,-343.9,0,190.9,0,-82.5,0,5.2
1085,0,-34.7,0,152,0,-132.8,0,-72.5,0,208.1,0,-133.7,0,39.2,0,-28,0,233.9,0,-204.9,0,326.5,0,-243.3,0,71.2,0,-56.7,0,184.7,0,-108.5,0,-67.9,0,266.5,0,-135.4,0,54.7,0,-269.6,0,341.6,0,-273.4,0,147,0,8.8,0,-123.3,0,-19.1,0,222.1,0,-93.7,0,-227.4,0,291.8,0,-124.3,0,35.7,0,-8.9,0,420.3,0,-274.2,0,151.1,0,-134.4,0,-68.4,0,-45.9,0,75.1,0,93.2,0,-338.8,0,324.1,0,-205.1,0,240.9,0,-343.9,0,190.9,0,-82.5,0,5.2,0
1086,-34.7,0,152,0,-132.8,0,-72.5,0,208.1,0,-133.7,0,39.2,0,-28,0,233.9,0,-204.9,0,326.5,0,-243.3,0,71.2,0,-56.7,0,184.7,0,-108.5,0,-67.9,0,266.5,0,-135.4,0,54.7,0,-269.6,0,341.6,0,-273.4,0,147,0,8.8,0,-123.3,0,-19.1,0,222.1,0,-93.7,0,-227.4,0,291.8,0,-124.3,0,35.7,0,-8.9,0,420.3,0,-274.2,0,151.1,0,-134.4,0,-68.4,0,-45.9,0,75.1,0,93.2,0,-338.8,0,324.1,0,-205.1,0,240.9,0,-343.9,0,190.9,0,-82.5,0,5.2,0,9.5
1087,0,152,0,-132.8,0,-72.5,0,208.1,0,-133.7,0,39.2,0,-28,0,233.9,0,-204.9,0,326.5,0,-243.3,0,71.2,0,-56.7,0,184.7,0,-108.5,0,-67.9,0,266.5,0,-135.4,0,54.7,0,-269.6,0,341.6,0,-273.4,0,147,0,8.8,0,-123.3,0,-19.1,0,222.1,0,-93.7,0,-227.4,0,291.8,0,-124.3,0,35.7,0,-8.9,0,420.3,0,-274.2,0,151.1,0,-134.4,0,-68.4,0,-45.9,0,75.1,0,93.2,0,-338.8,0,324.1,0,-205.1,0,240.9,0,-343.9,0,190.9,0,-82.5,0,5.2,0,9.5,0
1088,152,0,-132.8,0,-72.5,0,208.1,0,-133.7,0,39.2,0,-28,0,233.9,0,-204.9,0,326.5,0,-243.3,0,71.2,0,-56.7,0,184.7,0,-108.5,0,-67.9,0,266.5,0,-135.4,0,54.7,0,-269.6,0,341.6,0,-273.4,0,147,0,8.8,0,-123.3,0,-19.1,0,222.1,0,-93.7,0,-227.4,0,291.8,0,-124.3,0,35.7,0,-8.9,0,420.3,0,-274.2,0,151.1,0,-134.4,0,-68.4,0,-45.9,0,75.1,0,93.2,0,-338.8,0,324.1,0,-205.1,0,240.9,0,-343.9,0,190.9,0,-82.5,0,5.2,0,9.5,0,-52.7
1089,0,-132.8,0,-72.5,0,208.1,0,-133.7,0,39.2,0,-28,0,233.9,0,-204.9,0,326.5,0,-243.3,0,71.2,0,-56.7,0,184.7,0,-108.5,0,-67.9,0,266.5,0,-135.4,0,54.7,0,-269.6,0,341.6,0,-273.4,0,147,0,8.8,0,-123.3,0,-19.1,0,222.1,0,-93.7,0,-227.4,0,291.8,0,-124.3,0,35.7,0,-8.9,0,420.3,0,-274.2,0,151.1,0,-134.4,0,-68.4,0,-45.9,0,75.1,0,93.2,0,-338.8,0,324.1,0,-205.1,0,240.9,0,-343.9,0,190.9,0,-82.5,0,5.2,0,9.5,0,-52.7,0
1090,-132.8,0,-72.5,0,208.1,0,-133.7,0,39.2,0,-28,0,233.9,0,-204.9,0,326.5,0,-243.3,0,71.2,0,-56.7,0,184.7,0,-108.5,0,-67.9,0,266.5,0,-135.4,0,54.7,0,-269.6,0,341.6,0,-273.4,0,147,0,8.8,0,-123.3,0,-19.1,0,222.1,0,-93.7,0,-227.4,0,291.8,0,-124.3,0,35.7,0,-8.9,0,420.3,0,-274.2,0,151.1,0,-134.4,0,-68.4,0,-45.9,0,75.1,0,93.2,0,-338.8,0,324.1,0,-205.1,0,240.9,0,-343.9,0,190.9,0,-82.5,0,5.2,0,9.5,0,-52.7,0,44.7
1091,0,-72.5,0,208.1,0,-133.7,0,39.2,0,-28,0,233.9,0,-204.9,0,326.5,0,-243.3,0,71.2,0,-56.7,0,184.7,0,-108.5,0,-67.9,0,266.5,0,-135.4,0,54.7,0,-269.6,0,341.6,0,-273.4,0,147,0,8.8,0,-123.3,0,-19.1,0,222.1,0,-93.7,0,-227.4,0,291.8,0,-124.3,0,35.7,0,-8.9,0,420.3,0,-274.2,0,151.1,0,-134.4,0,-68.4,0,-45.9,0,75.1,0,93.2,0,-338.8,0,324.1,0,-205.1,0,240.9,0,-343.9,0,190.9,0,-82.5,0,5.2,0,9.5,0,-52.7,0,44.7,0
1092,-72.5,0,208.1,0,-133.7,0,39.2,0,-28,0,233.9,0,-204.9,0,326.5,0,-243.3,0,71.2,0,-56.7,0,184.7,0,-108.5,0,-67.9,0,266.5,0,-135.4,0,54.7,0,-269.6,0,341.6,0,-273.4,0,147,0,8.8,0,-123.3,0,-19.1,0,222.1,0,-93.7,0,-227.4,0,291.8,0,-124.3,0,35.7,0,-8.9,0,420.3,0,-274.2,0,151.1,0,-134.4,0,-68.4,0,-45.9,0,75.1,0,93.2,0,-338.8,0,324.1,0,-205.1,0,240.9,0,-343.9,0,190.9,0,-82.5,0,5.2,0,9.5,0,-52.7,0,44.7,0,22.4
1093,0,208.1,0,-133.7,0,39.2,0,-28,0,233.9,0,-204.9,0,326.5,0,-243.3,0,71.2,0,-56.7,0,184.7,0,-108.5,0,-67.9,0,266.5,0,-135.4,0,54.7,0,-269.6,0,341.6,0,-273.4,0,147,0,8.8,0,-123.3,0,-19.1,0,222.1,0,-93.7,0,-227.4,0,291.8,0,-124.3,0,35.7,0,-8.9,0,420.3,0,-274.2,0,151.1,0,-134.4,0,-68.4,0,-45.9,0,75.1,0,93.2,0,-338.8,0,324.1,0,-205.1,0,240.9,0,-343.9,0,190.9,0,-82.5,0,5.2,0,9.5,0,-52.7,0,44.7,0,22.4,0
1094,208.1,0,-133.7,0,39.2,0,-28,0,233.9,0,-204.9,0,326.5,0,-243.3,0,71.2,0,-56.7,0,184.7,0,-108.5,0,-67.9,0,266.5,0,-135.4,0,54.7,0,-269.6,0,341.6,0,-273.4,0,147,0,8.8,0,-123.3,0,-19.1,0,222.1,0,-93.7,0,-227.4,0,291.8,0,-124.3,0,35.7,0,-8.9,0,420.3,0,-274.2,0,151.1,0,-134.4,0,-68.4,0,-45.9,0,75.1,0,93.2,0,-338.8,0,324.1,0,-205.1,0,240.9,0,-343.9,0,190.9,0,-82.5,0,5.2,0,9.5,0,-52.7,0,44.7,0,22.4,0,472.3
1095,0,-133.7,0,39.2,0,-28,0,233.9,0,-204.9,0,326.5,0,-243.3,0,71.2,0,-56.7,0,184.7,0,-108.5,0,-67.9,0,266.5,0,-135.4,0,54.7,0,-269.6,0,341.6,0,-273.4,0,147,0,8.8,0,-123.3,0,-19.1,0,222.1,0,-93.7,0,-227.4,0,291.8,0,-124.3,0,35.7,0,-8.9,0,420.3,0,-274.2,0,151.1,0,-134.4,0,-68.4,0,-45.9,0,75.1,0,93.2,0,-338.8,0,324.1,0,-205.1,0,240.9,0,-343.9,0,190.9,0,-82.5,0,5.2,0,9.5,0,-52.7,0,44.7,0,22.4,0,472.3,0
1096,-133.7,0,39.2,0,-28,0,233.9,0,-204.9,0,326.5,0,-243.3,0,71.2,0,-56.7,0,184.7,0,-108.5,0,-67.9,0,266.5,0,-135.4,0,54.7,0,-269.6,0,341.6,0,-273.4,0,147,0,8.8,0,-123.3,0,-19.1,0,222.1,0,-93.7,0,-227.4,0,291.8,0,-124.3,0,35.7,0,-8.9,0,420.3,0,-274.2,0,151.1,0,-134.4,0,-68.4,0,-45.9,0,75.1,0,93.2,0,-338.8,0,324.1,0,-205.1,0,240.9,0,-343.9,0,190.9,0,-82.5,0,5.2,0,9.5,0,-52.7,0,44.7,0,22.4,0,472.3,0,-647.5
1097,0,39.2,0,-28,0,233.9,0,-204.9,0,326.5,0,-243.3,0,71.2,0,-56.7,0,184.7,0,-108.5,0,-67.9,0,266.5,0,-135.4,0,54.7,0,-269.6,0,341.6,0,-273.4,0,147,0,8.8,0,-123.3,0,-19.1,0,222.1,0,-93.7,0,-227.4,0,291.8,0,-124.3,0,35.7,0,-8.9,0,420.3,0,-274.2,0,151.1,0,-134.4,0,-68.4,0,-45.9,0,75.1,0,93.2,0,-338.8,0,324.1,0,-205.1,0,240.9,0,-343.9,0,190.9,0,-82.5,0,5.2,0,9.5,0,-52.7,0,44.7,0,22.4,0,472.3,0,-647.5,0
1098,39.2,0,-28,0,233.9,0,-204.9,0,326.5,0,-243.3,0,71.2,0,-56.7,0,184.7,0,-108.5,0,-67.9,0,266.5,0,-135.4,0,54.7,0,-269.6,0,341.6,0,-273.4,0,147,0,8.8,0,-123.3,0,-19.1,0,222.1,0,-93.7,0,-227.4,0,291.8,0,-124.3,0,35.7,0,-8.9,0,420.3,0,-274.2,0,151.1,0,-134.4,0,-68.4,0,-45.9,0,75.1,0,93.2,0,-338.8,0,324.1,0,-205.1,0,240.9,0,-343.9,0,190.9,0,-82.5,0,5.2,0,9.5,0,-52.7,0,44.7,0,22.4,0,472.3,0,-647.5,0,345.9
1099,0,-28,0,233.9,0,-204.9,0,326.5,0,-243.3,0,71.2,0,-56.7,0,184.7,0,-108.5,0,-67.9,0,266.5,0,-135.4,0,54.7,0,-269.6,0,341.6,0,-273.4,0,147,0,8.8,0,-123.3,0,-19.1,0,222.1,0,-93.7,0,-227.4,0,291.8,0,-124.3,0,35.7,0,-8.9,0,420.3,0,-274.2,0,151.1,0,-134.4,0,-68.4,0,-45.9,0,75.1,0,93.2,0,-338.8,0,324.1,0,-205.1,0,240.9,0,-343.9,0,190.9,0,-82.5,0,5.2,0,9.5,0,-52.7,0,44.7,0,22.4,0,472.3,0,-647.5,0,345.9,0
1100,-28,0,233.9,0,-204.9,0,326.5,0,-243.3,0,71.2,0,-56.7,0,184.7,0,-108.5,0,-67.9,0,266.5,0,-135.4,0,54.7,0,-269.6,0,341.6,0,-273.4,0,147,0,8.8,0,-123.3,0,-19.1,0,222.1,0,-93.7,0,-227.4,0,291.8,0,-124.3,0,35.7,0,-8.9,0,420.3,0,-274.2,0,151.1,0,-134.4,0,-68.4,0,-45.9,0,75.1,0,93.2,0,-338.8,0,324.1,0,-205.1,0,240.9,0,-343.9,0,190.9,0,-82.5,0,5.2,0,9.5,0,-52.7,0,44.7,0,22.4,0,472.3,0,-647.5,0,345.9,0,-298.4
1101,0,233.9,0,-204.9,0,326.5,0,-243.3,0,71.2,0,-56.7,0,184.7,0,-108.5,0,-67.9,0,266.5,0,-135.4,0,54.7,0,-269.6,0,341.6,0,-273.4,0,147,0,8.8,0,-123.3,0,-19.1,0,222.1,0,-93.7,0,-227.4,0,291.8,0,-124.3,0,35.7,0,-8.9,0,420.3,0,-274.2,0,151.1,0,-134.4,0,-68.4,0,-45.9,0,75.1,0,93.2,0,-338.8,0,324.1,0,-205.1,0,240.9,0,-343.9,0,190.9,0,-82.5,0,5.2,0,9.5,0,-52.7,0,44.7,0,22.4,0,472.3,0,-647.5,0,345.9,0,-298.4,0
1102,233.9,0,-204.9,0,326.5,0,-243.3,0,71.2,0,-56.7,0,184.7,0,-108.5,0,-67.9,0,266.5,0,-135.4,0,54.7,0,-269.6,0,341.6,0,-273.4,0,147,0,8.8,0,-123.3,0,-19.1,0,222.1,0,-93.7,0,-227.4,0,291.8,0,-124.3,0,35.7,0,-8.9,0,420.3,0,-274.2,0,151.1,0,-134.4,0,-68.4,0,-45.9,0,75.1,0,93.2,0,-338.8,0,324.1,0,-205.1,0,240.9,0,-343.9,0,190.9,0,-82.5,0,5.2,0,9.5,0,-52.7,0,44.7,0,22.4,0,472.3,0,-647.5,0,345.9,0,-298.4,0,175.5
1103,0,-204.9,0,326.5,0,-243.3,0,71.2,0,-56.7,0,184.7,0,-108.5,0,-67.9,0,266.5,0,-135.4,0,54.7,0,-269.6,0,341.6,0,-273.4,0,147,0,8.8,0,-123.3,0,-19.1,0,222.1,0,-93.7,0,-227.4,0,291.8,0,-124.3,0,35.7,0,-8.9,0,420.3,0,-274.2,0,151.1,0,-134.4,0,-68.4,0,-45.9,0,75.1,0,93.2,0,-338.8,0,324.1,0,-205.1,0,240.9,0,-343.9,0,190.9,0,-82.5,0,5.2,0,9.5,0,-52.7,0,44.7,0,22.4,0,472.3,0,-647.5,0,345.9,0,-298.4,0,175.5,0
1104,-204.9,0,326.5,0,-243.3,0,71.2,0,-56.7,0,184.7,0,-108.5,0,-67.9,0,266.5,0,-135.4,0,54.7,0,-269.6,0,341.6,0,-273.4,0,147,0,8.8,0,-123.3,0,-19.1,0,222.1,0,-93.7,0,-227.4,0,291.8,0,-124.3,0,35.7,0,-8.9,0,420.3,0,-274.2,0,151.1,0,-134.4,0,-68.4,0,-45.9,0,75.1,0,93.2,0,-338.8,0,324.1,0,-205.1,0,240.9,0,-343.9,0,190.9,0,-82.5,0,5.2,0,9.5,0,-52.7,0,44.7,0,22.4,0,472.3,0,-647.5,0,345.9,0,-298.4,0,175.5,0,-175.5
1105,0,326.5,0,-243.3,0,71.2,0,-56.7,0,184.7,0,-108.5,0,-67.9,0,266.5,0,-135.4,0,54.7,0,-269.6,0,341.6,0,-273.4,0,147,0,8.8,0,-123.3,0,-19.1,0,222.1,0,-93.7,0,-227.4,0,291.8,0,-124.3,0,35.7,0,-8.9,0,420.3,0,-274.2,0,151.1,0,-134.4,0,-68.4,0,-45.9,0,75.1,0,93.2,0,-338.8,0,324.1,0,-205.1,0,240.9,0,-343.9,0,190.9,0,-82.5,0,5.2,0,9.5,0,-52.7,0,44.7,0,22.4,0,472.3,0,-647.5,0,345.9,0,-298.4,0,175.5,0,-175.5,0
1106,326.5,0,-243.3,0,71.2,0,-56.7,0,184.7,0,-108.5,0,-67.9,0,266.5,0,-135.4,0,54.7,0,-269.6,0,341.6,0,-273.4,0,147,0,8.8,0,-123.3,0,-19.1,0,222.1,0,-93.7,0,-227.4,0,291.8,0,-124.3,0,35.7,0,-8.9,0,420.3,0,-274.2,0,151.1,0,-134.4,0,-68.4,0,-45.9,0,75.1,0,93.2,0,-338.8,0,324.1,0,-205.1,0,240.9,0,-343.9,0,190.9,0,-82.5,0,5.2,0,9.5,0,-52.7,0,44.7,0,22.4,0,472.3,0,-647.5,0,345.9,0,-298.4,0,175.5,0,-175.5,0,411.2
1107,0,-243.3,0,71.2,0,-56.7,0,184.7,0,-108.5,0,-67.9,0,266.5,0,-135.4,0,54.7,0,-269.6,0,341.6,0,-273.4,0,147,0,8.8,0,-123.3,0,-19.1,0,222.1,0,-93.7,0,-227.4,0,291.8,0,-124.3,0,35.7,0,-8.9,0,420.3,0,-274.2,0,151.1,0,-134.4,0,-68.4,0,-45.9,0,75.1,0,93.2,0,-338.8,0,324.1,0,-205.1,0,240.9,0,-343.9,0,190.9,0,-82.5,0,5.2,0,9.5,0,-52.7,0,44.7,0,22.4,0,472.3,0,-647.5,0,345.9,0,-298.4,0,175.5,0,-175.5,0,411.2,0
1108,-243.3,0,71.2,0,-56.7,0,184.7,0,-108.5,0,-67.9,0,266.5,0,-135.4,0,54.7,0,-269.6,0,341.6,0,-273.4,0,147,0,8.8,0,-123.3,0,-19.1,0,222.1,0,-93.7,0,-227.4,0,291.8,0,-124.3,0,35.7,0,-8.9,0,420.3,0,-274.2,0,151.1,0,-134.4,0,-68.4,0,-45.9,0,75.1,0,93.2,0,-338.8,0,324.1,0,-205.1,0,240.9,0,-343.9,0,190.9,0,-82.5,0,5.2,0,9.5,0,-52.7,0,44.7,0,22.4,0,472.3,0,-647.5,0,345.9,0,-298.4,0,175.5,0,-175.5,0,411.2,0,-352.9
1109,0,71.2,0,-56.7,0,184.7,0,-108.5,0,-67.9,0,266.5,0,-135.4,0,54.7,0,-269.6,0,341.6,0,-273.4,0,147,0,8.8,0,-123.3,0,-19.1,0,222.1,0,-93.7,0,-227.4,0,291.8,0,-124.3,0,35.7,0,-8.9,0,420.3,0,-274.2,0,151.1,0,-134.4,0,-68.4,0,-45.9,0,75.1,0,93.2,0,-338.8,0,324.1,0,-205.1,0,240.9,0,-343.9,0,190.9,0,-82.5,0,5.2,0,9.5,0,-52.7,0,44.7,0,22.4,0,472.3,0,-647.5,0,345.9,0,-298.4,0,175.5,0,-175.5,0,411.2,0,-352.9,0
1110,71.2,0,-56.7,0,184.7,0,-108.5,0,-67.9,0,266.5,0,-135.4,0,54.7,0,-269.6,0,341.6,0,-273.4,0,147,0,8.8,0,-123.3,0,-19.1,0,222.1,0,-93.7,0,-227.4,0,291.8,0,-124.3,0,35.7,0,-8.9,0,420.3,0,-274.2,0,151.1,0,-134.4,0,-68.4,0,-45.9,0,75.1,0,93.2,0,-338.8,0,324.1,0,-205.1,0,240.9,0,-343.9,0,190.9,0,-82.5,0,5.2,0,9.5,0,-52.7,0,44.7,0,22.4,0,472.3,0,-647.5,0,345.9,0,-298.4,0,175.5,0,-175.5,0,411.2,0,-352.9,0,117.1
1111,0,-56.7,0,184.7,0,-108.5,0,-67.9,0,266.5,0,-135.4,0,54.7,0,-269.6,0,341.6,0,-273.4,0,147,0,8.8,0,-123.3,0,-19.1,0,222.1,0,-93.7,0,-227.4,0,291.8,0,-124.3,0,35.7,0,-8.9,0,420.3,0,-274.2,0,151.1,0,-134.4,0,-68.4,0,-45.9,0,75.1,0,93.2,0,-338.8,0,324.1,0,-205.1,0,240.9,0,-343.9,0,190.9,0,-82.5,0,5.2,0,9.5,0,-52.7,0,44.7,0,22.4,0,472.3,0,-647.5,0,345.9,0,-298.4,0,175.5,0,-175.5,0,411.2,0,-352.9,0,117.1,0
1112,-56.7,0,184.7,0,-108.5,0,-67.9,0,266.5,0,-135.4,0,54.7,0,-269.6,0,341.6,0,-273.4,0,147,0,8.8,0,-123.3,0,-19.1,0,222.1,0,-93.7,0,-227.4,0,291.8,0,-124.3,0,35.7,0,-8.9,0,420.3,0,-274.2,0,151.1,0,-134.4,0,-68.4,0,-45.9,0,75.1,0,93.2,0,-338.8,0,324.1,0,-205.1,0,240.9,0,-343.9,0,190.9,0,-82.5,0,5.2,0,9.5,0,-52.7,0,44.7,0,22.4,0,472.3,0,-647.5,0,345.9,0,-298.4,0,175.5,0,-175.5,0,411.2,0,-352.9,0,117.1,0,-108.6
1113,0,184.7,0,-108.5,0,-67.9,0,266.5,0,-135.4,0,54.7,0,-269.6,0,341.6,0,-273.4,0,147,0,8.8,0,-123.3,0,-19.1,0,222.1,0,-93.7,0,-227.4,0,291.8,0,-124.3,0,35.7,0,-8.9,0,420.3,0,-274.2,0,151.1,0,-134.4,0,-68.4,0,-45.9,0,75.1,0,93.2,0,-338.8,0,324.1,0,-205.1,0,240.9,0,-343.9,0,190.9,0,-82.5,0,5.2,0,9.5,0,-52.7,0,44.7,0,22.4,0,472.3,0,-647.5,0,345.9,0,-298.4,0,175.5,0,-175.5,0,411.2,0,-352.9,0,117.1,0,-108.6,0
1114,184.7,0,-108.5,0,-67.9,0,266.5,0,-135.4,0,54.7,0,-269.6,0,341.6,0,-273.4,0,147,0,8.8,0,-123.3,0,-19.1,0,222.1,0,-93.7,0,-227.4,0,291.8,0,-124.3,0,35.7,0,-8.9,0,420.3,0,-274.2,0,151.1,0,-134.4,0,-68.4,0,-45.9,0,75.1,0,93.2,0,-338.8,0,324.1,0,-205.1,0,240.9,0,-343.9,0,190.9,0,-82.5,0,5.2,0,9.5,0,-52.7,0,44.7,0,22.4,0,472.3,0,-647.5,0,345.9,0,-298.4,0,175.5,0,-175.5,0,411.2,0,-352.9,0,117.1,0,-108.6,0,-67.1
1115,0,-108.5,0,-67.9,0,266.5,0,-135.4,0,54.7,0,-269.6,0,341.6,0,-273.4,0,147,0,8.8,0,-123.3,0,-19.1,0,222.1,0,-93.7,0,-227.4,0,291.8,0,-124.3,0,35.7,0,-8.9,0,420.3,0,-274.2,0,151.1,0,-134.4,0,-68.4,0,-45.9,0,75.1,0,93.2,0,-338.8,0,324.1,0,-205.1,0,240.9,0,-343.9,0,190.9,0,-82.5,0,5.2,0,9.5,0,-52.7,0,44.7,0,22.4,0,472.3,0,-647.5,0,345.9,0,-298.4,0,175.5,0,-175.5,0,411.2,0,-352.9,0,117.1,0,-108.6,0,-67.1,0
1116,-108.5,0,-67.9,0,266.5,0,-135.4,0,54.7,0,-269.6,0,341.6,0,-273.4,0,147,0,8.8,0,-123.3,0,-19.1,0,222.1,0,-93.7,0,-227.4,0,291.8,0,-124.3,0,35.7,0,-8.9,0,420.3,0,-274.2,0,151.1,0,-134.4,0,-68.4,0,-45.9,0,75.1,0,93.2,0,-338.8,0,324.1,0,-205.1,0,240.9,0,-343.9,0,190.9,0,-82.5,0,5.2,0,9.5,0,-52.7,0,44.7,0,22.4,0,472.3,0,-647.5,0,345.9,0,-298.4,0,175.5,0,-175.5,0,411.2,0,-352.9,0,117.1,0,-108.6,0,-67.1,0,-8.2
1117,0,-67.9,0,266.5,0,-135.4,0,54.7,0,-269.6,0,341.6,0,-273.4,0,147,0,8.8,0,-123.3,0,-19.1,0,222.1,0,-93.7,0,-227.4,0,291.8,0,-124.3,0,35.7,0,-8.9,0,420.3,0,-274.2,0,151.1,0,-134.4,0,-68.4,0,-45.9,0,75.1,0,93.2,0,-338.8,0,324.1,0,-205.1,0,240.9,0,-343.9,0,190.9,0,-82.5,0,5.2,0,9.5,0,-52.7,0,44.7,0,22.4,0,472.3,0,-647.5,0,345.9,0,-298.4,0,175.5,0,-175.5,0,411.2,0,-352.9,0,117.1,0,-108.6,0,-67.1,0,-8.2,0
1118,-67.9,0,266.5,0,-135.4,0,54.7,0,-269.6,0,341.6,0,-273.4,0,147,0,8.8,0,-123.3,0,-19.1,0,222.1,0,-93.7,0,-227.4,0,291.8,0,-124.3,0,35.7,0,-8.9,0,420.3,0,-274.2,0,151.1,0,-134.4,0,-68.4,0,-45.9,0,75.1,0,93.2,0,-338.8,0,324.1,0,-205.1,0,240.9,0,-343.9,0,190.9,0,-82.5,0,5.2,0,9.5,0,-52.7,0,44.7,0,22.4,0,472.3,0,-647.5,0,345.9,0,-298.4,0,175.5,0,-175.5,0,411.2,0,-352.9,0,117.1,0,-108.6,0,-67.1,0,-8.2,0,-49.1
1119,0,266.5,0,-135.4,0,54.7,0,-269.6,0,341.6,0,-273.4,0,147,0,8.8,0,-123.3,0,-19.1,0,222.1,0,-93.7,0,-227.4,0,291.8,0,-124.3,0,35.7,0,-8.9,0,420.3,0,-274.2,0,151.1,0,-134.4,0,-68.4,0,-45.9,0,75.1,0,93.2,0,-338.8,0,324.1,0,-205.1,0,240.9,0,-343.9,0,190.9,0,-82.5,0,5.2,0,9.5,0,-52.7,0,44.7,0,22.4,0,472.3,0,-647.5,0,345.9,0,-298.4,0,175.5,0,-175.5,0,411.2,0,-352.9,0,117.1,0,-108.6,0,-67.1,0,-8.2,0,-49.1,0
1120,266.5,0,-135.4,0,54.7,0,-269.6,0,341.6,0,-273.4,0,147,0,8.8,0,-123.3,0,-19.1,0,222.1,0,-93.7,0,-227.4,0,291.8,0,-124.3,0,35.7,0,-8.9,0,420.3,0,-274.2,0,151.1,0,-134.4,0,-68.4,0,-45.9,0,75.1,0,93.2,0,-338.8,0,324.1,0,-205.1,0,240.9,0,-343.9,0,190.9,0,-82.5,0,5.2,0,9.5,0,-52.7,0,44.7,0,22.4,0,472.3,0,-647.5,0,345.9,0,-298.4,0,175.5,0,-175.5,0,411.2,0,-352.9,0,117.1,0,-108.6,0,-67.1,0,-8.2,0,-49.1,0,261.2
1121,0,-135.4,0,54.7,0,-269.6,0,341.6,0,-273.4,0,147,0,8.8,0,-123.3,0,-19.1,0,222.1,0,-93.7,0,-227.4,0,291.8,0,-124.3,0,35.7,0,-8.9,0,420.3,0,-274.2,0,151.1,0,-134.4,0,-68.4,0,-45.9,0,75.1,0,93.2,0,-338.8,0,324.1,0,-205.1,0,240.9,0,-343.9,0,190.9,0,-82.5,0,5.2,0,9.5,0,-52.7,0,44.7,0,22.4,0,472.3,0,-647.5,0,345.9,0,-298.4,0,175.5,0,-175.5,0,411.2,0,-352.9,0,117.1,0,-108.6,0,-67.1,0,-8.2,0,-49.1,0,261.2,0
1122,-135.4,0,54.7,0,-269.6,0,341.6,0,-273.4,0,147,0,8.8,0,-123.3,0,-19.1,0,222.1,0,-93.7,0,-227.4,0,291.8,0,-124.3,0,35.7,0,-8.9,0,420.3,0,-274.2,0,151.1,0,-134.4,0,-68.4,0,-45.9,0,75.1,0,93.2,0,-338.8,0,324.1,0,-205.1,0,240.9,0,-343.9,0,190.9,0,-82.5,0,5.2,0,9.5,0,-52.7,0,44.7,0,22.4,0,472.3,0,-647.5,0,345.9,0,-298.4,0,175.5,0,-175.5,0,411.2,0,-352.9,0,117.1,0,-108.6,0,-67.1,0,-8.2,0,-49.1,0,261.2,0,-333.3
1123,0,54.7,0,-269.6,0,341.6,0,-273.4,0,147,0,8.8,0,-123.3,0,-19.1,0,222.1,0,-93.7,0,-227.4,0,291.8,0,-124.3,0,35.7,0,-8.9,0,420.3,0,-274.2,0,151.1,0,-134.4,0,-68.4,0,-45.9,0,75.1,0,93.2,0,-338.8,0,324.1,0,-205.1,0,240.9,0,-343.9,0,190.9,0,-82.5,0,5.2,0,9.5,0,-52.7,0,44.7,0,22.4,0,472.3,0,-647.5,0,345.9,0,-298.4,0,175.5,0,-175.5,0,411.2,0,-352.9,0,117.1,0,-108.6,0,-67.1,0,-8.2,0,-49.1,0,261.2,0,-333.3,0
1124,54.7,0,-269.6,0,341.6,0,-273.4,0,147,0,8.8,0,-123.3,0,-19.1,0,222.1,0,-93.7,0,-227.4,0,291.8,0,-124.3,0,35.7,0,-8.9,0,420.3,0,-274.2,0,151.1,0,-134.4,0,-68.4,0,-45.9,0,75.1,0,93.2,0,-338.8,0,324.1,0,-205.1,0,240.9,0,-343.9,0,190.9,0,-82.5,0,5.2,0,9.5,0,-52.7,0,44.7,0,22.4,0,472.3,0,-647.5,0,345.9,0,-298.4,0,175.5,0,-175.5,0,411.2,0,-352.9,0,117.1,0,-108.6,0,-67.1,0,-8.2,0,-49.1,0,261.2,0,-333.3,0,247.6
1125,0,-269.6,0,341.6,0,-273.4,0,147,0,8.8,0,-123.3,0,-19.1,0,222.1,0,-93.7,0,-227.4,0,291.8,0,-124.3,0,35.7,0,-8.9,0,420.3,0,-274.2,0,151.1,0,-134.4,0,-68.4,0,-45.9,0,75.1,0,93.2,0,-338.8,0,324.1,0,-205.1,0,240.9,0,-343.9,0,190.9,0,-82.5,0,5.2,0,9.5,0,-52.7,0,44.7,0,22.4,0,472.3,0,-647.5,0,345.9,0,-298.4,0,175.5,0,-175.5,0,411.2,0,-352.9,0,117.1,0,-108.6,0,-67.1,0,-8.2,0,-49.1,0,261.2,0,-333.3,0,247.6,0
1126,-269.6,0,341.6,0,-273.4,0,147,0,8.8,0,-123.3,0,-19.1,0,222.1,0,-93.7,0,-227.4,0,291.8,0,-124.3,0,35.7,0,-8.9,0,420.3,0,-274.2,0,151.1,0,-134.4,0,-68.4,0,-45.9,0,75.1,0,93.2,0,-338.8,0,324.1,0,-205.1,0,240.9,0,-343.9,0,190.9,0,-82.5,0,5.2,0,9.5,0,-52.7,0,44.7,0,22.4,0,472.3,0,-647.5,0,345.9,0,-298.4,0,175.5,0,-175.5,0,411.2,0,-352.9,0,117.1,0,-108.6,0,-67.1,0,-8.2,0,-49.1,0,261.2,0,-333.3,0,247.6,0,-196.9
1127,0,341.6,0,-273.4,0,147,0,8.8,0,-123.3,0,-19.1,0,222.1,0,-93.7,0,-227.4,0,291.8,0,-124.3,0,35.7,0,-8.9,0,420.3,0,-274.2,0,151.1,0,-134.4,0,-68.4,0,-45.9,0,75.1,0,93.2,0,-338.8,0,324.1,0,-205.1,0,240.9,0,-343.9,0,190.9,0,-82.5,0,5.2,0,9.5,0,-52.7,0,44.7,0,22.4,0,472.3,0,-647.5,0,345.9,0,-298.4,0,175.5,0,-175.5,0,411.2,0,-352.9,0,117.1,0,-108.6,0,-67.1,0,-8.2,0,-49.1,0,261.2,0,-333.3,0,247.6,0,-196.9,0
1128,341.6,0,-273.4,0,147,0,8.8,0,-123.3,0,-19.1,0,222.1,0,-93.7,0,-227.4,0,291.8,0,-124.3,0,35.7,0,-8.9,0,420.3,0,-274.2,0,151.1,0,-134.4,0,-68.4,0,-45.9,0,75.1,0,93.2,0,-338.8,0,324.1,0,-205.1,0,240.9,0,-343.9,0,190.9,0,-82.5,0,5.2,0,9.5,0,-52.7,0,44.7,0,22.4,0,472.3,0,-647.5,0,345.9,0,-298.4,0,175.5,0,-175.5,0,411.2,0,-352.9,0,117.1,0,-108.6,0,-67.1,0,-8.2,0,-49.1,0,261.2,0,-333.3,0,247.6,0,-196.9,0,277.1
1129,0,-273.4,0,147,0,8.8,0,-123.3,0,-19.1,0,222.1,0,-93.7,0,-227.4,0,291.8,0,-124.3,0,35.7,0,-8.9,0,420.3,0,-274.2,0,151.1,0,-134.4,0,-68.4,0,-45.9,0,75.1,0,93.2,0,-338.8,0,324.1,0,-205.1,0,240.9,0,-343.9,0,190.9,0,-82.5,0,5.2,0,9.5,0,-52.7,0,44.7,0,22.4,0,472.3,0,-647.5,0,345.9,0,-298.4,0,175.5,0,-175.5,0,411.2,0,-352.9,0,117.1,0,-108.6,0,-67.1,0,-8.2,0,-49.1,0,261.2,0,-333.3,0,247.6,0,-196.9,0,277.1,0
1130,-273.4,0,147,0,8.8,0,-123.3,0,-19.1,0,222.1,0,-93.7,0,-227.4,0,291.8,0,-124.3,0,35.7,0,-8.9,0,420.3,0,-274.2,0,151.1,0,-134.4,0,-68.4,0,-45.9,0,75.1,0,93.2,0,-338.8,0,324.1,0,-205.1,0,240.9,0,-343.9,0,190.9,0,-82.5,0,5.2,0,9.5,0,-52.7,0,44.7,0,22.4,0,472.3,0,-647.5,0,345.9,0,-298.4,0,175.5,0,-175.5,0,411.2,0,-352.9,0,117.1,0,-108.6,0,-67.1,0,-8.2,0,-49.1,0,261.2,0,-333.3,0,247.6,0,-196.9,0,277.1,0,-363.2
1131,0,147,0,8.8,0,-123.3,0,-19.1,0,222.1,0,-93.7,0,-227.4,0,291.8,0,-124.3,0,35.7,0,-8.9,0,420.3,0,-274.2,0,151.1,0,-134.4,0,-68.4,0,-45.9,0,75.1,0,93.2,0,-338.8,0,324.1,0,-205.1,0,240.9,0,-343.9,0,190.9,0,-82.5,0,5.2,0,9.5,0,-52.7,0,44.7,0,22.4,0,472.3,0,-647.5,0,345.9,0,-298.4,0,175.5,0,-175.5,0,411.2,0,-352.9,0,117.1,0,-108.6,0,-67.1,0,-8.2,0,-49.1,0,261.2,0,-333.3,0,247.6,0,-196.9,0,277.1,0,-363.2,0
1132,147,0,8.8,0,-123.3,0,-19.1,0,222.1,0,-93.7,0,-227.4,0,291.8,0,-124.3,0,35.7,0,-8.9,0,420.3,0,-274.2,0,151.1,0,-134.4,0,-68.4,0,-45.9,0,75.1,0,93.2,0,-338.8,0,324.1,0,-205.1,0,240.9,0,-343.9,0,190.9,0,-82.5,0,5.2,0,9.5,0,-52.7,0,44.7,0,22.4,0,472.3,0,-647.5,0,345.9,0,-298.4,0,175.5,0,-175.5,0,411.2,0,-352.9,0,117.1,0,-108.6,0,-67.1,0,-8.2,0,-49.1,0,261.2,0,-333.3,0,247.6,0,-196.9,0,277.1,0,-363.2,0,131.8
1133,0,8.8,0,-123.3,0,-19.1,0,222.1,0,-93.7,0,-227.4,0,291.8,0,-124.3,0,35.7,0,-8.9,0,420.3,0,-274.2,0,151.1,0,-134.4,0,-68.4,0,-45.9,0,75.1,0,93.2,0,-338.8,0,324.1,0,-205.1,0,240.9,0,-343.9,0,190.9,0,-82.5,0,5.2,0,9.5,0,-52.7,0,44.7,0,22.4,0,472.3,0,-647.5,0,345.9,0,-298.4,0,175.5,0,-175.5,0,411.2,0,-352.9,0,117.1,0,-108.6,0,-67.1,0,-8.2,0,-49.1,0,261.2,0,-333.3,0,247.6,0,-196.9,0,277.1,0,-363.2,0,131.8,0
1134,8.8,0,-123.3,0,-19.1,0,222.1,0,-93.7,0,-227.4,0,291.8,0,-124.3,0,35.7,0,-8.9,0,420.3,0,-274.2,0,151.1,0,-134.4,0,-68.4,0,-45.9,0,75.1,0,93.2,0,-338.8,0,324.1,0,-205.1,0,240.9,0,-343.9,0,190.9,0,-82.5,0,5.2,0,9.5,0,-52.7,0,44.7,0,22.4,0,472.3,0,-647.5,0,345.9,0,-298.4,0,175.5,0,-175.5,0,411.2,0,-352.9,0,117.1,0,-108.6,0,-67.1,0,-8.2,0,-49.1,0,261.2,0,-333.3,0,247.6,0,-196.9,0,277.1,0,-363.2,0,131.8,0,-33.4
1135,0,-123.3,0,-19.1,0,222.1,0,-93.7,0,-227.4,0,291.8,0,-124.3,0,35.7,0,-8.9,0,420.3,0,-274.2,0,151.1,0,-134.4,0,-68.4,0,-45.9,0,75.1,0,93.2,0,-338.8,0,324.1,0,-205.1,0,240.9,0,-343.9,0,190.9,0,-82.5,0,5.2,0,9.5,0,-52.7,0,44.7,0,22.4,0,472.3,0,-647.5,0,345.9,0,-298.4,0,175.5,0,-175.5,0,411.2,0,-352.9,0,117.1,0,-108.6,0,-67.1,0,-8.2,0,-49.1,0,261.2,0,-333.3,0,247.6,0,-196.9,0,277.1,0,-363.2,0,131.8,0,-33.4,0
1136,-123.3,0,-19.1,0,222.1,0,-93.7,0,-227.4,0,291.8,0,-124.3,0,35.7,0,-8.9,0,420.3,0,-274.2,0,151.1,0,-134.4,0,-68.4,0,-45.9,0,75.1,0,93.2,0,-338.8,0,324.1,0,-205.1,0,240.9,0,-343.9,0,190.9,0,-82.5,0,5.2,0,9.5,0,-52.7,0,44.7,0,22.4,0,472.3,0,-647.5,0,345.9,0,-298.4,0,175.5,0,-175.5,0,411.2,0,-352.9,0,117.1,0,-108.6,0,-67.1,0,-8.2,0,-49.1,0,261.2,0,-333.3,0,247.6,0,-196.9,0,277.1,0,-363.2,0,131.8,0,-33.4,0,-58.4
1137,0,-19.1,0,222.1,0,-93.7,0,-227.4,0,291.8,0,-124.3,0,35.7,0,-8.9,0,420.3,0,-274.2,0,151.1,0,-134.4,0,-68.4,0,-45.9,0,75.1,0,93.2,0,-338.8,0,324.1,0,-205.1,0,240.9,0,-343.9,0,190.9,0,-82.5,0,5.2,0,9.5,0,-52.7,0,44.7,0,22.4,0,472.3,0,-647.5,0,345.9,0,-298.4,0,175.5,0,-175.5,0,411.2,0,-352.9,0,117.1,0,-108.6,0,-67.1,0,-8.2,0,-49.1,0,261.2,0,-333.3,0,247.6,0,-196.9,0,277.1,0,-363.2,0,131.8,0,-33.4,0,-58.4,0
1138,-19.1,0,222.1,0,-93.7,0,-227.4,0,291.8,0,-124.3,0,35.7,0,-8.9,0,420.3,0,-274.2,0,151.1,0,-134.4,0,-68.4,0,-45.9,0,75.1,0,93.2,0,-338.8,0,324.1,0,-205.1,0,240.9,0,-343.9,0,190.9,0,-82.5,0,5.2,0,9.5,0,-52.7,0,44.7,0,22.4,0,472.3,0,-647.5,0,345.9,0,-298.4,0,175.5,0,-175.5,0,411.2,0,-352.9,0,117.1,0,-108.6,0,-67.1,0,-8.2,0,-49.1,0,261.2,0,-333.3,0,247.6,0,-196.9,0,277.1,0,-363.2,0,131.8,0,-33.4,0,-58.4,0,75
1139,0,222.1,0,-93.7,0,-227.4,0,291.8,0,-124.3,0,35.7,0,-8.9,0,420.3,0,-274.2,0,151.1,0,-134.4,0,-68.4,0,-45.9,0,75.1,0,93.2,0,-338.8,0,324.1,0,-205.1,0,240.9,0,-343.9,0,190.9,0,-82.5,0,5.2,0,9.5,0,-52.7,0,44.7,0,22.4,0,472.3,0,-647.5,0,345.9,0,-298.4,0,175.5,0,-175.5,0,411.2,0,-352.9,0,117.1,0,-108.6,0,-67.1,0,-8.2,0,-49.1,0,261.2,0,-333.3,0,247.6,0,-196.9,0,277.1,0,-363.2,0,131.8,0,-33.4,0,-58.4,0,75,0
1140,222.1,0,-93.7,0,-227.4,0,291.8,0,-124.3,0,35.7,0,-8.9,0,420.3,0,-274.2,0,151.1,0,-134.4,0,-68.4,0,-45.9,0,75.1,0,93.2,0,-338.8,0,324.1,0,-205.1,0,240.9,0,-343.9,0,190.9,0,-82.5,0,5.2,0,9.5,0,-52.7,0,44.7,0,22.4,0,472.3,0,-647.5,0,345.9,0,-298.4,0,175.5,0,-175.5,0,411.2,0,-352.9,0,117.1,0,-108.6,0,-67.1,0,-8.2,0,-49.1,0,261.2,0,-333.3,0,247.6,0,-196.9,0,277.1,0,-363.2,0,131.8,0,-33.4,0,-58.4,0,75,0,-123.5
1141,0,-93.7,0,-227.4,0,291.8,0,-124.3,0,35.7,0,-8.9,0,420.3,0,-274.2,0,151.1,0,-134.4,0,-68.4,0,-45.9,0,75.1,0,93.2,0,-338.8,0,324.1,0,-205.1,0,240.9,0,-343.9,0,190.9,0,-82.5,0,5.2,0,9.5,0,-52.7,0,44.7,0,22.4,0,472.3,0,-647.5,0,345.9,0,-298.4,0,175.5,0,-175.5,0,411.2,0,-352.9,0,117.1,0,-108.6,0,-67.1,0,-8.2,0,-49.1,0,261.2,0,-333.3,0,247.6,0,-196.9,0,277.1,0,-363.2,0,131.8,0,-33.4,0,-58.4,0,75,0,-123.5,0
1142,-93.7,0,-227.4,0,291.8,0,-124.3,0,35.7,0,-8.9,0,420.3,0,-274.2,0,151.1,0,-134.4,0,-68.4,0,-45.9,0,75.1,0,93.2,0,-338.8,0,324.1,0,-205.1,0,240.9,0,-343.9,0,190.9,0,-82.5,0,5.2,0,9.5,0,-52.7,0,44.7,0,22.4,0,472.3,0,-647.5,0,345.9,0,-298.4,0,175.5,0,-175.5,0,411.2,0,-352.9,0,117.1,0,-108.6,0,-67.1,0,-8.2,0,-49.1,0,261.2,0,-333.3,0,247.6,0,-196.9,0,277.1,0,-363.2,0,131.8,0,-33.4,0,-58.4,0,75,0,-123.5,0,104.8
1143,0,-227.4,0,291.8,0,-124.3,0,35.7,0,-8.9,0,420.3,0,-274.2,0,151.1,0,-134.4,0,-68.4,0,-45.9,0,75.1,0,93.2,0,-338.8,0,324.1,0,-205.1,0,240.9,0,-343.9,0,190.9,0,-82.5,0,5.2,0,9.5,0,-52.7,0,44.7,0,22.4,0,472.3,0,-647.5,0,345.9,0,-298.4,0,175.5,0,-175.5,0,411.2,0,-352.9,0,117.1,0,-108.6,0,-67.1,0,-8.2,0,-49.1,0,261.2,0,-333.3,0,247.6,0,-196.9,0,277.1,0,-363.2,0,131.8,0,-33.4,0,-58.4,0,75,0,-123.5,0,104.8,0
1144,-227.4,0,291.8,0,-124.3,0,35.7,0,-8.9,0,420.3,0,-274.2,0,151.1,0,-134.4,0,-68.4,0,-45.9,0,75.1,0,93.2,0,-338.8,0,324.1,0,-205.1,0,240.9,0,-343.9,0,190.9,0,-82.5,0,5.2,0,9.5,0,-52.7,0,44.7,0,22.4,0,472.3,0,-647.5,0,345.9,0,-298.4,0,175.5,0,-175.5,0,411.2,0,-352.9,0,117.1,0,-108.6,0,-67.1,0,-8.2,0,-49.1,0,261.2,0,-333.3,0,247.6,0,-196.9,0,277.1,0,-363.2,0,131.8,0,-33.4,0,-58.4,0,75,0,-123.5,0,104.8,0,-103.2
1145,0,291.8,0,-124.3,0,35.7,0,-8.9,0,420.3,0,-274.2,0,151.1,0,-134.4,0,-68.4,0,-45.9,0,75.1,0,93.2,0,-338.8,0,324.1,0,-205.1,0,240.9,0,-343.9,0,190.9,0,-82.5,0,5.2,0,9.5,0,-52.7,0,44.7,0,22.4,0,472.3,0,-647.5,0,345.9,0,-298.4,0,175.5,0,-175.5,0,411.2,0,-352.9,0,117.1,0,-108.6,0,-67.1,0,-8.2,0,-49.1,0,261.2,0,-333.3,0,247.6,0,-196.9,0,277.1,0,-363.2,0,131.8,0,-33.4,0,-58.4,0,75,0,-123.5,0,104.8,0,-103.2,0
1146,291.8,0,-124.3,0,35.7,0,-8.9,0,420.3,0,-274.2,0,151.1,0,-134.4,0,-68.4,0,-45.9,0,75.1,0,93.2,0,-338.8,0,324.1,0,-205.1,0,240.9,0,-343.9,0,190.9,0,-82.5,0,5.2,0,9.5,0,-52.7,0,44.7,0,22.4,0,472.3,0,-647.5,0,345.9,0,-298.4,0,175.5,0,-175.5,0,411.2,0,-352.9,0,117.1,0,-108.6,0,-67.1,0,-8.2,0,-49.1,0,261.2,0,-333.3,0,247.6,0,-196.9,0,277.1,0,-363.2,0,131.8,0,-33.4,0,-58.4,0,75,0,-123.5,0,104.8,0,-103.2,0,242.9
1147,0,-124.3,0,35.7,0,-8.9,0,420.3,0,-274.2,0,151.1,0,-134.4,0,-68.4,0,-45.9,0,75.1,0,93.2,0,-338.8,0,324.1,0,-205.1,0,240.9,0,-343.9,0,190.9,0,-82.5,0,5.2,0,9.5,0,-52.7,0,44.7,0,22.4,0,472.3,0,-647.5,0,345.9,0,-298.4,0,175.5,0,-175.5,0,411.2,0,-352.9,0,117.1,0,-108.6,0,-67.1,0,-8.2,0,-49.1,0,261.2,0,-333.3,0,247.6,0,-196.9,0,277.1,0,-363.2,0,131.8,0,-33.4,0,-58.4,0,75,0,-123.5,0,104.8,0,-103.2,0,242.9,0
1148,-124.3,0,35.7,0,-8.9,0,420.3,0,-274.2,0,151.1,0,-134.4,0,-68.4,0,-45.9,0,75.1,0,93.2,0,-338.8,0,324.1,0,-205.1,0,240.9,0,-343.9,0,190.9,0,-82.5,0,5.2,0,9.5,0,-52.7,0,44.7,0,22.4,0,472.3,0,-647.5,0,345.9,0,-298.4,0,175.5,0,-175.5,0,411.2,0,-352.9,0,117.1,0,-108.6,0,-67.1,0,-8.2,0,-49.1,0,261.2,0,-333.3,0,247.6,0,-196.9,0,277.1,0,-363.2,0,131.8,0,-33.4,0,-58.4,0,75,0,-123.5,0,104.8,0,-103.2,0,242.9,0,-294.7
1149,0,35.7,0,-8.9,0,420.3,0,-274.2,0,151.1,0,-134.4,0,-68.4,0,-45.9,0,75.1,0,93.2,0,-338.8,0,324.1,0,-205.1,0,240.9,0,-343.9,0,190.9,0,-82.5,0,5.2,0,9.5,0,-52.7,0,44.7,0,22.4,0,472.3,0,-647.5,0,345.9,0,-298.4,0,175.5,0,-175.5,0,411.2,0,-352.9,0,117.1,0,-108.6,0,-67.1,0,-8.2,0,-49.1,0,261.2,0,-333.3,0,247.6,0,-196.9,0,277.1,0,-363.2,0,131.8,0,-33.4,0,-58.4,0,75,0,-123.5,0,104.8,0,-103.2,0,242.9,0,-294.7,0
1150,35.7,0,-8.9,0,420.3,0,-274.2,0,151.1,0,-134.4,0,-68.4,0,-45.9,0,75.1,0,93.2,0,-338.8,0,324.1,0,-205.1,0,240.9,0,-343.9,0,190.9,0,-82.5,0,5.2,0,9.5,0,-52.7,0,44.7,0,22.4,0,472.3,0,-647.5,0,345.9,0,-298.4,0,175.5,0,-175.5,0,411.2,0,-352.9,0,117.1,0,-108.6,0,-67.1,0,-8.2,0,-49.1,0,261.2,0,-333.3,0,247.6,0,-196.9,0,277.1,0,-363.2,0,131.8,0,-33.4,0,-58.4,0,75,0,-123.5,0,104.8,0,-103.2,0,242.9,0,-294.7,0,156.8
1151,0,-8.9,0,420.3,0,-274.2,0,151.1,0,-134.4,0,-68.4,0,-45.9,0,75.1,0,93.2,0,-338.8,0,324.1,0,-205.1,0,240.9,0,-343.9,0,190.9,0,-82.5,0,5.2,0,9.5,0,-52.7,0,44.7,0,22.4,0,472.3,0,-647.5,0,345.9,0,-298.4,0,175.5,0,-175.5,0,411.2,0,-352.9,0,117.1,0,-108.6,0,-67.1,0,-8.2,0,-49.1,0,261.2,0,-333.3,0,247.6,0,-196.9,0,277.1,0,-363.2,0,131.8,0,-33.4,0,-58.4,0,75,0,-123.5,0,104.8,0,-103.2,0,242.9,0,-294.7,0,156.8,0
1152,-8.9,0,420.3,0,-274.2,0,151.1,0,-134.4,0,-68.4,0,-45.9,0,75.1,0,93.2,0,-338.8,0,324.1,0,-205.1,0,240.9,0,-343.9,0,190.9,0,-82.5,0,5.2,0,9.5,0,-52.7,0,44.7,0,22.4,0,472.3,0,-647.5,0,345.9,0,-298.4,0,175.5,0,-175.5,0,411.2,0,-352.9,0,117.1,0,-108.6,0,-67.1,0,-8.2,0,-49.1,0,261.2,0,-333.3,0,247.6,0,-196.9,0,277.1,0,-363.2,0,131.8,0,-33.4,0,-58.4,0,75,0,-123.5,0,104.8,0,-103.2,0,242.9,0,-294.7,0,156.8,0,-134
1153,0,420.3,0,-274.2,0,151.1,0,-134.4,0,-68.4,0,-45.9,0,75.1,0,93.2,0,-338.8,0,324.1,0,-205.1,0,240.9,0,-343.9,0,190.9,0,-82.5,0,5.2,0,9.5,0,-52.7,0,44.7,0,22.4,0,472.3,0,-647.5,0,345.9,0,-298.4,0,175.5,0,-175.5,0,411.2,0,-352.9,0,117.1,0,-108.6,0,-67.1,0,-8.2,0,-49.1,0,261.2,0,-333.3,0,247.6,0,-196.9,0,277.1,0,-363.2,0,131.8,0,-33.4,0,-58.4,0,75,0,-123.5,0,104.8,0,-103.2,0,242.9,0,-294.7,0,156.8,0,-134,0
1154,420.3,0,-274.2,0,151.1,0,-134.4,0,-68.4,0,-45.9,0,75.1,0,93.2,0,-338.8,0,324.1,0,-205.1,0,240.9,0,-343.9,0,190.9,0,-82.5,0,5.2,0,9.5,0,-52.7,0,44.7,0,22.4,0,472.3,0,-647.5,0,345.9,0,-298.4,0,175.5,0,-175.5,0,411.2,0,-352.9,0,117.1,0,-108.6,0,-67.1,0,-8.2,0,-49.1,0,261.2,0,-333.3,0,247.6,0,-196.9,0,277.1,0,-363.2,0,131.8,0,-33.4,0,-58.4,0,75,0,-123.5,0,104.8,0,-103.2,0,242.9,0,-294.7,0,156.8,0,-134,0,75.6
1155,0,-274.2,0,151.1,0,-134.4,0,-68.4,0,-45.9,0,75.1,0,93.2,0,-338.8,0,324.1,0,-205.1,0,240.9,0,-343.9,0,190.9,0,-82.5,0,5.2,0,9.5,0,-52.7,0,44.7,0,22.4,0,472.3,0,-647.5,0,345.9,0,-298.4,0,175.5,0,-175.5,0,411.2,0,-352.9,0,117.1,0,-108.6,0,-67.1,0,-8.2,0,-49.1,0,261.2,0,-333.3,0,247.6,0,-196.9,0,277.1,0,-363.2,0,131.8,0,-33.4,0,-58.4,0,75,0,-123.5,0,104.8,0,-103.2,0,242.9,0,-294.7,0,156.8,0,-134,0,75.6,0
1156,-274.2,0,151.1,0,-134.4,0,-68.4,0,-45.9,0,75.1,0,93.2,0,-338.8,0,324.1,0,-205.1,0,240.9,0,-343.9,0,190.9,0,-82.5,0,5.2,0,9.5,0,-52.7,0,44.7,0,22.4,0,472.3,0,-647.5,0,345.9,0,-298.4,0,175.5,0,-175.5,0,411.2,0,-352.9,0,117.1,0,-108.6,0,-67.1,0,-8.2,0,-49.1,0,261.2,0,-333.3,0,247.6,0,-196.9,0,277.1,0,-363.2,0,131.8,0,-33.4,0,-58.4,0,75,0,-123.5,0,104.8,0,-103.2,0,242.9,0,-294.7,0,156.8,0,-134,0,75.6,0,-87.3
1157,0,151.1,0,-134.4,0,-68.4,0,-45.9,0,75.1,0,93.2,0,-338.8,0,324.1,0,-205.1,0,240.9,0,-343.9,0,190.9,0,-82.5,0,5.2,0,9.5,0,-52.7,0,44.7,0,22.4,0,472.3,0,-647.5,0,345.9,0,-298.4,0,175.5,0,-175.5,0,411.2,0,-352.9,0,117.1,0,-108.6,0,-67.1,0,-8.2,0,-49.1,0,261.2,0,-333.3,0,247.6,0,-196.9,0,277.1,0,-363.2,0,131.8,0,-33.4,0,-58.4,0,75,0,-123.5,0,104.8,0,-103.2,0,242.9,0,-294.7,0,156.8,0,-134,0,75.6,0,-87.3,0
1158,151.1,0,-134.4,0,-68.4,0,-45.9,0,75.1,0,93.2,0,-338.8,0,324.1,0,-205.1,0,240.9,0,-343.9,0,190.9,0,-82.5,0,5.2,0,9.5,0,-52.7,0,44.7,0,22.4,0,472.3,0,-647.5,0,345.9,0,-298.4,0,175.5,0,-175.5,0,411.2,0,-352.9,0,117.1,0,-108.6,0,-67.1,0,-8.2,0,-49.1,0,261.2,0,-333.3,0,247.6,0,-196.9,0,277.1,0,-363.2,0,131.8,0,-33.4,0,-58.4,0,75,0,-123.5,0,104.8,0,-103.2,0,242.9,0,-294.7,0,156.8,0,-134,0,75.6,0,-87.3,0,240.5
1159,0,-134.4,0,-68.4,0,-45.9,0,75.1,0,93.2,0,-338.8,0,324.1,0,-205.1,0,240.9,0,-343.9,0,190.9,0,-82.5,0,5.2,0,9.5,0,-52.7,0,44.7,0,22.4,0,472.3,0,-647.5,0,345.9,0,-298.4,0,175.5,0,-175.5,0,411.2,0,-352.9,0,117.1,0,-108.6,0,-67.1,0,-8.2,0,-49.1,0,261.2,0,-333.3,0,247.6,0,-196.9,0,277.1,0,-363.2,0,131.8,0,-33.4,0,-58.4,0,75,0,-123.5,0,104.8,0,-103.2,0,242.9,0,-294.7,0,156.8,0,-134,0,75.6,0,-87.3,0,240.5,0
1160,-134.4,0,-68.4,0,-45.9,0,75.1,0,93.2,0,-338.8,0,324.1,0,-205.1,0,240.9,0,-343.9,0,190.9,0,-82.5,0,5.2,0,9.5,0,-52.7,0,44.7,0,22.4,0,472.3,0,-647.5,0,345.9,0,-298.4,0,175.5,0,-175.5,0,411.2,0,-352.9,0,117.1,0,-108.6,0,-67.1,0,-8.2,0,-49.1,0,261.2,0,-333.3,0,247.6,0,-196.9,0,277.1,0,-363.2,0,131.8,0,-33.4,0,-58.4,0,75,0,-123.5,0,104.8,0,-103.2,0,242.9,0,-294.7,0,156.8,0,-134,0,75.6,0,-87.3,0,240.5,0,-76.5
1161,0,-68.4,0,-45.9,0,75.1,0,93.2,0,-338.8,0,324.1,0,-205.1,0,240.9,0,-343.9,0,190.9,0,-82.5,0,5.2,0,9.5,0,-52.7,0,44.7,0,22.4,0,472.3,0,-647.5,0,345.9,0,-298.4,0,175.5,0,-175.5,0,411.2,0,-352.9,0,117.1,0,-108.6,0,-67.1,0,-8.2,0,-49.1,0,261.2,0,-333.3,0,247.6,0,-196.9,0,277.1,0,-363.2,0,131.8,0,-33.4,0,-58.4,0,75,0,-123.5,0,104.8,0,-103.2,0,242.9,0,-294.7,0,156.8,0,-134,0,75.6,0,-87.3,0,240.5,0,-76.5,0
1162,-68.4,0,-45.9,0,75.1,0,93.2,0,-338.8,0,324.1,0,-205.1,0,240.9,0,-343.9,0,190.9,0,-82.5,0,5.2,0,9.5,0,-52.7,0,44.7,0,22.4,0,472.3,0,-647.5,0,345.9,0,-298.4,0,175.5,0,-175.5,0,411.2,0,-352.9,0,117.1,0,-108.6,0,-67.1,0,-8.2,0,-49.1,0,261.2,0,-333.3,0,247.6,0,-196.9,0,277.1,0,-363.2,0,131.8,0,-33.4,0,-58.4,0,75,0,-123.5,0,104.8,0,-103.2,0,242.9,0,-294.7,0,156.8,0,-134,0,75.6,0,-87.3,0,240.5,0,-76.5,0,48.1
1163,0,-45.9,0,75.1,0,93.2,0,-338.8,0,324.1,0,-205.1,0,240.9,0,-343.9,0,190.9,0,-82.5,0,5.2,0,9.5,0,-52.7,0,44.7,0,22.4,0,472.3,0,-647.5,0,345.9,0,-298.4,0,175.5,0,-175.5,0,411.2,0,-352.9,0,117.1,0,-108.6,0,-67.1,0,-8.2,0,-49.1,0,261.2,0,-333.3,0,247.6,0,-196.9,0,277.1,0,-363.2,0,131.8,0,-33.4,0,-58.4,0,75,0,-123.5,0,104.8,0,-103.2,0,242.9,0,-294.7,0,156.8,0,-134,0,75.6,0,-87.3,0,240.5,0,-76.5,0,48.1,0
1164,-45.9,0,75.1,0,93.2,0,-338.8,0,324.1,0,-205.1,0,240.9,0,-343.9,0,190.9,0,-82.5,0,5.2,0,9.5,0,-52.7,0,44.7,0,22.4,0,472.3,0,-647.5,0,345.9,0,-298.4,0,175.5,0,-175.5,0,411.2,0,-352.9,0,117.1,0,-108.6,0,-67.1,0,-8.2,0,-49.1,0,261.2,0,-333.3,0,247.6,0,-196.9,0,277.1,0,-363.2,0,131.8,0,-33.4,0,-58.4,0,75,0,-123.5,0,104.8,0,-103.2,0,242.9,0,-294.7,0,156.8,0,-134,0,75.6,0,-87.3,0,240.5,0,-76.5,0,48.1,0,-80.5
1165,0,75.1,0,93.2,0,-338.8,0,324.1,0,-205.1,0,240.9,0,-343.9,0,190.9,0,-82.5,0,5.2,0,9.5,0,-52.7,0,44.7,0,22.4,0,472.3,0,-647.5,0,345.9,0,-298.4,0,175.5,0,-175.5,0,411.2,0,-352.9,0,117.1,0,-108.6,0,-67.1,0,-8.2,0,-49.1,0,261.2,0,-333.3,0,247.6,0,-196.9,0,277.1,0,-363.2,0,131.8,0,-33.4,0,-58.4,0,75,0,-123.5,0,104.8,0,-103.2,0,242.9,0,-294.7,0,156.8,0,-134,0,75.6,0,-87.3,0,240.5,0,-76.5,0,48.1,0,-80.5,0
1166,75.1,0,93.2,0,-338.8,0,324.1,0,-205.1,0,240.9,0,-343.9,0,190.9,0,-82.5,0,5.2,0,9.5,0,-52.7,0,44.7,0,22.4,0,472.3,0,-647.5,0,345.9,0,-298.4,0,175.5,0,-175.5,0,411.2,0,-352.9,0,117.1,0,-108.6,0,-67.1,0,-8.2,0,-49.1,0,261.2,0,-333.3,0,247.6,0,-196.9,0,277.1,0,-363.2,0,131.8,0,-33.4,0,-58.4,0,75,0,-123.5,0,104.8,0,-103.2,0,242.9,0,-294.7,0,156.8,0,-134,0,75.6,0,-87.3,0,240.5,0,-76.5,0,48.1,0,-80.5,0,-38.9
1167,0,93.2,0,-338.8,0,324.1,0,-205.1,0,240.9,0,-343.9,0,190.9,0,-82.5,0,5.2,0,9.5,0,-52.7,0,44.7,0,22.4,0,472.3,0,-647.5,0,345.9,0,-298.4,0,175.5,0,-175.5,0,411.2,0,-352.9,0,117.1,0,-108.6,0,-67.1,0,-8.2,0,-49.1,0,261.2,0,-333.3,0,247.6,0,-196.9,0,277.1,0,-363.2,0,131.8,0,-33.4,0,-58.4,0,75,0,-123.5,0,104.8,0,-103.2,0,242.9,0,-294.7,0,156.8,0,-134,0,75.6,0,-87.3,0,240.5,0,-76.5,0,48.1,0,-80.5,0,-38.9,0
1168,93.2,0,-338.8,0,324.1,0,-205.1,0,240.9,0,-343.9,0,190.9,0,-82.5,0,5.2,0,9.5,0,-52.7,0,44.7,0,22.4,0,472.3,0,-647.5,0,345.9,0,-298.4,0,175.5,0,-175.5,0,411.2,0,-352.9,0,117.1,0,-108.6,0,-67.1,0,-8.2,0,-49.1,0,261.2,0,-333.3,0,247.6,0,-196.9,0,277.1,0,-363.2,0,131.8,0,-33.4,0,-58.4,0,75,0,-123.5,0,104.8,0,-103.2,0,242.9,0,-294.7,0,156.8,0,-134,0,75.6,0,-87.3,0,240.5,0,-76.5,0,48.1,0,-80.5,0,-38.9,0,17.3
1169,0,-338.8,0,324.1,0,-205.1,0,240.9,0,-343.9,0,190.9,0,-82.5,0,5.2,0,9.5,0,-52.7,0,44.7,0,22.4,0,472.3,0,-647.5,0,345.9,0,-298.4,0,175.5,0,-175.5,0,411.2,0,-352.9,0,117.1,0,-108.6,0,-67.1,0,-8.2,0,-49.1,0,261.2,0,-333.3,0,247.6,0,-196.9,0,277.1,0,-363.2,0,131.8,0,-33.4,0,-58.4,0,75,0,-123.5,0,104.8,0,-103.2,0,242.9,0,-294.7,0,156.8,0,-134,0,75.6,0,-87.3,0,240.5,0,-76.5,0,48.1,0,-80.5,0,-38.9,0,17.3,0
1170,-338.8,0,324.1,0,-205.1,0,240.9,0,-343.9,0,190.9,0,-82.5,0,5.2,0,9.5,0,-52.7,0,44.7,0,22.4,0,472.3,0,-647.5,0,345.9,0,-298.4,0,175.5,0,-175.5,0,411.2,0,-352.9,0,117.1,0,-108.6,0,-67.1,0,-8.2,0,-49.1,0,261.2,0,-333.3,0,247.6,0,-196.9,0,277.1,0,-363.2,0,131.8,0,-33.4,0,-58.4,0,75,0,-123.5,0,104.8,0,-103.2,0,242.9,0,-294.7,0,156.8,0,-134,0,75.6,0,-87.3,0,240.5,0,-76.5,0,48.1,0,-80.5,0,-38.9,0,17.3,0,-119.8
1171,0,324.1,0,-205.1,0,240.9,0,-343.9,0,190.9,0,-82.5,0,5.2,0,9.5,0,-52.7,0,44.7,0,22.4,0,472.3,0,-647.5,0,345.9,0,-298.4,0,175.5,0,-175.5,0,411.2,0,-352.9,0,117.1,0,-108.6,0,-67.1,0,-8.2,0,-49.1,0,261.2,0,-333.3,0,247.6,0,-196.9,0,277.1,0,-363.2,0,131.8,0,-33.4,0,-58.4,0,75,0,-123.5,0,104.8,0,-103.2,0,242.9,0,-294.7,0,156.8,0,-134,0,75.6,0,-87.3,0,240.5,0,-76.5,0,48.1,0,-80.5,0,-38.9,0,17.3,0,-119.8,0
1172,324.1,0,-205.1,0,240.9,0,-343.9,0,190.9,0,-82.5,0,5.2,0,9.5,0,-52.7,0,44.7,0,22.4,0,472.3,0,-647.5,0,345.9,0,-298.4,0,175.5,0,-175.5,0,411.2,0,-352.9,0,117.1,0,-108.6,0,-67.1,0,-8.2,0,-49.1,0,261.2,0,-333.3,0,247.6,0,-196.9,0,277.1,0,-363.2,0,131.8,0,-33.4,0,-58.4,0,75,0,-123.5,0,104.8,0,-103.2,0,242.9,0,-294.7,0,156.8,0,-134,0,75.6,0,-87.3,0,240.5,0,-76.5,0,48.1,0,-80.5,0,-38.9,0,17.3,0,-119.8,0,232.9
1173,0,-205.1,0,240.9,0,-343.9,0,190.9,0,-82.5,0,5.2,0,9.5,0,-52.7,0,44.7,0,22.4,0,472.3,0,-647.5,0,345.9,0,-298.4,0,175.5,0,-175.5,0,411.2,0,-352.9,0,117.1,0,-108.6,0,-67.1,0,-8.2,0,-49.1,0,261.2,0,-333.3,0,247.6,0,-196.9,0,277.1,0,-363.2,0,131.8,0,-33.4,0,-58.4,0,75,0,-123.5,0,104.8,0,-103.2,0,242.9,0,-294.7,0,156.8,0,-134,0,75.6,0,-87.3,0,240.5,0,-76.5,0,48.1,0,-80.5,0,-38.9,0,17.3,0,-119.8,0,232.9,0
1174,-205.1,0,240.9,0,-343.9,0,190.9,0,-82.5,0,5.2,0,9.5,0,-52.7,0,44.7,0,22.4,0,472.3,0,-647.5,0,345.9,0,-298.4,0,175.5,0,-175.5,0,411.2,0,-352.9,0,117.1,0,-108.6,0,-67.1,0,-8.2,0,-49.1,0,261.2,0,-333.3,0,247.6,0,-196.9,0,277.1,0,-363.2,0,131.8,0,-33.4,0,-58.4,0,75,0,-123.5,0,104.8,0,-103.2,0,242.9,0,-294.7,0,156.8,0,-134,0,75.6,0,-87.3,0,240.5,0,-76.5,0,48.1,0,-80.5,0,-38.9,0,17.3,0,-119.8,0,232.9,0,-327.5
1175,0,240.9,0,-343.9,0,190.9,0,-82.5,0,5.2,0,9.5,0,-52.7,0,44.7,0,22.4,0,472.3,0,-647.5,0,345.9,0,-298.4,0,175.5,0,-175.5,0,411.2,0,-352.9,0,117.1,0,-108.6,0,-67.1,0,-8.2,0,-49.1,0,261.2,0,-333.3,0,247.6,0,-196.9,0,277.1,0,-363.2,0,131.8,0,-33.4,0,-58.4,0,75,0,-123.5,0,104.8,0,-103.2,0,242.9,0,-294.7,0,156.8,0,-134,0,75.6,0,-87.3,0,240.5,0,-76.5,0,48.1,0,-80.5,0,-38.9,0,17.3,0,-119.8,0,232.9,0,-327.5,0
1176,240.9,0,-343.9,0,190.9,0,-82.5,0,5.2,0,9.5,0,-52.7,0,44.7,0,22.4,0,472.3,0,-647.5,0,345.9,0,-298.4,0,175.5,0,-175.5,0,411.2,0,-352.9,0,117.1,0,-108.6,0,-67.1,0,-8.2,0,-49.1,0,261.2,0,-333.3,0,247.6,0,-196.9,0,277.1,0,-363.2,0,131.8,0,-33.4,0,-58.4,0,75,0,-123.5,0,104.8,0,-103.2,0,242.9,0,-294.7,0,156.8,0,-134,0,75.6,0,-87.3,0,240.5,0,-76.5,0,48.1,0,-80.5,0,-38.9,0,17.3,0,-119.8,0,232.9,0,-327.5,0,224.5
1177,0,-343.9,0,190.9,0,-82.5,0,5.2,0,9.5,0,-52.7,0,44.7,0,22.4,0,472.3,0,-647.5,0,345.9,0,-298.4,0,175.5,0,-175.5,0,411.2,0,-352.9,0,117.1,0,-108.6,0,-67.1,0,-8.2,0,-49.1,0,261.2,0,-333.3,0,247.6,0,-196.9,0,277.1,0,-363.2,0,131.8,0,-33.4,0,-58.4,0,75,0,-123.5,0,104.8,0,-103.2,0,242.9,0,-294.7,0,156.8,0,-134,0,75.6,0,-87.3,0,240.5,0,-76.5,0,48.1,0,-80.5,0,-38.9,0,17.3,0,-119.8,0,232.9,0,-327.5,0,224.5,0
1178,-343.9,0,190.9,0,-82.5,0,5.2,0,9.5,0,-52.7,0,44.7,0,22.4,0,472.3,0,-647.5,0,345.9,0,-298.4,0,175.5,0,-175.5,0,411.2,0,-352.9,0,117.1,0,-108.6,0,-67.1,0,-8.2,0,-49.1,0,261.2,0,-333.3,0,247.6,0,-196.9,0,277.1,0,-363.2,0,131.8,0,-33.4,0,-58.4,0,75,0,-123.5,0,104.8,0,-103.2,0,242.9,0,-294.7,0,156.8,0,-134,0,75.6,0,-87.3,0,240.5,0,-76.5,0,48.1,0,-80.5,0,-38.9,0,17.3,0,-119.8,0,232.9,0,-327.5,0,224.5,0,-205.1
1179,0,190.9,0,-82.5,0,5.2,0,9.5,0,-52.7,0,44.7,0,22.4,0,472.3,0,-647.5,0,345.9,0,-298.4,0,175.5,0,-175.5,0,411.2,0,-352.9,0,117.1,0,-108.6,0,-67.1,0,-8.2,0,-49.1,0,261.2,0,-333.3,0,247.6,0,-196.9,0,277.1,0,-363.2,0,131.8,0,-33.4,0,-58.4,0,75,0,-123.5,0,104.8,0,-103.2,0,242.9,0,-294.7,0,156.8,0,-134,0,75.6,0,-87.3,0,240.5,0,-76.5,0,48.1,0,-80.5,0,-38.9,0,17.3,0,-119.8,0,232.9,0,-327.5,0,224.5,0,-205.1,0
1180,190.9,0,-82.5,0,5.2,0,9.5,0,-52.7,0,44.7,0,22.4,0,472.3,0,-647.5,0,345.9,0,-298.4,0,175.5,0,-175.5,0,411.2,0,-352.9,0,117.1,0,-108.6,0,-67.1,0,-8.2,0,-49.1,0,261.2,0,-333.3,0,247.6,0,-196.9,0,277.1,0,-363.2,0,131.8,0,-33.4,0,-58.4,0,75,0,-123.5,0,104.8,0,-103.2,0,242.9,0,-294.7,0,156.8,0,-134,0,75.6,0,-87.3,0,240.5,0,-76.5,0,48.1,0,-80.5,0,-38.9,0,17.3,0,-119.8,0,232.9,0,-327.5,0,224.5,0,-205.1,0,240.7
1181,0,-82.5,0,5.2,0,9.5,0,-52.7,0,44.7,0,22.4,0,472.3,0,-647.5,0,345.9,0,-298.4,0,175.5,0,-175.5,0,411.2,0,-352.9,0,117.1,0,-108.6,0,-67.1,0,-8.2,0,-49.1,0,261.2,0,-333.3,0,247.6,0,-196.9,0,277.1,0,-363.2,0,131.8,0,-33.4,0,-58.4,0,75,0,-123.5,0,104.8,0,-103.2,0,242.9,0,-294.7,0,156.8,0,-134,0,75.6,0,-87.3,0,240.5,0,-76.5,0,48.1,0,-80.5,0,-38.9,0,17.3,0,-119.8,0,232.9,0,-327.5,0,224.5,0,-205.1,0,240.7,0
1182,-82.5,0,5.2,0,9.5,0,-52.7,0,44.7,0,22.4,0,472.3,0,-647.5,0,345.9,0,-298.4,0,175.5,0,-175.5,0,411.2,0,-352.9,0,117.1,0,-108.6,0,-67.1,0,-8.2,0,-49.1,0,261.2,0,-333.3,0,247.6,0,-196.9,0,277.1,0,-363.2,0,131.8,0,-33.4,0,-58.4,0,75,0,-123.5,0,104.8,0,-103.2,0,242.9,0,-294.7,0,156.8,0,-134,0,75.6,0,-87.3,0,240.5,0,-76.5,0,48.1,0,-80.5,0,-38.9,0,17.3,0,-119.8,0,232.9,0,-327.5,0,224.5,0,-205.1,0,240.7,0,-252.2
1183,0,5.2,0,9.5,0,-52.7,0,44.7,0,22.4,0,472.3,0,-647.5,0,345.9,0,-298.4,0,175.5,0,-175.5,0,411.2,0,-352.9,0,117.1,0,-108.6,0,-67.1,0,-8.2,0,-49.1,0,261.2,0,-333.3,0,247.6,0,-196.9,0,277.1,0,-363.2,0,131.8,0,-33.4,0,-58.4,0,75,0,-123.5,0,104.8,0,-103.2,0,242.9,0,-294.7,0,156.8,0,-134,0,75.6,0,-87.3,0,240.5,0,-76.5,0,48.1,0,-80.5,0,-38.9,0,17.3,0,-119.8,0,232.9,0,-327.5,0,224.5,0,-205.1,0,240.7,0,-252.2,0
1184,5.2,0,9.5,0,-52.7,0,44.7,0,22.4,0,472.3,0,-647.5,0,345.9,0,-298.4,0,175.5,0,-175.5,0,411.2,0,-352.9,0,117.1,0,-108.6,0,-67.1,0,-8.2,0,-49.1,0,261.2,0,-333.3,0,247.6,0,-196.9,0,277.1,0,-363.2,0,131.8,0,-33.4,0,-58.4,0,75,0,-123.5,0,104.8,0,-103.2,0,242.9,0,-294.7,0,156.8,0,-134,0,75.6,0,-87.3,0,240.5,0,-76.5,0,48.1,0,-80.5,0,-38.9,0,17.3,0,-119.8,0,232.9,0,-327.5,0,224.5,0,-205.1,0,240.7,0,-252.2,0,55.5
1185,0,9.5,0,-52.7,0,44.7,0,22.4,0,472.3,0,-647.5,0,345.9,0,-298.4,0,175.5,0,-175.5,0,411.2,0,-352.9,0,117.1,0,-108.6,0,-67.1,0,-8.2,0,-49.1,0,261.2,0,-333.3,0,247.6,0,-196.9,0,277.1,0,-363.2,0,131.8,0,-33.4,0,-58.4,0,75,0,-123.5,0,104.8,0,-103.2,0,242.9,0,-294.7,0,156.8,0,-134,0,75.6,0,-87.3,0,240.5,0,-76.5,0,48.1,0,-80.5,0,-38.9,0,17.3,0,-119.8,0,232.9,0,-327.5,0,224.5,0,-205.1,0,240.7,0,-252.2,0,55.5,0
1186,9.5,0,-52.7,0,44.7,0,22.4,0,472.3,0,-647.5,0,345.9,0,-298.4,0,175.5,0,-175.5,0,411.2,0,-352.9,0,117.1,0,-108.6,0,-67.1,0,-8.2,0,-49.1,0,261.2,0,-333.3,0,247.6,0,-196.9,0,277.1,0,-363.2,0,131.8,0,-33.4,0,-58.4,0,75,0,-123.5,0,104.8,0,-103.2,0,242.9,0,-294.7,0,156.8,0,-134,0,75.6,0,-87.3,0,240.5,0,-76.5,0,48.1,0,-80.5,0,-38.9,0,17.3,0,-119.8,0,232.9,0,-327.5,0,224.5,0,-205.1,0,240.7,0,-252.2,0,55.5,0,0.8
1187,0,-52.7,0,44.7,0,22.4,0,472.3,0,-647.5,0,345.9,0,-298.4,0,175.5,0,-175.5,0,411.2,0,-352.9,0,117.1,0,-108.6,0,-67.1,0,-8.2,0,-49.1,0,261.2,0,-333.3,0,247.6,0,-196.9,0,277.1,0,-363.2,0,131.8,0,-33.4,0,-58.4,0,75,0,-123.5,0,104.8,0,-103.2,0,242.9,0,-294.7,0,156.8,0,-134,0,75.6,0,-87.3,0,240.5,0,-76.5,0,48.1,0,-80.5,0,-38.9,0,17.3,0,-119.8,0,232.9,0,-327.5,0,224.5,0,-205.1,0,240.7,0,-252.2,0,55.5,0,0.8,0
1188,-52.7,0,44.7,0,22.4,0,472.3,0,-647.5,0,345.9,0,-298.4,0,175.5,0,-175.5,0,411.2,0,-352.9,0,117.1,0,-108.6,0,-67.1,0,-8.2,0,-49.1,0,261.2,0,-333.3,0,247.6,0,-196.9,0,277.1,0,-363.2,0,131.8,0,-33.4,0,-58.4,0,75,0,-123.5,0,104.8,0,-103.2,0,242.9,0,-294.7,0,156.8,0,-134,0,75.6,0,-87.3,0,240.5,0,-76.5,0,48.1,0,-80.5,0,-38.9,0,17.3,0,-119.8,0,232.9,0,-327.5,0,224.5,0,-205.1,0,240.7,0,-252.2,0,55.5,0,0.8,0,-43.5
1189,0,44.7,0,22.4,0,472.3,0,-647.5,0,345.9,0,-298.4,0,175.5,0,-175.5,0,411.2,0,-352.9,0,117.1,0,-108.6,0,-67.1,0,-8.2,0,-49.1,0,261.2,0,-333.3,0,247.6,0,-196.9,0,277.1,0,-363.2,0,131.8,0,-33.4,0,-58.4,0,75,0,-123.5,0,104.8,0,-103.2,0,242.9,0,-294.7,0,156.8,0,-134,0,75.6,0,-87.3,0,240.5,0,-76.5,0,48.1,0,-80.5,0,-38.9,0,17.3,0,-119.8,0,232.9,0,-327.5,0,224.5,0,-205.1,0,240.7,0,-252.2,0,55.5,0,0.8,0,-43.5,0
1190,44.7,0,22.4,0,472.3,0,-647.5,0,345.9,0,-298.4,0,175.5,0,-175.5,0,411.2,0,-352.9,0,117.1,0,-108.6,0,-67.1,0,-8.2,0,-49.1,0,261.2,0,-333.3,0,247.6,0,-196.9,0,277.1,0,-363.2,0,131.8,0,-33.4,0,-58.4,0,75,0,-123.5,0,104.8,0,-103.2,0,242.9,0,-294.7,0,156.8,0,-134,0,75.6,0,-87.3,0,240.5,0,-76.5,0,48.1,0,-80.5,0,-38.9,0,17.3,0,-119.8,0,232.9,0,-327.5,0,224.5,0,-205.1,0,240.7,0,-252.2,0,55.5,0,0.8,0,-43.5,0,99.6
1191,0,22.4,0,472.3,0,-647.5,0,345.9,0,-298.4,0,175.5,0,-175.5,0,411.2,0,-352.9,0,117.1,0,-108.6,0,-67.1,0,-8.2,0,-49.1,0,261.2,0,-333.3,0,247.6,0,-196.9,0,277.1,0,-363.2,0,131.8,0,-33.4,0,-58.4,0,75,0,-123.5,0,104.8,0,-103.2,0,242.9,0,-294.7,0,156.8,0,-134,0,75.6,0,-87.3,0,240.5,0,-76.5,0,48.1,0,-80.5,0,-38.9,0,17.3,0,-119.8,0,232.9,0,-327.5,0,224.5,0,-205.1,0,240.7,0,-252.2,0,55.5,0,0.8,0,-43.5,0,99.6,0
1192,22.4,0,472.3,0,-647.5,0,345.9,0,-298.4,0,175.5,0,-175.5,0,411.2,0,-352.9,0,117.1,0,-108.6,0,-67.1,0,-8.2,0,-49.1,0,261.2,0,-333.3,0,247.6,0,-196.9,0,277.1,0,-363.2,0,131.8,0,-33.4,0,-58.4,0,75,0,-123.5,0,104.8,0,-103.2,0,242.9,0,-294.7,0,156.8,0,-134,0,75.6,0,-87.3,0,240.5,0,-76.5,0,48.1,0,-80.5,0,-38.9,0,17.3,0,-119.8,0,232.9,0,-327.5,0,224.5,0,-205.1,0,240.7,0,-252.2,0,55.5,0,0.8,0,-43.5,0,99.6,0,-153.8
1193,0,472.3,0,-647.5,0,345.9,0,-298.4,0,175.5,0,-175.5,0,411.2,0,-352.9,0,117.1,0,-108.6,0,-67.1,0,-8.2,0,-49.1,0,261.2,0,-333.3,0,247.6,0,-196.9,0,277.1,0,-363.2,0,131.8,0,-33.4,0,-58.4,0,75,0,-123.5,0,104.8,0,-103.2,0,242.9,0,-294.7,0,156.8,0,-134,0,75.6,0,-87.3,0,240.5,0,-76.5,0,48.1,0,-80.5,0,-38.9,0,17.3,0,-119.8,0,232.9,0,-327.5,0,224.5,0,-205.1,0,240.7,0,-252.2,0,55.5,0,0.8,0,-43.5,0,99.6,0,-153.8,0
1194,472.3,0,-647.5,0,345.9,0,-298.4,0,175.5,0,-175.5,0,411.2,0,-352.9,0,117.1,0,-108.6,0,-67.1,0,-8.2,0,-49.1,0,261.2,0,-333.3,0,247.6,0,-196.9,0,277.1,0,-363.2,0,131.8,0,-33.4,0,-58.4,0,75,0,-123.5,0,104.8,0,-103.2,0,242.9,0,-294.7,0,156.8,0,-134,0,75.6,0,-87.3,0,240.5,0,-76.5,0,48.1,0,-80.5,0,-38.9,0,17.3,0,-119.8,0,232.9,0,-327.5,0,224.5,0,-205.1,0,240.7,0,-252.2,0,55.5,0,0.8,0,-43.5,0,99.6,0,-153.8,0,157.7
1195,0,-647.5,0,345.9,0,-298.4,0,175.5,0,-175.5,0,411.2,0,-352.9,0,117.1,0,-108.6,0,-67.1,0,-8.2,0,-49.1,0,261.2,0,-333.3,0,247.6,0,-196.9,0,277.1,0,-363.2,0,131.8,0,-33.4,0,-58.4,0,75,0,-123.5,0,104.8,0,-103.2,0,242.9,0,-294.7,0,156.8,0,-134,0,75.6,0,-87.3,0,240.5,0,-76.5,0,48.1,0,-80.5,0,-38.9,0,17.3,0,-119.8,0,232.9,0,-327.5,0,224.5,0,-205.1,0,240.7,0,-252.2,0,55.5,0,0.8,0,-43.5,0,99.6,0,-153.8,0,157.7,0
1196,-647.5,0,345.9,0,-298.4,0,175.5,0,-175.5,0,411.2,0,-352.9,0,117.1,0,-108.6,0,-67.1,0,-8.2,0,-49.1,0,261.2,0,-333.3,0,247.6,0,-196.9,0,277.1,0,-363.2,0,131.8,0,-33.4,0,-58.4,0,75,0,-123.5,0,104.8,0,-103.2,0,242.9,0,-294.7,0,156.8,0,-134,0,75.6,0,-87.3,0,240.5,0,-76.5,0,48.1,0,-80.5,0,-38.9,0,17.3,0,-119.8,0,232.9,0,-327.5,0,224.5,0,-205.1,0,240.7,0,-252.2,0,55.5,0,0.8,0,-43.5,0,99.6,0,-153.8,0,157.7,0,-130.6
1197,0,345.9,0,-298.4,0,175.5,0,-175.5,0,411.2,0,-352.9,0,117.1,0,-108.6,0,-67.1,0,-8.2,0,-49.1,0,261.2,0,-333.3,0,247.6,0,-196.9,0,277.1,0,-363.2,0,131.8,0,-33.4,0,-58.4,0,75,0,-123.5,0,104.8,0,-103.2,0,242.9,0,-294.7,0,156.8,0,-134,0,75.6,0,-87.3,0,240.5,0,-76.5,0,48.1,0,-80.5,0,-38.9,0,17.3,0,-119.8,0,232.9,0,-327.5,0,224.5,0,-205.1,0,240.7,0,-252.2,0,55.5,0,0.8,0,-43.5,0,99.6,0,-153.8,0,157.7,0,-130.6,0
1198,345.9,0,-298.4,0,175.5,0,-175.5,0,411.2,0,-352.9,0,117.1,0,-108.6,0,-67.1,0,-8.2,0,-49.1,0,261.2,0,-333.3,0,247.6,0,-196.9,0,277.1,0,-363.2,0,131.8,0,-33.4,0,-58.4,0,75,0,-123.5,0,104.8,0,-103.2,0,242.9,0,-294.7,0,156.8,0,-134,0,75.6,0,-87.3,0,240.5,0,-76.5,0,48.1,0,-80.5,0,-38.9,0,17.3,0,-119.8,0,232.9,0,-327.5,0,224.5,0,-205.1,0,240.7,0,-252.2,0,55.5,0,0.8,0,-43.5,0,99.6,0,-153.8,0,157.7,0,-130.6,0,232.2
1199,0,-298.4,0,175.5,0,-175.5,0,411.2,0,-352.9,0,117.1,0,-108.6,0,-67.1,0,-8.2,0,-49.1,0,261.2,0,-333.3,0,247.6,0,-196.9,0,277.1,0,-363.2,0,131.8,0,-33.4,0,-58.4,0,75,0,-123.5,0,104.8,0,-103.2,0,242.9,0,-294.7,0,156.8,0,-134,0,75.6,0,-87.3,0,240.5,0,-76.5,0,48.1,0,-80.5,0,-38.9,0,17.3,0,-119.8,0,232.9,0,-327.5,0,224.5,0,-205.1,0,240.7,0,-252.2,0,55.5,0,0.8,0,-43.5,0,99.6,0,-153.8,0,157.7,0,-130.6,0,232.2,0
1200,-298.4,0,175.5,0,-175.5,0,411.2,0,-352.9,0,117.1,0,-108.6,0,-67.1,0,-8.2,0,-49.1,0,261.2,0,-333.3,0,247.6,0,-196.9,0,277.1,0,-363.2,0,131.8,0,-33.4,0,-58.4,0,75,0,-123.5,0,104.8,0,-103.2,0,242.9,0,-294.7,0,156.8,0,-134,0,75.6,0,-87.3,0,240.5,0,-76.5,0,48.1,0,-80.5,0,-38.9,0,17.3,0,-119.8,0,232.9,0,-327.5,0,224.5,0,-205.1,0,240.7,0,-252.2,0,55.5,0,0.8,0,-43.5,0,99.6,0,-153.8,0,157.7,0,-130.6,0,232.2,0,-291.4
1201,0,175.5,0,-175.5,0,411.2,0,-352.9,0,117.1,0,-108.6,0,-67.1,0,-8.2,0,-49.1,0,261.2,0,-333.3,0,247.6,0,-196.9,0,277.1,0,-363.2,0,131.8,0,-33.4,0,-58.4,0,75,0,-123.5,0,104.8,0,-103.2,0,242.9,0,-294.7,0,156.8,0,-134,0,75.6,0,-87.3,0,240.5,0,-76.5,0,48.1,0,-80.5,0,-38.9,0,17.3,0,-119.8,0,232.9,0,-327.5,0,224.5,0,-205.1,0,240.7,0,-252.2,0,55.5,0,0.8,0,-43.5,0,99.6,0,-153.8,0,157.7,0,-130.6,0,232.2,0,-291.4,0
1202,175.5,0,-175.5,0,411.2,0,-352.9,0,117.1,0,-108.6,0,-67.1,0,-8.2,0,-49.1,0,261.2,0,-333.3,0,247.6,0,-196.9,0,277.1,0,-363.2,0,131.8,0,-33.4,0,-58.4,0,75,0,-123.5,0,104.8,0,-103.2,0,242.9,0,-294.7,0,156.8,0,-134,0,75.6,0,-87.3,0,240.5,0,-76.5,0,48.1,0,-80.5,0,-38.9,0,17.3,0,-119.8,0,232.9,0,-327.5,0,224.5,0,-205.1,0,240.7,0,-252.2,0,55.5,0,0.8,0,-43.5,0,99.6,0,-153.8,0,157.7,0,-130.6,0,232.2,0,-291.4,0,145.1
1203,0,-175.5,0,411.2,0,-352.9,0,117.1,0,-108.6,0,-67.1,0,-8.2,0,-49.1,0,261.2,0,-333.3,0,247.6,0,-196.9,0,277.1,0,-363.2,0,131.8,0,-33.4,0,-58.4,0,75,0,-123.5,0,104.8,0,-103.2,0,242.9,0,-294.7,0,156.8,0,-134,0,75.6,0,-87.3,0,240.5,0,-76.5,0,48.1,0,-80.5,0,-38.9,0,17.3,0,-119.8,0,232.9,0,-327.5,0,224.5,0,-205.1,0,240.7,0,-252.2,0,55.5,0,0.8,0,-43.5,0,99.6,0,-153.8,0,157.7,0,-130.6,0,232.2,0,-291.4,0,145.1,0
1204,-175.5,0,411.2,0,-352.9,0,117.1,0,-108.6,0,-67.1,0,-8.2,0,-49.1,0,261.2,0,-333.3,0,247.6,0,-196.9,0,277.1,0,-363.2,0,131.8,0,-33.4,0,-58.4,0,75,0,-123.5,0,104.8,0,-103.2,0,242.9,0,-294.7,0,156.8,0,-134,0,75.6,0,-87.3,0,240.5,0,-76.5,0,48.1,0,-80.5,0,-38.9,0,17.3,0,-119.8,0,232.9,0,-327.5,0,224.5,0,-205.1,0,240.7,0,-252.2,0,55.5,0,0.8,0,-43.5,0,99.6,0,-153.8,0,157.7,0,-130.6,0,232.2,0,-291.4,0,145.1,0,-92.5
1205,0,411.2,0,-352.9,0,117.1,0,-108.6,0,-67.1,0,-8.2,0,-49.1,0,261.2,0,-333.3,0,247.6,0,-196.9,0,277.1,0,-363.2,0,131.8,0,-33.4,0,-58.4,0,75,0,-123.5,0,104.8,0,-103.2,0,242.9,0,-294.7,0,156.8,0,-134,0,75.6,0,-87.3,0,240.5,0,-76.5,0,48.1,0,-80.5,0,-38.9,0,17.3,0,-119.8,0,232.9,0,-327.5,0,224.5,0,-205.1,0,240.7,0,-252.2,0,55.5,0,0.8,0,-43.5,0,99.6,0,-153.8,0,157.7,0,-130.6,0,232.2,0,-291.4,0,145.1,0,-92.5,0
1206,411.2,0,-352.9,0,117.1,0,-108.6,0,-67.1,0,-8.2,0,-49.1,0,261.2,0,-333.3,0,247.6,0,-196.9,0,277.1,0,-363.2,0,131.8,0,-33.4,0,-58.4,0,75,0,-123.5,0,104.8,0,-103.2,0,242.9,0,-294.7,0,156.8,0,-134,0,75.6,0,-87.3,0,240.5,0,-76.5,0,48.1,0,-80.5,0,-38.9,0,17.3,0,-119.8,0,232.9,0,-327.5,0,224.5,0,-205.1,0,240.7,0,-252.2,0,55.5,0,0.8,0,-43.5,0,99.6,0,-153.8,0,157.7,0,-130.6,0,232.2,0,-291.4,0,145.1,0,-92.5,0,-31.3
1207,0,-352.9,0,117.1,0,-108.6,0,-67.1,0,-8.2,0,-49.1,0,261.2,0,-333.3,0,247.6,0,-196.9,0,277.1,0,-363.2,0,131.8,0,-33.4,0,-58.4,0,75,0,-123.5,0,104.8,0,-103.2,0,242.9,0,-294.7,0,156.8,0,-134,0,75.6,0,-87.3,0,240.5,0,-76.5,0,48.1,0,-80.5,0,-38.9,0,17.3,0,-119.8,0,232.9,0,-327.5,0,224.5,0,-205.1,0,240.7,0,-252.2,0,55.5,0,0.8,0,-43.5,0,99.6,0,-153.8,0,157.7,0,-130.6,0,232.2,0,-291.4,0,145.1,0,-92.5,0,-31.3,0
1208,-352.9,0,117.1,0,-108.6,0,-67.1,0,-8.2,0,-49.1,0,261.2,0,-333.3,0,247.6,0,-196.9,0,277.1,0,-363.2,0,131.8,0,-33.4,0,-58.4,0,75,0,-123.5,0,104.8,0,-103.2,0,242.9,0,-294.7,0,156.8,0,-134,0,75.6,0,-87.3,0,240.5,0,-76.5,0,48.1,0,-80.5,0,-38.9,0,17.3,0,-119.8,0,232.9,0,-327.5,0,224.5,0,-205.1,0,240.7,0,-252.2,0,55.5,0,0.8,0,-43.5,0,99.6,0,-153.8,0,157.7,0,-130.6,0,232.2,0,-291.4,0,145.1,0,-92.5,0,-31.3,0,25.1
1209,0,117.1,0,-108.6,0,-67.1,0,-8.2,0,-49.1,0,261.2,0,-333.3,0,247.6,0,-196.9,0,277.1,0,-363.2,0,131.8,0,-33.4,0,-58.4,0,75,0,-123.5,0,104.8,0,-103.2,0,242.9,0,-294.7,0,156.8,0,-134,0,75.6,0,-87.3,0,240.5,0,-76.5,0,48.1,0,-80.5,0,-38.9,0,17.3,0,-119.8,0,232.9,0,-327.5,0,224.5,0,-205.1,0,240.7,0,-252.2,0,55.5,0,0.8,0,-43.5,0,99.6,0,-153.8,0,157.7,0,-130.6,0,232.2,0,-291.4,0,145.1,0,-92.5,0,-31.3,0,25.1,0
1210,117.1,0,-108.6,0,-67.1,0,-8.2,0,-49.1,0,261.2,0,-333.3,0,247.6,0,-196.9,0,277.1,0,-363.2,0,131.8,0,-33.4,0,-58.4,0,75,0,-123.5,0,104.8,0,-103.2,0,242.9,0,-294.7,0,156.8,0,-134,0,75.6,0,-87.3,0,240.5,0,-76.5,0,48.1,0,-80.5,0,-38.9,0,17.3,0,-119.8,0,232.9,0,-327.5,0,224.5,0,-205.1,0,240.7,0,-252.2,0,55.5,0,0.8,0,-43.5,0,99.6,0,-153.8,0,157.7,0,-130.6,0,232.2,0,-291.4,0,145.1,0,-92.5,0,-31.3,0,25.1,0,133
1211,0,-108.6,0,-67.1,0,-8.2,0,-49.1,0,261.2,0,-333.3,0,247.6,0,-196.9,0,277.1,0,-363.2,0,131.8,0,-33.4,0,-58.4,0,75,0,-123.5,0,104.8,0,-103.2,0,242.9,0,-294.7,0,156.8,0,-134,0,75.6,0,-87.3,0,240.5,0,-76.5,0,48.1,0,-80.5,0,-38.9,0,17.3,0,-119.8,0,232.9,0,-327.5,0,224.5,0,-205.1,0,240.7,0,-252.2,0,55.5,0,0.8,0,-43.5,0,99.6,0,-153.8,0,157.7,0,-130.6,0,232.2,0,-291.4,0,145.1,0,-92.5,0,-31.3,0,25.1,0,133,0
1212,-108.6,0,-67.1,0,-8.2,0,-49.1,0,261.2,0,-333.3,0,247.6,0,-196.9,0,277.1,0,-363.2,0,131.8,0,-33.4,0,-58.4,0,75,0,-123.5,0,104.8,0,-103.2,0,242.9,0,-294.7,0,156.8,0,-134,0,75.6,0,-87.3,0,240.5,0,-76.5,0,48.1,0,-80.5,0,-38.9,0,17.3,0,-119.8,0,232.9,0,-327.5,0,224.5,0,-205.1,0,240.7,0,-252.2,0,55.5,0,0.8,0,-43.5,0,99.6,0,-153.8,0,157.7,0,-130.6,0,232.2,0,-291.4,0,145.1,0,-92.5,0,-31.3,0,25.1,0,133,0,106.6
1213,0,-67.1,0,-8.2,0,-49.1,0,261.2,0,-333.3,0,247.6,0,-196.9,0,277.1,0,-363.2,0,131.8,0,-33.4,0,-58.4,0,75,0,-123.5,0,104.8,0,-103.2,0,242.9,0,-294.7,0,156.8,0,-134,0,75.6,0,-87.3,0,240.5,0,-76.5,0,48.1,0,-80.5,0,-38.9,0,17.3,0,-119.8,0,232.9,0,-327.5,0,224.5,0,-205.1,0,240.7,0,-252.2,0,55.5,0,0.8,0,-43.5,0,99.6,0,-153.8,0,157.7,0,-130.6,0,232.2,0,-291.4,0,145.1,0,-92.5,0,-31.3,0,25.1,0,133,0,106.6,0
1214,-67.1,0,-8.2,0,-49.1,0,261.2,0,-333.3,0,247.6,0,-196.9,0,277.1,0,-363.2,0,131.8,0,-33.4,0,-58.4,0,75,0,-123.5,0,104.8,0,-103.2,0,242.9,0,-294.7,0,156.8,0,-134,0,75.6,0,-87.3,0,240.5,0,-76.5,0,48.1,0,-80.5,0,-38.9,0,17.3,0,-119.8,0,232.9,0,-327.5,0,224.5,0,-205.1,0,240.7,0,-252.2,0,55.5,0,0.8,0,-43.5,0,99.6,0,-153.8,0,157.7,0,-130.6,0,232.2,0,-291.4,0,145.1,0,-92.5,0,-31.3,0,25.1,0,133,0,106.6,0,-97.9
1215,0,-8.2,0,-49.1,0,261.2,0,-333.3,0,247.6,0,-196.9,0,277.1,0,-363.2,0,131.8,0,-33.4,0,-58.4,0,75,0,-123.5,0,104.8,0,-103.2,0,242.9,0,-294.7,0,156.8,0,-134,0,75.6,0,-87.3,0,240.5,0,-76.5,0,48.1,0,-80.5,0,-38.9,0,17.3,0,-119.8,0,232.9,0,-327.5,0,224.5,0,-205.1,0,240.7,0,-252.2,0,55.5,0,0.8,0,-43.5,0,99.6,0,-153.8,0,157.7,0,-130.6,0,232.2,0,-291.4,0,145.1,0,-92.5,0,-31.3,0,25.1,0,133,0,106.6,0,-97.9,0
1216,-8.2,0,-49.1,0,261.2,0,-333.3,0,247.6,0,-196.9,0,277.1,0,-363.2,0,131.8,0,-33.4,0,-58.4,0,75,0,-123.5,0,104.8,0,-103.2,0,242.9,0,-294.7,0,156.8,0,-134,0,75.6,0,-87.3,0,240.5,0,-76.5,0,48.1,0,-80.5,0,-38.9,0,17.3,0,-119.8,0,232.9,0,-327.5,0,224.5,0,-205.1,0,240.7,0,-252.2,0,55.5,0,0.8,0,-43.5,0,99.6,0,-153.8,0,157.7,0,-130.6,0,232.2,0,-291.4,0,145.1,0,-92.5,0,-31.3,0,25.1,0,133,0,106.6,0,-97.9,0,26.7
1217,0,-49.1,0,261.2,0,-333.3,0,247.6,0,-196.9,0,277.1,0,-363.2,0,131.8,0,-33.4,0,-58.4,0,75,0,-123.5,0,104.8,0,-103.2,0,242.9,0,-294.7,0,156.8,0,-134,0,75.6,0,-87.3,0,240.5,0,-76.5,0,48.1,0,-80.5,0,-38.9,0,17.3,0,-119.8,0,232.9,0,-327.5,0,224.5,0,-205.1,0,240.7,0,-252.2,0,55.5,0,0.8,0,-43.5,0,99.6,0,-153.8,0,157.7,0,-130.6,0,232.2,0,-291.4,0,145.1,0,-92.5,0,-31.3,0,25.1,0,133,0,106.6,0,-97.9,0,26.7,0
1218,-49.1,0,261.2,0,-333.3,0,247.6,0,-196.9,0,277.1,0,-363.2,0,131.8,0,-33.4,0,-58.4,0,75,0,-123.5,0,104.8,0,-103.2,0,242.9,0,-294.7,0,156.8,0,-134,0,75.6,0,-87.3,0,240.5,0,-76.5,0,48.1,0,-80.5,0,-38.9,0,17.3,0,-119.8,0,232.9,0,-327.5,0,224.5,0,-205.1,0,240.7,0,-252.2,0,55.5,0,0.8,0,-43.5,0,99.6,0,-153.8,0,157.7,0,-130.6,0,232.2,0,-291.4,0,145.1,0,-92.5,0,-31.3,0,25.1,0,133,0,106.6,0,-97.9,0,26.7,0,-90.3
1219,0,261.2,0,-333.3,0,247.6,0,-196.9,0,277.1,0,-363.2,0,131.8,0,-33.4,0,-58.4,0,75,0,-123.5,0,104.8,0,-103.2,0,242.9,0,-294.7,0,156.8,0,-134,0,75.6,0,-87.3,0,240.5,0,-76.5,0,48.1,0,-80.5,0,-38.9,0,17.3,0,-119.8,0,232.9,0,-327.5,0,224.5,0,-205.1,0,240.7,0,-252.2,0,55.5,0,0.8,0,-43.5,0,99.6,0,-153.8,0,157.7,0,-130.6,0,232.2,0,-291.4,0,145.1,0,-92.5,0,-31.3,0,25.1,0,133,0,106.6,0,-97.9,0,26.7,0,-90.3,0
1220,261.2,0,-333.3,0,247.6,0,-196.9,0,277.1,0,-363.2,0,131.8,0,-33.4,0,-58.4,0,75,0,-123.5,0,104.8,0,-103.2,0,242.9,0,-294.7,0,156.8,0,-134,0,75.6,0,-87.3,0,240.5,0,-76.5,0,48.1,0,-80.5,0,-38.9,0,17.3,0,-119.8,0,232.9,0,-327.5,0,224.5,0,-205.1,0,240.7,0,-252.2,0,55.5,0,0.8,0,-43.5,0,99.6,0,-153.8,0,157.7,0,-130.6,0,232.2,0,-291.4,0,145.1,0,-92.5,0,-31.3,0,25.1,0,133,0,106.6,0,-97.9,0,26.7,0,-90.3,0,35.5
1221,0,-333.3,0,247.6,0,-196.9,0,277.1,0,-363.2,0,131.8,0,-33.4,0,-58.4,0,75,0,-123.5,0,104.8,0,-103.2,0,242.9,0,-294.7,0,156.8,0,-134,0,75.6,0,-87.3,0,240.5,0,-76.5,0,48.1,0,-80.5,0,-38.9,0,17.3,0,-119.8,0,232.9,0,-327.5,0,224.5,0,-205.1,0,240.7,0,-252.2,0,55.5,0,0.8,0,-43.5,0,99.6,0,-153.8,0,157.7,0,-130.6,0,232.2,0,-291.4,0,145.1,0,-92.5,0,-31.3,0,25.1,0,133,0,106.6,0,-97.9,0,26.7,0,-90.3,0,35.5,0
1222,-333.3,0,247.6,0,-196.9,0,277.1,0,-363.2,0,131.8,0,-33.4,0,-58.4,0,75,0,-123.5,0,104.8,0,-103.2,0,242.9,0,-294.7,0,156.8,0,-134,0,75.6,0,-87.3,0,240.5,0,-76.5,0,48.1,0,-80.5,0,-38.9,0,17.3,0,-119.8,0,232.9,0,-327.5,0,224.5,0,-205.1,0,240.7,0,-252.2,0,55.5,0,0.8,0,-43.5,0,99.6,0,-153.8,0,157.7,0,-130.6,0,232.2,0,-291.4,0,145.1,0,-92.5,0,-31.3,0,25.1,0,133,0,106.6,0,-97.9,0,26.7,0,-90.3,0,35.5,0,-132
1223,0,247.6,0,-196.9,0,277.1,0,-363.2,0,131.8,0,-33.4,0,-58.4,0,75,0,-123.5,0,104.8,0,-103.2,0,242.9,0,-294.7,0,156.8,0,-134,0,75.6,0,-87.3,0,240.5,0,-76.5,0,48.1,0,-80.5,0,-38.9,0,17.3,0,-119.8,0,232.9,0,-327.5,0,224.5,0,-205.1,0,240.7,0,-252.2,0,55.5,0,0.8,0,-43.5,0,99.6,0,-153.8,0,157.7,0,-130.6,0,232.2,0,-291.4,0,145.1,0,-92.5,0,-31.3,0,25.1,0,133,0,106.6,0,-97.9,0,26.7,0,-90.3,0,35.5,0,-132,0
1224,247.6,0,-196.9,0,277.1,0,-363.2,0,131.8,0,-33.4,0,-58.4,0,75,0,-123.5,0,104.8,0,-103.2,0,242.9,0,-294.7,0,156.8,0,-134,0,75.6,0,-87.3,0,240.5,0,-76.5,0,48.1,0,-80.5,0,-38.9,0,17.3,0,-119.8,0,232.9,0,-327.5,0,224.5,0,-205.1,0,240.7,0,-252.2,0,55.5,0,0.8,0,-43.5,0,99.6,0,-153.8,0,157.7,0,-130.6,0,232.2,0,-291.4,0,145.1,0,-92.5,0,-31.3,0,25.1,0,133,0,106.6,0,-97.9,0,26.7,0,-90.3,0,35.5,0,-132,0,184.6
1225,0,-196.9,0,277.1,0,-363.2,0,131.8,0,-33.4,0,-58.4,0,75,0,-123.5,0,104.8,0,-103.2,0,242.9,0,-294.7,0,156.8,0,-134,0,75.6,0,-87.3,0,240.5,0,-76.5,0,48.1,0,-80.5,0,-38.9,0,17.3,0,-119.8,0,232.9,0,-327.5,0,224.5,0,-205.1,0,240.7,0,-252.2,0,55.5,0,0.8,0,-43.5,0,99.6,0,-153.8,0,157.7,0,-130.6,0,232.2,0,-291.4,0,145.1,0,-92.5,0,-31.3,0,25.1,0,133,0,106.6,0,-97.9,0,26.7,0,-90.3,0,35.5,0,-132,0,184.6,0
1226,-196.9,0,277.1,0,-363.2,0,131.8,0,-33.4,0,-58.4,0,75,0,-123.5,0,104.8,0,-103.2,0,242.9,0,-294.7,0,156.8,0,-134,0,75.6,0,-87.3,0,240.5,0,-76.5,0,48.1,0,-80.5,0,-38.9,0,17.3,0,-119.8,0,232.9,0,-327.5,0,224.5,0,-205.1,0,240.7,0,-252.2,0,55.5,0,0.8,0,-43.5,0,99.6,0,-153.8,0,157.7,0,-130.6,0,232.2,0,-291.4,0,145.1,0,-92.5,0,-31.3,0,25.1,0,133,0,106.6,0,-97.9,0,26.7,0,-90.3,0,35.5,0,-132,0,184.6,0,-231.1
1227,0,277.1,0,-363.2,0,131.8,0,-33.4,0,-58.4,0,75,0,-123.5,0,104.8,0,-103.2,0,242.9,0,-294.7,0,156.8,0,-134,0,75.6,0,-87.3,0,240.5,0,-76.5,0,48.1,0,-80.5,0,-38.9,0,17.3,0,-119.8,0,232.9,0,-327.5,0,224.5,0,-205.1,0,240.7,0,-252.2,0,55.5,0,0.8,0,-43.5,0,99.6,0,-153.8,0,157.7,0,-130.6,0,232.2,0,-291.4,0,145.1,0,-92.5,0,-31.3,0,25.1,0,133,0,106.6,0,-97.9,0,26.7,0,-90.3,0,35.5,0,-132,0,184.6,0,-231.1,0
1228,277.1,0,-363.2,0,131.8,0,-33.4,0,-58.4,0,75,0,-123.5,0,104.8,0,-103.2,0,242.9,0,-294.7,0,156.8,0,-134,0,75.6,0,-87.3,0,240.5,0,-76.5,0,48.1,0,-80.5,0,-38.9,0,17.3,0,-119.8,0,232.9,0,-327.5,0,224.5,0,-205.1,0,240.7,0,-252.2,0,55.5,0,0.8,0,-43.5,0,99.6,0,-153.8,0,157.7,0,-130.6,0,232.2,0,-291.4,0,145.1,0,-92.5,0,-31.3,0,25.1,0,133,0,106.6,0,-97.9,0,26.7,0,-90.3,0,35.5,0,-132,0,184.6,0,-231.1,0,156
1229,0,-363.2,0,131.8,0,-33.4,0,-58.4,0,75,0,-123.5,0,104.8,0,-103.2,0,242.9,0,-294.7,0,156.8,0,-134,0,75.6,0,-87.3,0,240.5,0,-76.5,0,48.1,0,-80.5,0,-38.9,0,17.3,0,-119.8,0,232.9,0,-327.5,0,224.5,0,-205.1,0,240.7,0,-252.2,0,55.5,0,0.8,0,-43.5,0,99.6,0,-153.8,0,157.7,0,-130.6,0,232.2,0,-291.4,0,145.1,0,-92.5,0,-31.3,0,25.1,0,133,0,106.6,0,-97.9,0,26.7,0,-90.3,0,35.5,0,-132,0,184.6,0,-231.1,0,156,0
1230,-363.2,0,131.8,0,-33.4,0,-58.4,0,75,0,-123.5,0,104.8,0,-103.2,0,242.9,0,-294.7,0,156.8,0,-134,0,75.6,0,-87.3,0,240.5,0,-76.5,0,48.1,0,-80.5,0,-38.9,0,17.3,0,-119.8,0,232.9,0,-327.5,0,224.5,0,-205.1,0,240.7,0,-252.2,0,55.5,0,0.8,0,-43.5,0,99.6,0,-153.8,0,157.7,0,-130.6,0,232.2,0,-291.4,0,145.1,0,-92.5,0,-31.3,0,25.1,0,133,0,106.6,0,-97.9,0,26.7,0,-90.3,0,35.5,0,-132,0,184.6,0,-231.1,0,156,0,-73.3
1231,0,131.8,0,-33.4,0,-58.4,0,75,0,-123.5,0,104.8,0,-103.2,0,242.9,0,-294.7,0,156.8,0,-134,0,75.6,0,-87.3,0,240.5,0,-76.5,0,48.1,0,-80.5,0,-38.9,0,17.3,0,-119.8,0,232.9,0,-327.5,0,224.5,0,-205.1,0,240.7,0,-252.2,0,55.5,0,0.8,0,-43.5,0,99.6,0,-153.8,0,157.7,0,-130.6,0,232.2,0,-291.4,0,145.1,0,-92.5,0,-31.3,0,25.1,0,133,0,106.6,0,-97.9,0,26.7,0,-90.3,0,35.5,0,-132,0,184.6,0,-231.1,0,156,0,-73.3,0
1232,131.8,0,-33.4,0,-58.4,0,75,0,-123.5,0,104.8,0,-103.2,0,242.9,0,-294.7,0,156.8,0,-134,0,75.6,0,-87.3,0,240.5,0,-76.5,0,48.1,0,-80.5,0,-38.9,0,17.3,0,-119.8,0,232.9,0,-327.5,0,224.5,0,-205.1,0,240.7,0,-252.2,0,55.5,0,0.8,0,-43.5,0,99.6,0,-153.8,0,157.7,0,-130.6,0,232.2,0,-291.4,0,145.1,0,-92.5,0,-31.3,0,25.1,0,133,0,106.6,0,-97.9,0,26.7,0,-90.3,0,35.5,0,-132,0,184.6,0,-231.1,0,156,0,-73.3,0,150.7
1233,0,-33.4,0,-58.4,0,75,0,-123.5,0,104.8,0,-103.2,0,242.9,0,-294.7,0,156.8,0,-134,0,75.6,0,-87.3,0,240.5,0,-76.5,0,48.1,0,-80.5,0,-38.9,0,17.3,0,-119.8,0,232.9,0,-327.5,0,224.5,0,-205.1,0,240.7,0,-252.2,0,55.5,0,0.8,0,-43.5,0,99.6,0,-153.8,0,157.7,0,-130.6,0,232.2,0,-291.4,0,145.1,0,-92.5,0,-31.3,0,25.1,0,133,0,106.6,0,-97.9,0,26.7,0,-90.3,0,35.5,0,-132,0,184.6,0,-231.1,0,156,0,-73.3,0,150.7,0
1234,-33.4,0,-58.4,0,75,0,-123.5,0,104.8,0,-103.2,0,242.9,0,-294.7,0,156.8,0,-134,0,75.6,0,-87.3,0,240.5,0,-76.5,0,48.1,0,-80.5,0,-38.9,0,17.3,0,-119.8,0,232.9,0,-327.5,0,224.5,0,-205.1,0,240.7,0,-252.2,0,55.5,0,0.8,0,-43.5,0,99.6,0,-153.8,0,157.7,0,-130.6,0,232.2,0,-291.4,0,145.1,0,-92.5,0,-31.3,0,25.1,0,133,0,106.6,0,-97.9,0,26.7,0,-90.3,0,35.5,0,-132,0,184.6,0,-231.1,0,156,0,-73.3,0,150.7,0,7.7
1235,0,-58.4,0,75,0,-123.5,0,104.8,0,-103.2,0,242.9,0,-294.7,0,156.8,0,-134,0,75.6,0,-87.3,0,240.5,0,-76.5,0,48.1,0,-80.5,0,-38.9,0,17.3,0,-119.8,0,232.9,0,-327.5,0,224.5,0,-205.1,0,240.7,0,-252.2,0,55.5,0,0.8,0,-43.5,0,99.6,0,-153.8,0,157.7,0,-130.6,0,232.2,0,-291.4,0,145.1,0,-92.5,0,-31.3,0,25.1,0,133,0,106.6,0,-97.9,0,26.7,0,-90.3,0,35.5,0,-132,0,184.6,0,-231.1,0,156,0,-73.3,0,150.7,0,7.7,0
1236,-58.4,0,75,0,-123.5,0,104.8,0,-103.2,0,242.9,0,-294.7,0,156.8,0,-134,0,75.6,0,-87.3,0,240.5,0,-76.5,0,48.1,0,-80.5,0,-38.9,0,17.3,0,-119.8,0,232.9,0,-327.5,0,224.5,0,-205.1,0,240.7,0,-252.2,0,55.5,0,0.8,0,-43.5,0,99.6,0,-153.8,0,157.7,0,-130.6,0,232.2,0,-291.4,0,145.1,0,-92.5,0,-31.3,0,25.1,0,133,0,106.6,0,-97.9,0,26.7,0,-90.3,0,35.5,0,-132,0,184.6,0,-231.1,0,156,0,-73.3,0,150.7,0,7.7,0,-147.3
1237,0,75,0,-123.5,0,104.8,0,-103.2,0,242.9,0,-294.7,0,156.8,0,-134,0,75.6,0,-87.3,0,240.5,0,-76.5,0,48.1,0,-80.5,0,-38.9,0,17.3,0,-119.8,0,232.9,0,-327.5,0,224.5,0,-205.1,0,240.7,0,-252.2,0,55.5,0,0.8,0,-43.5,0,99.6,0,-153.8,0,157.7,0,-130.6,0,232.2,0,-291.4,0,145.1,0,-92.5,0,-31.3,0,25.1,0,133,0,106.6,0,-97.9,0,26.7,0,-90.3,0,35.5,0,-132,0,184.6,0,-231.1,0,156,0,-73.3,0,150.7,0,7.7,0,-147.3,0
1238,75,0,-123.5,0,104.8,0,-103.2,0,242.9,0,-294.7,0,156.8,0,-134,0,75.6,0,-87.3,0,240.5,0,-76.5,0,48.1,0,-80.5,0,-38.9,0,17.3,0,-119.8,0,232.9,0,-327.5,0,224.5,0,-205.1,0,240.7,0,-252.2,0,55.5,0,0.8,0,-43.5,0,99.6,0,-153.8,0,157.7,0,-130.6,0,232.2,0,-291.4,0,145.1,0,-92.5,0,-31.3,0,25.1,0,133,0,106.6,0,-97.9,0,26.7,0,-90.3,0,35.5,0,-132,0,184.6,0,-231.1,0,156,0,-73.3,0,150.7,0,7.7,0,-147.3,0,66.1
1239,0,-123.5,0,104.8,0,-103.2,0,242.9,0,-294.7,0,156.8,0,-134,0,75.6,0,-87.3,0,240.5,0,-76.5,0,48.1,0,-80.5,0,-38.9,0,17.3,0,-119.8,0,232.9,0,-327.5,0,224.5,0,-205.1,0,240.7,0,-252.2,0,55.5,0,0.8,0,-43.5,0,99.6,0,-153.8,0,157.7,0,-130.6,0,232.2,0,-291.4,0,145.1,0,-92.5,0,-31.3,0,25.1,0,133,0,106.6,0,-97.9,0,26.7,0,-90.3,0,35.5,0,-132,0,184.6,0,-231.1,0,156,0,-73.3,0,150.7,0,7.7,0,-147.3,0,66.1,0
1240,-123.5,0,104.8,0,-103.2,0,242.9,0,-294.7,0,156.8,0,-134,0,75.6,0,-87.3,0,240.5,0,-76.5,0,48.1,0,-80.5,0,-38.9,0,17.3,0,-119.8,0,232.9,0,-327.5,0,224.5,0,-205.1,0,240.7,0,-252.2,0,55.5,0,0.8,0,-43.5,0,99.6,0,-153.8,0,157.7,0,-130.6,0,232.2,0,-291.4,0,145.1,0,-92.5,0,-31.3,0,25.1,0,133,0,106.6,0,-97.9,0,26.7,0,-90.3,0,35.5,0,-132,0,184.6,0,-231.1,0,156,0,-73.3,0,150.7,0,7.7,0,-147.3,0,66.1,0,-55
1241,0,104.8,0,-103.2,0,242.9,0,-294.7,0,156.8,0,-134,0,75.6,0,-87.3,0,240.5,0,-76.5,0,48.1,0,-80.5,0,-38.9,0,17.3,0,-119.8,0,232.9,0,-327.5,0,224.5,0,-205.1,0,240.7,0,-252.2,0,55.5,0,0.8,0,-43.5,0,99.6,0,-153.8,0,157.7,0,-130.6,0,232.2,0,-291.4,0,145.1,0,-92.5,0,-31.3,0,25.1,0,133,0,106.6,0,-97.9,0,26.7,0,-90.3,0,35.5,0,-132,0,184.6,0,-231.1,0,156,0,-73.3,0,150.7,0,7.7,0,-147.3,0,66.1,0,-55,0
1242,104.8,0,-103.2,0,242.9,0,-294.7,0,156.8,0,-134,0,75.6,0,-87.3,0,240.5,0,-76.5,0,48.1,0,-80.5,0,-38.9,0,17.3,0,-119.8,0,232.9,0,-327.5,0,224.5,0,-205.1,0,240.7,0,-252.2,0,55.5,0,0.8,0,-43.5,0,99.6,0,-153.8,0,157.7,0,-130.6,0,232.2,0,-291.4,0,145.1,0,-92.5,0,-31.3,0,25.1,0,133,0,106.6,0,-97.9,0,26.7,0,-90.3,0,35.5,0,-132,0,184.6,0,-231.1,0,156,0,-73.3,0,150.7,0,7.7,0,-147.3,0,66.1,0,-55,0,124.5
1243,0,-103.2,0,242.9,0,-294.7,0,156.8,0,-134,0,75.6,0,-87.3,0,240.5,0,-76.5,0,48.1,0,-80.5,0,-38.9,0,17.3,0,-119.8,0,232.9,0,-327.5,0,224.5,0,-205.1,0,240.7,0,-252.2,0,55.5,0,0.8,0,-43.5,0,99.6,0,-153.8,0,157.7,0,-130.6,0,232.2,0,-291.4,0,145.1,0,-92.5,0,-31.3,0,25.1,0,133,0,106.6,0,-97.9,0,26.7,0,-90.3,0,35.5,0,-132,0,184.6,0,-231.1,0,156,0,-73.3,0,150.7,0,7.7,0,-147.3,0,66.1,0,-55,0,124.5,0
1244,-103.2,0,242.9,0,-294.7,0,156.8,0,-134,0,75.6,0,-87.3,0,240.5,0,-76.5,0,48.1,0,-80.5,0,-38.9,0,17.3,0,-119.8,0,232.9,0,-327.5,0,224.5,0,-205.1,0,240.7,0,-252.2,0,55.5,0,0.8,0,-43.5,0,99.6,0,-153.8,0,157.7,0,-130.6,0,232.2,0,-291.4,0,145.1,0,-92.5,0,-31.3,0,25.1,0,133,0,106.6,0,-97.9,0,26.7,0,-90.3,0,35.5,0,-132,0,184.6,0,-231.1,0,156,0,-73.3,0,150.7,0,7.7,0,-147.3,0,66.1,0,-55,0,124.5,0,-226.2
1245,0,242.9,0,-294.7,0,156.8,0,-134,0,75.6,0,-87.3,0,240.5,0,-76.5,0,48.1,0,-80.5,0,-38.9,0,17.3,0,-119.8,0,232.9,0,-327.5,0,224.5,0,-205.1,0,240.7,0,-252.2,0,55.5,0,0.8,0,-43.5,0,99.6,0,-153.8,0,157.7,0,-130.6,0,232.2,0,-291.4,0,145.1,0,-92.5,0,-31.3,0,25.1,0,133,0,106.6,0,-97.9,0,26.7,0,-90.3,0,35.5,0,-132,0,184.6,0,-231.1,0,156,0,-73.3,0,150.7,0,7.7,0,-147.3,0,66.1,0,-55,0,124.5,0,-226.2,0
1246,242.9,0,-294.7,0,156.8,0,-134,0,75.6,0,-87.3,0,240.5,0,-76.5,0,48.1,0,-80.5,0,-38.9,0,17.3,0,-119.8,0,232.9,0,-327.5,0,224.5,0,-205.1,0,240.7,0,-252.2,0,55.5,0,0.8,0,-43.5,0,99.6,0,-153.8,0,157.7,0,-130.6,0,232.2,0,-291.4,0,145.1,0,-92.5,0,-31.3,0,25.1,0,133,0,106.6,0,-97.9,0,26.7,0,-90.3,0,35.5,0,-132,0,184.6,0,-231.1,0,156,0,-73.3,0,150.7,0,7.7,0,-147.3,0,66.1,0,-55,0,124.5,0,-226.2,0,171.4
1247,0,-294.7,0,156.8,0,-134,0,75.6,0,-87.3,0,240.5,0,-76.5,0,48.1,0,-80.5,0,-38.9,0,17.3,0,-119.8,0,232.9,0,-327.5,0,224.5,0,-205.1,0,240.7,0,-252.2,0,55.5,0,0.8,0,-43.5,0,99.6,0,-153.8,0,157.7,0,-130.6,0,232.2,0,-291.4,0,145.1,0,-92.5,0,-31.3,0,25.1,0,133,0,106.6,0,-97.9,0,26.7,0,-90.3,0,35.5,0,-132,0,184.6,0,-231.1,0,156,0,-73.3,0,150.7,0,7.7,0,-147.3,0,66.1,0,-55,0,124.5,0,-226.2,0,171.4,0
1248,-294.7,0,156.8,0,-134,0,75.6,0,-87.3,0,240.5,0,-76.5,0,48.1,0,-80.5,0,-38.9,0,17.3,0,-119.8,0,232.9,0,-327.5,0,224.5,0,-205.1,0,240.7,0,-252.2,0,55.5,0,0.8,0,-43.5,0,99.6,0,-153.8,0,157.7,0,-130.6,0,232.2,0,-291.4,0,145.1,0,-92.5,0,-31.3,0,25.1,0,133,0,106.6,0,-97.9,0,26.7,0,-90.3,0,35.5,0,-132,0,184.6,0,-231.1,0,156,0,-73.3,0,150.7,0,7.7,0,-147.3,0,66.1,0,-55,0,124.5,0,-226.2,0,171.4,0,-89.4
1249,0,156.8,0,-134,0,75.6,0,-87.3,0,240.5,0,-76.5,0,48.1,0,-80.5,0,-38.9,0,17.3,0,-119.8,0,232.9,0,-327.5,0,224.5,0,-205.1,0,240.7,0,-252.2,0,55.5,0,0.8,0,-43.5,0,99.6,0,-153.8,0,157.7,0,-130.6,0,232.2,0,-291.4,0,145.1,0,-92.5,0,-31.3,0,25.1,0,133,0,106.6,0,-97.9,0,26.7,0,-90.3,0,35.5,0,-132,0,184.6,0,-231.1,0,156,0,-73.3,0,150.7,0,7.7,0,-147.3,0,66.1,0,-55,0,124.5,0,-226.2,0,171.4,0,-89.4,0
1250,156.8,0,-134,0,75.6,0,-87.3,0,240.5,0,-76.5,0,48.1,0,-80.5,0,-38.9,0,17.3,0,-119.8,0,232.9,0,-327.5,0,224.5,0,-205.1,0,240.7,0,-252.2,0,55.5,0,0.8,0,-43.5,0,99.6,0,-153.8,0,157.7,0,-130.6,0,232.2,0,-291.4,0,145.1,0,-92.5,0,-31.3,0,25.1,0,133,0,106.6,0,-97.9,0,26.7,0,-90.3,0,35.5,0,-132,0,184.6,0,-231.1,0,156,0,-73.3,0,150.7,0,7.7,0,-147.3,0,66.1,0,-55,0,124.5,0,-226.2,0,171.4,0,-89.4,0,191.3
1251,0,-134,0,75.6,0,-87.3,0,240.5,0,-76.5,0,48.1,0,-80.5,0,-38.9,0,17.3,0,-119.8,0,232.9,0,-327.5,0,224.5,0,-205.1,0,240.7,0,-252.2,0,55.5,0,0.8,0,-43.5,0,99.6,0,-153.8,0,157.7,0,-130.6,0,232.2,0,-291.4,0,145.1,0,-92.5,0,-31.3,0,25.1,0,133,0,106.6,0,-97.9,0,26.7,0,-90.3,0,35.5,0,-132,0,184.6,0,-231.1,0,156,0,-73.3,0,150.7,0,7.7,0,-147.3,0,66.1,0,-55,0,124.5,0,-226.2,0,171.4,0,-89.4,0,191.3,0
1252,-134,0,75.6,0,-87.3,0,240.5,0,-76.5,0,48.1,0,-80.5,0,-38.9,0,17.3,0,-119.8,0,232.9,0,-327.5,0,224.5,0,-205.1,0,240.7,0,-252.2,0,55.5,0,0.8,0,-43.5,0,99.6,0,-153.8,0,157.7,0,-130.6,0,232.2,0,-291.4,0,145.1,0,-92.5,0,-31.3,0,25.1,0,133,0,106.6,0,-97.9,0,26.7,0,-90.3,0,35.5,0,-132,0,184.6,0,-231.1,0,156,0,-73.3,0,150.7,0,7.7,0,-147.3,0,66.1,0,-55,0,124.5,0,-226.2,0,171.4,0,-89.4,0,191.3,0,-221
1253,0,75.6,0,-87.3,0,240.5,0,-76.5,0,48.1,0,-80.5,0,-38.9,0,17.3,0,-119.8,0,232.9,0,-327.5,0,224.5,0,-205.1,0,240.7,0,-252.2,0,55.5,0,0.8,0,-43.5,0,99.6,0,-153.8,0,157.7,0,-130.6,0,232.2,0,-291.4,0,145.1,0,-92.5,0,-31.3,0,25.1,0,133,0,106.6,0,-97.9,0,26.7,0,-90.3,0,35.5,0,-132,0,184.6,0,-231.1,0,156,0,-73.3,0,150.7,0,7.7,0,-147.3,0,66.1,0,-55,0,124.5,0,-226.2,0,171.4,0,-89.4,0,191.3,0,-221,0
1254,75.6,0,-87.3,0,240.5,0,-76.5,0,48.1,0,-80.5,0,-38.9,0,17.3,0,-119.8,0,232.9,0,-327.5,0,224.5,0,-205.1,0,240.7,0,-252.2,0,55.5,0,0.8,0,-43.5,0,99.6,0,-153.8,0,157.7,0,-130.6,0,232.2,0,-291.4,0,145.1,0,-92.5,0,-31.3,0,25.1,0,133,0,106.6,0,-97.9,0,26.7,0,-90.3,0,35.5,0,-132,0,184.6,0,-231.1,0,156,0,-73.3,0,150.7,0,7.7,0,-147.3,0,66.1,0,-55,0,124.5,0,-226.2,0,171.4,0,-89.4,0,191.3,0,-221,0,168.9
1255,0,-87.3,0,240.5,0,-76.5,0,48.1,0,-80.5,0,-38.9,0,17.3,0,-119.8,0,232.9,0,-327.5,0,224.5,0,-205.1,0,240.7,0,-252.2,0,55.5,0,0.8,0,-43.5,0,99.6,0,-153.8,0,157.7,0,-130.6,0,232.2,0,-291.4,0,145.1,0,-92.5,0,-31.3,0,25.1,0,133,0,106.6,0,-97.9,0,26.7,0,-90.3,0,35.5,0,-132,0,184.6,0,-231.1,0,156,0,-73.3,0,150.7,0,7.7,0,-147.3,0,66.1,0,-55,0,124.5,0,-226.2,0,171.4,0,-89.4,0,191.3,0,-221,0,168.9,0
1256,-87.3,0,240.5,0,-76.5,0,48.1,0,-80.5,0,-38.9,0,17.3,0,-119.8,0,232.9,0,-327.5,0,224.5,0,-205.1,0,240.7,0,-252.2,0,55.5,0,0.8,0,-43.5,0,99.6,0,-153.8,0,157.7,0,-130.6,0,232.2,0,-291.4,0,145.1,0,-92.5,0,-31.3,0,25.1,0,133,0,106.6,0,-97.9,0,26.7,0,-90.3,0,35.5,0,-132,0,184.6,0,-231.1,0,156,0,-73.3,0,150.7,0,7.7,0,-147.3,0,66.1,0,-55,0,124.5,0,-226.2,0,171.4,0,-89.4,0,191.3,0,-221,0,168.9,0,-14.9
1257,0,240.5,0,-76.5,0,48.1,0,-80.5,0,-38.9,0,17.3,0,-119.8,0,232.9,0,-327.5,0,224.5,0,-205.1,0,240.7,0,-252.2,0,55.5,0,0.8,0,-43.5,0,99.6,0,-153.8,0,157.7,0,-130.6,0,232.2,0,-291.4,0,145.1,0,-92.5,0,-31.3,0,25.1,0,133,0,106.6,0,-97.9,0,26.7,0,-90.3,0,35.5,0,-132,0,184.6,0,-231.1,0,156,0,-73.3,0,150.7,0,7.7,0,-147.3,0,66.1,0,-55,0,124.5,0,-226.2,0,171.4,0,-89.4,0,191.3,0,-221,0,168.9,0,-14.9,0
1258,240.5,0,-76.5,0,48.1,0,-80.5,0,-38.9,0,17.3,0,-119.8,0,232.9,0,-327.5,0,224.5,0,-205.1,0,240.7,0,-252.2,0,55.5,0,0.8,0,-43.5,0,99.6,0,-153.8,0,157.7,0,-130.6,0,232.2,0,-291.4,0,145.1,0,-92.5,0,-31.3,0,25.1,0,133,0,106.6,0,-97.9,0,26.7,0,-90.3,0,35.5,0,-132,0,184.6,0,-231.1,0,156,0,-73.3,0,150.7,0,7.7,0,-147.3,0,66.1,0,-55,0,124.5,0,-226.2,0,171.4,0,-89.4,0,191.3,0,-221,0,168.9,0,-14.9,0,-45.6
1259,0,-76.5,0,48.1,0,-80.5,0,-38.9,0,17.3,0,-119.8,0,232.9,0,-327.5,0,224.5,0,-205.1,0,240.7,0,-252.2,0,55.5,0,0.8,0,-43.5,0,99.6,0,-153.8,0,157.7,0,-130.6,0,232.2,0,-291.4,0,145.1,0,-92.5,0,-31.3,0,25.1,0,133,0,106.6,0,-97.9,0,26.7,0,-90.3,0,35.5,0,-132,0,184.6,0,-231.1,0,156,0,-73.3,0,150.7,0,7.7,0,-147.3,0,66.1,0,-55,0,124.5,0,-226.2,0,171.4,0,-89.4,0,191.3,0,-221,0,168.9,0,-14.9,0,-45.6,0
1260,-76.5,0,48.1,0,-80.5,0,-38.9,0,17.3,0,-119.8,0,232.9,0,-327.5,0,224.5,0,-205.1,0,240.7,0,-252.2,0,55.5,0,0.8,0,-43.5,0,99.6,0,-153.8,0,157.7,0,-130.6,0,232.2,0,-291.4,0,145.1,0,-92.5,0,-31.3,0,25.1,0,133,0,106.6,0,-97.9,0,26.7,0,-90.3,0,35.5,0,-132,0,184.6,0,-231.1,0,156,0,-73.3,0,150.7,0,7.7,0,-147.3,0,66.1,0,-55,0,124.5,0,-226.2,0,171.4,0,-89.4,0,191.3,0,-221,0,168.9,0,-14.9,0,-45.6,0,106.9
1261,0,48.1,0,-80.5,0,-38.9,0,17.3,0,-119.8,0,232.9,0,-327.5,0,224.5,0,-205.1,0,240.7,0,-252.2,0,55.5,0,0.8,0,-43.5,0,99.6,0,-153.8,0,157.7,0,-130.6,0,232.2,0,-291.4,0,145.1,0,-92.5,0,-31.3,0,25.1,0,133,0,106.6,0,-97.9,0,26.7,0,-90.3,0,35.5,0,-132,0,184.6,0,-231.1,0,156,0,-73.3,0,150.7,0,7.7,0,-147.3,0,66.1,0,-55,0,124.5,0,-226.2,0,171.4,0,-89.4,0,191.3,0,-221,0,168.9,0,-14.9,0,-45.6,0,106.9,0
1262,48.1,0,-80.5,0,-38.9,0,17.3,0,-119.8,0,232.9,0,-327.5,0,224.5,0,-205.1,0,240.7,0,-252.2,0,55.5,0,0.8,0,-43.5,0,99.6,0,-153.8,0,157.7,0,-130.6,0,232.2,0,-291.4,0,145.1,0,-92.5,0,-31.3,0,25.1,0,133,0,106.6,0,-97.9,0,26.7,0,-90.3,0,35.5,0,-132,0,184.6,0,-231.1,0,156,0,-73.3,0,150.7,0,7.7,0,-147.3,0,66.1,0,-55,0,124.5,0,-226.2,0,171.4,0,-89.4,0,191.3,0,-221,0,168.9,0,-14.9,0,-45.6,0,106.9,0,-19
1263,0,-80.5,0,-38.9,0,17.3,0,-119.8,0,232.9,0,-327.5,0,224.5,0,-205.1,0,240.7,0,-252.2,0,55.5,0,0.8,0,-43.5,0,99.6,0,-153.8,0,157.7,0,-130.6,0,232.2,0,-291.4,0,145.1,0,-92.5,0,-31.3,0,25.1,0,133,0,106.6,0,-97.9,0,26.7,0,-90.3,0,35.5,0,-132,0,184.6,0,-231.1,0,156,0,-73.3,0,150.7,0,7.7,0,-147.3,0,66.1,0,-55,0,124.5,0,-226.2,0,171.4,0,-89.4,0,191.3,0,-221,0,168.9,0,-14.9,0,-45.6,0,106.9,0,-19,0
1264,-80.5,0,-38.9,0,17.3,0,-119.8,0,232.9,0,-327.5,0,224.5,0,-205.1,0,240.7,0,-252.2,0,55.5,0,0.8,0,-43.5,0,99.6,0,-153.8,0,157.7,0,-130.6,0,232.2,0,-291.4,0,145.1,0,-92.5,0,-31.3,0,25.1,0,133,0,106.6,0,-97.9,0,26.7,0,-90.3,0,35.5,0,-132,0,184.6,0,-231.1,0,156,0,-73.3,0,150.7,0,7.7,0,-147.3,0,66.1,0,-55,0,124.5,0,-226.2,0,171.4,0,-89.4,0,191.3,0,-221,0,168.9,0,-14.9,0,-45.6,0,106.9,0,-19,0,79.8
1265,0,-38.9,0,17.3,0,-119.8,0,232.9,0,-327.5,0,224.5,0,-205.1,0,240.7,0,-252.2,0,55.5,0,0.8,0,-43.5,0,99.6,0,-153.8,0,157.7,0,-130.6,0,232.2,0,-291.4,0,145.1,0,-92.5,0,-31.3,0,25.1,0,133,0,106.6,0,-97.9,0,26.7,0,-90.3,0,35.5,0,-132,0,184.6,0,-231.1,0,156,0,-73.3,0,150.7,0,7.7,0,-147.3,0,66.1,0,-55,0,124.5,0,-226.2,0,171.4,0,-89.4,0,191.3,0,-221,0,168.9,0,-14.9,0,-45.6,0,106.9,0,-19,0,79.8,0
1266,-38.9,0,17.3,0,-119.8,0,232.9,0,-327.5,0,224.5,0,-205.1,0,240.7,0,-252.2,0,55.5,0,0.8,0,-43.5,0,99.6,0,-153.8,0,157.7,0,-130.6,0,232.2,0,-291.4,0,145.1,0,-92.5,0,-31.3,0,25.1,0,133,0,106.6,0,-97.9,0,26.7,0,-90.3,0,35.5,0,-132,0,184.6,0,-231.1,0,156,0,-73.3,0,150.7,0,7.7,0,-147.3,0,66.1,0,-55,0,124.5,0,-226.2,0,171.4,0,-89.4,0,191.3,0,-221,0,168.9,0,-14.9,0,-45.6,0,106.9,0,-19,0,79.8,0,-13.7
1267,0,17.3,0,-119.8,0,232.9,0,-327.5,0,224.5,0,-205.1,0,240.7,0,-252.2,0,55.5,0,0.8,0,-43.5,0,99.6,0,-153.8,0,157.7,0,-130.6,0,232.2,0,-291.4,0,145.1,0,-92.5,0,-31.3,0,25.1,0,133,0,106.6,0,-97.9,0,26.7,0,-90.3,0,35.5,0,-132,0,184.6,0,-231.1,0,156,0,-73.3,0,150.7,0,7.7,0,-147.3,0,66.1,0,-55,0,124.5,0,-226.2,0,171.4,0,-89.4,0,191.3,0,-221,0,168.9,0,-14.9,0,-45.6,0,106.9,0,-19,0,79.8,0,-13.7,0
1268,17.3,0,-119.8,0,232.9,0,-327.5,0,224.5,0,-205.1,0,240.7,0,-252.2,0,55.5,0,0.8,0,-43.5,0,99.6,0,-153.8,0,157.7,0,-130.6,0,232.2,0,-291.4,0,145.1,0,-92.5,0,-31.3,0,25.1,0,133,0,106.6,0,-97.9,0,26.7,0,-90.3,0,35.5,0,-132,0,184.6,0,-231.1,0,156,0,-73.3,0,150.7,0,7.7,0,-147.3,0,66.1,0,-55,0,124.5,0,-226.2,0,171.4,0,-89.4,0,191.3,0,-221,0,168.9,0,-14.9,0,-45.6,0,106.9,0,-19,0,79.8,0,-13.7,0,168.4
1269,0,-119.8,0,232.9,0,-327.5,0,224.5,0,-205.1,0,240.7,0,-252.2,0,55.5,0,0.8,0,-43.5,0,99.6,0,-153.8,0,157.7,0,-130.6,0,232.2,0,-291.4,0,145.1,0,-92.5,0,-31.3,0,25.1,0,133,0,106.6,0,-97.9,0,26.7,0,-90.3,0,35.5,0,-132,0,184.6,0,-231.1,0,156,0,-73.3,0,150.7,0,7.7,0,-147.3,0,66.1,0,-55,0,124.5,0,-226.2,0,171.4,0,-89.4,0,191.3,0,-221,0,168.9,0,-14.9,0,-45.6,0,106.9,0,-19,0,79.8,0,-13.7,0,168.4,0
1270,-119.8,0,232.9,0,-327.5,0,224.5,0,-205.1,0,240.7,0,-252.2,0,55.5,0,0.8,0,-43.5,0,99.6,0,-153.8,0,157.7,0,-130.6,0,232.2,0,-291.4,0,145.1,0,-92.5,0,-31.3,0,25.1,0,133,0,106.6,0,-97.9,0,26.7,0,-90.3,0,35.5,0,-132,0,184.6,0,-231.1,0,156,0,-73.3,0,150.7,0,7.7,0,-147.3,0,66.1,0,-55,0,124.5,0,-226.2,0,171.4,0,-89.4,0,191.3,0,-221,0,168.9,0,-14.9,0,-45.6,0,106.9,0,-19,0,79.8,0,-13.7,0,168.4,0,-288.6
1271,0,232.9,0,-327.5,0,224.5,0,-205.1,0,240.7,0,-252.2,0,55.5,0,0.8,0,-43.5,0,99.6,0,-153.8,0,157.7,0,-130.6,0,232.2,0,-291.4,0,145.1,0,-92.5,0,-31.3,0,25.1,0,133,0,106.6,0,-97.9,0,26.7,0,-90.3,0,35.5,0,-132,0,184.6,0,-231.1,0,156,0,-73.3,0,150.7,0,7.7,0,-147.3,0,66.1,0,-55,0,124.5,0,-226.2,0,171.4,0,-89.4,0,191.3,0,-221,0,168.9,0,-14.9,0,-45.6,0,106.9,0,-19,0,79.8,0,-13.7,0,168.4,0,-288.6,0
1272,232.9,0,-327.5,0,224.5,0,-205.1,0,240.7,0,-252.2,0,55.5,0,0.8,0,-43.5,0,99.6,0,-153.8,0,157.7,0,-130.6,0,232.2,0,-291.4,0,145.1,0,-92.5,0,-31.3,0,25.1,0,133,0,106.6,0,-97.9,0,26.7,0,-90.3,0,35.5,0,-132,0,184.6,0,-231.1,0,156,0,-73.3,0,150.7,0,7.7,0,-147.3,0,66.1,0,-55,0,124.5,0,-226.2,0,171.4,0,-89.4,0,191.3,0,-221,0,168.9,0,-14.9,0,-45.6,0,106.9,0,-19,0,79.8,0,-13.7,0,168.4,0,-288.6,0,77.2
1273,0,-327.5,0,224.5,0,-205.1,0,240.7,0,-252.2,0,55.5,0,0.8,0,-43.5,0,99.6,0,-153.8,0,157.7,0,-130.6,0,232.2,0,-291.4,0,145.1,0,-92.5,0,-31.3,0,25.1,0,133,0,106.6,0,-97.9,0,26.7,0,-90.3,0,35.5,0,-132,0,184.6,0,-231.1,0,156,0,-73.3,0,150.7,0,7.7,0,-147.3,0,66.1,0,-55,0,124.5,0,-226.2,0,171.4,0,-89.4,0,191.3,0,-221,0,168.9,0,-14.9,0,-45.6,0,106.9,0,-19,0,79.8,0,-13.7,0,168.4,0,-288.6,0,77.2,0
1274,-327.5,0,224.5,0,-205.1,0,240.7,0,-252.2,0,55.5,0,0.8,0,-43.5,0,99.6,0,-153.8,0,157.7,0,-130.6,0,232.2,0,-291.4,0,145.1,0,-92.5,0,-31.3,0,25.1,0,133,0,106.6,0,-97.9,0,26.7,0,-90.3,0,35.5,0,-132,0,184.6,0,-231.1,0,156,0,-73.3,0,150.7,0,7.7,0,-147.3,0,66.1,0,-55,0,124.5,0,-226.2,0,171.4,0,-89.4,0,191.3,0,-221,0,168.9,0,-14.9,0,-45.6,0,106.9,0,-19,0,79.8,0,-13.7,0,168.4,0,-288.6,0,77.2,0,-25.3
1275,0,224.5,0,-205.1,0,240.7,0,-252.2,0,55.5,0,0.8,0,-43.5,0,99.6,0,-153.8,0,157.7,0,-130.6,0,232.2,0,-291.4,0,145.1,0,-92.5,0,-31.3,0,25.1,0,133,0,106.6,0,-97.9,0,26.7,0,-90.3,0,35.5,0,-132,0,184.6,0,-231.1,0,156,0,-73.3,0,150.7,0,7.7,0,-147.3,0,66.1,0,-55,0,124.5,0,-226.2,0,171.4,0,-89.4,0,191.3,0,-221,0,168.9,0,-14.9,0,-45.6,0,106.9,0,-19,0,79.8,0,-13.7,0,168.4,0,-288.6,0,77.2,0,-25.3,0
1276,224.5,0,-205.1,0,240.7,0,-252.2,0,55.5,0,0.8,0,-43.5,0,99.6,0,-153.8,0,157.7,0,-130.6,0,232.2,0,-291.4,0,145.1,0,-92.5,0,-31.3,0,25.1,0,133,0,106.6,0,-97.9,0,26.7,0,-90.3,0,35.5,0,-132,0,184.6,0,-231.1,0,156,0,-73.3,0,150.7,0,7.7,0,-147.3,0,66.1,0,-55,0,124.5,0,-226.2,0,171.4,0,-89.4,0,191.3,0,-221,0,168.9,0,-14.9,0,-45.6,0,106.9,0,-19,0,79.8,0,-13.7,0,168.4,0,-288.6,0,77.2,0,-25.3,0,180.9
1277,0,-205.1,0,240.7,0,-252.2,0,55.5,0,0.8,0,-43.5,0,99.6,0,-153.8,0,157.7,0,-130.6,0,232.2,0,-291.4,0,145.1,0,-92.5,0,-31.3,0,25.1,0,133,0,106.6,0,-97.9,0,26.7,0,-90.3,0,35.5,0,-132,0,184.6,0,-231.1,0,156,0,-73.3,0,150.7,0,7.7,0,-147.3,0,66.1,0,-55,0,124.5,0,-226.2,0,171.4,0,-89.4,0,191.3,0,-221,0,168.9,0,-14.9,0,-45.6,0,106.9,0,-19,0,79.8,0,-13.7,0,168.4,0,-288.6,0,77.2,0,-25.3,0,180.9,0
1278,-205.1,0,240.7,0,-252.2,0,55.5,0,0.8,0,-43.5,0,99.6,0,-153.8,0,157.7,0,-130.6,0,232.2,0,-291.4,0,145.1,0,-92.5,0,-31.3,0,25.1,0,133,0,106.6,0,-97.9,0,26.7,0,-90.3,0,35.5,0,-132,0,184.6,0,-231.1,0,156,0,-73.3,0,150.7,0,7.7,0,-147.3,0,66.1,0,-55,0,124.5,0,-226.2,0,171.4,0,-89.4,0,191.3,0,-221,0,168.9,0,-14.9,0,-45.6,0,106.9,0,-19,0,79.8,0,-13.7,0,168.4,0,-288.6,0,77.2,0,-25.3,0,180.9,0,-133.1
1279,0,240.7,0,-252.2,0,55.5,0,0.8,0,-43.5,0,99.6,0,-153.8,0,157.7,0,-130.6,0,232.2,0,-291.4,0,145.1,0,-92.5,0,-31.3,0,25.1,0,133,0,106.6,0,-97.9,0,26.7,0,-90.3,0,35.5,0,-132,0,184.6,0,-231.1,0,156,0,-73.3,0,150.7,0,7.7,0,-147.3,0,66.1,0,-55,0,124.5,0,-226.2,0,171.4,0,-89.4,0,191.3,0,-221,0,168.9,0,-14.9,0,-45.6,0,106.9,0,-19,0,79.8,0,-13.7,0,168.4,0,-288.6,0,77.2,0,-25.3,0,180.9,0,-133.1,0
1280,240.7,0,-252.2,0,55.5,0,0.8,0,-43.5,0,99.6,0,-153.8,0,157.7,0,-130.6,0,232.2,0,-291.4,0,145.1,0,-92.5,0,-31.3,0,25.1,0,133,0,106.6,0,-97.9,0,26.7,0,-90.3,0,35.5,0,-132,0,184.6,0,-231.1,0,156,0,-73.3,0,150.7,0,7.7,0,-147.3,0,66.1,0,-55,0,124.5,0,-226.2,0,171.4,0,-89.4,0,191.3,0,-221,0,168.9,0,-14.9,0,-45.6,0,106.9,0,-19,0,79.8,0,-13.7,0,168.4,0,-288.6,0,77.2,0,-25.3,0,180.9,0,-133.1,0,78.8
1281,0,-252.2,0,55.5,0,0.8,0,-43.5,0,99.6,0,-153.8,0,157.7,0,-130.6,0,232.2,0,-291.4,0,145.1,0,-92.5,0,-31.3,0,25.1,0,133,0,106.6,0,-97.9,0,26.7,0,-90.3,0,35.5,0,-132,0,184.6,0,-231.1,0,156,0,-73.3,0,150.7,0,7.7,0,-147.3,0,66.1,0,-55,0,124.5,0,-226.2,0,171.4,0,-89.4,0,191.3,0,-221,0,168.9,0,-14.9,0,-45.6,0,106.9,0,-19,0,79.8,0,-13.7,0,168.4,0,-288.6,0,77.2,0,-25.3,0,180.9,0,-133.1,0,78.8,0
1282,-252.2,0,55.5,0,0.8,0,-43.5,0,99.6,0,-153.8,0,157.7,0,-130.6,0,232.2,0,-291.4,0,145.1,0,-92.5,0,-31.3,0,25.1,0,133,0,106.6,0,-97.9,0,26.7,0,-90.3,0,35.5,0,-132,0,184.6,0,-231.1,0,156,0,-73.3,0,150.7,0,7.7,0,-147.3,0,66.1,0,-55,0,124.5,0,-226.2,0,171.4,0,-89.4,0,191.3,0,-221,0,168.9,0,-14.9,0,-45.6,0,106.9,0,-19,0,79.8,0,-13.7,0,168.4,0,-288.6,0,77.2,0,-25.3,0,180.9,0,-133.1,0,78.8,0,-82.2
1283,0,55.5,0,0.8,0,-43.5,0,99.6,0,-153.8,0,157.7,0,-130.6,0,232.2,0,-291.4,0,145.1,0,-92.5,0,-31.3,0,25.1,0,133,0,106.6,0,-97.9,0,26.7,0,-90.3,0,35.5,0,-132,0,184.6,0,-231.1,0,156,0,-73.3,0,150.7,0,7.7,0,-147.3,0,66.1,0,-55,0,124.5,0,-226.2,0,171.4,0,-89.4,0,191.3,0,-221,0,168.9,0,-14.9,0,-45.6,0,106.9,0,-19,0,79.8,0,-13.7,0,168.4,0,-288.6,0,77.2,0,-25.3,0,180.9,0,-133.1,0,78.8,0,-82.2,0
1284,55.5,0,0.8,0,-43.5,0,99.6,0,-153.8,0,157.7,0,-130.6,0,232.2,0,-291.4,0,145.1,0,-92.5,0,-31.3,0,25.1,0,133,0,106.6,0,-97.9,0,26.7,0,-90.3,0,35.5,0,-132,0,184.6,0,-231.1,0,156,0,-73.3,0,150.7,0,7.7,0,-147.3,0,66.1,0,-55,0,124.5,0,-226.2,0,171.4,0,-89.4,0,191.3,0,-221,0,168.9,0,-14.9,0,-45.6,0,106.9,0,-19,0,79.8,0,-13.7,0,168.4,0,-288.6,0,77.2,0,-25.3,0,180.9,0,-133.1,0,78.8,0,-82.2,0,-30.8
1285,0,0.8,0,-43.5,0,99.6,0,-153.8,0,157.7,0,-130.6,0,232.2,0,-291.4,0,145.1,0,-92.5,0,-31.3,0,25.1,0,133,0,106.6,0,-97.9,0,26.7,0,-90.3,0,35.5,0,-132,0,184.6,0,-231.1,0,156,0,-73.3,0,150.7,0,7.7,0,-147.3,0,66.1,0,-55,0,124.5,0,-226.2,0,171.4,0,-89.4,0,191.3,0,-221,0,168.9,0,-14.9,0,-45.6,0,106.9,0,-19,0,79.8,0,-13.7,0,168.4,0,-288.6,0,77.2,0,-25.3,0,180.9,0,-133.1,0,78.8,0,-82.2,0,-30.8,0
1286,0.8,0,-43.5,0,99.6,0,-153.8,0,157.7,0,-130.6,0,232.2,0,-291.4,0,145.1,0,-92.5,0,-31.3,0,25.1,0,133,0,106.6,0,-97.9,0,26.7,0,-90.3,0,35.5,0,-132,0,184.6,0,-231.1,0,156,0,-73.3,0,150.7,0,7.7,0,-147.3,0,66.1,0,-55,0,124.5,0,-226.2,0,171.4,0,-89.4,0,191.3,0,-221,0,168.9,0,-14.9,0,-45.6,0,106.9,0,-19,0,79.8,0,-13.7,0,168.4,0,-288.6,0,77.2,0,-25.3,0,180.9,0,-133.1,0,78.8,0,-82.2,0,-30.8,0,22.2
1287,0,-43.5,0,99.6,0,-153.8,0,157.7,0,-130.6,0,232.2,0,-291.4,0,145.1,0,-92.5,0,-31.3,0,25.1,0,133,0,106.6,0,-97.9,0,26.7,0,-90.3,0,35.5,0,-132,0,184.6,0,-231.1,0,156,0,-73.3,0,150.7,0,7.7,0,-147.3,0,66.1,0,-55,0,124.5,0,-226.2,0,171.4,0,-89.4,0,191.3,0,-221,0,168.9,0,-14.9,0,-45.6,0,106.9,0,-19,0,79.8,0,-13.7,0,168.4,0,-288.6,0,77.2,0,-25.3,0,180.9,0,-133.1,0,78.8,0,-82.2,0,-30.8,0,22.2,0
1288,-43.5,0,99.6,0,-153.8,0,157.7,0,-130.6,0,232.2,0,-291.4,0,145.1,0,-92.5,0,-31.3,0,25.1,0,133,0,106.6,0,-97.9,0,26.7,0,-90.3,0,35.5,0,-132,0,184.6,0,-231.1,0,156,0,-73.3,0,150.7,0,7.7,0,-147.3,0,66.1,0,-55,0,124.5,0,-226.2,0,171.4,0,-89.4,0,191.3,0,-221,0,168.9,0,-14.9,0,-45.6,0,106.9,0,-19,0,79.8,0,-13.7,0,168.4,0,-288.6,0,77.2,0,-25.3,0,180.9,0,-133.1,0,78.8,0,-82.2,0,-30.8,0,22.2,0,206.8
1289,0,99.6,0,-153.8,0,157.7,0,-130.6,0,232.2,0,-291.4,0,145.1,0,-92.5,0,-31.3,0,25.1,0,133,0,106.6,0,-97.9,0,26.7,0,-90.3,0,35.5,0,-132,0,184.6,0,-231.1,0,156,0,-73.3,0,150.7,0,7.7,0,-147.3,0,66.1,0,-55,0,124.5,0,-226.2,0,171.4,0,-89.4,0,191.3,0,-221,0,168.9,0,-14.9,0,-45.6,0,106.9,0,-19,0,79.8,0,-13.7,0,168.4,0,-288.6,0,77.2,0,-25.3,0,180.9,0,-133.1,0,78.8,0,-82.2,0,-30.8,0,22.2,0,206.8,0
1290,99.6,0,-153.8,0,157.7,0,-130.6,0,232.2,0,-291.4,0,145.1,0,-92.5,0,-31.3,0,25.1,0,133,0,106.6,0,-97.9,0,26.7,0,-90.3,0,35.5,0,-132,0,184.6,0,-231.1,0,156,0,-73.3,0,150.7,0,7.7,0,-147.3,0,66.1,0,-55,0,124.5,0,-226.2,0,171.4,0,-89.4,0,191.3,0,-221,0,168.9,0,-14.9,0,-45.6,0,106.9,0,-19,0,79.8,0,-13.7,0,168.4,0,-288.6,0,77.2,0,-25.3,0,180.9,0,-133.1,0,78.8,0,-82.2,0,-30.8,0,22.2,0,206.8,0,420.3
1291,0,-153.8,0,157.7,0,-130.6,0,232.2,0,-291.4,0,145.1,0,-92.5,0,-31.3,0,25.1,0,133,0,106.6,0,-97.9,0,26.7,0,-90.3,0,35.5,0,-132,0,184.6,0,-231.1,0,156,0,-73.3,0,150.7,0,7.7,0,-147.3,0,66.1,0,-55,0,124.5,0,-226.2,0,171.4,0,-89.4,0,191.3,0,-221,0,168.9,0,-14.9,0,-45.6,0,106.9,0,-19,0,79.8,0,-13.7,0,168.4,0,-288.6,0,77.2,0,-25.3,0,180.9,0,-133.1,0,78.8,0,-82.2,0,-30.8,0,22.2,0,206.8,0,420.3,0
1292,-153.8,0,157.7,0,-130.6,0,232.2,0,-291.4,0,145.1,0,-92.5,0,-31.3,0,25.1,0,133,0,106.6,0,-97.9,0,26.7,0,-90.3,0,35.5,0,-132,0,184.6,0,-231.1,0,156,0,-73.3,0,150.7,0,7.7,0,-147.3,0,66.1,0,-55,0,124.5,0,-226.2,0,171.4,0,-89.4,0,191.3,0,-221,0,168.9,0,-14.9,0,-45.6,0,106.9,0,-19,0,79.8,0,-13.7,0,168.4,0,-288.6,0,77.2,0,-25.3,0,180.9,0,-133.1,0,78.8,0,-82.2,0,-30.8,0,22.2,0,206.8,0,420.3,0,-594.9
1293,0,157.7,0,-130.6,0,232.2,0,-291.4,0,145.1,0,-92.5,0,-31.3,0,25.1,0,133,0,106.6,0,-97.9,0,26.7,0,-90.3,0,35.5,0,-132,0,184.6,0,-231.1,0,156,0,-73.3,0,150.7,0,7.7,0,-147.3,0,66.1,0,-55,0,124.5,0,-226.2,0,171.4,0,-89.4,0,191.3,0,-221,0,168.9,0,-14.9,0,-45.6,0,106.9,0,-19,0,79.8,0,-13.7,0,168.4,0,-288.6,0,77.2,0,-25.3,0,180.9,0,-133.1,0,78.8,0,-82.2,0,-30.8,0,22.2,0,206.8,0,420.3,0,-594.9,0
1294,157.7,0,-130.6,0,232.2,0,-291.4,0,145.1,0,-92.5,0,-31.3,0,25.1,0,133,0,106.6,0,-97.9,0,26.7,0,-90.3,0,35.5,0,-132,0,184.6,0,-231.1,0,156,0,-73.3,0,150.7,0,7.7,0,-147.3,0,66.1,0,-55,0,124.5,0,-226.2,0,171.4,0,-89.4,0,191.3,0,-221,0,168.9,0,-14.9,0,-45.6,0,106.9,0,-19,0,79.8,0,-13.7,0,168.4,0,-288.6,0,77.2,0,-25.3,0,180.9,0,-133.1,0,78.8,0,-82.2,0,-30.8,0,22.2,0,206.8,0,420.3,0,-594.9,0,776.7
1295,0,-130.6,0,232.2,0,-291.4,0,145.1,0,-92.5,0,-31.3,0,25.1,0,133,0,106.6,0,-97.9,0,26.7,0,-90.3,0,35.5,0,-132,0,184.6,0,-231.1,0,156,0,-73.3,0,150.7,0,7.7,0,-147.3,0,66.1,0,-55,0,124.5,0,-226.2,0,171.4,0,-89.4,0,191.3,0,-221,0,168.9,0,-14.9,0,-45.6,0,106.9,0,-19,0,79.8,0,-13.7,0,168.4,0,-288.6,0,77.2,0,-25.3,0,180.9,0,-133.1,0,78.8,0,-82.2,0,-30.8,0,22.2,0,206.8,0,420.3,0,-594.9,0,776.7,0
1296,-130.6,0,232.2,0,-291.4,0,145.1,0,-92.5,0,-31.3,0,25.1,0,133,0,106.6,0,-97.9,0,26.7,0,-90.3,0,35.5,0,-132,0,184.6,0,-231.1,0,156,0,-73.3,0,150.7,0,7.7,0,-147.3,0,66.1,0,-55,0,124.5,0,-226.2,0,171.4,0,-89.4,0,191.3,0,-221,0,168.9,0,-14.9,0,-45.6,0,106.9,0,-19,0,79.8,0,-13.7,0,168.4,0,-288.6,0,77.2,0,-25.3,0,180.9,0,-133.1,0,78.8,0,-82.2,0,-30.8,0,22.2,0,206.8,0,420.3,0,-594.9,0,776.7,0,-143.6
1297,0,232.2,0,-291.4,0,145.1,0,-92.5,0,-31.3,0,25.1,0,133,0,106.6,0,-97.9,0,26.7,0,-90.3,0,35.5,0,-132,0,184.6,0,-231.1,0,156,0,-73.3,0,150.7,0,7.7,0,-147.3,0,66.1,0,-55,0,124.5,0,-226.2,0,171.4,0,-89.4,0,191.3,0,-221,0,168.9,0,-14.9,0,-45.6,0,106.9,0,-19,0,79.8,0,-13.7,0,168.4,0,-288.6,0,77.2,0,-25.3,0,180.9,0,-133.1,0,78.8,0,-82.2,0,-30.8,0,22.2,0,206.8,0,420.3,0,-594.9,0,776.7,0,-143.6,0
1298,232.2,0,-291.4,0,145.1,0,-92.5,0,-31.3,0,25.1,0,133,0,106.6,0,-97.9,0,26.7,0,-90.3,0,35.5,0,-132,0,184.6,0,-231.1,0,156,0,-73.3,0,150.7,0,7.7,0,-147.3,0,66.1,0,-55,0,124.5,0,-226.2,0,171.4,0,-89.4,0,191.3,0,-221,0,168.9,0,-14.9,0,-45.6,0,106.9,0,-19,0,79.8,0,-13.7,0,168.4,0,-288.6,0,77.2,0,-25.3,0,180.9,0,-133.1,0,78.8,0,-82.2,0,-30.8,0,22.2,0,206.8,0,420.3,0,-594.9,0,776.7,0,-143.6,0,313
1299,0,-291.4,0,145.1,0,-92.5,0,-31.3,0,25.1,0,133,0,106.6,0,-97.9,0,26.7,0,-90.3,0,35.5,0,-132,0,184.6,0,-231.1,0,156,0,-73.3,0,150.7,0,7.7,0,-147.3,0,66.1,0,-55,0,124.5,0,-226.2,0,171.4,0,-89.4,0,191.3,0,-221,0,168.9,0,-14.9,0,-45.6,0,106.9,0,-19,0,79.8,0,-13.7,0,168.4,0,-288.6,0,77.2,0,-25.3,0,180.9,0,-133.1,0,78.8,0,-82.2,0,-30.8,0,22.2,0,206.8,0,420.3,0,-594.9,0,776.7,0,-143.6,0,313,0
1300,-291.4,0,145.1,0,-92.5,0,-31.3,0,25.1,0,133,0,106.6,0,-97.9,0,26.7,0,-90.3,0,35.5,0,-132,0,184.6,0,-231.1,0,156,0,-73.3,0,150.7,0,7.7,0,-147.3,0,66.1,0,-55,0,124.5,0,-226.2,0,171.4,0,-89.4,0,191.3,0,-221,0,168.9,0,-14.9,0,-45.6,0,106.9,0,-19,0,79.8,0,-13.7,0,168.4,0,-288.6,0,77.2,0,-25.3,0,180.9,0,-133.1,0,78.8,0,-82.2,0,-30.8,0,22.2,0,206.8,0,420.3,0,-594.9,0,776.7,0,-143.6,0,313,0,253.5
1301,0,145.1,0,-92.5,0,-31.3,0,25.1,0,133,0,106.6,0,-97.9,0,26.7,0,-90.3,0,35.5,0,-132,0,184.6,0,-231.1,0,156,0,-73.3,0,150.7,0,7.7,0,-147.3,0,66.1,0,-55,0,124.5,0,-226.2,0,171.4,0,-89.4,0,191.3,0,-221,0,168.9,0,-14.9,0,-45.6,0,106.9,0,-19,0,79.8,0,-13.7,0,168.4,0,-288.6,0,77.2,0,-25.3,0,180.9,0,-133.1,0,78.8,0,-82.2,0,-30.8,0,22.2,0,206.8,0,420.3,0,-594.9,0,776.7,0,-143.6,0,313,0,253.5,0
1302,145.1,0,-92.5,0,-31.3,0,25.1,0,133,0,106.6,0,-97.9,0,26.7,0,-90.3,0,35.5,0,-132,0,184.6,0,-231.1,0,156,0,-73.3,0,150.7,0,7.7,0,-147.3,0,66.1,0,-55,0,124.5,0,-226.2,0,171.4,0,-89.4,0,191.3,0,-221,0,168.9,0,-14.9,0,-45.6,0,106.9,0,-19,0,79.8,0,-13.7,0,168.4,0,-288.6,0,77.2,0,-25.3,0,180.9,0,-133.1,0,78.8,0,-82.2,0,-30.8,0,22.2,0,206.8,0,420.3,0,-594.9,0,776.7,0,-143.6,0,313,0,253.5,0,707.4
1303,0,-92.5,0,-31.3,0,25.1,0,133,0,106.6,0,-97.9,0,26.7,0,-90.3,0,35.5,0,-132,0,184.6,0,-231.1,0,156,0,-73.3,0,150.7,0,7.7,0,-147.3,0,66.1,0,-55,0,124.5,0,-226.2,0,171.4,0,-89.4,0,191.3,0,-221,0,168.9,0,-14.9,0,-45.6,0,106.9,0,-19,0,79.8,0,-13.7,0,168.4,0,-288.6,0,77.2,0,-25.3,0,180.9,0,-133.1,0,78.8,0,-82.2,0,-30.8,0,22.2,0,206.8,0,420.3,0,-594.9,0,776.7,0,-143.6,0,313,0,253.5,0,707.4,0
1304,-92.5,0,-31.3,0,25.1,0,133,0,106.6,0,-97.9,0,26.7,0,-90.3,0,35.5,0,-132,0,184.6,0,-231.1,0,156,0,-73.3,0,150.7,0,7.7,0,-147.3,0,66.1,0,-55,0,124.5,0,-226.2,0,171.4,0,-89.4,0,191.3,0,-221,0,168.9,0,-14.9,0,-45.6,0,106.9,0,-19,0,79.8,0,-13.7,0,168.4,0,-288.6,0,77.2,0,-25.3,0,180.9,0,-133.1,0,78.8,0,-82.2,0,-30.8,0,22.2,0,206.8,0,420.3,0,-594.9,0,776.7,0,-143.6,0,313,0,253.5,0,707.4,0,-485.3
1305,0,-31.3,0,25.1,0,133,0,106.6,0,-97.9,0,26.7,0,-90.3,0,35.5,0,-132,0,184.6,0,-231.1,0,156,0,-73.3,0,150.7,0,7.7,0,-147.3,0,66.1,0,-55,0,124.5,0,-226.2,0,171.4,0,-89.4,0,191.3,0,-221,0,168.9,0,-14.9,0,-45.6,0,106.9,0,-19,0,79.8,0,-13.7,0,168.4,0,-288.6,0,77.2,0,-25.3,0,180.9,0,-133.1,0,78.8,0,-82.2,0,-30.8,0,22.2,0,206.8,0,420.3,0,-594.9,0,776.7,0,-143.6,0,313,0,253.5,0,707.4,0,-485.3,0
1306,-31.3,0,25.1,0,133,0,106.6,0,-97.9,0,26.7,0,-90.3,0,35.5,0,-132,0,184.6,0,-231.1,0,156,0,-73.3,0,150.7,0,7.7,0,-147.3,0,66.1,0,-55,0,124.5,0,-226.2,0,171.4,0,-89.4,0,191.3,0,-221,0,168.9,0,-14.9,0,-45.6,0,106.9,0,-19,0,79.8,0,-13.7,0,168.4,0,-288.6,0,77.2,0,-25.3,0,180.9,0,-133.1,0,78.8,0,-82.2,0,-30.8,0,22.2,0,206.8,0,420.3,0,-594.9,0,776.7,0,-143.6,0,313,0,253.5,0,707.4,0,-485.3,0,-405.8
1307,0,25.1,0,133,0,106.6,0,-97.9,0,26.7,0,-90.3,0,35.5,0,-132,0,184.6,0,-231.1,0,156,0,-73.3,0,150.7,0,7.7,0,-147.3,0,66.1,0,-55,0,124.5,0,-226.2,0,171.4,0,-89.4,0,191.3,0,-221,0,168.9,0,-14.9,0,-45.6,0,106.9,0,-19,0,79.8,0,-13.7,0,168.4,0,-288.6,0,77.2,0,-25.3,0,180.9,0,-133.1,0,78.8,0,-82.2,0,-30.8,0,22.2,0,206.8,0,420.3,0,-594.9,0,776.7,0,-143.6,0,313,0,253.5,0,707.4,0,-485.3,0,-405.8,0
1308,25.1,0,133,0,106.6,0,-97.9,0,26.7,0,-90.3,0,35.5,0,-132,0,184.6,0,-231.1,0,156,0,-73.3,0,150.7,0,7.7,0,-147.3,0,66.1,0,-55,0,124.5,0,-226.2,0,171.4,0,-89.4,0,191.3,0,-221,0,168.9,0,-14.9,0,-45.6,0,106.9,0,-19,0,79.8,0,-13.7,0,168.4,0,-288.6,0,77.2,0,-25.3,0,180.9,0,-133.1,0,78.8,0,-82.2,0,-30.8,0,22.2,0,206.8,0,420.3,0,-594.9,0,776.7,0,-143.6,0,313,0,253.5,0,707.4,0,-485.3,0,-405.8,0,-58.3
1309,0,133,0,106.6,0,-97.9,0,26.7,0,-90.3,0,35.5,0,-132,0,184.6,0,-231.1,0,156,0,-73.3,0,150.7,0,7.7,0,-147.3,0,66.1,0,-55,0,124.5,0,-226.2,0,171.4,0,-89.4,0,191.3,0,-221,0,168.9,0,-14.9,0,-45.6,0,106.9,0,-19,0,79.8,0,-13.7,0,168.4,0,-288.6,0,77.2,0,-25.3,0,180.9,0,-133.1,0,78.8,0,-82.2,0,-30.8,0,22.2,0,206.8,0,420.3,0,-594.9,0,776.7,0,-143.6,0,313,0,253.5,0,707.4,0,-485.3,0,-405.8,0,-58.3,0
1310,133,0,106.6,0,-97.9,0,26.7,0,-90.3,0,35.5,0,-132,0,184.6,0,-231.1,0,156,0,-73.3,0,150.7,0,7.7,0,-147.3,0,66.1,0,-55,0,124.5,0,-226.2,0,171.4,0,-89.4,0,191.3,0,-221,0,168.9,0,-14.9,0,-45.6,0,106.9,0,-19,0,79.8,0,-13.7,0,168.4,0,-288.6,0,77.2,0,-25.3,0,180.9,0,-133.1,0,78.8,0,-82.2,0,-30.8,0,22.2,0,206.8,0,420.3,0,-594.9,0,776.7,0,-143.6,0,313,0,253.5,0,707.4,0,-485.3,0,-405.8,0,-58.3,0,-80
1311,0,106.6,0,-97.9,0,26.7,0,-90.3,0,35.5,0,-132,0,184.6,0,-231.1,0,156,0,-73.3,0,150.7,0,7.7,0,-147.3,0,66.1,0,-55,0,124.5,0,-226.2,0,171.4,0,-89.4,0,191.3,0,-221,0,168.9,0,-14.9,0,-45.6,0,106.9,0,-19,0,79.8,0,-13.7,0,168.4,0,-288.6,0,77.2,0,-25.3,0,180.9,0,-133.1,0,78.8,0,-82.2,0,-30.8,0,22.2,0,206.8,0,420.3,0,-594.9,0,776.7,0,-143.6,0,313,0,253.5,0,707.4,0,-485.3,0,-405.8,0,-58.3,0,-80,0
1312,106.6,0,-97.9,0,26.7,0,-90.3,0,35.5,0,-132,0,184.6,0,-231.1,0,156,0,-73.3,0,150.7,0,7.7,0,-147.3,0,66.1,0,-55,0,124.5,0,-226.2,0,171.4,0,-89.4,0,191.3,0,-221,0,168.9,0,-14.9,0,-45.6,0,106.9,0,-19,0,79.8,0,-13.7,0,168.4,0,-288.6,0,77.2,0,-25.3,0,180.9,0,-133.1,0,78.8,0,-82.2,0,-30.8,0,22.2,0,206.8,0,420.3,0,-594.9,0,776.7,0,-143.6,0,313,0,253.5,0,707.4,0,-485.3,0,-405.8,0,-58.3,0,-80,0,221.3
1313,0,-97.9,0,26.7,0,-90.3,0,35.5,0,-132,0,184.6,0,-231.1,0,156,0,-73.3,0,150.7,0,7.7,0,-147.3,0,66.1,0,-55,0,124.5,0,-226.2,0,171.4,0,-89.4,0,191.3,0,-221,0,168.9,0,-14.9,0,-45.6,0,106.9,0,-19,0,79.8,0,-13.7,0,168.4,0,-288.6,0,77.2,0,-25.3,0,180.9,0,-133.1,0,78.8,0,-82.2,0,-30.8,0,22.2,0,206.8,0,420.3,0,-594.9,0,776.7,0,-143.6,0,313,0,253.5,0,707.4,0,-485.3,0,-405.8,0,-58.3,0,-80,0,221.3,0
1314,-97.9,0,26.7,0,-90.3,0,35.5,0,-132,0,184.6,0,-231.1,0,156,0,-73.3,0,150.7,0,7.7,0,-147.3,0,66.1,0,-55,0,124.5,0,-226.2,0,171.4,0,-89.4,0,191.3,0,-221,0,168.9,0,-14.9,0,-45.6,0,106.9,0,-19,0,79.8,0,-13.7,0,168.4,0,-288.6,0,77.2,0,-25.3,0,180.9,0,-133.1,0,78.8,0,-82.2,0,-30.8,0,22.2,0,206.8,0,420.3,0,-594.9,0,776.7,0,-143.6,0,313,0,253.5,0,707.4,0,-485.3,0,-405.8,0,-58.3,0,-80,0,221.3,0,130.3
1315,0,26.7,0,-90.3,0,35.5,0,-132,0,184.6,0,-231.1,0,156,0,-73.3,0,150.7,0,7.7,0,-147.3,0,66.1,0,-55,0,124.5,0,-226.2,0,171.4,0,-89.4,0,191.3,0,-221,0,168.9,0,-14.9,0,-45.6,0,106.9,0,-19,0,79.8,0,-13.7,0,168.4,0,-288.6,0,77.2,0,-25.3,0,180.9,0,-133.1,0,78.8,0,-82.2,0,-30.8,0,22.2,0,206.8,0,420.3,0,-594.9,0,776.7,0,-143.6,0,313,0,253.5,0,707.4,0,-485.3,0,-405.8,0,-58.3,0,-80,0,221.3,0,130.3,0
1316,26.7,0,-90.3,0,35.5,0,-132,0,184.6,0,-231.1,0,156,0,-73.3,0,150.7,0,7.7,0,-147.3,0,66.1,0,-55,0,124.5,0,-226.2,0,171.4,0,-89.4,0,191.3,0,-221,0,168.9,0,-14.9,0,-45.6,0,106.9,0,-19,0,79.8,0,-13.7,0,168.4,0,-288.6,0,77.2,0,-25.3,0,180.9,0,-133.1,0,78.8,0,-82.2,0,-30.8,0,22.2,0,206.8,0,420.3,0,-594.9,0,776.7,0,-143.6,0,313,0,253.5,0,707.4,0,-485.3,0,-405.8,0,-58.3,0,-80,0,221.3,0,130.3,0,583.7
1317,0,-90.3,0,35.5,0,-132,0,184.6,0,-231.1,0,156,0,-73.3,0,150.7,0,7.7,0,-147.3,0,66.1,0,-55,0,124.5,0,-226.2,0,171.4,0,-89.4,0,191.3,0,-221,0,168.9,0,-14.9,0,-45.6,0,106.9,0,-19,0,79.8,0,-13.7,0,168.4,0,-288.6,0,77.2,0,-25.3,0,180.9,0,-133.1,0,78.8,0,-82.2,0,-30.8,0,22.2,0,206.8,0,420.3,0,-594.9,0,776.7,0,-143.6,0,313,0,253.5,0,707.4,0,-485.3,0,-405.8,0,-58.3,0,-80,0,221.3,0,130.3,0,583.7,0
1318,-90.3,0,35.5,0,-132,0,184.6,0,-231.1,0,156,0,-73.3,0,150.7,0,7.7,0,-147.3,0,66.1,0,-55,0,124.5,0,-226.2,0,171.4,0,-89.4,0,191.3,0,-221,0,168.9,0,-14.9,0,-45.6,0,106.9,0,-19,0,79.8,0,-13.7,0,168.4,0,-288.6,0,77.2,0,-25.3,0,180.9,0,-133.1,0,78.8,0,-82.2,0,-30.8,0,22.2,0,206.8,0,420.3,0,-594.9,0,776.7,0,-143.6,0,313,0,253.5,0,707.4,0,-485.3,0,-405.8,0,-58.3,0,-80,0,221.3,0,130.3,0,583.7,0,-554.3
1319,0,35.5,0,-132,0,184.6,0,-231.1,0,156,0,-73.3,0,150.7,0,7.7,0,-147.3,0,66.1,0,-55,0,124.5,0,-226.2,0,171.4,0,-89.4,0,191.3,0,-221,0,168.9,0,-14.9,0,-45.6,0,106.9,0,-19,0,79.8,0,-13.7,0,168.4,0,-288.6,0,77.2,0,-25.3,0,180.9,0,-133.1,0,78.8,0,-82.2,0,-30.8,0,22.2,0,206.8,0,420.3,0,-594.9,0,776.7,0,-143.6,0,313,0,253.5,0,707.4,0,-485.3,0,-405.8,0,-58.3,0,-80,0,221.3,0,130.3,0,583.7,0,-554.3,0
1320,35.5,0,-132,0,184.6,0,-231.1,0,156,0,-73.3,0,150.7,0,7.7,0,-147.3,0,66.1,0,-55,0,124.5,0,-226.2,0,171.4,0,-89.4,0,191.3,0,-221,0,168.9,0,-14.9,0,-45.6,0,106.9,0,-19,0,79.8,0,-13.7,0,168.4,0,-288.6,0,77.2,0,-25.3,0,180.9,0,-133.1,0,78.8,0,-82.2,0,-30.8,0,22.2,0,206.8,0,420.3,0,-594.9,0,776.7,0,-143.6,0,313,0,253.5,0,707.4,0,-485.3,0,-405.8,0,-58.3,0,-80,0,221.3,0,130.3,0,583.7,0,-554.3,0,304.4
1321,0,-132,0,184.6,0,-231.1,0,156,0,-73.3,0,150.7,0,7.7,0,-147.3,0,66.1,0,-55,0,124.5,0,-226.2,0,171.4,0,-89.4,0,191.3,0,-221,0,168.9,0,-14.9,0,-45.6,0,106.9,0,-19,0,79.8,0,-13.7,0,168.4,0,-288.6,0,77.2,0,-25.3,0,180.9,0,-133.1,0,78.8,0,-82.2,0,-30.8,0,22.2,0,206.8,0,420.3,0,-594.9,0,776.7,0,-143.6,0,313,0,253.5,0,707.4,0,-485.3,0,-405.8,0,-58.3,0,-80,0,221.3,0,130.3,0,583.7,0,-554.3,0,304.4,0
1322,-132,0,184.6,0,-231.1,0,156,0,-73.3,0,150.7,0,7.7,0,-147.3,0,66.1,0,-55,0,124.5,0,-226.2,0,171.4,0,-89.4,0,191.3,0,-221,0,168.9,0,-14.9,0,-45.6,0,106.9,0,-19,0,79.8,0,-13.7,0,168.4,0,-288.6,0,77.2,0,-25.3,0,180.9,0,-133.1,0,78.8,0,-82.2,0,-30.8,0,22.2,0,206.8,0,420.3,0,-594.9,0,776.7,0,-143.6,0,313,0,253.5,0,707.4,0,-485.3,0,-405.8,0,-58.3,0,-80,0,221.3,0,130.3,0,583.7,0,-554.3,0,304.4,0,-275.7
1323,0,184.6,0,-231.1,0,156,0,-73.3,0,150.7,0,7.7,0,-147.3,0,66.1,0,-55,0,124.5,0,-226.2,0,171.4,0,-89.4,0,191.3,0,-221,0,168.9,0,-14.9,0,-45.6,0,106.9,0,-19,0,79.8,0,-13.7,0,168.4,0,-288.6,0,77.2,0,-25.3,0,180.9,0,-133.1,0,78.8,0,-82.2,0,-30.8,0,22.2,0,206.8,0,420.3,0,-594.9,0,776.7,0,-143.6,0,313,0,253.5,0,707.4,0,-485.3,0,-405.8,0,-58.3,0,-80,0,221.3,0,130.3,0,583.7,0,-554.3,0,304.4,0,-275.7,0
1324,184.6,0,-231.1,0,156,0,-73.3,0,150.7,0,7.7,0,-147.3,0,66.1,0,-55,0,124.5,0,-226.2,0,171.4,0,-89.4,0,191.3,0,-221,0,168.9,0,-14.9,0,-45.6,0,106.9,0,-19,0,79.8,0,-13.7,0,168.4,0,-288.6,0,77.2,0,-25.3,0,180.9,0,-133.1,0,78.8,0,-82.2,0,-30.8,0,22.2,0,206.8,0,420.3,0,-594.9,0,776.7,0,-143.6,0,313,0,253.5,0,707.4,0,-485.3,0,-405.8,0,-58.3,0,-80,0,221.3,0,130.3,0,583.7,0,-554.3,0,304.4,0,-275.7,0,230.2
1325,0,-231.1,0,156,0,-73.3,0,150.7,0,7.7,0,-147.3,0,66.1,0,-55,0,124.5,0,-226.2,0,171.4,0,-89.4,0,191.3,0,-221,0,168.9,0,-14.9,0,-45.6,0,106.9,0,-19,0,79.8,0,-13.7,0,168.4,0,-288.6,0,77.2,0,-25.3,0,180.9,0,-133.1,0,78.8,0,-82.2,0,-30.8,0,22.2,0,206.8,0,420.3,0,-594.9,0,776.7,0,-143.6,0,313,0,253.5,0,707.4,0,-485.3,0,-405.8,0,-58.3,0,-80,0,221.3,0,130.3,0,583.7,0,-554.3,0,304.4,0,-275.7,0,230.2,0
1326,-231.1,0,156,0,-73.3,0,150.7,0,7.7,0,-147.3,0,66.1,0,-55,0,124.5,0,-226.2,0,171.4,0,-89.4,0,191.3,0,-221,0,168.9,0,-14.9,0,-45.6,0,106.9,0,-19,0,79.8,0,-13.7,0,168.4,0,-288.6,0,77.2,0,-25.3,0,180.9,0,-133.1,0,78.8,0,-82.2,0,-30.8,0,22.2,0,206.8,0,420.3,0,-594.9,0,776.7,0,-143.6,0,313,0,253.5,0,707.4,0,-485.3,0,-405.8,0,-58.3,0,-80,0,221.3,0,130.3,0,583.7,0,-554.3,0,304.4,0,-275.7,0,230.2,0,42.2
1327,0,156,0,-73.3,0,150.7,0,7.7,0,-147.3,0,66.1,0,-55,0,124.5,0,-226.2,0,171.4,0,-89.4,0,191.3,0,-221,0,168.9,0,-14.9,0,-45.6,0,106.9,0,-19,0,79.8,0,-13.7,0,168.4,0,-288.6,0,77.2,0,-25.3,0,180.9,0,-133.1,0,78.8,0,-82.2,0,-30.8,0,22.2,0,206.8,0,420.3,0,-594.9,0,776.7,0,-143.6,0,313,0,253.5,0,707.4,0,-485.3,0,-405.8,0,-58.3,0,-80,0,221.3,0,130.3,0,583.7,0,-554.3,0,304.4,0,-275.7,0,230.2,0,42.2,0
1328,156,0,-73.3,0,150.7,0,7.7,0,-147.3,0,66.1,0,-55,0,124.5,0,-226.2,0,171.4,0,-89.4,0,191.3,0,-221,0,168.9,0,-14.9,0,-45.6,0,106.9,0,-19,0,79.8,0,-13.7,0,168.4,0,-288.6,0,77.2,0,-25.3,0,180.9,0,-133.1,0,78.8,0,-82.2,0,-30.8,0,22.2,0,206.8,0,420.3,0,-594.9,0,776.7,0,-143.6,0,313,0,253.5,0,707.4,0,-485.3,0,-405.8,0,-58.3,0,-80,0,221.3,0,130.3,0,583.7,0,-554.3,0,304.4,0,-275.7,0,230.2,0,42.2,0,584.9
1329,0,-73.3,0,150.7,0,7.7,0,-147.3,0,66.1,0,-55,0,124.5,0,-226.2,0,171.4,0,-89.4,0,191.3,0,-221,0,168.9,0,-14.9,0,-45.6,0,106.9,0,-19,0,79.8,0,-13.7,0,168.4,0,-288.6,0,77.2,0,-25.3,0,180.9,0,-133.1,0,78.8,0,-82.2,0,-30.8,0,22.2,0,206.8,0,420.3,0,-594.9,0,776.7,0,-143.6,0,313,0,253.5,0,707.4,0,-485.3,0,-405.8,0,-58.3,0,-80,0,221.3,0,130.3,0,583.7,0,-554.3,0,304.4,0,-275.7,0,230.2,0,42.2,0,584.9,0
1330,-73.3,0,150.7,0,7.7,0,-147.3,0,66.1,0,-55,0,124.5,0,-226.2,0,171.4,0,-89.4,0,191.3,0,-221,0,168.9,0,-14.9,0,-45.6,0,106.9,0,-19,0,79.8,0,-13.7,0,168.4,0,-288.6,0,77.2,0,-25.3,0,180.9,0,-133.1,0,78.8,0,-82.2,0,-30.8,0,22.2,0,206.8,0,420.3,0,-594.9,0,776.7,0,-143.6,0,313,0,253.5,0,707.4,0,-485.3,0,-405.8,0,-58.3,0,-80,0,221.3,0,130.3,0,583.7,0,-554.3,0,304.4,0,-275.7,0,230.2,0,42.2,0,584.9,0,-573
1331,0,150.7,0,7.7,0,-147.3,0,66.1,0,-55,0,124.5,0,-226.2,0,171.4,0,-89.4,0,191.3,0,-221,0,168.9,0,-14.9,0,-45.6,0,106.9,0,-19,0,79.8,0,-13.7,0,168.4,0,-288.6,0,77.2,0,-25.3,0,180.9,0,-133.1,0,78.8,0,-82.2,0,-30.8,0,22.2,0,206.8,0,420.3,0,-594.9,0,776.7,0,-143.6,0,313,0,253.5,0,707.4,0,-485.3,0,-405.8,0,-58.3,0,-80,0,221.3,0,130.3,0,583.7,0,-554.3,0,304.4,0,-275.7,0,230.2,0,42.2,0,584.9,0,-573,0
1332,150.7,0,7.7,0,-147.3,0,66.1,0,-55,0,124.5,0,-226.2,0,171.4,0,-89.4,0,191.3,0,-221,0,168.9,0,-14.9,0,-45.6,0,106.9,0,-19,0,79.8,0,-13.7,0,168.4,0,-288.6,0,77.2,0,-25.3,0,180.9,0,-133.1,0,78.8,0,-82.2,0,-30.8,0,22.2,0,206.8,0,420.3,0,-594.9,0,776.7,0,-143.6,0,313,0,253.5,0,707.4,0,-485.3,0,-405.8,0,-58.3,0,-80,0,221.3,0,130.3,0,583.7,0,-554.3,0,304.4,0,-275.7,0,230.2,0,42.2,0,584.9,0,-573,0,176.5
1333,0,7.7,0,-147.3,0,66.1,0,-55,0,124.5,0,-226.2,0,171.4,0,-89.4,0,191.3,0,-221,0,168.9,0,-14.9,0,-45.6,0,106.9,0,-19,0,79.8,0,-13.7,0,168.4,0,-288.6,0,77.2,0,-25.3,0,180.9,0,-133.1,0,78.8,0,-82.2,0,-30.8,0,22.2,0,206.8,0,420.3,0,-594.9,0,776.7,0,-143.6,0,313,0,253.5,0,707.4,0,-485.3,0,-405.8,0,-58.3,0,-80,0,221.3,0,130.3,0,583.7,0,-554.3,0,304.4,0,-275.7,0,230.2,0,42.2,0,584.9,0,-573,0,176.5,0
1334,7.7,0,-147.3,0,66.1,0,-55,0,124.5,0,-226.2,0,171.4,0,-89.4,0,191.3,0,-221,0,168.9,0,-14.9,0,-45.6,0,106.9,0,-19,0,79.8,0,-13.7,0,168.4,0,-288.6,0,77.2,0,-25.3,0,180.9,0,-133.1,0,78.8,0,-82.2,0,-30.8,0,22.2,0,206.8,0,420.3,0,-594.9,0,776.7,0,-143.6,0,313,0,253.5,0,707.4,0,-485.3,0,-405.8,0,-58.3,0,-80,0,221.3,0,130.3,0,583.7,0,-554.3,0,304.4,0,-275.7,0,230.2,0,42.2,0,584.9,0,-573,0,176.5,0,-57.1
1335,0,-147.3,0,66.1,0,-55,0,124.5,0,-226.2,0,171.4,0,-89.4,0,191.3,0,-221,0,168.9,0,-14.9,0,-45.6,0,106.9,0,-19,0,79.8,0,-13.7,0,168.4,0,-288.6,0,77.2,0,-25.3,0,180.9,0,-133.1,0,78.8,0,-82.2,0,-30.8,0,22.2,0,206.8,0,420.3,0,-594.9,0,776.7,0,-143.6,0,313,0,253.5,0,707.4,0,-485.3,0,-405.8,0,-58.3,0,-80,0,221.3,0,130.3,0,583.7,0,-554.3,0,304.4,0,-275.7,0,230.2,0,42.2,0,584.9,0,-573,0,176.5,0,-57.1,0
1336,-147.3,0,66.1,0,-55,0,124.5,0,-226.2,0,171.4,0,-89.4,0,191.3,0,-221,0,168.9,0,-14.9,0,-45.6,0,106.9,0,-19,0,79.8,0,-13.7,0,168.4,0,-288.6,0,77.2,0,-25.3,0,180.9,0,-133.1,0,78.8,0,-82.2,0,-30.8,0,22.2,0,206.8,0,420.3,0,-594.9,0,776.7,0,-143.6,0,313,0,253.5,0,707.4,0,-485.3,0,-405.8,0,-58.3,0,-80,0,221.3,0,130.3,0,583.7,0,-554.3,0,304.4,0,-275.7,0,230.2,0,42.2,0,584.9,0,-573,0,176.5,0,-57.1,0,-121.4
1337,0,66.1,0,-55,0,124.5,0,-226.2,0,171.4,0,-89.4,0,191.3,0,-221,0,168.9,0,-14.9,0,-45.6,0,106.9,0,-19,0,79.8,0,-13.7,0,168.4,0,-288.6,0,77.2,0,-25.3,0,180.9,0,-133.1,0,78.8,0,-82.2,0,-30.8,0,22.2,0,206.8,0,420.3,0,-594.9,0,776.7,0,-143.6,0,313,0,253.5,0,707.4,0,-485.3,0,-405.8,0,-58.3,0,-80,0,221.3,0,130.3,0,583.7,0,-554.3,0,304.4,0,-275.7,0,230.2,0,42.2,0,584.9,0,-573,0,176.5,0,-57.1,0,-121.4,0
1338,66.1,0,-55,0,124.5,0,-226.2,0,171.4,0,-89.4,0,191.3,0,-221,0,168.9,0,-14.9,0,-45.6,0,106.9,0,-19,0,79.8,0,-13.7,0,168.4,0,-288.6,0,77.2,0,-25.3,0,180.9,0,-133.1,0,78.8,0,-82.2,0,-30.8,0,22.2,0,206.8,0,420.3,0,-594.9,0,776.7,0,-143.6,0,313,0,253.5,0,707.4,0,-485.3,0,-405.8,0,-58.3,0,-80,0,221.3,0,130.3,0,583.7,0,-554.3,0,304.4,0,-275.7,0,230.2,0,42.2,0,584.9,0,-573,0,176.5,0,-57.1,0,-121.4,0,-72.9
1339,0,-55,0,124.5,0,-226.2,0,171.4,0,-89.4,0,191.3,0,-221,0,168.9,0,-14.9,0,-45.6,0,106.9,0,-19,0,79.8,0,-13.7,0,168.4,0,-288.6,0,77.2,0,-25.3,0,180.9,0,-133.1,0,78.8,0,-82.2,0,-30.8,0,22.2,0,206.8,0,420.3,0,-594.9,0,776.7,0,-143.6,0,313,0,253.5,0,707.4,0,-485.3,0,-405.8,0,-58.3,0,-80,0,221.3,0,130.3,0,583.7,0,-554.3,0,304.4,0,-275.7,0,230.2,0,42.2,0,584.9,0,-573,0,176.5,0,-57.1,0,-121.4,0,-72.9,0
1340,-55,0,124.5,0,-226.2,0,171.4,0,-89.4,0,191.3,0,-221,0,168.9,0,-14.9,0,-45.6,0,106.9,0,-19,0,79.8,0,-13.7,0,168.4,0,-288.6,0,77.2,0,-25.3,0,180.9,0,-133.1,0,78.8,0,-82.2,0,-30.8,0,22.2,0,206.8,0,420.3,0,-594.9,0,776.7,0,-143.6,0,313,0,253.5,0,707.4,0,-485.3,0,-405.8,0,-58.3,0,-80,0,221.3,0,130.3,0,583.7,0,-554.3,0,304.4,0,-275.7,0,230.2,0,42.2,0,584.9,0,-573,0,176.5,0,-57.1,0,-121.4,0,-72.9,0,-213.9
1341,0,124.5,0,-226.2,0,171.4,0,-89.4,0,191.3,0,-221,0,168.9,0,-14.9,0,-45.6,0,106.9,0,-19,0,79.8,0,-13.7,0,168.4,0,-288.6,0,77.2,0,-25.3,0,180.9,0,-133.1,0,78.8,0,-82.2,0,-30.8,0,22.2,0,206.8,0,420.3,0,-594.9,0,776.7,0,-143.6,0,313,0,253.5,0,707.4,0,-485.3,0,-405.8,0,-58.3,0,-80,0,221.3,0,130.3,0,583.7,0,-554.3,0,304.4,0,-275.7,0,230.2,0,42.2,0,584.9,0,-573,0,176.5,0,-57.1,0,-121.4,0,-72.9,0,-213.9,0
1342,124.5,0,-226.2,0,171.4,0,-89.4,0,191.3,0,-221,0,168.9,0,-14.9,0,-45.6,0,106.9,0,-19,0,79.8,0,-13.7,0,168.4,0,-288.6,0,77.2,0,-25.3,0,180.9,0,-133.1,0,78.8,0,-82.2,0,-30.8,0,22.2,0,206.8,0,420.3,0,-594.9,0,776.7,0,-143.6,0,313,0,253.5,0,707.4,0,-485.3,0,-405.8,0,-58.3,0,-80,0,221.3,0,130.3,0,583.7,0,-554.3,0,304.4,0,-275.7,0,230.2,0,42.2,0,584.9,0,-573,0,176.5,0,-57.1,0,-121.4,0,-72.9,0,-213.9,0,472.9
1343,0,-226.2,0,171.4,0,-89.4,0,191.3,0,-221,0,168.9,0,-14.9,0,-45.6,0,106.9,0,-19,0,79.8,0,-13.7,0,168.4,0,-288.6,0,77.2,0,-25.3,0,180.9,0,-133.1,0,78.8,0,-82.2,0,-30.8,0,22.2,0,206.8,0,420.3,0,-594.9,0,776.7,0,-143.6,0,313,0,253.5,0,707.4,0,-485.3,0,-405.8,0,-58.3,0,-80,0,221.3,0,130.3,0,583.7,0,-554.3,0,304.4,0,-275.7,0,230.2,0,42.2,0,584.9,0,-573,0,176.5,0,-57.1,0,-121.4,0,-72.9,0,-213.9,0,472.9,0
1344,-226.2,0,171.4,0,-89.4,0,191.3,0,-221,0,168.9,0,-14.9,0,-45.6,0,106.9,0,-19,0,79.8,0,-13.7,0,168.4,0,-288.6,0,77.2,0,-25.3,0,180.9,0,-133.1,0,78.8,0,-82.2,0,-30.8,0,22.2,0,206.8,0,420.3,0,-594.9,0,776.7,0,-143.6,0,313,0,253.5,0,707.4,0,-485.3,0,-405.8,0,-58.3,0,-80,0,221.3,0,130.3,0,583.7,0,-554.3,0,304.4,0,-275.7,0,230.2,0,42.2,0,584.9,0,-573,0,176.5,0,-57.1,0,-121.4,0,-72.9,0,-213.9,0,472.9,0,-340.6
1345,0,171.4,0,-89.4,0,191.3,0,-221,0,168.9,0,-14.9,0,-45.6,0,106.9,0,-19,0,79.8,0,-13.7,0,168.4,0,-288.6,0,77.2,0,-25.3,0,180.9,0,-133.1,0,78.8,0,-82.2,0,-30.8,0,22.2,0,206.8,0,420.3,0,-594.9,0,776.7,0,-143.6,0,313,0,253.5,0,707.4,0,-485.3,0,-405.8,0,-58.3,0,-80,0,221.3,0,130.3,0,583.7,0,-554.3,0,304.4,0,-275.7,0,230.2,0,42.2,0,584.9,0,-573,0,176.5,0,-57.1,0,-121.4,0,-72.9,0,-213.9,0,472.9,0,-340.6,0
1346,171.4,0,-89.4,0,191.3,0,-221,0,168.9,0,-14.9,0,-45.6,0,106.9,0,-19,0,79.8,0,-13.7,0,168.4,0,-288.6,0,77.2,0,-25.3,0,180.9,0,-133.1,0,78.8,0,-82.2,0,-30.8,0,22.2,0,206.8,0,420.3,0,-594.9,0,776.7,0,-143.6,0,313,0,253.5,0,707.4,0,-485.3,0,-405.8,0,-58.3,0,-80,0,221.3,0,130.3,0,583.7,0,-554.3,0,304.4,0,-275.7,0,230.2,0,42.2,0,584.9,0,-573,0,176.5,0,-57.1,0,-121.4,0,-72.9,0,-213.9,0,472.9,0,-340.6,0,600.2
1347,0,-89.4,0,191.3,0,-221,0,168.9,0,-14.9,0,-45.6,0,106.9,0,-19,0,79.8,0,-13.7,0,168.4,0,-288.6,0,77.2,0,-25.3,0,180.9,0,-133.1,0,78.8,0,-82.2,0,-30.8,0,22.2,0,206.8,0,420.3,0,-594.9,0,776.7,0,-143.6,0,313,0,253.5,0,707.4,0,-485.3,0,-405.8,0,-58.3,0,-80,0,221.3,0,130.3,0,583.7,0,-554.3,0,304.4,0,-275.7,0,230.2,0,42.2,0,584.9,0,-573,0,176.5,0,-57.1,0,-121.4,0,-72.9,0,-213.9,0,472.9,0,-340.6,0,600.2,0
1348,-89.4,0,191.3,0,-221,0,168.9,0,-14.9,0,-45.6,0,106.9,0,-19,0,79.8,0,-13.7,0,168.4,0,-288.6,0,77.2,0,-25.3,0,180.9,0,-133.1,0,78.8,0,-82.2,0,-30.8,0,22.2,0,206.8,0,420.3,0,-594.9,0,776.7,0,-143.6,0,313,0,253.5,0,707.4,0,-485.3,0,-405.8,0,-58.3,0,-80,0,221.3,0,130.3,0,583.7,0,-554.3,0,304.4,0,-275.7,0,230.2,0,42.2,0,584.9,0,-573,0,176.5,0,-57.1,0,-121.4,0,-72.9,0,-213.9,0,472.9,0,-340.6,0,600.2,0,-646.3
1349,0,191.3,0,-221,0,168.9,0,-14.9,0,-45.6,0,106.9,0,-19,0,79.8,0,-13.7,0,168.4,0,-288.6,0,77.2,0,-25.3,0,180.9,0,-133.1,0,78.8,0,-82.2,0,-30.8,0,22.2,0,206.8,0,420.3,0,-594.9,0,776.7,0,-143.6,0,313,0,253.5,0,707.4,0,-485.3,0,-405.8,0,-58.3,0,-80,0,221.3,0,130.3,0,583.7,0,-554.3,0,304.4,0,-275.7,0,230.2,0,42.2,0,584.9,0,-573,0,176.5,0,-57.1,0,-121.4,0,-72.9,0,-213.9,0,472.9,0,-340.6,0,600.2,0,-646.3,0
1350,191.3,0,-221,0,168.9,0,-14.9,0,-45.6,0,106.9,0,-19,0,79.8,0,-13.7,0,168.4,0,-288.6,0,77.2,0,-25.3,0,180.9,0,-133.1,0,78.8,0,-82.2,0,-30.8,0,22.2,0,206.8,0,420.3,0,-594.9,0,776.7,0,-143.6,0,313,0,253.5,0,707.4,0,-485.3,0,-405.8,0,-58.3,0,-80,0,221.3,0,130.3,0,583.7,0,-554.3,0,304.4,0,-275.7,0,230.2,0,42.2,0,584.9,0,-573,0,176.5,0,-57.1,0,-121.4,0,-72.9,0,-213.9,0,472.9,0,-340.6,0,600.2,0,-646.3,0,463.8
1351,0,-221,0,168.9,0,-14.9,0,-45.6,0,106.9,0,-19,0,79.8,0,-13.7,0,168.4,0,-288.6,0,77.2,0,-25.3,0,180.9,0,-133.1,0,78.8,0,-82.2,0,-30.8,0,22.2,0,206.8,0,420.3,0,-594.9,0,776.7,0,-143.6,0,313,0,253.5,0,707.4,0,-485.3,0,-405.8,0,-58.3,0,-80,0,221.3,0,130.3,0,583.7,0,-554.3,0,304.4,0,-275.7,0,230.2,0,42.2,0,584.9,0,-573,0,176.5,0,-57.1,0,-121.4,0,-72.9,0,-213.9,0,472.9,0,-340.6,0,600.2,0,-646.3,0,463.8,0
1352,-221,0,168.9,0,-14.9,0,-45.6,0,106.9,0,-19,0,79.8,0,-13.7,0,168.4,0,-288.6,0,77.2,0,-25.3,0,180.9,0,-133.1,0,78.8,0,-82.2,0,-30.8,0,22.2,0,206.8,0,420.3,0,-594.9,0,776.7,0,-143.6,0,313,0,253.5,0,707.4,0,-485.3,0,-405.8,0,-58.3,0,-80,0,221.3,0,130.3,0,583.7,0,-554.3,0,304.4,0,-275.7,0,230.2,0,42.2,0,584.9,0,-573,0,176.5,0,-57.1,0,-121.4,0,-72.9,0,-213.9,0,472.9,0,-340.6,0,600.2,0,-646.3,0,463.8,0,-460.7
1353,0,168.9,0,-14.9,0,-45.6,0,106.9,0,-19,0,79.8,0,-13.7,0,168.4,0,-288.6,0,77.2,0,-25.3,0,180.9,0,-133.1,0,78.8,0,-82.2,0,-30.8,0,22.2,0,206.8,0,420.3,0,-594.9,0,776.7,0,-143.6,0,313,0,253.5,0,707.4,0,-485.3,0,-405.8,0,-58.3,0,-80,0,221.3,0,130.3,0,583.7,0,-554.3,0,304.4,0,-275.7,0,230.2,0,42.2,0,584.9,0,-573,0,176.5,0,-57.1,0,-121.4,0,-72.9,0,-213.9,0,472.9,0,-340.6,0,600.2,0,-646.3,0,463.8,0,-460.7,0
1354,168.9,0,-14.9,0,-45.6,0,106.9,0,-19,0,79.8,0,-13.7,0,168.4,0,-288.6,0,77.2,0,-25.3,0,180.9,0,-133.1,0,78.8,0,-82.2,0,-30.8,0,22.2,0,206.8,0,420.3,0,-594.9,0,776.7,0,-143.6,0,313,0,253.5,0,707.4,0,-485.3,0,-405.8,0,-58.3,0,-80,0,221.3,0,130.3,0,583.7,0,-554.3,0,304.4,0,-275.7,0,230.2,0,42.2,0,584.9,0,-573,0,176.5,0,-57.1,0,-121.4,0,-72.9,0,-213.9,0,472.9,0,-340.6,0,600.2,0,-646.3,0,463.8,0,-460.7,0,636.9
1355,0,-14.9,0,-45.6,0,106.9,0,-19,0,79.8,0,-13.7,0,168.4,0,-288.6,0,77.2,0,-25.3,0,180.9,0,-133.1,0,78.8,0,-82.2,0,-30.8,0,22.2,0,206.8,0,420.3,0,-594.9,0,776.7,0,-143.6,0,313,0,253.5,0,707.4,0,-485.3,0,-405.8,0,-58.3,0,-80,0,221.3,0,130.3,0,583.7,0,-554.3,0,304.4,0,-275.7,0,230.2,0,42.2,0,584.9,0,-573,0,176.5,0,-57.1,0,-121.4,0,-72.9,0,-213.9,0,472.9,0,-340.6,0,600.2,0,-646.3,0,463.8,0,-460.7,0,636.9,0
1356,-14.9,0,-45.6,0,106.9,0,-19,0,79.8,0,-13.7,0,168.4,0,-288.6,0,77.2,0,-25.3,0,180.9,0,-133.1,0,78.8,0,-82.2,0,-30.8,0,22.2,0,206.8,0,420.3,0,-594.9,0,776.7,0,-143.6,0,313,0,253.5,0,707.4,0,-485.3,0,-405.8,0,-58.3,0,-80,0,221.3,0,130.3,0,583.7,0,-554.3,0,304.4,0,-275.7,0,230.2,0,42.2,0,584.9,0,-573,0,176.5,0,-57.1,0,-121.4,0,-72.9,0,-213.9,0,472.9,0,-340.6,0,600.2,0,-646.3,0,463.8,0,-460.7,0,636.9,0,-734.5
1357,0,-45.6,0,106.9,0,-19,0,79.8,0,-13.7,0,168.4,0,-288.6,0,77.2,0,-25.3,0,180.9,0,-133.1,0,78.8,0,-82.2,0,-30.8,0,22.2,0,206.8,0,420.3,0,-594.9,0,776.7,0,-143.6,0,313,0,253.5,0,707.4,0,-485.3,0,-405.8,0,-58.3,0,-80,0,221.3,0,130.3,0,583.7,0,-554.3,0,304.4,0,-275.7,0,230.2,0,42.2,0,584.9,0,-573,0,176.5,0,-57.1,0,-121.4,0,-72.9,0,-213.9,0,472.9,0,-340.6,0,600.2,0,-646.3,0,463.8,0,-460.7,0,636.9,0,-734.5,0
1358,-45.6,0,106.9,0,-19,0,79.8,0,-13.7,0,168.4,0,-288.6,0,77.2,0,-25.3,0,180.9,0,-133.1,0,78.8,0,-82.2,0,-30.8,0,22.2,0,206.8,0,420.3,0,-594.9,0,776.7,0,-143.6,0,313,0,253.5,0,707.4,0,-485.3,0,-405.8,0,-58.3,0,-80,0,221.3,0,130.3,0,583.7,0,-554.3,0,304.4,0,-275.7,0,230.2,0,42.2,0,584.9,0,-573,0,176.5,0,-57.1,0,-121.4,0,-72.9,0,-213.9,0,472.9,0,-340.6,0,600.2,0,-646.3,0,463.8,0,-460.7,0,636.9,0,-734.5,0,95.8
1359,0,106.9,0,-19,0,79.8,0,-13.7,0,168.4,0,-288.6,0,77.2,0,-25.3,0,180.9,0,-133.1,0,78.8,0,-82.2,0,-30.8,0,22.2,0,206.8,0,420.3,0,-594.9,0,776.7,0,-143.6,0,313,0,253.5,0,707.4,0,-485.3,0,-405.8,0,-58.3,0,-80,0,221.3,0,130.3,0,583.7,0,-554.3,0,304.4,0,-275.7,0,230.2,0,42.2,0,584.9,0,-573,0,176.5,0,-57.1,0,-121.4,0,-72.9,0,-213.9,0,472.9,0,-340.6,0,600.2,0,-646.3,0,463.8,0,-460.7,0,636.9,0,-734.5,0,95.8,0
1360,106.9,0,-19,0,79.8,0,-13.7,0,168.4,0,-288.6,0,77.2,0,-25.3,0,180.9,0,-133.1,0,78.8,0,-82.2,0,-30.8,0,22.2,0,206.8,0,420.3,0,-594.9,0,776.7,0,-143.6,0,313,0,253.5,0,707.4,0,-485.3,0,-405.8,0,-58.3,0,-80,0,221.3,0,130.3,0,583.7,0,-554.3,0,304.4,0,-275.7,0,230.2,0,42.2,0,584.9,0,-573,0,176.5,0,-57.1,0,-121.4,0,-72.9,0,-213.9,0,472.9,0,-340.6,0,600.2,0,-646.3,0,463.8,0,-460.7,0,636.9,0,-734.5,0,95.8,0,79.5
1361,0,-19,0,79.8,0,-13.7,0,168.4,0,-288.6,0,77.2,0,-25.3,0,180.9,0,-133.1,0,78.8,0,-82.2,0,-30.8,0,22.2,0,206.8,0,420.3,0,-594.9,0,776.7,0,-143.6,0,313,0,253.5,0,707.4,0,-485.3,0,-405.8,0,-58.3,0,-80,0,221.3,0,130.3,0,583.7,0,-554.3,0,304.4,0,-275.7,0,230.2,0,42.2,0,584.9,0,-573,0,176.5,0,-57.1,0,-121.4,0,-72.9,0,-213.9,0,472.9,0,-340.6,0,600.2,0,-646.3,0,463.8,0,-460.7,0,636.9,0,-734.5,0,95.8,0,79.5,0
1362,-19,0,79.8,0,-13.7,0,168.4,0,-288.6,0,77.2,0,-25.3,0,180.9,0,-133.1,0,78.8,0,-82.2,0,-30.8,0,22.2,0,206.8,0,420.3,0,-594.9,0,776.7,0,-143.6,0,313,0,253.5,0,707.4,0,-485.3,0,-405.8,0,-58.3,0,-80,0,221.3,0,130.3,0,583.7,0,-554.3,0,304.4,0,-275.7,0,230.2,0,42.2,0,584.9,0,-573,0,176.5,0,-57.1,0,-121.4,0,-72.9,0,-213.9,0,472.9,0,-340.6,0,600.2,0,-646.3,0,463.8,0,-460.7,0,636.9,0,-734.5,0,95.8,0,79.5,0,4.3
1363,0,79.8,0,-13.7,0,168.4,0,-288.6,0,77.2,0,-25.3,0,180.9,0,-133.1,0,78.8,0,-82.2,0,-30.8,0,22.2,0,206.8,0,420.3,0,-594.9,0,776.7,0,-143.6,0,313,0,253.5,0,707.4,0,-485.3,0,-405.8,0,-58.3,0,-80,0,221.3,0,130.3,0,583.7,0,-554.3,0,304.4,0,-275.7,0,230.2,0,42.2,0,584.9,0,-573,0,176.5,0,-57.1,0,-121.4,0,-72.9,0,-213.9,0,472.9,0,-340.6,0,600.2,0,-646.3,0,463.8,0,-460.7,0,636.9,0,-734.5,0,95.8,0,79.5,0,4.3,0
1364,79.8,0,-13.7,0,168.4,0,-288.6,0,77.2,0,-25.3,0,180.9,0,-133.1,0,78.8,0,-82.2,0,-30.8,0,22.2,0,206.8,0,420.3,0,-594.9,0,776.7,0,-143.6,0,313,0,253.5,0,707.4,0,-485.3,0,-405.8,0,-58.3,0,-80,0,221.3,0,130.3,0,583.7,0,-554.3,0,304.4,0,-275.7,0,230.2,0,42.2,0,584.9,0,-573,0,176.5,0,-57.1,0,-121.4,0,-72.9,0,-213.9,0,472.9,0,-340.6,0,600.2,0,-646.3,0,463.8,0,-460.7,0,636.9,0,-734.5,0,95.8,0,79.5,0,4.3,0,133.3
1365,0,-13.7,0,168.4,0,-288.6,0,77.2,0,-25.3,0,180.9,0,-133.1,0,78.8,0,-82.2,0,-30.8,0,22.2,0,206.8,0,420.3,0,-594.9,0,776.7,0,-143.6,0,313,0,253.5,0,707.4,0,-485.3,0,-405.8,0,-58.3,0,-80,0,221.3,0,130.3,0,583.7,0,-554.3,0,304.4,0,-275.7,0,230.2,0,42.2,0,584.9,0,-573,0,176.5,0,-57.1,0,-121.4,0,-72.9,0,-213.9,0,472.9,0,-340.6,0,600.2,0,-646.3,0,463.8,0,-460.7,0,636.9,0,-734.5,0,95.8,0,79.5,0,4.3,0,133.3,0
1366,-13.7,0,168.4,0,-288.6,0,77.2,0,-25.3,0,180.9,0,-133.1,0,78.8,0,-82.2,0,-30.8,0,22.2,0,206.8,0,420.3,0,-594.9,0,776.7,0,-143.6,0,313,0,253.5,0,707.4,0,-485.3,0,-405.8,0,-58.3,0,-80,0,221.3,0,130.3,0,583.7,0,-554.3,0,304.4,0,-275.7,0,230.2,0,42.2,0,584.9,0,-573,0,176.5,0,-57.1,0,-121.4,0,-72.9,0,-213.9,0,472.9,0,-340.6,0,600.2,0,-646.3,0,463.8,0,-460.7,0,636.9,0,-734.5,0,95.8,0,79.5,0,4.3,0,133.3,0,177
1367,0,168.4,0,-288.6,0,77.2,0,-25.3,0,180.9,0,-133.1,0,78.8,0,-82.2,0,-30.8,0,22.2,0,206.8,0,420.3,0,-594.9,0,776.7,0,-143.6,0,313,0,253.5,0,707.4,0,-485.3,0,-405.8,0,-58.3,0,-80,0,221.3,0,130.3,0,583.7,0,-554.3,0,304.4,0,-275.7,0,230.2,0,42.2,0,584.9,0,-573,0,176.5,0,-57.1,0,-121.4,0,-72.9,0,-213.9,0,472.9,0,-340.6,0,600.2,0,-646.3,0,463.8,0,-460.7,0,636.9,0,-734.5,0,95.8,0,79.5,0,4.3,0,133.3,0,177,0
1368,168.4,0,-288.6,0,77.2,0,-25.3,0,180.9,0,-133.1,0,78.8,0,-82.2,0,-30.8,0,22.2,0,206.8,0,420.3,0,-594.9,0,776.7,0,-143.6,0,313,0,253.5,0,707.4,0,-485.3,0,-405.8,0,-58.3,0,-80,0,221.3,0,130.3,0,583.7,0,-554.3,0,304.4,0,-275.7,0,230.2,0,42.2,0,584.9,0,-573,0,176.5,0,-57.1,0,-121.4,0,-72.9,0,-213.9,0,472.9,0,-340.6,0,600.2,0,-646.3,0,463.8,0,-460.7,0,636.9,0,-734.5,0,95.8,0,79.5,0,4.3,0,133.3,0,177,0,193.6
1369,0,-288.6,0,77.2,0,-25.3,0,180.9,0,-133.1,0,78.8,0,-82.2,0,-30.8,0,22.2,0,206.8,0,420.3,0,-594.9,0,776.7,0,-143.6,0,313,0,253.5,0,707.4,0,-485.3,0,-405.8,0,-58.3,0,-80,0,221.3,0,130.3,0,583.7,0,-554.3,0,304.4,0,-275.7,0,230.2,0,42.2,0,584.9,0,-573,0,176.5,0,-57.1,0,-121.4,0,-72.9,0,-213.9,0,472.9,0,-340.6,0,600.2,0,-646.3,0,463.8,0,-460.7,0,636.9,0,-734.5,0,95.8,0,79.5,0,4.3,0,133.3,0,177,0,193.6,0
1370,-288.6,0,77.2,0,-25.3,0,180.9,0,-133.1,0,78.8,0,-82.2,0,-30.8,0,22.2,0,206.8,0,420.3,0,-594.9,0,776.7,0,-143.6,0,313,0,253.5,0,707.4,0,-485.3,0,-405.8,0,-58.3,0,-80,0,221.3,0,130.3,0,583.7,0,-554.3,0,304.4,0,-275.7,0,230.2,0,42.2,0,584.9,0,-573,0,176.5,0,-57.1,0,-121.4,0,-72.9,0,-213.9,0,472.9,0,-340.6,0,600.2,0,-646.3,0,463.8,0,-460.7,0,636.9,0,-734.5,0,95.8,0,79.5,0,4.3,0,133.3,0,177,0,193.6,0,-443.9
1371,0,77.2,0,-25.3,0,180.9,0,-133.1,0,78.8,0,-82.2,0,-30.8,0,22.2,0,206.8,0,420.3,0,-594.9,0,776.7,0,-143.6,0,313,0,253.5,0,707.4,0,-485.3,0,-405.8,0,-58.3,0,-80,0,221.3,0,130.3,0,583.7,0,-554.3,0,304.4,0,-275.7,0,230.2,0,42.2,0,584.9,0,-573,0,176.5,0,-57.1,0,-121.4,0,-72.9,0,-213.9,0,472.9,0,-340.6,0,600.2,0,-646.3,0,463.8,0,-460.7,0,636.9,0,-734.5,0,95.8,0,79.5,0,4.3,0,133.3,0,177,0,193.6,0,-443.9,0
1372,77.2,0,-25.3,0,180.9,0,-133.1,0,78.8,0,-82.2,0,-30.8,0,22.2,0,206.8,0,420.3,0,-594.9,0,776.7,0,-143.6,0,313,0,253.5,0,707.4,0,-485.3,0,-405.8,0,-58.3,0,-80,0,221.3,0,130.3,0,583.7,0,-554.3,0,304.4,0,-275.7,0,230.2,0,42.2,0,584.9,0,-573,0,176.5,0,-57.1,0,-121.4,0,-72.9,0,-213.9,0,472.9,0,-340.6,0,600.2,0,-646.3,0,463.8,0,-460.7,0,636.9,0,-734.5,0,95.8,0,79.5,0,4.3,0,133.3,0,177,0,193.6,0,-443.9,0,438
1373,0,-25.3,0,180.9,0,-133.1,0,78.8,0,-82.2,0,-30.8,0,22.2,0,206.8,0,420.3,0,-594.9,0,776.7,0,-143.6,0,313,0,253.5,0,707.4,0,-485.3,0,-405.8,0,-58.3,0,-80,0,221.3,0,130.3,0,583.7,0,-554.3,0,304.4,0,-275.7,0,230.2,0,42.2,0,584.9,0,-573,0,176.5,0,-57.1,0,-121.4,0,-72.9,0,-213.9,0,472.9,0,-340.6,0,600.2,0,-646.3,0,463.8,0,-460.7,0,636.9,0,-734.5,0,95.8,0,79.5,0,4.3,0,133.3,0,177,0,193.6,0,-443.9,0,438,0
1374,-25.3,0,180.9,0,-133.1,0,78.8,0,-82.2,0,-30.8,0,22.2,0,206.8,0,420.3,0,-594.9,0,776.7,0,-143.6,0,313,0,253.5,0,707.4,0,-485.3,0,-405.8,0,-58.3,0,-80,0,221.3,0,130.3,0,583.7,0,-554.3,0,304.4,0,-275.7,0,230.2,0,42.2,0,584.9,0,-573,0,176.5,0,-57.1,0,-121.4,0,-72.9,0,-213.9,0,472.9,0,-340.6,0,600.2,0,-646.3,0,463.8,0,-460.7,0,636.9,0,-734.5,0,95.8,0,79.5,0,4.3,0,133.3,0,177,0,193.6,0,-443.9,0,438,0,-577
1375,0,180.9,0,-133.1,0,78.8,0,-82.2,0,-30.8,0,22.2,0,206.8,0,420.3,0,-594.9,0,776.7,0,-143.6,0,313,0,253.5,0,707.4,0,-485.3,0,-405.8,0,-58.3,0,-80,0,221.3,0,130.3,0,583.7,0,-554.3,0,304.4,0,-275.7,0,230.2,0,42.2,0,584.9,0,-573,0,176.5,0,-57.1,0,-121.4,0,-72.9,0,-213.9,0,472.9,0,-340.6,0,600.2,0,-646.3,0,463.8,0,-460.7,0,636.9,0,-734.5,0,95.8,0,79.5,0,4.3,0,133.3,0,177,0,193.6,0,-443.9,0,438,0,-577,0
1376,180.9,0,-133.1,0,78.8,0,-82.2,0,-30.8,0,22.2,0,206.8,0,420.3,0,-594.9,0,776.7,0,-143.6,0,313,0,253.5,0,707.4,0,-485.3,0,-405.8,0,-58.3,0,-80,0,221.3,0,130.3,0,583.7,0,-554.3,0,304.4,0,-275.7,0,230.2,0,42.2,0,584.9,0,-573,0,176.5,0,-57.1,0,-121.4,0,-72.9,0,-213.9,0,472.9,0,-340.6,0,600.2,0,-646.3,0,463.8,0,-460.7,0,636.9,0,-734.5,0,95.8,0,79.5,0,4.3,0,133.3,0,177,0,193.6,0,-443.9,0,438,0,-577,0,273
1377,0,-133.1,0,78.8,0,-82.2,0,-30.8,0,22.2,0,206.8,0,420.3,0,-594.9,0,776.7,0,-143.6,0,313,0,253.5,0,707.4,0,-485.3,0,-405.8,0,-58.3,0,-80,0,221.3,0,130.3,0,583.7,0,-554.3,0,304.4,0,-275.7,0,230.2,0,42.2,0,584.9,0,-573,0,176.5,0,-57.1,0,-121.4,0,-72.9,0,-213.9,0,472.9,0,-340.6,0,600.2,0,-646.3,0,463.8,0,-460.7,0,636.9,0,-734.5,0,95.8,0,79.5,0,4.3,0,133.3,0,177,0,193.6,0,-443.9,0,438,0,-577,0,273,0
1378,-133.1,0,78.8,0,-82.2,0,-30.8,0,22.2,0,206.8,0,420.3,0,-594.9,0,776.7,0,-143.6,0,313,0,253.5,0,707.4,0,-485.3,0,-405.8,0,-58.3,0,-80,0,221.3,0,130.3,0,583.7,0,-554.3,0,304.4,0,-275.7,0,230.2,0,42.2,0,584.9,0,-573,0,176.5,0,-57.1,0,-121.4,0,-72.9,0,-213.9,0,472.9,0,-340.6,0,600.2,0,-646.3,0,463.8,0,-460.7,0,636.9,0,-734.5,0,95.8,0,79.5,0,4.3,0,133.3,0,177,0,193.6,0,-443.9,0,438,0,-577,0,273,0,-252.1
1379,0,78.8,0,-82.2,0,-30.8,0,22.2,0,206.8,0,420.3,0,-594.9,0,776.7,0,-143.6,0,313,0,253.5,0,707.4,0,-485.3,0,-405.8,0,-58.3,0,-80,0,221.3,0,130.3,0,583.7,0,-554.3,0,304.4,0,-275.7,0,230.2,0,42.2,0,584.9,0,-573,0,176.5,0,-57.1,0,-121.4,0,-72.9,0,-213.9,0,472.9,0,-340.6,0,600.2,0,-646.3,0,463.8,0,-460.7,0,636.9,0,-734.5,0,95.8,0,79.5,0,4.3,0,133.3,0,177,0,193.6,0,-443.9,0,438,0,-577,0,273,0,-252.1,0
1380,78.8,0,-82.2,0,-30.8,0,22.2,0,206.8,0,420.3,0,-594.9,0,776.7,0,-143.6,0,313,0,253.5,0,707.4,0,-485.3,0,-405.8,0,-58.3,0,-80,0,221.3,0,130.3,0,583.7,0,-554.3,0,304.4,0,-275.7,0,230.2,0,42.2,0,584.9,0,-573,0,176.5,0,-57.1,0,-121.4,0,-72.9,0,-213.9,0,472.9,0,-340.6,0,600.2,0,-646.3,0,463.8,0,-460.7,0,636.9,0,-734.5,0,95.8,0,79.5,0,4.3,0,133.3,0,177,0,193.6,0,-443.9,0,438,0,-577,0,273,0,-252.1,0,630
1381,0,-82.2,0,-30.8,0,22.2,0,206.8,0,420.3,0,-594.9,0,776.7,0,-143.6,0,313,0,253.5,0,707.4,0,-485.3,0,-405.8,0,-58.3,0,-80,0,221.3,0,130.3,0,583.7,0,-554.3,0,304.4,0,-275.7,0,230.2,0,42.2,0,584.9,0,-573,0,176.5,0,-57.1,0,-121.4,0,-72.9,0,-213.9,0,472.9,0,-340.6,0,600.2,0,-646.3,0,463.8,0,-460.7,0,636.9,0,-734.5,0,95.8,0,79.5,0,4.3,0,133.3,0,177,0,193.6,0,-443.9,0,438,0,-577,0,273,0,-252.1,0,630,0
1382,-82.2,0,-30.8,0,22.2,0,206.8,0,420.3,0,-594.9,0,776.7,0,-143.6,0,313,0,253.5,0,707.4,0,-485.3,0,-405.8,0,-58.3,0,-80,0,221.3,0,130.3,0,583.7,0,-554.3,0,304.4,0,-275.7,0,230.2,0,42.2,0,584.9,0,-573,0,176.5,0,-57.1,0,-121.4,0,-72.9,0,-213.9,0,472.9,0,-340.6,0,600.2,0,-646.3,0,463.8,0,-460.7,0,636.9,0,-734.5,0,95.8,0,79.5,0,4.3,0,133.3,0,177,0,193.6,0,-443.9,0,438,0,-577,0,273,0,-252.1,0,630,0,-569.1
1383,0,-30.8,0,22.2,0,206.8,0,420.3,0,-594.9,0,776.7,0,-143.6,0,313,0,253.5,0,707.4,0,-485.3,0,-405.8,0,-58.3,0,-80,0,221.3,0,130.3,0,583.7,0,-554.3,0,304.4,0,-275.7,0,230.2,0,42.2,0,584.9,0,-573,0,176.5,0,-57.1,0,-121.4,0,-72.9,0,-213.9,0,472.9,0,-340.6,0,600.2,0,-646.3,0,463.8,0,-460.7,0,636.9,0,-734.5,0,95.8,0,79.5,0,4.3,0,133.3,0,177,0,193.6,0,-443.9,0,438,0,-577,0,273,0,-252.1,0,630,0,-569.1,0
1384,-30.8,0,22.2,0,206.8,0,420.3,0,-594.9,0,776.7,0,-143.6,0,313,0,253.5,0,707.4,0,-485.3,0,-405.8,0,-58.3,0,-80,0,221.3,0,130.3,0,583.7,0,-554.3,0,304.4,0,-275.7,0,230.2,0,42.2,0,584.9,0,-573,0,176.5,0,-57.1,0,-121.4,0,-72.9,0,-213.9,0,472.9,0,-340.6,0,600.2,0,-646.3,0,463.8,0,-460.7,0,636.9,0,-734.5,0,95.8,0,79.5,0,4.3,0,133.3,0,177,0,193.6,0,-443.9,0,438,0,-577,0,273,0,-252.1,0,630,0,-569.1,0,214.5
1385,0,22.2,0,206.8,0,420.3,0,-594.9,0,776.7,0,-143.6,0,313,0,253.5,0,707.4,0,-485.3,0,-405.8,0,-58.3,0,-80,0,221.3,0,130.3,0,583.7,0,-554.3,0,304.4,0,-275.7,0,230.2,0,42.2,0,584.9,0,-573,0,176.5,0,-57.1,0,-121.4,0,-72.9,0,-213.9,0,472.9,0,-340.6,0,600.2,0,-646.3,0,463.8,0,-460.7,0,636.9,0,-734.5,0,95.8,0,79.5,0,4.3,0,133.3,0,177,0,193.6,0,-443.9,0,438,0,-577,0,273,0,-252.1,0,630,0,-569.1,0,214.5,0
1386,22.2,0,206.8,0,420.3,0,-594.9,0,776.7,0,-143.6,0,313,0,253.5,0,707.4,0,-485.3,0,-405.8,0,-58.3,0,-80,0,221.3,0,130.3,0,583.7,0,-554.3,0,304.4,0,-275.7,0,230.2,0,42.2,0,584.9,0,-573,0,176.5,0,-57.1,0,-121.4,0,-72.9,0,-213.9,0,472.9,0,-340.6,0,600.2,0,-646.3,0,463.8,0,-460.7,0,636.9,0,-734.5,0,95.8,0,79.5,0,4.3,0,133.3,0,177,0,193.6,0,-443.9,0,438,0,-577,0,273,0,-252.1,0,630,0,-569.1,0,214.5,0,93.4
1387,0,206.8,0,420.3,0,-594.9,0,776.7,0,-143.6,0,313,0,253.5,0,707.4,0,-485.3,0,-405.8,0,-58.3,0,-80,0,221.3,0,130.3,0,583.7,0,-554.3,0,304.4,0,-275.7,0,230.2,0,42.2,0,584.9,0,-573,0,176.5,0,-57.1,0,-121.4,0,-72.9,0,-213.9,0,472.9,0,-340.6,0,600.2,0,-646.3,0,463.8,0,-460.7,0,636.9,0,-734.5,0,95.8,0,79.5,0,4.3,0,133.3,0,177,0,193.6,0,-443.9,0,438,0,-577,0,273,0,-252.1,0,630,0,-569.1,0,214.5,0,93.4,0
1388,206.8,0,420.3,0,-594.9,0,776.7,0,-143.6,0,313,0,253.5,0,707.4,0,-485.3,0,-405.8,0,-58.3,0,-80,0,221.3,0,130.3,0,583.7,0,-554.3,0,304.4,0,-275.7,0,230.2,0,42.2,0,584.9,0,-573,0,176.5,0,-57.1,0,-121.4,0,-72.9,0,-213.9,0,472.9,0,-340.6,0,600.2,0,-646.3,0,463.8,0,-460.7,0,636.9,0,-734.5,0,95.8,0,79.5,0,4.3,0,133.3,0,177,0,193.6,0,-443.9,0,438,0,-577,0,273,0,-252.1,0,630,0,-569.1,0,214.5,0,93.4,0,-75
1389,0,420.3,0,-594.9,0,776.7,0,-143.6,0,313,0,253.5,0,707.4,0,-485.3,0,-405.8,0,-58.3,0,-80,0,221.3,0,130.3,0,583.7,0,-554.3,0,304.4,0,-275.7,0,230.2,0,42.2,0,584.9,0,-573,0,176.5,0,-57.1,0,-121.4,0,-72.9,0,-213.9,0,472.9,0,-340.6,0,600.2,0,-646.3,0,463.8,0,-460.7,0,636.9,0,-734.5,0,95.8,0,79.5,0,4.3,0,133.3,0,177,0,193.6,0,-443.9,0,438,0,-577,0,273,0,-252.1,0,630,0,-569.1,0,214.5,0,93.4,0,-75,0
1390,420.3,0,-594.9,0,776.7,0,-143.6,0,313,0,253.5,0,707.4,0,-485.3,0,-405.8,0,-58.3,0,-80,0,221.3,0,130.3,0,583.7,0,-554.3,0,304.4,0,-275.7,0,230.2,0,42.2,0,584.9,0,-573,0,176.5,0,-57.1,0,-121.4,0,-72.9,0,-213.9,0,472.9,0,-340.6,0,600.2,0,-646.3,0,463.8,0,-460.7,0,636.9,0,-734.5,0,95.8,0,79.5,0,4.3,0,133.3,0,177,0,193.6,0,-443.9,0,438,0,-577,0,273,0,-252.1,0,630,0,-569.1,0,214.5,0,93.4,0,-75,0,144.4
1391,0,-594.9,0,776.7,0,-143.6,0,313,0,253.5,0,707.4,0,-485.3,0,-405.8,0,-58.3,0,-80,0,221.3,0,130.3,0,583.7,0,-554.3,0,304.4,0,-275.7,0,230.2,0,42.2,0,584.9,0,-573,0,176.5,0,-57.1,0,-121.4,0,-72.9,0,-213.9,0,472.9,0,-340.6,0,600.2,0,-646.3,0,463.8,0,-460.7,0,636.9,0,-734.5,0,95.8,0,79.5,0,4.3,0,133.3,0,177,0,193.6,0,-443.9,0,438,0,-577,0,273,0,-252.1,0,630,0,-569.1,0,214.5,0,93.4,0,-75,0,144.4,0
1392,-594.9,0,776.7,0,-143.6,0,313,0,253.5,0,707.4,0,-485.3,0,-405.8,0,-58.3,0,-80,0,221.3,0,130.3,0,583.7,0,-554.3,0,304.4,0,-275.7,0,230.2,0,42.2,0,584.9,0,-573,0,176.5,0,-57.1,0,-121.4,0,-72.9,0,-213.9,0,472.9,0,-340.6,0,600.2,0,-646.3,0,463.8,0,-460.7,0,636.9,0,-734.5,0,95.8,0,79.5,0,4.3,0,133.3,0,177,0,193.6,0,-443.9,0,438,0,-577,0,273,0,-252.1,0,630,0,-569.1,0,214.5,0,93.4,0,-75,0,144.4,0,-515.7
1393,0,776.7,0,-143.6,0,313,0,253.5,0,707.4,0,-485.3,0,-405.8,0,-58.3,0,-80,0,221.3,0,130.3,0,583.7,0,-554.3,0,304.4,0,-275.7,0,230.2,0,42.2,0,584.9,0,-573,0,176.5,0,-57.1,0,-121.4,0,-72.9,0,-213.9,0,472.9,0,-340.6,0,600.2,0,-646.3,0,463.8,0,-460.7,0,636.9,0,-734.5,0,95.8,0,79.5,0,4.3,0,133.3,0,177,0,193.6,0,-443.9,0,438,0,-577,0,273,0,-252.1,0,630,0,-569.1,0,214.5,0,93.4,0,-75,0,144.4,0,-515.7,0
1394,776.7,0,-143.6,0,313,0,253.5,0,707.4,0,-485.3,0,-405.8,0,-58.3,0,-80,0,221.3,0,130.3,0,583.7,0,-554.3,0,304.4,0,-275.7,0,230.2,0,42.2,0,584.9,0,-573,0,176.5,0,-57.1,0,-121.4,0,-72.9,0,-213.9,0,472.9,0,-340.6,0,600.2,0,-646.3,0,463.8,0,-460.7,0,636.9,0,-734.5,0,95.8,0,79.5,0,4.3,0,133.3,0,177,0,193.6,0,-443.9,0,438,0,-577,0,273,0,-252.1,0,630,0,-569.1,0,214.5,0,93.4,0,-75,0,144.4,0,-515.7,0,649.5
1395,0,-143.6,0,313,0,253.5,0,707.4,0,-485.3,0,-405.8,0,-58.3,0,-80,0,221.3,0,130.3,0,583.7,0,-554.3,0,304.4,0,-275.7,0,230.2,0,42.2,0,584.9,0,-573,0,176.5,0,-57.1,0,-121.4,0,-72.9,0,-213.9,0,472.9,0,-340.6,0,600.2,0,-646.3,0,463.8,0,-460.7,0,636.9,0,-734.5,0,95.8,0,79.5,0,4.3,0,133.3,0,177,0,193.6,0,-443.9,0,438,0,-577,0,273,0,-252.1,0,630,0,-569.1,0,214.5,0,93.4,0,-75,0,144.4,0,-515.7,0,649.5,0
1396,-143.6,0,313,0,253.5,0,707.4,0,-485.3,0,-405.8,0,-58.3,0,-80,0,221.3,0,130.3,0,583.7,0,-554.3,0,304.4,0,-275.7,0,230.2,0,42.2,0,584.9,0,-573,0,176.5,0,-57.1,0,-121.4,0,-72.9,0,-213.9,0,472.9,0,-340.6,0,600.2,0,-646.3,0,463.8,0,-460.7,0,636.9,0,-734.5,0,95.8,0,79.5,0,4.3,0,133.3,0,177,0,193.6,0,-443.9,0,438,0,-577,0,273,0,-252.1,0,630,0,-569.1,0,214.5,0,93.4,0,-75,0,144.4,0,-515.7,0,649.5,0,-512.2
1397,0,313,0,253.5,0,707.4,0,-485.3,0,-405.8,0,-58.3,0,-80,0,221.3,0,130.3,0,583.7,0,-554.3,0,304.4,0,-275.7,0,230.2,0,42.2,0,584.9,0,-573,0,176.5,0,-57.1,0,-121.4,0,-72.9,0,-213.9,0,472.9,0,-340.6,0,600.2,0,-646.3,0,463.8,0,-460.7,0,636.9,0,-734.5,0,95.8,0,79.5,0,4.3,0,133.3,0,177,0,193.6,0,-443.9,0,438,0,-577,0,273,0,-252.1,0,630,0,-569.1,0,214.5,0,93.4,0,-75,0,144.4,0,-515.7,0,649.5,0,-512.2,0
1398,313,0,253.5,0,707.4,0,-485.3,0,-405.8,0,-58.3,0,-80,0,221.3,0,130.3,0,583.7,0,-554.3,0,304.4,0,-275.7,0,230.2,0,42.2,0,584.9,0,-573,0,176.5,0,-57.1,0,-121.4,0,-72.9,0,-213.9,0,472.9,0,-340.6,0,600.2,0,-646.3,0,463.8,0,-460.7,0,636.9,0,-734.5,0,95.8,0,79.5,0,4.3,0,133.3,0,177,0,193.6,0,-443.9,0,438,0,-577,0,273,0,-252.1,0,630,0,-569.1,0,214.5,0,93.4,0,-75,0,144.4,0,-515.7,0,649.5,0,-512.2,0,617.8
1399,0,253.5,0,707.4,0,-485.3,0,-405.8,0,-58.3,0,-80,0,221.3,0,130.3,0,583.7,0,-554.3,0,304.4,0,-275.7,0,230.2,0,42.2,0,584.9,0,-573,0,176.5,0,-57.1,0,-121.4,0,-72.9,0,-213.9,0,472.9,0,-340.6,0,600.2,0,-646.3,0,463.8,0,-460.7,0,636.9,0,-734.5,0,95.8,0,79.5,0,4.3,0,133.3,0,177,0,193.6,0,-443.9,0,438,0,-577,0,273,0,-252.1,0,630,0,-569.1,0,214.5,0,93.4,0,-75,0,144.4,0,-515.7,0,649.5,0,-512.2,0,617.8,0
1400,253.5,0,707.4,0,-485.3,0,-405.8,0,-58.3,0,-80,0,221.3,0,130.3,0,583.7,0,-554.3,0,304.4,0,-275.7,0,230.2,0,42.2,0,584.9,0,-573,0,176.5,0,-57.1,0,-121.4,0,-72.9,0,-213.9,0,472.9,0,-340.6,0,600.2,0,-646.3,0,463.8,0,-460.7,0,636.9,0,-734.5,0,95.8,0,79.5,0,4.3,0,133.3,0,177,0,193.6,0,-443.9,0,438,0,-577,0,273,0,-252.1,0,630,0,-569.1,0,214.5,0,93.4,0,-75,0,144.4,0,-515.7,0,649.5,0,-512.2,0,617.8,0,-126.3
1401,0,707.4,0,-485.3,0,-405.8,0,-58.3,0,-80,0,221.3,0,130.3,0,583.7,0,-554.3,0,304.4,0,-275.7,0,230.2,0,42.2,0,584.9,0,-573,0,176.5,0,-57.1,0,-121.4,0,-72.9,0,-213.9,0,472.9,0,-340.6,0,600.2,0,-646.3,0,463.8,0,-460.7,0,636.9,0,-734.5,0,95.8,0,79.5,0,4.3,0,133.3,0,177,0,193.6,0,-443.9,0,438,0,-577,0,273,0,-252.1,0,630,0,-569.1,0,214.5,0,93.4,0,-75,0,144.4,0,-515.7,0,649.5,0,-512.2,0,617.8,0,-126.3,0
1402,707.4,0,-485.3,0,-405.8,0,-58.3,0,-80,0,221.3,0,130.3,0,583.7,0,-554.3,0,304.4,0,-275.7,0,230.2,0,42.2,0,584.9,0,-573,0,176.5,0,-57.1,0,-121.4,0,-72.9,0,-213.9,0,472.9,0,-340.6,0,600.2,0,-646.3,0,463.8,0,-460.7,0,636.9,0,-734.5,0,95.8,0,79.5,0,4.3,0,133.3,0,177,0,193.6,0,-443.9,0,438,0,-577,0,273,0,-252.1,0,630,0,-569.1,0,214.5,0,93.4,0,-75,0,144.4,0,-515.7,0,649.5,0,-512.2,0,617.8,0,-126.3,0,151.1
1403,0,-485.3,0,-405.8,0,-58.3,0,-80,0,221.3,0,130.3,0,583.7,0,-554.3,0,304.4,0,-275.7,0,230.2,0,42.2,0,584.9,0,-573,0,176.5,0,-57.1,0,-121.4,0,-72.9,0,-213.9,0,472.9,0,-340.6,0,600.2,0,-646.3,0,463.8,0,-460.7,0,636.9,0,-734.5,0,95.8,0,79.5,0,4.3,0,133.3,0,177,0,193.6,0,-443.9,0,438,0,-577,0,273,0,-252.1,0,630,0,-569.1,0,214.5,0,93.4,0,-75,0,144.4,0,-515.7,0,649.5,0,-512.2,0,617.8,0,-126.3,0,151.1,0
1404,-485.3,0,-405.8,0,-58.3,0,-80,0,221.3,0,130.3,0,583.7,0,-554.3,0,304.4,0,-275.7,0,230.2,0,42.2,0,584.9,0,-573,0,176.5,0,-57.1,0,-121.4,0,-72.9,0,-213.9,0,472.9,0,-340.6,0,600.2,0,-646.3,0,463.8,0,-460.7,0,636.9,0,-734.5,0,95.8,0,79.5,0,4.3,0,133.3,0,177,0,193.6,0,-443.9,0,438,0,-577,0,273,0,-252.1,0,630,0,-569.1,0,214.5,0,93.4,0,-75,0,144.4,0,-515.7,0,649.5,0,-512.2,0,617.8,0,-126.3,0,151.1,0,-440.1
1405,0,-405.8,0,-58.3,0,-80,0,221.3,0,130.3,0,583.7,0,-554.3,0,304.4,0,-275.7,0,230.2,0,42.2,0,584.9,0,-573,0,176.5,0,-57.1,0,-121.4,0,-72.9,0,-213.9,0,472.9,0,-340.6,0,600.2,0,-646.3,0,463.8,0,-460.7,0,636.9,0,-734.5,0,95.8,0,79.5,0,4.3,0,133.3,0,177,0,193.6,0,-443.9,0,438,0,-577,0,273,0,-252.1,0,630,0,-569.1,0,214.5,0,93.4,0,-75,0,144.4,0,-515.7,0,649.5,0,-512.2,0,617.8,0,-126.3,0,151.1,0,-440.1,0
1406,-405.8,0,-58.3,0,-80,0,221.3,0,130.3,0,583.7,0,-554.3,0,304.4,0,-275.7,0,230.2,0,42.2,0,584.9,0,-573,0,176.5,0,-57.1,0,-121.4,0,-72.9,0,-213.9,0,472.9,0,-340.6,0,600.2,0,-646.3,0,463.8,0,-460.7,0,636.9,0,-734.5,0,95.8,0,79.5,0,4.3,0,133.3,0,177,0,193.6,0,-443.9,0,438,0,-577,0,273,0,-252.1,0,630,0,-569.1,0,214.5,0,93.4,0,-75,0,144.4,0,-515.7,0,649.5,0,-512.2,0,617.8,0,-126.3,0,151.1,0,-440.1,0,909.8
1407,0,-58.3,0,-80,0,221.3,0,130.3,0,583.7,0,-554.3,0,304.4,0,-275.7,0,230.2,0,42.2,0,584.9,0,-573,0,176.5,0,-57.1,0,-121.4,0,-72.9,0,-213.9,0,472.9,0,-340.6,0,600.2,0,-646.3,0,463.8,0,-460.7,0,636.9,0,-734.5,0,95.8,0,79.5,0,4.3,0,133.3,0,177,0,193.6,0,-443.9,0,438,0,-577,0,273,0,-252.1,0,630,0,-569.1,0,214.5,0,93.4,0,-75,0,144.4,0,-515.7,0,649.5,0,-512.2,0,617.8,0,-126.3,0,151.1,0,-440.1,0,909.8,0
1408,-58.3,0,-80,0,221.3,0,130.3,0,583.7,0,-554.3,0,304.4,0,-275.7,0,230.2,0,42.2,0,584.9,0,-573,0,176.5,0,-57.1,0,-121.4,0,-72.9,0,-213.9,0,472.9,0,-340.6,0,600.2,0,-646.3,0,463.8,0,-460.7,0,636.9,0,-734.5,0,95.8,0,79.5,0,4.3,0,133.3,0,177,0,193.6,0,-443.9,0,438,0,-577,0,273,0,-252.1,0,630,0,-569.1,0,214.5,0,93.4,0,-75,0,144.4,0,-515.7,0,649.5,0,-512.2,0,617.8,0,-126.3,0,151.1,0,-440.1,0,909.8,0,-521.4
1409,0,-80,0,221.3,0,130.3,0,583.7,0,-554.3,0,304.4,0,-275.7,0,230.2,0,42.2,0,584.9,0,-573,0,176.5,0,-57.1,0,-121.4,0,-72.9,0,-213.9,0,472.9,0,-340.6,0,600.2,0,-646.3,0,463.8,0,-460.7,0,636.9,0,-734.5,0,95.8,0,79.5,0,4.3,0,133.3,0,177,0,193.6,0,-443.9,0,438,0,-577,0,273,0,-252.1,0,630,0,-569.1,0,214.5,0,93.4,0,-75,0,144.4,0,-515.7,0,649.5,0,-512.2,0,617.8,0,-126.3,0,151.1,0,-440.1,0,909.8,0,-521.4,0
1410,-80,0,221.3,0,130.3,0,583.7,0,-554.3,0,304.4,0,-275.7,0,230.2,0,42.2,0,584.9,0,-573,0,176.5,0,-57.1,0,-121.4,0,-72.9,0,-213.9,0,472.9,0,-340.6,0,600.2,0,-646.3,0,463.8,0,-460.7,0,636.9,0,-734.5,0,95.8,0,79.5,0,4.3,0,133.3,0,177,0,193.6,0,-443.9,0,438,0,-577,0,273,0,-252.1,0,630,0,-569.1,0,214.5,0,93.4,0,-75,0,144.4,0,-515.7,0,649.5,0,-512.2,0,617.8,0,-126.3,0,151.1,0,-440.1,0,909.8,0,-521.4,0,-4.9
1411,0,221.3,0,130.3,0,583.7,0,-554.3,0,304.4,0,-275.7,0,230.2,0,42.2,0,584.9,0,-573,0,176.5,0,-57.1,0,-121.4,0,-72.9,0,-213.9,0,472.9,0,-340.6,0,600.2,0,-646.3,0,463.8,0,-460.7,0,636.9,0,-734.5,0,95.8,0,79.5,0,4.3,0,133.3,0,177,0,193.6,0,-443.9,0,438,0,-577,0,273,0,-252.1,0,630,0,-569.1,0,214.5,0,93.4,0,-75,0,144.4,0,-515.7,0,649.5,0,-512.2,0,617.8,0,-126.3,0,151.1,0,-440.1,0,909.8,0,-521.4,0,-4.9,0
1412,221.3,0,130.3,0,583.7,0,-554.3,0,304.4,0,-275.7,0,230.2,0,42.2,0,584.9,0,-573,0,176.5,0,-57.1,0,-121.4,0,-72.9,0,-213.9,0,472.9,0,-340.6,0,600.2,0,-646.3,0,463.8,0,-460.7,0,636.9,0,-734.5,0,95.8,0,79.5,0,4.3,0,133.3,0,177,0,193.6,0,-443.9,0,438,0,-577,0,273,0,-252.1,0,630,0,-569.1,0,214.5,0,93.4,0,-75,0,144.4,0,-515.7,0,649.5,0,-512.2,0,617.8,0,-126.3,0,151.1,0,-440.1,0,909.8,0,-521.4,0,-4.9,0,220.2
1413,0,130.3,0,583.7,0,-554.3,0,304.4,0,-275.7,0,230.2,0,42.2,0,584.9,0,-573,0,176.5,0,-57.1,0,-121.4,0,-72.9,0,-213.9,0,472.9,0,-340.6,0,600.2,0,-646.3,0,463.8,0,-460.7,0,636.9,0,-734.5,0,95.8,0,79.5,0,4.3,0,133.3,0,177,0,193.6,0,-443.9,0,438,0,-577,0,273,0,-252.1,0,630,0,-569.1,0,214.5,0,93.4,0,-75,0,144.4,0,-515.7,0,649.5,0,-512.2,0,617.8,0,-126.3,0,151.1,0,-440.1,0,909.8,0,-521.4,0,-4.9,0,220.2,0
1414,130.3,0,583.7,0,-554.3,0,304.4,0,-275.7,0,230.2,0,42.2,0,584.9,0,-573,0,176.5,0,-57.1,0,-121.4,0,-72.9,0,-213.9,0,472.9,0,-340.6,0,600.2,0,-646.3,0,463.8,0,-460.7,0,636.9,0,-734.5,0,95.8,0,79.5,0,4.3,0,133.3,0,177,0,193.6,0,-443.9,0,438,0,-577,0,273,0,-252.1,0,630,0,-569.1,0,214.5,0,93.4,0,-75,0,144.4,0,-515.7,0,649.5,0,-512.2,0,617.8,0,-126.3,0,151.1,0,-440.1,0,909.8,0,-521.4,0,-4.9,0,220.2,0,-355.4
1415,0,583.7,0,-554.3,0,304.4,0,-275.7,0,230.2,0,42.2,0,584.9,0,-573,0,176.5,0,-57.1,0,-121.4,0,-72.9,0,-213.9,0,472.9,0,-340.6,0,600.2,0,-646.3,0,463.8,0,-460.7,0,636.9,0,-734.5,0,95.8,0,79.5,0,4.3,0,133.3,0,177,0,193.6,0,-443.9,0,438,0,-577,0,273,0,-252.1,0,630,0,-569.1,0,214.5,0,93.4,0,-75,0,144.4,0,-515.7,0,649.5,0,-512.2,0,617.8,0,-126.3,0,151.1,0,-440.1,0,909.8,0,-521.4,0,-4.9,0,220.2,0,-355.4,0
1416,583.7,0,-554.3,0,304.4,0,-275.7,0,230.2,0,42.2,0,584.9,0,-573,0,176.5,0,-57.1,0,-121.4,0,-72.9,0,-213.9,0,472.9,0,-340.6,0,600.2,0,-646.3,0,463.8,0,-460.7,0,636.9,0,-734.5,0,95.8,0,79.5,0,4.3,0,133.3,0,177,0,193.6,0,-443.9,0,438,0,-577,0,273,0,-252.1,0,630,0,-569.1,0,214.5,0,93.4,0,-75,0,144.4,0,-515.7,0,649.5,0,-512.2,0,617.8,0,-126.3,0,151.1,0,-440.1,0,909.8,0,-521.4,0,-4.9,0,220.2,0,-355.4,0,265.6
1417,0,-554.3,0,304.4,0,-275.7,0,230.2,0,42.2,0,584.9,0,-573,0,176.5,0,-57.1,0,-121.4,0,-72.9,0,-213.9,0,472.9,0,-340.6,0,600.2,0,-646.3,0,463.8,0,-460.7,0,636.9,0,-734.5,0,95.8,0,79.5,0,4.3,0,133.3,0,177,0,193.6,0,-443.9,0,438,0,-577,0,273,0,-252.1,0,630,0,-569.1,0,214.5,0,93.4,0,-75,0,144.4,0,-515.7,0,649.5,0,-512.2,0,617.8,0,-126.3,0,151.1,0,-440.1,0,909.8,0,-521.4,0,-4.9,0,220.2,0,-355.4,0,265.6,0
1418,-554.3,0,304.4,0,-275.7,0,230.2,0,42.2,0,584.9,0,-573,0,176.5,0,-57.1,0,-121.4,0,-72.9,0,-213.9,0,472.9,0,-340.6,0,600.2,0,-646.3,0,463.8,0,-460.7,0,636.9,0,-734.5,0,95.8,0,79.5,0,4.3,0,133.3,0,177,0,193.6,0,-443.9,0,438,0,-577,0,273,0,-252.1,0,630,0,-569.1,0,214.5,0,93.4,0,-75,0,144.4,0,-515.7,0,649.5,0,-512.2,0,617.8,0,-126.3,0,151.1,0,-440.1,0,909.8,0,-521.4,0,-4.9,0,220.2,0,-355.4,0,265.6,0,0.9
1419,0,304.4,0,-275.7,0,230.2,0,42.2,0,584.9,0,-573,0,176.5,0,-57.1,0,-121.4,0,-72.9,0,-213.9,0,472.9,0,-340.6,0,600.2,0,-646.3,0,463.8,0,-460.7,0,636.9,0,-734.5,0,95.8,0,79.5,0,4.3,0,133.3,0,177,0,193.6,0,-443.9,0,438,0,-577,0,273,0,-252.1,0,630,0,-569.1,0,214.5,0,93.4,0,-75,0,144.4,0,-515.7,0,649.5,0,-512.2,0,617.8,0,-126.3,0,151.1,0,-440.1,0,909.8,0,-521.4,0,-4.9,0,220.2,0,-355.4,0,265.6,0,0.9,0
1420,304.4,0,-275.7,0,230.2,0,42.2,0,584.9,0,-573,0,176.5,0,-57.1,0,-121.4,0,-72.9,0,-213.9,0,472.9,0,-340.6,0,600.2,0,-646.3,0,463.8,0,-460.7,0,636.9,0,-734.5,0,95.8,0,79.5,0,4.3,0,133.3,0,177,0,193.6,0,-443.9,0,438,0,-577,0,273,0,-252.1,0,630,0,-569.1,0,214.5,0,93.4,0,-75,0,144.4,0,-515.7,0,649.5,0,-512.2,0,617.8,0,-126.3,0,151.1,0,-440.1,0,909.8,0,-521.4,0,-4.9,0,220.2,0,-355.4,0,265.6,0,0.9,0,612.8
1421,0,-275.7,0,230.2,0,42.2,0,584.9,0,-573,0,176.5,0,-57.1,0,-121.4,0,-72.9,0,-213.9,0,472.9,0,-340.6,0,600.2,0,-646.3,0,463.8,0,-460.7,0,636.9,0,-734.5,0,95.8,0,79.5,0,4.3,0,133.3,0,177,0,193.6,0,-443.9,0,438,0,-577,0,273,0,-252.1,0,630,0,-569.1,0,214.5,0,93.4,0,-75,0,144.4,0,-515.7,0,649.5,0,-512.2,0,617.8,0,-126.3,0,151.1,0,-440.1,0,909.8,0,-521.4,0,-4.9,0,220.2,0,-355.4,0,265.6,0,0.9,0,612.8,0
1422,-275.7,0,230.2,0,42.2,0,584.9,0,-573,0,176.5,0,-57.1,0,-121.4,0,-72.9,0,-213.9,0,472.9,0,-340.6,0,600.2,0,-646.3,0,463.8,0,-460.7,0,636.9,0,-734.5,0,95.8,0,79.5,0,4.3,0,133.3,0,177,0,193.6,0,-443.9,0,438,0,-577,0,273,0,-252.1,0,630,0,-569.1,0,214.5,0,93.4,0,-75,0,144.4,0,-515.7,0,649.5,0,-512.2,0,617.8,0,-126.3,0,151.1,0,-440.1,0,909.8,0,-521.4,0,-4.9,0,220.2,0,-355.4,0,265.6,0,0.9,0,612.8,0,-593.7
1423,0,230.2,0,42.2,0,584.9,0,-573,0,176.5,0,-57.1,0,-121.4,0,-72.9,0,-213.9,0,472.9,0,-340.6,0,600.2,0,-646.3,0,463.8,0,-460.7,0,636.9,0,-734.5,0,95.8,0,79.5,0,4.3,0,133.3,0,177,0,193.6,0,-443.9,0,438,0,-577,0,273,0,-252.1,0,630,0,-569.1,0,214.5,0,93.4,0,-75,0,144.4,0,-515.7,0,649.5,0,-512.2,0,617.8,0,-126.3,0,151.1,0,-440.1,0,909.8,0,-521.4,0,-4.9,0,220.2,0,-355.4,0,265.6,0,0.9,0,612.8,0,-593.7,0
1424,230.2,0,42.2,0,584.9,0,-573,0,176.5,0,-57.1,0,-121.4,0,-72.9,0,-213.9,0,472.9,0,-340.6,0,600.2,0,-646.3,0,463.8,0,-460.7,0,636.9,0,-734.5,0,95.8,0,79.5,0,4.3,0,133.3,0,177,0,193.6,0,-443.9,0,438,0,-577,0,273,0,-252.1,0,630,0,-569.1,0,214.5,0,93.4,0,-75,0,144.4,0,-515.7,0,649.5,0,-512.2,0,617.8,0,-126.3,0,151.1,0,-440.1,0,909.8,0,-521.4,0,-4.9,0,220.2,0,-355.4,0,265.6,0,0.9,0,612.8,0,-593.7,0,687
1425,0,42.2,0,584.9,0,-573,0,176.5,0,-57.1,0,-121.4,0,-72.9,0,-213.9,0,472.9,0,-340.6,0,600.2,0,-646.3,0,463.8,0,-460.7,0,636.9,0,-734.5,0,95.8,0,79.5,0,4.3,0,133.3,0,177,0,193.6,0,-443.9,0,438,0,-577,0,273,0,-252.1,0,630,0,-569.1,0,214.5,0,93.4,0,-75,0,144.4,0,-515.7,0,649.5,0,-512.2,0,617.8,0,-126.3,0,151.1,0,-440.1,0,909.8,0,-521.4,0,-4.9,0,220.2,0,-355.4,0,265.6,0,0.9,0,612.8,0,-593.7,0,687,0
1426,42.2,0,584.9,0,-573,0,176.5,0,-57.1,0,-121.4,0,-72.9,0,-213.9,0,472.9,0,-340.6,0,600.2,0,-646.3,0,463.8,0,-460.7,0,636.9,0,-734.5,0,95.8,0,79.5,0,4.3,0,133.3,0,177,0,193.6,0,-443.9,0,438,0,-577,0,273,0,-252.1,0,630,0,-569.1,0,214.5,0,93.4,0,-75,0,144.4,0,-515.7,0,649.5,0,-512.2,0,617.8,0,-126.3,0,151.1,0,-440.1,0,909.8,0,-521.4,0,-4.9,0,220.2,0,-355.4,0,265.6,0,0.9,0,612.8,0,-593.7,0,687,0,-649.8
1427,0,584.9,0,-573,0,176.5,0,-57.1,0,-121.4,0,-72.9,0,-213.9,0,472.9,0,-340.6,0,600.2,0,-646.3,0,463.8,0,-460.7,0,636.9,0,-734.5,0,95.8,0,79.5,0,4.3,0,133.3,0,177,0,193.6,0,-443.9,0,438,0,-577,0,273,0,-252.1,0,630,0,-569.1,0,214.5,0,93.4,0,-75,0,144.4,0,-515.7,0,649.5,0,-512.2,0,617.8,0,-126.3,0,151.1,0,-440.1,0,909.8,0,-521.4,0,-4.9,0,220.2,0,-355.4,0,265.6,0,0.9,0,612.8,0,-593.7,0,687,0,-649.8,0
1428,584.9,0,-573,0,176.5,0,-57.1,0,-121.4,0,-72.9,0,-213.9,0,472.9,0,-340.6,0,600.2,0,-646.3,0,463.8,0,-460.7,0,636.9,0,-734.5,0,95.8,0,79.5,0,4.3,0,133.3,0,177,0,193.6,0,-443.9,0,438,0,-577,0,273,0,-252.1,0,630,0,-569.1,0,214.5,0,93.4,0,-75,0,144.4,0,-515.7,0,649.5,0,-512.2,0,617.8,0,-126.3,0,151.1,0,-440.1,0,909.8,0,-521.4,0,-4.9,0,220.2,0,-355.4,0,265.6,0,0.9,0,612.8,0,-593.7,0,687,0,-649.8,0,575.9
1429,0,-573,0,176.5,0,-57.1,0,-121.4,0,-72.9,0,-213.9,0,472.9,0,-340.6,0,600.2,0,-646.3,0,463.8,0,-460.7,0,636.9,0,-734.5,0,95.8,0,79.5,0,4.3,0,133.3,0,177,0,193.6,0,-443.9,0,438,0,-577,0,273,0,-252.1,0,630,0,-569.1,0,214.5,0,93.4,0,-75,0,144.4,0,-515.7,0,649.5,0,-512.2,0,617.8,0,-126.3,0,151.1,0,-440.1,0,909.8,0,-521.4,0,-4.9,0,220.2,0,-355.4,0,265.6,0,0.9,0,612.8,0,-593.7,0,687,0,-649.8,0,575.9,0
1430,-573,0,176.5,0,-57.1,0,-121.4,0,-72.9,0,-213.9,0,472.9,0,-340.6,0,600.2,0,-646.3,0,463.8,0,-460.7,0,636.9,0,-734.5,0,95.8,0,79.5,0,4.3,0,133.3,0,177,0,193.6,0,-443.9,0,438,0,-577,0,273,0,-252.1,0,630,0,-569.1,0,214.5,0,93.4,0,-75,0,144.4,0,-515.7,0,649.5,0,-512.2,0,617.8,0,-126.3,0,151.1,0,-440.1,0,909.8,0,-521.4,0,-4.9,0,220.2,0,-355.4,0,265.6,0,0.9,0,612.8,0,-593.7,0,687,0,-649.8,0,575.9,0,-596.3
1431,0,176.5,0,-57.1,0,-121.4,0,-72.9,0,-213.9,0,472.9,0,-340.6,0,600.2,0,-646.3,0,463.8,0,-460.7,0,636.9,0,-734.5,0,95.8,0,79.5,0,4.3,0,133.3,0,177,0,193.6,0,-443.9,0,438,0,-577,0,273,0,-252.1,0,630,0,-569.1,0,214.5,0,93.4,0,-75,0,144.4,0,-515.7,0,649.5,0,-512.2,0,617.8,0,-126.3,0,151.1,0,-440.1,0,909.8,0,-521.4,0,-4.9,0,220.2,0,-355.4,0,265.6,0,0.9,0,612.8,0,-593.7,0,687,0,-649.8,0,575.9,0,-596.3,0
1432,176.5,0,-57.1,0,-121.4,0,-72.9,0,-213.9,0,472.9,0,-340.6,0,600.2,0,-646.3,0,463.8,0,-460.7,0,636.9,0,-734.5,0,95.8,0,79.5,0,4.3,0,133.3,0,177,0,193.6,0,-443.9,0,438,0,-577,0,273,0,-252.1,0,630,0,-569.1,0,214.5,0,93.4,0,-75,0,144.4,0,-515.7,0,649.5,0,-512.2,0,617.8,0,-126.3,0,151.1,0,-440.1,0,909.8,0,-521.4,0,-4.9,0,220.2,0,-355.4,0,265.6,0,0.9,0,612.8,0,-593.7,0,687,0,-649.8,0,575.9,0,-596.3,0,655.4
1433,0,-57.1,0,-121.4,0,-72.9,0,-213.9,0,472.9,0,-340.6,0,600.2,0,-646.3,0,463.8,0,-460.7,0,636.9,0,-734.5,0,95.8,0,79.5,0,4.3,0,133.3,0,177,0,193.6,0,-443.9,0,438,0,-577,0,273,0,-252.1,0,630,0,-569.1,0,214.5,0,93.4,0,-75,0,144.4,0,-515.7,0,649.5,0,-512.2,0,617.8,0,-126.3,0,151.1,0,-440.1,0,909.8,0,-521.4,0,-4.9,0,220.2,0,-355.4,0,265.6,0,0.9,0,612.8,0,-593.7,0,687,0,-649.8,0,575.9,0,-596.3,0,655.4,0
1434,-57.1,0,-121.4,0,-72.9,0,-213.9,0,472.9,0,-340.6,0,600.2,0,-646.3,0,463.8,0,-460.7,0,636.9,0,-734.5,0,95.8,0,79.5,0,4.3,0,133.3,0,177,0,193.6,0,-443.9,0,438,0,-577,0,273,0,-252.1,0,630,0,-569.1,0,214.5,0,93.4,0,-75,0,144.4,0,-515.7,0,649.5,0,-512.2,0,617.8,0,-126.3,0,151.1,0,-440.1,0,909.8,0,-521.4,0,-4.9,0,220.2,0,-355.4,0,265.6,0,0.9,0,612.8,0,-593.7,0,687,0,-649.8,0,575.9,0,-596.3,0,655.4,0,-181.3
1435,0,-121.4,0,-72.9,0,-213.9,0,472.9,0,-340.6,0,600.2,0,-646.3,0,463.8,0,-460.7,0,636.9,0,-734.5,0,95.8,0,79.5,0,4.3,0,133.3,0,177,0,193.6,0,-443.9,0,438,0,-577,0,273,0,-252.1,0,630,0,-569.1,0,214.5,0,93.4,0,-75,0,144.4,0,-515.7,0,649.5,0,-512.2,0,617.8,0,-126.3,0,151.1,0,-440.1,0,909.8,0,-521.4,0,-4.9,0,220.2,0,-355.4,0,265.6,0,0.9,0,612.8,0,-593.7,0,687,0,-649.8,0,575.9,0,-596.3,0,655.4,0,-181.3,0
1436,-121.4,0,-72.9,0,-213.9,0,472.9,0,-340.6,0,600.2,0,-646.3,0,463.8,0,-460.7,0,636.9,0,-734.5,0,95.8,0,79.5,0,4.3,0,133.3,0,177,0,193.6,0,-443.9,0,438,0,-577,0,273,0,-252.1,0,630,0,-569.1,0,214.5,0,93.4,0,-75,0,144.4,0,-515.7,0,649.5,0,-512.2,0,617.8,0,-126.3,0,151.1,0,-440.1,0,909.8,0,-521.4,0,-4.9,0,220.2,0,-355.4,0,265.6,0,0.9,0,612.8,0,-593.7,0,687,0,-649.8,0,575.9,0,-596.3,0,655.4,0,-181.3,0,47.7
1437,0,-72.9,0,-213.9,0,472.9,0,-340.6,0,600.2,0,-646.3,0,463.8,0,-460.7,0,636.9,0,-734.5,0,95.8,0,79.5,0,4.3,0,133.3,0,177,0,193.6,0,-443.9,0,438,0,-577,0,273,0,-252.1,0,630,0,-569.1,0,214.5,0,93.4,0,-75,0,144.4,0,-515.7,0,649.5,0,-512.2,0,617.8,0,-126.3,0,151.1,0,-440.1,0,909.8,0,-521.4,0,-4.9,0,220.2,0,-355.4,0,265.6,0,0.9,0,612.8,0,-593.7,0,687,0,-649.8,0,575.9,0,-596.3,0,655.4,0,-181.3,0,47.7,0
1438,-72.9,0,-213.9,0,472.9,0,-340.6,0,600.2,0,-646.3,0,463.8,0,-460.7,0,636.9,0,-734.5,0,95.8,0,79.5,0,4.3,0,133.3,0,177,0,193.6,0,-443.9,0,438,0,-577,0,273,0,-252.1,0,630,0,-569.1,0,214.5,0,93.4,0,-75,0,144.4,0,-515.7,0,649.5,0,-512.2,0,617.8,0,-126.3,0,151.1,0,-440.1,0,909.8,0,-521.4,0,-4.9,0,220.2,0,-355.4,0,265.6,0,0.9,0,612.8,0,-593.7,0,687,0,-649.8,0,575.9,0,-596.3,0,655.4,0,-181.3,0,47.7,0,944.7
1439,0,-213.9,0,472.9,0,-340.6,0,600.2,0,-646.3,0,463.8,0,-460.7,0,636.9,0,-734.5,0,95.8,0,79.5,0,4.3,0,133.3,0,177,0,193.6,0,-443.9,0,438,0,-577,0,273,0,-252.1,0,630,0,-569.1,0,214.5,0,93.4,0,-75,0,144.4,0,-515.7,0,649.5,0,-512.2,0,617.8,0,-126.3,0,151.1,0,-440.1,0,909.8,0,-521.4,0,-4.9,0,220.2,0,-355.4,0,265.6,0,0.9,0,612.8,0,-593.7,0,687,0,-649.8,0,575.9,0,-596.3,0,655.4,0,-181.3,0,47.7,0,944.7,0
1440,-213.9,0,472.9,0,-340.6,0,600.2,0,-646.3,0,463.8,0,-460.7,0,636.9,0,-734.5,0,95.8,0,79.5,0,4.3,0,133.3,0,177,0,193.6,0,-443.9,0,438,0,-577,0,273,0,-252.1,0,630,0,-569.1,0,214.5,0,93.4,0,-75,0,144.4,0,-515.7,0,649.5,0,-512.2,0,617.8,0,-126.3,0,151.1,0,-440.1,0,909.8,0,-521.4,0,-4.9,0,220.2,0,-355.4,0,265.6,0,0.9,0,612.8,0,-593.7,0,687,0,-649.8,0,575.9,0,-596.3,0,655.4,0,-181.3,0,47.7,0,944.7,0,-73.5
1441,0,472.9,0,-340.6,0,600.2,0,-646.3,0,463.8,0,-460.7,0,636.9,0,-734.5,0,95.8,0,79.5,0,4.3,0,133.3,0,177,0,193.6,0,-443.9,0,438,0,-577,0,273,0,-252.1,0,630,0,-569.1,0,214.5,0,93.4,0,-75,0,144.4,0,-515.7,0,649.5,0,-512.2,0,617.8,0,-126.3,0,151.1,0,-440.1,0,909.8,0,-521.4,0,-4.9,0,220.2,0,-355.4,0,265.6,0,0.9,0,612.8,0,-593.7,0,687,0,-649.8,0,575.9,0,-596.3,0,655.4,0,-181.3,0,47.7,0,944.7,0,-73.5,0
1442,472.9,0,-340.6,0,600.2,0,-646.3,0,463.8,0,-460.7,0,636.9,0,-734.5,0,95.8,0,79.5,0,4.3,0,133.3,0,177,0,193.6,0,-443.9,0,438,0,-577,0,273,0,-252.1,0,630,0,-569.1,0,214.5,0,93.4,0,-75,0,144.4,0,-515.7,0,649.5,0,-512.2,0,617.8,0,-126.3,0,151.1,0,-440.1,0,909.8,0,-521.4,0,-4.9,0,220.2,0,-355.4,0,265.6,0,0.9,0,612.8,0,-593.7,0,687,0,-649.8,0,575.9,0,-596.3,0,655.4,0,-181.3,0,47.7,0,944.7,0,-73.5,0,449.2
1443,0,-340.6,0,600.2,0,-646.3,0,463.8,0,-460.7,0,636.9,0,-734.5,0,95.8,0,79.5,0,4.3,0,133.3,0,177,0,193.6,0,-443.9,0,438,0,-577,0,273,0,-252.1,0,630,0,-569.1,0,214.5,0,93.4,0,-75,0,144.4,0,-515.7,0,649.5,0,-512.2,0,617.8,0,-126.3,0,151.1,0,-440.1,0,909.8,0,-521.4,0,-4.9,0,220.2,0,-355.4,0,265.6,0,0.9,0,612.8,0,-593.7,0,687,0,-649.8,0,575.9,0,-596.3,0,655.4,0,-181.3,0,47.7,0,944.7,0,-73.5,0,449.2,0
1444,-340.6,0,600.2,0,-646.3,0,463.8,0,-460.7,0,636.9,0,-734.5,0,95.8,0,79.5,0,4.3,0,133.3,0,177,0,193.6,0,-443.9,0,438,0,-577,0,273,0,-252.1,0,630,0,-569.1,0,214.5,0,93.4,0,-75,0,144.4,0,-515.7,0,649.5,0,-512.2,0,617.8,0,-126.3,0,151.1,0,-440.1,0,909.8,0,-521.4,0,-4.9,0,220.2,0,-355.4,0,265.6,0,0.9,0,612.8,0,-593.7,0,687,0,-649.8,0,575.9,0,-596.3,0,655.4,0,-181.3,0,47.7,0,944.7,0,-73.5,0,449.2,0,-854.5
1445,0,600.2,0,-646.3,0,463.8,0,-460.7,0,636.9,0,-734.5,0,95.8,0,79.5,0,4.3,0,133.3,0,177,0,193.6,0,-443.9,0,438,0,-577,0,273,0,-252.1,0,630,0,-569.1,0,214.5,0,93.4,0,-75,0,144.4,0,-515.7,0,649.5,0,-512.2,0,617.8,0,-126.3,0,151.1,0,-440.1,0,909.8,0,-521.4,0,-4.9,0,220.2,0,-355.4,0,265.6,0,0.9,0,612.8,0,-593.7,0,687,0,-649.8,0,575.9,0,-596.3,0,655.4,0,-181.3,0,47.7,0,944.7,0,-73.5,0,449.2,0,-854.5,0
1446,600.2,0,-646.3,0,463.8,0,-460.7,0,636.9,0,-734.5,0,95.8,0,79.5,0,4.3,0,133.3,0,177,0,193.6,0,-443.9,0,438,0,-577,0,273,0,-252.1,0,630,0,-569.1,0,214.5,0,93.4,0,-75,0,144.4,0,-515.7,0,649.5,0,-512.2,0,617.8,0,-126.3,0,151.1,0,-440.1,0,909.8,0,-521.4,0,-4.9,0,220.2,0,-355.4,0,265.6,0,0.9,0,612.8,0,-593.7,0,687,0,-649.8,0,575.9,0,-596.3,0,655.4,0,-181.3,0,47.7,0,944.7,0,-73.5,0,449.2,0,-854.5,0,1430.3
1447,0,-646.3,0,463.8,0,-460.7,0,636.9,0,-734.5,0,95.8,0,79.5,0,4.3,0,133.3,0,177,0,193.6,0,-443.9,0,438,0,-577,0,273,0,-252.1,0,630,0,-569.1,0,214.5,0,93.4,0,-75,0,144.4,0,-515.7,0,649.5,0,-512.2,0,617.8,0,-126.3,0,151.1,0,-440.1,0,909.8,0,-521.4,0,-4.9,0,220.2,0,-355.4,0,265.6,0,0.9,0,612.8,0,-593.7,0,687,0,-649.8,0,575.9,0,-596.3,0,655.4,0,-181.3,0,47.7,0,944.7,0,-73.5,0,449.2,0,-854.5,0,1430.3,0
1448,-646.3,0,463.8,0,-460.7,0,636.9,0,-734.5,0,95.8,0,79.5,0,4.3,0,133.3,0,177,0,193.6,0,-443.9,0,438,0,-577,0,273,0,-252.1,0,630,0,-569.1,0,214.5,0,93.4,0,-75,0,144.4,0,-515.7,0,649.5,0,-512.2,0,617.8,0,-126.3,0,151.1,0,-440.1,0,909.8,0,-521.4,0,-4.9,0,220.2,0,-355.4,0,265.6,0,0.9,0,612.8,0,-593.7,0,687,0,-649.8,0,575.9,0,-596.3,0,655.4,0,-181.3,0,47.7,0,944.7,0,-73.5,0,449.2,0,-854.5,0,1430.3,0,-1089.9
1449,0,463.8,0,-460.7,0,636.9,0,-734.5,0,95.8,0,79.5,0,4.3,0,133.3,0,177,0,193.6,0,-443.9,0,438,0,-577,0,273,0,-252.1,0,630,0,-569.1,0,214.5,0,93.4,0,-75,0,144.4,0,-515.7,0,649.5,0,-512.2,0,617.8,0,-126.3,0,151.1,0,-440.1,0,909.8,0,-521.4,0,-4.9,0,220.2,0,-355.4,0,265.6,0,0.9,0,612.8,0,-593.7,0,687,0,-649.8,0,575.9,0,-596.3,0,655.4,0,-181.3,0,47.7,0,944.7,0,-73.5,0,449.2,0,-854.5,0,1430.3,0,-1089.9,0
1450,463.8,0,-460.7,0,636.9,0,-734.5,0,95.8,0,79.5,0,4.3,0,133.3,0,177,0,193.6,0,-443.9,0,438,0,-577,0,273,0,-252.1,0,630,0,-569.1,0,214.5,0,93.4,0,-75,0,144.4,0,-515.7,0,649.5,0,-512.2,0,617.8,0,-126.3,0,151.1,0,-440.1,0,909.8,0,-521.4,0,-4.9,0,220.2,0,-355.4,0,265.6,0,0.9,0,612.8,0,-593.7,0,687,0,-649.8,0,575.9,0,-596.3,0,655.4,0,-181.3,0,47.7,0,944.7,0,-73.5,0,449.2,0,-854.5,0,1430.3,0,-1089.9,0,820.3
1451,0,-460.7,0,636.9,0,-734.5,0,95.8,0,79.5,0,4.3,0,133.3,0,177,0,193.6,0,-443.9,0,438,0,-577,0,273,0,-252.1,0,630,0,-569.1,0,214.5,0,93.4,0,-75,0,144.4,0,-515.7,0,649.5,0,-512.2,0,617.8,0,-126.3,0,151.1,0,-440.1,0,909.8,0,-521.4,0,-4.9,0,220.2,0,-355.4,0,265.6,0,0.9,0,612.8,0,-593.7,0,687,0,-649.8,0,575.9,0,-596.3,0,655.4,0,-181.3,0,47.7,0,944.7,0,-73.5,0,449.2,0,-854.5,0,1430.3,0,-1089.9,0,820.3,0
1452,-460.7,0,636.9,0,-734.5,0,95.8,0,79.5,0,4.3,0,133.3,0,177,0,193.6,0,-443.9,0,438,0,-577,0,273,0,-252.1,0,630,0,-569.1,0,214.5,0,93.4,0,-75,0,144.4,0,-515.7,0,649.5,0,-512.2,0,617.8,0,-126.3,0,151.1,0,-440.1,0,909.8,0,-521.4,0,-4.9,0,220.2,0,-355.4,0,265.6,0,0.9,0,612.8,0,-593.7,0,687,0,-649.8,0,575.9,0,-596.3,0,655.4,0,-181.3,0,47.7,0,944.7,0,-73.5,0,449.2,0,-854.5,0,1430.3,0,-1089.9,0,820.3,0,-640.1
1453,0,636.9,0,-734.5,0,95.8,0,79.5,0,4.3,0,133.3,0,177,0,193.6,0,-443.9,0,438,0,-577,0,273,0,-252.1,0,630,0,-569.1,0,214.5,0,93.4,0,-75,0,144.4,0,-515.7,0,649.5,0,-512.2,0,617.8,0,-126.3,0,151.1,0,-440.1,0,909.8,0,-521.4,0,-4.9,0,220.2,0,-355.4,0,265.6,0,0.9,0,612.8,0,-593.7,0,687,0,-649.8,0,575.9,0,-596.3,0,655.4,0,-181.3,0,47.7,0,944.7,0,-73.5,0,449.2,0,-854.5,0,1430.3,0,-1089.9,0,820.3,0,-640.1,0
1454,636.9,0,-734.5,0,95.8,0,79.5,0,4.3,0,133.3,0,177,0,193.6,0,-443.9,0,438,0,-577,0,273,0,-252.1,0,630,0,-569.1,0,214.5,0,93.4,0,-75,0,144.4,0,-515.7,0,649.5,0,-512.2,0,617.8,0,-126.3,0,151.1,0,-440.1,0,909.8,0,-521.4,0,-4.9,0,220.2,0,-355.4,0,265.6,0,0.9,0,612.8,0,-593.7,0,687,0,-649.8,0,575.9,0,-596.3,0,655.4,0,-181.3,0,47.7,0,944.7,0,-73.5,0,449.2,0,-854.5,0,1430.3,0,-1089.9,0,820.3,0,-640.1,0,508.7
1455,0,-734.5,0,95.8,0,79.5,0,4.3,0,133.3,0,177,0,193.6,0,-443.9,0,438,0,-577,0,273,0,-252.1,0,630,0,-569.1,0,214.5,0,93.4,0,-75,0,144.4,0,-515.7,0,649.5,0,-512.2,0,617.8,0,-126.3,0,151.1,0,-440.1,0,909.8,0,-521.4,0,-4.9,0,220.2,0,-355.4,0,265.6,0,0.9,0,612.8,0,-593.7,0,687,0,-649.8,0,575.9,0,-596.3,0,655.4,0,-181.3,0,47.7,0,944.7,0,-73.5,0,449.2,0,-854.5,0,1430.3,0,-1089.9,0,820.3,0,-640.1,0,508.7,0
1456,-734.5,0,95.8,0,79.5,0,4.3,0,133.3,0,177,0,193.6,0,-443.9,0,438,0,-577,0,273,0,-252.1,0,630,0,-569.1,0,214.5,0,93.4,0,-75,0,144.4,0,-515.7,0,649.5,0,-512.2,0,617.8,0,-126.3,0,151.1,0,-440.1,0,909.8,0,-521.4,0,-4.9,0,220.2,0,-355.4,0,265.6,0,0.9,0,612.8,0,-593.7,0,687,0,-649.8,0,575.9,0,-596.3,0,655.4,0,-181.3,0,47.7,0,944.7,0,-73.5,0,449.2,0,-854.5,0,1430.3,0,-1089.9,0,820.3,0,-640.1,0,508.7,0,-572.2
1457,0,95.8,0,79.5,0,4.3,0,133.3,0,177,0,193.6,0,-443.9,0,438,0,-577,0,273,0,-252.1,0,630,0,-569.1,0,214.5,0,93.4,0,-75,0,144.4,0,-515.7,0,649.5,0,-512.2,0,617.8,0,-126.3,0,151.1,0,-440.1,0,909.8,0,-521.4,0,-4.9,0,220.2,0,-355.4,0,265.6,0,0.9,0,612.8,0,-593.7,0,687,0,-649.8,0,575.9,0,-596.3,0,655.4,0,-181.3,0,47.7,0,944.7,0,-73.5,0,449.2,0,-854.5,0,1430.3,0,-1089.9,0,820.3,0,-640.1,0,508.7,0,-572.2,0
1458,95.8,0,79.5,0,4.3,0,133.3,0,177,0,193.6,0,-443.9,0,438,0,-577,0,273,0,-252.1,0,630,0,-569.1,0,214.5,0,93.4,0,-75,0,144.4,0,-515.7,0,649.5,0,-512.2,0,617.8,0,-126.3,0,151.1,0,-440.1,0,909.8,0,-521.4,0,-4.9,0,220.2,0,-355.4,0,265.6,0,0.9,0,612.8,0,-593.7,0,687,0,-649.8,0,575.9,0,-596.3,0,655.4,0,-181.3,0,47.7,0,944.7,0,-73.5,0,449.2,0,-854.5,0,1430.3,0,-1089.9,0,820.3,0,-640.1,0,508.7,0,-572.2,0,735.2
1459,0,79.5,0,4.3,0,133.3,0,177,0,193.6,0,-443.9,0,438,0,-577,0,273,0,-252.1,0,630,0,-569.1,0,214.5,0,93.4,0,-75,0,144.4,0,-515.7,0,649.5,0,-512.2,0,617.8,0,-126.3,0,151.1,0,-440.1,0,909.8,0,-521.4,0,-4.9,0,220.2,0,-355.4,0,265.6,0,0.9,0,612.8,0,-593.7,0,687,0,-649.8,0,575.9,0,-596.3,0,655.4,0,-181.3,0,47.7,0,944.7,0,-73.5,0,449.2,0,-854.5,0,1430.3,0,-1089.9,0,820.3,0,-640.1,0,508.7,0,-572.2,0,735.2,0
1460,79.5,0,4.3,0,133.3,0,177,0,193.6,0,-443.9,0,438,0,-577,0,273,0,-252.1,0,630,0,-569.1,0,214.5,0,93.4,0,-75,0,144.4,0,-515.7,0,649.5,0,-512.2,0,617.8,0,-126.3,0,151.1,0,-440.1,0,909.8,0,-521.4,0,-4.9,0,220.2,0,-355.4,0,265.6,0,0.9,0,612.8,0,-593.7,0,687,0,-649.8,0,575.9,0,-596.3,0,655.4,0,-181.3,0,47.7,0,944.7,0,-73.5,0,449.2,0,-854.5,0,1430.3,0,-1089.9,0,820.3,0,-640.1,0,508.7,0,-572.2,0,735.2,0,-126.8
1461,0,4.3,0,133.3,0,177,0,193.6,0,-443.9,0,438,0,-577,0,273,0,-252.1,0,630,0,-569.1,0,214.5,0,93.4,0,-75,0,144.4,0,-515.7,0,649.5,0,-512.2,0,617.8,0,-126.3,0,151.1,0,-440.1,0,909.8,0,-521.4,0,-4.9,0,220.2,0,-355.4,0,265.6,0,0.9,0,612.8,0,-593.7,0,687,0,-649.8,0,575.9,0,-596.3,0,655.4,0,-181.3,0,47.7,0,944.7,0,-73.5,0,449.2,0,-854.5,0,1430.3,0,-1089.9,0,820.3,0,-640.1,0,508.7,0,-572.2,0,735.2,0,-126.8,0
1462,4.3,0,133.3,0,177,0,193.6,0,-443.9,0,438,0,-577,0,273,0,-252.1,0,630,0,-569.1,0,214.5,0,93.4,0,-75,0,144.4,0,-515.7,0,649.5,0,-512.2,0,617.8,0,-126.3,0,151.1,0,-440.1,0,909.8,0,-521.4,0,-4.9,0,220.2,0,-355.4,0,265.6,0,0.9,0,612.8,0,-593.7,0,687,0,-649.8,0,575.9,0,-596.3,0,655.4,0,-181.3,0,47.7,0,944.7,0,-73.5,0,449.2,0,-854.5,0,1430.3,0,-1089.9,0,820.3,0,-640.1,0,508.7,0,-572.2,0,735.2,0,-126.8,0,-390.4
1463,0,133.3,0,177,0,193.6,0,-443.9,0,438,0,-577,0,273,0,-252.1,0,630,0,-569.1,0,214.5,0,93.4,0,-75,0,144.4,0,-515.7,0,649.5,0,-512.2,0,617.8,0,-126.3,0,151.1,0,-440.1,0,909.8,0,-521.4,0,-4.9,0,220.2,0,-355.4,0,265.6,0,0.9,0,612.8,0,-593.7,0,687,0,-649.8,0,575.9,0,-596.3,0,655.4,0,-181.3,0,47.7,0,944.7,0,-73.5,0,449.2,0,-854.5,0,1430.3,0,-1089.9,0,820.3,0,-640.1,0,508.7,0,-572.2,0,735.2,0,-126.8,0,-390.4,0
1464,133.3,0,177,0,193.6,0,-443.9,0,438,0,-577,0,273,0,-252.1,0,630,0,-569.1,0,214.5,0,93.4,0,-75,0,144.4,0,-515.7,0,649.5,0,-512.2,0,617.8,0,-126.3,0,151.1,0,-440.1,0,909.8,0,-521.4,0,-4.9,0,220.2,0,-355.4,0,265.6,0,0.9,0,612.8,0,-593.7,0,687,0,-649.8,0,575.9,0,-596.3,0,655.4,0,-181.3,0,47.7,0,944.7,0,-73.5,0,449.2,0,-854.5,0,1430.3,0,-1089.9,0,820.3,0,-640.1,0,508.7,0,-572.2,0,735.2,0,-126.8,0,-390.4,0,592.7
1465,0,177,0,193.6,0,-443.9,0,438,0,-577,0,273,0,-252.1,0,630,0,-569.1,0,214.5,0,93.4,0,-75,0,144.4,0,-515.7,0,649.5,0,-512.2,0,617.8,0,-126.3,0,151.1,0,-440.1,0,909.8,0,-521.4,0,-4.9,0,220.2,0,-355.4,0,265.6,0,0.9,0,612.8,0,-593.7,0,687,0,-649.8,0,575.9,0,-596.3,0,655.4,0,-181.3,0,47.7,0,944.7,0,-73.5,0,449.2,0,-854.5,0,1430.3,0,-1089.9,0,820.3,0,-640.1,0,508.7,0,-572.2,0,735.2,0,-126.8,0,-390.4,0,592.7,0
1466,177,0,193.6,0,-443.9,0,438,0,-577,0,273,0,-252.1,0,630,0,-569.1,0,214.5,0,93.4,0,-75,0,144.4,0,-515.7,0,649.5,0,-512.2,0,617.8,0,-126.3,0,151.1,0,-440.1,0,909.8,0,-521.4,0,-4.9,0,220.2,0,-355.4,0,265.6,0,0.9,0,612.8,0,-593.7,0,687,0,-649.8,0,575.9,0,-596.3,0,655.4,0,-181.3,0,47.7,0,944.7,0,-73.5,0,449.2,0,-854.5,0,1430.3,0,-1089.9,0,820.3,0,-640.1,0,508.7,0,-572.2,0,735.2,0,-126.8,0,-390.4,0,592.7,0,-746.7
1467,0,193.6,0,-443.9,0,438,0,-577,0,273,0,-252.1,0,630,0,-569.1,0,214.5,0,93.4,0,-75,0,144.4,0,-515.7,0,649.5,0,-512.2,0,617.8,0,-126.3,0,151.1,0,-440.1,0,909.8,0,-521.4,0,-4.9,0,220.2,0,-355.4,0,265.6,0,0.9,0,612.8,0,-593.7,0,687,0,-649.8,0,575.9,0,-596.3,0,655.4,0,-181.3,0,47.7,0,944.7,0,-73.5,0,449.2,0,-854.5,0,1430.3,0,-1089.9,0,820.3,0,-640.1,0,508.7,0,-572.2,0,735.2,0,-126.8,0,-390.4,0,592.7,0,-746.7,0
1468,193.6,0,-443.9,0,438,0,-577,0,273,0,-252.1,0,630,0,-569.1,0,214.5,0,93.4,0,-75,0,144.4,0,-515.7,0,649.5,0,-512.2,0,617.8,0,-126.3,0,151.1,0,-440.1,0,909.8,0,-521.4,0,-4.9,0,220.2,0,-355.4,0,265.6,0,0.9,0,612.8,0,-593.7,0,687,0,-649.8,0,575.9,0,-596.3,0,655.4,0,-181.3,0,47.7,0,944.7,0,-73.5,0,449.2,0,-854.5,0,1430.3,0,-1089.9,0,820.3,0,-640.1,0,508.7,0,-572.2,0,735.2,0,-126.8,0,-390.4,0,592.7,0,-746.7,0,301.5
1469,0,-443.9,0,438,0,-577,0,273,0,-252.1,0,630,0,-569.1,0,214.5,0,93.4,0,-75,0,144.4,0,-515.7,0,649.5,0,-512.2,0,617.8,0,-126.3,0,151.1,0,-440.1,0,909.8,0,-521.4,0,-4.9,0,220.2,0,-355.4,0,265.6,0,0.9,0,612.8,0,-593.7,0,687,0,-649.8,0,575.9,0,-596.3,0,655.4,0,-181.3,0,47.7,0,944.7,0,-73.5,0,449.2,0,-854.5,0,1430.3,0,-1089.9,0,820.3,0,-640.1,0,508.7,0,-572.2,0,735.2,0,-126.8,0,-390.4,0,592.7,0,-746.7,0,301.5,0
1470,-443.9,0,438,0,-577,0,273,0,-252.1,0,630,0,-569.1,0,214.5,0,93.4,0,-75,0,144.4,0,-515.7,0,649.5,0,-512.2,0,617.8,0,-126.3,0,151.1,0,-440.1,0,909.8,0,-521.4,0,-4.9,0,220.2,0,-355.4,0,265.6,0,0.9,0,612.8,0,-593.7,0,687,0,-649.8,0,575.9,0,-596.3,0,655.4,0,-181.3,0,47.7,0,944.7,0,-73.5,0,449.2,0,-854.5,0,1430.3,0,-1089.9,0,820.3,0,-640.1,0,508.7,0,-572.2,0,735.2,0,-126.8,0,-390.4,0,592.7,0,-746.7,0,301.5,0,-172.1
1471,0,438,0,-577,0,273,0,-252.1,0,630,0,-569.1,0,214.5,0,93.4,0,-75,0,144.4,0,-515.7,0,649.5,0,-512.2,0,617.8,0,-126.3,0,151.1,0,-440.1,0,909.8,0,-521.4,0,-4.9,0,220.2,0,-355.4,0,265.6,0,0.9,0,612.8,0,-593.7,0,687,0,-649.8,0,575.9,0,-596.3,0,655.4,0,-181.3,0,47.7,0,944.7,0,-73.5,0,449.2,0,-854.5,0,1430.3,0,-1089.9,0,820.3,0,-640.1,0,508.7,0,-572.2,0,735.2,0,-126.8,0,-390.4,0,592.7,0,-746.7,0,301.5,0,-172.1,0
1472,438,0,-577,0,273,0,-252.1,0,630,0,-569.1,0,214.5,0,93.4,0,-75,0,144.4,0,-515.7,0,649.5,0,-512.2,0,617.8,0,-126.3,0,151.1,0,-440.1,0,909.8,0,-521.4,0,-4.9,0,220.2,0,-355.4,0,265.6,0,0.9,0,612.8,0,-593.7,0,687,0,-649.8,0,575.9,0,-596.3,0,655.4,0,-181.3,0,47.7,0,944.7,0,-73.5,0,449.2,0,-854.5,0,1430.3,0,-1089.9,0,820.3,0,-640.1,0,508.7,0,-572.2,0,735.2,0,-126.8,0,-390.4,0,592.7,0,-746.7,0,301.5,0,-172.1,0,1125.3
1473,0,-577,0,273,0,-252.1,0,630,0,-569.1,0,214.5,0,93.4,0,-75,0,144.4,0,-515.7,0,649.5,0,-512.2,0,617.8,0,-126.3,0,151.1,0,-440.1,0,909.8,0,-521.4,0,-4.9,0,220.2,0,-355.4,0,265.6,0,0.9,0,612.8,0,-593.7,0,687,0,-649.8,0,575.9,0,-596.3,0,655.4,0,-181.3,0,47.7,0,944.7,0,-73.5,0,449.2,0,-854.5,0,1430.3,0,-1089.9,0,820.3,0,-640.1,0,508.7,0,-572.2,0,735.2,0,-126.8,0,-390.4,0,592.7,0,-746.7,0,301.5,0,-172.1,0,1125.3,0
1474,-577,0,273,0,-252.1,0,630,0,-569.1,0,214.5,0,93.4,0,-75,0,144.4,0,-515.7,0,649.5,0,-512.2,0,617.8,0,-126.3,0,151.1,0,-440.1,0,909.8,0,-521.4,0,-4.9,0,220.2,0,-355.4,0,265.6,0,0.9,0,612.8,0,-593.7,0,687,0,-649.8,0,575.9,0,-596.3,0,655.4,0,-181.3,0,47.7,0,944.7,0,-73.5,0,449.2,0,-854.5,0,1430.3,0,-1089.9,0,820.3,0,-640.1,0,508.7,0,-572.2,0,735.2,0,-126.8,0,-390.4,0,592.7,0,-746.7,0,301.5,0,-172.1,0,1125.3,0,-950.2
1475,0,273,0,-252.1,0,630,0,-569.1,0,214.5,0,93.4,0,-75,0,144.4,0,-515.7,0,649.5,0,-512.2,0,617.8,0,-126.3,0,151.1,0,-440.1,0,909.8,0,-521.4,0,-4.9,0,220.2,0,-355.4,0,265.6,0,0.9,0,612.8,0,-593.7,0,687,0,-649.8,0,575.9,0,-596.3,0,655.4,0,-181.3,0,47.7,0,944.7,0,-73.5,0,449.2,0,-854.5,0,1430.3,0,-1089.9,0,820.3,0,-640.1,0,508.7,0,-572.2,0,735.2,0,-126.8,0,-390.4,0,592.7,0,-746.7,0,301.5,0,-172.1,0,1125.3,0,-950.2,0
1476,273,0,-252.1,0,630,0,-569.1,0,214.5,0,93.4,0,-75,0,144.4,0,-515.7,0,649.5,0,-512.2,0,617.8,0,-126.3,0,151.1,0,-440.1,0,909.8,0,-521.4,0,-4.9,0,220.2,0,-355.4,0,265.6,0,0.9,0,612.8,0,-593.7,0,687,0,-649.8,0,575.9,0,-596.3,0,655.4,0,-181.3,0,47.7,0,944.7,0,-73.5,0,449.2,0,-854.5,0,1430.3,0,-1089.9,0,820.3,0,-640.1,0,508.7,0,-572.2,0,735.2,0,-126.8,0,-390.4,0,592.7,0,-746.7,0,301.5,0,-172.1,0,1125.3,0,-950.2,0,756.8
1477,0,-252.1,0,630,0,-569.1,0,214.5,0,93.4,0,-75,0,144.4,0,-515.7,0,649.5,0,-512.2,0,617.8,0,-126.3,0,151.1,0,-440.1,0,909.8,0,-521.4,0,-4.9,0,220.2,0,-355.4,0,265.6,0,0.9,0,612.8,0,-593.7,0,687,0,-649.8,0,575.9,0,-596.3,0,655.4,0,-181.3,0,47.7,0,944.7,0,-73.5,0,449.2,0,-854.5,0,1430.3,0,-1089.9,0,820.3,0,-640.1,0,508.7,0,-572.2,0,735.2,0,-126.8,0,-390.4,0,592.7,0,-746.7,0,301.5,0,-172.1,0,1125.3,0,-950.2,0,756.8,0
1478,-252.1,0,630,0,-569.1,0,214.5,0,93.4,0,-75,0,144.4,0,-515.7,0,649.5,0,-512.2,0,617.8,0,-126.3,0,151.1,0,-440.1,0,909.8,0,-521.4,0,-4.9,0,220.2,0,-355.4,0,265.6,0,0.9,0,612.8,0,-593.7,0,687,0,-649.8,0,575.9,0,-596.3,0,655.4,0,-181.3,0,47.7,0,944.7,0,-73.5,0,449.2,0,-854.5,0,1430.3,0,-1089.9,0,820.3,0,-640.1,0,508.7,0,-572.2,0,735.2,0,-126.8,0,-390.4,0,592.7,0,-746.7,0,301.5,0,-172.1,0,1125.3,0,-950.2,0,756.8,0,-829.2
1479,0,630,0,-569.1,0,214.5,0,93.4,0,-75,0,144.4,0,-515.7,0,649.5,0,-512.2,0,617.8,0,-126.3,0,151.1,0,-440.1,0,909.8,0,-521.4,0,-4.9,0,220.2,0,-355.4,0,265.6,0,0.9,0,612.8,0,-593.7,0,687,0,-649.8,0,575.9,0,-596.3,0,655.4,0,-181.3,0,47.7,0,944.7,0,-73.5,0,449.2,0,-854.5,0,1430.3,0,-1089.9,0,820.3,0,-640.1,0,508.7,0,-572.2,0,735.2,0,-126.8,0,-390.4,0,592.7,0,-746.7,0,301.5,0,-172.1,0,1125.3,0,-950.2,0,756.8,0,-829.2,0
1480,630,0,-569.1,0,214.5,0,93.4,0,-75,0,144.4,0,-515.7,0,649.5,0,-512.2,0,617.8,0,-126.3,0,151.1,0,-440.1,0,909.8,0,-521.4,0,-4.9,0,220.2,0,-355.4,0,265.6,0,0.9,0,612.8,0,-593.7,0,687,0,-649.8,0,575.9,0,-596.3,0,655.4,0,-181.3,0,47.7,0,944.7,0,-73.5,0,449.2,0,-854.5,0,1430.3,0,-1089.9,0,820.3,0,-640.1,0,508.7,0,-572.2,0,735.2,0,-126.8,0,-390.4,0,592.7,0,-746.7,0,301.5,0,-172.1,0,1125.3,0,-950.2,0,756.8,0,-829.2,0,446.6
1481,0,-569.1,0,214.5,0,93.4,0,-75,0,144.4,0,-515.7,0,649.5,0,-512.2,0,617.8,0,-126.3,0,151.1,0,-440.1,0,909.8,0,-521.4,0,-4.9,0,220.2,0,-355.4,0,265.6,0,0.9,0,612.8,0,-593.7,0,687,0,-649.8,0,575.9,0,-596.3,0,655.4,0,-181.3,0,47.7,0,944.7,0,-73.5,0,449.2,0,-854.5,0,1430.3,0,-1089.9,0,820.3,0,-640.1,0,508.7,0,-572.2,0,735.2,0,-126.8,0,-390.4,0,592.7,0,-746.7,0,301.5,0,-172.1,0,1125.3,0,-950.2,0,756.8,0,-829.2,0,446.6,0
1482,-569.1,0,214.5,0,93.4,0,-75,0,144.4,0,-515.7,0,649.5,0,-512.2,0,617.8,0,-126.3,0,151.1,0,-440.1,0,909.8,0,-521.4,0,-4.9,0,220.2,0,-355.4,0,265.6,0,0.9,0,612.8,0,-593.7,0,687,0,-649.8,0,575.9,0,-596.3,0,655.4,0,-181.3,0,47.7,0,944.7,0,-73.5,0,449.2,0,-854.5,0,1430.3,0,-1089.9,0,820.3,0,-640.1,0,508.7,0,-572.2,0,735.2,0,-126.8,0,-390.4,0,592.7,0,-746.7,0,301.5,0,-172.1,0,1125.3,0,-950.2,0,756.8,0,-829.2,0,446.6,0,-337.1
1483,0,214.5,0,93.4,0,-75,0,144.4,0,-515.7,0,649.5,0,-512.2,0,617.8,0,-126.3,0,151.1,0,-440.1,0,909.8,0,-521.4,0,-4.9,0,220.2,0,-355.4,0,265.6,0,0.9,0,612.8,0,-593.7,0,687,0,-649.8,0,575.9,0,-596.3,0,655.4,0,-181.3,0,47.7,0,944.7,0,-73.5,0,449.2,0,-854.5,0,1430.3,0,-1089.9,0,820.3,0,-640.1,0,508.7,0,-572.2,0,735.2,0,-126.8,0,-390.4,0,592.7,0,-746.7,0,301.5,0,-172.1,0,1125.3,0,-950.2,0,756.8,0,-829.2,0,446.6,0,-337.1,0
1484,214.5,0,93.4,0,-75,0,144.4,0,-515.7,0,649.5,0,-512.2,0,617.8,0,-126.3,0,151.1,0,-440.1,0,909.8,0,-521.4,0,-4.9,0,220.2,0,-355.4,0,265.6,0,0.9,0,612.8,0,-593.7,0,687,0,-649.8,0,575.9,0,-596.3,0,655.4,0,-181.3,0,47.7,0,944.7,0,-73.5,0,449.2,0,-854.5,0,1430.3,0,-1089.9,0,820.3,0,-640.1,0,508.7,0,-572.2,0,735.2,0,-126.8,0,-390.4,0,592.7,0,-746.7,0,301.5,0,-172.1,0,1125.3,0,-950.2,0,756.8,0,-829.2,0,446.6,0,-337.1,0,408.5
1485,0,93.4,0,-75,0,144.4,0,-515.7,0,649.5,0,-512.2,0,617.8,0,-126.3,0,151.1,0,-440.1,0,909.8,0,-521.4,0,-4.9,0,220.2,0,-355.4,0,265.6,0,0.9,0,612.8,0,-593.7,0,687,0,-649.8,0,575.9,0,-596.3,0,655.4,0,-181.3,0,47.7,0,944.7,0,-73.5,0,449.2,0,-854.5,0,1430.3,0,-1089.9,0,820.3,0,-640.1,0,508.7,0,-572.2,0,735.2,0,-126.8,0,-390.4,0,592.7,0,-746.7,0,301.5,0,-172.1,0,1125.3,0,-950.2,0,756.8,0,-829.2,0,446.6,0,-337.1,0,408.5,0
1486,93.4,0,-75,0,144.4,0,-515.7,0,649.5,0,-512.2,0,617.8,0,-126.3,0,151.1,0,-440.1,0,909.8,0,-521.4,0,-4.9,0,220.2,0,-355.4,0,265.6,0,0.9,0,612.8,0,-593.7,0,687,0,-649.8,0,575.9,0,-596.3,0,655.4,0,-181.3,0,47.7,0,944.7,0,-73.5,0,449.2,0,-854.5,0,1430.3,0,-1089.9,0,820.3,0,-640.1,0,508.7,0,-572.2,0,735.2,0,-126.8,0,-390.4,0,592.7,0,-746.7,0,301.5,0,-172.1,0,1125.3,0,-950.2,0,756.8,0,-829.2,0,446.6,0,-337.1,0,408.5,0,177.2
1487,0,-75,0,144.4,0,-515.7,0,649.5,0,-512.2,0,617.8,0,-126.3,0,151.1,0,-440.1,0,909.8,0,-521.4,0,-4.9,0,220.2,0,-355.4,0,265.6,0,0.9,0,612.8,0,-593.7,0,687,0,-649.8,0,575.9,0,-596.3,0,655.4,0,-181.3,0,47.7,0,944.7,0,-73.5,0,449.2,0,-854.5,0,1430.3,0,-1089.9,0,820.3,0,-640.1,0,508.7,0,-572.2,0,735.2,0,-126.8,0,-390.4,0,592.7,0,-746.7,0,301.5,0,-172.1,0,1125.3,0,-950.2,0,756.8,0,-829.2,0,446.6,0,-337.1,0,408.5,0,177.2,0
1488,-75,0,144.4,0,-515.7,0,649.5,0,-512.2,0,617.8,0,-126.3,0,151.1,0,-440.1,0,909.8,0,-521.4,0,-4.9,0,220.2,0,-355.4,0,265.6,0,0.9,0,612.8,0,-593.7,0,687,0,-649.8,0,575.9,0,-596.3,0,655.4,0,-181.3,0,47.7,0,944.7,0,-73.5,0,449.2,0,-854.5,0,1430.3,0,-1089.9,0,820.3,0,-640.1,0,508.7,0,-572.2,0,735.2,0,-126.8,0,-390.4,0,592.7,0,-746.7,0,301.5,0,-172.1,0,1125.3,0,-950.2,0,756.8,0,-829.2,0,446.6,0,-337.1,0,408.5,0,177.2,0,-215.3
1489,0,144.4,0,-515.7,0,649.5,0,-512.2,0,617.8,0,-126.3,0,151.1,0,-440.1,0,909.8,0,-521.4,0,-4.9,0,220.2,0,-355.4,0,265.6,0,0.9,0,612.8,0,-593.7,0,687,0,-649.8,0,575.9,0,-596.3,0,655.4,0,-181.3,0,47.7,0,944.7,0,-73.5,0,449.2,0,-854.5,0,1430.3,0,-1089.9,0,820.3,0,-640.1,0,508.7,0,-572.2,0,735.2,0,-126.8,0,-390.4,0,592.7,0,-746.7,0,301.5,0,-172.1,0,1125.3,0,-950.2,0,756.8,0,-829.2,0,446.6,0,-337.1,0,408.5,0,177.2,0,-215.3,0
1490,144.4,0,-515.7,0,649.5,0,-512.2,0,617.8,0,-126.3,0,151.1,0,-440.1,0,909.8,0,-521.4,0,-4.9,0,220.2,0,-355.4,0,265.6,0,0.9,0,612.8,0,-593.7,0,687,0,-649.8,0,575.9,0,-596.3,0,655.4,0,-181.3,0,47.7,0,944.7,0,-73.5,0,449.2,0,-854.5,0,1430.3,0,-1089.9,0,820.3,0,-640.1,0,508.7,0,-572.2,0,735.2,0,-126.8,0,-390.4,0,592.7,0,-746.7,0,301.5,0,-172.1,0,1125.3,0,-950.2,0,756.8,0,-829.2,0,446.6,0,-337.1,0,408.5,0,177.2,0,-215.3,0,669.7
1491,0,-515.7,0,649.5,0,-512.2,0,617.8,0,-126.3,0,151.1,0,-440.1,0,909.8,0,-521.4,0,-4.9,0,220.2,0,-355.4,0,265.6,0,0.9,0,612.8,0,-593.7,0,687,0,-649.8,0,575.9,0,-596.3,0,655.4,0,-181.3,0,47.7,0,944.7,0,-73.5,0,449.2,0,-854.5,0,1430.3,0,-1089.9,0,820.3,0,-640.1,0,508.7,0,-572.2,0,735.2,0,-126.8,0,-390.4,0,592.7,0,-746.7,0,301.5,0,-172.1,0,1125.3,0,-950.2,0,756.8,0,-829.2,0,446.6,0,-337.1,0,408.5,0,177.2,0,-215.3,0,669.7,0
1492,-515.7,0,649.5,0,-512.2,0,617.8,0,-126.3,0,151.1,0,-440.1,0,909.8,0,-521.4,0,-4.9,0,220.2,0,-355.4,0,265.6,0,0.9,0,612.8,0,-593.7,0,687,0,-649.8,0,575.9,0,-596.3,0,655.4,0,-181.3,0,47.7,0,944.7,0,-73.5,0,449.2,0,-854.5,0,1430.3,0,-1089.9,0,820.3,0,-640.1,0,508.7,0,-572.2,0,735.2,0,-126.8,0,-390.4,0,592.7,0,-746.7,0,301.5,0,-172.1,0,1125.3,0,-950.2,0,756.8,0,-829.2,0,446.6,0,-337.1,0,408.5,0,177.2,0,-215.3,0,669.7,0,-449.6
1493,0,649.5,0,-512.2,0,617.8,0,-126.3,0,151.1,0,-440.1,0,909.8,0,-521.4,0,-4.9,0,220.2,0,-355.4,0,265.6,0,0.9,0,612.8,0,-593.7,0,687,0,-649.8,0,575.9,0,-596.3,0,655.4,0,-181.3,0,47.7,0,944.7,0,-73.5,0,449.2,0,-854.5,0,1430.3,0,-1089.9,0,820.3,0,-640.1,0,508.7,0,-572.2,0,735.2,0,-126.8,0,-390.4,0,592.7,0,-746.7,0,301.5,0,-172.1,0,1125.3,0,-950.2,0,756.8,0,-829.2,0,446.6,0,-337.1,0,408.5,0,177.2,0,-215.3,0,669.7,0,-449.6,0
1494,649.5,0,-512.2,0,617.8,0,-126.3,0,151.1,0,-440.1,0,909.8,0,-521.4,0,-4.9,0,220.2,0,-355.4,0,265.6,0,0.9,0,612.8,0,-593.7,0,687,0,-649.8,0,575.9,0,-596.3,0,655.4,0,-181.3,0,47.7,0,944.7,0,-73.5,0,449.2,0,-854.5,0,1430.3,0,-1089.9,0,820.3,0,-640.1,0,508.7,0,-572.2,0,735.2,0,-126.8,0,-390.4,0,592.7,0,-746.7,0,301.5,0,-172.1,0,1125.3,0,-950.2,0,756.8,0,-829.2,0,446.6,0,-337.1,0,408.5,0,177.2,0,-215.3,0,669.7,0,-449.6,0,972.2
1495,0,-512.2,0,617.8,0,-126.3,0,151.1,0,-440.1,0,909.8,0,-521.4,0,-4.9,0,220.2,0,-355.4,0,265.6,0,0.9,0,612.8,0,-593.7,0,687,0,-649.8,0,575.9,0,-596.3,0,655.4,0,-181.3,0,47.7,0,944.7,0,-73.5,0,449.2,0,-854.5,0,1430.3,0,-1089.9,0,820.3,0,-640.1,0,508.7,0,-572.2,0,735.2,0,-126.8,0,-390.4,0,592.7,0,-746.7,0,301.5,0,-172.1,0,1125.3,0,-950.2,0,756.8,0,-829.2,0,446.6,0,-337.1,0,408.5,0,177.2,0,-215.3,0,669.7,0,-449.6,0,972.2,0
1496,-512.2,0,617.8,0,-126.3,0,151.1,0,-440.1,0,909.8,0,-521.4,0,-4.9,0,220.2,0,-355.4,0,265.6,0,0.9,0,612.8,0,-593.7,0,687,0,-649.8,0,575.9,0,-596.3,0,655.4,0,-181.3,0,47.7,0,944.7,0,-73.5,0,449.2,0,-854.5,0,1430.3,0,-1089.9,0,820.3,0,-640.1,0,508.7,0,-572.2,0,735.2,0,-126.8,0,-390.4,0,592.7,0,-746.7,0,301.5,0,-172.1,0,1125.3,0,-950.2,0,756.8,0,-829.2,0,446.6,0,-337.1,0,408.5,0,177.2,0,-215.3,0,669.7,0,-449.6,0,972.2,0,-1202.8
1497,0,617.8,0,-126.3,0,151.1,0,-440.1,0,909.8,0,-521.4,0,-4.9,0,220.2,0,-355.4,0,265.6,0,0.9,0,612.8,0,-593.7,0,687,0,-649.8,0,575.9,0,-596.3,0,655.4,0,-181.3,0,47.7,0,944.7,0,-73.5,0,449.2,0,-854.5,0,1430.3,0,-1089.9,0,820.3,0,-640.1,0,508.7,0,-572.2,0,735.2,0,-126.8,0,-390.4,0,592.7,0,-746.7,0,301.5,0,-172.1,0,1125.3,0,-950.2,0,756.8,0,-829.2,0,446.6,0,-337.1,0,408.5,0,177.2,0,-215.3,0,669.7,0,-449.6,0,972.2,0,-1202.8,0
1498,617.8,0,-126.3,0,151.1,0,-440.1,0,909.8,0,-521.4,0,-4.9,0,220.2,0,-355.4,0,265.6,0,0.9,0,612.8,0,-593.7,0,687,0,-649.8,0,575.9,0,-596.3,0,655.4,0,-181.3,0,47.7,0,944.7,0,-73.5,0,449.2,0,-854.5,0,1430.3,0,-1089.9,0,820.3,0,-640.1,0,508.7,0,-572.2,0,735.2,0,-126.8,0,-390.4,0,592.7,0,-746.7,0,301.5,0,-172.1,0,1125.3,0,-950.2,0,756.8,0,-829.2,0,446.6,0,-337.1,0,408.5,0,177.2,0,-215.3,0,669.7,0,-449.6,0,972.2,0,-1202.8,0,1034.2
1499,0,-126.3,0,151.1,0,-440.1,0,909.8,0,-521.4,0,-4.9,0,220.2,0,-355.4,0,265.6,0,0.9,0,612.8,0,-593.7,0,687,0,-649.8,0,575.9,0,-596.3,0,655.4,0,-181.3,0,47.7,0,944.7,0,-73.5,0,449.2,0,-854.5,0,1430.3,0,-1089.9,0,820.3,0,-640.1,0,508.7,0,-572.2,0,735.2,0,-126.8,0,-390.4,0,592.7,0,-746.7,0,301.5,0,-172.1,0,1125.3,0,-950.2,0,756.8,0,-829.2,0,446.6,0,-337.1,0,408.5,0,177.2,0,-215.3,0,669.7,0,-449.6,0,972.2,0,-1202.8,0,1034.2,0
1500,-126.3,0,151.1,0,-440.1,0,909.8,0,-521.4,0,-4.9,0,220.2,0,-355.4,0,265.6,0,0.9,0,612.8,0,-593.7,0,687,0,-649.8,0,575.9,0,-596.3,0,655.4,0,-181.3,0,47.7,0,944.7,0,-73.5,0,449.2,0,-854.5,0,1430.3,0,-1089.9,0,820.3,0,-640.1,0,508.7,0,-572.2,0,735.2,0,-126.8,0,-390.4,0,592.7,0,-746.7,0,301.5,0,-172.1,0,1125.3,0,-950.2,0,756.8,0,-829.2,0,446.6,0,-337.1,0,408.5,0,177.2,0,-215.3,0,669.7,0,-449.6,0,972.2,0,-1202.8,0,1034.2,0,-510.5
1501,0,151.1,0,-440.1,0,909.8,0,-521.4,0,-4.9,0,220.2,0,-355.4,0,265.6,0,0.9,0,612.8,0,-593.7,0,687,0,-649.8,0,575.9,0,-596.3,0,655.4,0,-181.3,0,47.7,0,944.7,0,-73.5,0,449.2,0,-854.5,0,1430.3,0,-1089.9,0,820.3,0,-640.1,0,508.7,0,-572.2,0,735.2,0,-126.8,0,-390.4,0,592.7,0,-746.7,0,301.5,0,-172.1,0,1125.3,0,-950.2,0,756.8,0,-829.2,0,446.6,0,-337.1,0,408.5,0,177.2,0,-215.3,0,669.7,0,-449.6,0,972.2,0,-1202.8,0,1034.2,0,-510.5,0
1502,151.1,0,-440.1,0,909.8,0,-521.4,0,-4.9,0,220.2,0,-355.4,0,265.6,0,0.9,0,612.8,0,-593.7,0,687,0,-649.8,0,575.9,0,-596.3,0,655.4,0,-181.3,0,47.7,0,944.7,0,-73.5,0,449.2,0,-854.5,0,1430.3,0,-1089.9,0,820.3,0,-640.1,0,508.7,0,-572.2,0,735.2,0,-126.8,0,-390.4,0,592.7,0,-746.7,0,301.5,0,-172.1,0,1125.3,0,-950.2,0,756.8,0,-829.2,0,446.6,0,-337.1,0,408.5,0,177.2,0,-215.3,0,669.7,0,-449.6,0,972.2,0,-1202.8,0,1034.2,0,-510.5,0,910.1
1503,0,-440.1,0,909.8,0,-521.4,0,-4.9,0,220.2,0,-355.4,0,265.6,0,0.9,0,612.8,0,-593.7,0,687,0,-649.8,0,575.9,0,-596.3,0,655.4,0,-181.3,0,47.7,0,944.7,0,-73.5,0,449.2,0,-854.5,0,1430.3,0,-1089.9,0,820.3,0,-640.1,0,508.7,0,-572.2,0,735.2,0,-126.8,0,-390.4,0,592.7,0,-746.7,0,301.5,0,-172.1,0,1125.3,0,-950.2,0,756.8,0,-829.2,0,446.6,0,-337.1,0,408.5,0,177.2,0,-215.3,0,669.7,0,-449.6,0,972.2,0,-1202.8,0,1034.2,0,-510.5,0,910.1,0
1504,-440.1,0,909.8,0,-521.4,0,-4.9,0,220.2,0,-355.4,0,265.6,0,0.9,0,612.8,0,-593.7,0,687,0,-649.8,0,575.9,0,-596.3,0,655.4,0,-181.3,0,47.7,0,944.7,0,-73.5,0,449.2,0,-854.5,0,1430.3,0,-1089.9,0,820.3,0,-640.1,0,508.7,0,-572.2,0,735.2,0,-126.8,0,-390.4,0,592.7,0,-746.7,0,301.5,0,-172.1,0,1125.3,0,-950.2,0,756.8,0,-829.2,0,446.6,0,-337.1,0,408.5,0,177.2,0,-215.3,0,669.7,0,-449.6,0,972.2,0,-1202.8,0,1034.2,0,-510.5,0,910.1,0,-765.2
1505,0,909.8,0,-521.4,0,-4.9,0,220.2,0,-355.4,0,265.6,0,0.9,0,612.8,0,-593.7,0,687,0,-649.8,0,575.9,0,-596.3,0,655.4,0,-181.3,0,47.7,0,944.7,0,-73.5,0,449.2,0,-854.5,0,1430.3,0,-1089.9,0,820.3,0,-640.1,0,508.7,0,-572.2,0,735.2,0,-126.8,0,-390.4,0,592.7,0,-746.7,0,301.5,0,-172.1,0,1125.3,0,-950.2,0,756.8,0,-829.2,0,446.6,0,-337.1,0,408.5,0,177.2,0,-215.3,0,669.7,0,-449.6,0,972.2,0,-1202.8,0,1034.2,0,-510.5,0,910.1,0,-765.2,0
1506,909.8,0,-521.4,0,-4.9,0,220.2,0,-355.4,0,265.6,0,0.9,0,612.8,0,-593.7,0,687,0,-649.8,0,575.9,0,-596.3,0,655.4,0,-181.3,0,47.7,0,944.7,0,-73.5,0,449.2,0,-854.5,0,1430.3,0,-1089.9,0,820.3,0,-640.1,0,508.7,0,-572.2,0,735.2,0,-126.8,0,-390.4,0,592.7,0,-746.7,0,301.5,0,-172.1,0,1125.3,0,-950.2,0,756.8,0,-829.2,0,446.6,0,-337.1,0,408.5,0,177.2,0,-215.3,0,669.7,0,-449.6,0,972.2,0,-1202.8,0,1034.2,0,-510.5,0,910.1,0,-765.2,0,-163.7
1507,0,-521.4,0,-4.9,0,220.2,0,-355.4,0,265.6,0,0.9,0,612.8,0,-593.7,0,687,0,-649.8,0,575.9,0,-596.3,0,655.4,0,-181.3,0,47.7,0,944.7,0,-73.5,0,449.2,0,-854.5,0,1430.3,0,-1089.9,0,820.3,0,-640.1,0,508.7,0,-572.2,0,735.2,0,-126.8,0,-390.4,0,592.7,0,-746.7,0,301.5,0,-172.1,0,1125.3,0,-950.2,0,756.8,0,-829.2,0,446.6,0,-337.1,0,408.5,0,177.2,0,-215.3,0,669.7,0,-449.6,0,972.2,0,-1202.8,0,1034.2,0,-510.5,0,910.1,0,-765.2,0,-163.7,0
1508,-521.4,0,-4.9,0,220.2,0,-355.4,0,265.6,0,0.9,0,612.8,0,-593.7,0,687,0,-649.8,0,575.9,0,-596.3,0,655.4,0,-181.3,0,47.7,0,944.7,0,-73.5,0,449.2,0,-854.5,0,1430.3,0,-1089.9,0,820.3,0,-640.1,0,508.7,0,-572.2,0,735.2,0,-126.8,0,-390.4,0,592.7,0,-746.7,0,301.5,0,-172.1,0,1125.3,0,-950.2,0,756.8,0,-829.2,0,446.6,0,-337.1,0,408.5,0,177.2,0,-215.3,0,669.7,0,-449.6,0,972.2,0,-1202.8,0,1034.2,0,-510.5,0,910.1,0,-765.2,0,-163.7,0,229.5
1509,0,-4.9,0,220.2,0,-355.4,0,265.6,0,0.9,0,612.8,0,-593.7,0,687,0,-649.8,0,575.9,0,-596.3,0,655.4,0,-181.3,0,47.7,0,944.7,0,-73.5,0,449.2,0,-854.5,0,1430.3,0,-1089.9,0,820.3,0,-640.1,0,508.7,0,-572.2,0,735.2,0,-126.8,0,-390.4,0,592.7,0,-746.7,0,301.5,0,-172.1,0,1125.3,0,-950.2,0,756.8,0,-829.2,0,446.6,0,-337.1,0,408.5,0,177.2,0,-215.3,0,669.7,0,-449.6,0,972.2,0,-1202.8,0,1034.2,0,-510.5,0,910.1,0,-765.2,0,-163.7,0,229.5,0
1510,-4.9,0,220.2,0,-355.4,0,265.6,0,0.9,0,612.8,0,-593.7,0,687,0,-649.8,0,575.9,0,-596.3,0,655.4,0,-181.3,0,47.7,0,944.7,0,-73.5,0,449.2,0,-854.5,0,1430.3,0,-1089.9,0,820.3,0,-640.1,0,508.7,0,-572.2,0,735.2,0,-126.8,0,-390.4,0,592.7,0,-746.7,0,301.5,0,-172.1,0,1125.3,0,-950.2,0,756.8,0,-829.2,0,446.6,0,-337.1,0,408.5,0,177.2,0,-215.3,0,669.7,0,-449.6,0,972.2,0,-1202.8,0,1034.2,0,-510.5,0,910.1,0,-765.2,0,-163.7,0,229.5,0,378.8
1511,0,220.2,0,-355.4,0,265.6,0,0.9,0,612.8,0,-593.7,0,687,0,-649.8,0,575.9,0,-596.3,0,655.4,0,-181.3,0,47.7,0,944.7,0,-73.5,0,449.2,0,-854.5,0,1430.3,0,-1089.9,0,820.3,0,-640.1,0,508.7,0,-572.2,0,735.2,0,-126.8,0,-390.4,0,592.7,0,-746.7,0,301.5,0,-172.1,0,1125.3,0,-950.2,0,756.8,0,-829.2,0,446.6,0,-337.1,0,408.5,0,177.2,0,-215.3,0,669.7,0,-449.6,0,972.2,0,-1202.8,0,1034.2,0,-510.5,0,910.1,0,-765.2,0,-163.7,0,229.5,0,378.8,0
1512,220.2,0,-355.4,0,265.6,0,0.9,0,612.8,0,-593.7,0,687,0,-649.8,0,575.9,0,-596.3,0,655.4,0,-181.3,0,47.7,0,944.7,0,-73.5,0,449.2,0,-854.5,0,1430.3,0,-1089.9,0,820.3,0,-640.1,0,508.7,0,-572.2,0,735.2,0,-126.8,0,-390.4,0,592.7,0,-746.7,0,301.5,0,-172.1,0,1125.3,0,-950.2,0,756.8,0,-829.2,0,446.6,0,-337.1,0,408.5,0,177.2,0,-215.3,0,669.7,0,-449.6,0,972.2,0,-1202.8,0,1034.2,0,-510.5,0,910.1,0,-765.2,0,-163.7,0,229.5,0,378.8,0,159.4
1513,0,-355.4,0,265.6,0,0.9,0,612.8,0,-593.7,0,687,0,-649.8,0,575.9,0,-596.3,0,655.4,0,-181.3,0,47.7,0,944.7,0,-73.5,0,449.2,0,-854.5,0,1430.3,0,-1089.9,0,820.3,0,-640.1,0,508.7,0,-572.2,0,735.2,0,-126.8,0,-390.4,0,592.7,0,-746.7,0,301.5,0,-172.1,0,1125.3,0,-950.2,0,756.8,0,-829.2,0,446.6,0,-337.1,0,408.5,0,177.2,0,-215.3,0,669.7,0,-449.6,0,972.2,0,-1202.8,0,1034.2,0,-510.5,0,910.1,0,-765.2,0,-163.7,0,229.5,0,378.8,0,159.4,0
1514,-355.4,0,265.6,0,0.9,0,612.8,0,-593.7,0,687,0,-649.8,0,575.9,0,-596.3,0,655.4,0,-181.3,0,47.7,0,944.7,0,-73.5,0,449.2,0,-854.5,0,1430.3,0,-1089.9,0,820.3,0,-640.1,0,508.7,0,-572.2,0,735.2,0,-126.8,0,-390.4,0,592.7,0,-746.7,0,301.5,0,-172.1,0,1125.3,0,-950.2,0,756.8,0,-829.2,0,446.6,0,-337.1,0,408.5,0,177.2,0,-215.3,0,669.7,0,-449.6,0,972.2,0,-1202.8,0,1034.2,0,-510.5,0,910.1,0,-765.2,0,-163.7,0,229.5,0,378.8,0,159.4,0,-544.2
1515,0,265.6,0,0.9,0,612.8,0,-593.7,0,687,0,-649.8,0,575.9,0,-596.3,0,655.4,0,-181.3,0,47.7,0,944.7,0,-73.5,0,449.2,0,-854.5,0,1430.3,0,-1089.9,0,820.3,0,-640.1,0,508.7,0,-572.2,0,735.2,0,-126.8,0,-390.4,0,592.7,0,-746.7,0,301.5,0,-172.1,0,1125.3,0,-950.2,0,756.8,0,-829.2,0,446.6,0,-337.1,0,408.5,0,177.2,0,-215.3,0,669.7,0,-449.6,0,972.2,0,-1202.8,0,1034.2,0,-510.5,0,910.1,0,-765.2,0,-163.7,0,229.5,0,378.8,0,159.4,0,-544.2,0
1516,265.6,0,0.9,0,612.8,0,-593.7,0,687,0,-649.8,0,575.9,0,-596.3,0,655.4,0,-181.3,0,47.7,0,944.7,0,-73.5,0,449.2,0,-854.5,0,1430.3,0,-1089.9,0,820.3,0,-640.1,0,508.7,0,-572.2,0,735.2,0,-126.8,0,-390.4,0,592.7,0,-746.7,0,301.5,0,-172.1,0,1125.3,0,-950.2,0,756.8,0,-829.2,0,446.6,0,-337.1,0,408.5,0,177.2,0,-215.3,0,669.7,0,-449.6,0,972.2,0,-1202.8,0,1034.2,0,-510.5,0,910.1,0,-765.2,0,-163.7,0,229.5,0,378.8,0,159.4,0,-544.2,0,779.1
1517,0,0.9,0,612.8,0,-593.7,0,687,0,-649.8,0,575.9,0,-596.3,0,655.4,0,-181.3,0,47.7,0,944.7,0,-73.5,0,449.2,0,-854.5,0,1430.3,0,-1089.9,0,820.3,0,-640.1,0,508.7,0,-572.2,0,735.2,0,-126.8,0,-390.4,0,592.7,0,-746.7,0,301.5,0,-172.1,0,1125.3,0,-950.2,0,756.8,0,-829.2,0,446.6,0,-337.1,0,408.5,0,177.2,0,-215.3,0,669.7,0,-449.6,0,972.2,0,-1202.8,0,1034.2,0,-510.5,0,910.1,0,-765.2,0,-163.7,0,229.5,0,378.8,0,159.4,0,-544.2,0,779.1,0
1518,0.9,0,612.8,0,-593.7,0,687,0,-649.8,0,575.9,0,-596.3,0,655.4,0,-181.3,0,47.7,0,944.7,0,-73.5,0,449.2,0,-854.5,0,1430.3,0,-1089.9,0,820.3,0,-640.1,0,508.7,0,-572.2,0,735.2,0,-126.8,0,-390.4,0,592.7,0,-746.7,0,301.5,0,-172.1,0,1125.3,0,-950.2,0,756.8,0,-829.2,0,446.6,0,-337.1,0,408.5,0,177.2,0,-215.3,0,669.7,0,-449.6,0,972.2,0,-1202.8,0,1034.2,0,-510.5,0,910.1,0,-765.2,0,-163.7,0,229.5,0,378.8,0,159.4,0,-544.2,0,779.1,0,-782.6
1519,0,612.8,0,-593.7,0,687,0,-649.8,0,575.9,0,-596.3,0,655.4,0,-181.3,0,47.7,0,944.7,0,-73.5,0,449.2,0,-854.5,0,1430.3,0,-1089.9,0,820.3,0,-640.1,0,508.7,0,-572.2,0,735.2,0,-126.8,0,-390.4,0,592.7,0,-746.7,0,301.5,0,-172.1,0,1125.3,0,-950.2,0,756.8,0,-829.2,0,446.6,0,-337.1,0,408.5,0,177.2,0,-215.3,0,669.7,0,-449.6,0,972.2,0,-1202.8,0,1034.2,0,-510.5,0,910.1,0,-765.2,0,-163.7,0,229.5,0,378.8,0,159.4,0,-544.2,0,779.1,0,-782.6,0
1520,612.8,0,-593.7,0,687,0,-649.8,0,575.9,0,-596.3,0,655.4,0,-181.3,0,47.7,0,944.7,0,-73.5,0,449.2,0,-854.5,0,1430.3,0,-1089.9,0,820.3,0,-640.1,0,508.7,0,-572.2,0,735.2,0,-126.8,0,-390.4,0,592.7,0,-746.7,0,301.5,0,-172.1,0,1125.3,0,-950.2,0,756.8,0,-829.2,0,446.6,0,-337.1,0,408.5,0,177.2,0,-215.3,0,669.7,0,-449.6,0,972.2,0,-1202.8,0,1034.2,0,-510.5,0,910.1,0,-765.2,0,-163.7,0,229.5,0,378.8,0,159.4,0,-544.2,0,779.1,0,-782.6,0,231.2
1521,0,-593.7,0,687,0,-649.8,0,575.9,0,-596.3,0,655.4,0,-181.3,0,47.7,0,944.7,0,-73.5,0,449.2,0,-854.5,0,1430.3,0,-1089.9,0,820.3,0,-640.1,0,508.7,0,-572.2,0,735.2,0,-126.8,0,-390.4,0,592.7,0,-746.7,0,301.5,0,-172.1,0,1125.3,0,-950.2,0,756.8,0,-829.2,0,446.6,0,-337.1,0,408.5,0,177.2,0,-215.3,0,669.7,0,-449.6,0,972.2,0,-1202.8,0,1034.2,0,-510.5,0,910.1,0,-765.2,0,-163.7,0,229.5,0,378.8,0,159.4,0,-544.2,0,779.1,0,-782.6,0,231.2,0
1522,-593.7,0,687,0,-649.8,0,575.9,0,-596.3,0,655.4,0,-181.3,0,47.7,0,944.7,0,-73.5,0,449.2,0,-854.5,0,1430.3,0,-1089.9,0,820.3,0,-640.1,0,508.7,0,-572.2,0,735.2,0,-126.8,0,-390.4,0,592.7,0,-746.7,0,301.5,0,-172.1,0,1125.3,0,-950.2,0,756.8,0,-829.2,0,446.6,0,-337.1,0,408.5,0,177.2,0,-215.3,0,669.7,0,-449.6,0,972.2,0,-1202.8,0,1034.2,0,-510.5,0,910.1,0,-765.2,0,-163.7,0,229.5,0,378.8,0,159.4,0,-544.2,0,779.1,0,-782.6,0,231.2,0,-589.4
1523,0,687,0,-649.8,0,575.9,0,-596.3,0,655.4,0,-181.3,0,47.7,0,944.7,0,-73.5,0,449.2,0,-854.5,0,1430.3,0,-1089.9,0,820.3,0,-640.1,0,508.7,0,-572.2,0,735.2,0,-126.8,0,-390.4,0,592.7,0,-746.7,0,301.5,0,-172.1,0,1125.3,0,-950.2,0,756.8,0,-829.2,0,446.6,0,-337.1,0,408.5,0,177.2,0,-215.3,0,669.7,0,-449.6,0,972.2,0,-1202.8,0,1034.2,0,-510.5,0,910.1,0,-765.2,0,-163.7,0,229.5,0,378.8,0,159.4,0,-544.2,0,779.1,0,-782.6,0,231.2,0,-589.4,0
1524,687,0,-649.8,0,575.9,0,-596.3,0,655.4,0,-181.3,0,47.7,0,944.7,0,-73.5,0,449.2,0,-854.5,0,1430.3,0,-1089.9,0,820.3,0,-640.1,0,508.7,0,-572.2,0,735.2,0,-126.8,0,-390.4,0,592.7,0,-746.7,0,301.5,0,-172.1,0,1125.3,0,-950.2,0,756.8,0,-829.2,0,446.6,0,-337.1,0,408.5,0,177.2,0,-215.3,0,669.7,0,-449.6,0,972.2,0,-1202.8,0,1034.2,0,-510.5,0,910.1,0,-765.2,0,-163.7,0,229.5,0,378.8,0,159.4,0,-544.2,0,779.1,0,-782.6,0,231.2,0,-589.4,0,1670.9
1525,0,-649.8,0,575.9,0,-596.3,0,655.4,0,-181.3,0,47.7,0,944.7,0,-73.5,0,449.2,0,-854.5,0,1430.3,0,-1089.9,0,820.3,0,-640.1,0,508.7,0,-572.2,0,735.2,0,-126.8,0,-390.4,0,592.7,0,-746.7,0,301.5,0,-172.1,0,1125.3,0,-950.2,0,756.8,0,-829.2,0,446.6,0,-337.1,0,408.5,0,177.2,0,-215.3,0,669.7,0,-449.6,0,972.2,0,-1202.8,0,1034.2,0,-510.5,0,910.1,0,-765.2,0,-163.7,0,229.5,0,378.8,0,159.4,0,-544.2,0,779.1,0,-782.6,0,231.2,0,-589.4,0,1670.9,0
1526,-649.8,0,575.9,0,-596.3,0,655.4,0,-181.3,0,47.7,0,944.7,0,-73.5,0,449.2,0,-854.5,0,1430.3,0,-1089.9,0,820.3,0,-640.1,0,508.7,0,-572.2,0,735.2,0,-126.8,0,-390.4,0,592.7,0,-746.7,0,301.5,0,-172.1,0,1125.3,0,-950.2,0,756.8,0,-829.2,0,446.6,0,-337.1,0,408.5,0,177.2,0,-215.3,0,669.7,0,-449.6,0,972.2,0,-1202.8,0,1034.2,0,-510.5,0,910.1,0,-765.2,0,-163.7,0,229.5,0,378.8,0,159.4,0,-544.2,0,779.1,0,-782.6,0,231.2,0,-589.4,0,1670.9,0,-1120.5
1527,0,575.9,0,-596.3,0,655.4,0,-181.3,0,47.7,0,944.7,0,-73.5,0,449.2,0,-854.5,0,1430.3,0,-1089.9,0,820.3,0,-640.1,0,508.7,0,-572.2,0,735.2,0,-126.8,0,-390.4,0,592.7,0,-746.7,0,301.5,0,-172.1,0,1125.3,0,-950.2,0,756.8,0,-829.2,0,446.6,0,-337.1,0,408.5,0,177.2,0,-215.3,0,669.7,0,-449.6,0,972.2,0,-1202.8,0,1034.2,0,-510.5,0,910.1,0,-765.2,0,-163.7,0,229.5,0,378.8,0,159.4,0,-544.2,0,779.1,0,-782.6,0,231.2,0,-589.4,0,1670.9,0,-1120.5,0
1528,575.9,0,-596.3,0,655.4,0,-181.3,0,47.7,0,944.7,0,-73.5,0,449.2,0,-854.5,0,1430.3,0,-1089.9,0,820.3,0,-640.1,0,508.7,0,-572.2,0,735.2,0,-126.8,0,-390.4,0,592.7,0,-746.7,0,301.5,0,-172.1,0,1125.3,0,-950.2,0,756.8,0,-829.2,0,446.6,0,-337.1,0,408.5,0,177.2,0,-215.3,0,669.7,0,-449.6,0,972.2,0,-1202.8,0,1034.2,0,-510.5,0,910.1,0,-765.2,0,-163.7,0,229.5,0,378.8,0,159.4,0,-544.2,0,779.1,0,-782.6,0,231.2,0,-589.4,0,1670.9,0,-1120.5,0,1160
1529,0,-596.3,0,655.4,0,-181.3,0,47.7,0,944.7,0,-73.5,0,449.2,0,-854.5,0,1430.3,0,-1089.9,0,820.3,0,-640.1,0,508.7,0,-572.2,0,735.2,0,-126.8,0,-390.4,0,592.7,0,-746.7,0,301.5,0,-172.1,0,1125.3,0,-950.2,0,756.8,0,-829.2,0,446.6,0,-337.1,0,408.5,0,177.2,0,-215.3,0,669.7,0,-449.6,0,972.2,0,-1202.8,0,1034.2,0,-510.5,0,910.1,0,-765.2,0,-163.7,0,229.5,0,378.8,0,159.4,0,-544.2,0,779.1,0,-782.6,0,231.2,0,-589.4,0,1670.9,0,-1120.5,0,1160,0
1530,-596.3,0,655.4,0,-181.3,0,47.7,0,944.7,0,-73.5,0,449.2,0,-854.5,0,1430.3,0,-1089.9,0,820.3,0,-640.1,0,508.7,0,-572.2,0,735.2,0,-126.8,0,-390.4,0,592.7,0,-746.7,0,301.5,0,-172.1,0,1125.3,0,-950.2,0,756.8,0,-829.2,0,446.6,0,-337.1,0,408.5,0,177.2,0,-215.3,0,669.7,0,-449.6,0,972.2,0,-1202.8,0,1034.2,0,-510.5,0,910.1,0,-765.2,0,-163.7,0,229.5,0,378.8,0,159.4,0,-544.2,0,779.1,0,-782.6,0,231.2,0,-589.4,0,1670.9,0,-1120.5,0,1160,0,-1185.4
1531,0,655.4,0,-181.3,0,47.7,0,944.7,0,-73.5,0,449.2,0,-854.5,0,1430.3,0,-1089.9,0,820.3,0,-640.1,0,508.7,0,-572.2,0,735.2,0,-126.8,0,-390.4,0,592.7,0,-746.7,0,301.5,0,-172.1,0,1125.3,0,-950.2,0,756.8,0,-829.2,0,446.6,0,-337.1,0,408.5,0,177.2,0,-215.3,0,669.7,0,-449.6,0,972.2,0,-1202.8,0,1034.2,0,-510.5,0,910.1,0,-765.2,0,-163.7,0,229.5,0,378.8,0,159.4,0,-544.2,0,779.1,0,-782.6,0,231.2,0,-589.4,0,1670.9,0,-1120.5,0,1160,0,-1185.4,0
1532,655.4,0,-181.3,0,47.7,0,944.7,0,-73.5,0,449.2,0,-854.5,0,1430.3,0,-1089.9,0,820.3,0,-640.1,0,508.7,0,-572.2,0,735.2,0,-126.8,0,-390.4,0,592.7,0,-746.7,0,301.5,0,-172.1,0,1125.3,0,-950.2,0,756.8,0,-829.2,0,446.6,0,-337.1,0,408.5,0,177.2,0,-215.3,0,669.7,0,-449.6,0,972.2,0,-1202.8,0,1034.2,0,-510.5,0,910.1,0,-765.2,0,-163.7,0,229.5,0,378.8,0,159.4,0,-544.2,0,779.1,0,-782.6,0,231.2,0,-589.4,0,1670.9,0,-1120.5,0,1160,0,-1185.4,0,394.7
1533,0,-181.3,0,47.7,0,944.7,0,-73.5,0,449.2,0,-854.5,0,1430.3,0,-1089.9,0,820.3,0,-640.1,0,508.7,0,-572.2,0,735.2,0,-126.8,0,-390.4,0,592.7,0,-746.7,0,301.5,0,-172.1,0,1125.3,0,-950.2,0,756.8,0,-829.2,0,446.6,0,-337.1,0,408.5,0,177.2,0,-215.3,0,669.7,0,-449.6,0,972.2,0,-1202.8,0,1034.2,0,-510.5,0,910.1,0,-765.2,0,-163.7,0,229.5,0,378.8,0,159.4,0,-544.2,0,779.1,0,-782.6,0,231.2,0,-589.4,0,1670.9,0,-1120.5,0,1160,0,-1185.4,0,394.7,0
1534,-181.3,0,47.7,0,944.7,0,-73.5,0,449.2,0,-854.5,0,1430.3,0,-1089.9,0,820.3,0,-640.1,0,508.7,0,-572.2,0,735.2,0,-126.8,0,-390.4,0,592.7,0,-746.7,0,301.5,0,-172.1,0,1125.3,0,-950.2,0,756.8,0,-829.2,0,446.6,0,-337.1,0,408.5,0,177.2,0,-215.3,0,669.7,0,-449.6,0,972.2,0,-1202.8,0,1034.2,0,-510.5,0,910.1,0,-765.2,0,-163.7,0,229.5,0,378.8,0,159.4,0,-544.2,0,779.1,0,-782.6,0,231.2,0,-589.4,0,1670.9,0,-1120.5,0,1160,0,-1185.4,0,394.7,0,-179.4
1535,0,47.7,0,944.7,0,-73.5,0,449.2,0,-854.5,0,1430.3,0,-1089.9,0,820.3,0,-640.1,0,508.7,0,-572.2,0,735.2,0,-126.8,0,-390.4,0,592.7,0,-746.7,0,301.5,0,-172.1,0,1125.3,0,-950.2,0,756.8,0,-829.2,0,446.6,0,-337.1,0,408.5,0,177.2,0,-215.3,0,669.7,0,-449.6,0,972.2,0,-1202.8,0,1034.2,0,-510.5,0,910.1,0,-765.2,0,-163.7,0,229.5,0,378.8,0,159.4,0,-544.2,0,779.1,0,-782.6,0,231.2,0,-589.4,0,1670.9,0,-1120.5,0,1160,0,-1185.4,0,394.7,0,-179.4,0
1536,47.7,0,944.7,0,-73.5,0,449.2,0,-854.5,0,1430.3,0,-1089.9,0,820.3,0,-640.1,0,508.7,0,-572.2,0,735.2,0,-126.8,0,-390.4,0,592.7,0,-746.7,0,301.5,0,-172.1,0,1125.3,0,-950.2,0,756.8,0,-829.2,0,446.6,0,-337.1,0,408.5,0,177.2,0,-215.3,0,669.7,0,-449.6,0,972.2,0,-1202.8,0,1034.2,0,-510.5,0,910.1,0,-765.2,0,-163.7,0,229.5,0,378.8,0,159.4,0,-544.2,0,779.1,0,-782.6,0,231.2,0,-589.4,0,1670.9,0,-1120.5,0,1160,0,-1185.4,0,394.7,0,-179.4,0,-115.9
1537,0,944.7,0,-73.5,0,449.2,0,-854.5,0,1430.3,0,-1089.9,0,820.3,0,-640.1,0,508.7,0,-572.2,0,735.2,0,-126.8,0,-390.4,0,592.7,0,-746.7,0,301.5,0,-172.1,0,1125.3,0,-950.2,0,756.8,0,-829.2,0,446.6,0,-337.1,0,408.5,0,177.2,0,-215.3,0,669.7,0,-449.6,0,972.2,0,-1202.8,0,1034.2,0,-510.5,0,910.1,0,-765.2,0,-163.7,0,229.5,0,378.8,0,159.4,0,-544.2,0,779.1,0,-782.6,0,231.2,0,-589.4,0,1670.9,0,-1120.5,0,1160,0,-1185.4,0,394.7,0,-179.4,0,-115.9,0
1538,944.7,0,-73.5,0,449.2,0,-854.5,0,1430.3,0,-1089.9,0,820.3,0,-640.1,0,508.7,0,-572.2,0,735.2,0,-126.8,0,-390.4,0,592.7,0,-746.7,0,301.5,0,-172.1,0,1125.3,0,-950.2,0,756.8,0,-829.2,0,446.6,0,-337.1,0,408.5,0,177.2,0,-215.3,0,669.7,0,-449.6,0,972.2,0,-1202.8,0,1034.2,0,-510.5,0,910.1,0,-765.2,0,-163.7,0,229.5,0,378.8,0,159.4,0,-544.2,0,779.1,0,-782.6,0,231.2,0,-589.4,0,1670.9,0,-1120.5,0,1160,0,-1185.4,0,394.7,0,-179.4,0,-115.9,0,172.4
1539,0,-73.5,0,449.2,0,-854.5,0,1430.3,0,-1089.9,0,820.3,0,-640.1,0,508.7,0,-572.2,0,735.2,0,-126.8,0,-390.4,0,592.7,0,-746.7,0,301.5,0,-172.1,0,1125.3,0,-950.2,0,756.8,0,-829.2,0,446.6,0,-337.1,0,408.5,0,177.2,0,-215.3,0,669.7,0,-449.6,0,972.2,0,-1202.8,0,1034.2,0,-510.5,0,910.1,0,-765.2,0,-163.7,0,229.5,0,378.8,0,159.4,0,-544.2,0,779.1,0,-782.6,0,231.2,0,-589.4,0,1670.9,0,-1120.5,0,1160,0,-1185.4,0,394.7,0,-179.4,0,-115.9,0,172.4,0
1540,-73.5,0,449.2,0,-854.5,0,1430.3,0,-1089.9,0,820.3,0,-640.1,0,508.7,0,-572.2,0,735.2,0,-126.8,0,-390.4,0,592.7,0,-746.7,0,301.5,0,-172.1,0,1125.3,0,-950.2,0,756.8,0,-829.2,0,446.6,0,-337.1,0,408.5,0,177.2,0,-215.3,0,669.7,0,-449.6,0,972.2,0,-1202.8,0,1034.2,0,-510.5,0,910.1,0,-765.2,0,-163.7,0,229.5,0,378.8,0,159.4,0,-544.2,0,779.1,0,-782.6,0,231.2,0,-589.4,0,1670.9,0,-1120.5,0,1160,0,-1185.4,0,394.7,0,-179.4,0,-115.9,0,172.4,0,-265.6
1541,0,449.2,0,-854.5,0,1430.3,0,-1089.9,0,820.3,0,-640.1,0,508.7,0,-572.2,0,735.2,0,-126.8,0,-390.4,0,592.7,0,-746.7,0,301.5,0,-172.1,0,1125.3,0,-950.2,0,756.8,0,-829.2,0,446.6,0,-337.1,0,408.5,0,177.2,0,-215.3,0,669.7,0,-449.6,0,972.2,0,-1202.8,0,1034.2,0,-510.5,0,910.1,0,-765.2,0,-163.7,0,229.5,0,378.8,0,159.4,0,-544.2,0,779.1,0,-782.6,0,231.2,0,-589.4,0,1670.9,0,-1120.5,0,1160,0,-1185.4,0,394.7,0,-179.4,0,-115.9,0,172.4,0,-265.6,0
1542,449.2,0,-854.5,0,1430.3,0,-1089.9,0,820.3,0,-640.1,0,508.7,0,-572.2,0,735.2,0,-126.8,0,-390.4,0,592.7,0,-746.7,0,301.5,0,-172.1,0,1125.3,0,-950.2,0,756.8,0,-829.2,0,446.6,0,-337.1,0,408.5,0,177.2,0,-215.3,0,669.7,0,-449.6,0,972.2,0,-1202.8,0,1034.2,0,-510.5,0,910.1,0,-765.2,0,-163.7,0,229.5,0,378.8,0,159.4,0,-544.2,0,779.1,0,-782.6,0,231.2,0,-589.4,0,1670.9,0,-1120.5,0,1160,0,-1185.4,0,394.7,0,-179.4,0,-115.9,0,172.4,0,-265.6,0,926.3
1543,0,-854.5,0,1430.3,0,-1089.9,0,820.3,0,-640.1,0,508.7,0,-572.2,0,735.2,0,-126.8,0,-390.4,0,592.7,0,-746.7,0,301.5,0,-172.1,0,1125.3,0,-950.2,0,756.8,0,-829.2,0,446.6,0,-337.1,0,408.5,0,177.2,0,-215.3,0,669.7,0,-449.6,0,972.2,0,-1202.8,0,1034.2,0,-510.5,0,910.1,0,-765.2,0,-163.7,0,229.5,0,378.8,0,159.4,0,-544.2,0,779.1,0,-782.6,0,231.2,0,-589.4,0,1670.9,0,-1120.5,0,1160,0,-1185.4,0,394.7,0,-179.4,0,-115.9,0,172.4,0,-265.6,0,926.3,0
1544,-854.5,0,1430.3,0,-1089.9,0,820.3,0,-640.1,0,508.7,0,-572.2,0,735.2,0,-126.8,0,-390.4,0,592.7,0,-746.7,0,301.5,0,-172.1,0,1125.3,0,-950.2,0,756.8,0,-829.2,0,446.6,0,-337.1,0,408.5,0,177.2,0,-215.3,0,669.7,0,-449.6,0,972.2,0,-1202.8,0,1034.2,0,-510.5,0,910.1,0,-765.2,0,-163.7,0,229.5,0,378.8,0,159.4,0,-544.2,0,779.1,0,-782.6,0,231.2,0,-589.4,0,1670.9,0,-1120.5,0,1160,0,-1185.4,0,394.7,0,-179.4,0,-115.9,0,172.4,0,-265.6,0,926.3,0,-969.3
1545,0,1430.3,0,-1089.9,0,820.3,0,-640.1,0,508.7,0,-572.2,0,735.2,0,-126.8,0,-390.4,0,592.7,0,-746.7,0,301.5,0,-172.1,0,1125.3,0,-950.2,0,756.8,0,-829.2,0,446.6,0,-337.1,0,408.5,0,177.2,0,-215.3,0,669.7,0,-449.6,0,972.2,0,-1202.8,0,1034.2,0,-510.5,0,910.1,0,-765.2,0,-163.7,0,229.5,0,378.8,0,159.4,0,-544.2,0,779.1,0,-782.6,0,231.2,0,-589.4,0,1670.9,0,-1120.5,0,1160,0,-1185.4,0,394.7,0,-179.4,0,-115.9,0,172.4,0,-265.6,0,926.3,0,-969.3,0
1546,1430.3,0,-1089.9,0,820.3,0,-640.1,0,508.7,0,-572.2,0,735.2,0,-126.8,0,-390.4,0,592.7,0,-746.7,0,301.5,0,-172.1,0,1125.3,0,-950.2,0,756.8,0,-829.2,0,446.6,0,-337.1,0,408.5,0,177.2,0,-215.3,0,669.7,0,-449.6,0,972.2,0,-1202.8,0,1034.2,0,-510.5,0,910.1,0,-765.2,0,-163.7,0,229.5,0,378.8,0,159.4,0,-544.2,0,779.1,0,-782.6,0,231.2,0,-589.4,0,1670.9,0,-1120.5,0,1160,0,-1185.4,0,394.7,0,-179.4,0,-115.9,0,172.4,0,-265.6,0,926.3,0,-969.3,0,1186.1
1547,0,-1089.9,0,820.3,0,-640.1,0,508.7,0,-572.2,0,735.2,0,-126.8,0,-390.4,0,592.7,0,-746.7,0,301.5,0,-172.1,0,1125.3,0,-950.2,0,756.8,0,-829.2,0,446.6,0,-337.1,0,408.5,0,177.2,0,-215.3,0,669.7,0,-449.6,0,972.2,0,-1202.8,0,1034.2,0,-510.5,0,910.1,0,-765.2,0,-163.7,0,229.5,0,378.8,0,159.4,0,-544.2,0,779.1,0,-782.6,0,231.2,0,-589.4,0,1670.9,0,-1120.5,0,1160,0,-1185.4,0,394.7,0,-179.4,0,-115.9,0,172.4,0,-265.6,0,926.3,0,-969.3,0,1186.1,0
1548,-1089.9,0,820.3,0,-640.1,0,508.7,0,-572.2,0,735.2,0,-126.8,0,-390.4,0,592.7,0,-746.7,0,301.5,0,-172.1,0,1125.3,0,-950.2,0,756.8,0,-829.2,0,446.6,0,-337.1,0,408.5,0,177.2,0,-215.3,0,669.7,0,-449.6,0,972.2,0,-1202.8,0,1034.2,0,-510.5,0,910.1,0,-765.2,0,-163.7,0,229.5,0,378.8,0,159.4,0,-544.2,0,779.1,0,-782.6,0,231.2,0,-589.4,0,1670.9,0,-1120.5,0,1160,0,-1185.4,0,394.7,0,-179.4,0,-115.9,0,172.4,0,-265.6,0,926.3,0,-969.3,0,1186.1,0,-1386.1
1549,0,820.3,0,-640.1,0,508.7,0,-572.2,0,735.2,0,-126.8,0,-390.4,0,592.7,0,-746.7,0,301.5,0,-172.1,0,1125.3,0,-950.2,0,756.8,0,-829.2,0,446.6,0,-337.1,0,408.5,0,177.2,0,-215.3,0,669.7,0,-449.6,0,972.2,0,-1202.8,0,1034.2,0,-510.5,0,910.1,0,-765.2,0,-163.7,0,229.5,0,378.8,0,159.4,0,-544.2,0,779.1,0,-782.6,0,231.2,0,-589.4,0,1670.9,0,-1120.5,0,1160,0,-1185.4,0,394.7,0,-179.4,0,-115.9,0,172.4,0,-265.6,0,926.3,0,-969.3,0,1186.1,0,-1386.1,0
1550,820.3,0,-640.1,0,508.7,0,-572.2,0,735.2,0,-126.8,0,-390.4,0,592.7,0,-746.7,0,301.5,0,-172.1,0,1125.3,0,-950.2,0,756.8,0,-829.2,0,446.6,0,-337.1,0,408.5,0,177.2,0,-215.3,0,669.7,0,-449.6,0,972.2,0,-1202.8,0,1034.2,0,-510.5,0,910.1,0,-765.2,0,-163.7,0,229.5,0,378.8,0,159.4,0,-544.2,0,779.1,0,-782.6,0,231.2,0,-589.4,0,1670.9,0,-1120.5,0,1160,0,-1185.4,0,394.7,0,-179.4,0,-115.9,0,172.4,0,-265.6,0,926.3,0,-969.3,0,1186.1,0,-1386.1,0,1421.3
1551,0,-640.1,0,508.7,0,-572.2,0,735.2,0,-126.8,0,-390.4,0,592.7,0,-746.7,0,301.5,0,-172.1,0,1125.3,0,-950.2,0,756.8,0,-829.2,0,446.6,0,-337.1,0,408.5,0,177.2,0,-215.3,0,669.7,0,-449.6,0,972.2,0,-1202.8,0,1034.2,0,-510.5,0,910.1,0,-765.2,0,-163.7,0,229.5,0,378.8,0,159.4,0,-544.2,0,779.1,0,-782.6,0,231.2,0,-589.4,0,1670.9,0,-1120.5,0,1160,0,-1185.4,0,394.7,0,-179.4,0,-115.9,0,172.4,0,-265.6,0,926.3,0,-969.3,0,1186.1,0,-1386.1,0,1421.3,0
1552,-640.1,0,508.7,0,-572.2,0,735.2,0,-126.8,0,-390.4,0,592.7,0,-746.7,0,301.5,0,-172.1,0,1125.3,0,-950.2,0,756.8,0,-829.2,0,446.6,0,-337.1,0,408.5,0,177.2,0,-215.3,0,669.7,0,-449.6,0,972.2,0,-1202.8,0,1034.2,0,-510.5,0,910.1,0,-765.2,0,-163.7,0,229.5,0,378.8,0,159.4,0,-544.2,0,779.1,0,-782.6,0,231.2,0,-589.4,0,1670.9,0,-1120.5,0,1160,0,-1185.4,0,394.7,0,-179.4,0,-115.9,0,172.4,0,-265.6,0,926.3,0,-969.3,0,1186.1,0,-1386.1,0,1421.3,0,-710.6
1553,0,508.7,0,-572.2,0,735.2,0,-126.8,0,-390.4,0,592.7,0,-746.7,0,301.5,0,-172.1,0,1125.3,0,-950.2,0,756.8,0,-829.2,0,446.6,0,-337.1,0,408.5,0,177.2,0,-215.3,0,669.7,0,-449.6,0,972.2,0,-1202.8,0,1034.2,0,-510.5,0,910.1,0,-765.2,0,-163.7,0,229.5,0,378.8,0,159.4,0,-544.2,0,779.1,0,-782.6,0,231.2,0,-589.4,0,1670.9,0,-1120.5,0,1160,0,-1185.4,0,394.7,0,-179.4,0,-115.9,0,172.4,0,-265.6,0,926.3,0,-969.3,0,1186.1,0,-1386.1,0,1421.3,0,-710.6,0
1554,508.7,0,-572.2,0,735.2,0,-126.8,0,-390.4,0,592.7,0,-746.7,0,301.5,0,-172.1,0,1125.3,0,-950.2,0,756.8,0,-829.2,0,446.6,0,-337.1,0,408.5,0,177.2,0,-215.3,0,669.7,0,-449.6,0,972.2,0,-1202.8,0,1034.2,0,-510.5,0,910.1,0,-765.2,0,-163.7,0,229.5,0,378.8,0,159.4,0,-544.2,0,779.1,0,-782.6,0,231.2,0,-589.4,0,1670.9,0,-1120.5,0,1160,0,-1185.4,0,394.7,0,-179.4,0,-115.9,0,172.4,0,-265.6,0,926.3,0,-969.3,0,1186.1,0,-1386.1,0,1421.3,0,-710.6,0,873.5
1555,0,-572.2,0,735.2,0,-126.8,0,-390.4,0,592.7,0,-746.7,0,301.5,0,-172.1,0,1125.3,0,-950.2,0,756.8,0,-829.2,0,446.6,0,-337.1,0,408.5,0,177.2,0,-215.3,0,669.7,0,-449.6,0,972.2,0,-1202.8,0,1034.2,0,-510.5,0,910.1,0,-765.2,0,-163.7,0,229.5,0,378.8,0,159.4,0,-544.2,0,779.1,0,-782.6,0,231.2,0,-589.4,0,1670.9,0,-1120.5,0,1160,0,-1185.4,0,394.7,0,-179.4,0,-115.9,0,172.4,0,-265.6,0,926.3,0,-969.3,0,1186.1,0,-1386.1,0,1421.3,0,-710.6,0,873.5,0
1556,-572.2,0,735.2,0,-126.8,0,-390.4,0,592.7,0,-746.7,0,301.5,0,-172.1,0,1125.3,0,-950.2,0,756.8,0,-829.2,0,446.6,0,-337.1,0,408.5,0,177.2,0,-215.3,0,669.7,0,-449.6,0,972.2,0,-1202.8,0,1034.2,0,-510.5,0,910.1,0,-765.2,0,-163.7,0,229.5,0,378.8,0,159.4,0,-544.2,0,779.1,0,-782.6,0,231.2,0,-589.4,0,1670.9,0,-1120.5,0,1160,0,-1185.4,0,394.7,0,-179.4,0,-115.9,0,172.4,0,-265.6,0,926.3,0,-969.3,0,1186.1,0,-1386.1,0,1421.3,0,-710.6,0,873.5,0,-745
1557,0,735.2,0,-126.8,0,-390.4,0,592.7,0,-746.7,0,301.5,0,-172.1,0,1125.3,0,-950.2,0,756.8,0,-829.2,0,446.6,0,-337.1,0,408.5,0,177.2,0,-215.3,0,669.7,0,-449.6,0,972.2,0,-1202.8,0,1034.2,0,-510.5,0,910.1,0,-765.2,0,-163.7,0,229.5,0,378.8,0,159.4,0,-544.2,0,779.1,0,-782.6,0,231.2,0,-589.4,0,1670.9,0,-1120.5,0,1160,0,-1185.4,0,394.7,0,-179.4,0,-115.9,0,172.4,0,-265.6,0,926.3,0,-969.3,0,1186.1,0,-1386.1,0,1421.3,0,-710.6,0,873.5,0,-745,0
1558,735.2,0,-126.8,0,-390.4,0,592.7,0,-746.7,0,301.5,0,-172.1,0,1125.3,0,-950.2,0,756.8,0,-829.2,0,446.6,0,-337.1,0,408.5,0,177.2,0,-215.3,0,669.7,0,-449.6,0,972.2,0,-1202.8,0,1034.2,0,-510.5,0,910.1,0,-765.2,0,-163.7,0,229.5,0,378.8,0,159.4,0,-544.2,0,779.1,0,-782.6,0,231.2,0,-589.4,0,1670.9,0,-1120.5,0,1160,0,-1185.4,0,394.7,0,-179.4,0,-115.9,0,172.4,0,-265.6,0,926.3,0,-969.3,0,1186.1,0,-1386.1,0,1421.3,0,-710.6,0,873.5,0,-745,0,144.9
1559,0,-126.8,0,-390.4,0,592.7,0,-746.7,0,301.5,0,-172.1,0,1125.3,0,-950.2,0,756.8,0,-829.2,0,446.6,0,-337.1,0,408.5,0,177.2,0,-215.3,0,669.7,0,-449.6,0,972.2,0,-1202.8,0,1034.2,0,-510.5,0,910.1,0,-765.2,0,-163.7,0,229.5,0,378.8,0,159.4,0,-544.2,0,779.1,0,-782.6,0,231.2,0,-589.4,0,1670.9,0,-1120.5,0,1160,0,-1185.4,0,394.7,0,-179.4,0,-115.9,0,172.4,0,-265.6,0,926.3,0,-969.3,0,1186.1,0,-1386.1,0,1421.3,0,-710.6,0,873.5,0,-745,0,144.9,0
1560,-126.8,0,-390.4,0,592.7,0,-746.7,0,301.5,0,-172.1,0,1125.3,0,-950.2,0,756.8,0,-829.2,0,446.6,0,-337.1,0,408.5,0,177.2,0,-215.3,0,669.7,0,-449.6,0,972.2,0,-1202.8,0,1034.2,0,-510.5,0,910.1,0,-765.2,0,-163.7,0,229.5,0,378.8,0,159.4,0,-544.2,0,779.1,0,-782.6,0,231.2,0,-589.4,0,1670.9,0,-1120.5,0,1160,0,-1185.4,0,394.7,0,-179.4,0,-115.9,0,172.4,0,-265.6,0,926.3,0,-969.3,0,1186.1,0,-1386.1,0,1421.3,0,-710.6,0,873.5,0,-745,0,144.9,0,274.8
1561,0,-390.4,0,592.7,0,-746.7,0,301.5,0,-172.1,0,1125.3,0,-950.2,0,756.8,0,-829.2,0,446.6,0,-337.1,0,408.5,0,177.2,0,-215.3,0,669.7,0,-449.6,0,972.2,0,-1202.8,0,1034.2,0,-510.5,0,910.1,0,-765.2,0,-163.7,0,229.5,0,378.8,0,159.4,0,-544.2,0,779.1,0,-782.6,0,231.2,0,-589.4,0,1670.9,0,-1120.5,0,1160,0,-1185.4,0,394.7,0,-179.4,0,-115.9,0,172.4,0,-265.6,0,926.3,0,-969.3,0,1186.1,0,-1386.1,0,1421.3,0,-710.6,0,873.5,0,-745,0,144.9,0,274.8,0
1562,-390.4,0,592.7,0,-746.7,0,301.5,0,-172.1,0,1125.3,0,-950.2,0,756.8,0,-829.2,0,446.6,0,-337.1,0,408.5,0,177.2,0,-215.3,0,669.7,0,-449.6,0,972.2,0,-1202.8,0,1034.2,0,-510.5,0,910.1,0,-765.2,0,-163.7,0,229.5,0,378.8,0,159.4,0,-544.2,0,779.1,0,-782.6,0,231.2,0,-589.4,0,1670.9,0,-1120.5,0,1160,0,-1185.4,0,394.7,0,-179.4,0,-115.9,0,172.4,0,-265.6,0,926.3,0,-969.3,0,1186.1,0,-1386.1,0,1421.3,0,-710.6,0,873.5,0,-745,0,144.9,0,274.8,0,399.3
1563,0,592.7,0,-746.7,0,301.5,0,-172.1,0,1125.3,0,-950.2,0,756.8,0,-829.2,0,446.6,0,-337.1,0,408.5,0,177.2,0,-215.3,0,669.7,0,-449.6,0,972.2,0,-1202.8,0,1034.2,0,-510.5,0,910.1,0,-765.2,0,-163.7,0,229.5,0,378.8,0,159.4,0,-544.2,0,779.1,0,-782.6,0,231.2,0,-589.4,0,1670.9,0,-1120.5,0,1160,0,-1185.4,0,394.7,0,-179.4,0,-115.9,0,172.4,0,-265.6,0,926.3,0,-969.3,0,1186.1,0,-1386.1,0,1421.3,0,-710.6,0,873.5,0,-745,0,144.9,0,274.8,0,399.3,0
1564,592.7,0,-746.7,0,301.5,0,-172.1,0,1125.3,0,-950.2,0,756.8,0,-829.2,0,446.6,0,-337.1,0,408.5,0,177.2,0,-215.3,0,669.7,0,-449.6,0,972.2,0,-1202.8,0,1034.2,0,-510.5,0,910.1,0,-765.2,0,-163.7,0,229.5,0,378.8,0,159.4,0,-544.2,0,779.1,0,-782.6,0,231.2,0,-589.4,0,1670.9,0,-1120.5,0,1160,0,-1185.4,0,394.7,0,-179.4,0,-115.9,0,172.4,0,-265.6,0,926.3,0,-969.3,0,1186.1,0,-1386.1,0,1421.3,0,-710.6,0,873.5,0,-745,0,144.9,0,274.8,0,399.3,0,405.9
1565,0,-746.7,0,301.5,0,-172.1,0,1125.3,0,-950.2,0,756.8,0,-829.2,0,446.6,0,-337.1,0,408.5,0,177.2,0,-215.3,0,669.7,0,-449.6,0,972.2,0,-1202.8,0,1034.2,0,-510.5,0,910.1,0,-765.2,0,-163.7,0,229.5,0,378.8,0,159.4,0,-544.2,0,779.1,0,-782.6,0,231.2,0,-589.4,0,1670.9,0,-1120.5,0,1160,0,-1185.4,0,394.7,0,-179.4,0,-115.9,0,172.4,0,-265.6,0,926.3,0,-969.3,0,1186.1,0,-1386.1,0,1421.3,0,-710.6,0,873.5,0,-745,0,144.9,0,274.8,0,399.3,0,405.9,0
1566,-746.7,0,301.5,0,-172.1,0,1125.3,0,-950.2,0,756.8,0,-829.2,0,446.6,0,-337.1,0,408.5,0,177.2,0,-215.3,0,669.7,0,-449.6,0,972.2,0,-1202.8,0,1034.2,0,-510.5,0,910.1,0,-765.2,0,-163.7,0,229.5,0,378.8,0,159.4,0,-544.2,0,779.1,0,-782.6,0,231.2,0,-589.4,0,1670.9,0,-1120.5,0,1160,0,-1185.4,0,394.7,0,-179.4,0,-115.9,0,172.4,0,-265.6,0,926.3,0,-969.3,0,1186.1,0,-1386.1,0,1421.3,0,-710.6,0,873.5,0,-745,0,144.9,0,274.8,0,399.3,0,405.9,0,-934.8
1567,0,301.5,0,-172.1,0,1125.3,0,-950.2,0,756.8,0,-829.2,0,446.6,0,-337.1,0,408.5,0,177.2,0,-215.3,0,669.7,0,-449.6,0,972.2,0,-1202.8,0,1034.2,0,-510.5,0,910.1,0,-765.2,0,-163.7,0,229.5,0,378.8,0,159.4,0,-544.2,0,779.1,0,-782.6,0,231.2,0,-589.4,0,1670.9,0,-1120.5,0,1160,0,-1185.4,0,394.7,0,-179.4,0,-115.9,0,172.4,0,-265.6,0,926.3,0,-969.3,0,1186.1,0,-1386.1,0,1421.3,0,-710.6,0,873.5,0,-745,0,144.9,0,274.8,0,399.3,0,405.9,0,-934.8,0
1568,301.5,0,-172.1,0,1125.3,0,-950.2,0,756.8,0,-829.2,0,446.6,0,-337.1,0,408.5,0,177.2,0,-215.3,0,669.7,0,-449.6,0,972.2,0,-1202.8,0,1034.2,0,-510.5,0,910.1,0,-765.2,0,-163.7,0,229.5,0,378.8,0,159.4,0,-544.2,0,779.1,0,-782.6,0,231.2,0,-589.4,0,1670.9,0,-1120.5,0,1160,0,-1185.4,0,394.7,0,-179.4,0,-115.9,0,172.4,0,-265.6,0,926.3,0,-969.3,0,1186.1,0,-1386.1,0,1421.3,0,-710.6,0,873.5,0,-745,0,144.9,0,274.8,0,399.3,0,405.9,0,-934.8,0,1613.6
1569,0,-172.1,0,1125.3,0,-950.2,0,756.8,0,-829.2,0,446.6,0,-337.1,0,408.5,0,177.2,0,-215.3,0,669.7,0,-449.6,0,972.2,0,-1202.8,0,1034.2,0,-510.5,0,910.1,0,-765.2,0,-163.7,0,229.5,0,378.8,0,159.4,0,-544.2,0,779.1,0,-782.6,0,231.2,0,-589.4,0,1670.9,0,-1120.5,0,1160,0,-1185.4,0,394.7,0,-179.4,0,-115.9,0,172.4,0,-265.6,0,926.3,0,-969.3,0,1186.1,0,-1386.1,0,1421.3,0,-710.6,0,873.5,0,-745,0,144.9,0,274.8,0,399.3,0,405.9,0,-934.8,0,1613.6,0
1570,-172.1,0,1125.3,0,-950.2,0,756.8,0,-829.2,0,446.6,0,-337.1,0,408.5,0,177.2,0,-215.3,0,669.7,0,-449.6,0,972.2,0,-1202.8,0,1034.2,0,-510.5,0,910.1,0,-765.2,0,-163.7,0,229.5,0,378.8,0,159.4,0,-544.2,0,779.1,0,-782.6,0,231.2,0,-589.4,0,1670.9,0,-1120.5,0,1160,0,-1185.4,0,394.7,0,-179.4,0,-115.9,0,172.4,0,-265.6,0,926.3,0,-969.3,0,1186.1,0,-1386.1,0,1421.3,0,-710.6,0,873.5,0,-745,0,144.9,0,274.8,0,399.3,0,405.9,0,-934.8,0,1613.6,0,-1229.9
1571,0,1125.3,0,-950.2,0,756.8,0,-829.2,0,446.6,0,-337.1,0,408.5,0,177.2,0,-215.3,0,669.7,0,-449.6,0,972.2,0,-1202.8,0,1034.2,0,-510.5,0,910.1,0,-765.2,0,-163.7,0,229.5,0,378.8,0,159.4,0,-544.2,0,779.1,0,-782.6,0,231.2,0,-589.4,0,1670.9,0,-1120.5,0,1160,0,-1185.4,0,394.7,0,-179.4,0,-115.9,0,172.4,0,-265.6,0,926.3,0,-969.3,0,1186.1,0,-1386.1,0,1421.3,0,-710.6,0,873.5,0,-745,0,144.9,0,274.8,0,399.3,0,405.9,0,-934.8,0,1613.6,0,-1229.9,0
1572,1125.3,0,-950.2,0,756.8,0,-829.2,0,446.6,0,-337.1,0,408.5,0,177.2,0,-215.3,0,669.7,0,-449.6,0,972.2,0,-1202.8,0,1034.2,0,-510.5,0,910.1,0,-765.2,0,-163.7,0,229.5,0,378.8,0,159.4,0,-544.2,0,779.1,0,-782.6,0,231.2,0,-589.4,0,1670.9,0,-1120.5,0,1160,0,-1185.4,0,394.7,0,-179.4,0,-115.9,0,172.4,0,-265.6,0,926.3,0,-969.3,0,1186.1,0,-1386.1,0,1421.3,0,-710.6,0,873.5,0,-745,0,144.9,0,274.8,0,399.3,0,405.9,0,-934.8,0,1613.6,0,-1229.9,0,564.8
1573,0,-950.2,0,756.8,0,-829.2,0,446.6,0,-337.1,0,408.5,0,177.2,0,-215.3,0,669.7,0,-449.6,0,972.2,0,-1202.8,0,1034.2,0,-510.5,0,910.1,0,-765.2,0,-163.7,0,229.5,0,378.8,0,159.4,0,-544.2,0,779.1,0,-782.6,0,231.2,0,-589.4,0,1670.9,0,-1120.5,0,1160,0,-1185.4,0,394.7,0,-179.4,0,-115.9,0,172.4,0,-265.6,0,926.3,0,-969.3,0,1186.1,0,-1386.1,0,1421.3,0,-710.6,0,873.5,0,-745,0,144.9,0,274.8,0,399.3,0,405.9,0,-934.8,0,1613.6,0,-1229.9,0,564.8,0
1574,-950.2,0,756.8,0,-829.2,0,446.6,0,-337.1,0,408.5,0,177.2,0,-215.3,0,669.7,0,-449.6,0,972.2,0,-1202.8,0,1034.2,0,-510.5,0,910.1,0,-765.2,0,-163.7,0,229.5,0,378.8,0,159.4,0,-544.2,0,779.1,0,-782.6,0,231.2,0,-589.4,0,1670.9,0,-1120.5,0,1160,0,-1185.4,0,394.7,0,-179.4,0,-115.9,0,172.4,0,-265.6,0,926.3,0,-969.3,0,1186.1,0,-1386.1,0,1421.3,0,-710.6,0,873.5,0,-745,0,144.9,0,274.8,0,399.3,0,405.9,0,-934.8,0,1613.6,0,-1229.9,0,564.8,0,-666.6
1575,0,756.8,0,-829.2,0,446.6,0,-337.1,0,408.5,0,177.2,0,-215.3,0,669.7,0,-449.6,0,972.2,0,-1202.8,0,1034.2,0,-510.5,0,910.1,0,-765.2,0,-163.7,0,229.5,0,378.8,0,159.4,0,-544.2,0,779.1,0,-782.6,0,231.2,0,-589.4,0,1670.9,0,-1120.5,0,1160,0,-1185.4,0,394.7,0,-179.4,0,-115.9,0,172.4,0,-265.6,0,926.3,0,-969.3,0,1186.1,0,-1386.1,0,1421.3,0,-710.6,0,873.5,0,-745,0,144.9,0,274.8,0,399.3,0,405.9,0,-934.8,0,1613.6,0,-1229.9,0,564.8,0,-666.6,0
1576,756.8,0,-829.2,0,446.6,0,-337.1,0,408.5,0,177.2,0,-215.3,0,669.7,0,-449.6,0,972.2,0,-1202.8,0,1034.2,0,-510.5,0,910.1,0,-765.2,0,-163.7,0,229.5,0,378.8,0,159.4,0,-544.2,0,779.1,0,-782.6,0,231.2,0,-589.4,0,1670.9,0,-1120.5,0,1160,0,-1185.4,0,394.7,0,-179.4,0,-115.9,0,172.4,0,-265.6,0,926.3,0,-969.3,0,1186.1,0,-1386.1,0,1421.3,0,-710.6,0,873.5,0,-745,0,144.9,0,274.8,0,399.3,0,405.9,0,-934.8,0,1613.6,0,-1229.9,0,564.8,0,-666.6,0,1387.6
1577,0,-829.2,0,446.6,0,-337.1,0,408.5,0,177.2,0,-215.3,0,669.7,0,-449.6,0,972.2,0,-1202.8,0,1034.2,0,-510.5,0,910.1,0,-765.2,0,-163.7,0,229.5,0,378.8,0,159.4,0,-544.2,0,779.1,0,-782.6,0,231.2,0,-589.4,0,1670.9,0,-1120.5,0,1160,0,-1185.4,0,394.7,0,-179.4,0,-115.9,0,172.4,0,-265.6,0,926.3,0,-969.3,0,1186.1,0,-1386.1,0,1421.3,0,-710.6,0,873.5,0,-745,0,144.9,0,274.8,0,399.3,0,405.9,0,-934.8,0,1613.6,0,-1229.9,0,564.8,0,-666.6,0,1387.6,0
1578,-829.2,0,446.6,0,-337.1,0,408.5,0,177.2,0,-215.3,0,669.7,0,-449.6,0,972.2,0,-1202.8,0,1034.2,0,-510.5,0,910.1,0,-765.2,0,-163.7,0,229.5,0,378.8,0,159.4,0,-544.2,0,779.1,0,-782.6,0,231.2,0,-589.4,0,1670.9,0,-1120.5,0,1160,0,-1185.4,0,394.7,0,-179.4,0,-115.9,0,172.4,0,-265.6,0,926.3,0,-969.3,0,1186.1,0,-1386.1,0,1421.3,0,-710.6,0,873.5,0,-745,0,144.9,0,274.8,0,399.3,0,405.9,0,-934.8,0,1613.6,0,-1229.9,0,564.8,0,-666.6,0,1387.6,0,-972.9
1579,0,446.6,0,-337.1,0,408.5,0,177.2,0,-215.3,0,669.7,0,-449.6,0,972.2,0,-1202.8,0,1034.2,0,-510.5,0,910.1,0,-765.2,0,-163.7,0,229.5,0,378.8,0,159.4,0,-544.2,0,779.1,0,-782.6,0,231.2,0,-589.4,0,1670.9,0,-1120.5,0,1160,0,-1185.4,0,394.7,0,-179.4,0,-115.9,0,172.4,0,-265.6,0,926.3,0,-969.3,0,1186.1,0,-1386.1,0,1421.3,0,-710.6,0,873.5,0,-745,0,144.9,0,274.8,0,399.3,0,405.9,0,-934.8,0,1613.6,0,-1229.9,0,564.8,0,-666.6,0,1387.6,0,-972.9,0
1580,446.6,0,-337.1,0,408.5,0,177.2,0,-215.3,0,669.7,0,-449.6,0,972.2,0,-1202.8,0,1034.2,0,-510.5,0,910.1,0,-765.2,0,-163.7,0,229.5,0,378.8,0,159.4,0,-544.2,0,779.1,0,-782.6,0,231.2,0,-589.4,0,1670.9,0,-1120.5,0,1160,0,-1185.4,0,394.7,0,-179.4,0,-115.9,0,172.4,0,-265.6,0,926.3,0,-969.3,0,1186.1,0,-1386.1,0,1421.3,0,-710.6,0,873.5,0,-745,0,144.9,0,274.8,0,399.3,0,405.9,0,-934.8,0,1613.6,0,-1229.9,0,564.8,0,-666.6,0,1387.6,0,-972.9,0,1165.3
1581,0,-337.1,0,408.5,0,177.2,0,-215.3,0,669.7,0,-449.6,0,972.2,0,-1202.8,0,1034.2,0,-510.5,0,910.1,0,-765.2,0,-163.7,0,229.5,0,378.8,0,159.4,0,-544.2,0,779.1,0,-782.6,0,231.2,0,-589.4,0,1670.9,0,-1120.5,0,1160,0,-1185.4,0,394.7,0,-179.4,0,-115.9,0,172.4,0,-265.6,0,926.3,0,-969.3,0,1186.1,0,-1386.1,0,1421.3,0,-710.6,0,873.5,0,-745,0,144.9,0,274.8,0,399.3,0,405.9,0,-934.8,0,1613.6,0,-1229.9,0,564.8,0,-666.6,0,1387.6,0,-972.9,0,1165.3,0
1582,-337.1,0,408.5,0,177.2,0,-215.3,0,669.7,0,-449.6,0,972.2,0,-1202.8,0,1034.2,0,-510.5,0,910.1,0,-765.2,0,-163.7,0,229.5,0,378.8,0,159.4,0,-544.2,0,779.1,0,-782.6,0,231.2,0,-589.4,0,1670.9,0,-1120.5,0,1160,0,-1185.4,0,394.7,0,-179.4,0,-115.9,0,172.4,0,-265.6,0,926.3,0,-969.3,0,1186.1,0,-1386.1,0,1421.3,0,-710.6,0,873.5,0,-745,0,144.9,0,274.8,0,399.3,0,405.9,0,-934.8,0,1613.6,0,-1229.9,0,564.8,0,-666.6,0,1387.6,0,-972.9,0,1165.3,0,-944.5
1583,0,408.5,0,177.2,0,-215.3,0,669.7,0,-449.6,0,972.2,0,-1202.8,0,1034.2,0,-510.5,0,910.1,0,-765.2,0,-163.7,0,229.5,0,378.8,0,159.4,0,-544.2,0,779.1,0,-782.6,0,231.2,0,-589.4,0,1670.9,0,-1120.5,0,1160,0,-1185.4,0,394.7,0,-179.4,0,-115.9,0,172.4,0,-265.6,0,926.3,0,-969.3,0,1186.1,0,-1386.1,0,1421.3,0,-710.6,0,873.5,0,-745,0,144.9,0,274.8,0,399.3,0,405.9,0,-934.8,0,1613.6,0,-1229.9,0,564.8,0,-666.6,0,1387.6,0,-972.9,0,1165.3,0,-944.5,0
1584,408.5,0,177.2,0,-215.3,0,669.7,0,-449.6,0,972.2,0,-1202.8,0,1034.2,0,-510.5,0,910.1,0,-765.2,0,-163.7,0,229.5,0,378.8,0,159.4,0,-544.2,0,779.1,0,-782.6,0,231.2,0,-589.4,0,1670.9,0,-1120.5,0,1160,0,-1185.4,0,394.7,0,-179.4,0,-115.9,0,172.4,0,-265.6,0,926.3,0,-969.3,0,1186.1,0,-1386.1,0,1421.3,0,-710.6,0,873.5,0,-745,0,144.9,0,274.8,0,399.3,0,405.9,0,-934.8,0,1613.6,0,-1229.9,0,564.8,0,-666.6,0,1387.6,0,-972.9,0,1165.3,0,-944.5,0,253.9
1585,0,177.2,0,-215.3,0,669.7,0,-449.6,0,972.2,0,-1202.8,0,1034.2,0,-510.5,0,910.1,0,-765.2,0,-163.7,0,229.5,0,378.8,0,159.4,0,-544.2,0,779.1,0,-782.6,0,231.2,0,-589.4,0,1670.9,0,-1120.5,0,1160,0,-1185.4,0,394.7,0,-179.4,0,-115.9,0,172.4,0,-265.6,0,926.3,0,-969.3,0,1186.1,0,-1386.1,0,1421.3,0,-710.6,0,873.5,0,-745,0,144.9,0,274.8,0,399.3,0,405.9,0,-934.8,0,1613.6,0,-1229.9,0,564.8,0,-666.6,0,1387.6,0,-972.9,0,1165.3,0,-944.5,0,253.9,0
1586,177.2,0,-215.3,0,669.7,0,-449.6,0,972.2,0,-1202.8,0,1034.2,0,-510.5,0,910.1,0,-765.2,0,-163.7,0,229.5,0,378.8,0,159.4,0,-544.2,0,779.1,0,-782.6,0,231.2,0,-589.4,0,1670.9,0,-1120.5,0,1160,0,-1185.4,0,394.7,0,-179.4,0,-115.9,0,172.4,0,-265.6,0,926.3,0,-969.3,0,1186.1,0,-1386.1,0,1421.3,0,-710.6,0,873.5,0,-745,0,144.9,0,274.8,0,399.3,0,405.9,0,-934.8,0,1613.6,0,-1229.9,0,564.8,0,-666.6,0,1387.6,0,-972.9,0,1165.3,0,-944.5,0,253.9,0,118.1
1587,0,-215.3,0,669.7,0,-449.6,0,972.2,0,-1202.8,0,1034.2,0,-510.5,0,910.1,0,-765.2,0,-163.7,0,229.5,0,378.8,0,159.4,0,-544.2,0,779.1,0,-782.6,0,231.2,0,-589.4,0,1670.9,0,-1120.5,0,1160,0,-1185.4,0,394.7,0,-179.4,0,-115.9,0,172.4,0,-265.6,0,926.3,0,-969.3,0,1186.1,0,-1386.1,0,1421.3,0,-710.6,0,873.5,0,-745,0,144.9,0,274.8,0,399.3,0,405.9,0,-934.8,0,1613.6,0,-1229.9,0,564.8,0,-666.6,0,1387.6,0,-972.9,0,1165.3,0,-944.5,0,253.9,0,118.1,0
1588,-215.3,0,669.7,0,-449.6,0,972.2,0,-1202.8,0,1034.2,0,-510.5,0,910.1,0,-765.2,0,-163.7,0,229.5,0,378.8,0,159.4,0,-544.2,0,779.1,0,-782.6,0,231.2,0,-589.4,0,1670.9,0,-1120.5,0,1160,0,-1185.4,0,394.7,0,-179.4,0,-115.9,0,172.4,0,-265.6,0,926.3,0,-969.3,0,1186.1,0,-1386.1,0,1421.3,0,-710.6,0,873.5,0,-745,0,144.9,0,274.8,0,399.3,0,405.9,0,-934.8,0,1613.6,0,-1229.9,0,564.8,0,-666.6,0,1387.6,0,-972.9,0,1165.3,0,-944.5,0,253.9,0,118.1,0,3.3
1589,0,669.7,0,-449.6,0,972.2,0,-1202.8,0,1034.2,0,-510.5,0,910.1,0,-765.2,0,-163.7,0,229.5,0,378.8,0,159.4,0,-544.2,0,779.1,0,-782.6,0,231.2,0,-589.4,0,1670.9,0,-1120.5,0,1160,0,-1185.4,0,394.7,0,-179.4,0,-115.9,0,172.4,0,-265.6,0,926.3,0,-969.3,0,1186.1,0,-1386.1,0,1421.3,0,-710.6,0,873.5,0,-745,0,144.9,0,274.8,0,399.3,0,405.9,0,-934.8,0,1613.6,0,-1229.9,0,564.8,0,-666.6,0,1387.6,0,-972.9,0,1165.3,0,-944.5,0,253.9,0,118.1,0,3.3,0
1590,669.7,0,-449.6,0,972.2,0,-1202.8,0,1034.2,0,-510.5,0,910.1,0,-765.2,0,-163.7,0,229.5,0,378.8,0,159.4,0,-544.2,0,779.1,0,-782.6,0,231.2,0,-589.4,0,1670.9,0,-1120.5,0,1160,0,-1185.4,0,394.7,0,-179.4,0,-115.9,0,172.4,0,-265.6,0,926.3,0,-969.3,0,1186.1,0,-1386.1,0,1421.3,0,-710.6,0,873.5,0,-745,0,144.9,0,274.8,0,399.3,0,405.9,0,-934.8,0,1613.6,0,-1229.9,0,564.8,0,-666.6,0,1387.6,0,-972.9,0,1165.3,0,-944.5,0,253.9,0,118.1,0,3.3,0,468.2
1591,0,-449.6,0,972.2,0,-1202.8,0,1034.2,0,-510.5,0,910.1,0,-765.2,0,-163.7,0,229.5,0,378.8,0,159.4,0,-544.2,0,779.1,0,-782.6,0,231.2,0,-589.4,0,1670.9,0,-1120.5,0,1160,0,-1185.4,0,394.7,0,-179.4,0,-115.9,0,172.4,0,-265.6,0,926.3,0,-969.3,0,1186.1,0,-1386.1,0,1421.3,0,-710.6,0,873.5,0,-745,0,144.9,0,274.8,0,399.3,0,405.9,0,-934.8,0,1613.6,0,-1229.9,0,564.8,0,-666.6,0,1387.6,0,-972.9,0,1165.3,0,-944.5,0,253.9,0,118.1,0,3.3,0,468.2,0
1592,-449.6,0,972.2,0,-1202.8,0,1034.2,0,-510.5,0,910.1,0,-765.2,0,-163.7,0,229.5,0,378.8,0,159.4,0,-544.2,0,779.1,0,-782.6,0,231.2,0,-589.4,0,1670.9,0,-1120.5,0,1160,0,-1185.4,0,394.7,0,-179.4,0,-115.9,0,172.4,0,-265.6,0,926.3,0,-969.3,0,1186.1,0,-1386.1,0,1421.3,0,-710.6,0,873.5,0,-745,0,144.9,0,274.8,0,399.3,0,405.9,0,-934.8,0,1613.6,0,-1229.9,0,564.8,0,-666.6,0,1387.6,0,-972.9,0,1165.3,0,-944.5,0,253.9,0,118.1,0,3.3,0,468.2,0,-609.8
1593,0,972.2,0,-1202.8,0,1034.2,0,-510.5,0,910.1,0,-765.2,0,-163.7,0,229.5,0,378.8,0,159.4,0,-544.2,0,779.1,0,-782.6,0,231.2,0,-589.4,0,1670.9,0,-1120.5,0,1160,0,-1185.4,0,394.7,0,-179.4,0,-115.9,0,172.4,0,-265.6,0,926.3,0,-969.3,0,1186.1,0,-1386.1,0,1421.3,0,-710.6,0,873.5,0,-745,0,144.9,0,274.8,0,399.3,0,405.9,0,-934.8,0,1613.6,0,-1229.9,0,564.8,0,-666.6,0,1387.6,0,-972.9,0,1165.3,0,-944.5,0,253.9,0,118.1,0,3.3,0,468.2,0,-609.8,0
1594,972.2,0,-1202.8,0,1034.2,0,-510.5,0,910.1,0,-765.2,0,-163.7,0,229.5,0,378.8,0,159.4,0,-544.2,0,779.1,0,-782.6,0,231.2,0,-589.4,0,1670.9,0,-1120.5,0,1160,0,-1185.4,0,394.7,0,-179.4,0,-115.9,0,172.4,0,-265.6,0,926.3,0,-969.3,0,1186.1,0,-1386.1,0,1421.3,0,-710.6,0,873.5,0,-745,0,144.9,0,274.8,0,399.3,0,405.9,0,-934.8,0,1613.6,0,-1229.9,0,564.8,0,-666.6,0,1387.6,0,-972.9,0,1165.3,0,-944.5,0,253.9,0,118.1,0,3.3,0,468.2,0,-609.8,0,1055.1
1595,0,-1202.8,0,1034.2,0,-510.5,0,910.1,0,-765.2,0,-163.7,0,229.5,0,378.8,0,159.4,0,-544.2,0,779.1,0,-782.6,0,231.2,0,-589.4,0,1670.9,0,-1120.5,0,1160,0,-1185.4,0,394.7,0,-179.4,0,-115.9,0,172.4,0,-265.6,0,926.3,0,-969.3,0,1186.1,0,-1386.1,0,1421.3,0,-710.6,0,873.5,0,-745,0,144.9,0,274.8,0,399.3,0,405.9,0,-934.8,0,1613.6,0,-1229.9,0,564.8,0,-666.6,0,1387.6,0,-972.9,0,1165.3,0,-944.5,0,253.9,0,118.1,0,3.3,0,468.2,0,-609.8,0,1055.1,0
1596,-1202.8,0,1034.2,0,-510.5,0,910.1,0,-765.2,0,-163.7,0,229.5,0,378.8,0,159.4,0,-544.2,0,779.1,0,-782.6,0,231.2,0,-589.4,0,1670.9,0,-1120.5,0,1160,0,-1185.4,0,394.7,0,-179.4,0,-115.9,0,172.4,0,-265.6,0,926.3,0,-969.3,0,1186.1,0,-1386.1,0,1421.3,0,-710.6,0,873.5,0,-745,0,144.9,0,274.8,0,399.3,0,405.9,0,-934.8,0,1613.6,0,-1229.9,0,564.8,0,-666.6,0,1387.6,0,-972.9,0,1165.3,0,-944.5,0,253.9,0,118.1,0,3.3,0,468.2,0,-609.8,0,1055.1,0,-1743.5
1597,0,1034.2,0,-510.5,0,910.1,0,-765.2,0,-163.7,0,229.5,0,378.8,0,159.4,0,-544.2,0,779.1,0,-782.6,0,231.2,0,-589.4,0,1670.9,0,-1120.5,0,1160,0,-1185.4,0,394.7,0,-179.4,0,-115.9,0,172.4,0,-265.6,0,926.3,0,-969.3,0,1186.1,0,-1386.1,0,1421.3,0,-710.6,0,873.5,0,-745,0,144.9,0,274.8,0,399.3,0,405.9,0,-934.8,0,1613.6,0,-1229.9,0,564.8,0,-666.6,0,1387.6,0,-972.9,0,1165.3,0,-944.5,0,253.9,0,118.1,0,3.3,0,468.2,0,-609.8,0,1055.1,0,-1743.5,0
1598,1034.2,0,-510.5,0,910.1,0,-765.2,0,-163.7,0,229.5,0,378.8,0,159.4,0,-544.2,0,779.1,0,-782.6,0,231.2,0,-589.4,0,1670.9,0,-1120.5,0,1160,0,-1185.4,0,394.7,0,-179.4,0,-115.9,0,172.4,0,-265.6,0,926.3,0,-969.3,0,1186.1,0,-1386.1,0,1421.3,0,-710.6,0,873.5,0,-745,0,144.9,0,274.8,0,399.3,0,405.9,0,-934.8,0,1613.6,0,-1229.9,0,564.8,0,-666.6,0,1387.6,0,-972.9,0,1165.3,0,-944.5,0,253.9,0,118.1,0,3.3,0,468.2,0,-609.8,0,1055.1,0,-1743.5,0,1167.2
1599,0,-510.5,0,910.1,0,-765.2,0,-163.7,0,229.5,0,378.8,0,159.4,0,-544.2,0,779.1,0,-782.6,0,231.2,0,-589.4,0,1670.9,0,-1120.5,0,1160,0,-1185.4,0,394.7,0,-179.4,0,-115.9,0,172.4,0,-265.6,0,926.3,0,-969.3,0,1186.1,0,-1386.1,0,1421.3,0,-710.6,0,873.5,0,-745,0,144.9,0,274.8,0,399.3,0,405.9,0,-934.8,0,1613.6,0,-1229.9,0,564.8,0,-666.6,0,1387.6,0,-972.9,0,1165.3,0,-944.5,0,253.9,0,118.1,0,3.3,0,468.2,0,-609.8,0,1055.1,0,-1743.5,0,1167.2,0
1600,-510.5,0,910.1,0,-765.2,0,-163.7,0,229.5,0,378.8,0,159.4,0,-544.2,0,779.1,0,-782.6,0,231.2,0,-589.4,0,1670.9,0,-1120.5,0,1160,0,-1185.4,0,394.7,0,-179.4,0,-115.9,0,172.4,0,-265.6,0,926.3,0,-969.3,0,1186.1,0,-1386.1,0,1421.3,0,-710.6,0,873.5,0,-745,0,144.9,0,274.8,0,399.3,0,405.9,0,-934.8,0,1613.6,0,-1229.9,0,564.8,0,-666.6,0,1387.6,0,-972.9,0,1165.3,0,-944.5,0,253.9,0,118.1,0,3.3,0,468.2,0,-609.8,0,1055.1,0,-1743.5,0,1167.2,0,-892.7
1601,0,910.1,0,-765.2,0,-163.7,0,229.5,0,378.8,0,159.4,0,-544.2,0,779.1,0,-782.6,0,231.2,0,-589.4,0,1670.9,0,-1120.5,0,1160,0,-1185.4,0,394.7,0,-179.4,0,-115.9,0,172.4,0,-265.6,0,926.3,0,-969.3,0,1186.1,0,-1386.1,0,1421.3,0,-710.6,0,873.5,0,-745,0,144.9,0,274.8,0,399.3,0,405.9,0,-934.8,0,1613.6,0,-1229.9,0,564.8,0,-666.6,0,1387.6,0,-972.9,0,1165.3,0,-944.5,0,253.9,0,118.1,0,3.3,0,468.2,0,-609.8,0,1055.1,0,-1743.5,0,1167.2,0,-892.7,0
1602,910.1,0,-765.2,0,-163.7,0,229.5,0,378.8,0,159.4,0,-544.2,0,779.1,0,-782.6,0,231.2,0,-589.4,0,1670.9,0,-1120.5,0,1160,0,-1185.4,0,394.7,0,-179.4,0,-115.9,0,172.4,0,-265.6,0,926.3,0,-969.3,0,1186.1,0,-1386.1,0,1421.3,0,-710.6,0,873.5,0,-745,0,144.9,0,274.8,0,399.3,0,405.9,0,-934.8,0,1613.6,0,-1229.9,0,564.8,0,-666.6,0,1387.6,0,-972.9,0,1165.3,0,-944.5,0,253.9,0,118.1,0,3.3,0,468.2,0,-609.8,0,1055.1,0,-1743.5,0,1167.2,0,-892.7,0,1459.2
1603,0,-765.2,0,-163.7,0,229.5,0,378.8,0,159.4,0,-544.2,0,779.1,0,-782.6,0,231.2,0,-589.4,0,1670.9,0,-1120.5,0,1160,0,-1185.4,0,394.7,0,-179.4,0,-115.9,0,172.4,0,-265.6,0,926.3,0,-969.3,0,1186.1,0,-1386.1,0,1421.3,0,-710.6,0,873.5,0,-745,0,144.9,0,274.8,0,399.3,0,405.9,0,-934.8,0,1613.6,0,-1229.9,0,564.8,0,-666.6,0,1387.6,0,-972.9,0,1165.3,0,-944.5,0,253.9,0,118.1,0,3.3,0,468.2,0,-609.8,0,1055.1,0,-1743.5,0,1167.2,0,-892.7,0,1459.2,0
1604,-765.2,0,-163.7,0,229.5,0,378.8,0,159.4,0,-544.2,0,779.1,0,-782.6,0,231.2,0,-589.4,0,1670.9,0,-1120.5,0,1160,0,-1185.4,0,394.7,0,-179.4,0,-115.9,0,172.4,0,-265.6,0,926.3,0,-969.3,0,1186.1,0,-1386.1,0,1421.3,0,-710.6,0,873.5,0,-745,0,144.9,0,274.8,0,399.3,0,405.9,0,-934.8,0,1613.6,0,-1229.9,0,564.8,0,-666.6,0,1387.6,0,-972.9,0,1165.3,0,-944.5,0,253.9,0,118.1,0,3.3,0,468.2,0,-609.8,0,1055.1,0,-1743.5,0,1167.2,0,-892.7,0,1459.2,0,-974.7
1605,0,-163.7,0,229.5,0,378.8,0,159.4,0,-544.2,0,779.1,0,-782.6,0,231.2,0,-589.4,0,1670.9,0,-1120.5,0,1160,0,-1185.4,0,394.7,0,-179.4,0,-115.9,0,172.4,0,-265.6,0,926.3,0,-969.3,0,1186.1,0,-1386.1,0,1421.3,0,-710.6,0,873.5,0,-745,0,144.9,0,274.8,0,399.3,0,405.9,0,-934.8,0,1613.6,0,-1229.9,0,564.8,0,-666.6,0,1387.6,0,-972.9,0,1165.3,0,-944.5,0,253.9,0,118.1,0,3.3,0,468.2,0,-609.8,0,1055.1,0,-1743.5,0,1167.2,0,-892.7,0,1459.2,0,-974.7,0
1606,-163.7,0,229.5,0,378.8,0,159.4,0,-544.2,0,779.1,0,-782.6,0,231.2,0,-589.4,0,1670.9,0,-1120.5,0,1160,0,-1185.4,0,394.7,0,-179.4,0,-115.9,0,172.4,0,-265.6,0,926.3,0,-969.3,0,1186.1,0,-1386.1,0,1421.3,0,-710.6,0,873.5,0,-745,0,144.9,0,274.8,0,399.3,0,405.9,0,-934.8,0,1613.6,0,-1229.9,0,564.8,0,-666.6,0,1387.6,0,-972.9,0,1165.3,0,-944.5,0,253.9,0,118.1,0,3.3,0,468.2,0,-609.8,0,1055.1,0,-1743.5,0,1167.2,0,-892.7,0,1459.2,0,-974.7,0,680.8
1607,0,229.5,0,378.8,0,159.4,0,-544.2,0,779.1,0,-782.6,0,231.2,0,-589.4,0,1670.9,0,-1120.5,0,1160,0,-1185.4,0,394.7,0,-179.4,0,-115.9,0,172.4,0,-265.6,0,926.3,0,-969.3,0,1186.1,0,-1386.1,0,1421.3,0,-710.6,0,873.5,0,-745,0,144.9,0,274.8,0,399.3,0,405.9,0,-934.8,0,1613.6,0,-1229.9,0,564.8,0,-666.6,0,1387.6,0,-972.9,0,1165.3,0,-944.5,0,253.9,0,118.1,0,3.3,0,468.2,0,-609.8,0,1055.1,0,-1743.5,0,1167.2,0,-892.7,0,1459.2,0,-974.7,0,680.8,0
1608,229.5,0,378.8,0,159.4,0,-544.2,0,779.1,0,-782.6,0,231.2,0,-589.4,0,1670.9,0,-1120.5,0,1160,0,-1185.4,0,394.7,0,-179.4,0,-115.9,0,172.4,0,-265.6,0,926.3,0,-969.3,0,1186.1,0,-1386.1,0,1421.3,0,-710.6,0,873.5,0,-745,0,144.9,0,274.8,0,399.3,0,405.9,0,-934.8,0,1613.6,0,-1229.9,0,564.8,0,-666.6,0,1387.6,0,-972.9,0,1165.3,0,-944.5,0,253.9,0,118.1,0,3.3,0,468.2,0,-609.8,0,1055.1,0,-1743.5,0,1167.2,0,-892.7,0,1459.2,0,-974.7,0,680.8,0,-256.2
1609,0,378.8,0,159.4,0,-544.2,0,779.1,0,-782.6,0,231.2,0,-589.4,0,1670.9,0,-1120.5,0,1160,0,-1185.4,0,394.7,0,-179.4,0,-115.9,0,172.4,0,-265.6,0,926.3,0,-969.3,0,1186.1,0,-1386.1,0,1421.3,0,-710.6,0,873.5,0,-745,0,144.9,0,274.8,0,399.3,0,405.9,0,-934.8,0,1613.6,0,-1229.9,0,564.8,0,-666.6,0,1387.6,0,-972.9,0,1165.3,0,-944.5,0,253.9,0,118.1,0,3.3,0,468.2,0,-609.8,0,1055.1,0,-1743.5,0,1167.2,0,-892.7,0,1459.2,0,-974.7,0,680.8,0,-256.2,0
1610,378.8,0,159.4,0,-544.2,0,779.1,0,-782.6,0,231.2,0,-589.4,0,1670.9,0,-1120.5,0,1160,0,-1185.4,0,394.7,0,-179.4,0,-115.9,0,172.4,0,-265.6,0,926.3,0,-969.3,0,1186.1,0,-1386.1,0,1421.3,0,-710.6,0,873.5,0,-745,0,144.9,0,274.8,0,399.3,0,405.9,0,-934.8,0,1613.6,0,-1229.9,0,564.8,0,-666.6,0,1387.6,0,-972.9,0,1165.3,0,-944.5,0,253.9,0,118.1,0,3.3,0,468.2,0,-609.8,0,1055.1,0,-1743.5,0,1167.2,0,-892.7,0,1459.2,0,-974.7,0,680.8,0,-256.2,0,-812.4
1611,0,159.4,0,-544.2,0,779.1,0,-782.6,0,231.2,0,-589.4,0,1670.9,0,-1120.5,0,1160,0,-1185.4,0,394.7,0,-179.4,0,-115.9,0,172.4,0,-265.6,0,926.3,0,-969.3,0,1186.1,0,-1386.1,0,1421.3,0,-710.6,0,873.5,0,-745,0,144.9,0,274.8,0,399.3,0,405.9,0,-934.8,0,1613.6,0,-1229.9,0,564.8,0,-666.6,0,1387.6,0,-972.9,0,1165.3,0,-944.5,0,253.9,0,118.1,0,3.3,0,468.2,0,-609.8,0,1055.1,0,-1743.5,0,1167.2,0,-892.7,0,1459.2,0,-974.7,0,680.8,0,-256.2,0,-812.4,0
1612,159.4,0,-544.2,0,779.1,0,-782.6,0,231.2,0,-589.4,0,1670.9,0,-1120.5,0,1160,0,-1185.4,0,394.7,0,-179.4,0,-115.9,0,172.4,0,-265.6,0,926.3,0,-969.3,0,1186.1,0,-1386.1,0,1421.3,0,-710.6,0,873.5,0,-745,0,144.9,0,274.8,0,399.3,0,405.9,0,-934.8,0,1613.6,0,-1229.9,0,564.8,0,-666.6,0,1387.6,0,-972.9,0,1165.3,0,-944.5,0,253.9,0,118.1,0,3.3,0,468.2,0,-609.8,0,1055.1,0,-1743.5,0,1167.2,0,-892.7,0,1459.2,0,-974.7,0,680.8,0,-256.2,0,-812.4,0,596.3
1613,0,-544.2,0,779.1,0,-782.6,0,231.2,0,-589.4,0,1670.9,0,-1120.5,0,1160,0,-1185.4,0,394.7,0,-179.4,0,-115.9,0,172.4,0,-265.6,0,926.3,0,-969.3,0,1186.1,0,-1386.1,0,1421.3,0,-710.6,0,873.5,0,-745,0,144.9,0,274.8,0,399.3,0,405.9,0,-934.8,0,1613.6,0,-1229.9,0,564.8,0,-666.6,0,1387.6,0,-972.9,0,1165.3,0,-944.5,0,253.9,0,118.1,0,3.3,0,468.2,0,-609.8,0,1055.1,0,-1743.5,0,1167.2,0,-892.7,0,1459.2,0,-974.7,0,680.8,0,-256.2,0,-812.4,0,596.3,0
1614,-544.2,0,779.1,0,-782.6,0,231.2,0,-589.4,0,1670.9,0,-1120.5,0,1160,0,-1185.4,0,394.7,0,-179.4,0,-115.9,0,172.4,0,-265.6,0,926.3,0,-969.3,0,1186.1,0,-1386.1,0,1421.3,0,-710.6,0,873.5,0,-745,0,144.9,0,274.8,0,399.3,0,405.9,0,-934.8,0,1613.6,0,-1229.9,0,564.8,0,-666.6,0,1387.6,0,-972.9,0,1165.3,0,-944.5,0,253.9,0,118.1,0,3.3,0,468.2,0,-609.8,0,1055.1,0,-1743.5,0,1167.2,0,-892.7,0,1459.2,0,-974.7,0,680.8,0,-256.2,0,-812.4,0,596.3,0,409.1
1615,0,779.1,0,-782.6,0,231.2,0,-589.4,0,1670.9,0,-1120.5,0,1160,0,-1185.4,0,394.7,0,-179.4,0,-115.9,0,172.4,0,-265.6,0,926.3,0,-969.3,0,1186.1,0,-1386.1,0,1421.3,0,-710.6,0,873.5,0,-745,0,144.9,0,274.8,0,399.3,0,405.9,0,-934.8,0,1613.6,0,-1229.9,0,564.8,0,-666.6,0,1387.6,0,-972.9,0,1165.3,0,-944.5,0,253.9,0,118.1,0,3.3,0,468.2,0,-609.8,0,1055.1,0,-1743.5,0,1167.2,0,-892.7,0,1459.2,0,-974.7,0,680.8,0,-256.2,0,-812.4,0,596.3,0,409.1,0
1616,779.1,0,-782.6,0,231.2,0,-589.4,0,1670.9,0,-1120.5,0,1160,0,-1185.4,0,394.7,0,-179.4,0,-115.9,0,172.4,0,-265.6,0,926.3,0,-969.3,0,1186.1,0,-1386.1,0,1421.3,0,-710.6,0,873.5,0,-745,0,144.9,0,274.8,0,399.3,0,405.9,0,-934.8,0,1613.6,0,-1229.9,0,564.8,0,-666.6,0,1387.6,0,-972.9,0,1165.3,0,-944.5,0,253.9,0,118.1,0,3.3,0,468.2,0,-609.8,0,1055.1,0,-1743.5,0,1167.2,0,-892.7,0,1459.2,0,-974.7,0,680.8,0,-256.2,0,-812.4,0,596.3,0,409.1,0,802.4
1617,0,-782.6,0,231.2,0,-589.4,0,1670.9,0,-1120.5,0,1160,0,-1185.4,0,394.7,0,-179.4,0,-115.9,0,172.4,0,-265.6,0,926.3,0,-969.3,0,1186.1,0,-1386.1,0,1421.3,0,-710.6,0,873.5,0,-745,0,144.9,0,274.8,0,399.3,0,405.9,0,-934.8,0,1613.6,0,-1229.9,0,564.8,0,-666.6,0,1387.6,0,-972.9,0,1165.3,0,-944.5,0,253.9,0,118.1,0,3.3,0,468.2,0,-609.8,0,1055.1,0,-1743.5,0,1167.2,0,-892.7,0,1459.2,0,-974.7,0,680.8,0,-256.2,0,-812.4,0,596.3,0,409.1,0,802.4,0
1618,-782.6,0,231.2,0,-589.4,0,1670.9,0,-1120.5,0,1160,0,-1185.4,0,394.7,0,-179.4,0,-115.9,0,172.4,0,-265.6,0,926.3,0,-969.3,0,1186.1,0,-1386.1,0,1421.3,0,-710.6,0,873.5,0,-745,0,144.9,0,274.8,0,399.3,0,405.9,0,-934.8,0,1613.6,0,-1229.9,0,564.8,0,-666.6,0,1387.6,0,-972.9,0,1165.3,0,-944.5,0,253.9,0,118.1,0,3.3,0,468.2,0,-609.8,0,1055.1,0,-1743.5,0,1167.2,0,-892.7,0,1459.2,0,-974.7,0,680.8,0,-256.2,0,-812.4,0,596.3,0,409.1,0,802.4,0,-1684.2
1619,0,231.2,0,-589.4,0,1670.9,0,-1120.5,0,1160,0,-1185.4,0,394.7,0,-179.4,0,-115.9,0,172.4,0,-265.6,0,926.3,0,-969.3,0,1186.1,0,-1386.1,0,1421.3,0,-710.6,0,873.5,0,-745,0,144.9,0,274.8,0,399.3,0,405.9,0,-934.8,0,1613.6,0,-1229.9,0,564.8,0,-666.6,0,1387.6,0,-972.9,0,1165.3,0,-944.5,0,253.9,0,118.1,0,3.3,0,468.2,0,-609.8,0,1055.1,0,-1743.5,0,1167.2,0,-892.7,0,1459.2,0,-974.7,0,680.8,0,-256.2,0,-812.4,0,596.3,0,409.1,0,802.4,0,-1684.2,0
1620,231.2,0,-589.4,0,1670.9,0,-1120.5,0,1160,0,-1185.4,0,394.7,0,-179.4,0,-115.9,0,172.4,0,-265.6,0,926.3,0,-969.3,0,1186.1,0,-1386.1,0,1421.3,0,-710.6,0,873.5,0,-745,0,144.9,0,274.8,0,399.3,0,405.9,0,-934.8,0,1613.6,0,-1229.9,0,564.8,0,-666.6,0,1387.6,0,-972.9,0,1165.3,0,-944.5,0,253.9,0,118.1,0,3.3,0,468.2,0,-609.8,0,1055.1,0,-1743.5,0,1167.2,0,-892.7,0,1459.2,0,-974.7,0,680.8,0,-256.2,0,-812.4,0,596.3,0,409.1,0,802.4,0,-1684.2,0,1868.3
1621,0,-589.4,0,1670.9,0,-1120.5,0,1160,0,-1185.4,0,394.7,0,-179.4,0,-115.9,0,172.4,0,-265.6,0,926.3,0,-969.3,0,1186.1,0,-1386.1,0,1421.3,0,-710.6,0,873.5,0,-745,0,144.9,0,274.8,0,399.3,0,405.9,0,-934.8,0,1613.6,0,-1229.9,0,564.8,0,-666.6,0,1387.6,0,-972.9,0,1165.3,0,-944.5,0,253.9,0,118.1,0,3.3,0,468.2,0,-609.8,0,1055.1,0,-1743.5,0,1167.2,0,-892.7,0,1459.2,0,-974.7,0,680.8,0,-256.2,0,-812.4,0,596.3,0,409.1,0,802.4,0,-1684.2,0,1868.3,0
1622,-589.4,0,1670.9,0,-1120.5,0,1160,0,-1185.4,0,394.7,0,-179.4,0,-115.9,0,172.4,0,-265.6,0,926.3,0,-969.3,0,1186.1,0,-1386.1,0,1421.3,0,-710.6,0,873.5,0,-745,0,144.9,0,274.8,0,399.3,0,405.9,0,-934.8,0,1613.6,0,-1229.9,0,564.8,0,-666.6,0,1387.6,0,-972.9,0,1165.3,0,-944.5,0,253.9,0,118.1,0,3.3,0,468.2,0,-609.8,0,1055.1,0,-1743.5,0,1167.2,0,-892.7,0,1459.2,0,-974.7,0,680.8,0,-256.2,0,-812.4,0,596.3,0,409.1,0,802.4,0,-1684.2,0,1868.3,0,-1170.5
1623,0,1670.9,0,-1120.5,0,1160,0,-1185.4,0,394.7,0,-179.4,0,-115.9,0,172.4,0,-265.6,0,926.3,0,-969.3,0,1186.1,0,-1386.1,0,1421.3,0,-710.6,0,873.5,0,-745,0,144.9,0,274.8,0,399.3,0,405.9,0,-934.8,0,1613.6,0,-1229.9,0,564.8,0,-666.6,0,1387.6,0,-972.9,0,1165.3,0,-944.5,0,253.9,0,118.1,0,3.3,0,468.2,0,-609.8,0,1055.1,0,-1743.5,0,1167.2,0,-892.7,0,1459.2,0,-974.7,0,680.8,0,-256.2,0,-812.4,0,596.3,0,409.1,0,802.4,0,-1684.2,0,1868.3,0,-1170.5,0
1624,1670.9,0,-1120.5,0,1160,0,-1185.4,0,394.7,0,-179.4,0,-115.9,0,172.4,0,-265.6,0,926.3,0,-969.3,0,1186.1,0,-1386.1,0,1421.3,0,-710.6,0,873.5,0,-745,0,144.9,0,274.8,0,399.3,0,405.9,0,-934.8,0,1613.6,0,-1229.9,0,564.8,0,-666.6,0,1387.6,0,-972.9,0,1165.3,0,-944.5,0,253.9,0,118.1,0,3.3,0,468.2,0,-609.8,0,1055.1,0,-1743.5,0,1167.2,0,-892.7,0,1459.2,0,-974.7,0,680.8,0,-256.2,0,-812.4,0,596.3,0,409.1,0,802.4,0,-1684.2,0,1868.3,0,-1170.5,0,707.7
1625,0,-1120.5,0,1160,0,-1185.4,0,394.7,0,-179.4,0,-115.9,0,172.4,0,-265.6,0,926.3,0,-969.3,0,1186.1,0,-1386.1,0,1421.3,0,-710.6,0,873.5,0,-745,0,144.9,0,274.8,0,399.3,0,405.9,0,-934.8,0,1613.6,0,-1229.9,0,564.8,0,-666.6,0,1387.6,0,-972.9,0,1165.3,0,-944.5,0,253.9,0,118.1,0,3.3,0,468.2,0,-609.8,0,1055.1,0,-1743.5,0,1167.2,0,-892.7,0,1459.2,0,-974.7,0,680.8,0,-256.2,0,-812.4,0,596.3,0,409.1,0,802.4,0,-1684.2,0,1868.3,0,-1170.5,0,707.7,0
1626,-1120.5,0,1160,0,-1185.4,0,394.7,0,-179.4,0,-115.9,0,172.4,0,-265.6,0,926.3,0,-969.3,0,1186.1,0,-1386.1,0,1421.3,0,-710.6,0,873.5,0,-745,0,144.9,0,274.8,0,399.3,0,405.9,0,-934.8,0,1613.6,0,-1229.9,0,564.8,0,-666.6,0,1387.6,0,-972.9,0,1165.3,0,-944.5,0,253.9,0,118.1,0,3.3,0,468.2,0,-609.8,0,1055.1,0,-1743.5,0,1167.2,0,-892.7,0,1459.2,0,-974.7,0,680.8,0,-256.2,0,-812.4,0,596.3,0,409.1,0,802.4,0,-1684.2,0,1868.3,0,-1170.5,0,707.7,0,-890.4
1627,0,1160,0,-1185.4,0,394.7,0,-179.4,0,-115.9,0,172.4,0,-265.6,0,926.3,0,-969.3,0,1186.1,0,-1386.1,0,1421.3,0,-710.6,0,873.5,0,-745,0,144.9,0,274.8,0,399.3,0,405.9,0,-934.8,0,1613.6,0,-1229.9,0,564.8,0,-666.6,0,1387.6,0,-972.9,0,1165.3,0,-944.5,0,253.9,0,118.1,0,3.3,0,468.2,0,-609.8,0,1055.1,0,-1743.5,0,1167.2,0,-892.7,0,1459.2,0,-974.7,0,680.8,0,-256.2,0,-812.4,0,596.3,0,409.1,0,802.4,0,-1684.2,0,1868.3,0,-1170.5,0,707.7,0,-890.4,0
1628,1160,0,-1185.4,0,394.7,0,-179.4,0,-115.9,0,172.4,0,-265.6,0,926.3,0,-969.3,0,1186.1,0,-1386.1,0,1421.3,0,-710.6,0,873.5,0,-745,0,144.9,0,274.8,0,399.3,0,405.9,0,-934.8,0,1613.6,0,-1229.9,0,564.8,0,-666.6,0,1387.6,0,-972.9,0,1165.3,0,-944.5,0,253.9,0,118.1,0,3.3,0,468.2,0,-609.8,0,1055.1,0,-1743.5,0,1167.2,0,-892.7,0,1459.2,0,-974.7,0,680.8,0,-256.2,0,-812.4,0,596.3,0,409.1,0,802.4,0,-1684.2,0,1868.3,0,-1170.5,0,707.7,0,-890.4,0,1466.9
1629,0,-1185.4,0,394.7,0,-179.4,0,-115.9,0,172.4,0,-265.6,0,926.3,0,-969.3,0,1186.1,0,-1386.1,0,1421.3,0,-710.6,0,873.5,0,-745,0,144.9,0,274.8,0,399.3,0,405.9,0,-934.8,0,1613.6,0,-1229.9,0,564.8,0,-666.6,0,1387.6,0,-972.9,0,1165.3,0,-944.5,0,253.9,0,118.1,0,3.3,0,468.2,0,-609.8,0,1055.1,0,-1743.5,0,1167.2,0,-892.7,0,1459.2,0,-974.7,0,680.8,0,-256.2,0,-812.4,0,596.3,0,409.1,0,802.4,0,-1684.2,0,1868.3,0,-1170.5,0,707.7,0,-890.4,0,1466.9,0
1630,-1185.4,0,394.7,0,-179.4,0,-115.9,0,172.4,0,-265.6,0,926.3,0,-969.3,0,1186.1,0,-1386.1,0,1421.3,0,-710.6,0,873.5,0,-745,0,144.9,0,274.8,0,399.3,0,405.9,0,-934.8,0,1613.6,0,-1229.9,0,564.8,0,-666.6,0,1387.6,0,-972.9,0,1165.3,0,-944.5,0,253.9,0,118.1,0,3.3,0,468.2,0,-609.8,0,1055.1,0,-1743.5,0,1167.2,0,-892.7,0,1459.2,0,-974.7,0,680.8,0,-256.2,0,-812.4,0,596.3,0,409.1,0,802.4,0,-1684.2,0,1868.3,0,-1170.5,0,707.7,0,-890.4,0,1466.9,0,-1057.3
1631,0,394.7,0,-179.4,0,-115.9,0,172.4,0,-265.6,0,926.3,0,-969.3,0,1186.1,0,-1386.1,0,1421.3,0,-710.6,0,873.5,0,-745,0,144.9,0,274.8,0,399.3,0,405.9,0,-934.8,0,1613.6,0,-1229.9,0,564.8,0,-666.6,0,1387.6,0,-972.9,0,1165.3,0,-944.5,0,253.9,0,118.1,0,3.3,0,468.2,0,-609.8,0,1055.1,0,-1743.5,0,1167.2,0,-892.7,0,1459.2,0,-974.7,0,680.8,0,-256.2,0,-812.4,0,596.3,0,409.1,0,802.4,0,-1684.2,0,1868.3,0,-1170.5,0,707.7,0,-890.4,0,1466.9,0,-1057.3,0
1632,394.7,0,-179.4,0,-115.9,0,172.4,0,-265.6,0,926.3,0,-969.3,0,1186.1,0,-1386.1,0,1421.3,0,-710.6,0,873.5,0,-745,0,144.9,0,274.8,0,399.3,0,405.9,0,-934.8,0,1613.6,0,-1229.9,0,564.8,0,-666.6,0,1387.6,0,-972.9,0,1165.3,0,-944.5,0,253.9,0,118.1,0,3.3,0,468.2,0,-609.8,0,1055.1,0,-1743.5,0,1167.2,0,-892.7,0,1459.2,0,-974.7,0,680.8,0,-256.2,0,-812.4,0,596.3,0,409.1,0,802.4,0,-1684.2,0,1868.3,0,-1170.5,0,707.7,0,-890.4,0,1466.9,0,-1057.3,0,706.6
1633,0,-179.4,0,-115.9,0,172.4,0,-265.6,0,926.3,0,-969.3,0,1186.1,0,-1386.1,0,1421.3,0,-710.6,0,873.5,0,-745,0,144.9,0,274.8,0,399.3,0,405.9,0,-934.8,0,1613.6,0,-1229.9,0,564.8,0,-666.6,0,1387.6,0,-972.9,0,1165.3,0,-944.5,0,253.9,0,118.1,0,3.3,0,468.2,0,-609.8,0,1055.1,0,-1743.5,0,1167.2,0,-892.7,0,1459.2,0,-974.7,0,680.8,0,-256.2,0,-812.4,0,596.3,0,409.1,0,802.4,0,-1684.2,0,1868.3,0,-1170.5,0,707.7,0,-890.4,0,1466.9,0,-1057.3,0,706.6,0
1634,-179.4,0,-115.9,0,172.4,0,-265.6,0,926.3,0,-969.3,0,1186.1,0,-1386.1,0,1421.3,0,-710.6,0,873.5,0,-745,0,144.9,0,274.8,0,399.3,0,405.9,0,-934.8,0,1613.6,0,-1229.9,0,564.8,0,-666.6,0,1387.6,0,-972.9,0,1165.3,0,-944.5,0,253.9,0,118.1,0,3.3,0,468.2,0,-609.8,0,1055.1,0,-1743.5,0,1167.2,0,-892.7,0,1459.2,0,-974.7,0,680.8,0,-256.2,0,-812.4,0,596.3,0,409.1,0,802.4,0,-1684.2,0,1868.3,0,-1170.5,0,707.7,0,-890.4,0,1466.9,0,-1057.3,0,706.6,0,-798.6
1635,0,-115.9,0,172.4,0,-265.6,0,926.3,0,-969.3,0,1186.1,0,-1386.1,0,1421.3,0,-710.6,0,873.5,0,-745,0,144.9,0,274.8,0,399.3,0,405.9,0,-934.8,0,1613.6,0,-1229.9,0,564.8,0,-666.6,0,1387.6,0,-972.9,0,1165.3,0,-944.5,0,253.9,0,118.1,0,3.3,0,468.2,0,-609.8,0,1055.1,0,-1743.5,0,1167.2,0,-892.7,0,1459.2,0,-974.7,0,680.8,0,-256.2,0,-812.4,0,596.3,0,409.1,0,802.4,0,-1684.2,0,1868.3,0,-1170.5,0,707.7,0,-890.4,0,1466.9,0,-1057.3,0,706.6,0,-798.6,0
1636,-115.9,0,172.4,0,-265.6,0,926.3,0,-969.3,0,1186.1,0,-1386.1,0,1421.3,0,-710.6,0,873.5,0,-745,0,144.9,0,274.8,0,399.3,0,405.9,0,-934.8,0,1613.6,0,-1229.9,0,564.8,0,-666.6,0,1387.6,0,-972.9,0,1165.3,0,-944.5,0,253.9,0,118.1,0,3.3,0,468.2,0,-609.8,0,1055.1,0,-1743.5,0,1167.2,0,-892.7,0,1459.2,0,-974.7,0,680.8,0,-256.2,0,-812.4,0,596.3,0,409.1,0,802.4,0,-1684.2,0,1868.3,0,-1170.5,0,707.7,0,-890.4,0,1466.9,0,-1057.3,0,706.6,0,-798.6,0,-92.5
1637,0,172.4,0,-265.6,0,926.3,0,-969.3,0,1186.1,0,-1386.1,0,1421.3,0,-710.6,0,873.5,0,-745,0,144.9,0,274.8,0,399.3,0,405.9,0,-934.8,0,1613.6,0,-1229.9,0,564.8,0,-666.6,0,1387.6,0,-972.9,0,1165.3,0,-944.5,0,253.9,0,118.1,0,3.3,0,468.2,0,-609.8,0,1055.1,0,-1743.5,0,1167.2,0,-892.7,0,1459.2,0,-974.7,0,680.8,0,-256.2,0,-812.4,0,596.3,0,409.1,0,802.4,0,-1684.2,0,1868.3,0,-1170.5,0,707.7,0,-890.4,0,1466.9,0,-1057.3,0,706.6,0,-798.6,0,-92.5,0
1638,172.4,0,-265.6,0,926.3,0,-969.3,0,1186.1,0,-1386.1,0,1421.3,0,-710.6,0,873.5,0,-745,0,144.9,0,274.8,0,399.3,0,405.9,0,-934.8,0,1613.6,0,-1229.9,0,564.8,0,-666.6,0,1387.6,0,-972.9,0,1165.3,0,-944.5,0,253.9,0,118.1,0,3.3,0,468.2,0,-609.8,0,1055.1,0,-1743.5,0,1167.2,0,-892.7,0,1459.2,0,-974.7,0,680.8,0,-256.2,0,-812.4,0,596.3,0,409.1,0,802.4,0,-1684.2,0,1868.3,0,-1170.5,0,707.7,0,-890.4,0,1466.9,0,-1057.3,0,706.6,0,-798.6,0,-92.5,0,66.5
1639,0,-265.6,0,926.3,0,-969.3,0,1186.1,0,-1386.1,0,1421.3,0,-710.6,0,873.5,0,-745,0,144.9,0,274.8,0,399.3,0,405.9,0,-934.8,0,1613.6,0,-1229.9,0,564.8,0,-666.6,0,1387.6,0,-972.9,0,1165.3,0,-944.5,0,253.9,0,118.1,0,3.3,0,468.2,0,-609.8,0,1055.1,0,-1743.5,0,1167.2,0,-892.7,0,1459.2,0,-974.7,0,680.8,0,-256.2,0,-812.4,0,596.3,0,409.1,0,802.4,0,-1684.2,0,1868.3,0,-1170.5,0,707.7,0,-890.4,0,1466.9,0,-1057.3,0,706.6,0,-798.6,0,-92.5,0,66.5,0
1640,-265.6,0,926.3,0,-969.3,0,1186.1,0,-1386.1,0,1421.3,0,-710.6,0,873.5,0,-745,0,144.9,0,274.8,0,399.3,0,405.9,0,-934.8,0,1613.6,0,-1229.9,0,564.8,0,-666.6,0,1387.6,0,-972.9,0,1165.3,0,-944.5,0,253.9,0,118.1,0,3.3,0,468.2,0,-609.8,0,1055.1,0,-1743.5,0,1167.2,0,-892.7,0,1459.2,0,-974.7,0,680.8,0,-256.2,0,-812.4,0,596.3,0,409.1,0,802.4,0,-1684.2,0,1868.3,0,-1170.5,0,707.7,0,-890.4,0,1466.9,0,-1057.3,0,706.6,0,-798.6,0,-92.5,0,66.5,0,65.2
1641,0,926.3,0,-969.3,0,1186.1,0,-1386.1,0,1421.3,0,-710.6,0,873.5,0,-745,0,144.9,0,274.8,0,399.3,0,405.9,0,-934.8,0,1613.6,0,-1229.9,0,564.8,0,-666.6,0,1387.6,0,-972.9,0,1165.3,0,-944.5,0,253.9,0,118.1,0,3.3,0,468.2,0,-609.8,0,1055.1,0,-1743.5,0,1167.2,0,-892.7,0,1459.2,0,-974.7,0,680.8,0,-256.2,0,-812.4,0,596.3,0,409.1,0,802.4,0,-1684.2,0,1868.3,0,-1170.5,0,707.7,0,-890.4,0,1466.9,0,-1057.3,0,706.6,0,-798.6,0,-92.5,0,66.5,0,65.2,0
1642,926.3,0,-969.3,0,1186.1,0,-1386.1,0,1421.3,0,-710.6,0,873.5,0,-745,0,144.9,0,274.8,0,399.3,0,405.9,0,-934.8,0,1613.6,0,-1229.9,0,564.8,0,-666.6,0,1387.6,0,-972.9,0,1165.3,0,-944.5,0,253.9,0,118.1,0,3.3,0,468.2,0,-609.8,0,1055.1,0,-1743.5,0,1167.2,0,-892.7,0,1459.2,0,-974.7,0,680.8,0,-256.2,0,-812.4,0,596.3,0,409.1,0,802.4,0,-1684.2,0,1868.3,0,-1170.5,0,707.7,0,-890.4,0,1466.9,0,-1057.3,0,706.6,0,-798.6,0,-92.5,0,66.5,0,65.2,0,1117.4
1643,0,-969.3,0,1186.1,0,-1386.1,0,1421.3,0,-710.6,0,873.5,0,-745,0,144.9,0,274.8,0,399.3,0,405.9,0,-934.8,0,1613.6,0,-1229.9,0,564.8,0,-666.6,0,1387.6,0,-972.9,0,1165.3,0,-944.5,0,253.9,0,118.1,0,3.3,0,468.2,0,-609.8,0,1055.1,0,-1743.5,0,1167.2,0,-892.7,0,1459.2,0,-974.7,0,680.8,0,-256.2,0,-812.4,0,596.3,0,409.1,0,802.4,0,-1684.2,0,1868.3,0,-1170.5,0,707.7,0,-890.4,0,1466.9,0,-1057.3,0,706.6,0,-798.6,0,-92.5,0,66.5,0,65.2,0,1117.4,0
1644,-969.3,0,1186.1,0,-1386.1,0,1421.3,0,-710.6,0,873.5,0,-745,0,144.9,0,274.8,0,399.3,0,405.9,0,-934.8,0,1613.6,0,-1229.9,0,564.8,0,-666.6,0,1387.6,0,-972.9,0,1165.3,0,-944.5,0,253.9,0,118.1,0,3.3,0,468.2,0,-609.8,0,1055.1,0,-1743.5,0,1167.2,0,-892.7,0,1459.2,0,-974.7,0,680.8,0,-256.2,0,-812.4,0,596.3,0,409.1,0,802.4,0,-1684.2,0,1868.3,0,-1170.5,0,707.7,0,-890.4,0,1466.9,0,-1057.3,0,706.6,0,-798.6,0,-92.5,0,66.5,0,65.2,0,1117.4,0,-1185.6
1645,0,1186.1,0,-1386.1,0,1421.3,0,-710.6,0,873.5,0,-745,0,144.9,0,274.8,0,399.3,0,405.9,0,-934.8,0,1613.6,0,-1229.9,0,564.8,0,-666.6,0,1387.6,0,-972.9,0,1165.3,0,-944.5,0,253.9,0,118.1,0,3.3,0,468.2,0,-609.8,0,1055.1,0,-1743.5,0,1167.2,0,-892.7,0,1459.2,0,-974.7,0,680.8,0,-256.2,0,-812.4,0,596.3,0,409.1,0,802.4,0,-1684.2,0,1868.3,0,-1170.5,0,707.7,0,-890.4,0,1466.9,0,-1057.3,0,706.6,0,-798.6,0,-92.5,0,66.5,0,65.2,0,1117.4,0,-1185.6,0
1646,1186.1,0,-1386.1,0,1421.3,0,-710.6,0,873.5,0,-745,0,144.9,0,274.8,0,399.3,0,405.9,0,-934.8,0,1613.6,0,-1229.9,0,564.8,0,-666.6,0,1387.6,0,-972.9,0,1165.3,0,-944.5,0,253.9,0,118.1,0,3.3,0,468.2,0,-609.8,0,1055.1,0,-1743.5,0,1167.2,0,-892.7,0,1459.2,0,-974.7,0,680.8,0,-256.2,0,-812.4,0,596.3,0,409.1,0,802.4,0,-1684.2,0,1868.3,0,-1170.5,0,707.7,0,-890.4,0,1466.9,0,-1057.3,0,706.6,0,-798.6,0,-92.5,0,66.5,0,65.2,0,1117.4,0,-1185.6,0,1589.8
1647,0,-1386.1,0,1421.3,0,-710.6,0,873.5,0,-745,0,144.9,0,274.8,0,399.3,0,405.9,0,-934.8,0,1613.6,0,-1229.9,0,564.8,0,-666.6,0,1387.6,0,-972.9,0,1165.3,0,-944.5,0,253.9,0,118.1,0,3.3,0,468.2,0,-609.8,0,1055.1,0,-1743.5,0,1167.2,0,-892.7,0,1459.2,0,-974.7,0,680.8,0,-256.2,0,-812.4,0,596.3,0,409.1,0,802.4,0,-1684.2,0,1868.3,0,-1170.5,0,707.7,0,-890.4,0,1466.9,0,-1057.3,0,706.6,0,-798.6,0,-92.5,0,66.5,0,65.2,0,1117.4,0,-1185.6,0,1589.8,0
1648,-1386.1,0,1421.3,0,-710.6,0,873.5,0,-745,0,144.9,0,274.8,0,399.3,0,405.9,0,-934.8,0,1613.6,0,-1229.9,0,564.8,0,-666.6,0,1387.6,0,-972.9,0,1165.3,0,-944.5,0,253.9,0,118.1,0,3.3,0,468.2,0,-609.8,0,1055.1,0,-1743.5,0,1167.2,0,-892.7,0,1459.2,0,-974.7,0,680.8,0,-256.2,0,-812.4,0,596.3,0,409.1,0,802.4,0,-1684.2,0,1868.3,0,-1170.5,0,707.7,0,-890.4,0,1466.9,0,-1057.3,0,706.6,0,-798.6,0,-92.5,0,66.5,0,65.2,0,1117.4,0,-1185.6,0,1589.8,0,-1932.1
1649,0,1421.3,0,-710.6,0,873.5,0,-745,0,144.9,0,274.8,0,399.3,0,405.9,0,-934.8,0,1613.6,0,-1229.9,0,564.8,0,-666.6,0,1387.6,0,-972.9,0,1165.3,0,-944.5,0,253.9,0,118.1,0,3.3,0,468.2,0,-609.8,0,1055.1,0,-1743.5,0,1167.2,0,-892.7,0,1459.2,0,-974.7,0,680.8,0,-256.2,0,-812.4,0,596.3,0,409.1,0,802.4,0,-1684.2,0,1868.3,0,-1170.5,0,707.7,0,-890.4,0,1466.9,0,-1057.3,0,706.6,0,-798.6,0,-92.5,0,66.5,0,65.2,0,1117.4,0,-1185.6,0,1589.8,0,-1932.1,0
1650,1421.3,0,-710.6,0,873.5,0,-745,0,144.9,0,274.8,0,399.3,0,405.9,0,-934.8,0,1613.6,0,-1229.9,0,564.8,0,-666.6,0,1387.6,0,-972.9,0,1165.3,0,-944.5,0,253.9,0,118.1,0,3.3,0,468.2,0,-609.8,0,1055.1,0,-1743.5,0,1167.2,0,-892.7,0,1459.2,0,-974.7,0,680.8,0,-256.2,0,-812.4,0,596.3,0,409.1,0,802.4,0,-1684.2,0,1868.3,0,-1170.5,0,707.7,0,-890.4,0,1466.9,0,-1057.3,0,706.6,0,-798.6,0,-92.5,0,66.5,0,65.2,0,1117.4,0,-1185.6,0,1589.8,0,-1932.1,0,1293.4
1651,0,-710.6,0,873.5,0,-745,0,144.9,0,274.8,0,399.3,0,405.9,0,-934.8,0,1613.6,0,-1229.9,0,564.8,0,-666.6,0,1387.6,0,-972.9,0,1165.3,0,-944.5,0,253.9,0,118.1,0,3.3,0,468.2,0,-609.8,0,1055.1,0,-1743.5,0,1167.2,0,-892.7,0,1459.2,0,-974.7,0,680.8,0,-256.2,0,-812.4,0,596.3,0,409.1,0,802.4,0,-1684.2,0,1868.3,0,-1170.5,0,707.7,0,-890.4,0,1466.9,0,-1057.3,0,706.6,0,-798.6,0,-92.5,0,66.5,0,65.2,0,1117.4,0,-1185.6,0,1589.8,0,-1932.1,0,1293.4,0
1652,-710.6,0,873.5,0,-745,0,144.9,0,274.8,0,399.3,0,405.9,0,-934.8,0,1613.6,0,-1229.9,0,564.8,0,-666.6,0,1387.6,0,-972.9,0,1165.3,0,-944.5,0,253.9,0,118.1,0,3.3,0,468.2,0,-609.8,0,1055.1,0,-1743.5,0,1167.2,0,-892.7,0,1459.2,0,-974.7,0,680.8,0,-256.2,0,-812.4,0,596.3,0,409.1,0,802.4,0,-1684.2,0,1868.3,0,-1170.5,0,707.7,0,-890.4,0,1466.9,0,-1057.3,0,706.6,0,-798.6,0,-92.5,0,66.5,0,65.2,0,1117.4,0,-1185.6,0,1589.8,0,-1932.1,0,1293.4,0,-1430.2
1653,0,873.5,0,-745,0,144.9,0,274.8,0,399.3,0,405.9,0,-934.8,0,1613.6,0,-1229.9,0,564.8,0,-666.6,0,1387.6,0,-972.9,0,1165.3,0,-944.5,0,253.9,0,118.1,0,3.3,0,468.2,0,-609.8,0,1055.1,0,-1743.5,0,1167.2,0,-892.7,0,1459.2,0,-974.7,0,680.8,0,-256.2,0,-812.4,0,596.3,0,409.1,0,802.4,0,-1684.2,0,1868.3,0,-1170.5,0,707.7,0,-890.4,0,1466.9,0,-1057.3,0,706.6,0,-798.6,0,-92.5,0,66.5,0,65.2,0,1117.4,0,-1185.6,0,1589.8,0,-1932.1,0,1293.4,0,-1430.2,0
1654,873.5,0,-745,0,144.9,0,274.8,0,399.3,0,405.9,0,-934.8,0,1613.6,0,-1229.9,0,564.8,0,-666.6,0,1387.6,0,-972.9,0,1165.3,0,-944.5,0,253.9,0,118.1,0,3.3,0,468.2,0,-609.8,0,1055.1,0,-1743.5,0,1167.2,0,-892.7,0,1459.2,0,-974.7,0,680.8,0,-256.2,0,-812.4,0,596.3,0,409.1,0,802.4,0,-1684.2,0,1868.3,0,-1170.5,0,707.7,0,-890.4,0,1466.9,0,-1057.3,0,706.6,0,-798.6,0,-92.5,0,66.5,0,65.2,0,1117.4,0,-1185.6,0,1589.8,0,-1932.1,0,1293.4,0,-1430.2,0,1333.3
1655,0,-745,0,144.9,0,274.8,0,399.3,0,405.9,0,-934.8,0,1613.6,0,-1229.9,0,564.8,0,-666.6,0,1387.6,0,-972.9,0,1165.3,0,-944.5,0,253.9,0,118.1,0,3.3,0,468.2,0,-609.8,0,1055.1,0,-1743.5,0,1167.2,0,-892.7,0,1459.2,0,-974.7,0,680.8,0,-256.2,0,-812.4,0,596.3,0,409.1,0,802.4,0,-1684.2,0,1868.3,0,-1170.5,0,707.7,0,-890.4,0,1466.9,0,-1057.3,0,706.6,0,-798.6,0,-92.5,0,66.5,0,65.2,0,1117.4,0,-1185.6,0,1589.8,0,-1932.1,0,1293.4,0,-1430.2,0,1333.3,0
1656,-745,0,144.9,0,274.8,0,399.3,0,405.9,0,-934.8,0,1613.6,0,-1229.9,0,564.8,0,-666.6,0,1387.6,0,-972.9,0,1165.3,0,-944.5,0,253.9,0,118.1,0,3.3,0,468.2,0,-609.8,0,1055.1,0,-1743.5,0,1167.2,0,-892.7,0,1459.2,0,-974.7,0,680.8,0,-256.2,0,-812.4,0,596.3,0,409.1,0,802.4,0,-1684.2,0,1868.3,0,-1170.5,0,707.7,0,-890.4,0,1466.9,0,-1057.3,0,706.6,0,-798.6,0,-92.5,0,66.5,0,65.2,0,1117.4,0,-1185.6,0,1589.8,0,-1932.1,0,1293.4,0,-1430.2,0,1333.3,0,-990.7
1657,0,144.9,0,274.8,0,399.3,0,405.9,0,-934.8,0,1613.6,0,-1229.9,0,564.8,0,-666.6,0,1387.6,0,-972.9,0,1165.3,0,-944.5,0,253.9,0,118.1,0,3.3,0,468.2,0,-609.8,0,1055.1,0,-1743.5,0,1167.2,0,-892.7,0,1459.2,0,-974.7,0,680.8,0,-256.2,0,-812.4,0,596.3,0,409.1,0,802.4,0,-1684.2,0,1868.3,0,-1170.5,0,707.7,0,-890.4,0,1466.9,0,-1057.3,0,706.6,0,-798.6,0,-92.5,0,66.5,0,65.2,0,1117.4,0,-1185.6,0,1589.8,0,-1932.1,0,1293.4,0,-1430.2,0,1333.3,0,-990.7,0
1658,144.9,0,274.8,0,399.3,0,405.9,0,-934.8,0,1613.6,0,-1229.9,0,564.8,0,-666.6,0,1387.6,0,-972.9,0,1165.3,0,-944.5,0,253.9,0,118.1,0,3.3,0,468.2,0,-609.8,0,1055.1,0,-1743.5,0,1167.2,0,-892.7,0,1459.2,0,-974.7,0,680.8,0,-256.2,0,-812.4,0,596.3,0,409.1,0,802.4,0,-1684.2,0,1868.3,0,-1170.5,0,707.7,0,-890.4,0,1466.9,0,-1057.3,0,706.6,0,-798.6,0,-92.5,0,66.5,0,65.2,0,1117.4,0,-1185.6,0,1589.8,0,-1932.1,0,1293.4,0,-1430.2,0,1333.3,0,-990.7,0,379.1
1659,0,274.8,0,399.3,0,405.9,0,-934.8,0,1613.6,0,-1229.9,0,564.8,0,-666.6,0,1387.6,0,-972.9,0,1165.3,0,-944.5,0,253.9,0,118.1,0,3.3,0,468.2,0,-609.8,0,1055.1,0,-1743.5,0,1167.2,0,-892.7,0,1459.2,0,-974.7,0,680.8,0,-256.2,0,-812.4,0,596.3,0,409.1,0,802.4,0,-1684.2,0,1868.3,0,-1170.5,0,707.7,0,-890.4,0,1466.9,0,-1057.3,0,706.6,0,-798.6,0,-92.5,0,66.5,0,65.2,0,1117.4,0,-1185.6,0,1589.8,0,-1932.1,0,1293.4,0,-1430.2,0,1333.3,0,-990.7,0,379.1,0
1660,274.8,0,399.3,0,405.9,0,-934.8,0,1613.6,0,-1229.9,0,564.8,0,-666.6,0,1387.6,0,-972.9,0,1165.3,0,-944.5,0,253.9,0,118.1,0,3.3,0,468.2,0,-609.8,0,1055.1,0,-1743.5,0,1167.2,0,-892.7,0,1459.2,0,-974.7,0,680.8,0,-256.2,0,-812.4,0,596.3,0,409.1,0,802.4,0,-1684.2,0,1868.3,0,-1170.5,0,707.7,0,-890.4,0,1466.9,0,-1057.3,0,706.6,0,-798.6,0,-92.5,0,66.5,0,65.2,0,1117.4,0,-1185.6,0,1589.8,0,-1932.1,0,1293.4,0,-1430.2,0,1333.3,0,-990.7,0,379.1,0,276.3
1661,0,399.3,0,405.9,0,-934.8,0,1613.6,0,-1229.9,0,564.8,0,-666.6,0,1387.6,0,-972.9,0,1165.3,0,-944.5,0,253.9,0,118.1,0,3.3,0,468.2,0,-609.8,0,1055.1,0,-1743.5,0,1167.2,0,-892.7,0,1459.2,0,-974.7,0,680.8,0,-256.2,0,-812.4,0,596.3,0,409.1,0,802.4,0,-1684.2,0,1868.3,0,-1170.5,0,707.7,0,-890.4,0,1466.9,0,-1057.3,0,706.6,0,-798.6,0,-92.5,0,66.5,0,65.2,0,1117.4,0,-1185.6,0,1589.8,0,-1932.1,0,1293.4,0,-1430.2,0,1333.3,0,-990.7,0,379.1,0,276.3,0
1662,399.3,0,405.9,0,-934.8,0,1613.6,0,-1229.9,0,564.8,0,-666.6,0,1387.6,0,-972.9,0,1165.3,0,-944.5,0,253.9,0,118.1,0,3.3,0,468.2,0,-609.8,0,1055.1,0,-1743.5,0,1167.2,0,-892.7,0,1459.2,0,-974.7,0,680.8,0,-256.2,0,-812.4,0,596.3,0,409.1,0,802.4,0,-1684.2,0,1868.3,0,-1170.5,0,707.7,0,-890.4,0,1466.9,0,-1057.3,0,706.6,0,-798.6,0,-92.5,0,66.5,0,65.2,0,1117.4,0,-1185.6,0,1589.8,0,-1932.1,0,1293.4,0,-1430.2,0,1333.3,0,-990.7,0,379.1,0,276.3,0,-682.1
1663,0,405.9,0,-934.8,0,1613.6,0,-1229.9,0,564.8,0,-666.6,0,1387.6,0,-972.9,0,1165.3,0,-944.5,0,253.9,0,118.1,0,3.3,0,468.2,0,-609.8,0,1055.1,0,-1743.5,0,1167.2,0,-892.7,0,1459.2,0,-974.7,0,680.8,0,-256.2,0,-812.4,0,596.3,0,409.1,0,802.4,0,-1684.2,0,1868.3,0,-1170.5,0,707.7,0,-890.4,0,1466.9,0,-1057.3,0,706.6,0,-798.6,0,-92.5,0,66.5,0,65.2,0,1117.4,0,-1185.6,0,1589.8,0,-1932.1,0,1293.4,0,-1430.2,0,1333.3,0,-990.7,0,379.1,0,276.3,0,-682.1,0
1664,405.9,0,-934.8,0,1613.6,0,-1229.9,0,564.8,0,-666.6,0,1387.6,0,-972.9,0,1165.3,0,-944.5,0,253.9,0,118.1,0,3.3,0,468.2,0,-609.8,0,1055.1,0,-1743.5,0,1167.2,0,-892.7,0,1459.2,0,-974.7,0,680.8,0,-256.2,0,-812.4,0,596.3,0,409.1,0,802.4,0,-1684.2,0,1868.3,0,-1170.5,0,707.7,0,-890.4,0,1466.9,0,-1057.3,0,706.6,0,-798.6,0,-92.5,0,66.5,0,65.2,0,1117.4,0,-1185.6,0,1589.8,0,-1932.1,0,1293.4,0,-1430.2,0,1333.3,0,-990.7,0,379.1,0,276.3,0,-682.1,0,344.5
1665,0,-934.8,0,1613.6,0,-1229.9,0,564.8,0,-666.6,0,1387.6,0,-972.9,0,1165.3,0,-944.5,0,253.9,0,118.1,0,3.3,0,468.2,0,-609.8,0,1055.1,0,-1743.5,0,1167.2,0,-892.7,0,1459.2,0,-974.7,0,680.8,0,-256.2,0,-812.4,0,596.3,0,409.1,0,802.4,0,-1684.2,0,1868.3,0,-1170.5,0,707.7,0,-890.4,0,1466.9,0,-1057.3,0,706.6,0,-798.6,0,-92.5,0,66.5,0,65.2,0,1117.4,0,-1185.6,0,1589.8,0,-1932.1,0,1293.4,0,-1430.2,0,1333.3,0,-990.7,0,379.1,0,276.3,0,-682.1,0,344.5,0
1666,-934.8,0,1613.6,0,-1229.9,0,564.8,0,-666.6,0,1387.6,0,-972.9,0,1165.3,0,-944.5,0,253.9,0,118.1,0,3.3,0,468.2,0,-609.8,0,1055.1,0,-1743.5,0,1167.2,0,-892.7,0,1459.2,0,-974.7,0,680.8,0,-256.2,0,-812.4,0,596.3,0,409.1,0,802.4,0,-1684.2,0,1868.3,0,-1170.5,0,707.7,0,-890.4,0,1466.9,0,-1057.3,0,706.6,0,-798.6,0,-92.5,0,66.5,0,65.2,0,1117.4,0,-1185.6,0,1589.8,0,-1932.1,0,1293.4,0,-1430.2,0,1333.3,0,-990.7,0,379.1,0,276.3,0,-682.1,0,344.5,0,117.7
1667,0,1613.6,0,-1229.9,0,564.8,0,-666.6,0,1387.6,0,-972.9,0,1165.3,0,-944.5,0,253.9,0,118.1,0,3.3,0,468.2,0,-609.8,0,1055.1,0,-1743.5,0,1167.2,0,-892.7,0,1459.2,0,-974.7,0,680.8,0,-256.2,0,-812.4,0,596.3,0,409.1,0,802.4,0,-1684.2,0,1868.3,0,-1170.5,0,707.7,0,-890.4,0,1466.9,0,-1057.3,0,706.6,0,-798.6,0,-92.5,0,66.5,0,65.2,0,1117.4,0,-1185.6,0,1589.8,0,-1932.1,0,1293.4,0,-1430.2,0,1333.3,0,-990.7,0,379.1,0,276.3,0,-682.1,0,344.5,0,117.7,0
1668,1613.6,0,-1229.9,0,564.8,0,-666.6,0,1387.6,0,-972.9,0,1165.3,0,-944.5,0,253.9,0,118.1,0,3.3,0,468.2,0,-609.8,0,1055.1,0,-1743.5,0,1167.2,0,-892.7,0,1459.2,0,-974.7,0,680.8,0,-256.2,0,-812.4,0,596.3,0,409.1,0,802.4,0,-1684.2,0,1868.3,0,-1170.5,0,707.7,0,-890.4,0,1466.9,0,-1057.3,0,706.6,0,-798.6,0,-92.5,0,66.5,0,65.2,0,1117.4,0,-1185.6,0,1589.8,0,-1932.1,0,1293.4,0,-1430.2,0,1333.3,0,-990.7,0,379.1,0,276.3,0,-682.1,0,344.5,0,117.7,0,1597.7
1669,0,-1229.9,0,564.8,0,-666.6,0,1387.6,0,-972.9,0,1165.3,0,-944.5,0,253.9,0,118.1,0,3.3,0,468.2,0,-609.8,0,1055.1,0,-1743.5,0,1167.2,0,-892.7,0,1459.2,0,-974.7,0,680.8,0,-256.2,0,-812.4,0,596.3,0,409.1,0,802.4,0,-1684.2,0,1868.3,0,-1170.5,0,707.7,0,-890.4,0,1466.9,0,-1057.3,0,706.6,0,-798.6,0,-92.5,0,66.5,0,65.2,0,1117.4,0,-1185.6,0,1589.8,0,-1932.1,0,1293.4,0,-1430.2,0,1333.3,0,-990.7,0,379.1,0,276.3,0,-682.1,0,344.5,0,117.7,0,1597.7,0
1670,-1229.9,0,564.8,0,-666.6,0,1387.6,0,-972.9,0,1165.3,0,-944.5,0,253.9,0,118.1,0,3.3,0,468.2,0,-609.8,0,1055.1,0,-1743.5,0,1167.2,0,-892.7,0,1459.2,0,-974.7,0,680.8,0,-256.2,0,-812.4,0,596.3,0,409.1,0,802.4,0,-1684.2,0,1868.3,0,-1170.5,0,707.7,0,-890.4,0,1466.9,0,-1057.3,0,706.6,0,-798.6,0,-92.5,0,66.5,0,65.2,0,1117.4,0,-1185.6,0,1589.8,0,-1932.1,0,1293.4,0,-1430.2,0,1333.3,0,-990.7,0,379.1,0,276.3,0,-682.1,0,344.5,0,117.7,0,1597.7,0,-2446.6
1671,0,564.8,0,-666.6,0,1387.6,0,-972.9,0,1165.3,0,-944.5,0,253.9,0,118.1,0,3.3,0,468.2,0,-609.8,0,1055.1,0,-1743.5,0,1167.2,0,-892.7,0,1459.2,0,-974.7,0,680.8,0,-256.2,0,-812.4,0,596.3,0,409.1,0,802.4,0,-1684.2,0,1868.3,0,-1170.5,0,707.7,0,-890.4,0,1466.9,0,-1057.3,0,706.6,0,-798.6,0,-92.5,0,66.5,0,65.2,0,1117.4,0,-1185.6,0,1589.8,0,-1932.1,0,1293.4,0,-1430.2,0,1333.3,0,-990.7,0,379.1,0,276.3,0,-682.1,0,344.5,0,117.7,0,1597.7,0,-2446.6,0
1672,564.8,0,-666.6,0,1387.6,0,-972.9,0,1165.3,0,-944.5,0,253.9,0,118.1,0,3.3,0,468.2,0,-609.8,0,1055.1,0,-1743.5,0,1167.2,0,-892.7,0,1459.2,0,-974.7,0,680.8,0,-256.2,0,-812.4,0,596.3,0,409.1,0,802.4,0,-1684.2,0,1868.3,0,-1170.5,0,707.7,0,-890.4,0,1466.9,0,-1057.3,0,706.6,0,-798.6,0,-92.5,0,66.5,0,65.2,0,1117.4,0,-1185.6,0,1589.8,0,-1932.1,0,1293.4,0,-1430.2,0,1333.3,0,-990.7,0,379.1,0,276.3,0,-682.1,0,344.5,0,117.7,0,1597.7,0,-2446.6,0,1345.9
1673,0,-666.6,0,1387.6,0,-972.9,0,1165.3,0,-944.5,0,253.9,0,118.1,0,3.3,0,468.2,0,-609.8,0,1055.1,0,-1743.5,0,1167.2,0,-892.7,0,1459.2,0,-974.7,0,680.8,0,-256.2,0,-812.4,0,596.3,0,409.1,0,802.4,0,-1684.2,0,1868.3,0,-1170.5,0,707.7,0,-890.4,0,1466.9,0,-1057.3,0,706.6,0,-798.6,0,-92.5,0,66.5,0,65.2,0,1117.4,0,-1185.6,0,1589.8,0,-1932.1,0,1293.4,0,-1430.2,0,1333.3,0,-990.7,0,379.1,0,276.3,0,-682.1,0,344.5,0,117.7,0,1597.7,0,-2446.6,0,1345.9,0
1674,-666.6,0,1387.6,0,-972.9,0,1165.3,0,-944.5,0,253.9,0,118.1,0,3.3,0,468.2,0,-609.8,0,1055.1,0,-1743.5,0,1167.2,0,-892.7,0,1459.2,0,-974.7,0,680.8,0,-256.2,0,-812.4,0,596.3,0,409.1,0,802.4,0,-1684.2,0,1868.3,0,-1170.5,0,707.7,0,-890.4,0,1466.9,0,-1057.3,0,706.6,0,-798.6,0,-92.5,0,66.5,0,65.2,0,1117.4,0,-1185.6,0,1589.8,0,-1932.1,0,1293.4,0,-1430.2,0,1333.3,0,-990.7,0,379.1,0,276.3,0,-682.1,0,344.5,0,117.7,0,1597.7,0,-2446.6,0,1345.9,0,-813.6
1675,0,1387.6,0,-972.9,0,1165.3,0,-944.5,0,253.9,0,118.1,0,3.3,0,468.2,0,-609.8,0,1055.1,0,-1743.5,0,1167.2,0,-892.7,0,1459.2,0,-974.7,0,680.8,0,-256.2,0,-812.4,0,596.3,0,409.1,0,802.4,0,-1684.2,0,1868.3,0,-1170.5,0,707.7,0,-890.4,0,1466.9,0,-1057.3,0,706.6,0,-798.6,0,-92.5,0,66.5,0,65.2,0,1117.4,0,-1185.6,0,1589.8,0,-1932.1,0,1293.4,0,-1430.2,0,1333.3,0,-990.7,0,379.1,0,276.3,0,-682.1,0,344.5,0,117.7,0,1597.7,0,-2446.6,0,1345.9,0,-813.6,0
1676,1387.6,0,-972.9,0,1165.3,0,-944.5,0,253.9,0,118.1,0,3.3,0,468.2,0,-609.8,0,1055.1,0,-1743.5,0,1167.2,0,-892.7,0,1459.2,0,-974.7,0,680.8,0,-256.2,0,-812.4,0,596.3,0,409.1,0,802.4,0,-1684.2,0,1868.3,0,-1170.5,0,707.7,0,-890.4,0,1466.9,0,-1057.3,0,706.6,0,-798.6,0,-92.5,0,66.5,0,65.2,0,1117.4,0,-1185.6,0,1589.8,0,-1932.1,0,1293.4,0,-1430.2,0,1333.3,0,-990.7,0,379.1,0,276.3,0,-682.1,0,344.5,0,117.7,0,1597.7,0,-2446.6,0,1345.9,0,-813.6,0,968.9
1677,0,-972.9,0,1165.3,0,-944.5,0,253.9,0,118.1,0,3.3,0,468.2,0,-609.8,0,1055.1,0,-1743.5,0,1167.2,0,-892.7,0,1459.2,0,-974.7,0,680.8,0,-256.2,0,-812.4,0,596.3,0,409.1,0,802.4,0,-1684.2,0,1868.3,0,-1170.5,0,707.7,0,-890.4,0,1466.9,0,-1057.3,0,706.6,0,-798.6,0,-92.5,0,66.5,0,65.2,0,1117.4,0,-1185.6,0,1589.8,0,-1932.1,0,1293.4,0,-1430.2,0,1333.3,0,-990.7,0,379.1,0,276.3,0,-682.1,0,344.5,0,117.7,0,1597.7,0,-2446.6,0,1345.9,0,-813.6,0,968.9,0
1678,-972.9,0,1165.3,0,-944.5,0,253.9,0,118.1,0,3.3,0,468.2,0,-609.8,0,1055.1,0,-1743.5,0,1167.2,0,-892.7,0,1459.2,0,-974.7,0,680.8,0,-256.2,0,-812.4,0,596.3,0,409.1,0,802.4,0,-1684.2,0,1868.3,0,-1170.5,0,707.7,0,-890.4,0,1466.9,0,-1057.3,0,706.6,0,-798.6,0,-92.5,0,66.5,0,65.2,0,1117.4,0,-1185.6,0,1589.8,0,-1932.1,0,1293.4,0,-1430.2,0,1333.3,0,-990.7,0,379.1,0,276.3,0,-682.1,0,344.5,0,117.7,0,1597.7,0,-2446.6,0,1345.9,0,-813.6,0,968.9,0,-1009.8
1679,0,1165.3,0,-944.5,0,253.9,0,118.1,0,3.3,0,468.2,0,-609.8,0,1055.1,0,-1743.5,0,1167.2,0,-892.7,0,1459.2,0,-974.7,0,680.8,0,-256.2,0,-812.4,0,596.3,0,409.1,0,802.4,0,-1684.2,0,1868.3,0,-1170.5,0,707.7,0,-890.4,0,1466.9,0,-1057.3,0,706.6,0,-798.6,0,-92.5,0,66.5,0,65.2,0,1117.4,0,-1185.6,0,1589.8,0,-1932.1,0,1293.4,0,-1430.2,0,1333.3,0,-990.7,0,379.1,0,276.3,0,-682.1,0,344.5,0,117.7,0,1597.7,0,-2446.6,0,1345.9,0,-813.6,0,968.9,0,-1009.8,0
1680,1165.3,0,-944.5,0,253.9,0,118.1,0,3.3,0,468.2,0,-609.8,0,1055.1,0,-1743.5,0,1167.2,0,-892.7,0,1459.2,0,-974.7,0,680.8,0,-256.2,0,-812.4,0,596.3,0,409.1,0,802.4,0,-1684.2,0,1868.3,0,-1170.5,0,707.7,0,-890.4,0,1466.9,0,-1057.3,0,706.6,0,-798.6,0,-92.5,0,66.5,0,65.2,0,1117.4,0,-1185.6,0,1589.8,0,-1932.1,0,1293.4,0,-1430.2,0,1333.3,0,-990.7,0,379.1,0,276.3,0,-682.1,0,344.5,0,117.7,0,1597.7,0,-2446.6,0,1345.9,0,-813.6,0,968.9,0,-1009.8,0,1851.9
1681,0,-944.5,0,253.9,0,118.1,0,3.3,0,468.2,0,-609.8,0,1055.1,0,-1743.5,0,1167.2,0,-892.7,0,1459.2,0,-974.7,0,680.8,0,-256.2,0,-812.4,0,596.3,0,409.1,0,802.4,0,-1684.2,0,1868.3,0,-1170.5,0,707.7,0,-890.4,0,1466.9,0,-1057.3,0,706.6,0,-798.6,0,-92.5,0,66.5,0,65.2,0,1117.4,0,-1185.6,0,1589.8,0,-1932.1,0,1293.4,0,-1430.2,0,1333.3,0,-990.7,0,379.1,0,276.3,0,-682.1,0,344.5,0,117.7,0,1597.7,0,-2446.6,0,1345.9,0,-813.6,0,968.9,0,-1009.8,0,1851.9,0
1682,-944.5,0,253.9,0,118.1,0,3.3,0,468.2,0,-609.8,0,1055.1,0,-1743.5,0,1167.2,0,-892.7,0,1459.2,0,-974.7,0,680.8,0,-256.2,0,-812.4,0,596.3,0,409.1,0,802.4,0,-1684.2,0,1868.3,0,-1170.5,0,707.7,0,-890.4,0,1466.9,0,-1057.3,0,706.6,0,-798.6,0,-92.5,0,66.5,0,65.2,0,1117.4,0,-1185.6,0,1589.8,0,-1932.1,0,1293.4,0,-1430.2,0,1333.3,0,-990.7,0,379.1,0,276.3,0,-682.1,0,344.5,0,117.7,0,1597.7,0,-2446.6,0,1345.9,0,-813.6,0,968.9,0,-1009.8,0,1851.9,0,-744.5
1683,0,253.9,0,118.1,0,3.3,0,468.2,0,-609.8,0,1055.1,0,-1743.5,0,1167.2,0,-892.7,0,1459.2,0,-974.7,0,680.8,0,-256.2,0,-812.4,0,596.3,0,409.1,0,802.4,0,-1684.2,0,1868.3,0,-1170.5,0,707.7,0,-890.4,0,1466.9,0,-1057.3,0,706.6,0,-798.6,0,-92.5,0,66.5,0,65.2,0,1117.4,0,-1185.6,0,1589.8,0,-1932.1,0,1293.4,0,-1430.2,0,1333.3,0,-990.7,0,379.1,0,276.3,0,-682.1,0,344.5,0,117.7,0,1597.7,0,-2446.6,0,1345.9,0,-813.6,0,968.9,0,-1009.8,0,1851.9,0,-744.5,0
1684,253.9,0,118.1,0,3.3,0,468.2,0,-609.8,0,1055.1,0,-1743.5,0,1167.2,0,-892.7,0,1459.2,0,-974.7,0,680.8,0,-256.2,0,-812.4,0,596.3,0,409.1,0,802.4,0,-1684.2,0,1868.3,0,-1170.5,0,707.7,0,-890.4,0,1466.9,0,-1057.3,0,706.6,0,-798.6,0,-92.5,0,66.5,0,65.2,0,1117.4,0,-1185.6,0,1589.8,0,-1932.1,0,1293.4,0,-1430.2,0,1333.3,0,-990.7,0,379.1,0,276.3,0,-682.1,0,344.5,0,117.7,0,1597.7,0,-2446.6,0,1345.9,0,-813.6,0,968.9,0,-1009.8,0,1851.9,0,-744.5,0,399
1685,0,118.1,0,3.3,0,468.2,0,-609.8,0,1055.1,0,-1743.5,0,1167.2,0,-892.7,0,1459.2,0,-974.7,0,680.8,0,-256.2,0,-812.4,0,596.3,0,409.1,0,802.4,0,-1684.2,0,1868.3,0,-1170.5,0,707.7,0,-890.4,0,1466.9,0,-1057.3,0,706.6,0,-798.6,0,-92.5,0,66.5,0,65.2,0,1117.4,0,-1185.6,0,1589.8,0,-1932.1,0,1293.4,0,-1430.2,0,1333.3,0,-990.7,0,379.1,0,276.3,0,-682.1,0,344.5,0,117.7,0,1597.7,0,-2446.6,0,1345.9,0,-813.6,0,968.9,0,-1009.8,0,1851.9,0,-744.5,0,399,0
1686,118.1,0,3.3,0,468.2,0,-609.8,0,1055.1,0,-1743.5,0,1167.2,0,-892.7,0,1459.2,0,-974.7,0,680.8,0,-256.2,0,-812.4,0,596.3,0,409.1,0,802.4,0,-1684.2,0,1868.3,0,-1170.5,0,707.7,0,-890.4,0,1466.9,0,-1057.3,0,706.6,0,-798.6,0,-92.5,0,66.5,0,65.2,0,1117.4,0,-1185.6,0,1589.8,0,-1932.1,0,1293.4,0,-1430.2,0,1333.3,0,-990.7,0,379.1,0,276.3,0,-682.1,0,344.5,0,117.7,0,1597.7,0,-2446.6,0,1345.9,0,-813.6,0,968.9,0,-1009.8,0,1851.9,0,-744.5,0,399,0,5.9
1687,0,3.3,0,468.2,0,-609.8,0,1055.1,0,-1743.5,0,1167.2,0,-892.7,0,1459.2,0,-974.7,0,680.8,0,-256.2,0,-812.4,0,596.3,0,409.1,0,802.4,0,-1684.2,0,1868.3,0,-1170.5,0,707.7,0,-890.4,0,1466.9,0,-1057.3,0,706.6,0,-798.6,0,-92.5,0,66.5,0,65.2,0,1117.4,0,-1185.6,0,1589.8,0,-1932.1,0,1293.4,0,-1430.2,0,1333.3,0,-990.7,0,379.1,0,276.3,0,-682.1,0,344.5,0,117.7,0,1597.7,0,-2446.6,0,1345.9,0,-813.6,0,968.9,0,-1009.8,0,1851.9,0,-744.5,0,399,0,5.9,0
1688,3.3,0,468.2,0,-609.8,0,1055.1,0,-1743.5,0,1167.2,0,-892.7,0,1459.2,0,-974.7,0,680.8,0,-256.2,0,-812.4,0,596.3,0,409.1,0,802.4,0,-1684.2,0,1868.3,0,-1170.5,0,707.7,0,-890.4,0,1466.9,0,-1057.3,0,706.6,0,-798.6,0,-92.5,0,66.5,0,65.2,0,1117.4,0,-1185.6,0,1589.8,0,-1932.1,0,1293.4,0,-1430.2,0,1333.3,0,-990.7,0,379.1,0,276.3,0,-682.1,0,344.5,0,117.7,0,1597.7,0,-2446.6,0,1345.9,0,-813.6,0,968.9,0,-1009.8,0,1851.9,0,-744.5,0,399,0,5.9,0,-460.7
1689,0,468.2,0,-609.8,0,1055.1,0,-1743.5,0,1167.2,0,-892.7,0,1459.2,0,-974.7,0,680.8,0,-256.2,0,-812.4,0,596.3,0,409.1,0,802.4,0,-1684.2,0,1868.3,0,-1170.5,0,707.7,0,-890.4,0,1466.9,0,-1057.3,0,706.6,0,-798.6,0,-92.5,0,66.5,0,65.2,0,1117.4,0,-1185.6,0,1589.8,0,-1932.1,0,1293.4,0,-1430.2,0,1333.3,0,-990.7,0,379.1,0,276.3,0,-682.1,0,344.5,0,117.7,0,1597.7,0,-2446.6,0,1345.9,0,-813.6,0,968.9,0,-1009.8,0,1851.9,0,-744.5,0,399,0,5.9,0,-460.7,0
1690,468.2,0,-609.8,0,1055.1,0,-1743.5,0,1167.2,0,-892.7,0,1459.2,0,-974.7,0,680.8,0,-256.2,0,-812.4,0,596.3,0,409.1,0,802.4,0,-1684.2,0,1868.3,0,-1170.5,0,707.7,0,-890.4,0,1466.9,0,-1057.3,0,706.6,0,-798.6,0,-92.5,0,66.5,0,65.2,0,1117.4,0,-1185.6,0,1589.8,0,-1932.1,0,1293.4,0,-1430.2,0,1333.3,0,-990.7,0,379.1,0,276.3,0,-682.1,0,344.5,0,117.7,0,1597.7,0,-2446.6,0,1345.9,0,-813.6,0,968.9,0,-1009.8,0,1851.9,0,-744.5,0,399,0,5.9,0,-460.7,0,164.7
1691,0,-609.8,0,1055.1,0,-1743.5,0,1167.2,0,-892.7,0,1459.2,0,-974.7,0,680.8,0,-256.2,0,-812.4,0,596.3,0,409.1,0,802.4,0,-1684.2,0,1868.3,0,-1170.5,0,707.7,0,-890.4,0,1466.9,0,-1057.3,0,706.6,0,-798.6,0,-92.5,0,66.5,0,65.2,0,1117.4,0,-1185.6,0,1589.8,0,-1932.1,0,1293.4,0,-1430.2,0,1333.3,0,-990.7,0,379.1,0,276.3,0,-682.1,0,344.5,0,117.7,0,1597.7,0,-2446.6,0,1345.9,0,-813.6,0,968.9,0,-1009.8,0,1851.9,0,-744.5,0,399,0,5.9,0,-460.7,0,164.7,0
1692,-609.8,0,1055.1,0,-1743.5,0,1167.2,0,-892.7,0,1459.2,0,-974.7,0,680.8,0,-256.2,0,-812.4,0,596.3,0,409.1,0,802.4,0,-1684.2,0,1868.3,0,-1170.5,0,707.7,0,-890.4,0,1466.9,0,-1057.3,0,706.6,0,-798.6,0,-92.5,0,66.5,0,65.2,0,1117.4,0,-1185.6,0,1589.8,0,-1932.1,0,1293.4,0,-1430.2,0,1333.3,0,-990.7,0,379.1,0,276.3,0,-682.1,0,344.5,0,117.7,0,1597.7,0,-2446.6,0,1345.9,0,-813.6,0,968.9,0,-1009.8,0,1851.9,0,-744.5,0,399,0,5.9,0,-460.7,0,164.7,0,-249.5
1693,0,1055.1,0,-1743.5,0,1167.2,0,-892.7,0,1459.2,0,-974.7,0,680.8,0,-256.2,0,-812.4,0,596.3,0,409.1,0,802.4,0,-1684.2,0,1868.3,0,-1170.5,0,707.7,0,-890.4,0,1466.9,0,-1057.3,0,706.6,0,-798.6,0,-92.5,0,66.5,0,65.2,0,1117.4,0,-1185.6,0,1589.8,0,-1932.1,0,1293.4,0,-1430.2,0,1333.3,0,-990.7,0,379.1,0,276.3,0,-682.1,0,344.5,0,117.7,0,1597.7,0,-2446.6,0,1345.9,0,-813.6,0,968.9,0,-1009.8,0,1851.9,0,-744.5,0,399,0,5.9,0,-460.7,0,164.7,0,-249.5,0
1694,1055.1,0,-1743.5,0,1167.2,0,-892.7,0,1459.2,0,-974.7,0,680.8,0,-256.2,0,-812.4,0,596.3,0,409.1,0,802.4,0,-1684.2,0,1868.3,0,-1170.5,0,707.7,0,-890.4,0,1466.9,0,-1057.3,0,706.6,0,-798.6,0,-92.5,0,66.5,0,65.2,0,1117.4,0,-1185.6,0,1589.8,0,-1932.1,0,1293.4,0,-1430.2,0,1333.3,0,-990.7,0,379.1,0,276.3,0,-682.1,0,344.5,0,117.7,0,1597.7,0,-2446.6,0,1345.9,0,-813.6,0,968.9,0,-1009.8,0,1851.9,0,-744.5,0,399,0,5.9,0,-460.7,0,164.7,0,-249.5,0,1229.1
1695,0,-1743.5,0,1167.2,0,-892.7,0,1459.2,0,-974.7,0,680.8,0,-256.2,0,-812.4,0,596.3,0,409.1,0,802.4,0,-1684.2,0,1868.3,0,-1170.5,0,707.7,0,-890.4,0,1466.9,0,-1057.3,0,706.6,0,-798.6,0,-92.5,0,66.5,0,65.2,0,1117.4,0,-1185.6,0,1589.8,0,-1932.1,0,1293.4,0,-1430.2,0,1333.3,0,-990.7,0,379.1,0,276.3,0,-682.1,0,344.5,0,117.7,0,1597.7,0,-2446.6,0,1345.9,0,-813.6,0,968.9,0,-1009.8,0,1851.9,0,-744.5,0,399,0,5.9,0,-460.7,0,164.7,0,-249.5,0,1229.1,0
1696,-1743.5,0,1167.2,0,-892.7,0,1459.2,0,-974.7,0,680.8,0,-256.2,0,-812.4,0,596.3,0,409.1,0,802.4,0,-1684.2,0,1868.3,0,-1170.5,0,707.7,0,-890.4,0,1466.9,0,-1057.3,0,706.6,0,-798.6,0,-92.5,0,66.5,0,65.2,0,1117.4,0,-1185.6,0,1589.8,0,-1932.1,0,1293.4,0,-1430.2,0,1333.3,0,-990.7,0,379.1,0,276.3,0,-682.1,0,344.5,0,117.7,0,1597.7,0,-2446.6,0,1345.9,0,-813.6,0,968.9,0,-1009.8,0,1851.9,0,-744.5,0,399,0,5.9,0,-460.7,0,164.7,0,-249.5,0,1229.1,0,-1357.1
1697,0,1167.2,0,-892.7,0,1459.2,0,-974.7,0,680.8,0,-256.2,0,-812.4,0,596.3,0,409.1,0,802.4,0,-1684.2,0,1868.3,0,-1170.5,0,707.7,0,-890.4,0,1466.9,0,-1057.3,0,706.6,0,-798.6,0,-92.5,0,66.5,0,65.2,0,1117.4,0,-1185.6,0,1589.8,0,-1932.1,0,1293.4,0,-1430.2,0,1333.3,0,-990.7,0,379.1,0,276.3,0,-682.1,0,344.5,0,117.7,0,1597.7,0,-2446.6,0,1345.9,0,-813.6,0,968.9,0,-1009.8,0,1851.9,0,-744.5,0,399,0,5.9,0,-460.7,0,164.7,0,-249.5,0,1229.1,0,-1357.1,0
1698,1167.2,0,-892.7,0,1459.2,0,-974.7,0,680.8,0,-256.2,0,-812.4,0,596.3,0,409.1,0,802.4,0,-1684.2,0,1868.3,0,-1170.5,0,707.7,0,-890.4,0,1466.9,0,-1057.3,0,706.6,0,-798.6,0,-92.5,0,66.5,0,65.2,0,1117.4,0,-1185.6,0,1589.8,0,-1932.1,0,1293.4,0,-1430.2,0,1333.3,0,-990.7,0,379.1,0,276.3,0,-682.1,0,344.5,0,117.7,0,1597.7,0,-2446.6,0,1345.9,0,-813.6,0,968.9,0,-1009.8,0,1851.9,0,-744.5,0,399,0,5.9,0,-460.7,0,164.7,0,-249.5,0,1229.1,0,-1357.1,0,1274.9
1699,0,-892.7,0,1459.2,0,-974.7,0,680.8,0,-256.2,0,-812.4,0,596.3,0,409.1,0,802.4,0,-1684.2,0,1868.3,0,-1170.5,0,707.7,0,-890.4,0,1466.9,0,-1057.3,0,706.6,0,-798.6,0,-92.5,0,66.5,0,65.2,0,1117.4,0,-1185.6,0,1589.8,0,-1932.1,0,1293.4,0,-1430.2,0,1333.3,0,-990.7,0,379.1,0,276.3,0,-682.1,0,344.5,0,117.7,0,1597.7,0,-2446.6,0,1345.9,0,-813.6,0,968.9,0,-1009.8,0,1851.9,0,-744.5,0,399,0,5.9,0,-460.7,0,164.7,0,-249.5,0,1229.1,0,-1357.1,0,1274.9,0
1700,-892.7,0,1459.2,0,-974.7,0,680.8,0,-256.2,0,-812.4,0,596.3,0,409.1,0,802.4,0,-1684.2,0,1868.3,0,-1170.5,0,707.7,0,-890.4,0,1466.9,0,-1057.3,0,706.6,0,-798.6,0,-92.5,0,66.5,0,65.2,0,1117.4,0,-1185.6,0,1589.8,0,-1932.1,0,1293.4,0,-1430.2,0,1333.3,0,-990.7,0,379.1,0,276.3,0,-682.1,0,344.5,0,117.7,0,1597.7,0,-2446.6,0,1345.9,0,-813.6,0,968.9,0,-1009.8,0,1851.9,0,-744.5,0,399,0,5.9,0,-460.7,0,164.7,0,-249.5,0,1229.1,0,-1357.1,0,1274.9,0,-746.3
1701,0,1459.2,0,-974.7,0,680.8,0,-256.2,0,-812.4,0,596.3,0,409.1,0,802.4,0,-1684.2,0,1868.3,0,-1170.5,0,707.7,0,-890.4,0,1466.9,0,-1057.3,0,706.6,0,-798.6,0,-92.5,0,66.5,0,65.2,0,1117.4,0,-1185.6,0,1589.8,0,-1932.1,0,1293.4,0,-1430.2,0,1333.3,0,-990.7,0,379.1,0,276.3,0,-682.1,0,344.5,0,117.7,0,1597.7,0,-2446.6,0,1345.9,0,-813.6,0,968.9,0,-1009.8,0,1851.9,0,-744.5,0,399,0,5.9,0,-460.7,0,164.7,0,-249.5,0,1229.1,0,-1357.1,0,1274.9,0,-746.3,0
1702,1459.2,0,-974.7,0,680.8,0,-256.2,0,-812.4,0,596.3,0,409.1,0,802.4,0,-1684.2,0,1868.3,0,-1170.5,0,707.7,0,-890.4,0,1466.9,0,-1057.3,0,706.6,0,-798.6,0,-92.5,0,66.5,0,65.2,0,1117.4,0,-1185.6,0,1589.8,0,-1932.1,0,1293.4,0,-1430.2,0,1333.3,0,-990.7,0,379.1,0,276.3,0,-682.1,0,344.5,0,117.7,0,1597.7,0,-2446.6,0,1345.9,0,-813.6,0,968.9,0,-1009.8,0,1851.9,0,-744.5,0,399,0,5.9,0,-460.7,0,164.7,0,-249.5,0,1229.1,0,-1357.1,0,1274.9,0,-746.3,0,1425.4
1703,0,-974.7,0,680.8,0,-256.2,0,-812.4,0,596.3,0,409.1,0,802.4,0,-1684.2,0,1868.3,0,-1170.5,0,707.7,0,-890.4,0,1466.9,0,-1057.3,0,706.6,0,-798.6,0,-92.5,0,66.5,0,65.2,0,1117.4,0,-1185.6,0,1589.8,0,-1932.1,0,1293.4,0,-1430.2,0,1333.3,0,-990.7,0,379.1,0,276.3,0,-682.1,0,344.5,0,117.7,0,1597.7,0,-2446.6,0,1345.9,0,-813.6,0,968.9,0,-1009.8,0,1851.9,0,-744.5,0,399,0,5.9,0,-460.7,0,164.7,0,-249.5,0,1229.1,0,-1357.1,0,1274.9,0,-746.3,0,1425.4,0
1704,-974.7,0,680.8,0,-256.2,0,-812.4,0,596.3,0,409.1,0,802.4,0,-1684.2,0,1868.3,0,-1170.5,0,707.7,0,-890.4,0,1466.9,0,-1057.3,0,706.6,0,-798.6,0,-92.5,0,66.5,0,65.2,0,1117.4,0,-1185.6,0,1589.8,0,-1932.1,0,1293.4,0,-1430.2,0,1333.3,0,-990.7,0,379.1,0,276.3,0,-682.1,0,344.5,0,117.7,0,1597.7,0,-2446.6,0,1345.9,0,-813.6,0,968.9,0,-1009.8,0,1851.9,0,-744.5,0,399,0,5.9,0,-460.7,0,164.7,0,-249.5,0,1229.1,0,-1357.1,0,1274.9,0,-746.3,0,1425.4,0,-1413.6
1705,0,680.8,0,-256.2,0,-812.4,0,596.3,0,409.1,0,802.4,0,-1684.2,0,1868.3,0,-1170.5,0,707.7,0,-890.4,0,1466.9,0,-1057.3,0,706.6,0,-798.6,0,-92.5,0,66.5,0,65.2,0,1117.4,0,-1185.6,0,1589.8,0,-1932.1,0,1293.4,0,-1430.2,0,1333.3,0,-990.7,0,379.1,0,276.3,0,-682.1,0,344.5,0,117.7,0,1597.7,0,-2446.6,0,1345.9,0,-813.6,0,968.9,0,-1009.8,0,1851.9,0,-744.5,0,399,0,5.9,0,-460.7,0,164.7,0,-249.5,0,1229.1,0,-1357.1,0,1274.9,0,-746.3,0,1425.4,0,-1413.6,0
1706,680.8,0,-256.2,0,-812.4,0,596.3,0,409.1,0,802.4,0,-1684.2,0,1868.3,0,-1170.5,0,707.7,0,-890.4,0,1466.9,0,-1057.3,0,706.6,0,-798.6,0,-92.5,0,66.5,0,65.2,0,1117.4,0,-1185.6,0,1589.8,0,-1932.1,0,1293.4,0,-1430.2,0,1333.3,0,-990.7,0,379.1,0,276.3,0,-682.1,0,344.5,0,117.7,0,1597.7,0,-2446.6,0,1345.9,0,-813.6,0,968.9,0,-1009.8,0,1851.9,0,-744.5,0,399,0,5.9,0,-460.7,0,164.7,0,-249.5,0,1229.1,0,-1357.1,0,1274.9,0,-746.3,0,1425.4,0,-1413.6,0,674.5
1707,0,-256.2,0,-812.4,0,596.3,0,409.1,0,802.4,0,-1684.2,0,1868.3,0,-1170.5,0,707.7,0,-890.4,0,1466.9,0,-1057.3,0,706.6,0,-798.6,0,-92.5,0,66.5,0,65.2,0,1117.4,0,-1185.6,0,1589.8,0,-1932.1,0,1293.4,0,-1430.2,0,1333.3,0,-990.7,0,379.1,0,276.3,0,-682.1,0,344.5,0,117.7,0,1597.7,0,-2446.6,0,1345.9,0,-813.6,0,968.9,0,-1009.8,0,1851.9,0,-744.5,0,399,0,5.9,0,-460.7,0,164.7,0,-249.5,0,1229.1,0,-1357.1,0,1274.9,0,-746.3,0,1425.4,0,-1413.6,0,674.5,0
1708,-256.2,0,-812.4,0,596.3,0,409.1,0,802.4,0,-1684.2,0,1868.3,0,-1170.5,0,707.7,0,-890.4,0,1466.9,0,-1057.3,0,706.6,0,-798.6,0,-92.5,0,66.5,0,65.2,0,1117.4,0,-1185.6,0,1589.8,0,-1932.1,0,1293.4,0,-1430.2,0,1333.3,0,-990.7,0,379.1,0,276.3,0,-682.1,0,344.5,0,117.7,0,1597.7,0,-2446.6,0,1345.9,0,-813.6,0,968.9,0,-1009.8,0,1851.9,0,-744.5,0,399,0,5.9,0,-460.7,0,164.7,0,-249.5,0,1229.1,0,-1357.1,0,1274.9,0,-746.3,0,1425.4,0,-1413.6,0,674.5,0,168.3
1709,0,-812.4,0,596.3,0,409.1,0,802.4,0,-1684.2,0,1868.3,0,-1170.5,0,707.7,0,-890.4,0,1466.9,0,-1057.3,0,706.6,0,-798.6,0,-92.5,0,66.5,0,65.2,0,1117.4,0,-1185.6,0,1589.8,0,-1932.1,0,1293.4,0,-1430.2,0,1333.3,0,-990.7,0,379.1,0,276.3,0,-682.1,0,344.5,0,117.7,0,1597.7,0,-2446.6,0,1345.9,0,-813.6,0,968.9,0,-1009.8,0,1851.9,0,-744.5,0,399,0,5.9,0,-460.7,0,164.7,0,-249.5,0,1229.1,0,-1357.1,0,1274.9,0,-746.3,0,1425.4,0,-1413.6,0,674.5,0,168.3,0
1710,-812.4,0,596.3,0,409.1,0,802.4,0,-1684.2,0,1868.3,0,-1170.5,0,707.7,0,-890.4,0,1466.9,0,-1057.3,0,706.6,0,-798.6,0,-92.5,0,66.5,0,65.2,0,1117.4,0,-1185.6,0,1589.8,0,-1932.1,0,1293.4,0,-1430.2,0,1333.3,0,-990.7,0,379.1,0,276.3,0,-682.1,0,344.5,0,117.7,0,1597.7,0,-2446.6,0,1345.9,0,-813.6,0,968.9,0,-1009.8,0,1851.9,0,-744.5,0,399,0,5.9,0,-460.7,0,164.7,0,-249.5,0,1229.1,0,-1357.1,0,1274.9,0,-746.3,0,1425.4,0,-1413.6,0,674.5,0,168.3,0,-534.3
1711,0,596.3,0,409.1,0,802.4,0,-1684.2,0,1868.3,0,-1170.5,0,707.7,0,-890.4,0,1466.9,0,-1057.3,0,706.6,0,-798.6,0,-92.5,0,66.5,0,65.2,0,1117.4,0,-1185.6,0,1589.8,0,-1932.1,0,1293.4,0,-1430.2,0,1333.3,0,-990.7,0,379.1,0,276.3,0,-682.1,0,344.5,0,117.7,0,1597.7,0,-2446.6,0,1345.9,0,-813.6,0,968.9,0,-1009.8,0,1851.9,0,-744.5,0,399,0,5.9,0,-460.7,0,164.7,0,-249.5,0,1229.1,0,-1357.1,0,1274.9,0,-746.3,0,1425.4,0,-1413.6,0,674.5,0,168.3,0,-534.3,0
1712,596.3,0,409.1,0,802.4,0,-1684.2,0,1868.3,0,-1170.5,0,707.7,0,-890.4,0,1466.9,0,-1057.3,0,706.6,0,-798.6,0,-92.5,0,66.5,0,65.2,0,1117.4,0,-1185.6,0,1589.8,0,-1932.1,0,1293.4,0,-1430.2,0,1333.3,0,-990.7,0,379.1,0,276.3,0,-682.1,0,344.5,0,117.7,0,1597.7,0,-2446.6,0,1345.9,0,-813.6,0,968.9,0,-1009.8,0,1851.9,0,-744.5,0,399,0,5.9,0,-460.7,0,164.7,0,-249.5,0,1229.1,0,-1357.1,0,1274.9,0,-746.3,0,1425.4,0,-1413.6,0,674.5,0,168.3,0,-534.3,0,588.7
1713,0,409.1,0,802.4,0,-1684.2,0,1868.3,0,-1170.5,0,707.7,0,-890.4,0,1466.9,0,-1057.3,0,706.6,0,-798.6,0,-92.5,0,66.5,0,65.2,0,1117.4,0,-1185.6,0,1589.8,0,-1932.1,0,1293.4,0,-1430.2,0,1333.3,0,-990.7,0,379.1,0,276.3,0,-682.1,0,344.5,0,117.7,0,1597.7,0,-2446.6,0,1345.9,0,-813.6,0,968.9,0,-1009.8,0,1851.9,0,-744.5,0,399,0,5.9,0,-460.7,0,164.7,0,-249.5,0,1229.1,0,-1357.1,0,1274.9,0,-746.3,0,1425.4,0,-1413.6,0,674.5,0,168.3,0,-534.3,0,588.7,0
1714,409.1,0,802.4,0,-1684.2,0,1868.3,0,-1170.5,0,707.7,0,-890.4,0,1466.9,0,-1057.3,0,706.6,0,-798.6,0,-92.5,0,66.5,0,65.2,0,1117.4,0,-1185.6,0,1589.8,0,-1932.1,0,1293.4,0,-1430.2,0,1333.3,0,-990.7,0,379.1,0,276.3,0,-682.1,0,344.5,0,117.7,0,1597.7,0,-2446.6,0,1345.9,0,-813.6,0,968.9,0,-1009.8,0,1851.9,0,-744.5,0,399,0,5.9,0,-460.7,0,164.7,0,-249.5,0,1229.1,0,-1357.1,0,1274.9,0,-746.3,0,1425.4,0,-1413.6,0,674.5,0,168.3,0,-534.3,0,588.7,0,-889.7
1715,0,802.4,0,-1684.2,0,1868.3,0,-1170.5,0,707.7,0,-890.4,0,1466.9,0,-1057.3,0,706.6,0,-798.6,0,-92.5,0,66.5,0,65.2,0,1117.4,0,-1185.6,0,1589.8,0,-1932.1,0,1293.4,0,-1430.2,0,1333.3,0,-990.7,0,379.1,0,276.3,0,-682.1,0,344.5,0,117.7,0,1597.7,0,-2446.6,0,1345.9,0,-813.6,0,968.9,0,-1009.8,0,1851.9,0,-744.5,0,399,0,5.9,0,-460.7,0,164.7,0,-249.5,0,1229.1,0,-1357.1,0,1274.9,0,-746.3,0,1425.4,0,-1413.6,0,674.5,0,168.3,0,-534.3,0,588.7,0,-889.7,0
1716,802.4,0,-1684.2,0,1868.3,0,-1170.5,0,707.7,0,-890.4,0,1466.9,0,-1057.3,0,706.6,0,-798.6,0,-92.5,0,66.5,0,65.2,0,1117.4,0,-1185.6,0,1589.8,0,-1932.1,0,1293.4,0,-1430.2,0,1333.3,0,-990.7,0,379.1,0,276.3,0,-682.1,0,344.5,0,117.7,0,1597.7,0,-2446.6,0,1345.9,0,-813.6,0,968.9,0,-1009.8,0,1851.9,0,-744.5,0,399,0,5.9,0,-460.7,0,164.7,0,-249.5,0,1229.1,0,-1357.1,0,1274.9,0,-746.3,0,1425.4,0,-1413.6,0,674.5,0,168.3,0,-534.3,0,588.7,0,-889.7,0,798.9
1717,0,-1684.2,0,1868.3,0,-1170.5,0,707.7,0,-890.4,0,1466.9,0,-1057.3,0,706.6,0,-798.6,0,-92.5,0,66.5,0,65.2,0,1117.4,0,-1185.6,0,1589.8,0,-1932.1,0,1293.4,0,-1430.2,0,1333.3,0,-990.7,0,379.1,0,276.3,0,-682.1,0,344.5,0,117.7,0,1597.7,0,-2446.6,0,1345.9,0,-813.6,0,968.9,0,-1009.8,0,1851.9,0,-744.5,0,399,0,5.9,0,-460.7,0,164.7,0,-249.5,0,1229.1,0,-1357.1,0,1274.9,0,-746.3,0,1425.4,0,-1413.6,0,674.5,0,168.3,0,-534.3,0,588.7,0,-889.7,0,798.9,0
